0.161280,0.146003,0.152280,0.158930,0.143690,0.131563,0.130285,0.124600,0.114415,0.104117,0.090361,0.080280,0.072841,0.055513,0.050963,0.033200,0.027719,0.017665,0.011619,0.007567,0.004302,
0.150151,0.148129,0.149873,0.152885,0.141475,0.131683,0.129719,0.124774,0.113037,0.101557,0.091153,0.080526,0.072887,0.056165,0.046292,0.034218,0.024523,0.016517,0.010983,0.007413,0.004570,
0.148237,0.147810,0.146179,0.145212,0.138046,0.131797,0.124428,0.119296,0.109052,0.100021,0.087678,0.079439,0.068396,0.055108,0.044329,0.032862,0.025040,0.016732,0.011205,0.007754,0.004900,
0.143040,0.143315,0.141609,0.140812,0.133913,0.127815,0.120876,0.115172,0.106899,0.096640,0.085762,0.077112,0.065481,0.053947,0.043340,0.033361,0.024788,0.017572,0.012037,0.008672,0.005569,
0.141144,0.136349,0.136622,0.134058,0.128910,0.123431,0.117080,0.110413,0.103163,0.093526,0.082713,0.074595,0.063600,0.053079,0.043032,0.033369,0.025668,0.019160,0.013623,0.009595,0.006400,
0.132156,0.130755,0.130529,0.127111,0.123056,0.117057,0.111829,0.105696,0.098058,0.089632,0.078806,0.070993,0.061165,0.051861,0.042865,0.033671,0.026481,0.020640,0.015234,0.010895,0.007902,
0.124503,0.122957,0.122360,0.119234,0.116211,0.109381,0.105232,0.099737,0.091824,0.085057,0.075717,0.067454,0.059284,0.050923,0.042884,0.034921,0.028255,0.023013,0.017893,0.012840,0.009326,
0.116158,0.113471,0.113117,0.110836,0.108826,0.101708,0.098299,0.093287,0.085518,0.080262,0.072148,0.064447,0.057634,0.050512,0.043455,0.036740,0.031346,0.026542,0.021765,0.015626,0.011086,
0.107256,0.105355,0.104327,0.102692,0.100624,0.093780,0.091517,0.086762,0.079405,0.075271,0.068290,0.061857,0.056391,0.050441,0.045302,0.039941,0.035812,0.031880,0.026531,0.019383,0.014298,
0.098099,0.096612,0.095158,0.094601,0.093039,0.086710,0.084535,0.081040,0.074368,0.071001,0.064973,0.060353,0.056292,0.052491,0.048583,0.045509,0.042721,0.039905,0.033820,0.025478,0.018238,
0.089989,0.088568,0.086912,0.086752,0.084789,0.080287,0.078275,0.075575,0.070491,0.068192,0.063340,0.060564,0.058308,0.056506,0.054496,0.053878,0.053753,0.051782,0.045585,0.033777,0.024143,
0.081881,0.081029,0.079023,0.079084,0.077986,0.074458,0.073536,0.071341,0.067422,0.066494,0.063174,0.062630,0.062505,0.063996,0.064155,0.067329,0.069622,0.070499,0.062084,0.047981,0.030524,
0.074145,0.073647,0.072970,0.072057,0.071319,0.068760,0.069564,0.068257,0.066160,0.066719,0.065458,0.067759,0.070555,0.075644,0.080206,0.086979,0.094984,0.096019,0.088513,0.066548,0.042730,
0.067087,0.066607,0.066780,0.067442,0.064947,0.065062,0.066883,0.066430,0.065873,0.068954,0.070871,0.076733,0.083427,0.093730,0.102626,0.119366,0.130589,0.140059,0.128019,0.092165,0.055611,
0.063847,0.058754,0.059556,0.062361,0.059254,0.061195,0.064860,0.065967,0.068711,0.074247,0.080249,0.091115,0.104916,0.120906,0.141267,0.166222,0.192268,0.202245,0.187357,0.122483,0.060088,
0.054515,0.055587,0.055384,0.058149,0.056251,0.060444,0.065878,0.069329,0.075505,0.084418,0.095850,0.113597,0.138917,0.164171,0.197396,0.246266,0.284710,0.303865,0.258871,0.143700,0.046724,
0.047762,0.047155,0.051553,0.052211,0.055337,0.063332,0.068070,0.076282,0.087479,0.102337,0.124697,0.151915,0.187952,0.226488,0.290505,0.362991,0.422275,0.426617,0.298778,0.124283,0.027280,
0.040482,0.051807,0.052790,0.054249,0.056471,0.068423,0.075704,0.091751,0.104029,0.130351,0.158791,0.203612,0.252086,0.324160,0.413848,0.519319,0.555243,0.452631,0.240139,0.042077,0.020044,
nan,nan,nan,nan,nan,nan,nan,nan,nan,nan,0.242094,0.245362,0.325821,0.438475,0.556675,0.622415,0.541914,0.303801,0.086239,0.021980,nan,
nan,nan,0.144348,0.138815,0.141070,0.135034,0.133640,0.133040,0.117011,0.101651,0.094470,0.082245,0.073868,0.061873,0.046640,0.035236,0.026826,0.019349,0.010471,0.008910,0.005152,
nan,0.149415,0.149562,0.146096,0.140412,0.136940,0.126431,0.121417,0.110863,0.102596,0.092019,0.080172,0.067599,0.055224,0.044854,0.033212,0.024701,0.016383,0.010354,0.007311,0.004665,
0.145272,0.148491,0.145325,0.144340,0.137766,0.132337,0.126568,0.119702,0.110520,0.099036,0.090541,0.077660,0.066713,0.055558,0.044547,0.033045,0.023827,0.016652,0.011410,0.007742,0.005328,
0.141484,0.143403,0.140680,0.139748,0.134257,0.128508,0.123292,0.116316,0.107090,0.096675,0.088139,0.075812,0.065387,0.054420,0.043563,0.033012,0.024607,0.017251,0.012214,0.008491,0.006085,
0.141407,0.139112,0.134927,0.134015,0.128639,0.123638,0.118030,0.111763,0.103123,0.092956,0.084700,0.072758,0.062663,0.053564,0.042831,0.033652,0.025522,0.018442,0.013470,0.009515,0.006926,
0.130662,0.131386,0.127483,0.126771,0.122496,0.118323,0.111918,0.105984,0.097778,0.088806,0.080389,0.070237,0.060620,0.052227,0.042229,0.034189,0.026892,0.020186,0.015307,0.010994,0.007723,
0.125270,0.123846,0.120247,0.118643,0.114763,0.111290,0.105988,0.099872,0.092347,0.084021,0.075803,0.067262,0.058402,0.050849,0.042007,0.034899,0.028752,0.022413,0.017923,0.012949,0.009311,
0.119720,0.115206,0.111492,0.110055,0.107247,0.103467,0.098163,0.092972,0.086414,0.079039,0.071930,0.064381,0.056950,0.050361,0.043233,0.036980,0.031953,0.026349,0.021557,0.016081,0.011293,
0.114242,0.106045,0.103200,0.101394,0.099358,0.096085,0.090773,0.086523,0.080438,0.074308,0.068136,0.061873,0.056041,0.050292,0.044683,0.040079,0.036330,0.031558,0.026865,0.019845,0.014219,
0.100362,0.096469,0.094763,0.093299,0.091477,0.088558,0.084238,0.080292,0.075140,0.070484,0.065204,0.060488,0.056074,0.051906,0.048114,0.045555,0.043154,0.039547,0.033954,0.025625,0.017775,
0.092323,0.088542,0.088050,0.085420,0.084048,0.081274,0.078103,0.074690,0.070857,0.067329,0.063781,0.060497,0.058346,0.055961,0.054281,0.054229,0.053539,0.050976,0.045719,0.033647,0.023093,
0.083204,0.079706,0.080231,0.078136,0.077106,0.075062,0.072865,0.070222,0.067991,0.066071,0.064141,0.062267,0.062933,0.062829,0.064207,0.066759,0.068672,0.068685,0.061464,0.045733,0.029502,
0.076789,0.072498,0.073681,0.071743,0.071052,0.069644,0.068654,0.067449,0.066193,0.066622,0.066273,0.067354,0.070399,0.073704,0.079757,0.086485,0.093282,0.094909,0.087867,0.062934,0.039189,
0.071854,0.066278,0.067012,0.066048,0.065793,0.064865,0.065654,0.066104,0.066251,0.069063,0.071436,0.076904,0.083714,0.091659,0.104371,0.117755,0.129579,0.137569,0.125338,0.086304,0.048117,
0.060556,0.058936,0.059295,0.060710,0.062199,0.061361,0.062689,0.066448,0.069670,0.075229,0.080698,0.091542,0.104355,0.119702,0.142507,0.165851,0.190547,0.199497,0.179739,0.112877,0.054719,
0.053387,0.054993,0.054520,0.053901,0.057799,0.061500,0.062776,0.069668,0.076592,0.085212,0.096219,0.114183,0.133821,0.162793,0.198646,0.241613,0.278315,0.292780,0.241196,0.125140,0.048099,
0.045153,0.048148,0.052353,0.052642,0.055156,0.063001,0.067875,0.074117,0.088490,0.103286,0.122189,0.148407,0.184871,0.223951,0.287348,0.349992,0.408588,0.392876,0.264208,0.107400,0.030155,
nan,0.049386,0.049826,0.051352,0.061876,0.064989,0.076424,0.089889,0.107201,0.128615,0.156326,0.195806,0.247032,0.321020,0.401030,0.489839,0.526388,0.406222,0.223924,0.070572,0.022921,
nan,nan,nan,nan,0.062629,0.078830,0.089579,0.114229,0.124511,0.168684,0.204814,0.249240,0.292878,0.415418,0.494573,0.581839,0.537601,0.361416,0.164966,0.032164,0.015121,
nan,0.146062,0.154171,0.144906,0.143196,0.137308,0.132030,0.124808,0.116105,0.104391,0.091542,0.084082,0.073848,0.057399,0.044462,0.036113,0.025642,0.018134,0.012381,0.008139,0.004779,
0.157843,0.153117,0.146240,0.145418,0.141774,0.135135,0.129502,0.122792,0.114073,0.101429,0.091465,0.079394,0.067431,0.057393,0.045692,0.033264,0.024026,0.016463,0.010740,0.007229,0.004818,
0.160191,0.150077,0.143260,0.142099,0.138687,0.134108,0.126487,0.119640,0.109889,0.099832,0.089133,0.077241,0.065608,0.055190,0.043276,0.032690,0.024349,0.015922,0.010984,0.007738,0.005404,
0.157513,0.145239,0.141334,0.138270,0.134539,0.131099,0.122141,0.116427,0.106516,0.096850,0.085991,0.074548,0.063984,0.055038,0.043073,0.033003,0.024641,0.017155,0.012066,0.008164,0.005948,
0.147859,0.137805,0.137114,0.132094,0.130337,0.125818,0.118278,0.111292,0.102892,0.093410,0.083131,0.073931,0.062755,0.053413,0.042690,0.033042,0.025452,0.018332,0.013379,0.009183,0.006808,
0.139876,0.132073,0.130881,0.126332,0.123560,0.118918,0.112674,0.104632,0.097458,0.088161,0.079091,0.071396,0.060858,0.051868,0.042246,0.033631,0.026468,0.020235,0.015189,0.010784,0.007531,
0.125897,0.122341,0.122911,0.118610,0.115959,0.112379,0.105621,0.098669,0.092123,0.084190,0.075885,0.067453,0.058824,0.050372,0.041851,0.035066,0.028256,0.022740,0.017675,0.012843,0.008819,
0.108647,0.114052,0.114112,0.109806,0.107448,0.104531,0.098276,0.092439,0.086404,0.079550,0.071473,0.064544,0.056871,0.049623,0.042886,0.037004,0.031153,0.026289,0.020993,0.015689,0.010695,
0.104764,0.104983,0.105464,0.101765,0.099195,0.095948,0.090813,0.085544,0.080484,0.074333,0.067688,0.062105,0.055834,0.049708,0.044147,0.039907,0.035751,0.031025,0.026008,0.019575,0.013127,
0.099992,0.097228,0.096828,0.093925,0.090900,0.088013,0.084182,0.079868,0.075877,0.070543,0.065025,0.059961,0.055864,0.051353,0.047670,0.045123,0.042193,0.038842,0.033294,0.025129,0.016223,
0.091336,0.088979,0.088403,0.085945,0.083450,0.080852,0.078086,0.074589,0.071707,0.067399,0.063348,0.060197,0.057631,0.055039,0.053798,0.053034,0.052804,0.049589,0.044157,0.031817,0.020329,
0.081711,0.081237,0.081032,0.079363,0.076893,0.074772,0.072793,0.070734,0.068644,0.065988,0.063593,0.061994,0.061179,0.061812,0.063099,0.066405,0.066628,0.066803,0.059086,0.042026,0.026300,
0.076223,0.073705,0.073130,0.072581,0.070733,0.069831,0.068150,0.067626,0.066575,0.066013,0.065610,0.067112,0.069079,0.072461,0.078098,0.085386,0.089822,0.090849,0.082473,0.057227,0.032959,
0.070306,0.066694,0.067374,0.067212,0.064440,0.065127,0.065176,0.065968,0.066288,0.068336,0.070960,0.075501,0.081460,0.090803,0.100376,0.115301,0.123408,0.129047,0.113349,0.075916,0.041201,
0.058691,0.061191,0.060499,0.060426,0.060214,0.060742,0.063671,0.066268,0.068880,0.073523,0.079326,0.089019,0.100816,0.116281,0.135481,0.157454,0.178669,0.182357,0.157639,0.096807,0.045578,
0.055118,0.053738,0.056190,0.054098,0.056928,0.058926,0.064007,0.069286,0.074636,0.084587,0.094445,0.110059,0.130049,0.155538,0.188333,0.225877,0.256722,0.256993,0.204480,0.110737,0.041786,
nan,0.046992,0.049707,0.050603,0.057270,0.059679,0.066742,0.077112,0.086798,0.101170,0.120333,0.142202,0.177028,0.216148,0.266919,0.318417,0.347656,0.329806,0.228517,0.093765,0.027164,
0.039830,0.047050,0.045453,0.053252,0.058293,0.067561,0.076053,0.087389,0.103240,0.125218,0.150159,0.190896,0.231259,0.293989,0.368011,0.425920,0.439721,0.349679,0.187344,0.059991,0.020320,
nan,nan,nan,0.051062,0.058707,0.088496,0.080933,0.094961,0.118298,0.147123,0.172709,0.203624,0.270375,0.340602,0.431470,0.482491,0.443282,0.272736,0.128931,0.027283,0.014179,
nan,0.161417,0.155743,0.141393,0.146607,0.132807,0.134726,0.134607,0.123130,0.102657,0.092631,0.083752,0.076129,0.062549,0.049353,0.037731,0.023721,0.016941,0.011758,0.006793,0.005407,
0.157760,0.154476,0.149024,0.146550,0.138330,0.134284,0.127829,0.121764,0.110210,0.103004,0.091323,0.078909,0.067137,0.057528,0.044715,0.033296,0.023766,0.015673,0.010730,0.007628,0.004937,
0.146857,0.148371,0.146489,0.142857,0.139035,0.133710,0.125280,0.119917,0.108857,0.100333,0.089349,0.077500,0.065964,0.055323,0.043288,0.033259,0.023854,0.016559,0.011139,0.007423,0.005265,
0.146217,0.147683,0.144304,0.139767,0.135169,0.130016,0.124112,0.115100,0.108061,0.096046,0.086642,0.075931,0.064872,0.054588,0.043132,0.032313,0.024285,0.016845,0.011875,0.008125,0.005539,
0.143826,0.142937,0.137083,0.134721,0.128951,0.125761,0.118025,0.108922,0.102379,0.092485,0.082939,0.073773,0.062877,0.052237,0.042084,0.033226,0.024953,0.018487,0.013438,0.009375,0.006255,
0.136051,0.134866,0.130451,0.127296,0.121634,0.118265,0.111826,0.105223,0.097811,0.089797,0.079568,0.069682,0.060346,0.051091,0.041984,0.034344,0.026269,0.020177,0.014822,0.010670,0.007031,
0.129989,0.126629,0.122694,0.120457,0.114856,0.110040,0.105670,0.098816,0.092242,0.084496,0.075552,0.067418,0.058783,0.049745,0.041304,0.034734,0.028079,0.022521,0.017190,0.012964,0.008579,
0.120827,0.117704,0.113649,0.111308,0.107065,0.102658,0.098083,0.091848,0.086595,0.078815,0.072078,0.064095,0.056885,0.049464,0.042108,0.036443,0.030699,0.025477,0.020386,0.015330,0.009937,
0.106102,0.107351,0.105320,0.102613,0.099150,0.095651,0.090997,0.085893,0.080711,0.074584,0.068209,0.060987,0.055353,0.049719,0.043971,0.039459,0.034843,0.030405,0.025150,0.018792,0.011816,
0.099625,0.098124,0.096788,0.093709,0.091427,0.088469,0.083646,0.079563,0.074980,0.070544,0.065643,0.059885,0.055428,0.050946,0.047189,0.044212,0.041181,0.036928,0.031914,0.023514,0.014395,
0.090192,0.089372,0.087823,0.086319,0.083851,0.081814,0.077734,0.074063,0.070817,0.067151,0.064310,0.059741,0.056465,0.054627,0.052720,0.051452,0.049620,0.047677,0.041178,0.030029,0.018401,
0.082819,0.081618,0.080291,0.078839,0.077605,0.075369,0.072208,0.070092,0.066840,0.065678,0.063533,0.061788,0.060813,0.060549,0.060992,0.063330,0.063894,0.063070,0.054004,0.039021,0.024956,
0.074532,0.075332,0.073794,0.072325,0.071666,0.069697,0.068056,0.067012,0.065581,0.065701,0.065338,0.065876,0.067934,0.070269,0.074555,0.079638,0.084267,0.084300,0.073427,0.052837,0.029725,
0.065882,0.066231,0.066963,0.066526,0.065849,0.064770,0.064856,0.064982,0.065612,0.067696,0.068850,0.073522,0.078903,0.086516,0.096389,0.106143,0.114847,0.113516,0.100635,0.065006,0.036580,
0.060242,0.058751,0.060975,0.060523,0.062555,0.061322,0.062978,0.064793,0.068674,0.073315,0.077557,0.086566,0.097208,0.109995,0.127082,0.144043,0.155395,0.156636,0.132900,0.076934,0.038723,
0.058374,0.053358,0.053751,0.056849,0.058510,0.058389,0.064526,0.069095,0.073364,0.082329,0.092182,0.106476,0.123411,0.144823,0.172884,0.197448,0.213996,0.210005,0.164310,0.085574,0.036797,
0.043381,0.049538,0.050810,0.053372,0.056353,0.062203,0.065915,0.074662,0.085862,0.094302,0.114292,0.135744,0.163540,0.193158,0.233237,0.272352,0.290415,0.264839,0.171654,0.079190,0.024274,
nan,0.047161,0.047047,0.051559,0.059050,0.066072,0.074395,0.086410,0.098503,0.117628,0.143312,0.173892,0.215777,0.251458,0.313556,0.355958,0.349372,0.261381,0.149551,0.049038,0.017304,
nan,nan,0.049696,0.051715,0.058967,0.064669,0.076206,0.093133,0.115644,0.127027,0.155417,0.201141,0.255463,0.322230,0.381176,0.403017,0.330736,0.229335,0.089981,0.026990,0.013537,
nan,0.149217,0.158426,0.148129,0.142537,0.140310,0.130803,0.118296,0.114270,0.095495,0.096253,0.086105,0.075178,0.057217,0.046676,0.037495,0.027087,0.018794,0.010697,0.007990,0.004361,
0.153652,0.151815,0.147152,0.142813,0.142926,0.138014,0.130895,0.121875,0.112397,0.102203,0.091718,0.079048,0.066659,0.055619,0.042964,0.032514,0.024033,0.015205,0.010360,0.006908,0.005285,
0.145651,0.155506,0.149033,0.145258,0.139167,0.133206,0.128455,0.119045,0.110362,0.099087,0.087747,0.078177,0.066381,0.055677,0.044612,0.032527,0.023741,0.015758,0.010781,0.007546,0.004936,
0.142453,0.147394,0.142453,0.139928,0.134380,0.130108,0.123431,0.114771,0.105998,0.096383,0.086369,0.076040,0.064506,0.053241,0.041978,0.032629,0.023641,0.017422,0.011774,0.008130,0.005400,
0.136308,0.138721,0.137670,0.133693,0.128345,0.123484,0.117499,0.111431,0.102751,0.093965,0.083350,0.072017,0.062867,0.052593,0.042085,0.033953,0.024973,0.018402,0.012754,0.009207,0.006192,
0.132234,0.130128,0.130865,0.126258,0.122658,0.117735,0.112146,0.104766,0.098053,0.088986,0.081068,0.070362,0.060683,0.051018,0.041251,0.033468,0.026064,0.019662,0.014516,0.010549,0.007190,
0.128305,0.123112,0.122957,0.117314,0.114572,0.111545,0.105184,0.098838,0.092195,0.084118,0.076396,0.066923,0.058030,0.050144,0.041644,0.034609,0.027374,0.021743,0.016684,0.012352,0.007839,
0.123715,0.113691,0.114700,0.109303,0.106950,0.103079,0.098302,0.092039,0.085958,0.078652,0.072629,0.064094,0.056743,0.049083,0.041860,0.035847,0.030262,0.024645,0.019865,0.014605,0.009489,
0.114107,0.106345,0.104568,0.100900,0.099084,0.094897,0.091200,0.085033,0.079378,0.073328,0.068637,0.061732,0.055524,0.049118,0.043727,0.038395,0.033500,0.028943,0.024036,0.017750,0.011434,
0.100418,0.097696,0.095618,0.093244,0.091340,0.087991,0.083970,0.079035,0.074812,0.070025,0.064991,0.060413,0.054851,0.051048,0.046194,0.042764,0.039162,0.035740,0.029930,0.022402,0.014623,
0.089048,0.089250,0.087675,0.086098,0.084027,0.080985,0.077784,0.074183,0.070940,0.066491,0.063030,0.059376,0.056395,0.053372,0.050848,0.049442,0.047819,0.044841,0.038441,0.027940,0.018255,
0.082069,0.080621,0.080433,0.078363,0.076981,0.075307,0.072290,0.070094,0.067912,0.064638,0.061700,0.060675,0.059660,0.058838,0.058568,0.059482,0.059129,0.057397,0.050145,0.034895,0.021361,
0.076218,0.074177,0.072829,0.072159,0.070812,0.069386,0.068028,0.066932,0.065720,0.064092,0.063582,0.064292,0.065528,0.067372,0.070782,0.074923,0.077047,0.075508,0.064409,0.042779,0.025069,
0.068567,0.067470,0.065541,0.065874,0.065561,0.063836,0.064539,0.064682,0.064911,0.065708,0.067358,0.072007,0.075342,0.080644,0.087688,0.096121,0.102107,0.099865,0.085902,0.055236,0.029845,
0.058952,0.059061,0.060935,0.059897,0.060406,0.061216,0.062255,0.064378,0.067315,0.069975,0.076072,0.083081,0.089690,0.101832,0.113762,0.129711,0.137422,0.134326,0.108403,0.064705,0.031140,
0.052022,0.053336,0.054084,0.055342,0.056712,0.059433,0.063241,0.066203,0.070980,0.078384,0.087954,0.099936,0.114046,0.130228,0.153848,0.173930,0.187523,0.170618,0.126986,0.066276,0.030815,
0.059382,0.049176,0.050050,0.053775,0.055520,0.060573,0.063614,0.072805,0.080151,0.090890,0.106682,0.123500,0.147654,0.176673,0.211882,0.232518,0.231009,0.199862,0.130713,0.061659,0.021610,
0.040416,0.050016,0.048728,0.051160,0.055633,0.065129,0.072107,0.078525,0.095468,0.110136,0.132486,0.157880,0.191536,0.235099,0.270245,0.281389,0.267525,0.199941,0.117239,0.041540,0.015790,
nan,nan,0.054367,0.054201,0.052768,0.080900,0.077893,0.093639,0.104600,0.134859,0.160209,0.202052,0.225224,0.257041,0.291259,0.334552,0.259039,0.169136,0.072450,0.019600,0.012503,
nan,0.162102,0.151692,0.156182,0.142769,0.138037,0.122851,0.117790,0.112577,0.101935,0.094716,0.084070,0.074689,0.059392,0.046548,0.032558,0.027053,0.017767,0.010340,0.007768,0.004198,
0.146146,0.156978,0.147416,0.147023,0.142941,0.136575,0.127474,0.123156,0.111761,0.102665,0.089447,0.078578,0.067183,0.055229,0.043102,0.033350,0.023268,0.016104,0.010497,0.006998,0.004576,
0.154286,0.149386,0.146737,0.142483,0.138247,0.134637,0.126424,0.118274,0.110500,0.098893,0.089166,0.077325,0.065118,0.055289,0.042861,0.032270,0.023213,0.016180,0.010886,0.007170,0.005105,
0.150608,0.145247,0.142391,0.138534,0.134924,0.128539,0.120861,0.116180,0.106369,0.097116,0.086502,0.074502,0.065003,0.053593,0.042667,0.033257,0.024191,0.016937,0.011424,0.008082,0.005555,
0.144313,0.141097,0.137585,0.132836,0.128560,0.124290,0.117614,0.109131,0.102784,0.093883,0.084391,0.073396,0.062369,0.052116,0.041843,0.032693,0.024787,0.018150,0.012587,0.009115,0.006089,
0.132505,0.133070,0.130250,0.128142,0.122036,0.117568,0.112218,0.105386,0.097752,0.088034,0.080253,0.069926,0.060002,0.051388,0.041557,0.033390,0.025572,0.019207,0.014338,0.010320,0.006767,
0.126336,0.123787,0.122960,0.120417,0.115948,0.110373,0.105064,0.098002,0.090789,0.083093,0.076867,0.067099,0.058659,0.049790,0.041458,0.033788,0.027405,0.020944,0.016678,0.011883,0.007917,
0.119485,0.116040,0.114185,0.111213,0.107906,0.102616,0.097721,0.092067,0.086201,0.079067,0.071813,0.064399,0.056881,0.049269,0.041999,0.035764,0.028956,0.024026,0.019384,0.014144,0.009375,
0.111381,0.107652,0.104689,0.102307,0.099410,0.095855,0.091109,0.086084,0.080810,0.074104,0.067701,0.061388,0.055408,0.049250,0.042637,0.037494,0.032886,0.028300,0.022778,0.017194,0.011179,
0.097231,0.097821,0.095408,0.093962,0.091610,0.087501,0.084146,0.079865,0.075007,0.069430,0.064237,0.059047,0.054511,0.049915,0.044909,0.041300,0.037789,0.033933,0.028195,0.020151,0.014012,
0.090992,0.089728,0.087287,0.086425,0.084350,0.080608,0.077799,0.074425,0.070763,0.066236,0.062249,0.058808,0.055110,0.051919,0.048948,0.047046,0.044849,0.041536,0.035262,0.024228,0.015632,
0.084067,0.081558,0.079242,0.079278,0.077503,0.074549,0.072530,0.070083,0.067574,0.064912,0.061837,0.059791,0.057761,0.055976,0.055746,0.055826,0.056000,0.051806,0.044529,0.030621,0.018379,
0.075508,0.073129,0.072235,0.072015,0.070970,0.069208,0.068152,0.067278,0.064903,0.063699,0.062339,0.061942,0.062765,0.064263,0.066025,0.069725,0.069425,0.066214,0.056946,0.038726,0.023047,
0.070063,0.066682,0.065729,0.066079,0.065657,0.064630,0.064949,0.064567,0.064923,0.064360,0.064841,0.068921,0.071348,0.077021,0.082467,0.087371,0.089680,0.084971,0.070537,0.045493,0.024194,
0.064929,0.059489,0.059355,0.060063,0.059670,0.061552,0.062277,0.063857,0.065230,0.067575,0.071352,0.079068,0.084971,0.096367,0.104763,0.113067,0.116139,0.109537,0.087763,0.052135,0.026428,
0.056705,0.052283,0.054584,0.054692,0.058094,0.059339,0.063327,0.065198,0.068504,0.074793,0.081663,0.092692,0.107076,0.120962,0.134035,0.146572,0.150903,0.140641,0.098894,0.053047,0.025064,
0.046972,0.048053,0.051532,0.051150,0.054524,0.059128,0.063200,0.071373,0.076967,0.086308,0.103098,0.118236,0.137209,0.156339,0.168586,0.189561,0.194407,0.158130,0.105278,0.047022,0.018602,
nan,0.050164,0.046852,0.053142,0.058270,0.062420,0.070942,0.075999,0.090005,0.105435,0.123916,0.145822,0.168881,0.188937,0.216365,0.237707,0.207208,0.153779,0.088166,0.035744,0.014226,
nan,0.039530,nan,0.048777,0.054400,0.063566,0.078980,0.084694,0.100483,0.130543,0.145057,0.153437,0.196418,0.230951,0.248863,0.246807,0.195925,0.128957,0.058570,0.017765,0.011783,
nan,0.156574,0.153890,0.142657,0.137911,0.142032,0.127787,0.127736,0.122236,0.101160,0.102852,0.087728,0.068619,0.060521,0.049932,0.034474,0.025333,0.019856,0.012054,0.008700,0.004379,
0.156852,0.152755,0.151348,0.147437,0.140955,0.133448,0.130525,0.121372,0.112591,0.100567,0.089382,0.079356,0.066408,0.055207,0.043399,0.034183,0.023542,0.015428,0.010037,0.006783,0.004410,
0.150433,0.148073,0.144787,0.143159,0.139598,0.132338,0.125970,0.118305,0.108134,0.099883,0.087457,0.076724,0.065137,0.053875,0.042127,0.031707,0.023139,0.016427,0.010647,0.007230,0.005027,
0.147441,0.144993,0.143235,0.139031,0.133888,0.129938,0.122885,0.112853,0.106007,0.096936,0.087083,0.075006,0.064983,0.053305,0.042471,0.032596,0.023556,0.017194,0.011266,0.007957,0.005723,
0.143641,0.138974,0.137917,0.134653,0.129730,0.123116,0.117809,0.111505,0.102191,0.091806,0.083646,0.072633,0.062235,0.052348,0.041000,0.033257,0.024689,0.017410,0.012783,0.008840,0.006123,
0.148515,0.133317,0.130522,0.127066,0.123493,0.118699,0.111540,0.104460,0.096455,0.088512,0.080497,0.070368,0.060936,0.051308,0.042027,0.033036,0.025717,0.018942,0.014289,0.010095,0.006811,
0.128352,0.124886,0.121562,0.119698,0.116552,0.110021,0.106412,0.099711,0.092710,0.084258,0.076451,0.067714,0.059505,0.050341,0.041711,0.034241,0.026482,0.020926,0.016223,0.011508,0.007869,
0.122817,0.116876,0.112503,0.110786,0.107755,0.103098,0.098444,0.093082,0.085905,0.078612,0.071241,0.063498,0.056653,0.049095,0.041232,0.034787,0.028607,0.023455,0.018053,0.013227,0.008983,
0.112006,0.106223,0.103598,0.102179,0.099247,0.095220,0.090927,0.086105,0.080595,0.074351,0.067694,0.060816,0.055097,0.048595,0.041846,0.036376,0.031123,0.026879,0.021324,0.015271,0.010002,
0.103477,0.097574,0.094786,0.092968,0.091267,0.087817,0.083511,0.079573,0.075288,0.070184,0.064505,0.058796,0.053523,0.048402,0.043552,0.039141,0.035869,0.031418,0.026004,0.018334,0.012209,
0.089955,0.089787,0.087124,0.084383,0.083502,0.080595,0.077438,0.074228,0.070588,0.066153,0.062079,0.057785,0.054011,0.050244,0.047459,0.045031,0.041690,0.037375,0.032099,0.022699,0.014392,
0.083289,0.080798,0.079226,0.078388,0.076872,0.074382,0.071639,0.069599,0.066951,0.063004,0.060456,0.058473,0.056171,0.054596,0.053514,0.052075,0.050168,0.046225,0.039367,0.027091,0.016013,
0.078577,0.073006,0.072620,0.071505,0.070403,0.068781,0.067342,0.065855,0.064435,0.061858,0.061002,0.061556,0.060319,0.061123,0.062125,0.062143,0.061229,0.058366,0.048620,0.033280,0.018678,
0.066948,0.066004,0.066454,0.065299,0.065502,0.064367,0.064046,0.063343,0.063321,0.062504,0.063948,0.065888,0.067946,0.070991,0.073494,0.077388,0.079509,0.073963,0.059311,0.037968,0.020031,
0.067001,0.059223,0.058626,0.060763,0.060140,0.060811,0.061122,0.062409,0.063233,0.065530,0.069508,0.073873,0.080224,0.083745,0.091526,0.099544,0.102093,0.090708,0.071287,0.041787,0.023189,
0.055073,0.053499,0.052913,0.054493,0.056471,0.056868,0.060685,0.062433,0.067222,0.071069,0.080349,0.086033,0.094618,0.104333,0.116994,0.126282,0.122763,0.114741,0.079197,0.044684,0.020111,
0.048469,0.046398,0.049251,0.051249,0.054230,0.058644,0.062421,0.067059,0.074298,0.084739,0.092319,0.104316,0.117527,0.134755,0.149712,0.151937,0.154318,0.119094,0.085017,0.038506,0.016498,
0.039389,0.048407,0.049292,0.055097,0.058694,0.063696,0.067476,0.077287,0.086360,0.096346,0.112722,0.127150,0.149077,0.164538,0.174303,0.185204,0.158543,0.126840,0.066323,0.029920,0.012328,
nan,0.045769,nan,0.050477,0.053187,0.064674,0.069744,0.085657,0.089072,0.115612,0.129827,0.161141,0.171919,0.188047,0.200595,0.185615,0.156762,0.105095,0.052881,0.025093,0.009931,
nan,0.160087,0.165214,0.147692,0.142685,0.139786,0.140638,0.122294,0.116649,0.102356,0.093633,0.082973,0.072369,0.058781,0.049519,0.033258,0.024918,0.017722,0.011741,0.007969,0.004292,
0.144241,0.152958,0.149732,0.145555,0.142890,0.136524,0.129011,0.121266,0.111385,0.101578,0.091172,0.076890,0.066563,0.056913,0.043035,0.031416,0.023506,0.015350,0.009930,0.006815,0.004299,
0.156436,0.150455,0.148666,0.141885,0.138846,0.132251,0.124632,0.118623,0.109717,0.099406,0.088521,0.076003,0.067383,0.053978,0.042806,0.032934,0.023484,0.016184,0.010598,0.007274,0.004940,
0.146226,0.145770,0.144544,0.140871,0.134790,0.128527,0.121696,0.115587,0.109153,0.095497,0.086439,0.076071,0.063475,0.053572,0.042225,0.032671,0.023741,0.016868,0.011684,0.007994,0.005416,
0.139512,0.138159,0.137384,0.134519,0.130118,0.124471,0.117521,0.109024,0.100512,0.093404,0.084324,0.073964,0.063227,0.052516,0.042652,0.033085,0.024626,0.017992,0.012596,0.009253,0.005990,
0.133092,0.130583,0.129017,0.126814,0.123739,0.117678,0.112281,0.105729,0.098396,0.088967,0.080746,0.071502,0.062263,0.052010,0.041722,0.033111,0.025067,0.018945,0.013803,0.009958,0.006383,
0.130394,0.123283,0.120180,0.117673,0.115129,0.110939,0.105467,0.099832,0.091802,0.084064,0.075797,0.066542,0.058585,0.049707,0.040758,0.032869,0.025750,0.020289,0.014698,0.010602,0.007534,
0.117756,0.114041,0.112460,0.109622,0.106681,0.102984,0.097930,0.092576,0.087144,0.079822,0.072059,0.063666,0.055975,0.047950,0.040368,0.033346,0.027006,0.022081,0.017026,0.012217,0.008046,
0.107802,0.106451,0.103401,0.100951,0.099555,0.095131,0.090882,0.085756,0.080500,0.074116,0.067038,0.060520,0.053530,0.047163,0.040622,0.034838,0.030262,0.025403,0.020461,0.014833,0.009745,
0.100848,0.097669,0.095142,0.093090,0.091707,0.087710,0.084348,0.079689,0.074414,0.068837,0.063740,0.058326,0.052747,0.047332,0.042498,0.038134,0.033721,0.029262,0.023819,0.016715,0.010983,
0.095587,0.088802,0.087022,0.085993,0.083777,0.080974,0.077644,0.073553,0.069728,0.065025,0.060751,0.057359,0.052306,0.049012,0.045936,0.041730,0.038517,0.034176,0.028309,0.019692,0.012763,
0.084039,0.081796,0.079262,0.078686,0.077009,0.075148,0.071924,0.068803,0.066367,0.062186,0.059966,0.057236,0.054368,0.051723,0.049019,0.047860,0.045714,0.041851,0.034342,0.024724,0.015483,
0.077454,0.073241,0.071649,0.072072,0.071041,0.068874,0.067189,0.064622,0.063800,0.061116,0.059576,0.058521,0.058141,0.057042,0.056618,0.057647,0.055988,0.050082,0.041367,0.027638,0.015773,
0.072571,0.064948,0.066190,0.065843,0.064988,0.064550,0.062430,0.062077,0.062716,0.061284,0.061512,0.062371,0.063489,0.065683,0.067714,0.068740,0.067551,0.062882,0.050152,0.032593,0.018513,
0.061188,0.058601,0.059848,0.059440,0.059114,0.059317,0.059535,0.060453,0.062590,0.063162,0.065070,0.067545,0.073216,0.078517,0.080872,0.082790,0.085388,0.076625,0.058908,0.033401,0.019476,
0.057646,0.051958,0.054956,0.054480,0.055472,0.055548,0.058810,0.061281,0.064841,0.068071,0.072534,0.078767,0.088915,0.094100,0.097825,0.105895,0.102178,0.090954,0.064942,0.037529,0.016912,
0.045464,0.049800,0.052354,0.052492,0.052692,0.055505,0.058985,0.066229,0.069367,0.075575,0.084544,0.097713,0.105284,0.111697,0.125883,0.124832,0.122833,0.097951,0.070030,0.031504,0.014372,
nan,0.043662,0.048732,0.050340,0.052029,0.060390,0.063738,0.069988,0.080255,0.086914,0.102597,0.117064,0.122993,0.144441,0.147208,0.149658,0.127401,0.102491,0.055602,0.025083,0.011835,
nan,0.055703,nan,0.044391,0.053473,0.064485,0.084055,0.075243,0.085108,0.096588,0.118805,0.122930,0.147213,0.140452,0.175093,0.143666,0.137559,0.089228,0.047336,0.019984,0.006648,
nan,0.142840,0.153457,0.151396,0.137988,0.135875,0.123705,0.133775,0.110901,0.106159,0.091995,0.081022,0.064027,0.063553,0.049523,0.036917,0.027974,0.016383,0.011752,0.007398,0.004821,
0.167032,0.150892,0.146786,0.144132,0.141942,0.136064,0.129371,0.117859,0.112871,0.100075,0.089658,0.079394,0.066914,0.056545,0.043883,0.031940,0.022491,0.014821,0.010388,0.006574,0.004613,
0.151471,0.149592,0.148670,0.145026,0.137036,0.134285,0.125922,0.117418,0.108988,0.099134,0.089631,0.076782,0.066480,0.054597,0.042768,0.032771,0.022982,0.015651,0.010226,0.007094,0.005164,
0.146956,0.142724,0.141672,0.140167,0.135804,0.129478,0.122635,0.114969,0.103909,0.096606,0.088399,0.075710,0.064675,0.053936,0.042673,0.033159,0.024215,0.016964,0.011690,0.008022,0.005532,
0.141879,0.136009,0.135893,0.132757,0.130127,0.124561,0.118134,0.110649,0.103450,0.093581,0.084820,0.073556,0.064269,0.052858,0.042988,0.032797,0.024823,0.017220,0.012365,0.008712,0.005449,
0.132469,0.128676,0.128182,0.126183,0.122727,0.117917,0.113104,0.105620,0.098339,0.088789,0.080474,0.070278,0.060832,0.051158,0.041035,0.032148,0.023717,0.017631,0.012504,0.008811,0.006237,
0.128690,0.120735,0.120261,0.119135,0.115612,0.110675,0.106030,0.099107,0.092728,0.084691,0.075576,0.066404,0.057291,0.048509,0.040112,0.031951,0.025184,0.019331,0.014569,0.010355,0.006902,
0.116889,0.112162,0.111865,0.111069,0.107828,0.104019,0.098559,0.092251,0.085356,0.078180,0.070806,0.063423,0.055045,0.047713,0.039801,0.032916,0.026924,0.022019,0.016747,0.012134,0.008005,
0.109520,0.104117,0.103307,0.102249,0.100561,0.095976,0.091196,0.084397,0.079787,0.072757,0.066989,0.060192,0.053486,0.046904,0.040487,0.034571,0.028834,0.023580,0.018526,0.012752,0.008668,
0.102367,0.095877,0.095363,0.093345,0.092013,0.089073,0.083796,0.078276,0.074509,0.068761,0.063127,0.058017,0.052034,0.046461,0.041426,0.035867,0.031280,0.026817,0.021234,0.015517,0.010018,
0.092722,0.087676,0.087627,0.086018,0.084977,0.081005,0.076864,0.072621,0.069306,0.064831,0.060413,0.056357,0.051834,0.047421,0.042816,0.039518,0.035523,0.031159,0.026079,0.018058,0.011633,
0.081929,0.079975,0.080111,0.078025,0.078180,0.074568,0.071175,0.068067,0.065625,0.062519,0.058743,0.055833,0.052219,0.049901,0.047001,0.044213,0.041447,0.036631,0.029841,0.020885,0.012950,
0.072026,0.074492,0.073551,0.071175,0.071737,0.068443,0.066588,0.064283,0.063022,0.060464,0.058101,0.056154,0.055168,0.054412,0.052010,0.050131,0.049219,0.044351,0.035767,0.023712,0.014291,
0.065128,0.064288,0.066935,0.065244,0.064763,0.063820,0.062361,0.062072,0.060989,0.060092,0.058724,0.058916,0.060583,0.059710,0.059271,0.060873,0.059821,0.052833,0.042984,0.027504,0.016006,
0.060938,0.057947,0.060389,0.060198,0.059923,0.059336,0.059816,0.059109,0.060281,0.061077,0.063282,0.064700,0.065917,0.068510,0.072765,0.072300,0.070496,0.064312,0.048032,0.029737,0.016095,
0.052841,0.051769,0.055020,0.054598,0.056701,0.055373,0.056922,0.060260,0.062058,0.066005,0.070089,0.072562,0.075725,0.082645,0.086554,0.086533,0.085834,0.073090,0.054341,0.031248,0.014543,
0.046205,0.043147,0.048106,0.049493,0.054946,0.055876,0.058340,0.062321,0.065731,0.073595,0.077279,0.084651,0.093124,0.098893,0.102329,0.108671,0.099062,0.080360,0.057700,0.026878,0.013436,
0.042249,0.045796,0.045233,0.050287,0.051528,0.057830,0.059911,0.065598,0.076576,0.085850,0.087399,0.098297,0.107131,0.117335,0.124824,0.115726,0.106046,0.085881,0.047384,0.021959,0.010950,
nan,nan,0.053349,0.048771,0.061523,0.058557,0.072752,0.084298,0.087651,0.089718,0.101482,0.116009,0.120730,0.133593,0.130688,0.129227,0.104174,0.068233,0.040906,0.021348,0.005526,
nan,0.151779,0.149546,0.155923,0.132725,0.141905,0.131882,0.121997,0.114854,0.102055,0.091421,0.081368,0.070496,0.059932,0.048803,0.034871,0.025710,0.016525,0.009305,0.007083,0.003824,
0.154507,0.154298,0.151064,0.145759,0.140908,0.135242,0.126698,0.121419,0.108977,0.102437,0.087595,0.077625,0.065436,0.056114,0.043711,0.031322,0.022064,0.014699,0.009707,0.006347,0.004328,
0.150054,0.147848,0.147643,0.143529,0.138848,0.132787,0.124628,0.117142,0.110674,0.100577,0.089542,0.077179,0.066593,0.053252,0.043577,0.032281,0.023740,0.016152,0.010600,0.007148,0.004992,
0.145438,0.141695,0.141724,0.138096,0.136284,0.129027,0.122698,0.114460,0.105941,0.098030,0.087368,0.077098,0.066043,0.054731,0.043576,0.033576,0.024588,0.017528,0.011281,0.008263,0.005107,
0.142110,0.136234,0.135154,0.132969,0.129392,0.124184,0.120302,0.110633,0.104430,0.092884,0.084333,0.074008,0.063280,0.052864,0.041844,0.031786,0.022538,0.016382,0.011465,0.007974,0.005869,
0.132517,0.131153,0.128326,0.127927,0.123667,0.118282,0.112448,0.105214,0.097839,0.088287,0.079404,0.069336,0.059974,0.050008,0.040245,0.031409,0.024324,0.017619,0.013070,0.009016,0.006361,
0.127504,0.122901,0.122409,0.120151,0.117275,0.112096,0.105291,0.098152,0.090925,0.083175,0.075483,0.066822,0.057439,0.048903,0.040810,0.032555,0.025887,0.019369,0.014467,0.010082,0.006483,
0.113516,0.112572,0.113906,0.110616,0.109340,0.104254,0.098237,0.090921,0.085571,0.078532,0.071151,0.063676,0.056187,0.047731,0.039690,0.032173,0.025546,0.020011,0.015023,0.010191,0.007961,
0.108248,0.103116,0.105271,0.101318,0.100716,0.095260,0.090052,0.084715,0.080565,0.073713,0.066724,0.060928,0.052967,0.045808,0.039191,0.032374,0.027042,0.022249,0.017405,0.012893,0.008242,
0.099335,0.094805,0.096680,0.093393,0.091994,0.086257,0.082625,0.078778,0.074614,0.068856,0.063210,0.057178,0.051152,0.045094,0.039479,0.034718,0.029675,0.024891,0.019879,0.013609,0.009359,
0.092262,0.086512,0.088669,0.086502,0.083995,0.080153,0.076909,0.073162,0.069728,0.064786,0.059875,0.055029,0.050056,0.046446,0.041508,0.036859,0.033171,0.027662,0.022650,0.016784,0.010479,
0.082564,0.080072,0.080800,0.079345,0.076518,0.073936,0.071601,0.067977,0.065975,0.061607,0.057220,0.053617,0.051036,0.047374,0.043921,0.040808,0.037858,0.032783,0.026596,0.018040,0.011204,
0.073816,0.070914,0.072769,0.072978,0.070318,0.067790,0.065831,0.063650,0.062394,0.059105,0.057101,0.054432,0.052305,0.049980,0.048448,0.045571,0.043021,0.038730,0.030917,0.020933,0.012069,
0.069488,0.065880,0.066646,0.066980,0.064767,0.062336,0.061271,0.060657,0.059369,0.058669,0.057827,0.055812,0.055586,0.055620,0.054268,0.052480,0.052211,0.044725,0.036267,0.023136,0.013495,
0.058939,0.059930,0.059432,0.060418,0.058296,0.057856,0.058048,0.058400,0.058222,0.059164,0.058834,0.059396,0.061892,0.061363,0.063085,0.064293,0.058246,0.054764,0.040665,0.026019,0.013835,
0.059751,0.051266,0.053820,0.055158,0.053279,0.055258,0.055724,0.058039,0.059838,0.061388,0.062887,0.068006,0.069600,0.071109,0.076815,0.072449,0.074148,0.059475,0.045957,0.026313,0.012853,
0.047945,0.047169,0.049533,0.050124,0.053396,0.052612,0.056263,0.059052,0.063510,0.065679,0.071515,0.077409,0.079142,0.090114,0.087384,0.089770,0.077856,0.068716,0.046917,0.023516,0.011671,
0.046785,0.047747,0.047211,0.048286,0.051905,0.055848,0.058873,0.065281,0.068666,0.073015,0.082536,0.085376,0.098190,0.097164,0.105233,0.095508,0.088555,0.069754,0.041001,0.020586,0.009970,
nan,nan,0.049713,0.050435,nan,0.055351,0.062625,0.073932,0.078098,0.092389,0.089592,0.099495,0.098557,0.118601,0.105559,0.102067,0.093113,0.057287,0.041097,0.013482,0.008243,
nan,0.158640,0.150150,0.138210,0.138215,0.135534,0.139098,0.124417,0.105994,0.104950,0.091509,0.082330,0.067620,0.059032,0.045820,0.031887,0.023025,0.020511,0.010643,0.007228,0.004392,
0.155716,0.151717,0.149654,0.149164,0.140897,0.135073,0.128485,0.125088,0.109036,0.099717,0.090658,0.079067,0.064899,0.052747,0.041380,0.030679,0.022432,0.015125,0.010131,0.006782,0.004683,
0.156686,0.146274,0.144265,0.145003,0.138401,0.132682,0.127621,0.119355,0.110485,0.096786,0.088101,0.077432,0.066323,0.055281,0.043790,0.033813,0.024149,0.016646,0.011184,0.007501,0.005017,
0.146720,0.144203,0.141478,0.139782,0.135548,0.129778,0.122537,0.116078,0.106787,0.098081,0.088631,0.077042,0.065301,0.053057,0.043108,0.031412,0.023690,0.015485,0.010798,0.007515,0.005017,
0.140917,0.138584,0.137017,0.135662,0.129709,0.125246,0.117753,0.110706,0.101666,0.092146,0.082809,0.071400,0.061362,0.051396,0.040817,0.031601,0.023111,0.016421,0.011353,0.007735,0.005617,
0.133382,0.130909,0.131920,0.128333,0.124946,0.119108,0.111043,0.104666,0.096640,0.089018,0.078458,0.069647,0.060442,0.051439,0.041474,0.032718,0.024861,0.018319,0.012960,0.008905,0.005567,
0.125855,0.124036,0.124181,0.119688,0.117687,0.111131,0.105997,0.097805,0.091570,0.084551,0.075630,0.067808,0.058547,0.049180,0.039809,0.030934,0.023649,0.017478,0.013099,0.008745,0.006359,
0.115866,0.115804,0.115468,0.111609,0.107893,0.102156,0.096816,0.091546,0.086830,0.079490,0.071205,0.063479,0.054443,0.045994,0.038519,0.030992,0.024788,0.019646,0.014994,0.010769,0.006681,
0.114296,0.105297,0.105980,0.103122,0.098390,0.094822,0.090532,0.085719,0.080540,0.073786,0.065866,0.058910,0.052240,0.045340,0.038687,0.032556,0.026602,0.020975,0.015852,0.010629,0.007644,
0.101281,0.096025,0.096744,0.094552,0.090447,0.087725,0.083520,0.079388,0.074147,0.068021,0.062249,0.056339,0.050499,0.045341,0.038635,0.032626,0.027887,0.022183,0.018733,0.013468,0.008322,
0.087735,0.088517,0.088450,0.086317,0.082517,0.080456,0.076781,0.073276,0.069371,0.063616,0.058785,0.054621,0.049514,0.044380,0.039146,0.034699,0.030679,0.025744,0.020274,0.013560,0.009117,
0.083568,0.080139,0.080547,0.078841,0.075504,0.073767,0.071590,0.067973,0.064230,0.060339,0.057776,0.053034,0.048867,0.045357,0.041646,0.037512,0.033752,0.029482,0.023428,0.016207,0.010047,
0.076869,0.073418,0.073132,0.071979,0.068633,0.067781,0.066743,0.063978,0.060875,0.058385,0.055249,0.052366,0.050476,0.047669,0.044053,0.042300,0.038251,0.033462,0.026945,0.018752,0.011357,
0.067887,0.063862,0.066115,0.064859,0.063945,0.063367,0.062246,0.060092,0.058695,0.056883,0.055121,0.053671,0.052593,0.050170,0.050510,0.046832,0.044303,0.039094,0.030280,0.019628,0.011675,
0.059597,0.058257,0.059276,0.058484,0.058513,0.058810,0.058418,0.057419,0.057068,0.056723,0.056928,0.056996,0.056162,0.057405,0.055124,0.055277,0.051953,0.045051,0.034227,0.022883,0.012400,
0.053550,0.048775,0.053321,0.054920,0.053160,0.054136,0.056221,0.056540,0.056679,0.058110,0.060729,0.060153,0.063361,0.063955,0.066868,0.063316,0.060461,0.049748,0.039829,0.022471,0.011289,
0.045893,0.047427,0.053015,0.050181,0.050283,0.053771,0.054544,0.057481,0.058938,0.061923,0.063411,0.069293,0.071650,0.075398,0.075196,0.075711,0.065057,0.058192,0.039959,0.020804,0.010668,
0.041906,0.051201,0.046787,0.048033,0.047436,0.052419,0.057992,0.059791,0.064656,0.067950,0.071235,0.078887,0.081646,0.086408,0.084796,0.079472,0.076952,0.058911,0.036429,0.017667,0.009195,
nan,0.043391,0.045111,nan,0.050755,0.060150,0.050104,0.062333,0.077301,0.072970,0.089903,0.086810,0.093645,0.092501,0.085732,0.086772,0.073283,0.050562,0.032596,0.013513,0.008092,
nan,0.151747,0.138594,0.150010,0.144191,0.136519,0.127600,0.117502,0.103655,0.101289,0.096791,0.077484,0.067639,0.060161,0.052124,0.034703,0.024998,0.015105,0.008766,0.006867,0.005841,
0.146772,0.154131,0.150727,0.143565,0.139650,0.134618,0.127005,0.118013,0.110608,0.100444,0.089356,0.077642,0.063394,0.053574,0.042343,0.031005,0.022249,0.015160,0.009293,0.006094,0.005283,
0.150957,0.149938,0.145223,0.143356,0.139005,0.134290,0.125433,0.119287,0.108736,0.099524,0.091294,0.079720,0.067448,0.058849,0.044319,0.035020,0.023734,0.016985,0.011179,0.007612,0.004844,
0.145432,0.144711,0.142276,0.139653,0.135033,0.130487,0.125679,0.114915,0.106921,0.096074,0.086577,0.075081,0.063906,0.052635,0.040578,0.031063,0.021536,0.015160,0.010365,0.006885,0.005313,
0.141567,0.140905,0.137263,0.136318,0.131560,0.124991,0.116815,0.109978,0.103411,0.092992,0.083567,0.073235,0.063052,0.052722,0.041790,0.032245,0.024343,0.017660,0.012334,0.008436,0.005360,
0.134888,0.134326,0.131528,0.127657,0.124908,0.118784,0.112626,0.104279,0.096715,0.089170,0.080857,0.071459,0.060833,0.050479,0.040915,0.031280,0.023057,0.016018,0.011209,0.007674,0.005594,
0.126249,0.124460,0.123108,0.119382,0.114620,0.110175,0.104721,0.098491,0.093430,0.084909,0.075670,0.066446,0.057013,0.047246,0.038533,0.030072,0.023465,0.017960,0.013357,0.009505,0.006074,
0.119455,0.114697,0.114530,0.110709,0.106757,0.103131,0.099151,0.093032,0.086018,0.078295,0.069593,0.061811,0.055078,0.046882,0.038845,0.031616,0.024470,0.018491,0.013235,0.008907,0.006565,
0.111175,0.104518,0.105519,0.101278,0.098847,0.095063,0.091617,0.085321,0.079462,0.072399,0.066224,0.059445,0.052636,0.045542,0.037445,0.030241,0.024367,0.019521,0.015340,0.010932,0.006802,
0.101512,0.095416,0.096616,0.092820,0.090164,0.087804,0.083882,0.078370,0.073170,0.067906,0.062826,0.056467,0.049430,0.043058,0.036821,0.031777,0.026882,0.020923,0.016064,0.011254,0.007707,
0.093219,0.086973,0.087557,0.084785,0.082821,0.080452,0.077274,0.072429,0.068421,0.064161,0.059250,0.053434,0.047665,0.043597,0.038134,0.032669,0.028297,0.023787,0.018650,0.012867,0.008774,
0.080770,0.079650,0.080973,0.076968,0.076112,0.074895,0.070747,0.067244,0.064715,0.060601,0.055552,0.051262,0.047847,0.043577,0.038893,0.035103,0.030649,0.026220,0.020356,0.014661,0.008808,
0.076240,0.073182,0.073653,0.070274,0.070374,0.069012,0.065217,0.063087,0.060888,0.057234,0.054339,0.051285,0.047711,0.044369,0.041254,0.037975,0.034996,0.029465,0.023328,0.015480,0.010093,
0.068560,0.065602,0.067637,0.063613,0.063886,0.063058,0.059870,0.059675,0.057283,0.055107,0.053892,0.051173,0.049967,0.046843,0.045135,0.043356,0.037862,0.034609,0.026083,0.017868,0.010245,
0.059809,0.058369,0.058859,0.057541,0.058339,0.057936,0.056943,0.056794,0.054652,0.054137,0.053634,0.052977,0.052610,0.051622,0.051211,0.047517,0.045319,0.038870,0.029153,0.019642,0.011038,
0.052587,0.050014,0.056041,0.051466,0.053730,0.053628,0.054835,0.054157,0.054322,0.054197,0.055332,0.057072,0.055955,0.059818,0.056064,0.056177,0.050900,0.042017,0.033783,0.019292,0.010123,
nan,0.049063,0.049115,0.049114,0.050071,0.050290,0.053932,0.053553,0.057233,0.056533,0.059412,0.060032,0.066620,0.063379,0.065428,0.062367,0.055902,0.049488,0.034807,0.019051,0.010060,
nan,0.046077,0.045437,0.046388,0.048370,0.050654,0.055024,0.055268,0.057638,0.062811,0.065776,0.070395,0.070316,0.076355,0.072558,0.066342,0.064587,0.049758,0.031333,0.016270,0.008110,
nan,0.034697,0.049483,0.052461,0.055068,nan,0.059270,0.062204,0.063160,0.065483,0.070343,0.074737,0.076674,0.081113,0.072492,0.077752,0.067777,0.043112,0.030498,0.013107,0.003832,
nan,0.153874,0.153517,0.149980,0.143645,0.136501,0.122832,0.117352,0.119703,0.097227,0.089156,0.075821,0.064887,0.054525,0.046698,0.034201,0.027517,0.016088,0.011164,0.006806,0.004488,
0.154433,0.148636,0.148612,0.144831,0.141998,0.134805,0.126155,0.119040,0.110457,0.100481,0.088779,0.074441,0.067713,0.052873,0.042136,0.031824,0.023513,0.015676,0.010128,0.006865,0.005087,
0.153950,0.149549,0.147746,0.145063,0.140288,0.134685,0.127041,0.118946,0.111642,0.102911,0.091572,0.077383,0.068657,0.055287,0.043919,0.033037,0.023369,0.015973,0.010402,0.007099,0.004677,
0.146787,0.144330,0.142898,0.142409,0.135300,0.129426,0.120941,0.114480,0.105558,0.095091,0.085938,0.074163,0.063241,0.052562,0.041238,0.031979,0.023137,0.015778,0.010658,0.007485,0.005093,
0.131777,0.139163,0.139681,0.133512,0.130580,0.124021,0.117799,0.108354,0.101965,0.094108,0.084523,0.073758,0.064219,0.054136,0.043032,0.032638,0.023464,0.016381,0.010984,0.007246,0.004824,
0.132698,0.131980,0.132092,0.126662,0.121770,0.117424,0.112226,0.106445,0.098732,0.090219,0.080178,0.070383,0.059033,0.048476,0.038373,0.029702,0.022116,0.016302,0.012121,0.008635,0.005334,
0.121123,0.125230,0.122031,0.117953,0.117038,0.111702,0.107416,0.099587,0.092023,0.083234,0.074621,0.065455,0.057371,0.048511,0.039791,0.031878,0.023820,0.017286,0.011896,0.007835,0.005563,
0.114862,0.115049,0.114140,0.109121,0.106908,0.103778,0.098259,0.091382,0.085131,0.078121,0.071003,0.063940,0.055253,0.045864,0.037399,0.029248,0.022528,0.018024,0.013338,0.009571,0.005991,
0.110007,0.106433,0.105609,0.100325,0.098910,0.095843,0.090009,0.084240,0.079096,0.073929,0.066962,0.058746,0.050551,0.043704,0.037370,0.030841,0.024545,0.018185,0.013495,0.009431,0.006531,
0.099056,0.095918,0.096869,0.091988,0.091719,0.088970,0.082507,0.077789,0.075201,0.068308,0.061309,0.054982,0.049265,0.043754,0.035880,0.029763,0.024500,0.019875,0.015254,0.010388,0.007208,
0.091808,0.088564,0.088929,0.084049,0.084526,0.081506,0.076220,0.072652,0.069274,0.062893,0.057575,0.053296,0.047374,0.041671,0.036066,0.031406,0.026401,0.021174,0.016532,0.012022,0.007738,
0.080914,0.079891,0.080665,0.077534,0.077574,0.074252,0.071258,0.067632,0.063637,0.059239,0.055829,0.051107,0.046016,0.041715,0.036714,0.032872,0.028259,0.023470,0.018345,0.013021,0.007995,
0.074603,0.072663,0.073008,0.070703,0.070774,0.067816,0.066204,0.063071,0.059041,0.057102,0.053161,0.048952,0.045851,0.042248,0.038823,0.035300,0.030804,0.025964,0.020209,0.013476,0.008848,
0.066741,0.065137,0.065037,0.065566,0.064253,0.062254,0.062280,0.058566,0.055796,0.054608,0.051658,0.049733,0.046431,0.044908,0.041267,0.039093,0.033634,0.030074,0.022915,0.016349,0.009283,
0.063284,0.059056,0.060907,0.059061,0.058245,0.056565,0.056835,0.054417,0.053204,0.052671,0.051847,0.049503,0.048822,0.047086,0.046700,0.041734,0.039093,0.032780,0.025920,0.016892,0.009758,
0.053678,0.053818,0.051797,0.052585,0.054232,0.052916,0.053528,0.052719,0.051796,0.052670,0.051897,0.053573,0.052334,0.052430,0.048740,0.048956,0.044089,0.036957,0.028964,0.017107,0.009666,
0.050645,0.046366,0.047439,0.048910,0.048962,0.051252,0.052111,0.053150,0.052396,0.053747,0.054036,0.056988,0.057896,0.055351,0.059120,0.052997,0.046752,0.042716,0.030361,0.017206,0.009243,
0.044749,0.038197,0.048901,0.047152,0.050909,0.049521,0.052994,0.052785,0.056964,0.056768,0.061859,0.061453,0.061211,0.064516,0.059105,0.056993,0.054497,0.043121,0.027197,0.016340,0.007950,
nan,0.046926,nan,0.045724,0.047979,0.051974,nan,0.056729,nan,0.066165,0.060690,0.069483,0.068268,0.061913,0.065608,0.064163,0.049133,0.040084,0.032188,0.014206,0.006632,
nan,0.146506,0.140763,0.148984,0.144438,0.132827,0.125102,0.127023,0.114219,0.099216,0.094553,0.081350,0.067004,0.056598,0.042806,0.033749,0.025182,0.015755,0.010903,0.006842,0.004268,
0.154038,0.151111,0.149130,0.147349,0.141132,0.136084,0.128885,0.119063,0.113270,0.101025,0.090545,0.078043,0.068297,0.055457,0.043588,0.034247,0.023595,0.016648,0.010151,0.006828,0.004911,
0.148955,0.147189,0.146556,0.145290,0.140105,0.134950,0.126270,0.116936,0.108537,0.099633,0.088534,0.079079,0.064275,0.054012,0.043149,0.031632,0.022002,0.015433,0.009040,0.006557,0.004203,
0.153327,0.146485,0.144314,0.141863,0.136010,0.128596,0.122106,0.115186,0.105377,0.096617,0.087217,0.075355,0.065685,0.055152,0.044161,0.034085,0.025537,0.016886,0.011239,0.007809,0.004875,
0.141432,0.143409,0.137502,0.134156,0.128584,0.125868,0.119648,0.112115,0.104413,0.094860,0.084643,0.074142,0.061839,0.050577,0.040105,0.029777,0.021285,0.014466,0.009953,0.006827,0.005037,
0.133404,0.132519,0.129217,0.125202,0.125847,0.118205,0.114426,0.105050,0.096372,0.088098,0.078042,0.068458,0.060097,0.050549,0.041893,0.032501,0.024247,0.016871,0.011421,0.007628,0.004747,
0.125700,0.123186,0.122933,0.118049,0.115523,0.111533,0.105316,0.098014,0.090354,0.084665,0.075297,0.068071,0.057644,0.047879,0.037766,0.028504,0.021682,0.016228,0.012060,0.008822,0.005512,
0.116656,0.114014,0.113445,0.110196,0.108982,0.103312,0.097207,0.090630,0.087382,0.079605,0.070405,0.061427,0.052934,0.045547,0.038564,0.030655,0.023169,0.016902,0.011745,0.007868,0.006110,
0.106432,0.105387,0.104006,0.101028,0.100522,0.096024,0.090562,0.086379,0.080435,0.072522,0.065096,0.058784,0.052193,0.044422,0.035518,0.027827,0.022995,0.017849,0.013367,0.008910,0.005910,
0.099864,0.097256,0.095316,0.093314,0.092059,0.087351,0.083840,0.079431,0.072994,0.066853,0.061832,0.055947,0.047690,0.041171,0.035509,0.029739,0.023397,0.017981,0.014276,0.010188,0.006546,
0.094427,0.089028,0.086716,0.085814,0.084473,0.079920,0.078174,0.072542,0.067517,0.063767,0.058221,0.051666,0.046315,0.041657,0.034485,0.029319,0.025179,0.019828,0.014694,0.010813,0.007107,
0.084029,0.080807,0.078893,0.078658,0.076558,0.073062,0.071892,0.066406,0.063859,0.059893,0.054309,0.050263,0.045197,0.039486,0.035482,0.030861,0.025914,0.021730,0.016456,0.011023,0.007312,
0.078254,0.075171,0.071333,0.071327,0.070033,0.067424,0.065242,0.061207,0.059682,0.055264,0.052253,0.048514,0.043906,0.040907,0.036383,0.032777,0.027612,0.023752,0.018118,0.012539,0.007707,
0.068852,0.066268,0.065580,0.066186,0.063563,0.062754,0.059474,0.057302,0.055443,0.052665,0.050583,0.046966,0.044446,0.041488,0.038885,0.034930,0.030611,0.026285,0.020065,0.013944,0.008440,
0.057127,0.061482,0.057288,0.059412,0.057328,0.057253,0.054490,0.054482,0.051913,0.050754,0.049148,0.047174,0.046274,0.043584,0.040972,0.037714,0.034659,0.028457,0.023142,0.015082,0.008798,
0.054078,0.050705,0.051759,0.055003,0.052258,0.052694,0.051137,0.051072,0.049880,0.049574,0.049155,0.047897,0.048373,0.046825,0.045254,0.042514,0.037448,0.032339,0.025270,0.015107,0.008926,
0.048249,0.050940,0.047782,0.048807,0.048197,0.049951,0.049290,0.049108,0.047835,0.050798,0.049204,0.051163,0.048982,0.051793,0.050671,0.045247,0.041052,0.036842,0.026709,0.015217,0.009259,
0.038357,0.045887,0.044595,0.046199,0.049059,0.047392,0.047291,0.049645,0.048774,0.051227,0.054617,0.054542,0.057790,0.056507,0.052903,0.050115,0.046402,0.037073,0.024742,0.014861,0.007385,
nan,nan,nan,0.042497,0.047079,0.063905,0.046914,0.050919,0.051766,0.057218,0.061159,0.063325,0.058258,0.060887,0.057175,0.052772,0.043339,0.037751,0.028831,0.016349,0.008145,
nan,0.149997,0.150259,0.147144,0.140105,0.151055,0.127442,0.123979,0.110493,0.107860,0.089818,0.077597,0.068410,0.052229,0.044905,0.038006,0.023755,0.014872,0.009001,0.006903,0.003787,
0.150910,0.152460,0.147460,0.146630,0.140307,0.136001,0.128414,0.120134,0.114430,0.102868,0.092213,0.082636,0.070231,0.057845,0.046201,0.035230,0.025935,0.017036,0.010861,0.007571,0.005012,
0.153191,0.148627,0.147322,0.144004,0.137628,0.133907,0.126651,0.117722,0.109648,0.097734,0.087590,0.074355,0.063310,0.050920,0.040847,0.028918,0.021226,0.013853,0.009186,0.006124,0.004676,
0.141297,0.144303,0.143982,0.138310,0.134777,0.130213,0.122416,0.115285,0.108935,0.099662,0.088664,0.079125,0.067855,0.054885,0.043965,0.032942,0.023558,0.015821,0.010361,0.006972,0.004066,
0.147101,0.137298,0.136688,0.132194,0.131454,0.125729,0.119498,0.111249,0.102648,0.091819,0.081708,0.071931,0.061028,0.049961,0.040095,0.031083,0.023407,0.016914,0.011895,0.007979,0.005017,
0.128380,0.132325,0.130164,0.126444,0.123413,0.119806,0.111251,0.103875,0.097232,0.089388,0.081357,0.071692,0.062327,0.050534,0.039280,0.029447,0.020897,0.014405,0.010312,0.007090,0.005343,
0.130355,0.125048,0.121391,0.118932,0.117175,0.110345,0.104597,0.098728,0.093443,0.084686,0.074779,0.064183,0.055369,0.047179,0.039274,0.031431,0.023202,0.016569,0.011017,0.007174,0.005253,
0.118733,0.116216,0.112801,0.111200,0.108268,0.103581,0.098791,0.093664,0.085689,0.077153,0.069875,0.063522,0.055112,0.046036,0.036205,0.027660,0.021277,0.016887,0.012307,0.008233,0.005190,
0.110525,0.108848,0.103363,0.104361,0.099618,0.094826,0.092358,0.085000,0.078122,0.073151,0.066908,0.058321,0.049271,0.042888,0.036270,0.029051,0.022152,0.015804,0.011830,0.009252,0.005778,
0.102112,0.100127,0.095360,0.095860,0.090793,0.088227,0.084405,0.076850,0.074251,0.068398,0.060492,0.054334,0.048857,0.041840,0.033709,0.027792,0.023316,0.017562,0.012504,0.008801,0.006148,
0.091848,0.091304,0.087279,0.087474,0.082426,0.081496,0.076552,0.071754,0.069546,0.062660,0.057330,0.052413,0.045138,0.039224,0.034238,0.028553,0.022511,0.018551,0.013650,0.009219,0.006384,
0.083394,0.081607,0.079054,0.079762,0.075502,0.075067,0.069545,0.067683,0.062973,0.058628,0.054879,0.048484,0.044042,0.039232,0.033696,0.029556,0.023981,0.019283,0.015206,0.010424,0.006727,
0.074226,0.075884,0.071521,0.072551,0.069028,0.068631,0.064091,0.062483,0.057640,0.055542,0.050932,0.047090,0.042799,0.038148,0.034969,0.030610,0.026098,0.021461,0.016464,0.011430,0.006937,
0.063576,0.068274,0.064015,0.065722,0.062237,0.062471,0.059462,0.057060,0.054555,0.052314,0.048691,0.045468,0.043321,0.039439,0.035999,0.031469,0.027982,0.023129,0.018034,0.012278,0.007659,
0.057721,0.061746,0.056619,0.058913,0.057271,0.056556,0.055220,0.052258,0.051831,0.048740,0.046895,0.044834,0.042681,0.041616,0.037396,0.034332,0.030713,0.025400,0.020583,0.013149,0.008125,
0.056172,0.053259,0.050762,0.051832,0.051548,0.050780,0.051113,0.048601,0.048792,0.048596,0.045754,0.045646,0.044670,0.041433,0.040951,0.038209,0.032873,0.028614,0.022056,0.013538,0.008381,
0.044417,0.049071,0.045187,0.049465,0.046947,0.047143,0.049243,0.047888,0.047488,0.047060,0.048895,0.047725,0.045381,0.046253,0.043911,0.039814,0.036621,0.032355,0.024040,0.014396,0.008565,
0.044431,0.042394,0.045669,0.045437,0.046276,0.047920,0.046290,0.047328,0.050091,0.049842,0.046350,0.050318,0.051086,0.047344,0.045201,0.047241,0.041235,0.031585,0.023279,0.013640,0.008507,
nan,0.049803,0.047759,nan,0.049815,nan,0.055419,0.049127,0.047040,0.052630,0.055259,0.049036,0.047697,0.046147,0.049833,0.046565,0.046291,0.034114,0.022659,0.013403,0.008586,
nan,0.159667,0.145164,0.145658,0.141019,0.132805,0.132293,0.123762,0.112604,0.106819,0.087348,0.083216,0.064457,0.058440,0.042147,0.032096,0.023593,0.015398,0.010171,0.006750,0.004162,
0.160187,0.150123,0.147071,0.148269,0.143515,0.136485,0.131566,0.122387,0.115768,0.105369,0.094207,0.083422,0.073167,0.057497,0.047004,0.036672,0.025729,0.017186,0.011506,0.007156,0.004453,
0.151570,0.148148,0.149782,0.144772,0.138393,0.132944,0.125804,0.115915,0.106975,0.097085,0.085666,0.075259,0.064053,0.051818,0.040787,0.029868,0.021362,0.014716,0.009944,0.006746,0.005049,
0.153994,0.144223,0.143153,0.139778,0.134315,0.131725,0.124372,0.117094,0.108401,0.097648,0.088599,0.076411,0.063928,0.053277,0.041724,0.030417,0.020756,0.013989,0.009479,0.006296,nan,
0.137939,0.139021,0.137095,0.133658,0.130991,0.125315,0.118717,0.108443,0.100508,0.091838,0.084117,0.074202,0.064159,0.053968,0.043282,0.032715,0.023528,0.015909,0.010405,0.006763,0.004218,
0.136982,0.134127,0.128862,0.128023,0.124273,0.117056,0.111960,0.105786,0.098913,0.090567,0.079726,0.069251,0.057179,0.047560,0.038550,0.029908,0.023201,0.016619,0.011620,0.007768,0.004590,
0.120227,0.125705,0.119730,0.121841,0.116014,0.111775,0.106481,0.099297,0.092077,0.082057,0.074506,0.067563,0.058735,0.048585,0.038369,0.028305,0.020114,0.014944,0.010981,0.008122,0.004994,
0.116998,0.116294,0.111463,0.113741,0.106535,0.105146,0.099009,0.091131,0.085341,0.079683,0.071065,0.061626,0.051946,0.044434,0.037712,0.030240,0.022026,0.014959,0.010400,0.007571,0.005346,
0.104338,0.107717,0.102217,0.103813,0.097316,0.097690,0.090254,0.083962,0.080830,0.072483,0.063948,0.058454,0.051456,0.042792,0.033352,0.027411,0.022319,0.016636,0.011260,0.007244,0.005742,
0.100895,0.099309,0.093290,0.094577,0.090370,0.088708,0.082062,0.079634,0.073951,0.066821,0.062272,0.054478,0.046715,0.041306,0.034750,0.027136,0.021088,0.017124,0.012272,0.008007,0.006201,
0.086782,0.091400,0.085279,0.086288,0.083419,0.080435,0.076259,0.073637,0.066647,0.063490,0.057151,0.050619,0.045702,0.038965,0.032406,0.028090,0.021727,0.016822,0.013079,0.008907,0.006473,
0.080472,0.083458,0.078074,0.078680,0.076766,0.073410,0.071962,0.066040,0.062973,0.058445,0.053019,0.049262,0.042776,0.038015,0.032961,0.027813,0.023138,0.018224,0.013661,0.009561,0.006372,
0.072018,0.075645,0.071518,0.071297,0.070953,0.066265,0.065802,0.060336,0.059406,0.053898,0.050859,0.045387,0.042056,0.037339,0.033226,0.028288,0.023869,0.019432,0.014841,0.010212,0.006918,
0.067347,0.068624,0.064752,0.064080,0.064492,0.060039,0.060049,0.056312,0.054050,0.050321,0.047310,0.044863,0.041228,0.037610,0.033765,0.029135,0.025857,0.020712,0.016396,0.010904,0.007727,
0.060666,0.061657,0.056659,0.057134,0.057777,0.055224,0.054704,0.052884,0.050305,0.048479,0.045970,0.043773,0.041043,0.037904,0.034341,0.031739,0.027470,0.023081,0.018188,0.011732,0.007618,
0.060399,0.054484,0.051482,0.051214,0.052115,0.051066,0.049702,0.048542,0.047604,0.046173,0.043748,0.044128,0.041180,0.038000,0.037698,0.034206,0.029095,0.026583,0.019736,0.012558,0.007829,
0.045915,0.049064,0.045143,0.047675,0.048200,0.048056,0.045433,0.045532,0.047323,0.045762,0.044015,0.042806,0.042857,0.041159,0.038978,0.035612,0.033882,0.027979,0.021009,0.013425,0.007689,
nan,0.044422,0.045431,0.046810,0.046190,0.045460,0.047043,0.046199,0.046621,0.045945,0.045447,0.045767,0.044035,0.043155,0.039782,0.041844,0.035530,0.030154,0.020918,0.013147,0.008728,
nan,0.040346,0.050810,nan,nan,0.050493,0.044706,nan,0.047126,0.046399,0.046148,0.047815,0.044527,0.048883,0.046186,0.039345,0.040199,0.028758,0.028438,0.015576,0.006115,
nan,0.151279,0.148111,0.141127,0.144117,0.139942,0.130697,0.131256,0.112204,0.101022,0.089976,0.075689,0.067354,0.058095,0.040806,0.036993,0.023516,0.014459,0.009880,0.008577,0.004800,
0.160119,0.149063,0.148267,0.145683,0.144596,0.138266,0.131846,0.123597,0.113536,0.101782,0.091631,0.080920,0.068017,0.057302,0.046523,0.034284,0.024149,0.016570,0.010072,0.006983,0.003994,
0.150282,0.150293,0.145467,0.144784,0.140187,0.130489,0.124066,0.117049,0.107071,0.097641,0.091232,0.078409,0.067458,0.057999,0.044795,0.035408,0.025495,0.018181,0.011124,0.007676,0.005033,
0.147002,0.145071,0.141908,0.137854,0.137511,0.133504,0.123931,0.115076,0.106396,0.096166,0.085324,0.073155,0.060726,0.050782,0.038932,0.029146,0.021100,0.014596,0.010167,0.006808,0.004700,
0.140963,0.139172,0.135267,0.135557,0.130478,0.123609,0.116093,0.111061,0.103060,0.096497,0.086148,0.074771,0.063369,0.051106,0.040510,0.029565,0.020815,0.013367,0.009086,0.006110,0.005087,
0.130693,0.131735,0.128299,0.128650,0.123166,0.118600,0.113183,0.106095,0.097785,0.087393,0.077142,0.069136,0.061419,0.052263,0.041027,0.031238,0.021915,0.014818,0.009585,0.006268,0.005118,
0.123684,0.125783,0.120763,0.121312,0.113669,0.113917,0.105705,0.097256,0.091504,0.086287,0.076922,0.065399,0.054664,0.045410,0.037798,0.030722,0.022784,0.015960,0.010264,0.006528,nan,
0.113897,0.118145,0.111802,0.110784,0.107939,0.105285,0.097154,0.092868,0.087543,0.077459,0.068469,0.062953,0.054997,0.045351,0.034902,0.026418,0.021503,0.016293,0.011199,0.007085,0.004474,
0.105364,0.109889,0.104034,0.101406,0.100658,0.094572,0.090578,0.086267,0.078740,0.073753,0.066667,0.057577,0.049096,0.043198,0.035965,0.027073,0.019981,0.015463,0.011329,0.007696,0.004817,
0.091023,0.101025,0.096264,0.092026,0.092797,0.086621,0.085352,0.078199,0.073411,0.068042,0.059958,0.054854,0.047730,0.039547,0.032878,0.027876,0.020882,0.014931,0.011665,0.008213,0.004973,
0.091640,0.090773,0.088110,0.084326,0.084677,0.079083,0.077666,0.070844,0.068518,0.061534,0.057886,0.050918,0.044236,0.039258,0.032029,0.026215,0.021202,0.015826,0.011862,0.008513,0.005325,
0.082140,0.082992,0.081276,0.076567,0.077180,0.073775,0.069837,0.067183,0.062326,0.058488,0.052718,0.047948,0.042494,0.036555,0.032588,0.026323,0.021726,0.016862,0.012165,0.008964,0.005904,
0.073487,0.074439,0.073623,0.069473,0.069894,0.068471,0.063738,0.062638,0.056935,0.054507,0.048924,0.045625,0.041518,0.036824,0.031650,0.027069,0.022314,0.017771,0.013726,0.009483,0.005761,
0.066365,0.068891,0.067428,0.063019,0.063186,0.063165,0.058259,0.056616,0.054759,0.050189,0.047648,0.043419,0.039762,0.035910,0.032000,0.027686,0.023537,0.019534,0.015098,0.009799,0.006656,
0.058672,0.062134,0.060437,0.056272,0.056827,0.057295,0.054179,0.050864,0.050711,0.048708,0.044050,0.042007,0.039141,0.035488,0.032441,0.029887,0.024981,0.021052,0.016449,0.010854,0.007434,
0.050055,0.053930,0.055060,0.050655,0.050584,0.050110,0.050863,0.047311,0.046132,0.044747,0.043123,0.040470,0.039298,0.035937,0.034362,0.031072,0.026519,0.023608,0.017819,0.011735,0.007495,
0.046119,0.052041,0.048177,0.046426,0.045449,0.045982,0.045777,0.044663,0.045268,0.044230,0.041963,0.041374,0.040566,0.037660,0.034611,0.031910,0.030121,0.025875,0.018903,0.012749,0.007580,
nan,0.043976,0.043759,0.044823,0.044192,0.043440,0.045188,0.042706,0.043912,0.044237,0.043178,0.041892,0.040448,0.037504,0.036967,0.035308,0.033059,0.026372,0.019871,0.012436,0.008077,
nan,nan,0.038293,0.041250,nan,nan,0.049345,0.043821,0.043508,0.045059,0.048064,0.042586,0.043571,0.036132,0.040643,0.038965,0.035497,0.026267,0.023927,0.013444,0.006928,
nan,0.156724,0.143405,0.147531,0.131900,0.139388,0.132109,0.120639,0.113749,0.104892,0.095010,0.079031,0.067551,0.052317,0.041806,0.030349,0.020146,0.015832,0.010092,0.006001,0.003637,
0.147082,0.151347,0.151194,0.146868,0.142837,0.137359,0.129406,0.122133,0.113740,0.102121,0.092672,0.079532,0.067736,0.056867,0.045539,0.034136,0.023817,0.015536,0.009776,0.007041,0.004209,
0.143774,0.148685,0.148259,0.143569,0.139026,0.132567,0.126250,0.120214,0.112968,0.103113,0.093414,0.080552,0.069982,0.057607,0.045303,0.034609,0.024547,0.016601,0.010520,0.007116,0.004315,
0.143807,0.144672,0.141361,0.140630,0.138371,0.130279,0.121516,0.113607,0.104636,0.094460,0.084883,0.074291,0.066304,0.055622,0.045567,0.035136,0.025916,0.016832,0.010803,0.007169,0.004336,
0.141088,0.142298,0.136376,0.134468,0.129041,0.124852,0.120604,0.113214,0.103742,0.093416,0.082279,0.071740,0.059806,0.048495,0.038594,0.030322,0.022791,0.016570,0.011394,0.007720,0.004578,
0.142496,0.134856,0.129552,0.128325,0.121845,0.119995,0.112659,0.103090,0.096734,0.090578,0.081558,0.071850,0.059935,0.048705,0.037475,0.027072,0.019902,0.015254,0.010896,0.007873,0.004563,
0.125854,0.127136,0.123315,0.117949,0.117200,0.112493,0.104541,0.101922,0.093390,0.082470,0.073011,0.066139,0.059004,0.049064,0.038054,0.028379,0.019385,0.013994,0.010267,0.007613,0.004737,
0.112005,0.117831,0.116721,0.108666,0.109463,0.101013,0.099728,0.092726,0.084153,0.079018,0.071566,0.061397,0.051160,0.044809,0.037803,0.028660,0.020520,0.013614,0.010006,0.007422,0.004866,
0.107570,0.107923,0.107981,0.100753,0.099974,0.094773,0.092148,0.083920,0.081660,0.072777,0.064612,0.058706,0.050816,0.041191,0.033361,0.027927,0.020957,0.014165,0.010086,0.007409,0.005009,
0.103230,0.097905,0.099313,0.092121,0.090899,0.088874,0.082235,0.079907,0.072916,0.066986,0.062336,0.053107,0.047055,0.040870,0.031802,0.026016,0.021361,0.015082,0.010074,0.007710,0.005186,
0.093392,0.091126,0.091592,0.084834,0.082566,0.082871,0.075031,0.073323,0.066779,0.063251,0.055583,0.051554,0.043969,0.037762,0.032549,0.025373,0.020231,0.015288,0.010680,0.007925,0.005312,
0.084442,0.081203,0.082671,0.077866,0.074804,0.075309,0.070437,0.066491,0.064285,0.056815,0.053500,0.046724,0.042635,0.036454,0.031047,0.025635,0.020302,0.016068,0.011817,0.008572,0.005672,
0.072667,0.072951,0.074991,0.072242,0.067487,0.068068,0.065511,0.060042,0.058266,0.054056,0.048971,0.045330,0.040372,0.035982,0.030661,0.025922,0.021305,0.017038,0.013074,0.008992,0.005889,
0.062702,0.067089,0.066350,0.065697,0.061381,0.060568,0.059968,0.056470,0.052602,0.051255,0.046174,0.042311,0.038925,0.034677,0.030136,0.026602,0.021775,0.017863,0.013848,0.009313,0.006537,
nan,0.058775,0.060610,0.059858,0.055518,0.053659,0.053733,0.052641,0.048796,0.046090,0.043923,0.040570,0.038218,0.034004,0.031139,0.027976,0.023072,0.019601,0.014935,0.010237,0.007182,
nan,0.053191,0.054011,0.053953,0.050680,0.048647,0.048461,0.047207,0.046163,0.043320,0.041822,0.038887,0.037144,0.034512,0.031884,0.028082,0.025200,0.021663,0.016389,0.011022,0.006923,
nan,0.045836,0.047518,0.048257,0.048126,0.045046,0.044993,0.044085,0.042890,0.041389,0.040854,0.038966,0.037305,0.035646,0.032396,0.029270,0.028021,0.023608,0.017438,0.012176,0.008469,
nan,0.042952,0.043004,0.044183,0.044269,0.043569,0.042863,0.043135,0.041439,0.041236,0.040028,0.039276,0.038741,0.037125,0.034894,0.033831,0.029624,0.024512,0.018868,0.012056,0.007562,
nan,0.042874,0.060979,0.043548,0.043114,0.039013,0.038159,0.035986,0.045640,0.036627,0.041034,0.043381,0.040882,0.038538,0.035477,0.031211,0.029919,0.024072,0.023519,0.014072,0.008160,
nan,0.158978,0.151337,0.153347,0.143809,0.136875,0.127805,0.121010,0.113490,0.101891,0.091535,0.075244,0.066964,0.055065,0.045821,0.033806,0.020861,0.015031,0.009447,0.006855,0.003285,
0.148465,0.151149,0.152544,0.149461,0.141137,0.136476,0.127991,0.121657,0.111318,0.103115,0.090969,0.080211,0.067879,0.054360,0.043346,0.033589,0.023922,0.015463,0.010006,0.006241,0.003729,
0.152413,0.150049,0.146100,0.142433,0.137648,0.135735,0.128630,0.120535,0.111695,0.100719,0.092551,0.080140,0.068145,0.055030,0.043517,0.032693,0.022904,0.015540,0.009555,0.006674,0.004062,
0.137025,0.147956,0.142147,0.141122,0.134472,0.128838,0.121883,0.114031,0.107763,0.099861,0.089750,0.079576,0.067865,0.055447,0.043854,0.032407,0.022863,0.015167,0.009860,0.006429,0.004093,
0.145044,0.139864,0.137524,0.134151,0.127339,0.127208,0.119442,0.110557,0.101054,0.091520,0.082665,0.073305,0.064790,0.054911,0.043728,0.032546,0.023591,0.015053,0.009769,0.006212,0.004068,
0.126709,0.133803,0.133529,0.124549,0.125461,0.119718,0.111347,0.105887,0.100019,0.089612,0.078328,0.066674,0.057602,0.049878,0.041758,0.032772,0.022791,0.015289,0.009859,0.006417,0.003852,
0.121089,0.125031,0.125028,0.116765,0.116942,0.108298,0.107653,0.099585,0.089758,0.085114,0.077799,0.067030,0.054944,0.044891,0.036659,0.030163,0.022593,0.015321,0.009724,0.006179,nan,
0.120709,0.116783,0.116310,0.110693,0.106994,0.104427,0.098606,0.091080,0.087871,0.077929,0.068728,0.063247,0.054399,0.044308,0.033721,0.026980,0.022181,0.015550,0.009921,0.006083,0.005078,
0.107693,0.107929,0.106496,0.103870,0.098034,0.097458,0.088684,0.087662,0.077909,0.073142,0.066076,0.056540,0.049923,0.043575,0.033654,0.025412,0.020337,0.015441,0.009931,0.006192,0.004920,
0.094401,0.099195,0.097031,0.097106,0.089243,0.088417,0.084478,0.077983,0.074202,0.066957,0.060425,0.054942,0.045977,0.039777,0.033370,0.025537,0.019468,0.015437,0.010148,0.006544,0.004941,
0.086137,0.089690,0.087645,0.088737,0.082009,0.079285,0.078099,0.071411,0.068876,0.061216,0.056789,0.049318,0.044831,0.037239,0.031770,0.025258,0.018793,0.015150,0.010647,0.007025,0.005109,
nan,0.082359,0.080428,0.080543,0.077888,0.071552,0.070517,0.067593,0.061341,0.058904,0.051816,0.047570,0.041594,0.036780,0.030177,0.025569,0.019834,0.015427,0.011212,0.007460,0.005320,
0.074861,0.074739,0.073188,0.072810,0.071993,0.065431,0.063790,0.062396,0.057693,0.052983,0.050071,0.043868,0.039799,0.034462,0.029623,0.025089,0.020389,0.015584,0.012262,0.008327,0.005689,
0.063703,0.065243,0.065536,0.066300,0.065062,0.061265,0.057801,0.055467,0.053992,0.049466,0.045844,0.042047,0.038464,0.033599,0.029482,0.025665,0.020862,0.016735,0.012876,0.008771,0.006342,
nan,0.058193,0.058231,0.059037,0.058151,0.056117,0.054127,0.049785,0.047847,0.046623,0.043594,0.039640,0.036992,0.033192,0.030063,0.026480,0.021743,0.018494,0.013883,0.009841,0.006514,
nan,0.052301,0.051440,0.051991,0.052123,0.050426,0.049282,0.046678,0.042978,0.042351,0.040810,0.037927,0.035942,0.033565,0.029972,0.026388,0.023444,0.020040,0.015570,0.010618,0.007041,
nan,0.047553,0.045268,0.045252,0.046636,0.045773,0.046338,0.042892,0.042196,0.040696,0.039643,0.037876,0.035761,0.033330,0.030943,0.028585,0.025646,0.022170,0.016121,0.011724,0.007802,
nan,0.042058,0.043231,0.044220,0.042787,0.042438,0.041366,0.040716,0.039559,0.039918,0.038988,0.036803,0.035367,0.034289,0.033440,0.029900,0.027386,0.023466,0.018515,0.012573,0.008401,
nan,nan,nan,nan,nan,0.046068,0.043241,0.040959,0.039933,0.039165,0.038824,0.039161,0.038625,0.035394,0.032778,0.031424,0.028787,0.022295,nan,0.013834,0.008160,
nan,0.154032,0.153189,0.149226,0.145812,0.138882,0.124956,0.124080,0.112492,nan,0.095950,0.079045,0.064387,0.056232,0.045258,0.028511,0.021424,0.015185,0.010653,0.007646,nan,
0.142694,0.153863,0.149950,0.147102,0.143217,0.135473,0.130832,0.120508,0.110371,0.102241,0.089778,0.076330,0.066013,0.056612,0.042948,0.031429,0.021970,0.014317,0.009081,0.006540,nan,
0.138049,0.152013,0.145795,0.146151,0.140755,0.136352,0.127652,0.119989,0.110601,0.101074,0.089009,0.078950,0.064467,0.053519,0.042290,0.030285,0.021743,0.014345,0.008760,0.006143,nan,
0.145481,0.144955,0.141869,0.140033,0.133619,0.129892,0.126203,0.118714,0.108385,0.098387,0.088517,0.075989,0.063246,0.052341,0.040809,0.029606,0.020303,0.013597,0.008813,0.005607,nan,
0.127068,0.136986,0.140078,0.132703,0.131776,0.125476,0.116063,0.108564,0.102463,0.096573,0.086600,0.074820,0.063819,0.051077,0.039688,0.029107,0.020108,0.012737,0.008585,0.005785,0.004519,
0.131987,0.129647,0.131569,0.125806,0.124191,0.116189,0.115218,0.106153,0.097196,0.086327,0.080470,0.072580,0.061450,0.050431,0.038325,0.028125,0.019167,0.012924,0.009153,0.006518,0.004522,
0.123728,0.123241,0.123204,0.123172,0.114177,0.113904,0.105149,0.097426,0.094774,0.084026,0.072396,0.065117,0.058937,0.049216,0.038247,0.028126,0.019058,0.013458,0.009608,0.007040,0.004475,
0.113453,0.112842,0.112551,0.114459,0.106559,0.103904,0.098051,0.093940,0.084930,0.079497,0.071480,0.060458,0.051032,0.045571,0.036905,0.027023,0.018979,0.013581,0.009807,0.007212,0.004514,
0.101292,0.104354,0.104169,0.105091,0.100170,0.094269,0.092532,0.083525,0.081228,0.072184,0.065974,0.059538,0.049321,0.040735,0.035655,0.026942,0.018825,0.013432,0.010323,0.006955,0.004380,
0.093494,0.095503,0.095536,0.095625,0.094308,0.085472,0.083206,0.080010,0.073101,0.068487,0.060703,0.053516,0.047625,0.038889,0.032926,0.026541,0.018988,0.013705,0.010375,0.006933,0.004375,
nan,0.087980,0.087306,0.087497,0.086550,0.081427,0.075006,0.073558,0.067529,0.061991,0.056790,0.050066,0.043433,0.037895,0.030218,0.025431,0.019266,0.014010,0.010633,0.006979,0.005237,
0.080266,0.081284,0.079013,0.079651,0.077669,0.075677,0.069589,0.065760,0.063452,0.057016,0.052566,0.047622,0.041735,0.036410,0.030101,0.024873,0.019300,0.014404,0.010747,0.007195,0.005043,
0.073525,0.072503,0.071827,0.071312,0.069866,0.068646,0.066264,0.059688,0.056791,0.054316,0.048966,0.043970,0.040008,0.033871,0.029345,0.023952,0.019690,0.014848,0.011643,0.007637,0.005384,
nan,0.066527,0.064842,0.063424,0.062525,0.061106,0.059893,0.056957,0.051485,0.048793,0.045630,0.042144,0.037613,0.033312,0.029138,0.024797,0.020037,0.016133,0.012043,0.008478,0.006261,
0.059761,0.057747,0.057361,0.056771,0.055782,0.054310,0.052586,0.051329,0.048881,0.045762,0.041907,0.039301,0.035916,0.032354,0.028574,0.024989,0.021360,0.017406,0.013242,0.009402,0.006403,
nan,0.050770,0.050354,0.049377,0.049079,0.048302,0.046767,0.045515,0.044219,0.043143,0.040719,0.037481,0.035427,0.032697,0.028956,0.025626,0.022316,0.019000,0.014677,0.010407,0.006787,
nan,0.045143,0.045977,0.046570,0.044461,0.043505,0.042139,0.042790,0.040899,0.040183,0.038671,0.036042,0.034451,0.032035,0.030828,0.027362,0.024341,0.021382,0.015482,0.011411,0.007637,
nan,0.041913,0.043529,0.041240,0.041450,0.041707,0.040524,0.038917,0.038635,0.040212,0.037628,0.035989,0.035120,0.034450,0.031956,0.028697,0.026170,0.021293,0.017732,0.012493,0.008336,
nan,nan,nan,nan,nan,0.035622,0.042003,0.039828,0.038855,0.038050,0.037379,0.041389,0.035592,0.035673,0.034561,0.030090,0.025001,0.020387,0.012860,0.015184,0.009429,
nan,0.153415,0.149010,0.154727,0.140276,0.139199,0.132550,0.128326,0.102300,0.101200,0.089027,0.079374,0.062873,0.053053,0.039999,0.035675,0.022112,0.014756,0.011165,0.006713,nan,
0.154467,0.151787,0.151460,0.147493,0.142332,0.137722,0.127303,0.119720,0.108486,0.100256,0.090640,0.078220,0.066259,0.053645,0.042034,0.029919,0.021022,0.014325,0.008985,0.005789,nan,
0.145362,0.150236,0.145739,0.144886,0.141370,0.135451,0.126306,0.116971,0.109209,0.097327,0.086700,0.075512,0.064097,0.052054,0.039442,0.028287,0.019370,0.012984,0.008368,0.005569,0.004745,
0.139741,0.141612,0.146987,0.138572,0.134956,0.133727,0.124234,0.116303,0.107353,0.096507,0.085689,0.073704,0.060326,0.050075,0.039140,0.028444,0.020661,0.014565,0.009845,0.006717,0.004352,
0.139354,0.136803,0.137893,0.132177,0.130944,0.123738,0.118399,0.113426,0.104170,0.094090,0.082842,0.072002,0.059493,0.048086,0.039066,0.030384,0.022673,0.016111,0.010829,0.007223,0.004197,
0.123455,0.128780,0.130042,0.130344,0.121315,0.121468,0.112639,0.103822,0.099372,0.091562,0.080684,0.068946,0.057140,0.046397,0.038836,0.030989,0.023111,0.015935,0.010247,0.006741,0.003912,
0.128598,0.120225,0.120711,0.122128,0.116303,0.110581,0.105489,0.100993,0.091004,0.083426,0.078207,0.067315,0.054939,0.044871,0.036653,0.029685,0.022396,0.014952,0.009296,0.005950,0.004532,
0.116924,0.112780,0.112905,0.112360,0.110469,0.101423,0.099638,0.089529,0.088211,0.077866,0.069577,0.064186,0.053713,0.043184,0.034309,0.028196,0.021900,0.014257,0.008889,0.005555,0.004461,
0.102578,0.103477,0.103628,0.103081,0.101397,0.097725,0.088786,0.087616,0.077786,0.074857,0.065107,0.056698,0.051733,0.041524,0.031773,0.026326,0.020602,0.013517,0.008728,0.006361,0.004438,
0.095518,0.095370,0.094776,0.093251,0.091865,0.090427,0.082816,0.078344,0.075528,0.066170,0.062255,0.053335,0.046082,0.040547,0.031031,0.025486,0.019792,0.013517,0.009276,0.007137,0.004455,
0.086895,0.087482,0.086088,0.084061,0.082602,0.081176,0.079112,0.071948,0.067449,0.063945,0.055388,0.051184,0.043726,0.038230,0.030853,0.023811,0.019386,0.013551,0.009931,0.006953,0.004764,
nan,0.080551,0.077835,0.076493,0.075273,0.073005,0.071768,0.068025,0.061689,0.057406,0.053702,0.046242,0.041605,0.034746,0.029995,0.023428,0.019269,0.013891,0.010707,0.007228,0.005326,
nan,0.073142,0.070216,0.069680,0.067883,0.065163,0.063709,0.061224,0.058317,0.053562,0.048228,0.044254,0.039330,0.034108,0.029330,0.023583,0.019565,0.014502,0.011424,0.007470,0.005246,
0.070115,0.065108,0.063150,0.063294,0.060695,0.059191,0.056718,0.054561,0.052090,0.049890,0.045754,0.040498,0.037154,0.033068,0.027993,0.024305,0.019939,0.015684,0.011618,0.007849,0.005813,
nan,0.056653,0.055997,0.055171,0.055094,0.053594,0.052559,0.049390,0.047103,0.044883,0.042645,0.039081,0.035741,0.032119,0.028023,0.024088,0.020778,0.016818,0.012567,0.009261,0.006120,
0.051185,0.051471,0.048285,0.048880,0.050436,0.050036,0.047518,0.046640,0.045094,0.042417,0.040140,0.036852,0.034371,0.031636,0.028579,0.025205,0.021559,0.018243,0.014256,0.010437,0.006972,
nan,0.044971,0.046174,0.044984,0.045787,0.044213,0.043410,0.041610,0.041039,0.038709,0.036594,0.034360,0.032908,0.031299,0.029475,0.026652,0.023059,0.020824,0.015414,0.010833,0.007867,
nan,0.041855,0.043943,0.044430,0.039353,0.041509,0.040019,0.038829,0.038771,0.037792,0.034811,0.034463,0.033525,0.031449,0.030614,0.028442,0.024062,0.020397,0.017118,0.012629,0.008904,
nan,nan,nan,0.036097,0.042878,0.043841,0.041498,0.035859,0.031937,0.042063,0.031731,0.031987,0.032542,0.031344,0.029514,0.026662,0.025737,0.021996,0.013902,0.012222,0.007860,
nan,0.159139,0.150153,0.137924,0.140419,0.137697,0.126864,0.123274,0.102928,0.103542,0.088325,0.077673,0.063949,0.050965,0.043698,0.031409,0.020819,0.015533,0.011121,0.005432,nan,
0.145409,0.151808,0.150757,0.145053,0.142039,0.134141,0.127486,0.116575,0.109717,0.100174,0.088981,0.075355,0.063467,0.052350,0.039927,0.029457,0.020772,0.013767,0.008814,0.005322,nan,
0.146176,0.148322,0.149217,0.144604,0.141082,0.132978,0.125103,0.115606,0.106240,0.095274,0.085241,0.073941,0.063179,0.051568,0.040505,0.031275,0.022468,0.015739,0.009825,0.006566,0.004947,
0.140335,0.142863,0.143269,0.136925,0.137032,0.130317,0.123391,0.113216,0.104362,0.092971,0.084650,0.075672,0.067696,0.055863,0.046760,0.035055,0.025227,0.016066,0.010347,0.006822,0.004016,
0.134718,0.137429,0.136773,0.136871,0.128417,0.125803,0.120563,0.111020,0.102002,0.090735,0.082094,0.074211,0.065829,0.054519,0.043358,0.032518,0.022710,0.014742,0.009488,0.005898,0.003982,
0.126580,0.131758,0.128348,0.129289,0.124381,0.118467,0.110244,0.108683,0.098821,0.087108,0.076325,0.070102,0.063100,0.052893,0.040267,0.029360,0.020192,0.013274,0.008429,0.005662,0.004453,
0.118282,0.122971,0.120031,0.118898,0.118198,0.110167,0.107128,0.096579,0.095391,0.085190,0.072552,0.064032,0.058598,0.049529,0.038333,0.027962,0.018515,0.013099,0.009160,0.006676,0.004263,
0.108898,0.114969,0.110846,0.110284,0.108365,0.106601,0.095595,0.094368,0.083992,0.081081,0.070789,0.059952,0.053475,0.046132,0.035850,0.025415,0.018604,0.014411,0.009990,0.006524,0.004130,
0.106437,0.104880,0.101648,0.099460,0.098347,0.096355,0.093046,0.084201,0.081536,0.071090,0.067430,0.057628,0.048430,0.043794,0.034034,0.025043,0.019120,0.014655,0.009600,0.005949,0.004522,
0.097438,0.094964,0.093068,0.090802,0.089288,0.086226,0.084432,0.081199,0.071994,0.068866,0.059286,0.055430,0.045745,0.040350,0.032365,0.024404,0.019149,0.014395,0.008913,0.006056,0.004495,
0.088247,0.087326,0.085838,0.084923,0.083364,0.078102,0.076029,0.072819,0.069467,0.061112,0.056873,0.049382,0.044227,0.036283,0.031236,0.023858,0.018905,0.013685,0.009154,0.006992,0.004590,
0.078479,0.078593,0.077934,0.079084,0.077627,0.073496,0.069325,0.065139,0.062235,0.059100,0.051992,0.046851,0.042304,0.035263,0.030356,0.023950,0.019168,0.013890,0.010086,0.007093,0.004635,
0.070388,0.072322,0.070047,0.072665,0.072135,0.068884,0.065459,0.061599,0.056157,0.052774,0.048953,0.044162,0.038336,0.034126,0.028725,0.023404,0.019419,0.014190,0.011269,0.007461,0.005197,
0.063734,0.063606,0.063733,0.066321,0.064820,0.062108,0.059788,0.056718,0.053885,0.049152,0.045099,0.041096,0.036981,0.032901,0.027817,0.023542,0.019452,0.015230,0.011630,0.007867,0.005783,
nan,0.056867,0.057574,0.059460,0.057925,0.054944,0.053120,0.050605,0.048721,0.045015,0.042680,0.038829,0.035404,0.031652,0.027902,0.023894,0.019989,0.016266,0.012358,0.008951,0.006067,
0.055704,0.049221,0.050953,0.053651,0.051026,0.047679,0.047076,0.043986,0.043001,0.040012,0.038690,0.036169,0.033255,0.031420,0.027772,0.025239,0.021215,0.017483,0.014135,0.010402,0.006560,
nan,0.042664,0.043333,0.049041,0.044617,0.042871,0.041062,0.041054,0.040806,0.038771,0.036222,0.034172,0.032454,0.030481,0.027161,0.026093,0.021787,0.020067,0.015432,0.011281,0.007965,
nan,0.042932,0.046502,0.041951,0.041658,0.040291,0.039126,0.037793,0.037875,0.034749,0.035504,0.033459,0.032543,0.030380,0.028290,0.026430,0.023131,0.020405,0.016534,0.012437,0.009726,
nan,nan,0.038767,0.043321,0.040512,nan,0.036839,0.037848,0.034723,0.035490,0.029599,0.032547,0.030645,0.031041,0.028890,0.027572,0.023114,0.023099,0.016063,0.016128,0.010678,
nan,0.156107,0.139654,0.153060,0.150528,0.144657,0.134120,0.121029,0.118623,0.108824,0.090025,0.074909,0.069223,0.055424,0.041136,0.030620,0.024328,0.014459,0.009533,0.006647,nan,
0.155322,0.152307,0.150156,0.146051,0.141111,0.134762,0.125562,0.118525,0.110899,0.097641,0.088893,0.072451,0.064165,0.051072,0.039286,0.029391,0.020264,0.014719,0.008194,0.005292,0.004306,
0.151684,0.147160,0.148409,0.145484,0.138690,0.131977,0.122928,0.117021,0.106635,0.100026,0.092019,0.079678,0.068883,0.057975,0.045073,0.034526,0.025548,0.017415,0.010584,0.007154,0.004681,
0.147615,0.143985,0.142296,0.141725,0.135342,0.130179,0.120081,0.113633,0.107946,0.100731,0.089760,0.079068,0.066733,0.054921,0.043372,0.031540,0.022330,0.014673,0.009123,0.006107,0.003923,
0.135586,0.138468,0.135251,0.135090,0.128869,0.126092,0.117585,0.107116,0.103745,0.097005,0.086387,0.074558,0.062993,0.050947,0.039491,0.028559,0.019722,0.012695,0.008618,0.005739,0.004359,
0.126711,0.132539,0.127723,0.127123,0.125420,0.115916,0.114280,0.105206,0.095228,0.091896,0.082833,0.070708,0.058759,0.047124,0.036630,0.027819,0.020423,0.015108,0.010287,0.006858,0.004055,
0.122617,0.124555,0.119988,0.118682,0.114984,0.114099,0.103222,0.102325,0.091575,0.082225,0.078656,0.067587,0.055138,0.044936,0.036325,0.029294,0.022076,0.014861,0.009213,0.005923,0.003812,
0.112636,0.114296,0.111822,0.108813,0.106035,0.102807,0.100529,0.090128,0.087627,0.077195,0.071921,0.063901,0.052272,0.042600,0.036206,0.028872,0.020772,0.013024,0.008409,0.005741,0.004333,
0.102624,0.105218,0.104163,0.105616,0.101577,0.093239,0.089982,0.088108,0.078040,0.074721,0.064098,0.060408,0.049997,0.039866,0.034411,0.026837,0.018838,0.012537,0.009377,0.006802,0.004086,
0.095833,0.097025,0.097055,0.097406,0.094985,0.089823,0.083136,0.077727,0.074646,0.066264,0.061152,0.052819,0.047339,0.038354,0.033099,0.025562,0.018003,0.013910,0.009722,0.006120,0.004410,
0.086082,0.086982,0.089293,0.087875,0.085543,0.082834,0.079005,0.072573,0.066308,0.062794,0.057695,0.049697,0.045260,0.036981,0.030994,0.024190,0.017801,0.014163,0.009487,0.006167,0.004651,
0.079744,0.078184,0.082183,0.079797,0.077529,0.074321,0.070960,0.068020,0.064354,0.057338,0.052166,0.047420,0.040133,0.035440,0.029229,0.023874,0.018233,0.013910,0.009548,0.007168,0.004845,
0.071481,0.071985,0.074651,0.072659,0.070238,0.066415,0.063566,0.060485,0.057654,0.053551,0.049709,0.043460,0.038962,0.034343,0.028180,0.023296,0.018607,0.014193,0.010421,0.007453,0.005072,
0.066741,0.064920,0.067479,0.065202,0.063171,0.059027,0.056906,0.054359,0.052055,0.048385,0.045350,0.041199,0.036969,0.032859,0.028169,0.023340,0.019009,0.014973,0.011576,0.008083,0.005700,
0.057713,0.057604,0.060024,0.057612,0.055824,0.052414,0.051935,0.050489,0.047904,0.046055,0.041396,0.037940,0.034560,0.031575,0.027489,0.023777,0.019358,0.015895,0.012212,0.008493,0.006213,
0.048362,0.044594,0.052981,0.051403,0.048632,0.048077,0.047818,0.045677,0.043096,0.041227,0.038364,0.035674,0.033199,0.030692,0.027108,0.025288,0.020619,0.017398,0.013759,0.010390,0.007029,
0.042205,0.045900,0.046592,0.046737,0.043054,0.042982,0.042664,0.040575,0.038514,0.037683,0.035243,0.034247,0.032798,0.029554,0.027485,0.025025,0.021813,0.019538,0.015419,0.011477,0.008573,
nan,0.048110,0.044114,0.041225,0.040215,0.040143,0.041486,0.037630,0.035306,0.036181,0.033440,0.033844,0.032662,0.029969,0.028051,0.026656,0.022826,0.020753,0.016628,0.012504,0.009929,
nan,nan,0.035720,nan,0.038805,0.039715,0.049280,0.034198,0.035343,0.032901,0.033458,0.029198,0.030062,0.029585,0.027797,0.026029,0.026956,0.023474,0.018355,0.014146,0.012012,
nan,0.156322,0.148576,0.153917,0.144577,0.136371,0.131327,0.117043,0.116408,0.093466,0.094878,0.079383,0.065081,0.053068,0.039936,0.031415,0.020299,0.014468,0.008484,0.005648,nan,
0.154276,0.153118,0.148863,0.144797,0.139245,0.133825,0.125739,0.120325,0.110304,0.100413,0.088867,0.076068,0.065446,0.055349,0.042304,0.032264,0.022436,0.014192,0.009561,0.005835,0.004931,
0.151470,0.148555,0.149279,0.143290,0.136042,0.128192,0.129372,0.122548,0.113739,0.102205,0.094195,0.080454,0.069927,0.058089,0.045293,0.034788,0.023988,0.016253,0.009951,0.006675,0.004183,
0.146065,0.143676,0.140703,0.141479,0.134946,0.128377,0.127145,0.119337,0.108812,0.099031,0.088138,0.075975,0.063289,0.052117,0.039704,0.029577,0.020745,0.012956,0.008506,0.005621,0.004454,
0.136239,0.137542,0.135039,0.133729,0.131713,0.124459,0.118273,0.113906,0.104652,0.094056,0.083138,0.071960,0.060165,0.049019,0.039564,0.030077,0.022330,0.015568,0.010062,0.006698,0.004031,
0.128493,0.130507,0.129862,0.125058,0.122132,0.121197,0.111134,0.106963,0.100220,0.089543,0.077472,0.066903,0.058670,0.052502,0.041745,0.031414,0.021757,0.013993,0.008745,0.005611,0.003642,
0.128185,0.120636,0.124250,0.125244,0.117089,0.109883,0.108531,0.097306,0.095068,0.085583,0.073177,0.064491,0.058468,0.049673,0.038154,0.027977,0.018426,0.012841,0.008804,0.006391,0.004054,
0.112570,0.112064,0.117562,0.114189,0.111007,0.106133,0.096480,0.094314,0.083968,0.081646,0.069763,0.060303,0.055379,0.045677,0.034323,0.025092,0.019849,0.014615,0.009530,0.006103,0.003988,
0.102431,0.104032,0.108585,0.104414,0.100812,0.097986,0.093999,0.084543,0.080655,0.071203,0.066394,0.056192,0.051767,0.042455,0.031993,0.025898,0.020512,0.013524,0.008551,0.005814,0.004295,
0.099116,0.096584,0.099005,0.094802,0.091136,0.088033,0.085009,0.080622,0.072859,0.067124,0.062955,0.053664,0.047619,0.039906,0.030210,0.026283,0.019102,0.012848,0.009052,0.006464,0.004153,
0.088560,0.088351,0.090421,0.086482,0.083152,0.078727,0.075624,0.071921,0.068955,0.064460,0.055706,0.050531,0.043046,0.037584,0.029385,0.025165,0.017937,0.013233,0.009763,0.006315,0.004587,
0.079885,0.080083,0.082670,0.078386,0.075022,0.072190,0.069843,0.065922,0.061046,0.057408,0.052849,0.048054,0.040928,0.035973,0.028997,0.024270,0.018034,0.014241,0.009838,0.006678,0.004934,
0.075530,0.073352,0.074745,0.070862,0.067486,0.066773,0.066335,0.062718,0.059346,0.054726,0.048572,0.043896,0.038919,0.034956,0.028713,0.023409,0.018301,0.014299,0.010173,0.007605,0.004962,
0.064098,0.064879,0.067528,0.063238,0.060539,0.062561,0.060162,0.056019,0.053030,0.049135,0.044970,0.041306,0.037291,0.032142,0.028196,0.023228,0.018681,0.015018,0.011317,0.008008,0.005932,
0.057560,0.057798,0.059724,0.055806,0.054957,0.055762,0.052724,0.049155,0.046593,0.043221,0.040778,0.037692,0.034904,0.031386,0.027289,0.024072,0.019379,0.015787,0.012424,0.008959,0.006343,
nan,0.053002,0.051317,0.049450,0.049610,0.048682,0.046214,0.043537,0.043056,0.040703,0.038482,0.036706,0.033484,0.030272,0.026992,0.024335,0.020438,0.017283,0.013536,0.010176,0.007151,
0.042270,0.047416,0.047011,0.043338,0.044680,0.043501,0.040478,0.040195,0.039500,0.037029,0.035754,0.034542,0.033034,0.029227,0.027587,0.025407,0.021836,0.019423,0.015556,0.011909,0.008731,
nan,0.040673,0.040976,0.042421,0.040040,0.040674,0.037791,0.037602,0.035612,0.034649,0.034574,0.033060,0.030847,0.029919,0.028028,0.025863,0.022855,0.020903,0.017162,0.013300,0.010265,
nan,0.041156,0.044491,nan,0.039438,0.035672,0.038366,0.039928,0.036778,0.034841,0.031820,0.033265,0.031110,0.033520,0.028407,0.029258,0.023922,0.022618,0.016385,0.013447,0.010536,
nan,0.148516,0.148215,0.142942,0.141577,0.136069,0.125474,0.122026,0.109263,0.104213,0.093771,0.082610,0.063389,0.048849,0.043313,0.028653,0.018268,0.012344,0.008010,0.005381,nan,
0.149083,0.152693,0.148194,0.146372,0.138344,0.134841,0.126949,0.120092,0.116139,0.099462,0.091381,0.079501,0.068274,0.055626,0.044938,0.032893,0.024320,0.015655,0.009806,0.006436,0.004565,
0.140253,0.145725,0.146392,0.141880,0.142080,0.137097,0.128568,0.120265,0.110994,0.100979,0.090984,0.080129,0.066710,0.054446,0.042808,0.031032,0.022311,0.014768,0.009095,0.006156,0.003722,
0.146330,0.143751,0.140736,0.140091,0.131129,0.133604,0.124563,0.115070,0.107236,0.095393,0.085118,0.073233,0.061497,0.051680,0.040538,0.030337,0.021313,0.014485,0.009524,0.006346,0.004222,
0.143917,0.139532,0.139700,0.131903,0.129925,0.125124,0.120449,0.111099,0.101929,0.090754,0.082405,0.074036,0.065353,0.053854,0.043353,0.032622,0.022589,0.014583,0.009445,0.005815,0.003630,
0.130079,0.131970,0.134064,0.131946,0.126274,0.117859,0.115759,0.106304,0.096653,0.087712,0.083329,0.072468,0.061100,0.049407,0.037888,0.027869,0.018938,0.013002,0.009136,0.005987,0.004017,
0.119635,0.125647,0.125749,0.120639,0.118186,0.115166,0.104018,0.102699,0.091945,0.081776,0.078972,0.067865,0.055781,0.045093,0.036011,0.028706,0.021477,0.014767,0.009359,0.006163,0.003750,
0.113057,0.117634,0.117036,0.111467,0.107890,0.104862,0.101828,0.090420,0.087518,0.076588,0.073500,0.063143,0.051661,0.044151,0.037349,0.028265,0.019238,0.012843,0.008355,0.005809,0.004223,
0.104135,0.108194,0.107583,0.101644,0.098012,0.094306,0.090626,0.087437,0.079867,0.072918,0.066244,0.058708,0.048757,0.043160,0.034570,0.025208,0.018229,0.013618,0.009428,0.006232,0.003848,
0.094434,0.097969,0.098651,0.093285,0.088897,0.086746,0.081742,0.076776,0.073791,0.069359,0.059756,0.055148,0.045486,0.041398,0.031894,0.024050,0.019785,0.013967,0.008805,0.005866,0.004259,
0.086380,0.090937,0.089799,0.084941,0.082733,0.083484,0.079814,0.075039,0.068821,0.061316,0.056870,0.051787,0.043776,0.038996,0.030579,0.024391,0.018532,0.012961,0.009259,0.006687,0.004482,
0.080083,0.083374,0.080729,0.076817,0.077238,0.075604,0.071644,0.067682,0.063162,0.059119,0.053814,0.046467,0.041327,0.036361,0.029484,0.024430,0.018457,0.013574,0.010126,0.006484,0.005196,
0.071307,0.074418,0.073475,0.068987,0.070657,0.068343,0.063544,0.060006,0.056415,0.052767,0.048675,0.044273,0.039496,0.033666,0.028995,0.024183,0.018686,0.014962,0.010239,0.007689,0.005189,
0.072539,0.064803,0.064926,0.062849,0.063964,0.061354,0.056997,0.055649,0.053108,0.049602,0.045977,0.041426,0.036960,0.032451,0.027984,0.023718,0.018892,0.014854,0.011342,0.008161,0.005599,
0.054291,0.063064,0.057627,0.055014,0.057156,0.054226,0.051769,0.051139,0.047852,0.045119,0.041705,0.038739,0.034999,0.031597,0.027438,0.024484,0.019477,0.016103,0.012173,0.008978,0.006559,
0.050701,0.054398,0.051397,0.049795,0.049789,0.046831,0.047152,0.045267,0.042677,0.040694,0.039449,0.036564,0.034034,0.030214,0.027175,0.023906,0.020850,0.017322,0.013903,0.010350,0.007716,
0.043773,0.049162,0.046061,0.045178,0.044370,0.041549,0.042923,0.039816,0.039041,0.038582,0.037220,0.033804,0.032135,0.029758,0.027846,0.025280,0.021853,0.019349,0.015763,0.012195,0.008889,
nan,nan,0.041122,0.044810,0.038460,0.040553,0.038040,0.036973,0.034782,0.035623,0.034820,0.033478,0.031882,0.028159,0.027017,0.026959,0.024421,0.021479,0.017333,0.013196,0.010899,
nan,0.040088,nan,0.037972,0.037231,0.037814,nan,0.037890,0.035638,0.039447,0.034073,0.031852,0.032485,0.028498,0.028507,0.026892,0.025568,0.021842,0.019251,0.014134,0.014769,
nan,0.151958,0.153447,0.145232,0.143388,0.129274,0.122501,0.123636,0.116557,0.101209,0.093416,0.079858,0.067820,0.060110,0.039996,0.029137,0.019773,0.015021,0.009215,0.004840,nan,
0.147805,0.151438,0.146080,0.147129,0.142076,0.136042,0.130318,0.122897,0.114096,0.102830,0.090803,0.080895,0.068857,0.058587,0.043918,0.033249,0.024710,0.014775,0.009649,0.006602,0.004257,
0.158251,0.148803,0.146037,0.148254,0.142067,0.135412,0.126062,0.119228,0.110495,0.100273,0.088227,0.078784,0.064737,0.053831,0.041388,0.030150,0.021226,0.013903,0.008508,0.005933,0.004007,
0.145326,0.146036,0.149826,0.137407,0.138223,0.129981,0.122849,0.113391,0.104148,0.095640,0.086125,0.076291,0.066423,0.054213,0.043685,0.033250,0.023320,0.015301,0.009552,0.006460,0.004203,
0.141402,0.141209,0.140650,0.139748,0.128368,0.126986,0.117704,0.107980,0.104611,0.096489,0.086593,0.074671,0.062906,0.051214,0.039554,0.028772,0.019771,0.013466,0.008477,0.005612,0.004303,
0.136079,0.134231,0.132520,0.128587,0.125415,0.118103,0.113502,0.103636,0.101894,0.091261,0.080054,0.068681,0.057405,0.048145,0.039800,0.030692,0.022088,0.014676,0.009410,0.006175,0.003971,
0.121328,0.126401,0.123962,0.119364,0.115049,0.112496,0.109424,0.098210,0.095067,0.085799,0.073486,0.064952,0.058054,0.049608,0.038658,0.028358,0.019230,0.012721,0.008354,0.005907,0.004183,
0.114241,0.118911,0.114240,0.109724,0.105378,0.101015,0.097493,0.094831,0.083714,0.080702,0.068956,0.063025,0.054842,0.044538,0.034134,0.026224,0.020266,0.014387,0.009298,0.006125,0.003765,
0.105176,0.108199,0.104223,0.100445,0.101619,0.099156,0.094698,0.083402,0.079686,0.075563,0.065576,0.059797,0.050772,0.040846,0.033421,0.027233,0.019670,0.012757,0.008508,0.005843,0.004231,
0.094312,0.099114,0.095074,0.091533,0.094130,0.089617,0.085224,0.080128,0.076780,0.065943,0.061595,0.054012,0.047181,0.038418,0.033384,0.025203,0.017805,0.013817,0.009377,0.006274,0.004035,
0.085222,0.089415,0.086798,0.084781,0.085545,0.080657,0.075828,0.072323,0.067724,0.062947,0.058078,0.049123,0.044144,0.036705,0.031065,0.023692,0.018845,0.013870,0.008914,0.006298,0.004449,
0.080820,0.081220,0.080188,0.078624,0.077744,0.073222,0.069625,0.067658,0.063954,0.058926,0.052105,0.047699,0.041622,0.034560,0.029751,0.023276,0.018801,0.013445,0.009982,0.006937,0.004572,
0.071964,0.075153,0.072120,0.071666,0.070176,0.065925,0.065223,0.062219,0.057941,0.053552,0.048878,0.044510,0.040194,0.033963,0.028927,0.023896,0.018611,0.014541,0.010461,0.007066,0.005425,
0.064748,0.067875,0.065453,0.065134,0.062930,0.060050,0.059520,0.055761,0.051888,0.048639,0.045284,0.040929,0.036979,0.032731,0.028214,0.023832,0.018872,0.015518,0.011259,0.008503,0.005531,
0.054760,0.056967,0.056345,0.057718,0.055734,0.054939,0.052436,0.049230,0.048483,0.045735,0.042421,0.039195,0.035182,0.031596,0.027446,0.023987,0.019611,0.015700,0.012610,0.009130,0.006762,
0.047143,0.055005,0.049800,0.051435,0.047991,0.048680,0.045495,0.044971,0.043683,0.040824,0.038222,0.036460,0.033848,0.030120,0.027373,0.024224,0.021180,0.017382,0.014123,0.010330,0.007652,
0.048546,0.048670,0.045632,0.043521,0.041998,0.043624,0.040543,0.041017,0.040179,0.036264,0.036244,0.034225,0.032637,0.029292,0.027363,0.025913,0.021834,0.019144,0.015855,0.012672,0.009613,
nan,nan,0.038123,0.041889,0.039311,0.038482,0.037076,0.036631,0.036166,0.034559,0.034131,0.031849,0.031642,0.029543,0.028173,0.026293,0.024367,0.022096,0.017435,0.014769,0.011594,
nan,nan,nan,0.042462,nan,0.037057,0.038876,0.038395,0.042036,0.033475,0.033097,0.032031,0.031136,0.028861,0.030024,0.028235,0.023537,0.020771,0.018725,0.015023,0.011555,
nan,0.157035,0.152619,0.142264,0.147930,0.135232,0.133483,0.117261,0.111540,0.099573,0.089739,0.072629,0.068330,0.052921,0.038306,0.026563,0.020315,0.014045,0.007899,0.007232,nan,
0.153630,0.149939,0.153612,0.146550,0.144525,0.137338,0.131196,0.121003,0.113844,0.102092,0.093496,0.079475,0.069924,0.055675,0.045808,0.033280,0.022546,0.015143,0.009773,0.006808,0.004056,
0.148521,0.151738,0.144833,0.146214,0.140819,0.134860,0.126132,0.116660,0.109097,0.098247,0.087757,0.075477,0.063219,0.052402,0.041739,0.030427,0.021210,0.014278,0.008720,0.005994,0.004123,
0.141146,0.147580,0.143037,0.133485,0.136499,0.129378,0.121178,0.116253,0.107282,0.098483,0.088210,0.078675,0.066672,0.055148,0.043543,0.032478,0.023707,0.015203,0.009261,0.006388,0.004426,
0.133515,0.141776,0.138751,0.136166,0.133613,0.123782,0.119092,0.113695,0.104163,0.094713,0.082881,0.072213,0.060436,0.049730,0.039445,0.029891,0.021283,0.014360,0.009224,0.006049,0.003803,
0.128795,0.135070,0.131457,0.126014,0.122103,0.120661,0.109026,0.107811,0.098021,0.087782,0.078649,0.072199,0.061943,0.051371,0.040261,0.029924,0.020421,0.013104,0.008798,0.005495,0.004007,
0.127389,0.124833,0.122119,0.117390,0.114554,0.108072,0.105150,0.102523,0.091857,0.082556,0.078630,0.067983,0.056335,0.045883,0.035937,0.027910,0.020629,0.014481,0.009539,0.006277,0.003791,
0.117522,0.115493,0.112015,0.109539,0.111070,0.106560,0.102769,0.089979,0.086934,0.077032,0.072623,0.061852,0.052335,0.045509,0.037372,0.027839,0.018774,0.012777,0.008436,0.005950,0.004010,
0.102901,0.107472,0.103360,0.102131,0.100747,0.095670,0.090955,0.085970,0.083072,0.071725,0.067221,0.057335,0.051079,0.043137,0.033171,0.024556,0.019596,0.014253,0.009111,0.005919,0.003887,
0.097153,0.097886,0.094219,0.095478,0.091645,0.086607,0.082841,0.077576,0.072787,0.067985,0.063547,0.053890,0.049000,0.040013,0.031225,0.026279,0.019104,0.012709,0.008924,0.006489,0.004200,
0.089096,0.091105,0.085960,0.087936,0.083117,0.080855,0.078740,0.074559,0.069485,0.064702,0.055813,0.050829,0.045808,0.037334,0.031624,0.024608,0.017721,0.014161,0.009601,0.006138,0.004601,
0.078650,0.082492,0.078166,0.079698,0.075190,0.075115,0.071683,0.066825,0.062028,0.057547,0.053110,0.048028,0.043049,0.035717,0.030616,0.023656,0.019010,0.014007,0.009663,0.007028,0.004825,
0.070031,0.074011,0.072084,0.072513,0.068545,0.068443,0.064025,0.061406,0.058608,0.055124,0.050126,0.045403,0.038740,0.034525,0.029216,0.023013,0.018761,0.014080,0.010945,0.007277,0.005631,
0.067851,0.067045,0.064678,0.064549,0.061526,0.061910,0.057294,0.056711,0.053673,0.049392,0.045491,0.041583,0.037276,0.032882,0.028522,0.023036,0.019271,0.015562,0.011537,0.008485,0.005837,
0.056958,0.059254,0.057309,0.057828,0.055491,0.054648,0.050231,0.051033,0.047690,0.044719,0.042381,0.039558,0.035836,0.031712,0.027631,0.023648,0.019756,0.016369,0.012639,0.009301,0.006747,
0.047207,0.052487,0.050006,0.050448,0.049809,0.047530,0.047161,0.044860,0.042611,0.041034,0.038460,0.036681,0.033631,0.030140,0.027631,0.024511,0.021374,0.017438,0.014188,0.010749,0.007997,
0.043519,0.046035,0.045116,0.044516,0.044824,0.042838,0.040892,0.039496,0.039298,0.036702,0.035249,0.034461,0.032899,0.030214,0.027842,0.025518,0.022466,0.019357,0.016461,0.013385,0.009133,
nan,0.043060,0.039390,0.040348,0.039844,0.039315,0.037448,0.037267,0.036169,0.033569,0.033807,0.033629,0.031725,0.030483,0.028618,0.026814,0.023620,0.021556,0.018225,0.015104,0.012168,
nan,nan,0.044502,0.036200,0.034174,nan,0.033574,0.036290,0.036380,0.035241,0.032630,0.031348,0.031562,0.032949,0.027035,0.030751,0.028510,0.022872,0.019451,0.015651,0.012611,
nan,0.151595,0.148161,0.148274,0.142415,0.131176,0.127300,0.120163,0.114994,0.099060,0.086991,0.072336,0.065279,0.054257,0.040759,0.031069,0.019865,0.013308,0.009088,0.005338,nan,
0.147236,0.151582,0.143785,0.148258,0.143722,0.138083,0.131752,0.123594,0.112907,0.102495,0.090740,0.080572,0.069975,0.056293,0.045325,0.034029,0.024033,0.015426,0.009955,0.006649,0.004014,
0.145045,0.148203,nan,0.145381,0.138298,0.132687,0.125789,0.117138,0.106099,0.098119,0.089480,0.076776,0.065615,0.054362,0.042518,0.030885,0.022081,0.014898,0.009015,0.005853,0.004243,
0.145291,0.147687,0.145259,0.143845,0.133986,0.129546,0.127048,0.118998,0.108502,0.098992,0.090148,0.077362,0.065004,0.053858,0.041961,0.031143,0.021058,0.014279,0.008622,0.005623,0.003998,
0.141949,0.140775,0.137653,0.133215,0.130425,0.125255,0.119909,0.110545,0.102654,0.091313,0.083759,0.073700,0.063394,0.052609,0.042508,0.031961,0.022300,0.014693,0.009521,0.006309,0.003826,
0.128617,0.133955,0.128801,0.124510,0.128165,0.117347,0.114554,0.104718,0.097853,0.092343,0.081538,0.070471,0.058909,0.047869,0.037840,0.028339,0.020286,0.013642,0.009041,0.005879,0.004109,
0.120466,0.127214,0.120409,0.122151,0.118681,0.114209,0.111159,0.098943,0.095017,0.085983,0.074458,0.064956,0.057491,0.049222,0.039123,0.029309,0.020284,0.013105,0.008383,0.005513,0.003915,
0.115077,0.117567,0.112009,0.112829,0.107509,0.102826,0.098047,0.093844,0.087955,0.079774,0.068440,0.064522,0.054131,0.044393,0.034467,0.026471,0.020035,0.014070,0.009201,0.006384,0.003843,
0.107302,0.107431,0.103509,0.104570,0.097825,0.095602,0.095559,0.086900,0.078759,0.073495,0.065391,0.059497,0.049521,0.041920,0.035201,0.026610,0.018767,0.012773,0.008714,0.005971,0.004193,
0.093975,0.097218,0.094720,0.095519,0.090044,0.090380,0.085156,0.080015,0.074589,0.069796,0.059916,0.054836,0.045608,0.041142,0.031948,0.024302,0.019177,0.014024,0.009017,0.006064,0.004317,
0.088711,0.090712,0.087535,0.086477,0.083501,0.082173,0.076616,0.071759,0.067566,0.061980,0.057052,0.051107,0.043594,0.038070,0.030010,0.025469,0.018666,0.013124,0.009609,0.006908,0.004395,
0.079563,0.082776,0.079561,0.078962,0.076976,0.074593,0.070252,0.068945,0.063638,0.058527,0.053099,0.048967,0.040618,0.036003,0.030461,0.024101,0.018156,0.014525,0.009878,0.006451,0.005089,
0.070783,0.075149,0.071565,0.070837,0.070122,0.067782,0.065329,0.062223,0.057610,0.052709,0.048966,0.043848,0.039712,0.034713,0.030104,0.023992,0.019002,0.014479,0.010913,0.007809,0.005268,
0.067155,0.067142,0.064476,0.063477,0.062897,0.060616,0.060159,0.055395,0.052924,0.050026,0.045938,0.042170,0.037863,0.033312,0.028982,0.023285,0.019389,0.015512,0.011600,0.008231,0.006044,
0.055712,0.059994,0.059287,0.055736,0.055959,0.054107,0.054017,0.049017,0.048906,0.045039,0.041501,0.039690,0.036024,0.031745,0.028024,0.023948,0.019870,0.016737,0.012940,0.009692,0.006794,
0.052153,0.052608,0.050418,0.048904,0.049786,0.046802,0.048038,0.044731,0.043183,0.040139,0.040233,0.037013,0.034230,0.030482,0.027489,0.024901,0.021425,0.017927,0.014546,0.010666,0.008521,
nan,0.048280,0.044123,0.044812,0.045172,0.042642,0.042149,0.040626,0.038578,0.038678,0.036651,0.035139,0.033884,0.031217,0.028092,0.025918,0.022697,0.019818,0.016588,0.013274,0.010157,
nan,0.041896,0.038505,0.039585,0.039762,0.037710,0.038064,0.036559,0.034971,0.035160,0.034137,0.033123,0.032963,0.030891,0.028072,0.027341,0.024570,0.021413,0.019278,0.015921,0.012482,
nan,0.041772,0.040516,0.033532,0.043483,0.039000,0.037653,0.035406,0.036421,0.033409,0.033398,0.035682,0.031452,0.031558,0.032718,0.027778,0.026377,0.022580,0.019804,0.017601,0.015586,
nan,0.148488,0.147091,0.152993,0.135840,0.134237,0.127131,0.123031,0.107310,0.094021,0.083524,0.075197,0.060159,0.052241,0.042284,0.032367,0.021319,0.013307,0.007731,0.005733,nan,
0.154734,0.151048,0.149361,0.149207,0.142260,0.135083,0.128079,0.120866,0.113444,0.102431,0.090355,0.079178,0.067923,0.056481,0.044470,0.033755,0.023855,0.015899,0.009933,0.006714,0.004078,
0.151367,0.149174,0.153051,0.143133,0.138720,0.131497,0.125560,0.117243,0.111785,0.098737,0.090825,0.076859,0.066631,0.055868,0.042025,0.032378,0.023478,0.015223,0.009522,0.006181,0.004093,
0.144582,0.145850,0.142905,0.141497,0.132995,0.132117,0.124611,0.115779,0.107892,0.095853,0.085762,0.074637,0.062902,0.052075,0.040453,0.029277,0.021348,0.013714,0.008638,0.005859,0.004302,
0.138232,0.140069,0.135910,0.132315,0.127820,0.127059,0.118270,0.109868,0.103778,0.095087,0.086661,0.075199,0.064279,0.052345,0.041581,0.031055,0.021773,0.013874,0.008478,0.005701,0.004027,
0.130538,0.133261,0.128561,0.129907,0.125468,0.123783,0.111249,0.109102,0.099852,0.089158,0.078269,0.069288,0.059770,0.049926,0.039855,0.030251,0.021574,0.014557,0.009449,0.006035,0.003660,
0.112949,0.124275,0.121096,0.120339,0.114863,0.110407,0.106327,0.103075,0.092086,0.083384,0.077847,0.068371,0.057052,0.046884,0.036527,0.027846,0.019898,0.013410,0.009128,0.006054,0.003966,
0.120121,0.116695,0.112873,0.112077,0.106160,0.107024,0.102041,0.088196,0.086582,0.081565,0.071874,0.061886,0.053596,0.046210,0.037369,0.028111,0.019295,0.013003,0.008504,0.005571,0.004120,
0.103459,0.107609,0.105355,0.103153,0.100715,0.097486,0.090861,0.086205,0.080863,0.076995,0.066752,0.058562,0.051589,0.042156,0.033212,0.026035,0.020026,0.013822,0.009086,0.006169,0.003927,
0.095960,0.099185,0.097014,0.093784,0.093577,0.088091,0.083489,0.081811,0.077447,0.066158,0.062004,0.056893,0.047389,0.039780,0.033523,0.025374,0.018413,0.013015,0.009303,0.006507,0.004270,
0.085516,0.089206,0.088026,0.085428,0.085553,0.080094,0.079220,0.074138,0.068929,0.063341,0.057690,0.053087,0.044508,0.039359,0.030722,0.024362,0.019410,0.013856,0.009203,0.006375,0.004778,
0.079206,0.082654,0.080692,0.077573,0.077912,0.073388,0.072050,0.066650,0.062934,0.060144,0.054078,0.047348,0.042054,0.036445,0.029535,0.024931,0.018275,0.014010,0.010572,0.007047,0.004692,
0.071933,0.075313,0.073331,0.070327,0.070996,0.067640,0.065545,0.061374,0.059073,0.054113,0.049417,0.045013,0.039971,0.034830,0.029832,0.024156,0.019353,0.014990,0.010430,0.007945,0.005512,
0.067986,0.066294,0.066043,0.062975,0.063867,0.061845,0.058723,0.057144,0.053192,0.049717,0.046620,0.042385,0.038085,0.033679,0.029337,0.023878,0.019609,0.015237,0.012260,0.008506,0.006416,
0.058117,0.059430,0.058355,0.055364,0.056452,0.055738,0.052621,0.051820,0.047002,0.045950,0.042925,0.039170,0.035927,0.031962,0.027705,0.024275,0.020330,0.017024,0.013123,0.010084,0.007010,
nan,0.051397,0.051947,0.050115,0.048406,0.048966,0.047387,0.045687,0.043447,0.041297,0.039405,0.037765,0.034878,0.031429,0.028290,0.025060,0.021469,0.018293,0.014814,0.011133,0.008979,
0.047339,0.046110,0.046766,0.043980,0.041089,0.043908,0.044125,0.041274,0.039457,0.037505,0.037070,0.035191,0.033173,0.030679,0.028303,0.026050,0.022913,0.019959,0.016904,0.013076,0.010345,
0.037085,0.033531,0.042353,0.036949,0.037984,0.040539,0.038264,0.037884,0.036113,0.035252,0.033646,0.032313,0.032549,0.031220,0.030325,0.026921,0.025116,0.021810,0.019814,0.015628,0.013166,
nan,0.038861,nan,0.033960,nan,0.038853,0.036699,0.040072,0.032897,0.033223,0.037933,0.033428,0.033956,0.031474,0.031730,0.028035,0.024645,0.025990,0.020780,0.018423,0.015059,
nan,0.159710,0.144342,0.144930,0.145484,0.132406,0.127524,0.125344,0.116466,0.107240,0.092941,0.075480,0.067270,0.054840,0.042298,0.029278,0.021155,0.011604,0.010010,0.005163,nan,
0.154670,0.151203,0.150542,0.147998,0.141083,0.137278,0.130031,0.124047,0.110744,0.102189,0.091587,0.080781,0.067810,0.057140,0.044174,0.033017,0.023701,0.014231,0.009370,0.006267,0.004008,
0.149680,0.152282,0.149161,0.143330,0.139033,0.133471,0.127060,0.119112,0.110994,0.100983,0.091602,0.079622,0.067964,0.054915,0.042268,0.032403,0.022905,0.015534,0.009232,0.006180,0.003989,
0.143202,0.144977,0.142265,0.138739,0.137296,0.131059,0.122521,0.115382,0.105441,0.096711,0.085885,0.076585,0.064476,0.053388,0.041572,0.031331,0.021895,0.015111,0.009048,0.006180,0.004216,
0.140515,0.139721,0.137088,0.137694,0.138562,0.123916,0.118149,0.113461,0.104601,0.094327,0.084556,0.073708,0.061356,0.051269,0.039721,0.029571,0.020860,0.013979,0.008795,0.005858,0.004177,
0.130431,0.133875,0.130022,0.127414,0.122572,0.118918,0.115657,0.105503,0.097729,0.090078,0.081158,0.071848,0.061702,0.051007,0.040398,0.030129,0.020850,0.013583,0.008689,0.005670,0.003754,
0.122131,0.125799,0.124196,0.119455,0.115295,0.115855,0.108201,0.099157,0.094057,0.086240,0.075180,0.065749,0.056159,0.047478,0.038080,0.029398,0.021056,0.014065,0.009279,0.005851,0.003725,
0.113849,0.117147,0.116194,0.110113,0.110609,0.104091,0.098610,0.093400,0.089331,0.079307,0.071076,0.064265,0.054533,0.045015,0.034900,0.026746,0.019293,0.013505,0.009285,0.006220,0.003931,
0.107423,0.108309,0.106154,0.101446,0.101484,0.094994,0.093790,0.089355,0.086956,0.073200,0.068163,0.058533,0.049677,0.043597,0.035162,0.026439,0.018650,0.012897,0.008742,0.006023,0.004294,
0.094762,0.099805,0.097638,0.093872,0.092370,0.088403,0.085685,0.079336,0.074366,0.068602,0.062706,0.053692,0.048587,0.039992,0.031752,0.025647,0.020004,0.013621,0.009069,0.006213,0.004412,
0.087840,0.090257,0.089581,0.086288,0.084922,0.082607,0.077205,0.073778,0.069771,0.063970,0.059058,0.049707,0.045138,0.037808,0.031854,0.024610,0.018230,0.014190,0.009770,0.006809,0.004466,
0.077160,0.081496,0.081180,0.079037,0.077417,0.075964,0.070645,0.068753,0.063369,0.058050,0.052761,0.048241,0.042399,0.037258,0.030098,0.024882,0.019318,0.013797,0.010183,0.007271,0.005167,
0.073743,0.074132,0.073938,0.071960,0.069933,0.069282,0.064585,0.062251,0.058124,0.054771,0.050217,0.045090,0.040292,0.035232,0.029172,0.024424,0.018664,0.015273,0.010961,0.007471,0.005801,
0.066807,0.067878,0.066517,0.064209,0.062827,0.062080,0.059672,0.055816,0.053993,0.050216,0.046735,0.042551,0.038414,0.033794,0.029159,0.024318,0.020132,0.015754,0.012338,0.008817,0.006452,
0.061389,0.060860,0.058871,0.058337,0.055003,0.055082,0.052974,0.050237,0.049090,0.045198,0.043130,0.039912,0.036165,0.032414,0.027833,0.024434,0.020701,0.017053,0.013343,0.010159,0.007601,
0.052977,0.052555,0.051934,0.051096,0.049750,0.048938,0.047391,0.044730,0.044009,0.042186,0.039175,0.037014,0.034888,0.031449,0.028718,0.025158,0.021718,0.018780,0.014977,0.011758,0.009433,
nan,0.048327,0.044536,0.042867,0.042084,0.043315,0.042658,0.040389,0.038836,0.038154,0.036526,0.034980,0.032874,0.032072,0.028864,0.026397,0.023517,0.020359,0.017447,0.013231,0.010708,
0.046215,0.043406,0.039621,0.039169,0.036324,0.037509,0.038586,0.037236,0.036061,0.034902,0.034957,0.034174,0.033391,0.031213,0.029473,0.028049,0.025596,0.022575,0.019735,0.016318,0.013535,
nan,0.046463,0.043796,0.042288,0.034156,0.034173,0.034109,0.039346,0.029476,0.035971,0.036408,0.028852,0.032456,0.032765,0.032787,0.029945,0.026128,0.025961,0.020401,0.018288,0.016187,
nan,0.157432,0.145569,0.138410,0.147924,0.137345,0.125941,0.117003,0.111621,0.101335,0.086613,0.077016,0.060819,0.048414,0.038855,0.029382,0.018153,0.011311,0.008191,0.006324,nan,
0.158992,0.149296,0.151302,0.146233,0.143541,0.136267,0.127880,0.121124,0.110667,0.103855,0.092657,0.080669,0.065436,0.055343,0.043191,0.031654,0.022783,0.014719,0.009559,0.006239,0.004858,
0.152989,0.148301,0.147349,0.143718,0.141609,0.134132,0.126269,0.119183,0.110573,0.099494,0.089458,0.078182,0.066833,0.055412,0.043919,0.032120,0.022815,0.014496,0.009233,0.006089,0.004127,
0.148809,0.145925,0.141621,nan,0.135872,0.130677,0.123042,0.115523,0.106885,0.097649,0.088442,0.076314,0.065195,0.054533,0.042574,0.031436,0.022170,0.014918,0.008982,0.005944,0.003875,
0.133428,0.140420,0.137460,0.134436,0.130922,0.125504,0.120499,0.111822,0.102801,0.093119,0.083334,0.072760,0.062291,0.052008,0.040772,0.030332,0.021438,0.014017,0.008745,0.005883,0.004100,
0.131532,0.132941,0.131373,0.127109,0.123119,nan,0.112570,0.104566,0.100391,0.091042,0.081398,0.070710,0.059821,0.049059,0.038567,0.029137,0.020720,0.013788,0.008610,0.005795,0.004017,
0.122103,0.123171,0.122815,0.119383,0.117879,0.111638,0.107110,0.102884,0.092580,0.083643,0.076531,0.067986,0.058083,0.048034,0.037983,0.028994,0.019752,0.013412,0.008573,0.005730,0.003799,
0.111875,0.114498,0.114112,0.112062,0.108451,0.103052,0.102593,0.098255,0.085689,0.081127,0.071820,0.062235,0.053700,0.045502,0.036718,0.028291,0.020557,0.013690,0.009051,0.005828,0.003768,
0.105522,0.107177,0.105729,0.104479,0.099564,0.098775,0.091868,0.085583,0.080731,0.074560,0.064998,0.060170,0.050792,0.042170,0.034115,0.026168,0.019322,0.013687,0.009411,0.006326,0.004120,
0.095729,0.097734,0.096626,0.095000,0.091567,0.090380,0.083706,0.081754,0.075295,0.068749,0.061537,0.055359,0.047294,0.041371,0.033061,0.025203,0.018485,0.013469,0.009385,0.006659,0.004395,
0.083449,0.090399,0.088930,0.086966,0.083891,0.082167,0.078517,0.074073,0.068116,0.062485,0.055637,0.051718,0.046077,0.038092,0.031601,0.025433,0.019358,0.013477,0.009450,0.006726,0.004835,
0.078713,0.081557,0.080757,0.079133,0.076753,0.074514,0.071935,0.067275,0.064746,0.059066,0.053786,0.048575,0.042749,0.036135,0.030576,0.024050,0.019305,0.014686,0.010087,0.007084,0.005144,
0.071302,0.072435,0.073507,0.071879,0.069637,0.067488,0.066043,0.061960,0.058916,0.054578,0.051081,0.045366,0.040412,0.036122,0.029904,0.024958,0.019045,0.014762,0.011728,0.007976,0.005668,
0.062615,0.067261,0.064922,0.065251,0.062213,0.061224,0.059490,0.056835,0.053728,0.050702,0.046504,0.042951,0.038859,0.034843,0.028776,0.024619,0.020307,0.016120,0.011993,0.009114,0.006416,
0.064077,0.057884,0.058046,0.057300,0.056044,0.054368,0.052734,0.051564,0.048477,0.046185,0.043009,0.039791,0.036580,0.032635,0.028526,0.024711,0.021218,0.017050,0.013929,0.009937,0.008093,
0.053009,0.050231,0.050702,0.050739,0.048604,0.048239,0.046462,0.045507,0.044491,0.041831,0.039908,0.037252,0.034860,0.032124,0.028927,0.025358,0.021992,0.019076,0.015258,0.012280,0.009309,
0.041888,0.045157,0.044604,0.044766,0.043814,0.042374,0.041320,0.041033,0.039620,0.039047,0.037094,0.035718,0.034174,0.031321,0.029322,0.027010,0.023804,0.021385,0.017463,0.013762,0.011419,
0.042857,0.040056,0.039006,0.038411,0.037810,0.040128,0.036241,0.036353,0.036208,0.036377,0.034419,0.034410,0.033971,0.031537,0.029841,0.027895,0.026503,0.023669,0.019987,0.016864,0.013701,
nan,nan,nan,0.037845,0.035821,0.037645,0.039980,0.032345,0.034074,0.033438,0.034136,0.033975,0.032891,0.030672,0.033078,0.025381,0.027380,0.024243,0.022292,0.020822,0.015787,
nan,0.157697,0.149188,0.136986,0.140881,0.137258,0.127029,0.116210,0.106669,0.100712,0.086178,0.078016,0.067720,0.053970,0.039089,0.029022,0.025383,0.012616,0.009034,0.005899,nan,
0.151792,0.150110,0.149606,0.145586,0.142274,0.135953,0.132934,0.120664,0.111761,0.102721,0.089912,0.077190,0.066881,0.056257,0.042719,0.032824,0.022964,0.014993,0.009415,0.006207,0.004208,
0.153430,0.150947,0.146835,0.145144,0.139540,0.134662,0.127347,0.119436,0.112540,0.101054,0.089595,0.077294,0.066991,0.054477,0.043489,0.032047,0.022651,0.014483,0.009184,0.006180,0.003926,
0.148291,0.145256,0.143576,0.147690,0.134975,0.130232,0.124766,0.115522,0.108047,0.097657,0.089365,0.076653,0.064876,0.054336,0.041952,0.031698,0.022221,0.014984,0.009067,0.005978,0.003894,
0.137574,0.139727,0.138113,0.134321,0.127789,0.126478,0.118060,0.110939,0.102796,0.094427,0.084141,0.074863,0.062893,0.051927,0.040634,0.031093,0.021806,0.014823,0.009003,0.005906,0.003950,
0.130380,0.131240,0.131239,0.126752,0.125432,0.120770,0.111914,0.107432,0.099107,0.088937,0.080099,0.070027,0.059869,0.050524,0.039485,0.029978,0.021181,0.013985,0.008720,0.005874,0.003966,
0.124444,0.124362,0.123475,0.121462,0.115812,0.108826,nan,0.099585,0.093663,0.086329,0.076391,0.066886,0.057268,0.046944,0.037300,0.028421,0.020370,0.013524,0.008739,0.005839,0.003809,
0.112231,0.116361,0.114693,0.112827,0.108745,0.106657,0.098657,0.093311,0.087941,0.078918,0.071994,0.064247,0.054873,0.045287,0.036067,0.027376,0.019241,0.013238,0.008776,0.005888,0.004048,
0.103011,0.106387,0.106217,0.103161,0.100521,0.097051,0.093245,0.088073,0.081383,0.073266,0.067214,0.058567,0.051360,0.043864,0.035086,0.027060,0.019496,0.013284,0.008905,0.005881,0.003987,
0.096206,0.098279,0.097443,0.095078,0.092772,0.088438,0.085677,0.079450,0.073807,0.065890,0.062223,0.056506,0.047763,0.039957,0.033042,0.026271,0.019261,0.013745,0.009408,0.006460,0.004304,
0.087719,0.088755,0.089201,0.086993,0.084770,0.080953,0.078246,0.074035,0.069458,0.063849,0.057952,0.051812,0.044762,0.038998,0.031324,0.024460,0.019328,0.014213,0.010064,0.007080,0.004698,
0.081018,0.081985,0.081687,0.079525,0.077643,0.073979,0.071383,0.068759,0.063576,0.059700,0.054300,0.048820,0.043587,0.036522,0.031128,0.024799,0.019021,0.014220,0.010668,0.007643,0.005272,
0.073353,0.073946,0.074062,0.071849,0.070144,0.067807,0.064831,0.062570,0.059116,0.054745,0.050072,0.045652,0.040763,0.034683,0.030217,0.024836,0.019865,0.014973,0.010830,0.008203,0.006139,
0.065489,0.064447,0.066221,0.065150,0.063217,0.061743,0.058538,0.056723,0.054612,0.049903,0.046786,0.042689,0.038496,0.033367,0.029362,0.024911,0.019989,0.016315,0.012478,0.008862,0.007065,
0.056369,0.060342,0.058161,0.056983,0.056336,0.055195,0.052943,0.050823,0.049747,0.046310,0.043033,0.040908,0.036697,0.033108,0.029063,0.025097,0.021352,0.017456,0.014104,0.010504,0.007701,
0.057128,0.051013,0.052288,0.049840,0.049186,0.048936,0.047443,0.045763,0.044643,0.042064,0.040093,0.038225,0.034975,0.032509,0.029154,0.025731,0.022554,0.019500,0.015328,0.012472,0.009220,
0.049710,0.046200,0.047702,0.044867,0.045817,0.043117,0.042645,0.040230,0.039407,0.039053,0.037830,0.035993,0.034023,0.032142,0.030086,0.026809,0.024617,0.021506,0.018398,0.014106,0.012353,
0.042238,0.036024,0.042873,0.040005,0.039192,0.038080,0.039453,0.036563,0.037276,0.037050,0.035286,0.034889,0.033944,0.033156,0.031250,0.028968,0.026266,0.023433,0.020707,0.017408,0.013782,
nan,nan,nan,0.035989,0.038490,0.036112,0.035225,0.031318,0.037319,0.037815,0.035407,0.035178,0.031011,0.031378,0.029670,0.027705,0.028751,0.026286,0.020832,0.020640,0.017403,
nan,0.148724,0.144430,0.145540,0.141211,0.135255,0.124577,0.122047,0.111439,0.101421,0.086480,0.076992,0.067713,0.059300,0.042592,0.028922,0.020770,0.012755,0.008746,0.005459,nan,
0.154905,0.152604,0.149375,0.146318,0.141499,0.136362,0.126495,0.123219,0.110858,0.099950,0.090206,0.078093,0.065835,0.055712,0.043800,0.031101,0.022345,0.014833,0.009292,0.006285,0.004247,
0.148688,0.149286,0.146959,0.145595,0.141038,0.134498,0.126897,0.119268,0.110012,0.099423,0.088245,0.079065,0.067008,0.055382,0.043261,0.032788,0.022821,0.014589,0.009519,0.006055,0.003856,
0.144837,0.144416,0.143287,0.141352,0.135078,0.130355,0.123394,0.116278,0.107416,0.098193,0.087670,0.077120,0.065665,0.053778,0.042104,0.031377,0.022306,0.014194,0.008904,0.005827,0.003994,
0.132816,0.139043,0.137416,0.132914,nan,0.124808,0.119138,0.112629,0.103736,0.094707,0.085321,0.073954,0.063278,0.053065,0.041111,0.030221,0.021746,0.014732,0.008903,0.005854,0.003754,
0.127960,0.133450,0.130199,0.129721,0.122837,0.116981,0.113600,0.105157,0.098497,0.089874,0.080864,0.071134,0.060571,0.050011,0.039651,0.029702,0.021345,0.014221,0.008898,0.005811,0.003921,
0.120500,0.125535,0.123817,0.120613,0.117609,0.113376,0.107320,0.101896,0.093739,0.084891,0.076229,0.067249,0.057480,0.048153,0.038093,0.029190,0.020803,0.013667,0.008874,0.005907,0.004047,
0.109597,0.115152,0.115003,0.112428,0.109758,0.103993,0.101305,0.096775,0.085397,0.080942,0.071763,0.062777,0.053980,0.044737,0.036004,0.027839,0.019890,0.013554,0.008890,0.006016,0.003971,
0.102177,0.106832,0.105811,0.104303,0.101430,0.096857,0.092059,0.085567,0.078291,0.074412,0.067684,0.060031,0.051104,0.042649,0.034096,0.026339,0.019468,0.013522,0.009022,0.006223,0.004083,
0.093061,0.097869,0.097075,0.095627,0.093003,0.088811,0.084300,0.081179,0.075115,0.068946,0.062599,0.054826,0.048731,0.041376,0.033351,0.025674,0.018877,0.013584,0.009280,0.006407,0.004357,
0.087131,0.089875,0.088860,0.087348,0.085186,0.081212,0.077642,0.074146,0.070001,0.064221,0.058132,0.052696,0.044962,0.038663,0.032601,0.025653,0.018916,0.013856,0.009613,0.006785,0.004823,
0.079347,0.081781,0.081824,0.079464,0.077463,0.074543,0.071554,0.067629,0.064631,0.059034,0.054832,0.048868,0.042707,0.037103,0.030365,0.025130,0.019861,0.014618,0.010399,0.007464,0.005196,
0.068091,0.073643,0.073736,0.072432,0.070553,0.067912,0.065476,0.062230,0.059239,0.054755,0.050335,0.045522,0.043584,0.035401,0.030488,0.024379,0.020013,0.015562,0.011645,0.008124,0.005887,
0.071996,0.066922,0.065934,0.065437,0.063441,0.061936,0.059621,0.056673,0.053787,0.050629,0.047137,0.042942,0.038739,0.034254,0.029757,0.025432,0.020076,0.016185,0.012894,0.009271,0.006801,
0.052866,0.058110,0.058551,0.057719,0.057016,0.055403,0.053281,0.051532,0.048641,0.046624,0.043734,0.040436,0.036805,0.033506,0.029476,0.025358,0.021733,0.017444,0.013993,0.011008,0.008070,
0.049339,0.053997,0.051744,0.051278,0.048606,0.049144,0.047304,0.045671,0.044493,0.042887,0.040604,0.037832,0.035667,0.032646,0.029589,0.026028,0.022905,0.019730,0.015888,0.012585,0.009801,
0.047087,0.047428,0.045440,0.043265,0.043750,0.042723,0.041567,0.042483,0.040192,0.039069,0.037139,0.036844,0.033708,0.032557,0.030211,0.027746,0.024649,0.021715,0.018219,0.014956,0.012436,
nan,0.044105,0.040894,0.039090,0.038437,0.037286,0.040405,0.037826,0.037891,0.036736,0.035834,0.035453,0.033347,0.032393,0.030944,0.028734,0.026504,0.024686,0.020754,0.017651,0.014442,
nan,nan,0.041624,nan,0.035909,0.037649,0.039035,0.035001,0.039394,0.032877,0.033831,0.034157,0.034951,0.032551,0.032688,0.028926,0.028270,0.025834,0.022282,0.020770,0.017114,
nan,0.146215,0.147013,0.143192,0.141597,0.128945,0.124566,0.123787,0.110915,0.099769,0.088149,0.079050,0.061296,0.060605,0.040942,0.030772,0.020229,0.014451,0.008694,0.005181,nan,
0.150611,0.151561,0.150546,0.146789,0.140371,0.135764,0.130443,0.121110,0.113256,0.100646,0.090278,0.077138,0.066422,0.054488,0.042251,0.031908,0.021545,0.014201,0.008838,0.006222,0.004043,
0.146178,0.148099,0.145900,0.144591,0.140128,0.133569,0.128430,0.119641,0.110152,0.100151,0.090720,0.077712,0.065762,0.054829,0.043034,0.031310,0.022626,0.014528,0.009076,0.005968,0.004243,
0.141680,0.146075,0.143417,0.139315,0.136853,0.131353,0.123832,0.115440,0.108610,0.097920,0.087015,0.075544,0.064467,0.053451,0.042400,0.031792,0.022230,0.014188,0.009046,0.005880,0.003760,
0.139710,0.141013,0.138533,0.135631,0.130658,0.125303,0.119597,0.112017,0.104026,0.094581,0.085547,0.074562,0.062844,0.052155,0.040721,0.030703,0.021973,0.014083,0.008698,0.005666,0.003894,
0.125631,0.133891,0.131142,0.128962,0.124855,0.124313,0.113147,0.106921,0.098459,0.090577,0.081052,0.071290,0.060598,0.050809,0.039388,0.029657,0.021163,0.014399,0.008783,0.005826,0.003753,
0.116744,0.124683,0.122411,0.122290,0.118054,0.111866,nan,0.100125,0.093743,0.085395,0.076979,0.067375,0.057758,0.048205,0.038184,0.028613,0.020770,0.013973,0.008791,0.005814,0.003877,
0.112535,0.116223,0.114453,0.113059,0.109581,0.105506,0.099326,0.092862,0.087513,0.079565,0.071605,0.063419,0.054586,0.045896,0.036591,0.028081,0.020447,0.013569,0.008992,0.005953,0.004063,
0.100592,0.106499,0.105442,0.103585,0.101003,0.096386,0.091929,0.087625,0.081332,0.075115,0.067035,0.058993,0.051234,0.042952,0.034715,0.027126,0.019733,0.013581,0.009247,0.006196,0.004126,
0.095321,0.097324,0.096900,0.095015,0.092743,0.088782,0.085326,0.080040,0.075666,0.069214,0.063303,0.055940,0.047934,0.040463,0.033166,0.026141,0.019433,0.013687,0.009459,0.006558,0.004420,
0.082372,0.088227,0.088424,0.086852,0.085125,0.081614,0.078485,0.073898,0.069371,0.064370,0.058475,0.051202,0.045947,0.038701,0.031716,0.025168,0.019188,0.014121,0.009923,0.006990,0.004881,
0.079308,0.081199,0.080782,0.078969,0.077478,0.074565,0.072247,0.068029,0.063717,0.059218,0.053995,0.051871,0.042779,0.037703,0.031207,0.024772,0.019047,0.014582,0.010490,0.007536,0.005531,
0.072941,0.073724,0.073075,0.072027,0.070596,0.067616,0.065773,0.062374,0.059058,0.054843,0.050679,0.046087,0.040585,0.035716,0.030573,0.025084,0.019894,0.014967,0.011325,0.008322,0.006232,
0.067450,0.065795,0.065599,0.064823,0.063547,0.061172,0.060106,0.057355,0.054078,0.050974,0.047541,0.043012,0.038922,0.034527,0.030077,0.025343,0.021037,0.016422,0.012459,0.009246,0.007341,
nan,0.057355,0.060316,0.057633,0.055346,0.054530,0.053596,0.051775,0.049524,0.046371,0.044246,0.040562,0.037079,0.033801,0.029633,0.025537,0.021748,0.017976,0.014251,0.010531,0.008390,
0.052231,0.049957,0.051076,0.050515,0.048405,0.049304,0.046657,0.046934,0.044627,0.042624,0.040326,0.038672,0.035149,0.033002,0.029842,0.026405,0.023341,0.019478,0.016762,0.012825,0.009806,
nan,0.045412,0.045069,0.044717,0.043279,0.043238,0.041964,0.041944,0.040720,0.038468,0.038129,0.036702,0.034727,0.032481,0.030555,0.027958,0.025066,0.021942,0.018774,0.015463,0.011646,
0.049493,0.043156,0.039609,0.041373,0.039185,0.036937,0.038318,0.038497,0.037290,0.036725,0.035623,0.035184,0.034548,0.032487,0.031800,0.029396,0.026672,0.024847,0.021465,0.017312,0.015702,
nan,nan,nan,0.037785,0.033212,0.039657,0.038700,0.035419,0.038223,0.036942,0.035741,0.037217,0.033040,0.032858,0.030738,0.030960,0.029878,0.025951,0.024817,0.020264,0.017116,
nan,0.149858,0.151522,0.138900,0.134912,0.133811,0.125550,0.117116,0.101631,0.100906,0.088495,0.075374,0.065890,0.047150,0.039332,0.027289,0.020155,0.013662,0.007175,0.005026,nan,
0.144930,0.135668,0.149086,0.144484,0.141868,0.135163,0.126992,0.120665,0.110762,0.099318,0.092465,0.077059,0.066341,0.053288,0.042654,0.031448,0.022439,0.014162,0.009344,0.006021,0.003926,
0.149078,0.149809,0.144972,0.144773,0.139630,0.133727,0.127045,0.119658,0.109971,0.100512,0.088628,0.077163,0.064832,0.055142,0.041983,0.031507,0.021941,0.014435,0.008996,0.005995,0.004141,
0.145180,0.146250,0.142915,0.140715,0.136174,0.130758,0.123794,0.116058,0.107707,0.097438,0.087782,0.076669,0.064765,0.053930,0.042299,0.031313,0.022111,0.014457,0.009054,0.006046,0.003971,
0.139563,0.141542,0.137792,0.135672,0.130758,0.125814,0.119644,0.111103,0.104080,0.094302,0.083847,0.073052,0.062893,0.052140,0.041381,0.030846,0.021442,0.013977,0.008786,0.005745,0.003919,
0.138607,0.134470,0.131504,0.129465,0.125594,0.119623,0.113996,0.107046,0.099298,0.090837,0.081781,0.071056,0.060040,0.049947,0.039501,0.029746,0.021206,0.013786,0.008600,0.005668,0.003828,
0.123589,0.125986,0.123931,0.120364,0.117335,0.113181,0.107334,0.100519,0.093686,0.085730,0.076954,0.067550,0.057528,0.048124,0.037642,0.028521,0.020724,0.013913,0.008869,0.005807,0.003802,
0.110420,0.116342,0.115096,0.112230,0.108800,0.105070,0.100204,0.094331,0.087267,0.080234,0.072290,0.063460,0.054560,0.045783,0.036228,0.027655,0.020150,0.014018,0.008934,0.005828,0.003898,
0.102802,0.107075,0.105991,0.103638,0.100396,0.097304,0.092867,0.087322,0.082795,0.074027,0.067552,0.059808,0.051620,0.043211,0.035018,0.026939,0.019910,0.013732,0.009126,0.006141,0.004045,
0.094243,0.098363,0.096906,0.095351,0.092269,0.089056,0.085534,0.080731,0.074816,0.067176,0.062306,0.055861,0.048720,0.041223,0.033284,0.026330,0.019689,0.013794,0.009618,0.006433,0.004328,
0.086275,0.090362,0.088120,0.086987,0.084490,0.081407,0.078681,0.074194,0.069372,0.064036,0.058065,0.052311,0.045499,0.038959,0.032122,0.025733,0.019640,0.014130,0.010078,0.006996,0.004794,
0.076703,0.082080,0.080223,0.079738,0.077054,0.074579,0.072004,0.068334,0.064415,0.059663,0.054613,0.048888,0.043366,0.037090,0.031253,0.025325,0.019772,0.014674,0.010664,0.007571,0.005517,
0.068890,0.075211,0.072453,0.072071,0.070348,0.067816,0.066203,0.062630,0.059234,0.055233,0.050892,0.046116,0.041061,0.036027,0.030374,0.025062,0.020083,0.015519,0.011678,0.008459,0.006269,
0.062567,0.067759,0.064735,0.064735,0.063422,0.061293,0.059968,0.057057,0.054360,0.050926,0.047398,0.043345,0.039037,0.034809,0.030380,0.025069,0.020742,0.016431,0.012789,0.009479,0.007102,
0.058066,0.057972,0.058519,0.057910,0.056199,0.054261,0.053313,0.051765,0.049547,0.047056,0.043978,0.040535,0.037426,0.033811,0.029877,0.026067,0.021685,0.018045,0.014236,0.011031,0.008414,
0.049429,0.051521,0.051458,0.050076,0.048994,0.047941,0.046843,0.046129,0.044585,0.042815,0.040716,0.038446,0.035523,0.033178,0.030091,0.026838,0.023749,0.019682,0.016127,0.012818,0.010485,
0.051459,0.045891,0.043162,0.044308,0.043930,0.042770,0.041561,0.040381,0.039576,0.039132,0.038395,0.036591,0.034582,0.032638,0.030930,0.027782,0.025094,0.022615,0.018616,0.015086,0.013255,
0.041740,0.040168,0.039650,0.041967,0.039849,0.038709,0.038678,0.036655,0.037753,0.037483,0.036565,0.034903,0.033955,0.033172,0.030852,0.029732,0.026878,0.024888,0.022053,0.018179,0.015558,
nan,nan,nan,0.040986,0.038619,0.032769,0.033167,0.037778,0.030859,0.037259,0.035512,0.034478,0.033959,0.034997,0.033799,0.029755,0.029065,0.027041,0.023678,0.021007,0.017939,
nan,0.149836,0.140850,0.145855,0.138789,0.138166,0.120250,0.116341,0.106290,0.100917,0.085472,0.071884,0.062157,0.047822,0.035924,0.027512,0.018887,0.011075,0.008803,0.005732,nan,
0.156636,nan,0.147710,0.144842,0.140667,0.133411,0.127493,0.122430,0.113264,0.100761,0.089024,0.078935,0.067939,0.056613,0.043258,0.031593,0.022469,0.014692,0.008989,0.006179,0.004162,
0.151302,0.150628,0.157433,0.143914,0.138765,0.133701,0.126128,0.119656,0.110569,0.099415,0.089681,0.076612,0.066976,0.054557,0.043645,0.032296,0.022745,0.014405,0.009159,0.005986,0.003810,
0.149119,0.146684,0.143285,0.140449,0.136330,0.130509,0.123878,0.116413,0.107313,0.097926,0.087144,0.075205,0.064569,0.053606,0.042231,0.031234,0.022135,0.014379,0.008895,0.005820,0.003876,
0.143163,0.140309,0.136383,0.135607,0.131745,0.125766,0.119598,0.111894,0.103320,0.094934,0.084496,0.073415,0.062202,0.052022,0.040446,0.030424,0.021707,0.014108,0.008695,0.005763,0.003862,
0.139152,0.134775,0.129436,0.128161,0.124643,0.119597,0.113646,0.106436,0.099089,0.090450,0.080233,0.070500,0.059784,0.050389,0.039713,0.029890,0.021028,0.013984,0.008783,0.005760,0.004011,
0.128613,0.127007,0.121968,0.120906,0.116814,0.112642,0.107679,0.100513,0.093667,0.085436,0.076595,0.067047,0.057011,0.048249,0.038337,0.029033,0.020654,0.013983,0.008767,0.005824,0.004017,
0.120982,0.118975,0.113268,0.112219,0.108297,0.104674,0.100015,0.093721,0.087681,0.080337,0.072263,0.063386,0.054210,0.045410,0.036580,0.027832,0.020306,0.013797,0.008892,0.005883,0.003924,
0.102450,0.109392,0.104708,0.103495,0.099600,0.096608,0.092492,0.087493,0.080535,0.074874,0.067492,0.059484,0.051237,0.043257,0.034722,0.026772,0.019974,0.013822,0.009118,0.006085,0.004193,
0.093645,0.099738,0.096206,0.094672,0.091656,0.088870,0.085296,0.080429,0.075396,0.069358,0.063213,0.055968,0.048380,0.040925,0.033380,0.026074,0.019640,0.013952,0.009539,0.006375,0.004489,
0.087540,0.089978,0.087973,0.086520,0.084082,0.081426,0.078257,0.074276,0.069542,0.064197,0.058531,0.052667,0.046005,0.039260,0.032093,0.025551,0.019561,0.014285,0.009944,0.006807,0.004821,
0.078806,0.081051,0.079906,0.078801,0.077198,0.074549,0.071912,0.068120,0.064358,0.059701,0.054534,0.049076,0.043727,0.037616,0.031288,0.025311,0.019852,0.014854,0.010677,0.007501,0.005219,
0.071768,0.073364,0.072330,0.071490,0.070016,0.067361,0.065793,0.062413,0.059278,0.055282,0.051125,0.046094,0.041215,0.036362,0.030757,0.025376,0.020339,0.015594,0.011743,0.008309,0.006025,
0.064883,0.066906,0.065614,0.064717,0.062960,0.060430,0.059585,0.056792,0.054446,0.050964,0.047533,0.043422,0.039230,0.034900,0.030560,0.025990,0.021004,0.016704,0.013065,0.009517,0.007069,
0.062519,0.059523,0.057371,0.057324,0.055979,0.053969,0.053408,0.051333,0.049444,0.046841,0.044192,0.040967,0.037298,0.033647,0.030158,0.026456,0.022389,0.018277,0.014691,0.010863,0.008026,
0.052271,0.053190,0.050176,0.050105,0.049284,0.047754,0.047006,0.045607,0.044630,0.042321,0.040765,0.038836,0.036005,0.033208,0.030097,0.026908,0.023797,0.020307,0.016578,0.013276,0.009914,
0.045764,0.044525,0.045232,0.044615,0.043006,0.042114,0.041441,0.041087,0.040908,0.039363,0.039080,0.036942,0.034693,0.032879,0.030544,0.028049,0.025297,0.022861,0.019405,0.015791,0.012325,
nan,0.040272,0.042901,0.040402,0.038334,0.038091,0.036748,0.037535,0.037380,0.037036,0.034815,0.036147,0.034174,0.032481,0.031365,0.030085,0.027701,0.025134,0.022253,0.018528,0.016035,
nan,nan,nan,nan,nan,0.038669,0.033465,0.035037,0.033649,0.034209,0.039194,0.031620,0.036667,0.032868,0.034444,0.030859,0.029601,0.026343,0.024592,0.021073,0.018354,
0.153048,0.151523,0.151761,0.145606,0.145342,0.128942,0.133762,0.120330,0.103759,0.105818,0.094984,0.077183,0.067350,0.054271,0.042544,0.032859,0.018081,0.012075,0.008608,0.005618,nan,
0.151696,0.151807,0.148873,0.146670,0.140769,0.133276,0.127951,0.118650,0.107951,0.103485,0.091152,0.075811,0.067296,0.053030,0.043168,0.030526,0.022544,0.014264,0.008767,0.005514,0.004249,
0.148691,0.146128,0.147077,0.142581,0.138937,0.132263,0.126206,0.119313,0.109847,0.099181,0.089495,0.077667,0.066597,0.054069,0.042388,0.030469,0.021921,0.014518,0.008848,0.005894,0.004399,
0.143883,0.140584,0.141859,0.140518,0.135094,0.128920,0.122574,0.116030,0.107321,0.097226,0.087050,0.075475,0.065231,0.053453,0.041826,0.030685,0.022079,0.014408,0.008646,0.005860,0.004302,
0.137916,0.134849,0.137953,0.134065,0.130865,0.125341,0.118025,0.112288,0.103428,0.093768,0.084608,0.072951,0.062892,0.052019,0.040894,0.029899,0.022086,0.014118,0.008785,0.005747,0.003931,
0.133953,0.127915,0.132586,0.127537,0.123580,0.119709,0.113447,0.107130,0.098823,0.090470,0.080657,0.070319,0.060707,0.050365,0.039760,0.029711,0.021864,0.014200,0.008646,0.005699,0.003861,
0.125123,0.120898,0.124878,0.119692,0.116210,0.112677,0.107259,0.100842,0.093490,0.085790,0.076784,0.066984,0.057269,0.047764,0.037864,0.028664,0.020896,0.013766,0.008583,0.005727,0.004025,
0.116950,0.113056,0.116391,0.111567,0.108134,0.104726,0.099638,0.094206,0.087494,0.080409,0.071878,0.063102,0.054152,0.045472,0.036279,0.027564,0.020064,0.013810,0.008560,0.005917,0.004070,
0.105230,0.103741,0.107289,0.103180,0.099771,0.097238,0.092348,0.087207,0.081442,0.074933,0.067417,0.059196,0.051133,0.043222,0.034992,0.026984,0.019815,0.013782,0.008961,0.006159,0.004112,
0.095650,0.097069,0.098743,0.094774,0.091347,0.089654,0.085137,0.080730,0.075275,0.069463,0.062890,0.055754,0.048336,0.041107,0.033725,0.026204,0.019644,0.013753,0.009428,0.006517,0.004385,
0.086554,0.088916,0.089624,0.086612,0.084249,0.082011,0.078126,0.074203,0.069845,0.064532,0.058711,0.052486,0.045644,0.038908,0.032279,0.025569,0.019595,0.014049,0.010060,0.006950,0.004660,
0.079945,0.081028,0.081731,0.079318,0.076979,0.074732,0.071582,0.068147,0.064285,0.059776,0.054717,0.049291,0.043446,0.037494,0.031455,0.025254,0.019836,0.014504,0.010606,0.007523,0.005151,
0.072543,0.073405,0.073829,0.072065,0.069915,0.067900,0.065505,0.062550,0.059170,0.055316,0.050975,0.046241,0.041394,0.036269,0.030640,0.025203,0.020216,0.015411,0.011492,0.008435,0.005876,
0.069194,0.065784,0.065704,0.066588,0.062965,0.061904,0.059731,0.057420,0.053887,0.051140,0.047568,0.043365,0.039545,0.035104,0.030386,0.025659,0.021017,0.016769,0.012775,0.009598,0.007028,
0.058963,0.059892,0.058293,0.059107,0.055292,0.055567,0.053644,0.051777,0.048879,0.047087,0.043949,0.040599,0.037789,0.034029,0.030365,0.026317,0.022132,0.018373,0.014433,0.010835,0.008376,
0.056199,0.052432,0.050535,0.050624,0.050079,0.049722,0.047571,0.046544,0.044029,0.042658,0.040330,0.038527,0.036093,0.033305,0.030827,0.027217,0.024002,0.020379,0.016516,0.012725,0.010127,
0.039314,0.050451,0.042940,0.044118,0.045264,0.042930,0.041497,0.041480,0.039746,0.039453,0.037624,0.037055,0.034479,0.033076,0.031137,0.028491,0.025637,0.022663,0.019029,0.015832,0.011619,
0.040961,0.040115,0.041898,0.039607,0.038952,0.038544,0.037683,0.037485,0.037447,0.036956,0.034193,0.035844,0.033560,0.033179,0.031535,0.030191,0.027820,0.025507,0.022005,0.019005,0.015238,
nan,nan,nan,nan,nan,nan,nan,nan,nan,nan,0.032711,0.035996,0.033935,0.035759,0.030625,0.034651,0.033410,0.028127,0.025628,0.023072,0.020071,
