0.969387,0.562032,0.538048,0.498625,0.466994,0.483721,0.443721,0.395363,0.428166,0.397036,0.354306,0.336027,0.357920,0.282883,0.198005,0.183975,0.222662,0.132845,0.084706,0.195217,0.030306,
0.520306,0.503291,0.522061,0.465310,0.502875,0.463123,0.435124,0.398553,0.397664,0.393263,0.352788,0.324951,0.305347,0.263453,0.251449,0.190211,0.186758,0.139540,0.093977,0.082785,0.033767,
0.520476,0.489697,0.489956,0.467262,0.470152,0.459368,0.447297,0.395860,0.392850,0.386774,0.343434,0.332710,0.291302,0.274330,0.244260,0.205175,0.183628,0.134422,0.098427,0.076417,0.037129,
0.491266,0.483416,0.468657,0.451384,0.474710,0.432100,0.440429,0.382822,0.376510,0.371329,0.333194,0.307603,0.283498,0.280251,0.240454,0.206205,0.187349,0.144278,0.103561,0.078587,0.054757,
0.452683,0.460153,0.434617,0.428628,0.445419,0.409884,0.417684,0.369795,0.366776,0.355548,0.327054,0.303070,0.276929,0.273351,0.232764,0.215520,0.188008,0.151479,0.159578,0.075944,0.047260,
0.395396,0.451898,0.392014,0.410415,0.401369,0.380246,0.385150,0.362325,0.346661,0.335434,0.316563,0.292839,0.277141,0.267477,0.232819,0.219754,0.195052,0.160086,0.119945,0.082215,0.048929,
0.345681,0.420557,0.351374,0.385016,0.364377,0.352103,0.352021,0.343182,0.324796,0.318394,0.303422,0.286760,0.269757,0.272520,0.235444,0.228117,0.206583,0.193801,0.127959,0.087967,0.058109,
0.319055,0.382264,0.318113,0.350203,0.331693,0.321435,0.317664,0.321756,0.306609,0.312711,0.288781,0.284376,0.278639,0.278713,0.250355,0.245751,0.222277,0.196676,0.150444,0.091024,0.061138,
0.279971,0.336907,0.290154,0.311952,0.284408,0.304906,0.297428,0.294095,0.292957,0.306401,0.289099,0.284926,0.287189,0.282844,0.269049,0.276101,0.246778,0.218605,0.167279,0.100657,0.064866,
0.272254,0.300218,0.267441,0.290740,0.268387,0.293927,0.292084,0.279547,0.294819,0.301542,0.302233,0.293999,0.316150,0.299673,0.307460,0.328914,0.281616,0.251591,0.188746,0.116352,0.076343,
0.276460,0.293180,0.261086,0.275544,0.267029,0.294002,0.291657,0.285649,0.311226,0.314533,0.325185,0.324697,0.347782,0.346204,0.366805,0.395149,0.349594,0.305171,0.232000,0.136644,0.094630,
0.285404,0.281692,0.258474,0.272918,0.280543,0.300813,0.290378,0.290260,0.334967,0.347283,0.368039,0.396195,0.389227,0.418483,0.443956,0.476862,0.455476,0.385332,0.285432,0.166191,0.111765,
0.294671,0.307737,0.278583,0.275925,0.304881,0.320866,0.339894,0.325126,0.368501,0.382614,0.440843,0.456749,0.465579,0.538766,0.573616,0.593985,0.567023,0.483611,0.354939,0.203062,0.134561,
0.367208,0.262763,0.329178,0.310762,0.337792,0.325674,0.361637,0.382626,0.416823,0.450064,0.516937,0.541763,0.583485,0.684549,0.711370,0.739208,0.702957,0.605383,0.423588,0.234931,0.151700,
0.434373,0.260783,0.314494,0.344382,0.385580,0.358857,0.402458,0.458183,0.490524,0.574924,0.622319,0.652426,0.727680,0.854743,0.911693,0.939772,0.894094,0.749764,0.498492,0.254081,0.147289,
0.286665,0.368341,0.318257,0.369090,0.408678,0.405124,0.430851,0.536297,0.564254,0.666506,0.694673,0.812313,0.949990,1.034853,1.152489,1.183257,1.122722,0.915900,0.532899,0.263661,0.161108,
0.293572,0.451170,0.393139,0.415876,0.398636,0.481015,0.531649,0.609937,0.706987,0.786802,0.815351,0.982782,1.197131,1.309295,1.418880,1.417780,1.333338,0.922066,0.455597,0.229740,0.146817,
0.262062,0.354405,0.355278,0.407298,0.486198,0.502076,0.614509,0.597196,0.810422,0.905074,0.968682,1.242934,1.349520,1.560639,1.661894,1.646379,1.285647,0.707509,0.350440,0.180988,0.099946,
nan,nan,nan,nan,nan,nan,nan,nan,nan,nan,1.103821,1.347702,1.549752,1.593116,1.793275,1.509480,0.936713,0.399131,0.203520,0.157922,nan,
nan,nan,0.499070,0.496231,0.518470,0.447080,0.499491,0.411177,0.405362,0.354356,0.347062,0.329079,0.310497,0.285713,0.314929,0.195445,0.171274,0.143893,0.093730,0.053757,0.051718,
nan,0.505880,0.506628,0.496828,0.491392,0.478407,0.476389,0.418750,0.411542,0.397480,0.356320,0.344338,0.279914,0.270735,0.252362,0.203941,0.176440,0.143434,0.097200,0.070299,0.055063,
0.546102,0.499064,0.495463,0.498322,0.487374,0.455643,0.457650,0.435976,0.398305,0.391832,0.351184,0.321407,0.287385,0.273112,0.248280,0.190325,0.178139,0.141920,0.112552,0.065798,0.052188,
0.551325,0.486735,0.474438,0.478153,0.460902,0.437537,0.428830,0.419487,0.385525,0.375349,0.338934,0.319270,0.291053,0.259300,0.234209,0.211694,0.174599,0.141629,0.124293,0.067682,0.047876,
0.519061,0.458741,0.442673,0.450077,0.429411,0.409548,0.409615,0.394184,0.364162,0.358399,0.322491,0.308851,0.295315,0.258833,0.232678,0.214045,0.183661,0.145292,0.107407,0.072711,0.050699,
0.407991,0.421619,0.406229,0.414225,0.405635,0.385524,0.384441,0.361131,0.344742,0.332858,0.322132,0.301834,0.288797,0.255599,0.235557,0.223238,0.198733,0.155948,0.113780,0.074795,0.051832,
0.429946,0.374193,0.377521,0.374899,0.365239,0.355046,0.352934,0.339775,0.322181,0.310013,0.309500,0.291343,0.282733,0.255777,0.244836,0.231242,0.209162,0.166113,0.123261,0.077381,0.052221,
0.360949,0.340292,0.341564,0.337430,0.328668,0.323217,0.321519,0.313655,0.298250,0.292126,0.298442,0.288676,0.283511,0.266742,0.254036,0.248551,0.227488,0.185311,0.137564,0.093535,0.059147,
0.302519,0.311462,0.307196,0.309980,0.305749,0.298195,0.298329,0.295317,0.281974,0.284265,0.293159,0.299218,0.302924,0.283164,0.274413,0.279867,0.252843,0.213383,0.160739,0.105270,0.068636,
0.269148,0.292188,0.287172,0.282908,0.283576,0.276469,0.291109,0.286203,0.280805,0.284326,0.297428,0.305114,0.321630,0.315512,0.311812,0.312388,0.294622,0.247784,0.186344,0.126354,0.077389,
0.263125,0.280518,0.275165,0.281518,0.284537,0.275333,0.292035,0.293055,0.295034,0.303384,0.317069,0.332348,0.359378,0.362564,0.368134,0.370555,0.360377,0.301112,0.225268,0.147175,0.089582,
0.287342,0.280262,0.260831,0.284194,0.286935,0.281277,0.302500,0.304829,0.318422,0.342174,0.358846,0.377449,0.409030,0.432628,0.452090,0.459981,0.439561,0.375202,0.273934,0.173203,0.111288,
0.257372,0.278079,0.268776,0.292992,0.299059,0.309333,0.343424,0.337861,0.360682,0.396000,0.404729,0.450441,0.485436,0.528363,0.568559,0.568637,0.553661,0.470304,0.347489,0.201138,0.130743,
0.276914,0.272759,0.283730,0.310288,0.319692,0.348390,0.359795,0.369423,0.411890,0.462097,0.479626,0.552116,0.586256,0.649921,0.715201,0.739171,0.694649,0.587182,0.409239,0.238657,0.143630,
0.331387,0.287745,0.331426,0.333547,0.342606,0.423646,0.413144,0.430432,0.477085,0.538524,0.575607,0.669429,0.745982,0.837132,0.911476,0.951490,0.895748,0.737969,0.492499,0.255775,0.152886,
0.401386,0.332545,0.388087,0.374700,0.379759,0.439194,0.477518,0.513223,0.587829,0.633758,0.700855,0.790189,0.907383,1.037428,1.141542,1.193264,1.103469,0.898064,0.503285,0.257354,0.167456,
0.292913,0.324029,0.373694,0.403014,0.455951,0.488540,0.507832,0.563506,0.662438,0.731991,0.834465,0.953428,1.121974,1.296366,1.409586,1.415513,1.300131,0.882647,0.440277,0.227593,0.155069,
nan,0.379472,0.392144,0.495032,0.483837,0.569141,0.624596,0.739528,0.747592,0.842103,0.992250,1.124129,1.371340,1.584385,1.653618,1.600462,1.230997,0.676464,0.362839,0.186548,0.125582,
nan,nan,nan,nan,0.475751,0.604050,0.779999,0.797825,0.934307,1.084381,1.242453,1.305672,1.633496,1.758642,1.678986,1.613403,0.954860,0.517957,0.248215,0.145037,0.068224,
nan,0.534254,0.505673,0.503987,0.478064,0.503794,0.421221,0.418559,0.377752,0.410290,0.386413,0.309086,0.336224,0.302539,0.268080,0.178888,0.178383,0.147972,0.151461,0.068885,0.036186,
0.506125,0.542223,0.505874,0.501193,0.499787,0.487750,0.451750,0.458861,0.411770,0.409492,0.366877,0.332224,0.304883,0.266923,0.245028,0.190426,0.183607,0.129111,0.112439,0.062325,0.041136,
0.493717,0.530065,0.494840,0.499382,0.494217,0.451413,0.433881,0.414911,0.410664,0.381277,0.355145,0.331994,0.300456,0.259039,0.226727,0.219925,0.172503,0.147001,0.098509,0.069252,0.057635,
0.511030,0.487468,0.473928,0.472778,0.453312,0.428711,0.420581,0.397316,0.394150,0.362911,0.346862,0.322232,0.289636,0.273346,0.234259,0.218490,0.185662,0.155415,0.101239,0.067194,0.056647,
0.512945,0.472574,0.454266,0.433229,0.413258,0.408330,0.400239,0.385354,0.375025,0.338773,0.348421,0.319015,0.284394,0.268496,0.241297,0.216524,0.189988,0.153024,0.109009,0.069153,0.046947,
0.470519,0.427094,0.419758,0.396149,0.388263,0.378440,0.381375,0.362986,0.345514,0.332757,0.318342,0.307487,0.290531,0.263216,0.241326,0.222932,0.194200,0.163004,0.118710,0.077512,0.049767,
0.421347,0.387943,0.387677,0.358921,0.362065,0.349964,0.355719,0.329249,0.328657,0.312450,0.308616,0.298614,0.289658,0.260031,0.243572,0.229869,0.207778,0.168883,0.126550,0.085058,0.058465,
0.393690,0.350293,0.350413,0.329178,0.324803,0.324415,0.328311,0.301100,0.306925,0.297894,0.293816,0.291446,0.290470,0.265275,0.259910,0.250544,0.220243,0.185140,0.136446,0.091421,0.069005,
0.374679,0.329151,0.320890,0.298118,0.305229,0.305814,0.300719,0.285293,0.296290,0.293990,0.296697,0.283769,0.289408,0.289541,0.279659,0.274826,0.247552,0.211226,0.151926,0.099949,0.078851,
0.311841,0.306690,0.288316,0.280753,0.297915,0.298811,0.291997,0.279395,0.300579,0.293127,0.301399,0.293600,0.307661,0.313080,0.309257,0.311027,0.279470,0.240305,0.179172,0.121278,0.079619,
0.269696,0.280552,0.272670,0.272626,0.301858,0.298241,0.287477,0.290892,0.298694,0.303214,0.317864,0.326220,0.347163,0.356685,0.368874,0.372809,0.339235,0.298694,0.216528,0.138617,0.092689,
0.309407,0.290033,0.276484,0.270410,0.306071,0.302828,0.307716,0.300213,0.314878,0.336257,0.346738,0.381658,0.405772,0.437077,0.442345,0.450464,0.420540,0.367347,0.270384,0.163673,0.101705,
0.439412,0.312774,0.298380,0.294623,0.320266,0.320391,0.331090,0.336806,0.344390,0.387408,0.405516,0.456167,0.490130,0.522640,0.552771,0.560654,0.534861,0.464714,0.329400,0.194670,0.121966,
0.263646,0.302415,0.300904,0.316159,0.339733,0.347381,0.348096,0.387574,0.401014,0.454243,0.484174,0.547438,0.621816,0.651995,0.700171,0.716513,0.698863,0.580275,0.397886,0.219241,0.140053,
0.344536,0.329054,0.325813,0.351122,0.369727,0.392587,0.386182,0.429392,0.482117,0.528705,0.575529,0.650079,0.752420,0.834784,0.879705,0.915734,0.882069,0.713022,0.454713,0.256438,0.164053,
0.375566,0.344747,0.366097,0.379781,0.391394,0.442625,0.434957,0.489240,0.587712,0.589814,0.712004,0.788913,0.922104,1.004140,1.078273,1.164473,1.055132,0.816077,0.486431,0.255574,0.146878,
nan,0.344481,0.402818,0.385831,0.435778,0.487921,0.524132,0.557313,0.617675,0.728802,0.806389,0.995171,1.100598,1.245037,1.334682,1.366584,1.181108,0.837371,0.454319,0.229934,0.148216,
0.514452,0.465707,0.392569,0.436305,0.474657,0.506700,0.571670,0.719079,0.723204,0.865013,0.960990,1.161967,1.326903,1.451780,1.542289,1.469028,1.212278,0.678747,0.315850,0.194040,0.128733,
nan,nan,nan,0.516542,0.464588,0.592798,0.682039,0.584553,0.841236,1.030489,1.085784,1.254245,1.440514,1.652682,1.677422,1.436426,0.842601,0.414914,0.275733,0.149935,0.103035,
nan,0.451661,0.510634,0.513139,0.518968,0.462450,0.449055,0.439948,0.555469,0.378486,0.358949,0.329467,0.320383,0.261947,0.214763,0.183940,0.176500,0.139193,0.098217,0.074378,0.032173,
0.453027,0.524718,0.497618,0.517361,0.517095,0.450355,0.448168,0.435998,0.421839,0.388544,0.363725,0.341434,0.297985,0.269417,0.236149,0.213120,0.167967,0.138933,0.095931,0.061696,0.038599,
0.515177,0.495720,0.501679,0.495841,0.469777,0.450620,0.433608,0.416271,0.408593,0.381434,0.363844,0.322038,0.293338,0.269591,0.235228,0.215465,0.180306,0.135068,0.094505,0.062580,0.044777,
0.482199,0.488529,0.485351,0.450223,0.444905,0.446681,0.433928,0.414023,0.395659,0.371616,0.344484,0.330333,0.289671,0.277766,0.235548,0.212496,0.181245,0.146251,0.104829,0.066975,0.039500,
0.487385,0.462425,0.460851,0.427194,0.421290,0.418993,0.407197,0.385209,0.370755,0.356187,0.326438,0.315227,0.295694,0.269069,0.237269,0.215742,0.190554,0.151078,0.113349,0.070117,0.053132,
0.462060,0.426968,0.424470,0.411725,0.397061,0.386261,0.377520,0.359283,0.347582,0.337581,0.318431,0.307616,0.284492,0.259932,0.240549,0.222332,0.191130,0.159998,0.109861,0.076760,0.052264,
0.421014,0.384285,0.383933,0.375281,0.361028,0.359536,0.343965,0.330856,0.324057,0.312979,0.303703,0.292172,0.281121,0.264109,0.247953,0.230767,0.205113,0.174067,0.121000,0.077674,0.061213,
0.382254,0.347046,0.341785,0.342140,0.334140,0.328255,0.312317,0.311532,0.301287,0.293038,0.292047,0.285912,0.281628,0.274533,0.263929,0.246531,0.209179,0.188778,0.131028,0.092025,0.066632,
0.299066,0.336034,0.305146,0.320197,0.301264,0.292852,0.290807,0.294355,0.283019,0.288290,0.279963,0.290948,0.294180,0.278746,0.283911,0.274377,0.235259,0.211237,0.145178,0.105057,0.065701,
0.285269,0.309962,0.271307,0.304903,0.278776,0.268796,0.277925,0.276758,0.282554,0.295015,0.288121,0.308240,0.314421,0.310492,0.312638,0.307884,0.279408,0.242907,0.175833,0.114380,0.074600,
0.282309,0.311986,0.269167,0.273724,0.267891,0.270752,0.283271,0.279955,0.287278,0.304480,0.311398,0.328194,0.348641,0.363931,0.363123,0.349215,0.338274,0.291070,0.216343,0.139044,0.084553,
0.264349,0.296522,0.261606,0.281029,0.277791,0.277342,0.288610,0.300777,0.317112,0.331110,0.352710,0.378856,0.390196,0.424668,0.443523,0.432806,0.417394,0.358048,0.259957,0.162222,0.102125,
0.298087,0.283578,0.290921,0.274594,0.301521,0.305118,0.314171,0.333181,0.353430,0.387647,0.405561,0.432762,0.478796,0.527775,0.537719,0.544784,0.518303,0.448610,0.317360,0.187101,0.118482,
0.376015,0.347443,0.303031,0.288062,0.327548,0.329137,0.358061,0.377149,0.397140,0.444735,0.473169,0.521259,0.560393,0.642402,0.649610,0.669461,0.648115,0.560078,0.385074,0.219334,0.133844,
0.393853,0.370241,0.293695,0.327042,0.381071,0.371241,0.418457,0.443327,0.480755,0.528041,0.559321,0.626836,0.705325,0.790339,0.816969,0.840078,0.824910,0.669363,0.438977,0.212604,0.156920,
0.240630,0.396263,0.317887,0.355350,0.391504,0.416781,0.460454,0.500120,0.544262,0.604140,0.682258,0.779449,0.850519,0.961467,1.026139,1.060353,0.956196,0.748001,0.441001,0.236430,0.150094,
0.268618,0.358852,0.332078,0.440315,0.466915,0.493027,0.508479,0.594768,0.657049,0.709398,0.817746,0.910225,1.051105,1.115747,1.232061,1.256770,1.074976,0.744122,0.401848,0.215167,0.137954,
nan,0.373344,0.362055,0.399928,0.464567,0.519997,0.574138,0.613517,0.692706,0.793046,0.938960,1.085036,1.241672,1.320140,1.410555,1.338766,0.979424,0.597256,0.316164,0.185406,0.123125,
nan,nan,0.439903,0.528534,0.360731,0.570989,0.651249,0.707347,0.724404,0.984036,0.967152,1.210508,1.210394,1.476292,1.461869,1.131848,0.854078,0.407145,0.214740,0.140754,0.085671,
nan,0.489994,0.474202,0.549659,0.609643,0.462586,0.464857,0.407548,0.425371,0.392528,0.344999,0.333570,0.263116,0.286409,0.251093,0.203445,0.163114,0.151669,0.104315,0.070574,0.047697,
0.530499,0.524492,0.503930,0.514377,0.494989,0.452779,0.447215,0.423252,0.418122,0.388124,0.372426,0.332301,0.309608,0.262945,0.238988,0.229301,0.165890,0.146713,0.094908,0.066395,0.072912,
0.480002,0.509349,0.497486,0.474864,0.465762,0.468323,0.453240,0.435888,0.411995,0.370102,0.354032,0.331280,0.290614,0.283020,0.248744,0.208304,0.178268,0.133375,0.107315,0.071262,0.045635,
0.488977,0.468999,0.482700,0.469123,0.443477,0.446727,0.424346,0.409079,0.385526,0.365588,0.345732,0.333425,0.293471,0.271186,0.238264,0.211677,0.183110,0.141488,0.109396,0.064160,0.049867,
0.479012,0.450615,0.447580,0.454778,0.428400,0.418431,0.408921,0.376270,0.362399,0.358945,0.324627,0.319735,0.290300,0.266259,0.243018,0.213704,0.179039,0.152202,0.101697,0.067925,0.045906,
0.492465,0.433715,0.414018,0.421315,0.392307,0.396555,0.369976,0.360002,0.340938,0.329580,0.320279,0.305461,0.285463,0.266880,0.245761,0.217567,0.188906,0.154818,0.111958,0.075451,0.057640,
0.411150,0.399693,0.368947,0.391443,0.374135,0.341738,0.343628,0.337746,0.317292,0.312513,0.298065,0.288646,0.286029,0.263919,0.254116,0.233376,0.195141,0.165017,0.113651,0.083478,0.058471,
0.364051,0.347701,0.333388,0.355887,0.339746,0.316432,0.321201,0.315386,0.301969,0.298043,0.285811,0.291904,0.281766,0.266133,0.257230,0.251623,0.209061,0.180458,0.129565,0.086848,0.058488,
0.297242,0.312833,0.301213,0.322086,0.314087,0.301413,0.292374,0.293173,0.284330,0.287082,0.281390,0.285980,0.275214,0.291979,0.264845,0.261788,0.226137,0.200410,0.151082,0.101285,0.062159,
0.303798,0.287233,0.286148,0.290020,0.292168,0.287441,0.280315,0.291035,0.282298,0.281130,0.303288,0.297666,0.296413,0.310664,0.298507,0.286533,0.276422,0.238411,0.178473,0.121617,0.073791,
0.274349,0.279886,0.282998,0.289567,0.288165,0.278926,0.277271,0.290758,0.295886,0.293582,0.314886,0.318827,0.328672,0.345188,0.356859,0.336201,0.333879,0.278573,0.211477,0.135506,0.083579,
0.291129,0.296652,0.274415,0.269553,0.279727,0.295446,0.277700,0.313337,0.315873,0.340396,0.341055,0.366156,0.390299,0.395038,0.421601,0.403594,0.395289,0.352123,0.256319,0.148255,0.097964,
0.362480,0.325869,0.280603,0.271472,0.306834,0.304315,0.305977,0.314309,0.349812,0.384080,0.385232,0.448806,0.460802,0.483450,0.498844,0.506998,0.492585,0.424630,0.304493,0.168848,0.115534,
0.329656,0.304393,0.301109,0.303780,0.327880,0.329314,0.338489,0.363346,0.420453,0.428323,0.466821,0.522267,0.554861,0.600341,0.611356,0.643580,0.612046,0.502866,0.344976,0.198454,0.126218,
0.304140,0.352188,0.334545,0.317258,0.363663,0.368960,0.378395,0.413332,0.464512,0.525784,0.583976,0.617025,0.665809,0.709587,0.769638,0.793834,0.740385,0.593160,0.404648,0.222932,0.138902,
0.347473,0.371196,0.371951,0.374549,0.402780,0.407585,0.417342,0.476715,0.576647,0.612614,0.682825,0.711600,0.823458,0.876491,0.952871,0.958786,0.891532,0.690280,0.411245,0.219695,0.149269,
0.325303,0.335800,0.376787,0.372897,0.484418,0.416879,0.528324,0.553142,0.605341,0.725735,0.797945,0.863042,0.955991,1.066018,1.150321,1.134264,0.951163,0.673276,0.369613,0.208095,0.130330,
0.309368,0.348886,0.437965,0.420202,0.502572,0.496873,0.570452,0.676893,0.701945,0.834850,0.852276,0.994752,1.123198,1.277396,1.300984,1.163126,0.872121,0.499719,0.318062,0.193570,0.108932,
nan,nan,0.437782,0.580504,0.444741,0.523882,0.516844,0.636211,0.795629,0.865800,0.993135,1.133026,1.287393,1.285742,1.226816,1.146784,0.759199,0.413052,0.248351,0.130728,0.087952,
nan,0.539122,0.491715,0.498148,0.489544,0.474133,0.472923,0.439230,0.432346,0.389665,0.410071,0.359903,0.269175,0.265818,0.309649,0.218312,0.171678,0.138839,0.113925,0.087254,0.040152,
0.485321,0.534748,0.509295,0.503329,0.477278,0.466455,0.465419,0.430200,0.423674,0.401055,0.356063,0.322144,0.301541,0.272971,0.229186,0.222006,0.175973,0.129747,0.096101,0.066116,0.044047,
0.514431,0.503552,0.499697,0.488925,0.461990,0.452795,0.433190,0.429712,0.407443,0.394979,0.344762,0.340626,0.296480,0.275846,0.231762,0.204300,0.183648,0.144062,0.102133,0.068053,0.041323,
0.488834,0.495578,0.495461,0.467942,0.456661,0.440102,0.426627,0.400727,0.383003,0.370307,0.353230,0.319229,0.300077,0.276105,0.234105,0.205854,0.176330,0.137892,0.101594,0.064292,0.049263,
0.454268,0.452414,0.462570,0.446558,0.427811,0.411396,0.393455,0.396584,0.366326,0.340171,0.337529,0.305426,0.298103,0.268091,0.241992,0.216884,0.180943,0.147710,0.104369,0.069984,0.055458,
0.413455,0.424617,0.431157,0.409808,0.402082,0.382354,0.374038,0.363205,0.347323,0.334543,0.313952,0.296173,0.288810,0.259887,0.243452,0.225010,0.183471,0.151606,0.106455,0.076815,0.057173,
0.388535,0.398549,0.383152,0.364581,0.368871,0.362356,0.348117,0.343796,0.328323,0.314423,0.295666,0.291389,0.275527,0.260458,0.239402,0.230368,0.189820,0.162086,0.114736,0.083070,0.049389,
0.327147,0.355118,0.348716,0.330403,0.329934,0.330320,0.323157,0.318037,0.305018,0.288949,0.286452,0.288330,0.269009,0.276122,0.238429,0.229461,0.202106,0.181145,0.135459,0.090919,0.058029,
0.342809,0.307638,0.316466,0.313566,0.301946,0.302629,0.295471,0.298611,0.291588,0.284221,0.288280,0.286483,0.277551,0.268840,0.263924,0.249921,0.235908,0.201566,0.154994,0.102249,0.064485,
0.294700,0.295519,0.296643,0.288085,0.285488,0.289262,0.282254,0.286586,0.277690,0.291594,0.287599,0.288654,0.303191,0.290522,0.304230,0.269678,0.263622,0.225065,0.167607,0.107796,0.070217,
0.254957,0.279709,0.271510,0.271936,0.282016,0.279682,0.273967,0.283046,0.285127,0.302295,0.307955,0.323592,0.338216,0.326080,0.338089,0.329941,0.311193,0.277955,0.195200,0.124830,0.075543,
0.326953,0.299931,0.274251,0.280007,0.273174,0.291249,0.281341,0.294835,0.307790,0.324004,0.343614,0.365650,0.367750,0.384994,0.393604,0.398708,0.380320,0.329333,0.233807,0.147700,0.094835,
0.311191,0.280809,0.279274,0.297165,0.287541,0.301245,0.305523,0.312079,0.360446,0.358697,0.410070,0.418585,0.431620,0.465018,0.481372,0.471095,0.468743,0.395091,0.272177,0.168671,0.114088,
0.290310,0.299768,0.290261,0.308892,0.308185,0.321680,0.331584,0.353425,0.397245,0.424698,0.460926,0.496632,0.515292,0.553311,0.604979,0.603871,0.575273,0.463226,0.334721,0.184547,0.113980,
0.334256,0.322708,0.323093,0.307704,0.344747,0.344643,0.398101,0.407849,0.457287,0.500685,0.530869,0.590498,0.634204,0.703145,0.737520,0.729887,0.684599,0.545398,0.361945,0.211594,0.129777,
0.354111,0.385807,0.351092,0.341101,0.395424,0.378444,0.434684,0.441323,0.517821,0.556871,0.644339,0.690737,0.780509,0.834073,0.896230,0.877342,0.788754,0.593818,0.374948,0.215235,0.143616,
0.414226,0.421511,0.424102,0.419165,0.389809,0.431872,0.515808,0.516280,0.639620,0.643590,0.746498,0.846091,0.924946,1.014751,1.006147,0.996193,0.847208,0.609416,0.332962,0.204858,0.118906,
nan,0.328526,0.426275,0.431430,0.501858,0.487258,0.546318,0.579631,0.666080,0.767218,0.871601,0.918805,1.040597,1.068279,1.143304,1.090545,0.798519,0.499652,0.293786,0.172421,0.104278,
nan,0.415770,nan,0.354940,0.408694,0.468894,0.529576,0.698368,0.714105,0.787398,0.886265,0.990089,1.165362,1.249931,1.111932,0.921850,0.643110,0.415377,0.243624,0.191537,0.054496,
nan,0.556708,0.538826,0.507082,0.547001,0.506845,0.449911,0.428826,0.449854,0.463889,0.382290,0.419867,0.287675,0.293695,0.286561,0.207750,0.185404,0.139744,0.133628,0.072310,0.034514,
0.519994,0.508913,0.519393,0.522173,0.500561,0.468929,0.453642,0.430672,0.416855,0.386839,0.363193,0.323388,0.298992,0.261301,0.240500,0.207587,0.171871,0.128526,0.093792,0.064900,0.057545,
0.496051,0.511898,0.517052,0.475051,0.471691,0.471052,0.447516,0.413278,0.401381,0.367321,0.356703,0.348882,0.289037,0.271410,0.248242,0.209876,0.175447,0.146995,0.104692,0.059072,0.045757,
0.486272,0.466588,0.474177,0.469936,0.463176,0.439095,0.422112,0.418636,0.380080,0.368181,0.339368,0.322508,0.296801,0.272998,0.243516,0.213366,0.171759,0.147812,0.103036,0.067269,0.047040,
0.452959,0.441322,0.448258,0.433160,0.427436,0.414109,0.400608,0.391949,0.365154,0.358124,0.329912,0.300567,0.289275,0.260462,0.241758,0.221099,0.169723,0.149783,0.099545,0.072764,0.054263,
0.398441,0.399368,0.406007,0.412304,0.385976,0.399240,0.383606,0.362024,0.359489,0.330445,0.310289,0.301284,0.279631,0.255980,0.237434,0.220110,0.182569,0.151116,0.108910,0.074969,0.048806,
0.404219,0.363871,0.377528,0.389719,0.360854,0.354383,0.351544,0.338697,0.326073,0.308085,0.300574,0.291477,0.273223,0.267266,0.235641,0.216259,0.189230,0.164114,0.123759,0.085867,0.054432,
0.358232,0.340413,0.340422,0.349166,0.336366,0.319433,0.319154,0.312325,0.302378,0.300163,0.299212,0.271461,0.272394,0.255600,0.249626,0.224771,0.202596,0.175388,0.127904,0.082173,0.054402,
0.302990,0.312521,0.321352,0.317762,0.311198,0.285462,0.297452,0.284728,0.289092,0.285492,0.287894,0.288309,0.284247,0.269269,0.265358,0.240962,0.224331,0.185648,0.139946,0.089410,0.066636,
0.317583,0.281670,0.308545,0.295050,0.285449,0.284092,0.274231,0.278491,0.282463,0.281996,0.295517,0.286409,0.286384,0.295073,0.283605,0.264704,0.259628,0.225023,0.163668,0.105567,0.070737,
0.311048,0.266682,0.312563,0.283439,0.279920,0.285738,0.275895,0.279360,0.301614,0.301790,0.306314,0.306682,0.313587,0.326013,0.321315,0.307947,0.297850,0.254973,0.189900,0.123747,0.072753,
0.288733,0.271482,0.299082,0.268534,0.287306,0.287903,0.291071,0.297217,0.313503,0.310621,0.325324,0.352882,0.360061,0.380645,0.381745,0.358725,0.356231,0.302825,0.213138,0.133411,0.094939,
0.268436,0.271755,0.302488,0.298668,0.294958,0.306403,0.315502,0.339146,0.336613,0.348987,0.361220,0.400637,0.419213,0.450608,0.457169,0.460513,0.426314,0.363435,0.259142,0.160423,0.095150,
0.326204,0.305742,0.324966,0.305416,0.335802,0.337716,0.349439,0.361467,0.364554,0.402725,0.428762,0.466233,0.504434,0.547457,0.557443,0.543494,0.518726,0.418443,0.298920,0.182236,0.103630,
0.282388,0.293034,0.317587,0.354242,0.352347,0.392614,0.374811,0.388314,0.425081,0.472810,0.520589,0.522453,0.587117,0.623087,0.663133,0.683199,0.605932,0.506840,0.328295,0.195115,0.142749,
0.425478,0.297134,0.361530,0.365946,0.426654,0.411909,0.442553,0.454409,0.500146,0.566206,0.607059,0.646847,0.712203,0.776701,0.775986,0.789881,0.692636,0.545532,0.334861,0.201139,0.121692,
0.364751,0.382068,0.348910,0.383946,0.393507,0.454398,0.473348,0.532806,0.593869,0.646262,0.680967,0.760067,0.851859,0.904318,0.944439,0.879361,0.742976,0.530833,0.344617,0.191842,0.117357,
0.301607,0.367373,0.398196,0.423577,0.439122,0.508390,0.534778,0.600632,0.649153,0.730576,0.819820,0.830248,0.982849,1.005117,0.959084,0.903364,0.693086,0.421799,0.278007,0.152322,0.091789,
nan,0.494035,nan,0.442597,0.324907,0.411079,0.628311,0.753705,0.809944,0.733662,0.718995,1.133145,0.798735,1.083129,1.023165,0.956398,0.517247,0.383475,0.261175,0.168508,0.053292,
nan,0.514067,0.573281,0.490168,0.530462,0.477362,0.470747,0.423863,0.431524,0.385597,0.352188,0.330773,0.329626,0.301315,0.267511,0.207173,0.198912,0.130857,0.109610,0.051141,0.054481,
0.569183,0.520864,0.514829,0.505340,0.477559,0.478967,0.462264,0.446469,0.425529,0.385866,0.351664,0.332139,0.311077,0.288296,0.235347,0.205249,0.182579,0.128866,0.098882,0.066253,0.045648,
0.494877,0.476198,0.492267,0.504432,0.470626,0.459626,0.444574,0.410853,0.397323,0.384217,0.369018,0.324064,0.311397,0.281185,0.244104,0.195101,0.179014,0.126333,0.100976,0.062665,0.048852,
0.462897,0.474562,0.480031,0.461658,0.452499,0.447280,0.424554,0.411402,0.391771,0.355150,0.337748,0.316420,0.299474,0.271800,0.243801,0.200336,0.171732,0.135832,0.096113,0.065124,0.050128,
0.477705,0.440603,0.439738,0.441383,0.423291,0.427431,0.413474,0.380180,0.379266,0.349583,0.326036,0.310486,0.287558,0.251448,0.239748,0.203092,0.185271,0.144937,0.110033,0.070894,0.046359,
0.455613,0.413143,0.407449,0.407725,0.397573,0.383496,0.375790,0.367182,0.347136,0.326538,0.324323,0.297717,0.278342,0.271161,0.234095,0.214168,0.183729,0.155538,0.108561,0.075596,0.047548,
0.340807,0.375376,0.377499,0.365265,0.361100,0.352743,0.339378,0.328954,0.318893,0.316351,0.306674,0.284255,0.274119,0.256525,0.235104,0.211563,0.182098,0.153058,0.114192,0.072713,0.050219,
0.339751,0.323669,0.343183,0.339515,0.335308,0.322334,0.316377,0.297185,0.306240,0.296953,0.290106,0.282863,0.274178,0.253285,0.250884,0.223768,0.195151,0.165032,0.129534,0.080894,0.055700,
0.346155,0.297599,0.297880,0.315850,0.317649,0.300570,0.288012,0.295061,0.294161,0.286263,0.284088,0.271876,0.263522,0.268339,0.250651,0.232733,0.220632,0.187878,0.139850,0.092878,0.064377,
0.314294,0.296120,0.290656,0.298454,0.297816,0.295444,0.277198,0.281431,0.280490,0.275652,0.275788,0.279388,0.279160,0.287988,0.271049,0.255980,0.244896,0.205093,0.160514,0.093783,0.064102,
0.239894,0.263163,0.302372,0.290906,0.295992,0.269110,0.279393,0.274712,0.278371,0.282883,0.282867,0.305168,0.307840,0.315956,0.316090,0.294599,0.286046,0.237949,0.168291,0.116131,0.069710,
0.416477,0.264516,0.308456,0.296451,0.285303,0.276330,0.289273,0.280207,0.290829,0.302755,0.314280,0.332771,0.347360,0.358027,0.357441,0.363707,0.320584,0.279894,0.211904,0.131093,0.076804,
0.260679,0.299291,0.301937,0.287647,0.288968,0.297680,0.304077,0.305701,0.331453,0.353149,0.382601,0.376951,0.383099,0.422847,0.433910,0.433427,0.397391,0.329571,0.238230,0.154197,0.088704,
0.275020,0.287133,0.326969,0.314988,0.329830,0.326562,0.334719,0.362343,0.382088,0.404163,0.424944,0.440304,0.472693,0.512560,0.522312,0.496574,0.477172,0.394069,0.277193,0.166224,0.121532,
0.311273,0.270025,0.360184,0.349776,0.326632,0.357355,0.357982,0.421451,0.445343,0.481098,0.501402,0.538176,0.589120,0.606766,0.600221,0.586554,0.543275,0.450119,0.305082,0.175272,0.129475,
0.410444,0.347216,0.359222,0.380474,0.411738,0.402562,0.398852,0.489625,0.505178,0.546581,0.554317,0.654429,0.693678,0.718923,0.702763,0.721299,0.631039,0.495729,0.325517,0.194770,0.117141,
0.986516,0.385738,0.326725,0.383421,0.419008,0.448792,0.471536,0.504885,0.562621,0.573103,0.667274,0.712425,0.783173,0.787471,0.839675,0.787609,0.675840,0.461435,0.311641,0.167177,0.111926,
nan,0.488245,0.361206,0.442630,0.513331,0.517317,0.585862,0.588699,0.615621,0.664962,0.826999,0.828642,0.884577,0.895421,0.889095,0.815961,0.654859,0.401221,0.242837,0.148803,0.117426,
nan,0.329610,nan,0.381320,0.464616,0.449698,0.666682,0.859271,0.575450,0.802800,0.725355,0.875242,0.928142,1.057341,0.957942,0.809778,0.465699,0.324657,0.236918,0.152841,0.096387,
nan,0.494681,0.575719,0.494251,0.455225,0.508445,0.465619,0.458019,0.417143,0.372717,0.375344,0.346709,0.349080,0.226858,0.247750,0.207661,0.177910,0.109776,0.181474,0.069900,0.044035,
0.459056,0.489751,0.513081,0.496844,0.484646,0.475111,0.446439,0.439456,0.413464,0.389115,0.361361,0.329039,0.289646,0.273302,0.248087,0.193868,0.163425,0.132417,0.097101,0.064459,0.037497,
0.428219,0.520376,0.501840,0.498232,0.478325,0.463099,0.443367,0.435397,0.402013,0.381589,0.347341,0.328356,0.300418,0.272246,0.243337,0.203377,0.161406,0.136153,0.096648,0.062171,0.046027,
0.490187,0.478603,0.464364,0.464715,0.453968,0.462034,0.436837,0.405658,0.387166,0.379724,0.346883,0.313911,0.292812,0.270128,0.228990,0.224205,0.165641,0.149292,0.098809,0.069632,0.052318,
0.452224,0.463284,0.443617,0.439612,0.423248,0.414416,0.401738,0.395303,0.376444,0.346773,0.332919,0.313090,0.297054,0.264046,0.240545,0.214929,0.176879,0.144649,0.104028,0.068467,0.044614,
0.459085,0.412056,0.438741,0.412664,0.385386,0.394281,0.368158,0.351390,0.340123,0.340154,0.323267,0.289629,0.282102,0.257414,0.227649,0.201340,0.175452,0.145876,0.106009,0.074069,0.046404,
0.401061,0.374239,0.410926,0.376567,0.368142,0.354278,0.340805,0.335941,0.326195,0.310775,0.302681,0.290508,0.272334,0.245566,0.237845,0.210160,0.185543,0.151824,0.119475,0.072761,0.053203,
0.375744,0.355256,0.367900,0.337805,0.341326,0.330513,0.313322,0.318808,0.303408,0.293133,0.286369,0.269311,0.265177,0.252973,0.234601,0.214656,0.198708,0.164250,0.123598,0.080401,0.052249,
0.293633,0.315626,0.318310,0.303953,0.306921,0.302972,0.303833,0.283327,0.279867,0.266151,0.274814,0.270077,0.261221,0.263555,0.241524,0.225641,0.208247,0.173456,0.134273,0.081370,0.061513,
0.345437,0.278628,0.290402,0.275926,0.283515,0.284196,0.298920,0.267886,0.273801,0.272891,0.272225,0.282120,0.280425,0.281375,0.269535,0.252680,0.229150,0.193042,0.150272,0.100585,0.060227,
0.267202,0.305702,0.276681,0.260653,0.275893,0.281268,0.286303,0.272313,0.285523,0.291805,0.282738,0.304899,0.288871,0.304235,0.291864,0.298170,0.265439,0.221867,0.165681,0.109011,0.075529,
0.269669,0.287297,0.279232,0.253038,0.288630,0.281097,0.288142,0.281630,0.310326,0.317262,0.325646,0.333218,0.324504,0.348592,0.345425,0.334418,0.305020,0.259323,0.183077,0.122485,0.074974,
0.310559,0.292421,0.280602,0.289190,0.308589,0.301017,0.315895,0.309254,0.339834,0.339131,0.364286,0.366474,0.399583,0.423173,0.399891,0.383380,0.383444,0.310423,0.230788,0.140434,0.092010,
0.433940,0.311086,0.316279,0.319759,0.328696,0.321889,0.333587,0.342795,0.376282,0.383657,0.408950,0.432396,0.461885,0.474965,0.465812,0.457468,0.437991,0.353087,0.250363,0.153989,0.107099,
0.241477,0.342706,0.337949,0.327813,0.356531,0.355102,0.381174,0.383982,0.404639,0.438184,0.457618,0.501980,0.519500,0.553861,0.567269,0.542458,0.501132,0.400414,0.288986,0.162983,0.118871,
0.599514,0.400198,0.369811,0.359417,0.396334,0.397390,0.427479,0.423454,0.484770,0.511048,0.532336,0.566623,0.604010,0.673615,0.643871,0.631184,0.577084,0.421717,0.275608,0.192539,0.118399,
0.344732,0.342261,0.377050,0.428102,0.407683,0.402596,0.454405,0.480939,0.535987,0.554338,0.603938,0.662551,0.698600,0.730416,0.727830,0.710155,0.592318,0.437171,0.261819,0.159551,0.105002,
0.284357,0.412502,0.340421,0.477725,0.530768,0.434917,0.498758,0.624004,0.606838,0.611030,0.622449,0.760653,0.825610,0.800523,0.864772,0.692147,0.617268,0.435782,0.256930,0.143770,0.116413,
nan,nan,0.498650,0.430610,0.415079,0.392162,0.591460,0.720708,0.759921,0.770705,0.842025,0.862080,0.760484,0.809931,0.875071,0.724240,0.592932,0.358797,0.176566,0.138084,0.059436,
nan,0.545034,0.506511,0.533434,0.469878,0.472790,0.485852,0.434346,0.409600,0.458153,0.369336,0.322367,0.323548,0.258815,0.243729,0.275851,0.169895,0.170538,0.099485,0.060798,0.053682,
0.494898,0.523207,0.507113,0.479863,0.462644,0.474441,0.444883,0.441095,0.417784,0.388643,0.361625,0.350695,0.315787,0.263979,0.238857,0.211098,0.199158,0.126196,0.111943,0.069629,0.038950,
0.577399,0.517040,0.493993,0.475087,0.476703,0.459726,0.427671,0.420025,0.385842,0.373643,0.368339,0.323288,0.293090,0.267283,0.240575,0.212287,0.169876,0.141626,0.109815,0.066210,0.051013,
0.573186,0.506127,0.474165,0.478302,0.452139,0.427997,0.426558,0.411420,0.400077,0.368516,0.336748,0.312299,0.294966,0.259112,0.245891,0.206498,0.183516,0.139230,0.109341,0.073027,0.042750,
0.488936,0.472543,0.446466,0.451286,0.420702,0.431617,0.398699,0.379027,0.379385,0.358102,0.329797,0.312219,0.284568,0.260639,0.235109,0.209278,0.171889,0.145034,0.095922,0.066122,0.045049,
0.450394,0.430670,0.405370,0.407421,0.398752,0.392027,0.367039,0.372867,0.349559,0.328278,0.313298,0.295832,0.281968,0.246212,0.233440,0.201701,0.163589,0.137465,0.108102,0.074986,0.055369,
0.446735,0.384756,0.372946,0.372883,0.369994,0.373268,0.347400,0.336218,0.325015,0.309919,0.300727,0.278369,0.276731,0.253073,0.238090,0.208055,0.187025,0.156728,0.116319,0.076648,0.045807,
0.353337,0.345330,0.338426,0.334244,0.333532,0.340125,0.322017,0.306553,0.298801,0.282336,0.281661,0.274929,0.253311,0.250898,0.233776,0.210015,0.180948,0.158546,0.109761,0.076024,0.055769,
0.307965,0.312486,0.302055,0.303847,0.302763,0.310693,0.288483,0.292939,0.285748,0.276084,0.268774,0.274757,0.262777,0.264086,0.245340,0.218134,0.199944,0.165998,0.133463,0.087651,0.056581,
0.280074,0.282548,0.282603,0.290618,0.280757,0.286139,0.270820,0.281631,0.275844,0.281758,0.273213,0.285963,0.264971,0.273132,0.253841,0.246677,0.225332,0.185324,0.132253,0.086396,0.060052,
0.284442,0.284003,0.270660,0.291864,0.281009,0.275614,0.276101,0.276224,0.276905,0.289053,0.286662,0.288644,0.293865,0.295250,0.280917,0.281676,0.242731,0.208006,0.154156,0.107723,0.060522,
0.217485,0.297418,0.299769,0.268028,0.283601,0.290923,0.287104,0.281578,0.294784,0.298879,0.318698,0.309030,0.331450,0.332376,0.334172,0.312588,0.298386,0.245395,0.175648,0.106589,0.078182,
0.322915,0.303811,0.279044,0.270749,0.300806,0.305169,0.291691,0.312010,0.317195,0.333618,0.335727,0.343282,0.363069,0.376802,0.371568,0.357730,0.353201,0.293260,0.201501,0.133720,0.086516,
0.336504,0.286749,0.293255,0.283300,0.312727,0.326259,0.316689,0.352935,0.356207,0.382847,0.381394,0.395574,0.425283,0.454478,0.441236,0.408366,0.389885,0.318659,0.234407,0.146154,0.109968,
0.428526,0.309715,0.337263,0.312307,0.358808,0.356011,0.359308,0.387020,0.403972,0.426878,0.459688,0.459056,0.506160,0.533291,0.513232,0.505778,0.439988,0.362095,0.259252,0.162118,0.102130,
0.217078,0.342656,0.342221,0.332712,0.384354,0.395357,0.384715,0.447403,0.464829,0.461645,0.495931,0.547659,0.592161,0.563655,0.602574,0.566933,0.509643,0.384343,0.249193,0.170800,0.109835,
0.286133,0.336825,0.352868,0.386972,0.415780,0.422511,0.478784,0.483613,0.526423,0.524903,0.562907,0.662054,0.589524,0.711058,0.666576,0.646763,0.539977,0.417109,0.252666,0.138151,0.093941,
0.305433,0.367442,0.334131,0.463742,0.475722,0.471474,0.498611,0.523358,0.565864,0.586914,0.651992,0.644597,0.728705,0.720791,0.706951,0.642731,0.518745,0.411939,0.218569,0.145191,0.114033,
nan,nan,0.428496,0.447361,nan,0.423870,0.655896,0.520638,0.544794,0.660064,0.705902,0.664179,0.878400,0.756488,0.645515,0.722342,0.428393,0.337697,0.154854,0.094821,0.023823,
nan,0.535283,0.479041,0.520018,0.476942,0.406298,0.436907,0.445903,0.445620,0.412823,0.435639,0.332736,0.303128,0.264318,0.309453,0.204560,0.149981,0.169027,0.083404,0.072918,0.035428,
0.507974,0.518848,0.518660,0.534752,0.485981,0.487820,0.462940,0.433219,0.404042,0.391097,0.350940,0.365691,0.296855,0.268192,0.231798,0.209963,0.172217,0.143581,0.104698,0.066043,0.055014,
0.477730,0.499393,0.489237,0.479577,0.481585,0.481262,0.463235,0.438217,0.408682,0.370210,0.346652,0.336692,0.305104,0.280049,0.246154,0.200190,0.171008,0.151912,0.104351,0.062668,0.042320,
0.448752,0.482871,0.456496,0.464481,0.452553,0.448143,0.433811,0.414492,0.393078,0.372156,0.339412,0.322373,0.308681,0.257386,0.237130,0.205813,0.163116,0.135604,0.095302,0.064060,0.041988,
0.475694,0.453387,0.439394,0.439139,0.429121,0.425514,0.401185,0.395024,0.362843,0.349310,0.340249,0.301002,0.286745,0.258645,0.229693,0.196885,0.164241,0.139230,0.104493,0.066841,0.047428,
0.464970,0.418285,0.417955,0.404870,0.408348,0.405160,0.377818,0.362099,0.346167,0.338098,0.318171,0.293334,0.281579,0.255853,0.235154,0.207384,0.174685,0.146903,0.108461,0.069552,0.049589,
0.340642,0.386648,0.379884,0.368847,0.380614,0.361341,0.345151,0.337905,0.321910,0.301074,0.296766,0.281817,0.263396,0.249093,0.225191,0.205617,0.173126,0.149093,0.109507,0.066725,0.051447,
0.381787,0.342947,0.341172,0.341069,0.338100,0.327711,0.313351,0.314586,0.302375,0.287519,0.279676,0.273703,0.256611,0.240942,0.234327,0.200080,0.188553,0.155441,0.121159,0.082569,0.049988,
0.349739,0.307561,0.306468,0.306199,0.296309,0.299236,0.289349,0.291840,0.277866,0.284432,0.271306,0.273100,0.254790,0.262097,0.236359,0.223708,0.197784,0.171039,0.120802,0.080535,0.054781,
0.252951,0.285051,0.295004,0.282953,0.279134,0.275354,0.280741,0.276901,0.270515,0.271134,0.267501,0.265247,0.255938,0.258283,0.243180,0.240929,0.213540,0.166117,0.138379,0.090485,0.059161,
0.292266,0.257566,0.272545,0.274442,0.266959,0.268925,0.271055,0.269850,0.267496,0.276212,0.286705,0.275149,0.276451,0.277159,0.274947,0.257442,0.250897,0.200125,0.143994,0.090482,0.056120,
0.281845,0.261616,0.264475,0.285498,0.284953,0.273045,0.266191,0.288834,0.294367,0.295724,0.297943,0.284278,0.310136,0.318228,0.309621,0.281936,0.279693,0.230580,0.175823,0.107845,0.069435,
0.234140,0.277317,0.283582,0.278679,0.283859,0.295060,0.292634,0.309873,0.319848,0.322371,0.333926,0.327516,0.374477,0.354554,0.359206,0.329692,0.319922,0.255315,0.189243,0.129387,0.077985,
0.242328,0.297730,0.312977,0.283677,0.337457,0.323638,0.328714,0.338437,0.349117,0.364844,0.370494,0.401805,0.392151,0.411502,0.415952,0.382312,0.342212,0.283209,0.219498,0.136946,0.099390,
0.238742,0.313032,0.322324,0.309336,0.362873,0.334513,0.354713,0.379212,0.393784,0.395777,0.428309,0.458696,0.446716,0.468641,0.486265,0.455867,0.407240,0.329649,0.244952,0.149999,0.092753,
0.341467,0.350262,0.338283,0.332355,0.376426,0.388786,0.392686,0.430606,0.420419,0.453880,0.488299,0.499096,0.526009,0.516008,0.573996,0.514680,0.474771,0.354284,0.231615,0.154618,0.090497,
0.308407,0.371184,0.418832,0.407520,0.391121,0.398528,0.428583,0.472824,0.472263,0.514817,0.539366,0.596851,0.587101,0.625822,0.562243,0.557958,0.498825,0.381626,0.276902,0.140104,0.090632,
0.394817,0.533023,0.494822,0.438176,0.423976,0.458467,0.503645,0.575787,0.522997,0.564020,0.603861,0.630377,0.625779,0.649514,0.620839,0.570182,0.477205,0.396627,0.213101,0.124401,0.112744,
nan,0.210025,0.409585,nan,0.418795,0.422352,1.064278,0.490864,0.524354,0.515224,0.689680,0.624801,0.627865,0.759681,0.499968,0.481217,0.524825,0.312452,0.250244,0.133866,0.028382,
nan,0.474095,0.540168,0.472047,0.475229,0.409446,0.468636,0.454931,0.455914,0.423368,0.357513,0.364125,0.302975,0.268718,0.260857,0.192792,0.202678,0.141705,0.101032,0.054595,0.027885,
0.510556,0.517627,0.514998,0.514160,0.485949,0.464678,0.459710,0.415101,0.407198,0.382326,0.367596,0.330172,0.306599,0.262715,0.233342,0.195073,0.159653,0.137607,0.090484,0.063989,0.051448,
0.519862,0.504507,0.479587,0.502838,0.463961,0.481267,0.454920,0.417153,0.394923,0.393303,0.362122,0.327769,0.299888,0.273842,0.237918,0.221985,0.170162,0.133696,0.092066,0.069639,0.044009,
0.437410,0.492126,0.467933,0.459013,0.456106,0.455726,0.425538,0.396430,0.405569,0.364632,0.341475,0.314601,0.300091,0.265046,0.226522,0.198177,0.164963,0.122913,0.090752,0.058905,0.059261,
0.421552,0.455342,0.445238,0.438996,0.433260,0.434844,0.390763,0.383882,0.368276,0.349610,0.332552,0.310768,0.295102,0.246160,0.239740,0.207069,0.165701,0.153579,0.107298,0.076534,0.042175,
0.371999,0.421555,0.407942,0.416284,0.408070,0.387026,0.378575,0.370559,0.344136,0.333209,0.311223,0.297572,0.279257,0.251799,0.230183,0.192190,0.170095,0.135766,0.097600,0.066309,0.050459,
0.441984,0.364517,0.378100,0.375059,0.357911,0.351034,0.343565,0.342236,0.324779,0.304547,0.297186,0.276549,0.259220,0.238647,0.219578,0.195046,0.167864,0.138199,0.106817,0.077584,0.046782,
0.348026,0.341802,0.354976,0.337728,0.330411,0.330219,0.311467,0.305726,0.295961,0.289295,0.282569,0.270965,0.256969,0.254338,0.230660,0.211669,0.178976,0.142998,0.102686,0.066773,0.046566,
0.345602,0.317126,0.301570,0.310124,0.303375,0.299218,0.291486,0.283106,0.281786,0.274210,0.261653,0.262691,0.247774,0.243739,0.219232,0.212597,0.187497,0.150782,0.122066,0.080148,0.048356,
0.296105,0.285089,0.293628,0.296956,0.274985,0.281309,0.267437,0.271546,0.277657,0.273285,0.263763,0.255120,0.252021,0.248723,0.246051,0.222710,0.206295,0.165324,0.115677,0.078554,0.056509,
0.249134,0.251751,0.276172,0.284741,0.266353,0.262260,0.273957,0.278868,0.280774,0.276154,0.275237,0.254177,0.272284,0.270806,0.261340,0.238698,0.233476,0.183503,0.139160,0.088503,0.059782,
0.276387,0.267897,0.271305,0.286823,0.270408,0.264680,0.281655,0.286416,0.290939,0.284266,0.290739,0.295023,0.296971,0.305649,0.293835,0.273577,0.260366,0.221739,0.157585,0.104669,0.078298,
0.334280,0.262960,0.297151,0.305482,0.270679,0.297504,0.305644,0.295001,0.306790,0.328894,0.318897,0.321370,0.322811,0.336385,0.333331,0.316211,0.277580,0.224750,0.177522,0.116232,0.078497,
0.401405,0.287446,0.286425,0.311639,0.298294,0.325580,0.324003,0.305467,0.333307,0.351064,0.353408,0.368192,0.383628,0.370317,0.391499,0.367828,0.319434,0.275928,0.198934,0.127072,0.098106,
0.323268,0.331948,0.327361,0.346617,0.355742,0.357868,0.353868,0.350126,0.371959,0.416454,0.396391,0.425724,0.423295,0.435287,0.445964,0.416807,0.391829,0.290866,0.211124,0.139042,0.077562,
0.259451,0.373953,0.349529,0.356108,0.359939,0.397387,0.381824,0.380674,0.441444,0.431405,0.462910,0.488552,0.479430,0.497104,0.483356,0.452227,0.424264,0.350413,0.238055,0.142567,0.090422,
nan,0.393420,0.358644,0.370134,0.400641,0.406551,0.426533,0.418834,0.482475,0.494688,0.512425,0.518167,0.564797,0.531913,0.559525,0.484592,0.452517,0.342663,0.260453,0.144953,0.078804,
nan,0.421240,0.432644,0.431316,0.421047,0.437095,0.487436,0.464592,0.494476,0.554229,0.542383,0.575715,0.562944,0.595631,0.589140,0.526285,0.453043,0.343899,0.207309,0.119011,0.087418,
nan,0.310322,0.366708,0.396939,0.379257,nan,0.489118,0.394703,0.557374,0.493661,0.593962,0.751395,0.623210,0.640513,0.667934,0.444138,0.409498,0.260974,0.256572,0.084265,0.090536,
nan,0.536135,0.511661,0.513271,0.541185,0.490366,0.466720,0.442379,0.411390,0.400118,0.343983,0.354352,0.320144,0.235990,0.220731,0.196588,0.186203,0.123511,0.124879,0.096928,0.028726,
0.537931,0.517240,0.495254,0.500652,0.478238,0.461924,0.456589,0.441076,0.403796,0.398219,0.349261,0.326604,0.296702,0.251296,0.239204,0.192292,0.173934,0.130591,0.090577,0.051028,0.051993,
0.497486,0.488489,0.483838,0.491220,0.464437,0.455561,0.435698,0.419331,0.419045,0.377158,0.348651,0.322083,0.292101,0.278868,0.222256,0.210474,0.167002,0.145678,0.098271,0.065000,0.050805,
0.512133,0.463592,0.472158,0.458626,0.452376,0.457115,0.419818,0.402193,0.384368,0.368942,0.339855,0.310686,0.293512,0.253211,0.239580,0.201440,0.158746,0.137391,0.099590,0.067362,0.047012,
0.430334,0.432152,0.439811,0.447021,0.432132,0.415181,0.413404,0.387234,0.366079,0.358222,0.343942,0.309384,0.294654,0.264922,0.232892,0.199032,0.167592,0.137322,0.094271,0.064566,0.058879,
0.408360,0.405612,0.418097,0.401880,0.392491,0.372591,0.374861,0.358713,0.353541,0.328759,0.304786,0.284587,0.267095,0.248093,0.224194,0.196465,0.165584,0.147886,0.106546,0.073274,0.045517,
0.408826,0.367342,0.376142,0.377477,0.370129,0.356084,0.334256,0.337031,0.321022,0.309945,0.284957,0.283848,0.259109,0.240153,0.226905,0.207219,0.169579,0.136749,0.099984,0.067993,0.044184,
0.337556,0.337982,0.333085,0.335008,0.321220,0.328397,0.315394,0.299389,0.299120,0.285073,0.282540,0.263023,0.256994,0.247434,0.212893,0.199623,0.165605,0.154590,0.113120,0.076192,0.046576,
0.303674,0.308295,0.315083,0.298050,0.298815,0.293588,0.294249,0.281365,0.283056,0.273047,0.264683,0.251248,0.244362,0.236791,0.220305,0.212160,0.183133,0.146918,0.103857,0.071073,0.051518,
0.316828,0.286920,0.284333,0.271162,0.287292,0.274697,0.285323,0.272436,0.272058,0.270457,0.257718,0.238509,0.251370,0.248040,0.240295,0.211138,0.186450,0.167673,0.123934,0.080980,0.053845,
0.226105,0.285504,0.279812,0.261890,0.271453,0.272949,0.280795,0.264675,0.271111,0.268178,0.273928,0.267572,0.259884,0.269179,0.244710,0.223085,0.223595,0.180271,0.134554,0.091134,0.051965,
0.272788,0.269756,0.296015,0.263193,0.280441,0.277085,0.286149,0.269320,0.289881,0.297106,0.281005,0.277325,0.283129,0.280773,0.272810,0.263696,0.229607,0.194690,0.144344,0.100538,0.069739,
0.272225,0.272472,0.278769,0.293900,0.292113,0.289730,0.309592,0.278653,0.306391,0.298540,0.316004,0.320568,0.325384,0.309882,0.313756,0.295126,0.262587,0.209358,0.167048,0.100767,0.081676,
0.253954,0.297520,0.306087,0.321821,0.322850,0.325462,0.322368,0.314552,0.342952,0.330731,0.349249,0.346489,0.348426,0.350985,0.364891,0.352329,0.302099,0.261870,0.177761,0.126346,0.091481,
0.351979,0.326417,0.336236,0.339211,0.340260,0.366810,0.346186,0.354868,0.369686,0.362920,0.396351,0.392503,0.418426,0.389103,0.404989,0.374023,0.351219,0.279173,0.195461,0.127127,0.081211,
0.485333,0.351365,0.334652,0.355187,0.358175,0.401099,0.383502,0.407553,0.406264,0.430045,0.413035,0.454567,0.434454,0.463763,0.437846,0.418732,0.379546,0.317513,0.227992,0.136537,0.078430,
0.297350,0.364169,0.342592,0.459097,0.460876,0.454674,0.404603,0.442599,0.446401,0.463608,0.509685,0.471566,0.491133,0.500789,0.520562,0.477371,0.418739,0.313005,0.220450,0.135239,0.098727,
0.762633,0.496361,0.413395,0.434253,0.432080,0.431092,0.425612,0.430794,0.537611,0.537242,0.554367,0.516651,0.550074,0.544513,0.529887,0.507807,0.441429,0.315775,0.230355,0.118035,0.080105,
nan,0.433520,nan,0.425070,0.398321,0.443309,nan,0.507030,nan,0.754573,0.543517,0.543776,0.497020,0.563911,0.507773,0.491346,0.315786,0.218401,0.158446,0.087104,0.072589,
nan,0.536312,0.547589,0.507527,0.487624,0.442317,0.430158,0.435635,0.488859,0.369791,0.362759,0.323398,0.318517,0.295170,0.232980,0.233327,0.171024,0.137010,0.079068,0.079415,0.038003,
0.493264,0.523608,0.514302,0.479750,0.490480,0.472449,0.452236,0.433162,0.427279,0.391668,0.359712,0.339406,0.313805,0.286595,0.247162,0.206874,0.177480,0.141556,0.109114,0.065794,0.043626,
0.525790,0.509519,0.487861,0.491649,0.481215,0.454669,0.451302,0.428219,0.402434,0.374221,0.355554,0.317007,0.295692,0.266430,0.234404,0.209059,0.161105,0.129315,0.091434,0.061510,0.039879,
0.508103,0.474123,0.464581,0.468355,0.457287,0.450902,0.420723,0.415915,0.392140,0.365912,0.343985,0.321565,0.294637,0.260505,0.233730,0.208202,0.178947,0.143641,0.109072,0.070175,0.046548,
0.418499,0.445885,0.460666,0.430812,0.425742,0.413350,0.403931,0.394010,0.364096,0.351957,0.333817,0.312755,0.279816,0.257362,0.227417,0.187851,0.155842,0.123936,0.093574,0.059288,0.040784,
0.446982,0.416037,0.423209,0.400166,0.404308,0.386936,0.374926,0.367965,0.342735,0.315112,0.302994,0.290739,0.254705,0.240336,0.230544,0.196026,0.167713,0.137390,0.096758,0.065101,0.041478,
0.401407,0.377246,0.393633,0.368635,0.356740,0.361808,0.343702,0.330003,0.317389,0.308789,0.301409,0.284104,0.265743,0.233185,0.218754,0.182002,0.161152,0.135749,0.096825,0.070807,0.039517,
0.384869,0.330336,0.358478,0.337096,0.334279,0.326094,0.316712,0.303529,0.303786,0.285040,0.277928,0.253862,0.243329,0.229992,0.222231,0.198064,0.172207,0.143840,0.093619,0.067743,0.051353,
0.332491,0.301499,0.307760,0.303472,0.311175,0.304485,0.294214,0.286095,0.280489,0.274110,0.256492,0.246994,0.245921,0.235340,0.221679,0.199690,0.171171,0.150177,0.117633,0.071152,0.040611,
0.313766,0.284681,0.284274,0.285989,0.291527,0.278173,0.283971,0.267654,0.265668,0.263968,0.264626,0.242420,0.237241,0.241677,0.223005,0.200307,0.191080,0.149802,0.109797,0.083913,0.050699,
0.358203,0.302971,0.261166,0.273801,0.285456,0.272849,0.275706,0.264177,0.272078,0.268868,0.266422,0.265876,0.250547,0.250145,0.242779,0.219876,0.200337,0.166915,0.122749,0.089441,0.054801,
0.282301,0.271331,0.274204,0.266521,0.289704,0.276987,0.274305,0.276301,0.279266,0.272890,0.287058,0.271240,0.274668,0.264846,0.264660,0.251204,0.215528,0.179739,0.132335,0.089104,0.066796,
0.316586,0.309989,0.282133,0.274278,0.289357,0.296633,0.296235,0.285226,0.294467,0.290026,0.299230,0.292817,0.301476,0.298978,0.299861,0.287592,0.238782,0.193549,0.154752,0.101060,0.071259,
0.248530,0.295127,0.318662,0.289109,0.297420,0.298058,0.320859,0.298522,0.311315,0.325482,0.323092,0.351978,0.332025,0.329659,0.342713,0.314930,0.281351,0.243474,0.177851,0.112616,0.081643,
0.376866,0.315824,0.328718,0.290279,0.343282,0.351419,0.346848,0.329717,0.342378,0.373306,0.364983,0.374707,0.373341,0.365558,0.371274,0.341711,0.317156,0.266287,0.191969,0.120912,0.076705,
0.428738,0.293406,0.351093,0.366557,0.364111,0.350146,0.386937,0.364900,0.386450,0.398369,0.428399,0.440623,0.421967,0.435805,0.414988,0.410975,0.353296,0.270560,0.200108,0.131836,0.075111,
0.535290,0.301605,0.331051,0.373118,0.395804,0.395708,0.434119,0.407880,0.396799,0.454684,0.444540,0.494500,0.480881,0.452453,0.488587,0.415255,0.378372,0.307074,0.214607,0.130480,0.090877,
0.387760,0.567371,0.413002,0.447109,0.413354,0.448402,0.457627,0.477031,0.468304,0.455270,0.542095,0.479049,0.531704,0.508935,0.492222,0.416729,0.387542,0.273373,0.196960,0.139967,0.083256,
nan,nan,nan,0.497245,0.457952,0.384727,0.433869,0.652920,0.575308,0.560091,0.466990,0.539353,0.617972,0.547557,0.545657,0.432961,0.340830,0.249892,0.283986,0.117332,0.100063,
nan,0.477459,0.464387,0.476030,0.495147,0.417407,0.495501,0.393911,0.421553,0.415992,0.374957,0.362017,0.330946,0.290587,0.223460,0.240062,0.161404,0.115999,0.114358,0.077708,0.029516,
0.524673,0.494997,0.510801,0.516653,0.515427,0.484534,0.458322,0.426979,0.414064,0.392389,0.384703,0.329044,0.324648,0.272779,0.287565,0.220210,0.171555,0.136043,0.106490,0.069237,0.044454,
0.518149,0.487908,0.483256,0.462086,0.478549,0.475448,0.443144,0.430335,0.406248,0.371249,0.345821,0.318451,0.302703,0.256678,0.233716,0.200208,0.152019,0.119357,0.089115,0.058512,0.098889,
0.477453,0.488283,0.482709,0.464842,0.456466,0.444029,0.427301,0.397420,0.399668,0.365987,0.351075,0.318536,0.318446,0.268427,0.240415,0.206557,0.169263,0.142418,0.098488,0.069697,0.038933,
0.491506,0.463080,0.445091,0.430945,0.430589,0.416867,0.410919,0.379074,0.368691,0.345168,0.325390,0.303799,0.284311,0.255117,0.235991,0.198666,0.169957,0.140138,0.108373,0.073295,0.043815,
0.428490,0.421602,0.420127,0.413560,0.400153,0.391736,0.360852,0.357232,0.351380,0.330683,0.313781,0.292541,0.265362,0.244409,0.216838,0.199326,0.157672,0.120480,0.093765,0.060559,0.051438,
0.373153,0.383465,0.371943,0.370639,0.374706,0.351617,0.348055,0.334299,0.326496,0.315676,0.299368,0.277855,0.252360,0.245660,0.217986,0.205463,0.162630,0.136058,0.094935,0.065282,0.056008,
0.363554,0.351377,0.340272,0.328085,0.335642,0.326353,0.323417,0.305306,0.296034,0.286515,0.269568,0.254333,0.254502,0.232298,0.199572,0.195938,0.172306,0.135674,0.105998,0.068625,0.044131,
0.293755,0.305884,0.303529,0.304532,0.310279,0.299036,0.299127,0.277397,0.279464,0.271555,0.265700,0.239605,0.228705,0.223696,0.217737,0.188410,0.166346,0.133188,0.103040,0.070621,0.047374,
0.246590,0.287869,0.280590,0.269414,0.287481,0.274553,0.278653,0.266181,0.264354,0.255156,0.255902,0.263532,0.233505,0.241263,0.216092,0.200500,0.185055,0.152017,0.102679,0.072996,0.051366,
0.287919,0.278550,0.280635,0.264027,0.285550,0.264192,0.267698,0.255733,0.261675,0.255872,0.265186,0.251010,0.246784,0.242196,0.232428,0.216313,0.195202,0.155790,0.119363,0.070738,0.055472,
0.261015,0.255306,0.252177,0.272072,0.292502,0.269967,0.276255,0.266417,0.278044,0.261813,0.268634,0.269169,0.270183,0.249514,0.265319,0.235898,0.201827,0.165202,0.126047,0.089806,0.062988,
0.252085,0.288095,0.267913,0.280303,0.307957,0.279349,0.283973,0.275572,0.295867,0.286343,0.284098,0.297781,0.284968,0.278541,0.277315,0.271435,0.238065,0.177514,0.145397,0.092989,0.071728,
0.264777,0.267293,0.303292,0.298843,0.291342,0.304351,0.322580,0.305713,0.336399,0.308487,0.329396,0.315664,0.333516,0.300370,0.310386,0.280165,0.270201,0.231510,0.171744,0.104847,0.073056,
0.226665,0.325457,0.306394,0.313018,0.343227,0.347582,0.315629,0.352757,0.400645,0.360456,0.335657,0.382441,0.377343,0.394563,0.358456,0.319671,0.280493,0.244879,0.177735,0.114705,0.074270,
0.302272,0.331164,0.394466,0.330853,0.332868,0.385660,0.349516,0.467626,0.419783,0.408847,0.395002,0.391191,0.440975,0.385338,0.395812,0.365510,0.315785,0.277924,0.178300,0.123594,0.090554,
0.342820,0.355941,0.420957,0.385565,0.395231,0.384199,0.388998,0.389714,0.458613,0.416763,0.436165,0.452153,0.434926,0.425480,0.449111,0.381252,0.352632,0.286247,0.203166,0.129023,0.089068,
0.394147,0.336512,0.332752,0.414439,0.357668,0.414830,0.400457,0.463843,0.447164,0.444673,0.435861,0.465191,0.450007,0.418750,0.413878,0.432693,0.337748,0.262392,0.188254,0.150335,0.064045,
nan,0.432690,0.329899,nan,0.439963,nan,0.422065,0.485464,0.385950,0.587896,0.548983,0.541414,0.447733,0.515369,0.538330,0.496782,0.408367,0.313718,0.243116,0.079937,0.225227,
nan,0.524476,0.522951,0.508479,0.496134,0.483089,0.456254,0.456334,0.436691,0.368649,0.370887,0.440455,0.302992,0.264262,0.187576,0.234782,0.196362,0.111512,0.106010,0.062459,0.040798,
0.544220,0.530687,0.486148,0.515094,0.488417,0.492050,0.455839,0.442684,0.410845,0.413602,0.355492,0.351701,0.317987,0.271758,0.253099,0.205243,0.190516,0.142429,0.107476,0.066097,0.051720,
0.500885,0.503118,0.491449,0.491318,0.474061,0.467656,0.448089,0.413002,0.393813,0.373055,0.343934,0.320569,0.284798,0.252384,0.231653,0.195385,0.159526,0.127650,0.090885,0.062248,0.042588,
0.486814,0.486894,0.480739,0.462455,0.455266,0.450556,0.431790,0.412884,0.383538,0.377008,0.353254,0.320493,0.294523,0.257036,0.229826,0.190836,0.162926,0.129266,0.083247,0.054227,nan,
0.455498,0.455262,0.448605,0.431830,0.440759,0.409215,0.401568,0.388806,0.366742,0.342244,0.323771,0.308039,0.283004,0.257396,0.235094,0.199336,0.163009,0.139551,0.096504,0.065423,0.047737,
0.391040,0.428238,0.413360,0.407792,0.404375,0.381366,0.377712,0.360687,0.347523,0.333384,0.307196,0.291228,0.257214,0.238136,0.216250,0.188572,0.164047,0.138355,0.096792,0.069772,0.042465,
0.500681,0.395166,0.375135,0.371727,0.367760,0.352750,0.349554,0.328907,0.322418,0.294452,0.293367,0.265961,0.275047,0.237108,0.212597,0.183862,0.160443,0.130032,0.094414,0.062989,0.039383,
0.363465,0.358256,0.344851,0.343344,0.328231,0.334170,0.324163,0.298393,0.299597,0.290982,0.280001,0.251720,0.244317,0.231097,0.206668,0.192014,0.162091,0.129181,0.087659,0.063261,0.050475,
0.394852,0.323944,0.319472,0.303434,0.303170,0.310575,0.285978,0.279558,0.272505,0.262256,0.255622,0.254260,0.236342,0.229763,0.209002,0.184935,0.166488,0.141851,0.099344,0.064331,0.046278,
0.271687,0.289618,0.301628,0.274003,0.282068,0.281342,0.268149,0.264563,0.259931,0.252582,0.260430,0.251682,0.230085,0.233917,0.219642,0.186139,0.169884,0.140189,0.109767,0.069846,0.043725,
0.313978,0.280982,0.270070,0.262773,0.262515,0.268907,0.275798,0.253563,0.262419,0.246608,0.259776,0.249650,0.250130,0.223908,0.219239,0.205796,0.174057,0.153158,0.120644,0.078499,0.055050,
0.335933,0.274902,0.275154,0.258181,0.260700,0.280251,0.273957,0.262053,0.275187,0.262346,0.261380,0.259178,0.246770,0.252776,0.248144,0.225858,0.195767,0.150748,0.119316,0.089594,0.056342,
0.223330,0.268378,0.277144,0.274128,0.270770,0.297979,0.283877,0.286508,0.315195,0.286407,0.281118,0.295013,0.286560,0.257571,0.260438,0.241935,0.221471,0.178739,0.127793,0.089450,0.062916,
0.355458,0.307658,0.299441,0.310326,0.297706,0.319059,0.298589,0.302562,0.349103,0.319037,0.305507,0.318693,0.325441,0.308733,0.305743,0.267532,0.244428,0.209791,0.161488,0.100848,0.073118,
0.320251,0.337966,0.345612,0.335172,0.324737,0.336004,0.322317,0.334533,0.344928,0.347734,0.360324,0.341915,0.355682,0.349099,0.325704,0.308721,0.264267,0.240684,0.158602,0.109280,0.072512,
0.391480,0.333917,0.332870,0.335332,0.327488,0.362619,0.344589,0.364957,0.347270,0.393618,0.346408,0.403566,0.392449,0.368291,0.387452,0.341965,0.276103,0.251660,0.179357,0.120473,0.079069,
0.379426,0.389071,0.402039,0.404226,0.380466,0.352516,0.385836,0.388693,0.373188,0.402040,0.417292,0.397716,0.393300,0.415566,0.389883,0.352730,0.319885,0.266390,0.187648,0.127267,0.095674,
nan,0.452444,0.432645,0.371290,0.372328,0.384335,0.441156,0.537966,0.462362,0.435245,0.425006,0.461480,0.414880,0.386924,0.411123,0.384880,0.339027,0.260619,0.166643,0.132032,0.086206,
nan,0.568066,0.271937,nan,nan,0.561616,0.385022,nan,0.447447,0.504918,0.481571,0.458539,0.408508,0.415346,0.413860,0.374260,0.319743,0.236030,0.171762,0.160301,0.065674,
nan,0.562878,0.484259,0.615451,0.485885,0.437543,0.479242,0.502608,0.413125,0.375926,0.332201,0.328951,0.273641,0.275007,0.247478,0.213905,0.146968,0.114476,0.073010,0.051025,0.043771,
0.546482,0.520459,0.509277,0.497879,0.494733,0.485601,0.470022,0.435689,0.411287,0.402039,0.363004,0.346748,0.309196,0.281316,0.252091,0.201168,0.186921,0.142927,0.119529,0.062990,0.042515,
0.455541,0.520448,0.498042,0.489444,0.464774,0.460391,0.431833,0.425606,0.400123,0.387312,0.353760,0.341216,0.308752,0.285655,0.243497,0.206574,0.169919,0.140202,0.100566,0.064291,0.045684,
0.484245,0.491469,0.462584,0.442666,0.455928,0.441836,0.437492,0.412382,0.377577,0.366766,0.338880,0.309467,0.273390,0.252108,0.227829,0.186976,0.149780,0.120479,0.102811,0.063594,0.048738,
0.408117,0.465435,0.440750,0.448762,0.431159,0.420490,0.385167,0.378333,0.368036,0.356199,0.327699,0.303661,0.270635,0.251146,0.219102,0.182087,0.151762,0.118630,0.092553,0.052406,0.052434,
0.408259,0.424073,0.390658,0.412740,0.393410,0.376667,0.383231,0.371486,0.341374,0.326432,0.303760,0.298122,0.274178,0.250708,0.225778,0.200163,0.156352,0.121197,0.088156,0.054062,0.055238,
0.371325,0.399117,0.369643,0.374603,0.356339,0.365270,0.354756,0.330093,0.333808,0.312305,0.292369,0.272144,0.250429,0.229333,0.205220,0.197283,0.165396,0.130431,0.094439,0.059900,nan,
0.339246,0.351937,0.334739,0.334071,0.332410,0.338324,0.311533,0.313256,0.294968,0.275711,0.266243,0.259264,0.244696,0.225139,0.202037,0.185992,0.157594,0.139604,0.100434,0.060096,0.036987,
0.306350,0.308635,0.297927,0.302392,0.311677,0.291667,0.287755,0.280732,0.268165,0.263475,0.262611,0.248427,0.219543,0.230555,0.213283,0.178749,0.152474,0.128404,0.105572,0.066434,0.038165,
0.271076,0.298239,0.278645,0.287553,0.280819,0.273689,0.272259,0.254052,0.266229,0.250518,0.252480,0.235450,0.233957,0.214610,0.206612,0.187743,0.160999,0.129826,0.107915,0.072580,0.047597,
0.245289,0.273662,0.261372,0.277345,0.268572,0.272665,0.268634,0.264492,0.261080,0.245621,0.256849,0.246290,0.231911,0.222662,0.218183,0.197540,0.175517,0.140626,0.107242,0.079571,0.050908,
0.249505,0.262228,0.295444,0.289571,0.270376,0.267953,0.277243,0.265844,0.278506,0.253362,0.255852,0.264351,0.251451,0.234730,0.219064,0.217707,0.174240,0.146119,0.109138,0.083932,0.053117,
0.267713,0.259462,0.263967,0.291018,0.284816,0.273509,0.282802,0.281456,0.280377,0.278708,0.269763,0.290756,0.275243,0.254965,0.264281,0.224554,0.214501,0.176580,0.124104,0.089870,0.060719,
0.228063,0.255704,0.291524,0.289661,0.290537,0.293146,0.299323,0.290944,0.309807,0.305749,0.293524,0.297536,0.307720,0.304928,0.275834,0.267258,0.219490,0.202360,0.152736,0.094655,0.068624,
0.367608,0.301186,0.288394,0.328197,0.311868,0.305011,0.326067,0.316185,0.329211,0.332422,0.325137,0.333578,0.348587,0.322260,0.311762,0.299884,0.241802,0.218321,0.156979,0.102288,0.075106,
0.269978,0.364566,0.329666,0.343219,0.353680,0.325827,0.343024,0.349068,0.357476,0.351097,0.362692,0.354784,0.368995,0.345348,0.338787,0.323519,0.276156,0.254790,0.167149,0.113608,0.082348,
0.334483,0.349062,0.371708,0.362918,0.338522,0.403034,0.381035,0.394525,0.385774,0.401156,0.389676,0.407961,0.400022,0.381446,0.355864,0.339544,0.303631,0.236219,0.185322,0.119223,0.101609,
nan,0.360608,0.319156,0.374841,0.370256,0.367929,0.406464,0.374935,0.426209,0.400178,0.389316,0.409773,0.437947,0.383787,0.416384,0.361057,0.343702,0.240845,0.170704,0.139435,0.093323,
nan,nan,0.428902,0.354920,nan,nan,0.455020,0.439652,0.438034,0.458441,0.667783,0.696401,0.373683,0.456317,0.378752,0.262151,0.381877,0.180760,0.285033,0.107771,0.042811,
nan,0.472754,0.507235,0.506902,0.463981,0.415273,0.497708,0.451329,0.446986,0.382766,0.371596,0.389170,0.336381,0.290579,0.264449,0.220879,0.138156,0.124767,0.100943,0.044099,0.102408,
0.489764,0.501768,0.521994,0.501549,0.475758,0.492533,0.462521,0.445681,0.409297,0.386365,0.364561,0.351718,0.287038,0.268066,0.223568,0.197003,0.162887,0.135895,0.101378,0.073716,0.042676,
0.504337,0.487969,0.498471,0.481850,0.471881,0.464871,0.453234,0.417139,0.423084,0.386792,0.355748,0.333233,0.307460,0.269018,0.242790,0.214105,0.171314,0.133969,0.094566,0.069099,0.040306,
0.492169,0.487610,0.487162,0.457879,0.470584,0.436979,0.423731,0.398449,0.387842,0.354112,0.348050,0.314704,0.300646,0.268484,0.233448,0.210723,0.183272,0.145411,0.102613,0.068744,0.041569,
0.481175,0.459282,0.436617,0.443006,0.432543,0.404344,0.413121,0.389491,0.366476,0.342889,0.315487,0.297147,0.263982,0.243577,0.227567,0.194172,0.159584,0.132812,0.105931,0.073677,0.042705,
0.384244,0.433461,0.418585,0.404296,0.397500,0.394920,0.382186,0.357359,0.345485,0.331146,0.317773,0.290392,0.267506,0.232425,0.215461,0.183077,0.150608,0.119845,0.093884,0.071730,0.042834,
0.341302,0.385067,0.393163,0.361598,0.375094,0.372841,0.336286,0.336035,0.313326,0.295656,0.284695,0.261809,0.262516,0.240812,0.206629,0.181208,0.150293,0.119676,0.097137,0.062690,0.038497,
0.377513,0.352124,0.362367,0.329388,0.347672,0.317496,0.313979,0.304703,0.295368,0.287659,0.277275,0.254441,0.237218,0.221545,0.204686,0.182150,0.154981,0.114481,0.089989,0.061253,0.045064,
0.348355,0.313172,0.328188,0.295966,0.309261,0.293016,0.292310,0.272737,0.270305,0.258526,0.251233,0.251444,0.227867,0.214719,0.198932,0.180162,0.158417,0.126351,0.088823,0.062115,0.044800,
0.275736,0.284787,0.297919,0.274277,0.278668,0.278330,0.271961,0.260968,0.261382,0.243565,0.253961,0.234994,0.223561,0.215380,0.195614,0.187636,0.164448,0.129781,0.093781,0.069667,0.042973,
0.286878,0.273304,0.281157,0.267446,0.267659,0.271330,0.274639,0.265185,0.271521,0.249142,0.240565,0.242598,0.224525,0.208766,0.201800,0.191778,0.158227,0.135924,0.099051,0.075348,0.046065,
0.299751,0.279649,0.271901,0.261707,0.273393,0.276229,0.267026,0.269043,0.270994,0.260405,0.241262,0.256797,0.256662,0.221979,0.236390,0.203626,0.173581,0.153841,0.104352,0.083531,0.053777,
0.225345,0.273930,0.335607,0.279985,0.279200,0.285313,0.276918,0.278611,0.287780,0.264948,0.267478,0.277621,0.275927,0.255082,0.249408,0.225473,0.202863,0.172450,0.125289,0.085015,0.052708,
0.304319,0.324412,0.305024,0.301239,0.304368,0.299052,0.284292,0.290758,0.301184,0.302181,0.286350,0.288149,0.287555,0.286196,0.260199,0.245049,0.218139,0.179771,0.147327,0.094629,0.068006,
nan,0.326793,0.284291,0.321221,0.331926,0.342505,0.328522,0.305068,0.312612,0.337694,0.302896,0.328448,0.331693,0.307876,0.283830,0.288088,0.223052,0.209180,0.147986,0.099859,0.066251,
nan,0.328828,0.350444,0.353782,0.318026,0.352602,0.347375,0.333777,0.336939,0.379913,0.338658,0.340240,0.340479,0.352766,0.315219,0.305750,0.264793,0.236566,0.160765,0.106478,0.071401,
nan,0.291107,0.387344,0.326999,0.322177,0.373034,0.385056,0.346176,0.382110,0.376698,0.376311,0.364799,0.358226,0.390775,0.358475,0.346516,0.309546,0.224733,0.175521,0.130636,0.096764,
nan,0.450307,0.360001,0.380027,0.385848,0.424805,0.378438,0.385328,0.413860,0.382796,0.397743,0.379844,0.373351,0.399077,0.385161,0.326913,0.306500,0.260801,0.174982,0.123750,0.101141,
nan,0.489608,0.364116,0.564855,0.462333,0.460589,0.376386,0.389277,0.303356,0.616657,0.350933,0.442731,0.376851,0.337669,0.396452,0.384306,0.228479,0.211312,0.092248,0.156579,0.063175,
nan,0.562232,0.526254,0.521354,0.491435,0.504315,0.466224,0.411715,0.423707,0.392973,0.342680,0.346547,0.272191,0.276774,0.244161,0.188184,0.156003,0.114704,0.080148,0.052488,0.028707,
0.494469,0.537757,0.506329,0.493082,0.481230,0.471298,0.451722,0.442092,0.404311,0.394166,0.361792,0.344647,0.295913,0.269747,0.246393,0.211358,0.169939,0.126218,0.108747,0.071905,0.040782,
0.551418,0.494774,0.502602,0.488781,0.478862,0.476693,0.435970,0.422421,0.418926,0.382929,0.356048,0.328055,0.288609,0.274063,0.234639,0.206431,0.166973,0.134263,0.096744,0.063665,0.034325,
0.498242,0.488491,0.454619,0.471040,0.463975,0.428550,0.427965,0.404389,0.395040,0.376575,0.355389,0.334079,0.302045,0.274144,0.231474,0.204623,0.164452,0.140393,0.093866,0.062177,0.035890,
0.433425,0.470791,0.455053,0.438028,0.420292,0.416102,0.407313,0.394038,0.362843,0.336097,0.315796,0.309054,0.281247,0.256977,0.235328,0.200903,0.159120,0.131489,0.090954,0.060676,0.039001,
0.415423,0.434630,0.419560,0.396528,0.409778,0.402076,0.377528,0.372398,0.353802,0.337983,0.304191,0.287024,0.252928,0.249915,0.218710,0.200728,0.159459,0.124655,0.088651,0.056833,0.037496,
0.338040,0.404214,0.395804,0.380304,0.380141,0.352780,0.353324,0.334880,0.319921,0.307286,0.290488,0.271668,0.248792,0.225645,0.198325,0.183941,0.156639,0.125913,0.089678,0.054312,nan,
0.371575,0.349291,0.350610,0.331929,0.335180,0.331924,0.312817,0.304104,0.299265,0.274533,0.275578,0.265623,0.234272,0.221588,0.199650,0.181836,0.155490,0.134138,0.092864,0.056593,0.038722,
0.281462,0.322437,0.314265,0.314592,0.298151,0.299987,0.283048,0.280120,0.277680,0.261539,0.254524,0.239919,0.236510,0.219624,0.202787,0.167343,0.149186,0.129092,0.092422,0.059965,0.047901,
0.324481,0.282785,0.292876,0.295483,0.273010,0.280389,0.288932,0.272649,0.263259,0.249210,0.241192,0.234030,0.216321,0.204086,0.187551,0.176671,0.149528,0.132691,0.102453,0.060085,0.039946,
0.326639,0.264646,0.283779,0.276794,0.265116,0.263663,0.264653,0.260394,0.257852,0.252728,0.240042,0.230174,0.236192,0.213491,0.199049,0.185140,0.156801,0.135769,0.100208,0.060351,0.041562,
nan,0.287302,0.273360,0.268797,0.265101,0.264812,0.264426,0.272300,0.266750,0.245499,0.247257,0.254097,0.262945,0.214582,0.214460,0.202783,0.170165,0.152039,0.103733,0.072773,0.052494,
0.299607,0.271876,0.276550,0.275572,0.271809,0.275846,0.272245,0.263409,0.265738,0.285342,0.263324,0.254028,0.257322,0.249925,0.233702,0.207788,0.194000,0.153850,0.119510,0.079063,0.052694,
0.328888,0.290308,0.292668,0.275789,0.292018,0.298696,0.295401,0.286681,0.278267,0.300781,0.290760,0.285101,0.282517,0.275593,0.249961,0.240318,0.207434,0.176593,0.135704,0.094667,0.063621,
nan,0.290060,0.327069,0.320843,0.322564,0.298618,0.306237,0.309218,0.326079,0.313870,0.304426,0.304282,0.313971,0.307632,0.279963,0.276034,0.221901,0.197126,0.145598,0.090867,0.063632,
nan,0.336149,0.343020,0.361758,0.309563,0.327917,0.358048,0.334920,0.382001,0.341083,0.329943,0.309879,0.314115,0.349459,0.323089,0.296641,0.270896,0.212957,0.145787,0.110869,0.078966,
nan,0.337059,0.348870,0.397182,0.364176,0.351048,0.373706,0.343889,0.366354,0.351870,0.363841,0.347037,0.359898,0.361399,0.316709,0.312105,0.285167,0.237512,0.170146,0.132403,0.079077,
nan,0.428557,0.360129,0.362943,0.377147,0.347496,0.380282,0.369481,0.405937,0.376515,0.383546,0.392342,0.394854,0.365399,0.348868,0.335191,0.265547,0.241630,0.176053,0.111690,0.086416,
nan,nan,nan,nan,nan,0.492811,0.475832,0.360439,0.485659,0.354273,0.379088,0.421369,0.417951,0.289213,0.338938,0.314050,0.243783,0.264971,nan,0.183041,0.073165,
nan,0.530797,0.516697,0.451415,0.609554,0.505794,0.468096,0.444872,0.448183,nan,0.313860,0.347962,0.326085,0.232460,0.222399,0.171504,0.155005,0.120635,0.090770,0.092880,nan,
0.562050,0.501313,0.512624,0.509837,0.491032,0.476806,0.450121,0.445475,0.413638,0.382818,0.361187,0.348472,0.291708,0.263353,0.228862,0.206579,0.177355,0.143180,0.104848,0.072261,nan,
0.499292,0.511908,0.489985,0.479433,0.480773,0.487017,0.440827,0.413421,0.413298,0.382825,0.341375,0.327170,0.309154,0.255922,0.219435,0.197431,0.159248,0.122001,0.084565,0.056809,nan,
0.464521,0.485058,0.476778,0.464331,0.449936,0.443470,0.428290,0.411449,0.389693,0.374111,0.350842,0.318703,0.282898,0.248113,0.232673,0.184494,0.157782,0.119215,0.085919,0.057429,nan,
0.424071,0.460981,0.452904,0.425438,0.433402,0.421785,0.394050,0.380725,0.376606,0.354787,0.330565,0.304419,0.276386,0.250042,0.220187,0.183737,0.147340,0.113108,0.088314,0.053802,0.048174,
0.404574,0.438868,0.430573,0.409404,0.410729,0.393595,0.389587,0.359317,0.338703,0.317562,0.308140,0.287617,0.273275,0.239825,0.214486,0.183274,0.147046,0.108325,0.086647,0.061963,0.043270,
0.364070,0.392120,0.381941,0.382907,0.362121,0.367540,0.340670,0.327766,0.324567,0.301680,0.282616,0.258548,0.258903,0.235311,0.204082,0.179140,0.145563,0.116300,0.091877,0.060797,0.037121,
0.338529,0.340879,0.349524,0.352196,0.325007,0.330179,0.314924,0.307904,0.297828,0.284487,0.272766,0.251275,0.233744,0.223635,0.204720,0.174863,0.149770,0.114612,0.085384,0.063528,0.043047,
0.337137,0.302298,0.318933,0.311906,0.307095,0.295050,0.301759,0.276453,0.280000,0.255814,0.254348,0.243397,0.219241,0.198031,0.201186,0.172524,0.148096,0.112394,0.092390,0.064214,0.044958,
0.345468,0.279133,0.300732,0.283405,0.291785,0.264584,0.267117,0.269625,0.262006,0.247523,0.239211,0.231517,0.219696,0.200858,0.182549,0.171745,0.150800,0.113342,0.105539,0.064030,0.039160,
nan,0.265049,0.279795,0.269303,0.284183,0.276871,0.267661,0.257354,0.268234,0.248158,0.232021,0.229993,0.248969,0.204446,0.198128,0.184971,0.155384,0.116543,0.102407,0.064335,0.043570,
0.297146,0.252266,0.275213,0.260525,0.289061,0.272178,0.266970,0.257472,0.257259,0.270752,0.246167,0.248267,0.238827,0.224829,0.210928,0.200475,0.166382,0.144115,0.102259,0.065036,0.048088,
0.288557,0.302711,0.291382,0.268329,0.293320,0.274192,0.284115,0.263131,0.275275,0.275513,0.261891,0.253240,0.254231,0.253070,0.223944,0.207455,0.185936,0.153692,0.115375,0.076554,0.058254,
nan,0.273182,0.297686,0.290608,0.304089,0.294992,0.293750,0.274928,0.306997,0.292695,0.277072,0.269888,0.280570,0.268255,0.264354,0.232633,0.202443,0.171772,0.121689,0.093367,0.059321,
0.307570,0.346066,0.310433,0.318517,0.319170,0.333834,0.307948,0.302692,0.298751,0.304527,0.304422,0.300847,0.299793,0.304278,0.269247,0.270667,0.220987,0.190692,0.139834,0.090704,0.065835,
nan,0.384297,0.341561,0.320527,0.354693,0.338161,0.323715,0.324251,0.318066,0.344043,0.330059,0.350391,0.337643,0.327379,0.300148,0.277137,0.257230,0.203178,0.145162,0.111042,0.072037,
nan,0.373613,0.346521,0.365081,0.390022,0.391945,0.366062,0.349770,0.345047,0.375297,0.361700,0.337319,0.348627,0.344396,0.312381,0.301938,0.261907,0.216646,0.177557,0.124438,0.091509,
nan,0.339260,0.299423,0.422163,0.366211,0.430820,0.340199,0.357562,0.391980,0.359124,0.364144,0.349084,0.340079,0.360331,0.351272,0.330848,0.270228,0.226569,0.183978,0.130054,0.095213,
nan,nan,nan,nan,nan,0.305348,0.370145,0.310321,0.342754,0.418335,0.396139,0.326313,0.363445,0.378417,0.294497,0.336473,0.320441,0.224043,0.139289,0.142382,0.090560,
nan,0.546201,0.530977,0.443245,0.507487,0.479655,0.448674,0.422537,0.421999,0.404341,0.358004,0.318571,0.290792,0.278334,0.251754,0.207819,0.175850,0.117023,0.068660,0.055176,nan,
0.509249,0.515829,0.497611,0.519858,0.491428,0.463087,0.469188,0.414470,0.410880,0.400617,0.350635,0.323342,0.301612,0.263246,0.232602,0.188729,0.187656,0.119323,0.092278,0.060157,nan,
0.487336,0.503276,0.500248,0.489436,0.485928,0.467950,0.442084,0.426116,0.398433,0.373679,0.349432,0.319473,0.298665,0.253871,0.222174,0.192403,0.155442,0.115550,0.086696,0.053871,0.054597,
0.477034,0.481307,0.493977,0.457392,0.454758,0.436654,0.445893,0.408067,0.380378,0.365709,0.333949,0.307658,0.276209,0.246763,0.214378,0.178937,0.141031,0.118492,0.091949,0.063172,0.050646,
0.485215,0.454831,0.464374,0.428697,0.441492,0.418541,0.412376,0.402033,0.369733,0.354456,0.325062,0.299093,0.263417,0.237843,0.213952,0.189697,0.159400,0.128216,0.099627,0.069715,0.040750,
0.383330,0.407867,0.419623,0.429162,0.402017,0.407179,0.376600,0.365800,0.350999,0.333888,0.309779,0.289670,0.259853,0.230432,0.214115,0.188367,0.158169,0.130033,0.091882,0.059312,0.041843,
0.391682,0.367227,0.379616,0.384548,0.370008,0.365234,0.340286,0.334018,0.322388,0.321337,0.291019,0.271165,0.248828,0.222955,0.192108,0.185423,0.154473,0.123079,0.088953,0.051765,0.035460,
0.380983,0.340593,0.333197,0.338217,0.349143,0.322503,0.330661,0.288751,0.295629,0.272593,0.263685,0.255906,0.233092,0.211380,0.201915,0.173109,0.157793,0.125192,0.082628,0.052788,0.040021,
0.310663,0.312157,0.300247,0.301432,0.317692,0.295800,0.281984,0.285746,0.264141,0.266662,0.249331,0.233666,0.229398,0.200257,0.193858,0.166587,0.151727,0.115858,0.083443,0.061163,0.042083,
0.324486,0.291903,0.279893,0.278148,0.286035,0.281611,0.273348,0.267091,0.259623,0.246664,0.240209,0.224268,0.220614,0.199331,0.179791,0.169293,0.154033,0.119172,0.090551,0.066244,0.043840,
0.270924,0.276709,0.263620,0.269373,0.278273,0.259992,0.266505,0.269809,0.257338,0.249780,0.241562,0.235820,0.226379,0.210831,0.189195,0.186058,0.153458,0.118467,0.097233,0.063840,0.037977,
nan,0.277039,0.277175,0.276372,0.280701,0.264308,0.262746,0.256567,0.254224,0.264286,0.248214,0.244719,0.228483,0.226924,0.204479,0.184127,0.161984,0.134524,0.100724,0.068629,0.046696,
nan,0.253047,0.284166,0.289895,0.305745,0.283217,0.272160,0.265186,0.282607,0.279001,0.260635,0.247624,0.258642,0.246774,0.220196,0.207076,0.189182,0.149154,0.111512,0.074006,0.056002,
0.311492,0.323607,0.327057,0.289088,0.305909,0.287198,0.293594,0.284652,0.291209,0.287671,0.259896,0.276794,0.272870,0.256834,0.254711,0.225673,0.198763,0.162397,0.120915,0.079755,0.052665,
nan,0.284481,0.342447,0.305425,0.355857,0.316570,0.299803,0.311702,0.324119,0.318743,0.303535,0.304090,0.285345,0.296758,0.267333,0.249965,0.215679,0.180687,0.137006,0.082110,0.059420,
0.337125,0.353661,0.345449,0.371980,0.320606,0.325890,0.336843,0.308600,0.350410,0.306404,0.327693,0.317103,0.308016,0.321041,0.279119,0.270786,0.234836,0.202526,0.143882,0.110384,0.079848,
nan,0.322870,0.353836,0.346854,0.336196,0.328656,0.327564,0.338085,0.358962,0.317568,0.351758,0.344922,0.354499,0.327419,0.336688,0.316267,0.263909,0.204476,0.178457,0.127170,0.065119,
nan,0.401564,0.454012,0.364560,0.342164,0.402659,0.391727,0.380000,0.376615,0.352592,0.382398,0.353406,0.363863,0.345287,0.359076,0.315500,0.247801,0.222166,0.179733,0.112605,0.177705,
nan,nan,nan,0.403846,0.430546,0.341567,0.353479,0.363180,0.428378,0.340832,0.468495,0.427651,0.423679,0.395863,0.316452,0.422104,0.204460,0.162304,0.104260,0.258647,0.128833,
nan,0.482549,0.487465,0.505650,0.466512,0.478831,0.485870,0.463678,0.471258,0.483702,0.415835,0.320213,0.280290,0.258321,0.207311,0.208337,0.180570,0.146089,0.128305,0.051563,nan,
0.543383,0.515191,0.506456,0.499594,0.472740,0.479105,0.451650,0.439434,0.405898,0.383884,0.362274,0.330614,0.321457,0.255262,0.221727,0.196958,0.159662,0.129132,0.087582,0.049118,nan,
0.441530,0.502387,0.509290,0.481446,0.466982,0.477486,0.435463,0.424516,0.399344,0.375781,0.335441,0.310100,0.283373,0.254039,0.230570,0.206394,0.150457,0.130004,0.082721,0.064363,0.042681,
0.442092,0.475310,0.475148,0.459461,0.472754,0.432108,0.420812,0.400887,0.385900,0.353371,0.337259,0.319056,0.295633,0.263629,0.238869,0.212667,0.179998,0.148685,0.101443,0.065112,0.037645,
0.440489,0.440169,0.442929,0.447403,0.430743,0.426050,0.415042,0.392452,0.363480,0.339954,0.317670,0.305760,0.286377,0.253904,0.229978,0.196507,0.151930,0.127996,0.094712,0.058798,0.033973,
0.389620,0.415781,0.413040,0.416525,0.398956,0.391148,0.365901,0.364710,0.342206,0.321716,0.312603,0.284843,0.271684,0.246242,0.213308,0.181689,0.147058,0.110795,0.081530,0.050466,0.042209,
0.344720,0.378399,0.375984,0.366570,0.379801,0.358404,0.350648,0.324813,0.329742,0.304235,0.282973,0.256684,0.255935,0.232172,0.205644,0.176859,0.141608,0.113347,0.090181,0.060213,0.035287,
0.324802,0.320638,0.347751,0.326085,0.337529,0.338901,0.302334,0.313147,0.292009,0.275166,0.275613,0.253069,0.238808,0.218821,0.199051,0.172231,0.147519,0.115743,0.086885,0.059947,0.039139,
0.272969,0.288449,0.310929,0.287334,0.292700,0.300522,0.306913,0.280122,0.273616,0.254432,0.249794,0.235098,0.210294,0.216681,0.192408,0.166013,0.135875,0.118943,0.088399,0.056608,0.038738,
0.312502,0.271681,0.283530,0.267816,0.270416,0.265516,0.273541,0.274616,0.258646,0.252284,0.240855,0.227902,0.224083,0.202981,0.182899,0.163352,0.145373,0.122159,0.092443,0.059138,0.043455,
0.279302,0.251547,0.276551,0.258902,0.250839,0.270217,0.262205,0.261566,0.257064,0.257981,0.241652,0.240396,0.220427,0.208301,0.191282,0.177291,0.150301,0.120494,0.088419,0.063359,0.040456,
0.327725,0.277886,0.260984,0.258648,0.251263,0.271940,0.274293,0.259476,0.264253,0.246937,0.249127,0.240919,0.230865,0.225197,0.201185,0.184093,0.155183,0.129411,0.101590,0.069484,0.049990,
0.227075,0.305905,0.275567,0.268291,0.267671,0.272151,0.274043,0.276641,0.274304,0.270272,0.256367,0.243771,0.250981,0.238188,0.218827,0.201881,0.179387,0.149314,0.105385,0.071167,0.062814,
0.283310,0.333070,0.310428,0.262985,0.274586,0.295303,0.282568,0.285597,0.280507,0.273011,0.270988,0.276555,0.265652,0.261305,0.254489,0.223557,0.192751,0.157346,0.117810,0.076646,0.056017,
nan,0.278294,0.309976,0.303116,0.298903,0.325813,0.309400,0.296824,0.291464,0.299763,0.304997,0.276770,0.274651,0.276580,0.267733,0.231692,0.207040,0.173629,0.130569,0.085997,0.066445,
0.352690,0.330053,0.296282,0.323622,0.342730,0.343559,0.337393,0.327144,0.313792,0.327482,0.335588,0.308485,0.311812,0.312549,0.304552,0.283710,0.234350,0.196811,0.146723,0.106567,0.066024,
nan,0.337237,0.355541,0.357833,0.367175,0.359003,0.341776,0.342315,0.365768,0.347384,0.333984,0.307896,0.366187,0.324503,0.298428,0.305312,0.249333,0.203010,0.158706,0.114817,0.107976,
nan,0.351781,0.385173,0.370560,0.334412,0.379772,0.363233,0.327381,0.352993,0.380873,0.383962,0.325543,0.373031,0.310966,0.302269,0.319820,0.259721,0.208143,0.170605,0.111516,0.097022,
nan,nan,0.464277,0.305849,0.454362,nan,0.323419,0.398573,0.331547,0.318305,0.284661,0.243608,0.376617,0.286576,0.361321,0.275986,0.270927,0.174528,0.184375,0.132089,0.094840,
nan,0.493911,0.455174,0.561321,0.501465,0.482491,0.401695,0.438845,0.383425,0.367303,0.347028,0.349633,0.280104,0.258012,0.251268,0.193213,0.154661,0.113117,0.063404,0.062142,nan,
0.491610,0.527853,0.494836,0.498436,0.500312,0.474863,0.454729,0.426656,0.399229,0.389180,0.336526,0.319896,0.297014,0.254734,0.245796,0.195230,0.163814,0.125968,0.082922,0.047980,0.047311,
0.532994,0.506957,0.496966,0.491458,0.483281,0.465757,0.434626,0.426887,0.400924,0.374091,0.362996,0.331565,0.303068,0.276228,0.245659,0.197793,0.169171,0.139224,0.097104,0.063885,0.040749,
0.524555,0.474613,0.477980,0.465316,0.465513,0.439413,0.419134,0.401602,0.406384,0.374940,0.359687,0.333689,0.285701,0.271879,0.223291,0.195096,0.160192,0.127543,0.089805,0.057723,0.035682,
0.462919,0.455438,0.447307,0.445748,0.434392,0.429633,0.407275,0.381106,0.373274,0.360748,0.326173,0.306057,0.276912,0.247000,0.219764,0.179801,0.146583,0.118773,0.087864,0.055469,0.045322,
0.396889,0.415893,0.414600,0.400109,0.414999,0.400309,0.382988,0.366224,0.337409,0.340445,0.309215,0.287557,0.265056,0.230027,0.205693,0.180212,0.142224,0.123087,0.089559,0.066023,0.040864,
0.335206,0.377826,0.369690,0.361228,0.366830,0.369359,0.338530,0.337226,0.323532,0.307169,0.292173,0.270770,0.251665,0.220796,0.190382,0.181332,0.154350,0.120660,0.090017,0.050232,0.051784,
0.300409,0.334035,0.326765,0.325362,0.318290,0.321904,0.326174,0.297843,0.297075,0.273631,0.260113,0.250731,0.226934,0.208368,0.199460,0.175577,0.153399,0.115375,0.079664,0.050066,0.039779,
0.348383,0.298046,0.320646,0.312602,0.298710,0.281523,0.289921,0.296497,0.270872,0.273238,0.248282,0.240011,0.223184,0.193255,0.188456,0.173205,0.139771,0.109302,0.087014,0.063334,0.039125,
0.245568,0.263313,0.286810,0.290743,0.282746,0.286162,0.258490,0.266752,0.256925,0.254109,0.242428,0.224602,0.221522,0.190260,0.187954,0.160134,0.142042,0.113726,0.099093,0.058960,0.049062,
0.276691,0.271837,0.272229,0.268164,0.269546,0.263803,0.268041,0.253115,0.261234,0.247584,0.243862,0.229524,0.228825,0.206642,0.177067,0.175351,0.152306,0.122816,0.088885,0.055230,0.038144,
0.359850,0.290338,0.291984,0.260235,0.267442,0.257192,0.254228,0.264510,0.247705,0.257794,0.246923,0.231799,0.230580,0.223053,0.191783,0.177036,0.159691,0.127719,0.100085,0.069168,0.046058,
0.277595,0.272241,0.268304,0.278990,0.280707,0.260725,0.268384,0.269187,0.267609,0.251601,0.243886,0.261750,0.244857,0.235301,0.223640,0.210623,0.172253,0.140815,0.101880,0.069376,0.053817,
0.378156,0.282265,0.276344,0.290469,0.310233,0.280427,0.289038,0.288071,0.294158,0.282422,0.275955,0.258273,0.251351,0.249269,0.238791,0.223798,0.186575,0.153437,0.115658,0.076309,0.054052,
0.252958,0.293352,0.300093,0.296174,0.312677,0.302559,0.289855,0.300803,0.325233,0.309848,0.299009,0.280796,0.281460,0.278240,0.262417,0.222843,0.210145,0.164385,0.128395,0.079383,0.070837,
0.453713,0.207586,0.352422,0.325920,0.313583,0.339684,0.318763,0.333143,0.331923,0.325706,0.318524,0.301332,0.311659,0.292790,0.273666,0.294113,0.224491,0.200068,0.145299,0.093959,0.069692,
0.289562,0.341638,0.329804,0.322504,0.378579,0.331213,0.336942,0.348207,0.359197,0.346286,0.341863,0.333744,0.329809,0.305641,0.292393,0.286292,0.225220,0.205544,0.166038,0.111452,0.094405,
nan,0.238863,0.358767,0.430242,0.386580,0.355400,0.340998,0.379311,0.354949,0.344084,0.332312,0.341637,0.335004,0.350213,0.365328,0.324136,0.265202,0.208839,0.176690,0.132773,0.133457,
nan,nan,0.296747,nan,0.326631,0.412108,0.261918,0.402658,0.338803,0.366913,0.284507,0.382319,0.280430,0.433843,0.333079,0.325294,0.333762,0.259446,0.164414,0.113228,0.109920,
nan,0.499395,0.532845,0.480733,0.543925,0.453161,0.422123,0.399556,0.450377,0.403458,0.411167,0.328930,0.275118,0.217563,0.214039,0.197403,0.181486,0.137122,0.074252,0.049530,nan,
0.451236,0.525987,0.522154,0.493068,0.482870,0.490334,0.437934,0.448081,0.410846,0.380370,0.355288,0.343349,0.292222,0.269865,0.217384,0.196999,0.166338,0.119363,0.092602,0.071156,0.050883,
0.475929,0.498087,0.513186,0.487521,0.469265,0.472006,0.453969,0.434905,0.408968,0.396733,0.362035,0.349248,0.311672,0.275555,0.228646,0.205083,0.175536,0.130878,0.093803,0.058766,0.041799,
0.487059,0.489168,0.474743,0.470886,0.454280,0.431896,0.429731,0.413998,0.383571,0.374777,0.337322,0.319059,0.287699,0.248202,0.226204,0.180399,0.150645,0.116697,0.082045,0.061356,0.075099,
0.459562,0.440280,0.439920,0.438442,0.446808,0.423416,0.406833,0.402666,0.374223,0.353920,0.326873,0.296846,0.264461,0.236862,0.211272,0.193531,0.154165,0.120679,0.099276,0.065211,0.042169,
0.423390,0.411673,0.408716,0.392477,0.402487,0.404177,0.369318,0.356127,0.357356,0.328485,0.310114,0.276169,0.265509,0.249113,0.216574,0.188136,0.153476,0.113939,0.080177,0.051089,0.039060,
0.385711,0.370717,0.394484,0.397782,0.359704,0.354406,0.363307,0.328335,0.316607,0.307886,0.289592,0.262363,0.257159,0.224405,0.202921,0.173446,0.140080,0.112560,0.086642,0.055257,0.039526,
0.364046,0.347886,0.360812,0.345934,0.339696,0.324989,0.312333,0.317041,0.287322,0.287841,0.266277,0.250007,0.248877,0.216462,0.194344,0.167660,0.150041,0.113529,0.089881,0.053581,0.033860,
0.281142,0.302806,0.327092,0.311229,0.304664,0.300580,0.300197,0.277310,0.272649,0.266674,0.249619,0.232065,0.229653,0.208025,0.185084,0.165908,0.141745,0.113522,0.079155,0.056390,0.040672,
0.288659,0.275124,0.295508,0.281692,0.285068,0.271941,0.276322,0.269360,0.257143,0.252838,0.241550,0.225952,0.213195,0.203360,0.176126,0.161876,0.139610,0.111568,0.086210,0.065988,0.040640,
0.345328,0.254953,0.275587,0.263476,0.275843,0.259929,0.266353,0.258468,0.253290,0.248564,0.239378,0.228603,0.225939,0.212283,0.190810,0.169731,0.146200,0.116181,0.094370,0.058611,0.039322,
0.285244,0.244475,0.261999,0.256718,0.281573,0.261377,0.269613,0.255931,0.263725,0.245389,0.237806,0.226752,0.228547,0.215244,0.194639,0.178835,0.148306,0.126052,0.102227,0.066578,0.042327,
0.283131,0.312726,0.298709,0.265356,0.291408,0.277834,0.263693,0.259532,0.258807,0.256183,0.261205,0.252551,0.240477,0.228247,0.221668,0.212579,0.172937,0.133480,0.098150,0.070035,0.048925,
0.280522,0.282661,0.278448,0.289073,0.291334,0.284437,0.289879,0.276730,0.278839,0.275671,0.270708,0.255619,0.251585,0.243886,0.238075,0.214244,0.176886,0.158073,0.112878,0.077770,0.061050,
0.333841,0.354293,0.295033,0.298958,0.329357,0.318502,0.298839,0.297639,0.294539,0.286840,0.301600,0.287586,0.277411,0.270248,0.255926,0.231935,0.208578,0.164867,0.132222,0.081409,0.056982,
nan,0.352510,0.363513,0.326601,0.305156,0.317489,0.320502,0.322144,0.306767,0.319577,0.296617,0.300679,0.295842,0.301144,0.265668,0.265734,0.204321,0.195453,0.153313,0.095783,0.069650,
0.294840,0.312740,0.338786,0.351300,0.341667,0.335383,0.340765,0.333399,0.324132,0.335454,0.316819,0.330192,0.309180,0.312481,0.291720,0.293469,0.249557,0.196610,0.178912,0.112772,0.092007,
nan,0.384011,0.360232,0.374525,0.356055,0.344445,0.348840,0.339284,0.371158,0.366345,0.367671,0.328552,0.359545,0.288188,0.323789,0.272006,0.260945,0.241439,0.170116,0.124281,0.085967,
nan,0.394107,0.357243,nan,0.335799,0.382268,0.302533,0.434436,0.222343,0.453798,0.364381,0.364045,0.315618,0.343055,0.342128,0.304485,0.247216,0.155936,0.167083,0.203649,0.121849,
nan,0.551105,0.507311,0.543802,0.505174,0.438892,0.459612,0.498685,0.403458,0.398431,0.343271,0.275188,0.297978,0.274035,0.185546,0.230459,0.158138,0.133055,0.065866,0.065111,nan,
0.533741,0.507011,0.526730,0.500720,0.469865,0.462850,0.460529,0.452584,0.407356,0.396802,0.367516,0.334658,0.318121,0.280423,0.253006,0.197313,0.170160,0.119011,0.089186,0.061143,0.043891,
0.519395,0.505669,0.500812,0.477523,0.485166,0.476564,0.444356,0.412594,0.426635,0.382226,0.354596,0.324452,0.290892,0.269454,0.228678,0.205019,0.163730,0.124957,0.091736,0.058525,0.032836,
0.471914,0.462182,0.471418,0.469427,0.444423,0.451146,0.440448,0.412277,0.394735,0.368022,0.338826,0.315833,0.287315,0.242070,0.211564,0.179796,0.148737,0.118695,0.092181,0.062767,0.043108,
0.500625,0.455291,0.465010,0.434037,0.441001,0.420888,0.414413,0.395712,0.363105,0.331347,0.321336,0.305370,0.281144,0.248370,0.229866,0.197577,0.152243,0.125618,0.092429,0.060250,0.036904,
0.442352,0.417934,0.434345,0.428034,0.407634,0.391412,0.376165,0.364788,0.336154,0.324676,0.304918,0.291494,0.266918,0.240864,0.211300,0.173718,0.136677,0.113920,0.083423,0.066088,0.042300,
0.385388,0.397303,0.393426,0.376332,0.377458,0.362695,0.345576,0.353238,0.327361,0.301795,0.289542,0.271823,0.249760,0.223333,0.188225,0.167446,0.147877,0.120953,0.089399,0.050656,0.033524,
0.310579,0.344189,0.353477,0.342824,0.337072,0.325513,0.334459,0.303988,0.297610,0.277504,0.269346,0.248431,0.226583,0.212714,0.200135,0.177384,0.143976,0.105028,0.080723,0.054646,0.040417,
0.287029,0.311877,0.325411,0.302500,0.302830,0.287835,0.291243,0.289485,0.267340,0.268579,0.247466,0.239361,0.217617,0.214577,0.184977,0.160818,0.132495,0.114952,0.085683,0.056915,0.035019,
0.252507,0.308779,0.296685,0.276455,0.274776,0.265169,0.268692,0.260726,0.262481,0.255764,0.244943,0.229117,0.215945,0.206635,0.183117,0.158867,0.142368,0.116106,0.089140,0.057649,0.036523,
0.251262,0.255764,0.298211,0.270455,0.273767,0.263305,0.263963,0.250359,0.259249,0.242070,0.239752,0.224380,0.224851,0.206518,0.190205,0.165153,0.151456,0.111296,0.090552,0.063540,0.039975,
0.249140,0.289202,0.274696,0.268531,0.269943,0.264083,0.264245,0.257620,0.257319,0.245252,0.230300,0.238651,0.228069,0.225477,0.194757,0.179660,0.153347,0.122928,0.103915,0.063015,0.043774,
0.371498,0.262503,0.267589,0.279629,0.277979,0.276535,0.279309,0.284061,0.276313,0.260058,0.256803,0.238929,0.232366,0.229934,0.217423,0.209659,0.165269,0.138691,0.103807,0.072718,0.045045,
0.266481,0.279350,0.328884,0.274412,0.292291,0.297656,0.293508,0.299536,0.276682,0.274495,0.271441,0.257858,0.261638,0.245000,0.230951,0.222080,0.190776,0.150854,0.104609,0.077232,0.059254,
0.368832,0.340246,0.278357,0.306485,0.313771,0.325607,0.304525,0.299880,0.278856,0.289582,0.286797,0.279367,0.270187,0.270336,0.271892,0.235007,0.200438,0.166627,0.125788,0.085371,0.062973,
0.287828,0.310478,0.319262,0.335850,0.326041,0.370226,0.302833,0.321109,0.320306,0.302224,0.318753,0.296373,0.298339,0.283652,0.244374,0.261238,0.204109,0.188524,0.153744,0.097429,0.078574,
0.288788,0.323085,0.361893,0.307401,0.365582,0.367712,0.328835,0.361397,0.351279,0.320949,0.329385,0.320066,0.329218,0.298646,0.281754,0.270301,0.270844,0.198455,0.188910,0.126501,0.089878,
nan,nan,0.380985,0.390045,0.375628,0.321529,0.356491,0.368507,0.325344,0.333909,0.353891,0.307302,0.355058,0.341275,0.297454,0.283171,0.258054,0.245327,0.192761,0.127280,0.096032,
nan,0.365624,nan,0.317164,0.430976,0.440624,nan,0.431414,0.384379,0.226825,0.327463,0.348366,0.376738,0.343513,0.267142,0.292530,0.268768,0.268076,0.130271,0.186964,0.068577,
nan,0.494283,0.481729,0.521572,0.536644,0.504716,0.455606,0.421101,0.396354,0.406199,0.363900,0.368295,0.357403,0.249620,0.276783,0.175939,0.167755,0.111694,0.076816,0.061342,nan,
0.537708,0.513031,0.514205,0.523624,0.491110,0.488494,0.476964,0.443558,0.438026,0.411051,0.353361,0.344320,0.300954,0.274718,0.255963,0.216688,0.177200,0.137620,0.105859,0.054918,0.044035,
0.543143,0.481355,0.494780,0.463366,0.481532,0.478542,0.436412,0.419077,0.399584,0.376080,0.352573,0.335117,0.296471,0.267284,0.222164,0.204408,0.167471,0.118282,0.086530,0.056425,0.046975,
0.509615,0.481843,0.445908,0.459630,0.464815,0.440929,0.424385,0.397997,0.384336,0.360091,0.339752,0.323332,0.292602,0.258475,0.229975,0.202879,0.165651,0.132999,0.094239,0.060923,0.041035,
0.497707,0.443192,0.463122,0.453447,0.424178,0.432337,0.411013,0.384871,0.378035,0.358035,0.329648,0.306808,0.270914,0.249313,0.215280,0.180187,0.146339,0.124613,0.082893,0.056455,0.038727,
0.442930,0.418553,0.421188,0.412507,0.419988,0.384390,0.382486,0.359279,0.357303,0.334734,0.314120,0.287786,0.255541,0.228966,0.204276,0.180261,0.156194,0.117873,0.086452,0.058201,0.038147,
0.353689,0.381614,0.386946,0.369951,0.363250,0.357961,0.361962,0.328981,0.323802,0.311814,0.291271,0.259734,0.254317,0.225102,0.202123,0.179744,0.138332,0.108233,0.078463,0.057074,0.039263,
0.354835,0.346953,0.358109,0.324276,0.320929,0.317201,0.315608,0.317736,0.286285,0.287736,0.261842,0.254785,0.239678,0.215612,0.187858,0.165225,0.146563,0.115368,0.093042,0.052678,0.034401,
0.287541,0.319538,0.324464,0.294937,0.314002,0.301850,0.297081,0.271723,0.268243,0.275513,0.252665,0.234130,0.224011,0.194190,0.185134,0.166541,0.139795,0.110414,0.081232,0.056167,0.037724,
0.254014,0.289695,0.291485,0.289806,0.282162,0.274644,0.277155,0.264792,0.270904,0.246815,0.245260,0.220485,0.218159,0.199371,0.186081,0.162210,0.134364,0.115560,0.088065,0.060640,0.039047,
0.232724,0.265078,0.279238,0.267686,0.260802,0.267866,0.265500,0.259241,0.252963,0.241763,0.237107,0.225227,0.227920,0.218028,0.191152,0.157579,0.152601,0.119423,0.088725,0.059692,0.038655,
0.282755,0.245860,0.276631,0.270642,0.254345,0.279111,0.277118,0.249963,0.262324,0.245459,0.242141,0.231709,0.227360,0.216276,0.197451,0.169490,0.158815,0.115297,0.099170,0.067115,0.041821,
0.345762,0.297989,0.285060,0.258183,0.266370,0.280649,0.272593,0.268613,0.261882,0.261457,0.254555,0.245129,0.237033,0.220596,0.214899,0.203659,0.165484,0.132449,0.104291,0.071070,0.049343,
0.464649,0.277984,0.267388,0.287769,0.284503,0.270251,0.288527,0.279431,0.273981,0.279976,0.265185,0.261432,0.250470,0.239284,0.231942,0.218556,0.186909,0.148606,0.103476,0.082884,0.055519,
0.211572,0.312814,0.345216,0.323990,0.301634,0.301256,0.317426,0.313015,0.300064,0.274732,0.288946,0.276517,0.275606,0.275574,0.248850,0.229587,0.196626,0.167537,0.130145,0.087246,0.059389,
0.376364,0.365437,0.321824,0.306511,0.313125,0.313854,0.308617,0.309463,0.319757,0.293120,0.303929,0.292394,0.327400,0.290032,0.265633,0.245829,0.212202,0.187874,0.148781,0.101364,0.072104,
0.468742,0.378722,0.348226,0.318295,0.353576,0.342200,0.345274,0.345708,0.335866,0.319516,0.326541,0.331819,0.313194,0.299938,0.286985,0.261700,0.258694,0.208138,0.181884,0.132044,0.080839,
nan,nan,0.360521,0.358995,0.333931,0.342685,0.355660,0.304925,0.339549,0.333892,0.317020,0.321802,0.335814,0.337195,0.300385,0.301184,0.248469,0.247729,0.201383,0.149586,0.119435,
nan,nan,nan,0.396104,nan,0.354533,0.322302,0.386621,0.350868,0.383702,0.332132,0.331757,0.330865,0.237358,0.363134,0.253763,0.265495,0.259301,0.206795,0.148253,0.150656,
nan,0.547283,0.547593,0.485149,0.483076,0.493492,0.520488,0.407293,0.432584,0.394593,0.312664,0.331369,0.284419,0.257554,0.233345,0.205153,0.140680,0.115959,0.080708,0.051155,nan,
0.533123,0.507936,0.499218,0.507785,0.502138,0.482334,0.455678,0.441213,0.421345,0.387135,0.380800,0.348054,0.290175,0.280415,0.254864,0.199412,0.169471,0.131358,0.097011,0.060199,0.041617,
0.504988,0.499476,0.493504,0.498710,0.485800,0.467419,0.443375,0.429429,0.404047,0.380480,0.343287,0.325687,0.282085,0.270044,0.223422,0.189277,0.156779,0.122218,0.085453,0.060888,0.039132,
0.482568,0.497195,0.498300,0.437836,0.471141,0.445397,0.423329,0.414479,0.399344,0.374798,0.349838,0.323326,0.293558,0.260528,0.220195,0.188349,0.161898,0.123045,0.085826,0.062764,0.035356,
0.476851,0.454933,0.457672,0.451185,0.456968,0.417499,0.407321,0.399867,0.379334,0.352326,0.324445,0.298100,0.263296,0.234414,0.214888,0.184895,0.149843,0.116375,0.090419,0.059041,0.046698,
0.429882,0.427507,0.418906,0.405630,0.391937,0.398101,0.370073,0.371562,0.344756,0.324159,0.304623,0.292242,0.268547,0.248738,0.207630,0.183201,0.144300,0.113820,0.082697,0.055293,0.043257,
0.416349,0.385439,0.386329,0.362474,0.351762,0.344899,0.350379,0.349747,0.327830,0.300433,0.291248,0.276237,0.253504,0.221338,0.201641,0.162253,0.138968,0.115660,0.083498,0.056852,0.036967,
0.325730,0.352365,0.343323,0.346657,0.351895,0.338386,0.341262,0.300066,0.293599,0.277365,0.270104,0.247168,0.228692,0.225682,0.191969,0.168830,0.134537,0.107005,0.083878,0.052964,0.040094,
0.318330,0.307143,0.320285,0.323615,0.307819,0.290605,0.292674,0.282646,0.279292,0.263385,0.252749,0.238471,0.222074,0.210002,0.188858,0.158851,0.142478,0.118252,0.084898,0.054000,0.036625,
0.267508,0.305256,0.291511,0.294237,0.281733,0.268688,0.265368,0.262695,0.253843,0.252100,0.248147,0.233205,0.218188,0.204138,0.179494,0.160604,0.134802,0.107204,0.079490,0.059571,0.037312,
0.306139,0.286049,0.268796,0.274462,0.269157,0.272036,0.272785,0.255545,0.256181,0.243431,0.231544,0.223363,0.229454,0.209889,0.190935,0.164234,0.135180,0.114621,0.091307,0.059053,0.038670,
0.243058,0.268395,0.283000,0.264700,0.269327,0.266453,0.275479,0.263249,0.258044,0.250741,0.241500,0.233339,0.233986,0.215819,0.204257,0.175659,0.163426,0.129307,0.093907,0.070881,0.043837,
0.281748,0.263020,0.274756,0.280730,0.279873,0.272438,0.287721,0.270601,0.261280,0.260969,0.249581,0.235251,0.241993,0.217783,0.215650,0.199916,0.170171,0.129660,0.101001,0.069908,0.052609,
0.397554,0.299000,0.289916,0.283526,0.273896,0.283376,0.300706,0.281523,0.277212,0.270176,0.263033,0.259061,0.251080,0.241076,0.228216,0.208623,0.177636,0.146645,0.113164,0.083922,0.062400,
0.356847,0.323079,0.317475,0.303139,0.308127,0.301564,0.298035,0.295210,0.308799,0.285209,0.287328,0.283741,0.278546,0.273335,0.235246,0.221737,0.199189,0.172740,0.123088,0.092703,0.066536,
0.339009,0.335177,0.312229,0.347275,0.311149,0.309275,0.317972,0.303647,0.334754,0.322396,0.303480,0.300096,0.293352,0.284393,0.270566,0.248554,0.216256,0.182197,0.149038,0.101672,0.072737,
0.296206,0.368854,0.408757,0.305085,0.346604,0.332831,0.341316,0.356606,0.310254,0.338057,0.316031,0.328639,0.306589,0.307665,0.294684,0.281573,0.248204,0.200316,0.179402,0.133285,0.088658,
nan,0.352259,0.379837,0.377795,0.363905,0.355088,0.325760,0.309436,0.341753,0.381530,0.335995,0.321380,0.330482,0.334059,0.299988,0.259483,0.271998,0.232764,0.198178,0.174588,0.108178,
nan,nan,0.419030,0.526183,0.282669,nan,0.320327,0.304415,0.358680,0.403949,0.362835,0.385561,0.296623,0.292270,0.278295,0.329273,0.294703,0.218451,0.235798,0.215139,0.149816,
nan,0.550043,0.521963,0.474973,0.447967,0.476543,0.424653,0.388537,0.394190,0.389555,0.406829,0.316220,0.283778,0.327169,0.243113,0.181768,0.211101,0.120408,0.089892,0.059599,nan,
0.512007,0.520910,0.506817,0.498743,0.475671,0.496733,0.445763,0.451794,0.404084,0.404669,0.362072,0.349547,0.308937,0.260472,0.237978,0.188503,0.177150,0.134935,0.102155,0.072364,0.035063,
0.480012,0.510720,nan,0.482840,0.481550,0.453512,0.432245,0.424970,0.390915,0.373171,0.347749,0.312274,0.294135,0.257972,0.221725,0.212077,0.167647,0.132481,0.099952,0.057130,0.042208,
0.461690,0.482679,0.484969,0.474606,0.459905,0.445024,0.434325,0.413698,0.389384,0.370551,0.339364,0.329696,0.297565,0.251702,0.219738,0.186593,0.160712,0.114150,0.085182,0.060247,0.039463,
0.448649,0.453811,0.437696,0.441483,0.439263,0.408345,0.411082,0.394422,0.365562,0.343624,0.329066,0.308065,0.274688,0.251160,0.219137,0.191078,0.152445,0.132103,0.093601,0.059405,0.037548,
0.456554,0.433955,0.415381,0.391230,0.389838,0.386731,0.383762,0.365366,0.342394,0.334163,0.302490,0.290677,0.264147,0.228696,0.208803,0.169744,0.138977,0.118848,0.085768,0.058133,0.039225,
0.383884,0.391674,0.374998,0.395486,0.385492,0.368332,0.366131,0.333946,0.326820,0.312560,0.293004,0.265887,0.245108,0.226069,0.204664,0.177371,0.142625,0.109615,0.074857,0.052875,0.043184,
0.346066,0.354685,0.339843,0.356605,0.342847,0.316184,0.318629,0.312375,0.297596,0.288063,0.259479,0.253444,0.237327,0.210250,0.185249,0.164965,0.138733,0.120564,0.090494,0.054442,0.037578,
0.342635,0.312423,0.302033,0.320238,0.308019,0.293391,0.308232,0.290170,0.269778,0.267239,0.260665,0.238849,0.224513,0.201695,0.186637,0.161866,0.135940,0.107787,0.084453,0.057794,0.036887,
0.257283,0.295303,0.280684,0.290018,0.286415,0.280062,0.284505,0.267602,0.261028,0.252839,0.247848,0.231596,0.214194,0.207419,0.178710,0.161199,0.135845,0.120438,0.082273,0.053871,0.039711,
0.301300,0.299292,0.268503,0.274140,0.273638,0.268287,0.266936,0.269344,0.258905,0.247415,0.234175,0.223375,0.221196,0.209429,0.187067,0.168267,0.141030,0.110367,0.087034,0.065449,0.038482,
0.256962,0.302827,0.262882,0.273133,0.271921,0.262157,0.261052,0.263501,0.256245,0.252198,0.245109,0.240012,0.221811,0.213649,0.207718,0.179879,0.150029,0.129707,0.089086,0.066416,0.042856,
0.321097,0.272330,0.279383,0.263819,0.281038,0.259024,0.273327,0.269507,0.269976,0.256081,0.243409,0.247889,0.244624,0.223366,0.216983,0.192791,0.175842,0.131734,0.111207,0.077587,0.049256,
0.313075,0.298224,0.303053,0.295992,0.301904,0.273747,0.275692,0.287218,0.282736,0.268908,0.274111,0.265601,0.249028,0.243804,0.218321,0.206905,0.180841,0.138124,0.109718,0.077123,0.063705,
0.416201,0.315507,0.300330,0.304453,0.323034,0.292730,0.301859,0.314032,0.298437,0.291256,0.285535,0.265084,0.277399,0.263638,0.237740,0.228179,0.202536,0.182438,0.125903,0.093744,0.064691,
0.285868,0.316520,0.286407,0.332350,0.299663,0.321463,0.335993,0.318816,0.332050,0.339772,0.300484,0.303430,0.304485,0.289588,0.278303,0.252418,0.217498,0.178463,0.149550,0.111870,0.092204,
nan,0.374953,0.324704,0.317331,0.328872,0.312875,0.317047,0.361445,0.325825,0.306236,0.311459,0.302985,0.320412,0.306182,0.282100,0.267016,0.255963,0.206072,0.172153,0.128647,0.077748,
nan,0.486228,0.381351,0.346399,0.317551,0.371781,0.339306,0.314214,0.349600,0.361108,0.315182,0.340035,0.368385,0.331505,0.318137,0.291465,0.260177,0.238853,0.194921,0.160318,0.137951,
nan,0.301178,0.345398,0.270032,0.411595,0.313504,0.326196,0.399970,0.264813,0.406287,0.377787,0.278804,0.320098,0.292225,0.340337,0.317129,0.289316,0.252231,0.315593,0.183903,0.143199,
nan,0.525365,0.494793,0.536456,0.477041,0.474226,0.448456,0.476915,0.448774,0.394012,0.341857,0.297292,0.306696,0.251730,0.231910,0.210861,0.173926,0.140634,0.086184,0.045004,nan,
0.512971,0.508722,0.504199,0.491791,0.488814,0.474895,0.444862,0.442044,0.418892,0.381831,0.353266,0.350860,0.303211,0.276861,0.243989,0.204859,0.174510,0.133051,0.111627,0.067382,0.044951,
0.486871,0.501235,0.504818,0.487956,0.474940,0.475597,0.451646,0.426971,0.405075,0.379738,0.355938,0.329669,0.309105,0.261384,0.235047,0.201251,0.164710,0.127994,0.095893,0.059962,0.037036,
0.492989,0.488774,0.471910,0.472834,0.459497,0.450007,0.433243,0.410464,0.399384,0.362981,0.347265,0.303174,0.281385,0.249604,0.213249,0.205510,0.157807,0.116153,0.085004,0.054723,0.038819,
0.421625,0.464859,0.451054,0.445283,0.423592,0.432503,0.405037,0.392244,0.370952,0.350840,0.330042,0.315707,0.277469,0.253106,0.210895,0.188834,0.154632,0.122064,0.087128,0.059291,0.043790,
0.488477,0.426655,0.411539,0.425895,0.411399,0.415668,0.384186,0.369170,0.353856,0.331085,0.312365,0.282221,0.254034,0.235061,0.209128,0.186916,0.151322,0.116511,0.087477,0.053833,0.043835,
0.440438,0.402590,0.384101,0.387127,0.371861,0.354215,0.351843,0.345212,0.327657,0.311534,0.293013,0.273924,0.255853,0.226223,0.194619,0.166015,0.142500,0.109350,0.084289,0.053047,0.042033,
0.318929,0.350764,0.346221,0.341497,0.329978,0.339171,0.340127,0.283715,0.293746,0.290059,0.267145,0.248649,0.238766,0.221544,0.194657,0.166294,0.136105,0.107915,0.077347,0.058742,0.039418,
0.331633,0.325211,0.318746,0.310833,0.312619,0.302910,0.300834,0.284993,0.277718,0.273196,0.255284,0.236579,0.227966,0.204486,0.182682,0.166907,0.142288,0.114148,0.088216,0.056619,0.034370,
0.331103,0.285852,0.286807,0.285105,0.292895,0.273926,0.274292,0.275247,0.269265,0.244318,0.251083,0.231785,0.216268,0.206479,0.177650,0.159360,0.135706,0.108889,0.088763,0.057628,0.039128,
0.234239,0.272025,0.285687,0.278431,0.277113,0.261261,0.269379,0.263002,0.257997,0.249442,0.238898,0.231296,0.220870,0.205926,0.188636,0.167120,0.144333,0.119751,0.082354,0.057381,0.043854,
0.255792,0.266259,0.265654,0.288054,0.281086,0.262318,0.264258,0.265882,0.252038,0.248024,0.239381,0.233148,0.230720,0.214261,0.202277,0.182219,0.152752,0.120280,0.093996,0.066914,0.048831,
0.421798,0.308129,0.276343,0.293175,0.280049,0.281077,0.272463,0.272133,0.265582,0.263451,0.253038,0.251032,0.247335,0.224351,0.210097,0.190418,0.166319,0.140457,0.098618,0.074875,0.045384,
0.299941,0.284047,0.260730,0.290513,0.283741,0.294689,0.289651,0.286200,0.279998,0.274573,0.276478,0.256863,0.252308,0.241843,0.228598,0.219002,0.185014,0.140519,0.117649,0.083100,0.062514,
0.248421,0.296779,0.339867,0.295935,0.298248,0.283332,0.307471,0.302129,0.295362,0.308264,0.299721,0.281614,0.286223,0.260518,0.243326,0.230153,0.201644,0.178405,0.124405,0.092015,0.073692,
nan,0.327589,0.329444,0.338902,0.321159,0.343895,0.303301,0.304814,0.310972,0.323122,0.320367,0.296671,0.309263,0.295132,0.272759,0.253769,0.221820,0.191485,0.162695,0.111713,0.083821,
0.357618,0.375888,0.416649,0.358056,0.359035,0.306607,0.306190,0.326340,0.318833,0.330852,0.336681,0.339075,0.323648,0.312074,0.295848,0.267884,0.269131,0.204661,0.156932,0.139890,0.098192,
0.525727,0.412371,0.374609,0.379165,0.344302,0.335668,0.359297,0.385868,0.316176,0.342422,0.369555,0.300219,0.307446,0.323227,0.303984,0.293660,0.273632,0.222445,0.214952,0.157288,0.125561,
nan,0.265661,nan,0.367970,nan,0.394586,0.335959,0.445182,0.286336,0.351027,0.389465,0.369930,0.391937,0.299940,0.244903,0.316666,0.259624,0.236599,0.183248,0.156031,0.196584,
nan,0.507384,0.556154,0.498640,0.530714,0.553951,0.508374,0.431250,0.407636,0.370200,0.354395,0.314597,0.282788,0.270277,0.264005,0.217603,0.145195,0.127469,0.066280,0.043267,nan,
0.552325,0.522632,0.521210,0.501564,0.498380,0.473190,0.464929,0.439270,0.406956,0.398267,0.348011,0.336416,0.309124,0.258294,0.230705,0.211768,0.167182,0.132433,0.088606,0.074876,0.042276,
0.586120,0.517235,0.503205,0.483238,0.477839,0.477001,0.452454,0.427279,0.411702,0.396177,0.346291,0.361662,0.297244,0.271103,0.226924,0.186168,0.165333,0.130192,0.101381,0.063967,0.040102,
0.477270,0.472659,0.467817,0.469939,0.465621,0.440098,0.418310,0.398473,0.383630,0.362991,0.346013,0.310311,0.293252,0.267816,0.219291,0.191110,0.157585,0.124456,0.085827,0.057611,0.041512,
0.441522,0.461503,0.444774,0.469538,0.456146,0.420574,0.406781,0.398469,0.384075,0.354995,0.328136,0.307336,0.274838,0.237015,0.211387,0.175667,0.147672,0.109574,0.081992,0.060455,0.039483,
0.389950,0.431411,0.420298,0.421291,0.405329,0.391975,0.386319,0.370225,0.341612,0.329269,0.302983,0.290666,0.269480,0.241205,0.209000,0.182756,0.145772,0.123597,0.083790,0.054671,0.036187,
0.429714,0.401835,0.388315,0.368949,0.377843,0.377639,0.358869,0.339271,0.321733,0.312319,0.287795,0.271564,0.250105,0.222372,0.199467,0.169531,0.146519,0.112453,0.086289,0.054859,0.040117,
0.358797,0.365182,0.354370,0.336644,0.349254,0.326951,0.325828,0.311551,0.299384,0.286443,0.274265,0.260617,0.237487,0.211571,0.187983,0.163887,0.136120,0.108981,0.081649,0.056554,0.044617,
0.298924,0.325924,0.312618,0.302328,0.306613,0.291424,0.306697,0.298198,0.284520,0.266350,0.259358,0.236598,0.225453,0.215125,0.184289,0.160895,0.131364,0.106750,0.082307,0.057500,0.039778,
0.295648,0.288081,0.298629,0.288931,0.280443,0.279279,0.276504,0.268970,0.261235,0.249765,0.248106,0.237614,0.217009,0.204496,0.183180,0.163746,0.145659,0.123647,0.084499,0.062254,0.038104,
0.256457,0.277437,0.276706,0.278676,0.268610,0.267814,0.267807,0.272327,0.253807,0.253516,0.239011,0.222854,0.218719,0.218074,0.192432,0.166504,0.138241,0.120067,0.088967,0.060404,0.042027,
0.253509,0.276227,0.288646,0.281214,0.270462,0.263738,0.267858,0.264699,0.256581,0.261905,0.250376,0.238226,0.230045,0.222242,0.203499,0.181299,0.156157,0.121608,0.093017,0.067479,0.044173,
0.237975,0.269114,0.285664,0.290720,0.287290,0.273184,0.272397,0.272201,0.263653,0.257279,0.256660,0.251131,0.246999,0.230415,0.211584,0.189921,0.162814,0.141254,0.098406,0.072159,0.057293,
0.298831,0.268759,0.284664,0.272867,0.295962,0.288390,0.288562,0.277299,0.279051,0.285951,0.284358,0.256324,0.265916,0.245188,0.224142,0.215365,0.183267,0.146507,0.116898,0.084395,0.051594,
0.334341,0.275066,0.278864,0.319171,0.289819,0.324931,0.296230,0.294693,0.293921,0.283863,0.286127,0.289956,0.288309,0.275826,0.245326,0.233417,0.197107,0.177215,0.130335,0.099681,0.066147,
0.381959,0.315053,0.360511,0.320692,0.305993,0.331041,0.317587,0.327330,0.320936,0.282071,0.317853,0.310441,0.293355,0.290478,0.271405,0.259276,0.232241,0.191254,0.139222,0.114227,0.086040,
nan,0.359429,0.324281,0.332293,0.317218,0.353307,0.331656,0.326019,0.314888,0.323365,0.314087,0.314724,0.325841,0.308349,0.285164,0.269670,0.265299,0.213870,0.177376,0.140536,0.098662,
0.469073,0.423606,0.318217,0.350829,0.296721,0.302153,0.369105,0.343652,0.322130,0.338748,0.325568,0.339084,0.309450,0.318919,0.305994,0.280188,0.260200,0.240543,0.193313,0.143445,0.126889,
nan,0.579533,0.446401,0.657931,0.465129,0.257355,0.303553,0.358802,0.724151,0.314314,0.300847,0.346417,0.365027,0.359955,0.313431,0.286245,0.256072,0.233700,0.268647,0.167014,0.185466,
nan,0.527042,0.554747,0.633291,0.514456,0.465379,0.427991,0.433485,0.440947,0.397089,0.357895,0.321575,0.267052,0.274990,0.182971,0.253392,0.143698,0.184477,0.083454,0.056529,nan,
0.489183,0.458141,0.503236,0.510587,0.485416,0.491101,0.468695,0.429916,0.417668,0.373601,0.373094,0.346619,0.299343,0.242570,0.230849,0.211190,0.175409,0.133661,0.097728,0.059381,0.045717,
0.497072,0.496244,0.507658,0.487781,0.489895,0.482269,0.444586,0.419435,0.405865,0.393492,0.354063,0.334605,0.290026,0.269370,0.242852,0.199847,0.169883,0.127640,0.092675,0.058733,0.042860,
0.462420,0.489892,0.468631,nan,0.471160,0.449392,0.426867,0.418217,0.396865,0.369053,0.341237,0.317256,0.284321,0.265301,0.217484,0.211711,0.171482,0.125245,0.096382,0.057225,0.032175,
0.444534,0.452581,0.462759,0.450923,0.436960,0.423377,0.409941,0.394851,0.369611,0.351370,0.320803,0.304553,0.277611,0.241896,0.212680,0.186343,0.149566,0.121641,0.089012,0.054423,0.043730,
0.396539,0.421460,0.425358,0.408611,0.389657,nan,0.384485,0.372466,0.351154,0.329637,0.313795,0.287033,0.258573,0.240785,0.197533,0.176567,0.143070,0.114811,0.079497,0.059329,0.044784,
0.399201,0.383389,0.389711,0.377513,0.379808,0.360205,0.356516,0.349580,0.327721,0.309924,0.288692,0.270284,0.250274,0.221633,0.203421,0.173317,0.140856,0.111763,0.083060,0.050386,0.043849,
0.335004,0.358096,0.339541,0.342684,0.330501,0.322027,0.342943,0.322840,0.297171,0.289618,0.266429,0.255140,0.238586,0.212514,0.198367,0.163119,0.140747,0.110826,0.081942,0.051694,0.036407,
0.298506,0.330720,0.306320,0.306469,0.298113,0.312287,0.296592,0.279326,0.279974,0.267854,0.252575,0.239793,0.223705,0.204591,0.182671,0.164419,0.130459,0.112845,0.080874,0.058915,0.043276,
0.283796,0.298288,0.275993,0.283471,0.277906,0.280375,0.282713,0.277831,0.260540,0.256994,0.245454,0.238654,0.222193,0.210243,0.185975,0.161060,0.142317,0.112670,0.086295,0.062279,0.036917,
0.243575,0.276104,0.272982,0.272908,0.267517,0.273163,0.270225,0.264526,0.256807,0.243161,0.242395,0.230019,0.223163,0.208584,0.186990,0.168443,0.144024,0.123043,0.090432,0.064511,0.042603,
0.280366,0.269589,0.269152,0.278556,0.255410,0.280262,0.269510,0.266353,0.257206,0.252669,0.245490,0.242867,0.231214,0.213065,0.200624,0.174375,0.150309,0.128009,0.091634,0.063743,0.048908,
0.406831,0.283573,0.293714,0.278672,0.270885,0.273836,0.274778,0.271497,0.261082,0.273869,0.262773,0.248545,0.246726,0.234367,0.219641,0.197636,0.167659,0.131588,0.108479,0.072439,0.046028,
0.328360,0.289677,0.295618,0.307150,0.291519,0.282971,0.283775,0.289237,0.279935,0.267659,0.278182,0.273836,0.267887,0.252269,0.225764,0.214144,0.188665,0.155086,0.112703,0.083050,0.068561,
0.283431,0.366703,0.323319,0.300201,0.312997,0.288501,0.308246,0.294730,0.303116,0.280521,0.300049,0.294839,0.275670,0.277642,0.253235,0.229349,0.199597,0.166321,0.132369,0.099102,0.074323,
0.464784,0.286770,0.324681,0.292881,0.327557,0.316091,0.323356,0.308265,0.326916,0.327971,0.302635,0.312771,0.291661,0.292461,0.272923,0.267793,0.236103,0.198472,0.154119,0.114411,0.094391,
0.335029,0.331959,0.364602,0.373859,0.315629,0.339080,0.331679,0.325578,0.327300,0.345056,0.321413,0.307720,0.323074,0.296580,0.298436,0.265890,0.253427,0.210960,0.184428,0.131092,0.111979,
0.352325,0.288239,0.387475,0.332765,0.286429,0.335730,0.370726,0.369342,0.347546,0.334237,0.344669,0.315630,0.280503,0.338102,0.316079,0.285866,0.269766,0.237622,0.212431,0.163265,0.140858,
nan,nan,nan,0.363395,0.368766,0.312982,0.295246,0.318228,0.362365,0.364086,0.308484,0.263199,0.409615,0.337163,0.304516,0.322831,0.275442,0.228039,0.214894,0.157317,0.116095,
nan,0.565424,0.443327,0.521117,0.492385,0.502728,0.469344,0.456363,0.396411,0.408968,0.342013,0.340258,0.291337,0.264114,0.239603,0.181207,0.134552,0.119565,0.079745,0.061071,nan,
0.528078,0.479065,0.490052,0.508275,0.481664,0.477816,0.448282,0.438699,0.419234,0.400370,0.380350,0.341178,0.309819,0.263074,0.227420,0.210126,0.168392,0.121198,0.088814,0.062166,0.036849,
0.511127,0.501539,0.497588,0.488297,0.478791,0.465347,0.449977,0.435626,0.406181,0.394289,0.363795,0.342148,0.300768,0.255941,0.225973,0.186892,0.174104,0.128555,0.094830,0.058227,0.034568,
0.463666,0.484511,0.468477,0.502902,0.456067,0.444537,0.426037,0.418234,0.395198,0.367658,0.338715,0.319990,0.285770,0.262981,0.228705,0.190049,0.160395,0.120852,0.098244,0.058892,0.041974,
0.446770,0.454377,0.458162,0.443087,0.428263,0.431939,0.408357,0.390982,0.369934,0.350372,0.329541,0.302787,0.284768,0.246398,0.209904,0.189777,0.158175,0.117147,0.088906,0.055471,0.036364,
0.406012,0.413684,0.423084,0.414843,0.416858,0.398948,0.364691,0.373996,0.352435,0.334156,0.307139,0.291179,0.266088,0.238738,0.203238,0.177442,0.147322,0.114077,0.084380,0.057620,0.041657,
0.385187,0.365628,0.381892,0.381836,0.362310,0.341366,nan,0.342185,0.325407,0.309820,0.288018,0.275011,0.248463,0.226682,0.194702,0.173450,0.139343,0.117296,0.079929,0.058108,0.041812,
0.352249,0.337616,0.350421,0.340253,0.334434,0.341137,0.323809,0.312603,0.295735,0.288474,0.267875,0.256668,0.243704,0.216177,0.191711,0.166086,0.136343,0.107905,0.081349,0.051362,0.041577,
0.327974,0.307880,0.313533,0.312607,0.306647,0.300197,0.306797,0.290816,0.280826,0.270666,0.256811,0.238112,0.227200,0.212568,0.188879,0.162649,0.135678,0.108501,0.080443,0.052550,0.037343,
0.295655,0.294594,0.284911,0.285826,0.295077,0.284301,0.281679,0.272232,0.268537,0.234028,0.244669,0.237176,0.216945,0.206517,0.182805,0.163503,0.138501,0.113527,0.082062,0.058155,0.042867,
0.272085,0.284845,0.269727,0.275466,0.275874,0.271285,0.266970,0.263515,0.257740,0.253816,0.242649,0.234828,0.217087,0.214235,0.186565,0.165501,0.151258,0.120248,0.091966,0.066998,0.041058,
0.180078,0.287894,0.267100,0.272569,0.268864,0.265092,0.270790,0.263584,0.254592,0.250365,0.251324,0.245377,0.235546,0.217264,0.210017,0.175062,0.147737,0.124807,0.103452,0.071534,0.046701,
0.285248,0.266563,0.284724,0.271903,0.267748,0.270121,0.275743,0.273323,0.263712,0.260173,0.258555,0.246605,0.256881,0.234790,0.214667,0.197127,0.169119,0.131989,0.102015,0.077779,0.057722,
0.375894,0.285462,0.290441,0.278870,0.286421,0.280513,0.284723,0.285800,0.280096,0.276931,0.277090,0.278749,0.270997,0.249105,0.228707,0.215699,0.180170,0.152473,0.118231,0.084925,0.060547,
0.384679,0.309355,0.318480,0.301679,0.311904,0.289991,0.291107,0.307087,0.294941,0.308960,0.297566,0.282200,0.272640,0.275494,0.260416,0.229175,0.211050,0.177065,0.135553,0.102446,0.079967,
0.521632,0.326172,0.354169,0.334481,0.302325,0.317651,0.303566,0.320880,0.304355,0.317955,0.315685,0.311971,0.302077,0.292649,0.284459,0.263919,0.232998,0.196749,0.148321,0.122588,0.092910,
0.359692,0.376436,0.318006,0.309861,0.343689,0.335386,0.322769,0.335757,0.336603,0.365173,0.327341,0.326659,0.299881,0.330866,0.290084,0.272785,0.247623,0.219562,0.186764,0.131156,0.103820,
0.278348,0.356258,0.357817,0.338446,0.377786,0.329156,0.333429,0.333556,0.319863,0.337173,0.348455,0.344331,0.354634,0.326302,0.326580,0.309115,0.276929,0.227435,0.217057,0.160083,0.131779,
nan,nan,nan,0.555379,0.316651,0.311014,0.263653,0.363782,0.394209,0.360609,0.300615,0.324226,0.381331,0.367994,0.302891,0.354783,0.316834,0.226768,0.243024,0.167034,0.128002,
nan,0.493476,0.500045,0.537980,0.494310,0.464966,0.486315,0.506309,0.367069,0.383223,0.351378,0.288351,0.260786,0.240729,0.229754,0.193908,0.136217,0.104453,0.088879,0.045553,nan,
0.503035,0.467971,0.519862,0.521422,0.490048,0.470790,0.463152,0.448069,0.427420,0.404201,0.353297,0.331259,0.301920,0.271380,0.237666,0.214074,0.171266,0.119309,0.094501,0.052204,0.043168,
0.534041,0.508390,0.509190,0.491393,0.478827,0.468592,0.453310,0.436944,0.407570,0.379768,0.349468,0.333539,0.290546,0.260117,0.232111,0.197991,0.174170,0.133581,0.095359,0.062636,0.040755,
0.577360,0.480311,0.483985,0.480028,0.475572,0.454664,0.430360,0.410916,0.392197,0.380625,0.339566,0.330565,0.281981,0.263005,0.230277,0.192085,0.158037,0.119646,0.091300,0.059667,0.040252,
0.462699,0.444381,0.448783,0.431534,nan,0.419097,0.404161,0.389909,0.377844,0.353446,0.325209,0.299809,0.272763,0.259834,0.216493,0.201315,0.162916,0.123525,0.091673,0.055301,0.033871,
0.471875,0.414114,0.422291,0.412171,0.399423,0.391211,0.386386,0.371222,0.348698,0.331771,0.309289,0.290607,0.269911,0.234022,0.202720,0.180256,0.151144,0.115841,0.084606,0.053574,0.042639,
0.418965,0.372569,0.386401,0.374867,0.376963,0.369792,0.359255,0.347645,0.328842,0.310509,0.294506,0.269469,0.247867,0.227678,0.191678,0.173264,0.145390,0.112255,0.083465,0.056215,0.038977,
0.332553,0.334893,0.347284,0.342775,0.346993,0.323249,0.339565,0.325685,0.303370,0.289365,0.268451,0.255162,0.233885,0.213861,0.189718,0.166728,0.138947,0.110460,0.079738,0.055133,0.040088,
0.287353,0.300717,0.322257,0.308309,0.316109,0.305866,0.301358,0.286318,0.273474,0.269717,0.260064,0.242280,0.233291,0.205052,0.186962,0.160512,0.136294,0.111264,0.080918,0.053058,0.041068,
0.300718,0.283128,0.284169,0.284172,0.286689,0.291743,0.273240,0.277520,0.265566,0.259137,0.246612,0.234137,0.223395,0.212696,0.186265,0.162110,0.134894,0.109182,0.083578,0.056041,0.043019,
0.295818,0.280804,0.275079,0.269633,0.262099,0.269933,0.273070,0.268642,0.258431,0.254869,0.246623,0.239669,0.216544,0.215901,0.194761,0.168346,0.143160,0.118208,0.086695,0.061213,0.046034,
0.340463,0.279301,0.274785,0.264034,0.265389,0.262129,0.272447,0.261738,0.262606,0.257148,0.250014,0.243299,0.232184,0.221367,0.194432,0.178800,0.157739,0.127657,0.095830,0.070537,0.044259,
0.306184,0.308620,0.276287,0.253486,0.267949,0.279594,0.280657,0.276388,0.276345,0.274204,0.262620,0.250718,0.245046,0.234592,0.222374,0.192802,0.164601,0.140651,0.111902,0.079556,0.052757,
0.278203,0.297130,0.298945,0.269352,0.269856,0.288488,0.291791,0.287235,0.292097,0.300554,0.278138,0.272442,0.258785,0.252558,0.231602,0.219687,0.183959,0.152470,0.122026,0.091328,0.060778,
0.255006,0.323188,0.308549,0.282699,0.297586,0.298923,0.299488,0.317520,0.314367,0.307761,0.301880,0.293910,0.283116,0.283436,0.265320,0.233271,0.211092,0.175974,0.141259,0.100622,0.076165,
0.384399,0.360516,0.291234,0.303361,0.314118,0.317083,0.332128,0.320564,0.310523,0.341556,0.309496,0.311127,0.302354,0.297368,0.283363,0.252549,0.235551,0.200280,0.156340,0.122035,0.086586,
0.377559,0.413129,0.339936,0.321754,0.333314,0.316860,0.323575,0.320949,0.331410,0.356084,0.340633,0.330207,0.332327,0.329680,0.299937,0.286281,0.255205,0.236738,0.183764,0.142150,0.125959,
nan,0.312184,0.317478,0.352723,0.286298,0.366062,0.346103,0.332907,0.335634,0.351604,0.381899,0.327387,0.324013,0.335379,0.324627,0.318507,0.285970,0.235915,0.205532,0.177045,0.134253,
nan,nan,0.355797,nan,0.290959,0.286774,0.330750,0.360010,0.336912,0.277681,0.394334,0.341357,0.305445,0.381238,0.375061,0.288860,0.332693,0.350453,0.214503,0.182400,0.204097,
nan,0.540916,0.506382,0.550503,0.495672,0.451723,0.456127,0.429079,0.433707,0.432987,0.321454,0.308216,0.252376,0.248713,0.197586,0.182895,0.191311,0.108461,0.061018,0.048143,nan,
0.511220,0.416931,0.518524,0.497796,0.478109,0.468695,0.457237,0.441464,0.424451,0.384875,0.359334,0.333118,0.300176,0.259461,0.242564,0.194653,0.156127,0.121963,0.092287,0.067406,0.037953,
0.472334,0.498366,0.494064,0.491410,0.483227,0.471072,0.443930,0.438476,0.391851,0.378375,0.354916,0.336809,0.295594,0.251498,0.225437,0.199327,0.156331,0.126643,0.090116,0.058019,0.044242,
0.522235,0.461573,0.477128,0.471113,0.468196,0.458316,0.439878,0.413178,0.396755,0.377930,0.342326,0.332189,0.283093,0.251973,0.223308,0.184701,0.177026,0.129602,0.091720,0.057755,0.033913,
0.557276,0.435867,0.455167,0.455805,0.439128,0.428585,0.410867,0.397940,0.374472,0.352593,0.327331,0.311019,0.274845,0.250532,0.217551,0.180805,0.155382,0.112531,0.089476,0.058774,0.040466,
0.490771,0.398819,0.420030,0.418650,0.405015,0.423826,0.380307,0.368829,0.351747,0.334888,0.309492,0.289806,0.263452,0.245339,0.208343,0.184298,0.154473,0.119047,0.086615,0.053088,0.035079,
0.442257,0.363493,0.385387,0.381770,0.383045,0.355023,nan,0.348496,0.329211,0.315394,0.294525,0.276221,0.255644,0.224011,0.197798,0.176907,0.148135,0.111547,0.084302,0.052988,0.042121,
0.362277,0.334885,0.346928,0.345580,0.340482,0.337467,0.328468,0.310353,0.301573,0.292627,0.276296,0.257097,0.238077,0.217024,0.187784,0.166485,0.141304,0.110176,0.081059,0.055959,0.041788,
0.281464,0.309142,0.312152,0.321111,0.301814,0.309307,0.296319,0.294209,0.279776,0.272387,0.256328,0.239006,0.223482,0.205552,0.184541,0.165763,0.137990,0.109859,0.081327,0.055316,0.039049,
0.275532,0.276159,0.286789,0.302122,0.275135,0.280054,0.282686,0.273748,0.270159,0.260027,0.247575,0.236187,0.223295,0.203480,0.187009,0.165171,0.135336,0.114553,0.084011,0.053823,0.041621,
0.281106,0.252957,0.272302,0.296541,0.267440,0.275380,0.269882,0.266694,0.262691,0.256405,0.249434,0.234149,0.226323,0.211450,0.190723,0.169278,0.143205,0.120640,0.088350,0.059389,0.044813,
0.285581,0.261299,0.258283,0.291501,0.267611,0.264936,0.275212,0.266553,0.265905,0.263410,0.253393,0.263517,0.228296,0.226732,0.202369,0.178959,0.150683,0.131367,0.098439,0.069175,0.046967,
0.289468,0.270314,0.281685,0.297292,0.268628,0.268959,0.277255,0.268592,0.273249,0.274631,0.265572,0.258421,0.263230,0.232674,0.226208,0.195113,0.166162,0.138713,0.107319,0.076486,0.055920,
0.426142,0.337006,0.296291,0.309005,0.282023,0.285969,0.286221,0.281611,0.280027,0.283859,0.280211,0.271209,0.263300,0.257832,0.234639,0.219156,0.189155,0.151944,0.115987,0.090043,0.066764,
nan,0.333894,0.300628,0.293263,0.298358,0.298345,0.321282,0.293852,0.304879,0.303859,0.287363,0.292726,0.288751,0.280931,0.269624,0.240164,0.209813,0.178801,0.135304,0.102819,0.082242,
0.206774,0.299914,0.329856,0.329337,0.324354,0.319118,0.312225,0.322798,0.300830,0.319131,0.322328,0.307175,0.312935,0.295031,0.283409,0.255140,0.239434,0.202345,0.163373,0.123156,0.097071,
nan,0.396058,0.345344,0.331031,0.334956,0.319834,0.344269,0.350954,0.332560,0.324206,0.326601,0.328833,0.324763,0.318874,0.302052,0.287329,0.266868,0.234404,0.191411,0.147952,0.117810,
0.460988,0.443232,0.337928,0.390686,0.355035,0.320975,0.310991,0.319475,0.365299,0.319575,0.320858,0.348425,0.348277,0.341684,0.317891,0.304212,0.288789,0.258116,0.228891,0.162782,0.143619,
nan,nan,nan,0.319807,0.361645,0.369114,0.363444,0.377410,0.323902,0.363370,0.378744,0.337598,0.292521,0.295161,0.363526,0.287954,0.349502,0.261381,0.228454,0.213919,0.204986,
nan,0.529731,0.502184,0.469180,0.436765,0.438238,0.466981,0.429506,0.379787,0.389846,0.343244,0.300203,0.235293,0.268218,0.215289,0.187610,0.123777,0.109848,0.102688,0.078363,nan,
0.513206,0.565773,0.518168,0.500811,0.515665,0.476940,0.454311,0.423906,0.425661,0.392904,0.356955,0.330727,0.304752,0.271379,0.236787,0.205262,0.166081,0.128786,0.084797,0.058233,0.047682,
0.522772,0.491854,0.505965,0.491832,0.477429,0.466100,0.441772,0.435786,0.418109,0.387840,0.366123,0.325053,0.290879,0.259075,0.239071,0.206859,0.163425,0.117823,0.093336,0.058149,0.035769,
0.503449,0.467695,0.478626,0.474443,0.466701,0.449570,0.433271,0.424599,0.382463,0.369863,0.351071,0.315800,0.287660,0.247717,0.227273,0.193799,0.152545,0.120231,0.088532,0.058257,0.047456,
0.495890,0.436609,0.451790,0.447965,0.437457,0.425765,0.407475,0.393506,0.374645,0.360295,0.328625,0.307147,0.269656,0.244452,0.215152,0.184951,0.163344,0.123292,0.087919,0.054399,0.039239,
0.462942,0.408448,0.419848,0.416326,0.417159,0.397038,0.385514,0.369973,0.352366,0.337112,0.315419,0.289775,0.260895,0.236462,0.208410,0.178811,0.151746,0.115480,0.087571,0.054986,0.035334,
0.414035,0.382419,0.381850,0.381503,0.376229,0.372654,0.360621,0.345032,0.329960,0.313273,0.295681,0.269185,0.247102,0.233123,0.199139,0.168391,0.144047,0.108634,0.082517,0.054375,0.036757,
0.391432,0.344121,0.346248,0.352967,0.343156,0.339383,0.330195,0.318212,0.307245,0.293392,0.277035,0.261103,0.239933,0.220027,0.188363,0.169295,0.142838,0.106133,0.084754,0.051032,0.035453,
0.309695,0.313452,0.311929,0.313554,0.317462,0.305747,0.301225,0.292234,0.285108,0.277600,0.258508,0.251233,0.229509,0.209502,0.185425,0.171404,0.143681,0.106312,0.081971,0.055080,0.038175,
0.276503,0.281253,0.285638,0.282207,0.295764,0.282934,0.280368,0.273913,0.267811,0.253095,0.249964,0.235946,0.221679,0.204226,0.186334,0.164500,0.141716,0.110451,0.082206,0.060252,0.038955,
0.242312,0.253660,0.275871,0.279150,0.278682,0.270184,0.268635,0.263496,0.261893,0.261188,0.243363,0.238380,0.228616,0.210948,0.191576,0.173703,0.145908,0.116759,0.085021,0.061803,0.045743,
0.288193,0.241858,0.272717,0.281088,0.271980,0.265928,0.260632,0.266144,0.263477,0.258926,0.256347,0.241410,0.234331,0.221391,0.204245,0.184181,0.160430,0.129512,0.096332,0.066830,0.050076,
0.267771,0.250716,0.288409,0.280036,0.270753,0.270484,0.272219,0.268757,0.271439,0.271450,0.266274,0.256780,0.258816,0.237402,0.216069,0.199580,0.166534,0.140994,0.112185,0.078120,0.051328,
0.387876,0.284601,0.287429,0.278404,0.291359,0.285708,0.286951,0.282468,0.293809,0.282921,0.276586,0.277282,0.268060,0.258322,0.242053,0.213776,0.184009,0.165584,0.127389,0.085257,0.063418,
0.319234,0.346802,0.277894,0.312710,0.319674,0.298045,0.310245,0.305927,0.297353,0.303799,0.300232,0.295316,0.291418,0.276186,0.267154,0.249951,0.209586,0.177735,0.144982,0.109919,0.073784,
0.282614,0.460597,0.326107,0.337745,0.334381,0.307875,0.337002,0.327635,0.323133,0.309533,0.317497,0.306151,0.309434,0.305647,0.288590,0.260420,0.238320,0.197107,0.159769,0.124802,0.104689,
0.309102,0.322254,0.351215,0.314193,0.345472,0.332714,0.343536,0.343724,0.316621,0.336581,0.346194,0.342774,0.319427,0.307571,0.312633,0.287653,0.264789,0.236055,0.189254,0.151742,0.121977,
0.270644,0.325189,0.403348,0.322573,0.365134,0.352766,0.337106,0.340152,0.367008,0.343583,0.328403,0.304681,0.318806,0.315370,0.331759,0.313268,0.295337,0.257284,0.238322,0.177984,0.142249,
nan,nan,nan,0.290780,0.326862,0.271989,0.327184,0.260801,0.275134,0.320905,0.325710,0.312097,0.317067,0.319654,0.336628,0.321624,0.326767,0.256493,0.212616,0.234173,0.172574,
nan,0.539531,0.524821,0.476136,0.508784,0.457087,0.460143,0.448941,0.370723,0.422990,0.328987,0.382508,0.257530,0.228038,0.224674,0.188492,0.152438,0.087157,0.086719,0.053111,nan,
0.477044,nan,0.511663,0.516253,0.508067,0.473701,0.443593,0.432056,0.411820,0.391646,0.373864,0.332371,0.279600,0.260801,0.237125,0.191005,0.163165,0.132744,0.088549,0.054642,0.032162,
0.490469,0.513340,0.471404,0.497188,0.485047,0.454106,0.449585,0.422299,0.405817,0.383791,0.357541,0.327187,0.298133,0.269394,0.232415,0.196288,0.164733,0.127674,0.087633,0.059461,0.040557,
0.525001,0.491545,0.478843,0.457202,0.464008,0.450551,0.433777,0.415347,0.395567,0.376743,0.348717,0.321477,0.291842,0.255636,0.234681,0.192688,0.160691,0.121732,0.090974,0.056359,0.041934,
0.500045,0.461216,0.454416,0.447523,0.447483,0.433278,0.413812,0.400627,0.376462,0.357733,0.340381,0.307081,0.280134,0.243980,0.226765,0.187845,0.152193,0.113945,0.085699,0.056069,0.046010,
0.455017,0.429965,0.430389,0.421719,0.412449,0.401172,0.384788,0.370628,0.353392,0.340098,0.318028,0.281489,0.267608,0.233555,0.214190,0.187149,0.149020,0.111945,0.085497,0.053211,0.037650,
0.398096,0.395611,0.391446,0.386948,0.379076,0.370043,0.355390,0.342107,0.329403,0.315524,0.294084,0.270215,0.251117,0.224678,0.200478,0.178995,0.150477,0.110941,0.084626,0.055214,0.035116,
0.354368,0.359384,0.356589,0.352652,0.342564,0.331033,0.327429,0.320844,0.308162,0.294601,0.278748,0.253194,0.238530,0.220087,0.191589,0.167833,0.143845,0.106604,0.085667,0.057430,0.039395,
0.364017,0.323039,0.326268,0.319691,0.310160,0.295405,0.299986,0.292535,0.282659,0.275132,0.264937,0.244825,0.230976,0.213618,0.185764,0.159909,0.139809,0.110464,0.084130,0.058670,0.039940,
0.251636,0.298103,0.300902,0.292071,0.288073,0.276369,0.278666,0.273208,0.271478,0.263353,0.255246,0.243737,0.230041,0.205668,0.189614,0.162422,0.141737,0.116603,0.085071,0.059213,0.037783,
0.280846,0.284084,0.282519,0.278061,0.268147,0.260122,0.269127,0.265967,0.265343,0.259366,0.251851,0.241224,0.232817,0.209267,0.189724,0.165466,0.150078,0.118677,0.086193,0.066138,0.038358,
0.311949,0.276791,0.277272,0.269990,0.259115,0.268143,0.270016,0.266563,0.266749,0.265487,0.255881,0.246261,0.243530,0.222775,0.201132,0.177063,0.154517,0.128677,0.096496,0.074914,0.043943,
0.269421,0.280155,0.276261,0.283571,0.267713,0.272954,0.269654,0.271544,0.273449,0.272205,0.268234,0.255438,0.254989,0.241281,0.222550,0.198650,0.174012,0.140496,0.107129,0.083899,0.051197,
0.236076,0.284318,0.283893,0.301734,0.282286,0.288342,0.274513,0.283583,0.281113,0.281473,0.286208,0.277586,0.269700,0.259443,0.247745,0.222703,0.191868,0.156046,0.125296,0.093627,0.064093,
0.213736,0.273228,0.295073,0.304340,0.299303,0.292180,0.283798,0.302741,0.307396,0.314562,0.303047,0.284614,0.291233,0.280517,0.264762,0.245753,0.212978,0.176983,0.145295,0.105144,0.081193,
0.267135,0.347850,0.304954,0.315946,0.323090,0.303049,0.319418,0.316056,0.326752,0.325271,0.329658,0.304175,0.309937,0.298883,0.288977,0.266341,0.243513,0.209234,0.167561,0.126042,0.091267,
0.393584,0.346417,0.383688,0.334220,0.341458,0.313300,0.323042,0.307724,0.330404,0.336038,0.344124,0.333297,0.308457,0.318445,0.302871,0.292548,0.266571,0.236610,0.196013,0.156849,0.120313,
nan,0.412139,0.387239,0.341798,0.373159,0.334850,0.368003,0.342681,0.326869,0.347596,0.360162,0.347773,0.322116,0.336194,0.335427,0.301561,0.289152,0.261396,0.229214,0.192037,0.145887,
nan,nan,nan,nan,nan,0.304605,0.444359,0.306665,0.360018,0.352799,0.371098,0.320868,0.420458,0.295871,0.327144,0.361687,0.307419,0.295861,0.261105,0.192502,0.187691,
0.520413,0.520778,0.498180,0.447361,0.523713,0.418949,0.441241,0.418479,0.372171,0.399047,0.334333,0.319827,0.290913,0.238688,0.270119,0.200503,0.146933,0.111721,0.085381,0.074281,nan,
0.587873,0.516304,0.499015,0.497286,0.489194,0.458993,0.470560,0.423659,0.389087,0.379815,0.343348,0.316397,0.287994,0.255810,0.224469,0.190774,0.157224,0.111976,0.084071,0.111985,0.034176,
0.545011,0.526786,0.500081,0.493188,0.490025,0.458281,0.446035,0.420579,0.392970,0.374579,0.356717,0.323281,0.292450,0.247031,0.229558,0.196734,0.157626,0.117661,0.082734,0.083704,0.035430,
0.494537,0.498324,0.483061,0.476138,0.471098,0.445143,0.431786,0.409827,0.387709,0.366053,0.348816,0.317073,0.281982,0.249174,0.221553,0.197283,0.152289,0.121382,0.080553,0.071062,0.036021,
0.470555,0.463302,0.453514,0.450566,0.442549,0.426284,0.414416,0.386023,0.370425,0.352699,0.332461,0.307309,0.278247,0.238901,0.215252,0.189711,0.144535,0.128193,0.080119,0.064279,0.034942,
0.433104,0.437126,0.420215,0.413416,0.412038,0.400776,0.384720,0.367263,0.357350,0.331348,0.317366,0.297092,0.265801,0.228753,0.209962,0.180425,0.143474,0.126866,0.082104,0.069524,0.040896,
0.375960,0.425495,0.383164,0.377935,0.376430,0.368324,0.359290,0.343673,0.330824,0.310114,0.299984,0.272187,0.255054,0.219888,0.207169,0.170799,0.135993,0.125443,0.086869,0.063119,0.040120,
0.320818,0.430772,0.344012,0.340807,0.341001,0.335552,0.330218,0.317648,0.307356,0.290469,0.279951,0.258925,0.239816,0.210966,0.198201,0.166991,0.134687,0.128767,0.092531,0.056832,0.040273,
0.251071,0.424421,0.310554,0.310732,0.302547,0.306472,0.302654,0.291160,0.286860,0.274614,0.264950,0.244825,0.225898,0.208559,0.196992,0.165262,0.135169,0.125943,0.085436,0.054673,0.042054,
0.218591,0.379416,0.282619,0.287337,0.282872,0.291479,0.281719,0.269340,0.267791,0.264678,0.255158,0.238018,0.222833,0.205520,0.186205,0.167442,0.137913,0.123200,0.089143,0.062666,0.039899,
0.204054,0.352193,0.266400,0.270104,0.275595,0.274132,0.267215,0.260532,0.261477,0.257904,0.254145,0.243029,0.229309,0.209072,0.194395,0.177068,0.143032,0.129713,0.095804,0.063693,0.040500,
0.233962,0.377454,0.259441,0.254948,0.278878,0.266900,0.267476,0.263804,0.257013,0.256665,0.261797,0.248397,0.242898,0.218761,0.205674,0.183543,0.159910,0.134233,0.104310,0.064724,0.042161,
0.261856,0.366784,0.250954,0.251703,0.278234,0.272735,0.280359,0.278939,0.256638,0.264822,0.273747,0.261717,0.258622,0.237160,0.219128,0.201231,0.179597,0.137475,0.115931,0.079245,0.054661,
0.292638,0.368613,0.311688,0.281084,0.271225,0.299069,0.286039,0.298151,0.275974,0.279839,0.289362,0.265459,0.269852,0.259825,0.238835,0.222527,0.194794,0.157020,0.127070,0.095661,0.061185,
0.363903,0.298887,0.323493,0.298807,0.269788,0.327531,0.280142,0.301735,0.298393,0.285808,0.301867,0.291506,0.294427,0.282262,0.266325,0.248936,0.214567,0.183657,0.143050,0.118890,0.078558,
0.380585,0.276904,0.358294,0.307277,0.271940,0.323780,0.306519,0.329938,0.325153,0.300393,0.312278,0.317295,0.317594,0.300270,0.283592,0.269218,0.239020,0.208698,0.170229,0.140127,0.091460,
0.277263,0.378361,0.312076,0.344747,0.340562,0.317999,0.360900,0.315257,0.321678,0.318443,0.312372,0.329467,0.328427,0.319699,0.303698,0.292858,0.272781,0.235374,0.194151,0.157986,0.124327,
0.510410,0.386382,0.303268,0.407737,0.314266,0.303140,0.300884,0.310893,0.333666,0.348910,0.305609,0.354432,0.351195,0.326966,0.321119,0.322061,0.299478,0.259198,0.233265,0.206600,0.138452,
nan,nan,nan,nan,nan,nan,nan,nan,nan,nan,0.525883,0.369114,0.338871,0.394667,0.295344,0.355508,0.297809,0.305274,0.264225,0.219351,0.166526,
