1.497170,1.363390,1.514383,1.268736,1.386657,1.392626,1.284427,1.209064,0.946598,1.299181,1.183823,1.077645,1.001745,0.882573,1.065100,0.965222,1.020648,0.488762,0.264963,0.342317,0.249771,
1.494763,1.344775,1.587786,1.168156,1.389154,1.467624,1.320828,1.322632,1.644291,1.218108,1.253783,1.104535,0.963206,0.906946,0.864556,0.729509,0.608334,0.439774,0.301497,0.314280,0.315351,
1.442530,1.301031,1.454945,1.204699,1.433909,1.419666,1.299152,1.349127,1.495909,1.418439,1.250224,1.144006,1.142804,0.920464,0.866369,0.778583,0.679821,0.497586,0.288653,0.258069,0.308733,
1.224940,1.314967,1.789307,1.217810,1.426083,1.360874,1.319281,1.353478,1.562399,1.441373,1.193259,1.141633,1.178007,0.860586,0.787044,0.763578,0.693771,0.525878,0.346867,0.265901,0.294284,
1.168184,1.356253,1.687968,1.189730,1.298637,1.647897,1.433222,1.303053,1.496883,1.447516,1.231278,1.262715,1.132782,0.888404,0.806357,0.758957,0.732549,0.474414,0.365627,0.225813,0.273942,
1.138675,1.466585,1.439027,1.192648,1.165151,1.407012,1.507104,1.322494,1.202029,1.417728,1.192306,1.326195,1.112980,0.985692,0.817057,0.759213,0.695610,0.472582,0.346928,0.230264,0.293940,
1.116676,1.332306,1.373240,1.133118,1.151463,1.235347,1.479749,1.299196,1.166821,1.258010,1.133562,1.235011,1.202397,1.049396,0.856070,0.799787,0.667579,0.524472,0.558134,0.266875,0.395463,
1.038336,1.247339,1.416564,1.056690,1.173008,1.162085,1.429781,1.273378,1.243604,1.257626,1.100721,1.115113,1.280246,1.005865,0.862902,0.887228,0.700869,0.538973,0.527981,0.285192,0.422188,
1.132566,1.065621,1.504941,1.001790,1.132983,1.076671,1.435469,1.286361,1.298854,1.339830,1.156681,1.164615,1.361959,1.074605,0.889103,1.037797,0.861140,0.605495,0.513557,0.377488,0.576453,
1.205436,1.050026,1.357477,1.032126,1.167094,1.105974,1.415387,1.189561,1.494067,1.455625,1.179669,1.245583,1.441741,1.228518,1.129466,1.082333,0.969379,0.734594,0.535674,0.426757,0.276951,
1.264932,1.284506,1.126587,1.052436,1.180060,1.230379,1.444842,1.215758,1.366705,1.470711,1.304241,1.340960,1.584695,1.313761,1.216872,1.131337,0.983633,0.789336,0.689555,0.721093,0.312667,
1.438799,1.953660,1.245312,1.095203,1.258316,1.288264,1.443906,1.402164,1.594201,1.590109,1.450044,1.616313,1.956804,1.434211,1.363636,1.328625,1.113478,2.368732,0.677175,0.858458,0.290422,
1.017084,3.372804,1.406895,1.253377,1.541696,1.400466,1.382032,1.399199,1.510918,1.488158,1.566128,1.803803,1.847300,1.441078,1.561496,1.411340,1.804678,1.059257,0.746414,0.882742,0.290567,
1.376999,1.002250,1.271935,1.421991,1.532094,1.458171,1.569005,1.638460,1.706625,1.698350,1.797348,3.068177,1.920427,1.645475,1.778006,1.741308,1.670059,1.108175,0.758341,0.487488,0.279076,
1.282539,1.183454,1.328212,2.141644,1.532487,1.463562,1.756200,1.665239,1.710208,1.995751,1.961918,4.664089,2.005653,2.004305,1.989887,1.921584,1.753933,1.181625,1.051761,0.474985,0.360105,
0.842167,1.450611,1.614422,1.812326,1.616899,1.596300,1.780974,1.896291,2.103713,2.146437,2.286917,2.394225,2.200412,2.467402,2.148834,2.000100,1.563643,1.090203,1.027397,0.460817,0.247899,
1.211222,2.422975,3.102400,1.449852,1.505244,1.926027,1.654056,1.641399,1.975380,2.298113,5.298159,2.305258,2.209760,2.543758,2.335182,2.612922,1.595950,1.086051,0.635485,0.318663,0.191169,
1.310323,2.092328,0.874697,1.471145,1.688070,1.852172,2.336159,3.449269,2.144909,3.013659,2.379587,2.665596,2.564076,2.531611,2.357185,1.946266,1.242874,1.101719,0.620205,0.299239,0.147199,
nan,nan,nan,nan,nan,nan,nan,nan,nan,nan,2.650127,2.418175,3.141653,2.533553,2.001968,1.308072,0.760212,0.957106,0.298378,0.072797,nan,
nan,nan,1.483492,1.711690,1.247661,1.362085,1.414221,1.363266,1.690180,0.965425,1.030902,0.856397,1.055564,0.889980,0.892168,0.770761,0.665366,1.103499,0.882744,0.212038,0.077350,
nan,1.387499,1.641328,1.203185,1.393559,1.510750,1.293118,1.375184,1.240631,1.464988,1.267080,1.296514,1.249673,1.071934,0.766543,0.697640,0.855529,0.487329,0.437183,0.557292,0.208298,
0.990437,1.415766,1.739594,1.262871,1.537176,1.603566,1.513669,1.456852,1.327316,1.286339,1.234465,1.297124,1.067225,1.046861,0.938061,0.787154,0.765354,0.460068,0.326523,0.309089,0.262415,
1.053705,1.346103,1.515759,1.307000,1.325187,1.494869,1.545296,1.412517,1.249497,1.279695,1.257744,1.189216,1.191264,1.158487,0.997376,0.803402,0.751813,0.599003,0.707415,0.342025,0.231489,
0.990997,1.300370,1.489317,1.340313,1.230433,1.185630,1.445019,1.407933,1.224909,1.361439,1.178208,1.323393,1.139724,1.202312,1.058561,0.782030,0.781841,0.607904,0.586767,0.328418,0.222117,
0.966135,1.202280,1.588429,1.275208,1.202556,1.192271,1.353781,1.344320,1.164922,1.464443,1.228135,1.483967,1.101710,1.028502,1.144275,0.780262,0.732451,0.676106,0.586527,0.308725,0.198652,
1.053998,1.158867,1.437131,1.198453,1.167115,1.174001,1.339954,1.205615,1.136085,1.436524,1.211797,1.660388,1.161581,1.001669,1.080374,0.822597,0.746490,0.757438,0.419169,0.315701,0.194665,
1.083749,1.220338,1.284793,1.117537,1.124630,1.179030,1.321479,1.183509,1.201130,1.163924,1.194532,1.472663,1.442953,1.041562,1.098520,0.921082,0.804188,1.193353,0.451433,0.334286,0.212174,
1.396917,1.564835,1.254693,1.075382,1.052110,1.153307,1.230201,1.139318,1.429227,1.143218,1.257950,1.182400,1.479172,1.033345,1.251066,0.916040,0.821983,1.644410,0.452384,0.296708,0.181746,
1.396639,1.876214,1.173563,1.214512,1.169111,1.236769,1.223585,1.203413,1.237574,1.197894,1.534935,1.349042,1.547326,1.101569,1.478939,1.027945,0.895470,1.572872,0.486557,0.315131,0.180661,
0.929678,2.035414,1.131030,1.265705,1.339164,1.321730,1.282581,1.461309,1.367592,1.406406,1.458573,1.431556,1.789945,1.283071,1.214560,1.150845,1.037905,0.721904,0.537327,0.348965,0.222775,
1.096251,2.729419,1.382428,1.431353,1.392824,1.336460,1.425689,1.417857,1.453655,1.577159,1.494929,1.689535,1.661888,1.681994,1.407102,1.259907,1.201339,0.765661,0.552414,0.364288,0.265565,
1.341677,1.183044,1.407285,1.517241,1.479466,1.418260,1.471469,1.424603,1.470334,1.570150,1.782141,1.669987,1.673947,1.824618,1.461686,1.507870,1.340264,0.938029,0.590653,0.393948,0.325679,
0.766092,3.255661,1.538703,1.592885,1.473451,1.692275,1.645599,1.582762,1.569001,1.626435,1.966703,1.940958,2.049782,1.982593,1.700601,1.646964,1.474119,1.087557,0.732510,0.444277,0.328360,
1.702001,1.425460,1.420082,1.544303,1.589929,1.768318,1.682304,1.629991,1.755642,1.799611,1.998793,2.153942,2.194725,2.123426,2.055728,1.856424,1.559777,1.038302,0.882775,0.421523,0.273721,
12.390071,1.393340,1.924014,1.326402,1.741852,1.717745,2.119233,1.827887,1.913376,2.070807,2.363754,2.326079,2.226039,2.259725,2.321511,2.104150,1.622280,1.284841,0.732932,0.360218,0.301996,
1.008811,1.198520,1.545336,1.419501,2.097891,2.019993,1.789989,2.011376,2.249134,2.227314,2.414012,2.491654,2.699408,2.512997,2.384380,2.054771,1.611871,1.115968,0.619387,0.348213,0.223195,
nan,1.845201,1.436301,1.697434,1.707665,1.380668,1.933687,1.733377,2.224837,2.588256,3.153920,2.435509,2.487483,2.718898,2.332630,2.078914,1.300934,0.791993,0.546828,0.266232,0.195470,
nan,nan,nan,nan,1.658501,2.113286,1.693088,2.229103,3.309237,2.489838,2.783830,3.285210,4.036523,3.059367,2.211131,1.603992,1.132332,0.600367,0.287401,0.123646,0.122547,
nan,1.273298,1.219676,1.172846,1.350254,1.419978,1.326303,1.701015,2.433324,1.333590,1.236849,1.064110,1.069205,0.891460,0.827697,0.664805,0.614816,0.780585,0.534345,0.408288,0.111776,
1.432081,1.875187,1.539612,1.296187,1.382072,1.512390,1.409441,1.443823,1.402757,1.188636,1.404641,1.330239,1.042352,1.043522,0.942143,0.777916,0.965548,0.481322,0.337529,1.526791,0.299027,
1.401977,1.649034,1.450796,1.356858,1.200891,1.268969,1.290081,1.664752,1.219702,1.208016,1.310269,1.110856,1.152960,1.609360,1.066922,0.761962,0.763608,0.683947,0.473396,0.416958,0.206390,
1.358334,1.572986,1.295300,1.592660,1.227309,1.249029,1.217094,1.295174,1.254220,1.245414,1.223420,1.292932,1.121602,1.303244,1.061093,0.900689,0.793201,0.619799,0.403490,0.258187,0.181020,
1.177498,2.061286,1.243814,1.290472,1.227143,1.202724,1.209562,1.449856,1.287692,1.126412,1.148809,1.194756,1.095687,1.077381,1.004740,0.836324,0.697989,0.604093,0.477902,0.298213,0.248603,
1.162468,1.928175,1.399274,1.326138,1.179844,1.204277,1.247831,1.212553,1.244137,1.178740,1.149892,1.220487,1.116169,1.169403,0.958142,0.795229,0.656215,0.479493,0.416027,0.271858,0.199814,
1.147863,1.786704,1.322939,1.312120,1.116314,1.219233,1.165156,1.182555,1.675706,1.153992,1.202793,1.214247,1.196920,1.292868,1.124500,0.777202,0.735125,0.507611,0.381486,0.255592,0.169242,
1.142815,1.538860,1.287549,1.266139,1.118530,1.091856,1.084105,1.196695,1.763211,1.189069,1.236547,1.123125,1.034591,1.627715,1.013440,0.849165,0.791647,0.523927,0.395774,0.264212,0.317435,
2.904467,1.100478,1.395426,1.333902,1.150364,1.090629,1.134222,1.123656,1.642025,1.260395,1.337968,1.360342,1.142983,1.075998,1.094195,0.925644,0.803783,0.551090,0.366323,0.271131,0.332937,
1.250510,1.143672,1.209920,1.384358,1.206687,1.138919,1.093068,1.153795,1.840934,1.368952,1.281383,1.388465,1.230377,1.933285,1.189433,1.140162,0.872986,0.645889,0.462840,0.377717,0.213824,
1.265811,1.373848,1.148512,1.290190,1.174323,1.176848,1.142053,1.262650,1.609218,1.533223,1.447171,1.335129,1.358191,1.300822,1.285850,1.089801,0.957642,0.744629,0.587068,0.338130,0.258266,
0.965061,1.265838,1.269994,1.262879,1.288253,1.261886,1.174277,1.270589,1.380983,1.635704,1.822526,1.531977,1.471761,1.525045,1.537320,1.296553,1.114683,0.846552,0.570146,0.418532,0.237804,
0.749007,1.259137,1.428540,1.296862,1.386133,1.381289,1.258856,1.354633,1.633885,2.046040,2.115980,1.627071,1.687120,1.622408,1.486644,1.476760,1.281523,1.052807,0.668474,0.445821,0.258258,
33.511478,1.072189,1.374566,1.412073,1.510338,1.467982,1.397409,1.591456,1.757947,2.332038,2.062362,1.783762,1.875896,1.736105,1.647860,1.698195,1.392896,1.075317,0.810590,0.578997,0.279309,
1.275226,1.212322,1.383852,1.312818,1.678365,1.606281,1.577894,1.706434,1.934303,2.356120,1.970287,2.228426,2.036767,1.975502,1.853150,1.781769,1.711644,1.416630,0.797312,0.514101,0.268725,
0.741577,2.142230,1.530203,1.583439,1.716834,1.516066,1.739561,1.823427,2.161454,2.302272,2.063248,2.213610,2.300578,2.220860,2.237502,2.065057,1.617020,1.175287,0.664368,0.504691,0.241339,
nan,1.285556,1.667045,1.413976,1.600174,1.675721,1.782329,2.109009,2.504761,1.841959,2.183729,2.560670,2.869413,2.229635,2.261291,2.080289,1.876654,1.053728,0.857202,0.328110,0.253140,
1.294188,1.279985,1.258851,1.919162,1.570858,1.971636,1.718765,1.913442,2.317404,3.118388,2.418752,2.497021,2.479013,2.623024,2.189590,2.436124,1.314137,0.846861,0.522227,0.342291,0.177870,
nan,nan,nan,1.508282,1.968501,1.497473,3.875318,2.099656,1.859284,2.174968,2.668886,2.009343,2.543130,2.264495,2.262197,1.649201,0.873318,0.364409,0.444086,0.132328,0.218691,
nan,1.459025,1.413585,1.278868,1.275468,1.216935,1.483204,1.653835,1.247147,0.889333,0.993585,0.952487,0.976251,1.203744,0.708585,0.673628,0.509198,0.929631,0.769699,0.269267,0.077193,
1.592718,1.338814,2.174227,1.393014,1.216205,1.486207,1.463476,1.518716,1.284204,1.125364,1.819488,1.086002,1.065056,1.635140,0.959361,0.737047,0.720564,0.804801,0.453981,0.427781,0.266110,
1.471293,1.415682,1.722857,1.548869,1.362502,1.276901,1.198710,1.232711,1.278419,1.254534,1.274806,1.276581,1.052094,0.955442,0.868953,0.844348,0.704222,0.585662,0.421287,0.227144,0.150188,
1.359491,1.382872,1.616822,1.566449,1.338387,1.222032,1.261539,1.292856,1.424300,1.168667,1.142574,1.203662,1.120317,1.050629,0.895466,0.809339,0.737209,0.494435,0.425438,0.267284,0.242650,
1.370906,1.516866,1.422608,1.400854,1.276874,1.272884,1.211571,1.172379,1.489846,1.250127,1.168902,1.257851,1.149629,1.023537,0.975248,0.815661,0.736475,0.489310,0.387618,0.255314,0.158963,
1.239314,1.382334,1.342523,1.248411,1.195416,1.258439,1.203177,1.192303,1.440649,1.265988,1.259065,1.233263,1.061368,0.900701,1.005163,0.795571,0.699300,0.520551,0.573508,0.235164,0.162558,
1.152493,1.313588,1.337746,1.228958,1.231059,1.220793,1.190346,1.264658,1.246562,1.311200,1.313272,1.225672,1.113316,0.908357,0.981876,0.802537,0.735267,0.561346,0.435839,0.258716,0.411529,
1.167830,1.372261,1.231176,1.263931,1.232004,1.527755,1.142814,1.237147,1.249303,1.239095,1.279125,1.280834,1.255943,0.981140,1.006655,0.886555,0.761772,0.539488,0.388060,0.242959,0.277531,
1.041321,1.996198,1.221321,1.204433,1.830910,1.294110,1.084286,1.350688,1.123778,1.182003,1.288577,1.353917,1.145947,1.097842,1.031366,0.971033,0.746900,0.617303,0.462260,0.272973,0.183406,
3.575419,1.593440,1.129047,1.196506,1.541216,1.214856,1.245919,1.355778,1.185296,1.308606,1.324837,1.312157,1.307075,1.214155,1.073843,0.998244,0.842405,0.717160,0.465028,0.300790,0.209653,
1.335794,1.463137,1.157574,1.280728,1.517479,1.187573,1.243187,1.378993,1.270036,1.352274,1.672481,1.308417,1.302042,1.280539,1.101040,1.080727,1.053356,0.732367,0.507214,0.358047,0.193733,
0.930962,1.165653,1.178422,1.311982,1.493631,1.316708,1.293750,1.587792,1.279059,1.538604,1.636238,1.471013,1.709221,1.758863,1.372195,1.230502,1.274709,0.822576,0.638329,0.379928,0.215555,
1.076369,1.093655,1.407288,1.359594,1.399000,1.335183,1.377651,1.585584,1.418218,1.619159,1.447968,1.652414,2.622797,1.578166,1.482743,1.358148,1.377444,1.008434,0.691539,0.409335,0.306825,
0.975958,1.377849,1.485983,1.555319,1.660224,1.452627,1.490037,1.587171,1.459185,1.646307,1.846018,1.785970,2.611093,1.845563,1.654086,1.627320,1.514005,1.098997,0.839446,0.467163,0.332928,
0.907969,1.336182,1.420860,1.517272,1.380042,1.605075,1.722520,1.504794,1.888741,1.773716,1.793856,1.970390,2.089047,1.883915,2.045255,1.806603,1.572302,1.119442,0.689506,0.451467,0.330810,
1.069077,1.351917,1.435739,2.106552,1.590901,1.611719,1.865271,1.732352,1.911825,1.944857,1.922855,2.190889,2.441190,2.197383,2.145951,1.894609,1.516756,1.420230,0.715334,0.693982,0.294460,
0.988176,1.375272,1.314919,1.409511,1.844787,1.774481,1.850020,1.769561,2.017233,2.001379,2.203793,2.242353,2.292116,2.375856,2.149598,1.830525,1.584858,0.874498,0.520555,0.426338,0.204290,
nan,1.530132,1.366403,1.922150,1.891709,2.521768,2.008934,1.809478,2.082252,2.141969,2.498331,2.274680,2.587184,2.430947,2.079396,1.976884,1.146181,0.719364,0.417155,0.247950,0.163131,
nan,nan,1.205634,0.942021,1.958586,1.050054,2.151826,1.755952,2.277115,1.742383,2.934669,2.310232,2.371035,2.100956,1.896901,1.218330,0.783156,0.374710,0.501843,0.219023,0.115183,
nan,1.395543,1.245304,1.137185,1.325148,5.590147,1.314382,1.390127,1.293907,1.896150,1.175725,0.854683,2.237360,1.789430,0.812643,0.658693,0.705316,0.567205,0.318985,0.270994,0.189001,
1.725284,1.393631,1.358896,1.578292,1.393738,1.381225,1.206235,1.798202,1.297467,1.448644,1.163042,1.018300,1.252685,1.125876,0.961804,1.102038,0.691147,0.766439,0.359688,0.432049,0.163679,
1.760373,1.395076,1.491393,1.459417,1.368056,1.263372,1.299378,1.326706,1.334139,1.188676,1.224416,1.434508,1.081549,0.966487,1.032480,0.962118,0.657568,0.519032,0.375740,0.340609,0.200615,
1.504821,1.356880,1.307933,1.295165,1.249814,1.336173,1.192508,1.281649,1.166651,1.326153,1.158225,1.186274,1.163769,1.019328,0.935904,0.802953,0.877410,0.517089,0.393938,0.300884,0.154442,
1.608632,1.304322,1.309637,1.275702,1.279255,1.358927,1.254387,1.270767,1.422251,1.341907,1.369744,1.197847,1.038674,0.919887,0.909214,0.776713,0.694483,0.496949,0.453451,0.252672,0.159232,
1.188433,1.185001,1.362076,1.249306,1.420398,1.347496,1.203313,1.250984,1.443504,1.237123,1.247424,1.300629,1.207100,0.915301,0.944518,0.835144,0.712366,0.541479,0.345089,0.233990,0.229020,
1.296719,1.148927,1.147631,1.273349,1.380147,1.310832,1.135300,1.175919,1.223509,1.174205,1.127490,1.284907,1.373592,1.011260,0.943172,0.807710,0.680145,0.506170,0.386496,0.266452,0.240547,
0.984650,1.176487,1.063937,1.253855,1.188710,1.204511,1.150872,1.203287,1.280059,1.204243,1.282063,1.151023,1.210986,1.161653,0.959898,0.809821,0.693112,0.605905,0.389576,0.254322,0.140099,
1.013708,1.078837,1.147147,1.218563,1.240658,1.159651,2.303759,1.192804,1.283421,1.231965,1.319159,1.109235,1.198563,1.088684,1.160601,0.873278,0.821717,0.641161,0.400434,0.296249,0.204518,
1.037576,1.258670,1.163963,1.256028,1.267607,1.171492,1.581457,1.283773,1.246849,1.323918,1.250201,1.175599,1.205628,1.656804,1.213297,0.940421,0.890412,0.724000,0.472302,0.304483,0.207304,
3.544942,1.087064,1.252637,1.219524,1.250433,1.319268,1.289952,1.462862,1.365179,1.503047,1.410248,1.379247,1.281748,1.916980,1.119764,1.061317,0.964855,0.909864,0.522649,0.295036,0.224339,
0.958137,1.597578,1.127401,1.298646,1.232308,1.387750,1.317510,1.381847,1.507967,1.396088,1.457211,1.407434,1.391912,1.304744,1.305142,1.363034,1.139361,0.879242,0.561767,0.329690,0.280203,
1.626999,1.301850,1.332031,1.520017,1.405779,1.480423,1.310204,1.504297,1.515235,1.548520,2.060105,1.547274,1.576035,1.575553,1.469089,1.585993,1.530429,0.954822,0.708996,0.370796,0.273262,
1.010831,1.410198,1.321280,1.598357,1.397881,1.495727,1.370896,1.475145,1.758237,1.688004,1.635213,1.690533,1.693139,1.788309,1.692049,1.648688,1.252355,0.943987,0.696919,0.445200,0.319898,
1.450376,1.696661,1.449994,1.606708,1.720748,1.579582,1.461055,2.156390,1.727118,1.704654,2.098944,1.850846,1.852403,1.881827,1.960568,1.726065,1.326747,1.021191,0.697331,0.507047,0.298253,
1.878571,1.995350,1.806244,1.824406,1.526843,1.453467,2.359666,1.687922,1.948096,1.850855,1.979048,1.914394,2.013727,2.132921,2.124590,1.732732,1.711096,1.010119,0.604281,0.504251,0.330292,
2.319705,1.529843,1.215699,1.558941,1.591592,1.840137,1.668250,1.854936,1.961274,2.016953,2.161910,2.120311,2.209827,2.073557,2.036659,1.911370,1.437930,0.871350,0.541442,0.320590,0.248398,
1.194639,1.220350,1.822655,1.922816,1.558370,1.779469,1.745707,3.050938,1.897421,2.308381,2.106119,2.304959,2.239351,2.965636,2.123273,1.632165,1.015624,0.764393,0.457215,0.284298,0.112378,
nan,nan,1.118165,1.154167,1.335438,2.661039,1.876903,1.588981,2.044479,2.234567,2.432929,2.027472,2.292456,2.093866,1.777632,1.327899,0.813776,0.403237,0.387379,0.261097,0.336739,
nan,1.704080,1.447990,1.153119,1.431519,1.141699,1.346043,1.760753,1.323247,1.180161,1.397817,1.008081,0.978093,1.283185,0.978658,0.637077,1.288892,0.366470,0.289363,9.797506,0.245778,
1.426377,1.315022,1.443039,1.485476,1.612927,1.270406,1.264764,1.439408,1.309210,1.212965,1.231566,1.163172,0.984602,1.055204,0.869687,0.679970,0.827803,0.570072,0.464394,0.249632,0.146809,
1.463610,1.275380,1.239618,1.337363,1.318621,1.265780,1.260271,1.257091,1.236402,1.265010,1.202170,1.092976,1.095289,1.145677,0.884165,0.689305,0.807954,0.582022,0.403735,0.281202,0.256459,
1.830338,1.352628,1.502873,1.263372,1.386124,1.452463,1.261865,1.233081,1.405808,1.299844,1.326883,1.074672,0.956276,0.912060,0.954520,0.862572,0.644441,0.497586,0.347170,0.194824,0.167261,
1.383749,1.306451,1.425234,1.250374,1.426821,1.270117,1.208533,1.250974,1.394083,1.241641,1.098368,1.472428,1.182792,0.904685,0.939813,0.773130,0.697052,0.500832,0.364592,0.214662,0.256245,
1.318775,1.165671,1.300170,1.480565,1.219860,1.280716,1.158807,1.165092,1.248175,1.323163,1.196862,1.505374,1.291047,0.979178,0.978651,0.737757,0.634017,0.487360,0.397186,0.284128,0.230653,
1.262171,1.122113,1.173723,1.616130,1.186586,1.229615,1.210579,4.226376,1.205507,1.327078,1.112908,1.374836,1.046020,1.062420,0.961631,0.803411,0.679341,0.581775,0.380895,0.225161,0.134998,
1.460490,1.126199,1.220040,1.372053,1.238328,1.159121,1.247359,3.874488,1.153113,1.258442,1.265404,1.106128,1.087640,0.972144,1.057644,0.878299,0.743672,0.583192,0.399771,0.317538,0.158320,
1.327415,1.025482,1.199977,1.231424,1.156753,1.079618,1.107056,1.123429,1.195260,1.283799,1.232943,1.155393,1.205806,1.213964,0.964767,0.872925,0.714346,0.636415,0.437059,0.299360,0.212831,
0.945699,1.100099,1.171791,1.160051,1.153284,1.095922,1.102094,1.225438,1.174272,1.233986,1.309563,1.179676,1.127219,1.098286,1.128367,1.008876,0.747738,0.686307,0.504974,0.264379,0.210972,
1.311079,1.307641,1.160439,1.177838,1.190608,1.189208,1.113117,1.146341,1.344023,1.321682,1.297132,1.436322,1.308854,1.196178,1.206683,1.207670,1.242086,0.693061,0.466558,0.301184,0.210141,
0.967529,1.114282,1.328365,1.130797,1.226654,1.277866,1.172839,1.234822,1.355757,1.444607,1.358901,1.796975,1.442263,1.322138,1.273904,1.186651,1.441399,0.780823,0.682503,0.326404,0.232246,
0.991711,1.229038,1.384527,1.324457,1.290927,1.373056,1.283876,1.424291,1.438950,1.493993,1.504827,1.484853,1.763469,1.467947,1.412102,1.289589,1.143024,0.849110,0.783828,0.408940,0.258090,
0.693977,1.327752,1.480108,1.430142,1.396029,1.431607,1.313894,1.706801,1.606684,1.677494,1.761421,1.748250,1.692386,1.748178,1.564714,1.471637,1.235927,1.003587,0.671335,0.413439,0.364348,
1.398462,1.792774,1.581644,1.520684,1.394081,1.504444,1.562346,2.229737,1.810300,1.818435,1.883953,1.987244,1.831640,1.974921,1.750370,1.865587,2.202064,0.956798,0.610162,0.420942,0.317179,
1.313171,1.452391,2.194103,1.611917,1.462524,1.442693,1.795586,1.767915,1.716339,1.677076,2.303614,2.445926,2.060435,2.101515,1.983053,1.835436,1.359339,0.907367,0.623270,0.444297,0.274669,
1.022764,1.182958,1.597549,1.526020,1.659510,1.397740,2.279696,2.129451,2.001777,1.969081,2.413232,2.444246,2.260274,2.179184,2.202437,1.668194,1.218469,0.888986,0.536490,0.388155,0.296286,
nan,0.936032,1.653563,1.491739,1.641072,1.544819,2.143020,1.734168,1.941902,2.114828,2.937627,2.686253,2.251322,2.189043,1.948803,1.348523,1.168590,0.865810,0.423248,0.313114,0.190630,
nan,1.653716,nan,1.511605,1.081561,3.159316,1.070462,1.974664,1.810758,2.920898,1.516666,2.154775,2.670718,1.984114,1.787089,1.114821,0.755026,0.597966,0.318099,0.131434,0.064017,
nan,1.162092,1.679916,1.365258,1.444352,1.241719,1.211944,1.576273,1.529795,1.220445,1.249787,1.069350,0.947557,1.041144,0.658080,2.126389,0.467016,0.535394,0.504263,0.379540,0.101657,
1.535018,1.376783,1.348283,1.326616,1.336576,1.284327,1.296449,1.445467,1.286296,1.285598,1.215635,1.569144,1.157425,0.965254,1.236225,1.004477,0.722205,0.571418,0.334685,0.182004,0.139299,
2.446463,1.338797,1.327665,1.409477,1.418761,1.387440,1.324643,1.232556,1.164302,1.390128,1.168630,1.180816,1.192783,0.906218,0.953225,0.818293,0.596150,0.479578,0.402096,0.319888,0.197291,
1.979838,1.275456,1.428449,1.305872,1.359377,1.311136,1.264917,1.251113,1.430884,1.301852,1.356544,1.401464,1.062356,0.922495,0.985505,0.769639,0.787263,0.509060,0.408397,0.219144,0.179589,
2.862907,1.252037,1.373322,1.417343,1.296877,1.235391,1.301916,1.210258,1.281379,1.427804,1.258225,1.750167,1.153654,0.984041,1.013760,0.922556,0.708291,0.480694,0.410274,0.300739,0.212368,
2.592565,1.296426,1.480733,1.682614,1.467659,1.235779,1.368881,2.217650,1.214529,1.245312,1.103732,1.304716,1.093808,0.991204,0.965950,0.740682,0.632282,0.549891,0.410163,0.249670,0.143112,
1.322144,1.172307,1.379919,1.434434,1.265094,1.139725,1.235813,1.145797,1.129580,1.132187,1.286539,1.095035,1.079099,1.028985,0.968142,0.862065,0.715051,0.533670,0.380528,0.295988,0.136217,
1.126216,1.176860,1.555964,1.273615,1.171544,1.617046,1.054423,1.296565,1.076972,1.154676,1.243005,1.151766,1.053600,1.081362,0.958034,0.813063,0.646542,0.601337,0.402727,0.300826,0.202359,
0.969648,1.583377,1.623527,1.213405,1.148652,1.899523,1.074266,1.234170,1.145865,1.171431,1.140082,1.151159,1.058246,1.078825,1.061712,0.867649,0.688742,0.624010,0.461261,0.243612,0.187255,
1.813973,1.018728,1.348849,1.396548,1.192438,1.692361,1.377978,1.176464,1.243069,1.193210,1.197843,1.220780,1.268629,1.151764,1.024949,0.965255,0.827428,0.759627,0.437636,0.292415,0.242988,
1.145809,1.151124,1.629386,1.201266,1.163247,1.999958,1.512634,1.192981,1.235214,1.278823,1.256899,1.245473,1.334028,1.178348,1.133896,1.025492,0.913362,0.675428,0.524090,0.344230,0.183597,
1.013325,1.418061,1.276801,1.216439,1.275376,1.647612,1.166617,1.421318,1.297391,1.219769,1.413496,1.433921,1.495135,1.288407,1.179892,1.149890,1.001575,0.722158,0.724029,0.385141,0.224092,
1.552562,1.143666,1.487404,1.325250,1.406878,1.430663,1.463021,1.503854,1.432033,1.509579,1.606115,1.570272,2.028076,1.535028,1.406902,1.201347,1.163672,0.855177,0.626146,0.368150,0.452771,
1.094420,1.485612,1.522583,1.415309,1.664099,1.644399,1.675540,1.620769,1.379769,1.567369,1.669579,2.574415,2.083564,1.704630,1.601009,1.426022,1.352700,3.006176,0.615130,0.387011,0.248759,
0.783242,1.420275,1.487825,1.425330,1.497668,1.819897,1.526863,2.517339,1.893625,1.634287,1.850160,2.480162,1.847700,1.973075,1.841527,1.900741,1.266164,0.982194,0.628299,0.410370,0.446144,
0.715580,1.709752,1.424936,1.572443,1.801760,1.604034,1.957065,2.084911,1.889308,1.787470,1.890808,1.994393,1.969427,2.155353,1.799930,1.590815,1.305014,0.902155,0.602988,0.375785,0.298380,
1.202899,1.230187,1.767918,1.523049,1.621546,1.849648,2.101089,1.810287,1.717060,1.808597,3.105604,2.337774,2.346164,3.065482,1.757241,1.567664,1.269439,0.931439,0.623405,0.394048,0.287366,
3.876120,1.977112,1.533252,1.770582,1.302680,1.596767,1.499268,1.872400,1.847747,2.084316,1.969254,2.457292,2.155541,2.031504,2.042338,1.483847,1.057752,0.607903,0.447932,0.239212,0.232245,
nan,1.851921,nan,1.595983,1.922509,1.329984,1.767647,1.398353,2.385894,4.545063,2.080412,3.626653,2.478002,1.803990,1.496879,1.278401,0.958681,0.846576,0.177011,0.140603,0.053315,
nan,1.230724,1.188179,1.281280,1.390340,1.276036,1.325674,1.150812,1.509645,1.940753,1.215989,1.081935,1.109071,1.007773,0.777782,0.568643,5.136450,0.357463,0.238364,0.259564,0.212431,
1.437481,1.340714,1.351555,1.430202,1.204281,1.400904,1.328766,1.298202,1.197153,1.236526,1.175441,1.305865,0.972447,0.864531,0.915017,0.711245,0.690331,0.532214,0.432924,0.216053,0.185045,
1.396358,1.287804,1.807278,1.292779,1.324383,1.452168,1.350636,1.262688,1.333086,1.387378,1.240198,1.075866,0.996365,0.964266,0.953096,0.763380,1.098365,0.507643,0.338848,0.189484,0.218883,
1.168672,1.306612,1.667537,1.333927,1.242792,1.282131,1.283725,1.349528,1.341024,1.192067,1.169954,1.258461,1.155275,0.977016,0.964861,1.324800,0.621978,0.508121,0.337134,0.230693,0.181282,
1.534016,1.386203,1.534859,1.785665,1.344914,1.301759,1.367913,1.576095,1.248988,1.294020,1.160285,1.159943,1.065477,1.001679,0.998593,0.752526,0.628282,0.572513,0.356741,0.284972,0.159091,
1.406543,1.413197,1.181071,1.279682,1.191469,1.130576,1.112958,1.175018,1.166807,1.124361,1.503754,1.100043,1.052158,1.007128,0.878496,0.833532,0.666362,0.485903,0.340306,0.255481,0.128377,
1.690331,1.410562,1.100973,1.382514,1.329857,1.293834,1.113374,1.268705,1.119578,1.146651,1.199259,1.133683,0.983044,1.009512,0.970576,0.788379,0.600993,0.567297,0.346491,0.289113,0.139594,
1.065012,1.319034,1.197983,1.204063,1.202414,1.324964,1.235038,1.147474,1.139106,1.113106,1.092125,1.092188,0.985148,1.016316,1.051308,0.807404,0.648050,0.578905,0.372212,0.294558,0.176503,
1.497998,1.134010,1.055600,1.278721,1.136917,1.273078,1.293789,1.282333,1.148155,1.166954,1.162830,1.110087,1.121267,1.115180,1.019125,0.919811,0.742875,0.670243,0.471026,0.283246,0.198146,
0.892273,1.415402,1.165831,1.273031,1.203741,1.284762,1.454283,2.016790,1.089660,1.150298,1.159162,1.342652,1.159806,1.132843,1.048770,0.925753,0.788465,0.617099,0.479552,0.295602,0.189617,
1.089444,1.336252,1.284897,1.233611,1.314856,1.423823,1.136728,1.605795,1.316926,1.271212,1.439976,1.325222,1.320704,1.222828,1.151529,0.921040,0.875172,0.642177,0.572158,0.345212,0.207430,
1.156310,1.629633,1.430781,1.612991,1.476976,1.408524,1.312967,1.485761,1.530640,1.550386,1.407190,1.356742,1.737042,1.355601,1.274649,1.096292,1.383134,0.697264,0.596019,0.410325,0.253839,
0.919916,1.416566,1.484216,1.304586,1.469675,1.382897,1.301959,1.425471,1.571199,1.732713,1.450020,1.577823,1.791477,1.522933,1.430201,1.272919,2.858534,1.347908,0.624397,0.343220,0.544446,
7.482205,1.302294,1.425072,1.415158,1.476797,1.622225,1.425439,1.643900,1.841362,1.645525,1.730829,1.644236,1.881295,1.566893,1.941544,1.936371,1.370270,0.905519,0.609949,0.359551,0.271265,
1.407906,1.307600,1.608949,1.342439,1.642394,1.685523,1.550818,1.972485,1.821134,1.696919,1.704852,1.893453,1.954302,2.136940,1.696075,1.419851,1.098277,0.874489,0.595056,0.436097,0.409732,
1.048424,1.598119,1.539094,1.410482,1.572246,1.564373,1.561207,1.934560,1.729646,1.848523,1.859374,1.817067,1.914099,1.853876,1.968089,1.517932,1.311868,0.879630,0.694261,0.395737,0.288326,
1.955305,1.850955,1.546907,1.466704,1.785166,1.714615,2.339171,2.016477,1.848257,1.954149,1.918094,1.809162,2.002460,1.964439,1.605771,1.607560,1.305471,0.889235,0.495558,0.429849,0.228650,
nan,2.132946,1.819113,1.521372,1.609921,2.611450,1.492051,1.857952,1.929962,2.098149,1.940411,2.300436,2.176688,1.756217,1.827890,1.366693,1.076055,0.769225,0.492551,0.199627,0.156956,
nan,2.344420,nan,1.778779,1.675961,1.301959,1.447751,1.298741,1.228469,1.991568,2.311257,1.525808,2.132885,1.352250,1.537943,1.052904,0.806963,0.459089,0.243744,0.284615,0.105724,
nan,1.412673,1.805669,1.515224,1.088269,1.249436,1.648430,1.631073,1.119381,1.161474,1.369060,0.981194,1.081411,0.627190,0.725656,0.622352,0.594191,0.836997,0.237535,0.264057,0.180422,
1.992212,1.445052,1.409446,1.423732,1.455674,1.288385,1.350738,1.267129,1.219062,1.217819,1.203164,1.174640,0.993465,1.062985,1.087798,0.895601,0.585576,0.439701,0.529907,0.236631,0.169658,
1.243187,1.396504,1.384862,1.242216,1.509055,1.343756,1.292653,1.307430,1.577326,1.308943,1.410571,1.095392,1.086342,0.931567,0.895510,0.908047,0.660738,0.465964,0.349817,0.187787,0.176407,
1.945523,1.316323,1.489601,1.890141,1.456403,1.259135,1.498583,1.233942,1.239611,1.656136,1.292939,1.623077,1.141209,0.972253,0.966117,0.807501,0.699456,0.552441,0.555840,0.287377,0.245310,
1.161396,1.274120,1.229196,1.455983,1.245279,1.170531,1.190911,1.204351,1.234189,1.151276,1.518527,1.148047,1.098269,0.969850,0.882449,0.831544,0.630070,0.515395,0.397699,0.218710,0.133388,
1.155815,1.205394,1.293674,1.453512,1.331936,1.254691,1.255641,1.230537,1.114524,1.172684,1.241479,1.144540,1.044903,1.041673,0.935792,0.763966,0.615170,0.530132,0.316139,0.236730,0.133507,
0.928241,1.096567,1.424790,1.154642,1.281056,1.282405,1.235339,1.226277,1.166759,1.169686,1.047370,1.087112,0.969183,1.033458,0.857614,0.874211,0.621131,0.598880,0.392300,0.269210,0.281116,
1.210852,1.152719,1.535483,1.072566,1.335088,1.286533,1.057808,3.999501,1.142710,1.184277,1.092562,1.091769,1.122199,1.052525,0.906732,0.802949,0.728278,0.670650,0.461419,0.258852,0.161038,
0.790332,1.117724,1.609202,1.027582,1.268793,1.280925,1.188209,3.823809,1.122540,1.162622,1.076761,1.280121,1.108386,0.971204,0.959548,0.895255,0.692247,0.562236,0.401527,0.236559,0.363762,
1.613815,1.158131,1.314718,1.064005,1.274016,1.156689,1.248466,1.338181,1.235961,1.400089,1.198982,1.171070,1.138507,1.086330,1.050017,0.861567,0.801913,0.573250,0.519502,0.327851,0.185782,
1.749934,1.057149,1.260997,1.057213,1.316442,1.251007,1.306318,1.369443,1.336452,1.375656,1.320354,1.158455,1.367558,1.133422,1.214900,1.033331,0.860427,0.662791,0.549905,0.329781,0.228681,
1.835740,1.690781,1.172108,1.237320,1.345499,1.380884,1.388060,1.273082,1.448447,1.404835,1.332580,1.342418,1.356754,1.278923,1.406416,1.100910,3.923703,1.050408,0.496437,0.474267,0.339474,
1.300976,1.607586,1.215920,1.495958,1.360177,1.384034,1.453734,1.356562,1.546241,1.376049,1.572189,1.693448,1.701271,1.451982,1.413623,1.277231,1.273676,0.899802,0.498818,0.316538,0.220341,
1.247317,1.270560,1.648547,1.440625,1.417397,1.408101,1.398349,1.408196,1.485526,1.619240,1.556628,1.557360,1.556146,1.556590,1.496975,1.287658,1.002051,0.823865,0.554300,0.409926,0.269581,
1.476204,1.805311,1.449210,1.471979,1.612650,1.518492,1.534003,1.593255,1.837679,1.707986,1.695178,1.657837,2.132618,1.671735,1.637880,1.409531,1.022881,0.840909,0.699534,0.324264,0.441026,
1.074697,1.349786,1.624717,1.637889,1.750001,1.651115,1.742066,1.569918,1.829856,1.774935,1.685786,2.086715,1.934119,1.706479,1.593102,1.521344,1.185594,0.997086,0.576086,0.429327,0.580028,
2.606615,2.202241,1.960958,1.405104,1.486158,1.546132,1.636182,1.761519,2.512479,1.875801,1.825982,2.083436,2.112970,1.779411,1.836440,1.735120,1.128532,0.899726,0.529791,0.411187,0.274342,
3.086876,1.084768,1.898260,2.206260,1.738886,1.600925,1.573751,1.927424,1.942914,1.840118,1.942779,2.179991,1.954700,2.191991,1.632675,1.343388,1.007408,0.711969,0.428899,0.355874,0.168065,
nan,nan,0.950202,1.332701,1.381137,1.654716,2.304676,1.806296,1.361774,1.543241,3.408267,2.240050,1.707374,1.831582,1.545863,1.156625,0.737423,0.368015,0.205068,0.096473,0.135645,
nan,1.273499,4.084098,1.304491,1.477777,1.532151,1.135476,1.216572,1.093129,1.068813,2.999037,1.067309,1.190231,0.960305,0.879055,0.718617,0.749336,0.428488,0.283043,0.249772,0.400157,
1.277170,1.266267,1.311782,1.405692,1.254985,1.367638,1.311661,1.206663,1.245221,1.340372,1.391549,1.073401,1.462481,1.084665,0.859362,0.677205,0.646054,1.007736,0.378802,0.339012,0.328712,
2.581955,1.310962,1.809812,1.724938,1.325481,1.435423,1.233537,1.206899,1.252097,1.282787,1.272837,1.251254,1.126850,0.945179,1.065206,0.776055,0.637576,0.553543,0.386334,0.188776,0.187618,
1.896978,1.349857,1.382522,1.427176,1.278474,1.225541,1.330669,1.396357,1.246906,1.216659,1.255933,1.176410,1.061145,0.969786,1.079659,0.726909,0.833154,0.524175,0.378849,0.271014,0.167297,
1.369932,1.276295,1.513463,1.319381,1.474623,1.251792,1.290531,1.159344,1.225255,1.185126,1.256382,1.179020,1.124641,0.955338,0.937477,0.802901,0.604435,0.510911,0.320333,0.262801,0.158064,
1.850272,1.340096,1.428624,1.222070,1.316787,1.294728,1.257244,1.346219,1.240033,1.200051,1.143266,1.055021,0.986798,0.903212,0.931291,0.879338,0.582813,0.631353,0.406827,0.271290,0.227680,
1.055265,1.397894,1.339466,1.215717,1.279957,1.261132,1.212881,2.255580,1.149531,1.175575,1.133688,1.090971,0.998021,1.194834,0.847503,0.860518,0.669953,0.548753,0.431828,0.256649,0.209743,
1.249670,1.194529,1.229430,1.164308,1.200804,1.255588,1.219864,1.233936,1.131746,1.192266,1.038234,1.256866,1.054806,0.977288,0.898909,0.831312,0.678903,0.550348,0.385199,0.238016,0.170249,
0.897439,1.100812,1.238362,1.245844,1.200077,1.165675,1.326440,1.191194,1.233472,1.226251,1.143844,1.052001,1.058510,1.017664,0.910126,0.769947,0.779119,0.593036,0.425437,0.307423,0.236799,
0.924008,1.071433,1.534664,1.075485,1.120885,1.218040,1.322516,1.176332,1.189103,1.327331,1.137923,1.111787,1.216847,1.026430,1.096783,1.090870,0.740123,0.602187,0.467522,0.294381,0.175098,
1.243892,1.372402,1.409548,1.204560,1.183581,1.252352,1.192073,1.182965,1.378382,1.298130,1.256302,1.517423,1.147390,1.739771,1.519237,0.986340,1.334895,0.663664,0.462293,0.432239,0.225508,
1.226527,1.294739,1.346105,1.204058,1.175481,1.260795,1.311709,1.261370,1.331155,1.347826,1.398229,1.773879,1.368086,1.919919,1.336063,1.040049,1.222069,0.929823,0.534862,0.290224,0.326246,
1.105824,1.825384,1.268577,1.452264,1.299126,1.390055,1.491473,1.402463,1.362283,1.521694,1.475595,1.347842,1.471330,1.366651,1.388414,1.135603,0.993569,0.763567,0.551098,0.341141,0.218604,
0.991666,1.466660,1.370048,1.333871,1.667323,1.444452,1.499452,1.477441,1.563095,1.488974,1.468348,1.497778,2.416390,1.458284,1.399335,1.278667,0.973495,0.777324,0.747009,0.363468,0.329941,
1.173385,2.045967,1.407145,1.285124,1.748124,1.641077,1.430311,1.661316,1.576605,1.653716,1.638098,1.701949,1.711951,1.694381,1.538346,1.509343,1.065896,0.877400,0.545482,0.383798,0.281107,
0.943010,1.152931,1.475822,1.749448,1.656829,1.666497,1.699756,1.838932,1.774421,2.022443,1.836801,2.406885,2.217086,1.962389,1.755984,1.571904,1.152972,0.903711,0.575353,0.443032,0.461382,
1.421657,1.171940,1.552596,2.238253,1.393785,1.744463,1.713879,2.153161,2.063804,1.838708,1.744314,2.018160,1.918370,1.678838,1.713389,1.469036,1.094933,0.856853,0.471058,0.391353,0.313533,
1.091439,1.686208,1.060458,1.336519,1.401079,1.627941,1.484169,2.026770,1.979083,1.851911,2.706021,3.069886,2.026877,1.551214,1.760706,1.407934,0.882327,0.986053,0.408320,0.228190,0.141331,
nan,nan,1.052955,1.425930,nan,1.332658,1.402586,1.286956,2.021372,1.878763,1.718579,1.674905,2.069520,1.842656,1.556036,1.411795,0.833905,1.370968,0.211240,0.210456,0.042536,
nan,1.257957,1.743899,1.306124,1.204937,1.270587,1.348173,1.060447,1.376823,1.247621,1.263961,1.705757,1.200294,0.944201,0.761148,0.894520,0.538252,0.523649,0.254315,0.282286,0.331170,
1.297190,1.289309,1.690392,1.424647,1.516294,1.386756,1.267382,1.585664,1.111935,1.391911,1.044823,1.191988,1.193088,0.942955,1.020398,0.859394,0.708347,0.505410,0.352613,0.421030,0.176164,
1.313030,1.417762,1.408026,1.327998,1.601197,1.287628,1.425554,1.488958,1.359963,1.251675,1.382290,1.473951,1.377364,0.933468,0.907788,1.454674,0.702381,0.506784,0.349819,0.296026,0.202325,
1.625869,1.358374,1.524145,1.275465,1.423977,1.247986,1.325999,1.203662,1.270013,1.261316,1.184296,1.152105,1.065073,0.921671,0.876379,0.758712,0.634514,0.544040,0.386490,0.235152,0.120376,
1.458752,1.286354,1.421858,1.355509,1.350876,1.302989,1.263701,1.358964,1.216855,1.205430,1.207248,1.274002,1.007610,1.033119,0.920141,0.869379,0.643126,0.522276,0.343494,0.210151,0.150947,
1.148639,1.217406,1.227746,1.405945,1.464652,1.262866,1.197236,1.637127,1.177232,1.242531,1.175416,1.181973,1.115025,1.020322,0.896753,0.875710,0.724357,0.555784,0.359319,0.274612,0.145471,
1.058095,1.123544,1.159421,1.219067,1.372578,1.224985,1.255246,1.272635,1.152861,1.174856,0.984245,1.057162,1.032305,1.056311,0.867609,0.761799,0.779516,0.552552,0.367305,0.246279,0.154382,
1.178627,1.248953,1.209499,1.286892,1.200725,1.176209,1.353494,1.194329,1.187915,1.215324,1.191650,1.042567,1.010851,0.940668,0.957912,0.752945,0.673444,0.525744,0.398809,0.270063,0.253834,
1.074890,1.188197,1.755949,1.294329,1.165143,1.243753,1.149899,1.178734,1.187385,2.278931,1.165840,1.067187,1.098679,1.078401,1.111770,0.932685,0.724842,0.601134,0.397917,0.258785,0.205979,
1.019456,1.320367,1.487829,1.289981,1.132153,1.144930,1.291330,1.161896,1.270522,1.490495,1.193867,1.541619,1.241395,1.480344,1.696356,0.899757,0.698657,0.569812,0.419930,0.296257,0.222218,
1.416605,1.335973,1.269574,1.299603,1.391562,1.291696,1.249415,1.168062,1.257108,1.268119,1.211862,1.425154,1.384137,1.338256,1.489630,0.884836,1.515417,1.764998,0.458769,0.338448,0.293680,
2.702232,1.294973,1.460170,1.318071,1.572065,1.314806,1.281549,1.278295,1.494529,1.382108,1.241565,1.244213,1.337408,1.297601,1.157474,1.052264,0.975419,0.704371,0.493383,0.298540,0.625227,
0.855646,1.316096,1.507076,1.280485,1.311572,1.335578,1.308506,1.306695,1.791681,1.407474,1.413406,1.413335,1.451471,2.596172,1.304796,1.176964,0.877381,0.686552,0.595244,0.308509,0.218999,
1.529528,1.621513,1.414917,1.641729,1.346267,1.618769,1.364999,1.647922,1.516104,1.865479,1.716056,1.579678,1.703492,1.492050,1.463912,1.226854,0.999506,0.760839,1.220901,0.322379,0.336240,
1.637407,1.270347,1.480423,1.305729,1.885358,1.713100,1.338499,1.958249,1.747338,1.581599,1.690776,1.930098,2.223726,1.631658,1.425810,1.381107,1.186741,0.896775,0.553083,0.392942,0.260418,
1.206863,2.094631,1.517974,1.798767,3.224532,1.557402,1.499410,2.249136,1.727833,1.734194,1.759523,1.737774,1.729783,1.482242,1.595032,1.516627,1.060639,0.910904,0.569077,0.427965,0.367265,
2.354589,1.772492,1.643320,1.690126,1.583988,1.634658,1.587718,2.814865,1.950128,1.631030,1.907264,2.066383,1.600948,1.679820,1.922785,1.200511,1.210005,0.702787,0.492486,0.277508,0.246943,
1.127794,1.597361,1.247203,2.216098,2.204288,1.488527,1.709351,1.690997,1.726116,2.368336,1.923351,2.127792,1.982529,2.049567,2.037910,1.211428,1.031464,0.742324,0.577493,0.266821,0.118492,
nan,1.036324,3.519886,nan,1.150095,2.072477,1.141230,1.274197,1.122075,1.705549,2.191102,1.441180,1.648025,1.673601,1.716197,1.120014,1.768151,0.387478,0.301289,0.352538,0.044015,
nan,1.314152,1.677357,1.501742,1.162101,1.564202,1.254024,1.381899,2.008667,1.129573,0.918271,2.248844,1.083500,1.694435,0.840018,1.000351,0.585885,0.689096,0.372496,0.251258,0.132076,
1.167902,1.471658,1.757085,1.413766,1.446135,1.509913,1.320149,1.269226,1.377828,1.372875,1.266837,1.047741,1.068412,0.877654,1.012393,0.911413,0.600518,0.633529,0.655968,0.524196,0.214895,
1.692912,1.282039,1.332196,1.566071,1.368535,1.288615,1.442376,1.304739,1.345018,1.608795,1.255310,1.395272,1.038069,1.062109,1.139340,0.815491,0.698121,0.608007,0.372396,0.243234,0.232489,
2.316249,1.306938,1.581845,1.458887,1.427767,1.243937,1.354629,1.231010,1.211920,1.213222,1.183384,1.163085,1.092590,1.072045,0.851515,0.823994,0.609724,0.464655,0.346897,0.191497,0.406134,
1.586149,1.150591,1.226194,1.331399,1.424910,1.376119,1.238314,1.298717,1.339897,1.327717,1.095064,1.183243,1.013544,0.955523,0.900708,0.782506,0.678586,0.516235,0.386472,0.260872,0.145968,
1.308693,1.236617,1.192564,1.281313,1.254796,1.198480,1.241908,1.317192,1.130816,1.059882,1.157171,1.137476,1.063755,1.217618,1.008144,0.806666,0.581803,0.572344,0.341358,0.194149,0.191087,
1.318187,1.090981,12.159516,1.375330,1.129660,1.204098,1.383763,1.219405,1.179371,1.300014,1.101426,1.187676,1.069819,0.938792,0.892297,0.733703,0.648887,0.495556,0.444488,0.242084,0.168781,
0.925141,1.030686,5.594801,1.136964,1.124190,1.183822,1.447390,1.200568,1.187761,2.194054,1.168594,1.076304,1.027925,1.037041,0.919065,0.835114,0.685815,0.563777,0.331382,0.242439,0.258956,
1.175397,1.069933,2.960454,1.050819,1.160126,1.062078,1.281763,1.194782,1.241547,1.123071,1.184409,1.260735,1.342270,0.952651,1.297800,1.147239,0.873006,0.532364,0.400416,0.309545,0.157520,
0.996629,1.133607,2.124961,1.063864,1.292266,1.108234,1.121573,1.076900,1.209477,1.195300,1.117636,1.171168,1.199629,1.136840,1.538898,0.885380,1.316341,0.882347,0.536326,0.277022,0.332290,
1.157854,1.428064,1.408053,1.324121,1.259362,1.121942,1.166585,1.193672,1.288665,1.237207,1.197743,1.117536,1.246223,1.251337,1.007966,0.939970,0.941019,0.644726,0.445964,0.306504,0.147013,
0.883364,1.523726,1.301965,1.363510,1.241516,1.257626,1.311761,1.310093,1.331724,1.374368,1.489625,1.315013,1.261922,2.132485,1.177396,1.037023,0.793372,0.621138,0.453464,0.369656,0.224533,
1.376515,1.199945,1.461651,1.347811,1.293040,1.306727,1.401658,1.431997,1.447991,1.554933,1.447981,1.405543,1.482792,1.490916,1.376154,1.152447,0.899749,0.711753,0.488774,0.302638,0.284805,
0.995959,1.481220,1.905427,1.242329,1.635014,1.344066,1.409208,1.594162,1.652845,1.581957,1.367737,1.419910,2.283722,1.397316,1.319432,1.305962,0.981211,0.755391,0.718094,0.309324,0.241724,
1.356707,1.695131,1.503113,1.495857,1.419724,1.497607,1.587016,1.608095,1.804719,1.805186,1.597780,1.639034,1.783870,1.531873,1.388639,1.334201,1.044055,0.913446,0.515764,0.403943,0.322593,
1.213719,1.783475,1.474334,1.249489,1.651910,1.560569,1.737728,1.823653,1.964741,1.568349,1.642867,1.902038,1.857291,1.798317,1.531897,1.357236,1.221839,0.757029,0.615241,0.288832,0.224367,
nan,1.669780,1.248804,2.077128,1.571216,1.765142,1.802919,2.148547,1.928883,1.581115,1.913256,1.786997,1.973898,1.944398,1.711359,1.711063,1.162199,0.746567,0.575404,0.294308,0.227178,
nan,1.433596,1.332785,1.307221,1.784198,1.404412,1.721912,1.885483,1.878657,1.619305,2.022596,1.642614,1.597206,1.744964,1.372102,1.154270,0.765432,0.806550,0.461368,0.279874,0.245264,
nan,1.599533,5.076404,2.879987,1.569041,nan,1.843389,1.688302,1.387921,0.829605,2.081809,1.561061,1.341903,1.384722,1.018704,1.296764,0.843776,0.488303,0.451381,0.104367,0.047728,
nan,1.245567,1.407191,1.659268,1.120656,1.209351,1.238286,1.276218,1.122510,1.032175,1.108750,1.375924,1.130815,1.218491,0.808967,0.585489,0.670482,0.648457,0.347086,1.255975,0.099878,
2.099023,1.254221,1.485706,1.344354,1.639499,1.303068,1.225725,1.248999,1.386322,1.300630,1.364480,1.054599,1.041103,0.976701,0.852509,0.691263,0.612591,0.482784,0.299707,0.402606,0.570289,
3.197497,1.434090,1.458736,1.342860,1.347198,1.307678,1.333250,1.364717,1.160584,1.323265,1.384924,1.405012,1.119402,0.920561,1.001666,0.807598,0.637204,0.469073,0.373358,0.298751,0.121883,
2.212859,1.181022,1.287110,1.282265,1.307010,1.369486,1.304340,1.222343,1.258505,1.169974,1.289560,1.185276,1.193794,0.954148,0.992869,0.779551,0.590970,0.515009,0.806721,0.264661,0.195348,
1.502885,1.480852,67.426918,1.410757,1.414034,1.284252,1.238046,1.506736,1.253392,1.259664,1.220413,1.149886,1.352200,0.922284,0.878491,0.900659,0.594816,0.531514,0.321915,0.248586,0.241289,
1.457732,1.173862,29.502848,1.343592,1.200274,1.164871,1.411078,1.199412,1.160953,1.191718,1.141971,1.043561,1.021682,0.981916,0.799272,0.725457,0.729360,0.700528,0.412687,0.280366,0.154470,
1.297064,1.111009,1.232974,1.119085,1.100309,1.204132,2.132217,1.212374,1.192663,1.354698,1.286911,1.177352,1.036119,0.967790,0.966945,0.742525,0.714594,0.534807,0.380537,0.223392,0.158517,
1.037798,1.014434,1.167377,1.146574,1.229697,1.182647,1.102362,1.218994,1.202204,1.529213,1.159883,1.120846,1.232125,0.948131,1.068676,1.065668,0.641651,0.554788,0.377757,0.324168,0.155456,
1.251431,0.999540,1.235529,1.097242,1.202483,1.210359,1.076921,1.082604,1.166033,1.372972,1.085565,1.187496,1.069064,1.224310,0.874952,0.949081,0.719873,0.491114,0.446857,0.304330,0.168749,
0.944271,1.080028,1.370063,1.030566,1.289021,1.297411,1.157813,1.110565,1.150711,1.248846,1.206211,1.109556,1.181393,1.397915,1.130965,0.869397,0.787695,0.951756,0.446686,0.298132,0.320323,
0.944673,1.394353,1.708989,1.075224,1.203196,1.298277,1.380928,1.200988,1.316995,1.276505,1.469851,1.259090,1.175035,1.936987,1.203115,0.905136,0.743992,0.688040,0.450586,0.290380,0.369093,
0.759068,1.338289,1.597394,1.161843,1.396059,1.227008,1.383013,1.295597,1.415622,1.266830,1.250538,1.253410,2.432184,1.178210,1.161026,0.963282,0.842694,0.565274,0.419553,0.303873,0.175728,
1.718711,1.099772,1.506373,1.390581,1.474253,1.289630,1.397410,1.385023,1.501713,1.295929,1.328434,1.333040,3.373835,1.234798,1.295429,1.117823,0.882371,0.686281,0.579244,0.359132,0.214485,
0.944565,1.567153,1.536212,1.558770,1.561362,1.481366,1.278053,1.549266,1.449872,1.448082,1.620387,1.350349,1.676030,1.372233,1.284015,1.244502,1.025932,0.701809,0.518124,1.272236,0.246026,
5.133352,1.785433,1.305080,1.441953,1.713064,1.509151,1.554186,1.909036,1.586860,1.745585,1.511875,1.913448,1.645303,1.554775,1.397658,1.265321,1.156664,0.977084,0.577783,0.368661,0.300883,
7.692526,1.486248,1.406712,1.356407,1.642518,1.569697,1.519418,1.749214,1.623074,1.624004,1.724084,2.130419,1.468566,1.979801,1.663805,1.702408,1.029251,0.839362,0.622111,0.296817,0.189534,
1.029248,1.872787,1.714622,1.310107,1.376707,1.507484,2.032520,1.530327,1.682413,1.838817,1.634674,1.640301,1.472211,1.628545,1.341727,1.219127,1.017803,0.703162,0.507402,0.312460,0.223970,
0.876390,1.120081,1.170437,1.504939,2.071986,1.973460,1.500895,2.344457,1.806866,1.652049,2.447973,1.595876,1.766122,2.039000,1.236439,1.409214,0.838072,0.573995,1.148674,0.466050,0.273530,
nan,1.022278,nan,1.483719,1.387552,1.911275,nan,1.818166,nan,1.923479,2.092093,1.374991,1.223101,1.699973,1.521779,1.330579,0.731116,0.476801,0.267827,0.250507,0.355267,
nan,1.365774,1.431649,1.379897,1.397408,1.569921,1.471737,1.365410,1.860131,1.580909,1.072554,1.048770,0.952515,1.031087,0.876116,0.677501,0.557186,0.660600,0.695774,1.333230,0.401096,
1.189082,1.540142,1.443743,1.739170,1.412783,1.381111,1.518774,1.256505,1.907388,1.392751,1.397524,1.134750,0.975553,0.976263,0.939231,0.862153,0.795075,0.482393,0.349680,0.200919,0.216122,
1.134789,1.289072,1.887066,1.518278,1.479863,1.430131,1.311288,1.393361,1.267319,1.322176,1.266782,1.095578,1.182339,1.026774,0.921580,0.709007,0.915463,0.480270,0.296319,0.181315,0.099410,
3.283875,1.328835,1.316257,1.371748,1.780312,1.407172,1.258905,1.522400,1.233827,1.200939,1.151130,1.173179,1.007696,1.109375,0.863418,0.829655,0.698564,0.702255,0.366524,0.286999,0.141627,
1.384175,1.278389,13.648980,1.430999,1.260637,1.187346,1.249098,1.262368,1.270481,1.107625,1.097836,1.124436,1.085768,1.074758,0.930529,0.798393,0.587388,0.471293,0.301498,0.221951,0.182612,
1.103171,1.214778,12.184040,1.169212,1.236415,1.200929,1.328877,1.338984,1.219105,1.145136,1.319749,1.145095,1.085424,0.910575,0.947496,0.682195,0.721344,0.540873,0.390446,0.218221,0.137501,
1.063283,1.126480,9.474246,1.241788,1.353553,1.283169,1.123280,1.216235,1.187799,1.104660,1.125255,1.109079,1.045676,1.023914,0.887399,0.695220,0.636348,0.538288,0.378521,0.247847,0.182364,
1.054306,1.051711,7.230469,1.439143,1.175475,1.280014,1.109467,1.185374,1.239467,1.466054,1.106249,1.104678,1.095529,0.967321,1.328136,0.898016,0.687206,0.489512,0.342018,0.232403,0.179426,
0.875006,1.082062,5.259725,1.250248,1.189533,1.349570,1.185251,1.051896,1.121789,1.163642,1.126665,1.331948,1.124303,1.290337,0.982181,0.767893,0.721546,0.615312,0.482138,0.250766,0.180835,
1.132425,1.086428,1.203273,1.094184,1.270643,1.088677,1.280827,1.160942,1.297828,1.180676,1.275713,1.096343,1.156404,1.315891,0.984152,0.961004,1.161402,0.606652,0.704879,0.268957,0.243744,
1.071120,1.205861,1.186879,1.118721,1.611178,1.268270,1.210725,1.215332,1.233624,1.264807,1.171809,1.109409,1.468732,1.088593,1.079015,0.920762,0.698571,0.594899,0.379362,0.262279,0.240749,
1.235824,1.300824,1.298179,1.284667,1.965419,1.379887,1.224254,1.265768,1.283464,1.278274,1.227176,1.220025,1.220269,1.432987,1.105025,0.957005,0.920736,0.622493,0.408773,0.263754,0.177824,
0.836970,1.342609,1.476580,1.755965,1.805389,1.402800,1.236139,1.347444,1.419695,1.391858,1.393111,1.449762,1.526770,1.325137,1.257458,1.012259,0.855106,0.679005,0.791846,0.705617,0.197025,
1.167970,2.296303,1.264818,1.546264,1.471079,1.562634,1.367036,1.333094,1.548752,1.737778,1.912385,1.557156,1.279464,1.482057,1.261803,1.465184,0.991962,0.765827,0.462404,0.373174,0.222558,
2.292668,2.157286,2.365291,1.408053,1.569874,1.664694,1.454915,1.413789,1.725576,1.665804,1.733043,1.493043,1.384280,1.367509,1.697519,1.374041,1.046438,0.874002,0.535181,0.359180,0.284674,
0.717063,1.865847,1.689611,1.895412,1.695405,1.464280,1.712958,1.561348,1.966422,1.476389,1.640085,1.591662,2.170811,1.388503,1.430264,1.232420,1.035157,0.921960,0.576997,0.402447,0.187312,
1.243615,3.151015,1.581583,1.482185,1.386129,1.760637,1.455814,1.695322,1.829807,1.683865,1.615776,1.679763,2.596745,1.572417,1.417299,1.107886,1.026821,0.651884,0.531276,0.322391,0.223676,
1.395178,1.966087,1.741500,1.725639,1.388842,1.809022,1.531484,1.767617,2.157378,1.804376,1.449709,1.931785,1.436401,1.893735,1.467328,1.180663,0.849935,0.623686,0.788409,0.392111,0.167743,
nan,nan,nan,0.985496,4.132216,1.323620,1.413428,1.456567,1.926294,1.523445,1.115762,1.381694,1.408431,1.195034,1.079399,0.803785,1.250752,0.593111,0.462978,0.155864,0.115460,
nan,1.328642,1.298234,1.260324,1.792161,1.547148,1.209641,1.555602,1.238605,1.434207,1.221486,0.897205,0.808333,0.928274,0.574846,0.807305,0.658570,0.404437,0.438180,3.855881,0.419025,
3.477258,1.487217,1.285061,1.347882,1.235564,1.418235,1.292587,1.254264,1.250154,1.363124,1.311502,1.312698,0.990699,0.982316,0.992345,0.768247,0.726720,0.604961,0.348329,0.225353,0.165963,
4.335924,1.368287,1.436713,1.456411,1.374699,1.226708,1.437328,1.252511,1.233938,1.244897,1.383226,1.122202,0.907276,0.908529,1.173334,0.708071,0.585105,0.508818,0.298282,0.231228,0.104653,
1.190685,1.529917,72.234215,1.472236,1.379664,1.367673,1.358466,1.266716,1.383560,1.224436,1.316028,1.302257,1.137820,0.953678,0.860766,0.781092,0.617421,0.487441,0.351854,0.194440,0.121581,
1.625451,1.517806,1.472847,1.233864,1.166235,1.143892,1.292235,1.274924,1.224017,1.260683,1.280919,1.066650,1.006569,1.016127,0.882669,0.759731,0.556652,0.542311,0.489385,0.272711,0.170935,
1.574942,2.729512,1.468859,1.439960,1.244200,1.272467,2.887917,1.293823,1.384023,1.340223,1.052146,1.157785,1.081987,0.928819,0.846237,0.719490,0.620047,0.493484,0.329142,0.192329,0.177473,
1.114643,3.151093,1.394718,1.437946,1.180196,1.254986,1.158731,1.332694,1.118169,1.743780,1.110652,1.107872,1.071048,0.901657,0.818206,0.777131,0.620164,0.500980,0.378866,0.218796,0.161323,
1.105886,1.667991,1.215166,1.112929,1.312942,1.117546,1.152571,1.133583,1.173451,1.200186,1.086671,1.121967,1.019053,0.965368,0.970225,0.896511,0.640071,0.531392,0.411774,0.308907,0.158981,
1.088101,1.418093,1.152782,1.177845,1.226548,1.029234,1.281340,1.159593,1.367626,1.152662,1.210490,1.023850,1.260102,1.006394,0.864420,0.894962,0.944199,0.509826,0.387756,0.316053,0.183714,
1.014936,1.462223,4.102298,1.235982,1.280335,1.256007,1.206012,1.152108,1.204681,1.185636,1.093012,1.131623,1.058429,1.128461,0.979645,0.859969,0.718310,0.659190,0.678564,0.283525,0.231538,
0.866527,1.039724,3.585212,1.143601,1.312751,1.168870,1.255451,1.175440,1.335530,1.181812,1.153212,1.160561,1.338519,1.109998,0.907888,0.848437,0.687240,0.507988,0.404680,0.265518,0.206176,
0.866815,1.272305,1.391276,1.349819,1.467921,1.304621,1.343834,1.280765,1.371314,1.197547,1.250996,1.240561,1.259884,1.278772,1.094033,1.102772,0.920565,0.653414,0.429958,0.288641,0.169171,
1.560179,1.301846,1.349811,1.317070,1.506059,1.568060,1.435941,1.307189,1.451249,1.628240,1.350264,2.580138,1.312073,1.495758,1.117642,1.625044,0.925943,0.793497,0.584983,0.591437,0.174603,
1.251036,1.136782,1.313404,1.284248,2.074493,2.061764,1.312257,1.522591,1.576221,2.209716,1.415972,1.398944,1.278376,1.172023,1.205963,1.185732,0.925771,0.904124,0.437334,0.398467,0.230280,
0.946318,1.944086,1.665436,1.383979,1.474821,2.424957,1.374023,1.770357,1.690939,2.776402,1.829150,1.450662,1.886650,1.571385,1.467335,1.438675,1.206804,0.746804,0.496183,0.355951,0.277396,
1.787158,2.267088,1.314591,1.753865,1.517281,3.540838,1.508374,1.637528,1.883026,2.193515,1.877525,1.584315,1.858333,1.387384,1.643509,1.184424,1.015389,0.913287,0.572062,0.397105,0.177658,
1.434912,1.589290,1.510936,2.447855,1.562497,1.529144,1.647772,1.714618,3.718708,1.776245,1.864360,1.884403,2.587195,1.951205,1.445453,1.189930,0.876574,0.657882,0.468268,0.357609,0.259627,
3.381054,2.049443,1.556440,1.401351,1.365493,1.485772,1.784076,1.970874,1.468699,1.646259,1.692948,2.275306,1.753126,1.499104,1.183635,1.194797,1.104562,0.843352,0.705766,0.249120,0.179641,
nan,1.359411,1.334826,nan,1.391037,nan,1.292129,1.216421,1.465164,1.472633,1.859293,1.725570,1.354166,1.555540,2.112891,1.282469,0.913544,0.800372,0.449195,0.220937,0.311409,
nan,1.246852,1.159701,1.704391,1.313850,1.516234,1.357032,1.285821,1.533097,1.201746,1.182018,0.857697,1.290020,1.028191,0.946078,0.805783,0.583727,0.273850,0.250068,0.209568,0.353144,
1.160873,1.756037,1.598042,1.476360,1.253355,1.318489,1.368780,1.208844,1.318074,1.268874,1.319542,1.069952,1.236061,1.040970,0.875232,0.792876,1.074986,0.473812,0.375702,0.218402,0.224120,
3.139160,1.418835,1.348945,1.354333,1.326861,1.243455,1.426514,1.331830,1.296753,1.151467,1.434002,1.138646,1.011651,1.084539,0.776527,0.788124,0.775686,0.438097,0.343169,0.207331,0.168025,
1.215263,2.634959,10.075209,1.443348,1.343157,1.299890,1.292429,1.272385,1.223661,1.217759,1.270041,1.274663,1.022089,0.961579,0.823827,0.843993,0.747333,0.462311,0.281657,0.240768,nan,
3.313570,7.934036,1.583541,1.469829,1.290110,1.270885,1.334437,1.373835,1.265924,1.121992,1.180591,1.295870,1.368747,0.945286,0.890769,0.799112,0.762132,0.484600,0.326418,0.257996,0.107308,
1.324875,14.164914,1.253880,1.152186,1.340387,1.273422,1.193317,1.302373,1.183843,1.193734,1.045506,1.087186,1.063952,0.931387,0.787456,0.720652,0.623114,0.799136,0.407373,0.256066,0.127982,
1.116670,18.491196,1.288342,1.180809,1.339138,1.127550,1.174680,1.184793,1.296259,1.213329,1.120039,1.136816,1.103670,1.006675,1.445058,0.927418,0.598631,0.499803,0.378633,0.242525,0.191223,
1.464391,2.597118,1.353303,1.149477,1.200067,1.097201,1.310385,1.114108,1.362280,1.079617,1.136593,1.183924,1.058568,0.835609,0.861470,0.859424,0.593771,0.499946,0.308963,0.263913,0.175281,
1.102487,1.373690,1.396046,1.183175,1.175492,1.208760,1.232367,1.091413,1.158087,1.218754,1.170127,1.106913,1.049576,1.231599,0.899590,0.988989,0.675246,0.588862,0.400162,0.223306,0.167435,
1.088084,2.266410,1.214109,1.331189,1.124450,1.225979,1.234674,1.054844,1.229413,1.103432,1.078654,1.064618,1.416346,1.040606,0.841688,0.811198,0.635487,0.637854,0.695183,0.214950,0.237939,
0.882629,1.288409,1.250758,1.305488,1.541921,1.278486,1.359158,1.113100,1.348487,1.109073,1.185027,1.195086,1.100253,1.257601,0.943149,0.885324,0.700380,0.569012,0.465880,0.263002,0.218931,
1.656416,2.339717,1.270616,1.386673,1.723064,1.316949,1.347980,1.376402,1.216680,1.304168,1.242855,3.756042,1.188291,1.091059,1.026473,0.956268,0.827318,0.828276,0.467472,0.293744,0.174948,
0.802296,1.968266,1.296437,1.583042,2.382304,1.378378,1.194668,1.490933,1.359085,1.612924,1.282181,1.286057,1.173195,1.219001,1.131227,1.445740,0.937271,0.838483,0.443654,0.611611,0.195160,
1.873667,1.697128,1.415505,1.430862,2.151815,1.610872,1.288362,1.373703,1.442431,1.762867,1.523996,1.251493,1.510743,1.424253,1.395111,1.515284,0.961118,0.822847,0.418689,0.394035,0.259352,
1.249261,1.830829,1.355085,1.433821,1.841246,1.351913,1.378356,1.672289,1.467649,1.600479,5.791249,1.335174,1.769712,1.489926,1.322519,1.134097,1.194879,0.788246,0.495818,0.361437,0.187700,
0.922458,2.995990,1.336791,1.314137,1.638620,1.741743,1.510089,1.363979,1.639897,1.734231,4.212536,1.481460,1.874320,1.754916,1.310556,1.049423,1.016884,0.723939,0.535315,0.411364,0.219136,
1.400454,1.649810,1.390000,1.447999,1.684888,1.380176,1.604314,1.674509,1.623594,3.064067,1.628926,1.506771,2.075673,1.426171,1.526845,1.380236,1.018085,0.712712,0.444396,0.309109,0.276538,
nan,1.709102,1.516620,1.417578,1.880888,1.533858,1.634247,1.901792,2.108576,1.467499,1.729875,1.606478,2.329117,1.496572,1.211568,1.379624,0.715445,0.849328,0.552518,0.463658,0.399140,
nan,1.489289,1.743652,nan,nan,1.529197,1.631212,nan,1.262524,1.451174,1.905210,1.182605,1.777702,1.729701,1.628827,2.214844,0.844890,3.072006,0.651406,0.122776,0.270525,
nan,1.234266,1.607541,1.795124,1.248569,1.407453,1.232114,1.318346,1.157260,1.364555,1.040474,1.049909,0.931701,1.638774,0.935805,1.128637,0.532144,0.429358,0.470261,0.182953,0.297145,
2.809988,1.301616,1.660803,1.320775,2.353681,1.418561,1.297573,1.451479,1.203874,1.151664,1.160888,2.105616,1.247974,0.878426,0.869790,0.915340,0.657449,0.546870,0.400255,0.192717,0.146257,
5.163486,1.964222,32.044216,1.377034,1.330538,1.610849,1.240520,1.196332,1.409164,1.241128,1.275703,1.127651,1.273292,1.041996,1.027172,0.856709,0.710875,0.503721,0.534208,0.273007,0.348543,
5.496349,6.873341,1.501389,1.355075,1.223149,1.304782,1.328798,1.239215,1.321813,1.195060,1.168298,1.149006,1.208856,0.915066,0.812409,0.900302,0.573027,0.463528,0.574351,0.242800,0.181563,
2.341974,10.676921,1.347787,1.314643,1.254008,1.390872,3.461988,1.326378,1.268265,1.201620,1.098161,1.165749,1.035633,0.958928,0.845204,0.772152,0.613456,0.487341,0.291557,0.209332,0.185148,
2.795677,6.102748,1.391076,1.211798,1.400709,1.212103,1.191156,1.431803,1.602999,1.673838,1.321972,1.270652,1.042611,1.023408,0.883885,0.755949,0.691576,0.555965,0.442650,0.177829,0.213955,
1.305147,7.171755,1.321569,1.144411,1.235059,1.113809,1.351738,1.165855,1.187597,1.112359,1.143070,1.104245,1.045913,0.832529,0.878000,0.698932,0.626522,0.475689,0.299318,0.206689,nan,
0.969073,22.849630,1.312470,1.209392,1.147222,1.104448,1.141568,1.136095,1.212800,1.151224,1.080786,1.018681,1.000794,1.350885,0.899682,0.736148,0.581615,0.533510,0.405733,0.251191,0.096300,
1.088579,30.490074,1.571905,1.344014,1.175690,1.217521,1.158721,1.094887,1.221807,1.030483,1.127964,1.048809,1.633590,0.941927,0.886765,0.834365,0.874911,0.588888,0.361398,0.273230,0.141482,
1.030989,1.576401,1.848448,1.467988,1.257690,1.173623,1.402509,1.220213,1.283223,1.071259,1.124853,1.065500,0.990368,1.145606,0.932110,0.834290,0.608083,0.531924,0.533739,0.229111,0.204149,
0.910531,1.510851,1.260092,1.433739,1.334213,1.260880,1.175196,1.262964,1.120804,1.176781,1.123044,7.197113,1.051324,1.184976,0.986361,0.780725,0.759385,0.512288,0.350889,0.264237,0.217825,
1.301876,1.163786,1.473655,1.436207,1.302132,1.288558,1.121708,1.193165,1.235216,1.244177,1.189541,1.107084,1.238808,1.132052,0.975843,1.031778,0.920846,0.883693,0.440429,0.286981,0.201532,
1.314662,5.759001,1.098946,1.375492,1.262016,1.506224,1.251296,1.268142,1.247740,1.467199,1.335869,1.317416,1.303114,1.244453,1.058669,1.574482,0.801847,1.062286,0.520219,0.866196,0.154726,
1.096830,1.431838,1.338530,1.426341,1.361298,1.791895,1.376181,1.356852,1.580622,1.481113,2.613898,1.263438,1.364850,1.297829,1.211532,1.415674,0.892511,0.863984,0.467930,0.365556,0.228637,
1.396464,1.202026,1.437811,1.720254,1.537749,1.698797,1.299250,1.490075,1.536347,1.607786,1.474590,1.623236,1.682822,1.429711,1.406499,1.002346,1.114869,0.833711,0.511502,0.366740,0.376230,
0.972975,1.149220,1.399782,1.588416,1.557657,1.669235,1.683936,1.557129,1.675245,1.633091,1.623740,1.539293,1.593154,1.646448,1.470564,1.064724,1.098852,0.764707,0.550739,0.337256,0.326227,
1.289038,1.341839,1.403102,1.494428,1.352668,1.388049,1.453467,1.453194,1.645470,1.659755,1.619796,1.462974,1.695971,1.760047,1.282356,1.605551,1.114613,0.794858,0.495849,0.314650,0.274251,
nan,1.152861,1.863140,1.270312,1.979044,1.423747,1.643100,1.566852,1.642179,1.687535,1.790963,1.402525,1.592704,2.086118,1.236607,1.184767,0.918356,1.859970,0.547812,0.409850,0.188375,
nan,nan,3.878842,2.116464,nan,nan,1.449568,1.576020,1.489440,1.333425,2.256733,1.650108,1.374159,0.976207,1.086086,0.936906,0.854778,0.438207,0.390839,0.366226,1.195183,
nan,1.316707,1.826631,1.278459,1.424730,1.139794,1.054436,1.383794,1.136328,1.259246,1.690362,1.267004,1.200385,1.021616,1.130674,0.643887,0.593267,0.319599,0.219169,0.174122,0.103324,
4.113208,1.271765,1.803219,1.417470,1.500706,1.267483,1.343140,1.500125,1.232635,1.146171,1.204605,1.175884,1.378693,1.060023,1.041083,0.777912,0.713228,0.510352,0.435001,0.193740,0.131815,
1.233137,2.566562,6.961728,1.486943,2.251296,1.511581,1.288619,1.251457,1.668478,1.244457,1.125048,1.425369,1.208188,1.036469,0.965766,0.775187,0.674185,0.513558,0.434642,0.232614,0.152366,
2.879888,8.380933,1.486515,1.406274,1.439193,1.272426,1.367071,1.422593,1.184205,1.230881,1.124457,1.197403,1.010404,1.091400,0.821146,0.858732,0.701200,0.609334,0.529694,0.344119,0.127782,
5.493862,4.639115,1.376894,1.264369,1.288897,1.324047,1.293843,1.346284,1.218008,1.269815,1.319463,1.085822,1.030017,1.036915,0.933183,0.685848,0.633868,0.652346,0.482056,0.264935,0.158833,
1.089829,5.665259,1.339720,1.209230,1.473683,1.282200,1.211442,1.242857,1.238432,1.110358,1.046030,1.108323,1.048401,0.902838,0.869150,0.727711,0.633599,0.467212,0.352284,0.216647,0.156167,
1.133867,6.224793,1.090666,1.261441,1.209563,1.093213,1.216231,1.182474,1.229768,1.127600,1.083071,1.241983,1.016727,0.998775,1.616449,0.949212,0.537489,0.495939,0.340737,0.236840,0.170573,
1.204975,12.904807,1.127776,1.089345,1.193390,1.197883,1.225242,1.154657,1.165865,1.106946,1.189746,1.025471,1.031852,0.922571,0.834733,0.813115,0.618860,0.470426,0.342160,0.267634,0.164161,
1.235293,2.575443,1.214466,1.087927,1.184582,1.222212,1.118894,1.403092,1.312946,1.115094,1.078307,0.992576,0.956727,1.061056,0.873179,0.839297,0.800609,0.549455,0.324530,0.320502,0.148887,
1.029578,52.508263,1.073888,1.118351,1.192034,1.192999,1.349412,1.121285,1.166474,1.144536,1.170364,1.098446,0.979776,1.052213,0.871384,0.777552,0.652015,0.499012,1.033000,0.244833,0.207820,
0.905818,1.691303,1.208635,1.156685,1.383833,1.238202,1.157251,1.191829,1.145557,1.136268,1.125410,8.599094,1.195098,1.072609,0.942685,0.881193,0.717316,0.545423,0.376388,0.269987,0.211626,
0.890816,1.196028,1.228175,1.200817,1.712504,1.455419,1.387089,1.343375,1.159083,1.430047,1.162315,1.217368,1.151302,1.092788,0.925589,0.836189,0.825951,0.910767,0.468824,0.319281,0.245941,
1.165248,1.545487,1.293696,1.214834,1.598078,1.511660,1.482383,1.472964,1.507328,1.349871,1.635436,1.278693,1.346900,1.237860,1.010870,1.421549,0.872647,1.063786,0.554597,1.445380,0.182610,
1.353804,2.135432,1.135918,1.364643,1.600509,1.847733,1.466844,1.490511,1.426451,1.457816,1.370305,1.412121,1.358135,1.268510,1.207689,0.989323,0.846432,0.622616,0.586829,0.336199,0.239838,
nan,1.439228,1.492966,2.065737,1.611416,2.017907,1.476730,1.520493,1.374363,1.638959,1.450808,1.550188,1.567782,1.495012,1.205926,1.112615,1.061352,0.695839,0.514934,0.374544,0.163326,
nan,1.621246,1.449823,1.366834,1.372497,2.450162,1.418363,1.616589,1.378891,1.400045,1.615455,1.479052,1.392772,1.488574,1.659885,1.659889,1.214706,0.707993,0.595437,0.342542,0.246293,
nan,1.740607,1.350682,1.760116,1.492285,1.590054,1.713883,1.603865,1.340104,3.701542,1.438976,1.678665,1.380358,1.484994,2.084657,1.280186,1.107323,0.687353,0.527112,0.370415,0.191993,
nan,1.757682,1.536112,1.693215,1.718077,1.329984,1.666061,1.292202,1.597247,1.580455,2.060379,1.414707,1.678229,1.744801,1.155341,1.523320,0.777580,1.370888,1.074404,0.264703,0.172497,
nan,2.998434,1.243933,2.278503,1.724335,1.594995,1.895194,1.319077,1.160738,1.946974,4.546223,1.365004,1.093945,1.035304,1.121587,0.773870,0.914492,0.752521,0.480287,0.476903,0.076028,
nan,1.218574,1.655132,1.365780,2.124386,1.477977,1.415269,2.053250,1.127154,1.213673,1.124696,0.993918,1.003935,1.463661,1.064059,0.868174,0.575514,0.384646,0.342630,0.395325,0.333176,
1.203807,2.348489,1.394277,1.552414,1.447857,1.363321,1.481561,1.350250,1.298221,1.685333,1.162623,1.252436,1.501081,0.970713,0.841903,0.685728,0.719575,0.611878,0.337823,0.270316,0.155782,
1.415355,5.815044,1.325797,1.538453,1.360859,1.488113,1.299956,1.277597,1.349449,1.220289,1.391868,1.234892,1.095273,0.965106,0.854939,0.705441,0.593597,0.526179,0.350181,0.273881,0.140596,
1.360286,4.122914,1.391933,1.291811,1.279718,1.316856,1.253535,1.423114,1.341866,1.252203,1.409166,1.104988,1.216944,0.890822,0.840409,0.753241,0.586436,0.511181,0.306494,0.203684,0.128715,
1.389672,1.257261,1.439894,1.233649,1.283283,1.225352,2.017246,1.409450,1.489095,1.143340,1.065380,1.472236,1.116806,1.000416,0.948309,0.773005,0.744965,0.475139,0.332882,0.268683,0.159148,
10.544841,1.176888,1.251097,1.278210,1.406244,1.191965,1.353653,1.272128,1.227751,1.364671,1.239697,1.019843,1.115601,0.947459,0.891976,0.729343,0.666285,0.572257,0.384370,0.222370,0.129385,
0.984475,1.300901,1.303532,1.144635,1.194663,1.300662,1.199020,1.240187,1.187585,1.121149,1.145908,1.131889,1.061556,0.869270,0.817151,0.766289,0.631040,0.479610,0.343602,0.203374,nan,
1.135825,1.229646,1.143890,1.137200,1.109799,1.173781,1.143478,1.646812,1.446284,1.114575,1.032509,1.031040,0.979502,1.073665,0.836847,0.720322,0.699810,0.569933,0.333584,0.238299,0.136652,
0.956866,14.377774,1.239301,1.167576,1.164281,1.127953,1.219363,1.180336,1.133778,1.039191,1.163010,1.055351,1.695627,1.221462,0.813456,0.728352,0.575896,0.614708,0.375730,0.186323,0.181344,
1.166616,8.371122,1.142723,1.234566,1.143376,1.131877,1.084203,1.141892,1.191180,1.089998,0.982148,2.998584,1.040830,1.290918,0.983115,0.781114,0.552257,0.531611,0.428529,0.202790,0.200497,
1.037597,84.902916,1.038271,1.179152,1.139575,1.240144,1.162596,1.235235,1.151233,1.281022,1.196094,1.063747,1.216017,0.954248,0.883794,0.819747,0.679942,0.572152,0.420827,0.236628,0.233341,
nan,1.895754,1.295716,1.256570,1.179126,1.322363,1.243534,1.244973,1.350442,1.140103,1.600357,1.158018,1.376618,1.283954,0.889533,1.320464,0.832953,0.675619,0.455566,0.250385,0.251425,
1.430223,1.159135,1.569789,1.425844,1.268649,1.432430,1.336225,1.496168,1.211280,1.416275,1.229593,1.324402,1.167218,1.156531,0.984478,1.551124,0.895612,0.676380,0.686649,0.264024,0.204021,
1.005490,5.295415,1.377462,1.474056,1.360049,1.484383,1.336672,1.532414,1.326707,1.761696,1.339913,1.382163,1.440079,1.314683,1.127875,1.097125,0.810243,0.763456,0.509070,0.288104,0.240933,
nan,1.408975,1.603981,1.360638,1.396162,1.448261,1.462142,1.430892,1.388294,2.853177,1.396708,1.274127,1.392845,1.490749,1.365135,1.507300,0.913693,0.773498,0.508854,0.329335,0.267788,
nan,2.152778,1.533065,1.339700,1.685619,2.271570,1.471121,1.456575,1.626585,4.204494,1.419682,1.832334,1.810885,1.475764,1.740429,1.478370,1.115547,0.710174,0.528527,0.376432,0.251576,
nan,1.891570,1.504382,1.498389,1.561754,1.765245,1.601203,1.455562,1.426954,1.459573,1.581492,2.707279,1.415868,1.381430,1.255998,1.081810,1.055900,0.655130,0.781981,0.369279,0.243559,
nan,1.458019,2.189265,1.464640,1.295940,1.479670,1.408803,1.647640,1.453363,1.352568,1.378498,1.654551,1.303791,1.321186,1.297304,1.098257,0.721258,0.880184,0.450495,0.422892,0.209687,
nan,nan,nan,nan,nan,1.703651,1.422414,1.190459,1.319152,5.249881,2.731151,1.111313,1.269393,1.198465,1.275826,1.047562,1.443199,0.573605,nan,0.249821,0.226526,
nan,2.872355,1.286950,1.119369,1.248228,1.070382,1.074420,1.116628,1.042063,nan,0.996259,1.031086,0.941058,1.245210,1.063750,0.731129,0.694889,0.772160,0.410164,0.196373,nan,
1.334923,1.500756,1.377069,1.357422,1.372213,1.235538,1.339839,1.674083,1.231388,1.455063,1.262125,1.137223,1.105265,0.960531,1.592423,0.842040,0.780137,0.445609,0.315887,0.236352,nan,
1.318038,6.789905,1.341492,1.463215,1.358397,1.412354,1.399470,1.303106,1.224455,1.300482,1.218355,1.113506,1.150690,1.007844,0.972912,0.734461,0.825618,0.527566,0.329086,0.192005,nan,
1.200555,1.309551,1.601052,1.369421,1.282745,1.469480,1.324540,1.276969,1.213163,1.142638,1.171402,1.153383,1.078434,0.921337,0.842656,0.836111,0.566381,0.489838,0.293524,0.261125,nan,
1.448336,1.449757,1.377635,1.270574,1.407498,1.290520,1.211047,1.480557,1.252065,1.237969,1.208802,1.090949,1.019027,0.919301,0.784358,0.705424,0.634910,0.438370,0.260829,0.236190,0.205355,
1.214130,1.431110,1.445868,1.119879,1.253506,1.180455,1.425667,1.166734,1.196939,1.225334,1.057902,1.124200,1.028332,1.006334,0.889545,0.703147,0.568809,0.479842,0.409656,0.209823,0.198667,
6.059672,1.183986,1.383194,1.168020,1.177777,1.192925,1.197614,1.212230,1.306654,1.125423,1.128379,1.068227,0.979957,1.065423,1.312528,0.797650,0.529957,0.442554,0.342603,0.223244,0.176862,
1.083020,1.262288,1.702608,1.222474,1.347212,1.205746,1.230775,1.253493,1.124107,1.139469,1.174154,1.015962,1.054541,0.997240,0.867877,0.831275,0.676089,0.479133,0.342287,0.328999,0.149109,
2.001331,1.203998,2.300777,1.066803,1.158117,1.187215,1.145906,1.125301,1.158194,1.063998,1.143623,1.091017,0.929174,2.790092,0.970706,0.895486,0.694519,0.517589,0.367568,0.277863,0.144150,
1.038160,10.515175,3.375835,1.059135,1.218640,1.171408,1.093265,1.149368,1.151086,1.180148,1.076224,1.144602,1.055041,1.150691,0.813224,0.794403,0.591070,0.457003,0.405564,0.510940,0.143651,
nan,16.268164,3.878219,1.085443,1.664538,1.307858,1.198527,1.380164,1.145940,1.141644,1.111307,1.145238,1.139793,1.173623,0.822665,0.784372,0.770528,0.490680,0.387816,0.228883,0.220116,
1.006237,160.441544,1.283741,2.747460,1.436515,1.246849,1.206957,1.547901,1.125126,1.619380,1.399993,1.202099,1.142999,1.171638,0.914384,1.022417,0.922814,0.746717,0.437711,0.263567,0.235687,
2.013178,1.198312,1.216284,3.789108,1.398175,1.429176,1.102983,1.544651,1.212643,1.470054,1.192818,1.376399,1.200654,1.203152,1.119078,1.118691,1.004510,0.903649,0.634896,1.147567,0.183471,
nan,1.270106,1.420611,1.411846,1.444057,1.530514,1.228209,1.303165,1.272779,1.769353,1.336276,1.182509,1.237262,1.533207,1.057832,1.368851,0.788082,0.718269,0.591998,0.289253,0.189812,
1.912505,2.445038,1.291063,1.271842,1.733199,1.618489,1.400048,1.471913,1.469289,1.473762,1.376390,1.596047,1.458355,1.333270,1.380853,1.391696,0.991027,0.688641,0.568597,0.290681,0.205773,
nan,1.323907,2.974323,1.353122,1.377031,1.806420,1.518280,1.589012,1.515659,1.415148,1.482361,1.911607,1.332256,1.301809,1.289987,0.985925,1.345127,0.679416,0.511497,0.339236,0.227658,
nan,1.251215,2.979653,1.534812,2.211011,1.529293,1.326927,1.497854,1.727042,1.608603,1.438068,1.512659,1.502882,1.260119,1.295864,1.004377,0.950254,0.621138,0.553804,0.355500,0.328418,
nan,1.794147,1.259858,3.194727,1.607819,2.478864,1.372962,1.307090,2.692763,1.983642,1.363095,1.429413,1.396832,1.287318,1.416922,1.110294,0.973475,0.978761,0.442553,0.357205,0.375582,
nan,nan,nan,nan,nan,0.938657,1.981386,1.479900,1.382852,1.466311,1.388743,2.183491,1.642485,0.976741,1.157832,1.062036,0.889039,1.075182,1.074705,0.295812,0.193455,
nan,1.276860,1.430439,1.431811,1.046278,1.506923,1.416793,1.157446,1.672996,1.750271,3.748718,1.071149,0.851685,1.135232,0.793715,0.666477,0.814752,0.602130,0.260250,0.239505,nan,
1.533058,1.347476,1.868027,1.323799,1.356117,1.484256,1.412412,1.387269,1.154318,1.244684,1.170633,1.106618,1.033504,1.112833,0.971454,0.741623,0.685170,0.630747,0.349799,0.169108,nan,
1.394609,3.915331,1.474866,1.353658,1.324403,1.281322,1.367002,1.216557,1.321264,1.298695,1.313360,1.322532,1.016245,1.050680,0.937729,0.727502,0.597735,0.390119,0.338131,0.168724,0.148215,
2.736269,2.114937,1.361134,1.272066,1.342984,1.308359,1.343963,1.253874,1.267121,1.235142,1.267973,1.187981,1.113886,0.892457,0.775135,0.766063,0.881385,0.438641,0.425718,0.359491,0.173594,
1.203158,1.814370,1.423836,1.185990,1.274672,1.325464,1.285427,1.298830,1.352260,1.246647,1.134033,1.105485,1.035618,0.946277,0.907570,0.907397,0.872523,0.506775,0.516001,0.284382,0.129737,
2.244577,1.322436,1.404779,1.233741,1.198470,1.250976,1.318373,1.307594,1.205171,1.157146,1.096380,1.122790,1.055151,0.850021,0.873951,0.712137,0.584682,0.596191,0.383674,0.249028,0.134334,
2.017266,1.205621,1.275742,1.428545,1.383312,1.217712,1.171574,1.173238,1.285899,1.183879,1.128699,1.158802,1.115662,0.932166,0.806369,0.801293,0.636549,0.503727,0.331773,0.186071,0.200177,
0.935783,1.070211,1.157559,1.121514,1.211265,1.226949,1.262421,1.142443,1.067461,1.102427,1.119351,0.990100,0.984785,1.032949,0.883809,0.723883,0.680336,0.538970,0.327482,0.229772,0.223326,
0.897260,1.442835,1.213754,1.216266,1.187119,1.122082,1.101196,1.119464,1.160935,1.138179,1.089830,1.123663,0.928132,1.000644,0.768135,0.866562,0.637555,0.525820,0.303732,0.243070,0.131767,
1.080283,1.142166,1.279873,1.212071,1.205185,1.375969,1.217494,1.644510,1.055841,1.094904,1.062236,1.624779,1.139107,1.020115,0.982776,0.792683,0.639266,0.497009,0.367879,0.442016,0.251495,
1.112566,2.980135,1.320924,1.316909,1.062622,1.137097,1.154732,1.167687,1.137139,1.209640,1.460567,1.465106,1.052235,1.065225,0.818757,0.756424,0.763105,0.533884,0.344925,0.219300,0.258230,
nan,11.961983,2.468808,1.283217,1.136091,1.300212,1.141415,1.424449,1.263792,1.704397,1.146038,1.190168,1.209107,1.146873,1.001152,0.803815,0.836613,0.762471,0.443344,0.272101,0.193622,
nan,533.615051,1.734854,1.217464,1.223682,1.361351,1.196031,1.360122,1.301875,1.651860,1.254918,1.235142,1.071817,1.309022,1.277077,0.945519,0.973155,0.744931,0.506549,0.588260,0.180057,
1.305632,1.415128,1.648141,2.964391,1.410206,1.294863,1.242186,1.372937,1.416832,1.303814,1.309759,1.550703,1.280641,1.391848,1.044873,1.265145,0.937928,0.617629,0.717700,0.267531,0.205896,
nan,2.222809,1.276289,1.635387,1.537798,1.534442,1.366068,1.348623,1.436526,1.320521,1.316609,1.791713,1.285382,1.223102,1.289543,1.192085,1.162188,0.656199,0.532743,0.339005,0.189025,
1.558910,2.705656,1.646176,1.516926,1.262665,1.665756,1.393700,1.382520,1.478855,1.578040,1.647831,1.607777,1.534469,1.141220,1.335522,0.960843,1.041214,0.926993,0.531341,0.408486,0.180204,
nan,1.402810,1.458040,1.455789,2.638720,1.783511,1.586782,1.618492,1.368365,1.792909,2.343231,1.817940,1.421649,1.285086,1.091977,1.017894,0.905358,0.659396,0.548675,0.339045,0.368112,
nan,1.563498,1.754346,2.086162,1.557735,1.776376,1.427204,1.508403,1.439429,1.326785,1.739596,1.517988,1.381818,1.414163,1.177012,1.273257,1.091166,0.725361,0.824198,0.360892,0.357790,
nan,nan,nan,1.724776,1.217650,1.811512,1.114581,1.085421,0.721188,1.917047,1.056360,1.634838,0.986915,1.428318,0.924086,1.370866,1.121079,0.708706,0.238749,0.377876,0.162686,
nan,1.370613,1.395956,1.448730,1.503867,1.338717,1.371621,1.180641,2.274925,1.401877,0.987387,1.176928,1.171576,0.901432,0.848876,0.795957,0.978254,0.580237,0.957090,0.299880,nan,
1.396806,1.683810,1.893101,1.467743,1.379840,1.339547,1.373775,1.370162,1.416788,1.317092,1.295682,0.986275,1.042613,0.875491,0.862401,0.973999,0.510639,0.486210,0.311100,0.299277,nan,
1.412080,1.331764,1.837359,1.429852,1.267667,2.003639,1.471988,1.445996,1.465408,1.172350,1.282262,1.217592,1.007509,1.051043,0.972823,0.759422,0.579333,0.440013,0.361395,0.309018,0.179838,
1.318176,1.390304,1.399863,1.271019,1.387691,1.287117,1.346944,1.346581,1.290043,1.267284,1.190100,1.148576,1.064891,0.950315,0.864923,0.863452,0.769952,0.601685,0.541021,0.444946,0.171754,
5.867397,1.285786,1.384549,1.313387,1.363198,1.243284,1.206454,1.402883,1.365796,1.272030,1.082057,1.140751,1.101092,1.064658,0.928256,0.771605,0.653928,0.463599,0.313282,0.232158,0.177761,
1.480832,1.521112,1.250939,1.566105,1.240684,1.206861,1.637518,1.289931,1.253721,1.264444,1.107196,1.053987,0.999030,1.091647,0.877838,0.675221,0.651539,0.456410,0.336593,0.205811,0.167373,
2.651437,1.265888,1.271382,1.195212,1.273999,1.184544,1.284130,1.185719,1.304704,1.177262,1.160301,1.002895,1.038576,0.902534,1.073775,0.739195,0.544244,0.425532,0.347443,0.236467,0.156954,
2.519555,1.136316,1.238127,1.222591,1.116104,1.171940,1.097524,1.085053,1.231843,1.205172,1.158479,1.013040,1.060320,2.567662,0.804307,0.873818,0.734248,0.483063,0.388246,0.289963,0.139410,
0.876257,1.138544,1.218713,1.198502,1.117995,1.395168,1.138547,1.230277,1.161659,1.084976,1.084411,1.469502,0.976039,0.972676,0.974742,0.786442,0.743598,0.486565,0.385558,0.220885,0.144675,
1.388046,1.546256,1.234243,1.254793,1.080672,1.166262,1.120798,2.425952,1.134666,1.094307,1.247383,1.092108,1.040619,1.296956,1.048194,0.790702,0.580089,0.489978,0.331763,0.221569,0.242394,
1.124847,6.341031,1.544629,1.250975,1.124506,1.249160,1.145189,1.210739,1.105298,1.124316,1.951845,2.113807,1.071395,1.025592,0.825752,0.765030,0.817118,0.538848,0.312148,0.217871,0.259418,
0.888414,10.668649,1.176420,1.209832,1.196792,1.194054,1.142208,1.263842,1.230732,1.428166,1.155179,1.072606,1.262154,1.110947,1.047112,0.833073,1.091295,0.743721,0.373055,0.262891,0.232935,
0.810689,1.173117,1.488991,1.313711,1.331204,1.370951,1.324542,1.300470,1.283609,1.352535,1.394466,1.237549,1.190150,1.285416,1.046767,0.861906,0.854513,0.752639,0.449961,0.457011,0.195467,
1.067046,3.105440,1.485130,1.326883,1.380428,1.431990,1.387458,1.517436,1.284493,1.449689,1.247566,1.826105,1.285196,1.207977,1.115065,1.225618,1.139085,0.651503,0.625293,0.293370,0.186687,
nan,1.196916,1.692433,1.391329,1.256830,1.366691,1.489736,1.770744,1.374873,1.440639,1.921656,2.216316,1.684714,1.155525,1.414338,0.993167,0.971807,0.814672,0.450303,0.314926,0.192366,
1.686923,2.832563,1.528610,1.449062,1.371731,1.302673,1.557612,1.971518,1.426648,1.494401,2.628269,2.163462,1.488111,1.185561,1.183229,0.958875,0.875854,0.947305,0.677316,0.415179,0.272856,
nan,2.101494,1.413453,1.402213,1.433884,1.835978,1.613277,1.696622,1.586660,1.730948,2.019272,1.332932,1.978540,1.341412,1.148514,1.171225,1.015455,0.712948,0.645156,0.306801,0.322377,
nan,1.660569,1.422039,1.571063,1.487995,1.598284,1.689806,2.143922,1.217314,1.345819,1.524078,1.342136,2.754416,1.234484,1.230609,1.295221,0.928331,0.778849,0.699398,0.449051,0.281559,
nan,nan,1.603078,1.386171,2.174338,nan,1.258381,1.536918,1.254928,1.268009,2.442978,1.012981,1.531217,0.978494,1.034281,1.037581,1.193491,0.662920,0.726439,0.464720,0.283014,
nan,1.136375,1.652397,1.672305,1.222878,1.743319,1.350949,1.307818,1.069487,1.038180,1.133989,1.092998,1.077974,1.183549,0.719251,0.922194,0.507073,1.661993,0.388168,0.170756,nan,
1.346584,1.424857,13.358177,1.377314,1.417177,1.353591,1.662274,1.363827,1.296772,1.208331,1.151443,1.116242,1.259546,0.853658,0.954042,0.675356,0.682851,0.448400,0.309182,0.216691,0.175425,
1.249888,1.906897,1.501876,1.361343,1.582062,1.271317,1.287530,1.288659,1.241504,1.203356,1.207615,1.099164,1.128919,0.996057,0.937826,0.747573,0.738480,0.520438,0.430178,0.248888,0.216418,
1.323261,1.238318,1.543464,1.336001,1.359928,1.647364,1.647432,1.476288,1.462537,1.280678,1.553315,1.048192,1.133310,0.978673,0.828639,0.824322,0.592604,0.586188,0.303316,0.220674,0.166503,
1.621862,1.243327,1.486666,1.186789,1.297149,1.319798,1.309742,1.175666,1.257768,1.252844,1.134795,1.451134,1.061035,0.953221,0.789673,0.687768,0.616398,0.475766,0.305152,0.273397,0.206556,
1.173769,1.223466,1.353339,1.240133,1.260523,1.363417,1.590589,1.202882,1.189251,1.122558,1.079350,1.124967,1.070303,0.917491,0.872227,0.684265,0.551936,0.477318,0.377503,0.266181,0.195327,
1.038941,1.279198,1.339546,1.227880,1.158426,1.218225,1.148658,1.143560,1.243189,1.136879,1.172709,1.059358,1.146303,0.892437,0.830713,0.735838,0.626333,0.496101,0.343822,0.195129,0.107321,
11.152128,1.306558,1.196037,1.126615,1.088301,1.294170,1.255176,1.166121,1.215543,1.089310,1.063908,0.986693,1.009580,0.998137,0.852169,0.799197,0.713302,0.469633,0.298149,0.225035,0.198004,
0.995584,1.081976,1.205541,1.095221,1.083478,1.281111,1.093895,1.561152,1.082890,1.160157,1.049434,1.082674,0.976785,1.029137,1.156142,0.795780,0.714208,0.486559,0.345117,0.265578,0.131668,
1.485190,1.132038,1.199496,1.127652,1.160135,1.090526,1.070329,1.138228,1.103882,1.033975,1.250619,1.044709,1.005988,1.151162,1.175297,0.745564,0.596756,0.495222,0.370692,0.294416,0.135243,
1.067083,1.405490,1.237571,1.142378,1.153368,1.176191,1.278838,1.179398,1.156755,1.213412,3.581404,1.024057,1.136337,1.049184,0.791014,0.747138,0.633958,0.612531,0.357722,0.230880,0.202038,
1.020052,3.776791,1.231544,1.168600,1.217330,1.282383,1.221404,1.362349,1.272068,1.336995,1.368883,1.073361,1.157018,1.178024,1.011023,0.791901,1.019497,0.660056,0.395771,0.301596,0.194121,
1.129025,29.063276,1.652848,1.234997,1.341381,1.293790,1.298723,1.515864,1.282552,1.296487,1.394058,1.439645,1.211378,1.113893,1.029578,0.846296,0.866697,0.816100,0.453367,0.308193,0.273144,
0.913948,2.105833,1.395456,1.257931,1.500729,1.470955,1.263693,1.476320,1.401967,1.360560,1.621070,1.688234,1.275632,1.073807,1.157071,1.190006,0.973023,0.620902,0.573382,0.353449,0.314447,
1.246755,6.636879,1.221325,1.262504,1.696493,1.486828,1.324685,1.362246,1.427372,1.939057,1.999711,1.691352,1.377145,1.236106,1.287746,1.025631,1.113080,0.908608,0.480153,0.259343,0.212778,
2.471235,1.340675,1.390760,2.287218,1.713419,1.347467,1.361121,1.448150,1.528171,1.720790,1.778523,1.417276,1.483715,1.209977,1.116979,1.037090,0.848383,0.881275,0.696235,0.480212,0.258051,
1.094790,1.278535,1.716444,1.273410,1.246226,1.538356,1.662824,1.506237,1.713638,1.456361,1.552167,1.685959,1.448227,1.407057,1.083079,1.162201,1.090503,0.742247,0.486462,0.311370,0.304124,
nan,1.476516,1.812433,1.340648,1.312500,1.179951,1.490583,1.603857,1.167022,1.719964,1.554168,1.505730,1.398422,1.287548,1.224631,1.112240,0.890891,0.974469,0.954035,0.410989,0.308589,
nan,nan,1.282875,nan,1.073591,1.612940,1.406180,0.992023,1.384014,1.486130,1.454849,1.324122,1.357833,1.153255,1.598572,0.984354,0.702406,0.756607,0.345187,0.319589,0.181368,
nan,1.243625,1.389704,1.409974,1.068297,1.339189,1.198710,1.711356,1.158232,1.126628,1.487080,1.202589,0.940063,1.284643,1.245500,0.545057,1.251541,0.323356,0.367059,0.148087,nan,
1.442701,2.207763,6.596748,1.331118,1.212029,1.439187,1.336356,1.269196,1.352309,1.359294,1.350962,1.188296,0.979703,0.871331,0.945455,0.866419,0.625708,0.459804,0.688464,0.261653,0.154445,
1.315557,1.348215,1.364035,1.469914,1.539171,1.288098,1.348066,1.265535,1.701940,1.218269,1.160599,1.205633,1.253006,1.084711,0.993976,0.774050,0.696773,0.511775,0.362547,0.233985,0.179161,
1.469055,1.371393,1.345787,1.295550,1.307791,1.296926,1.306769,1.307552,1.224208,1.256436,1.222189,1.160914,1.017144,0.879716,0.875401,0.769622,0.589919,0.485089,0.288794,0.209538,0.177191,
1.400086,1.412637,1.346095,1.539291,1.357748,1.253918,1.291437,1.301393,1.302794,1.338039,1.157857,1.092208,0.948350,0.955665,1.127374,0.796265,0.766862,0.480601,0.479203,0.241694,0.144366,
1.154544,1.270697,1.369063,1.318476,1.298425,1.206735,1.123767,1.249769,1.285647,1.173203,1.085562,1.057683,1.074731,0.986986,0.868230,0.676172,0.735404,0.531176,0.307193,0.359092,0.126965,
1.136448,1.209823,1.303195,1.222067,1.191444,1.261126,1.255811,1.125771,1.336385,1.146719,1.175222,1.072323,0.971209,0.930681,0.831261,0.700150,0.605501,0.467030,0.385088,0.224268,0.147662,
1.037075,1.172154,1.141583,1.149533,1.163869,1.380594,1.060989,1.255606,1.073623,1.266834,1.232210,1.049987,1.010949,1.621553,0.782269,0.821685,0.580793,0.458158,0.383336,0.220699,0.154308,
0.941268,1.598730,1.110193,1.139707,1.190112,1.127846,1.049234,1.118520,1.170006,1.156577,1.046832,1.302915,0.922909,1.069295,0.833295,0.777141,0.696831,0.479795,0.410985,0.242167,0.137414,
0.940687,1.075665,1.113073,1.106674,1.191619,1.171475,1.194390,1.172929,1.104932,1.127005,3.269771,1.668112,1.029368,0.943007,0.900685,0.717391,0.613932,0.585869,0.343888,0.294521,0.256443,
1.135402,1.195021,1.093822,1.124762,1.338715,1.172000,1.185667,1.523880,1.179800,1.167291,1.310206,1.050020,1.011648,1.024493,0.778480,0.766352,0.665877,0.545142,0.388300,0.248860,0.177199,
0.964745,5.584988,1.685207,1.144792,1.440421,1.190886,1.465989,1.760004,1.343206,1.264641,1.278681,1.065085,1.156796,1.117202,0.974124,0.814353,0.666238,0.562617,0.382987,0.209549,0.170498,
1.219993,1.167322,1.290349,1.180593,1.428663,1.233701,1.164379,1.357126,1.171749,1.237900,1.420955,1.324312,1.172873,1.067304,1.040953,0.867596,0.797504,0.910441,0.419783,0.279434,0.193935,
1.191955,1.278247,1.322719,1.442455,1.682568,1.229426,1.676316,1.373241,1.322210,1.362145,2.256894,1.809714,1.170275,1.290226,1.109760,1.139818,0.793605,0.617813,0.487510,0.426669,0.307876,
1.108935,1.347194,1.371565,1.616095,1.815950,1.351745,1.456501,1.418816,1.265766,1.762230,1.398416,1.421897,1.351250,1.130966,1.456690,1.005843,1.552294,0.993715,0.486076,0.282810,0.188009,
nan,1.283562,1.623968,1.267159,1.794217,1.517362,1.539427,1.493539,2.227885,1.835062,1.454783,1.349125,1.353547,1.253099,1.096213,1.101735,0.882220,0.804118,0.642314,0.428347,0.234621,
1.002742,3.276726,1.690949,1.335217,1.571748,1.335259,1.335409,1.185831,1.342696,1.750556,1.344927,1.340235,1.458387,1.268700,1.274256,1.026768,1.002545,0.744809,0.554960,0.403293,0.231887,
nan,3.013300,1.311693,1.375220,1.433782,1.206863,1.901899,1.706506,1.473379,1.552975,1.496045,1.489443,1.547330,1.309588,1.308121,1.134498,0.942774,1.033087,0.780647,0.493995,0.319012,
nan,0.980828,1.033957,nan,2.335971,1.762499,1.243871,1.707466,1.171560,1.045175,1.566963,1.488508,1.440877,1.086582,4.430713,1.107283,0.820464,0.985155,2.176311,0.257919,0.295376,
nan,1.481045,1.443907,1.185876,1.241387,1.547930,1.419448,1.406257,1.336907,1.177347,0.950027,1.396210,1.247318,1.517620,2.119973,0.595798,0.466447,0.382461,0.714920,0.148672,nan,
1.454382,1.480246,1.485135,1.379452,1.324578,1.290313,1.256803,1.383913,1.226535,2.607950,1.546875,1.080297,1.098681,0.880419,0.906879,0.985351,0.662535,0.503013,0.591786,0.204225,0.306260,
1.611563,1.339460,1.329185,1.319620,1.461633,1.455786,1.296346,1.230364,1.382136,1.158655,1.201959,1.269522,1.111153,0.929359,0.917398,0.987564,0.638792,0.512925,0.395723,0.201806,0.169874,
1.266441,1.434005,1.430179,1.275211,1.516363,1.265010,1.256565,1.238522,1.299102,1.275959,1.169664,1.321145,1.042055,0.918167,0.913581,0.703448,0.555531,0.475198,0.382555,0.307816,0.234010,
1.263982,1.334142,1.453757,1.358130,1.283689,1.206658,1.410407,1.313593,1.227240,1.196211,1.193641,1.121384,1.178381,0.939725,0.901348,0.746080,0.582779,0.480391,0.391179,0.235884,0.130452,
3.709541,1.366606,1.382202,1.414372,1.402808,1.335803,1.379142,1.245554,1.379246,1.329670,1.075827,1.222453,1.019863,1.033360,0.856487,0.723614,0.567521,0.471106,0.283991,0.244754,0.157356,
1.069123,1.271338,1.308552,1.201296,1.204565,1.351895,1.113793,1.131928,1.171489,1.145032,1.133874,1.081745,1.063110,0.908104,0.966831,0.694032,0.633879,0.508815,0.378489,0.253366,0.226719,
3.327009,1.101995,1.208848,1.172616,1.155733,1.305650,1.083037,1.259959,1.126348,1.136380,1.103090,0.990042,0.992406,0.949507,0.950214,0.749787,0.693280,0.465352,0.291206,0.215203,0.174269,
19.938869,1.132142,1.114500,1.076174,1.269767,1.173968,1.188486,1.163988,1.130793,1.126615,1.089051,1.124597,0.959832,1.120111,0.961065,0.717361,0.637537,0.511028,0.358107,0.264428,0.199868,
1.490044,1.314819,1.036016,1.032945,1.315985,1.074253,1.152626,1.130317,1.138338,1.112600,1.115871,1.355340,1.009032,0.985727,1.292830,0.736185,0.624112,0.537470,0.323554,0.207434,0.144789,
1.191651,1.193212,1.163033,1.059016,1.248326,1.118726,1.150735,2.717170,1.178321,1.175455,1.301885,1.137727,1.060802,0.969050,0.807753,0.771076,0.665986,0.499717,0.421737,0.294136,0.272050,
1.012236,1.171782,1.182127,1.044929,1.483695,1.260599,1.157306,1.319246,1.338365,1.321490,1.219838,1.183311,1.122118,1.300323,0.925955,0.760061,0.675087,0.561170,0.454358,0.209492,0.180451,
1.243180,1.893257,1.718606,1.082471,1.316844,1.230287,1.548638,1.320418,1.279637,1.302505,1.839285,1.415673,1.112119,1.070533,1.048428,0.825587,0.767479,0.635926,0.441614,0.343163,0.159189,
1.472094,1.347645,1.562004,1.263928,1.370974,1.276476,1.381189,1.425647,1.700949,1.487921,1.290194,2.081645,1.241140,1.188423,1.678008,1.041437,0.875186,0.627587,0.424745,0.451972,0.353964,
1.125344,1921.530518,1.437486,1.317628,1.339599,1.458001,2.216578,1.492651,1.901048,2.063014,1.298555,1.297189,1.313917,1.169742,1.043944,0.958353,1.556501,0.655826,0.444451,0.353037,0.252532,
1.821418,2.795063,1.518540,1.355632,1.722775,1.634963,1.408672,1.569428,1.488537,1.401434,1.205433,1.456593,1.405562,1.268962,1.198061,1.127083,0.931507,1.171034,0.602582,0.367530,0.192888,
0.935610,1.016406,1.234251,1.295028,2.453538,2.090433,1.361381,1.308009,1.469572,1.808344,1.353651,1.283536,1.595922,1.289320,1.349262,1.006940,1.050865,0.724040,0.576133,0.441606,0.275394,
nan,nan,1.550578,1.794762,1.754238,1.185257,1.315576,1.642413,1.449150,1.388477,1.568840,1.288756,1.415117,1.441646,1.487429,1.079207,0.888377,1.013447,0.917217,0.512196,0.353603,
nan,1.026545,nan,1.187042,1.448270,0.954083,nan,1.181157,1.180458,0.993777,1.178784,1.658980,1.268337,0.891623,1.211565,1.127930,0.920662,0.783569,0.412362,0.393444,0.205955,
nan,1.385928,1.420265,1.558733,1.478866,1.260327,1.229539,1.635958,1.085858,1.324659,1.053768,0.989416,1.104884,0.948463,0.653196,0.535464,0.520452,0.325610,0.269495,0.209699,nan,
1.456175,3.388671,1.528477,1.403430,1.343896,1.328210,1.344713,1.409158,1.303373,1.250481,1.180660,1.258862,1.136792,0.939024,1.030294,0.799595,0.588296,0.472303,0.358472,0.194670,0.174526,
3.990640,1.516022,1.486588,1.265082,1.421089,1.316771,1.477317,1.278692,1.293787,1.257873,1.249975,1.625961,1.125405,0.949316,0.937064,0.775234,0.682456,0.563901,0.338181,0.227050,0.108664,
1.805406,1.357408,1.279644,1.376635,1.337911,1.389079,1.351818,1.341514,1.228097,1.283384,1.236063,1.234747,1.172926,1.040296,0.819319,0.883150,0.752287,0.672265,0.460156,0.406087,0.202777,
1.393013,1.218289,1.504257,1.269523,1.462304,1.268903,1.383859,1.272156,1.254092,1.249984,1.113500,1.245738,1.037291,0.967367,0.811779,0.768855,0.601601,0.460250,0.311418,0.236314,0.197966,
2.751185,1.147463,1.323287,1.249282,1.238808,1.280219,1.310603,1.158535,1.326346,1.149645,1.112857,1.056698,1.022323,0.979021,0.788967,0.750899,0.677500,0.488058,0.391033,0.383848,0.156012,
2.405179,1.121026,1.125274,1.101838,1.284830,1.335803,1.210408,1.156540,1.359822,1.171099,1.136295,1.007355,1.009478,0.942738,0.874551,0.665389,0.786515,0.430999,0.309689,0.304678,0.167051,
1.139941,1.064325,1.105588,1.016066,1.280024,1.227272,1.139642,1.248649,1.060952,1.136698,1.317238,1.072547,1.000618,0.932039,0.796242,0.726586,0.684219,0.477073,0.351971,0.216719,0.107295,
1.026968,1.003818,1.093408,1.013037,1.302347,1.135788,1.137988,1.183724,1.315188,1.080733,1.067052,0.983213,0.931939,1.440569,1.038327,0.763558,0.615617,0.442242,0.493884,0.265710,0.180994,
7.877430,1.353985,1.090461,1.033404,1.229015,1.127640,1.134829,2.094390,1.049733,1.081898,1.545935,1.117488,0.971074,0.931316,1.778009,0.743612,0.600764,0.597237,0.351552,0.230342,0.123762,
1.556028,0.931625,1.007042,1.349259,1.110722,1.273850,1.202465,1.255323,1.337105,1.183061,1.528278,1.111342,1.026647,1.009070,0.867550,0.674518,0.615861,0.555129,0.343417,0.243386,0.193290,
0.980945,1.329384,1.244257,1.381417,1.230913,1.292081,1.427379,1.251400,1.215520,1.310449,1.267982,1.192416,1.119185,1.101794,0.901490,0.840270,0.646301,0.567976,0.356418,0.269393,0.165417,
1.191659,1.128874,1.290829,1.164352,1.439632,1.297204,1.874370,1.270169,1.435675,1.348597,1.309853,1.701795,1.096541,1.111998,1.068086,0.901187,0.731963,0.751038,0.461979,0.282636,0.188814,
1.428178,8.452926,1.564569,1.109906,1.443084,1.144591,1.692944,1.388317,1.360558,1.845279,1.310673,1.281517,1.311779,1.050476,1.336721,1.318478,0.909048,0.819735,0.446775,0.366584,0.192230,
1.062517,54.488552,1.305837,1.205217,1.453927,1.486554,1.768246,1.480680,1.505349,1.334020,1.249949,1.398175,1.371510,1.296976,1.023884,0.942171,1.175148,0.652086,0.484881,0.495942,0.305973,
1.094008,3.782858,1.572560,1.245416,1.225765,1.543949,3.454088,1.610846,1.515931,1.374458,1.333903,1.297955,1.576642,1.463809,1.294078,1.047305,0.969198,0.758117,0.791547,0.457998,0.285540,
1.177095,1.680316,1.612280,1.681922,1.483635,1.705859,1.477497,1.492445,1.413052,1.352674,1.355920,1.580396,1.488214,1.431010,1.169643,0.967452,1.173727,0.662525,0.617478,0.406086,0.246878,
nan,nan,1.643510,1.694756,1.555343,1.407411,1.949079,1.630459,1.403982,1.211103,1.228702,1.307906,1.560556,1.175735,1.333706,1.300459,0.951722,1.176816,0.805171,0.530328,0.506843,
nan,nan,nan,0.918183,nan,1.380915,1.096473,1.499766,9.980817,1.561279,1.623575,1.199895,1.227796,1.574308,1.344134,0.950695,0.913877,0.695349,0.553385,0.525159,0.512096,
nan,1.429309,1.613184,1.519210,1.988881,1.329466,1.323287,1.359313,1.269633,1.133463,0.901961,1.752548,0.726669,1.057309,0.915030,1.523733,1.708049,0.652435,0.451928,0.114212,nan,
1.891539,4.412100,1.486893,1.364572,1.438071,1.219528,1.303863,1.490340,1.230404,1.449067,1.175698,1.151117,1.149821,1.126287,0.904400,0.685943,0.703989,0.601105,0.552344,0.242595,0.282421,
1.119085,1.302088,1.561658,1.426981,1.333978,1.419287,1.359181,1.280774,1.434087,1.484138,1.182171,1.143048,1.055218,0.918232,1.210021,0.670127,0.612987,0.399302,0.319954,0.182783,0.245981,
1.104274,1.479177,1.384490,1.069408,1.351841,1.287863,1.353980,1.476656,1.316565,1.255349,1.804546,1.097544,1.049995,0.986552,0.939070,0.711184,0.601669,0.526474,0.393241,0.261355,0.159662,
1.051174,1.329700,1.283566,1.568539,1.315449,1.300254,1.188458,1.327672,1.296297,1.595563,1.169130,1.134569,1.012586,0.857802,0.874258,0.776004,0.603372,0.481389,0.413651,0.230490,0.151438,
1.293641,1.192106,1.271434,1.158361,1.249977,1.297407,1.221349,1.290826,1.406730,1.291581,1.013294,1.018811,1.163059,1.027692,1.204998,0.724779,0.617074,0.577246,0.295158,0.259984,0.171148,
2.656720,1.093264,1.214303,1.187349,1.174369,1.275737,1.123522,1.116859,1.131017,1.224401,1.053938,1.127950,0.973952,0.972418,0.817255,0.672616,0.562475,0.511628,0.399187,0.271844,0.148534,
1.187726,1.102099,1.235796,1.277458,1.201161,1.190198,1.154503,1.096961,1.129262,1.168330,1.134582,0.951691,1.065417,1.034006,0.816213,0.753140,0.567674,0.447546,0.365711,0.199013,0.140872,
0.890934,1.134640,1.316605,1.352692,1.137468,1.150710,1.157797,1.281005,1.305222,1.113202,1.176055,1.138198,0.956960,1.089299,0.845398,0.763683,0.629422,0.478892,0.340548,0.216847,0.171784,
1.094309,2.010604,1.105611,1.453133,1.208522,1.164557,1.253754,1.155568,1.290497,1.094915,1.746231,1.171725,0.975146,1.007310,0.785801,0.754065,0.624480,0.480256,0.508946,0.283301,0.154751,
1.579840,1.217312,1.198316,1.455318,1.293532,1.117439,1.431285,1.243744,1.258397,1.158967,1.109833,1.081735,1.059242,0.931844,0.925320,0.767189,0.585551,0.557027,0.404547,0.262168,0.143883,
1.376208,1.234312,1.124400,1.359793,1.328886,1.295448,1.518346,1.433415,1.398667,1.169958,1.186242,1.314008,1.211586,1.174274,0.882508,0.808518,0.633980,0.686145,0.447134,0.337831,0.204740,
1.056540,1.164014,1.288606,1.436213,1.472638,1.541834,1.390025,1.482386,1.278768,1.217675,1.242114,1.272607,1.139806,1.100310,1.061969,0.843406,0.709999,0.632312,0.458178,0.310091,0.173896,
1.045767,1.762689,1.294723,1.493391,1.565949,1.816671,1.505718,1.740205,1.504056,1.202787,1.251970,1.407173,1.324927,1.087195,1.166590,1.006802,0.953993,0.615260,0.526256,0.438629,0.235250,
1.353236,1.291584,1.555174,1.367629,1.367361,1.920979,1.787278,1.713848,1.700126,1.445338,1.267487,1.529443,1.424267,1.266399,1.070186,0.941034,0.966900,0.726748,0.472188,0.390910,0.315200,
1.137944,1840.773315,1.339033,1.364337,1.296775,1.418577,1.756103,1.830915,1.466662,1.677615,1.475779,1.596651,1.457091,1.156169,1.136524,0.991317,1.051955,0.731724,0.651209,0.395247,0.420810,
0.622842,1.508716,1.947489,1.108445,1.224334,1.539975,1.888622,1.597608,1.777421,1.557778,1.447426,1.589621,1.344444,1.331511,1.476196,1.023247,0.981827,0.621621,0.630927,0.458017,0.291547,
nan,1.660214,2.732225,1.898628,1.317162,1.584697,1.277791,2.957884,1.871832,1.728384,1.350743,1.413899,1.452374,1.595753,1.615020,1.044562,0.968526,0.987602,0.842987,0.442554,0.356353,
nan,nan,1.784150,1.441483,1.976229,nan,1.376509,1.840238,1.309729,1.081044,1.440348,1.425737,2.825626,1.512998,1.315206,1.045862,0.794900,0.646793,0.554072,0.631869,0.550145,
nan,1.479576,1.482814,1.641527,1.210504,1.254086,1.130254,1.240034,1.147924,1.375746,1.586230,1.103361,1.143020,0.836118,0.677924,0.688725,0.574234,0.476438,0.250691,0.186314,nan,
1.726973,1.523579,1.658647,1.604613,2.460339,1.340703,1.638333,1.578435,1.227783,1.211350,1.238274,1.118754,1.239110,1.085346,0.849987,0.734672,0.864481,0.576091,0.385132,0.386024,0.272944,
1.454425,1.931930,nan,1.323555,1.298785,1.771139,1.466976,1.448128,1.261068,1.343395,1.250804,1.211019,1.031091,0.954435,0.843557,0.862551,0.709829,0.581954,0.329459,0.257410,0.164737,
1.144344,1.428276,1.495501,1.278104,1.334016,3.271299,1.290936,1.287600,1.320863,1.138119,1.178969,1.175510,1.211981,0.852143,1.209452,0.651929,0.596245,0.520687,0.356957,0.200169,0.151064,
1.614453,1.363760,1.249366,1.193551,1.301707,1.282249,1.360878,1.341817,1.241101,1.170969,1.145042,1.144671,1.113372,1.005240,0.890918,0.765553,0.578963,0.641335,0.438199,0.321456,0.177670,
1.495482,1.321540,1.193798,1.153932,1.327883,1.274022,1.301377,1.144434,1.203174,1.160347,1.185950,1.323104,1.022058,0.907394,0.783691,0.745892,0.636813,0.458536,0.386858,0.236781,0.154591,
3.378177,1.084800,1.176394,1.192114,1.268589,1.302543,1.219160,1.182610,1.149928,1.116602,1.071580,0.972894,1.018566,0.978762,0.782956,0.685557,0.897138,0.438290,0.381134,0.325632,0.148644,
1.169676,1.118027,1.144390,1.191014,1.166819,1.192615,1.207647,1.370450,1.405473,1.135009,1.403541,1.119840,0.949489,0.959869,0.849614,0.702252,0.542935,0.495794,0.423054,0.474459,0.153864,
3.499331,1.164696,1.084368,1.437271,1.193598,1.037743,1.156761,1.488129,1.100027,1.069071,1.066233,1.078394,0.980219,0.997117,0.884728,0.746267,0.599711,0.512128,0.336979,0.222060,0.179487,
2.665001,1.271429,1.247742,2.039867,1.167127,1.154084,1.268912,1.390293,1.224768,1.099219,1.178580,1.115135,0.882053,1.029736,1.773304,0.703484,0.620398,0.494076,0.343340,0.287594,0.182205,
0.890619,2.303126,1.167171,2.194417,1.428176,1.167795,1.176049,1.441113,1.237215,1.131235,1.159472,1.162965,0.997528,0.957926,0.836310,0.825696,0.606052,0.573038,0.490949,0.314590,0.159568,
1.318657,1.557763,1.157772,2.827812,1.155389,1.247116,1.386505,1.355444,1.203132,1.151895,1.193934,1.229142,1.096034,1.184782,0.870527,0.814730,0.631548,0.728813,0.452145,0.349809,0.246758,
1.198053,1.424886,1.277475,1.929813,1.437531,1.258250,1.737924,1.322207,1.398396,1.180988,1.274803,1.266812,1.260391,1.116398,1.095159,0.909850,0.699067,0.574028,0.407388,0.317406,0.180735,
1.401292,1.533758,1.400260,1.403047,1.278254,1.319314,1.816994,1.245022,1.484127,1.403575,1.248766,1.436716,1.304622,1.156626,1.104011,0.977257,0.892320,0.754953,0.519559,0.686152,0.190446,
1.934063,5.646587,1.244324,1.532436,1.520371,1.297058,1.766862,1.352737,1.318326,1.516772,1.477173,1.406245,1.242861,1.115815,1.152281,0.938283,0.921482,0.839659,0.452007,0.401715,0.258216,
2.223947,1.824841,45.214447,1.323921,1.921722,1.217645,1.729371,1.833120,1.482619,1.300715,1.776827,1.638029,1.356936,1.622974,1.129762,0.979968,0.958597,0.719822,0.584129,0.448629,0.299432,
nan,1.933859,1.465831,1.514300,1.367837,2.050785,2.059397,1.814687,1.462446,1.372406,1.822311,1.470715,1.299092,3.510483,1.559640,1.119999,0.886691,0.741719,0.678830,0.483033,0.272560,
nan,1.884920,1.467376,2.220236,1.385523,1.315331,1.432473,1.650440,1.905056,1.489109,1.875215,2.053549,1.369311,1.359047,1.971445,1.943853,0.932462,0.787993,0.778710,0.570337,0.379978,
nan,1.507854,2.306616,1.219139,2.540303,4.482077,8.725456,1.307487,1.728661,1.328396,1.069288,1.304457,1.612370,1.537487,1.546548,0.927479,0.820565,0.872803,0.794882,0.451009,0.555983,
nan,1.311179,1.321314,1.114232,1.161435,1.458744,1.106191,1.360520,1.644900,1.245250,1.083416,1.276031,1.086845,0.832711,1.689928,0.681346,0.881868,0.315225,0.180840,0.135877,nan,
1.549646,1.548267,1.519067,1.391348,1.307636,1.350976,1.571573,1.228917,1.221268,1.261419,1.180977,1.114733,1.087948,1.113718,1.209505,0.734971,0.766054,0.499331,0.375017,0.409165,0.171046,
1.401266,1.395573,1.290199,1.445847,1.492295,1.290669,1.378145,1.308793,1.279034,1.239907,1.253620,1.204850,1.315054,0.899535,0.929252,0.959928,0.614073,0.483597,0.276729,0.250583,0.203384,
3.409352,1.182411,1.298945,1.384701,1.463410,1.290768,1.273183,1.172003,1.308735,1.288484,1.146094,1.148563,1.008411,0.933987,0.829919,0.767755,0.587556,0.453328,0.383023,0.228778,0.162057,
1.173582,2.660353,1.244709,1.208534,1.471900,1.291396,1.360269,1.478418,1.241363,1.236397,1.199587,1.127281,1.078174,0.937303,0.796207,0.832939,0.660413,0.566504,0.293163,0.263220,0.172588,
1.183066,2.779190,1.310767,1.229211,1.321702,1.258862,1.191515,1.330777,1.379889,1.535637,1.076122,1.100563,1.253903,0.952417,0.984283,0.739844,0.598916,0.495966,0.421073,0.246923,0.158488,
1.134331,2.961344,1.250159,1.402701,1.172976,1.196173,1.201183,1.165988,1.215167,1.130155,1.133321,1.064604,0.984353,0.931536,0.834642,0.678393,0.653040,0.646994,0.372237,0.230697,0.144795,
4.275626,2.818279,1.266821,1.541570,1.206804,1.208820,1.288381,1.249645,1.158435,1.117370,1.211409,0.977074,0.959839,0.993688,0.824572,0.749495,0.546255,0.477761,0.358572,0.262806,0.165769,
1.237788,2.315084,1.513655,1.461224,1.148614,1.129999,1.197303,1.229800,1.251992,1.100015,1.279108,1.018043,0.940217,1.120086,0.759270,0.736342,0.573326,0.500449,0.418078,0.436239,0.166025,
1.267391,1.164186,1.645759,1.211870,1.159951,1.167529,1.113170,1.207199,1.260261,1.098767,1.275510,1.098056,0.902067,1.007167,1.047800,0.819759,0.598237,0.533978,0.402697,0.288515,0.189581,
1.066062,2.865298,1.773690,1.249391,1.199295,1.121846,1.474576,1.274948,1.227718,1.148438,1.088958,1.086836,1.062230,1.025766,2.112968,0.776913,0.655535,0.532612,0.328236,0.261900,0.234164,
1.178025,1.162386,1.290740,1.263234,1.140081,1.183194,1.438437,1.308722,1.255334,1.091638,1.189395,1.385459,1.120736,1.180759,0.887659,0.887250,0.645279,0.621911,0.414544,0.394432,0.177244,
1.041219,1.095398,1.312904,1.160551,1.347732,1.292233,1.375962,1.284657,1.236321,1.446011,1.230634,1.303156,1.333526,1.135541,0.959042,0.939153,0.693495,0.627288,0.373629,0.388266,0.230905,
1.221060,1.184330,1.354745,1.430166,1.412042,1.408432,1.390047,1.446987,1.253290,1.986098,1.355887,1.333230,1.242760,1.072296,1.256375,0.933087,0.876420,0.708142,0.500754,0.300700,0.260940,
1.198964,6.689823,1.536945,1.456422,1.681487,1.571135,1.488880,1.329559,1.405091,1.461181,1.613902,1.526472,1.287132,1.118833,1.116382,0.951983,0.856617,0.901834,0.521673,0.785697,0.213668,
nan,2.005933,1.454424,1.384533,1.443306,1.391942,1.725763,1.499715,1.698395,1.472589,1.545461,1.734473,1.391257,1.974894,1.329594,1.083433,0.923016,0.781577,0.592207,0.482639,0.583223,
1.102625,1.428035,1.634904,1.445182,1.317768,1.407088,1.462647,1.378200,1.532408,1.343038,1.391893,1.601659,1.270249,1.540554,2.649180,1.116747,0.881885,0.815893,0.622681,0.468946,0.329312,
1.389752,1.065633,4.684100,1.203976,1.537612,1.301693,1.422743,2.206980,1.398760,1.406541,1.604143,1.539898,1.938288,2.455297,1.314426,1.342027,0.988223,0.833817,0.698474,0.543804,0.435950,
nan,2.215936,nan,1.376065,nan,1.659331,1.843839,1.158068,0.950531,1.170382,1.225081,1.686648,1.581461,1.353030,1.591778,1.150885,0.878363,0.852702,0.831900,0.937549,0.532767,
nan,1.582331,1.358100,1.211564,1.293548,1.332309,1.099425,3.332845,1.162957,1.244544,1.058320,1.141807,1.909432,1.049519,0.910090,0.999260,0.528030,0.514875,0.233671,0.132753,nan,
6.814054,1.545681,1.479798,1.478331,1.772558,1.371461,1.267355,1.274974,1.234130,1.163193,1.296228,1.120335,1.011807,1.033698,0.835400,0.759961,0.694623,0.575668,0.309198,0.413751,0.086145,
1.688720,1.613930,1.387570,1.413221,1.675998,1.397063,1.465635,1.332254,1.467424,1.242825,1.223566,1.112803,1.116346,0.925836,0.898115,0.796828,0.594876,0.524603,0.331509,0.269434,0.218684,
1.477980,2.709434,1.263648,1.366853,1.250115,1.336027,1.300575,1.312966,1.318985,1.134138,1.200092,1.111957,1.008919,0.960012,0.911753,0.716678,0.623716,0.611267,0.315053,0.260477,0.199687,
1.171821,3.764958,1.423624,1.228619,2.091888,1.323815,1.369791,1.302858,1.238269,1.272166,1.498663,1.071682,1.142882,0.884619,1.056612,0.675430,0.621040,0.427771,0.418116,0.343646,0.188112,
1.197861,3.697122,1.684728,1.305259,1.212027,1.289274,1.344477,1.194078,1.195463,1.213663,1.135701,1.241555,1.071054,0.966764,0.791677,0.750492,0.594124,0.821681,0.351657,0.230950,0.135181,
1.584633,1.260637,2.466089,1.345575,1.333013,1.250461,0.922520,1.242181,1.127974,1.130756,1.120273,1.146482,1.030773,0.980454,0.814239,0.743707,0.695807,0.538099,0.397433,0.234174,0.178594,
3.207500,1.171282,2.359156,1.263386,1.243263,1.158117,1.167824,1.238346,1.164462,1.122107,1.102620,1.035088,0.981145,0.922599,0.844162,0.705076,0.693043,0.453226,0.476940,0.269607,0.128773,
3.505025,1.150806,2.308614,1.213950,1.135674,1.124312,1.151023,1.175775,1.124452,1.092555,1.326061,1.096605,0.933208,1.016925,0.812915,0.713749,0.527672,0.543837,0.329571,0.253552,0.169308,
1.205697,1.042360,2.699643,1.222090,1.160111,1.092959,1.296618,1.197174,1.188159,1.094749,1.201171,1.067933,0.946726,1.025881,1.054809,0.777714,0.569429,0.584555,0.415645,0.274762,0.191104,
1.171261,2.099676,1.866352,1.348330,1.158106,1.794500,1.283992,1.308707,1.199719,1.118708,1.170521,1.407017,1.089523,0.950010,2.977719,0.739780,0.682828,0.516656,0.420841,0.298157,0.225706,
0.927624,2.506557,2.774283,1.353152,1.194197,2.421381,1.354404,1.211134,1.211435,1.303036,1.198672,1.131273,1.125423,1.179220,0.904019,0.827547,0.647338,0.585221,0.422412,0.321786,0.213460,
0.999327,3.410898,1.415410,1.421710,1.240967,2.083453,1.503819,1.328904,1.313554,1.494988,1.239242,1.291515,1.240031,1.154606,0.929480,0.888835,0.850403,0.628645,0.395377,0.321760,0.481942,
1.278133,1.053062,1.580633,1.371641,1.335747,2.062097,1.966970,1.345086,1.572268,1.338494,1.460053,1.318889,1.220918,1.056118,1.339797,0.978409,0.813400,0.614778,0.492276,0.287282,0.194705,
76.133919,1.157487,1.515538,1.400782,1.362476,1.568964,2.073708,1.362100,1.498402,1.450910,1.429561,1.801033,1.299456,1.755382,1.119712,1.001193,0.897899,0.899471,0.566531,0.432964,0.325488,
1.021108,1.481597,1.396094,1.441327,1.335803,1.476597,2.897885,1.414996,1.620932,1.504553,1.397781,1.602995,1.306366,1.479226,1.724773,1.060928,0.929426,0.870319,0.635880,0.542051,0.752029,
nan,1.486374,1.175843,1.438204,1.803419,1.956409,2.076410,2.735175,1.383900,1.331880,1.404293,1.677143,1.483490,1.551407,1.490804,1.174980,0.985518,0.808558,0.693705,0.411681,0.616417,
0.938351,1.176054,7.627848,1.519760,1.525082,1.500039,1.432336,1.549428,1.575952,2.022392,1.302945,1.515204,1.631304,1.887994,1.355092,1.317453,1.028499,0.973151,0.654888,0.593543,0.401415,
nan,1.171793,0.801592,1.063816,1.165507,0.869955,2.079694,1.068458,1.985304,1.285734,1.512404,1.718019,1.338491,1.255552,1.740426,0.903962,1.819764,0.861179,0.725749,0.728419,0.358187,
nan,1.448147,1.332788,1.397368,1.476772,1.365726,1.200904,1.390586,1.546952,1.156708,2.000047,0.877938,1.517519,0.837758,0.707425,0.653602,0.665351,0.467247,0.242898,0.166859,nan,
1.606394,3.108799,4.980971,1.523494,1.387455,1.466202,1.310982,1.378935,1.306100,1.224378,1.122964,1.082930,1.071479,0.977486,0.808797,0.781878,0.630693,0.539249,0.335003,0.370942,0.177095,
5.289461,1.341744,1.429688,1.342907,1.415667,1.347627,1.335464,1.293802,1.329706,1.933957,1.177291,1.667767,1.124215,0.901935,1.154273,0.737629,0.781544,0.485825,0.876872,0.226896,0.208092,
7.907005,5.201716,1.385043,nan,1.413402,1.635482,1.406195,1.315883,1.508654,1.188630,1.180726,1.199131,1.115019,0.962539,0.922299,0.794370,0.667818,0.656471,0.352566,0.200548,0.180832,
5.423296,3.438956,1.464163,1.301126,1.309479,1.353411,1.273973,1.441497,1.207562,1.144103,1.155332,1.257255,1.055404,0.946145,0.928769,0.768864,0.615866,0.464865,0.342714,0.231545,0.201013,
1.303717,3.445996,1.331296,1.330881,1.142403,nan,1.321194,1.260067,1.359316,1.248730,1.118409,1.185465,1.051159,0.810232,0.814255,0.758624,0.595901,0.517364,0.352571,0.240520,0.329441,
0.821248,3.774925,1.567515,1.221048,1.365962,1.243462,1.221347,1.202448,1.280117,1.239928,1.077538,1.067548,1.081888,0.956546,0.838479,0.713867,0.622222,0.576210,0.339136,0.211376,0.141412,
1.071184,3.734673,1.373498,1.208497,1.146477,1.191564,1.171126,1.225949,1.168279,1.102234,1.146906,0.967662,1.044234,0.922055,0.822625,0.717466,0.675561,0.495385,0.391564,0.251938,0.214270,
3.195488,1.688164,2.129461,1.041005,1.109420,1.150113,1.217726,1.130428,1.276410,1.104300,1.106876,1.011149,0.958402,0.904785,0.853548,0.731522,0.600810,0.470454,0.427149,0.277146,0.129720,
4.041266,1.066533,1.698094,1.031887,1.112104,1.413071,1.269970,1.213603,1.163230,1.108559,1.110353,1.141494,0.915329,1.094187,0.880309,0.706986,0.571740,0.566155,0.421558,0.270587,0.157912,
1.535941,1.043570,1.330342,1.141055,1.218344,1.252775,1.223647,1.192802,1.181073,0.994872,1.068986,1.223197,1.044641,0.961638,0.952321,0.817479,0.585249,0.697182,0.486057,0.257835,0.158304,
1.188928,1.199448,2.622213,1.193271,1.136646,1.241696,1.261814,1.249011,1.169789,1.381094,1.156471,1.131315,1.143355,1.168438,3.436509,0.758928,0.752399,0.577554,0.442136,0.301171,0.218313,
0.915255,1.284154,3.440770,1.379771,1.248873,1.275810,1.268266,1.407192,1.216216,1.252079,2.301881,1.427251,1.139580,1.088839,0.985856,0.852091,0.749239,0.613232,0.463262,0.360797,0.234865,
2.186561,1.449773,3.432080,1.696097,1.299173,1.378868,1.198268,1.443294,1.326012,1.290397,1.996139,1.479131,1.224793,1.139999,1.181591,1.020887,0.928018,0.653061,0.440821,0.355402,0.365076,
3.734412,1.315277,2.895449,1.463380,1.342508,1.405153,1.322103,1.480390,1.459398,1.297943,1.425407,1.469629,1.367003,1.535697,1.238635,1.014655,0.879989,0.775019,0.545091,0.318706,0.248341,
1.245643,1.661353,3.898206,1.450976,1.301813,1.414950,1.478653,1.724756,1.363120,1.275713,1.603527,1.297640,1.232049,1.567724,1.284310,1.064962,1.100310,1.062379,0.690163,0.498103,0.350867,
1.656715,2.233025,1.505309,1.278831,1.422194,1.267798,1.519383,1.489498,1.636080,1.541502,1.641256,1.357797,1.292552,1.275929,1.304316,1.159773,0.943370,0.892291,0.661281,0.482954,0.464429,
1.910102,2.939528,2.489058,1.541779,1.399410,1.463898,1.600048,1.305019,1.313587,1.200269,1.259034,1.410825,1.186891,1.423938,1.282320,1.197579,1.194823,1.058995,0.678306,0.582487,0.450752,
nan,nan,nan,1.130760,1.523224,4.185058,0.983901,3.080167,1.399849,1.176860,1.097991,0.973601,1.396837,1.015788,1.456645,0.966765,1.221292,1.759193,0.694627,1.075752,0.711089,
nan,1.418287,1.241279,1.540590,1.149258,2.201671,1.049883,1.307552,1.208320,1.020449,1.238298,1.154862,1.449427,0.966829,1.001527,0.976215,0.672709,0.412377,0.824724,0.160057,nan,
1.443854,1.204854,1.772670,1.340830,1.461816,1.333988,1.416644,1.391352,1.274466,1.305897,1.160074,1.263565,0.985476,1.052424,0.883982,0.892467,0.662950,1.385682,0.439223,0.306981,0.254953,
1.069723,2.731738,1.789251,1.506151,1.322463,1.381000,1.361664,1.413180,1.201825,1.320562,1.246000,1.114392,1.097999,1.042382,0.865605,0.778700,0.615845,0.513613,0.393637,0.336280,0.235115,
4.285420,1.783897,1.513170,1.370924,1.280150,1.451600,1.318883,1.239306,1.274666,1.274553,1.248139,1.152281,1.065481,1.329490,0.832861,0.915911,0.587859,0.532915,0.308830,0.223905,0.335763,
5.358224,1.651005,1.665990,1.330811,1.386916,1.308377,1.271896,1.230644,1.188131,1.180737,1.187422,1.080984,1.104104,0.968269,0.923544,0.671378,0.577375,0.614395,0.395239,0.239505,0.167902,
1.219334,1.575193,2.006701,1.201029,1.506939,1.291485,1.304900,1.355733,1.257509,1.245683,1.255533,1.065616,1.043019,0.868779,0.903935,0.673502,0.681626,0.445434,0.372572,0.281747,0.135230,
1.301811,1.473062,1.689015,1.170642,1.187568,1.266050,nan,1.227836,1.120046,1.109648,1.091477,1.115350,0.972567,0.862397,0.764986,0.834790,0.567912,0.914199,0.451781,0.220496,0.445041,
2.613560,1.113594,1.486423,1.098961,1.125029,1.184604,1.219792,1.162490,1.155173,1.156317,1.096332,1.096779,0.984957,0.962721,0.851077,0.742955,0.567687,0.589921,0.398453,0.210854,0.273844,
1.035343,2.079304,1.191312,1.184739,1.283704,1.263075,1.209532,1.120320,1.189967,1.028618,1.094297,1.009549,1.000360,0.927464,0.828319,0.692315,0.691519,0.463021,0.355388,0.243536,0.160716,
1.670523,1.779916,1.360487,1.306170,1.466519,1.157994,1.145836,1.144460,1.142334,1.368099,1.334376,1.081975,0.973556,1.003490,0.944393,0.783751,0.654699,0.500443,0.393847,0.306502,0.153776,
1.033529,1.412786,1.965258,1.118257,1.255212,1.325169,1.188054,1.156338,1.166531,1.183540,1.172319,1.148257,1.100510,0.964637,1.109408,0.793422,0.576725,0.747244,0.407839,0.314062,0.141014,
1.041259,1.343455,2.054251,1.228390,1.175426,1.482433,1.369032,1.205634,1.270747,1.255340,1.261639,1.177456,1.170354,1.203432,1.107609,0.846933,0.672993,0.522807,0.475475,0.273248,0.168541,
3.053142,1.751589,1.658833,1.297737,1.139638,1.509999,1.528927,1.328988,1.296577,1.242082,1.861034,1.464481,1.114513,1.222403,1.032029,0.908221,0.795561,0.605403,0.460851,0.411633,0.228516,
0.898665,3.760842,2.827225,1.576167,1.190997,1.496693,1.283602,1.326068,1.269722,1.293536,1.381325,1.468811,1.265332,1.139000,1.161274,1.068293,0.956532,0.615364,0.542410,0.343896,0.350152,
1.136913,1.424534,3.326002,2.142809,1.322144,1.469742,1.342611,1.531855,1.444831,1.377676,1.372482,1.247372,1.310267,1.431659,1.193262,1.007361,1.201361,0.751359,0.517003,0.342385,0.267356,
1.158753,1.368570,2.886523,3.578879,1.322076,1.513209,1.602829,1.518565,1.457631,1.324425,1.725700,1.556052,1.233231,1.361779,1.237207,1.140144,1.065791,1.001663,0.631198,0.392422,0.447781,
1.678344,1.188148,5.396121,1.881670,1.313886,1.385660,1.432400,1.378492,1.512649,1.566085,1.580546,1.493060,2.158888,1.271337,1.506393,1.270345,1.103504,1.091793,0.793124,0.616557,0.374682,
1.705609,0.942471,1.309910,737.824829,1.514757,1.284465,1.577012,1.776044,1.295892,1.339122,1.395123,1.260944,1.711494,1.314226,1.572154,1.481584,1.069261,1.173650,0.820201,0.575019,0.462287,
nan,nan,nan,1.596639,2.224156,1.401059,1.355729,1.382254,1.661310,1.134971,1.189245,1.583714,2.068743,1.066380,1.147800,1.101941,1.155920,0.723879,0.685460,0.678678,1.129469,
nan,1.237206,1.277145,1.232961,1.311910,1.224576,1.965097,1.365405,1.193477,1.157897,1.313190,1.660646,1.420682,0.918274,0.554853,0.616431,0.942648,0.501100,0.295657,0.347763,nan,
1.634495,2.509761,1.536820,1.282823,1.336972,1.337466,1.325627,1.356142,1.165734,1.323047,1.300351,1.036284,1.070278,1.002781,0.917601,0.658442,1.847748,0.591821,0.356765,2.073901,0.324262,
5.680249,4.404140,1.598995,1.396766,1.351032,1.269929,1.417171,1.382654,1.299900,1.316423,1.156527,1.129898,0.983104,1.240536,0.943121,0.687847,0.733843,0.561076,0.375990,0.250227,0.255806,
5.693161,1.502047,1.384919,1.356987,1.408948,1.347857,1.359312,1.277657,1.348414,1.308546,1.173085,1.284054,1.042856,0.901280,1.015209,0.774228,0.611956,0.495776,1.092150,0.291562,0.204307,
7.566903,1.309604,1.940828,1.251741,nan,1.294452,1.306569,1.268937,1.437482,1.154743,1.226276,1.195473,1.166225,0.946601,0.814195,0.897725,0.605049,0.521546,0.341226,0.198730,0.311457,
6.700709,1.556867,1.744781,1.258642,1.259753,1.267001,1.331615,1.456958,1.230213,1.183942,1.116154,1.216894,1.048218,0.985014,0.891261,0.713372,0.579917,0.537154,0.389772,0.222630,0.151796,
1.229938,2.186881,1.329567,1.376873,1.153831,1.247259,1.214990,1.205099,1.273867,1.251390,1.130687,1.020931,0.995338,0.830981,0.849430,0.693865,0.660577,0.469509,0.338262,0.266399,0.151855,
1.062243,1.693373,1.397279,1.411536,1.321000,1.205954,1.185056,1.209860,1.134022,1.156420,1.088687,1.070025,0.970705,0.873837,0.815910,0.847705,0.578385,0.583193,0.501759,0.251998,0.303270,
1.166448,2.147299,1.583930,1.246806,1.305274,1.162452,1.193484,1.196834,1.433155,1.079254,1.158074,1.023795,0.994742,0.966492,0.847799,0.738026,0.557300,0.695439,0.429608,0.213542,0.368785,
2.686391,1.231702,1.806347,1.483018,1.213675,1.229690,1.145436,1.125705,1.132725,1.093333,1.389757,1.156372,1.028209,1.009587,0.932618,0.693351,0.668274,0.472909,0.370655,0.249064,0.220348,
1.052060,1.576553,1.733993,1.364916,1.175502,1.152196,1.202994,1.156077,1.215254,1.243523,1.175750,1.174172,0.981282,1.043844,1.194245,0.789057,0.646993,0.558145,0.421519,0.259152,0.191777,
1.317013,2.167366,1.212411,1.695175,1.262799,1.221873,1.243447,1.264450,1.201928,1.200904,1.356255,1.152389,1.284170,1.261777,4.762535,0.976278,0.693157,0.547302,0.477051,0.305229,0.293688,
1.196871,2.457027,2.406405,1.415574,1.503198,1.273312,1.375432,1.364590,1.309628,1.178677,1.346006,1.428867,1.046102,1.178053,1.019841,0.920698,0.825585,0.587312,0.560630,0.331127,0.197461,
1.000321,1.767626,3.012581,1.543729,1.914411,1.281944,1.329574,1.475387,1.505786,1.435735,1.268648,1.545780,1.242274,1.185398,1.111895,1.055817,0.852449,0.666561,0.533664,0.450896,0.212105,
1.751201,3.513841,1.645533,1.567199,1.389552,1.769336,1.342523,1.342047,1.343979,1.498204,1.476849,1.627687,1.348415,1.403380,1.209549,1.020004,1.061798,0.713398,0.578747,0.451288,0.328436,
1.895367,1.202545,1.996614,1.910961,1.378734,1.574041,1.619171,1.585111,1.515096,1.444519,1.483422,1.999915,1.857903,1.376657,1.346950,1.149640,1.184934,0.877277,0.699782,0.430169,0.343543,
1.180882,2.227036,1.284360,3.589881,2.074909,1.771434,1.416847,1.386154,1.577683,1.438427,1.976136,1.510689,2.416587,1.447881,1.654211,1.251113,1.001976,0.944527,1.474533,0.542702,0.326380,
nan,1.284696,1.430870,1.340759,4.438456,1.315710,1.201822,1.496049,1.674550,1.368197,1.502074,1.276082,1.564529,1.279618,1.389144,1.665625,1.126058,1.107774,0.842959,0.618278,0.487963,
nan,nan,1.958161,nan,2.007215,1.244758,1.992206,1.630471,1.241359,1.488916,1.120578,0.995465,1.392194,1.096406,1.214636,1.202931,2.303274,0.925432,1.003587,1.169077,0.512232,
nan,1.767814,1.758758,1.543381,1.313767,1.095458,1.634473,1.554379,1.277134,1.206010,1.057526,1.745736,1.033752,0.727115,0.944079,0.740584,2.551037,0.390187,0.211083,0.185167,nan,
1.466768,1.002778,1.456901,1.377460,1.299960,1.267777,1.209989,1.437106,1.689697,1.214805,1.416758,1.171084,0.970666,0.972355,0.849618,0.794102,0.738841,0.801816,0.340879,0.242513,0.386077,
1.343839,1.397545,1.528879,1.494577,2.234427,1.428731,1.415674,1.258157,1.202310,1.178735,1.149434,1.248827,1.054181,0.997233,0.876101,0.886723,0.600962,0.543714,0.385818,0.377931,0.131892,
2.039860,1.268684,1.965837,1.335757,1.404260,1.342041,1.396282,1.346097,1.227197,1.358402,1.248344,1.146620,1.036190,1.127794,0.842292,0.724703,0.649825,0.568710,0.361512,0.282089,0.203244,
8.188828,1.193981,1.879864,1.343943,1.439497,1.255442,1.361222,1.222104,1.249058,1.368143,1.169392,1.193989,1.097142,1.417100,0.900401,0.769333,0.573825,0.465040,1.346537,0.256069,0.312278,
8.252696,1.179431,1.454180,1.323121,1.224858,1.288617,1.238897,1.247301,1.251297,1.136108,1.151386,1.226999,1.188549,0.902901,0.829952,0.790836,0.575603,0.548140,0.324671,0.211510,0.292848,
3.325943,2.148507,1.305888,1.342921,1.377710,1.232042,nan,1.245896,1.132866,1.180844,1.151156,1.150655,1.103272,0.930471,0.842333,0.718956,0.589910,0.502896,0.392309,0.240497,0.188060,
3.549805,1.839429,1.341007,1.258415,1.171586,1.206099,1.205503,1.133388,1.109701,1.112709,1.065009,1.034513,0.952309,0.910082,0.855255,0.710666,0.611436,0.708604,0.309225,0.305910,0.139446,
0.932090,1.784039,1.376149,1.169693,1.208672,1.215739,1.084672,1.140665,1.152432,1.166281,1.088780,1.066869,0.986851,0.913402,0.867743,0.800195,0.627997,0.478265,0.583861,0.234679,0.254590,
1.090948,3.348251,1.351984,1.269748,1.161191,1.171335,1.261526,1.159570,1.148715,1.139653,1.237188,1.065600,1.027665,0.958767,0.898386,0.810951,0.644014,0.590568,0.674761,0.235711,0.155355,
2.965375,3.006828,1.221181,1.500974,1.172882,1.230198,1.245114,1.245153,1.244948,1.180492,1.164712,1.175381,1.050183,1.018043,0.908674,0.884523,0.637871,0.581407,0.442770,0.287295,0.181690,
0.984848,3.660043,1.173310,1.517480,1.139671,1.216730,1.338632,1.359920,1.306469,1.169285,1.464776,1.136655,1.113464,1.076383,1.244556,0.822658,0.728228,0.611471,0.510791,0.278254,0.224318,
1.121061,2.349650,1.352568,1.316839,1.234066,1.223729,1.430962,1.331092,1.281513,1.383287,1.220795,1.523300,1.150797,1.252321,3.542946,1.218398,0.795414,0.561664,0.456658,0.338154,0.327815,
1.439972,2.896876,1.540614,1.466540,1.392003,1.166324,1.397689,1.447092,1.362770,1.437918,1.350534,1.635234,1.250412,1.237542,1.134343,1.031327,0.851952,0.641688,0.546959,0.395406,0.333783,
nan,1.909964,2.730759,1.467030,1.619005,1.453531,1.341658,1.502687,1.397459,1.378630,1.532060,2.444161,1.372888,1.294106,1.209681,1.039420,0.967016,0.770223,0.609824,0.410846,0.289407,
1.087628,2.133167,1.239546,2.417289,1.579695,1.331844,1.514395,1.423589,1.370506,1.454382,1.411543,1.336446,1.409119,1.320923,1.462762,1.159354,1.139271,0.946712,0.620539,0.491526,0.434435,
nan,1.643621,3.170767,3.027804,1.574032,1.415568,1.362610,1.568026,1.588428,1.305341,1.458930,1.371883,2.032907,1.519160,1.236040,1.308875,1.442019,1.096531,0.774658,0.598982,0.451666,
0.712611,2.342478,2.564748,1.497609,3.341705,1.254344,1.523454,1.322133,1.783662,1.393095,1.461351,1.183557,1.306722,1.350752,1.405252,1.410704,1.076030,1.103543,0.823538,0.555586,0.531266,
nan,nan,nan,1.354414,1.072994,1.136721,1.252085,1.884562,1.222139,1.370580,1.317756,1.752926,1.082189,1.367856,1.211551,1.457545,1.076738,1.201944,1.211249,0.946311,0.626061,
nan,1.764640,1.453402,1.498466,1.215148,1.613250,1.310669,1.055932,1.092622,2.513298,2.101673,1.027132,0.974070,0.863685,0.821014,0.537289,0.600261,0.567576,0.364357,0.171563,nan,
1.432557,1.239613,1.607747,1.505070,1.364502,2.471326,1.378484,1.772586,1.389432,1.313839,1.460202,1.164512,1.046594,1.236456,0.931539,0.685261,0.677471,0.574949,0.305899,0.368185,0.194669,
1.480844,1.404869,1.821122,1.381396,1.407040,1.345411,1.288194,1.371241,1.336721,1.351902,1.228728,1.037916,1.024552,1.015289,0.913065,0.807346,0.897377,1.421887,0.350272,0.385834,0.167217,
1.641396,1.550260,1.905360,1.426876,1.362413,1.308508,1.354157,1.301587,1.197919,1.197095,1.125590,1.150461,1.034944,0.975386,0.870546,0.829339,0.634270,0.532530,0.376842,0.343714,0.180600,
1.279287,1.355554,1.576025,1.327807,1.329132,1.303937,1.287084,1.297580,1.217636,1.235184,1.175423,1.079461,1.049628,1.052712,0.892524,0.715418,0.707477,0.593964,0.457950,0.286901,0.198184,
1.392524,1.245051,1.301327,1.309616,1.373118,1.275747,1.281230,1.387103,1.256276,1.365314,1.141066,1.110144,1.057519,1.267367,0.894725,0.715016,0.621516,0.574828,0.685167,0.315106,0.269756,
10.352979,1.335438,1.547690,1.248188,1.217647,1.200218,1.217475,1.205422,1.238438,1.142953,1.140535,1.154452,1.063939,1.092036,0.832956,0.750731,0.584228,0.516969,0.331059,0.375164,0.247675,
1.263096,1.320756,1.432435,1.187127,1.220623,1.147364,1.197479,1.160409,1.167786,1.188634,1.142978,1.112973,1.069169,0.862830,0.859975,0.725542,0.588020,0.493801,0.344636,0.210791,0.167109,
3.675104,2.682310,1.344002,1.176627,1.085975,1.127875,1.183153,1.144718,1.128667,1.097555,1.089599,1.044643,0.961931,0.893688,0.918176,0.686708,0.620362,0.785857,0.403342,0.210194,0.141796,
0.918120,2.788534,1.335624,1.291559,1.220736,1.191147,1.146394,1.260889,1.302808,1.124375,1.381970,1.111151,0.971434,0.964119,0.884626,0.784345,0.606708,0.622636,0.397592,0.275400,0.192690,
1.027466,2.529065,1.344512,1.392728,1.297988,1.163203,1.214388,1.258998,1.170949,1.164746,1.193595,1.114604,1.036149,1.050097,0.913317,0.802301,0.721700,0.604065,0.492873,0.305418,0.166558,
1.479167,2.172278,1.371127,1.354505,1.273538,1.190192,1.373219,1.268843,1.301075,1.333490,1.425587,1.179423,1.157710,1.057893,0.991293,1.195600,0.805911,0.626655,0.571996,0.282166,0.272550,
1.140994,3.905133,1.674489,1.554342,1.251871,1.244334,1.470085,1.427362,1.718663,1.309294,2.084144,1.529915,1.215169,1.155417,1.240905,1.593141,0.789559,0.622773,0.683678,0.288040,0.371228,
1.160679,2.666579,2.726307,1.648772,1.362670,1.354921,1.286566,1.558881,1.742278,1.329213,1.524602,1.670708,1.319537,1.226084,1.240511,2.372769,0.885154,0.689066,0.550369,0.375869,0.360591,
28.393349,2.475278,3.431211,1.507726,1.676899,1.478926,1.419120,1.351306,1.425353,1.463760,1.427058,1.340970,1.431144,1.322389,1.277717,1.656901,0.834941,0.734347,0.536264,0.450401,0.447476,
1.610426,1.060392,2.637759,1.520687,1.570644,1.536349,1.453877,1.624402,1.526033,1.875920,1.465971,2.113002,1.544512,1.343878,1.245648,1.172079,1.199826,0.802680,0.623915,0.479912,0.337631,
0.810126,1.455452,1.926927,1.927751,1.568166,1.633404,1.383430,1.345628,1.573506,1.526342,1.599712,1.584223,1.569542,1.452866,1.287772,1.908684,1.138991,1.094792,0.707429,0.670853,0.512606,
1.154855,1.263427,1.772059,1.414741,2.144111,1.510267,1.412747,1.353481,1.402243,1.475933,1.699676,2.931210,2.810695,1.702952,1.363686,1.173236,1.238253,1.103407,0.844455,0.629301,0.534423,
nan,nan,nan,1.015603,1.749079,1.197643,1.067681,1.486797,1.222195,1.627191,1.403528,1.347596,1.773126,1.958859,1.338337,1.269043,1.646542,0.951095,0.879809,1.628013,0.716781,
nan,1.228378,1.241078,1.275279,1.104766,1.207745,1.359806,1.344339,1.072127,0.986295,1.265307,1.117826,0.945587,1.196001,0.707348,0.926799,0.528403,0.287847,0.188498,0.139185,nan,
1.521763,nan,1.390709,1.411916,1.312637,1.538887,1.217279,1.661071,1.402240,1.283358,1.256245,1.101261,1.172138,1.052876,0.776969,0.766362,0.731540,0.631250,0.579337,0.308042,0.127350,
1.600971,1.448376,1.249767,1.369780,1.338328,1.673470,1.324250,1.713862,1.386613,1.240319,1.319504,1.148598,0.983252,1.124003,0.863487,0.724200,0.627976,0.753536,0.385887,1.183014,0.297661,
1.771124,1.598690,1.402068,1.270448,1.652509,1.363787,1.241162,1.358933,1.368324,1.240723,1.204919,1.121684,0.991804,1.116686,0.893021,0.777811,0.733858,1.432620,0.361684,0.978046,0.232416,
1.440292,1.541636,1.407361,1.391350,1.434264,1.283337,1.360502,1.301255,1.230887,1.179073,1.218745,1.110399,1.056216,1.032753,0.818859,0.806825,0.656793,0.973890,0.362387,0.843476,0.201920,
1.101024,1.719945,1.403053,1.190241,1.296808,1.221796,1.289024,1.306880,1.184251,1.161910,1.148611,1.173497,1.025912,1.059873,0.799169,0.797200,0.658781,0.668858,0.617028,0.707348,0.182537,
1.087301,1.874650,1.380036,1.203146,1.255647,1.197385,1.224711,1.286930,1.253789,1.212073,1.153148,1.119416,1.019948,0.999776,0.824454,0.752062,0.647045,0.561473,0.557496,0.329552,0.189016,
1.313419,1.424314,1.292447,1.199637,1.175861,1.163273,1.192380,1.228711,1.215557,1.157349,1.177418,1.156558,1.024707,1.130058,0.849887,0.791341,0.625439,0.464696,0.452581,0.370350,0.212506,
0.990564,1.233929,1.506524,1.230689,1.084893,1.157445,1.138105,1.245716,1.173050,1.153194,1.188108,1.103915,1.033880,1.006101,0.783652,0.820402,0.593057,0.476006,0.371336,0.291037,0.234908,
0.887135,1.179918,1.530714,1.221172,1.062574,1.217622,1.226783,1.197670,1.206485,1.131101,1.203587,1.097450,1.088851,0.955195,0.827238,0.825188,0.598817,0.475318,0.387040,0.224298,0.241328,
0.882543,2.689869,1.033536,1.328953,1.116679,1.149838,1.287633,1.314205,1.386375,1.163550,1.591067,1.127882,1.042162,0.958268,0.958775,0.799515,0.675342,0.553658,0.427271,0.250851,0.350663,
1.164920,3.424677,1.057836,1.468737,1.177599,1.188189,1.231653,1.347366,1.516685,1.183798,2.150046,1.207776,1.102088,1.109148,1.034989,0.814848,0.723096,0.631681,0.415678,0.253495,0.401378,
0.968206,3.555466,1.170286,1.739884,1.361997,1.175792,1.187986,1.395048,1.290757,1.347907,1.325341,1.257441,1.265434,1.196422,1.084265,1.052341,0.764109,0.737110,0.442581,0.272986,0.418680,
1.361748,6.347018,1.753982,1.753150,1.432401,1.233599,1.374571,1.334791,1.491726,1.401608,1.506863,1.464868,1.283042,1.251235,1.176961,1.865972,0.874364,0.773967,0.748010,0.315546,0.196685,
0.773169,2.568079,1.454216,1.353152,1.588611,1.372475,1.259661,1.363464,1.590018,1.665297,1.432172,1.764634,1.344751,1.294204,1.265523,1.273269,0.922200,0.763843,0.836194,0.371313,0.269660,
1.233980,2.291101,3.667925,1.861950,2.262075,1.613694,1.411210,1.834696,1.730441,1.514476,1.355344,1.911062,1.389989,1.308819,1.295162,1.612936,1.038086,0.826410,0.701277,0.439143,0.339241,
4.312331,14.329065,3.387609,4.249706,1.384197,1.694200,1.381523,1.306787,1.468461,1.516710,1.553487,1.629367,1.316932,1.352285,1.408224,1.422289,1.107439,1.099555,0.804218,0.895613,0.472807,
nan,1.171423,1.678720,1.545081,1.641474,1.918391,1.653065,1.396201,1.189766,1.335195,1.625998,1.444497,1.425776,1.691844,1.347123,1.221941,1.834547,1.017925,0.844379,0.848407,1.008183,
nan,nan,nan,nan,nan,1.264687,1.808252,1.973838,1.259646,1.365224,1.262265,1.574185,1.386042,1.295999,1.362906,1.369710,1.217982,1.242351,0.990526,0.860145,0.607876,
1.936768,1.467904,1.488277,1.237973,1.370165,1.490165,1.165381,1.203168,1.580451,1.287855,1.130729,1.420336,0.805278,0.719867,0.703971,0.591229,0.498016,0.425428,0.196455,0.317498,nan,
1.351847,2.014538,1.394101,1.290728,1.437692,1.293177,1.188385,1.205944,1.151816,1.595689,1.288800,1.137601,1.204177,0.887439,0.802215,0.746216,0.744992,0.426793,0.230946,0.240441,0.175461,
1.190420,1.755990,1.700897,1.405047,1.352939,1.388984,1.183029,1.447975,1.341429,1.354666,1.241998,1.059909,1.090586,0.958168,0.892720,0.726434,0.724198,0.603222,0.342080,0.233900,0.127693,
1.142483,1.406121,1.588915,1.388438,1.338151,1.413537,1.261041,1.476851,1.294419,1.341461,1.274750,1.077262,1.035814,1.046831,0.821095,0.674917,0.650147,0.536396,0.393353,0.260940,0.147204,
1.145352,1.341097,1.453246,1.350119,1.374671,1.439994,1.190586,1.368511,1.331607,1.226525,1.211277,1.105542,0.973753,1.514528,0.783784,0.677517,0.578424,0.512941,0.454411,0.267315,0.158320,
1.012863,1.090399,1.363780,1.385439,1.284400,1.279933,1.213368,1.214965,1.328345,1.154416,1.169844,1.121341,0.969270,1.708526,0.766381,0.733844,0.550128,0.547894,0.509748,0.264604,0.153640,
0.982247,1.018917,1.353564,1.300641,1.189677,1.348795,1.223892,1.260068,1.288670,1.124115,1.133393,1.141263,1.009281,1.407967,0.779909,0.872274,0.556312,0.541282,0.417617,0.683815,0.145984,
0.908947,0.983815,1.269294,1.287889,1.144382,1.363616,1.170073,1.213990,1.260994,1.111467,1.099708,1.150020,0.971781,1.001158,0.823047,1.019935,0.567096,0.585156,0.393974,0.587543,0.146194,
0.837921,0.996610,1.187699,1.197908,1.113808,1.320320,1.244325,1.177256,1.203795,1.170998,1.095577,1.119871,1.071681,0.999550,1.079660,1.287401,0.603136,0.490097,0.376973,0.479607,0.136327,
0.763215,1.086420,1.192675,1.188804,1.131435,1.077607,1.129468,1.140585,1.314521,1.152533,1.182061,1.094818,1.096167,1.058674,0.948190,1.146062,0.693143,0.478433,0.370224,0.409203,0.188549,
0.909293,1.161561,2.016686,1.209194,1.194890,1.092594,1.135501,1.196491,1.277893,1.206455,1.675647,1.160138,1.216928,1.085597,0.871701,1.001731,0.753293,0.482070,0.416279,0.355522,0.178595,
0.989264,1.273630,2.347976,1.279932,1.162372,1.186747,1.170528,1.240343,1.255708,1.379141,1.221750,1.202167,1.142847,1.090833,0.964771,1.126330,0.838165,0.537881,0.455142,0.354555,0.227817,
1.423017,1.276022,2.879576,1.342954,1.182330,1.323893,1.257116,1.308795,1.272009,1.610384,1.394542,1.247019,1.212705,1.163537,1.035986,0.919867,0.956583,0.644775,0.445105,0.313246,0.238303,
1.146191,1.073569,4.036934,1.466061,1.190959,1.312855,1.352698,1.578429,1.500050,1.881732,1.365889,1.300407,1.321975,1.258693,1.206331,0.918792,1.769301,0.687412,0.497101,0.350833,0.362566,
1.441289,1.228495,1.659168,1.277805,1.215420,1.390590,1.229103,1.343017,1.384771,1.915633,1.526653,1.476412,1.373322,1.369719,1.253595,1.300046,1.760042,0.817352,0.624808,0.404994,0.288980,
1.403576,1.398549,1.514648,4.355760,1.519312,1.316691,1.309834,1.509782,1.553459,1.292792,1.478117,1.427876,1.379187,1.438101,1.331957,1.270202,1.053300,1.028341,0.819263,0.461697,0.302506,
1.134948,29.680803,5.654643,1.598063,1.579263,1.307487,1.655088,1.258691,1.398341,1.612191,2.032713,1.855769,2.111211,1.538075,1.746156,1.236904,1.360670,1.390023,0.949184,0.592057,0.369012,
0.827593,1.013607,2.167259,1.977758,1.638240,2.181510,1.261056,1.163209,1.574426,1.368406,1.350433,2.129345,1.351384,1.393642,1.527639,1.168374,1.108428,1.024000,1.735007,0.772700,0.778425,
nan,nan,nan,nan,nan,nan,nan,nan,nan,nan,1.048710,1.607065,1.805009,1.236987,1.730317,2.214764,1.177812,1.225513,0.874423,0.699990,0.836447,
