0.187385,0.188213,0.182104,0.181252,0.176542,0.170642,0.159304,0.154367,0.144731,0.130805,0.126722,0.106565,0.094880,0.078217,0.062486,0.051136,0.036099,0.020784,0.009514,0.006685,0.004824,
0.191241,0.187709,0.182626,0.180344,0.175028,0.167658,0.161879,0.151810,0.142079,0.129597,0.118795,0.105682,0.092249,0.075550,0.059891,0.048336,0.033293,0.020850,0.009283,0.006971,0.005707,
0.191998,0.187853,0.181714,0.179939,0.173861,0.166129,0.160206,0.150622,0.141030,0.127473,0.116778,0.102884,0.090692,0.074942,0.059601,0.047704,0.032515,0.019999,0.009711,0.007227,0.006374,
0.190552,0.186179,0.181935,0.178285,0.173035,0.165457,0.159684,0.149124,0.139937,0.127834,0.115887,0.102443,0.089127,0.074086,0.059836,0.047326,0.033094,0.020311,0.010618,0.007947,0.007295,
0.188071,0.184038,0.180718,0.176577,0.171365,0.164584,0.157532,0.147703,0.139165,0.126837,0.115009,0.101811,0.088042,0.073916,0.060146,0.047139,0.033318,0.020956,0.011716,0.009259,0.008472,
0.185386,0.181969,0.178569,0.174232,0.169111,0.162825,0.155525,0.146173,0.137738,0.124939,0.113496,0.101132,0.087836,0.073601,0.060346,0.047219,0.034181,0.021752,0.013235,0.010769,0.010102,
0.182720,0.179368,0.175850,0.172037,0.166798,0.160986,0.153190,0.144397,0.136096,0.123990,0.112764,0.099726,0.086957,0.073552,0.060590,0.047877,0.035341,0.023533,0.015604,0.013486,0.012520,
0.178287,0.176544,0.173103,0.169180,0.164161,0.158455,0.150963,0.142342,0.133422,0.122258,0.111495,0.099058,0.086614,0.073741,0.061124,0.049149,0.037179,0.026029,0.018919,0.016603,0.015790,
0.176533,0.173663,0.170150,0.166207,0.160959,0.155771,0.148290,0.140012,0.131457,0.120347,0.109937,0.098291,0.086153,0.073764,0.062259,0.050682,0.039863,0.029952,0.023460,0.021575,0.020637,
0.172214,0.170389,0.166490,0.163140,0.157811,0.152871,0.145384,0.137648,0.128958,0.118965,0.109020,0.097886,0.086652,0.074775,0.064205,0.053861,0.043813,0.035811,0.030523,0.028892,0.026998,
0.168268,0.166685,0.163015,0.159624,0.154663,0.149675,0.142859,0.135283,0.127178,0.117943,0.108501,0.098087,0.087773,0.077117,0.067974,0.058884,0.050918,0.044633,0.041333,0.040335,0.035332,
0.162673,0.162190,0.158639,0.155996,0.151691,0.146587,0.140208,0.133282,0.125360,0.117126,0.108336,0.099192,0.090368,0.081027,0.073735,0.066712,0.061067,0.058064,0.057401,0.056411,0.047914,
0.158428,0.158382,0.154160,0.151485,0.147808,0.143236,0.137004,0.131414,0.123928,0.116457,0.108672,0.100990,0.094131,0.087139,0.082805,0.078485,0.077206,0.078245,0.082006,0.078731,0.065550,
0.154299,0.152916,0.149928,0.146944,0.143396,0.139465,0.133889,0.129192,0.122515,0.116962,0.109809,0.104540,0.099934,0.096508,0.096157,0.097655,0.102608,0.109776,0.118086,0.108382,0.084343,
0.148182,0.145661,0.144282,0.141582,0.138762,0.135621,0.130331,0.126870,0.121988,0.117610,0.113948,0.111449,0.110307,0.111658,0.117639,0.127257,0.140888,0.156764,0.166643,0.143443,0.092872,
0.139327,0.137592,0.136784,0.134253,0.131890,0.130759,0.127597,0.124893,0.123204,0.120610,0.121216,0.124145,0.128734,0.140149,0.154505,0.176794,0.199858,0.221695,0.227622,0.177120,0.062691,
0.130640,0.126592,0.124551,0.124601,0.124043,0.122671,0.123656,0.123496,0.125620,0.127254,0.133425,0.145674,0.157451,0.182396,0.209626,0.255284,0.288399,0.308939,0.288849,0.181268,0.015591,
0.116405,0.112195,0.108172,0.108366,0.111030,0.112284,0.115576,0.120135,0.125905,0.134304,0.153739,0.178499,0.208110,0.251946,0.303350,0.354309,0.391432,0.392557,0.322660,0.028400,0.012087,
nan,nan,nan,nan,nan,nan,nan,nan,nan,nan,0.178744,0.224198,0.266996,0.355433,0.408879,0.496486,0.481035,0.444767,0.186350,0.045352,nan,
nan,nan,0.189153,0.190031,0.183993,0.170018,0.170611,0.150692,0.146415,0.135763,0.121938,0.114030,0.096078,0.084605,0.066652,0.052714,0.036294,0.024076,0.011605,0.006553,0.005486,
nan,0.187512,0.184517,0.182281,0.174887,0.168475,0.161787,0.151606,0.142731,0.129560,0.117625,0.104438,0.090163,0.075182,0.060905,0.048023,0.032749,0.018939,0.009535,0.006434,0.005166,
0.183773,0.186545,0.183626,0.179441,0.173927,0.168681,0.159912,0.150281,0.140474,0.128944,0.117133,0.103588,0.088686,0.074795,0.060887,0.045703,0.032420,0.018774,0.009796,0.007233,0.005993,
0.185483,0.185160,0.181068,0.178730,0.172336,0.167093,0.158485,0.148927,0.139504,0.127636,0.116038,0.102767,0.089163,0.075043,0.060574,0.045788,0.032427,0.019535,0.010511,0.008047,0.006980,
0.184569,0.183819,0.178778,0.175911,0.170279,0.165700,0.156995,0.147603,0.138106,0.126899,0.114506,0.102309,0.089094,0.074694,0.060425,0.046232,0.032591,0.020301,0.011620,0.009244,0.008026,
0.181271,0.180898,0.176899,0.173628,0.168214,0.163603,0.155012,0.145710,0.136320,0.125567,0.113324,0.100825,0.087826,0.074155,0.060208,0.046573,0.033382,0.021656,0.013182,0.011177,0.009390,
0.176412,0.178374,0.174654,0.171397,0.166247,0.161757,0.152741,0.144290,0.134333,0.123985,0.112043,0.100435,0.086963,0.073885,0.060056,0.047062,0.034783,0.023275,0.015556,0.013402,0.011842,
0.176604,0.175349,0.172313,0.168104,0.163759,0.159217,0.150039,0.142225,0.132931,0.122384,0.110989,0.100023,0.086957,0.074303,0.060978,0.048582,0.036838,0.026543,0.018915,0.017087,0.014922,
0.171467,0.172204,0.169541,0.165408,0.161135,0.156255,0.147678,0.139907,0.130744,0.120536,0.109743,0.098733,0.086448,0.074579,0.061882,0.050511,0.039718,0.029913,0.023892,0.022011,0.019513,
0.169973,0.168656,0.166612,0.162639,0.158056,0.153550,0.145678,0.138033,0.129176,0.119037,0.108750,0.098264,0.086278,0.075601,0.063735,0.053411,0.043857,0.035546,0.030820,0.029119,0.025738,
0.166097,0.165345,0.162625,0.159121,0.154716,0.150105,0.142570,0.135399,0.126955,0.117439,0.108060,0.098398,0.087436,0.077627,0.067196,0.058457,0.050553,0.044003,0.041402,0.039508,0.035493,
0.161610,0.161442,0.158639,0.155471,0.150897,0.147009,0.140095,0.133440,0.125481,0.116578,0.108289,0.099404,0.089338,0.081122,0.072486,0.066077,0.060760,0.056896,0.057558,0.055047,0.047715,
0.157675,0.157651,0.153927,0.151227,0.147208,0.143316,0.137411,0.131142,0.123874,0.116038,0.108628,0.101263,0.093155,0.086641,0.081079,0.077829,0.076907,0.076773,0.079878,0.077542,0.063069,
0.150258,0.152854,0.149002,0.146594,0.143310,0.139077,0.134047,0.129007,0.122592,0.115644,0.110624,0.104646,0.099225,0.096265,0.094641,0.096037,0.101606,0.107358,0.114552,0.105476,0.076705,
0.148122,0.145959,0.142786,0.140950,0.138895,0.134831,0.131201,0.126583,0.121900,0.117306,0.114413,0.111089,0.110141,0.111745,0.117595,0.125409,0.139355,0.154470,0.160630,0.139094,0.083108,
0.144442,0.137951,0.135434,0.133771,0.132118,0.129558,0.127218,0.124409,0.121874,0.121178,0.121756,0.122095,0.128113,0.137833,0.154334,0.172772,0.197027,0.217892,0.219778,0.164638,0.071234,
0.129662,0.126018,0.124917,0.124999,0.123896,0.123497,0.123957,0.123706,0.123255,0.127847,0.133513,0.139922,0.157530,0.178614,0.210237,0.248081,0.279691,0.299549,0.275203,0.153329,0.025639,
nan,0.107181,0.107646,0.106738,0.106418,0.109792,0.114122,0.118439,0.124833,0.138004,0.150105,0.172192,0.205571,0.242274,0.296056,0.338237,0.379905,0.371427,0.312260,0.100467,0.012190,
nan,nan,nan,nan,0.090049,0.090779,0.098300,0.110204,0.122935,0.145069,0.173617,0.210008,0.254869,0.323764,0.397981,0.447574,0.471484,0.439623,0.319806,0.052053,0.038887,
nan,0.185586,0.184037,0.182048,0.173566,0.172929,0.162870,0.154299,0.145657,0.132892,0.119754,0.103977,0.094963,0.078434,0.067095,0.053700,0.034860,0.022487,0.010771,0.007550,0.005278,
0.184600,0.187892,0.182447,0.180714,0.175462,0.169138,0.160320,0.151346,0.140935,0.130736,0.118825,0.105205,0.089858,0.076596,0.061760,0.046467,0.032998,0.018831,0.009337,0.006864,0.005450,
0.182317,0.186059,0.181607,0.178708,0.173310,0.168530,0.160557,0.150164,0.141204,0.129439,0.115393,0.104191,0.090897,0.075662,0.060195,0.046324,0.031924,0.019182,0.009595,0.007223,0.005980,
0.179302,0.185012,0.181502,0.176478,0.172612,0.167002,0.157384,0.149479,0.138998,0.128257,0.115357,0.103333,0.088390,0.074772,0.060043,0.046041,0.031731,0.019259,0.010137,0.008116,0.006752,
0.180427,0.183508,0.180210,0.175581,0.171302,0.164838,0.156298,0.148717,0.138099,0.126420,0.114874,0.102531,0.087964,0.074962,0.060125,0.045984,0.033172,0.020539,0.011481,0.009541,0.007655,
0.179946,0.181785,0.177753,0.173942,0.168975,0.162905,0.154726,0.146776,0.136440,0.124672,0.114088,0.101786,0.087454,0.074206,0.059424,0.046262,0.033667,0.021670,0.013288,0.010903,0.009528,
0.175728,0.178779,0.174933,0.171725,0.167003,0.160890,0.153184,0.144956,0.135108,0.123376,0.112908,0.100472,0.086733,0.073588,0.060198,0.047072,0.034390,0.023509,0.015372,0.013249,0.011873,
0.176802,0.176416,0.171740,0.169379,0.163859,0.158377,0.150612,0.142022,0.133093,0.121756,0.111530,0.099432,0.086672,0.073824,0.060980,0.048582,0.036137,0.025931,0.018377,0.016499,0.014552,
0.174121,0.172032,0.169245,0.166402,0.161080,0.155486,0.148316,0.139875,0.130871,0.120318,0.109707,0.098810,0.086292,0.074155,0.062020,0.050447,0.039389,0.029675,0.023191,0.021329,0.018466,
0.172724,0.168473,0.165997,0.163033,0.158464,0.152828,0.145292,0.137700,0.129343,0.119109,0.108330,0.098175,0.086376,0.075247,0.064024,0.053578,0.043878,0.035413,0.029831,0.028355,0.023445,
0.167275,0.164545,0.162678,0.159438,0.155346,0.149643,0.143063,0.135272,0.126682,0.117582,0.107617,0.098476,0.087418,0.077006,0.067268,0.058000,0.050264,0.043234,0.039730,0.038310,0.030797,
0.161162,0.160466,0.158493,0.155459,0.151589,0.146271,0.140039,0.133384,0.125264,0.116874,0.107596,0.099199,0.089276,0.080627,0.072614,0.065453,0.059723,0.055928,0.053556,0.052701,0.040308,
0.159525,0.155455,0.154502,0.151534,0.148080,0.142662,0.137066,0.131007,0.123208,0.116103,0.108319,0.101007,0.092737,0.085938,0.080890,0.076659,0.074426,0.074495,0.076067,0.071451,0.053242,
0.152854,0.150903,0.149828,0.146595,0.143702,0.138546,0.133964,0.128563,0.122371,0.116432,0.109565,0.104707,0.098874,0.095308,0.093889,0.094394,0.097387,0.102633,0.106235,0.096637,0.068399,
0.147418,0.144418,0.143864,0.141006,0.138259,0.133837,0.130272,0.126856,0.121769,0.117212,0.113807,0.111782,0.109465,0.110558,0.114411,0.122321,0.132083,0.147475,0.146815,0.124877,0.079708,
0.142191,0.137008,0.135079,0.133659,0.131671,0.129095,0.126928,0.124281,0.122485,0.120340,0.119933,0.122550,0.125941,0.134720,0.148251,0.165927,0.187116,0.202262,0.197130,0.154355,0.063381,
nan,0.125565,0.124425,0.123420,0.123919,0.123721,0.123069,0.122547,0.123576,0.126729,0.132896,0.141704,0.154195,0.172843,0.202011,0.228616,0.259402,0.272180,0.244575,0.150035,0.026298,
0.114621,0.107931,0.101791,0.103755,0.112298,0.113811,0.116033,0.120584,0.125269,0.137279,0.149940,0.167896,0.195035,0.231046,0.279998,0.316649,0.346094,0.332796,0.291771,0.091115,0.011715,
nan,nan,nan,0.080346,0.080999,0.085562,0.092131,0.104868,0.119158,0.132096,0.153229,0.179727,0.226062,0.282690,0.353452,0.388491,0.435881,0.409923,0.303880,0.048260,0.034172,
nan,0.189767,0.182632,0.181917,0.179579,0.172012,0.168025,0.153295,0.141885,0.130602,0.122444,0.105805,0.099645,0.079282,0.062524,0.051099,0.037776,0.021538,0.010192,0.007267,0.005416,
0.186498,0.184666,0.184558,0.178968,0.172663,0.169704,0.162141,0.150613,0.141471,0.128706,0.117234,0.103086,0.091193,0.076438,0.060672,0.045719,0.031390,0.019676,0.009154,0.006429,0.005009,
0.183730,0.186196,0.183510,0.177845,0.173763,0.167763,0.157951,0.150614,0.140184,0.128885,0.116562,0.103145,0.088744,0.075100,0.060254,0.045698,0.030912,0.018798,0.009315,0.007093,0.005949,
0.182964,0.184239,0.180519,0.177582,0.172418,0.165972,0.158341,0.149782,0.139275,0.127181,0.115692,0.102942,0.088467,0.074889,0.059490,0.045321,0.032394,0.019452,0.010200,0.008147,0.006468,
0.182882,0.182013,0.180195,0.176380,0.170311,0.165652,0.157536,0.147029,0.137675,0.126208,0.115191,0.102114,0.087925,0.074249,0.059912,0.045700,0.032186,0.020327,0.011386,0.009049,0.007884,
0.177872,0.180196,0.178219,0.173884,0.168611,0.163201,0.155013,0.145895,0.136677,0.124762,0.113307,0.101034,0.087180,0.073380,0.060067,0.046435,0.033158,0.021427,0.012845,0.010709,0.008729,
0.177627,0.177930,0.175828,0.171152,0.166004,0.160549,0.152872,0.144019,0.135148,0.124021,0.112215,0.100523,0.086529,0.073566,0.059940,0.047225,0.034605,0.023271,0.014865,0.013009,0.010423,
0.173025,0.175113,0.172458,0.168464,0.163773,0.158000,0.150964,0.142538,0.132667,0.121768,0.110552,0.099549,0.086568,0.073738,0.060440,0.048352,0.036605,0.025803,0.018075,0.016320,0.013245,
0.169074,0.171668,0.170195,0.165416,0.161694,0.155779,0.148361,0.140713,0.131070,0.120521,0.109629,0.098319,0.086105,0.074085,0.061771,0.049921,0.038791,0.029196,0.022064,0.020762,0.016359,
0.167702,0.168789,0.166920,0.162276,0.158477,0.152714,0.145784,0.138203,0.128920,0.118784,0.108371,0.098209,0.086688,0.074804,0.063734,0.052758,0.042446,0.034011,0.028533,0.026453,0.021396,
0.165518,0.165075,0.163281,0.159273,0.155327,0.149943,0.142744,0.136039,0.127074,0.117428,0.108233,0.097951,0.087513,0.076599,0.066900,0.057210,0.048736,0.041556,0.037569,0.035490,0.027456,
0.163167,0.160636,0.159149,0.155860,0.151671,0.146284,0.139793,0.133451,0.125051,0.116493,0.107715,0.098415,0.089312,0.079629,0.071489,0.064045,0.057647,0.052560,0.050454,0.046945,0.037954,
0.157607,0.156534,0.154676,0.151805,0.147639,0.143177,0.137228,0.130528,0.123411,0.115735,0.108110,0.100193,0.092953,0.085160,0.079152,0.074092,0.070848,0.069777,0.067584,0.063806,0.051642,
0.153264,0.151048,0.149514,0.147014,0.143232,0.139337,0.134138,0.127966,0.122268,0.115725,0.109594,0.103616,0.097990,0.094099,0.090705,0.090241,0.090313,0.092793,0.094318,0.084928,0.064971,
0.147474,0.144628,0.143525,0.141232,0.138199,0.135126,0.130698,0.125863,0.121572,0.116697,0.112786,0.109555,0.107460,0.107308,0.109503,0.113941,0.120423,0.126530,0.129772,0.109138,0.069413,
0.142525,0.136330,0.135589,0.134257,0.132070,0.129561,0.127155,0.124599,0.121448,0.118712,0.118556,0.119324,0.122372,0.128245,0.137204,0.149505,0.164385,0.174526,0.174072,0.129485,0.062272,
0.128037,0.126221,0.124606,0.125047,0.124080,0.122711,0.122232,0.122349,0.122486,0.124491,0.128503,0.136039,0.149187,0.159858,0.181517,0.200024,0.228372,0.239364,0.209766,0.141031,0.023988,
nan,0.109933,0.101979,0.113229,0.107847,0.112179,0.116646,0.118422,0.123638,0.133588,0.143701,0.157966,0.182680,0.210982,0.237387,0.287495,0.302133,0.282556,0.252189,0.085336,0.011877,
nan,nan,0.074904,0.069515,0.079657,0.089724,0.098450,0.101482,0.111277,0.124354,0.149025,0.181884,0.222222,0.265176,0.331749,0.379249,0.367737,0.343288,0.243126,0.042102,0.027999,
nan,0.189401,0.184123,0.179583,0.173755,0.169260,0.163282,0.152056,0.143376,0.136250,0.117724,0.106693,0.092151,0.074464,0.065052,0.053543,0.033073,0.022584,0.011877,0.006548,0.005030,
0.181607,0.188860,0.182387,0.179704,0.174727,0.169010,0.161338,0.151914,0.141368,0.130970,0.116540,0.105367,0.090571,0.076343,0.061452,0.046446,0.031836,0.018512,0.009410,0.006356,0.005582,
0.184692,0.185071,0.181575,0.178813,0.173515,0.167407,0.159719,0.150509,0.139899,0.128203,0.116231,0.104116,0.088666,0.075222,0.059095,0.045147,0.032188,0.018679,0.009455,0.007118,0.005562,
0.182505,0.183180,0.181981,0.177221,0.171800,0.167495,0.158409,0.148218,0.139582,0.127656,0.116360,0.103183,0.088421,0.074313,0.058845,0.045115,0.031215,0.018678,0.010082,0.007686,0.006638,
0.179322,0.180992,0.179881,0.176009,0.170756,0.164553,0.156850,0.148453,0.138228,0.126878,0.114036,0.101960,0.087479,0.073505,0.059737,0.045904,0.032480,0.020088,0.011305,0.008911,0.007380,
0.179860,0.179894,0.178458,0.174100,0.169431,0.162819,0.155410,0.146910,0.136359,0.125055,0.113128,0.101000,0.086596,0.073809,0.059594,0.046166,0.033028,0.021383,0.012521,0.010604,0.008396,
0.178060,0.176988,0.176790,0.171955,0.167787,0.161271,0.152988,0.145253,0.134603,0.122972,0.112110,0.100122,0.086831,0.072966,0.059881,0.046667,0.034140,0.022999,0.014732,0.012571,0.010236,
0.177729,0.174497,0.174246,0.169843,0.164108,0.158164,0.150519,0.142958,0.133062,0.122033,0.110836,0.099035,0.086351,0.073553,0.060638,0.047723,0.035587,0.025088,0.017571,0.015336,0.012525,
0.173467,0.171594,0.170483,0.166360,0.161557,0.155560,0.147873,0.139804,0.130757,0.120512,0.109725,0.098451,0.086680,0.073392,0.062038,0.049567,0.038056,0.028391,0.021427,0.019036,0.015647,
0.169490,0.167790,0.166473,0.163530,0.158301,0.152387,0.145391,0.137350,0.128932,0.118393,0.108460,0.097798,0.086494,0.074132,0.063514,0.052185,0.042176,0.032958,0.027004,0.024763,0.020628,
0.166324,0.163846,0.163438,0.159901,0.154818,0.149319,0.142559,0.134895,0.127020,0.117206,0.107588,0.097427,0.087113,0.075931,0.065943,0.056148,0.047450,0.039581,0.034772,0.032295,0.027811,
0.162815,0.160270,0.159752,0.155785,0.151100,0.146752,0.140165,0.132987,0.124759,0.116087,0.106771,0.097863,0.088242,0.079100,0.070080,0.062057,0.054624,0.049345,0.044999,0.042451,0.035353,
0.157578,0.155962,0.154912,0.151413,0.147199,0.143362,0.136840,0.130475,0.123180,0.115134,0.107348,0.099181,0.090821,0.084195,0.076302,0.070627,0.065634,0.062195,0.061301,0.055546,0.041859,
0.155182,0.152097,0.150214,0.146622,0.143269,0.139364,0.133681,0.128251,0.121751,0.114860,0.108861,0.102040,0.096266,0.090997,0.086168,0.083369,0.083181,0.083914,0.084489,0.072314,0.053019,
0.144114,0.145878,0.144493,0.140528,0.138441,0.134615,0.130360,0.125947,0.120650,0.115473,0.111181,0.107477,0.104127,0.102376,0.102135,0.104544,0.111209,0.112571,0.108437,0.091753,0.059154,
0.138400,0.138471,0.135784,0.133906,0.131753,0.130313,0.126241,0.123284,0.120966,0.117715,0.116459,0.115999,0.117719,0.119752,0.127650,0.137150,0.148036,0.146883,0.140390,0.111735,0.054471,
0.128861,0.127928,0.123656,0.124108,0.124597,0.122293,0.121611,0.120587,0.121165,0.121599,0.124836,0.130238,0.135848,0.149641,0.165307,0.183521,0.191327,0.192659,0.177194,0.117100,0.026381,
0.111869,0.104945,0.111262,0.108494,0.112175,0.113186,0.113437,0.118298,0.123335,0.127644,0.136799,0.150299,0.167406,0.191445,0.220669,0.228789,0.248865,0.242944,0.204890,0.079896,0.011342,
nan,nan,0.075373,0.076670,0.088531,0.088352,0.095558,0.098002,0.113306,0.126181,0.149462,0.171407,0.202954,0.239517,0.256950,0.304351,0.301431,0.278133,0.214568,0.039362,0.023964,
nan,0.192502,0.186865,0.181696,0.180338,0.174374,0.166067,0.156254,0.146618,0.134806,0.124545,0.108213,0.094183,0.081288,0.063030,0.047827,0.035056,0.020334,0.009418,0.007012,0.004392,
0.188443,0.184201,0.183778,0.178920,0.174166,0.168267,0.158154,0.151529,0.142057,0.129673,0.115978,0.104059,0.090613,0.074158,0.060098,0.046434,0.030959,0.018390,0.008634,0.006425,0.005169,
0.186243,0.184761,0.183775,0.178774,0.173696,0.167797,0.159011,0.149915,0.140161,0.127894,0.116535,0.103673,0.088785,0.074545,0.059911,0.045044,0.030959,0.018559,0.009024,0.007268,0.005621,
0.188583,0.184815,0.182542,0.178206,0.173290,0.166042,0.158102,0.149603,0.139559,0.127193,0.114889,0.102502,0.087765,0.073623,0.059466,0.045333,0.031102,0.018949,0.010147,0.007743,0.006158,
0.183335,0.182668,0.181364,0.176906,0.171497,0.165371,0.156733,0.148341,0.137857,0.125684,0.113805,0.102229,0.087522,0.073977,0.059611,0.045547,0.032217,0.019885,0.010844,0.008772,0.007472,
0.182394,0.179257,0.178385,0.175205,0.168855,0.162565,0.154605,0.147117,0.136460,0.124266,0.113613,0.101159,0.087337,0.073242,0.059753,0.045943,0.032935,0.021280,0.012404,0.010303,0.008303,
0.178256,0.177727,0.175458,0.171733,0.166279,0.160651,0.152787,0.144024,0.134900,0.123291,0.112324,0.100069,0.086953,0.073203,0.060263,0.046628,0.033616,0.022683,0.014500,0.012103,0.010040,
0.173750,0.173830,0.173025,0.168408,0.164130,0.158312,0.150686,0.141928,0.132443,0.122104,0.110596,0.099058,0.086531,0.072711,0.060903,0.047777,0.035451,0.024841,0.017021,0.014382,0.012500,
0.173535,0.171595,0.169511,0.165954,0.161796,0.155473,0.148619,0.139931,0.130536,0.120472,0.109305,0.098110,0.086188,0.073401,0.061663,0.049325,0.038218,0.027783,0.020304,0.018165,0.015583,
0.171040,0.168447,0.166798,0.162403,0.158631,0.153135,0.145441,0.137962,0.128537,0.118706,0.107965,0.097439,0.085948,0.074789,0.062641,0.051685,0.040905,0.031773,0.025395,0.022417,0.018981,
0.166149,0.164556,0.162760,0.159352,0.154933,0.149661,0.143083,0.135298,0.126538,0.117180,0.107500,0.097437,0.086522,0.075943,0.065084,0.054560,0.044716,0.037097,0.031677,0.028606,0.022474,
0.161996,0.160575,0.159076,0.155752,0.151277,0.146703,0.139976,0.132673,0.125177,0.116238,0.106970,0.097875,0.088029,0.077914,0.068201,0.058908,0.052103,0.044983,0.041102,0.036646,0.029628,
0.159687,0.154759,0.155263,0.151122,0.147668,0.143037,0.136690,0.130590,0.123044,0.115588,0.107502,0.098345,0.090005,0.081944,0.073849,0.067662,0.062368,0.057032,0.052565,0.047010,0.039283,
0.150174,0.149815,0.150016,0.146703,0.142690,0.138759,0.133232,0.127838,0.121886,0.115000,0.107930,0.100368,0.093764,0.087657,0.083428,0.079019,0.075767,0.072053,0.068573,0.061445,0.041650,
0.147742,0.144162,0.142887,0.140849,0.137426,0.134554,0.129625,0.125210,0.120589,0.115113,0.109813,0.104939,0.100831,0.098028,0.096592,0.094944,0.094772,0.095499,0.092968,0.073551,0.050908,
0.142611,0.134340,0.136355,0.133276,0.131727,0.128737,0.125970,0.123280,0.120361,0.115834,0.112972,0.112748,0.112259,0.114409,0.114951,0.116648,0.125737,0.126147,0.109346,0.092706,0.047798,
0.128053,0.128678,0.126202,0.122787,0.123285,0.121761,0.120772,0.119604,0.119050,0.119547,0.120992,0.124901,0.129778,0.137067,0.140867,0.155793,0.161470,0.152142,0.146457,0.095706,0.025754,
nan,0.106841,0.111579,0.106044,0.111956,0.109597,0.111779,0.116417,0.117161,0.124173,0.132136,0.142287,0.153406,0.165302,0.188460,0.202948,0.193162,0.196270,0.162130,0.070670,0.010083,
nan,0.071213,nan,0.076688,0.083857,0.084218,0.088957,0.100212,0.105891,0.125908,0.137349,0.140151,0.177715,0.203962,0.226941,0.234910,0.248938,0.222434,0.164550,0.040021,0.019940,
nan,0.188945,0.182521,0.183407,0.177286,0.171715,0.161192,0.153998,0.144730,0.128434,0.121581,0.109717,0.091774,0.078608,0.062837,0.047542,0.036088,0.021075,0.010078,0.007752,0.003865,
0.189494,0.187520,0.183159,0.179835,0.174759,0.168270,0.159219,0.151285,0.139520,0.130020,0.117491,0.103293,0.088567,0.075159,0.059178,0.045141,0.030867,0.017884,0.008181,0.006866,0.004917,
0.188312,0.185881,0.184391,0.178975,0.173816,0.167698,0.159605,0.149022,0.139548,0.128173,0.116378,0.102892,0.087892,0.073798,0.058509,0.044705,0.030938,0.018053,0.009427,0.006823,0.005712,
0.183198,0.182085,0.182988,0.178495,0.173122,0.167164,0.157888,0.150378,0.139202,0.127145,0.114286,0.102640,0.088741,0.075149,0.059336,0.045528,0.031539,0.018955,0.009990,0.007679,0.006326,
0.183237,0.180626,0.180419,0.175677,0.171229,0.163696,0.156520,0.148750,0.138179,0.125995,0.114852,0.101869,0.088156,0.073934,0.059219,0.045776,0.032398,0.020201,0.011130,0.008886,0.006670,
0.179071,0.179086,0.178163,0.173437,0.168962,0.163508,0.155398,0.146007,0.136743,0.124886,0.113277,0.100816,0.087653,0.073651,0.060369,0.046261,0.032943,0.021265,0.012342,0.010058,0.008313,
0.177627,0.176880,0.175967,0.172158,0.167011,0.161114,0.153165,0.144154,0.134602,0.123867,0.111843,0.100190,0.087133,0.073169,0.060817,0.047189,0.034015,0.022681,0.013899,0.011412,0.009984,
0.177398,0.174070,0.173115,0.169345,0.163937,0.158778,0.150862,0.142332,0.132526,0.122350,0.110988,0.099484,0.086762,0.073772,0.060973,0.047660,0.035459,0.024136,0.015717,0.013863,0.011961,
0.170248,0.172006,0.170151,0.166053,0.160819,0.155816,0.148213,0.140475,0.130837,0.120809,0.109271,0.098074,0.085890,0.074036,0.060682,0.048095,0.036525,0.026149,0.019208,0.016566,0.013606,
0.169297,0.167685,0.166773,0.163120,0.157648,0.152934,0.145368,0.137486,0.128956,0.119051,0.108322,0.097932,0.085648,0.073529,0.061590,0.049647,0.038712,0.029479,0.023274,0.020079,0.016366,
0.164782,0.164938,0.163209,0.159523,0.154338,0.149378,0.142455,0.134953,0.126630,0.117403,0.107856,0.096730,0.085594,0.074449,0.062931,0.052726,0.043435,0.034787,0.028355,0.025502,0.021276,
0.159533,0.160954,0.158709,0.156080,0.151046,0.145845,0.139800,0.133234,0.124801,0.116333,0.106650,0.096482,0.086676,0.076211,0.066802,0.057986,0.049677,0.041519,0.035630,0.031944,0.025619,
0.155270,0.156631,0.154706,0.151756,0.146774,0.142781,0.137485,0.130222,0.123406,0.114362,0.105832,0.097305,0.088781,0.079966,0.071836,0.063776,0.056484,0.050047,0.045856,0.040151,0.031093,
0.153728,0.150818,0.149155,0.146907,0.142740,0.138505,0.133616,0.127564,0.121178,0.113701,0.106418,0.098989,0.092060,0.085840,0.078282,0.071669,0.068110,0.064524,0.057156,0.049969,0.036096,
0.145343,0.145237,0.143686,0.141402,0.137807,0.133861,0.129843,0.124735,0.119567,0.112817,0.108145,0.102926,0.097267,0.092255,0.089539,0.086416,0.084579,0.078896,0.074253,0.060494,0.041127,
0.138566,0.137354,0.135358,0.133822,0.130680,0.129174,0.125548,0.121163,0.118140,0.114097,0.111995,0.108569,0.105020,0.104022,0.105787,0.106600,0.102719,0.103854,0.089306,0.074940,0.040468,
0.128747,0.123882,0.124193,0.123630,0.123332,0.121034,0.119929,0.118519,0.116440,0.117257,0.116643,0.116360,0.117672,0.123104,0.127524,0.127713,0.136415,0.119902,0.116678,0.073590,0.024957,
0.111542,0.101749,0.108689,0.107203,0.110737,0.110961,0.112589,0.114163,0.114479,0.118443,0.121310,0.127484,0.138702,0.145943,0.151745,0.166305,0.150205,0.155737,0.122483,0.060180,0.010481,
nan,0.068181,nan,0.080244,0.084342,0.081413,0.088172,0.096088,0.099572,0.106061,0.116701,0.140200,0.153420,0.165057,0.200789,0.185268,0.198471,0.179225,0.134104,0.037154,0.015095,
nan,0.186484,0.184649,0.182642,0.173626,0.168312,0.160624,0.155274,0.143602,0.132048,0.122756,0.109844,0.092663,0.080617,0.064159,0.048338,0.036087,0.022097,0.009520,0.007707,0.005295,
0.184697,0.186345,0.183148,0.181528,0.175741,0.168278,0.161144,0.149495,0.140861,0.129409,0.117036,0.103706,0.089273,0.074670,0.059104,0.044207,0.031591,0.017970,0.008158,0.006234,0.004680,
0.188263,0.182143,0.183914,0.179978,0.173116,0.167398,0.158616,0.150175,0.140366,0.127936,0.115555,0.103127,0.088324,0.073650,0.059754,0.044831,0.030743,0.018241,0.008940,0.006833,0.005691,
0.185232,0.183703,0.181127,0.177035,0.173073,0.165011,0.158465,0.150032,0.138835,0.126594,0.115170,0.102509,0.088128,0.073577,0.059845,0.044493,0.031308,0.019414,0.010207,0.007677,0.006081,
0.185166,0.182978,0.180400,0.176292,0.171068,0.165440,0.156758,0.147851,0.138093,0.126484,0.114347,0.101807,0.088421,0.073730,0.060602,0.045926,0.032140,0.020657,0.011019,0.008371,0.007147,
0.182744,0.180724,0.178079,0.174138,0.168834,0.163116,0.155065,0.146173,0.136350,0.125388,0.113672,0.101329,0.088605,0.074305,0.060560,0.046826,0.033565,0.021223,0.012010,0.009510,0.008195,
0.180790,0.177769,0.175145,0.171602,0.166163,0.161046,0.153566,0.144910,0.134752,0.124161,0.112463,0.100188,0.087049,0.073681,0.060005,0.045722,0.033036,0.021168,0.012907,0.010810,0.009252,
0.173958,0.174322,0.172523,0.168892,0.163441,0.158076,0.151039,0.142188,0.133533,0.122837,0.110913,0.098812,0.085888,0.072360,0.058931,0.045983,0.033660,0.022852,0.015467,0.012996,0.010141,
0.173609,0.171705,0.169777,0.166711,0.160352,0.155153,0.148073,0.139951,0.130585,0.120681,0.109006,0.097625,0.084988,0.072087,0.059350,0.047415,0.035850,0.025820,0.018226,0.015151,0.012655,
0.167134,0.168198,0.166088,0.162760,0.157608,0.152291,0.146111,0.138128,0.128900,0.118953,0.108127,0.096229,0.085051,0.072872,0.061007,0.049263,0.039026,0.028739,0.020888,0.018453,0.015141,
0.167616,0.164165,0.162721,0.159704,0.154696,0.149504,0.143250,0.135232,0.126703,0.116915,0.106316,0.095748,0.085571,0.073869,0.063246,0.052739,0.042209,0.032072,0.025545,0.022233,0.017782,
0.159792,0.161195,0.158754,0.155618,0.151267,0.146192,0.140407,0.132108,0.124394,0.115233,0.105953,0.095741,0.086157,0.075942,0.065371,0.054869,0.045582,0.037056,0.031624,0.027522,0.022694,
0.155006,0.156745,0.154010,0.151032,0.147558,0.142803,0.136566,0.129536,0.121924,0.114311,0.105589,0.096404,0.087567,0.077502,0.068919,0.059541,0.052937,0.044951,0.038130,0.034227,0.024933,
0.147150,0.150797,0.148986,0.146110,0.143077,0.138742,0.133333,0.126592,0.120268,0.112897,0.105852,0.098097,0.089218,0.081385,0.074798,0.068225,0.060634,0.055352,0.049387,0.039550,0.031535,
0.145045,0.143716,0.143120,0.140827,0.137335,0.134472,0.129388,0.123245,0.118344,0.112759,0.106504,0.099700,0.093740,0.088257,0.082860,0.076901,0.073863,0.067583,0.059277,0.050073,0.034561,
0.137129,0.134873,0.134634,0.133305,0.130880,0.128706,0.124010,0.120155,0.115843,0.113297,0.107128,0.104220,0.101196,0.097014,0.092798,0.093307,0.087141,0.083007,0.073298,0.059450,0.032899,
0.131302,0.123894,0.122187,0.124120,0.123721,0.122624,0.117639,0.115938,0.115833,0.112521,0.110996,0.110793,0.110043,0.108559,0.113570,0.109285,0.107123,0.097618,0.090564,0.058826,0.023197,
nan,0.103133,0.104587,0.110672,0.108950,0.109176,0.107084,0.109278,0.110551,0.113976,0.115362,0.118632,0.120185,0.129035,0.131789,0.133281,0.125046,0.125748,0.099454,0.052437,0.012607,
nan,0.062395,nan,0.078059,0.079794,0.087459,0.089051,0.094083,0.088915,0.106569,0.113565,0.118164,0.134001,0.148205,0.154276,0.158628,0.161057,0.129082,0.114128,0.036117,0.013056,
nan,0.186706,0.184840,0.188215,0.170515,0.173200,0.166191,0.150302,0.142735,0.136359,0.120585,0.106938,0.095229,0.076753,0.064059,0.048295,0.033673,0.020510,0.011445,0.007130,0.005794,
0.190044,0.184249,0.182202,0.177589,0.173253,0.167910,0.158881,0.151140,0.140858,0.128089,0.116196,0.102010,0.087245,0.072326,0.059084,0.043407,0.030378,0.017981,0.008695,0.006236,0.004644,
0.183726,0.186685,0.182703,0.179037,0.174193,0.167936,0.159299,0.150185,0.140562,0.127932,0.114503,0.102916,0.088572,0.074408,0.058835,0.044411,0.031045,0.018219,0.009488,0.006768,0.005041,
0.188919,0.184417,0.183330,0.177903,0.172562,0.166712,0.158014,0.149260,0.139429,0.127569,0.116070,0.103145,0.088558,0.075172,0.060437,0.046365,0.032494,0.020213,0.009906,0.007771,0.005781,
0.185221,0.181301,0.180174,0.176046,0.170556,0.165332,0.157413,0.147467,0.138404,0.126901,0.114499,0.103030,0.089235,0.075133,0.061337,0.046580,0.032855,0.020242,0.010684,0.008442,0.006596,
0.183285,0.180696,0.178611,0.174114,0.168126,0.163145,0.155387,0.147296,0.136871,0.126153,0.114148,0.101156,0.087554,0.073393,0.059511,0.044938,0.031235,0.018836,0.011045,0.008885,0.007339,
0.180864,0.177733,0.175484,0.171452,0.166209,0.160623,0.153064,0.144469,0.135058,0.123566,0.111802,0.099295,0.085967,0.071921,0.058478,0.045254,0.032632,0.021097,0.013086,0.010616,0.008403,
0.175727,0.174189,0.172230,0.168755,0.163634,0.158430,0.151195,0.142537,0.132304,0.121718,0.110011,0.098479,0.085351,0.072217,0.059190,0.046558,0.034280,0.023674,0.014974,0.012065,0.010064,
0.179452,0.170900,0.168374,0.166236,0.160964,0.155619,0.148934,0.139778,0.130544,0.120297,0.108964,0.097349,0.085340,0.073039,0.060494,0.047922,0.035947,0.024319,0.015995,0.013986,0.011209,
0.173684,0.168585,0.165858,0.162851,0.158735,0.152770,0.145422,0.136935,0.128549,0.118378,0.107929,0.096988,0.085644,0.073301,0.060616,0.048471,0.036880,0.026418,0.019338,0.016604,0.013112,
0.168503,0.164910,0.162100,0.159648,0.155014,0.149876,0.142507,0.134549,0.126363,0.116901,0.106952,0.095983,0.085400,0.072991,0.061250,0.049372,0.039548,0.030526,0.022702,0.019554,0.016098,
0.164259,0.160015,0.157415,0.155355,0.151635,0.146052,0.139596,0.132103,0.123839,0.115393,0.106117,0.095796,0.084325,0.073440,0.063040,0.053263,0.043263,0.034221,0.027176,0.023993,0.018656,
0.160246,0.156104,0.153125,0.151516,0.147393,0.142460,0.136270,0.129868,0.121853,0.113970,0.105192,0.095056,0.084952,0.075794,0.066786,0.057063,0.047409,0.040654,0.032861,0.028152,0.020255,
0.152068,0.151090,0.149006,0.146424,0.143685,0.137754,0.132938,0.126905,0.120089,0.112667,0.103638,0.095426,0.087411,0.079669,0.070565,0.063054,0.054998,0.047365,0.041131,0.033273,0.025837,
0.147051,0.143721,0.142606,0.141018,0.138135,0.133400,0.128845,0.123243,0.117373,0.111182,0.103950,0.097543,0.090289,0.083242,0.076593,0.071092,0.063048,0.057362,0.047723,0.041728,0.028168,
0.137936,0.136462,0.135378,0.133400,0.131001,0.127143,0.123880,0.120048,0.115077,0.110058,0.105455,0.100315,0.094823,0.089981,0.086747,0.080122,0.076213,0.066023,0.060552,0.046820,0.027640,
0.127636,0.123566,0.125914,0.124374,0.122048,0.119073,0.117503,0.115343,0.111899,0.108937,0.107419,0.104105,0.103374,0.100460,0.096716,0.097154,0.087256,0.081645,0.072956,0.046681,0.021088,
0.108377,0.098907,0.108367,0.108440,0.109531,0.105876,0.105137,0.108083,0.106127,0.107263,0.110438,0.108818,0.112971,0.109197,0.113771,0.109693,0.102538,0.097686,0.078152,0.045825,0.013398,
nan,nan,0.081420,0.074446,0.081470,0.077382,0.083807,0.087240,0.098056,0.093104,0.102764,0.107079,0.113936,0.128614,0.125006,0.122567,0.128163,0.105681,0.088569,0.030326,0.010847,
nan,0.188222,0.186364,0.178940,0.176620,0.171512,0.161271,0.153700,0.146005,0.130192,0.122599,0.106267,0.092146,0.073796,0.059446,0.048676,0.035314,0.022032,0.008752,0.006088,0.005094,
0.189264,0.186779,0.185661,0.180000,0.176239,0.167360,0.158628,0.148362,0.139465,0.128945,0.116497,0.102843,0.089687,0.075181,0.058754,0.044729,0.029148,0.017488,0.007362,0.006580,0.005266,
0.184795,0.184981,0.182767,0.178708,0.174326,0.166670,0.159648,0.152387,0.139820,0.126928,0.115467,0.104004,0.089389,0.075124,0.060379,0.045358,0.031210,0.018738,0.009921,0.006854,0.005691,
0.184619,0.184286,0.181478,0.178143,0.172017,0.166592,0.159064,0.149514,0.139680,0.128222,0.116966,0.103250,0.090531,0.075439,0.062056,0.046427,0.033075,0.020534,0.010052,0.007112,0.006238,
0.184319,0.181793,0.179640,0.176109,0.170209,0.164787,0.157635,0.149239,0.139233,0.127179,0.114851,0.102007,0.087987,0.073023,0.058777,0.044602,0.030367,0.018128,0.009626,0.007800,0.006164,
0.185046,0.179138,0.176899,0.173846,0.168364,0.162771,0.155617,0.146310,0.136050,0.124588,0.112312,0.099674,0.086319,0.072163,0.058596,0.044522,0.031641,0.019834,0.011289,0.008772,0.007212,
0.182244,0.177015,0.174762,0.171759,0.166328,0.161227,0.153468,0.144451,0.133726,0.123597,0.111165,0.099311,0.086484,0.073055,0.059551,0.046735,0.033838,0.022084,0.012728,0.009927,0.008196,
0.179637,0.175526,0.171403,0.169174,0.164603,0.158169,0.150322,0.141536,0.132427,0.121910,0.111156,0.098972,0.086170,0.073019,0.060099,0.046313,0.033131,0.021301,0.013017,0.010790,0.009013,
0.171302,0.171689,0.168746,0.166182,0.162216,0.155834,0.147858,0.139692,0.131143,0.120580,0.109843,0.098346,0.086043,0.072292,0.058525,0.045412,0.033570,0.023384,0.015640,0.013180,0.010125,
0.173376,0.167836,0.165722,0.163058,0.158053,0.152568,0.145285,0.137352,0.128618,0.119455,0.108127,0.096238,0.083923,0.070876,0.059221,0.047528,0.037449,0.026183,0.017370,0.014608,0.011991,
0.167165,0.164318,0.162400,0.159305,0.154617,0.149258,0.142704,0.135004,0.126762,0.117029,0.106428,0.094634,0.082658,0.072482,0.061381,0.049586,0.037287,0.027068,0.020061,0.017451,0.014296,
0.163604,0.159874,0.159680,0.155995,0.151615,0.145952,0.139478,0.132563,0.124559,0.114805,0.104362,0.094210,0.084007,0.073540,0.062074,0.050682,0.040408,0.032437,0.023812,0.020798,0.015217,
0.156136,0.156673,0.154926,0.151551,0.147616,0.141435,0.136510,0.129871,0.121675,0.112799,0.103303,0.094589,0.084781,0.074637,0.063486,0.054053,0.044605,0.036109,0.028628,0.023423,0.019446,
0.154895,0.151012,0.149716,0.147022,0.142776,0.138013,0.132714,0.126370,0.118655,0.110813,0.103129,0.095224,0.085598,0.075719,0.067044,0.058717,0.049647,0.041635,0.034096,0.028255,0.021605,
0.148688,0.146236,0.143538,0.142058,0.137123,0.133287,0.128151,0.123061,0.116138,0.109446,0.102967,0.095098,0.087397,0.079777,0.071213,0.065327,0.055140,0.048827,0.038801,0.034080,0.022863,
0.137693,0.135374,0.135753,0.134327,0.129795,0.126817,0.123826,0.118454,0.113205,0.108416,0.102723,0.096525,0.090955,0.084099,0.079402,0.070079,0.066619,0.054842,0.050039,0.037809,0.022596,
0.128649,0.122684,0.126028,0.125736,0.119764,0.119361,0.117313,0.112471,0.108824,0.107385,0.102551,0.100529,0.095156,0.091482,0.085141,0.085362,0.072198,0.067735,0.057737,0.038599,0.019877,
0.108325,0.095117,0.111475,0.110009,0.103196,0.105600,0.108244,0.102065,0.104671,0.102105,0.102351,0.100135,0.101426,0.097172,0.100231,0.090090,0.088596,0.077618,0.062613,0.039119,0.013417,
nan,nan,0.075213,0.074763,nan,0.074809,0.078318,0.080736,0.082092,0.089476,0.092453,0.098207,0.100547,0.102918,0.105163,0.100591,0.106103,0.075271,0.070418,0.030784,0.007320,
nan,0.193353,0.181799,0.173795,0.175466,0.162375,0.161769,0.149170,0.138903,0.134164,0.117509,0.104465,0.096231,0.088635,0.061451,0.047675,0.035042,0.020354,0.008540,0.007944,0.005583,
0.186627,0.184394,0.184215,0.180282,0.171814,0.168314,0.160661,0.150028,0.138738,0.127482,0.115650,0.102729,0.087523,0.074727,0.058282,0.043687,0.029942,0.016966,0.008608,0.006283,0.005459,
0.187450,0.184822,0.183412,0.178414,0.173763,0.167388,0.159769,0.150693,0.141199,0.129113,0.116664,0.104774,0.089581,0.075138,0.060802,0.045852,0.032286,0.020382,0.010074,0.007344,0.005592,
0.181098,0.182886,0.181823,0.178044,0.172611,0.167053,0.159320,0.149718,0.140301,0.128921,0.117042,0.104170,0.089020,0.074808,0.060501,0.045449,0.031088,0.018384,0.008663,0.007122,0.005517,
0.179280,0.183151,0.179642,0.176698,0.170800,0.165456,0.157292,0.147798,0.138039,0.125915,0.113222,0.100526,0.086336,0.072398,0.058671,0.044331,0.030615,0.018362,0.010278,0.007636,0.006325,
0.179349,0.180673,0.177189,0.174113,0.169174,0.162835,0.155096,0.145678,0.135659,0.124878,0.113090,0.100712,0.087235,0.073878,0.060377,0.046665,0.034075,0.021336,0.011301,0.008613,0.006915,
0.175393,0.178618,0.175351,0.172095,0.167587,0.160552,0.152106,0.143962,0.134656,0.123821,0.113197,0.100514,0.087981,0.073842,0.059835,0.045198,0.031267,0.019385,0.011328,0.009018,0.007605,
0.173965,0.174782,0.173280,0.169484,0.163937,0.158110,0.150432,0.142657,0.133084,0.123031,0.111270,0.098599,0.085563,0.071408,0.057000,0.044369,0.032583,0.022008,0.013403,0.010702,0.008419,
0.172230,0.172195,0.169993,0.166339,0.160881,0.155238,0.148118,0.140152,0.131375,0.120749,0.108908,0.096196,0.083773,0.071054,0.059469,0.047554,0.035340,0.022637,0.013970,0.011296,0.009138,
0.165920,0.168343,0.166894,0.163108,0.158336,0.152266,0.145556,0.138206,0.128763,0.118016,0.106900,0.095947,0.083900,0.072776,0.059822,0.046183,0.033564,0.023452,0.016321,0.013356,0.011218,
0.162265,0.163705,0.162522,0.159844,0.154682,0.149300,0.143334,0.135627,0.125737,0.115674,0.105700,0.095726,0.084218,0.071491,0.058646,0.047144,0.037241,0.026950,0.018030,0.015514,0.011926,
0.163001,0.159673,0.158908,0.156033,0.150945,0.145951,0.139802,0.132081,0.122656,0.114267,0.104809,0.094727,0.082760,0.071445,0.060998,0.049938,0.038102,0.028940,0.021333,0.017660,0.013571,
0.160329,0.154980,0.154698,0.152000,0.147086,0.142951,0.136649,0.128774,0.120322,0.112807,0.103577,0.093182,0.082620,0.072997,0.062013,0.051273,0.041642,0.032313,0.024874,0.020106,0.016313,
0.151026,0.149097,0.149951,0.147277,0.142747,0.138632,0.132718,0.125414,0.118826,0.111306,0.101880,0.092384,0.084001,0.073858,0.063493,0.055199,0.045047,0.036305,0.027938,0.023958,0.017970,
0.145259,0.143139,0.144243,0.141076,0.137011,0.133985,0.128218,0.121475,0.115972,0.108873,0.100556,0.093285,0.085047,0.076154,0.067674,0.058823,0.050269,0.040894,0.033546,0.027932,0.019035,
0.138338,0.134471,0.137012,0.133664,0.129490,0.128068,0.122063,0.116710,0.112784,0.105956,0.100385,0.093456,0.087221,0.079359,0.072145,0.065223,0.056702,0.045938,0.041285,0.030582,0.019263,
0.125176,0.122826,0.124432,0.122406,0.120701,0.120146,0.114607,0.112524,0.108150,0.103342,0.098999,0.093891,0.089616,0.083370,0.078491,0.073358,0.062057,0.058088,0.046170,0.033154,0.017758,
0.111555,0.111304,0.110264,0.107172,0.106007,0.108219,0.101003,0.104059,0.100415,0.097680,0.096872,0.094450,0.090973,0.089687,0.085303,0.076841,0.075431,0.064702,0.050639,0.032687,0.014365,
nan,0.080669,0.075370,nan,0.080885,0.075715,0.070991,0.079864,0.080556,0.079625,0.087653,0.084248,0.087137,0.089720,0.081401,0.089628,0.075134,0.069228,0.054727,0.027921,0.010080,
nan,0.183278,0.187403,0.178606,0.171824,0.167745,0.165229,0.149524,0.145197,0.129880,0.117215,0.107802,0.089748,0.077528,0.063206,0.048240,0.033520,0.021171,0.008808,0.006367,0.004657,
0.185899,0.186663,0.184249,0.179239,0.174620,0.167783,0.158920,0.149899,0.138654,0.127623,0.116063,0.101267,0.088038,0.072564,0.059212,0.044579,0.029912,0.016681,0.008383,0.005721,0.005354,
0.179870,0.184873,0.183447,0.178608,0.174396,0.167981,0.159820,0.150589,0.141571,0.129438,0.118677,0.105486,0.090433,0.077414,0.062657,0.048360,0.034072,0.020423,0.009491,0.006913,0.005126,
0.183902,0.184903,0.180140,0.177579,0.171618,0.167114,0.159304,0.150081,0.139231,0.127103,0.114330,0.100860,0.086980,0.071843,0.057280,0.042806,0.028884,0.017031,0.008922,0.006672,0.005848,
0.180825,0.182991,0.179155,0.176594,0.170857,0.164652,0.156675,0.147327,0.136392,0.125547,0.113097,0.101425,0.088533,0.073496,0.059867,0.045931,0.032876,0.020763,0.010872,0.007600,0.006102,
0.177534,0.180334,0.178104,0.174105,0.169321,0.162145,0.154383,0.146136,0.136649,0.125708,0.114600,0.102234,0.089359,0.074265,0.059664,0.045237,0.030879,0.018424,0.009647,0.007818,0.006646,
0.180428,0.176004,0.175947,0.171531,0.166702,0.161103,0.152675,0.144900,0.135692,0.125515,0.112520,0.099410,0.085246,0.071001,0.056909,0.043825,0.031698,0.020888,0.011974,0.009036,0.007143,
0.180671,0.173270,0.173075,0.168997,0.164157,0.158414,0.150979,0.142743,0.133355,0.121854,0.109335,0.097129,0.085060,0.072465,0.060183,0.046702,0.033584,0.020459,0.011308,0.009530,0.007652,
0.171726,0.169987,0.170567,0.166470,0.161405,0.155678,0.149006,0.140736,0.130172,0.119334,0.108999,0.097646,0.085372,0.072735,0.058186,0.043988,0.031729,0.021995,0.013744,0.010739,0.008609,
0.167848,0.167118,0.166397,0.163473,0.158086,0.153264,0.145986,0.137354,0.127069,0.118245,0.108363,0.096693,0.083078,0.069594,0.057554,0.046872,0.034799,0.022928,0.013970,0.011946,0.009679,
0.165030,0.163527,0.164199,0.160058,0.155932,0.150427,0.142425,0.133834,0.125449,0.117215,0.105684,0.094361,0.081736,0.071482,0.059896,0.046368,0.034035,0.024986,0.016891,0.013634,0.010750,
0.161003,0.160134,0.160038,0.156498,0.151571,0.146826,0.139417,0.131379,0.124287,0.114428,0.103656,0.092856,0.083320,0.071419,0.058335,0.047808,0.037622,0.026688,0.018877,0.015324,0.011949,
0.155606,0.155008,0.155258,0.152015,0.147845,0.142577,0.135554,0.128631,0.121497,0.111559,0.102012,0.093686,0.082323,0.070057,0.060557,0.049676,0.038438,0.029648,0.021215,0.017689,0.013763,
0.156545,0.149518,0.150297,0.146263,0.143174,0.138026,0.131634,0.125900,0.118214,0.109009,0.101729,0.091987,0.081588,0.072561,0.061737,0.051504,0.041387,0.032363,0.023844,0.020339,0.015083,
0.146749,0.143096,0.144744,0.139406,0.137131,0.132796,0.127128,0.122220,0.114811,0.107016,0.099533,0.090706,0.082688,0.073383,0.063887,0.054572,0.045940,0.035533,0.028785,0.022921,0.015851,
0.138653,0.135086,0.138003,0.131809,0.130580,0.126136,0.121911,0.117085,0.110270,0.104546,0.097335,0.090772,0.083186,0.074811,0.066720,0.060510,0.049828,0.040446,0.034327,0.025137,0.016748,
nan,0.125263,0.127410,0.120829,0.121959,0.116857,0.114082,0.111682,0.106052,0.101503,0.095763,0.090359,0.084042,0.077229,0.072923,0.063916,0.054277,0.048771,0.037720,0.027486,0.016222,
nan,0.108164,0.109310,0.105086,0.109968,0.101207,0.103595,0.099338,0.097453,0.094361,0.094096,0.089379,0.083308,0.082216,0.073567,0.067278,0.064268,0.053803,0.041309,0.028625,0.014472,
nan,0.077392,0.074025,0.074511,0.072369,nan,0.074785,0.074416,0.075570,0.077897,0.078170,0.076755,0.078418,0.075402,0.078475,0.078600,0.063426,0.058430,0.049581,0.025438,0.010133,
nan,0.184282,0.188183,0.180425,0.172720,0.170674,0.160383,0.151191,0.145114,0.128980,0.118528,0.111596,0.097094,0.075766,0.060789,0.046647,0.034096,0.018708,0.008797,0.006511,0.003915,
0.180866,0.185627,0.184906,0.179946,0.174585,0.166785,0.160174,0.151245,0.139156,0.126242,0.114704,0.102577,0.087176,0.073965,0.059335,0.044110,0.030485,0.017422,0.009226,0.006246,0.005432,
0.186699,0.186465,0.183026,0.179369,0.173784,0.168602,0.160782,0.153214,0.142048,0.130387,0.118586,0.105046,0.090183,0.076478,0.061054,0.046459,0.031693,0.018828,0.008094,0.006638,0.005049,
0.182001,0.184224,0.180693,0.179100,0.172870,0.166622,0.157703,0.147968,0.137921,0.126182,0.113000,0.101099,0.086381,0.072607,0.058772,0.044413,0.030308,0.018222,0.009773,0.006902,0.005647,
0.178856,0.181316,0.180454,0.176050,0.171268,0.163982,0.155445,0.147631,0.138110,0.127580,0.115774,0.103329,0.090038,0.076335,0.061918,0.046525,0.032351,0.019042,0.009317,0.007077,0.005672,
0.177963,0.178816,0.178148,0.173567,0.168488,0.163535,0.154625,0.147958,0.137942,0.126394,0.114260,0.100416,0.085540,0.071228,0.057166,0.043501,0.030060,0.019094,0.011182,0.008095,0.006258,
0.174253,0.176100,0.175553,0.171475,0.166463,0.160991,0.154336,0.144916,0.134443,0.122647,0.110552,0.098247,0.086428,0.074012,0.060552,0.046443,0.033222,0.019901,0.009992,0.007883,0.007288,
0.176723,0.173343,0.173055,0.169500,0.164771,0.158988,0.151355,0.142306,0.131453,0.121506,0.111465,0.099556,0.086541,0.071617,0.057090,0.043070,0.030776,0.020823,0.012214,0.009437,0.007044,
0.172778,0.169896,0.170063,0.166406,0.162282,0.156852,0.148089,0.139292,0.130408,0.120918,0.110306,0.096678,0.082740,0.069672,0.058561,0.046510,0.033621,0.020422,0.011874,0.009615,0.007947,
0.169725,0.166438,0.165831,0.163268,0.159325,0.153059,0.145020,0.136858,0.128895,0.118579,0.106116,0.094870,0.083594,0.072056,0.058094,0.043952,0.031905,0.023125,0.013509,0.010923,0.008529,
0.167394,0.162431,0.162275,0.158790,0.155816,0.149361,0.142082,0.134690,0.126584,0.115439,0.104913,0.095758,0.083247,0.069548,0.057352,0.047096,0.034187,0.022648,0.015247,0.012351,0.009654,
0.167478,0.159257,0.158020,0.154876,0.152060,0.145659,0.139077,0.132275,0.122953,0.113217,0.104766,0.093447,0.080637,0.069948,0.058767,0.045948,0.035118,0.025223,0.016416,0.013473,0.010336,
0.161057,0.154520,0.153947,0.150947,0.148237,0.141478,0.136145,0.128857,0.120272,0.111781,0.102655,0.090795,0.081794,0.070297,0.058229,0.048360,0.036589,0.026627,0.018411,0.015323,0.011713,
0.154161,0.149514,0.148827,0.146706,0.143482,0.136991,0.132897,0.124696,0.116910,0.109627,0.099270,0.091261,0.080805,0.069851,0.059843,0.048707,0.038985,0.028838,0.021192,0.017439,0.012773,
0.146340,0.143688,0.142464,0.141134,0.137834,0.131546,0.127760,0.120203,0.115092,0.106684,0.098091,0.090074,0.080350,0.070777,0.061097,0.051522,0.041708,0.031342,0.025122,0.019458,0.013758,
0.139100,0.137089,0.134497,0.133037,0.130775,0.125060,0.122007,0.115465,0.110829,0.102594,0.096454,0.088188,0.080215,0.071740,0.062775,0.054611,0.044604,0.036175,0.028459,0.021192,0.014567,
0.123126,0.123501,0.125014,0.121464,0.121097,0.116429,0.113925,0.109124,0.104745,0.098680,0.093562,0.087618,0.080427,0.072932,0.065755,0.056488,0.048228,0.041567,0.031915,0.023384,0.014392,
0.116609,0.108108,0.107958,0.105383,0.105897,0.103710,0.101983,0.099770,0.094769,0.092767,0.088118,0.083275,0.080109,0.073089,0.066781,0.059651,0.055603,0.045670,0.035076,0.024704,0.013354,
nan,0.069825,nan,0.072133,0.071403,0.072577,nan,0.074709,nan,0.071888,0.068226,0.067610,0.070578,0.066163,0.060492,0.066932,0.053749,0.049393,0.041999,0.027166,0.012794,
nan,0.188897,0.184144,0.180124,0.177936,0.167520,0.162222,0.157465,0.138341,0.132592,0.121537,0.106062,0.091414,0.079266,0.061336,0.050116,0.031244,0.019577,0.008604,0.006144,0.004343,
0.183190,0.187144,0.183858,0.179938,0.173064,0.166246,0.158783,0.152336,0.139944,0.129200,0.114377,0.103864,0.089876,0.074763,0.060303,0.045846,0.031459,0.019360,0.010075,0.006462,0.005360,
0.183450,0.186102,0.181417,0.180053,0.174511,0.168403,0.160728,0.150658,0.140409,0.128009,0.115877,0.103497,0.088448,0.072930,0.058730,0.043599,0.029601,0.016885,0.007945,0.005747,0.005535,
0.183450,0.182847,0.181953,0.177812,0.171731,0.165740,0.157769,0.148078,0.138123,0.126568,0.115537,0.103028,0.089560,0.075069,0.062274,0.047834,0.033676,0.020882,0.010170,0.007225,0.005331,
0.183824,0.180902,0.180475,0.175181,0.171360,0.164836,0.157660,0.149419,0.139627,0.127952,0.115641,0.102242,0.087743,0.072190,0.057206,0.042433,0.028825,0.016403,0.008498,0.006743,0.005767,
0.180205,0.179280,0.178427,0.173923,0.169166,0.163768,0.156584,0.146563,0.136118,0.124378,0.111390,0.098800,0.087084,0.073523,0.060479,0.047300,0.033370,0.020891,0.009888,0.007375,0.005980,
0.178008,0.177844,0.176044,0.172403,0.167418,0.162003,0.152849,0.143740,0.133932,0.124164,0.113514,0.101297,0.087535,0.072124,0.056680,0.042255,0.029496,0.018761,0.011097,0.008154,0.006263,
0.174040,0.174637,0.172028,0.169489,0.165517,0.158476,0.150026,0.142034,0.133725,0.123547,0.110886,0.096850,0.083198,0.071194,0.059722,0.046819,0.033053,0.019244,0.010073,0.008171,0.006737,
0.174511,0.172248,0.169164,0.166002,0.162578,0.155137,0.148226,0.140539,0.130851,0.119384,0.107487,0.097551,0.085834,0.072086,0.057254,0.042510,0.031217,0.021664,0.012014,0.008972,0.007923,
0.170009,0.169230,0.166416,0.162932,0.159316,0.152193,0.145627,0.137839,0.127908,0.116868,0.107813,0.096465,0.082255,0.068742,0.058254,0.046014,0.031837,0.019926,0.012841,0.010237,0.008061,
0.168090,0.164971,0.162100,0.159728,0.155508,0.148914,0.143664,0.134377,0.124645,0.116760,0.105912,0.092858,0.081822,0.071123,0.056881,0.043914,0.034075,0.022567,0.013375,0.011099,0.008560,
0.162757,0.159964,0.158498,0.155880,0.151015,0.145703,0.140275,0.130805,0.123555,0.114297,0.102734,0.092816,0.081878,0.068128,0.057459,0.045873,0.032887,0.023921,0.014961,0.011775,0.009129,
0.154391,0.156500,0.153868,0.151455,0.146700,0.142580,0.136326,0.127553,0.121435,0.110713,0.101203,0.091847,0.079415,0.069863,0.057291,0.045519,0.035046,0.024220,0.016451,0.013501,0.010096,
0.154287,0.149742,0.147971,0.147151,0.142335,0.138499,0.131817,0.124825,0.117802,0.107957,0.099946,0.089297,0.080387,0.067964,0.058185,0.047045,0.036456,0.026329,0.018845,0.014610,0.011096,
0.149192,0.144032,0.142798,0.141789,0.136243,0.134011,0.125997,0.122038,0.113076,0.106106,0.097011,0.088676,0.078854,0.068813,0.058764,0.048960,0.038676,0.028336,0.021845,0.016561,0.011766,
0.135628,0.134062,0.133247,0.135002,0.127659,0.127812,0.119278,0.116096,0.108213,0.102921,0.094067,0.086683,0.077831,0.068815,0.059302,0.050340,0.040323,0.032197,0.023917,0.018144,0.012785,
0.128381,0.125738,0.122526,0.125370,0.117002,0.117737,0.111324,0.109803,0.102457,0.096607,0.091501,0.083193,0.076879,0.069149,0.061581,0.051982,0.043924,0.036682,0.026837,0.020170,0.013153,
0.109225,0.103507,0.103343,0.111909,0.097145,0.104164,0.097200,0.096987,0.095052,0.087893,0.085335,0.080267,0.073941,0.067227,0.059803,0.054695,0.049795,0.038498,0.030407,0.021248,0.013195,
nan,nan,nan,0.073882,0.077682,0.067893,0.073195,0.085633,0.070906,0.064807,0.068987,0.064513,0.061640,0.059399,0.061772,0.052803,0.049824,0.040491,0.038997,0.024136,0.011196,
nan,0.182802,0.181210,0.182895,0.179304,0.172187,0.157363,0.156767,0.142909,0.130275,0.118003,0.104564,0.088281,0.079502,0.063141,0.048704,0.033846,0.019430,0.009792,0.005947,0.004570,
0.188099,0.185164,0.183789,0.180387,0.174230,0.168765,0.161292,0.152700,0.143269,0.130439,0.120188,0.106598,0.093086,0.077910,0.062424,0.049000,0.035740,0.021498,0.010990,0.006810,0.004796,
0.186987,0.184681,0.182714,0.180304,0.174140,0.167759,0.159729,0.150442,0.139243,0.126561,0.114556,0.100406,0.086101,0.071668,0.056614,0.041429,0.027793,0.015341,0.007431,0.006044,0.005225,
0.188650,0.183107,0.181845,0.176888,0.172460,0.166063,0.157632,0.149907,0.140789,0.130240,0.117723,0.105779,0.091996,0.076740,0.062175,0.047157,0.032173,0.019024,0.008839,0.006612,0.004981,
0.185831,0.181103,0.180198,0.175699,0.170661,0.165219,0.158155,0.149169,0.138124,0.125754,0.112651,0.099529,0.085514,0.071298,0.058087,0.044897,0.032519,0.020741,0.010859,0.007083,0.005599,
0.185725,0.180297,0.177348,0.174640,0.170899,0.164297,0.154579,0.145283,0.135498,0.125536,0.115115,0.102816,0.089367,0.074210,0.058793,0.043289,0.028912,0.016120,0.008892,0.006930,0.005948,
0.180358,0.176637,0.174970,0.171983,0.168035,0.160367,0.152496,0.144920,0.136459,0.125103,0.111528,0.097629,0.084141,0.071206,0.060000,0.046901,0.033422,0.020096,0.009237,0.007281,0.006352,
0.176601,0.174939,0.172801,0.169631,0.165194,0.157043,0.151242,0.143578,0.132063,0.120383,0.109611,0.099995,0.087098,0.072364,0.056644,0.041618,0.030161,0.020704,0.011406,0.007968,0.006003,
0.174871,0.171025,0.169238,0.167218,0.161672,0.155626,0.149229,0.139490,0.129453,0.120873,0.109831,0.096877,0.082135,0.070171,0.059321,0.045677,0.030411,0.017865,0.011058,0.008658,0.006884,
0.174088,0.167728,0.165549,0.164040,0.157571,0.152964,0.146644,0.136010,0.128524,0.118947,0.106359,0.093970,0.084300,0.070684,0.055758,0.043539,0.033375,0.020959,0.011040,0.009253,0.007110,
0.164423,0.163518,0.162163,0.160878,0.153968,0.150367,0.142770,0.133607,0.126900,0.114916,0.104697,0.095157,0.080961,0.068191,0.058167,0.044074,0.031044,0.022150,0.012699,0.009843,0.007497,
0.160063,0.160085,0.157758,0.156964,0.150941,0.147288,0.138568,0.132376,0.123204,0.112605,0.104227,0.091517,0.080510,0.069322,0.055414,0.045493,0.032790,0.021351,0.013782,0.010648,0.008155,
0.155032,0.155664,0.153080,0.152386,0.146570,0.143052,0.134683,0.129513,0.119128,0.112521,0.100321,0.091289,0.079992,0.067148,0.057060,0.043899,0.033952,0.023088,0.015275,0.011978,0.008828,
0.148042,0.152244,0.147549,0.146787,0.141598,0.137949,0.130703,0.124644,0.116389,0.108976,0.098225,0.089773,0.078348,0.067678,0.056197,0.045915,0.034266,0.024068,0.016695,0.012827,0.009896,
0.143720,0.145929,0.140212,0.140856,0.135979,0.131917,0.127537,0.119757,0.113752,0.103898,0.096945,0.086037,0.077413,0.066959,0.056659,0.045932,0.036227,0.026644,0.019175,0.014429,0.010194,
0.141724,0.139466,0.132386,0.132902,0.129958,0.124810,0.121928,0.114239,0.108459,0.100680,0.093000,0.084665,0.076165,0.066272,0.057611,0.047242,0.037221,0.028864,0.020642,0.015629,0.011315,
0.128262,0.129714,0.118772,0.123142,0.121416,0.114507,0.113554,0.107027,0.100908,0.096360,0.088046,0.081832,0.074304,0.065695,0.056677,0.048066,0.040440,0.032036,0.023800,0.017471,0.012154,
0.109755,0.118286,0.097822,0.108086,0.108155,0.095631,0.099885,0.097247,0.086129,0.086640,0.083527,0.074692,0.070349,0.061446,0.055574,0.050673,0.043238,0.034278,0.026687,0.018784,0.012005,
nan,0.075500,0.077173,nan,0.073685,nan,0.064818,0.064775,0.068693,0.066192,0.065552,0.062164,0.057004,0.056902,0.051575,0.048558,0.039421,0.034560,0.031167,0.021819,0.013556,
nan,0.184069,0.181468,0.180091,0.171421,0.165614,0.162475,0.150163,0.143253,0.126418,0.121424,0.106458,0.092512,0.076317,0.060670,0.043689,0.032971,0.018476,0.007534,0.006133,0.003763,
0.192640,0.187422,0.183273,0.179909,0.174768,0.170962,0.162188,0.153847,0.145177,0.132028,0.119209,0.108468,0.094418,0.079538,0.063700,0.050435,0.034323,0.021093,0.010414,0.006561,0.004682,
0.189079,0.184794,0.182612,0.179911,0.172281,0.166732,0.157693,0.148857,0.136910,0.125281,0.112743,0.100546,0.085336,0.071318,0.056277,0.042155,0.028847,0.017392,0.009283,0.006526,0.005499,
0.189429,0.184780,0.181235,0.177070,0.172775,0.165597,0.159293,0.150517,0.140566,0.129573,0.116890,0.102541,0.088226,0.072990,0.058548,0.043307,0.028626,0.015878,0.007501,0.005929,nan,
0.181920,0.182344,0.179789,0.176361,0.172509,0.166181,0.157175,0.146016,0.136390,0.125291,0.114179,0.102667,0.090831,0.077065,0.062374,0.047448,0.032713,0.019459,0.008536,0.006612,0.005001,
0.176587,0.178681,0.177849,0.175238,0.169927,0.162034,0.154739,0.146995,0.138511,0.127164,0.113558,0.099516,0.084690,0.070195,0.055873,0.044297,0.032450,0.021482,0.010665,0.007299,0.005502,
0.176850,0.177981,0.174231,0.172947,0.167581,0.160237,0.153810,0.145541,0.133624,0.121771,0.112045,0.100957,0.088300,0.073489,0.057990,0.042306,0.028247,0.016739,0.010261,0.007499,0.005643,
0.172106,0.175178,0.171299,0.170641,0.163757,0.159329,0.151546,0.141020,0.132315,0.123936,0.111696,0.097224,0.082443,0.070465,0.059385,0.046263,0.031921,0.017566,0.009112,0.007381,0.005795,
0.170562,0.172820,0.168923,0.167142,0.160307,0.156338,0.148570,0.139346,0.131882,0.119754,0.107110,0.097083,0.085868,0.070649,0.054958,0.042466,0.032603,0.020561,0.009733,0.007635,0.006417,
0.166331,0.169754,0.165499,0.163568,0.158288,0.153590,0.144730,0.138153,0.128310,0.116815,0.108369,0.095285,0.081064,0.070206,0.058690,0.042977,0.029162,0.021254,0.011349,0.008473,0.006697,
0.162908,0.166447,0.161361,0.159573,0.155292,0.149446,0.141663,0.135167,0.124814,0.116875,0.105000,0.092443,0.082819,0.068351,0.054977,0.045122,0.031296,0.019296,0.012236,0.009088,0.007344,
0.161801,0.163314,0.157035,0.155403,0.151403,0.145207,0.139784,0.130972,0.123432,0.113963,0.101868,0.093519,0.079422,0.068903,0.056047,0.042399,0.032988,0.020712,0.012836,0.009520,0.007731,
0.154717,0.157925,0.152506,0.151154,0.148192,0.140597,0.136395,0.127101,0.121119,0.109913,0.101464,0.089479,0.080078,0.066595,0.055952,0.043580,0.031929,0.021504,0.013501,0.010628,0.008193,
0.152589,0.152598,0.147093,0.145831,0.143220,0.135898,0.132076,0.125047,0.116574,0.108138,0.098010,0.088986,0.076855,0.066838,0.055269,0.044968,0.033333,0.022891,0.015112,0.011294,0.009098,
0.144780,0.146473,0.140169,0.139278,0.137871,0.130537,0.125892,0.121703,0.111109,0.105426,0.095448,0.085905,0.077221,0.065461,0.055168,0.044066,0.033772,0.024538,0.016788,0.012657,0.009238,
0.135469,0.139915,0.133162,0.130552,0.130234,0.124391,0.118660,0.115904,0.106256,0.099199,0.092528,0.083436,0.074492,0.064630,0.054552,0.044968,0.035043,0.026680,0.018349,0.013813,0.010151,
0.129153,0.128382,0.124070,0.119799,0.120613,0.117037,0.109329,0.106840,0.102010,0.092613,0.086699,0.080670,0.071459,0.063572,0.054130,0.045040,0.037557,0.029019,0.020882,0.015252,0.010814,
nan,0.111783,0.106343,0.098170,0.104747,0.102595,0.091837,0.090386,0.091021,0.087872,0.078312,0.073192,0.067313,0.059469,0.052579,0.046157,0.039028,0.029863,0.023440,0.017157,0.011937,
nan,0.071843,0.075513,nan,nan,0.068686,0.073356,nan,0.058861,0.062770,0.058988,0.055165,0.054932,0.049859,0.047924,0.042158,0.039367,0.029746,0.025714,0.021109,0.011574,
nan,0.188462,0.184827,0.190387,0.169957,0.172461,0.160547,0.155041,0.137350,0.131172,0.116818,0.104807,0.087427,0.075982,0.060756,0.046059,0.033215,0.019247,0.008951,0.007157,0.004431,
0.184604,0.186756,0.186112,0.181865,0.176345,0.169943,0.161476,0.153870,0.144530,0.131576,0.119812,0.107404,0.091732,0.078432,0.062453,0.047746,0.033760,0.020433,0.009368,0.006750,0.004802,
0.184920,0.184094,0.183418,0.178146,0.172387,0.166512,0.157880,0.148091,0.139433,0.127444,0.115785,0.104806,0.090708,0.077227,0.063593,0.049558,0.034792,0.022833,0.010985,0.006911,0.004964,
0.181041,0.183576,0.181601,0.177201,0.173967,0.168152,0.159908,0.150308,0.138982,0.125683,0.112808,0.099803,0.084493,0.069911,0.055009,0.040671,0.028062,0.016318,0.009713,0.006427,0.005334,
0.180616,0.181377,0.179242,0.177681,0.172080,0.164722,0.155032,0.148809,0.139917,0.129199,0.117905,0.103673,0.089067,0.073285,0.058531,0.042783,0.028382,0.015407,0.007623,0.006003,0.005612,
0.181425,0.181948,0.176691,0.175198,0.169598,0.163395,0.155864,0.148223,0.136586,0.123369,0.111509,0.099897,0.089078,0.076712,0.061567,0.046168,0.031195,0.017586,0.008190,0.006041,0.005678,
0.175900,0.178706,0.174960,0.172516,0.165947,0.162091,0.153350,0.142431,0.133431,0.126270,0.113755,0.099011,0.083714,0.069613,0.057916,0.046748,0.033913,0.020101,0.008801,0.006744,nan,
0.174180,0.175242,0.171570,0.169144,0.163542,0.158860,0.150673,0.143269,0.133741,0.121013,0.108272,0.099773,0.087212,0.071830,0.055827,0.041045,0.030700,0.020994,0.010107,0.006927,0.005243,
0.170621,0.173777,0.167554,0.165676,0.162658,0.155473,0.148608,0.140531,0.129367,0.120637,0.110398,0.095893,0.081654,0.071140,0.059310,0.043139,0.028423,0.018902,0.010847,0.007532,0.005404,
0.168162,0.169567,0.164610,0.162315,0.159549,0.151250,0.146569,0.136537,0.128807,0.118594,0.105598,0.095867,0.083447,0.068228,0.055832,0.045176,0.030354,0.017653,0.011250,0.008095,0.005928,
0.166330,0.166337,0.162248,0.158558,0.155641,0.148156,0.142889,0.133116,0.126934,0.114404,0.105796,0.093687,0.080034,0.070308,0.055048,0.042353,0.032271,0.019147,0.011252,0.008543,0.006332,
0.157546,0.162465,0.159322,0.154519,0.151660,0.146072,0.138902,0.132093,0.122382,0.114054,0.102291,0.091703,0.080774,0.066505,0.056565,0.042356,0.031440,0.020048,0.011210,0.008800,0.007179,
0.159790,0.157389,0.155425,0.149877,0.147392,0.143332,0.134317,0.129631,0.119067,0.111478,0.099972,0.090494,0.078102,0.067305,0.054072,0.043522,0.030673,0.020855,0.012173,0.009677,0.007399,
0.149772,0.152174,0.151154,0.144712,0.142292,0.138449,0.129733,0.124374,0.116772,0.106563,0.099420,0.086742,0.077376,0.065346,0.054326,0.043400,0.032107,0.022130,0.013902,0.010267,0.008380,
0.146475,0.146240,0.144743,0.138028,0.135247,0.133083,0.126082,0.118003,0.112493,0.102982,0.094493,0.086359,0.074804,0.064457,0.053901,0.042882,0.032296,0.022799,0.015144,0.011504,0.008415,
0.140102,0.137018,0.136525,0.129074,0.127292,0.125385,0.121010,0.112086,0.105810,0.100139,0.091389,0.082401,0.073057,0.063998,0.052936,0.042954,0.033393,0.024860,0.016687,0.012325,0.009152,
0.127969,0.128760,0.127434,0.118496,0.115737,0.114916,0.112168,0.105315,0.097219,0.092090,0.086065,0.078445,0.069287,0.061416,0.052209,0.042880,0.035309,0.026227,0.018857,0.013785,0.010173,
nan,0.110391,0.113290,0.099305,0.094492,0.098360,0.099133,0.096972,0.085883,0.082167,0.075945,0.070847,0.063894,0.057933,0.050603,0.043257,0.034832,0.027562,0.020962,0.015323,0.011509,
nan,nan,0.075574,0.073426,nan,nan,0.065742,0.063634,0.063154,0.059231,0.059115,0.058385,0.048692,0.046549,0.046364,0.037906,0.036067,0.026098,0.024894,0.016960,0.010167,
nan,0.184091,0.183903,0.178589,0.175278,0.170749,0.157403,0.153202,0.142526,0.128626,0.116672,0.105277,0.092223,0.075358,0.061756,0.046761,0.032224,0.016867,0.006839,0.005266,0.004063,
0.187568,0.186500,0.183702,0.180181,0.176875,0.170115,0.162082,0.153808,0.142459,0.130164,0.118994,0.105955,0.091691,0.075757,0.061619,0.046214,0.032350,0.019140,0.008166,0.006423,0.004585,
0.184497,0.185753,0.182418,0.177393,0.172676,0.166930,0.160781,0.152275,0.144281,0.131705,0.121214,0.107196,0.093313,0.078725,0.064490,0.048393,0.034185,0.020803,0.009222,0.006704,0.004827,
0.180179,0.183291,0.181248,0.178731,0.173455,0.166999,0.156998,0.147677,0.136045,0.124806,0.113070,0.101641,0.090817,0.076826,0.064222,0.049912,0.035536,0.021761,0.010056,0.006564,0.004967,
0.183280,0.183592,0.180210,0.177962,0.171480,0.163123,0.159152,0.149671,0.139735,0.127756,0.113624,0.099146,0.083874,0.069547,0.055752,0.044024,0.032308,0.021293,0.011041,0.006757,0.004984,
0.182923,0.180246,0.177746,0.174471,0.168929,0.164656,0.155945,0.144500,0.134807,0.127511,0.116543,0.102727,0.087293,0.071278,0.055606,0.040113,0.028082,0.018256,0.010381,0.006972,0.005232,
0.182096,0.178860,0.174913,0.171458,0.166572,0.161089,0.152641,0.146312,0.135462,0.122594,0.109578,0.099735,0.088958,0.074824,0.059040,0.042461,0.027900,0.016117,0.009737,0.007035,0.005074,
0.178974,0.176225,0.173131,0.168725,0.165570,0.157696,0.152815,0.142247,0.130995,0.122927,0.112101,0.097285,0.081942,0.071353,0.060021,0.045137,0.029520,0.016113,0.009500,0.006824,0.005242,
0.175059,0.171695,0.171274,0.165113,0.161944,0.154252,0.148766,0.138274,0.132623,0.119843,0.106965,0.098437,0.084608,0.068748,0.055660,0.046088,0.031230,0.017347,0.008904,0.007192,0.005589,
0.168042,0.170125,0.168034,0.161778,0.158089,0.153902,0.144964,0.138446,0.128395,0.117469,0.108425,0.093998,0.082670,0.071184,0.055024,0.042195,0.032413,0.018936,0.009358,0.007764,0.005802,
0.166571,0.164943,0.163946,0.158210,0.154527,0.150801,0.141558,0.135574,0.124314,0.117092,0.103316,0.095370,0.080696,0.068039,0.056906,0.041728,0.030971,0.019493,0.009565,0.008018,0.006103,
0.163341,0.160458,0.159953,0.155894,0.150506,0.146904,0.139023,0.131437,0.124006,0.112285,0.103753,0.090871,0.081115,0.066861,0.054781,0.042568,0.028966,0.020353,0.010774,0.008269,0.006617,
0.159523,0.157324,0.155515,0.151253,0.145423,0.141611,0.136009,0.126785,0.120186,0.110642,0.100370,0.090119,0.077357,0.067457,0.053821,0.043747,0.030608,0.020891,0.011669,0.009142,0.007170,
0.153979,0.150844,0.149360,0.147419,0.140250,0.136445,0.132059,0.124218,0.114829,0.107967,0.097419,0.087252,0.077568,0.064561,0.053647,0.041344,0.031118,0.020894,0.012859,0.009877,0.007634,
nan,0.145715,0.144365,0.142203,0.135358,0.130051,0.125864,0.120654,0.111273,0.102388,0.095140,0.085140,0.074252,0.064109,0.052789,0.042054,0.031036,0.021296,0.013816,0.010563,0.007969,
nan,0.136336,0.136428,0.135430,0.128288,0.121727,0.117835,0.113934,0.106598,0.098013,0.089521,0.081700,0.072203,0.061848,0.051988,0.041528,0.032558,0.023255,0.015379,0.011434,0.008374,
nan,0.126893,0.125242,0.124944,0.120768,0.112234,0.107074,0.103822,0.099085,0.093263,0.084568,0.075926,0.067917,0.060171,0.050655,0.041308,0.032726,0.024389,0.017050,0.012667,0.009558,
nan,0.108643,0.109927,0.109587,0.106095,0.095833,0.088491,0.085336,0.082245,0.081755,0.075666,0.069869,0.063354,0.054152,0.047946,0.040798,0.033272,0.024927,0.018978,0.014371,0.010136,
nan,0.065286,0.074666,0.067681,0.068240,0.072903,0.067512,0.070731,0.071688,0.053872,0.047442,0.050923,0.047275,0.044219,0.041712,0.036973,0.033570,0.024181,0.023993,0.016257,0.012083,
nan,0.185496,0.186169,0.180494,0.175185,0.170436,0.158904,0.151526,0.139982,0.127563,0.117729,0.103833,0.092636,0.077116,0.059326,0.044309,0.029900,0.018278,0.007709,0.006357,0.004925,
0.184149,0.186371,0.184303,0.179548,0.174344,0.169706,0.161018,0.151868,0.142537,0.131389,0.117494,0.105483,0.089420,0.074926,0.059492,0.045639,0.031014,0.018411,0.007603,0.006142,0.004704,
0.186614,0.183781,0.182937,0.177825,0.173526,0.169348,0.161412,0.153260,0.142822,0.130824,0.119107,0.105260,0.090255,0.075823,0.061232,0.045779,0.031332,0.018556,0.007389,0.006056,0.004175,
0.186857,0.184387,0.180251,0.178716,0.173743,0.166014,0.156465,0.148072,0.141197,0.131580,0.119617,0.107102,0.092398,0.076653,0.062017,0.046174,0.031501,0.018290,0.007861,0.006008,0.003902,
0.185423,0.181771,0.179766,0.176230,0.170586,0.167423,0.157478,0.147888,0.135777,0.123140,0.112080,0.102240,0.092093,0.077955,0.062668,0.047371,0.032417,0.018898,0.007988,0.006123,0.004484,
0.181039,0.179420,0.177119,0.173760,0.170570,0.163170,0.153591,0.148300,0.139387,0.126045,0.112067,0.097049,0.084463,0.072875,0.061605,0.048268,0.032999,0.019485,0.008353,0.006037,0.004750,
0.177921,0.176211,0.176647,0.170981,0.167335,0.159710,0.155677,0.144098,0.132380,0.125764,0.114957,0.100206,0.083907,0.068688,0.056761,0.046093,0.034214,0.019978,0.008276,0.006232,nan,
0.179526,0.174586,0.173799,0.168594,0.164286,0.159217,0.150776,0.141229,0.134510,0.121319,0.108413,0.100149,0.087010,0.070684,0.054423,0.042467,0.032549,0.020171,0.008736,0.006080,0.005838,
0.175400,0.171592,0.170494,0.166952,0.160710,0.156691,0.147170,0.141205,0.129590,0.120917,0.109862,0.094425,0.084201,0.072852,0.056162,0.040286,0.030698,0.020478,0.008951,0.006455,0.005731,
0.169274,0.167900,0.166801,0.164552,0.157478,0.152992,0.146880,0.136834,0.128903,0.117818,0.104991,0.097058,0.080752,0.068570,0.057884,0.042073,0.029104,0.020619,0.009836,0.006815,0.005438,
0.166229,0.165032,0.163393,0.161015,0.153973,0.148386,0.143425,0.133907,0.126412,0.115287,0.105364,0.092068,0.083164,0.067209,0.055882,0.042667,0.028478,0.020116,0.009910,0.007201,0.005690,
nan,0.162361,0.158912,0.157119,0.151255,0.143851,0.138892,0.132249,0.121831,0.114167,0.101941,0.092061,0.078291,0.068013,0.053632,0.043500,0.029644,0.019570,0.010529,0.007525,0.006054,
0.157284,0.157831,0.154975,0.152486,0.148682,0.140893,0.134543,0.129295,0.119278,0.109043,0.101425,0.088343,0.078030,0.065600,0.053950,0.042105,0.030314,0.019404,0.010971,0.008412,0.006564,
0.154626,0.151982,0.150224,0.146945,0.144238,0.138230,0.129309,0.124138,0.116786,0.107021,0.096634,0.088117,0.075959,0.064644,0.053708,0.041000,0.030260,0.019431,0.012018,0.009108,0.007150,
nan,0.145352,0.143354,0.140794,0.137875,0.133214,0.125247,0.117905,0.110977,0.103842,0.094715,0.083766,0.073836,0.063950,0.051610,0.041126,0.030487,0.020545,0.012926,0.010045,0.007565,
nan,0.135542,0.134601,0.132387,0.129701,0.126667,0.120615,0.112731,0.104393,0.097620,0.089853,0.081802,0.071720,0.061062,0.051368,0.040667,0.031358,0.022069,0.014335,0.010529,0.008022,
nan,0.123927,0.122408,0.123191,0.118907,0.115792,0.112860,0.106237,0.098908,0.089447,0.082613,0.075782,0.067648,0.058367,0.049714,0.040597,0.031191,0.023274,0.015879,0.011969,0.008752,
nan,0.106338,0.106932,0.104091,0.103027,0.100825,0.097525,0.093785,0.088994,0.083703,0.074302,0.068127,0.060313,0.052968,0.046257,0.038385,0.032050,0.023424,0.017863,0.012998,0.010329,
nan,nan,nan,nan,nan,0.060552,0.056556,0.062271,0.055926,0.054460,0.055109,0.049544,0.046859,0.039518,0.036625,0.033979,0.028175,0.023521,nan,0.015553,0.011297,
nan,0.185214,0.182356,0.178965,0.172140,0.173975,0.159674,0.151781,0.141952,nan,0.117617,0.101701,0.086978,0.072564,0.062036,0.043711,0.031061,0.017531,0.007833,0.005833,nan,
0.186064,0.188530,0.183249,0.181086,0.174376,0.168963,0.160072,0.150252,0.141119,0.128924,0.115905,0.103416,0.087843,0.074031,0.059123,0.043297,0.029009,0.017218,0.007652,0.005916,nan,
0.183292,0.184038,0.181532,0.180123,0.175820,0.168153,0.161120,0.151216,0.141511,0.128094,0.115672,0.102726,0.088583,0.073420,0.057979,0.043018,0.029269,0.016193,0.007217,0.005463,nan,
0.186864,0.183316,0.182077,0.178811,0.171791,0.165100,0.160283,0.152956,0.141799,0.129764,0.116755,0.102843,0.087875,0.072757,0.058033,0.042514,0.028085,0.015299,0.007209,0.005321,nan,
0.185554,0.182614,0.180390,0.175367,0.173410,0.165120,0.155922,0.145841,0.139497,0.130809,0.118590,0.104029,0.088710,0.073118,0.058183,0.042435,0.027539,0.014465,0.007089,0.005527,0.005149,
0.181782,0.180456,0.178542,0.174556,0.169215,0.161745,0.158205,0.147373,0.133971,0.122555,0.115055,0.104415,0.090174,0.074144,0.057977,0.042102,0.027548,0.014344,0.008476,0.006002,0.004984,
0.179672,0.178629,0.176224,0.172548,0.166436,0.162850,0.152968,0.143371,0.137181,0.124081,0.108937,0.098210,0.088752,0.075321,0.058984,0.042372,0.027678,0.015563,0.009146,0.006561,0.004731,
0.176006,0.176244,0.172988,0.169581,0.163453,0.158626,0.150513,0.143194,0.131122,0.124005,0.111835,0.096166,0.082372,0.073341,0.059973,0.043127,0.027597,0.016527,0.009797,0.006610,0.004740,
0.175507,0.173824,0.169829,0.167240,0.162039,0.155222,0.149775,0.138711,0.132992,0.119015,0.108266,0.098652,0.082305,0.068046,0.059781,0.044166,0.028053,0.016900,0.010010,0.006637,0.004795,
0.175261,0.169311,0.166942,0.163545,0.159147,0.151187,0.145315,0.138511,0.127455,0.119665,0.106232,0.094275,0.083989,0.068052,0.056285,0.044555,0.028972,0.017632,0.010290,0.006941,0.005032,
nan,0.165787,0.162975,0.159717,0.155951,0.149693,0.140991,0.135312,0.125479,0.115459,0.105246,0.093253,0.080121,0.068695,0.053395,0.044105,0.029754,0.017587,0.010079,0.007035,0.005942,
0.162527,0.160394,0.159127,0.155700,0.152136,0.147604,0.138694,0.131332,0.123612,0.112092,0.102736,0.092387,0.079064,0.067978,0.054401,0.042150,0.029598,0.017805,0.010218,0.007151,0.005540,
0.160437,0.156046,0.154339,0.151322,0.147330,0.143156,0.136012,0.127434,0.118546,0.110793,0.099854,0.089232,0.078924,0.064709,0.053818,0.040733,0.030077,0.017735,0.010478,0.007786,0.006178,
nan,0.152411,0.148789,0.145983,0.141469,0.137453,0.132724,0.124583,0.115092,0.106177,0.097842,0.087587,0.075257,0.064492,0.053232,0.040949,0.029746,0.018749,0.011375,0.008575,0.006589,
0.145459,0.143934,0.142360,0.139115,0.135248,0.131175,0.126719,0.120389,0.112506,0.103098,0.092556,0.084384,0.073676,0.063429,0.051573,0.040616,0.030433,0.020121,0.012282,0.009509,0.007249,
nan,0.135932,0.132936,0.130652,0.126434,0.123109,0.118233,0.112676,0.106058,0.098286,0.089834,0.080305,0.070260,0.061032,0.050960,0.039975,0.030238,0.020950,0.013723,0.009907,0.007559,
nan,0.123056,0.120562,0.117390,0.114756,0.110845,0.106166,0.101862,0.096449,0.089497,0.083212,0.075136,0.066661,0.057654,0.048598,0.039408,0.030408,0.022015,0.014877,0.011542,0.008619,
nan,0.105244,0.099648,0.097883,0.090073,0.084262,0.088156,0.086252,0.081992,0.079877,0.070798,0.064504,0.058342,0.051898,0.045258,0.038339,0.030277,0.022963,0.017003,0.012222,0.009498,
nan,nan,nan,nan,nan,0.071367,0.070110,0.064570,0.059146,0.053096,0.052965,0.050154,0.044948,0.042766,0.035525,0.032254,0.026366,0.021017,0.017251,0.013658,0.010365,
nan,0.187214,0.185632,0.183794,0.178067,0.165584,0.158138,0.153092,0.141472,0.130351,0.112582,0.102224,0.086504,0.075259,0.059821,0.045007,0.031432,0.017012,0.008024,0.005410,nan,
0.188961,0.187885,0.184889,0.180967,0.175267,0.167483,0.158935,0.150343,0.138775,0.127346,0.114325,0.101230,0.086894,0.072494,0.057248,0.043451,0.028459,0.016114,0.006676,0.005572,nan,
0.185425,0.185555,0.182205,0.180090,0.175616,0.168163,0.159218,0.150438,0.137829,0.126333,0.113872,0.100408,0.085604,0.071306,0.055699,0.040545,0.026377,0.013911,0.006907,0.005468,0.004857,
0.186460,0.184287,0.182219,0.177957,0.172116,0.168451,0.161080,0.150188,0.139200,0.125802,0.112760,0.099163,0.083786,0.069046,0.054488,0.040470,0.028198,0.017023,0.009412,0.006176,0.005026,
0.184652,0.183001,0.180207,0.175931,0.172067,0.163382,0.157327,0.151426,0.140445,0.128088,0.113215,0.099106,0.083895,0.068830,0.056078,0.045184,0.032842,0.021483,0.010455,0.006207,0.004684,
0.177729,0.182310,0.177961,0.175337,0.168302,0.165392,0.155421,0.143819,0.138088,0.128754,0.114810,0.099249,0.083949,0.067782,0.057176,0.045510,0.033704,0.021336,0.009089,0.006206,0.004496,
0.172560,0.178827,0.175758,0.172027,0.167493,0.160750,0.153799,0.145694,0.132875,0.122830,0.115307,0.100989,0.084191,0.068453,0.056495,0.045855,0.034205,0.019810,0.008020,0.005915,0.004725,
0.175042,0.174727,0.172694,0.169952,0.165878,0.157072,0.152042,0.139956,0.135618,0.121095,0.108822,0.100832,0.085792,0.068895,0.055027,0.044892,0.032481,0.018331,0.007673,0.005659,0.004930,
0.170782,0.171814,0.169727,0.166060,0.162089,0.156560,0.147461,0.142004,0.129097,0.122690,0.108115,0.095070,0.086414,0.069780,0.053471,0.044400,0.031700,0.017274,0.007567,0.006221,0.005049,
0.170859,0.168120,0.166292,0.162910,0.158859,0.153533,0.144771,0.137107,0.130208,0.116981,0.108661,0.094581,0.081712,0.070561,0.053926,0.042744,0.031404,0.017356,0.009092,0.006918,0.005002,
0.164372,0.164150,0.162544,0.159504,0.154750,0.150075,0.143832,0.134426,0.124943,0.117056,0.103989,0.094808,0.080218,0.069762,0.054953,0.041087,0.030800,0.017255,0.009845,0.006854,0.004946,
nan,0.160922,0.158037,0.155000,0.150049,0.145694,0.139457,0.133135,0.122168,0.112549,0.103957,0.090051,0.079766,0.065305,0.054720,0.039953,0.030364,0.017578,0.010358,0.007145,0.005575,
nan,0.155659,0.153243,0.150566,0.145516,0.141017,0.135208,0.128479,0.120543,0.110346,0.099352,0.090026,0.077713,0.065703,0.054843,0.041426,0.030821,0.018268,0.010493,0.007554,0.005812,
0.149792,0.149605,0.147797,0.144875,0.140380,0.135721,0.129643,0.123190,0.115810,0.107760,0.097742,0.086150,0.075413,0.064743,0.051753,0.040628,0.030257,0.019233,0.010982,0.008201,0.006225,
nan,0.143183,0.140208,0.137764,0.134498,0.130910,0.124719,0.118246,0.110122,0.102230,0.093250,0.084286,0.074165,0.062195,0.051693,0.040140,0.030105,0.019611,0.011786,0.008962,0.007116,
0.136453,0.134194,0.131371,0.129600,0.128513,0.124559,0.119435,0.113700,0.106352,0.097660,0.088524,0.079045,0.070376,0.060782,0.050236,0.039783,0.029626,0.020337,0.013159,0.009806,0.007552,
nan,0.120572,0.117348,0.118225,0.119644,0.117171,0.111386,0.105441,0.098874,0.091158,0.082933,0.074987,0.066397,0.057027,0.047982,0.038733,0.029812,0.021361,0.014258,0.011235,0.008466,
nan,0.099870,0.091234,0.100501,0.107289,0.102984,0.096579,0.091057,0.083353,0.078895,0.069870,0.064970,0.058109,0.051414,0.044061,0.037135,0.029170,0.021677,0.016665,0.012136,0.010256,
nan,nan,nan,0.073020,0.066915,0.064256,0.054529,0.056883,0.063295,0.054785,0.051514,0.046608,0.043947,0.037099,0.036017,0.031406,0.025721,0.019565,0.013651,0.012845,0.009200,
nan,0.185887,0.185781,0.178812,0.174988,0.168772,0.159523,0.147788,0.143932,0.126822,0.115663,0.099387,0.086831,0.072680,0.059027,0.041808,0.027192,0.015398,0.007028,0.005892,nan,
0.186086,0.186804,0.182851,0.180701,0.175195,0.167266,0.158272,0.150445,0.137619,0.126182,0.114087,0.100297,0.085369,0.071532,0.056084,0.041102,0.027887,0.014323,0.007126,0.005421,nan,
0.188568,0.185026,0.184448,0.180329,0.173367,0.166599,0.158136,0.147841,0.136848,0.124561,0.111208,0.098425,0.084398,0.070142,0.057161,0.043748,0.030315,0.019535,0.009623,0.006144,0.004958,
0.182553,0.184691,0.181696,0.176629,0.174751,0.168365,0.158029,0.146665,0.135941,0.123548,0.113257,0.102621,0.092380,0.077684,0.065108,0.050187,0.034818,0.021004,0.009520,0.006332,0.004537,
0.177942,0.182681,0.179629,0.178830,0.170403,0.166686,0.159246,0.148576,0.135769,0.122572,0.112675,0.102832,0.092993,0.078081,0.062378,0.046909,0.031884,0.018258,0.007581,0.005770,0.004115,
0.183628,0.179167,0.177716,0.174135,0.169155,0.162941,0.154213,0.149716,0.136774,0.123095,0.110108,0.101805,0.091555,0.076700,0.060308,0.044488,0.029555,0.015679,0.007340,0.005329,0.004844,
0.178127,0.176787,0.174991,0.171765,0.167712,0.159993,0.154000,0.142053,0.137560,0.125135,0.109230,0.097116,0.088993,0.075393,0.058692,0.042343,0.027468,0.015185,0.008693,0.006090,0.004519,
0.172596,0.174053,0.172776,0.168716,0.164362,0.160109,0.149484,0.143937,0.131176,0.124748,0.111162,0.095077,0.085413,0.074099,0.058196,0.040947,0.027466,0.018282,0.009605,0.006133,0.004315,
0.173657,0.170874,0.169742,0.165929,0.161210,0.155785,0.149962,0.138920,0.132605,0.118168,0.111278,0.096797,0.080943,0.073395,0.057622,0.040522,0.029120,0.020067,0.008941,0.005812,0.005308,
0.168064,0.168111,0.165643,0.162079,0.157040,0.152428,0.145875,0.139140,0.126736,0.119563,0.105060,0.097005,0.081396,0.070107,0.056617,0.040698,0.030445,0.019353,0.008407,0.006175,0.004952,
0.163411,0.163909,0.161528,0.158877,0.154626,0.148488,0.141733,0.135291,0.126709,0.114051,0.105885,0.091932,0.081139,0.065864,0.056359,0.040847,0.030571,0.018180,0.008276,0.006947,0.005078,
0.158886,0.159031,0.157160,0.156756,0.151856,0.146580,0.139257,0.130653,0.122580,0.114213,0.101633,0.091420,0.080956,0.066537,0.056336,0.041476,0.030459,0.018208,0.009578,0.006963,0.005314,
0.153777,0.153793,0.152269,0.152003,0.148839,0.142914,0.136134,0.128667,0.119372,0.109607,0.100587,0.090421,0.076270,0.065777,0.053161,0.041211,0.030188,0.018395,0.010288,0.007344,0.005602,
0.152348,0.149225,0.147618,0.148033,0.143741,0.138081,0.131733,0.125279,0.116724,0.107411,0.095891,0.086569,0.075504,0.065297,0.051850,0.040498,0.029711,0.018942,0.010954,0.008002,0.006085,
nan,0.142171,0.141030,0.142172,0.137712,0.131856,0.125627,0.119389,0.111707,0.102697,0.093763,0.084191,0.074068,0.061924,0.051757,0.039833,0.029213,0.019491,0.011517,0.008814,0.006836,
0.136099,0.134373,0.135264,0.134890,0.129515,0.123904,0.117541,0.111334,0.104138,0.095881,0.087982,0.079482,0.069960,0.059840,0.049857,0.040182,0.029355,0.019743,0.012908,0.009708,0.007349,
nan,0.116751,0.124752,0.123846,0.118414,0.111851,0.105857,0.100787,0.096964,0.090197,0.083367,0.074976,0.066057,0.057018,0.047485,0.038508,0.029111,0.021110,0.013979,0.010714,0.008450,
nan,0.097654,0.110869,0.108700,0.101178,0.090051,0.087908,0.089405,0.085853,0.080105,0.071683,0.065068,0.059045,0.051292,0.044358,0.035869,0.028478,0.020907,0.016100,0.012039,0.008968,
nan,nan,0.076627,0.068122,0.069493,nan,0.065570,0.057678,0.054367,0.052946,0.045162,0.046452,0.043853,0.036172,0.035232,0.030955,0.026320,0.021339,0.015738,0.014423,0.011927,
nan,0.188115,0.178551,0.176551,0.178505,0.166751,0.160986,0.148212,0.137846,0.132434,0.116361,0.103028,0.090051,0.072428,0.058860,0.044307,0.030098,0.018631,0.007390,0.004907,nan,
0.186143,0.184497,0.184410,0.179021,0.173193,0.165906,0.157713,0.149547,0.138652,0.124976,0.113899,0.098907,0.084790,0.070394,0.055561,0.040375,0.027625,0.015278,0.006931,0.005182,0.005957,
0.184932,0.185983,0.184688,0.178296,0.172984,0.165486,0.156294,0.146297,0.140357,0.128648,0.119272,0.106603,0.092866,0.078652,0.064807,0.049413,0.035214,0.021478,0.010001,0.006706,0.004660,
0.182425,0.183834,0.181729,0.179502,0.173666,0.164907,0.155373,0.148006,0.142889,0.133119,0.119876,0.106939,0.092142,0.076505,0.061393,0.045834,0.031075,0.017919,0.007466,0.005620,0.003926,
0.182055,0.182663,0.180137,0.176210,0.170969,0.166531,0.156079,0.145133,0.139110,0.131196,0.118171,0.103641,0.088800,0.072691,0.057368,0.041809,0.027533,0.015022,0.007409,0.005220,0.004552,
0.177874,0.180564,0.177959,0.173738,0.170220,0.160499,0.157985,0.144971,0.133640,0.129086,0.117227,0.101847,0.086269,0.069886,0.054321,0.041082,0.029882,0.019541,0.009989,0.006251,0.004528,
0.177953,0.177835,0.175413,0.171228,0.166455,0.162367,0.151891,0.146907,0.133522,0.121549,0.116140,0.100946,0.084358,0.068623,0.056303,0.046002,0.033852,0.019806,0.007982,0.005713,0.004461,
0.173758,0.174612,0.171832,0.169303,0.163286,0.157973,0.152617,0.140764,0.135352,0.120370,0.110830,0.100410,0.083401,0.067805,0.057928,0.046339,0.030997,0.016509,0.007387,0.005665,0.004546,
0.170306,0.171234,0.169572,0.167274,0.162750,0.155199,0.147518,0.141731,0.128711,0.121962,0.106163,0.100173,0.083557,0.066893,0.058451,0.044789,0.028406,0.015659,0.009329,0.006240,0.004587,
0.169685,0.167359,0.166865,0.165257,0.159576,0.153384,0.144846,0.136901,0.129313,0.116789,0.107451,0.093511,0.083411,0.067098,0.057386,0.043145,0.027406,0.018276,0.009521,0.006181,0.004760,
0.165130,0.164757,0.163620,0.160954,0.155964,0.150566,0.144111,0.135261,0.124446,0.115792,0.106355,0.092915,0.083085,0.067759,0.055928,0.041922,0.027544,0.019471,0.009151,0.006285,0.005003,
0.161040,0.161240,0.160656,0.156752,0.151808,0.145824,0.139711,0.132724,0.124092,0.112577,0.102128,0.092201,0.077598,0.066777,0.053732,0.041491,0.028315,0.018459,0.008586,0.007107,0.005238,
0.156128,0.155401,0.155772,0.152477,0.147527,0.141503,0.134856,0.127815,0.119664,0.111057,0.101287,0.088404,0.077539,0.066363,0.051671,0.041166,0.028940,0.018352,0.009896,0.007179,0.005559,
0.149497,0.149368,0.150905,0.147376,0.142312,0.136527,0.129871,0.122998,0.115331,0.105638,0.096480,0.087040,0.076283,0.064236,0.052533,0.040439,0.028635,0.018901,0.010684,0.007925,0.006004,
0.144769,0.142366,0.144010,0.141040,0.135241,0.129844,0.124834,0.119374,0.112018,0.102833,0.093933,0.083666,0.072368,0.062259,0.051789,0.039843,0.028480,0.019152,0.011479,0.008412,0.006911,
0.134980,0.129655,0.136390,0.132618,0.126789,0.121501,0.119479,0.113860,0.106140,0.097940,0.088927,0.079590,0.070299,0.060092,0.049321,0.040046,0.029331,0.019826,0.012679,0.009688,0.007217,
0.121335,0.122041,0.125293,0.120865,0.113782,0.113631,0.111330,0.104256,0.096260,0.088494,0.081087,0.074122,0.065622,0.057220,0.047964,0.037862,0.028891,0.020648,0.013751,0.010577,0.008310,
nan,0.085599,0.110476,0.104875,0.090803,0.098274,0.096550,0.086779,0.079796,0.080578,0.074095,0.065933,0.059222,0.051335,0.043492,0.036049,0.028229,0.021105,0.015440,0.012072,0.010180,
nan,nan,0.081469,nan,0.073366,0.067296,0.056170,0.065453,0.056633,0.051197,0.048843,0.042591,0.043855,0.039962,0.034352,0.030174,0.026382,0.020108,0.019022,0.013670,0.011908,
nan,0.184373,0.184168,0.178663,0.172783,0.167961,0.157101,0.151306,0.141224,0.129159,0.115128,0.098861,0.087934,0.073173,0.056556,0.043787,0.028863,0.015446,0.006338,0.005883,nan,
0.187523,0.185858,0.184806,0.178676,0.172717,0.166384,0.157881,0.148299,0.137271,0.126158,0.115094,0.102097,0.087364,0.073679,0.058365,0.045380,0.031082,0.017552,0.008494,0.006193,0.004799,
0.186725,0.184456,0.183753,0.178778,0.171363,0.166757,0.161760,0.154432,0.144671,0.132613,0.120433,0.107035,0.092038,0.077947,0.062659,0.047004,0.033093,0.019479,0.008630,0.006209,0.004472,
0.187014,0.184275,0.180974,0.179457,0.172411,0.163226,0.162614,0.152543,0.141623,0.129381,0.116676,0.102370,0.086898,0.072299,0.057541,0.042364,0.027596,0.015150,0.006794,0.005243,0.004745,
0.181581,0.182049,0.179232,0.175843,0.171748,0.163906,0.155646,0.152248,0.140133,0.127756,0.113031,0.098624,0.083998,0.070083,0.057247,0.044745,0.031987,0.020281,0.009804,0.006016,0.004429,
0.180394,0.180135,0.179113,0.173241,0.168743,0.165791,0.154117,0.148337,0.139277,0.125430,0.111325,0.096367,0.087278,0.075857,0.062119,0.047145,0.031881,0.018130,0.007555,0.005354,0.004618,
0.182687,0.177690,0.175615,0.173339,0.167081,0.160059,0.155289,0.142536,0.138549,0.125481,0.109523,0.097021,0.089233,0.075422,0.058820,0.042732,0.027628,0.015361,0.008247,0.005657,0.004505,
0.181598,0.174730,0.174215,0.170801,0.165999,0.159864,0.149504,0.144083,0.130637,0.125021,0.109863,0.095242,0.088733,0.073117,0.055889,0.040203,0.029480,0.019793,0.009091,0.005844,0.003957,
0.170603,0.170626,0.171253,0.167693,0.161859,0.156911,0.150097,0.139042,0.131343,0.118846,0.109618,0.094115,0.086593,0.071134,0.054164,0.042684,0.031906,0.018085,0.007566,0.005536,0.004677,
0.171463,0.167483,0.167650,0.163349,0.158353,0.152713,0.146192,0.139475,0.127546,0.117643,0.109488,0.094675,0.083674,0.069515,0.052869,0.044400,0.030185,0.016312,0.008953,0.006324,0.004766,
0.166486,0.162890,0.163695,0.160024,0.154662,0.148845,0.142130,0.134497,0.126372,0.117675,0.103658,0.093840,0.079124,0.068279,0.052430,0.043938,0.029156,0.017498,0.009579,0.006354,0.005024,
0.159827,0.158867,0.159296,0.155850,0.150663,0.145179,0.138957,0.131351,0.121806,0.113162,0.103253,0.092802,0.079077,0.067958,0.052768,0.042524,0.028189,0.019212,0.009250,0.006554,0.005226,
0.156099,0.154279,0.154694,0.151046,0.145792,0.141782,0.136020,0.129362,0.121145,0.110165,0.099138,0.089148,0.077608,0.067203,0.053152,0.041239,0.028051,0.018625,0.009216,0.007220,0.005307,
0.150012,0.149477,0.150223,0.145351,0.140570,0.138367,0.132052,0.124635,0.116391,0.107007,0.097159,0.087327,0.076636,0.063323,0.052745,0.040491,0.027542,0.018843,0.010477,0.007696,0.006077,
0.145075,0.142411,0.143323,0.138419,0.135027,0.132541,0.126032,0.117938,0.110258,0.102272,0.092698,0.083036,0.072933,0.062362,0.051316,0.040637,0.028715,0.019122,0.011592,0.008664,0.006696,
nan,0.133195,0.135227,0.129738,0.128673,0.124781,0.117216,0.110594,0.104343,0.097704,0.089585,0.079942,0.070357,0.060518,0.049954,0.039194,0.029150,0.019763,0.012536,0.009607,0.007486,
0.124151,0.125104,0.124503,0.118202,0.118790,0.114479,0.105743,0.101791,0.098238,0.090094,0.082043,0.073236,0.065625,0.057155,0.047389,0.038196,0.028948,0.020630,0.013853,0.010738,0.008353,
nan,0.109533,0.108354,0.096921,0.105134,0.097312,0.084687,0.091415,0.083491,0.074861,0.071495,0.066445,0.058245,0.051013,0.043713,0.035876,0.028594,0.021343,0.015301,0.011967,0.009913,
nan,0.075931,0.066409,nan,0.064466,0.056139,0.064175,0.059498,0.046944,0.053330,0.048688,0.045900,0.041407,0.043003,0.035293,0.031794,0.025002,0.019539,0.015536,0.013906,0.012949,
nan,0.185387,0.182076,0.183693,0.173445,0.166362,0.161893,0.147758,0.135428,0.128446,0.114833,0.099641,0.087130,0.073693,0.056725,0.041002,0.027610,0.016268,0.008029,0.006702,nan,
0.187161,0.185746,0.182138,0.177579,0.171108,0.167411,0.161215,0.152030,0.140719,0.128775,0.116740,0.104251,0.091864,0.077088,0.061259,0.046670,0.031803,0.018006,0.009583,0.006103,0.004813,
0.183487,0.185600,0.182365,0.177206,0.176143,0.169515,0.161520,0.152196,0.141622,0.130368,0.118745,0.105238,0.089984,0.075018,0.060447,0.045448,0.031310,0.018100,0.007486,0.005385,0.004198,
0.180420,0.183538,0.180458,0.178752,0.171376,0.169308,0.160632,0.149578,0.138597,0.125537,0.112497,0.099542,0.084885,0.070618,0.056635,0.042577,0.029633,0.016976,0.008753,0.005856,0.004768,
0.183811,0.181179,0.183946,0.175437,0.171068,0.164814,0.159901,0.148168,0.135691,0.122792,0.113601,0.103613,0.091509,0.077592,0.062512,0.047310,0.032353,0.018495,0.007886,0.005544,0.004297,
0.180337,0.179517,0.178260,0.175262,0.169161,0.162325,0.159262,0.147686,0.133635,0.123235,0.117805,0.104315,0.088772,0.072419,0.056738,0.041314,0.027193,0.015546,0.008264,0.005756,0.004382,
0.178742,0.176741,0.177293,0.173049,0.168067,0.162585,0.152481,0.147462,0.134187,0.121370,0.115720,0.101141,0.084701,0.068560,0.056253,0.044755,0.032883,0.020100,0.008400,0.005624,0.004182,
0.176378,0.174080,0.173190,0.169764,0.164280,0.159121,0.153003,0.140655,0.134762,0.119511,0.114311,0.099016,0.082153,0.070431,0.060036,0.045358,0.030081,0.015683,0.007605,0.005754,0.004541,
0.176334,0.171307,0.169383,0.166298,0.160818,0.155110,0.148186,0.141560,0.131653,0.120227,0.109294,0.097897,0.080973,0.071911,0.058537,0.041445,0.027637,0.018437,0.009298,0.005843,0.004160,
0.168649,0.167600,0.166177,0.162771,0.157866,0.152471,0.145285,0.136737,0.127975,0.119949,0.105473,0.096437,0.080720,0.071846,0.055876,0.040411,0.031270,0.018735,0.007857,0.005732,0.004915,
0.165254,0.164627,0.162829,0.158789,0.154764,0.150234,0.143535,0.136452,0.126528,0.114472,0.105132,0.095840,0.080554,0.070801,0.055204,0.041794,0.030435,0.016631,0.009440,0.006594,0.004676,
0.159406,0.160203,0.158781,0.155133,0.151435,0.146902,0.139591,0.132196,0.123420,0.114009,0.104282,0.090504,0.079491,0.068328,0.054147,0.042817,0.029163,0.017625,0.009582,0.006508,0.005149,
0.155001,0.156650,0.154766,0.150488,0.147972,0.142116,0.135428,0.127572,0.118981,0.109531,0.099584,0.089552,0.078298,0.064230,0.053466,0.042738,0.029339,0.019216,0.009635,0.007259,0.005544,
0.150417,0.150985,0.148710,0.145256,0.143386,0.136409,0.130294,0.123834,0.116807,0.108106,0.098153,0.087391,0.075165,0.064412,0.052598,0.042050,0.029011,0.018804,0.010159,0.007608,0.005859,
0.145424,0.145532,0.142786,0.139186,0.137680,0.129746,0.124775,0.119851,0.111706,0.103025,0.093667,0.083873,0.073487,0.062567,0.051346,0.041358,0.029232,0.019351,0.011668,0.008599,0.006813,
0.138369,0.137400,0.134492,0.129859,0.129947,0.121667,0.119215,0.113560,0.104634,0.096407,0.088831,0.080323,0.070630,0.060858,0.050358,0.038893,0.029164,0.019650,0.012627,0.009563,0.007885,
0.120336,0.126484,0.122081,0.119949,0.118787,0.110558,0.111077,0.102574,0.095613,0.090691,0.082525,0.074005,0.065611,0.056903,0.047873,0.038449,0.029148,0.020555,0.013861,0.010979,0.008302,
nan,nan,0.105618,0.100075,0.101737,0.093058,0.095536,0.084554,0.084640,0.078698,0.070581,0.064394,0.059175,0.050548,0.043846,0.035294,0.028586,0.021787,0.015528,0.012219,0.009987,
nan,0.073785,nan,0.070280,0.062909,0.065642,nan,0.059099,0.055063,0.051821,0.050245,0.046899,0.041662,0.037981,0.035100,0.029969,0.025035,0.022171,0.014719,0.014983,0.011545,
nan,0.184264,0.184805,0.180474,0.172327,0.165412,0.159395,0.149945,0.135480,0.131013,0.116588,0.103287,0.084252,0.075110,0.058509,0.045285,0.030478,0.016642,0.006445,0.006228,nan,
0.187567,0.185308,0.182833,0.180172,0.175908,0.170540,0.161250,0.154280,0.141452,0.130758,0.118863,0.107257,0.091647,0.077546,0.061823,0.045904,0.032401,0.018543,0.009577,0.005930,0.004463,
0.182858,0.185108,0.182586,0.181243,0.175964,0.168503,0.160525,0.151370,0.141472,0.127689,0.115047,0.101964,0.088642,0.073118,0.057782,0.043103,0.028767,0.016325,0.006968,0.005373,0.004372,
0.186488,0.184758,0.181456,0.176064,0.175040,0.167619,0.157621,0.147007,0.136208,0.126219,0.114403,0.102888,0.090180,0.075470,0.061818,0.047147,0.032443,0.019969,0.009034,0.005976,0.004410,
0.182792,0.183086,0.180068,0.177832,0.169444,0.166964,0.156140,0.145011,0.140403,0.131018,0.117890,0.103818,0.088962,0.073053,0.058055,0.042110,0.028359,0.015789,0.007185,0.005158,0.004372,
0.179458,0.181468,0.179204,0.175125,0.170274,0.163581,0.156056,0.142771,0.140276,0.128097,0.113551,0.098220,0.084079,0.070898,0.058678,0.046391,0.032751,0.020022,0.008866,0.005534,0.004268,
0.174038,0.179157,0.174691,0.171753,0.166593,0.161210,0.156324,0.143243,0.139486,0.125726,0.109825,0.097097,0.088148,0.075329,0.059329,0.043421,0.028625,0.015546,0.007664,0.005330,0.004471,
0.172971,0.175233,0.171725,0.168940,0.163245,0.157306,0.150088,0.143954,0.129873,0.123897,0.108836,0.098897,0.087553,0.070911,0.054713,0.041309,0.030892,0.019852,0.008611,0.005691,0.004093,
0.168984,0.172556,0.169007,0.166087,0.162781,0.156618,0.150133,0.139472,0.130351,0.123733,0.107645,0.099029,0.084688,0.067914,0.057099,0.045319,0.030198,0.016355,0.007789,0.005777,0.004527,
0.164553,0.169396,0.165640,0.163152,0.159109,0.153377,0.146081,0.138712,0.130044,0.115833,0.107588,0.095208,0.082704,0.066630,0.058617,0.042534,0.027715,0.018311,0.009384,0.005960,0.004468,
0.163789,0.165084,0.161977,0.159874,0.155709,0.149552,0.142503,0.134435,0.125367,0.116247,0.106740,0.091227,0.081105,0.066518,0.055851,0.040297,0.030765,0.018513,0.008315,0.006360,0.004938,
0.160028,0.160176,0.158192,0.155614,0.152370,0.145191,0.139272,0.132301,0.124277,0.113314,0.101296,0.091872,0.079890,0.064482,0.054466,0.040281,0.029954,0.017037,0.009924,0.006816,0.005088,
0.156606,0.156115,0.153682,0.150853,0.147709,0.141207,0.136157,0.128796,0.119957,0.110830,0.100304,0.089990,0.079127,0.065299,0.053346,0.041437,0.029367,0.018625,0.009934,0.006904,0.005485,
0.150761,0.150516,0.148666,0.146369,0.142099,0.136325,0.131750,0.123974,0.115266,0.106309,0.096948,0.086157,0.075495,0.064360,0.052716,0.041562,0.029157,0.019338,0.009978,0.007914,0.005648,
0.144025,0.143392,0.142131,0.139846,0.135393,0.131699,0.126000,0.118023,0.110990,0.103768,0.093616,0.083789,0.073636,0.062831,0.051461,0.040222,0.029295,0.019454,0.011564,0.008588,0.006913,
0.133763,0.137757,0.132419,0.132005,0.126662,0.125168,0.118137,0.111203,0.105489,0.097329,0.088311,0.078835,0.070067,0.060667,0.050248,0.038581,0.029182,0.019987,0.012842,0.009563,0.007965,
0.126085,0.129792,0.118679,0.122002,0.114438,0.114204,0.106964,0.103850,0.096670,0.088464,0.082889,0.074797,0.065683,0.056985,0.047907,0.038551,0.029178,0.020787,0.013990,0.011235,0.008748,
nan,nan,0.098040,0.109016,0.094123,0.100186,0.085961,0.092823,0.080162,0.078095,0.073080,0.062822,0.057907,0.051269,0.043370,0.035967,0.029071,0.021958,0.015452,0.012647,0.010607,
nan,nan,nan,0.067496,nan,0.063409,0.056349,0.060064,0.058109,0.054020,0.049421,0.046234,0.042402,0.039430,0.033290,0.028773,0.025044,0.020969,0.016525,0.014477,0.009735,
nan,0.184814,0.183445,0.179693,0.172553,0.172253,0.160709,0.147869,0.138452,0.127828,0.114217,0.097514,0.087304,0.069293,0.054063,0.041773,0.026693,0.016129,0.007353,0.004666,nan,
0.183653,0.186562,0.183340,0.179867,0.176663,0.169587,0.161147,0.152523,0.144321,0.130096,0.118812,0.105827,0.092038,0.076079,0.061530,0.046226,0.032756,0.018897,0.008491,0.005800,0.004431,
0.186798,0.184123,0.180549,0.181129,0.175178,0.168047,0.159394,0.150057,0.138086,0.126141,0.113359,0.100348,0.085367,0.072079,0.056924,0.042762,0.028761,0.016714,0.007620,0.005374,0.004665,
0.181301,0.185352,0.183283,0.179965,0.173538,0.164597,0.155664,0.149170,0.141001,0.130052,0.118665,0.105698,0.091653,0.076229,0.062730,0.046525,0.031711,0.019362,0.007844,0.005930,0.004261,
0.179163,0.182280,0.181656,0.176953,0.172931,0.163708,0.155174,0.152009,0.139950,0.127514,0.113370,0.099415,0.085057,0.071315,0.057240,0.043868,0.030291,0.017752,0.008555,0.005508,0.004504,
0.178052,0.179397,0.176861,0.173972,0.168839,0.164578,0.152909,0.149435,0.135789,0.122609,0.112799,0.103182,0.090502,0.075686,0.059867,0.044712,0.029346,0.016315,0.007188,0.005362,0.004217,
0.174825,0.176370,0.175181,0.172050,0.166398,0.160356,0.152549,0.147889,0.134125,0.121589,0.115668,0.101573,0.085454,0.069335,0.055703,0.043174,0.030979,0.019456,0.009017,0.005850,0.004220,
0.172829,0.174284,0.172661,0.170386,0.165120,0.159389,0.153113,0.140586,0.133538,0.118773,0.113090,0.096964,0.082680,0.072572,0.059819,0.044560,0.029604,0.015990,0.007582,0.005592,0.004435,
0.173662,0.170763,0.169683,0.167464,0.161857,0.155576,0.148565,0.141018,0.133192,0.118322,0.110825,0.095340,0.085367,0.072072,0.055403,0.040853,0.030074,0.019142,0.008639,0.005700,0.004088,
0.170639,0.167925,0.166338,0.163705,0.159243,0.152324,0.144875,0.136753,0.127407,0.118400,0.110277,0.094112,0.085416,0.069093,0.054210,0.044586,0.029878,0.016372,0.008308,0.006079,0.004548,
0.159978,0.164611,0.162235,0.160428,0.155354,0.149536,0.144119,0.135644,0.126740,0.117556,0.103527,0.093641,0.083448,0.067679,0.057093,0.042177,0.028047,0.019133,0.009341,0.006098,0.005051,
0.162426,0.161491,0.158507,0.156607,0.150813,0.146541,0.139902,0.131558,0.122773,0.113050,0.102769,0.092142,0.082229,0.066944,0.055882,0.040754,0.030583,0.018286,0.008943,0.007034,0.005024,
0.153138,0.155685,0.153479,0.152438,0.146318,0.142477,0.135404,0.127522,0.120635,0.111256,0.101370,0.090598,0.076699,0.066097,0.053664,0.040077,0.029574,0.017522,0.010258,0.007047,0.005591,
0.149927,0.150778,0.147350,0.147179,0.141625,0.138175,0.130388,0.124396,0.116030,0.107335,0.097370,0.086823,0.076007,0.064473,0.052910,0.039987,0.029368,0.019707,0.010372,0.007828,0.006015,
0.142273,0.145780,0.141231,0.140704,0.135429,0.132077,0.124721,0.119863,0.110930,0.102734,0.094211,0.083895,0.073789,0.063133,0.051758,0.039041,0.029406,0.019551,0.011240,0.008549,0.006750,
0.132952,0.135280,0.133409,0.132777,0.127697,0.124098,0.117774,0.113117,0.104351,0.097844,0.088957,0.080398,0.069860,0.060179,0.050242,0.039568,0.029424,0.020149,0.013239,0.009849,0.008037,
0.121203,0.124513,0.119353,0.121757,0.117587,0.113279,0.109358,0.101973,0.096744,0.089609,0.081442,0.074697,0.065696,0.057097,0.047620,0.038720,0.029426,0.021057,0.014069,0.011438,0.009170,
nan,0.111705,0.103985,0.105217,0.099839,0.094170,0.095909,0.084466,0.085773,0.075050,0.073464,0.065356,0.056506,0.051788,0.043887,0.036265,0.028572,0.022347,0.015959,0.012941,0.011076,
nan,nan,0.074886,0.071276,0.068128,nan,0.061923,0.062415,0.055521,0.052946,0.048580,0.046303,0.041485,0.040510,0.034218,0.032145,0.026698,0.022740,0.014876,0.014082,0.010857,
nan,0.184364,0.183913,0.182428,0.178164,0.169737,0.159163,0.151335,0.138921,0.124643,0.114193,0.099669,0.090264,0.070432,0.059477,0.044286,0.031038,0.016226,0.005795,0.005653,nan,
0.186421,0.185583,0.185805,0.180549,0.175257,0.169165,0.161364,0.153050,0.143801,0.130579,0.118041,0.107624,0.089948,0.076484,0.060657,0.046384,0.032095,0.019658,0.008751,0.006186,0.004580,
0.185750,0.186649,nan,0.180387,0.173046,0.166437,0.158586,0.148152,0.138348,0.126818,0.115110,0.102534,0.087128,0.073519,0.059120,0.044938,0.030656,0.017535,0.008341,0.005660,0.004957,
0.182304,0.184687,0.181296,0.180650,0.171855,0.164459,0.161209,0.152236,0.142248,0.129741,0.116509,0.103241,0.088850,0.073738,0.059219,0.043768,0.029230,0.016295,0.007181,0.005298,0.004058,
0.182364,0.181819,0.178801,0.176200,0.171689,0.159931,0.159983,0.147932,0.136155,0.124251,0.114151,0.101874,0.089867,0.075759,0.061101,0.046096,0.032460,0.018956,0.008703,0.005706,0.004278,
0.177862,0.178415,0.177860,0.173754,0.159699,0.161630,0.157664,0.144599,0.135906,0.129267,0.116020,0.101181,0.085931,0.070585,0.056547,0.042538,0.029495,0.017501,0.008469,0.005309,0.004111,
0.179126,0.177342,0.175025,0.173729,0.167545,0.161995,0.157470,0.143700,0.139485,0.125869,0.110171,0.097124,0.087375,0.074618,0.060143,0.045266,0.030191,0.016945,0.007389,0.005232,0.004530,
0.173480,0.175219,0.172624,0.170175,0.164314,0.158055,0.150826,0.143600,0.135377,0.122846,0.107543,0.101242,0.086622,0.070023,0.055283,0.042422,0.030755,0.019416,0.008822,0.005732,0.004241,
0.167860,0.172538,0.169127,0.166533,0.161582,0.155790,0.150093,0.142340,0.129137,0.120707,0.105778,0.098605,0.081865,0.069831,0.059065,0.043987,0.029212,0.016325,0.008157,0.005900,0.004461,
0.168103,0.169249,0.165700,0.163808,0.157765,0.153483,0.146472,0.138013,0.128817,0.120165,0.104434,0.095584,0.080080,0.071514,0.055661,0.041083,0.030601,0.018941,0.008434,0.005723,0.004677,
0.161229,0.164957,0.162811,0.160167,0.154623,0.150155,0.142434,0.134925,0.125529,0.114742,0.105064,0.093909,0.080013,0.068490,0.053257,0.043924,0.029446,0.016773,0.009425,0.006375,0.004668,
0.158187,0.161428,0.158643,0.156425,0.151455,0.146234,0.139381,0.132175,0.123446,0.113773,0.103151,0.093075,0.077120,0.067340,0.055200,0.041658,0.028632,0.019127,0.009290,0.006523,0.005254,
0.153504,0.157080,0.154344,0.151783,0.147853,0.141746,0.135583,0.128860,0.119708,0.110240,0.100347,0.088560,0.078213,0.066178,0.055340,0.041378,0.030504,0.018050,0.010273,0.007430,0.005531,
0.147311,0.151525,0.149072,0.146337,0.142615,0.136662,0.131579,0.124421,0.115823,0.107787,0.097376,0.087176,0.076361,0.064806,0.053637,0.039513,0.029535,0.018884,0.010640,0.007760,0.006112,
0.142562,0.145214,0.142132,0.139616,0.136671,0.130208,0.126080,0.118895,0.111796,0.102964,0.093484,0.084773,0.074133,0.062909,0.053188,0.039945,0.029588,0.020170,0.011258,0.008783,0.006613,
0.136574,0.136420,0.134971,0.130852,0.129005,0.123036,0.118917,0.111763,0.105762,0.096832,0.089574,0.080258,0.070253,0.060456,0.049983,0.039964,0.029604,0.020288,0.013256,0.009945,0.007986,
nan,0.122383,0.121858,0.118065,0.118421,0.111895,0.108638,0.104221,0.096050,0.091058,0.082629,0.074019,0.066255,0.057149,0.047910,0.038983,0.029761,0.021353,0.014716,0.011602,0.009306,
nan,0.082776,0.105928,0.097287,0.102911,0.094420,0.090677,0.089267,0.081628,0.079743,0.069803,0.066499,0.058236,0.051103,0.044224,0.036371,0.028868,0.022204,0.016701,0.013603,0.011185,
nan,0.071557,0.072863,0.065126,0.065130,0.065121,0.057668,0.064923,0.057359,0.054551,0.051966,0.045329,0.044967,0.039670,0.034407,0.031033,0.027453,0.021672,0.016240,0.015212,0.012928,
nan,0.186658,0.178532,0.181414,0.175032,0.166267,0.157082,0.151487,0.139141,0.125688,0.108587,0.100129,0.088502,0.068113,0.058436,0.038593,0.025816,0.014446,0.008065,0.006262,nan,
0.185396,0.185073,0.184340,0.181001,0.175087,0.169029,0.159991,0.151235,0.142225,0.130150,0.118501,0.104611,0.091736,0.074493,0.060800,0.045841,0.030956,0.018264,0.008585,0.006058,0.004567,
0.183339,0.185836,0.183529,0.178610,0.172824,0.166242,0.158458,0.151088,0.140550,0.128778,0.117040,0.104290,0.088936,0.075716,0.059787,0.045613,0.031396,0.017894,0.008774,0.005904,0.004234,
0.186049,0.182204,0.182826,0.178439,0.170670,0.169377,0.160063,0.149845,0.138742,0.126532,0.114409,0.101702,0.087271,0.071776,0.057581,0.042883,0.029934,0.016983,0.007866,0.005183,0.004406,
0.182603,0.180913,0.179679,0.175662,0.169315,0.167149,0.155801,0.145814,0.139262,0.129593,0.117386,0.104326,0.090025,0.075039,0.060459,0.045244,0.030177,0.017388,0.007375,0.005444,0.004085,
0.181848,0.180219,0.177680,0.175235,0.170169,0.166275,0.153754,0.150390,0.138253,0.124594,0.111319,0.098874,0.086487,0.073657,0.059334,0.045406,0.031498,0.018669,0.008531,0.005685,0.004188,
0.175589,0.178195,0.175182,0.172459,0.166606,0.160219,0.153184,0.148383,0.134328,0.122218,0.115089,0.102224,0.086803,0.071150,0.056122,0.042177,0.028860,0.017409,0.008457,0.005352,0.004269,
0.174747,0.175377,0.172947,0.169382,0.164504,0.159377,0.153248,0.139214,0.133015,0.125954,0.112010,0.096286,0.083944,0.073432,0.059274,0.044455,0.029775,0.016680,0.007754,0.005353,0.004340,
0.174389,0.172379,0.170399,0.166431,0.161878,0.156282,0.148718,0.140483,0.130996,0.124937,0.109105,0.096933,0.086032,0.069931,0.055098,0.042613,0.031186,0.019123,0.008467,0.005664,0.004293,
0.171368,0.169052,0.167259,0.162824,0.159128,0.152753,0.145657,0.139123,0.131212,0.116203,0.107703,0.098046,0.082756,0.068294,0.058239,0.042916,0.028227,0.016764,0.008995,0.006165,0.004575,
0.166994,0.166276,0.162740,0.159413,0.155724,0.149330,0.143405,0.135226,0.126257,0.116323,0.105319,0.097113,0.080724,0.070421,0.054964,0.041392,0.031190,0.018220,0.008473,0.006111,0.004977,
0.163788,0.161591,0.159145,0.155392,0.151917,0.145983,0.139494,0.132293,0.122985,0.114164,0.104121,0.091278,0.079679,0.067706,0.053055,0.042943,0.028813,0.018184,0.010187,0.006594,0.005152,
0.160691,0.156533,0.154265,0.150986,0.147851,0.141978,0.135559,0.128486,0.120137,0.111233,0.100412,0.089841,0.078479,0.066326,0.054257,0.041657,0.030230,0.019097,0.009726,0.007561,0.005501,
0.145976,0.150857,0.149424,0.146110,0.142667,0.137456,0.130745,0.124910,0.116461,0.106762,0.097742,0.087372,0.076377,0.064915,0.054452,0.040920,0.029897,0.018358,0.011040,0.007884,0.006278,
0.142304,0.144540,0.143386,0.138890,0.136759,0.131598,0.125160,0.119938,0.111160,0.103582,0.094243,0.084235,0.073878,0.063412,0.051629,0.040632,0.029692,0.020653,0.011483,0.008997,0.006932,
nan,0.137816,0.135479,0.131112,0.129126,0.124273,0.117415,0.112807,0.105392,0.098318,0.088956,0.080340,0.070563,0.060762,0.050567,0.040070,0.029983,0.020595,0.013469,0.009929,0.008063,
0.120961,0.123434,0.125912,0.119357,0.117436,0.113622,0.107548,0.102567,0.097320,0.089402,0.083509,0.074554,0.066133,0.057451,0.048402,0.039135,0.029940,0.021747,0.014778,0.011896,0.009762,
0.088665,0.100053,0.106744,0.102246,0.098486,0.099362,0.092448,0.086550,0.084270,0.075629,0.073978,0.066583,0.058669,0.051184,0.044955,0.036913,0.029797,0.022400,0.016957,0.013632,0.011861,
nan,0.063622,nan,0.068230,nan,0.063803,0.064198,0.056830,0.056650,0.053793,0.051169,0.046484,0.044274,0.038794,0.036066,0.032280,0.027376,0.022616,0.018467,0.014822,0.012662,
nan,0.186119,0.185000,0.174824,0.169376,0.167813,0.157194,0.148067,0.144143,0.126321,0.110283,0.097113,0.086581,0.069808,0.060289,0.042093,0.027553,0.013838,0.006959,0.004603,nan,
0.184854,0.184877,0.184243,0.181232,0.176331,0.169838,0.161900,0.150832,0.141302,0.130116,0.118341,0.104436,0.090434,0.076240,0.060618,0.046276,0.030974,0.018635,0.008189,0.005812,0.004473,
0.187924,0.186315,0.184606,0.178292,0.172927,0.166923,0.160354,0.151284,0.141539,0.130302,0.117653,0.104731,0.090514,0.075815,0.060380,0.045883,0.031214,0.018348,0.008601,0.005833,0.004326,
0.181423,0.183541,0.180407,0.177349,0.174235,0.166810,0.157696,0.148310,0.138057,0.126258,0.114267,0.101954,0.088144,0.073599,0.059590,0.044488,0.030504,0.018353,0.008169,0.005537,0.004230,
0.184640,0.182836,0.180463,0.177343,0.174042,0.163836,0.157552,0.151257,0.140675,0.128148,0.115139,0.101430,0.087001,0.072044,0.057761,0.043351,0.029155,0.016878,0.007578,0.005260,0.004277,
0.175402,0.180240,0.177639,0.174741,0.168666,0.163074,0.158643,0.146365,0.134178,0.125295,0.115653,0.102680,0.089509,0.075057,0.059989,0.044570,0.030496,0.017128,0.007629,0.005274,0.004212,
0.177122,0.177742,0.175758,0.171682,0.167622,0.161863,0.161485,0.143920,0.137987,0.126195,0.111506,0.097380,0.085572,0.072261,0.059033,0.045241,0.031352,0.018858,0.008445,0.005557,0.004045,
0.177449,0.174594,0.172526,0.169069,0.164870,0.158618,0.151233,0.143326,0.137369,0.121293,0.110357,0.100878,0.086027,0.070418,0.055761,0.042189,0.029625,0.017905,0.008773,0.005630,0.004272,
0.168618,0.172643,0.169564,0.166325,0.162180,0.155714,0.149129,0.141601,0.134906,0.119879,0.111825,0.096274,0.082676,0.072176,0.058418,0.043530,0.029101,0.016711,0.008252,0.005682,0.004520,
0.164684,0.169304,0.166365,0.163620,0.158845,0.153131,0.146041,0.137994,0.128370,0.118698,0.108695,0.093281,0.084768,0.069079,0.054730,0.043679,0.031113,0.018364,0.008261,0.005812,0.004698,
0.165469,0.164704,0.163795,0.159868,0.155491,0.150413,0.142621,0.135549,0.126614,0.116557,0.107262,0.090927,0.081652,0.067458,0.057035,0.041683,0.028598,0.018674,0.009534,0.006297,0.004726,
0.155606,0.160937,0.158999,0.156480,0.151586,0.146812,0.139533,0.132497,0.123541,0.113867,0.102336,0.091703,0.079869,0.069420,0.054345,0.042507,0.030509,0.017660,0.009375,0.006791,0.005308,
0.157195,0.156699,0.154289,0.151710,0.146931,0.142779,0.136265,0.128800,0.120044,0.111057,0.100782,0.089792,0.078538,0.066840,0.052150,0.041944,0.028731,0.019649,0.010140,0.007194,0.005839,
0.150885,0.150104,0.149226,0.146180,0.142018,0.137847,0.131586,0.124249,0.116693,0.107861,0.097456,0.087879,0.076606,0.064978,0.052645,0.041274,0.030633,0.018920,0.011365,0.008286,0.006234,
0.144502,0.143951,0.142842,0.139756,0.135479,0.132457,0.126258,0.118423,0.112023,0.103413,0.094487,0.084534,0.073289,0.063597,0.051277,0.040795,0.029822,0.020542,0.011724,0.008957,0.007200,
0.129661,0.134358,0.134295,0.131322,0.127118,0.124734,0.119528,0.111376,0.105564,0.098522,0.089413,0.080836,0.071030,0.060837,0.050737,0.040479,0.030193,0.020922,0.013137,0.010198,0.008269,
nan,0.124611,0.121703,0.119838,0.116131,0.113578,0.108946,0.102568,0.096740,0.091302,0.082270,0.074962,0.066030,0.057888,0.048739,0.039245,0.030267,0.022016,0.015195,0.011955,0.009518,
0.088999,0.105779,0.101054,0.103389,0.096532,0.098370,0.092758,0.088289,0.080002,0.079095,0.071899,0.065517,0.059953,0.051797,0.044824,0.037168,0.030191,0.022895,0.016985,0.014266,0.012477,
nan,0.057720,0.072820,0.068682,0.066510,0.065844,0.060933,0.058558,0.056761,0.055437,0.049664,0.050604,0.044151,0.039119,0.037198,0.033863,0.027510,0.023881,0.021042,0.015676,0.012554,
nan,0.189628,0.180619,0.181343,0.168123,0.166018,0.158376,0.144062,0.135523,0.120643,0.112123,0.102014,0.083079,0.071535,0.056034,0.037616,0.027871,0.011657,0.006960,0.004338,nan,
0.185503,0.185163,0.184041,0.180345,0.175153,0.168794,0.160843,0.150758,0.141206,0.130133,0.116424,0.103981,0.089902,0.076871,0.059896,0.045836,0.031177,0.018237,0.008203,0.005346,0.004439,
0.185538,0.184261,0.183334,0.177462,0.174735,0.168318,0.161042,0.151474,0.140688,0.128537,0.117205,0.104051,0.089900,0.075935,0.060202,0.045161,0.031213,0.018331,0.008126,0.005823,0.004368,
0.185581,0.184014,0.182932,nan,0.173507,0.165264,0.157422,0.149620,0.140087,0.128251,0.116437,0.103117,0.088850,0.075296,0.060181,0.045336,0.031570,0.017846,0.008183,0.005569,0.004317,
0.178860,0.182143,0.179270,0.176777,0.171840,0.162919,0.159318,0.148424,0.137277,0.125801,0.113175,0.101267,0.087614,0.073075,0.059245,0.044267,0.030287,0.018013,0.008190,0.005440,0.004159,
0.181459,0.181037,0.177258,0.173831,0.171663,nan,0.155381,0.145473,0.139003,0.127800,0.114586,0.100980,0.086324,0.071599,0.057733,0.043264,0.029310,0.017034,0.007833,0.005451,0.004327,
0.174528,0.177872,0.174960,0.172208,0.167537,0.160937,0.153621,0.148189,0.134659,0.122600,0.113494,0.101724,0.088435,0.073830,0.058707,0.043992,0.029843,0.016947,0.007698,0.005396,0.004053,
0.169971,0.174809,0.172743,0.169478,0.164450,0.158375,0.152403,0.147165,0.131342,0.125238,0.111105,0.096598,0.084766,0.072198,0.058449,0.045060,0.031023,0.018336,0.008157,0.005546,0.004084,
0.172812,0.171060,0.169610,0.167004,0.161500,0.156403,0.148813,0.140443,0.130983,0.121594,0.106426,0.099454,0.084615,0.069247,0.055601,0.043168,0.030481,0.018629,0.008901,0.005853,0.004403,
0.166586,0.168313,0.166126,0.163045,0.158689,0.153608,0.145879,0.138272,0.128918,0.118959,0.105150,0.095673,0.081723,0.071410,0.056792,0.041943,0.029010,0.017792,0.008914,0.006155,0.004651,
0.163502,0.165368,0.162612,0.159676,0.155155,0.150120,0.143294,0.135524,0.126462,0.116808,0.102496,0.094157,0.083231,0.067764,0.055793,0.043899,0.029879,0.017472,0.008616,0.006137,0.005181,
0.159325,0.161222,0.159051,0.155383,0.151934,0.146731,0.140020,0.132060,0.123448,0.114063,0.103447,0.092211,0.080073,0.067051,0.055388,0.040776,0.030635,0.019264,0.009409,0.006610,0.005380,
0.153292,0.155728,0.154567,0.151420,0.147519,0.142510,0.136368,0.128348,0.120651,0.111003,0.100668,0.090217,0.078610,0.068405,0.053770,0.042774,0.029420,0.018681,0.010801,0.007333,0.005767,
0.146708,0.151604,0.149261,0.146217,0.142456,0.137332,0.131973,0.124017,0.116611,0.107884,0.098406,0.087257,0.076882,0.067103,0.052140,0.041555,0.030400,0.019664,0.010752,0.008416,0.006373,
0.139628,0.143330,0.143033,0.139989,0.136347,0.131173,0.126081,0.119568,0.111390,0.103731,0.094130,0.084568,0.074304,0.063184,0.052519,0.041005,0.030194,0.019911,0.012228,0.009105,0.007666,
0.134425,0.136738,0.134735,0.131729,0.128336,0.123521,0.118559,0.113184,0.105496,0.097811,0.089588,0.080585,0.070897,0.061301,0.050833,0.040608,0.030313,0.021642,0.013040,0.010642,0.008464,
0.122492,0.122507,0.123463,0.120995,0.116689,0.111298,0.107970,0.103646,0.097330,0.089932,0.083269,0.075448,0.066918,0.057829,0.048778,0.039683,0.030514,0.022151,0.015377,0.012081,0.009933,
0.093738,0.111085,0.105622,0.103256,0.100794,0.094677,0.091043,0.089913,0.084523,0.076849,0.072280,0.066747,0.059253,0.052628,0.044303,0.037820,0.030148,0.023455,0.017584,0.014454,0.011825,
nan,nan,nan,0.074078,0.066594,0.067582,0.064501,0.057148,0.058168,0.054653,0.050323,0.049098,0.042813,0.040293,0.035268,0.031025,0.028299,0.023202,0.018982,0.017123,0.014087,
nan,0.182468,0.181424,0.176418,0.172919,0.166111,0.160906,0.147809,0.139270,0.128601,0.114104,0.099195,0.083027,0.068982,0.053455,0.041643,0.026821,0.015372,0.009002,0.004805,nan,
0.186769,0.185455,0.184428,0.180666,0.175179,0.168867,0.159385,0.151726,0.141542,0.127261,0.117430,0.103341,0.089605,0.073727,0.059599,0.044478,0.030847,0.017892,0.007667,0.005604,0.004559,
0.184337,0.185059,0.182348,0.179012,0.174701,0.168913,0.160590,0.152017,0.142127,0.129321,0.116954,0.105187,0.089094,0.074662,0.059801,0.045772,0.031449,0.018018,0.008139,0.005714,0.004170,
0.184542,0.184824,0.182035,0.178899,0.172022,0.166816,0.159243,0.150611,0.140081,0.128318,0.116775,0.104082,0.088952,0.075350,0.059790,0.045053,0.030938,0.018112,0.008228,0.005558,0.004248,
0.183829,0.183288,0.179568,0.176194,0.170380,0.166968,0.156625,0.146902,0.138215,0.126911,0.115340,0.102636,0.088581,0.073831,0.060072,0.044967,0.031128,0.018156,0.008061,0.005403,0.004111,
0.176016,0.180458,0.178240,0.174664,0.169536,0.164000,0.153226,0.148902,0.136937,0.124898,0.112931,0.100436,0.087088,0.072792,0.058763,0.044416,0.030227,0.017790,0.008140,0.005433,0.004184,
0.176600,0.177903,0.175825,0.172708,0.166980,0.162953,nan,0.144006,0.136426,0.126532,0.113644,0.099380,0.085595,0.071249,0.057629,0.043331,0.029798,0.017364,0.008098,0.005507,0.004292,
0.175688,0.174405,0.173120,0.169906,0.164854,0.158841,0.151442,0.143228,0.134965,0.120966,0.111712,0.100627,0.086646,0.072066,0.057295,0.042803,0.029332,0.017043,0.008015,0.005445,0.004193,
0.170867,0.171806,0.170018,0.166480,0.162378,0.156246,0.148976,0.140804,0.131409,0.117371,0.109979,0.095535,0.084652,0.072186,0.058052,0.043923,0.029888,0.017488,0.008178,0.005726,0.004414,
0.167511,0.167882,0.166818,0.163678,0.158883,0.153334,0.146364,0.138622,0.129733,0.112994,0.107690,0.097573,0.082814,0.068329,0.056416,0.043999,0.030953,0.018621,0.008774,0.005970,0.004639,
0.163094,0.163943,0.163412,0.160128,0.155819,0.150244,0.143630,0.135253,0.126315,0.116601,0.105627,0.094318,0.081258,0.069898,0.054885,0.041635,0.030182,0.019097,0.009396,0.006485,0.004976,
0.156944,0.159945,0.159637,0.156324,0.151738,0.146379,0.140117,0.131750,0.123765,0.113713,0.103446,0.092256,0.081644,0.066558,0.056260,0.042483,0.028961,0.018093,0.009822,0.006841,0.005444,
0.154786,0.156205,0.155368,0.151701,0.147354,0.142309,0.135762,0.128557,0.120409,0.111588,0.101066,0.090010,0.078781,0.065281,0.054200,0.041856,0.030843,0.018544,0.009945,0.007391,0.006110,
0.150732,0.149783,0.149512,0.147056,0.142660,0.137249,0.131220,0.124717,0.116449,0.107897,0.097667,0.088179,0.076594,0.063561,0.053379,0.041871,0.029635,0.020270,0.011156,0.007939,0.006629,
0.143770,0.143067,0.143103,0.140008,0.136479,0.131548,0.125563,0.119459,0.112276,0.103528,0.094733,0.084681,0.074536,0.063536,0.052638,0.041199,0.030649,0.020009,0.012863,0.009570,0.007276,
0.132909,0.132998,0.135126,0.131685,0.128120,0.123789,0.118607,0.112371,0.106152,0.098478,0.089777,0.081097,0.071104,0.061408,0.051004,0.040861,0.030546,0.022065,0.013332,0.010939,0.008615,
0.117174,0.122687,0.124380,0.120617,0.117652,0.113775,0.108145,0.102822,0.097332,0.091418,0.083304,0.075331,0.067155,0.057863,0.049166,0.039857,0.030734,0.022481,0.015748,0.012136,0.010721,
0.093781,0.108975,0.108623,0.102608,0.099871,0.097334,0.092781,0.087065,0.083628,0.079905,0.072819,0.065344,0.059252,0.053101,0.045185,0.038029,0.030407,0.023488,0.017513,0.014929,0.012230,
nan,nan,nan,0.070809,0.064825,0.065702,0.059613,0.058543,0.056988,0.054612,0.049920,0.047176,0.045547,0.039517,0.035878,0.033568,0.028773,0.024315,0.019413,0.014970,0.015213,
nan,0.187719,0.181617,0.179124,0.170237,0.162857,0.157947,0.146513,0.134859,0.123563,0.112520,0.101139,0.084740,0.071545,0.056300,0.042600,0.025368,0.012770,0.007551,0.005176,nan,
0.187317,0.189683,0.184651,0.180339,0.174922,0.167347,0.159617,0.151898,0.141355,0.130428,0.116298,0.102894,0.088689,0.075714,0.059398,0.043958,0.030527,0.016652,0.007477,0.005733,0.004297,
0.187778,0.184987,0.183031,0.180756,0.174240,0.168318,0.159614,0.150550,0.140913,0.128752,0.116441,0.103328,0.088950,0.074666,0.059753,0.044751,0.030895,0.017721,0.007891,0.005676,0.004296,
0.185791,0.184345,0.180790,0.178642,0.171533,0.167615,0.159257,0.150517,0.140307,0.128256,0.115993,0.103457,0.089187,0.074714,0.059493,0.045000,0.030748,0.017938,0.007993,0.005528,0.004077,
0.181821,0.182219,0.180163,0.176874,nan,0.164215,0.157230,0.149424,0.138935,0.127741,0.115888,0.103135,0.088635,0.074583,0.059428,0.044777,0.031057,0.017953,0.008241,0.005503,0.004107,
0.183512,0.179472,0.178066,0.174710,0.169087,0.161864,0.157044,0.145469,0.136364,0.126258,0.113941,0.101749,0.087981,0.073224,0.059714,0.044383,0.030729,0.018009,0.007996,0.005382,0.004129,
0.178682,0.178215,0.175930,0.172146,0.167699,0.161030,0.153899,0.147582,0.135489,0.123381,0.111791,0.099653,0.086547,0.072622,0.058447,0.044270,0.030259,0.018054,0.008148,0.005549,0.004202,
0.177551,0.174626,0.173034,0.169348,0.165025,0.159028,0.151346,0.145854,0.130769,0.124717,0.111299,0.097616,0.084875,0.071083,0.057439,0.043548,0.030166,0.017552,0.008382,0.005613,0.004450,
0.170665,0.171625,0.170219,0.166587,0.162180,0.156481,0.149011,0.141424,0.128624,0.121077,0.110442,0.098678,0.084637,0.070131,0.056282,0.042760,0.029915,0.017717,0.008542,0.005736,0.004521,
0.169118,0.168735,0.166625,0.163925,0.158854,0.153423,0.146434,0.138174,0.129251,0.118898,0.108265,0.094133,0.084425,0.070919,0.056352,0.042438,0.029125,0.017634,0.008801,0.006094,0.004707,
0.163107,0.164833,0.163520,0.160059,0.155680,0.150204,0.143191,0.135177,0.126358,0.116479,0.105786,0.095953,0.080898,0.068928,0.057006,0.043272,0.029962,0.017878,0.008922,0.006332,0.004923,
0.159301,0.159991,0.159265,0.155911,0.151931,0.146769,0.139976,0.132551,0.123715,0.114492,0.103064,0.092361,0.080082,0.067999,0.054334,0.043100,0.030929,0.018954,0.009540,0.006895,0.005296,
0.156795,0.155446,0.154770,0.151688,0.147459,0.142105,0.136191,0.128827,0.120682,0.110871,0.101592,0.090133,0.083387,0.066227,0.055030,0.041093,0.030310,0.019952,0.010540,0.007390,0.005762,
0.147393,0.150673,0.149198,0.146263,0.142332,0.137635,0.131731,0.124496,0.116798,0.107706,0.098227,0.087826,0.076940,0.065208,0.053406,0.042514,0.029688,0.019417,0.011668,0.008416,0.006393,
0.140518,0.144720,0.143069,0.140025,0.135761,0.131587,0.126038,0.119295,0.111591,0.104178,0.094506,0.085362,0.074301,0.063759,0.052858,0.041322,0.031023,0.020287,0.012278,0.009479,0.007365,
0.133401,0.135770,0.134146,0.131173,0.127991,0.123894,0.119082,0.112485,0.105525,0.098464,0.089830,0.080694,0.071658,0.061318,0.051247,0.040938,0.030778,0.021980,0.013928,0.010938,0.009128,
0.122869,0.124004,0.121225,0.120871,0.117704,0.114475,0.108805,0.103309,0.097213,0.090386,0.083786,0.075604,0.066847,0.058618,0.049359,0.040165,0.031037,0.022692,0.016102,0.012712,0.010715,
nan,0.112183,0.102834,0.103033,0.100211,0.098131,0.092724,0.087950,0.083375,0.077250,0.073269,0.066621,0.060005,0.052493,0.046084,0.037628,0.030325,0.023892,0.017686,0.014900,0.012572,
nan,nan,0.069981,nan,0.065638,0.065306,0.062691,0.057581,0.056318,0.053505,0.051927,0.049099,0.044766,0.040909,0.035572,0.033735,0.028362,0.024559,0.020328,0.015535,0.013814,
nan,0.185729,0.185448,0.178539,0.173802,0.169029,0.156965,0.152167,0.137032,0.129714,0.112060,0.097579,0.088360,0.068398,0.057909,0.041009,0.028860,0.013374,0.007527,0.005566,nan,
0.184462,0.194602,0.183731,0.179019,0.173652,0.168929,0.158875,0.150634,0.139879,0.129447,0.116302,0.103755,0.088807,0.073750,0.058496,0.044892,0.030202,0.017217,0.008107,0.006053,0.004473,
0.186007,0.185242,0.182578,0.179274,0.174462,0.167318,0.159722,0.150125,0.140200,0.127942,0.117264,0.104065,0.089232,0.075028,0.059833,0.045192,0.030191,0.017737,0.007960,0.005462,0.004528,
0.183159,0.183745,0.181241,0.177623,0.173730,0.167010,0.159746,0.151090,0.140448,0.128286,0.115901,0.103517,0.088497,0.074193,0.059434,0.044672,0.030854,0.017747,0.007994,0.005394,0.004132,
0.181191,0.182283,0.180339,0.176244,0.171569,0.165364,0.158214,0.149536,0.138885,0.127353,0.115363,0.102856,0.088469,0.074352,0.059298,0.044597,0.030743,0.017752,0.007967,0.005383,0.004108,
0.182252,0.179762,0.178333,0.174566,0.169935,0.166885,0.154313,0.147790,0.138005,0.126510,0.114578,0.101902,0.087870,0.073546,0.058924,0.044507,0.030898,0.017936,0.008260,0.005479,0.004099,
0.178771,0.176876,0.175881,0.172412,0.167367,0.162012,nan,0.144558,0.134850,0.125074,0.113092,0.100762,0.086909,0.072477,0.059196,0.044228,0.030704,0.018007,0.008166,0.005419,0.004218,
0.174196,0.175036,0.173463,0.169520,0.165101,0.159004,0.151591,0.142493,0.134455,0.121603,0.111327,0.099107,0.086076,0.071967,0.058234,0.043938,0.030221,0.018182,0.008317,0.005641,0.004245,
0.170843,0.172394,0.170144,0.166942,0.161775,0.156482,0.149245,0.140676,0.131357,0.122737,0.109106,0.096522,0.084194,0.071079,0.057463,0.043766,0.030047,0.018001,0.008607,0.005940,0.004447,
0.166966,0.168307,0.167013,0.163254,0.158733,0.153155,0.146276,0.138436,0.128699,0.118946,0.109391,0.096323,0.082470,0.069292,0.056497,0.043266,0.030211,0.018099,0.008946,0.006122,0.004820,
0.161784,0.164527,0.163622,0.159789,0.155668,0.150029,0.143295,0.135482,0.126838,0.116385,0.106004,0.092464,0.082956,0.068664,0.054949,0.042560,0.029883,0.018319,0.009380,0.006512,0.005117,
0.155554,0.160546,0.159753,0.156074,0.151797,0.146423,0.139763,0.132267,0.123805,0.114005,0.104074,0.097350,0.079451,0.068967,0.055360,0.041886,0.029482,0.018652,0.009807,0.007041,0.005441,
0.152940,0.155859,0.154949,0.151409,0.147699,0.142599,0.135940,0.128579,0.120555,0.111632,0.100734,0.090880,0.078233,0.066778,0.055470,0.042773,0.029925,0.018784,0.010239,0.007591,0.006094,
0.148337,0.150866,0.149658,0.146249,0.142632,0.137909,0.131615,0.124915,0.116682,0.108268,0.098800,0.087639,0.077108,0.065357,0.053477,0.042075,0.031218,0.019709,0.011025,0.008300,0.006857,
nan,0.144270,0.142092,0.139842,0.137046,0.132266,0.126207,0.119208,0.112125,0.103818,0.094877,0.085049,0.074224,0.063987,0.052835,0.041642,0.030668,0.021329,0.012339,0.009251,0.007723,
0.132000,0.134513,0.133680,0.131948,0.128447,0.124669,0.118732,0.112479,0.105977,0.098414,0.090191,0.081134,0.071549,0.061319,0.051533,0.041102,0.030888,0.021471,0.014609,0.010938,0.008394,
nan,0.124145,0.121607,0.121069,0.117337,0.113472,0.108839,0.103401,0.097772,0.091174,0.083776,0.075589,0.067405,0.058327,0.049219,0.040111,0.031154,0.023004,0.015853,0.013211,0.010466,
0.096999,0.095115,0.100127,0.102906,0.097960,0.096361,0.093456,0.088603,0.083854,0.078445,0.072867,0.065526,0.059179,0.053220,0.045842,0.038466,0.030928,0.024067,0.018463,0.015146,0.013377,
nan,nan,nan,0.063282,0.065394,0.065412,0.065010,0.062771,0.058824,0.053356,0.049975,0.048319,0.044518,0.041031,0.036917,0.033196,0.028513,0.025462,0.019949,0.016998,0.014443,
nan,0.187063,0.184701,0.182568,0.175270,0.160039,0.158268,0.148315,0.141226,0.125459,0.110629,0.098678,0.081448,0.069188,0.055272,0.041098,0.027852,0.015281,0.007004,0.006150,nan,
0.186339,0.191871,0.184472,0.179508,0.174074,0.169695,0.161089,0.149979,0.139009,0.128875,0.116678,0.102406,0.089201,0.073027,0.059722,0.044190,0.029967,0.016599,0.007713,0.005381,0.004426,
0.187234,0.185191,0.185245,0.179433,0.173895,0.167359,0.159346,0.151143,0.140438,0.129604,0.115951,0.102336,0.089803,0.074820,0.059228,0.044291,0.030282,0.017302,0.007671,0.005523,0.004223,
0.187682,0.183985,0.181846,0.177438,0.173483,0.166904,0.158851,0.149368,0.139703,0.127749,0.116354,0.103064,0.088490,0.074522,0.059670,0.044959,0.030507,0.017416,0.007704,0.005268,0.004377,
0.187726,0.181694,0.180840,0.176504,0.171306,0.166410,0.158013,0.149194,0.139068,0.126784,0.114974,0.102617,0.087857,0.073836,0.058913,0.044120,0.030434,0.017336,0.007740,0.005357,0.004197,
0.181931,0.179640,0.178991,0.174322,0.169498,0.163336,0.156994,0.147779,0.137699,0.125832,0.114250,0.101820,0.087220,0.073475,0.058684,0.044140,0.030320,0.017547,0.007790,0.005447,0.004119,
0.181465,0.177756,0.176802,0.172073,0.167193,0.160940,0.153991,0.145907,0.136257,0.124990,0.113173,0.100675,0.086784,0.072977,0.058328,0.043883,0.030283,0.017604,0.008119,0.005548,0.004125,
0.177147,0.175157,0.173737,0.169794,0.164830,0.158848,0.151157,0.143418,0.133025,0.123920,0.111757,0.099461,0.085810,0.071985,0.058127,0.043732,0.030576,0.017789,0.008342,0.005705,0.004356,
0.173051,0.172008,0.170947,0.166850,0.162006,0.156203,0.148976,0.141377,0.132610,0.119099,0.110399,0.098230,0.085114,0.071201,0.057731,0.043490,0.030371,0.018187,0.008544,0.005855,0.004537,
0.168124,0.168188,0.166901,0.163929,0.159296,0.153375,0.146153,0.137842,0.130164,0.118544,0.106671,0.096070,0.083845,0.070463,0.057033,0.043271,0.030042,0.018379,0.008801,0.006155,0.004677,
0.163675,0.164699,0.163473,0.160484,0.155579,0.150251,0.143196,0.135454,0.126216,0.117314,0.105335,0.094228,0.081854,0.069561,0.056279,0.043116,0.030189,0.018625,0.009297,0.006577,0.004989,
0.160751,0.160534,0.159212,0.156345,0.152095,0.146614,0.139914,0.132226,0.123654,0.114007,0.103867,0.092355,0.080756,0.067445,0.055484,0.043003,0.030424,0.018824,0.009872,0.007121,0.005360,
0.153851,0.155762,0.154412,0.151844,0.147787,0.142672,0.136308,0.128829,0.120612,0.111046,0.101254,0.090380,0.078873,0.067328,0.054018,0.042254,0.030563,0.019477,0.010662,0.007735,0.006031,
0.149083,0.150745,0.149164,0.146666,0.142908,0.137552,0.131677,0.124440,0.116792,0.107961,0.098023,0.088049,0.076884,0.065532,0.054236,0.041393,0.030374,0.020172,0.011599,0.008464,0.006893,
0.141053,0.143860,0.142625,0.139746,0.136284,0.131684,0.126144,0.119677,0.112317,0.103731,0.094440,0.084692,0.074949,0.063671,0.052896,0.042185,0.030368,0.020722,0.012762,0.009616,0.008003,
0.131076,0.134992,0.133377,0.131294,0.128649,0.124019,0.118809,0.113052,0.106037,0.098298,0.089900,0.080926,0.071386,0.062007,0.051354,0.041205,0.031619,0.021421,0.014035,0.010969,0.009335,
0.119091,0.122612,0.120999,0.118769,0.117110,0.113020,0.108925,0.103794,0.098046,0.091156,0.083727,0.075527,0.067068,0.058442,0.049889,0.040048,0.031244,0.023732,0.015918,0.012730,0.011014,
0.102756,0.095539,0.096400,0.103927,0.100149,0.097030,0.092536,0.089613,0.084657,0.078869,0.073282,0.066850,0.059823,0.052549,0.044904,0.038593,0.031188,0.024215,0.018792,0.015118,0.013172,
nan,nan,nan,0.073009,0.062748,0.058190,0.061145,0.061573,0.058187,0.056699,0.054006,0.049943,0.044527,0.043120,0.038618,0.033009,0.029090,0.024605,0.020363,0.017697,0.015056,
nan,0.188065,0.181706,0.178472,0.174281,0.167196,0.159442,0.150438,0.140117,0.122777,0.109608,0.096338,0.084406,0.070034,0.055778,0.042589,0.025378,0.012309,0.005916,0.004292,nan,
0.185118,nan,0.182792,0.180127,0.174232,0.167219,0.160396,0.149857,0.139796,0.128294,0.115564,0.102699,0.088486,0.073274,0.058631,0.045129,0.030232,0.017383,0.008101,0.005396,0.004601,
0.183279,0.184934,0.178128,0.179435,0.173508,0.168215,0.159793,0.149821,0.139665,0.128983,0.116980,0.102766,0.089211,0.073979,0.059787,0.045466,0.030694,0.017095,0.008062,0.005399,0.004368,
0.180967,0.183500,0.182287,0.178251,0.173008,0.166347,0.158467,0.149705,0.139673,0.128735,0.115640,0.102474,0.089359,0.074193,0.059163,0.044663,0.030346,0.017326,0.007896,0.005459,0.004038,
0.180180,0.182222,0.180461,0.176748,0.170664,0.165310,0.157471,0.148673,0.138708,0.127154,0.115273,0.102010,0.088321,0.073945,0.058740,0.044175,0.030120,0.017216,0.007855,0.005345,0.004117,
0.175950,0.180245,0.177948,0.175111,0.169416,0.163449,0.156256,0.147380,0.137115,0.125788,0.113650,0.101518,0.087526,0.073344,0.058633,0.044174,0.030256,0.017254,0.007881,0.005331,0.004210,
0.172497,0.177619,0.175613,0.172486,0.167420,0.161260,0.153918,0.145931,0.135652,0.124384,0.112559,0.100585,0.086494,0.072721,0.058210,0.043964,0.030297,0.017637,0.007995,0.005424,0.004218,
0.169988,0.174995,0.172733,0.169712,0.164721,0.158904,0.151408,0.142887,0.134439,0.123033,0.111268,0.099201,0.085464,0.071903,0.057693,0.043386,0.030076,0.017656,0.008116,0.005468,0.004378,
0.167105,0.172133,0.169650,0.166758,0.162031,0.156131,0.149136,0.140429,0.130853,0.122338,0.110030,0.097921,0.084435,0.071193,0.057042,0.043146,0.030127,0.017724,0.008465,0.005833,0.004479,
0.166962,0.168645,0.166380,0.163432,0.158844,0.153152,0.146354,0.138293,0.128391,0.119029,0.109058,0.096515,0.083475,0.070129,0.056628,0.043043,0.030233,0.017988,0.008881,0.006191,0.004722,
0.161700,0.164475,0.163054,0.159798,0.155360,0.150111,0.143502,0.135490,0.126371,0.115935,0.105928,0.095373,0.082552,0.069348,0.056257,0.042708,0.030186,0.018349,0.009272,0.006594,0.004999,
0.155350,0.161024,0.158971,0.156025,0.151431,0.146436,0.140218,0.132389,0.123871,0.113917,0.102867,0.092506,0.081608,0.068679,0.055662,0.042736,0.030239,0.018835,0.009927,0.007093,0.005422,
0.152629,0.156178,0.153801,0.151748,0.147336,0.142258,0.136304,0.128867,0.120547,0.111299,0.101015,0.089731,0.078968,0.067804,0.055224,0.042548,0.030544,0.019374,0.010541,0.007782,0.005883,
0.144258,0.150730,0.148795,0.146507,0.142080,0.137425,0.131775,0.124895,0.116808,0.108004,0.098257,0.087843,0.076337,0.065626,0.054624,0.042675,0.030880,0.020057,0.011567,0.008701,0.006618,
0.140564,0.144243,0.142475,0.140330,0.135934,0.131733,0.126410,0.119855,0.112597,0.103935,0.094997,0.085328,0.074564,0.063221,0.052916,0.042364,0.031418,0.021158,0.012760,0.009606,0.007748,
0.126968,0.134751,0.133562,0.131404,0.127611,0.123458,0.118924,0.112820,0.106326,0.098564,0.090462,0.081584,0.071709,0.061396,0.050791,0.041257,0.031810,0.022308,0.014507,0.011189,0.009119,
0.119145,0.121401,0.121746,0.118720,0.116193,0.112682,0.108553,0.103547,0.098149,0.090910,0.083922,0.076181,0.067327,0.058673,0.049428,0.039736,0.031380,0.023439,0.016630,0.013135,0.010633,
nan,0.104848,0.098010,0.094570,0.094145,0.093710,0.091951,0.088589,0.085404,0.079415,0.073998,0.067967,0.060447,0.053731,0.046217,0.038495,0.030543,0.024364,0.018889,0.015458,0.013032,
nan,nan,nan,nan,nan,0.065734,0.061576,0.058851,0.059424,0.055252,0.053138,0.050963,0.046974,0.042380,0.038758,0.034517,0.029197,0.024172,0.020632,0.017408,0.016639,
0.186790,0.188729,0.184091,0.177143,0.168743,0.162817,0.161299,0.150363,0.137440,0.125424,0.112947,0.102616,0.083705,0.069724,0.052794,0.041620,0.029312,0.015491,0.006738,0.004944,nan,
0.191382,0.185969,0.184122,0.180194,0.173707,0.166897,0.159798,0.151290,0.141052,0.126352,0.116715,0.101680,0.087820,0.072871,0.057221,0.044904,0.030060,0.016473,0.007350,0.005388,0.004454,
0.189451,0.186185,0.182887,0.179547,0.174013,0.167443,0.160632,0.150460,0.140327,0.127940,0.116252,0.103624,0.088596,0.073197,0.057861,0.045510,0.030906,0.017418,0.007873,0.005277,0.004178,
0.188449,0.185257,0.181612,0.178192,0.172478,0.166967,0.159538,0.149690,0.139310,0.127876,0.116201,0.102576,0.088350,0.073415,0.058973,0.045469,0.030716,0.017556,0.007880,0.005144,0.004230,
0.187680,0.183798,0.180147,0.176431,0.171501,0.165142,0.157752,0.148193,0.138150,0.127041,0.115483,0.101903,0.087974,0.072901,0.058970,0.045335,0.030461,0.017489,0.007849,0.005123,0.004109,
0.185286,0.180945,0.178573,0.174547,0.169513,0.163538,0.155910,0.147212,0.137055,0.126214,0.114545,0.101164,0.087294,0.072891,0.058683,0.044727,0.030659,0.017622,0.008036,0.005305,0.004113,
0.183258,0.178399,0.176440,0.172378,0.167383,0.161390,0.153988,0.145431,0.135436,0.124561,0.112842,0.100034,0.086709,0.072456,0.058052,0.044233,0.030496,0.017443,0.008222,0.005427,0.004054,
0.179443,0.175635,0.173233,0.169940,0.165003,0.158999,0.151707,0.143327,0.133579,0.122824,0.111358,0.098982,0.085601,0.071720,0.057534,0.043843,0.030181,0.017655,0.008219,0.005689,0.004024,
0.174879,0.172954,0.170132,0.167396,0.162493,0.156477,0.149182,0.140931,0.131559,0.120963,0.109660,0.097824,0.084513,0.071130,0.057344,0.043790,0.030320,0.017935,0.008645,0.005888,0.004188,
0.171355,0.169966,0.166785,0.164168,0.159420,0.153668,0.146822,0.138288,0.129167,0.119078,0.107885,0.096261,0.083330,0.070340,0.056621,0.043325,0.030209,0.018302,0.008986,0.006101,0.004475,
0.167245,0.165635,0.162663,0.160383,0.156141,0.150202,0.143762,0.135547,0.126754,0.116628,0.106002,0.094650,0.081957,0.069267,0.055901,0.042951,0.030102,0.018423,0.009370,0.006437,0.004825,
0.163917,0.161110,0.158373,0.156497,0.152177,0.146588,0.140010,0.132583,0.123891,0.114153,0.103717,0.092704,0.080715,0.068200,0.055218,0.042493,0.029953,0.018602,0.009673,0.006954,0.005340,
0.159651,0.156373,0.153583,0.151912,0.147762,0.142710,0.136241,0.128983,0.120693,0.111430,0.101288,0.090579,0.079141,0.067152,0.054659,0.042320,0.030198,0.019110,0.010537,0.007674,0.005717,
0.152294,0.150610,0.148413,0.147676,0.143157,0.138135,0.132021,0.124960,0.117085,0.108152,0.098629,0.088303,0.077168,0.065851,0.054119,0.042215,0.030657,0.019872,0.011541,0.008467,0.006409,
0.144423,0.145389,0.142233,0.140755,0.136716,0.132497,0.126597,0.119998,0.112590,0.104165,0.095254,0.085476,0.075094,0.064053,0.053165,0.042142,0.031030,0.020762,0.012790,0.009600,0.007609,
0.136453,0.136192,0.132641,0.131946,0.128766,0.124707,0.118566,0.112833,0.105968,0.098173,0.090541,0.081528,0.071933,0.062067,0.051813,0.041574,0.031583,0.022039,0.014285,0.011016,0.008890,
0.124499,0.120998,0.120152,0.118861,0.117297,0.113010,0.107309,0.103180,0.096865,0.090267,0.083653,0.075941,0.067424,0.059123,0.049940,0.040839,0.031891,0.023605,0.016450,0.013088,0.010730,
0.092025,0.098720,0.101414,0.097375,0.095921,0.093035,0.088768,0.084861,0.079802,0.074367,0.070392,0.066360,0.059816,0.053201,0.046180,0.038696,0.031854,0.024912,0.019143,0.015542,0.012330,
nan,nan,nan,nan,nan,nan,nan,nan,nan,nan,0.056586,0.051355,0.047088,0.040507,0.038320,0.034288,0.030736,0.026237,0.021907,0.018383,0.015055,
