0.150933,0.150761,0.155685,0.145600,0.149544,0.138957,0.132931,0.126899,0.113695,0.101953,0.094210,0.080585,0.069965,0.059992,0.046844,0.034749,0.023069,0.017545,0.009650,0.006678,0.003871,
0.159828,0.151537,0.150479,0.143372,0.143863,0.136591,0.131177,0.121823,0.114614,0.102791,0.093991,0.081684,0.070978,0.056160,0.043598,0.033685,0.023462,0.015909,0.010108,0.006560,0.004529,
0.158871,0.149758,0.149686,0.147265,0.140306,0.134478,0.129064,0.117493,0.110298,0.099426,0.091013,0.078325,0.067600,0.054221,0.044501,0.032784,0.023823,0.016331,0.010648,0.006733,0.004912,
0.153667,0.145476,0.144940,0.142904,0.136751,0.130712,0.126539,0.115109,0.107813,0.097606,0.087864,0.076150,0.065333,0.053707,0.043950,0.032597,0.024539,0.016877,0.011402,0.007903,0.005360,
0.148791,0.138929,0.139211,0.136934,0.132474,0.126788,0.121652,0.111896,0.104234,0.095430,0.086099,0.074531,0.064158,0.052479,0.043598,0.032816,0.025146,0.017752,0.012662,0.008715,0.006029,
0.141308,0.135125,0.132585,0.130362,0.126427,0.121261,0.116156,0.107826,0.101104,0.091019,0.082054,0.072239,0.062502,0.051727,0.042786,0.033062,0.025729,0.019429,0.014080,0.009964,0.006929,
0.133413,0.128794,0.125062,0.122226,0.119145,0.114347,0.108943,0.102083,0.095980,0.086583,0.078752,0.069369,0.060818,0.051151,0.042506,0.033876,0.027255,0.021728,0.016760,0.012183,0.008349,
0.126041,0.121126,0.117390,0.114760,0.111505,0.107010,0.101936,0.095721,0.090509,0.081839,0.075113,0.066602,0.058937,0.050530,0.042686,0.035571,0.030057,0.025065,0.020100,0.014891,0.010120,
0.114379,0.113201,0.109161,0.106606,0.105048,0.099626,0.095593,0.089784,0.084688,0.077179,0.071299,0.064239,0.057570,0.050546,0.044126,0.038030,0.033713,0.029658,0.024936,0.018549,0.013395,
0.103373,0.104969,0.102371,0.098457,0.097530,0.092415,0.088960,0.084078,0.079269,0.073227,0.067944,0.062326,0.057344,0.051891,0.047348,0.042938,0.039957,0.036959,0.031915,0.024045,0.017706,
0.095484,0.096178,0.094313,0.091446,0.090237,0.085633,0.082719,0.078948,0.074585,0.070338,0.066524,0.061937,0.058733,0.055309,0.052847,0.050077,0.050140,0.048073,0.042737,0.031680,0.023164,
0.090645,0.088508,0.086416,0.084293,0.083276,0.080018,0.077110,0.074552,0.071249,0.068570,0.066657,0.063007,0.062161,0.061717,0.062011,0.062090,0.064631,0.064893,0.058709,0.044730,0.029796,
0.084369,0.080651,0.079087,0.078022,0.076851,0.074975,0.072501,0.070738,0.068846,0.067900,0.068033,0.066887,0.068728,0.071404,0.075955,0.079207,0.087576,0.088782,0.083960,0.061479,0.040346,
0.078162,0.072602,0.071354,0.072986,0.070277,0.069872,0.068996,0.068096,0.068046,0.070052,0.071823,0.073750,0.079709,0.087336,0.096621,0.108890,0.120699,0.130353,0.120554,0.088010,0.053678,
0.067511,0.065622,0.063008,0.066692,0.064729,0.064244,0.066083,0.066746,0.069180,0.073236,0.078162,0.085596,0.097624,0.112231,0.131196,0.150684,0.178977,0.192649,0.177513,0.119106,0.057992,
0.055519,0.055306,0.055991,0.058932,0.060040,0.061607,0.063746,0.068579,0.073656,0.082226,0.089364,0.105882,0.126048,0.152806,0.182807,0.223684,0.262448,0.288833,0.251725,0.145499,0.046792,
0.051493,0.047244,0.053808,0.053318,0.054821,0.060558,0.063493,0.073237,0.082398,0.097341,0.113858,0.137292,0.172390,0.210952,0.265632,0.337450,0.399744,0.403850,0.297679,0.125685,0.025785,
0.039330,0.038212,0.047455,0.049931,0.055752,0.059911,0.068428,0.083576,0.095157,0.112136,0.145748,0.186213,0.228640,0.300015,0.379137,0.491739,0.541002,0.449223,0.243302,0.040018,0.018555,
nan,nan,nan,nan,nan,nan,nan,nan,nan,nan,0.169538,0.237362,0.319205,0.438414,0.504949,0.621071,0.568135,0.310577,0.089226,0.024965,nan,
nan,nan,0.152896,0.151827,0.140804,0.146803,0.132423,0.122555,0.122558,0.111737,0.090968,0.085483,0.077073,0.058973,0.049388,0.043854,0.025866,0.017341,0.010746,0.007572,0.004361,
nan,0.152490,0.153981,0.150059,0.143589,0.138760,0.133595,0.120664,0.112180,0.103318,0.090581,0.080999,0.067296,0.055739,0.046130,0.032710,0.024400,0.016053,0.009820,0.006825,0.004202,
0.154910,0.151811,0.149473,0.147264,0.141151,0.135273,0.129102,0.120902,0.111335,0.102110,0.091272,0.079875,0.068275,0.054684,0.044431,0.032241,0.023637,0.015813,0.010365,0.007027,0.004458,
0.144465,0.149148,0.145467,0.143333,0.138420,0.132544,0.124245,0.119506,0.108765,0.098133,0.088833,0.077903,0.066541,0.054042,0.043887,0.032428,0.023667,0.016294,0.011227,0.007666,0.005141,
0.144798,0.144991,0.142316,0.137148,0.133410,0.128057,0.119956,0.115059,0.105279,0.095098,0.085719,0.075278,0.064591,0.053199,0.043438,0.032294,0.024232,0.017776,0.012392,0.008902,0.005937,
0.134722,0.138381,0.136519,0.131113,0.126545,0.122194,0.114934,0.109454,0.100144,0.091192,0.082077,0.071796,0.062564,0.051953,0.042605,0.032675,0.025273,0.019091,0.014135,0.010379,0.007099,
0.124507,0.130594,0.128882,0.124510,0.119121,0.114868,0.109164,0.103978,0.095147,0.086667,0.078529,0.068591,0.060351,0.050987,0.042551,0.033682,0.027165,0.021128,0.016547,0.012159,0.008542,
0.114891,0.122684,0.120948,0.116249,0.111483,0.108219,0.102163,0.097416,0.089970,0.082155,0.075109,0.065836,0.058819,0.050424,0.042954,0.035650,0.029809,0.024736,0.019790,0.015000,0.010362,
0.111936,0.113790,0.111778,0.108527,0.103847,0.100941,0.095365,0.090903,0.084243,0.077410,0.071397,0.063052,0.056971,0.050427,0.044155,0.038420,0.033926,0.029522,0.024738,0.018612,0.013081,
0.104195,0.104877,0.103224,0.100540,0.096539,0.093849,0.089304,0.084776,0.079358,0.073679,0.068296,0.061295,0.056302,0.051706,0.047034,0.043154,0.039887,0.036781,0.031471,0.024166,0.015957,
0.097233,0.096839,0.094578,0.091837,0.089426,0.086944,0.083076,0.079079,0.074877,0.070507,0.066395,0.060987,0.057726,0.054574,0.052153,0.050856,0.049056,0.047155,0.042055,0.031203,0.021601,
0.088716,0.087966,0.086656,0.084718,0.082401,0.080303,0.078039,0.074713,0.071438,0.068697,0.065861,0.062701,0.061136,0.060549,0.060493,0.062614,0.063401,0.063540,0.056519,0.043778,0.028966,
0.083698,0.080094,0.078916,0.077600,0.075933,0.074578,0.073337,0.070526,0.069266,0.068140,0.066650,0.066067,0.067614,0.069981,0.073554,0.079682,0.085110,0.087315,0.081770,0.059516,0.038578,
0.075171,0.072377,0.071164,0.070612,0.070171,0.069104,0.069191,0.068051,0.068370,0.068891,0.070837,0.073531,0.078428,0.085625,0.095449,0.107406,0.117726,0.127398,0.117541,0.084484,0.047900,
0.067649,0.063874,0.063313,0.063499,0.064538,0.064994,0.065866,0.067075,0.069805,0.072626,0.078123,0.084877,0.096626,0.108480,0.129721,0.149795,0.173226,0.186111,0.170754,0.112813,0.054374,
0.056511,0.057099,0.055622,0.057040,0.057707,0.061879,0.063691,0.067711,0.073678,0.080819,0.090840,0.104534,0.125570,0.147232,0.178920,0.221095,0.256166,0.277206,0.232942,0.126997,0.049634,
0.049084,0.047553,0.049414,0.053978,0.054307,0.060351,0.065804,0.072541,0.080468,0.096461,0.112038,0.133421,0.165365,0.204314,0.259901,0.321234,0.379334,0.381518,0.270205,0.112313,0.029729,
nan,0.040037,0.046919,0.046949,0.056746,0.061403,0.069673,0.082943,0.098433,0.114689,0.139848,0.178185,0.221970,0.297274,0.365459,0.459771,0.503836,0.406455,0.237557,0.071372,0.021397,
nan,nan,nan,nan,0.057304,0.067524,0.076648,0.099512,0.122132,0.144841,0.177641,0.219044,0.294782,0.362929,0.458167,0.557231,0.512457,0.368959,0.174759,0.030048,0.013691,
nan,0.153971,0.149718,0.157101,0.149846,0.141028,0.136165,0.125833,0.119244,0.103306,0.095336,0.081472,0.071868,0.059332,0.045361,0.036996,0.023911,0.019013,0.010257,0.007218,0.004697,
0.158727,0.156024,0.149590,0.150600,0.142532,0.139019,0.131650,0.123725,0.115544,0.105804,0.094851,0.080658,0.069294,0.054654,0.045486,0.033274,0.023172,0.015237,0.010004,0.006462,0.004152,
0.155371,0.152414,0.150966,0.144441,0.142408,0.137717,0.126998,0.122911,0.111118,0.100357,0.090520,0.079222,0.066577,0.055306,0.043604,0.032546,0.023072,0.015654,0.010104,0.007209,0.004681,
0.148914,0.150903,0.148586,0.140632,0.137183,0.132418,0.125433,0.117637,0.107835,0.099348,0.089273,0.076229,0.065808,0.054285,0.043053,0.032168,0.023426,0.016582,0.011148,0.007767,0.005444,
0.141981,0.145242,0.141669,0.136719,0.133584,0.127815,0.120892,0.114443,0.105643,0.094881,0.085699,0.074120,0.064430,0.053724,0.042349,0.032652,0.024219,0.017301,0.012423,0.008703,0.006360,
0.138778,0.138168,0.134946,0.130916,0.126792,0.121741,0.115610,0.108868,0.100968,0.090405,0.082675,0.071251,0.062335,0.051711,0.041876,0.033546,0.025387,0.019093,0.014042,0.010235,0.007209,
0.133913,0.130721,0.127195,0.124643,0.119978,0.116322,0.109228,0.102479,0.095172,0.086297,0.078527,0.068454,0.059815,0.050622,0.041732,0.034126,0.026698,0.021328,0.016338,0.011860,0.008731,
0.131390,0.120040,0.118044,0.117040,0.112450,0.107722,0.102663,0.096195,0.089473,0.081487,0.074084,0.065850,0.058165,0.050187,0.042351,0.035748,0.029475,0.024172,0.019395,0.014253,0.010260,
0.118575,0.111963,0.110083,0.108563,0.104900,0.100603,0.095365,0.089838,0.084143,0.076785,0.070624,0.063335,0.056834,0.050351,0.043795,0.038279,0.033344,0.028769,0.024162,0.017819,0.012579,
0.105341,0.103905,0.102040,0.100428,0.096965,0.093028,0.088674,0.084116,0.079287,0.072963,0.067544,0.061801,0.056673,0.051370,0.046685,0.042724,0.039248,0.035797,0.030409,0.022896,0.015592,
0.096441,0.095575,0.093774,0.092371,0.089482,0.086226,0.082759,0.078744,0.074679,0.070122,0.065751,0.061557,0.057837,0.054574,0.051572,0.049753,0.048302,0.046079,0.040697,0.029855,0.020056,
0.090506,0.088464,0.086451,0.084819,0.082977,0.080183,0.076961,0.074499,0.071512,0.068103,0.065291,0.062717,0.061175,0.059820,0.060012,0.060851,0.061169,0.061311,0.054506,0.040742,0.025374,
0.084516,0.079943,0.078995,0.077878,0.076730,0.074718,0.072287,0.071089,0.069045,0.067512,0.066803,0.065780,0.067291,0.069308,0.073263,0.077092,0.082673,0.083630,0.075909,0.054995,0.032380,
0.074481,0.072693,0.071325,0.070573,0.070265,0.069669,0.068359,0.068318,0.068575,0.068358,0.070855,0.073146,0.078236,0.083288,0.093460,0.103957,0.113721,0.118260,0.106555,0.073891,0.040786,
0.067905,0.064862,0.065029,0.063948,0.064072,0.064035,0.065141,0.066808,0.068996,0.071140,0.077879,0.085201,0.095399,0.106499,0.124324,0.142171,0.164234,0.169384,0.148449,0.096970,0.047531,
0.062260,0.054748,0.057776,0.057251,0.059433,0.060111,0.063605,0.066349,0.073049,0.078313,0.089964,0.103529,0.120197,0.144020,0.170672,0.205864,0.235605,0.239504,0.199237,0.110563,0.041713,
nan,0.048996,0.049321,0.051384,0.055436,0.058255,0.065203,0.071010,0.080553,0.093145,0.110358,0.132401,0.159288,0.194884,0.245595,0.292281,0.328642,0.315711,0.224779,0.094844,0.027187,
0.042851,0.040056,0.044800,0.046653,0.054756,0.060869,0.072121,0.080262,0.093197,0.112211,0.140027,0.169788,0.214437,0.267978,0.340236,0.400930,0.418487,0.337079,0.194370,0.060005,0.020551,
nan,nan,nan,0.053576,0.057742,0.068525,0.079110,0.089814,0.109075,0.133889,0.149836,0.189793,0.236923,0.320700,0.402341,0.464370,0.423615,0.284913,0.130391,0.026365,0.012173,
nan,0.155891,0.158678,0.146791,0.147159,0.148539,0.139234,0.119775,0.114297,0.108790,0.094152,0.086000,0.073276,0.059083,0.047435,0.036609,0.024994,0.016462,0.011224,0.006347,0.003204,
0.153335,0.153104,0.153544,0.147320,0.145030,0.140939,0.128819,0.124437,0.111338,0.101750,0.090862,0.080998,0.069268,0.056882,0.043622,0.033714,0.023439,0.014940,0.010020,0.006370,0.004045,
0.153757,0.152864,0.150666,0.146891,0.141640,0.135369,0.129070,0.119485,0.111299,0.101543,0.091838,0.077251,0.067431,0.054755,0.043509,0.032422,0.023287,0.015676,0.010291,0.006986,0.004945,
0.153797,0.146150,0.145350,0.143738,0.138576,0.132580,0.125383,0.118435,0.109327,0.098734,0.087984,0.076192,0.065530,0.054467,0.042726,0.031996,0.023458,0.016277,0.010992,0.007558,0.005504,
0.145893,0.141069,0.141119,0.138358,0.133906,0.127525,0.121376,0.112674,0.104498,0.094993,0.084408,0.074460,0.064001,0.052578,0.042186,0.033362,0.024205,0.017578,0.012168,0.008586,0.006240,
0.132942,0.133529,0.136492,0.132524,0.128106,0.121306,0.116573,0.107085,0.100947,0.090773,0.081464,0.071935,0.062274,0.052381,0.042062,0.032938,0.025412,0.018781,0.013535,0.009681,0.006982,
0.120524,0.126911,0.128505,0.124920,0.120810,0.114483,0.109497,0.102342,0.095560,0.086176,0.077683,0.069062,0.060059,0.051060,0.041618,0.033777,0.026838,0.020622,0.015853,0.011409,0.007738,
0.121331,0.119113,0.120396,0.116305,0.112570,0.108161,0.102822,0.096479,0.089139,0.081014,0.073428,0.066458,0.058329,0.050232,0.042124,0.035113,0.029036,0.023769,0.018652,0.013706,0.009706,
0.113380,0.110733,0.111163,0.108536,0.104860,0.100460,0.095535,0.090920,0.084215,0.077333,0.070222,0.063530,0.056770,0.049785,0.043375,0.037932,0.032762,0.028145,0.023227,0.017056,0.011371,
0.104451,0.103232,0.103124,0.099943,0.097352,0.092617,0.088695,0.084734,0.079032,0.073341,0.067574,0.061721,0.056429,0.050826,0.046230,0.041972,0.038139,0.034459,0.029456,0.021972,0.014274,
0.098621,0.094779,0.094316,0.092106,0.090319,0.086445,0.083006,0.078789,0.075004,0.069899,0.065918,0.061054,0.057810,0.053319,0.050660,0.048497,0.046434,0.043567,0.037949,0.028161,0.017871,
0.091794,0.086521,0.085969,0.084640,0.083389,0.079649,0.077698,0.074422,0.071065,0.067605,0.064869,0.062138,0.060686,0.058635,0.058111,0.058274,0.058820,0.057594,0.049942,0.036980,0.023183,
0.079181,0.080197,0.079062,0.077294,0.076714,0.074097,0.072796,0.070401,0.068752,0.066483,0.066049,0.065482,0.066547,0.067196,0.070309,0.073302,0.077279,0.076391,0.067745,0.050076,0.029687,
0.078526,0.071115,0.071061,0.070019,0.070432,0.068109,0.068281,0.067477,0.066764,0.067802,0.069575,0.072232,0.076219,0.081292,0.087964,0.097690,0.103760,0.103676,0.094056,0.063608,0.037299,
0.066732,0.065663,0.063382,0.063373,0.064088,0.064087,0.064775,0.066442,0.067651,0.071389,0.075724,0.083550,0.090735,0.102347,0.116249,0.131345,0.141247,0.146269,0.125519,0.076274,0.037063,
0.060353,0.055410,0.056479,0.056708,0.058628,0.060963,0.063957,0.067092,0.070710,0.079366,0.087112,0.099973,0.113888,0.133378,0.154191,0.181820,0.199537,0.197779,0.159132,0.085904,0.036376,
0.047324,0.047615,0.049616,0.052673,0.054207,0.058463,0.062564,0.070364,0.077742,0.089472,0.109460,0.124961,0.150249,0.176328,0.210569,0.248994,0.269860,0.252367,0.169590,0.078437,0.023627,
nan,0.041360,0.045457,0.051134,0.055024,0.062964,0.068468,0.077231,0.093048,0.108784,0.132422,0.157725,0.194140,0.232824,0.285382,0.329898,0.334014,0.255141,0.151560,0.048159,0.016359,
nan,nan,0.043300,0.054486,0.060446,0.065095,0.073882,0.089192,0.093699,0.114028,0.148201,0.184565,0.242317,0.295501,0.366678,0.378313,0.317328,0.229172,0.102241,0.023595,0.013897,
nan,0.151822,0.150798,0.151855,0.147719,0.136357,0.138059,0.123441,0.114457,0.111521,0.093715,0.087391,0.072790,0.055530,0.047369,0.036287,0.027861,0.016236,0.010721,0.006397,0.004494,
0.153725,0.156763,0.151414,0.149674,0.144198,0.135255,0.130511,0.121552,0.114321,0.102186,0.091934,0.081873,0.069308,0.056695,0.043843,0.032053,0.023415,0.015472,0.009744,0.006584,0.004421,
0.155845,0.151451,0.148188,0.146083,0.141092,0.135997,0.129778,0.122037,0.112033,0.100551,0.089662,0.079451,0.067971,0.055644,0.042943,0.031927,0.022294,0.015519,0.010286,0.007037,0.004857,
0.153999,0.146992,0.145623,0.144063,0.139200,0.132882,0.126018,0.117424,0.108996,0.098261,0.086889,0.076740,0.065421,0.052807,0.042488,0.033009,0.023505,0.016224,0.010934,0.007437,0.005603,
0.147671,0.141317,0.142022,0.138074,0.133860,0.126029,0.121524,0.111914,0.106158,0.094970,0.084539,0.074497,0.064411,0.053492,0.042285,0.032278,0.024255,0.017151,0.011784,0.008507,0.005799,
0.143967,0.135873,0.135461,0.130704,0.127409,0.121327,0.115653,0.109038,0.100323,0.090501,0.081317,0.072185,0.061848,0.051579,0.041753,0.032755,0.024778,0.017996,0.013482,0.009472,0.006542,
0.134258,0.129608,0.127512,0.124027,0.119945,0.114382,0.109121,0.102975,0.094627,0.086505,0.077361,0.069222,0.059911,0.050282,0.042188,0.033436,0.026490,0.020145,0.015412,0.011007,0.007790,
0.128256,0.120801,0.119084,0.116207,0.112948,0.106998,0.102112,0.096418,0.089786,0.082395,0.074440,0.065898,0.057808,0.049387,0.042408,0.034629,0.028688,0.023075,0.018516,0.013409,0.009017,
0.120642,0.112230,0.110480,0.107997,0.104886,0.099773,0.095415,0.089867,0.084048,0.077097,0.070756,0.063425,0.056840,0.049279,0.042945,0.037097,0.032035,0.027161,0.022227,0.016642,0.011222,
0.112647,0.102892,0.101689,0.100455,0.097206,0.092501,0.089346,0.083628,0.078908,0.073238,0.067345,0.061740,0.056167,0.050175,0.044865,0.040792,0.036570,0.033017,0.027427,0.020734,0.013839,
0.098419,0.095137,0.093743,0.092696,0.089912,0.085818,0.083045,0.078147,0.074346,0.070142,0.065165,0.061521,0.056382,0.052563,0.049009,0.046489,0.044142,0.040969,0.035513,0.026483,0.017244,
0.091917,0.085564,0.086247,0.085187,0.082793,0.079411,0.077447,0.073596,0.070741,0.067690,0.064095,0.062186,0.058856,0.057116,0.056156,0.055573,0.054428,0.051679,0.046091,0.032576,0.021567,
0.086334,0.078487,0.079144,0.077897,0.076655,0.073767,0.072074,0.069845,0.067912,0.066649,0.065236,0.064860,0.064028,0.065069,0.065860,0.068513,0.069667,0.068512,0.060475,0.040553,0.024449,
0.075704,0.070986,0.071705,0.070550,0.069898,0.068441,0.068258,0.066891,0.066707,0.067269,0.067935,0.069720,0.072153,0.076429,0.080857,0.088021,0.093964,0.091632,0.080331,0.053063,0.028214,
0.066594,0.061935,0.063104,0.063555,0.063107,0.063641,0.064461,0.065704,0.067090,0.070137,0.073572,0.078013,0.086054,0.093670,0.104460,0.118827,0.125891,0.124988,0.102474,0.062464,0.031660,
0.054987,0.055935,0.053842,0.056864,0.056545,0.060000,0.061529,0.066299,0.069418,0.075683,0.083715,0.092120,0.105281,0.119966,0.138716,0.159333,0.172577,0.158187,0.120098,0.064608,0.029503,
0.050649,0.048387,0.050154,0.052077,0.053534,0.057934,0.062360,0.069619,0.075831,0.087151,0.097078,0.113410,0.131858,0.161831,0.192447,0.215041,0.213296,0.190721,0.127347,0.061505,0.020953,
0.037116,0.046689,0.045149,0.050847,0.051444,0.059348,0.063678,0.076659,0.087070,0.103421,0.120912,0.143910,0.176328,0.208289,0.245339,0.255619,0.250121,0.191045,0.116244,0.040115,0.014898,
nan,nan,0.043358,0.044778,0.043863,0.053256,0.073042,0.081668,0.097079,0.115002,0.149440,0.180896,0.213985,0.242977,0.268518,0.301836,0.243831,0.171631,0.071977,0.019638,0.011149,
nan,0.166190,0.143983,0.151481,0.151238,0.137701,0.136565,0.126407,0.118911,0.104825,0.092313,0.087636,0.067618,0.057189,0.050208,0.036729,0.025443,0.017099,0.011263,0.006873,0.003533,
0.158684,0.154120,0.152257,0.150960,0.143238,0.141434,0.131838,0.122228,0.110715,0.101903,0.094588,0.078789,0.068225,0.055260,0.044387,0.030818,0.023126,0.015180,0.009301,0.006312,0.004842,
0.150173,0.151367,0.148342,0.147153,0.143451,0.137250,0.129901,0.120125,0.112759,0.101965,0.089274,0.076879,0.065470,0.054415,0.042986,0.032098,0.023245,0.015510,0.009921,0.007139,0.004709,
0.151757,0.147829,0.149175,0.142455,0.139715,0.130486,0.126467,0.115220,0.108990,0.097646,0.087794,0.077529,0.066141,0.054555,0.042016,0.032232,0.022994,0.016148,0.010520,0.007507,0.005125,
0.145411,0.144006,0.141225,0.137736,0.132278,0.126638,0.120583,0.113864,0.104902,0.095187,0.084617,0.074943,0.063928,0.052878,0.041830,0.032324,0.023693,0.016462,0.011920,0.008178,0.005449,
0.142454,0.137546,0.134234,0.131949,0.126535,0.122024,0.115205,0.108390,0.099774,0.090948,0.081054,0.072090,0.061781,0.050853,0.042591,0.032357,0.024673,0.018196,0.012952,0.009180,0.006612,
0.136952,0.128282,0.126669,0.124819,0.120399,0.114236,0.109562,0.102008,0.094795,0.086459,0.078287,0.069289,0.059804,0.050524,0.041771,0.032921,0.026085,0.019910,0.015077,0.011010,0.007387,
0.119409,0.120785,0.118566,0.116864,0.112473,0.106893,0.102752,0.095692,0.088735,0.081875,0.073805,0.066330,0.058278,0.049093,0.041338,0.034559,0.027950,0.022465,0.017856,0.013333,0.009018,
0.114606,0.112465,0.108970,0.108228,0.104901,0.099951,0.095877,0.089231,0.083719,0.078120,0.070109,0.064092,0.056230,0.048923,0.041965,0.036319,0.030656,0.026250,0.020865,0.015830,0.010396,
0.108674,0.103364,0.101959,0.099822,0.096617,0.092969,0.089204,0.083114,0.079025,0.073049,0.067109,0.062231,0.055368,0.049151,0.044212,0.039444,0.035138,0.030724,0.026057,0.018703,0.012679,
0.096561,0.094523,0.094649,0.091714,0.089787,0.086168,0.082269,0.078790,0.074290,0.069236,0.064542,0.060637,0.055484,0.051436,0.047520,0.044440,0.041272,0.037444,0.031862,0.023076,0.014887,
0.093840,0.087983,0.087462,0.084554,0.082745,0.079782,0.076534,0.074010,0.070371,0.066784,0.063479,0.060896,0.057495,0.055018,0.052462,0.052493,0.051663,0.047195,0.041087,0.028859,0.017549,
0.082608,0.078971,0.079359,0.077250,0.075819,0.074338,0.071827,0.070690,0.067081,0.065760,0.063818,0.062330,0.061756,0.061462,0.062188,0.064400,0.064533,0.061244,0.052513,0.036450,0.021551,
0.073603,0.071785,0.070935,0.070257,0.069771,0.068458,0.067299,0.067444,0.065424,0.066148,0.065956,0.066203,0.069348,0.071761,0.076537,0.081444,0.082401,0.078333,0.066661,0.042725,0.023581,
0.066698,0.064212,0.062300,0.063865,0.063896,0.063299,0.063853,0.064491,0.065620,0.068017,0.071109,0.073542,0.080066,0.088724,0.095801,0.102699,0.104531,0.101390,0.083093,0.049681,0.025297,
0.062623,0.057126,0.057306,0.058380,0.057775,0.058790,0.060900,0.064875,0.067268,0.072234,0.080576,0.086801,0.100404,0.112438,0.119685,0.130536,0.137651,0.131373,0.093618,0.051594,0.024093,
0.051659,0.048712,0.050410,0.051570,0.053548,0.057397,0.062079,0.064846,0.073756,0.081427,0.092470,0.107271,0.124089,0.138088,0.154372,0.172490,0.178263,0.146212,0.099997,0.047035,0.018418,
nan,0.040891,0.046765,0.049542,0.054931,0.056870,0.062174,0.072817,0.081621,0.099307,0.114139,0.134777,0.155531,0.171980,0.195949,0.220439,0.189535,0.146555,0.083508,0.034435,0.012159,
nan,0.044657,nan,0.047560,0.049663,0.059400,0.068858,0.078478,0.096790,0.112469,0.129655,0.144181,0.174680,0.212483,0.211803,0.222131,0.189482,0.130964,0.058411,0.022147,0.011139,
nan,0.147638,0.156813,0.144043,0.146370,0.145785,0.125857,0.126937,0.112669,0.113661,0.095568,0.084505,0.078189,0.055158,0.047987,0.036536,0.028064,0.017742,0.011189,0.006375,0.004330,
0.152452,0.154733,0.150929,0.148141,0.144565,0.136690,0.132710,0.125041,0.115086,0.104397,0.092632,0.079512,0.068048,0.055495,0.044005,0.032861,0.022303,0.014892,0.009470,0.006835,0.004414,
0.153400,0.150430,0.151561,0.147444,0.142354,0.135035,0.127495,0.119962,0.110277,0.099126,0.089505,0.077970,0.066440,0.053971,0.042352,0.032095,0.022519,0.015331,0.010026,0.006565,0.004685,
0.140334,0.148586,0.146985,0.142385,0.136343,0.132172,0.125176,0.116888,0.108351,0.099284,0.087269,0.076587,0.065616,0.054384,0.042846,0.031659,0.023200,0.015692,0.010845,0.007260,0.005060,
0.141574,0.142376,0.140645,0.137730,0.132455,0.128295,0.121756,0.112978,0.103744,0.094661,0.083903,0.074736,0.063650,0.052522,0.042568,0.032493,0.023893,0.016574,0.011393,0.008029,0.005548,
0.134757,0.135283,0.133522,0.129906,0.127528,0.121379,0.116304,0.107926,0.099742,0.091453,0.081979,0.072378,0.061575,0.052087,0.042310,0.032479,0.024546,0.017836,0.013077,0.009156,0.006199,
0.130353,0.127422,0.127665,0.122663,0.120597,0.115054,0.109217,0.101785,0.094373,0.087698,0.077875,0.069448,0.060221,0.050254,0.041537,0.033050,0.025844,0.019754,0.015039,0.010917,0.007557,
0.128501,0.118116,0.119807,0.115126,0.112517,0.108139,0.102063,0.095944,0.089326,0.082397,0.074028,0.067378,0.057756,0.049360,0.040794,0.033668,0.027066,0.021810,0.016462,0.012068,0.008226,
0.117725,0.109977,0.111639,0.107113,0.103997,0.100236,0.095156,0.090059,0.084129,0.076969,0.070001,0.063310,0.056037,0.048387,0.041459,0.035044,0.029592,0.024470,0.019878,0.013928,0.009515,
0.106654,0.102947,0.102109,0.099414,0.096863,0.093503,0.088788,0.084078,0.078937,0.072781,0.066513,0.060521,0.054394,0.048775,0.042633,0.037854,0.033322,0.028350,0.023350,0.017738,0.011200,
0.101878,0.093849,0.094204,0.091353,0.089628,0.086501,0.082577,0.078309,0.074050,0.069388,0.064408,0.059541,0.054377,0.049785,0.045270,0.042620,0.039353,0.034458,0.029416,0.021161,0.013135,
0.088766,0.086602,0.086243,0.084104,0.082903,0.080004,0.077197,0.073770,0.070391,0.066511,0.062788,0.059119,0.055807,0.052772,0.051079,0.048823,0.046191,0.042852,0.036170,0.025461,0.015393,
0.082759,0.079714,0.078843,0.076999,0.075940,0.074746,0.072090,0.069503,0.067091,0.064826,0.062366,0.060201,0.059542,0.058599,0.058626,0.057316,0.057089,0.053762,0.045281,0.030912,0.017812,
0.076682,0.072091,0.070295,0.070474,0.070105,0.069227,0.067379,0.066620,0.064407,0.064217,0.064637,0.063965,0.065995,0.067446,0.068498,0.070124,0.071421,0.067770,0.055805,0.035179,0.019343,
0.063610,0.062501,0.062899,0.063845,0.063124,0.063385,0.063914,0.064039,0.063682,0.065625,0.068403,0.071296,0.074367,0.078190,0.084090,0.090310,0.091898,0.083752,0.066169,0.039904,0.021621,
0.056320,0.053996,0.054820,0.057181,0.058642,0.059047,0.061423,0.062301,0.065055,0.069597,0.075973,0.080651,0.087826,0.096165,0.107628,0.114522,0.110514,0.103818,0.073952,0.043164,0.019602,
0.048494,0.047357,0.048564,0.050555,0.053210,0.055122,0.059724,0.063575,0.070586,0.078220,0.084738,0.095817,0.107059,0.123097,0.135447,0.137911,0.140681,0.112038,0.081422,0.036316,0.016008,
0.041359,0.041300,0.045271,0.046371,0.049437,0.055922,0.063544,0.069619,0.080374,0.088441,0.101596,0.113839,0.135603,0.152851,0.158908,0.168855,0.146333,0.120434,0.068488,0.027758,0.011702,
nan,0.043620,nan,0.042881,0.050023,0.067188,0.068532,0.077148,0.089597,0.099291,0.120562,0.146425,0.159892,0.163961,0.206286,0.176033,0.148599,0.099947,0.054544,0.017423,0.010070,
nan,0.164592,0.157671,0.155243,0.147890,0.146040,0.135388,0.127420,0.118635,0.107402,0.093905,0.080447,0.067856,0.057677,0.048949,0.032718,0.023836,0.017016,0.009503,0.006627,0.003999,
0.156490,0.152751,0.152116,0.145517,0.143254,0.137506,0.131097,0.122708,0.112884,0.102126,0.092436,0.078038,0.066804,0.055912,0.043750,0.032090,0.022425,0.014816,0.009580,0.006403,0.004262,
0.145100,0.151481,0.151145,0.146875,0.141460,0.133420,0.129909,0.119150,0.112391,0.101074,0.089339,0.078867,0.067893,0.054610,0.041795,0.032144,0.022470,0.014948,0.009537,0.006592,0.005407,
0.138040,0.146471,0.145622,0.141804,0.137446,0.132540,0.125220,0.116908,0.108191,0.096966,0.086540,0.076768,0.065308,0.054743,0.042754,0.031880,0.022963,0.015587,0.010625,0.007285,0.004568,
0.135753,0.143530,0.140949,0.135493,0.134129,0.126820,0.121060,0.112757,0.103796,0.095861,0.086055,0.075350,0.063179,0.052836,0.042874,0.032485,0.023789,0.016815,0.011593,0.008123,0.005599,
0.135522,0.135664,0.135734,0.130859,0.127310,0.121539,0.114909,0.106751,0.099827,0.092723,0.081546,0.072650,0.063373,0.052054,0.042625,0.033065,0.024779,0.017922,0.012958,0.009287,0.006298,
0.130955,0.127959,0.126423,0.123928,0.120260,0.116083,0.108810,0.102392,0.095289,0.087226,0.078304,0.070281,0.059730,0.050048,0.040604,0.032247,0.024361,0.018438,0.013622,0.009983,0.006838,
0.121942,0.120291,0.118495,0.115197,0.112462,0.108882,0.102512,0.096610,0.090287,0.082180,0.074104,0.065351,0.057056,0.048115,0.039868,0.032360,0.026466,0.020271,0.016007,0.011180,0.007700,
0.112934,0.110734,0.110176,0.108285,0.104311,0.100763,0.095739,0.089827,0.083862,0.077104,0.069138,0.062408,0.054496,0.047581,0.040307,0.034051,0.028485,0.023145,0.018422,0.014219,0.008968,
0.107448,0.102966,0.102325,0.100120,0.096743,0.093343,0.088886,0.084183,0.078387,0.072679,0.066149,0.059902,0.053640,0.047249,0.041866,0.036923,0.032060,0.026885,0.021808,0.015453,0.010182,
0.095052,0.095075,0.093594,0.092545,0.088774,0.086329,0.083730,0.078837,0.073336,0.068298,0.063487,0.058256,0.053352,0.048850,0.044370,0.040102,0.035902,0.031528,0.026081,0.018453,0.011727,
0.092996,0.086775,0.085467,0.085543,0.081870,0.080289,0.077711,0.073920,0.069114,0.065525,0.061813,0.058191,0.054518,0.051928,0.047709,0.045209,0.042302,0.038244,0.032253,0.023018,0.013877,
0.084771,0.079360,0.078374,0.078297,0.075531,0.074698,0.072073,0.069422,0.065729,0.063749,0.061497,0.059172,0.057062,0.055415,0.054279,0.052528,0.050404,0.045992,0.038132,0.025544,0.015071,
0.075122,0.071911,0.072084,0.070718,0.069205,0.068809,0.066875,0.065797,0.063470,0.063002,0.062031,0.061044,0.061472,0.062309,0.063980,0.062894,0.060640,0.057393,0.047349,0.030069,0.017052,
0.070191,0.063831,0.063277,0.062841,0.063037,0.063774,0.062418,0.062765,0.062832,0.063255,0.063972,0.066106,0.069540,0.072766,0.074825,0.075504,0.077585,0.069129,0.055402,0.031953,0.017976,
0.054774,0.055573,0.055376,0.055728,0.058193,0.059923,0.060060,0.061162,0.062722,0.065787,0.068119,0.073842,0.081023,0.085725,0.090686,0.097818,0.093449,0.084049,0.059817,0.035365,0.016335,
0.046547,0.048551,0.047671,0.052608,0.055254,0.056077,0.059001,0.062010,0.065148,0.071989,0.077515,0.086908,0.094509,0.104279,0.116581,0.114036,0.113062,0.091101,0.065653,0.030173,0.013817,
nan,0.041425,0.044040,0.046844,0.050008,0.054364,0.060626,0.065029,0.071796,0.081361,0.093679,0.101734,0.111984,0.130484,0.131553,0.138189,0.115980,0.092910,0.054209,0.023697,0.010576,
nan,0.046707,nan,0.045995,0.069637,0.060509,0.080970,0.064792,0.080343,0.089750,0.107451,0.118051,0.135329,0.136864,0.150415,0.131869,0.124285,0.084700,0.045920,0.018786,0.006270,
nan,0.157403,0.152111,0.150369,0.150432,0.138601,0.138102,0.123597,0.115922,0.109516,0.101061,0.083519,0.074133,0.058250,0.044015,0.037737,0.024408,0.015901,0.011146,0.006467,0.003503,
0.149136,0.152999,0.151264,0.149939,0.144681,0.139322,0.131639,0.121164,0.114186,0.102459,0.090389,0.078978,0.065819,0.055148,0.041684,0.030946,0.022165,0.014756,0.009627,0.005959,0.004030,
0.152815,0.151709,0.151141,0.145213,0.139612,0.135346,0.127865,0.120150,0.111022,0.102001,0.088269,0.078479,0.067144,0.054404,0.043047,0.031368,0.022710,0.015690,0.009790,0.006558,0.004671,
0.153583,0.149516,0.146595,0.140519,0.138952,0.131931,0.126099,0.116694,0.107214,0.100030,0.088203,0.076624,0.066641,0.053466,0.043315,0.033086,0.023606,0.015654,0.010547,0.007308,0.004998,
0.145976,0.142697,0.141211,0.137931,0.133617,0.127895,0.120450,0.112114,0.105816,0.096333,0.085806,0.074979,0.065357,0.053894,0.043614,0.032349,0.023594,0.016573,0.011441,0.007822,0.005138,
0.141787,0.137314,0.133709,0.131769,0.127166,0.122053,0.115659,0.108767,0.101355,0.092770,0.081848,0.073475,0.061980,0.051055,0.040548,0.031162,0.023149,0.016539,0.011636,0.008324,0.005933,
0.132653,0.129136,0.124779,0.124837,0.120244,0.115801,0.109534,0.102673,0.095515,0.086423,0.077344,0.068301,0.058425,0.048779,0.040209,0.031383,0.024409,0.017948,0.013315,0.009559,0.006540,
0.120665,0.120631,0.117222,0.117225,0.111764,0.108060,0.102610,0.096313,0.088898,0.081545,0.072345,0.065274,0.056625,0.048261,0.039856,0.032539,0.026115,0.019996,0.015383,0.011325,0.007211,
0.113982,0.111189,0.109622,0.108259,0.104882,0.100939,0.096857,0.089905,0.083138,0.076596,0.069604,0.062339,0.054064,0.047193,0.039926,0.033937,0.027774,0.021846,0.016610,0.011789,0.008427,
0.102883,0.103128,0.101253,0.100344,0.096876,0.093326,0.089190,0.083686,0.077592,0.071887,0.066152,0.059709,0.053417,0.046733,0.040510,0.034704,0.029716,0.024673,0.019665,0.014922,0.009260,
0.096550,0.095601,0.093168,0.092754,0.089960,0.086195,0.081817,0.078288,0.073134,0.068037,0.063515,0.058320,0.052567,0.047344,0.042381,0.037572,0.033203,0.028919,0.023836,0.016965,0.010536,
0.095186,0.086421,0.086526,0.084768,0.082923,0.080218,0.076091,0.073144,0.069076,0.065266,0.061119,0.056802,0.052755,0.048832,0.045281,0.041711,0.038080,0.033638,0.027194,0.019315,0.012153,
0.081074,0.078947,0.079099,0.076780,0.076131,0.073926,0.071130,0.069036,0.065838,0.062899,0.059574,0.056776,0.054937,0.052446,0.049651,0.047274,0.044927,0.040830,0.033498,0.022152,0.012650,
0.070489,0.071309,0.070095,0.070329,0.069951,0.068322,0.066110,0.063699,0.062789,0.061584,0.060116,0.058486,0.058437,0.056613,0.055872,0.056219,0.054677,0.047683,0.039687,0.025483,0.014552,
0.064633,0.062835,0.063514,0.063160,0.062752,0.062020,0.060873,0.061173,0.060570,0.061229,0.062009,0.062545,0.062990,0.064081,0.068600,0.066813,0.064300,0.058167,0.044350,0.028093,0.015390,
0.059859,0.056348,0.054557,0.056293,0.058645,0.056454,0.057899,0.058086,0.060766,0.062260,0.067049,0.068963,0.070304,0.077668,0.079797,0.079454,0.080149,0.066754,0.050413,0.029286,0.014306,
0.052677,0.043391,0.049339,0.049351,0.052963,0.053877,0.054916,0.057161,0.063278,0.066473,0.073541,0.075977,0.085309,0.090802,0.094712,0.100506,0.088655,0.073447,0.053664,0.026093,0.011410,
0.040132,0.040988,0.044217,0.050277,0.052068,0.054254,0.056235,0.061576,0.068158,0.076518,0.078643,0.091733,0.101880,0.104641,0.114298,0.107843,0.096765,0.078306,0.045691,0.021095,0.009447,
nan,nan,0.050246,0.049341,0.051298,0.050986,0.061149,0.067790,0.073439,0.078083,0.097012,0.110992,0.108539,0.142533,0.123911,0.113320,0.109661,0.063126,0.037589,0.012444,0.007868,
nan,0.150181,0.156948,0.142782,0.143699,0.140715,0.128480,0.126559,0.121468,0.104705,0.097116,0.083874,0.071473,0.059227,0.045704,0.032807,0.024998,0.013994,0.009836,0.006610,0.003787,
0.152205,0.154226,0.151601,0.145931,0.143785,0.138523,0.129180,0.122055,0.112601,0.101550,0.089518,0.079240,0.066282,0.054004,0.042395,0.031266,0.022331,0.014050,0.008839,0.006229,0.003976,
0.151683,0.153219,0.147285,0.145272,0.140837,0.136663,0.129036,0.119568,0.111564,0.100194,0.089913,0.079801,0.066298,0.055892,0.043049,0.032166,0.022468,0.014791,0.010135,0.006786,0.004487,
0.151297,0.149055,0.147174,0.142355,0.138085,0.132158,0.125056,0.116748,0.108103,0.098947,0.088656,0.078490,0.066268,0.056115,0.044676,0.033405,0.024054,0.016552,0.010512,0.007478,0.005045,
0.150838,0.142121,0.139727,0.137327,0.133838,0.128525,0.121362,0.114895,0.105701,0.097251,0.085427,0.075623,0.063647,0.052007,0.041280,0.030908,0.021990,0.015368,0.010676,0.007361,0.005370,
0.141336,0.136245,0.133159,0.132658,0.127409,0.122537,0.115789,0.107982,0.099974,0.090566,0.081405,0.071204,0.061105,0.050465,0.040663,0.030997,0.023527,0.016655,0.011773,0.008472,0.005625,
0.133189,0.128767,0.125898,0.124717,0.119853,0.116405,0.109454,0.101892,0.094236,0.085526,0.076239,0.068103,0.058425,0.049680,0.040374,0.031915,0.024924,0.018166,0.013275,0.009412,0.006093,
0.123178,0.119351,0.118262,0.117053,0.113133,0.108033,0.103050,0.095999,0.088722,0.081711,0.073687,0.065595,0.056338,0.048559,0.039828,0.031930,0.024957,0.018577,0.013642,0.009659,0.007063,
0.118268,0.110139,0.109716,0.107729,0.105128,0.099681,0.094675,0.089815,0.083367,0.076523,0.069997,0.062920,0.054746,0.046193,0.038504,0.031896,0.025783,0.020445,0.015946,0.012187,0.007339,
0.108797,0.100852,0.101432,0.099945,0.097452,0.092399,0.088235,0.083941,0.078553,0.072119,0.066456,0.059419,0.052009,0.045655,0.039131,0.033790,0.028266,0.023248,0.018243,0.012697,0.008249,
0.099037,0.092735,0.093475,0.091960,0.089830,0.085389,0.082040,0.078356,0.073710,0.068454,0.061972,0.056518,0.051407,0.046171,0.040942,0.035521,0.030767,0.026012,0.020958,0.015551,0.009725,
0.086070,0.087047,0.085742,0.085062,0.083292,0.078917,0.075696,0.073191,0.069085,0.064698,0.059593,0.055445,0.052104,0.047530,0.042393,0.038813,0.034604,0.029892,0.024525,0.016560,0.010344,
0.083240,0.077843,0.078843,0.078561,0.076029,0.073024,0.070754,0.068007,0.065034,0.062109,0.058730,0.055627,0.051916,0.049201,0.046192,0.043589,0.039962,0.035297,0.028476,0.019339,0.012059,
0.074400,0.070840,0.071865,0.071324,0.069245,0.067147,0.065683,0.064362,0.062068,0.060260,0.057931,0.056230,0.054489,0.053348,0.052552,0.049335,0.047631,0.040575,0.033099,0.021576,0.012685,
0.060193,0.062217,0.063188,0.064495,0.062777,0.061800,0.061053,0.060767,0.060211,0.059063,0.058914,0.058689,0.059208,0.058970,0.058423,0.059162,0.053970,0.050181,0.037176,0.024065,0.013063,
0.056241,0.055046,0.056138,0.057284,0.055871,0.056133,0.058190,0.057460,0.058391,0.059991,0.060204,0.064532,0.065487,0.065659,0.070458,0.066766,0.068239,0.053511,0.042487,0.024398,0.012720,
0.050596,0.043533,0.052027,0.049448,0.052922,0.052714,0.055326,0.056307,0.061318,0.061932,0.066256,0.070972,0.073301,0.079771,0.077376,0.082524,0.072470,0.062936,0.043655,0.022458,0.010275,
0.040658,0.040829,0.042946,0.044622,0.048866,0.051112,0.055414,0.058895,0.062591,0.065498,0.074389,0.076658,0.086552,0.086273,0.096615,0.087310,0.082339,0.063490,0.039340,0.018735,0.008557,
nan,nan,0.049488,0.049854,nan,0.050898,0.057240,0.055086,0.066253,0.078533,0.080708,0.091587,0.095701,0.098673,0.093174,0.091046,0.090157,0.052375,0.035646,0.010224,0.007258,
nan,0.156511,0.150040,0.150233,0.145751,0.145822,0.129442,0.133418,0.107329,0.101858,0.097728,0.084094,0.071014,0.059111,0.048790,0.034323,0.024239,0.014709,0.011093,0.005496,0.004256,
0.154646,0.151356,0.152060,0.154147,0.143227,0.136403,0.131494,0.121234,0.114007,0.100142,0.092604,0.076740,0.067189,0.052928,0.041855,0.030605,0.021257,0.014881,0.009069,0.006420,0.004325,
0.156907,0.153560,0.149979,0.144400,0.141727,0.136447,0.131023,0.120782,0.110145,0.099527,0.090230,0.077964,0.067225,0.056546,0.045039,0.032893,0.023338,0.016342,0.010460,0.006753,0.004254,
0.151370,0.148767,0.143860,0.142748,0.139185,0.132659,0.125747,0.117085,0.112011,0.099346,0.089041,0.077778,0.066068,0.054636,0.043166,0.031559,0.022265,0.014634,0.009936,0.006563,0.004242,
0.143233,0.142221,0.139858,0.138394,0.133770,0.128887,0.121747,0.111592,0.104082,0.094582,0.083962,0.074948,0.063076,0.051955,0.040922,0.031022,0.022202,0.015582,0.010403,0.007440,0.005204,
0.140623,0.135154,0.133680,0.132360,0.127073,0.122936,0.115151,0.106873,0.099701,0.090258,0.080564,0.071678,0.061809,0.050562,0.040877,0.032224,0.023927,0.017248,0.011681,0.008282,0.005404,
0.136758,0.125622,0.127343,0.125326,0.120335,0.114510,0.109750,0.102620,0.095033,0.086982,0.077760,0.069404,0.059634,0.050559,0.040250,0.031206,0.023160,0.016244,0.011747,0.008315,0.006065,
0.127786,0.119169,0.118143,0.115489,0.112451,0.107202,0.101396,0.097347,0.088936,0.082471,0.074674,0.065327,0.055925,0.046273,0.037424,0.030469,0.023973,0.018396,0.013846,0.009938,0.006493,
0.116695,0.112010,0.109442,0.108990,0.104687,0.100034,0.094812,0.091155,0.084598,0.076867,0.069292,0.061074,0.052583,0.046276,0.038703,0.031771,0.025747,0.019426,0.014678,0.009890,0.007083,
0.110527,0.103711,0.101582,0.100678,0.096849,0.092667,0.088627,0.084434,0.078936,0.071799,0.064286,0.058067,0.052765,0.045676,0.038638,0.032002,0.025906,0.021062,0.016902,0.012640,0.007686,
0.099790,0.094029,0.094203,0.092787,0.089699,0.085748,0.082226,0.078099,0.072722,0.067405,0.061725,0.056953,0.051080,0.045086,0.038408,0.033392,0.028642,0.023814,0.018405,0.012802,0.008757,
0.090556,0.086501,0.086259,0.084773,0.081854,0.078856,0.076504,0.072364,0.068024,0.064186,0.060366,0.054761,0.049304,0.044663,0.040262,0.036004,0.031806,0.026533,0.021965,0.014843,0.008933,
0.082403,0.078254,0.078455,0.078123,0.075478,0.072911,0.071083,0.067433,0.063479,0.061377,0.057928,0.053783,0.049907,0.046422,0.043640,0.039715,0.036326,0.030556,0.024551,0.017241,0.010690,
0.072888,0.069879,0.071928,0.070559,0.069217,0.067402,0.065847,0.062300,0.061241,0.059417,0.056193,0.054075,0.051414,0.048791,0.047816,0.044233,0.041194,0.035840,0.027553,0.018584,0.010826,
0.062678,0.062468,0.064267,0.063089,0.061713,0.060983,0.060686,0.058869,0.058341,0.056744,0.055915,0.055774,0.054211,0.054058,0.052300,0.051427,0.047589,0.041035,0.031168,0.020662,0.011551,
0.055803,0.053309,0.056013,0.057413,0.057016,0.056482,0.055856,0.055786,0.057035,0.056283,0.059113,0.057559,0.059518,0.058216,0.060354,0.057365,0.056658,0.045642,0.036488,0.020833,0.011295,
0.052838,0.046893,0.048738,0.048369,0.051292,0.051548,0.052969,0.054911,0.056299,0.059359,0.059985,0.063654,0.065649,0.068541,0.066889,0.067995,0.060337,0.053696,0.037241,0.020357,0.009621,
0.037220,0.042143,0.044667,0.045318,0.051321,0.049379,0.052801,0.054403,0.055922,0.066180,0.066116,0.072762,0.072356,0.076557,0.076547,0.069533,0.069349,0.053124,0.033079,0.016790,0.008003,
nan,0.045747,0.039657,nan,0.042818,0.052273,0.053233,0.059748,0.068200,0.068933,0.076745,0.074770,0.080259,0.078670,0.081710,0.075479,0.069267,0.053088,0.033055,0.012729,0.006402,
nan,0.146429,0.145047,0.147583,0.139016,0.136687,0.139007,0.124927,0.117583,0.106936,0.096148,0.084015,0.075146,0.060571,0.041063,0.036134,0.025537,0.014354,0.009780,0.007503,0.003432,
0.158774,0.157465,0.154327,0.150790,0.144442,0.135609,0.127272,0.119291,0.113738,0.101245,0.091265,0.078088,0.066583,0.054066,0.042538,0.031312,0.021506,0.014225,0.009107,0.005698,0.004764,
0.156892,0.152243,0.150715,0.145373,0.143225,0.136068,0.129568,0.120439,0.110785,0.103768,0.091409,0.080216,0.069506,0.057089,0.044208,0.034880,0.024854,0.016041,0.010088,0.007159,0.004098,
0.149440,0.147888,0.144868,0.143328,0.137801,0.132854,0.126546,0.118488,0.107691,0.099005,0.087256,0.076498,0.063993,0.051423,0.041424,0.029726,0.021097,0.014184,0.009437,0.006134,0.005142,
0.141066,0.142183,0.141550,0.139564,0.132932,0.127107,0.119562,0.112538,0.104448,0.095961,0.084547,0.074442,0.064315,0.052735,0.042639,0.032294,0.023587,0.016349,0.011073,0.007882,0.005039,
0.137957,0.134340,0.134577,0.131826,0.126158,0.120607,0.115223,0.107952,0.100044,0.091788,0.082636,0.073197,0.062392,0.051973,0.041653,0.030644,0.022745,0.015219,0.010439,0.007090,0.005402,
0.130798,0.128058,0.126233,0.124751,0.119389,0.114328,0.108114,0.104251,0.095523,0.087949,0.078531,0.068338,0.056913,0.047588,0.037525,0.030074,0.023006,0.016772,0.012130,0.008868,0.005565,
0.130143,0.118559,0.118661,0.116572,0.111635,0.107878,0.102388,0.097280,0.090522,0.081114,0.072218,0.064196,0.055697,0.047366,0.039304,0.031653,0.023754,0.016929,0.012112,0.008267,0.006238,
0.107568,0.108662,0.111386,0.106810,0.104584,0.100711,0.096208,0.089870,0.083820,0.075830,0.068397,0.061242,0.054707,0.045988,0.037477,0.029936,0.023273,0.018358,0.014336,0.010325,0.006348,
0.104136,0.100960,0.102871,0.098701,0.097638,0.092551,0.088701,0.082730,0.077090,0.072243,0.065484,0.058719,0.051376,0.044102,0.037041,0.031002,0.025412,0.019683,0.014697,0.010544,0.007143,
0.097779,0.094100,0.094729,0.091046,0.089527,0.085933,0.082258,0.076740,0.071954,0.068284,0.062153,0.055256,0.048632,0.043989,0.037370,0.031948,0.026299,0.021545,0.017206,0.011742,0.007938,
0.088756,0.087540,0.087021,0.084325,0.082561,0.080254,0.075737,0.071968,0.067909,0.064036,0.058432,0.053641,0.048756,0.043330,0.038592,0.033686,0.029051,0.023864,0.019290,0.013447,0.008242,
0.080298,0.078857,0.080625,0.076857,0.075801,0.073479,0.070321,0.067170,0.064215,0.059995,0.055677,0.052913,0.048424,0.043872,0.040560,0.036429,0.033125,0.027067,0.021222,0.014524,0.009040,
0.077425,0.071060,0.071626,0.069665,0.069176,0.068072,0.064750,0.063034,0.060563,0.056575,0.055622,0.052107,0.049056,0.046254,0.043128,0.040158,0.035599,0.031663,0.023795,0.016370,0.009878,
0.062921,0.061573,0.064070,0.062762,0.062513,0.061794,0.059448,0.058492,0.057934,0.054492,0.054255,0.052549,0.050808,0.048306,0.047450,0.043793,0.042350,0.034673,0.027560,0.017463,0.009839,
0.061941,0.053366,0.057244,0.053232,0.056001,0.055974,0.053712,0.054981,0.055191,0.054261,0.053330,0.056240,0.053882,0.055081,0.050822,0.051032,0.046776,0.039116,0.030954,0.018290,0.009928,
nan,0.049251,0.048959,0.047920,0.048699,0.051887,0.051724,0.053521,0.053834,0.054526,0.057400,0.056573,0.060126,0.057437,0.059728,0.057348,0.050746,0.045564,0.031932,0.018272,0.009566,
nan,0.040316,0.045608,0.043817,0.048222,0.047723,0.050670,0.052489,0.055146,0.056738,0.059964,0.065455,0.062045,0.069278,0.064504,0.059858,0.058003,0.046082,0.029101,0.015619,0.007121,
nan,0.039271,0.056382,0.045949,0.042853,nan,0.047326,0.057513,0.059196,0.067242,0.065455,0.065159,0.070998,0.068545,0.067597,0.070029,0.061241,0.041731,0.028635,0.014842,0.005014,
nan,0.161854,0.148959,0.145736,0.146914,0.136753,0.133126,0.123057,0.117214,0.110879,0.090573,0.081157,0.071595,0.056688,0.041741,0.036113,0.022851,0.018848,0.009857,0.006334,0.004022,
0.156511,0.156050,0.152520,0.151519,0.142934,0.136607,0.129479,0.122482,0.110753,0.100431,0.090276,0.079367,0.065362,0.054980,0.042045,0.032486,0.021582,0.014771,0.009306,0.006166,0.004220,
0.148869,0.151849,0.148415,0.146273,0.142673,0.136539,0.128065,0.121541,0.112932,0.103172,0.091659,0.079096,0.069025,0.056099,0.045067,0.033283,0.023087,0.015149,0.009571,0.006417,0.004221,
0.144822,0.147054,0.146788,0.143938,0.139348,0.133815,0.125476,0.116080,0.106932,0.097738,0.086120,0.076534,0.063754,0.053111,0.041060,0.031616,0.022197,0.014948,0.009874,0.006933,0.004713,
0.142950,0.142023,0.141190,0.137595,0.131440,0.128642,0.119946,0.111673,0.104441,0.095359,0.085551,0.075972,0.066072,0.053465,0.042934,0.032407,0.022983,0.015515,0.009938,0.006666,0.004103,
0.135692,0.134322,0.136098,0.131345,0.126499,0.120885,0.115482,0.110838,0.101667,0.092128,0.081521,0.071527,0.059014,0.049393,0.038592,0.029849,0.021835,0.015304,0.010867,0.007962,0.005050,
0.132705,0.128007,0.130149,0.122230,0.119544,0.115934,0.109921,0.103475,0.095108,0.084970,0.076291,0.067386,0.058482,0.049541,0.040505,0.031836,0.023376,0.016167,0.010894,0.007285,0.005558,
0.118849,0.120213,0.121088,0.114759,0.113418,0.108332,0.103013,0.095690,0.088838,0.081284,0.074087,0.065434,0.056946,0.046959,0.036914,0.028640,0.022174,0.017019,0.012367,0.009025,0.005497,
0.117852,0.111786,0.112512,0.106741,0.104624,0.101592,0.095056,0.088626,0.083685,0.077426,0.069480,0.060836,0.052440,0.044613,0.037436,0.030594,0.023238,0.017138,0.012279,0.008868,0.005771,
0.110281,0.101574,0.103271,0.098517,0.096500,0.093690,0.087836,0.082806,0.078094,0.072030,0.064632,0.057151,0.050809,0.044679,0.036001,0.029228,0.023254,0.018700,0.014079,0.009536,0.006683,
0.094509,0.092742,0.095352,0.091422,0.090309,0.086636,0.081413,0.078078,0.072788,0.066520,0.060986,0.056494,0.048813,0.042086,0.036112,0.030900,0.025120,0.019564,0.015283,0.011098,0.007106,
0.086251,0.086118,0.087430,0.083677,0.083338,0.079656,0.076046,0.072950,0.067498,0.062508,0.058367,0.052903,0.046757,0.042002,0.037091,0.031740,0.026668,0.021822,0.016899,0.011703,0.007586,
0.080511,0.078657,0.079144,0.076659,0.076771,0.073241,0.070485,0.067720,0.062944,0.059802,0.055562,0.050824,0.047007,0.042504,0.037873,0.034071,0.029417,0.024473,0.018540,0.013043,0.007853,
0.072429,0.069561,0.072446,0.069265,0.069745,0.066398,0.065363,0.062157,0.059007,0.056461,0.052918,0.049885,0.046783,0.042896,0.039276,0.036373,0.031760,0.027463,0.020976,0.014631,0.008631,
0.066231,0.062593,0.063392,0.062907,0.062872,0.059749,0.059294,0.056735,0.055236,0.053562,0.051575,0.050096,0.048131,0.044715,0.043064,0.038499,0.036839,0.029883,0.023878,0.015294,0.008673,
0.052346,0.054545,0.054283,0.055654,0.054548,0.053216,0.054520,0.053109,0.052196,0.051347,0.051675,0.050425,0.048995,0.048866,0.045109,0.045167,0.039560,0.033770,0.026829,0.016247,0.009345,
0.043267,0.047335,0.049474,0.048972,0.049369,0.048772,0.049685,0.050366,0.050909,0.052465,0.052904,0.052766,0.052268,0.052160,0.052822,0.048305,0.042649,0.038698,0.027111,0.016562,0.008682,
0.041056,0.037897,0.043215,0.044253,0.046745,0.047888,0.047277,0.047430,0.050921,0.050888,0.058097,0.054080,0.056272,0.058802,0.055859,0.050445,0.049723,0.039349,0.026659,0.014121,0.006914,
nan,0.037807,nan,0.045037,0.049131,0.052528,nan,0.053239,nan,0.056927,0.050626,0.062629,0.062859,0.054685,0.065924,0.060032,0.047344,0.037751,0.032092,0.015558,0.005956,
nan,0.157241,0.159039,0.151515,0.146445,0.135554,0.140235,0.125694,0.108283,0.107204,0.091857,0.083569,0.071965,0.061092,0.048773,0.035658,0.025296,0.015449,0.009754,0.006946,0.003933,
0.162209,0.153239,0.150307,0.145711,0.143324,0.137009,0.131968,0.122081,0.114103,0.100941,0.091344,0.079473,0.070133,0.055735,0.042845,0.031671,0.023238,0.015125,0.009511,0.006488,0.004479,
0.148094,0.152387,0.148137,0.146377,0.142487,0.136269,0.128384,0.119661,0.112661,0.102429,0.089827,0.079745,0.064849,0.053423,0.042557,0.030227,0.021089,0.013939,0.008557,0.005874,0.004416,
0.149425,0.149879,0.146111,0.143822,0.137494,0.131259,0.124307,0.116023,0.107504,0.098828,0.087255,0.077321,0.066588,0.054955,0.044875,0.033378,0.024531,0.016078,0.010673,0.007172,0.004389,
0.145286,0.144003,0.143920,0.136979,0.133413,0.126891,0.121022,0.114453,0.107426,0.096835,0.086949,0.075280,0.063817,0.051311,0.040195,0.029313,0.020217,0.013695,0.009031,0.006470,0.005183,
0.139347,0.138018,0.136443,0.130076,0.126041,0.123269,0.116403,0.109112,0.099511,0.090139,0.080743,0.070917,0.060960,0.051831,0.041640,0.032086,0.023988,0.015780,0.010514,0.007148,0.004447,
0.130196,0.129133,0.127162,0.122585,0.120832,0.115838,0.109021,0.101684,0.094515,0.086900,0.078656,0.069597,0.059722,0.048055,0.037410,0.028367,0.020729,0.015239,0.011120,0.008115,0.005050,
0.126361,0.120798,0.119147,0.114912,0.113025,0.108504,0.101810,0.095028,0.090714,0.083334,0.072873,0.062956,0.054284,0.046186,0.038496,0.030699,0.022544,0.015792,0.010933,0.007294,0.005365,
0.116917,0.111474,0.110050,0.106429,0.105961,0.099889,0.094956,0.090114,0.083631,0.075941,0.067522,0.061845,0.054442,0.045839,0.036030,0.027517,0.021728,0.017259,0.012439,0.008386,0.005586,
0.105091,0.104399,0.101864,0.098399,0.098309,0.092628,0.089030,0.084257,0.076849,0.070276,0.066177,0.058510,0.049449,0.042075,0.035826,0.029562,0.022301,0.016872,0.012750,0.009443,0.006054,
0.095894,0.095869,0.094034,0.091661,0.090306,0.086007,0.083520,0.077828,0.071553,0.067647,0.061033,0.053612,0.047674,0.042069,0.035114,0.028679,0.023937,0.018322,0.013955,0.009825,0.006451,
0.088392,0.087207,0.086645,0.085062,0.082211,0.079436,0.076620,0.071475,0.067507,0.062572,0.056717,0.052140,0.046855,0.040469,0.035072,0.030628,0.024901,0.020390,0.015237,0.010184,0.006644,
0.077567,0.078916,0.078726,0.078073,0.074707,0.072442,0.070187,0.065618,0.063710,0.057914,0.054376,0.050142,0.045071,0.040838,0.035764,0.030709,0.026371,0.021783,0.016490,0.011999,0.007168,
0.074489,0.071372,0.070750,0.071340,0.067828,0.066666,0.064181,0.061208,0.058603,0.054800,0.052024,0.048300,0.044770,0.040867,0.036632,0.033030,0.029072,0.023987,0.018029,0.012641,0.007701,
0.065650,0.063242,0.063593,0.063034,0.060014,0.060651,0.057511,0.056986,0.053963,0.052836,0.049539,0.047944,0.044533,0.041282,0.039386,0.034790,0.031867,0.026206,0.021546,0.013468,0.007961,
0.050671,0.053982,0.055073,0.056234,0.054033,0.055652,0.052197,0.052775,0.050639,0.049844,0.048501,0.047375,0.044882,0.043371,0.041438,0.040159,0.034109,0.029637,0.023319,0.014481,0.008679,
0.043522,0.046486,0.049099,0.050311,0.048177,0.049657,0.048703,0.047843,0.048569,0.047112,0.048454,0.048579,0.046012,0.046990,0.046765,0.041543,0.037719,0.033392,0.024046,0.014872,0.007669,
0.039532,0.042032,0.040287,0.043617,0.044475,0.045552,0.047373,0.047825,0.048437,0.046803,0.049578,0.048455,0.049633,0.049279,0.046546,0.044885,0.042452,0.035072,0.024234,0.013519,0.007481,
nan,nan,nan,0.044366,0.035670,0.046310,0.049868,0.042965,0.053012,0.051337,0.055964,0.051964,0.055752,0.052015,0.054569,0.051708,0.038896,0.031715,0.025476,0.012601,0.005178,
nan,0.153817,0.153572,0.154557,0.141292,0.140543,0.125494,0.121043,0.121408,0.105282,0.097023,0.083997,0.069661,0.059879,0.044058,0.035178,0.024623,0.015525,0.009669,0.006166,0.003348,
0.157906,0.155814,0.154860,0.145176,0.143312,0.138824,0.133750,0.122509,0.114027,0.105244,0.095781,0.082644,0.071928,0.056591,0.045697,0.035624,0.025224,0.017289,0.010798,0.006603,0.004864,
0.157010,0.154479,0.148888,0.148026,0.142243,0.135842,0.129732,0.119125,0.110053,0.099018,0.086918,0.075673,0.063651,0.052949,0.040580,0.029048,0.019937,0.012426,0.008445,0.005718,0.004537,
0.151496,0.147706,0.146595,0.142311,0.135796,0.133396,0.124342,0.116653,0.109895,0.101378,0.089576,0.080069,0.068359,0.055501,0.044741,0.032888,0.023271,0.015570,0.009273,0.006392,0.003925,
0.146111,0.142167,0.141901,0.136144,0.132872,0.128177,0.120933,0.114987,0.104154,0.094809,0.082073,0.072356,0.060675,0.050169,0.040030,0.030880,0.023133,0.015803,0.010552,0.007413,0.004530,
0.145855,0.136196,0.135081,0.129528,0.128976,0.122018,0.115276,0.107001,0.100429,0.091918,0.082802,0.073764,0.062019,0.051483,0.040034,0.029465,0.020774,0.013551,0.009334,0.006509,0.004889,
0.130313,0.129722,0.126773,0.122702,0.122183,0.114696,0.108585,0.102784,0.096250,0.087636,0.078073,0.066158,0.056085,0.047640,0.039485,0.031497,0.022924,0.015781,0.010014,0.006557,0.004932,
0.126045,0.121880,0.118181,0.116090,0.113213,0.106453,0.102786,0.097412,0.088816,0.080913,0.072682,0.065570,0.057151,0.046595,0.036559,0.027540,0.020754,0.015973,0.011398,0.007873,0.004552,
0.113376,0.113624,0.108959,0.109571,0.104446,0.100521,0.097553,0.089828,0.081934,0.076479,0.070572,0.061081,0.050924,0.043893,0.037465,0.028989,0.021055,0.014824,0.011296,0.008530,0.005210,
0.104812,0.103822,0.100791,0.102267,0.095590,0.094057,0.089766,0.082777,0.077847,0.071761,0.063503,0.056779,0.050474,0.042551,0.033958,0.027641,0.022448,0.016506,0.011392,0.008142,0.005658,
0.100454,0.096870,0.092787,0.093754,0.087124,0.087277,0.081727,0.076544,0.073328,0.065550,0.060428,0.054558,0.047175,0.040291,0.034850,0.028184,0.021869,0.017468,0.012844,0.008365,0.005754,
0.088409,0.089307,0.085088,0.085499,0.080924,0.080494,0.075116,0.072887,0.066904,0.061130,0.057722,0.050670,0.045589,0.040164,0.033333,0.029142,0.023295,0.017995,0.013790,0.009651,0.006051,
0.082379,0.081632,0.077684,0.077820,0.074105,0.073541,0.069553,0.067223,0.061437,0.059237,0.053014,0.049073,0.043971,0.038984,0.033886,0.029031,0.024652,0.019747,0.015168,0.010739,0.006643,
0.072936,0.073482,0.069011,0.070517,0.067014,0.066809,0.064080,0.061350,0.057518,0.055511,0.050369,0.047470,0.043206,0.038662,0.035289,0.030196,0.026644,0.021190,0.016298,0.011260,0.007048,
0.065127,0.065080,0.060325,0.062925,0.060339,0.059607,0.058614,0.055682,0.053974,0.050494,0.048735,0.045610,0.042000,0.038968,0.035626,0.032237,0.028067,0.023389,0.019135,0.012272,0.007449,
0.056004,0.058690,0.052955,0.054802,0.053864,0.052266,0.053674,0.050103,0.049163,0.047161,0.046531,0.043873,0.042884,0.040051,0.038767,0.034983,0.030260,0.027046,0.020219,0.013188,0.007815,
0.047069,0.049565,0.044737,0.048187,0.048756,0.047183,0.047409,0.046377,0.045843,0.045831,0.046107,0.043981,0.041841,0.043239,0.040097,0.035782,0.034152,0.028744,0.021571,0.013682,0.007943,
0.044639,0.041141,0.044492,0.041297,0.044311,0.045580,0.045834,0.043957,0.044274,0.044847,0.044294,0.045902,0.046659,0.043483,0.041057,0.040604,0.035684,0.030690,0.021742,0.013279,0.007537,
nan,0.037079,0.041397,nan,0.041221,nan,0.055128,0.041542,0.048914,0.049145,0.048019,0.045652,0.042296,0.035527,0.045333,0.041852,0.039197,0.031225,0.022081,0.011975,0.007969,
nan,0.150658,0.154215,0.153395,0.141425,0.139668,0.133325,0.121845,0.112758,0.106574,0.084893,0.083676,0.072391,0.058138,0.043664,0.033121,0.023928,0.014324,0.010452,0.007399,0.004244,
0.143776,0.154101,0.151044,0.146876,0.146388,0.138868,0.132087,0.125704,0.118839,0.105820,0.095443,0.084161,0.071188,0.059313,0.045931,0.035087,0.024918,0.016688,0.010419,0.007024,0.004380,
0.153221,0.151063,0.150277,0.146535,0.141307,0.135620,0.128122,0.118304,0.108046,0.097835,0.088318,0.075819,0.063130,0.051542,0.041660,0.029202,0.020232,0.014267,0.009229,0.005757,0.004566,
0.150219,0.147200,0.148823,0.141038,0.137827,0.133175,0.127933,0.119258,0.110181,0.100472,0.089510,0.077616,0.065353,0.053088,0.041091,0.030165,0.020248,0.013296,0.008771,0.005622,nan,
0.142973,0.144521,0.140566,0.135510,0.135364,0.129087,0.121293,0.112277,0.102833,0.094103,0.085149,0.075459,0.065512,0.055865,0.043872,0.032679,0.023043,0.015489,0.009417,0.006262,0.004028,
0.133958,0.139362,0.132545,0.130840,0.127742,0.121009,0.114178,0.109899,0.102428,0.093117,0.082015,0.070189,0.058911,0.047242,0.037076,0.030131,0.022549,0.015817,0.010540,0.007188,0.004275,
0.125444,0.131922,0.124722,0.126386,0.119933,0.113399,0.110974,0.103017,0.094752,0.085233,0.077132,0.069011,0.060168,0.049377,0.038596,0.027813,0.019786,0.013850,0.010369,0.007532,0.004592,
0.124154,0.124358,0.116733,0.118568,0.110507,0.109630,0.104613,0.095150,0.088491,0.083233,0.074484,0.063139,0.054305,0.046060,0.038616,0.029714,0.020997,0.014215,0.009726,0.006933,0.004728,
0.113158,0.116323,0.108422,0.109229,0.102104,0.102927,0.095028,0.089518,0.085374,0.076025,0.067196,0.061638,0.053550,0.044112,0.033814,0.027184,0.021560,0.015522,0.010264,0.006904,0.004981,
0.103532,0.107239,0.099887,0.100791,0.096415,0.094059,0.087450,0.084516,0.077264,0.069501,0.065935,0.056796,0.048200,0.041899,0.035221,0.026878,0.020153,0.016165,0.011260,0.007384,0.005323,
0.097006,0.097070,0.091400,0.092829,0.089843,0.086049,0.081762,0.078621,0.071171,0.066834,0.059691,0.052789,0.048046,0.040041,0.033099,0.028317,0.021086,0.015487,0.012192,0.008230,0.005654,
0.088102,0.089681,0.083827,0.084625,0.083406,0.078413,0.076508,0.071185,0.067321,0.062245,0.056118,0.051554,0.044093,0.039175,0.032671,0.026865,0.022273,0.016896,0.012591,0.008844,0.006210,
0.080012,0.082620,0.076478,0.076998,0.077512,0.071491,0.071195,0.064824,0.062962,0.057431,0.053721,0.047790,0.043283,0.037494,0.033029,0.027568,0.022486,0.017995,0.013483,0.009544,0.006183,
0.073358,0.074090,0.069348,0.068986,0.069752,0.065374,0.064329,0.060022,0.057083,0.053690,0.050062,0.046398,0.041125,0.037101,0.033362,0.028088,0.024245,0.019344,0.015009,0.010121,0.006827,
0.061382,0.066322,0.062574,0.061059,0.062587,0.058392,0.057440,0.055558,0.051777,0.049868,0.046875,0.043792,0.041033,0.036998,0.033151,0.030054,0.025739,0.021501,0.016791,0.010901,0.007118,
0.053299,0.057360,0.053769,0.052775,0.054215,0.053106,0.050295,0.050622,0.048534,0.046225,0.044777,0.041830,0.039758,0.037458,0.035239,0.031270,0.027296,0.023492,0.018281,0.012132,0.007337,
0.049711,0.048597,0.045901,0.045185,0.048535,0.047853,0.045328,0.046348,0.044992,0.044628,0.041793,0.040401,0.039180,0.039293,0.036148,0.031511,0.030588,0.025418,0.018971,0.012447,0.007284,
nan,0.041898,0.041674,0.040884,0.042100,0.042491,0.045187,0.042608,0.042473,0.042185,0.041746,0.042691,0.040278,0.038510,0.037160,0.035804,0.031248,0.026495,0.019989,0.012956,0.007621,
nan,0.046682,0.034227,nan,nan,0.039512,0.044784,nan,0.046103,0.040435,0.042295,0.039465,0.041376,0.050409,0.042307,0.035910,0.032905,0.026763,0.024034,0.013047,0.006424,
nan,0.151795,0.144962,0.156893,0.150142,0.141413,0.136822,0.120131,0.118052,0.103081,0.094023,0.080554,0.071538,0.055964,0.044776,0.030819,0.023880,0.014046,0.009263,0.005626,0.003008,
0.163244,0.155902,0.152711,0.150255,0.146410,0.141573,0.134748,0.127100,0.115770,0.103986,0.095118,0.081485,0.071869,0.058663,0.046733,0.034620,0.024308,0.016196,0.009333,0.006501,0.003643,
0.152083,0.152249,0.149584,0.147447,0.141827,0.135554,0.128810,0.118852,0.110210,0.100769,0.091161,0.079589,0.069478,0.057518,0.046518,0.036184,0.024956,0.016780,0.010437,0.006977,0.004224,
0.150931,0.150713,0.145093,0.140903,0.138246,0.133928,0.125451,0.117687,0.108322,0.097322,0.085353,0.075039,0.063353,0.050519,0.038728,0.028771,0.019729,0.013655,0.009235,0.006625,0.004702,
0.149514,0.146830,0.139494,0.138715,0.133728,0.126197,0.118907,0.113318,0.107600,0.097984,0.087903,0.076491,0.063936,0.051640,0.040764,0.029536,0.020161,0.012530,0.008198,0.005558,0.004900,
0.133021,0.139429,0.131232,0.133806,0.127153,0.119779,0.116877,0.108583,0.100227,0.089378,0.080333,0.071177,0.062567,0.053063,0.042208,0.031361,0.022016,0.014119,0.009198,0.005735,0.005150,
0.125367,0.131965,0.126125,0.125741,0.118154,0.116995,0.110313,0.101005,0.095324,0.088874,0.078852,0.067232,0.056465,0.046022,0.038076,0.030605,0.022633,0.015240,0.009269,0.006074,nan,
0.118826,0.121993,0.117752,0.117223,0.111962,0.109194,0.101534,0.097041,0.090558,0.080922,0.071910,0.065821,0.056656,0.046626,0.035329,0.026569,0.020639,0.015681,0.010378,0.006738,0.003750,
0.110857,0.113369,0.108389,0.108588,0.107305,0.099874,0.095614,0.091422,0.081961,0.075985,0.070429,0.059714,0.050348,0.044280,0.036572,0.026921,0.019137,0.014469,0.010735,0.007269,0.004368,
0.101457,0.105439,0.101310,0.099209,0.098882,0.091758,0.090321,0.082883,0.077535,0.071291,0.062609,0.057315,0.050013,0.040621,0.033774,0.027910,0.020143,0.014195,0.010697,0.007413,0.004724,
0.098473,0.097512,0.094047,0.090855,0.091667,0.084663,0.083139,0.076413,0.073311,0.064857,0.060999,0.053421,0.046150,0.040758,0.032262,0.026056,0.021002,0.015073,0.010805,0.007932,0.004754,
0.083263,0.089114,0.086410,0.083746,0.083538,0.079916,0.075307,0.071563,0.066291,0.062760,0.055826,0.050413,0.044216,0.037502,0.032527,0.025877,0.020674,0.015860,0.011128,0.008260,0.005152,
0.078015,0.080774,0.079491,0.075630,0.075930,0.074842,0.068138,0.066794,0.060806,0.057446,0.052315,0.048047,0.041912,0.036753,0.031734,0.026254,0.021403,0.016874,0.012487,0.008922,0.005549,
0.073965,0.072893,0.072583,0.067464,0.068970,0.068002,0.061773,0.060587,0.057894,0.052288,0.049782,0.044472,0.040976,0.035707,0.031456,0.026900,0.022099,0.017856,0.013956,0.009129,0.006000,
0.064185,0.064993,0.065276,0.059040,0.060651,0.060805,0.056483,0.054091,0.052721,0.049531,0.045082,0.042006,0.039276,0.035258,0.031723,0.027933,0.023398,0.019597,0.015227,0.009958,0.007033,
0.052733,0.054529,0.056881,0.052764,0.053127,0.053399,0.052172,0.047959,0.047054,0.046001,0.042037,0.040261,0.037712,0.035395,0.032568,0.028277,0.024557,0.021463,0.016523,0.011226,0.007175,
0.046891,0.046999,0.050873,0.044912,0.046140,0.047012,0.045533,0.045271,0.042345,0.042469,0.041114,0.039510,0.037282,0.035675,0.033632,0.029286,0.027605,0.022978,0.017682,0.011335,0.007583,
nan,0.040689,0.046992,0.045599,0.038165,0.042910,0.041195,0.042230,0.042711,0.039392,0.038908,0.038992,0.037587,0.035269,0.037220,0.032522,0.029592,0.023907,0.018045,0.011942,0.008504,
nan,nan,0.039993,0.038544,nan,nan,0.038083,0.040520,0.042213,0.038701,0.039430,0.032680,0.036465,0.040220,0.035260,0.034605,0.030988,0.024701,0.025195,0.014617,0.007050,
nan,0.156849,0.149535,0.149662,0.148941,0.133532,0.131911,0.117320,0.112863,0.109582,0.094791,0.076640,0.065525,0.057278,0.044412,0.034560,0.021587,0.014425,0.008633,0.006067,0.002958,
0.148089,0.151988,0.153297,0.147072,0.145878,0.141686,0.133651,0.121901,0.114468,0.102201,0.093230,0.079765,0.068222,0.058254,0.042817,0.033899,0.023924,0.015045,0.009037,0.006827,0.003845,
0.145622,0.153392,0.150854,0.144822,0.138348,0.137009,0.127755,0.122527,0.112936,0.106038,0.093874,0.083233,0.070941,0.057717,0.046426,0.034255,0.025358,0.015951,0.009802,0.006450,0.003784,
0.141643,0.149995,0.145722,0.141591,0.140198,0.134317,0.124013,0.116155,0.105401,0.098294,0.085166,0.076894,0.066906,0.055279,0.046327,0.034445,0.025329,0.016261,0.010135,0.006951,0.004084,
0.141636,0.144122,0.138104,0.138546,0.133166,0.127418,0.122886,0.116313,0.105860,0.095936,0.083759,0.072877,0.059692,0.048738,0.038548,0.029844,0.022801,0.015850,0.010267,0.007027,0.004151,
0.135628,0.138476,0.134361,0.132107,0.125620,0.124188,0.116712,0.107498,0.099777,0.093512,0.084492,0.072961,0.061671,0.048572,0.037432,0.027008,0.019495,0.014239,0.009757,0.007213,0.004238,
0.126937,0.130548,0.127971,0.123947,0.122676,0.115536,0.107909,0.104346,0.095772,0.085724,0.075767,0.067058,0.061005,0.050233,0.038709,0.027563,0.019014,0.013078,0.009741,0.007155,0.004242,
0.118071,0.122937,0.120402,0.114660,0.114399,0.106000,0.104272,0.096752,0.087970,0.081502,0.074983,0.064224,0.053329,0.045803,0.039016,0.028858,0.019490,0.012891,0.009323,0.006858,0.004256,
0.112293,0.113866,0.113112,0.105958,0.106156,0.099392,0.096872,0.088440,0.084928,0.075438,0.067234,0.061570,0.052401,0.042094,0.034063,0.028438,0.020371,0.013370,0.009232,0.007043,0.004353,
0.103454,0.106389,0.104444,0.097602,0.096797,0.093952,0.088029,0.085247,0.077472,0.070050,0.065231,0.055514,0.049098,0.042419,0.032692,0.025840,0.020714,0.014205,0.009474,0.007090,0.004602,
0.095007,0.097723,0.096805,0.090471,0.088219,0.088492,0.080470,0.078270,0.070331,0.067562,0.058384,0.054568,0.045739,0.038556,0.032817,0.025425,0.019727,0.014872,0.009933,0.007517,0.004797,
0.087652,0.087127,0.089121,0.084481,0.080649,0.080474,0.075813,0.071007,0.067854,0.060267,0.056925,0.049307,0.044164,0.037333,0.031281,0.025399,0.019533,0.015252,0.010782,0.007901,0.005218,
0.082668,0.079676,0.081089,0.078689,0.072709,0.072841,0.071052,0.064856,0.062048,0.057226,0.051972,0.047620,0.041518,0.036549,0.030656,0.025900,0.020255,0.016026,0.011739,0.008729,0.005486,
0.071869,0.072252,0.073210,0.071222,0.065410,0.065700,0.064407,0.060059,0.055476,0.053535,0.048110,0.043879,0.040534,0.034826,0.030332,0.025660,0.020961,0.016505,0.012663,0.008860,0.006113,
nan,0.063223,0.065116,0.064627,0.060245,0.057753,0.056665,0.055070,0.050521,0.048215,0.045443,0.041528,0.037873,0.034107,0.030277,0.026161,0.021581,0.018236,0.013911,0.009311,0.006350,
nan,0.054438,0.056419,0.055140,0.054077,0.050059,0.049267,0.048651,0.046579,0.044047,0.041343,0.038625,0.036738,0.033476,0.030588,0.025957,0.023484,0.019643,0.015107,0.010685,0.006965,
nan,0.048920,0.047798,0.048706,0.047583,0.044800,0.043042,0.042895,0.041990,0.041727,0.038802,0.036774,0.035712,0.032627,0.031109,0.027869,0.025151,0.020678,0.016379,0.010826,0.007153,
nan,0.040348,0.043437,0.042176,0.041117,0.041253,0.040950,0.040462,0.038338,0.038487,0.037055,0.035466,0.033510,0.034180,0.031627,0.030237,0.026403,0.022070,0.017614,0.011559,0.007883,
nan,0.035282,0.043798,0.042009,0.042652,0.039409,0.040749,0.034367,0.039146,0.040634,0.040727,0.034260,0.035593,0.031394,0.033108,0.031025,0.027306,0.024553,0.019584,0.012628,0.008086,
nan,0.157377,0.161248,0.152320,0.145404,0.136824,0.137242,0.119339,0.106717,0.104432,0.093697,0.077557,0.065135,0.053256,0.044120,0.032130,0.021092,0.015199,0.008556,0.005120,0.003392,
0.150934,0.155969,0.153080,0.149114,0.145923,0.137811,0.133530,0.122273,0.113368,0.104449,0.091495,0.080023,0.068649,0.056110,0.044617,0.031924,0.022606,0.014447,0.008907,0.006024,0.003615,
0.144094,0.151889,0.150596,0.146328,0.140929,0.139598,0.129848,0.121701,0.114741,0.103585,0.092309,0.079627,0.068449,0.055769,0.044476,0.032371,0.021740,0.014081,0.008617,0.005947,0.003511,
0.146902,0.149818,0.145123,0.145292,0.138229,0.131393,0.124005,0.116354,0.108686,0.102045,0.091894,0.080637,0.068617,0.055091,0.044344,0.032794,0.022441,0.014901,0.008897,0.005984,0.003199,
0.141730,0.143784,0.141186,0.137431,0.132107,0.129395,0.121847,0.112562,0.103606,0.092028,0.083500,0.075924,0.066915,0.056573,0.043835,0.032149,0.022677,0.014608,0.008950,0.005851,0.003533,
0.143042,0.137056,0.136623,0.130176,0.130533,0.121671,0.113806,0.108924,0.102997,0.092236,0.080847,0.067975,0.057980,0.050169,0.041956,0.032828,0.022896,0.014789,0.009112,0.005836,0.003453,
0.135219,0.128843,0.129241,0.121171,0.120838,0.113550,0.112359,0.102916,0.093160,0.088194,0.080690,0.068402,0.056885,0.045467,0.037571,0.030086,0.022485,0.014753,0.008788,0.005635,nan,
0.126648,0.120717,0.121231,0.115129,0.112704,0.109289,0.102678,0.095794,0.092042,0.080700,0.071968,0.065846,0.056755,0.044883,0.034126,0.027070,0.021302,0.014679,0.009183,0.005878,0.004454,
0.118299,0.111540,0.111410,0.110407,0.102575,0.102541,0.094166,0.092419,0.082116,0.076754,0.069511,0.058387,0.051651,0.044692,0.034291,0.025003,0.019859,0.014547,0.009244,0.005857,0.004470,
0.108159,0.102375,0.103316,0.102940,0.094185,0.094004,0.090289,0.082737,0.078377,0.071359,0.062530,0.058238,0.048105,0.041010,0.034450,0.025868,0.018927,0.014587,0.009466,0.006003,0.004407,
0.094483,0.096631,0.094688,0.094759,0.087641,0.084827,0.083881,0.075932,0.072416,0.064904,0.060199,0.051731,0.046920,0.038303,0.031964,0.025390,0.018359,0.014797,0.009861,0.006285,0.004548,
nan,0.088724,0.087409,0.086982,0.082740,0.077292,0.076082,0.072105,0.065385,0.062378,0.054788,0.050688,0.042692,0.037466,0.030663,0.025221,0.019067,0.014378,0.010168,0.006941,0.004868,
0.078435,0.078546,0.079377,0.078431,0.077276,0.070562,0.068378,0.066413,0.061312,0.056170,0.052543,0.045592,0.041583,0.035253,0.029937,0.024703,0.019405,0.015397,0.011012,0.007824,0.005314,
0.071362,0.071074,0.071847,0.071213,0.070332,0.065562,0.061037,0.059340,0.056807,0.052344,0.047785,0.043707,0.039339,0.034397,0.029884,0.024774,0.019793,0.015772,0.011658,0.008324,0.005791,
nan,0.064337,0.063750,0.062845,0.062428,0.059699,0.055204,0.052377,0.050289,0.048249,0.044490,0.040131,0.036830,0.032995,0.028867,0.024615,0.020592,0.017265,0.012962,0.009104,0.006079,
nan,0.055404,0.054858,0.054205,0.054625,0.052707,0.050295,0.047503,0.044709,0.043469,0.040900,0.038300,0.035029,0.031919,0.029449,0.025418,0.022134,0.018386,0.014082,0.009837,0.006805,
nan,0.047794,0.047091,0.046217,0.047258,0.046135,0.044223,0.044017,0.041484,0.038787,0.037822,0.036250,0.033158,0.031730,0.028981,0.026500,0.023311,0.019387,0.015305,0.010304,0.007316,
nan,0.048574,0.040430,0.039627,0.039697,0.039413,0.039601,0.037883,0.037133,0.037415,0.035137,0.033518,0.033570,0.030896,0.029684,0.027442,0.024284,0.021155,0.017285,0.011502,0.007494,
nan,nan,nan,nan,nan,0.045049,0.037819,0.039541,0.039333,0.038494,0.038188,0.035583,0.034880,0.031767,0.029105,0.025061,0.025198,0.021207,nan,0.013727,0.007098,
nan,0.155370,0.154564,0.146347,0.140688,0.145006,0.125140,0.120298,0.113768,nan,0.097256,0.072801,0.072347,0.057460,0.042085,0.026745,0.022958,0.013113,0.008914,0.005429,nan,
0.158029,0.154883,0.151517,0.151443,0.141568,0.134494,0.131096,0.121862,0.113909,0.102390,0.091806,0.080342,0.066940,0.055247,0.041925,0.031519,0.022018,0.014090,0.008980,0.006191,nan,
0.158338,0.151567,0.148003,0.146626,0.144289,0.138464,0.129441,0.121283,0.111898,0.102151,0.090374,0.078691,0.065434,0.053946,0.041928,0.029849,0.020903,0.012658,0.008073,0.005467,nan,
0.149706,0.147930,0.145653,0.142087,0.136885,0.129752,0.126039,0.120302,0.112776,0.099954,0.089193,0.077411,0.065077,0.052140,0.040275,0.029681,0.019811,0.012605,0.008124,0.005212,nan,
0.146398,0.143554,0.143950,0.137800,0.134785,0.128480,0.119655,0.111285,0.105232,0.099293,0.088761,0.075798,0.063181,0.052092,0.040679,0.028808,0.019505,0.011977,0.007641,0.005251,0.004571,
0.137389,0.134311,0.135338,0.130587,0.127189,0.119903,0.120187,0.108727,0.098272,0.089083,0.082807,0.074605,0.063961,0.050963,0.038564,0.027997,0.019023,0.012200,0.008656,0.005915,0.004265,
0.130912,0.128031,0.127868,0.126296,0.118955,0.118666,0.108806,0.102098,0.097889,0.086983,0.075960,0.066650,0.060510,0.050520,0.039020,0.027387,0.018520,0.012699,0.008988,0.006805,0.004032,
0.116785,0.119924,0.120399,0.119388,0.110033,0.108632,0.102550,0.098191,0.087061,0.082398,0.074737,0.063024,0.053416,0.047021,0.038100,0.027318,0.018154,0.012703,0.009350,0.006659,0.003903,
0.113750,0.112650,0.111924,0.109936,0.105301,0.098985,0.098637,0.088104,0.085499,0.075250,0.067941,0.061504,0.050730,0.041974,0.036115,0.027122,0.018306,0.012732,0.009501,0.006580,0.003864,
0.105700,0.104557,0.103231,0.100843,0.099408,0.091112,0.088838,0.084486,0.076857,0.072908,0.063926,0.055321,0.049935,0.040228,0.032677,0.027100,0.018562,0.013136,0.009634,0.006212,0.004050,
nan,0.095002,0.094522,0.092569,0.091839,0.085989,0.080506,0.078758,0.071296,0.065607,0.059797,0.052950,0.045455,0.039163,0.030511,0.025891,0.018797,0.013395,0.009823,0.006472,0.004734,
0.087540,0.088253,0.085736,0.084946,0.083656,0.080567,0.074313,0.070384,0.067268,0.060625,0.055453,0.050395,0.043089,0.037622,0.030579,0.024527,0.018801,0.013318,0.009798,0.006554,0.004618,
0.080406,0.081156,0.078776,0.077751,0.075424,0.073419,0.070673,0.064390,0.060368,0.057554,0.051053,0.045810,0.041543,0.035161,0.029727,0.023648,0.018773,0.014304,0.010261,0.007455,0.004941,
nan,0.071178,0.069518,0.069589,0.066860,0.065621,0.064192,0.060185,0.055694,0.051545,0.048253,0.043218,0.038110,0.033764,0.029314,0.023846,0.019190,0.014689,0.011152,0.007848,0.005439,
0.063446,0.063670,0.061843,0.061585,0.058977,0.057778,0.056353,0.054366,0.052468,0.048156,0.043188,0.040091,0.036393,0.032309,0.028333,0.023994,0.019941,0.016529,0.012115,0.008737,0.005857,
nan,0.053148,0.054484,0.053416,0.050768,0.049766,0.048320,0.047017,0.045759,0.043228,0.040343,0.037423,0.034071,0.031231,0.028183,0.024210,0.020796,0.017260,0.013420,0.009465,0.006375,
nan,0.047097,0.045858,0.044587,0.044245,0.042155,0.041748,0.039995,0.039932,0.038268,0.036752,0.035375,0.032799,0.030456,0.027180,0.023911,0.022272,0.018431,0.014390,0.010296,0.007622,
nan,0.041497,0.041788,0.036021,0.037251,0.037898,0.036569,0.036576,0.036000,0.035445,0.035193,0.034324,0.032266,0.030738,0.028498,0.025219,0.022602,0.020432,0.016175,0.011767,0.007526,
nan,nan,nan,nan,nan,0.033055,0.032269,0.034939,0.035382,0.035386,0.035030,0.035392,0.030835,0.030160,0.026964,0.025466,0.023801,0.020453,0.022452,0.013960,0.008150,
nan,0.157095,0.147299,0.158998,0.143193,0.140301,0.133907,0.121743,0.108200,0.101407,0.092289,0.080015,0.068401,0.054712,0.043593,0.030066,0.020373,0.014656,0.009749,0.005863,nan,
0.149456,0.160922,0.152179,0.150176,0.142628,0.135155,0.129930,0.120275,0.111513,0.102527,0.089672,0.076618,0.066560,0.052683,0.042450,0.030016,0.021601,0.013562,0.008464,0.005180,nan,
0.150815,0.152754,0.151030,0.149505,0.142059,0.136428,0.129839,0.118779,0.110638,0.099684,0.087754,0.076061,0.063929,0.052553,0.040591,0.028346,0.018709,0.012269,0.007927,0.005084,0.003739,
0.146006,0.148502,0.147490,0.140964,0.140126,0.135628,0.127252,0.119757,0.108722,0.098238,0.085473,0.074668,0.063143,0.050500,0.037859,0.028702,0.020132,0.013526,0.008990,0.006276,0.004527,
0.134220,0.140261,0.141898,0.135878,0.134798,0.125667,0.121592,0.116538,0.107453,0.095267,0.083966,0.072644,0.059639,0.047898,0.038094,0.030355,0.022913,0.015777,0.009883,0.006645,0.003902,
0.136323,0.136279,0.135969,0.133952,0.125505,0.125396,0.115297,0.106953,0.102853,0.094992,0.083343,0.069785,0.057999,0.046347,0.038820,0.030803,0.023009,0.015038,0.009323,0.006104,0.003598,
0.130795,0.128855,0.127953,0.125831,0.121316,0.114472,0.110009,0.104544,0.093963,0.086001,0.081273,0.069340,0.057647,0.045309,0.036809,0.029693,0.022276,0.014341,0.008536,0.005425,0.003386,
0.117708,0.119940,0.118756,0.117180,0.115203,0.105785,0.104605,0.094946,0.091212,0.080029,0.071899,0.066750,0.055911,0.043886,0.034652,0.028361,0.020885,0.013508,0.008248,0.005359,0.004214,
0.111309,0.110063,0.109783,0.107992,0.106160,0.101986,0.094228,0.092273,0.081570,0.079350,0.068109,0.059056,0.053712,0.042655,0.032731,0.026902,0.020139,0.012809,0.008084,0.006060,0.004030,
0.106416,0.101401,0.100935,0.099975,0.097869,0.094778,0.088799,0.083212,0.079308,0.069385,0.065277,0.056285,0.048284,0.041712,0.031751,0.025620,0.019486,0.012812,0.008772,0.006393,0.004093,
0.095606,0.093394,0.092480,0.091475,0.089104,0.086415,0.083770,0.076054,0.071107,0.068069,0.058850,0.054201,0.044960,0.039428,0.031459,0.023925,0.019160,0.012943,0.009136,0.006502,0.004005,
nan,0.086331,0.084672,0.083076,0.080516,0.078431,0.076522,0.072534,0.065918,0.060791,0.056250,0.048352,0.043604,0.035629,0.030634,0.023273,0.018854,0.013161,0.009643,0.006561,0.004548,
nan,0.078275,0.076068,0.074532,0.072300,0.070735,0.068194,0.065596,0.062517,0.056380,0.051028,0.046208,0.040710,0.035091,0.029995,0.023775,0.018892,0.013845,0.010304,0.007271,0.004855,
0.070187,0.069375,0.068389,0.066873,0.064983,0.063148,0.060800,0.058194,0.055761,0.052948,0.048388,0.042506,0.038116,0.033522,0.028039,0.023419,0.019004,0.014321,0.010796,0.007349,0.005316,
nan,0.060702,0.059377,0.058253,0.058392,0.057919,0.055333,0.051324,0.048265,0.046797,0.043547,0.040152,0.036155,0.031558,0.027982,0.023067,0.019457,0.015744,0.011687,0.008460,0.005672,
0.051985,0.053635,0.052229,0.051094,0.052268,0.051257,0.049320,0.047676,0.045106,0.042582,0.039780,0.036754,0.034050,0.030612,0.027313,0.023601,0.020572,0.016396,0.013012,0.009327,0.006608,
nan,0.041818,0.043963,0.044338,0.046628,0.045302,0.044087,0.041503,0.039801,0.039094,0.036438,0.034058,0.031662,0.029773,0.025904,0.024525,0.021148,0.017778,0.013916,0.010025,0.007828,
nan,0.039775,0.040602,0.038422,0.042371,0.039154,0.037996,0.037157,0.034756,0.034879,0.033388,0.032163,0.030300,0.028849,0.026957,0.024583,0.022171,0.019662,0.015666,0.011300,0.007925,
nan,nan,nan,0.038790,0.036626,0.037784,0.034524,0.037401,0.036703,0.033536,0.031628,0.034076,0.028637,0.026184,0.027930,0.025510,0.023410,0.021554,0.011092,0.012620,0.007888,
nan,0.149053,0.154737,0.147249,0.142800,0.135699,0.132889,0.122124,0.107309,0.104681,0.088393,0.086883,0.064976,0.056108,0.046174,0.030890,0.022106,0.013013,0.008629,0.006488,nan,
0.146204,0.153748,0.152432,0.148577,0.142997,0.137407,0.129141,0.122032,0.114112,0.101484,0.086121,0.077128,0.064979,0.051412,0.040858,0.029571,0.019938,0.013086,0.007725,0.005384,nan,
0.145570,0.152930,0.150804,0.146359,0.141460,0.135811,0.128407,0.118567,0.107322,0.097491,0.085242,0.074530,0.063731,0.051079,0.040469,0.030492,0.021265,0.014489,0.009076,0.006094,0.004408,
0.143187,0.145945,0.147721,0.143550,0.140228,0.133311,0.124770,0.115127,0.104771,0.096269,0.085779,0.077146,0.067800,0.056548,0.046732,0.034007,0.024022,0.016011,0.009677,0.006417,0.003681,
0.131788,0.142528,0.141653,0.140304,0.131260,0.127098,0.124045,0.113131,0.103312,0.092214,0.083664,0.075562,0.067728,0.056354,0.043688,0.031526,0.021757,0.013954,0.008342,0.005578,0.003620,
0.131379,0.134977,0.134754,0.132162,0.128075,0.121921,0.114269,0.111147,0.099984,0.090300,0.078936,0.072191,0.064529,0.052830,0.040335,0.029764,0.020326,0.012762,0.007969,0.005029,0.004222,
0.128172,0.127287,0.125754,0.124148,0.122664,0.113665,0.111139,0.100953,0.097989,0.087525,0.076012,0.066463,0.059992,0.050774,0.039356,0.027335,0.018266,0.012349,0.008496,0.006368,0.003977,
0.120472,0.118574,0.115765,0.115373,0.113059,0.110504,0.101172,0.099043,0.087731,0.084649,0.073840,0.061777,0.055209,0.047452,0.036487,0.025692,0.017792,0.013270,0.009303,0.006217,0.003501,
0.108143,0.110805,0.107170,0.106079,0.103942,0.101274,0.098421,0.088528,0.085007,0.074724,0.070387,0.060172,0.050055,0.045166,0.034972,0.024918,0.018611,0.014009,0.008930,0.005642,0.003910,
0.103659,0.102176,0.098796,0.097183,0.094361,0.091651,0.089293,0.085641,0.076005,0.072107,0.062342,0.058100,0.047853,0.041311,0.033306,0.024647,0.018759,0.013552,0.008265,0.005567,0.004026,
0.093020,0.093353,0.091297,0.090830,0.088014,0.083701,0.080504,0.077325,0.073095,0.064754,0.060049,0.052262,0.045653,0.037346,0.031941,0.023855,0.018811,0.013117,0.008650,0.006396,0.004267,
0.085026,0.084857,0.083792,0.084841,0.083723,0.079653,0.074219,0.069919,0.066337,0.062456,0.054810,0.049292,0.044218,0.036294,0.031423,0.023878,0.018706,0.013120,0.009214,0.006556,0.004121,
0.077111,0.078657,0.076857,0.079255,0.077827,0.074965,0.070359,0.065902,0.060002,0.056249,0.051668,0.046997,0.039994,0.035019,0.029108,0.023793,0.018461,0.013695,0.010209,0.007126,0.004889,
0.070059,0.070814,0.070213,0.072423,0.070493,0.067119,0.064052,0.060439,0.056934,0.052493,0.046815,0.042733,0.037771,0.033742,0.027803,0.022933,0.018916,0.013858,0.010621,0.007423,0.005233,
nan,0.061278,0.061757,0.064024,0.061432,0.058648,0.055639,0.053130,0.050412,0.047371,0.044296,0.040395,0.035823,0.031430,0.027401,0.022864,0.019071,0.015359,0.011415,0.008263,0.005759,
0.052481,0.052346,0.055206,0.056227,0.053090,0.051218,0.047236,0.045612,0.043336,0.041152,0.038900,0.036593,0.033510,0.030268,0.026535,0.022930,0.020123,0.015978,0.012755,0.009296,0.006411,
nan,0.046365,0.047167,0.048485,0.045382,0.042954,0.039480,0.038829,0.039551,0.038140,0.035662,0.033446,0.031183,0.028514,0.025736,0.023454,0.020573,0.017456,0.013527,0.010195,0.007541,
nan,0.040564,0.041135,0.040316,0.038064,0.037184,0.036161,0.037582,0.034347,0.033352,0.032212,0.031165,0.029697,0.029026,0.027035,0.024493,0.021561,0.018921,0.015922,0.011087,0.007609,
nan,nan,0.035839,0.040170,0.040831,nan,0.033539,0.033338,0.032998,0.033370,0.033669,0.028184,0.028337,0.027273,0.024115,0.024497,0.021853,0.019299,0.013490,0.012154,0.008720,
nan,0.155963,0.151129,0.149208,0.141450,0.142235,0.128502,0.130979,0.109481,0.103892,0.089773,0.077976,0.067516,0.053170,0.043834,0.026385,0.020532,0.013855,0.007793,0.006193,nan,
0.158316,0.156272,0.153126,0.148613,0.143426,0.138366,0.129725,0.121383,0.109668,0.098464,0.088406,0.076543,0.064100,0.051160,0.038911,0.028573,0.018519,0.013066,0.007877,0.004907,0.006454,
0.148191,0.151357,0.153121,0.146894,0.141180,0.134682,0.126408,0.116133,0.110526,0.101846,0.091357,0.082265,0.070447,0.058463,0.046904,0.035623,0.025261,0.016510,0.009923,0.006383,0.003790,
0.147543,0.147833,0.146245,0.145818,0.138486,0.131445,0.123497,0.117384,0.111511,0.102990,0.092533,0.080933,0.068020,0.054446,0.044022,0.031911,0.022524,0.014234,0.008531,0.005537,0.003464,
0.141109,0.143768,0.140132,0.138359,0.131308,0.129688,0.119969,0.111060,0.105817,0.099638,0.088803,0.076372,0.063642,0.051820,0.039890,0.028548,0.019473,0.012258,0.007726,0.005282,0.004109,
0.132614,0.136455,0.131731,0.130987,0.129152,0.119405,0.117802,0.107984,0.098345,0.094272,0.085596,0.071849,0.060773,0.047754,0.036567,0.027623,0.020237,0.014138,0.009544,0.006288,0.003611,
0.121217,0.126833,0.123460,0.122070,0.119656,0.117496,0.107480,0.105825,0.093971,0.084333,0.081424,0.069860,0.057592,0.045249,0.036711,0.029566,0.021777,0.014117,0.008387,0.005404,0.003598,
0.118208,0.118906,0.114897,0.114192,0.110677,0.107349,0.105817,0.094480,0.091540,0.079744,0.073197,0.066122,0.054309,0.042860,0.036572,0.029416,0.019979,0.012572,0.007944,0.005357,0.003820,
0.111169,0.109517,0.110215,0.111390,0.106405,0.098089,0.094747,0.092632,0.081727,0.077611,0.067274,0.062651,0.051864,0.041422,0.035238,0.027224,0.018180,0.011894,0.008869,0.006164,0.003729,
0.098926,0.101659,0.103146,0.103496,0.100387,0.095238,0.088140,0.082295,0.078315,0.070199,0.063948,0.055498,0.049569,0.039428,0.033406,0.025729,0.017657,0.012893,0.009052,0.005724,0.004021,
0.095537,0.092739,0.096742,0.095182,0.091638,0.088415,0.084022,0.077766,0.070342,0.066416,0.060340,0.052559,0.047024,0.038340,0.031789,0.024240,0.017240,0.013547,0.008905,0.005759,0.004259,
0.088383,0.085048,0.088610,0.086844,0.083303,0.080163,0.075945,0.072750,0.068216,0.060937,0.055250,0.049812,0.042272,0.036481,0.030013,0.023972,0.017779,0.013240,0.008612,0.006653,0.004215,
0.079234,0.076233,0.081274,0.078378,0.075474,0.071973,0.067927,0.064563,0.061041,0.057289,0.052687,0.045591,0.040555,0.035115,0.028137,0.023674,0.017717,0.013381,0.009527,0.006884,0.004590,
0.071674,0.069196,0.072910,0.070482,0.067335,0.064472,0.060428,0.057800,0.054391,0.051340,0.047596,0.043201,0.038418,0.032674,0.028052,0.022746,0.017836,0.013641,0.010670,0.007480,0.005307,
0.061658,0.063942,0.064300,0.062396,0.058825,0.056094,0.054534,0.053551,0.050253,0.047781,0.043638,0.039664,0.035000,0.031514,0.027052,0.022855,0.018579,0.015073,0.011252,0.007994,0.005805,
0.052358,0.048197,0.055244,0.053927,0.049963,0.048908,0.049802,0.047684,0.044623,0.042489,0.038921,0.036172,0.033142,0.030480,0.026089,0.022809,0.019863,0.015698,0.012588,0.009340,0.006443,
0.043878,0.044535,0.049604,0.045515,0.042057,0.043745,0.043572,0.040889,0.037380,0.037123,0.034671,0.033215,0.030928,0.028482,0.025622,0.023482,0.020121,0.017897,0.013527,0.010158,0.007692,
nan,0.036046,0.041352,0.040164,0.037186,0.036305,0.036788,0.034638,0.034093,0.033761,0.032469,0.031169,0.028933,0.026823,0.025959,0.023778,0.021199,0.018784,0.015151,0.011673,0.008690,
nan,nan,0.042525,nan,0.035878,0.037627,0.031701,0.048023,0.033631,0.029731,0.029288,0.029209,0.029245,0.025947,0.024866,0.023967,0.019045,0.017385,0.017126,0.012426,0.009399,
nan,0.164096,0.156704,0.146802,0.148490,0.144477,0.133128,0.124063,0.111001,0.104273,0.097487,0.075972,0.070964,0.050330,0.040158,0.029215,0.022234,0.012526,0.007361,0.005406,nan,
0.147282,0.156230,0.150840,0.149217,0.145078,0.135750,0.128567,0.120675,0.110246,0.101851,0.091321,0.078537,0.066110,0.054862,0.040844,0.031077,0.021853,0.014316,0.008681,0.005642,0.004130,
0.153233,0.151019,0.151285,0.144658,0.138563,0.132666,0.132099,0.124534,0.115524,0.104943,0.094463,0.081228,0.070961,0.056661,0.046568,0.033697,0.023516,0.014811,0.009272,0.006157,0.003420,
0.143119,0.147614,0.145885,0.144138,0.138039,0.129863,0.128956,0.120749,0.111396,0.099983,0.088821,0.076865,0.065491,0.052367,0.040731,0.029157,0.019426,0.012066,0.007898,0.005224,0.004496,
0.146249,0.140999,0.138082,0.136426,0.135599,0.126081,0.119565,0.116545,0.107321,0.095194,0.083887,0.072298,0.059932,0.049149,0.038393,0.030647,0.021868,0.014786,0.009372,0.006214,0.003984,
0.130088,0.134569,0.132006,0.127225,0.126369,0.124618,0.114568,0.111497,0.102707,0.091970,0.080092,0.067665,0.060086,0.052263,0.042150,0.031521,0.021729,0.013557,0.008363,0.005302,0.003552,
0.129422,0.127740,0.128388,0.127483,0.120033,0.113945,0.113109,0.101856,0.097912,0.088437,0.076317,0.066431,0.059893,0.050520,0.039224,0.027499,0.018412,0.012175,0.008076,0.005974,0.003874,
0.118739,0.118472,0.122075,0.119670,0.115962,0.109082,0.101318,0.098869,0.087244,0.084547,0.072448,0.061489,0.057455,0.046636,0.035129,0.025283,0.019036,0.013857,0.008903,0.005705,0.003569,
0.109395,0.109727,0.113820,0.110297,0.106415,0.102872,0.098158,0.087589,0.084295,0.074791,0.069523,0.058718,0.054146,0.043956,0.032707,0.026133,0.019909,0.013009,0.007907,0.005449,0.003954,
0.102927,0.102304,0.104448,0.100990,0.097341,0.093637,0.089810,0.085602,0.076664,0.071070,0.065953,0.056087,0.049231,0.041083,0.031288,0.026411,0.018788,0.012047,0.008374,0.006060,0.003792,
0.093460,0.094722,0.095820,0.092755,0.088948,0.084715,0.080566,0.076848,0.072754,0.068007,0.058488,0.053226,0.044564,0.038756,0.030234,0.025221,0.017993,0.012447,0.009160,0.005782,0.004371,
0.085630,0.087475,0.087934,0.084798,0.080875,0.077503,0.074351,0.069714,0.064984,0.061066,0.056081,0.050337,0.042980,0.037089,0.029195,0.024611,0.017558,0.013599,0.009023,0.006161,0.004279,
0.082538,0.079263,0.080620,0.076779,0.073023,0.072416,0.070615,0.067169,0.062594,0.057985,0.051113,0.045793,0.040681,0.035608,0.028697,0.023588,0.017345,0.013279,0.009057,0.006967,0.004600,
0.072002,0.071229,0.073292,0.068624,0.065963,0.066855,0.064120,0.060174,0.056027,0.052436,0.047970,0.043616,0.038603,0.032423,0.027920,0.022993,0.017823,0.013747,0.010261,0.007520,0.005507,
0.062590,0.060780,0.063670,0.059680,0.058291,0.060192,0.056284,0.052216,0.048582,0.046005,0.042717,0.038820,0.035412,0.031635,0.027130,0.023126,0.018203,0.015125,0.011392,0.007936,0.005899,
nan,0.054152,0.055884,0.050054,0.052573,0.052407,0.048200,0.044445,0.044229,0.042809,0.039634,0.036292,0.033167,0.029897,0.025846,0.023343,0.019372,0.015820,0.012339,0.009206,0.006602,
0.043283,0.047786,0.046609,0.044022,0.045358,0.044693,0.040421,0.040338,0.038959,0.037138,0.035166,0.032680,0.031233,0.028642,0.025780,0.022996,0.020425,0.018091,0.013840,0.010283,0.007756,
nan,0.039542,0.040968,0.038017,0.039741,0.038253,0.036165,0.035021,0.035212,0.031075,0.031360,0.030904,0.028787,0.027358,0.025737,0.023378,0.020994,0.018728,0.015084,0.012296,0.009609,
nan,0.044045,0.037457,nan,0.034029,0.030630,0.033916,0.032630,0.029282,0.031093,0.030474,0.027853,0.031018,0.028096,0.022594,0.023876,0.019187,0.019199,0.016670,0.012838,0.010059,
nan,0.153013,0.152122,0.148983,0.134214,0.137910,0.131335,0.122025,0.112444,0.095699,0.087783,0.078398,0.065924,0.059496,0.041036,0.028317,0.021159,0.015421,0.008132,0.005386,nan,
0.154208,0.153364,0.152538,0.147695,0.140699,0.134489,0.129162,0.121421,0.113131,0.103346,0.093289,0.079743,0.068416,0.057250,0.045803,0.033187,0.022957,0.014710,0.008709,0.005905,0.004166,
0.146716,0.151467,0.150462,0.143164,0.143845,0.139761,0.129437,0.123011,0.113372,0.103752,0.092191,0.080501,0.066766,0.055727,0.042525,0.031731,0.022129,0.013860,0.008722,0.005591,0.003597,
0.146636,0.146928,0.143047,0.143398,0.137633,0.135802,0.126535,0.118438,0.108047,0.098206,0.085483,0.073869,0.062856,0.051779,0.040134,0.030051,0.020699,0.013765,0.008608,0.005787,0.004081,
0.139685,0.141318,0.144476,0.136942,0.133260,0.129293,0.124060,0.113094,0.103682,0.093185,0.084619,0.076024,0.066565,0.055540,0.043700,0.031730,0.022143,0.014106,0.008345,0.005382,0.003485,
0.130255,0.135292,0.136607,0.133485,0.126450,0.121078,0.120019,0.109487,0.098775,0.090038,0.086184,0.074453,0.062996,0.049698,0.037839,0.027639,0.018937,0.012195,0.008159,0.005676,0.003685,
0.121763,0.128095,0.129189,0.126746,0.123415,0.118489,0.108866,0.107563,0.094558,0.084403,0.081269,0.069972,0.057704,0.045683,0.036324,0.028882,0.021338,0.014043,0.008544,0.005442,0.003359,
0.121975,0.120296,0.119965,0.116867,0.112585,0.109428,0.105839,0.094801,0.090675,0.079372,0.076014,0.064801,0.053898,0.045006,0.038084,0.028483,0.018939,0.012112,0.007694,0.005463,0.003794,
0.111527,0.111482,0.111410,0.107975,0.103443,0.099360,0.095205,0.091218,0.083238,0.076388,0.069369,0.061127,0.049964,0.044559,0.035328,0.025334,0.017614,0.013021,0.009008,0.005686,0.003573,
0.104749,0.104670,0.102885,0.099420,0.095071,0.091647,0.087080,0.082149,0.077411,0.073113,0.062757,0.057780,0.047480,0.042335,0.032883,0.024251,0.019454,0.013279,0.008136,0.005551,0.004093,
0.095053,0.096644,0.094770,0.091016,0.089783,0.088634,0.084276,0.079193,0.072743,0.065305,0.059730,0.054893,0.045675,0.040126,0.031467,0.024301,0.018517,0.012194,0.008733,0.006106,0.003909,
0.084831,0.087315,0.086932,0.083008,0.084090,0.080769,0.076674,0.072079,0.067020,0.062559,0.057552,0.048639,0.043364,0.037574,0.030103,0.024470,0.018061,0.012896,0.009330,0.005949,0.004606,
0.077729,0.080380,0.078385,0.076426,0.077077,0.073561,0.068830,0.064573,0.059876,0.056268,0.051814,0.046539,0.041028,0.034285,0.028979,0.024116,0.018252,0.013402,0.009312,0.006930,0.004601,
0.068593,0.072345,0.070860,0.068359,0.070459,0.065806,0.061132,0.059924,0.056530,0.053129,0.048187,0.043386,0.037180,0.033206,0.028113,0.023512,0.018104,0.013892,0.009992,0.007481,0.005342,
0.062882,0.064434,0.064163,0.059666,0.061924,0.057574,0.055593,0.055000,0.050928,0.047056,0.043521,0.039506,0.035728,0.031530,0.027071,0.023305,0.018424,0.014819,0.011499,0.007986,0.006001,
0.059387,0.057088,0.054627,0.052197,0.053833,0.048892,0.049574,0.047716,0.044163,0.040360,0.038721,0.037136,0.033568,0.030328,0.026195,0.022881,0.019356,0.015817,0.012483,0.009155,0.007135,
0.041964,0.051503,0.044149,0.041496,0.044663,0.041890,0.043806,0.040793,0.037216,0.037383,0.035237,0.033700,0.030226,0.028667,0.025662,0.023008,0.020714,0.017798,0.014121,0.010997,0.008044,
nan,nan,0.040335,0.039398,0.037974,0.036068,0.038025,0.035012,0.034495,0.032157,0.032412,0.030735,0.029186,0.026952,0.025044,0.024107,0.020400,0.018244,0.015785,0.011915,0.009999,
nan,0.033067,nan,0.036024,0.038700,0.033474,nan,0.032323,0.029984,0.030369,0.030937,0.028258,0.028574,0.031682,0.025820,0.022893,0.023277,0.020293,0.014275,0.012279,0.012714,
nan,0.152398,0.153574,0.152209,0.146303,0.136376,0.128237,0.120564,0.115569,0.098918,0.088406,0.081760,0.067838,0.051489,0.039885,0.030148,0.021550,0.013118,0.007824,0.005291,nan,
0.151884,0.155062,0.150257,0.147971,0.142834,0.139190,0.132820,0.123676,0.112385,0.103152,0.094756,0.082993,0.069351,0.058933,0.044523,0.034276,0.023191,0.015605,0.009440,0.006273,0.003934,
0.157152,0.150024,0.149962,0.156439,0.143883,0.138272,0.128995,0.119014,0.111172,0.102194,0.090154,0.077334,0.065325,0.053620,0.041407,0.030508,0.020413,0.012569,0.007726,0.005431,0.003468,
0.150778,0.147182,0.152383,0.141253,0.139995,0.133193,0.124881,0.115667,0.105886,0.097629,0.087810,0.078061,0.067114,0.054509,0.043863,0.031936,0.022623,0.015341,0.009315,0.006004,0.003754,
0.145275,0.144674,0.143082,0.140171,0.130385,0.130215,0.119273,0.111752,0.106250,0.098512,0.088564,0.076652,0.064037,0.051363,0.039799,0.028830,0.019620,0.012643,0.007655,0.005326,0.004297,
0.137091,0.137838,0.135485,0.132559,0.130194,0.120902,0.116726,0.106859,0.104291,0.093621,0.082167,0.068948,0.058889,0.049750,0.039872,0.031186,0.021991,0.014498,0.008831,0.005904,0.003603,
0.126873,0.129788,0.128155,0.123744,0.119312,0.116415,0.114062,0.101824,0.098210,0.088441,0.076508,0.066207,0.059477,0.050275,0.039015,0.027897,0.019063,0.012400,0.007942,0.005399,0.003809,
0.119516,0.120818,0.119721,0.114710,0.111075,0.105780,0.101818,0.098887,0.086951,0.083300,0.072151,0.064975,0.056761,0.045249,0.034527,0.026334,0.019757,0.013927,0.008619,0.005622,0.003469,
0.109930,0.111721,0.111042,0.106608,0.107776,0.103443,0.098825,0.087933,0.083195,0.079761,0.067859,0.062240,0.052852,0.042022,0.034502,0.027699,0.019138,0.012021,0.007981,0.005477,0.003871,
0.102374,0.102877,0.102227,0.099641,0.099865,0.094569,0.089974,0.084809,0.080363,0.069764,0.064402,0.057147,0.049084,0.039438,0.034346,0.025317,0.017486,0.012977,0.008932,0.005803,0.003708,
0.097513,0.096252,0.093842,0.091887,0.091470,0.085824,0.081470,0.076557,0.071631,0.066692,0.061374,0.051306,0.046242,0.037800,0.031812,0.023374,0.018710,0.012993,0.008214,0.005811,0.004242,
0.085400,0.087707,0.086223,0.085486,0.083509,0.078260,0.075039,0.072242,0.067808,0.061922,0.055193,0.049725,0.043627,0.035467,0.030414,0.023430,0.018316,0.012728,0.009556,0.006352,0.004282,
0.074650,0.081999,0.077657,0.077596,0.075886,0.070861,0.070733,0.067529,0.061997,0.057474,0.051978,0.046846,0.041968,0.034677,0.028983,0.023654,0.018420,0.013275,0.009631,0.006580,0.004738,
0.077871,0.073674,0.069450,0.070489,0.067604,0.064601,0.064330,0.059902,0.055559,0.051289,0.047350,0.042317,0.037930,0.033161,0.028234,0.023363,0.018368,0.014188,0.010162,0.007541,0.005197,
0.061738,0.064291,0.061401,0.062025,0.059559,0.058382,0.056516,0.051795,0.050542,0.047691,0.043908,0.040008,0.035929,0.032063,0.027021,0.022935,0.018703,0.014807,0.011248,0.008278,0.006430,
0.051999,0.056394,0.052443,0.053692,0.050441,0.051109,0.048460,0.046255,0.045650,0.041658,0.038956,0.036630,0.032775,0.030132,0.026805,0.022796,0.019307,0.016023,0.013105,0.009153,0.007110,
0.042024,0.049445,0.043049,0.046478,0.042762,0.043639,0.041941,0.040989,0.039423,0.036224,0.034995,0.033214,0.031417,0.028532,0.025603,0.023348,0.020624,0.017497,0.014234,0.011135,0.008534,
nan,nan,0.038191,0.040249,0.038126,0.037370,0.035104,0.035611,0.032223,0.033436,0.032427,0.030489,0.028618,0.026914,0.026219,0.023430,0.021537,0.019015,0.016095,0.012132,0.010268,
nan,nan,nan,0.035375,nan,0.034260,0.030804,0.032899,0.029940,0.033614,0.031453,0.027872,0.029899,0.028983,0.024565,0.022733,0.021388,0.020390,0.017367,0.013499,0.010570,
nan,0.152163,0.149872,0.149155,0.145077,0.138659,0.126550,0.121501,0.100838,0.098187,0.092621,0.080332,0.070899,0.050555,0.041653,0.032291,0.020827,0.010990,0.009834,0.005252,nan,
0.156613,0.152585,0.152368,0.150131,0.147722,0.140656,0.133405,0.121089,0.115563,0.102744,0.093766,0.081153,0.068321,0.057525,0.043461,0.033732,0.023067,0.015509,0.008903,0.006089,0.003883,
0.152227,0.151279,0.148834,0.147276,0.142351,0.137413,0.129674,0.119857,0.111296,0.098413,0.088034,0.076237,0.065011,0.053373,0.040651,0.029928,0.021035,0.013149,0.008250,0.005470,0.004540,
0.147832,0.150943,0.147309,0.138655,0.139379,0.130679,0.124672,0.117684,0.110648,0.101895,0.090745,0.080486,0.068128,0.055182,0.044730,0.032775,0.022999,0.014290,0.008633,0.005566,0.003557,
0.135566,0.144380,0.141490,0.138166,0.138415,0.126715,0.118573,0.116611,0.106515,0.095446,0.084739,0.072918,0.062109,0.050188,0.039655,0.029732,0.021051,0.013275,0.008733,0.005712,0.003882,
0.134963,0.137987,0.135642,0.130673,0.126313,0.123245,0.113079,0.111442,0.100223,0.090248,0.080697,0.073409,0.063698,0.051889,0.040364,0.029266,0.020156,0.012783,0.007700,0.005099,0.003704,
0.123954,0.130523,0.126805,0.122359,0.119233,0.111923,0.109714,0.107918,0.094821,0.084761,0.081240,0.070068,0.058118,0.046161,0.036364,0.027989,0.020431,0.013930,0.008822,0.005721,0.003440,
0.117000,0.121590,0.118260,0.117519,0.115905,0.110618,0.105855,0.093619,0.090097,0.079222,0.075308,0.063792,0.053949,0.047031,0.038232,0.028116,0.018737,0.012099,0.007840,0.005449,0.003804,
0.111859,0.112237,0.109708,0.110301,0.106196,0.100056,0.095511,0.090673,0.086368,0.074857,0.070150,0.059643,0.052815,0.044447,0.033571,0.025064,0.018871,0.013425,0.008482,0.005543,0.003573,
0.106767,0.102806,0.101180,0.101914,0.097089,0.091944,0.088099,0.082136,0.076781,0.071676,0.066661,0.056106,0.050820,0.041106,0.031858,0.026387,0.018666,0.012054,0.008289,0.005977,0.004014,
0.095630,0.095052,0.092967,0.093879,0.089263,0.084939,0.084441,0.079138,0.073219,0.068550,0.059289,0.053290,0.047889,0.038629,0.032255,0.024790,0.017425,0.013546,0.008970,0.005806,0.004353,
0.086578,0.087825,0.084610,0.086128,0.081221,0.080872,0.076832,0.071779,0.066358,0.061616,0.056408,0.050107,0.044824,0.036734,0.031312,0.023626,0.018789,0.013124,0.008881,0.006614,0.004523,
0.077994,0.080975,0.077179,0.079263,0.074079,0.073958,0.069421,0.064551,0.063144,0.058231,0.052699,0.047657,0.040023,0.035133,0.029159,0.023109,0.018457,0.013170,0.010123,0.006654,0.005061,
0.069697,0.072643,0.068917,0.070654,0.067047,0.067007,0.061937,0.060984,0.057356,0.052141,0.048001,0.043039,0.038501,0.033603,0.028379,0.022603,0.018587,0.014376,0.010209,0.007787,0.005222,
0.063191,0.064342,0.060522,0.062639,0.059504,0.058712,0.054523,0.054828,0.050355,0.046384,0.044170,0.040744,0.035980,0.031889,0.027490,0.022485,0.018736,0.015066,0.011447,0.008212,0.006694,
0.051185,0.054850,0.053127,0.054192,0.051391,0.050372,0.048337,0.047131,0.043959,0.042848,0.039289,0.036737,0.033639,0.030162,0.026479,0.023369,0.019667,0.016135,0.013614,0.009581,0.007182,
0.058909,0.049482,0.043891,0.046563,0.044142,0.042547,0.042681,0.039155,0.038597,0.037992,0.034560,0.033546,0.030977,0.028132,0.026402,0.023340,0.020443,0.017891,0.014548,0.011126,0.008331,
nan,0.039380,0.038254,0.038458,0.038390,0.036132,0.035876,0.033214,0.034948,0.031748,0.032150,0.030571,0.028657,0.027837,0.025861,0.022817,0.022138,0.018955,0.016450,0.012752,0.010858,
nan,nan,0.035871,0.040178,0.031035,nan,0.034753,0.031331,0.033031,0.029060,0.028617,0.029126,0.027045,0.026876,0.028288,0.022371,0.021527,0.021252,0.015538,0.014435,0.013134,
nan,0.159086,0.150958,0.144743,0.145413,0.141811,0.130751,0.126530,0.110252,0.102891,0.090915,0.075430,0.064979,0.053282,0.041139,0.026761,0.021653,0.013314,0.008711,0.004772,nan,
0.156305,0.154581,0.145889,0.149456,0.145338,0.140787,0.131841,0.123905,0.116005,0.104826,0.093434,0.079271,0.069788,0.056741,0.043449,0.032381,0.022452,0.014980,0.009280,0.006470,0.003898,
0.154025,0.148168,nan,0.147408,0.140586,0.133967,0.127995,0.118106,0.109671,0.101524,0.087616,0.078294,0.066634,0.053955,0.043356,0.031769,0.021718,0.014320,0.008935,0.005569,0.003830,
0.150882,0.148984,0.147307,0.145482,0.136658,0.131224,0.128293,0.120159,0.110976,0.099744,0.089759,0.077809,0.065981,0.053014,0.041693,0.030220,0.020658,0.013166,0.007897,0.005202,0.003055,
0.148187,0.144368,0.141151,0.136928,0.134271,0.121978,0.123267,0.113755,0.103625,0.094909,0.084917,0.075152,0.064916,0.053207,0.042764,0.031596,0.021861,0.014392,0.008772,0.005721,0.003615,
0.135897,0.137465,0.132255,0.130566,0.121431,0.120005,0.118486,0.107730,0.100244,0.094581,0.084331,0.072070,0.060340,0.049412,0.037922,0.027957,0.019991,0.013169,0.008071,0.005609,0.003837,
0.127438,0.129803,0.124726,0.126529,0.122675,0.118242,0.114587,0.102594,0.098639,0.088392,0.077169,0.066336,0.058508,0.050149,0.039385,0.029420,0.020245,0.012748,0.007891,0.005184,0.003697,
0.119010,0.122045,0.118355,0.118695,0.112292,0.106602,0.102266,0.097684,0.091900,0.082175,0.071569,0.066591,0.056192,0.044961,0.034877,0.026358,0.019771,0.013665,0.008663,0.005741,0.003571,
0.112383,0.113961,0.108534,0.110136,0.103464,0.100124,0.098850,0.092646,0.082014,0.077183,0.067613,0.061758,0.051259,0.043136,0.036036,0.027026,0.018256,0.011933,0.008002,0.005666,0.003704,
0.102385,0.105007,0.101277,0.101711,0.095541,0.095469,0.090490,0.084329,0.078467,0.073456,0.062230,0.057283,0.047872,0.042286,0.032913,0.024403,0.019076,0.013165,0.008491,0.005541,0.004068,
0.097844,0.096375,0.093425,0.093626,0.089480,0.087713,0.081881,0.077075,0.070993,0.065601,0.060410,0.053660,0.045422,0.039211,0.030592,0.025629,0.018310,0.012437,0.008945,0.006390,0.004070,
0.089664,0.087793,0.085894,0.085670,0.083051,0.079752,0.075678,0.072856,0.068378,0.062327,0.056287,0.050984,0.042270,0.037050,0.031326,0.024155,0.017867,0.013694,0.009045,0.006024,0.004871,
0.077701,0.079765,0.077744,0.078083,0.076165,0.072102,0.070056,0.066893,0.061551,0.056081,0.051722,0.045642,0.040952,0.035333,0.030251,0.023695,0.018839,0.013444,0.010134,0.007130,0.004934,
0.069718,0.073076,0.069864,0.070101,0.069022,0.064463,0.064457,0.059869,0.055799,0.052966,0.048342,0.043646,0.038984,0.033839,0.028985,0.022855,0.018976,0.014049,0.010602,0.007576,0.005691,
0.063573,0.064856,0.061017,0.061152,0.060677,0.056816,0.056984,0.052846,0.051015,0.047668,0.043083,0.040969,0.036475,0.032210,0.028161,0.023096,0.018979,0.015256,0.011273,0.008588,0.006296,
0.055136,0.055687,0.054666,0.052958,0.053263,0.049546,0.048952,0.046793,0.044989,0.041951,0.040324,0.036824,0.033741,0.029837,0.026549,0.023861,0.019866,0.016413,0.013582,0.009596,0.007605,
nan,0.046752,0.044519,0.044093,0.045050,0.041857,0.041141,0.041010,0.038833,0.038109,0.035666,0.033436,0.031609,0.029019,0.026624,0.023089,0.020697,0.018271,0.014887,0.011943,0.008747,
nan,0.035357,0.039817,0.040536,0.038515,0.035955,0.034451,0.035550,0.033875,0.032223,0.032373,0.031835,0.029938,0.028633,0.026133,0.023859,0.021724,0.019160,0.016542,0.013583,0.011273,
nan,0.039745,0.035904,0.036352,0.033113,0.035203,0.028501,0.028518,0.034686,0.030811,0.030986,0.031509,0.028843,0.026214,0.026311,0.025162,0.022159,0.019810,0.018577,0.016488,0.012226,
nan,0.156806,0.156487,0.152693,0.148798,0.145107,0.127109,0.125887,0.105580,0.094350,0.086870,0.079853,0.064943,0.052608,0.044515,0.028078,0.019022,0.013330,0.007723,0.005550,nan,
0.151799,0.153010,0.152933,0.150030,0.145599,0.139442,0.134922,0.124125,0.114402,0.104349,0.092897,0.082629,0.069113,0.056155,0.045313,0.032441,0.022942,0.014354,0.009117,0.005782,0.003966,
0.159570,0.152508,0.157470,0.145822,0.140106,0.135236,0.128833,0.121937,0.113254,0.101005,0.091650,0.079132,0.065843,0.055602,0.043037,0.031818,0.022085,0.014066,0.008710,0.005727,0.003769,
0.151461,0.148744,0.146033,0.144129,0.137959,0.134807,0.126161,0.118545,0.108717,0.098544,0.087536,0.075432,0.063561,0.051974,0.040729,0.029861,0.020537,0.013170,0.008191,0.005363,0.003797,
0.140795,0.142975,0.138716,0.134493,0.131172,0.129840,0.120171,0.111397,0.106439,0.097641,0.087964,0.076966,0.066088,0.052530,0.042041,0.030439,0.021160,0.013411,0.008177,0.005133,0.003454,
0.138063,0.137209,0.132879,0.134402,0.129269,0.125688,0.115775,0.112341,0.102589,0.091666,0.080860,0.070627,0.060676,0.050877,0.040091,0.030228,0.021407,0.013782,0.008736,0.005691,0.003625,
0.122889,0.129538,0.126190,0.126196,0.118873,0.113448,0.109842,0.107833,0.095046,0.085689,0.080679,0.070268,0.058968,0.046841,0.036716,0.027644,0.019507,0.012759,0.008133,0.005456,0.003753,
0.112212,0.120431,0.118317,0.117815,0.111456,0.110933,0.106543,0.092095,0.089667,0.084770,0.074670,0.063593,0.055391,0.047498,0.038048,0.028239,0.019344,0.012588,0.007949,0.005255,0.003857,
0.110243,0.113022,0.110392,0.108370,0.106128,0.101755,0.096259,0.090311,0.084415,0.081357,0.069232,0.060635,0.053505,0.043238,0.033499,0.026239,0.019365,0.013560,0.008551,0.005540,0.003524,
0.100623,0.104106,0.102278,0.099890,0.098781,0.093381,0.088137,0.086456,0.080693,0.069365,0.064784,0.059679,0.049401,0.040645,0.034253,0.025658,0.017844,0.012337,0.008647,0.005973,0.003797,
0.093785,0.095482,0.094041,0.091489,0.091535,0.085597,0.084447,0.078638,0.073161,0.067484,0.060788,0.055610,0.046209,0.040470,0.031607,0.024240,0.019116,0.013005,0.008710,0.005848,0.004396,
0.088255,0.087309,0.086603,0.083709,0.083975,0.078927,0.077606,0.071571,0.067343,0.063474,0.057507,0.050134,0.043744,0.037424,0.029797,0.024699,0.017900,0.013362,0.009594,0.006600,0.004686,
0.079410,0.079773,0.079172,0.075620,0.076305,0.073288,0.070185,0.066227,0.062620,0.057305,0.052343,0.046740,0.041273,0.035516,0.029782,0.024063,0.019262,0.014095,0.009766,0.007217,0.005055,
0.069294,0.071352,0.070925,0.068521,0.069337,0.066645,0.062697,0.060706,0.056385,0.052622,0.048787,0.044225,0.039080,0.034218,0.029645,0.023395,0.019430,0.013874,0.011067,0.007555,0.006139,
0.065380,0.062122,0.063102,0.060594,0.060402,0.058854,0.055003,0.053938,0.050278,0.048386,0.044211,0.039998,0.036557,0.032197,0.027833,0.023497,0.019244,0.015553,0.011653,0.009190,0.006521,
nan,0.055648,0.054695,0.051781,0.052813,0.050606,0.048211,0.047002,0.044851,0.042360,0.039358,0.037670,0.034404,0.030651,0.027048,0.024018,0.020012,0.016700,0.013376,0.009929,0.008043,
0.049738,0.047709,0.046330,0.045669,0.044801,0.043925,0.041199,0.040484,0.040049,0.036388,0.035852,0.033803,0.031426,0.029854,0.026311,0.023653,0.021144,0.018408,0.015388,0.012106,0.009525,
0.037802,0.042770,0.039057,0.037197,0.038199,0.036519,0.036223,0.035281,0.034296,0.033956,0.032390,0.032008,0.030191,0.027674,0.027185,0.025094,0.022199,0.019977,0.017116,0.014331,0.011310,
nan,0.038340,nan,0.037213,nan,0.035117,0.032579,0.030858,0.029367,0.032033,0.030788,0.030193,0.034865,0.026891,0.029133,0.026675,0.023300,0.020617,0.019818,0.015785,0.012279,
nan,0.154077,0.150714,0.145527,0.142824,0.137581,0.129547,0.125250,0.109072,0.099395,0.093615,0.075400,0.064514,0.053465,0.042042,0.027974,0.021183,0.012243,0.008011,0.005460,nan,
0.157577,0.153811,0.153368,0.147926,0.143534,0.138903,0.133708,0.123780,0.115594,0.102108,0.095155,0.078383,0.068943,0.055290,0.043410,0.032037,0.023052,0.015145,0.009446,0.006048,0.003929,
0.154203,0.153747,0.151622,0.145421,0.140110,0.136635,0.129938,0.122539,0.111911,0.102511,0.091736,0.079226,0.067799,0.056060,0.042905,0.032359,0.021960,0.014700,0.008683,0.005784,0.003665,
0.148275,0.148123,0.144127,0.141325,0.141072,0.133944,0.125322,0.116137,0.107091,0.099020,0.088070,0.076826,0.066055,0.053982,0.042437,0.031101,0.021770,0.013668,0.008581,0.005418,0.003676,
0.141556,0.143654,0.140306,0.140994,0.137368,0.126813,0.120919,0.116371,0.107455,0.096850,0.086302,0.074691,0.062858,0.050835,0.039993,0.029688,0.020391,0.012950,0.007779,0.005309,0.003806,
0.132426,0.136936,0.135759,0.132374,0.126278,0.122169,0.119745,0.108669,0.098913,0.091612,0.084215,0.073782,0.062693,0.051723,0.040696,0.029598,0.020559,0.013236,0.008122,0.005208,0.003422,
0.127196,0.129261,0.128208,0.124025,0.120081,0.118565,0.116109,0.103016,0.097898,0.088750,0.077851,0.066809,0.057427,0.048658,0.038603,0.028993,0.020703,0.013497,0.008612,0.005606,0.003576,
0.120312,0.121124,0.118895,0.115168,0.114611,0.107947,0.103161,0.097506,0.092711,0.081430,0.073613,0.066815,0.055979,0.045456,0.035136,0.026805,0.019186,0.013039,0.008302,0.005601,0.003791,
0.104860,0.111797,0.110506,0.107268,0.106899,0.100411,0.098431,0.092797,0.091460,0.076428,0.071012,0.060465,0.051890,0.044553,0.036008,0.026849,0.018531,0.012592,0.008146,0.005572,0.003959,
0.099328,0.104486,0.102823,0.099545,0.098482,0.094178,0.090638,0.084080,0.077983,0.072281,0.065652,0.055653,0.050708,0.041270,0.032354,0.026104,0.019042,0.013071,0.008386,0.005650,0.003977,
0.090797,0.096668,0.094736,0.091873,0.090195,0.087756,0.082862,0.078373,0.074166,0.068091,0.062278,0.052045,0.046754,0.038774,0.032735,0.024662,0.017898,0.013169,0.009182,0.006233,0.004049,
0.087115,0.088688,0.086626,0.084783,0.082517,0.081103,0.075427,0.073177,0.067322,0.061452,0.055274,0.050012,0.043994,0.038460,0.030681,0.024886,0.018913,0.013122,0.009420,0.006851,0.004595,
0.077016,0.080898,0.079121,0.077054,0.075138,0.074063,0.069112,0.066400,0.061436,0.058291,0.052758,0.047246,0.041717,0.035798,0.028789,0.024233,0.018480,0.014450,0.009946,0.007028,0.005287,
0.069900,0.071857,0.071056,0.069443,0.067255,0.066362,0.063555,0.060049,0.057819,0.053057,0.048412,0.044370,0.039267,0.034577,0.028560,0.023901,0.019695,0.014385,0.011315,0.008152,0.005471,
0.068904,0.063459,0.062275,0.061377,0.059983,0.058771,0.056927,0.053277,0.051368,0.047379,0.044500,0.040858,0.036719,0.032340,0.027313,0.023729,0.019759,0.015848,0.011968,0.008919,0.007042,
0.050755,0.055324,0.052800,0.052215,0.051011,0.050524,0.049581,0.046668,0.044901,0.042711,0.039518,0.038045,0.033931,0.031123,0.027364,0.023999,0.020271,0.016868,0.013363,0.010498,0.008439,
nan,0.047047,0.043846,0.045438,0.043512,0.043768,0.042572,0.040158,0.038390,0.037983,0.035217,0.034299,0.031865,0.029631,0.027193,0.024464,0.021432,0.018634,0.015551,0.012163,0.009123,
0.037487,0.042180,0.041659,0.037877,0.036909,0.036921,0.035361,0.035066,0.032818,0.034414,0.032656,0.031144,0.030907,0.028026,0.026583,0.025248,0.023078,0.020445,0.017788,0.015867,0.012635,
nan,0.039323,0.034155,0.035213,0.034771,0.030961,0.036728,0.032069,0.026792,0.027861,0.029549,0.031717,0.027504,0.029554,0.028518,0.023515,0.024500,0.021843,0.019392,0.016756,0.014713,
nan,0.152456,0.151011,0.150769,0.138847,0.144201,0.125244,0.119761,0.105094,0.098186,0.084683,0.077387,0.060274,0.051086,0.038256,0.026663,0.019053,0.011500,0.007974,0.004954,nan,
0.154637,0.149408,0.153889,0.150753,0.142014,0.137085,0.129413,0.122367,0.114476,0.103186,0.092585,0.080393,0.068530,0.056478,0.043796,0.030763,0.022731,0.014439,0.008682,0.005617,0.003728,
0.150630,0.152685,0.150899,0.145571,0.143474,0.138552,0.129080,0.120591,0.112377,0.101989,0.092131,0.079588,0.068179,0.055698,0.043000,0.032390,0.022660,0.014405,0.008653,0.005993,0.003702,
0.148517,0.149334,0.145704,nan,0.138313,0.131868,0.126034,0.117914,0.109212,0.099337,0.088185,0.078011,0.066168,0.054146,0.043395,0.031596,0.021695,0.014015,0.008837,0.005523,0.003554,
0.140273,0.141138,0.142529,0.138693,0.134508,0.127787,0.123133,0.114330,0.104752,0.095352,0.084723,0.074701,0.063333,0.051771,0.041345,0.029777,0.021082,0.013299,0.008218,0.005297,0.003687,
0.132359,0.136723,0.135471,0.130841,0.127529,nan,0.116485,0.108728,0.102746,0.093426,0.083394,0.072064,0.061221,0.049376,0.038868,0.028784,0.020361,0.012731,0.008127,0.005296,0.003797,
0.127141,0.130187,0.127197,0.124525,0.121816,0.114774,0.110602,0.106934,0.095839,0.086307,0.079292,0.070162,0.059834,0.049553,0.038764,0.028425,0.019945,0.012803,0.007930,0.005238,0.003644,
0.115648,0.123161,0.120452,0.116892,0.113355,0.109076,0.106110,0.103431,0.088685,0.084418,0.074376,0.063739,0.055184,0.046639,0.037247,0.028555,0.020231,0.013242,0.008382,0.005450,0.003615,
0.109207,0.114709,0.112159,0.109158,0.104560,0.102842,0.096630,0.090106,0.084154,0.077806,0.067875,0.062403,0.052866,0.042883,0.034307,0.026231,0.019212,0.013299,0.008488,0.005744,0.003818,
0.096792,0.105404,0.103263,0.100695,0.096332,0.095229,0.089066,0.085826,0.079202,0.072861,0.063193,0.057650,0.048752,0.042686,0.033691,0.025573,0.018052,0.013011,0.008858,0.005984,0.004089,
0.092091,0.096356,0.095126,0.092971,0.089525,0.087217,0.082870,0.078458,0.071960,0.066438,0.058568,0.053974,0.047846,0.039051,0.032150,0.025651,0.018596,0.012778,0.008762,0.006083,0.004487,
0.086875,0.088410,0.087150,0.084848,0.082779,0.080010,0.077276,0.071853,0.068390,0.062612,0.056807,0.050534,0.044257,0.037196,0.031162,0.023838,0.019091,0.013879,0.009406,0.006583,0.004867,
0.077218,0.079682,0.079048,0.077700,0.075338,0.072630,0.071381,0.066593,0.062626,0.057487,0.053256,0.047495,0.041894,0.036783,0.029958,0.024835,0.018646,0.014000,0.010549,0.007616,0.005082,
0.069208,0.072460,0.071605,0.070088,0.067769,0.065431,0.064225,0.061677,0.056362,0.053737,0.048768,0.044384,0.039751,0.035787,0.028882,0.024130,0.019801,0.015064,0.010810,0.008393,0.005853,
0.064071,0.064072,0.062158,0.062428,0.059908,0.058030,0.056736,0.055140,0.050788,0.048229,0.044331,0.041210,0.037026,0.032448,0.028249,0.024060,0.020129,0.015669,0.012548,0.009313,0.007071,
0.049866,0.055550,0.053251,0.053438,0.052583,0.050054,0.048796,0.048181,0.045312,0.043236,0.040910,0.037129,0.035244,0.031132,0.027624,0.024253,0.020336,0.017463,0.013621,0.010938,0.008130,
0.041624,0.046904,0.045125,0.045193,0.043459,0.042577,0.041765,0.041178,0.039722,0.037805,0.036098,0.034623,0.032238,0.029794,0.027538,0.024655,0.021940,0.019197,0.015984,0.012285,0.010012,
0.037716,0.041950,0.037322,0.039186,0.038127,0.035776,0.034561,0.036204,0.034991,0.034722,0.033808,0.032917,0.030190,0.029035,0.027395,0.025573,0.023749,0.021288,0.018431,0.014774,0.011939,
nan,nan,nan,0.033297,0.034106,0.033263,0.032561,0.030022,0.031910,0.030194,0.029838,0.031939,0.030020,0.031841,0.027771,0.026283,0.025864,0.021565,0.019079,0.016700,0.017814,
nan,0.156796,0.145413,0.149854,0.138954,0.138948,0.128363,0.122413,0.112611,0.097200,0.091790,0.077226,0.063945,0.051816,0.038670,0.026774,0.018363,0.013512,0.008022,0.004130,nan,
0.149580,0.155248,0.150915,0.151752,0.145755,0.139793,0.132986,0.122829,0.113642,0.102060,0.092450,0.079030,0.068201,0.056706,0.042980,0.032362,0.022265,0.014391,0.008719,0.005765,0.003606,
0.145645,0.151730,0.149554,0.147157,0.142017,0.135929,0.129340,0.121212,0.112253,0.101845,0.091859,0.079575,0.066910,0.055471,0.043640,0.031695,0.021877,0.014485,0.008502,0.005935,0.003910,
0.151759,0.147461,0.146636,0.143999,0.137465,0.133458,0.125855,0.118702,0.110231,0.099935,0.089562,0.077174,0.065513,0.054722,0.041511,0.031706,0.022097,0.013894,0.008594,0.005414,0.003535,
0.146782,0.144448,0.141944,0.136564,0.131842,0.129089,0.120909,0.113035,0.106042,0.097062,0.086635,0.075593,0.064674,0.052260,0.041823,0.030444,0.021472,0.013807,0.008576,0.005506,0.003465,
0.135415,0.137344,0.135453,0.132691,0.128555,0.123146,0.114453,0.110198,0.100814,0.091136,0.082204,0.071771,0.061314,0.050281,0.040011,0.029378,0.020575,0.013253,0.008132,0.005328,0.003655,
0.126077,0.128646,0.127656,0.125680,0.120071,0.115242,nan,0.103231,0.096889,0.088859,0.079398,0.068851,0.058239,0.047613,0.037599,0.028200,0.019948,0.012932,0.008201,0.005316,0.003714,
0.118903,0.120102,0.119117,0.117227,0.112551,0.110462,0.103435,0.097349,0.091217,0.081461,0.074482,0.066484,0.056591,0.046399,0.036405,0.026887,0.019186,0.012536,0.008136,0.005442,0.003804,
0.111851,0.111722,0.110789,0.109575,0.105276,0.101608,0.097332,0.092028,0.084864,0.075409,0.070043,0.060330,0.052942,0.044645,0.035870,0.027330,0.019281,0.012813,0.008295,0.005468,0.003856,
0.100058,0.103933,0.102757,0.101477,0.098136,0.093406,0.090960,0.083921,0.077321,0.067104,0.064995,0.059052,0.049735,0.040897,0.033643,0.026345,0.019113,0.013283,0.008642,0.005794,0.003967,
0.091530,0.095136,0.094469,0.093493,0.091085,0.086365,0.083778,0.078967,0.073379,0.067487,0.060987,0.054154,0.046725,0.040313,0.031679,0.024868,0.018668,0.013598,0.009330,0.006221,0.004259,
0.078261,0.087166,0.086613,0.085811,0.083492,0.080025,0.076775,0.073598,0.067511,0.063161,0.057062,0.050782,0.045180,0.037282,0.031680,0.024703,0.018272,0.013482,0.009764,0.006893,0.004794,
0.080145,0.079850,0.079707,0.078086,0.076555,0.073474,0.069579,0.067077,0.062487,0.058051,0.052875,0.047764,0.042197,0.035340,0.030326,0.024285,0.019477,0.013982,0.010092,0.007605,0.005533,
0.070847,0.071887,0.071660,0.069489,0.068673,0.066116,0.062925,0.060545,0.057359,0.053050,0.049226,0.044548,0.039676,0.033713,0.029310,0.024558,0.019384,0.015467,0.011317,0.008293,0.006356,
0.058645,0.062637,0.063653,0.060940,0.061300,0.058249,0.055862,0.053737,0.051542,0.048164,0.045141,0.041014,0.037408,0.032847,0.028509,0.024397,0.020633,0.015781,0.012820,0.009533,0.007180,
0.041956,0.053990,0.055061,0.053326,0.051472,0.050808,0.048084,0.047580,0.045779,0.043326,0.040894,0.037714,0.034598,0.031429,0.028114,0.024567,0.020629,0.017938,0.014014,0.011506,0.008600,
0.040704,0.046262,0.045399,0.045250,0.043956,0.043121,0.041707,0.040732,0.039645,0.037956,0.036966,0.034538,0.032861,0.030000,0.027613,0.025063,0.022319,0.019475,0.016118,0.012734,0.010706,
0.037046,0.036899,0.041569,0.039986,0.037072,0.037866,0.035583,0.034250,0.035044,0.033975,0.032817,0.032287,0.030969,0.029499,0.027568,0.026287,0.024267,0.021736,0.018471,0.015962,0.012240,
nan,nan,nan,0.035480,0.035249,0.034059,0.036449,0.034702,0.029933,0.033506,0.032767,0.032712,0.032727,0.029522,0.028482,0.024777,0.025404,0.021844,0.018661,0.018091,0.016726,
nan,0.160719,0.150317,0.148421,0.145871,0.135072,0.130724,0.116562,0.111887,0.094961,0.085897,0.077945,0.064679,0.051507,0.041760,0.029093,0.019045,0.013763,0.007711,0.005418,nan,
0.150566,0.146404,0.151574,0.149523,0.143735,0.137913,0.131408,0.121911,0.113250,0.105140,0.090746,0.078622,0.066604,0.056563,0.042202,0.032013,0.021582,0.014225,0.008653,0.005726,0.003732,
0.146121,0.151965,0.150635,0.146875,0.142576,0.135790,0.130733,0.119896,0.112531,0.101364,0.091169,0.079190,0.066664,0.055179,0.043434,0.031521,0.021587,0.014117,0.008699,0.005676,0.003886,
0.143790,0.148926,0.147259,0.143999,0.137910,0.134535,0.126294,0.119984,0.109999,0.099503,0.089703,0.077902,0.066302,0.054859,0.042234,0.031103,0.021530,0.014202,0.008310,0.005687,0.003714,
0.133710,0.144013,0.140818,0.138289,nan,0.127547,0.121830,0.114979,0.106012,0.097406,0.085997,0.075130,0.063978,0.052962,0.041394,0.030984,0.021332,0.013695,0.008455,0.005341,0.003601,
0.135245,0.135942,0.134426,0.132933,0.126905,0.120238,0.117705,0.108956,0.101014,0.092484,0.083700,0.073170,0.061506,0.050500,0.040695,0.029769,0.021068,0.013321,0.008333,0.005478,0.003458,
0.128334,0.129370,0.127645,0.125290,0.120728,0.117110,0.110943,0.105468,0.096704,0.086976,0.077914,0.069014,0.059047,0.048444,0.038362,0.028531,0.020320,0.013182,0.008197,0.005360,0.003652,
0.116415,0.119917,0.119533,0.118826,0.114149,0.108131,0.105483,0.100708,0.088720,0.083840,0.074636,0.064678,0.055227,0.045956,0.036657,0.027512,0.019565,0.013053,0.008295,0.005548,0.003650,
0.110480,0.111452,0.111345,0.109696,0.106322,0.101006,0.097309,0.090203,0.081264,0.077592,0.070227,0.062390,0.052902,0.043708,0.034487,0.026412,0.018995,0.012745,0.008325,0.005693,0.003902,
0.103562,0.102691,0.102924,0.101781,0.098256,0.094366,0.089629,0.085701,0.079059,0.072890,0.065364,0.056636,0.050365,0.042396,0.033831,0.025821,0.018696,0.012917,0.008622,0.005880,0.004192,
0.097121,0.095086,0.094860,0.093972,0.090390,0.087197,0.082811,0.078861,0.073533,0.067710,0.061280,0.055138,0.046741,0.039828,0.032897,0.025651,0.018555,0.013150,0.008989,0.006161,0.004475,
0.086828,0.087692,0.086964,0.085892,0.082898,0.080080,0.076691,0.072160,0.068429,0.062432,0.057348,0.050948,0.044276,0.038225,0.030771,0.025249,0.019189,0.013769,0.009699,0.006697,0.004761,
0.079184,0.079354,0.079025,0.078125,0.075681,0.073337,0.070306,0.066360,0.062887,0.058220,0.053276,0.047574,0.044548,0.035940,0.030663,0.024046,0.019227,0.014710,0.010679,0.007424,0.005222,
0.067452,0.071425,0.071280,0.070527,0.068484,0.066403,0.063121,0.060809,0.057091,0.053719,0.049169,0.044739,0.040010,0.034768,0.029631,0.024746,0.019431,0.015092,0.011628,0.008644,0.006034,
0.059938,0.062233,0.062697,0.061084,0.060654,0.058691,0.056626,0.054486,0.051163,0.048453,0.045407,0.041160,0.037288,0.032931,0.028857,0.024735,0.020951,0.016312,0.012545,0.009886,0.007349,
0.061101,0.053662,0.052894,0.051960,0.052584,0.050675,0.048839,0.047989,0.045324,0.043310,0.040948,0.038079,0.035056,0.031783,0.028319,0.024776,0.021342,0.017823,0.014385,0.010989,0.009251,
0.043042,0.044227,0.044979,0.044514,0.044839,0.043808,0.042224,0.041259,0.039654,0.037886,0.036568,0.034971,0.032177,0.030496,0.027949,0.025692,0.022504,0.019976,0.016941,0.013250,0.011128,
nan,0.039292,0.040994,0.036766,0.036395,0.036829,0.034863,0.034734,0.035781,0.034269,0.032662,0.032176,0.030626,0.029374,0.028325,0.026375,0.024557,0.021758,0.018942,0.015667,0.013242,
nan,nan,0.038374,nan,0.032339,0.035366,0.035729,0.032644,0.031485,0.035268,0.033026,0.034039,0.031175,0.030448,0.027977,0.028134,0.025964,0.024104,0.021024,0.018734,0.013795,
nan,0.154924,0.150534,0.148184,0.136350,0.130701,0.120896,0.125196,0.108540,0.103200,0.083022,0.084917,0.059003,0.048605,0.041841,0.030526,0.019895,0.011981,0.008025,0.006384,nan,
0.157782,0.154275,0.153743,0.147417,0.144411,0.138069,0.131170,0.121132,0.110923,0.100587,0.091314,0.080054,0.067389,0.054521,0.042743,0.031029,0.021483,0.013171,0.008470,0.005337,0.003438,
0.154011,0.153260,0.150813,0.147085,0.142740,0.136409,0.129501,0.121813,0.111443,0.101146,0.091164,0.078597,0.068365,0.054910,0.042213,0.031380,0.021727,0.014328,0.008372,0.005591,0.003799,
0.147217,0.148700,0.146820,0.142400,0.139029,0.134693,0.126546,0.117699,0.109650,0.099552,0.089603,0.078130,0.065272,0.054404,0.042510,0.031158,0.021049,0.013958,0.008521,0.005705,0.003810,
0.143509,0.142903,0.141163,0.138835,0.133899,0.128492,0.122486,0.115020,0.106366,0.096519,0.086890,0.074838,0.064068,0.052464,0.040899,0.030479,0.021259,0.013777,0.008164,0.005474,0.003651,
0.131088,0.136436,0.135141,0.132714,0.127225,0.127127,0.115919,0.109319,0.102043,0.093420,0.082881,0.072520,0.061996,0.050898,0.040150,0.029962,0.020657,0.013517,0.008416,0.005261,0.003625,
0.124580,0.127531,0.127936,0.126156,0.122055,0.115703,nan,0.103598,0.095922,0.088101,0.079635,0.069704,0.059244,0.048449,0.038916,0.028977,0.020361,0.013209,0.008289,0.005499,0.003587,
0.119078,0.120229,0.119718,0.117858,0.113915,0.109375,0.103786,0.096908,0.091131,0.082037,0.074012,0.065476,0.056135,0.046285,0.036972,0.027764,0.019997,0.013005,0.008296,0.005455,0.003655,
0.111482,0.111803,0.111442,0.109120,0.105995,0.102356,0.097202,0.091706,0.084827,0.078558,0.070135,0.061056,0.052607,0.044386,0.035367,0.026990,0.019317,0.013119,0.008552,0.005680,0.003791,
0.104783,0.102935,0.103124,0.101038,0.097850,0.094634,0.089872,0.084579,0.079362,0.072919,0.065945,0.058048,0.049621,0.041734,0.033567,0.026045,0.019130,0.013136,0.008904,0.006035,0.004017,
0.094627,0.093636,0.094693,0.093108,0.090860,0.087663,0.083177,0.078334,0.073505,0.067896,0.061565,0.053305,0.047638,0.039758,0.032020,0.025233,0.018913,0.013445,0.009137,0.006422,0.004529,
0.086536,0.086028,0.086784,0.085097,0.083496,0.080625,0.076640,0.072663,0.068225,0.063034,0.057252,0.053923,0.044336,0.038785,0.031451,0.024747,0.018657,0.013818,0.009807,0.006866,0.005116,
0.079071,0.078946,0.078767,0.077427,0.076020,0.073606,0.070230,0.066916,0.062696,0.058274,0.053479,0.047976,0.042115,0.036346,0.030937,0.024978,0.018956,0.014084,0.010512,0.007565,0.005808,
0.068677,0.070503,0.070820,0.069163,0.068426,0.066676,0.063758,0.061147,0.057229,0.053385,0.049612,0.044961,0.040026,0.034866,0.029804,0.024906,0.020105,0.015205,0.011503,0.008497,0.006538,
nan,0.061830,0.063543,0.061144,0.060680,0.058417,0.057002,0.054594,0.051414,0.048592,0.045051,0.041426,0.037314,0.033392,0.029050,0.024867,0.020796,0.016915,0.012690,0.009739,0.007340,
0.051693,0.053057,0.053952,0.052461,0.051801,0.050432,0.048897,0.047766,0.045731,0.043229,0.041081,0.038352,0.035058,0.032034,0.028852,0.025076,0.021758,0.018183,0.014772,0.011473,0.008885,
nan,0.045372,0.043848,0.044878,0.044228,0.043007,0.042781,0.041166,0.040028,0.038581,0.036402,0.035279,0.033517,0.030670,0.028666,0.025731,0.022770,0.020014,0.016506,0.013799,0.010620,
0.041326,0.037890,0.041529,0.037459,0.036049,0.036583,0.036232,0.034505,0.035627,0.033849,0.032901,0.032601,0.031786,0.030132,0.028739,0.027099,0.024577,0.022255,0.019707,0.015824,0.013416,
nan,nan,nan,0.031911,0.031135,0.031222,0.030949,0.035961,0.029923,0.032340,0.031076,0.029588,0.031764,0.029684,0.028570,0.028364,0.027897,0.022837,0.021982,0.018810,0.015105,
nan,0.157927,0.153859,0.150760,0.144799,0.138386,0.130226,0.118663,0.112512,0.098134,0.090952,0.071719,0.064119,0.055965,0.037694,0.028730,0.020738,0.012071,0.007128,0.004382,nan,
0.156475,0.151150,0.152132,0.148750,0.143264,0.137937,0.131158,0.124186,0.111309,0.105027,0.091474,0.080177,0.067894,0.053550,0.042684,0.030894,0.022169,0.013846,0.008626,0.005472,0.003459,
0.150218,0.151676,0.149114,0.146872,0.142050,0.136118,0.129870,0.120119,0.112124,0.101807,0.091307,0.077664,0.066193,0.055918,0.042105,0.031242,0.021840,0.013695,0.008951,0.005505,0.003506,
0.142975,0.147823,0.145591,0.144063,0.138696,0.132508,0.126028,0.118408,0.108975,0.098887,0.089752,0.076602,0.065864,0.054389,0.042172,0.030828,0.021626,0.013846,0.008264,0.005403,0.003692,
0.138309,0.142997,0.140590,0.138644,0.133947,0.129038,0.122334,0.114236,0.106440,0.096135,0.086273,0.076099,0.063392,0.053201,0.041167,0.030200,0.020699,0.013493,0.008083,0.005511,0.003771,
0.131847,0.136599,0.134453,0.132968,0.128365,0.122531,0.117385,0.110317,0.101782,0.092937,0.083408,0.072477,0.061284,0.051042,0.039849,0.029691,0.020513,0.013530,0.008109,0.005474,0.003755,
0.123094,0.128586,0.126766,0.125484,0.121609,0.117057,0.111173,0.104335,0.096693,0.088601,0.079139,0.068964,0.059313,0.048839,0.038261,0.028847,0.020257,0.013317,0.008275,0.005478,0.003676,
0.114973,0.120450,0.118729,0.117275,0.114523,0.109849,0.104301,0.098179,0.090501,0.083472,0.074982,0.066023,0.056481,0.046372,0.037212,0.027800,0.019804,0.013209,0.008419,0.005559,0.003844,
0.105557,0.111717,0.111007,0.108997,0.106613,0.102362,0.097059,0.091268,0.086252,0.076718,0.070242,0.062105,0.053231,0.043996,0.035381,0.027007,0.019491,0.012982,0.008537,0.005686,0.003819,
0.098098,0.103253,0.102339,0.100781,0.098765,0.094807,0.089922,0.085152,0.078993,0.075661,0.065244,0.057950,0.050283,0.042191,0.034064,0.026100,0.019203,0.013122,0.008740,0.005984,0.004045,
0.092875,0.095876,0.094343,0.092792,0.090536,0.087737,0.083151,0.078953,0.073565,0.067706,0.060772,0.054476,0.047207,0.040280,0.032728,0.025470,0.019061,0.013465,0.009290,0.006355,0.004241,
0.085867,0.087581,0.086127,0.085694,0.083252,0.080594,0.076920,0.073186,0.068079,0.063094,0.057451,0.051032,0.045041,0.038003,0.031339,0.025343,0.019072,0.013961,0.009813,0.006959,0.004802,
0.078216,0.078883,0.078509,0.078135,0.075996,0.073597,0.070453,0.067240,0.063027,0.058421,0.053446,0.048168,0.042462,0.036860,0.030349,0.024802,0.019476,0.014682,0.010827,0.007756,0.005414,
0.069313,0.070831,0.070792,0.069858,0.068772,0.065980,0.064216,0.061228,0.057745,0.053523,0.049431,0.044883,0.040111,0.035105,0.030156,0.024691,0.019764,0.015452,0.011824,0.008879,0.006565,
0.073411,0.063460,0.062117,0.061195,0.060145,0.058710,0.056671,0.054369,0.052110,0.048775,0.044926,0.041713,0.037801,0.033473,0.029413,0.025194,0.020472,0.016572,0.013032,0.010042,0.007956,
0.054589,0.053281,0.054006,0.053181,0.051815,0.050953,0.049318,0.047844,0.046167,0.043569,0.040424,0.038727,0.035385,0.032183,0.028931,0.025300,0.022276,0.017996,0.014794,0.011643,0.009264,
0.042848,0.047525,0.045508,0.044301,0.043283,0.043575,0.041671,0.041327,0.040080,0.038767,0.037012,0.034896,0.033311,0.031047,0.028557,0.026062,0.022997,0.020777,0.016926,0.013425,0.012173,
0.039145,0.038768,0.036656,0.039457,0.036843,0.035340,0.036367,0.034845,0.035444,0.034880,0.032563,0.031613,0.031574,0.030145,0.028221,0.027070,0.024614,0.022483,0.020185,0.016123,0.013439,
nan,nan,nan,0.039284,0.037602,0.035041,0.031830,0.028864,0.038895,0.032950,0.029877,0.030420,0.029450,0.029733,0.029773,0.029306,0.026177,0.024460,0.021478,0.019163,0.015813,
nan,0.151197,0.156893,0.145130,0.137856,0.135125,0.130536,0.120786,0.110832,0.099504,0.086448,0.076409,0.057132,0.045942,0.047423,0.027851,0.019756,0.012360,0.006831,0.004425,nan,
0.151823,nan,0.151830,0.150064,0.143254,0.139267,0.130304,0.120299,0.112573,0.101405,0.090389,0.080519,0.067199,0.053095,0.042401,0.031289,0.021697,0.013458,0.008388,0.005604,0.003720,
0.154266,0.151994,0.148563,0.146820,0.142396,0.136580,0.128124,0.121033,0.110542,0.100926,0.090795,0.080334,0.066975,0.053067,0.042785,0.031109,0.022156,0.013327,0.008478,0.005310,0.003290,
0.154625,0.148368,0.146595,0.142419,0.139033,0.133069,0.126547,0.117757,0.109122,0.098561,0.089217,0.077024,0.065788,0.053821,0.041216,0.030766,0.021514,0.013360,0.008602,0.005332,0.003346,
0.141216,0.142031,0.142059,0.138967,0.133629,0.128930,0.122023,0.114082,0.105447,0.095670,0.087010,0.074450,0.063989,0.052764,0.040384,0.030077,0.020896,0.013475,0.008532,0.005281,0.003334,
0.134922,0.134863,0.134508,0.132603,0.128490,0.123449,0.117028,0.109552,0.101624,0.091948,0.083223,0.072404,0.061317,0.051455,0.039663,0.029449,0.020363,0.013437,0.008287,0.005277,0.003488,
0.123399,0.127928,0.127556,0.124991,0.121665,0.117044,0.110288,0.104156,0.096780,0.087995,0.078924,0.069111,0.058609,0.049026,0.038571,0.028555,0.020104,0.013541,0.008230,0.005468,0.003646,
0.116851,0.120589,0.119456,0.117107,0.113930,0.109716,0.104072,0.097821,0.091013,0.083394,0.074672,0.065405,0.055810,0.046432,0.036885,0.027770,0.019558,0.013319,0.008234,0.005505,0.003777,
0.103748,0.112867,0.110666,0.109155,0.105585,0.102262,0.096846,0.091681,0.084210,0.078249,0.070305,0.061831,0.053210,0.044265,0.035450,0.026861,0.019253,0.013371,0.008441,0.005725,0.004030,
0.095561,0.104320,0.102209,0.100709,0.097931,0.094748,0.089823,0.084986,0.079203,0.072850,0.066065,0.058381,0.050312,0.041994,0.033976,0.026163,0.019022,0.013451,0.008798,0.005968,0.004200,
0.087922,0.094977,0.094165,0.092857,0.090279,0.087298,0.083401,0.078883,0.073656,0.067831,0.061468,0.055053,0.047740,0.040190,0.032697,0.025516,0.019175,0.013659,0.009212,0.006379,0.004503,
0.078757,0.086860,0.086466,0.084818,0.083173,0.080402,0.076952,0.072815,0.068523,0.063062,0.057381,0.051289,0.045330,0.038637,0.031777,0.025067,0.019335,0.013957,0.009697,0.006943,0.004848,
0.077412,0.079331,0.078435,0.077064,0.075777,0.073604,0.070570,0.066841,0.063107,0.058394,0.053573,0.048063,0.042622,0.037057,0.030978,0.024862,0.019536,0.014695,0.010479,0.007650,0.005624,
0.067668,0.071753,0.071413,0.069613,0.068405,0.066241,0.063941,0.061051,0.057633,0.053486,0.049479,0.045191,0.040100,0.035234,0.030248,0.025127,0.020126,0.015562,0.011708,0.008596,0.006325,
0.059895,0.062387,0.062284,0.060920,0.060442,0.058225,0.056854,0.054771,0.051699,0.048163,0.045136,0.041920,0.038002,0.033489,0.029503,0.025457,0.021021,0.016814,0.013119,0.009933,0.007323,
0.053526,0.053647,0.053638,0.053190,0.052489,0.049805,0.050185,0.047543,0.046099,0.043202,0.041083,0.038757,0.035691,0.032182,0.028789,0.025470,0.022292,0.018609,0.015061,0.011816,0.008912,
0.045170,0.046919,0.044949,0.044873,0.043349,0.042307,0.042954,0.041422,0.040893,0.038219,0.037194,0.035087,0.033303,0.031366,0.028551,0.026072,0.023467,0.020533,0.017174,0.014074,0.011053,
nan,0.039668,0.036970,0.037023,0.037665,0.035963,0.037192,0.036351,0.034980,0.035259,0.033556,0.032725,0.031549,0.030699,0.029216,0.026904,0.024490,0.022661,0.020321,0.016857,0.014008,
nan,nan,nan,nan,nan,0.033507,0.031958,0.029948,0.031144,0.031319,0.031204,0.030949,0.030141,0.030381,0.029843,0.028377,0.027622,0.024475,0.021897,0.018853,0.018809,
0.155112,0.154314,0.148796,0.143015,0.146412,0.130757,0.128635,0.117440,0.110912,0.097114,0.090657,0.075240,0.064705,0.052258,0.041356,0.026514,0.020939,0.012032,0.007953,0.005781,nan,
0.157478,0.154197,0.151260,0.145954,0.144045,0.135510,0.131559,0.119175,0.109457,0.099644,0.091304,0.077368,0.064951,0.053501,0.043402,0.029479,0.020916,0.013891,0.008389,0.005034,0.003833,
0.156698,0.150258,0.150134,0.146693,0.142127,0.135859,0.130262,0.118958,0.110476,0.100374,0.089673,0.078747,0.066519,0.053977,0.042728,0.031324,0.021121,0.014069,0.008304,0.005408,0.003719,
0.151501,0.145550,0.146297,0.143385,0.138916,0.132904,0.126673,0.117239,0.108200,0.098789,0.088653,0.078521,0.064972,0.052720,0.042257,0.030952,0.021187,0.013626,0.008202,0.005301,0.003397,
0.144478,0.141328,0.140491,0.138206,0.134025,0.128595,0.121947,0.113786,0.104879,0.095368,0.086199,0.075781,0.063810,0.051575,0.040932,0.030379,0.021196,0.013294,0.008167,0.005248,0.003295,
0.139150,0.135069,0.134573,0.131566,0.128244,0.123055,0.116827,0.109458,0.100662,0.091888,0.083217,0.072555,0.062226,0.049575,0.039662,0.029481,0.020842,0.013241,0.008255,0.005286,0.003415,
0.130795,0.127483,0.127685,0.124516,0.121198,0.116487,0.110942,0.103777,0.095778,0.087501,0.079676,0.068868,0.059195,0.048190,0.038076,0.028673,0.020403,0.012963,0.008326,0.005305,0.003562,
0.120322,0.119702,0.119542,0.116507,0.113183,0.109371,0.103988,0.098003,0.090810,0.082733,0.075032,0.064681,0.055983,0.046216,0.036400,0.027564,0.019723,0.012898,0.008353,0.005482,0.003605,
0.111129,0.111745,0.110973,0.108790,0.105728,0.101982,0.097173,0.091201,0.085095,0.078008,0.070410,0.061545,0.053195,0.044351,0.035346,0.026860,0.019552,0.013102,0.008762,0.005717,0.003693,
0.105361,0.103208,0.102508,0.100757,0.097427,0.094908,0.090375,0.084869,0.079215,0.072947,0.065969,0.058078,0.050299,0.042241,0.034000,0.026001,0.019103,0.013316,0.008991,0.006021,0.003967,
0.096479,0.095036,0.094566,0.093092,0.089834,0.087642,0.083471,0.078608,0.073628,0.067958,0.061671,0.054736,0.047674,0.040125,0.032755,0.025488,0.019005,0.013580,0.009438,0.006325,0.004311,
0.086541,0.086593,0.086508,0.084718,0.081883,0.080603,0.076969,0.072603,0.068068,0.063091,0.057772,0.051515,0.045166,0.038472,0.031618,0.024981,0.019052,0.013999,0.009913,0.006779,0.004866,
0.079570,0.079088,0.078879,0.076454,0.075124,0.073436,0.070182,0.066702,0.062683,0.058406,0.053695,0.048305,0.042802,0.037021,0.030924,0.024889,0.019452,0.014745,0.010774,0.007534,0.005511,
0.069448,0.071485,0.070501,0.068737,0.068298,0.066641,0.063890,0.061114,0.057453,0.053817,0.049852,0.045356,0.040644,0.035478,0.030290,0.024907,0.020127,0.015761,0.011825,0.008656,0.006177,
0.064510,0.062346,0.061503,0.060701,0.059933,0.058508,0.056990,0.054368,0.051807,0.048994,0.045719,0.042131,0.037891,0.033969,0.029637,0.025286,0.021054,0.016896,0.013199,0.009892,0.007043,
0.058483,0.053856,0.053346,0.051732,0.050337,0.050448,0.049314,0.047439,0.045915,0.043802,0.041274,0.038565,0.035820,0.032538,0.029248,0.025766,0.022176,0.018647,0.015111,0.011623,0.008797,
0.040727,0.044353,0.045544,0.041920,0.041307,0.041969,0.040743,0.041031,0.039591,0.038376,0.036826,0.035526,0.034214,0.031108,0.029049,0.026170,0.023600,0.020519,0.017512,0.013799,0.010449,
0.042550,0.035276,0.038076,0.036534,0.034355,0.034890,0.035133,0.037695,0.032872,0.035448,0.033651,0.033036,0.031939,0.030164,0.028708,0.027216,0.025299,0.023091,0.020352,0.017140,0.013150,
nan,nan,nan,nan,nan,nan,nan,nan,nan,nan,0.030417,0.032761,0.035333,0.028199,0.031357,0.027837,0.027501,0.024683,0.022369,0.020112,0.016990,
