1.568976,7.255217,2.174844,9.841868,2.405680,2.649758,3.000848,2.846560,4.951815,2.930793,2.236782,34.573444,2.485350,2.418003,4.313523,1.840902,1.068209,1.391422,0.469755,0.503782,0.182819,
2.590402,3.117972,2.597587,4.027165,3.136362,5.684745,3.032943,3.539290,6.615852,2.955486,3.562105,6.107045,2.275763,2.518719,3.864174,1.595801,1.306486,1.075986,0.554340,0.504540,0.379978,
5.885125,3.391313,3.732347,3.604876,3.489262,5.225950,3.452890,3.523349,3.968289,3.221632,2.959236,3.424671,2.506889,3.170226,2.210696,1.719821,1.433800,1.085159,0.741612,1.298644,0.550614,
3.296757,2.876590,2.729430,3.489370,3.397366,7.760241,3.226392,3.468852,3.454947,3.303814,2.604076,2.977700,2.406777,3.616013,2.079696,2.193038,1.401782,1.201526,0.874183,0.762563,0.500598,
2.661392,2.353990,2.535595,3.885164,3.134929,13.523810,2.971525,3.222792,3.684443,3.892994,2.592942,4.609002,2.514514,4.925766,1.970293,1.931279,1.569910,1.219311,0.754741,0.614869,0.499939,
2.507199,2.248110,2.517161,4.110578,2.992861,4.131099,2.792973,3.065828,3.645761,3.796235,2.534307,5.979153,2.414719,8.322789,3.636247,1.785962,1.350981,1.541497,0.788602,0.621586,0.639827,
3.061360,2.477733,2.437346,4.412780,22.275484,3.304836,2.757348,3.113037,3.696294,6.237973,2.715902,10.198222,2.367455,12.502931,5.852084,2.148306,1.557527,1.711261,0.869656,0.673179,0.606670,
3.527514,2.928593,2.363586,4.382275,11.702477,2.720552,2.844815,3.756660,3.168343,11.080945,2.767479,23.079214,2.538581,6.741317,13.507185,5.026621,1.538834,1.502349,1.084083,0.701402,0.442525,
1.883662,2.314207,2.225819,3.635411,5.509731,2.836745,2.638458,3.945073,3.397998,13.714024,3.313508,18.823751,2.796707,5.493979,8.647086,3.396391,1.870327,1.379116,1.419070,0.706466,0.360444,
4.353655,2.416159,2.336875,3.301334,3.846212,3.487133,2.811216,3.302586,14.909240,28.420744,4.191504,7.497079,2.763014,6.632629,3.628533,3.484766,1.840750,1.385987,0.808412,1.171983,0.399895,
3.447267,2.627584,2.296751,3.196150,3.352387,3.880190,3.030029,3.291550,8.770573,24.028641,4.861400,4.223986,4.035528,12.817580,2.867637,2.101973,2.099667,1.788530,0.944412,1.117762,0.437407,
2.385622,3.176675,2.609142,3.170238,3.427488,3.301116,3.619215,2.860121,6.654875,3.843499,4.957321,4.103658,6.510282,11.170379,3.605330,2.445318,2.232594,1.726812,0.969945,1.063543,0.616156,
1.800325,3.204870,3.050777,3.228565,4.166779,3.316826,5.694090,3.199216,14.242552,3.620581,5.762065,4.832732,8.995320,4.160107,3.174579,2.572856,2.373682,1.689677,1.134065,0.914234,0.719078,
2.213362,2.711649,4.159343,3.418162,4.888604,3.963902,5.670601,3.237213,7.379600,4.678748,4.430766,6.542510,12.457669,4.824409,2.959348,2.721558,2.557455,1.768996,1.391063,0.936692,0.643714,
1.922740,3.346216,3.303200,5.840096,5.361669,5.016230,3.868304,5.035697,5.442361,5.381971,4.430522,10.663130,6.691787,6.908411,6.074349,2.811089,2.385902,1.938523,1.328061,1.061831,0.584418,
1.746183,5.172346,2.640949,7.583316,3.170928,7.525300,3.760794,5.599864,4.715917,4.721383,4.463008,17.352085,6.032487,3.798571,8.810055,3.093441,2.326368,1.851916,1.023669,0.928154,0.504144,
2.541864,3.700614,3.880781,4.362838,3.614289,3.897906,3.597537,6.004869,4.257979,4.530471,16.994371,6.785902,12.607923,3.859270,3.379598,2.917784,2.189280,1.463341,1.142759,0.672666,0.396887,
4.817772,3.636330,2.533691,4.344618,4.766403,2.942728,4.023438,5.774381,3.857205,4.372599,33.771599,7.875103,4.806022,3.150085,2.839273,2.724470,2.380508,5.749215,0.574554,0.537781,0.202336,
nan,nan,nan,nan,nan,nan,nan,nan,nan,nan,4.077003,2.442387,4.416999,3.744722,3.359157,1.847178,3.062211,0.465858,0.410899,0.154924,nan,
nan,nan,3.120745,2.502608,3.918353,16.049263,2.261141,2.983879,3.370990,2.821330,6.629799,2.198346,2.115969,1.985578,15.266034,2.079853,1.081207,0.753729,0.586119,2.444612,0.403744,
nan,3.458010,3.478444,2.974641,3.454326,3.255931,3.567958,3.523272,2.887752,2.714129,2.672021,2.780698,2.773022,1.950430,2.125178,2.370208,1.531897,1.287146,0.727552,0.957807,0.384564,
1.855360,3.628628,3.292479,3.007127,3.226446,3.439052,2.982342,3.754099,3.230631,3.585403,2.514411,4.431509,2.535332,2.418771,2.016296,2.176908,1.494550,1.214455,0.848172,1.301499,0.595666,
3.636867,4.028037,3.134312,4.885841,2.903643,3.177502,2.965777,3.051627,3.564605,3.859050,3.436629,3.707222,2.654340,2.473102,2.201914,2.740045,1.414087,1.131222,0.735807,0.785890,3.347571,
4.033655,4.888384,3.323577,4.457119,3.006009,2.561775,2.968030,2.983885,3.771417,3.941421,3.177084,2.609118,2.729808,2.357595,2.267262,2.928073,1.555558,1.265223,0.859991,0.559449,2.540012,
2.362726,4.013646,2.858732,4.376419,3.311783,2.594900,3.046143,3.232748,3.361120,4.960558,3.477913,2.668607,2.969198,5.546430,2.326729,4.882461,1.939820,1.101296,1.013751,0.485849,2.020235,
2.041833,3.479793,3.267889,3.482927,3.275044,2.870148,3.188020,3.641380,3.426607,6.922231,3.163562,2.814306,3.442569,3.815593,3.454575,5.870629,1.641714,1.203289,0.980736,0.431561,0.565871,
2.038802,4.020510,4.463124,2.636945,2.911677,3.147939,2.828623,4.455778,3.323291,10.749234,3.195819,2.872908,4.619955,3.711002,3.299346,1.982995,1.617443,1.204632,0.962584,0.545127,1.551262,
2.745773,4.447198,5.306085,2.753349,2.804443,3.749334,3.021374,4.718766,3.452303,3.372444,3.217984,3.131604,3.542138,3.622087,2.993042,2.152359,1.662304,1.347907,1.089272,0.913161,0.464619,
3.789765,3.786556,3.253416,2.494240,3.064618,3.525064,3.105169,3.693736,3.475239,3.356076,3.343052,3.178941,4.043993,3.460121,2.873138,2.350079,1.727661,1.323432,1.334810,0.983685,0.452490,
2.463776,3.383561,3.174444,2.860477,3.323598,3.173495,3.346989,3.354996,3.858042,3.461210,5.662910,3.636023,4.036933,3.141635,2.924891,2.607014,2.104666,1.541121,1.398585,0.978315,0.866601,
1.322852,3.328548,3.509768,3.404970,3.815457,4.103576,3.955255,3.191479,3.776499,3.990729,4.319141,3.378895,4.320530,3.609911,3.125796,2.855755,2.266079,8.436328,1.341653,2.864576,2.027860,
3.425091,2.894421,3.074331,3.703183,4.319541,3.345379,4.533143,3.211252,4.101619,8.525712,5.615278,3.642501,4.415535,3.652481,3.114024,3.266819,2.632937,9.247143,1.413102,2.849700,0.448139,
2.437208,3.328722,2.881505,3.407848,3.516898,3.285186,3.616277,3.354187,24.251787,7.620695,8.455614,4.556759,4.637078,5.307828,3.236326,2.501889,3.352628,4.389521,1.370650,1.180163,0.557468,
2.458714,3.106465,3.490250,5.455874,3.505343,4.549330,4.005984,3.778444,8.800259,5.543210,10.359486,5.806656,5.257686,6.208599,3.257403,3.672428,3.125465,2.083737,1.442834,2.686511,0.570271,
3.072742,2.575539,3.550077,4.005387,3.491329,4.668824,3.650605,20.608103,7.994308,4.925063,3.925551,5.935146,4.403945,3.592518,3.434391,2.779819,4.939263,1.676483,3.177477,0.615454,0.468748,
7.353446,2.812306,4.456684,3.996769,2.882460,4.527934,4.597686,8.288067,5.502920,7.231982,5.985304,7.556593,11.309788,4.146613,3.823834,3.934978,2.606808,1.925449,1.184447,0.679607,0.506491,
nan,7.400659,3.158112,3.159338,7.623109,4.606528,10.853156,4.763135,39.837009,7.145634,5.005177,6.457499,3.704269,4.130136,3.626282,2.811960,3.879238,1.085009,0.703154,0.344069,0.275571,
nan,nan,nan,nan,3.174237,4.563026,3.887954,8.699924,3.309775,3.775988,4.937293,9.275577,4.070548,2.765240,3.179533,2.097582,1.026840,2.572181,0.483996,0.809899,0.056519,
nan,2.435807,4.104944,2.129063,2.776618,3.374755,2.852946,3.270926,2.817730,3.091246,5.114485,2.554186,3.587598,2.568773,2.962322,1.773050,1.245011,1.396692,0.700159,0.669499,0.322956,
2.766980,2.695592,2.976380,3.012611,3.197245,3.462706,3.723368,4.643205,2.960556,3.471489,2.450487,4.787876,2.499347,2.768564,2.260558,2.236098,2.871995,1.438094,0.748508,1.729457,0.827769,
3.319156,3.128254,2.968506,4.611081,2.922392,3.239737,3.036051,2.868666,4.625144,3.311269,3.657464,3.011280,2.877418,2.337654,2.617108,1.979752,1.447003,1.034558,0.707958,0.483745,4.001004,
2.471895,3.369623,3.112104,3.153383,3.207513,2.744237,4.777441,3.080153,3.426497,3.066415,5.386270,2.616107,3.219330,30.871336,2.727820,2.131477,1.962219,0.897870,0.741564,0.584858,0.303577,
2.611553,3.529678,2.886433,3.152533,3.152989,5.121971,4.874573,3.842634,2.637694,3.081846,3.724390,2.654163,2.803013,12.276906,2.149258,2.160206,1.819205,1.160445,0.772442,0.488833,0.559696,
3.115961,3.198033,2.701761,3.592985,3.856635,6.553442,4.025258,3.924286,11.279637,3.165950,2.897840,2.733769,2.839847,3.004505,2.713717,1.816317,1.409433,1.162826,0.878482,0.811376,0.532070,
2.429708,2.757346,2.817970,3.292168,3.643265,6.476778,3.244792,3.650728,6.472340,3.708393,3.189394,2.736918,3.006212,2.966297,2.937969,1.915723,1.617633,1.179658,0.997039,0.740851,0.478303,
1.807186,2.765532,2.849526,2.983708,3.271696,4.729928,2.830315,3.902364,3.611044,3.342834,3.055120,2.841442,2.909000,2.796407,2.614787,1.844193,2.013983,1.229609,1.221804,0.591551,0.526010,
2.254930,3.007406,3.341527,3.013667,2.971613,3.224475,2.960452,4.511842,3.350587,3.090381,3.357451,3.113211,3.269356,2.378592,2.910216,1.658756,1.988180,1.380544,1.743961,1.969326,0.527075,
2.778025,3.210988,7.689872,3.228483,2.661283,3.898437,3.262300,4.570846,3.723150,3.385412,4.218945,3.525086,3.511350,3.287945,3.409919,2.023693,1.811907,1.513213,0.965594,2.361732,0.443440,
2.265802,15.127049,2.886881,3.221151,2.967615,3.758706,3.661142,3.332812,5.804447,3.855111,3.444442,3.107386,4.472154,3.504261,3.414265,2.102898,1.832455,3.468492,1.162942,2.456254,0.748576,
2.645797,8.240629,3.294049,3.259354,3.267170,3.249575,3.241501,3.195429,7.096430,3.397206,3.494484,3.717136,6.721581,3.579792,3.635286,2.796723,1.855309,2.212111,1.223776,0.651059,0.773396,
3.914217,5.382393,3.509008,3.921410,3.170718,2.980770,3.307707,3.343761,10.464768,6.248651,3.768727,3.679004,7.995392,3.775314,3.413534,4.326200,2.421747,3.226576,1.374866,0.694313,1.064260,
2.389151,3.430607,3.526513,3.977891,3.678635,3.331226,3.465370,3.948119,13.637415,3.761239,7.761538,4.444194,12.698421,4.170058,3.398672,3.162540,2.372410,2.503633,1.169753,1.006775,1.082596,
2.992611,3.648692,4.573041,3.649667,3.463304,3.762779,3.261530,3.884955,4.481509,15.895579,3.861382,6.520555,5.128804,3.781475,4.711005,3.068340,4.895118,2.019076,1.528827,0.816926,0.487831,
2.717485,3.077333,4.422431,3.688847,3.465843,4.347659,3.667702,5.182796,31.235655,4.381399,5.043690,13.101449,3.940724,4.671315,4.077293,2.996655,2.875379,2.507857,0.998528,0.805159,0.475039,
nan,3.781479,3.240836,3.883415,4.958173,4.132094,4.560708,3.792732,6.779266,7.806673,4.979448,6.027876,4.515402,3.637141,3.075913,3.705070,2.664191,1.452792,1.362458,0.571095,0.375640,
1.565336,3.570379,3.691128,2.627139,3.968471,3.608518,34.386967,3.217899,6.121040,4.657182,18.773312,4.039797,4.557463,4.275211,3.041890,4.715737,1.994266,1.667238,0.884115,0.314426,0.276895,
nan,nan,nan,4.413603,3.815077,2.903857,2.150801,3.204482,7.291322,12.426228,4.762010,7.275711,4.533151,4.476670,2.154357,1.649371,1.029028,1.091915,0.688534,0.240070,0.639416,
nan,2.175030,2.532562,2.977937,3.215229,2.277248,2.506690,3.243969,2.988723,2.405352,3.688298,3.783187,2.446503,2.214388,6.596304,3.113213,2.018059,0.782519,0.780064,0.671344,0.371513,
3.834580,2.576659,3.957417,5.065873,3.156706,4.478886,2.937672,3.008749,5.067670,3.493608,2.278732,4.009434,2.246699,2.366906,1.658865,1.418609,1.230311,0.949408,0.909463,0.449170,0.278448,
2.650512,2.626616,3.079875,3.225120,3.196249,4.198745,3.869884,3.722438,2.997758,2.768593,3.591953,3.207875,3.243705,30.683159,2.376842,2.214387,1.875034,0.944764,0.835922,0.554305,0.341699,
3.391380,2.810174,3.966149,3.522448,3.499106,6.300587,3.472120,3.652841,2.925872,2.979473,2.939091,2.340739,2.940229,3.287149,2.106422,2.250552,1.340310,1.206741,0.726464,0.868401,0.476610,
2.308257,3.041098,4.711141,3.295675,3.647320,3.861830,3.420156,2.966533,7.748931,3.267087,3.617634,2.748235,2.992349,2.565867,2.196210,1.964563,1.352578,1.273153,0.947359,0.656379,0.390570,
2.360568,2.944793,3.705244,2.927717,2.459250,3.921000,2.823621,2.815777,4.035897,3.268465,3.248626,3.305911,2.660479,2.936144,2.655315,1.841568,1.641645,1.168803,0.937590,0.523507,0.489164,
2.220339,2.753873,3.310008,2.723324,2.979179,3.353667,3.212870,2.968447,3.071180,2.975577,2.705182,3.086741,3.225626,2.790529,3.902004,1.835874,1.667418,1.295914,1.235268,0.604004,0.534173,
2.012256,2.715151,3.337444,2.372265,3.981773,3.458313,3.294456,2.976904,2.959615,3.003648,3.259487,3.106971,3.982884,2.533747,4.590569,1.767174,1.449175,1.649909,1.126572,1.576717,1.475789,
2.096076,2.848910,3.188974,2.444306,4.894944,3.004409,3.079959,3.028255,2.926000,3.275688,3.442443,2.942555,5.144011,2.755374,3.556111,1.919814,1.501915,1.179811,0.961452,0.806567,0.347710,
1.900262,2.754728,3.796444,2.454205,4.313411,3.816842,3.298135,2.650178,3.509517,3.335505,3.827739,3.190467,5.589447,3.932350,2.501420,2.101427,2.317060,1.915814,1.018381,0.862854,0.457376,
2.897257,2.546126,4.691264,4.079371,4.845538,4.332979,4.137452,2.788256,3.442894,4.517766,4.461831,3.625668,6.628905,4.452246,2.672072,6.578628,2.445001,2.290783,1.617642,0.900794,0.473798,
2.842933,2.377949,5.541151,4.076671,4.004905,6.946161,3.865937,3.468954,3.681465,4.581442,4.636838,3.561738,7.446159,3.298424,4.356857,4.098604,1.866253,2.420872,1.140644,0.791123,0.513295,
1.620912,3.806628,5.209563,3.283983,4.657180,6.761105,4.130738,3.310476,3.963395,4.899987,5.010984,3.440608,6.371365,3.735147,5.287262,2.639147,2.756997,1.867699,1.031805,1.100320,0.571524,
2.853339,4.142979,4.797047,4.139710,4.295084,5.804475,3.560048,3.098329,4.999097,5.294813,4.664742,12.036297,5.463998,3.686988,3.662839,2.601499,2.948640,1.825826,1.367824,0.932283,0.466884,
2.545074,2.684488,3.215657,3.641937,3.788707,4.533424,4.020792,4.360296,4.814618,5.664710,5.569464,4.427406,3.651272,3.453007,4.767310,3.091615,3.164295,1.561340,1.155216,0.773161,0.639318,
4.709486,4.605335,3.562369,3.389922,5.306757,3.855829,3.258872,3.570748,4.994992,7.680324,4.727050,12.155459,7.408147,3.981709,3.452765,2.930432,3.060338,1.747316,1.964818,0.873462,0.617566,
3.562275,4.987356,4.112761,3.115706,3.922515,3.826010,3.411314,4.654367,8.146824,4.448340,9.584381,6.722854,3.711706,3.911386,3.678833,3.618947,2.397547,1.097953,0.757557,0.605801,0.420163,
nan,2.432774,3.388729,3.823914,3.636472,3.332678,3.486626,5.700064,5.993474,3.380934,7.875172,5.832609,3.667263,3.780000,2.799515,3.025696,1.527932,1.170079,0.680477,0.347822,0.228242,
nan,nan,2.617048,9.419233,2.544745,4.536474,7.104475,4.094927,2.492173,3.208027,14.414164,5.039924,3.445877,3.141451,2.421697,2.211023,1.496672,0.758156,0.344611,0.553554,0.115928,
nan,2.191978,5.791846,2.304888,4.206784,4.557597,2.920502,2.695419,3.289680,3.287750,2.109017,3.516286,2.752164,2.001306,1.506012,2.481481,1.955631,0.988004,0.645983,0.275464,0.531597,
2.628814,3.076010,2.789104,2.765175,3.012647,2.868172,3.120415,3.152537,4.104455,2.433630,4.063445,2.182145,2.749938,2.616695,2.602959,1.554366,1.316700,1.022946,0.902060,0.444432,6.478973,
2.547467,2.870548,3.766159,3.751053,3.452037,3.462112,4.939584,4.062287,4.651794,2.972316,5.986406,2.642533,3.482002,2.741747,2.107799,2.337982,1.848376,0.988084,0.784098,0.693754,0.375842,
2.661211,2.791070,6.604339,3.159096,2.902752,2.698570,3.651042,3.366184,6.429398,3.017359,3.242597,2.789461,2.777518,2.672957,2.308725,1.570048,1.400973,1.294842,0.887069,0.654465,0.432505,
3.236405,2.676539,3.322384,3.078897,3.098548,3.184063,3.306953,3.085815,3.144644,3.302542,3.153376,4.935627,2.942492,2.699447,2.443176,1.961517,1.337111,1.125244,0.811082,0.644397,0.780919,
2.086705,2.737842,2.792435,3.126784,4.608354,3.071198,4.149930,2.880405,3.102879,2.935967,2.627237,3.340737,3.607324,2.897570,4.079756,1.919052,1.386713,1.182646,1.255790,0.605880,0.581513,
2.513222,2.773842,2.726249,3.014047,5.537922,3.230901,7.197219,2.710768,3.315059,3.046628,3.672616,2.614855,4.171937,2.876719,4.372718,1.697259,1.437072,1.180638,0.763916,1.539508,1.413306,
1.439647,3.252825,2.806575,3.388275,3.882844,5.051956,6.235258,3.152754,3.079853,3.344282,3.711264,2.996087,3.785396,4.154086,2.315995,1.777768,1.584272,1.104207,1.028474,0.528311,0.301567,
1.971088,5.122930,2.512238,3.173582,3.464286,4.408062,5.406529,3.837088,3.498642,3.147423,3.527353,2.967578,2.796138,5.597011,2.511805,2.707067,4.400410,1.980515,1.024502,0.704947,0.527221,
2.789712,3.311744,2.649840,3.834006,2.958243,5.338556,4.640354,3.496095,3.318121,3.184255,3.346827,3.313358,2.727539,3.869129,2.504329,3.277219,4.865979,1.804747,1.148111,0.768558,0.382910,
2.270853,2.576290,3.749425,2.827844,3.044556,4.986663,4.999429,3.335884,2.918172,2.890555,4.002977,3.185216,20.405418,3.114825,2.949283,3.129443,1.887870,1.682763,1.199038,0.937215,0.549209,
2.734294,2.962092,4.684990,3.427907,2.964224,4.764333,8.834894,3.334421,3.171506,3.730824,3.990762,18.813025,3.668685,3.926785,3.267956,2.443596,2.330966,1.887029,1.008535,1.007748,0.353936,
2.278209,2.551877,3.458620,2.897743,3.757249,4.141091,4.271845,3.825371,3.572505,3.522178,15.878684,15.724059,6.059208,3.675376,3.263549,2.834761,1.990844,1.402129,1.409210,0.819697,0.550035,
2.443387,2.621297,3.409290,3.351127,4.505529,7.705016,9.956844,4.130801,3.533833,3.952772,5.535992,6.404997,5.300869,3.414343,3.181121,2.981842,2.802393,1.772479,1.102957,0.614273,0.508453,
3.968325,4.531493,3.539363,3.649131,5.206721,22.611755,7.771666,4.327561,4.393515,6.129986,17.694832,7.498325,4.187484,3.314317,3.837251,2.811146,2.840100,2.102733,1.134557,1.292326,1.220345,
3.178219,5.657382,3.817445,3.388431,5.964345,9.189605,6.357765,4.087003,10.528514,18.501215,4.705894,5.632186,5.577811,3.450502,3.095038,2.973212,3.634346,1.546133,0.934363,0.609678,0.703305,
20.167944,3.145425,3.388844,4.017286,4.768119,4.866966,5.010611,3.714142,5.624661,4.768994,4.064910,9.559485,3.990058,4.169943,3.216094,4.268843,2.378442,1.574098,0.879395,0.552958,0.444261,
2.372532,3.649337,3.073411,3.837878,2.757164,4.182206,3.478067,3.705583,4.032122,5.288256,4.904658,3.820285,5.051679,3.183823,3.150899,2.461283,2.031164,1.302015,1.185444,0.367933,0.577661,
nan,nan,2.631253,3.256060,3.052727,2.645447,4.000887,5.664909,3.717231,3.605986,3.454516,3.142602,5.377992,6.443267,2.483002,2.214067,1.089126,0.818678,0.347621,0.401500,0.070513,
nan,2.074770,3.939115,2.636623,2.546733,2.405937,3.114078,3.118462,14.463574,3.811832,3.007627,1.894605,1.899627,1.828071,2.093325,3.220348,1.630068,2.470350,0.796812,0.984959,0.480682,
2.483510,2.524653,4.449571,3.310661,3.035902,2.578596,4.378428,5.446599,4.097326,3.136510,3.465410,2.721781,2.913495,2.068061,2.666550,2.161199,1.511086,1.208058,0.656943,0.473268,0.509198,
3.846304,2.617726,14.735767,2.853253,2.710340,3.717008,2.893550,3.129706,4.928982,3.081203,2.898912,2.233406,2.849703,3.775608,2.139064,1.845762,1.059056,1.141002,0.763991,0.758268,0.552494,
2.653082,3.038824,3.221158,4.035662,3.183106,3.590855,3.827353,2.841606,2.996693,3.333719,2.633762,3.061588,2.629987,2.951226,2.204130,2.405612,1.442690,1.219661,0.895052,0.476690,0.805771,
2.179825,3.071252,3.085061,3.141829,3.256538,3.054894,3.391298,2.948402,2.926762,3.192912,2.875721,2.894870,3.806783,2.934238,4.874445,2.004154,1.320828,1.164034,1.220176,0.490083,0.510511,
2.825401,2.642697,3.137345,3.370678,2.623450,6.778474,5.063994,2.738134,2.868309,2.863862,2.678973,2.860489,3.164020,3.681540,5.426922,1.817239,1.548963,1.048937,0.806959,0.949645,2.724750,
2.159470,2.394298,3.584949,3.243218,2.484949,5.104269,3.224775,5.724516,2.929262,3.222202,2.972515,3.564695,2.427305,4.800509,2.357744,1.728489,1.518445,1.113249,1.296257,0.583450,0.296800,
1.820473,2.361335,3.697242,3.324323,3.087762,2.853761,4.291720,7.300916,2.860145,3.312683,3.709388,3.502744,2.415773,3.957888,2.223373,2.603943,3.635468,2.065622,1.060436,0.602404,0.558528,
1.645213,3.429029,2.816241,2.963825,3.086231,3.385061,6.452960,3.330021,3.004646,3.321977,3.337793,3.353219,16.921440,2.750113,2.404597,2.144120,1.783415,1.599933,1.164311,0.505189,0.405103,
2.602831,5.612154,2.579790,2.999405,3.275937,3.238877,6.882107,2.839963,3.216668,3.064575,4.679797,3.090558,26.310757,3.856110,2.511689,2.060342,1.522184,1.617233,1.273859,0.994788,0.690938,
3.103714,3.351192,2.791360,3.516613,3.153818,3.055483,6.320964,3.622481,3.382345,3.316256,5.406732,16.830685,5.849894,5.345828,2.731270,2.205997,1.781990,1.390700,1.409101,0.823514,0.498618,
3.246749,2.399997,2.892456,3.421229,2.985812,3.609088,6.638030,4.114999,3.561030,4.429898,4.480613,14.955156,5.274863,4.777694,2.695397,2.802363,2.167544,1.803828,1.632191,1.131780,0.489843,
3.071559,2.983932,4.447775,2.726350,3.112090,4.029576,7.817710,3.391992,4.407554,4.059392,4.567741,3.534187,6.150552,3.017209,3.078057,2.683167,2.835731,2.061811,1.235876,0.665783,0.405078,
1.138948,3.674456,3.995568,4.074506,3.758774,3.957850,3.060637,4.447477,3.819094,3.500242,5.481037,3.984569,5.714168,3.094202,3.785246,2.425761,3.084520,2.229972,1.210590,0.902654,0.507972,
2.595801,2.730799,3.989701,2.948565,4.454997,3.632516,10.066409,3.768566,4.281203,4.396229,4.213975,4.271945,4.764990,3.748775,3.619699,2.936406,2.788989,1.812678,1.080247,0.736190,0.704500,
4.838115,5.301112,3.693236,9.416672,4.376557,13.413193,4.127400,3.942383,4.509095,3.921673,4.320229,4.120436,4.004327,4.124286,3.564327,3.114090,2.532091,1.705243,1.451454,1.011997,0.528645,
1.877734,3.266438,2.771744,8.780334,148.814301,4.547119,5.360228,4.602189,4.358438,4.063029,4.004481,5.389440,3.544553,3.395493,4.032111,3.628971,2.248988,2.219387,2.217785,0.655237,0.446787,
nan,2.175810,2.700139,4.164233,3.240541,4.060288,4.145386,4.552505,3.643465,4.345554,4.570110,3.502163,3.862786,23.712385,2.946672,10.805009,1.478918,1.215351,0.723063,0.419100,0.183969,
nan,1.858779,nan,2.950475,4.030591,10.846775,8.792222,3.963160,3.348830,6.139896,2.405351,2.727131,3.474566,3.680491,2.163054,2.510309,2.880709,1.971544,0.621500,1.388802,0.046763,
nan,2.313813,2.905535,2.572325,3.843499,2.739534,3.739107,7.136851,2.431308,1.953050,2.514308,9.364486,4.473354,1.214053,2.779475,5.038239,9.047515,0.916652,0.468420,0.853322,0.141065,
3.432907,3.110774,4.227566,3.384489,3.223686,4.187902,3.739526,3.777073,4.264402,3.002082,2.952020,5.153216,5.023097,19.408829,1.803745,2.593959,2.737753,0.892066,0.932348,0.508556,0.488635,
3.437807,3.183236,2.611956,6.479372,3.943020,4.238048,3.046603,4.040637,6.154828,2.749663,2.908593,2.881028,2.760136,2.423404,2.193206,1.554730,1.478291,1.097210,0.835948,0.786163,0.338666,
4.006672,3.423425,3.401502,3.276092,2.953872,3.326211,3.043571,3.136974,2.974947,2.695667,3.487503,2.324497,10.847508,2.363777,5.430477,2.250944,1.175923,1.088821,1.014202,0.535609,0.464439,
2.285839,3.803794,3.297528,3.037085,2.939951,10.226740,4.567780,3.130724,2.771438,3.055494,2.635385,2.636558,2.920583,3.517432,7.495378,2.447944,1.459733,1.016660,0.865668,0.717462,2.266200,
1.901596,4.008124,4.029555,5.150126,2.936822,3.409054,3.114979,4.484058,2.923824,2.939623,3.284466,3.380647,2.587740,4.685485,3.278115,1.828531,1.420446,1.146097,0.789409,0.682725,0.377679,
2.183156,5.066790,3.439361,3.744188,3.009475,3.237442,3.863070,5.246196,2.880881,3.214398,4.616047,2.928925,2.707411,4.417926,2.216601,2.475971,3.175388,1.406304,1.521859,0.648399,0.492055,
2.122570,4.594891,7.086973,2.612144,3.032511,3.016926,4.528147,2.597082,3.113064,2.802974,3.691056,3.029981,35.678459,2.789088,2.806971,2.051666,1.607829,1.560623,1.089293,0.520066,0.501123,
1.624307,2.865547,5.444722,2.566337,3.373321,3.426319,2.410589,5.057662,3.134038,2.839390,3.699163,25.291807,18.492229,3.083753,2.134212,1.838765,1.448961,1.510220,1.367822,0.968171,0.410468,
2.112540,5.001812,4.561857,2.685773,3.435984,4.300225,3.353765,5.636228,2.897323,3.566564,4.514386,19.533369,3.583308,4.703159,2.144861,2.187058,1.576302,1.243521,1.270575,0.673151,0.448357,
2.036504,6.712918,2.620789,2.645764,2.831830,6.991673,3.319429,6.135564,2.936310,3.894948,3.621815,3.364156,4.069413,3.402994,2.388392,3.052631,1.779403,1.633103,1.584543,1.136266,0.598848,
3.336531,3.333092,3.268855,3.045467,3.971721,3.144979,2.989249,3.310772,3.637340,3.319556,3.674267,3.294595,4.142663,2.815029,2.568336,2.648352,2.498818,1.528224,1.080857,0.606659,0.523499,
2.353034,3.352496,4.848361,5.697792,2.940978,7.363202,3.688689,3.724141,4.262352,3.472672,3.878252,3.645782,4.154587,3.011084,3.120424,2.529767,2.808952,2.763195,0.968104,0.742962,0.299693,
2.400711,2.765472,4.025541,3.792058,3.271597,4.251577,4.314013,3.725229,4.916320,3.553516,4.225896,4.616184,4.119790,3.394553,3.214498,3.683340,2.507436,1.757649,1.164568,0.773308,0.618618,
3.457410,2.520191,8.135479,3.451357,4.543564,3.859870,3.521367,4.010768,3.854372,4.074424,4.272472,4.167880,3.770961,3.548950,12.718178,2.885417,2.178980,1.816451,1.054119,0.709554,1.750362,
3.013018,8.338028,3.069449,3.643033,3.900252,3.990840,4.067547,4.839762,4.262201,6.009143,7.235567,4.646010,3.237278,3.720707,14.457828,3.161930,7.451180,1.821360,1.259946,1.117536,0.364426,
2.778934,2.797394,2.759170,4.841111,4.768303,3.352342,4.373501,4.035071,5.215717,5.988847,4.914406,5.350527,4.401900,4.411563,6.097650,3.626754,2.230913,1.631852,1.103828,0.829117,0.293935,
1.898371,2.513427,4.236868,2.471202,5.258325,3.056778,3.106471,3.954156,6.510526,5.703483,3.467980,4.602280,4.319424,4.655091,3.657177,5.234614,1.966271,1.662521,1.557149,0.602793,0.316516,
nan,2.233943,nan,5.763096,2.502561,1.963218,2.754550,3.916485,3.887697,3.455509,3.274097,3.758954,4.265970,5.469608,4.930026,2.447182,1.417697,1.710724,0.249485,0.331844,0.235947,
nan,2.581679,4.430558,4.492360,2.131757,2.598566,2.224057,15.671732,2.132382,2.840985,2.343427,4.362720,3.284976,2.708993,1.690617,3.908371,3.270156,0.865852,2.236531,0.834646,0.546541,
3.292892,2.634012,2.949785,3.059230,2.893943,3.582273,3.119201,3.260705,3.562042,3.885005,3.199460,3.273505,2.673876,2.790872,1.947107,1.930467,1.827986,1.000749,0.604565,0.350980,0.266435,
3.067017,3.149856,3.104483,2.940553,2.828513,3.820116,4.483047,3.193996,2.944638,3.647561,2.513983,2.755881,2.423479,2.952804,2.041188,2.126459,1.491854,1.505956,0.881784,0.670911,1.199729,
3.179017,3.049519,3.277539,2.877335,2.844383,16.624729,4.795081,3.260396,3.026005,4.370229,3.038264,3.335243,4.217089,3.187110,2.405857,1.826643,1.377059,1.452480,0.976630,0.640568,0.650125,
4.716658,2.807693,3.508783,14.773035,2.753417,3.053636,3.493993,4.394729,3.054839,2.861669,3.489317,3.424963,2.422991,4.167060,4.193213,2.107834,1.628462,1.136815,0.953855,0.634780,1.393433,
1.982165,3.061711,11.164578,2.754645,2.833044,3.244141,2.625264,6.014054,2.644568,3.486255,3.772728,3.541846,2.658594,4.838184,2.134491,1.651059,3.253618,1.204396,3.456531,0.700175,0.288001,
1.931098,2.879975,9.081267,2.915424,3.092745,3.112534,2.413010,2.806461,2.688252,2.706822,3.061890,3.117444,41.244503,2.905992,3.812184,2.172090,1.548243,2.455096,1.272600,0.528384,0.457359,
2.838282,2.546922,3.263687,2.994695,3.017382,3.021725,2.651621,5.432516,3.289246,2.786576,3.601346,29.375570,5.066854,3.185589,2.079141,1.719116,1.364299,1.218800,1.442693,0.722798,0.429134,
2.780674,3.896157,3.368725,3.372279,3.149540,3.629819,2.550623,4.001266,3.135477,3.020958,4.146457,2.854690,2.557611,4.185487,1.905972,2.376320,1.489591,1.404660,0.698951,0.826097,0.438307,
2.001975,3.062179,3.090873,3.763749,2.912515,5.296836,3.118371,2.561579,3.550552,2.753531,3.552632,2.614617,4.028122,2.915611,2.196877,2.750505,1.775469,1.428851,1.169385,0.901589,0.871324,
2.883750,2.576290,4.212626,3.640611,3.886672,6.555393,2.530464,2.875757,3.886753,2.962494,3.112961,3.082146,3.316448,3.366538,2.634453,4.000393,2.056885,1.945129,1.284373,0.660305,0.651632,
1.434695,5.676863,4.142856,3.668073,4.178158,4.349128,3.217074,3.375694,3.791175,3.400263,3.116766,3.695737,3.663200,3.019948,3.347893,2.481294,1.854867,3.059869,1.030798,0.650396,0.507319,
2.203891,3.649504,3.018722,4.216485,3.438641,3.352482,3.575004,3.681718,5.867685,3.958489,4.001103,3.092023,4.433489,2.981668,2.864427,3.260407,2.244305,1.658196,1.019393,0.713053,0.488014,
4.598019,2.923473,3.002165,3.644815,3.449972,3.459641,3.658790,3.706444,4.539577,4.588017,3.717954,5.522082,3.989230,4.525962,3.188680,16.735205,2.102023,1.556449,0.960989,0.694598,1.419752,
3.230033,3.344939,8.454658,7.898640,4.250997,2.688372,3.625380,3.597426,4.391850,4.160136,4.844060,5.736976,3.546073,4.281856,3.483957,4.729080,4.217220,1.629581,1.379570,1.220404,0.686532,
6.686317,3.094298,2.558571,3.765359,4.152650,3.880845,4.191920,4.117671,3.175219,3.845821,4.175831,5.156337,3.696021,6.584439,3.251840,5.376744,3.544163,1.610718,1.018157,0.606905,0.462092,
2.092197,3.154145,5.089365,3.900851,3.762645,3.438032,4.569278,3.330666,6.047977,4.477672,4.870706,3.821875,7.863985,4.956773,4.060755,3.285600,4.363330,1.705224,1.445849,0.612844,0.342771,
nan,3.438716,3.077212,3.207606,3.902369,3.247192,4.284557,3.379217,5.249047,5.956139,7.922371,5.207541,4.060647,3.371514,3.102540,2.245668,2.354838,1.998188,0.844743,0.432156,0.301421,
nan,1.906036,nan,68.570496,8.843045,4.105281,3.786230,3.013896,5.178135,8.603927,4.053467,4.578482,2.796107,5.236513,2.837256,3.383115,1.200153,0.781625,0.576615,0.295119,1.176835,
nan,2.106513,4.256314,2.730285,2.729056,5.050272,4.697942,9.620194,3.170665,2.760376,1.530616,4.860576,6.524602,2.154701,2.770962,1.544513,1.201117,0.854303,0.845022,0.307701,1.137873,
2.897738,3.201073,5.989409,3.038898,3.138994,3.168795,2.629009,3.122713,5.810641,2.677345,2.748353,2.709922,8.045839,3.279148,2.450905,2.200210,1.513789,1.014216,0.669563,0.608840,0.781403,
2.159867,2.785014,3.421155,3.543235,3.020274,3.793321,3.222837,3.157511,3.950266,2.665075,3.169129,3.136484,4.685603,2.525997,1.937156,1.615211,1.831846,0.996139,0.930443,0.575466,0.283078,
2.664234,2.951891,3.204864,13.588198,3.170002,3.184727,3.027218,3.365479,2.512314,3.166003,2.555742,2.873392,2.684429,3.464244,16.869270,2.509721,1.341063,1.029863,1.027335,0.803487,1.214474,
2.338973,2.787221,2.633893,3.063724,3.057326,3.072343,2.936589,6.023711,2.536773,3.496130,3.929966,3.130811,2.556307,4.528129,2.769988,1.671228,1.797689,0.966908,5.513653,0.487634,0.416698,
2.203753,3.104284,2.729502,3.224500,3.411811,3.365558,2.545059,3.152511,2.785075,2.635119,6.455876,2.818819,47.119926,2.838630,8.850870,2.216980,2.132021,1.264321,1.048078,0.566476,0.519681,
2.818784,3.423109,2.754695,2.797050,3.287092,3.043535,2.982207,4.941686,3.046456,2.949704,3.688335,37.354790,5.584108,3.149642,2.533295,1.756324,1.352227,1.142102,0.817284,0.592437,0.589682,
2.240854,2.233195,3.114372,2.938360,4.480060,3.218764,2.926485,2.683823,3.445947,2.884167,2.993145,2.707785,2.469331,3.610766,1.904662,2.657102,1.604412,1.641440,1.465052,0.740388,0.424758,
5.036584,2.271682,2.591853,3.888933,5.918533,3.115786,2.323928,2.407112,3.235337,2.784679,2.911307,3.198344,3.196856,3.973941,2.609616,2.033462,1.577567,1.466803,0.777148,0.757033,0.346656,
2.419183,3.098839,2.717188,6.668732,4.786911,8.202646,3.411530,4.853370,3.096180,3.903973,2.886673,3.181038,3.338524,3.216267,2.342793,2.351045,1.813852,1.711534,1.012266,0.976492,0.891383,
2.271925,2.959491,2.575586,6.747139,9.101038,12.508818,4.162641,3.635172,3.461267,4.192847,2.992230,3.408882,5.530916,3.168411,2.739151,2.550410,1.827309,2.472672,0.970042,0.598806,0.516245,
2.674299,3.651859,2.467669,4.649363,5.452093,13.987501,3.590303,3.106230,3.734152,4.970523,3.634264,3.694699,4.967358,2.735762,2.668120,2.749104,1.953628,1.960308,0.890056,0.589775,0.344607,
2.976919,4.459349,3.730046,5.550725,4.718043,8.752158,3.438397,3.214234,3.604022,4.262175,4.163164,4.530997,3.333074,3.035734,3.820012,16.361950,1.986235,1.611993,1.032525,0.650407,0.459311,
2.552256,3.099137,4.610911,4.643551,5.726246,3.229198,3.360450,3.496395,4.288496,3.758501,3.772422,4.454280,2.946828,3.360686,3.390474,2.782137,2.015892,1.877812,1.299056,0.834491,0.908548,
2.983325,4.034905,3.394585,5.156678,7.222929,3.418975,3.922435,3.984897,4.744878,3.454061,4.673482,6.124252,4.405570,4.416927,3.656520,3.198729,4.098915,2.555398,1.080005,1.866699,1.551247,
3.020969,10.752516,4.248407,4.221379,4.205019,4.656571,3.611999,5.132748,11.802877,3.420017,4.761611,4.783926,3.158305,3.901639,3.496889,4.524706,1.901195,2.613434,1.400708,0.840512,0.501583,
3.377140,5.941306,4.318959,3.929159,2.840424,3.742340,3.994532,4.439832,4.106536,4.652514,3.698222,5.569280,3.160350,5.045380,3.267341,2.618718,2.195748,1.891383,1.471742,0.683051,0.286059,
2.887378,4.482784,3.434726,3.568783,7.731976,4.543197,3.951514,3.439724,3.067343,6.779506,4.380769,3.785465,3.201569,4.414984,3.425677,2.189358,2.079705,1.924852,0.942961,0.549697,0.502774,
nan,nan,2.151763,3.713883,2.296634,6.245762,3.156244,3.394801,2.711805,4.005770,2.832638,8.333269,3.047864,7.331727,2.394165,128.696365,1.491861,0.879803,1.040525,0.225856,0.112900,
nan,2.028611,4.628792,2.376253,2.926974,4.633926,2.090958,4.527136,2.611707,2.548321,1.949804,3.998721,1.790244,2.027615,2.173017,1.229571,1.388677,0.687681,0.570648,1.176963,0.956379,
2.394520,2.629252,21.740574,3.125916,3.121356,3.642054,2.875216,3.347397,7.676265,3.202351,3.142092,3.557105,2.847366,3.159318,1.957069,1.597643,1.048562,0.863492,0.809492,0.562506,0.500699,
2.678298,3.274207,3.242790,2.703251,2.955734,27.652933,4.479542,2.982125,3.317986,3.220577,3.821800,2.546616,26.155680,2.324761,1.926199,1.756317,1.297553,1.090824,0.946859,0.567265,0.372852,
2.446399,2.784262,2.653206,3.034208,2.824779,3.105097,4.125522,4.935021,3.346958,3.271732,4.034990,4.151174,2.646514,3.814713,2.128473,3.964831,2.923530,1.102504,1.297315,0.542152,2.659111,
2.782076,3.215380,2.789937,3.197034,3.596818,3.253923,2.806157,3.263656,2.955665,2.709617,13.327382,3.509948,2.421453,3.451793,3.291477,2.350360,4.477530,1.130388,0.781239,0.697180,0.423482,
2.943416,2.716283,3.102284,2.851518,3.974940,3.528731,3.422036,4.665842,2.772278,2.938694,3.126071,7.520934,2.896637,3.256728,2.165160,2.311135,1.623974,1.356230,2.506346,0.604862,0.437945,
2.280762,3.105412,3.265933,3.065942,11.775682,3.165584,2.577872,3.817545,3.493588,2.668360,2.738545,2.713858,5.373452,2.095911,1.921554,1.777894,1.992909,1.384533,0.886099,0.579107,0.347314,
2.343755,6.279399,3.486988,2.987548,8.692150,3.825665,3.544737,2.807767,2.959663,3.166962,3.057726,2.582553,3.024372,5.393472,1.925401,1.758856,1.562608,1.244899,1.059938,0.895749,0.870935,
1.839868,2.700775,3.362717,3.114544,3.294941,5.516598,4.402241,3.857720,3.298322,3.324624,3.615156,3.187031,3.561045,2.898344,2.150471,2.341525,1.682177,1.162099,0.985997,0.681761,0.812297,
2.349761,2.471507,3.483581,3.272396,4.691675,6.756340,3.175018,2.801717,2.863939,3.523640,3.088832,3.369120,4.352537,3.423302,2.453317,2.705118,1.795147,2.400480,0.895013,0.603293,0.452216,
3.028144,3.058329,3.061582,3.943617,4.588514,3.793244,2.798978,2.587116,2.897965,3.652805,3.273746,3.703223,4.346709,2.367764,2.367857,2.304152,1.747699,1.711131,0.832890,0.632727,0.384771,
2.133761,3.324399,2.942020,3.735636,4.409020,3.477892,3.526189,4.137551,3.478413,3.994534,2.949176,3.879662,3.521255,2.846765,3.007196,18.243359,2.375597,2.046176,0.980325,0.550180,0.383583,
4.570285,5.003339,3.261204,4.010013,4.317801,3.950194,3.297533,4.184030,3.338291,4.645821,3.164454,3.848159,4.197588,2.716231,3.505842,2.127218,2.312214,1.633169,1.269802,0.890706,0.856245,
2.574526,3.555821,3.974893,5.341682,3.803963,3.709020,4.884760,4.011122,3.960396,8.155554,3.354097,3.707703,5.786775,3.424148,3.576529,2.350240,3.352605,1.463677,1.112805,1.217220,0.540435,
2.516258,2.807606,3.835582,6.222540,3.608044,3.477718,4.590999,3.466827,3.857445,3.776596,3.628699,3.599465,3.771161,4.002019,3.127039,4.736166,2.373240,1.726248,1.163339,1.175218,0.951959,
3.073834,3.860747,4.078829,8.087789,4.112996,4.001377,5.436903,3.479608,3.999035,3.182571,4.458617,4.388803,3.317684,3.638866,3.911245,2.982048,1.941803,2.361882,1.344243,1.204484,0.499187,
1.657391,4.019016,4.608293,4.835947,3.293705,4.833511,4.086833,4.486092,4.081786,3.534975,17.319407,6.429724,3.542030,5.483941,2.736818,2.312408,4.270585,1.652766,1.413981,0.847592,0.615495,
11.076360,10.705382,5.999717,6.306612,3.235067,3.262480,6.160176,10.739670,3.617369,5.169202,5.732656,3.589683,3.605099,4.538136,2.620962,1.959502,2.190701,1.372997,0.613898,0.358522,0.753332,
nan,nan,2.553802,2.262928,nan,2.256929,4.893646,1.976391,3.753091,3.894888,2.650683,3.588766,2.189414,2.339255,2.123312,1.550740,1.292160,0.432855,0.688225,1.393036,0.049834,
nan,2.345281,2.499410,3.244938,2.884963,2.291831,2.273293,3.708401,2.549525,4.348939,3.878351,2.793193,2.774398,1.639241,2.602689,1.276135,1.120389,0.528801,0.711307,0.538768,1.207405,
3.472329,3.447827,2.870263,3.668978,5.029538,3.163068,5.545813,8.601084,3.326053,2.334352,3.257771,2.705696,2.460480,3.076158,2.928786,2.087242,1.337221,1.093744,0.703656,0.491012,0.380854,
3.221522,5.324345,2.827243,3.454178,3.261077,4.713943,4.151309,3.564947,2.940714,5.457138,3.033679,3.609288,7.970526,3.664771,2.772380,1.741836,1.357272,1.737778,0.997998,0.560485,0.376798,
3.025662,6.468481,2.892195,3.429272,3.335749,3.008384,3.145011,6.417663,2.696868,3.127919,2.645818,2.537381,2.557873,5.886995,2.131161,1.419832,1.300568,1.124555,0.688106,0.605376,0.233291,
3.000532,3.701575,3.603679,3.426246,3.061194,3.168861,3.221372,4.582430,3.013467,3.235617,3.791875,3.958834,52.913544,3.204335,12.269574,2.470586,1.583679,1.120322,1.378007,0.567743,0.525677,
3.503194,3.047780,3.375354,3.405662,12.211832,3.943624,3.021650,3.521064,3.090283,2.944951,2.842169,4.151813,51.584396,2.458920,1.863893,2.197989,1.748565,1.301816,1.024150,0.551439,0.481586,
2.389344,2.618395,3.239792,3.019298,3.282118,3.764448,3.073275,2.824186,2.929940,3.203813,2.915903,2.558406,2.345119,5.025491,1.948755,3.274571,1.328613,1.487748,1.869592,0.721137,1.331378,
2.718403,2.924809,3.115834,2.945208,3.047344,3.846404,3.089957,2.917639,3.169611,3.849940,2.907120,2.849203,3.644045,2.636617,2.318789,2.328422,1.797126,2.406312,0.825513,0.748283,0.452512,
2.489229,3.241683,3.427797,3.071772,10.535998,4.500292,3.302072,2.352686,2.804667,3.492936,2.906936,3.315326,3.539063,3.343048,2.167886,2.332602,1.748613,1.920402,0.875791,0.856543,1.247715,
4.189358,5.480596,2.799421,2.920805,7.195146,3.659334,2.873390,4.541295,2.837105,3.788831,3.159460,2.897960,3.604013,2.393637,2.100221,1.917503,1.725963,1.951367,1.095047,0.666308,0.445783,
2.560683,2.657816,3.184870,3.222490,5.293545,2.880857,2.790248,4.539144,3.695885,3.831738,2.746908,2.856839,3.280829,2.543469,3.018701,18.036198,2.802087,2.014201,0.903108,0.511293,0.389081,
3.024947,3.204338,3.124348,3.892448,3.535112,2.758986,2.463470,3.292572,4.290590,4.197758,4.253828,3.146626,5.246585,2.620668,3.729795,6.700001,2.281048,1.356552,0.897349,0.680010,0.338656,
7.948456,3.910210,4.725922,3.132900,3.703360,2.970200,3.476781,3.437163,3.816570,4.104084,3.523814,3.453007,6.154291,2.756723,3.011736,2.189223,2.968078,1.398481,1.205534,0.914125,0.352817,
2.732089,6.192689,4.690070,3.606472,3.719917,2.584097,3.775297,4.226314,4.860447,3.469745,3.443447,3.257871,4.114045,3.784436,3.093591,3.098391,3.022976,1.834580,1.152252,1.574003,0.374048,
4.958601,4.662101,3.476161,6.615047,3.683636,2.987798,3.836066,3.965545,7.990101,3.269475,3.934628,15.849859,3.707949,3.634763,4.665221,2.961472,1.971809,1.961051,1.394704,0.544317,0.557757,
3.191135,3.204967,5.210339,4.658308,4.371964,3.335549,3.570998,11.641626,4.280817,5.422083,3.818963,10.648530,3.887904,4.178484,4.182132,2.518897,1.789954,1.916394,1.668411,1.089579,0.487812,
2.718648,7.356725,14.609177,5.431462,2.674329,4.770473,3.156177,7.287219,4.631445,3.946749,3.942104,4.135382,3.945773,4.222096,3.098158,2.628307,2.961970,1.797189,1.457694,1.194628,1.418754,
3.057384,2.680054,2.602419,4.053763,3.568992,3.822639,3.669632,3.412212,5.497739,4.508150,9.623496,3.509167,4.141025,3.865238,3.942387,2.344504,1.872571,1.055499,0.551166,0.393002,0.326824,
nan,3.182269,4.234312,nan,6.079218,2.051286,20.864727,2.190094,2.854474,13.960816,4.252455,2.527454,2.528571,2.896571,2.580724,1.586161,1.172942,2.619729,0.403373,0.361565,0.213119,
nan,2.991182,2.637398,3.649536,3.517719,3.756021,4.022678,4.866631,21.684772,4.262829,2.394517,2.457906,2.383173,2.010921,2.237007,1.393289,1.656398,0.643074,1.533238,0.350085,0.439624,
2.592812,2.746183,4.194835,5.308396,2.897114,2.672678,3.646485,3.629933,3.381073,2.869498,3.144179,2.503130,2.934790,2.235359,2.045329,1.822879,1.187284,0.921972,0.752846,0.437444,0.447315,
2.371483,4.450322,2.773323,10.188807,3.336168,3.355217,2.548319,3.105510,2.386620,4.136765,2.516624,3.325536,2.685624,4.635803,23.735128,2.535911,1.415211,1.094820,0.904990,0.918258,0.561790,
2.140426,3.283027,3.686796,2.918831,3.350443,3.022912,3.070929,4.289372,2.869269,2.766451,4.427160,3.262082,2.425056,3.606216,2.113228,1.649525,1.449464,1.047961,2.253302,0.594810,2.221974,
2.512435,3.736926,2.868549,3.567963,9.921344,3.376438,4.336180,3.212792,2.526954,2.733890,3.221091,3.454822,2.667729,3.205794,2.157926,2.047377,1.824252,1.935246,2.280604,0.693248,0.306915,
2.833572,3.155548,3.097626,3.075812,3.465664,3.091236,2.578442,2.587547,2.881043,3.112117,3.180089,4.742807,3.589782,2.924913,2.067270,1.709615,1.552676,1.381025,0.760348,0.569590,0.386828,
2.399307,2.518945,2.837204,3.336908,3.634594,4.920213,3.301709,3.124001,3.056083,2.747652,2.722641,2.600240,3.723196,2.613624,2.025079,1.766787,1.804588,1.585123,0.744538,0.662029,0.649018,
1.935245,2.479107,2.973211,3.268830,21.988392,3.024430,2.956874,2.552089,2.850902,3.774302,2.905034,3.826740,3.201852,3.775436,1.934371,1.842821,1.477839,2.507662,0.751354,0.707195,0.552858,
1.714509,2.454693,3.268761,3.298042,2.740498,2.979742,3.105827,3.536434,2.911342,3.521266,2.879060,3.055267,3.109506,2.354613,2.071456,1.792357,1.976755,1.830057,1.067326,0.727626,0.462746,
2.750610,3.595484,3.901828,3.420312,3.203011,2.945112,2.435689,2.853490,2.648759,3.247514,2.981088,2.674098,2.563504,2.488335,2.743499,18.302021,2.868085,1.537874,0.749880,0.649649,0.452316,
3.109348,3.892432,3.818885,3.541154,3.524619,3.162918,3.110120,3.534085,2.829705,3.242573,3.977234,2.723576,4.673013,2.643711,2.124149,7.406397,2.144937,1.327408,0.873353,0.611048,0.392369,
2.108022,3.405719,3.323670,3.634642,4.030623,3.580683,3.462258,3.350562,3.695512,3.439428,3.325702,3.418009,4.025583,2.608217,2.624932,1.926145,2.217796,1.566390,1.800773,0.733253,0.402780,
11.596684,3.839415,3.727350,4.091708,4.176434,3.235254,3.349319,3.411223,5.495039,3.847514,3.196475,3.049724,4.204697,3.032547,3.095474,2.333079,3.053088,1.601030,1.381506,1.006762,0.368216,
4.579578,3.847479,4.625791,3.802760,3.603715,3.104295,3.341772,6.120914,4.315964,4.002654,5.469132,12.509799,3.741476,2.806553,3.270686,2.992841,2.641911,1.326298,1.471313,1.027486,0.454414,
2.079309,9.403761,5.078048,4.259397,3.811170,2.946129,5.491556,5.304213,3.880604,4.704432,7.701377,3.836131,3.641009,4.420159,4.143986,2.949327,1.863188,1.563426,1.437299,0.678874,0.393540,
3.265866,2.768797,5.013484,4.978525,3.428472,4.144596,4.041289,3.511999,4.608566,5.048090,3.263414,3.910800,3.003170,4.312343,3.179268,2.156163,3.081099,1.471665,1.902135,0.684361,0.674012,
nan,3.637836,5.677457,4.180527,3.015175,2.800124,7.190004,3.626208,4.141596,4.941661,3.628553,3.520437,3.419433,3.582189,2.603476,2.449044,3.026630,1.555064,1.299397,1.919888,0.986619,
nan,3.015337,5.526628,3.663519,3.874275,3.247970,5.030402,9.097496,3.869278,3.839559,2.989186,2.570954,3.428091,3.155443,2.719900,2.513102,2.235066,2.291370,0.819533,0.652756,0.223888,
nan,2.104774,2.430295,3.147194,2.878492,nan,2.953236,2.471914,5.110186,1.857511,2.893064,5.893517,4.395104,2.499562,1.317209,1.585421,1.122955,0.894601,1.620839,0.246401,0.402190,
nan,2.392028,4.162143,3.228523,3.758062,2.924081,2.704935,3.170941,2.611288,2.289387,3.022478,2.620163,2.322041,1.929192,1.455783,2.053700,1.901283,0.579670,0.730398,0.346854,0.266091,
2.484157,3.008707,2.985250,3.401946,3.041221,6.862704,3.384355,4.098687,2.851571,4.043745,2.457475,3.261195,2.193248,2.957445,1.907123,1.601182,1.346725,1.499420,1.384719,2.651459,0.814659,
2.188574,11.186303,3.308747,3.355364,2.601632,27.396616,3.416046,3.284429,2.972903,3.845407,2.780735,4.252052,3.352697,2.884639,9.399843,1.869305,1.256775,1.225327,1.068469,0.776198,1.440097,
2.559500,3.325845,2.861171,4.118650,3.224210,2.924759,2.503719,4.482026,3.003270,2.944321,24.522923,3.011568,2.698066,2.495838,1.853484,4.200564,2.767080,1.303702,0.764655,0.689909,1.859698,
2.034807,4.070535,3.430120,3.080605,4.710484,3.350724,2.732220,2.645234,3.212588,3.420449,3.063256,4.479822,123.211571,2.285229,2.306040,1.866819,4.089090,1.089790,0.757047,0.551778,0.643737,
2.479334,4.171583,2.941653,3.736726,3.756014,3.578605,2.922002,3.689360,3.277789,2.832680,2.880340,2.592104,2.569893,4.624723,2.041540,5.304962,2.110756,1.249737,2.127001,0.674579,0.732058,
3.189598,4.590705,3.510075,3.253543,63.934029,2.822414,2.836367,2.909792,2.771862,4.135884,3.350281,3.134656,3.129395,2.713665,1.845860,1.834406,1.567520,1.251846,1.098989,0.963572,0.854272,
2.480436,2.917760,3.404567,3.254061,2.942140,2.668931,2.841407,3.204085,2.722180,3.369611,2.848165,3.423919,2.698525,2.934473,2.029349,2.247316,1.549706,1.177105,0.840840,0.713631,0.563461,
3.206363,2.692260,3.778815,3.856510,3.171458,2.996405,3.246501,2.962735,2.719926,3.178852,2.842198,2.498991,3.047225,2.809994,2.413678,1.852944,2.075180,2.076994,0.800030,0.750137,0.549601,
3.495795,2.613706,3.494047,3.618879,3.531117,3.165639,2.977474,3.103103,2.608952,3.240452,3.257168,2.444437,2.583718,3.041058,2.159017,1.990897,19.645159,1.556700,1.071364,0.690677,0.606606,
2.528388,3.237160,3.365203,3.878568,3.503762,2.790167,3.045594,3.371021,3.365692,3.438715,2.816513,3.055500,3.343884,2.433304,2.838845,2.474230,1.995090,1.481033,0.857391,0.871165,0.283024,
1.860310,2.696222,4.052726,2.798314,3.195887,3.919310,3.353379,3.753501,3.785426,3.908003,3.095928,2.853447,4.335290,2.691133,2.877540,2.044970,2.384022,1.292602,0.902043,1.119530,0.333520,
2.482416,3.221134,4.326506,4.014751,3.585072,4.034348,3.418723,4.981236,4.058245,3.783623,7.732808,7.353664,3.827044,2.944298,2.803230,2.658305,2.987693,1.995671,0.965582,1.274721,0.577132,
2.185824,3.966451,4.281336,3.386638,3.443538,3.402683,3.367596,3.099458,4.385933,4.206321,11.697386,3.833676,3.638099,4.847899,3.241938,2.783983,2.359380,1.338832,1.514284,0.616171,1.125982,
3.472186,3.160467,5.889183,3.749762,3.532274,3.825819,3.502677,3.735485,5.879610,4.367318,18.633688,3.873208,3.200032,3.188085,3.080894,2.633660,1.876038,1.257350,1.016042,0.915725,0.359090,
3.416635,5.291387,3.670809,3.068254,3.004769,3.918417,3.631895,4.080120,4.129722,6.046098,4.023428,4.427590,2.921030,2.960070,3.390326,3.021855,4.185973,1.753417,1.728418,0.735375,0.666058,
2.561811,5.108074,19.276325,2.698482,2.934540,5.768538,3.163824,3.915973,9.537853,18.952642,3.045532,3.298975,2.819005,3.564113,2.661156,1.925150,1.698481,1.385766,0.978611,1.263116,0.301211,
17.944447,10.024065,2.668966,2.569707,3.065510,3.228116,3.086603,3.483850,4.711679,13.766246,4.925992,3.053212,2.975293,3.418756,2.740602,1.826042,1.503275,2.522693,1.553777,0.620410,0.694495,
nan,2.406878,nan,6.959611,4.909813,2.551499,nan,4.597305,nan,3.442949,8.320581,2.732076,3.623377,1.946577,1.538916,1.365816,1.060481,1.192623,0.573070,0.202877,0.100717,
nan,2.825482,9.910298,2.589684,2.479624,2.906698,7.375194,3.201112,2.458382,2.475006,2.245877,4.254352,2.469388,2.060737,1.783479,1.292010,1.659949,0.821728,0.834518,3.049990,0.330421,
2.594211,7.648276,3.811320,3.536088,2.889496,2.932141,5.519539,3.774368,4.750187,5.350507,2.469533,3.631329,2.206624,2.373937,1.869296,1.813632,1.551307,1.019906,0.766453,0.357443,0.349268,
3.107019,3.092252,3.084178,2.939013,2.938263,3.167974,3.472105,8.666030,2.981773,3.215194,4.781572,2.883505,5.573570,4.012734,2.048344,3.868288,1.759694,0.851448,0.913425,0.575847,0.733804,
2.158338,5.901886,3.306414,3.146659,5.101458,3.284451,3.053391,3.082678,2.747758,3.512327,2.704574,4.234206,3.267069,3.466972,6.375167,1.914455,1.747724,1.052253,1.052538,0.498128,0.493314,
3.443427,4.016192,2.869181,3.953789,3.728413,3.278101,2.667047,3.421863,2.904108,3.163224,2.879506,5.313225,3.650331,2.326031,1.986392,2.250908,1.551243,1.345510,0.718807,0.616127,0.440391,
2.302119,4.226835,3.033865,3.699635,9.870873,79.497154,2.690891,2.683609,2.861381,3.463668,2.845291,3.059463,3.789184,2.725032,2.119371,1.994325,1.972941,1.989611,0.904339,0.529760,0.250772,
2.784332,3.997698,3.115429,13.074687,3.519997,2.693587,2.859059,2.942767,3.031180,3.311806,4.176678,3.344073,2.872420,3.418418,2.112488,2.000733,1.427414,1.908024,1.094812,0.564532,0.637948,
2.667494,3.981415,3.081506,7.009350,4.438601,3.220567,2.436899,3.629145,2.777803,3.289605,2.750633,2.450739,2.993967,2.621279,2.210019,2.517680,1.975672,1.902498,0.946252,1.036852,0.766534,
2.658922,6.234808,3.340816,5.855171,3.434020,3.323424,2.586114,3.178290,2.809739,3.296139,3.064193,2.550719,3.037113,2.503941,2.343601,2.184850,2.223643,1.495221,1.029390,0.793356,0.377739,
2.285356,2.926130,3.411980,4.063338,3.119847,3.303843,3.211479,2.674067,3.966420,3.301178,3.408800,2.441119,3.076885,2.272551,2.151127,7.106061,4.508342,1.658559,0.797592,0.684969,0.465457,
2.986560,2.758293,3.690356,5.143019,3.652795,4.038275,3.262583,3.248080,3.557445,3.332604,2.941366,2.810530,3.806699,2.730595,3.137539,2.334707,1.850213,1.216388,0.792072,0.658188,0.317940,
4.869081,3.337928,3.946390,4.286505,4.344983,2.753878,3.665562,2.961680,3.649271,4.366922,7.642968,2.893698,4.830462,2.791213,2.926269,2.402364,2.533317,1.615719,0.873906,0.734847,0.451555,
2.397182,3.112069,4.954121,3.672992,4.762014,3.935670,3.665309,3.887194,3.268234,3.984742,3.683286,5.643078,3.311148,4.942034,2.563415,2.833997,3.024490,1.511445,1.088616,0.766938,0.409846,
3.558842,3.214566,6.444908,4.626738,3.876822,3.769467,4.169453,5.216971,3.907738,4.505617,4.935519,2.835853,4.685381,3.563865,3.267996,2.757824,3.641665,1.635661,1.369177,0.570626,1.039184,
3.160578,6.203728,5.631602,3.138924,3.812976,4.308242,4.179031,4.544068,4.622008,5.031301,4.635498,3.383615,3.266721,4.161951,3.066247,2.658858,2.836542,1.387384,1.306569,0.817742,0.340987,
1.774075,3.270802,3.271422,4.201128,3.804235,2.987118,4.782753,3.413251,6.383473,3.894733,3.772579,3.349525,3.238271,3.135523,3.626794,2.194634,1.869235,1.991259,1.251366,0.838141,1.200133,
2.424691,2.529289,4.770424,4.589128,3.968385,3.563009,3.513702,9.696556,4.687303,3.480712,4.615036,3.742017,5.892389,3.086524,3.003639,1.972588,1.636467,1.243539,1.624586,0.759238,0.270519,
2.943099,5.433325,5.769327,4.029078,2.646743,3.176874,4.814179,4.893747,4.653131,6.696595,4.760569,3.391056,3.629669,3.842679,3.551443,2.176544,2.650476,3.337266,0.817473,0.550631,0.696308,
nan,nan,nan,2.017742,1.468495,2.669597,2.840304,9.722502,3.384309,3.076809,4.410281,5.218327,3.582289,3.011814,1.671313,1.398895,1.121862,0.959953,0.916938,0.654661,1.135084,
nan,3.381240,2.321600,2.608172,2.951649,2.995167,6.116024,2.357600,2.001150,2.609527,2.525130,2.286178,2.189587,1.629029,2.245847,1.121421,2.671770,1.013830,1.797242,0.603132,0.620239,
2.610282,3.301208,2.794672,2.997238,2.516758,3.232637,3.686701,3.939722,3.270500,3.007841,2.947400,3.216208,3.252743,1.968655,1.941192,1.771132,1.444102,1.339989,0.683227,0.537292,0.306431,
2.524000,4.791172,3.798037,3.871882,3.766330,3.211323,3.477463,4.570906,2.833426,3.205908,3.139088,3.177690,3.438021,4.310945,1.690747,1.692925,1.452473,1.153642,0.816646,0.550883,0.640972,
4.177940,3.525754,3.495319,4.172117,9.215319,2.852231,3.585252,4.116225,3.974786,2.815938,2.553551,2.805424,2.208971,3.215507,2.354918,1.524676,1.685025,0.907718,1.557896,0.508783,0.357148,
2.533865,3.526382,3.055763,4.007533,4.017957,68.056847,2.608447,3.538671,2.958386,3.203354,3.602067,2.638894,2.954645,4.622880,2.063885,3.003163,1.437183,3.752446,2.164086,0.717316,0.359343,
3.845491,3.760973,3.061570,26.918962,3.351079,2.742748,2.962107,2.888000,3.575936,2.801500,4.112261,2.430568,3.320757,3.426715,2.048004,5.145162,1.653483,1.459772,1.962823,1.428963,0.404773,
3.668417,2.573299,2.767433,3.482383,5.530879,2.953292,2.571656,2.491256,2.596404,2.651976,2.688644,2.585407,2.958406,2.739026,1.988797,1.840162,1.769081,1.186312,0.690011,0.811294,0.529981,
12.470199,3.097383,2.954221,4.572792,3.020675,3.074419,2.593387,3.175175,3.045885,3.368661,2.796120,3.438178,3.139934,2.273080,1.969079,1.664973,1.438174,1.741839,1.061682,0.604905,0.736707,
3.372352,3.104550,3.300501,2.710114,4.770708,4.039259,2.731293,2.797789,4.959923,3.122249,3.660254,2.430087,2.953656,2.257244,2.340730,2.505644,14.536103,1.876265,0.763464,0.934784,0.499782,
2.053967,4.032428,3.356758,6.017368,6.478390,3.701530,2.918308,2.711050,3.621584,5.603971,2.817127,2.894993,3.529561,2.522800,2.428305,2.649576,7.431629,1.601540,0.839837,0.680622,0.619301,
1.982430,3.622050,3.870201,11.354527,4.458932,2.744281,3.754946,2.952139,3.167186,4.825199,5.515483,3.553566,4.545852,3.132041,2.649209,2.385687,1.880411,1.211416,0.982672,0.869880,0.349780,
5.344040,3.390265,5.767419,3.451468,3.689034,3.315006,9.697955,4.580617,4.096683,3.436218,3.075100,4.303617,3.675249,2.648124,2.388498,2.468471,3.614320,1.866061,1.170986,0.788238,0.863933,
4.820961,2.851236,3.122393,4.098518,3.739966,4.006818,10.226106,5.349678,5.156581,4.432798,4.498709,2.958194,3.752228,6.594482,2.481254,2.110737,3.272289,1.615856,0.919205,0.706557,0.349454,
2.410892,3.279628,5.722837,4.715782,3.220989,4.502866,4.204855,4.641637,6.386887,3.867085,3.813901,2.877819,2.963814,3.147190,3.696796,3.792022,1.978601,1.451046,1.550263,1.279806,0.840330,
4.150543,4.612987,9.958184,4.894955,3.645615,4.065884,10.290560,4.938282,3.576631,3.018428,3.997256,3.319438,8.262186,2.256419,3.525423,2.324241,3.098062,2.424817,0.932835,1.441652,0.364800,
2.704705,3.783959,6.214821,3.576942,4.566842,4.620618,3.568128,3.544830,3.415845,6.173543,5.947821,3.227291,6.729323,3.770999,3.094267,1.878582,1.586528,1.356264,1.223696,1.158227,2.046913,
3.227779,65.535767,5.958920,4.089474,3.875209,2.970039,7.965662,5.381464,3.556352,3.118077,3.292287,4.321603,3.592271,3.734117,3.640774,2.817275,3.038263,2.134936,1.333795,0.957074,0.734603,
2.220492,2.181601,2.232415,3.718763,4.406965,3.339904,5.165465,4.989046,2.698987,3.633172,10.219311,4.664065,3.416162,2.942724,2.884456,2.252476,3.311164,3.766748,0.795912,0.763387,0.401715,
nan,2.281962,29.012474,nan,2.990734,nan,1.962652,2.138271,3.176708,2.249528,2.571500,3.235143,4.064593,2.986329,1.856511,1.689785,1.028064,0.996466,1.226560,1.107150,0.352542,
nan,1.822068,3.323677,2.179619,2.316761,2.628806,4.561349,5.257171,2.461787,2.510157,2.570570,3.215567,3.186342,2.061495,2.193902,1.256645,1.470226,1.522172,0.704282,0.401274,0.177088,
2.038656,2.546141,2.737564,2.647000,3.782779,4.362173,6.135664,3.078670,4.779780,3.312555,3.483013,3.149666,2.527832,2.985399,1.928504,2.581969,2.175121,1.307325,1.078607,0.789370,0.491051,
2.254566,3.593006,3.104035,3.564628,3.076836,3.274534,2.935458,3.148876,3.513895,3.033540,21.378771,3.573412,2.880686,4.621272,2.390349,1.538343,1.368605,1.036186,0.912838,0.573337,0.290527,
2.194364,3.468189,3.120551,3.442756,3.457769,3.168898,3.196431,3.539280,2.891402,2.858078,5.100751,4.251463,74.214561,2.214049,2.247685,1.687391,3.177609,1.161466,0.772981,0.540346,nan,
2.677287,3.168721,3.960518,15.523418,3.448736,3.266125,2.558415,2.736410,2.971576,2.917687,3.179024,3.122676,77.282753,3.152838,3.940319,2.176175,2.644473,1.043696,0.717376,0.611050,0.664788,
2.690321,3.899483,2.469182,3.434762,4.847745,2.896162,2.491821,3.179049,2.939923,3.369234,3.081337,3.116780,4.024339,2.701494,1.884128,2.108163,1.643951,2.106108,0.837377,0.535024,1.350800,
2.927310,3.705536,2.692885,3.080274,2.894514,2.806162,3.140239,3.137547,3.027547,3.710750,3.858290,3.116967,2.806811,3.006895,2.056303,2.177348,2.019245,1.542383,0.879539,0.718867,0.584045,
3.379079,3.053691,2.825660,3.065454,5.373570,4.589919,2.837694,2.509056,2.875389,2.710551,3.461436,2.450251,3.234725,3.111795,2.315193,2.885845,1.791584,3.031909,1.252920,1.134431,0.779360,
12.933568,3.299326,2.661814,3.430908,2.666913,10.145560,3.238400,3.582686,4.292364,3.288321,2.465963,2.479130,2.928425,2.321498,2.187524,1.826337,22.680387,1.449940,0.869370,0.669470,0.608854,
4.316576,6.149542,3.257931,3.659875,2.723499,4.374385,11.094254,3.499949,3.037332,2.695385,2.817472,3.524248,4.001991,2.374486,3.012827,2.603310,2.806653,1.625202,0.740453,0.729361,0.545724,
4.440790,4.215224,4.180017,4.364231,3.017514,3.516729,11.251138,4.122243,4.973692,3.301127,3.788529,4.110188,4.351640,2.695819,3.171981,2.949912,2.466772,1.253703,1.090417,0.871234,0.497436,
4.606708,3.334739,2.849452,10.261512,3.256391,3.755650,3.301614,4.288896,3.933134,4.312212,5.016150,3.198066,3.543835,3.873290,2.456230,2.021441,4.529604,1.353032,1.191600,0.708054,0.394380,
1.739756,2.743767,4.284225,3.453560,4.388146,3.202009,3.471563,3.607599,3.243078,3.921888,3.090074,3.131420,2.768662,2.980761,2.615137,4.035291,2.271073,1.493083,0.875771,0.693757,0.369777,
3.675241,3.013932,4.418359,3.699987,3.748999,3.720924,4.418197,4.183078,3.827973,4.664942,3.355079,3.158062,8.894871,2.169928,2.770195,2.428342,2.084387,1.634992,1.047573,2.889137,0.402258,
5.160966,3.338467,7.135386,3.637371,4.752277,3.565598,3.690012,3.537923,3.357093,5.388437,8.920899,3.521741,3.385020,3.402188,2.660826,2.170035,2.255288,2.409739,1.993654,1.124288,0.449993,
3.485203,7.353415,4.561254,3.882996,3.255283,12.780510,3.916590,4.700743,8.586289,4.240167,5.387551,3.246852,4.102432,8.722701,3.566999,2.217619,2.029814,1.461661,1.400000,0.935041,1.048637,
2.875927,2.614089,4.273998,3.552428,3.788536,4.232550,4.102300,4.432511,3.348636,5.867455,4.520088,3.751988,6.233414,4.077301,2.543536,2.192095,2.646981,5.031369,1.256781,0.986848,0.523719,
nan,3.531662,3.130191,3.405232,3.922603,3.350102,2.984254,3.279039,8.760778,3.223567,4.754758,2.855488,4.460665,2.753308,2.811702,2.329061,1.632996,1.697379,0.848385,0.685762,1.548780,
nan,3.265475,2.419575,nan,nan,2.931004,2.469023,nan,1.903704,7.185619,4.391741,3.594578,2.768435,2.181216,1.758609,2.923106,1.416414,0.844540,0.843689,0.393108,0.175813,
nan,2.557429,2.153613,15.220983,3.267232,2.812246,2.142905,3.504886,2.548157,2.762357,2.536179,1.597864,3.468488,2.124589,1.252365,3.184986,1.321353,1.386195,0.916888,0.451991,0.479643,
2.275310,10.681030,2.998277,2.774430,3.607033,3.173716,4.996847,4.525545,6.036518,3.059435,3.698809,2.662792,3.307325,2.141724,2.140365,2.046928,1.357335,1.589406,0.898881,0.686584,0.240069,
3.478944,2.919478,2.855149,3.440719,5.085440,3.207150,2.592795,5.010586,2.886438,3.092306,2.788775,3.892125,2.515016,2.798273,1.921108,1.984050,1.414043,1.316888,0.984076,0.599999,1.576837,
2.530017,3.584079,4.341712,4.109085,4.366708,82.332092,2.653212,3.721760,2.740405,3.145791,3.267402,4.804345,2.710181,2.195050,1.948902,4.326247,1.377692,1.080043,0.673159,0.561486,0.355251,
2.494503,3.657711,3.146548,3.692710,3.649777,2.808076,2.827990,3.523502,3.043420,3.245814,3.459204,2.634016,3.330150,3.197674,2.479412,2.035560,1.377664,1.257284,0.929343,0.531144,0.397410,
2.339468,3.421146,3.158067,3.029023,2.766136,3.075986,2.990288,2.950926,2.724521,2.713964,2.328189,3.249423,3.529401,3.288520,1.816588,1.961531,1.641197,2.647713,0.637300,0.941970,0.370593,
3.258015,3.305834,2.660585,2.943991,10.073810,3.691367,2.655265,3.556692,2.724635,3.542774,2.858901,3.539248,2.704300,2.266321,1.720222,2.149529,1.749278,1.107815,0.769329,0.614649,nan,
2.474972,2.814503,5.767272,2.658379,3.056192,8.770555,3.548816,5.431904,2.956319,3.159345,2.814163,2.400934,2.602208,2.221616,2.199410,2.350578,1.576979,1.519357,0.936726,0.550470,0.430463,
3.730119,2.436758,2.706999,2.760864,3.218965,4.792292,12.346415,3.371043,3.449101,4.485493,2.634512,2.394573,2.792396,2.422840,2.861053,1.997689,1.739752,1.865242,0.977588,1.075694,0.549320,
1.755009,2.784817,3.960562,3.386095,2.909847,2.919577,3.353510,4.475607,3.843057,3.129388,3.524326,3.033774,3.258637,2.582969,3.986176,3.223837,1.867528,1.039625,0.867182,0.677995,0.462473,
2.236979,3.704898,3.433036,3.110654,3.442519,3.310780,3.736668,4.088015,4.584763,4.068087,3.930471,4.088026,3.945095,3.463873,2.414700,1.672449,4.771850,1.507532,1.026456,0.962379,0.308955,
1.951770,3.815643,2.562736,4.649820,3.331203,5.104359,4.333668,4.214313,3.522648,3.571516,2.946869,3.164602,3.268438,3.001195,2.338471,2.345657,2.795238,1.293470,0.930539,0.899989,0.726058,
3.574815,3.013952,6.462266,6.245382,3.507395,8.070954,4.041259,3.177066,4.467325,3.465210,3.110492,3.526342,9.440926,2.526624,2.603329,2.920011,1.818069,1.364559,0.911299,1.819255,0.352682,
1.853329,3.758558,2.869367,5.705508,4.147775,12.566603,3.864704,3.320505,3.511925,4.424282,3.954428,21.407911,3.085058,3.176723,2.358855,2.606820,1.994593,1.679931,0.918933,0.703008,0.758332,
3.365433,5.045811,5.077504,3.475854,4.516012,3.538777,5.724853,3.234532,4.195244,3.656589,5.497348,5.282564,4.354662,5.712521,3.582991,2.079388,1.867247,2.209461,1.313227,0.810451,0.578415,
2.680902,2.770642,6.302386,3.853584,3.449115,3.802031,3.429279,3.239874,3.307225,4.031010,7.685194,3.741935,4.114584,3.549461,2.973241,2.249861,3.545917,1.771644,1.406351,1.166004,0.424592,
3.399834,5.080991,9.129191,3.904922,3.529907,3.490571,4.467963,3.376853,3.981806,3.693320,3.419105,4.580791,3.663203,2.810655,3.435425,2.125669,1.469389,2.025045,6.713526,0.730881,0.829110,
nan,4.365363,3.021087,3.196183,2.708568,7.094983,4.726851,5.343192,2.840118,3.422601,15.982951,4.333566,4.549573,4.674886,3.519079,1.958245,2.816078,1.267945,0.964393,1.144640,0.663854,
nan,nan,6.684478,15.686733,nan,nan,3.772519,8.029365,3.948264,3.516938,8.671094,2.300711,5.426880,1.611344,1.788150,2.968235,1.785183,0.705954,0.601705,0.331244,0.442379,
nan,2.585544,8.954757,2.857747,2.453397,2.323103,2.218051,2.270006,6.791387,4.644276,2.094351,3.269763,3.025096,2.697707,1.918716,1.835907,1.801278,0.711918,0.508856,0.194509,29.083838,
2.469127,3.832508,2.819895,9.990501,3.342468,2.509886,2.546340,2.514206,6.602223,2.869313,3.987877,2.936297,38.080601,5.629163,1.947142,1.636506,2.012020,1.031715,0.783707,0.586865,0.308364,
2.243456,3.035607,3.614334,3.456404,8.207311,3.683089,2.882652,2.946199,2.976203,3.648042,3.137470,3.150177,2.395631,4.656900,2.060925,2.369339,2.775811,1.644541,0.892577,0.608540,1.031329,
3.810070,3.267729,3.014727,4.310162,4.670740,2.928018,3.128074,3.039563,2.920751,2.937461,3.636999,3.476880,3.386807,4.079857,2.753321,1.878932,1.849218,3.600207,1.195367,0.726336,0.644110,
2.872653,2.852682,2.874180,6.550865,4.016739,2.845795,2.507977,3.362983,3.195018,3.233784,2.839514,2.498068,4.610390,3.740320,1.969016,2.824767,5.405799,1.389565,1.695045,1.043853,0.405533,
4.458406,2.869110,6.219953,3.039727,27.173700,2.977459,3.084818,3.023626,2.917634,4.010417,3.933684,3.730368,3.266855,2.610626,2.052333,1.805241,1.678167,1.548084,1.229111,1.610070,0.866019,
5.825484,2.925277,11.528382,2.679626,3.101273,5.639620,3.235231,4.169672,2.978442,3.334538,3.527243,2.856391,3.160106,3.185348,2.080997,1.983539,1.537609,1.543630,0.977667,0.645621,0.583774,
14.126387,3.149340,2.863007,3.614850,3.120227,3.607820,2.927336,3.724855,3.242548,3.129216,3.186663,2.509016,2.929272,3.020950,2.314461,2.502146,1.444665,5.694020,0.887235,1.239509,0.802822,
2.489983,3.359318,3.012832,4.355149,2.664460,2.721149,3.729175,10.937983,4.796053,3.514227,2.970490,2.827183,3.582544,2.015190,3.006207,1.955532,15.095363,1.360382,0.792475,0.719770,0.626338,
5.824945,2.342221,3.008972,3.469979,2.816036,4.151960,3.684951,2.896865,4.780539,4.400192,3.147951,3.061766,3.652609,2.859105,2.363392,2.485718,1.878483,1.296014,0.649154,0.663555,0.516692,
1.923969,3.228249,3.026103,3.356083,3.365832,4.045067,3.608280,3.319369,2.861034,3.607427,2.803731,3.608691,3.028826,2.880278,2.427170,2.069697,1.577357,1.328457,1.034239,0.544793,0.491582,
3.723712,3.476456,2.947034,3.640393,3.766218,3.276152,5.099756,3.141783,3.235711,4.081922,2.791392,2.642362,2.945353,2.585078,2.277130,3.195856,2.958378,1.461735,1.014400,0.629589,0.605349,
2.406951,2.794498,3.174303,3.917315,4.558392,4.133661,4.192000,3.687054,3.582470,4.103744,3.945274,13.437000,2.972002,5.708623,2.272941,2.057471,2.405880,1.261440,0.918043,1.099108,0.333072,
9.611293,2.960634,2.855371,3.246642,4.846592,3.865742,4.036980,5.366839,4.463609,3.503374,5.157668,5.162450,3.143630,4.839938,2.781132,2.175452,2.092929,1.850090,0.857303,0.775785,0.469881,
nan,3.504587,2.687322,3.526070,4.111332,11.146749,5.087204,5.859465,3.329753,3.637362,5.978202,3.810143,3.485830,6.211730,2.944897,2.462265,1.581349,1.474495,1.581099,0.719576,0.331662,
nan,8.065167,4.647729,3.760895,3.677930,3.789887,4.270778,3.687687,3.654617,3.451848,9.067241,3.830239,6.639009,3.322425,3.035028,2.224521,5.175561,2.332911,1.008997,1.257170,0.329112,
nan,4.386033,6.948431,3.185610,3.750981,2.746726,4.024467,3.492841,4.452352,4.068079,4.718368,4.037993,6.787434,3.307932,3.314095,2.262856,1.764036,1.817448,5.628073,0.729514,0.464754,
nan,5.331814,3.272926,4.172632,3.442333,4.192593,3.072624,5.962089,2.953895,11.252399,4.423597,4.126515,3.093904,3.210149,3.078557,4.087806,2.421467,1.273825,0.758626,0.956495,0.467283,
nan,2.997177,4.782297,6.022873,3.659153,4.035242,7.205893,1.865868,2.404356,3.321836,3.233865,6.638913,4.284801,1.758090,5.494367,1.473996,1.579225,0.721849,0.598246,0.673303,0.472005,
nan,2.443434,4.700241,3.426970,2.749608,2.900884,3.618208,4.163600,3.631549,2.333495,2.544214,3.601545,1.736813,1.748908,2.834012,1.728932,0.959538,1.137378,0.899405,0.332446,0.430172,
4.046100,3.907546,3.425631,3.026146,2.616944,3.326292,3.308141,3.537419,8.160328,5.043140,3.031421,2.314987,2.076664,8.822909,2.162869,1.446148,1.360971,1.009872,1.424047,0.428658,0.576584,
3.562274,3.475302,3.121105,3.342126,5.026883,3.663202,3.390062,9.280285,2.905214,3.661388,2.843763,2.453357,2.446317,3.588558,42.884430,1.936363,1.502196,1.295205,1.202218,0.976757,0.264887,
2.646833,3.029376,3.587639,2.967436,3.564566,3.271655,2.598722,4.099274,3.208154,2.997088,3.355517,2.658901,109.164948,2.916644,1.929632,1.729850,1.723734,0.944093,1.324306,0.646421,1.089986,
2.469511,3.127549,5.916705,3.373440,48.985661,2.973427,3.212558,2.602026,2.674189,4.437494,3.000655,3.071657,2.204446,4.195688,5.550536,2.423849,1.903842,1.195361,0.728743,0.500316,0.665224,
2.667448,2.529353,3.521746,3.027952,3.005960,4.033186,3.158994,3.909167,2.813142,3.037612,2.510776,3.100572,3.117511,2.978055,1.933427,1.879932,1.402530,4.561412,0.662439,0.499412,0.233285,
5.388752,2.484843,2.806890,3.318630,3.850264,3.100119,3.522055,2.824319,3.430875,2.698536,2.884141,2.820006,2.634535,2.041631,2.108763,1.947848,1.479758,1.062017,0.685322,0.633087,nan,
2.689188,2.349832,2.767636,5.535951,2.676808,2.996176,3.919528,12.760942,4.562651,2.821303,2.525979,2.381448,3.064207,2.771308,2.072630,2.381996,1.787132,4.797025,0.903907,0.570503,1.723942,
23.114330,2.979991,2.767984,3.716384,2.857157,3.928100,3.485244,3.030572,5.155869,4.902851,3.128973,2.728232,2.616746,2.408238,5.440462,1.647447,7.842311,1.878968,0.884026,0.904102,0.412355,
3.669958,3.714926,2.304930,4.141836,3.258195,3.248159,3.405654,3.201038,2.677989,3.717183,2.863391,2.914630,2.881117,3.069396,2.347814,2.001766,1.703554,1.670606,0.750084,0.633967,0.435240,
3.648628,3.570678,2.504744,5.193543,3.796823,3.404367,5.496371,3.630217,3.160167,2.926702,2.651096,2.961133,2.701362,2.225621,2.283232,1.945626,4.750929,1.301228,1.322917,0.787841,0.648428,
nan,3.539924,3.244377,3.657538,4.053968,5.055253,3.532187,4.576199,3.097878,4.537769,3.604424,5.507543,2.873961,3.868872,2.811327,2.997201,2.875395,1.722866,0.938838,0.714347,0.502937,
2.667536,3.545123,2.767624,3.335218,4.443069,3.909109,4.341406,5.947245,3.176171,4.300426,4.242302,3.643999,3.393310,3.384418,2.743359,2.154883,2.240982,1.371349,1.042556,0.828030,0.475131,
2.132482,2.825600,6.002975,3.370358,6.451451,3.849324,4.237446,5.023332,3.388325,2.908104,4.011434,3.441323,3.024349,7.546284,2.544380,2.306832,2.226612,1.589703,0.846975,1.003146,0.406608,
nan,3.025533,3.538624,4.942221,8.374249,3.401002,3.648501,4.566195,4.000583,3.281148,3.614008,3.806689,4.882226,5.045006,2.316883,2.217801,3.258699,1.575354,2.383368,0.724532,0.563796,
nan,9.739053,3.502923,6.248036,5.329094,4.010985,5.317807,3.650925,4.082215,3.940296,4.007822,4.066647,4.465476,3.168675,3.226958,2.231408,2.135938,1.978667,0.836969,0.931571,0.418496,
nan,5.824857,9.301950,3.607752,5.116445,3.149736,11.741776,3.859542,3.125379,3.688501,3.631607,5.411482,4.897566,4.336290,7.971279,2.110646,2.029241,1.746446,3.267014,1.263873,0.601814,
nan,5.033600,2.323639,7.350852,3.628425,4.549558,8.270733,3.646518,3.702317,4.274305,3.664326,3.806091,7.851935,5.176487,6.335039,2.022831,1.882707,1.037401,0.896465,0.453954,0.425949,
nan,nan,nan,nan,nan,3.995471,4.169762,3.830636,2.826869,5.430716,2.155177,3.537432,2.763990,1.693287,2.020974,3.066105,1.366296,1.682055,nan,0.375047,1.360940,
nan,2.643850,2.321850,2.780070,2.820255,2.807665,2.220369,2.341886,2.521287,nan,1.187832,6.247193,1.938587,1.937468,2.069833,1.821811,1.018474,4.169193,0.515588,0.250105,nan,
3.609835,3.349788,3.328403,2.937094,2.626335,8.177332,4.106006,3.340210,4.014986,5.439431,2.575597,2.658965,3.303645,4.412914,1.742569,1.815965,1.470677,0.827175,0.799364,0.546872,nan,
3.336045,3.549145,3.963728,3.731278,4.994320,3.711353,3.341268,2.756120,2.738632,2.619711,4.857038,3.446299,2.783445,5.485955,5.008269,1.862714,1.576533,0.916217,0.855999,0.567612,nan,
4.015212,3.303762,2.908775,5.468192,5.213202,11.090261,2.971960,3.721515,4.630582,2.987195,4.592636,5.333244,69.549561,2.201261,1.858633,1.854767,1.958781,1.270574,0.922648,0.512584,nan,
4.315892,3.378621,3.259991,2.980537,3.000224,2.900199,2.928728,2.744091,3.255043,3.725025,3.222902,2.878703,2.632003,2.861624,3.428849,1.699583,1.411635,1.030264,1.029922,0.453450,0.489323,
2.747797,3.574757,4.006746,3.525874,4.083765,3.067572,3.473291,3.424327,3.380029,3.339729,4.305590,2.592521,3.963818,3.266506,1.856393,1.621021,2.069810,1.094082,0.890007,1.789039,0.790506,
3.348882,2.725074,3.508772,3.774199,2.693629,3.614348,3.660853,2.950444,2.667770,3.106414,3.240837,2.873116,2.994476,2.802207,2.117845,2.141260,1.302328,1.537614,0.705073,0.823518,0.599958,
2.900736,2.706774,3.256938,2.731402,3.125788,3.935860,2.839807,4.136674,3.188148,2.621408,3.031149,2.413381,2.543790,2.779130,2.170383,1.779875,10.431575,1.234107,1.921738,0.928263,0.578095,
3.077974,2.498122,3.301216,3.112396,2.881739,3.190052,3.846766,3.043039,6.761215,3.564334,3.430678,2.636019,3.152022,2.258314,5.169971,1.900481,1.495608,1.354700,0.940700,0.523896,0.658377,
16.208527,3.336899,3.714085,3.018082,2.686008,3.270403,5.020083,3.057687,3.599316,3.027655,2.571242,3.270516,2.514779,2.906774,1.922508,2.081385,2.110187,1.175174,0.961865,0.690580,0.528714,
nan,3.462314,2.781745,2.921027,3.017353,2.727951,3.121143,4.303823,2.601794,4.714343,2.879288,2.891196,3.900126,2.284123,2.502214,2.029330,3.011022,1.002576,1.287958,0.651618,0.516547,
2.714863,3.492236,2.285227,4.049241,3.238845,3.604686,3.438378,3.439181,3.099845,6.053431,3.657403,5.739509,3.063873,3.599175,2.430378,2.047280,2.427032,1.354302,0.992913,0.715292,0.470481,
4.958767,4.783870,2.865494,4.647608,3.685429,4.654122,4.356326,15.168838,3.240223,3.459785,3.669096,3.231894,2.864366,4.517609,2.469085,2.395287,1.955436,1.155258,0.978303,1.128945,0.533865,
nan,2.606073,2.786946,4.226306,3.860181,7.051765,4.922226,4.431332,4.313326,3.619848,3.329219,3.123216,3.074746,6.671909,2.538287,2.362660,2.300778,2.566703,0.844207,0.820551,0.651179,
3.391745,2.729623,3.449661,3.154709,3.732305,4.923282,4.540636,3.374149,4.751262,4.292499,3.679675,3.656064,5.404449,3.765819,3.491472,2.534363,1.623797,1.855819,2.887489,0.734312,0.436971,
nan,4.032658,3.885939,3.080109,8.456233,3.948283,3.763392,2.831236,4.215610,4.995524,5.077349,3.795765,7.603658,6.479093,8.501762,2.292743,2.269707,1.265518,0.945212,0.874897,0.491780,
nan,6.451160,5.053330,5.935308,10.267286,3.393200,5.300807,2.648639,4.535264,3.637589,4.587990,3.834269,3.702845,3.476787,4.129273,2.295590,2.182661,1.645895,1.871700,1.398368,1.332971,
nan,4.246896,6.731487,4.655309,3.093340,3.231663,2.610477,3.420182,3.929662,3.315751,4.588514,3.281970,4.148675,2.813311,4.626861,3.598222,2.945050,1.367659,0.881203,0.897375,0.512427,
nan,nan,nan,nan,nan,2.105974,2.872534,2.780373,4.631179,9.840855,4.408848,2.918470,2.467025,2.588587,2.339911,1.133673,2.307899,1.365560,1.513324,0.995726,0.244150,
nan,3.373667,2.702655,2.775491,4.421424,3.768945,2.148451,2.040150,2.088120,2.382697,7.577341,3.109339,2.310243,3.103994,1.177362,1.329178,1.932863,0.559837,0.943873,0.586875,nan,
4.739044,4.246154,3.451193,3.433999,3.084686,3.146304,4.075301,3.322230,2.693243,3.513864,3.093716,2.895638,3.190958,2.305628,1.794342,1.245699,1.395910,0.960682,0.566789,0.590181,nan,
2.835251,3.037070,4.516565,3.005663,3.198190,3.485672,2.986984,3.818143,2.607921,2.694121,10.641252,3.787455,2.977683,3.862754,2.051637,2.510876,1.232779,0.990048,1.081512,0.945727,0.380453,
2.722789,3.480468,3.227969,3.147434,3.423757,42.574821,2.812182,4.474034,3.504201,2.912486,2.898605,3.538110,2.690238,1.939249,1.948516,2.438396,1.939173,1.040216,0.856616,0.577008,0.593877,
3.850241,3.146725,4.821451,3.173800,3.258590,3.294099,2.622093,3.133116,2.725385,3.390568,3.577935,2.713166,3.596871,3.886522,1.683272,1.542807,4.433160,1.406632,2.108926,0.978919,0.346697,
4.830759,3.326828,3.537840,3.654609,3.064522,3.562601,3.349751,2.768910,3.091113,3.116066,3.364437,3.163299,2.449576,1.997631,2.380455,2.034659,1.444951,2.111582,0.758253,0.635951,0.755797,
2.725717,3.134236,3.398006,3.801778,2.729109,4.392661,3.119431,8.515117,3.651706,3.806981,3.646904,2.354699,2.463638,2.077727,1.693890,1.802027,1.490098,1.079784,0.716077,0.613738,0.162875,
2.962234,2.662728,3.979711,3.258324,3.566103,3.335862,4.456429,3.010070,4.873552,3.878169,2.747133,2.769717,2.716915,2.174859,3.290695,2.501919,9.207497,2.433427,0.926690,0.517886,0.813771,
2.908521,2.844508,3.851642,3.146376,2.876944,3.219913,4.392538,3.516404,2.744722,3.099584,2.917817,3.090788,3.116268,2.241470,8.031400,3.125787,6.050986,2.292108,0.751986,1.016912,0.593982,
4.034524,3.138561,4.553301,3.693764,3.084567,2.827153,2.786426,4.809195,3.856561,3.946427,2.641564,2.979177,2.726141,2.663975,1.923075,2.163388,1.965339,1.518561,0.918413,0.783306,0.439513,
7.646693,2.645703,6.498521,3.822915,3.982466,3.368581,2.945889,2.800112,3.095486,16.488253,3.372799,3.746822,2.946294,2.264955,2.528727,2.095727,2.635353,1.092312,0.953183,0.606677,0.523948,
nan,3.192003,3.661803,3.760238,4.068284,4.461011,3.484269,7.123290,3.067524,3.716620,2.832496,3.476445,2.820057,2.665154,2.473946,2.259786,1.993753,1.574845,0.939350,0.673667,0.478117,
nan,3.102346,3.376215,3.907388,4.125426,3.649877,3.658494,3.572574,3.817214,3.366065,3.426069,3.235489,3.319077,6.014801,2.632190,2.646548,2.010478,1.231600,1.002570,0.760541,0.560249,
3.542818,3.968109,2.640988,5.147766,4.453540,3.244908,3.969077,4.266120,3.719126,4.876533,3.538035,3.518229,3.781638,3.448592,2.446761,2.181204,1.927853,2.261907,1.075443,0.768382,0.603661,
nan,2.752261,8.225966,3.756701,4.238899,2.946686,4.134968,4.382150,3.208426,4.396424,5.155968,3.497575,3.890523,13.701992,4.731157,3.508327,2.980190,1.703679,1.967577,0.785651,0.474467,
4.441363,4.192148,2.759104,6.854237,3.547404,4.909777,4.809715,3.979348,2.898613,4.620238,6.035245,3.502724,3.075594,3.504885,2.862921,2.934735,1.989389,1.567006,0.911850,0.935982,0.389484,
nan,3.310872,9.314854,3.550874,5.995958,3.480610,4.384568,4.370661,2.842132,5.603313,3.497912,5.095031,6.818185,2.666995,2.417881,4.970610,2.611686,1.624365,1.305144,1.323152,0.907997,
nan,15.608420,3.827163,3.515661,12.655891,4.314016,4.205344,2.541627,3.584499,5.251049,5.437094,4.250014,4.009908,2.606435,2.474222,2.403615,1.903264,1.925748,1.233966,1.176420,0.546892,
nan,nan,nan,2.544779,1.872660,4.039475,2.062965,2.343350,2.035707,5.318649,19.103287,3.236694,2.718894,8.692875,1.914723,5.074279,2.023793,1.648526,0.645551,0.958930,1.330968,
nan,2.721699,2.362953,5.133894,2.758032,3.518864,4.131239,3.734157,3.675917,5.407789,8.077374,1.901998,3.836697,1.620312,3.256419,1.090731,1.045888,0.766251,0.385538,0.211464,nan,
3.582726,2.980274,3.891575,8.606554,2.837955,29.552565,2.689916,4.605501,2.850512,4.072755,3.879278,2.460691,15.504041,3.194557,1.894215,1.944597,1.169291,1.067548,0.654989,0.278233,nan,
2.253065,3.304934,3.552957,3.361818,5.596584,3.077821,2.540545,7.158453,3.903541,3.987255,3.130225,2.878038,3.225808,2.513031,2.395567,1.513525,1.364708,1.279330,0.885674,0.565286,1.083704,
2.062694,2.833019,4.379687,3.210229,8.103916,3.286650,3.131344,2.973583,2.760584,2.824661,3.935234,3.213101,3.771154,3.741926,3.342861,2.575706,1.949102,1.913913,1.290134,0.664811,0.430015,
2.268579,2.848128,3.473610,2.804282,16.773001,2.722530,3.987669,3.103366,2.559572,3.411026,2.793127,2.795933,2.341102,4.573379,3.787446,2.738907,1.741460,1.131781,1.298285,0.563925,0.502349,
3.330027,2.891811,3.788015,4.034424,2.640028,3.452112,3.127633,4.608760,2.918380,3.186995,3.776379,2.439075,2.989626,3.732998,2.103240,1.893059,1.433337,3.048038,1.259194,0.426541,0.542159,
2.499175,4.513555,2.906285,2.613700,2.746947,3.795220,4.110566,3.808373,4.351378,2.762181,3.397311,2.493814,3.143815,2.355415,1.997508,1.726299,1.294522,1.212193,0.869766,1.104702,0.757006,
4.381481,2.999350,2.419818,3.060124,3.457066,3.702775,4.562490,4.419133,6.166491,5.434253,2.926837,2.576984,2.852510,2.308196,2.469289,1.695455,2.069294,1.127598,2.052708,0.719658,0.521570,
3.513049,2.788954,2.592613,3.103770,6.117719,2.848297,3.688579,4.981098,2.921432,6.427783,4.334781,2.399266,2.918252,2.591419,10.527185,1.625421,1.356921,3.692034,0.835718,1.015848,0.707662,
4.787844,3.589087,2.674577,2.616693,4.751399,2.964676,3.298724,4.292647,3.519138,10.087975,2.909752,2.905011,2.600106,2.108299,2.044630,2.213191,2.329951,1.477316,0.732487,0.684813,0.366220,
2.078654,2.824314,2.776961,2.758754,3.224724,4.058228,2.864919,4.635627,3.038753,3.630083,3.130316,4.801740,2.668109,2.212815,2.646916,2.338188,2.272978,1.231743,0.921481,0.681529,0.531394,
2.011889,3.587326,10.209394,3.286079,2.772955,3.017577,2.899237,3.512023,3.483639,3.709617,2.989214,3.044021,2.885870,3.360192,2.722638,2.541926,2.076050,1.569066,1.152288,0.645572,0.445715,
3.901116,3.402793,3.457414,2.781453,3.975031,4.083200,4.049514,3.225164,3.582511,4.538124,4.332004,3.154863,3.434960,4.171526,2.704301,2.368047,2.557666,1.291461,0.963842,0.605902,0.524355,
2.979506,3.532572,4.488742,4.707767,3.758712,3.660484,13.492456,2.812397,2.953619,3.635588,5.221178,3.366354,3.143708,4.575487,2.713946,2.370149,1.822414,1.735573,1.206129,1.092463,0.413866,
nan,2.907280,2.833761,3.606836,3.746237,3.308372,10.490831,3.602990,3.864087,4.306359,3.437613,4.024853,2.780459,11.581334,3.598821,3.080425,2.578117,2.061296,1.488161,0.960437,0.527466,
1.989011,2.984697,2.700547,4.651652,4.566927,3.034377,9.397026,3.788028,5.528068,4.617094,3.155830,4.357476,9.059003,3.167273,3.724369,3.097820,2.019387,1.884295,1.016142,0.806653,0.501702,
nan,3.227251,3.344372,3.172247,5.643040,2.496486,7.280565,3.441463,3.697433,3.525848,3.119834,2.753420,2.995242,3.686104,3.849154,4.161661,2.078632,2.588176,1.110479,1.140398,0.515088,
nan,3.258023,4.202136,4.094046,3.477414,3.389562,7.948309,2.617520,7.395046,3.865650,3.190760,3.359541,4.027299,3.571326,2.679210,2.018139,2.803615,2.341508,1.342195,1.339163,1.246536,
nan,nan,3.155146,3.879308,2.347717,nan,4.967191,2.227079,5.096921,16.719446,2.785212,2.675452,2.526335,2.506648,2.976324,6.430120,8.566859,0.822545,0.880366,1.875230,0.413813,
nan,4.275379,3.223892,2.453644,3.005117,6.022402,4.255227,2.329612,3.577361,4.110315,1.820351,4.775289,1.959807,1.525547,2.253194,1.367893,1.082437,1.134088,0.457984,0.324406,nan,
2.835879,3.009781,2.894176,3.666082,3.778078,3.397794,2.981329,5.925409,2.712893,2.487006,2.318702,5.699061,4.762322,2.408496,1.996629,1.961600,1.255684,1.228769,1.229483,0.433915,0.282059,
4.774885,3.404872,3.017088,4.436728,3.486961,2.994343,3.507330,2.679671,3.481077,2.843569,3.035290,2.613904,3.416218,2.782350,1.779607,2.247256,2.205698,1.365358,0.773905,0.579173,1.033632,
3.387950,3.269991,3.318773,3.040102,3.086438,3.251834,2.619116,3.481196,3.281482,2.893420,3.550363,3.191833,123.753860,2.741141,1.942822,1.834954,1.839921,0.998949,0.835061,0.421153,0.675912,
2.285663,3.646007,4.255041,5.737628,3.070263,3.508800,3.420228,3.029689,2.371073,3.908589,4.054130,3.035041,2.390808,2.688410,2.566713,1.600539,1.237084,1.111709,0.800459,0.678155,0.272450,
4.694372,2.251523,2.599579,2.970515,3.072547,8.627431,2.816432,3.009358,3.893565,3.185518,2.843771,2.650249,3.326949,2.350095,2.044233,1.457154,2.053398,3.146654,0.781378,1.055001,0.659950,
3.175842,2.809924,2.817281,3.108950,3.398960,4.410583,3.044683,10.697085,3.959025,5.492277,3.170888,2.345952,2.486121,2.111187,1.887086,2.667173,1.430442,1.211325,0.698407,0.677955,1.538102,
3.283069,5.281612,3.116862,2.575030,6.164713,2.894046,5.210316,2.776188,5.971571,2.880396,3.680339,3.277221,2.250117,2.156128,2.675868,5.368480,1.674465,1.572527,0.739557,0.734537,0.616392,
2.064095,2.726179,4.913829,3.162155,2.680717,2.966829,3.603041,4.116038,3.055119,4.304885,2.736124,2.670931,2.675016,2.315606,1.952211,2.213520,10.132255,1.166456,0.939015,0.583515,0.666235,
3.480337,3.091928,4.133486,3.302156,2.757910,2.795702,3.076758,5.481385,3.486111,3.039542,3.224080,3.851254,2.822410,2.187664,2.171296,1.956733,1.999822,1.629432,1.103397,0.832671,0.343880,
4.490263,4.136182,3.002012,3.313773,2.939084,3.618435,2.987576,3.086664,3.830941,3.840693,2.894435,4.347166,2.759686,2.452055,2.671284,1.806584,3.198365,1.329880,1.093598,0.591681,0.562253,
2.301388,3.114802,3.149665,3.241605,3.092152,5.528474,21.702211,2.756780,3.835859,4.966562,3.325361,2.895551,2.550163,2.803410,2.480704,2.267415,2.744083,1.990857,1.038763,0.673121,0.494458,
12.718273,3.869758,3.253311,3.580851,3.583993,4.835936,20.711870,3.090487,3.624068,3.767792,5.256495,3.133164,2.763500,4.071268,2.444613,2.490799,1.549931,1.600216,0.891668,0.658408,0.589619,
3.396969,3.568821,23.497643,3.050818,3.913102,5.605453,3.438419,4.226150,6.130838,3.761992,3.302202,3.657038,3.506340,5.967088,2.687926,2.499681,1.968122,1.702266,1.405817,0.965855,0.522246,
2.020223,3.587807,3.174194,4.387887,4.544858,4.288295,5.272938,5.239899,6.976104,4.491115,3.207179,4.534849,6.425696,6.013474,3.250014,2.509689,1.803938,2.006743,2.008536,1.389916,0.388386,
7.019123,2.398514,2.723350,3.003821,3.813735,2.844885,3.601017,4.291997,7.240103,6.713522,3.735234,2.843554,3.143379,3.061444,3.463706,2.623944,2.092837,1.989654,1.119867,0.930218,0.479267,
2.929201,25.013115,4.688254,2.990818,4.840022,7.703770,4.545595,5.642549,7.192926,4.007210,3.205698,2.665296,2.734221,2.923656,2.587047,2.279084,2.346006,2.733934,1.273833,0.945509,0.571583,
nan,2.691581,4.926138,2.795751,3.240453,3.170251,7.365709,3.195850,4.405210,26.111803,2.960341,4.075903,3.086643,3.511177,3.293073,4.268128,2.527655,1.509602,2.248989,0.817687,1.113387,
nan,nan,2.759843,nan,161.514389,3.991984,1.502358,3.085363,3.568707,4.430766,3.261481,2.486459,2.474291,1.549626,2.327038,1.826966,2.481097,0.954001,1.197389,1.523009,1.468320,
nan,3.401531,4.735766,7.265728,3.257102,2.731575,5.039032,3.150903,2.676686,2.454409,1.840991,1.830328,2.666139,1.709278,2.421613,1.579422,1.008243,1.063949,0.592897,0.339000,nan,
4.031810,2.729777,3.868916,2.678484,5.766305,3.585425,4.387284,3.857497,2.983607,2.576837,2.541084,6.127867,2.261457,2.601984,1.834881,1.730265,1.545573,0.925130,0.974978,0.385466,0.200344,
3.206808,2.923420,3.112190,3.183038,3.918296,12.306623,3.369249,3.924241,2.587028,3.121155,2.687927,3.742731,2.424578,4.971031,2.308197,1.735132,1.374798,1.338389,1.124125,1.118279,1.089011,
3.902121,3.870869,3.440418,2.788277,3.331334,3.234508,3.659943,3.615648,3.741867,2.834877,3.004606,4.557139,68.563675,2.391228,1.981882,1.869698,1.664621,0.957985,0.765671,0.685369,1.206861,
2.947927,2.986380,5.652923,2.909974,6.014036,3.372091,2.717696,3.376601,2.992579,3.754878,2.969435,2.966971,3.570742,3.169485,1.660492,1.876065,2.148879,1.099332,2.227467,0.596515,0.477790,
2.561726,4.283173,4.110617,2.996881,3.215065,11.558166,4.394735,3.964942,2.858450,2.838927,5.006155,2.552759,2.847285,3.961795,2.054254,1.553925,2.225476,1.661447,0.903165,0.535883,0.387948,
3.782874,5.893026,6.832897,3.029075,2.938420,3.635935,3.097777,3.592498,4.441522,2.870261,3.450509,2.989151,2.597553,2.452143,2.016742,1.715547,1.531609,1.154467,1.148924,0.474599,0.749793,
2.346992,9.474528,3.937765,2.909435,4.034238,2.771461,2.735862,3.172588,3.132619,5.449759,3.325120,2.597644,2.934874,2.222244,2.073716,1.662467,1.829538,1.390940,0.901645,0.690987,0.395401,
1.654929,3.429004,3.615958,2.646374,3.038013,2.786720,5.180742,7.337873,3.242476,2.980469,3.798023,3.408987,2.844829,2.313511,9.117790,1.805565,5.707431,1.998936,1.438508,0.624672,1.520583,
3.967503,2.177242,4.152751,2.634888,3.514024,6.150269,4.796388,2.731801,4.398758,6.190361,3.404426,2.993692,2.939419,2.242910,2.150107,1.736177,2.571207,1.515217,1.168331,0.675850,0.379173,
2.108103,4.354785,3.934933,2.716809,3.532999,4.571844,10.025350,2.957209,3.615596,3.813391,3.068308,3.351060,3.036944,2.416402,2.587344,1.822283,2.255317,1.356572,1.158069,0.632475,0.748798,
11.242717,2.703131,3.513158,2.823317,4.618303,3.013192,3.410247,3.144966,3.233025,3.993049,5.394264,3.148056,2.777640,3.198153,2.483491,2.322685,1.881925,2.753773,1.011718,0.735361,0.500747,
4.647115,3.559007,3.305421,3.075361,4.207255,3.785729,3.431206,4.754685,6.341285,3.541608,3.583868,3.063057,2.674855,4.015985,2.559258,2.409392,1.894624,1.474396,0.921750,0.929263,0.478492,
3.056044,3.949460,4.003258,3.880660,3.699809,3.474221,3.795435,4.070705,6.049311,4.851158,3.419716,3.754313,3.028557,9.805615,2.885239,2.433931,1.817281,1.947821,1.036105,0.765974,0.655498,
2.832637,3.554715,17.165157,3.357143,3.774264,4.739142,4.031888,3.479184,3.903940,5.512666,4.036158,2.873793,4.110609,3.266231,3.052065,2.718182,2.855168,2.105238,2.769113,1.683630,0.459399,
nan,7.255043,2.776046,3.869320,3.686084,5.908856,3.637525,3.462708,3.728412,3.566803,4.810687,4.488400,3.187717,2.781822,3.160728,2.671018,2.104331,1.994416,1.301746,0.928522,0.541645,
2.448832,4.207834,5.529890,4.870873,4.714192,3.779845,4.418696,2.907774,3.966915,4.848867,4.746547,3.652810,2.862802,3.026174,2.841078,2.634808,2.049988,2.108730,1.085599,0.897103,0.795248,
nan,3.497501,4.739108,4.265545,4.568151,2.951652,2.816033,4.501168,5.578681,6.141700,4.083615,5.327391,3.575492,3.481640,2.624377,3.658110,2.010012,1.521835,1.781914,0.863650,0.870639,
nan,2.291308,2.889202,nan,2.730588,1.566532,6.816952,3.871768,1.319551,2.750614,3.064798,2.888317,4.392024,2.263309,2.096001,3.493319,2.850626,1.601960,5.639963,0.722708,0.831912,
nan,2.299417,2.819571,4.280031,2.219445,2.724869,3.254088,2.450409,4.714660,2.430277,1.813843,16.762447,5.027273,5.671038,1.887033,2.081609,0.798906,0.623618,0.432815,0.758880,nan,
3.081733,3.011965,3.226881,4.067921,2.658219,2.943713,3.539097,3.419489,4.084368,3.153609,2.732507,2.511565,3.061058,2.558415,2.540509,1.993761,1.600109,0.989520,0.639823,0.596761,1.708557,
2.755539,5.244373,4.263595,4.313851,4.213631,4.534772,3.302384,3.944591,3.117454,3.086642,3.181292,2.656123,2.671895,4.660138,1.875085,2.187693,1.528433,1.230623,1.147039,0.481635,0.378425,
2.846410,2.769814,6.922953,4.057484,5.606335,19.768040,2.773467,4.095718,3.716819,2.809569,4.492026,3.747989,2.255416,2.171012,2.487982,1.681286,1.655631,1.054520,0.864360,0.848538,0.341453,
2.424004,3.636963,3.471792,2.803479,3.081991,2.957549,3.612710,3.490351,2.622269,3.254328,3.260819,2.557164,3.045881,3.356513,3.025726,3.218975,1.667249,1.702543,1.867221,0.533445,0.566316,
2.186731,2.902720,3.143675,2.995361,2.759734,4.209395,2.582206,8.767092,3.643551,3.363137,2.685586,2.381989,3.269649,2.936431,2.397504,1.493833,1.438920,1.854401,1.136390,0.757588,0.423856,
3.780827,4.898800,2.968347,2.783257,3.280023,3.990171,7.349377,3.269971,4.101446,2.813515,3.158406,2.276296,2.692050,2.017036,2.501596,2.339302,1.343414,1.731765,0.710895,0.898996,0.443352,
2.224745,5.356237,3.093237,2.599862,5.573205,8.087623,4.956932,3.085526,2.624511,3.205096,6.183163,3.037966,2.304750,2.586550,2.481153,3.225157,1.436212,1.639006,0.690451,1.230722,0.920848,
3.580989,24.372150,4.672203,2.360548,4.546209,8.505016,3.894169,4.583323,2.986033,3.924135,3.050842,2.517954,2.776770,2.695381,2.341674,1.563835,7.931904,2.018593,1.289668,0.584914,0.486592,
3.524773,2.515396,3.730128,2.309399,2.615519,2.940046,3.841504,3.046031,5.062703,5.993392,3.051358,2.791072,2.651932,2.323799,2.201080,2.291957,2.093890,1.627352,0.821998,0.503314,0.674933,
4.895442,44.547817,3.696605,2.676913,2.856439,4.549115,2.831515,2.843760,3.171136,3.345624,3.708303,2.858226,3.337135,2.505728,2.589683,1.813058,2.323211,1.544574,0.808527,0.669015,0.486922,
2.451400,3.010404,3.400864,3.083823,2.915895,3.771293,3.341135,3.777165,7.745494,3.837934,6.111084,2.618205,2.619497,4.016857,2.625015,2.642012,1.827853,4.709609,1.233474,0.607798,1.068741,
2.896725,3.284412,3.387564,2.738161,3.673808,3.566493,3.285424,3.487951,6.179649,3.938617,3.454227,3.291291,2.561253,4.015412,2.726726,2.353460,1.650608,1.692761,0.969724,0.833317,0.543013,
4.772151,3.891806,3.147719,3.320934,4.292646,3.572835,3.409303,4.409652,3.511871,3.950570,2.991577,3.754683,5.808730,5.712420,2.644302,2.117503,1.792048,1.719427,1.113033,0.880747,0.738937,
2.263921,3.755394,4.244299,3.490149,4.350414,3.478382,3.383517,2.989816,3.710669,4.582980,3.884546,3.959071,3.055074,3.418146,2.969562,3.498232,2.997893,1.799618,2.030817,1.284089,0.467585,
2.605894,3.481998,4.582924,3.251652,4.261384,5.651671,3.688354,3.447164,3.680202,3.582771,12.059727,3.834509,3.441591,2.881359,3.287115,3.627438,1.968140,1.927718,1.423453,0.959186,0.894566,
6.428189,2.686633,3.206886,2.630590,3.678874,3.264022,4.338852,3.215284,3.473322,5.000858,28.407543,3.771765,3.695409,2.338098,2.937861,3.466212,2.188926,1.991110,1.165962,0.832352,0.657654,
nan,nan,3.761147,2.964258,5.090960,4.974702,3.856739,3.653436,3.268641,4.602680,6.924124,3.141774,2.718272,2.730569,2.579122,3.451898,3.057557,1.999876,1.684138,1.118148,1.123444,
nan,4.857325,nan,2.483393,2.598202,5.587503,nan,1.609794,2.960987,5.419808,3.093927,15.867103,2.582959,1.543755,2.136600,1.984654,2.788524,1.687572,0.510928,6.999225,0.417253,
nan,2.558830,3.035375,2.851753,4.296299,3.691242,6.484944,2.671577,3.119955,3.146911,2.605980,2.582770,1.900217,1.828667,6.560782,1.261602,1.076068,0.744337,0.399697,0.982858,nan,
2.695664,3.165558,3.014202,3.383625,5.790818,6.450740,3.661155,3.787689,2.849867,3.431146,4.983783,3.134445,2.672005,3.010560,2.291715,1.932934,1.381298,1.092045,1.007528,0.667773,0.232673,
2.969240,2.940733,3.206098,3.805285,3.125785,3.538606,3.371606,5.828171,2.807244,3.163573,2.790557,2.717573,8.093110,6.014964,81.105049,1.804366,1.380303,1.352343,1.028480,0.544437,0.273417,
2.980427,3.505892,3.392442,4.455775,3.285043,3.424052,3.116922,3.398493,2.579293,3.096137,4.651982,3.705030,2.534228,4.077151,3.269086,2.133454,1.793743,1.110615,0.798929,0.739787,0.671977,
3.033824,3.029659,4.563234,3.214922,4.092901,3.168092,3.379025,2.733293,2.810333,2.818487,3.554089,2.870920,5.198000,2.930877,1.988605,1.820066,1.481609,1.179053,1.057831,0.455130,0.467413,
2.667618,2.919853,6.098513,2.885074,3.492494,3.904772,4.398948,4.320759,2.936437,2.878076,3.404717,2.759397,2.684508,2.985870,2.167678,1.437193,1.602773,1.564732,1.342973,0.562462,0.352493,
2.481328,2.570712,3.566317,2.884561,3.981268,3.254086,2.981349,3.033857,3.735514,4.838687,3.348318,3.134617,2.300385,2.719353,2.094057,1.502922,1.702953,1.003433,0.720067,0.450623,0.523044,
4.402550,3.382439,3.918632,2.558270,3.214403,2.904390,3.120074,4.029363,2.854447,3.368065,3.333517,2.567989,2.603467,2.182145,2.049114,2.212650,1.399090,1.073662,1.154309,0.669292,0.541228,
2.255629,2.118639,2.471171,2.382769,2.965344,2.699602,4.374405,2.947806,4.061172,9.886996,2.821878,2.811743,4.171063,2.014845,4.240417,2.213997,4.912407,1.338533,0.904652,0.673413,0.499675,
2.480395,3.025478,4.243253,2.812837,3.222336,4.161907,3.052085,2.814327,2.902113,3.557974,2.962300,3.711031,2.877820,2.568633,2.264628,1.866067,5.127953,1.901961,1.073032,0.613953,1.867685,
3.956523,3.929261,3.384047,2.684408,3.334023,3.205153,3.182106,3.754495,6.119439,3.621690,4.468809,3.027586,3.119437,2.212375,2.619028,1.799727,1.669822,1.684890,0.964899,0.699606,0.487682,
2.865391,19.804382,4.200233,3.168546,2.872475,3.396855,3.145632,3.368301,4.004811,3.373283,4.077391,2.794529,2.460368,3.436278,2.873323,1.844430,1.871216,1.212393,1.068534,0.556911,0.523380,
2.108707,4.253748,3.497548,3.234975,3.108339,3.391980,3.506220,3.545499,3.601592,4.975400,3.174285,3.044792,2.787162,3.295672,2.537133,2.151013,1.570768,1.643891,1.152549,0.700048,0.891707,
2.706551,3.155636,3.268701,4.008788,3.539413,3.341456,6.648430,3.406837,12.954374,7.559647,3.181002,3.784503,5.299419,4.339698,3.250007,2.291989,1.908815,2.047428,0.958559,0.745804,0.625203,
1.876156,6.091514,4.048529,2.626213,3.977300,3.531244,4.938306,3.909977,5.813924,4.108586,3.737029,4.281499,3.075031,3.599424,2.833476,4.828426,3.971350,1.547813,1.302747,0.775387,0.551908,
4.036180,3.423897,3.885887,4.156687,3.693072,3.450989,4.515182,4.949419,15.224397,4.869097,3.452742,3.844486,3.078591,2.802206,3.715614,2.898031,2.226292,1.783464,1.127763,1.316263,1.240302,
2.084677,8.833195,3.462831,5.755087,3.291170,4.970855,3.237812,3.389769,8.513113,4.042733,9.765438,3.878762,2.851231,2.586084,2.904556,3.440151,2.311238,1.901295,1.344306,0.975526,0.804248,
nan,nan,3.646721,3.342879,3.507221,3.860315,4.933887,3.811089,3.079231,3.393516,6.096104,2.980646,2.606600,2.742907,3.180276,7.298178,2.194607,1.863779,1.702940,0.931080,0.994202,
nan,nan,nan,2.466164,nan,2.950115,2.719310,2.162055,5.748662,5.470590,3.208880,2.515645,3.195859,1.802479,4.136343,2.230313,2.098830,1.390226,0.563171,1.014480,0.346482,
nan,2.727585,3.726418,3.244918,6.497625,5.399083,3.009478,4.678121,3.485379,4.245059,3.662269,3.096352,2.179434,1.451715,7.319211,1.373780,1.548431,1.185764,0.498069,0.381116,nan,
2.877489,3.189420,3.151793,3.219521,3.081296,3.039237,12.835926,2.619179,2.575932,3.405609,3.025359,2.592428,6.828304,2.733175,1.942939,1.869932,1.300362,0.928069,1.092526,1.006638,0.528162,
2.961972,2.716480,3.513047,3.029643,7.955198,3.291961,3.132028,2.891073,2.468641,3.112585,7.485801,3.753386,3.023503,2.314720,2.076031,2.793352,1.355495,1.464506,1.388396,1.113135,0.344779,
2.797952,3.167984,4.055393,2.520659,5.347048,3.369135,2.725454,4.871945,2.772401,2.675576,3.957537,3.358378,69.447296,1.914476,1.942566,1.700846,1.734241,1.161382,0.717186,0.577957,1.193692,
3.636846,3.478027,3.038775,3.060826,3.839154,9.302853,3.139073,3.192526,3.174103,3.185923,2.973631,3.701439,96.924294,2.293183,1.916917,1.885248,2.394742,1.182626,2.590005,0.617632,0.979266,
2.991499,2.666127,3.322783,3.155262,3.548766,3.956261,3.372226,7.123518,3.125659,3.718582,2.927277,2.857975,3.375177,3.667723,2.755389,1.650527,2.020390,1.739846,1.024385,0.478872,0.298465,
2.457597,2.615633,4.262949,2.424609,4.252808,12.722095,8.905896,3.372808,3.343517,4.288165,3.280521,2.525176,2.763320,2.525417,2.302268,1.739007,1.598919,2.059180,0.950630,0.845836,0.443402,
2.103339,2.536784,3.414802,2.796170,3.204444,2.839256,2.787022,2.804967,2.937539,3.312836,6.217460,3.061636,2.352029,2.860437,2.350966,1.674822,1.315289,1.446364,0.812774,0.552775,0.589751,
3.768022,2.640740,3.559657,2.838475,3.086407,5.213945,3.551963,3.043554,2.724013,4.264816,3.040469,2.815030,11.024354,2.266256,2.894405,2.173062,1.576533,3.021590,0.830235,0.691009,1.166741,
1.932105,2.545550,3.668736,2.866522,3.064109,3.400573,3.102602,2.788362,4.226418,3.984004,2.669039,3.242886,3.858330,2.657598,2.200701,1.775719,3.612605,1.994079,1.392320,0.650590,0.501688,
2.408016,2.609019,3.530936,3.036779,3.154690,4.128648,3.294150,3.795525,4.874330,3.527721,6.035167,2.681161,3.205237,2.486245,2.967515,2.062926,1.877666,1.608911,1.354283,0.589780,0.420377,
2.021238,3.779837,3.065525,2.995983,4.070601,4.084703,3.739693,3.299440,4.171186,4.431878,3.635004,2.932670,2.513972,3.318896,2.861847,2.212436,1.784608,4.072063,1.024610,0.703042,0.496301,
1.743524,9.119683,3.969339,2.921361,4.057238,3.240721,5.033953,10.644579,3.583534,4.540266,3.007062,2.859380,3.273408,5.107630,2.960466,2.379916,1.685314,1.912827,1.215642,0.607446,0.860310,
5.215658,3.290815,3.041173,4.201489,3.164788,4.120414,3.438035,3.881564,5.281385,3.801070,3.518879,3.993519,3.265452,4.301239,2.957447,2.118291,1.976933,2.155239,1.093940,0.826226,0.584386,
7.015427,6.612211,3.922387,3.702882,3.079619,3.625199,4.524263,3.957346,4.154543,3.701200,4.603704,5.881242,3.067184,2.895488,3.372264,2.206115,3.369349,1.431729,1.481783,0.840297,0.603023,
3.235195,4.690917,3.608985,2.909704,3.007742,3.400242,3.357614,4.926897,3.656419,3.918472,12.057427,5.569372,2.667932,2.891271,2.773420,2.532026,3.452295,1.858498,1.425227,0.765228,1.068217,
1.998390,3.729155,3.188725,7.668494,3.734505,3.264748,4.837547,4.035315,3.158688,4.644360,5.142023,3.547978,3.041124,3.223219,2.776571,5.291824,2.177908,1.772199,1.446843,1.044015,1.555231,
nan,6.540383,2.909133,3.852101,5.247372,3.981895,3.651684,4.013132,3.907357,3.053656,6.790842,6.365040,2.594143,2.747915,3.018792,2.677901,2.316491,1.688985,1.445448,0.873283,1.304502,
nan,nan,19.722210,3.734660,1.785289,nan,2.185393,6.465425,4.793649,6.203382,5.094059,2.455638,3.966680,5.656093,1.966444,1.697938,1.923203,2.169932,0.639826,1.513133,2.475402,
nan,2.972692,8.180891,2.537945,3.158806,5.013527,2.237826,3.163653,2.870057,2.840903,2.768367,3.527514,3.636576,2.381757,3.004414,1.682011,1.473867,2.017158,0.437122,0.274036,nan,
3.178282,3.864056,3.575963,3.367182,3.369752,3.401901,3.383275,2.911324,4.884726,2.494739,3.131973,3.016161,2.963763,3.251431,1.932346,1.931222,1.650198,1.149731,0.928849,0.620364,0.595156,
3.317981,3.924103,nan,3.118916,5.009823,3.400082,2.952475,6.122562,4.175646,6.077454,3.206302,2.672620,7.163384,3.706894,2.432661,2.207860,1.179409,1.053501,0.660601,0.634738,0.437418,
4.387386,2.778234,3.082680,6.220956,3.277077,2.877744,3.609631,4.072284,3.597175,2.899764,2.819053,2.618760,2.156040,2.680415,2.345301,1.680865,1.507572,1.093516,0.798657,0.713985,0.337410,
3.159170,4.053144,3.168224,2.987940,3.561129,2.605562,3.312799,3.892689,2.832325,2.970256,3.635473,4.525655,2.680734,2.266367,2.896011,1.994456,1.931068,1.348225,1.172617,1.038277,0.328953,
2.342573,6.881310,2.996360,2.503211,2.638002,3.302393,2.880425,5.609586,3.584657,2.908174,2.832088,2.823510,2.999507,2.740034,2.720019,2.329089,1.441495,1.351914,1.971693,0.567289,0.362885,
2.899093,4.324788,5.919645,3.030378,3.528550,4.412131,2.502653,3.717198,2.688126,4.066388,3.221934,2.748031,2.755297,2.607156,1.896959,1.419514,1.337179,1.843735,1.266393,0.560187,0.361790,
2.202469,3.497665,4.576438,2.867528,3.072304,5.406771,3.816655,3.087845,2.981528,3.471431,3.023187,2.837338,2.690983,2.029578,2.170040,2.219558,1.747251,1.120844,0.900736,0.732374,0.520218,
2.456192,3.226969,4.366576,3.067736,4.565506,2.847795,3.027332,2.740242,4.802347,5.065546,2.970244,3.108735,2.639580,2.602070,2.196692,2.140276,1.500343,1.652643,0.871196,0.865686,0.878136,
3.267945,2.751535,3.942035,3.158578,6.054223,3.069594,3.625358,3.114679,3.854841,3.448598,4.360562,2.861609,3.257462,3.102394,2.188349,1.683825,3.743731,4.695818,1.210072,0.682660,0.456216,
10.692409,2.328247,4.213084,3.911935,5.572721,3.428904,3.770347,3.126426,2.992495,3.236436,3.941797,2.780004,2.872826,2.431833,2.038348,1.835973,2.760345,1.431375,2.699653,0.710666,0.556712,
2.860574,2.915601,3.039230,5.001111,3.349769,3.783320,3.189281,4.665781,4.787284,3.743250,2.979540,3.333676,2.769279,2.752979,3.097668,2.165974,1.866302,1.639135,1.043348,0.664307,0.560770,
2.970827,4.217713,3.940477,3.872373,7.376760,3.834011,4.252170,5.390189,3.620615,3.454962,3.439908,3.973932,3.676693,4.703693,3.688451,2.027281,1.645599,2.913360,1.212660,0.714000,0.588067,
1.697243,6.627966,3.335475,3.038930,6.590622,4.549588,4.136969,6.451610,3.531835,4.011069,3.889914,6.091596,2.869142,3.418795,2.951113,1.920520,2.014822,1.824642,1.261273,0.697864,0.613481,
3.644369,3.298038,2.962699,3.234678,5.316938,3.892754,3.457641,5.327842,4.625067,3.869308,6.986760,3.462290,2.819929,2.980708,2.803986,3.455494,2.261527,2.555344,1.338194,0.953499,0.362361,
2.547019,4.328715,3.276323,4.219754,3.703099,5.568944,3.952737,3.485164,3.537845,4.273719,3.458595,2.919228,3.084483,3.587005,3.218316,3.296291,3.361606,1.640526,1.142905,1.002240,0.872759,
nan,4.461236,3.062637,4.254458,2.679593,4.778025,2.900669,3.321246,4.079216,4.285954,3.562036,3.089499,3.718689,3.241980,2.732733,8.341572,2.204422,1.985348,1.368002,1.073078,0.775864,
nan,2.591719,2.645927,2.576851,2.381533,2.486467,4.228264,5.184895,15.720895,4.152390,4.631302,3.261935,3.987868,4.648247,5.865329,2.928853,3.086149,1.672747,1.736206,1.368304,0.741403,
nan,9.748177,3.044186,4.169436,2.736642,2.314118,44.978035,2.379652,2.331326,4.579670,2.341648,3.152453,3.191791,2.692114,2.820910,4.435554,3.247265,2.032841,1.726562,1.485008,0.534049,
nan,2.638965,2.547333,3.002172,4.436185,3.304289,1.845564,2.370130,3.293200,8.300237,2.698778,1.845874,1.589879,2.054535,1.223405,3.085380,0.787377,2.198771,1.671876,0.844165,nan,
5.645651,6.098635,3.442908,3.164351,3.039793,11.328526,3.166266,2.910516,27.980787,2.779813,2.957897,4.268637,2.316669,2.452952,2.143130,2.461705,1.584685,1.479746,0.796875,0.549030,0.367919,
2.784233,3.661139,2.247733,3.351753,3.598429,3.065004,4.136759,2.730818,2.557605,3.246464,2.713250,3.586245,3.386839,3.195348,2.056602,2.288121,1.473136,1.458144,0.875060,0.679417,0.334908,
3.667261,4.172383,3.140814,3.441717,3.704114,8.727791,2.972339,3.051524,3.410113,2.904330,3.074678,2.882300,2.906032,5.201529,2.790311,1.565058,1.341574,1.029716,0.915827,0.528723,0.533641,
2.719004,4.577223,2.873375,3.206087,3.586461,3.655570,3.489579,2.965044,3.021414,2.748174,4.210945,3.660324,96.138283,2.820308,2.148684,2.237348,3.028266,1.024374,0.751052,0.573382,1.145674,
4.679283,3.235369,4.255332,3.528624,4.905743,3.325477,6.979998,3.892339,3.157145,2.914824,3.209839,2.789787,3.114238,2.764374,2.485555,1.448071,1.438565,1.224212,4.080822,0.576863,0.737759,
2.847627,2.588092,3.720312,3.663338,3.242703,2.994291,5.863462,5.882266,3.454005,4.518687,2.543425,2.539357,2.717332,3.719958,3.620662,1.506076,1.774217,1.046027,1.045446,0.699601,0.393932,
5.853667,2.934909,3.570132,3.766308,4.795811,4.727323,3.902620,3.302968,2.944915,3.223491,4.735082,3.116925,2.659631,2.420512,2.167128,1.559110,1.489684,1.449602,0.718988,0.408865,0.353406,
2.730020,3.085017,3.101667,3.655748,3.317590,3.198755,4.189471,2.865040,3.676784,2.905480,2.666996,3.497541,2.573651,2.411418,2.378565,2.077307,2.785644,1.160995,0.932703,0.581040,0.335312,
3.383273,3.016330,3.067501,3.937340,2.977557,3.402599,4.100820,2.968514,3.285590,5.307395,3.600382,3.736522,9.610578,2.082328,2.937975,1.888182,1.933354,3.498181,0.941230,0.578784,1.140947,
3.015599,2.940553,4.935611,4.140528,3.127720,3.752693,2.943720,3.345058,3.768492,3.152451,3.383863,3.277331,2.924450,2.327096,2.312606,2.184093,3.574084,1.745289,1.318919,0.668782,0.595206,
3.420926,2.797748,6.646101,3.833705,3.249139,4.116687,3.646677,4.164852,3.617040,3.338389,2.857226,3.202401,2.829931,3.296877,2.222970,1.885002,1.892097,1.392085,2.148220,1.264791,0.479093,
1.798037,2.657012,5.818913,3.360075,3.116848,3.939030,3.375791,2.986916,5.452389,3.740038,3.485226,4.281977,3.412181,4.040746,4.238143,2.146505,1.877466,2.029394,1.150772,0.782412,0.555911,
8.675767,3.690175,4.501239,2.984610,5.959061,3.321768,3.150583,3.148713,5.239724,3.244483,3.352902,3.323833,2.734988,2.790066,3.132130,1.884961,2.093950,1.828821,2.222567,0.706004,0.585367,
2.901024,4.180929,3.144396,3.714305,7.629067,4.141168,2.889190,3.372804,3.676321,4.077540,5.073586,2.815075,2.683885,2.720429,3.294216,2.946011,1.913448,2.590263,1.282936,1.137282,0.697183,
nan,3.407664,3.899516,3.595972,7.208386,4.971411,4.035294,3.248667,2.824281,3.937798,8.228663,4.178516,3.287572,3.932908,3.134760,2.857923,2.946678,1.712982,1.321883,0.994566,1.249019,
3.030860,3.185831,2.489554,4.150712,3.507349,3.728473,3.599372,3.366977,3.983987,3.523661,3.199552,3.947160,3.998367,3.353940,14.507415,2.759779,7.167556,2.017268,1.473268,0.988496,0.645759,
6.742890,11.172127,2.611297,4.115839,3.665476,3.441018,3.267403,3.539555,2.737986,2.193087,3.988889,3.029623,3.195056,3.894406,3.453762,3.723086,2.169325,1.864379,1.608908,1.330245,0.829198,
nan,1.383703,nan,2.036971,nan,3.672559,2.786911,1.842105,3.545687,2.074920,3.669911,3.026787,6.248529,4.072603,1.970279,2.426028,2.697248,1.321548,4.029510,1.451345,0.953919,
nan,2.697355,3.325549,2.839478,4.128387,3.113195,3.355245,2.040316,4.555079,2.181430,2.291621,3.891832,2.233834,2.299467,1.513697,1.953646,4.719599,0.940003,0.361985,0.261864,nan,
2.572142,3.873350,5.743841,5.850558,3.261252,3.896905,2.829262,3.221482,4.214918,2.912694,3.237060,3.250119,2.448530,2.422918,1.634326,1.441312,2.111116,1.226182,0.655992,0.513602,0.209903,
2.840266,3.255549,4.049194,4.281037,3.803835,10.261546,3.303478,6.535800,3.150210,2.816401,3.154408,2.789835,6.618053,1.985674,2.282837,1.865582,1.263983,0.962698,0.838810,0.668869,0.355554,
3.029155,3.044552,3.320423,3.304804,5.159619,6.671650,3.487419,3.729274,4.841691,3.088537,5.040582,3.340574,2.752090,2.679558,131.887695,2.467041,1.568384,1.623505,1.751353,0.687594,0.552516,
2.690320,2.627231,9.838302,3.073271,3.828977,6.158888,3.167692,2.952789,3.126264,2.816810,3.619673,4.129215,43.193817,2.405776,2.071929,1.570027,1.595596,1.006200,0.666463,0.540934,0.281325,
2.306963,2.818517,4.519419,3.529944,3.163057,3.623327,2.765586,7.011301,2.800177,3.036213,3.335864,2.850747,3.329114,2.604161,2.430743,1.806417,1.697052,1.378364,1.026511,1.077523,0.360492,
3.363377,3.665514,3.239604,3.071826,3.425684,3.084558,2.705755,3.986474,3.142383,3.138623,2.682968,2.783916,2.784149,3.939108,2.200004,1.798240,1.450972,1.115613,2.704702,0.540938,0.420515,
3.636828,4.415836,3.081180,2.908036,3.250185,3.034841,3.959671,2.969950,2.685209,3.612025,4.352725,2.888103,2.988569,2.432084,2.235385,2.210362,1.810341,1.405598,0.948104,0.730632,0.610950,
2.614171,2.780763,3.532475,2.985996,4.163017,3.075703,3.204522,2.903476,2.540177,3.643661,2.680438,2.618757,2.574633,2.649045,2.327710,1.805818,1.543509,1.299501,0.927604,0.606519,0.338972,
2.797102,2.929053,3.479169,3.071295,5.047988,3.824584,3.385669,3.053064,4.136327,4.269331,3.290113,3.550558,11.215094,2.776102,2.035387,2.157640,2.831907,2.639280,1.448366,0.572193,0.593583,
3.089514,3.699277,3.615503,3.150160,3.881033,3.750945,4.096780,3.891826,3.275366,3.338643,2.832100,3.027749,3.309424,2.388566,2.189699,1.754627,2.383229,3.081467,1.019825,0.617766,0.716332,
2.358427,2.951797,3.878810,4.551380,3.500391,4.663579,3.255242,3.283291,4.803027,3.980037,3.209455,3.168963,2.989493,2.975839,2.312491,2.037100,2.859521,2.153174,1.982076,0.748565,0.705339,
2.905294,3.505474,3.803156,11.053253,3.302613,3.633545,4.063881,3.834760,4.249934,3.643340,3.533988,3.511980,2.871093,3.415521,2.838909,2.076194,2.037964,1.561928,1.559555,2.299444,0.522959,
2.815153,2.793394,4.640817,19.980665,3.494128,3.924390,3.397381,4.468943,3.456659,4.835911,3.440955,3.403346,2.902557,2.843550,3.222039,2.410548,1.971921,2.148898,1.897124,1.025532,0.517696,
1.700926,4.103692,4.979729,3.644439,4.373277,4.289297,3.599400,3.407875,3.725346,3.816050,3.902214,5.861807,4.104017,3.251761,3.132282,2.800780,2.047924,1.602154,2.771076,0.919331,0.531255,
1.995079,3.254627,4.600168,2.660553,4.776162,4.496745,4.279856,3.945746,3.356411,3.291608,3.730577,5.949351,3.573324,3.422243,5.053477,2.959943,3.268571,2.151194,1.560953,0.925644,0.781324,
nan,2.405426,3.869685,3.206562,10.655622,8.182268,3.569675,3.524162,4.306863,3.764564,3.231280,5.609549,4.056163,3.728408,7.130942,14.016479,2.336889,2.044931,1.355569,1.016073,1.399077,
3.366551,4.608826,9.292617,5.247147,3.862320,4.489338,6.446362,3.137130,3.394989,2.844297,3.639540,5.317728,2.826831,6.333106,3.039653,8.879202,3.210777,1.964061,1.672539,1.560441,0.907970,
nan,90.469330,11.720016,6.047025,2.293703,1.983974,3.270320,2.208973,5.109119,3.286656,4.500655,2.701701,6.957238,3.107879,5.275638,2.015701,1.740942,1.838696,3.193848,1.220434,1.078144,
nan,3.536136,2.864704,2.433974,2.852350,3.788474,2.047396,3.839981,6.849758,2.645204,4.350367,1.503769,1.584754,1.990228,1.501279,1.354957,0.825235,1.386886,0.831669,0.343450,nan,
2.957758,2.675614,2.956510,3.558946,3.202942,3.059311,2.914677,4.592642,9.792867,3.110963,2.961035,2.541547,12.938853,3.789930,2.106826,1.587415,2.651582,0.957898,0.592826,0.361557,0.719589,
2.429957,3.088972,3.133343,7.228864,3.488624,3.812814,3.001460,4.223499,2.754807,3.656619,2.482949,3.085895,5.391385,4.891733,1.956698,2.496745,1.591814,1.052617,0.836349,0.608001,0.425204,
2.076278,3.131144,6.836556,nan,4.680300,3.906317,2.961498,3.891617,3.153552,2.762901,4.508337,3.531247,2.782319,3.383179,1.749787,2.295225,1.443760,1.198206,0.928995,0.850713,0.479618,
2.344841,3.448663,3.122999,3.816686,5.111857,3.526519,3.471620,3.819981,2.982056,3.430395,2.956344,5.634511,2.298267,3.199572,2.767285,1.875866,1.553731,1.264653,0.744683,0.827256,0.431960,
2.206513,2.687807,3.419851,3.068325,2.905342,nan,5.529584,3.083414,3.302348,2.664757,3.188827,3.043924,74.422012,2.584100,2.774727,1.907051,2.079571,1.188592,1.095011,1.365291,0.700823,
2.584657,2.785352,3.699178,2.649287,3.164366,3.327925,5.188711,4.241306,3.352143,3.085571,2.654086,2.421887,3.064647,2.831476,2.455619,1.592087,1.529775,1.209551,1.402269,0.588642,0.560799,
3.241046,2.392707,4.173068,2.900527,5.125084,3.142162,4.082072,3.880404,2.977781,2.852345,3.530477,2.512954,4.087383,2.453964,5.144607,1.618860,1.547692,1.167696,1.461589,0.661086,0.379125,
2.844277,6.081420,4.312206,3.457180,3.570368,3.549572,3.311272,2.878803,3.293766,3.196986,3.585148,3.316421,2.813385,2.147699,1.871097,2.070182,1.692588,1.297493,1.173537,0.910824,0.439942,
2.496749,4.004218,4.866642,2.649335,2.992997,3.728099,4.604456,3.660014,4.612683,3.847520,3.305579,3.157914,3.022721,2.522888,2.210585,1.933501,2.028258,1.127500,1.297267,0.714827,0.347516,
4.652880,2.553115,4.770804,2.774592,3.182768,3.477495,3.481863,3.999965,4.265605,4.318766,3.581410,3.548337,4.569220,3.303874,2.104967,2.195410,1.699163,1.557451,0.909621,0.660371,0.655211,
3.810218,2.936776,3.715406,2.635662,2.998801,4.104518,3.803293,4.801151,3.405130,3.407160,3.241515,3.380674,2.987313,3.153408,2.294212,2.023949,3.062625,2.845201,1.645502,0.789647,0.539686,
1.966154,2.912086,2.864858,3.951373,3.586564,3.943924,3.358531,4.002298,3.425341,4.363166,4.021024,3.419771,2.562480,3.422410,4.923188,2.288511,2.850601,2.199100,1.556848,0.684530,0.768354,
3.434710,4.136572,4.881057,4.538923,3.646204,3.850982,3.582949,3.379595,3.417381,3.676049,6.259906,4.464795,3.142283,2.712808,2.971022,2.694520,2.119184,1.845178,1.231747,1.996039,0.488199,
3.109704,3.652158,3.119831,3.334560,6.053889,4.497042,3.430027,3.553923,3.608475,3.469711,3.386193,3.590353,4.157938,3.141510,3.071038,3.132294,2.047222,2.327199,2.926416,1.461084,0.448263,
2.341939,2.772722,2.976398,4.715413,4.032517,3.316911,3.729902,3.601052,4.008774,5.326075,3.368367,3.987998,3.422296,3.470647,5.392412,3.107538,2.666785,2.125608,1.668345,1.431111,0.736951,
3.602612,3.739882,4.665771,4.700144,4.542500,2.717460,4.628436,2.798506,3.362768,3.661085,4.390383,3.777509,4.092019,6.736955,5.585733,6.052113,2.525573,1.998145,1.541282,0.992930,0.824279,
1.976686,2.421590,2.729155,2.964752,4.338677,3.504727,3.066957,4.450459,3.177554,3.459297,4.314488,4.023979,3.832510,3.448886,3.249535,3.116242,2.377797,1.869768,1.998737,1.103284,0.668657,
nan,nan,nan,9.421412,3.473447,3.150504,2.700285,3.803155,2.665898,1.619570,3.174486,2.232045,3.599772,2.387507,115.692436,3.078531,2.344660,1.499797,2.189083,0.919645,1.135401,
nan,4.002521,2.531242,2.202386,2.637159,2.346543,2.829154,2.958871,2.463818,3.974339,2.214599,1.695886,1.755965,1.605517,1.301512,1.826591,0.856644,1.825021,0.913909,0.655958,nan,
2.913720,2.324235,3.299838,5.907790,3.108242,3.120272,4.593434,10.762783,2.929221,6.359119,2.574760,3.433381,2.791259,4.330963,2.025186,1.830392,1.473936,0.791659,1.388141,0.366354,0.862755,
3.517614,3.359682,3.321108,3.986435,3.844255,6.358881,6.637149,3.049076,3.215430,3.000884,3.535964,2.276825,4.513309,2.716063,1.961086,2.025267,1.168126,1.095024,0.612576,0.643076,0.515908,
2.057047,3.097809,3.454660,2.905561,3.882332,3.392587,3.139910,4.911783,3.746977,3.587541,2.986987,2.862946,2.907737,5.679444,475.048859,2.968238,1.483952,0.994799,0.837112,0.866958,0.273598,
2.427982,2.568415,3.889171,3.453270,3.539802,5.446132,3.476352,3.162381,3.833077,2.799217,4.123316,3.119796,2.681339,3.306618,1.979571,2.140576,1.717571,1.276108,3.274881,1.010927,0.449323,
2.755502,2.916387,2.938442,2.721415,3.070770,3.533195,2.820996,4.466125,2.949391,2.790043,2.777219,5.106064,29.113995,2.345853,1.872851,1.751870,1.831224,1.122890,0.734276,0.583455,0.473870,
2.009767,3.545622,2.832706,2.982665,7.158937,3.367240,nan,5.828844,3.193317,2.920133,3.264302,3.391009,4.314637,3.210956,3.211194,2.189555,2.054480,1.183135,0.867840,1.325616,0.345705,
2.132820,3.192459,2.643075,3.314259,2.976493,3.680080,3.815074,3.029456,2.805592,3.591335,2.727052,2.851815,3.042161,4.221895,3.909986,1.652850,1.523774,1.254337,2.524519,0.852400,0.481295,
3.452286,2.957447,2.867341,3.252030,3.112797,4.011285,4.798370,3.132952,3.341114,3.172473,3.968017,2.556818,3.126938,2.448133,2.173948,1.646584,1.590895,1.457907,1.926390,0.620962,0.320492,
2.869724,4.617673,3.315089,3.669325,3.298887,3.382101,3.371436,3.809834,3.038159,2.764331,3.082377,2.737349,5.099517,2.333522,2.419815,1.891937,1.805447,1.375948,1.167803,0.688325,0.411970,
2.361559,3.203647,5.180483,5.370423,4.589167,4.326878,3.310398,4.151687,3.458391,3.913897,3.004564,3.840904,3.355097,2.814637,2.137845,2.146981,1.986599,1.207226,1.072728,0.626454,0.307700,
1.313866,2.450875,5.569358,11.053097,4.014550,3.804209,3.236345,3.274762,3.317171,3.189246,3.583852,3.397703,3.060734,3.433209,2.205904,2.211266,2.308933,1.702462,1.348229,0.719515,0.550860,
3.412487,3.458259,4.264822,12.238358,4.108787,3.622125,3.404290,7.306689,3.954267,3.534630,3.390170,3.295848,2.608305,3.958972,3.661540,2.171129,2.581609,2.669741,1.136972,1.439445,0.991254,
2.975166,3.592035,3.807821,4.473928,5.976728,5.433677,3.607130,5.644397,4.971428,3.381665,4.405954,4.406116,3.443950,2.814917,3.070643,3.088972,2.182721,1.730413,1.651971,0.997374,1.599165,
3.140672,3.307710,5.206546,4.453243,3.959269,7.272192,3.149436,5.050226,10.118831,4.158582,3.525293,3.981270,4.950132,3.211356,3.232280,4.458792,2.210637,1.854742,2.337343,0.953980,1.237000,
8.403274,3.213419,2.958743,4.044918,11.370376,4.198195,4.952628,4.159415,3.901091,4.225733,4.242101,3.315064,5.677653,3.962140,4.540734,4.030766,2.448914,1.894907,1.531433,2.773780,1.397382,
11.406008,4.187201,6.892095,4.209313,7.897325,3.822337,3.317501,2.854502,3.496547,13.607875,3.458129,4.220510,3.281630,4.183695,3.219062,3.494848,2.476551,1.833825,1.873354,1.645449,1.388190,
1.833283,6.033252,3.325039,2.681060,4.395535,4.345902,3.807578,3.885119,3.744760,3.178113,4.655997,5.792243,3.783329,3.684727,3.373051,3.210263,2.531595,1.907313,2.274202,1.090372,0.799227,
nan,nan,nan,2.619443,2.554243,3.442559,2.602476,4.808847,2.697098,3.308791,3.992154,2.961518,2.959681,2.774187,4.822175,2.755731,4.329280,2.068119,1.475440,1.101783,0.795690,
nan,2.866760,3.216159,2.793252,4.285212,7.235535,3.642564,2.060375,2.486866,3.194939,2.330890,8.149884,2.268370,4.651541,2.198614,3.105450,1.151143,0.639646,0.465156,0.377101,nan,
2.915291,2.324073,3.161740,3.108835,7.124947,3.193113,3.018177,5.606306,5.270513,3.523794,3.062387,6.955181,2.712373,2.360425,2.372942,1.572686,2.121857,1.440606,0.656405,0.789197,0.308429,
2.313618,3.193928,3.880716,3.117533,4.174430,3.807689,6.840004,2.835627,12.828567,3.317177,2.814480,2.786565,2.348685,2.697947,2.072579,1.644737,1.449076,1.472377,0.663339,0.505480,1.382236,
2.267596,2.753490,3.625685,3.337596,4.597737,8.873352,3.576277,4.586513,3.161618,3.352558,2.663639,2.719212,5.243300,5.145470,1.966145,3.025553,1.280928,1.126512,0.674289,0.555559,0.660951,
1.821574,3.881998,3.197324,2.895429,nan,3.545487,3.131229,3.634689,4.626886,2.718578,3.965974,3.679005,3.051755,5.572844,542.796509,3.972338,1.388692,0.995645,0.714603,1.038569,0.280001,
2.524143,4.299699,3.100740,2.941808,6.891821,3.014482,5.044724,3.085218,3.217545,4.029454,2.985504,4.501705,2.533284,3.455513,2.454086,1.898126,1.721699,0.968065,3.079900,0.761528,0.383564,
4.010037,3.145803,3.279056,3.061917,3.773595,3.783578,5.588427,4.201529,3.374614,2.625049,2.768603,3.087821,71.735146,2.393025,2.478449,1.903324,2.263508,0.994932,0.744198,0.492149,0.491566,
1.912109,3.956002,3.495851,2.611286,3.257728,4.751978,4.740816,2.920779,2.994689,3.076034,3.337244,2.658668,2.903658,2.519835,3.653040,1.647733,2.660622,1.408273,0.766504,0.636699,0.457441,
2.548708,2.707489,2.750880,2.633333,5.278779,3.783249,3.140348,5.163402,3.393435,3.009631,3.437437,3.196772,3.611393,4.383914,2.401870,1.715416,1.504131,1.180405,1.040986,1.293209,0.469204,
2.455834,2.837132,2.958737,2.678603,5.770803,3.870696,3.238365,4.084933,6.471831,3.486048,2.965618,2.932850,2.991189,2.451867,2.140239,1.863065,1.379763,1.767674,1.381278,0.651811,0.421153,
3.977402,5.767160,2.915898,3.033056,3.269850,4.348146,2.928200,4.452014,3.303241,3.521560,3.411392,4.502162,5.127336,2.386666,2.363828,2.034325,1.685756,1.655440,1.175402,0.731903,0.475885,
6.603821,3.242206,3.057163,3.389101,3.240693,6.039546,3.406778,8.334471,7.241991,3.262625,3.598088,3.787896,3.186968,3.726104,2.464340,2.678468,2.238278,1.507547,0.906022,0.696370,0.418674,
4.417423,2.812870,3.047794,3.336559,3.928010,4.791066,3.837587,6.926107,4.993897,3.197906,3.933176,3.544535,2.559140,4.006240,2.987257,2.269788,2.290345,2.145997,1.050622,0.763002,0.771988,
1.622428,3.471577,3.647035,3.977454,4.943881,4.787722,4.193727,11.650464,4.405255,3.406477,4.194027,4.645995,4.306087,3.082327,3.162570,3.346192,2.640026,2.450048,1.624239,1.771570,0.840253,
2.258473,2.999873,2.954543,3.609778,4.820991,4.592135,5.268528,6.086431,4.332173,5.046866,3.297229,3.373014,3.740519,3.182721,3.670541,4.329944,2.488116,1.742533,1.403173,1.640768,0.872979,
3.162801,3.879321,3.091071,5.021296,4.444248,4.694530,12.866342,3.724974,17.208729,6.409494,3.780391,3.450560,3.307113,3.583375,3.792188,2.687310,2.483975,2.168659,1.842624,1.683285,0.693523,
3.161595,5.570026,4.337364,3.702168,5.542603,4.558409,5.738528,6.309623,4.343395,4.072013,6.118245,4.066400,5.995492,3.587605,3.342535,3.101818,2.336869,2.102970,3.140130,1.806112,0.872640,
nan,2.054974,5.303099,2.905846,4.222034,3.383116,2.752166,3.222535,3.253382,4.251356,4.465107,3.568120,3.686345,5.950605,4.124070,5.747174,3.830915,2.463944,2.082489,1.468959,1.308453,
nan,nan,2.888589,nan,4.061990,3.721745,1.974007,4.792498,5.176621,3.477088,6.398198,2.299242,3.540064,5.334121,3.235965,2.613362,3.025689,2.671219,2.678447,1.171036,1.074496,
nan,4.362719,2.619280,2.483238,2.309081,3.027865,4.885810,13.886485,4.785821,2.367488,2.535515,2.550087,2.950968,1.801929,2.167864,1.120784,1.070185,3.893230,1.726183,0.948255,nan,
2.300511,2.354657,3.087742,3.350859,3.195017,3.332284,3.735253,3.743793,3.226868,2.930632,2.646993,3.565774,3.894144,2.507333,2.230451,1.618301,1.459303,1.031772,0.966142,0.625013,0.562034,
2.127006,3.120305,3.387681,3.519908,3.087942,11.795826,2.812676,3.261282,6.666277,4.395563,2.796885,3.125515,5.045441,3.333164,2.083706,1.867527,1.965680,1.012757,0.683803,0.496120,0.523608,
2.430756,3.585587,3.212142,3.525959,4.970258,4.043425,3.506049,3.101381,2.793185,2.950185,2.935810,2.629074,3.567953,2.496740,2.247839,2.105174,1.242558,1.176586,0.591460,0.554087,2.200473,
2.221280,4.687895,3.155517,3.338283,3.773362,3.317944,2.992097,3.550801,3.298253,3.302503,2.906397,2.581610,2.995018,7.328816,2.094466,2.388338,1.294103,1.195946,0.686946,0.617839,0.836407,
1.892300,3.465566,3.945266,3.029983,3.265307,4.252301,3.298032,3.190997,3.712386,2.923480,3.046640,3.923575,4.213131,3.751268,193.188705,2.502015,2.341944,1.101745,0.668742,0.981263,0.400781,
2.420005,2.950929,4.364149,3.328961,3.873338,5.513325,nan,5.702309,3.073564,3.312221,2.835716,3.603480,2.989090,3.153861,2.328186,1.759653,1.978932,1.013343,1.273426,0.909130,0.309464,
4.580672,2.737024,3.309572,3.328791,3.978437,3.969603,3.592161,3.183361,3.036665,2.841308,3.926143,3.265938,49.177902,2.424967,3.561054,2.260981,1.878077,2.031940,0.830070,0.675855,0.312222,
1.877649,3.170005,2.957803,3.780872,4.676320,3.592762,3.311690,4.157547,5.956141,2.905863,3.531991,2.793408,3.244314,2.995749,2.865284,1.869871,2.296740,1.631817,0.799662,0.773717,0.465898,
2.632237,2.852168,2.822971,3.438699,4.841005,4.471325,3.769276,3.263015,3.332957,3.972663,3.754246,3.157626,3.650255,4.025235,2.273379,2.149033,1.521096,1.451557,1.029019,1.512565,0.461624,
2.473516,2.508466,2.835786,2.744397,5.570220,5.323548,3.521316,15.794641,3.707942,3.082699,3.462325,2.851766,4.154555,2.433422,2.134072,2.089336,1.320150,2.005373,1.145415,1.036050,0.330569,
4.331063,5.313355,2.825532,2.827909,5.632654,4.032644,3.937346,4.485434,4.314602,2.968735,3.770466,2.721272,3.948515,2.768735,2.270322,2.290772,1.567372,3.381960,1.239004,1.012812,0.537099,
4.925894,4.330411,2.888259,3.139047,6.563016,4.036681,4.266685,4.953931,3.671166,3.097776,3.369095,5.224971,2.670902,4.101898,2.821257,2.599069,2.436315,1.705045,1.477820,1.091129,0.507296,
2.711234,4.011020,3.162849,3.434213,3.277439,4.952014,3.964010,5.228454,3.648331,3.370268,3.415626,3.264235,3.761673,3.571062,3.479549,2.319930,2.297051,2.110700,1.005016,0.754506,0.639038,
nan,3.640260,3.263786,3.025380,4.778763,6.145487,3.789412,4.377898,3.756009,3.733007,3.375849,3.319819,4.627362,4.220847,3.254727,2.627126,3.653409,2.357514,2.486804,1.127236,0.868363,
2.508570,4.031143,3.517412,3.312731,3.638894,3.706924,4.270454,6.113297,5.872977,3.769787,3.971887,3.027703,4.098538,3.895473,3.215212,3.257608,2.393337,2.095976,1.773810,1.310760,0.843317,
nan,2.364404,2.994585,3.765475,3.822339,2.911640,4.827985,3.564421,4.068512,3.329279,3.430452,4.019382,4.782688,10.283115,3.798284,4.253376,2.470271,2.119010,1.738054,1.826831,3.085050,
2.692619,3.896606,2.776427,3.346157,3.581074,2.440879,3.451582,3.802348,4.652372,4.681178,4.329043,3.359209,2.927076,3.287735,4.101003,6.349122,2.924847,2.719063,2.108599,1.614940,1.203823,
nan,nan,nan,3.473657,3.289042,4.437469,2.817225,7.258808,2.778032,4.153993,2.687297,4.619235,2.413871,4.258010,3.771026,2.518435,4.110226,2.098711,4.317911,1.287840,1.076021,
nan,3.183510,3.624517,4.149388,3.349797,3.316680,2.992224,1.637509,3.032064,2.532095,2.179616,2.003907,1.893315,1.648302,1.705819,1.289438,1.765022,7.559189,0.406806,2.050983,nan,
3.245946,3.963399,3.475254,4.032286,3.354578,3.385113,2.998147,3.077424,3.391473,3.182972,2.869807,3.323618,2.067463,2.582470,3.857326,2.105314,2.496170,1.561084,0.809240,0.554973,0.384543,
2.884898,3.068341,3.275681,4.489459,4.950008,3.138234,3.082346,12.151002,4.459143,3.092344,2.768671,4.229510,2.862357,2.089049,2.013738,1.760900,1.376818,1.391921,0.865947,0.433336,0.560451,
2.706334,3.618009,3.404867,3.527891,3.909004,6.062647,4.461321,3.334937,7.710312,3.551757,2.711310,2.743564,3.049651,2.708820,2.274570,1.790917,1.418964,1.584811,0.682681,0.723688,0.522845,
2.401648,2.630798,3.263855,3.178435,5.404427,4.613409,3.339326,3.922930,2.814473,3.163318,2.725085,2.476038,3.273944,2.801840,2.229248,2.049946,1.397682,1.277063,0.681128,0.479038,2.745882,
2.466942,2.631990,3.055877,4.507552,4.089232,4.890976,3.425857,3.270034,3.195604,3.222704,2.676711,2.694274,2.906749,7.551895,1.858316,2.534531,1.399285,1.002651,0.648702,0.471095,1.728492,
2.168080,2.752137,3.256548,3.595389,3.713259,4.484765,5.840090,3.585230,3.176857,3.084254,3.059207,3.475732,6.883634,7.709476,116.597191,2.299635,1.475155,1.094892,0.651492,0.675246,0.605772,
2.117299,2.495550,3.033256,3.115113,3.511778,3.951760,3.499751,3.672479,3.050374,2.872674,2.674543,3.314150,10.438203,3.171436,30.581890,1.912098,2.182128,1.291407,0.792402,0.949961,0.536891,
1.754338,3.220992,2.931977,4.242697,3.325411,3.927443,3.407068,3.064381,5.688021,3.249644,3.388896,3.493555,9.798730,28.742317,3.514643,1.779360,2.560424,1.243252,0.809535,0.604025,0.409961,
2.278383,3.341537,3.107861,3.765190,3.358998,3.739217,3.518579,14.840771,3.422920,2.447847,3.378579,3.853849,6.793598,20.606241,2.467432,2.218267,3.987657,1.296036,0.976256,0.561438,0.397570,
3.111066,2.423537,2.983226,3.576686,3.664459,3.596211,3.705435,3.721799,3.240293,3.208643,3.552362,3.730769,3.502484,4.872414,2.661910,2.415466,2.833636,1.444828,1.127532,1.990322,0.497199,
2.794801,2.708298,3.324103,3.022418,4.233375,3.825965,3.923076,3.005559,3.123645,3.639190,3.519253,4.584783,4.424562,4.003086,2.299326,3.030331,3.736662,1.847435,1.221661,2.283059,0.666864,
1.893202,3.152004,3.521909,3.042270,4.677659,3.784286,3.602885,3.291317,3.597807,3.600573,2.977409,4.297587,2.975735,3.551228,2.388566,2.291168,1.766878,2.745329,1.284318,1.197746,1.725125,
2.154335,3.605292,4.023962,3.439521,3.682566,4.272291,3.812597,3.210741,3.485197,5.128924,3.541488,4.886983,4.565922,3.182603,3.298169,2.412893,2.101877,2.376461,1.716336,1.304814,0.907856,
3.116430,4.166541,3.717432,3.875855,3.104891,3.786488,5.760472,3.355971,3.519396,3.543019,3.745524,4.380358,5.238807,3.896483,3.218292,2.880777,2.040551,3.084358,1.578481,1.010397,0.989400,
2.398091,3.017490,3.423937,3.144981,3.141349,4.093993,4.701277,3.654168,3.629584,3.459735,11.732186,3.491127,3.871844,6.703432,4.765195,4.000047,2.863989,2.515295,3.040561,1.145682,0.975188,
2.046508,4.282446,4.931983,2.978813,3.269207,3.381659,3.898253,7.247524,3.616801,4.210227,4.201349,4.867496,3.550802,3.196969,10.228165,3.999230,2.606257,1.909548,1.916845,1.083875,0.725004,
2.234740,2.920324,4.222960,2.785996,3.691025,3.286744,3.042808,4.661067,3.369853,3.591504,3.910774,4.974532,3.465262,3.647400,3.066899,4.148832,2.632110,2.628546,1.997377,2.154787,5.510091,
nan,nan,nan,2.210019,3.576608,2.738920,4.024997,2.451390,4.848405,7.550344,3.351195,4.740692,8.183229,3.688968,2.881631,4.493344,3.565735,2.719971,1.595074,1.296562,1.138686,
nan,4.056940,3.136010,6.113151,1.921771,2.382724,3.490102,3.344280,4.011364,2.652421,2.171243,1.939110,2.540407,2.534086,2.006925,1.409520,1.227792,0.611421,0.588917,0.180244,nan,
5.065982,nan,3.420197,3.204794,3.115280,4.177215,3.136933,3.866053,3.467405,3.795068,2.660554,4.237297,2.601517,2.346044,3.579978,2.838429,1.282346,2.050814,0.767663,0.881016,0.430791,
11.213511,2.558906,2.483894,4.756144,3.379340,3.291559,3.122083,3.643118,3.338660,3.218894,2.758539,4.045762,2.386895,2.335489,2.912713,2.033042,1.839270,1.552044,0.942665,0.814554,0.436991,
22.661379,2.533697,3.121420,2.500216,3.750695,3.270367,2.965145,14.620030,4.177140,2.798827,2.720046,3.476143,2.796281,2.042959,2.160632,1.819858,1.623693,1.835531,0.827774,0.578408,0.509848,
5.623519,2.883450,3.050294,3.941212,5.534449,3.962257,3.668947,8.606822,5.144910,3.104619,2.741220,2.879267,3.160894,2.210934,2.117786,1.777339,1.576538,2.008495,1.178676,0.728363,0.379530,
2.639846,4.639345,2.975524,3.645944,3.416958,4.028484,3.237090,3.844451,3.379889,3.109155,2.662244,2.337662,4.524505,2.484071,2.360618,1.514349,1.394450,1.678916,0.919381,0.678445,0.960228,
2.781689,3.532207,3.353302,4.458851,3.119576,4.203600,3.684788,3.303120,2.869828,3.157692,2.714097,2.561045,4.594220,2.837402,2.356556,1.758958,1.582787,1.107688,0.718061,0.532969,2.005264,
2.190972,2.979884,3.141136,5.451428,2.985270,4.260525,3.389254,6.082754,3.194916,3.296081,2.932222,2.840680,3.083098,5.281378,2.421348,2.105062,1.417078,1.005071,0.677893,0.555685,1.011518,
1.772824,3.126129,3.054367,3.097049,3.198906,3.850125,3.723765,6.423125,3.665145,3.474741,2.874810,2.911499,4.662603,7.627693,18.396648,1.809575,2.970453,1.086927,1.042095,1.022543,0.592144,
2.205989,3.874396,3.143698,2.944784,3.620538,4.049100,3.617992,3.041541,3.209384,4.050651,3.187858,3.310667,4.044502,2.803950,35.380672,1.811315,3.084908,1.226914,0.785449,0.646952,0.678046,
1.499379,4.760378,3.249211,2.963403,3.630619,3.756204,3.375397,3.142506,3.645988,3.589320,3.386831,4.357808,4.194561,15.009156,25.027365,3.759489,4.927216,1.505104,0.834418,0.580641,0.640453,
2.722350,2.484631,2.948792,3.221726,4.327482,4.606938,3.924662,3.418104,3.653831,3.403315,3.194018,4.140927,3.901758,10.578867,3.419869,3.280678,2.368663,1.615001,1.275255,0.690354,0.374918,
3.373096,2.842587,2.939071,3.423458,5.117881,4.691367,3.387267,4.453935,3.321736,3.655230,3.715710,4.219224,4.172440,4.239275,3.138476,3.014326,6.715691,2.391618,1.505641,0.718260,0.501969,
7.301981,3.449665,3.104353,3.725141,6.262287,4.271749,3.664151,4.402867,4.144330,4.113846,4.954216,3.719029,3.826978,3.420009,2.718576,2.529759,2.356667,2.636004,1.385849,0.862093,0.718845,
3.200758,3.010355,2.891728,3.336595,5.243735,6.016304,4.012336,4.387761,3.981778,4.713647,3.389501,4.328115,3.912378,4.524988,3.364985,2.569428,2.347059,4.195856,1.262492,0.992425,1.515246,
2.697407,2.757823,3.505961,4.582731,4.759812,4.804922,3.623634,3.786732,3.751949,3.984730,3.466490,4.029209,4.291337,3.519187,4.550779,3.181973,2.774375,2.569138,2.266013,1.275249,0.696201,
2.272708,3.543965,3.375367,3.677734,3.945137,3.246511,4.853336,3.871873,3.851387,3.843184,4.637794,5.012718,5.235249,5.282800,3.951579,3.436384,2.377730,2.341003,1.857218,1.606679,0.965750,
nan,3.128057,3.783057,2.797174,8.722878,5.636014,5.411097,3.149990,3.625916,3.548368,3.626225,3.307316,3.937379,4.126788,3.341207,3.043562,2.801736,2.956154,1.862184,3.434194,1.569366,
nan,nan,nan,nan,nan,2.551336,2.585266,6.635022,5.117796,3.414685,6.702372,2.874068,4.022375,5.133842,3.050479,4.169830,3.907903,2.801286,2.394838,1.594600,2.951349,
3.096012,3.408253,3.201012,3.774642,3.249209,2.856961,2.812252,3.252025,2.699593,2.912021,3.121934,3.882479,2.073342,2.613121,1.853920,1.404415,0.983159,0.914446,0.488193,0.488181,nan,
2.695892,3.300041,2.602430,3.950039,2.916755,2.690337,3.097817,2.839214,5.255464,2.565034,2.362900,16.840590,2.164742,2.148005,2.102630,1.709148,1.320045,1.277202,0.801601,0.615310,0.179869,
3.282397,3.058426,3.259991,3.315638,2.998362,3.353785,3.347028,2.839964,3.387436,3.002933,2.515370,5.638518,2.036144,2.231473,2.463942,2.236240,1.357986,1.799176,0.883814,0.655939,0.454469,
3.239409,2.949850,3.563758,3.536427,3.446835,3.087543,3.087512,3.383574,4.244027,2.994877,2.554030,3.837249,2.374525,2.367327,2.180110,2.117102,1.392997,1.539803,0.860109,0.636600,0.402164,
3.850099,2.587018,2.923800,3.307265,3.834678,3.601953,2.957976,3.138064,4.036465,2.892292,2.604987,3.334029,2.509832,2.313016,2.695559,1.873948,1.383248,0.989900,0.693261,0.420905,0.514512,
2.636394,2.374565,3.121524,3.296692,3.118741,4.289755,3.686754,5.197508,5.589296,2.844735,2.544377,3.145865,2.682890,2.026630,2.726647,1.761984,1.568136,0.876900,0.947402,0.391313,0.584365,
2.266238,3.494168,2.550414,2.610213,3.157686,4.065740,4.210645,4.527330,5.269599,2.986778,2.571082,2.579688,2.848509,2.057683,2.398371,1.592328,1.543246,1.243358,0.924899,0.780144,0.444913,
3.227866,3.615007,2.643324,2.596610,3.226272,2.855802,4.331511,4.272365,3.699638,3.157531,2.593108,2.447935,3.190577,3.074225,2.495759,1.535416,1.455536,1.178665,0.798396,0.534215,0.392868,
8.672474,2.808444,2.393271,2.443170,3.004988,2.911541,3.265378,3.243872,3.693031,3.257719,2.689707,2.343018,3.170186,2.773779,2.305295,1.636751,1.296718,1.104069,0.773915,0.528951,1.267847,
4.594942,2.591044,2.334992,2.323586,2.989092,3.260552,3.145138,3.277490,3.909879,3.802617,3.360452,2.603682,2.810498,2.865848,2.494219,1.804894,1.378300,1.181098,0.888578,0.492961,0.864933,
3.327034,4.723822,2.649044,2.507180,2.785965,3.809858,3.133924,2.722484,3.797148,3.346015,3.377988,3.019873,2.996807,2.928757,2.524588,1.903083,1.747426,1.381230,1.128267,0.514851,0.675593,
2.559952,9.352343,3.011757,2.515180,2.979141,4.480393,2.959153,2.976552,4.306572,5.051178,4.090743,3.838492,3.402056,3.660176,16.494184,2.195987,2.022338,1.375167,1.045214,0.564307,1.390326,
2.737276,7.611011,3.310374,2.279281,3.207861,4.693911,2.985828,3.290644,3.871386,6.825361,4.059020,3.436678,4.260530,5.040545,7.730762,2.767272,1.991271,1.453252,1.103578,0.717704,0.395212,
1.784762,2.923434,3.605162,2.524974,2.895261,4.106444,2.993450,3.220068,3.316871,6.468678,3.436212,3.895036,3.719114,3.974835,11.743902,3.382627,1.884631,1.716054,1.324874,0.740120,0.527297,
1.887999,2.455054,3.910179,2.552119,2.967294,5.351892,3.924415,3.452164,3.365178,5.019366,4.066572,3.818480,2.791518,5.050542,7.652846,4.488175,2.158964,1.591271,1.557287,0.863540,0.824267,
2.146204,2.506926,3.451437,3.066347,3.398038,3.338493,4.049221,3.288703,2.968728,3.394541,5.410381,3.414675,3.899338,3.181453,3.512833,3.192950,2.558494,2.200527,2.430122,1.112267,1.084134,
2.003972,2.164319,2.583910,2.472447,2.301005,4.635648,6.435349,3.012810,4.031503,3.760743,5.273887,4.144927,5.298544,3.070923,3.766433,63.498627,2.730055,2.279444,1.657784,1.483489,0.943343,
8.801729,2.878917,2.172059,3.698785,3.313221,3.000285,2.519541,8.957225,3.194269,2.867967,2.825739,3.713005,4.293267,4.386303,2.789466,3.386719,2.847446,2.608485,2.069656,1.417627,1.071130,
nan,nan,nan,nan,nan,nan,nan,nan,nan,nan,1.630514,2.352302,2.623614,2.804862,3.371117,2.768675,2.935831,2.109438,2.332453,1.756900,1.269806,
