0.355930,0.259216,0.271233,0.273201,0.265787,0.253138,0.251973,0.254277,0.218287,0.198258,0.175193,0.180541,0.142100,0.121873,0.094266,0.082336,0.060903,0.043207,0.035980,0.023884,0.011472,
0.297695,0.277186,0.279500,0.272335,0.265128,0.247870,0.243786,0.232050,0.221539,0.192225,0.177081,0.164105,0.140639,0.118315,0.099790,0.077060,0.063284,0.044526,0.036693,0.022973,0.014321,
0.288725,0.265310,0.275373,0.268846,0.255697,0.241163,0.234731,0.225189,0.211664,0.185942,0.174553,0.152145,0.137946,0.110719,0.095575,0.076232,0.064375,0.046840,0.036965,0.023169,0.015319,
0.279156,0.250206,0.261519,0.256584,0.249514,0.233474,0.224394,0.215701,0.199848,0.181683,0.168894,0.149540,0.131315,0.109022,0.091497,0.075534,0.064896,0.048991,0.038541,0.023630,0.016037,
0.263858,0.239559,0.244635,0.238195,0.233855,0.217458,0.216511,0.205431,0.189732,0.174065,0.160274,0.144747,0.124096,0.107228,0.089837,0.076613,0.067524,0.052003,0.039693,0.025257,0.017329,
0.232885,0.227720,0.227744,0.222361,0.217997,0.201382,0.200244,0.190081,0.178530,0.163978,0.149939,0.139775,0.121129,0.104270,0.090536,0.079280,0.070392,0.056077,0.042599,0.028137,0.018481,
0.209038,0.207189,0.208766,0.202309,0.197386,0.185766,0.185800,0.175046,0.164898,0.153235,0.140328,0.132111,0.116080,0.101864,0.092564,0.083155,0.075832,0.061551,0.047285,0.031713,0.020374,
0.184262,0.186614,0.190328,0.180941,0.175702,0.168690,0.168985,0.159338,0.152613,0.142804,0.132660,0.124188,0.113037,0.104384,0.095861,0.089100,0.084073,0.069907,0.055370,0.036667,0.022741,
0.166986,0.166633,0.172103,0.163222,0.157846,0.152352,0.153570,0.146292,0.141767,0.134054,0.125753,0.119742,0.113834,0.108392,0.102085,0.098404,0.096260,0.081647,0.065964,0.043161,0.027436,
0.159494,0.149631,0.153482,0.147901,0.143649,0.140085,0.141561,0.134973,0.132469,0.129015,0.123886,0.120075,0.119244,0.118912,0.116028,0.114508,0.114454,0.100789,0.079716,0.051954,0.032865,
0.144798,0.137479,0.138837,0.136667,0.132567,0.131650,0.134875,0.128369,0.130153,0.126672,0.125992,0.124508,0.130591,0.133723,0.136635,0.140071,0.143745,0.128758,0.102220,0.064384,0.039440,
0.133967,0.131243,0.128524,0.126921,0.125832,0.128958,0.131859,0.127483,0.133410,0.133082,0.136830,0.139237,0.151769,0.158916,0.168902,0.179204,0.184549,0.169069,0.132935,0.085263,0.047869,
0.120762,0.132224,0.126401,0.122544,0.123848,0.131217,0.131475,0.130396,0.137571,0.142498,0.155400,0.161170,0.178640,0.196307,0.218494,0.234305,0.247128,0.226801,0.177715,0.107358,0.060487,
0.119211,0.127896,0.126854,0.120769,0.125456,0.137401,0.140917,0.143330,0.155824,0.159478,0.180057,0.197546,0.219815,0.249866,0.284980,0.308302,0.327744,0.309039,0.230303,0.131997,0.069245,
0.120562,0.113607,0.127770,0.124021,0.134034,0.144896,0.149738,0.159281,0.176721,0.192470,0.216829,0.247473,0.286165,0.329418,0.392081,0.422476,0.452281,0.416964,0.312716,0.158034,0.078234,
0.138394,0.116129,0.122682,0.123001,0.142740,0.155103,0.167531,0.179006,0.203414,0.235954,0.271791,0.319229,0.371240,0.442871,0.516866,0.595411,0.611949,0.557973,0.378047,0.164835,0.078802,
0.133688,0.134259,0.137864,0.144800,0.173718,0.180469,0.209124,0.221074,0.246393,0.290968,0.338308,0.412555,0.499451,0.610255,0.714927,0.805129,0.836630,0.675585,0.362679,0.142700,0.071917,
0.104231,0.120417,0.117412,0.164055,0.166708,0.203907,0.223458,0.258856,0.297479,0.362201,0.431003,0.511328,0.634673,0.782703,0.950947,1.031125,0.948057,0.608201,0.247664,0.097714,0.050526,
nan,nan,nan,nan,nan,nan,nan,nan,nan,nan,0.527739,0.696408,0.806096,0.986903,1.096443,1.092481,0.786965,0.329038,0.136127,0.059596,nan,
nan,nan,0.277253,0.255988,0.292836,0.262870,0.245820,0.246605,0.227749,0.195340,0.190426,0.170017,0.164672,0.127843,0.099167,0.075420,0.063299,0.050462,0.037982,0.025771,0.014713,
nan,0.286797,0.281852,0.274863,0.261023,0.247265,0.237796,0.226763,0.207854,0.193959,0.178194,0.152612,0.136400,0.113482,0.094252,0.078586,0.062061,0.046552,0.034895,0.022300,0.012529,
0.300122,0.274733,0.271706,0.263833,0.253568,0.246820,0.239859,0.221075,0.205705,0.190067,0.172420,0.155903,0.130858,0.115223,0.093445,0.077876,0.063469,0.046714,0.033920,0.021686,0.014445,
0.304787,0.263177,0.258011,0.252458,0.244314,0.236164,0.228811,0.212189,0.201691,0.183104,0.166166,0.150805,0.129387,0.111860,0.095580,0.080215,0.063734,0.049653,0.034720,0.023336,0.016579,
0.277298,0.249846,0.243076,0.236125,0.230183,0.226603,0.217497,0.200878,0.189423,0.174178,0.160385,0.142029,0.129421,0.108924,0.095483,0.081492,0.064011,0.053041,0.038178,0.024508,0.017700,
0.255971,0.231515,0.224262,0.218822,0.213779,0.209163,0.203494,0.188515,0.176002,0.164792,0.151416,0.134833,0.123448,0.107033,0.094516,0.082918,0.067546,0.056682,0.042067,0.027310,0.018507,
0.223230,0.211621,0.206504,0.200698,0.197142,0.191246,0.186768,0.175668,0.163881,0.152520,0.141110,0.129083,0.119284,0.106646,0.096045,0.085548,0.074770,0.062294,0.046524,0.030380,0.020123,
0.216675,0.191167,0.188963,0.182461,0.178923,0.173745,0.167581,0.160600,0.150349,0.140696,0.133784,0.122696,0.116710,0.107709,0.099437,0.092281,0.083124,0.071438,0.053951,0.036086,0.022677,
0.182649,0.170704,0.168763,0.165269,0.160691,0.159673,0.152567,0.147299,0.139504,0.130159,0.125644,0.120121,0.116071,0.110538,0.105642,0.102652,0.095130,0.083357,0.064059,0.042986,0.026767,
0.165245,0.153375,0.151589,0.149345,0.144650,0.145584,0.139268,0.136718,0.131625,0.126862,0.122985,0.120109,0.119947,0.119987,0.117878,0.117734,0.113834,0.100698,0.079281,0.052833,0.031837,
0.145064,0.140805,0.138519,0.136932,0.133959,0.134665,0.130681,0.130620,0.127966,0.128801,0.126701,0.126540,0.130999,0.134950,0.139680,0.142421,0.139927,0.127147,0.100789,0.065280,0.038517,
0.137075,0.134271,0.129851,0.129951,0.127101,0.127806,0.126923,0.131672,0.130056,0.133664,0.136646,0.139645,0.149301,0.159810,0.170189,0.181181,0.179168,0.166535,0.130309,0.080976,0.048332,
0.116739,0.124190,0.123065,0.126131,0.126721,0.125602,0.127114,0.135170,0.137815,0.142555,0.154755,0.162750,0.182469,0.196912,0.216404,0.232520,0.240410,0.221809,0.174070,0.102468,0.058012,
0.119907,0.122093,0.118916,0.121207,0.126898,0.129660,0.132629,0.145062,0.153956,0.162355,0.177574,0.196799,0.229783,0.247755,0.284308,0.313097,0.322366,0.303692,0.228818,0.126842,0.066050,
0.117663,0.122168,0.119318,0.125701,0.130366,0.137533,0.144902,0.163210,0.176148,0.193676,0.210902,0.242107,0.291715,0.326075,0.382123,0.424344,0.448951,0.407458,0.299655,0.149294,0.076770,
0.105521,0.113522,0.122319,0.133673,0.137743,0.153479,0.166440,0.183647,0.202841,0.235581,0.270158,0.312343,0.372643,0.446465,0.511569,0.588342,0.599786,0.545073,0.349044,0.150729,0.077071,
0.125979,0.113670,0.133770,0.142607,0.151536,0.164815,0.194854,0.219651,0.250823,0.274072,0.334093,0.418683,0.478147,0.587047,0.697044,0.786135,0.804296,0.634572,0.334616,0.140272,0.075189,
nan,0.128054,0.133960,0.145921,0.186392,0.200960,0.218905,0.258964,0.301883,0.359626,0.429325,0.518038,0.622545,0.774640,0.904314,0.982084,0.896767,0.549438,0.259010,0.111265,0.060913,
nan,nan,nan,nan,0.166390,0.225406,0.265131,0.270882,0.352662,0.432600,0.506492,0.619664,0.753934,0.922181,1.027796,1.044636,0.737132,0.433458,0.173892,0.075873,0.035992,
nan,0.288183,0.265076,0.300342,0.269744,0.248421,0.251096,0.216162,0.214712,0.196140,0.209265,0.154030,0.149319,0.126347,0.105557,0.094117,0.063459,0.055221,0.029764,0.023378,0.013021,
0.305342,0.278582,0.275955,0.272913,0.262062,0.255683,0.249442,0.227086,0.210722,0.193625,0.176485,0.158717,0.135545,0.115561,0.095808,0.080726,0.062476,0.045414,0.034060,0.020951,0.014250,
0.299426,0.277836,0.271529,0.260136,0.256242,0.249363,0.229820,0.221562,0.210628,0.191051,0.174924,0.155287,0.135298,0.112619,0.100454,0.079240,0.060463,0.046880,0.033438,0.021903,0.016379,
0.256418,0.270494,0.257044,0.251175,0.244677,0.239930,0.227510,0.214932,0.200747,0.182048,0.168343,0.145865,0.133503,0.110177,0.094762,0.078507,0.062416,0.050244,0.036207,0.022313,0.015666,
0.251838,0.252845,0.238978,0.239739,0.235406,0.226848,0.213460,0.207148,0.191995,0.172509,0.157769,0.143164,0.129420,0.108963,0.093817,0.078991,0.066280,0.052722,0.037896,0.025446,0.015804,
0.226668,0.234487,0.223669,0.225605,0.216903,0.210715,0.199291,0.192589,0.177071,0.163686,0.148936,0.136342,0.124187,0.108089,0.092892,0.079872,0.069977,0.055698,0.039988,0.027469,0.016762,
0.216720,0.216620,0.203288,0.206486,0.198501,0.192946,0.184792,0.176548,0.162777,0.155350,0.140647,0.129785,0.119614,0.107898,0.093940,0.084147,0.074215,0.061717,0.046135,0.031171,0.018934,
0.180863,0.193230,0.184381,0.188148,0.179382,0.174632,0.169814,0.160644,0.150501,0.143810,0.134872,0.123361,0.115763,0.106656,0.098270,0.090316,0.081220,0.070406,0.053862,0.035133,0.022064,
0.180612,0.169593,0.165773,0.167673,0.161637,0.156975,0.153512,0.144662,0.138392,0.134048,0.129201,0.119846,0.114890,0.110534,0.106138,0.099998,0.093432,0.082241,0.063578,0.041584,0.025662,
0.161857,0.153910,0.150553,0.151193,0.147399,0.142780,0.139969,0.135471,0.130874,0.127737,0.125207,0.120106,0.118818,0.119530,0.118543,0.115211,0.110214,0.099713,0.078599,0.051201,0.030600,
0.142421,0.135116,0.138680,0.138195,0.136756,0.133491,0.132494,0.131409,0.129752,0.125132,0.129635,0.127555,0.130526,0.134136,0.137632,0.137326,0.139152,0.124220,0.099256,0.062062,0.036421,
0.126270,0.126405,0.131963,0.129678,0.131218,0.129502,0.127997,0.127727,0.130261,0.132181,0.139553,0.140204,0.147741,0.157503,0.167352,0.175379,0.175174,0.162699,0.127731,0.078707,0.044507,
0.122263,0.123103,0.127923,0.124203,0.127999,0.128294,0.133108,0.132629,0.139930,0.143599,0.157395,0.164034,0.177494,0.191606,0.211847,0.226865,0.230083,0.214361,0.165370,0.094253,0.053983,
0.134921,0.128607,0.125926,0.121850,0.126018,0.134435,0.139208,0.140750,0.152519,0.163893,0.183184,0.195285,0.221729,0.244625,0.274873,0.305508,0.308462,0.286089,0.213421,0.115684,0.064135,
0.119810,0.127758,0.123153,0.122982,0.130526,0.137493,0.147246,0.158711,0.171943,0.195364,0.214117,0.242190,0.281977,0.325413,0.366827,0.402982,0.419857,0.380444,0.264202,0.140438,0.068596,
0.126972,0.116419,0.123776,0.135049,0.145209,0.155976,0.161071,0.178134,0.197024,0.234801,0.265770,0.308885,0.365323,0.432111,0.491585,0.547886,0.561768,0.482632,0.322913,0.152357,0.072996,
nan,0.122954,0.121894,0.135482,0.168191,0.165256,0.185956,0.215509,0.252342,0.285158,0.329161,0.392027,0.472332,0.572995,0.648811,0.726019,0.709978,0.570843,0.316405,0.125835,0.070873,
0.110071,0.116493,0.126095,0.150074,0.162860,0.193942,0.220367,0.241777,0.294689,0.356238,0.409350,0.503774,0.602292,0.720859,0.818722,0.866435,0.802828,0.515465,0.218498,0.100498,0.057016,
nan,nan,nan,0.183594,0.176365,0.194463,0.258455,0.292885,0.309801,0.418109,0.470204,0.544825,0.628640,0.810190,0.931194,0.935462,0.673551,0.325751,0.180240,0.065332,0.045170,
nan,0.289298,0.268549,0.296260,0.267260,0.254839,0.265139,0.251710,0.223051,0.213405,0.172534,0.155466,0.150292,0.116433,0.104446,0.075934,0.063129,0.052444,0.030526,0.026367,0.011023,
0.269732,0.282419,0.274364,0.265037,0.260282,0.254646,0.238861,0.229086,0.216148,0.196887,0.181617,0.157597,0.134886,0.114096,0.096930,0.072942,0.061537,0.045105,0.032032,0.019609,0.016385,
0.291560,0.270909,0.267490,0.260534,0.256645,0.247405,0.234502,0.227251,0.209384,0.189145,0.174335,0.150210,0.134506,0.112524,0.090952,0.078309,0.062408,0.047911,0.032860,0.020036,0.014620,
0.288202,0.261868,0.259137,0.251173,0.248383,0.242620,0.224524,0.215590,0.199454,0.182045,0.165004,0.150024,0.131475,0.112128,0.093675,0.078485,0.062456,0.049053,0.033821,0.023060,0.014063,
0.246476,0.248303,0.245533,0.238624,0.235388,0.226555,0.213430,0.201167,0.186303,0.176445,0.158158,0.141707,0.130441,0.110773,0.092537,0.078560,0.066082,0.051585,0.036820,0.024385,0.014499,
0.237917,0.232613,0.232000,0.220914,0.223441,0.209021,0.202668,0.188863,0.176569,0.165399,0.152160,0.135418,0.122399,0.106897,0.092134,0.081033,0.067572,0.055206,0.042054,0.027293,0.016951,
0.210537,0.213395,0.211807,0.203330,0.200031,0.191867,0.186376,0.177508,0.165591,0.154519,0.142282,0.130687,0.117758,0.106672,0.094613,0.083881,0.072448,0.060683,0.046883,0.029458,0.018752,
0.200121,0.193187,0.190935,0.183433,0.180472,0.173681,0.169001,0.161673,0.151383,0.142064,0.133139,0.123795,0.115673,0.108457,0.096574,0.089452,0.080808,0.067990,0.052288,0.034011,0.021893,
0.178428,0.168264,0.170476,0.167098,0.159193,0.157044,0.153100,0.149799,0.141920,0.133771,0.129554,0.120155,0.116514,0.110600,0.102069,0.099164,0.091991,0.077986,0.062834,0.040815,0.025159,
0.157842,0.150796,0.153603,0.149314,0.142326,0.144446,0.140769,0.135997,0.131715,0.124558,0.128373,0.120303,0.121212,0.116875,0.114117,0.112522,0.107856,0.095084,0.076920,0.047899,0.028853,
0.149137,0.138128,0.138815,0.137939,0.133388,0.133911,0.132534,0.128215,0.125961,0.123111,0.129684,0.125334,0.129006,0.128993,0.134887,0.134396,0.130175,0.117854,0.095411,0.059325,0.034128,
0.128821,0.127796,0.128967,0.131911,0.125554,0.129207,0.127601,0.127390,0.125865,0.126938,0.136981,0.139808,0.148819,0.154098,0.162253,0.167318,0.166953,0.152772,0.118905,0.072606,0.042512,
0.121865,0.119662,0.125715,0.124978,0.122532,0.126519,0.128367,0.131673,0.133600,0.141021,0.150957,0.158071,0.172839,0.192378,0.205905,0.216300,0.218275,0.195745,0.151666,0.092038,0.050801,
0.107952,0.115616,0.121884,0.123877,0.127384,0.130175,0.131770,0.138662,0.143936,0.161259,0.174599,0.190283,0.213148,0.238965,0.266978,0.276122,0.283420,0.263337,0.198675,0.109078,0.057595,
0.110105,0.117396,0.121300,0.131670,0.131302,0.138233,0.145203,0.151895,0.165728,0.190022,0.215308,0.233950,0.266173,0.310596,0.346420,0.370111,0.377470,0.343271,0.242986,0.121966,0.064181,
0.147772,0.126129,0.128040,0.136970,0.139604,0.149111,0.158520,0.176810,0.193801,0.227307,0.257208,0.289639,0.345599,0.404554,0.448719,0.490928,0.492201,0.415741,0.270519,0.127235,0.065993,
0.106345,0.127027,0.137553,0.138400,0.148226,0.162967,0.180554,0.201863,0.246472,0.279792,0.317501,0.372935,0.450849,0.502524,0.591375,0.634617,0.610317,0.458665,0.261897,0.113339,0.066283,
nan,0.119484,0.140664,0.169033,0.206651,0.182602,0.204824,0.234698,0.280001,0.328784,0.380421,0.459249,0.555756,0.640522,0.737665,0.744580,0.638198,0.410207,0.200119,0.097292,0.046282,
nan,nan,0.171077,0.153238,0.161718,0.222095,0.224079,0.268971,0.302886,0.361084,0.403201,0.547260,0.649635,0.754437,0.814892,0.726663,0.591267,0.302247,0.132871,0.067705,0.041520,
nan,0.270896,0.298364,0.293358,0.257562,0.239127,0.261046,0.234563,0.224720,0.206752,0.176707,0.165478,0.145589,0.113808,0.097971,0.071113,0.061733,0.050551,0.029464,0.023627,0.014130,
0.301143,0.283538,0.278802,0.265891,0.266068,0.259541,0.232435,0.227483,0.215138,0.192690,0.179114,0.161831,0.139502,0.112331,0.098925,0.080536,0.059686,0.044738,0.031380,0.020884,0.013886,
0.272314,0.273159,0.270807,0.265781,0.258060,0.251910,0.231055,0.222973,0.205619,0.193071,0.167792,0.154331,0.135067,0.112398,0.093453,0.079039,0.060876,0.047342,0.033888,0.021601,0.013071,
0.280577,0.263412,0.258017,0.254181,0.251035,0.238685,0.223651,0.210958,0.194064,0.185666,0.166304,0.146733,0.134434,0.111668,0.093751,0.075937,0.063687,0.048810,0.034209,0.021846,0.013692,
0.263293,0.246773,0.249665,0.237505,0.233583,0.225403,0.215270,0.202789,0.188335,0.176312,0.159779,0.141738,0.125516,0.108438,0.092045,0.078603,0.064163,0.050850,0.038128,0.024753,0.016171,
0.233406,0.228082,0.228759,0.220256,0.213957,0.210321,0.199682,0.190764,0.177871,0.165615,0.149617,0.137077,0.120663,0.108561,0.093239,0.080721,0.066652,0.054532,0.040742,0.025674,0.017119,
0.203559,0.210435,0.209393,0.200420,0.198810,0.192980,0.182217,0.177957,0.161883,0.155499,0.142101,0.130177,0.117279,0.106523,0.092661,0.083215,0.071511,0.058694,0.045416,0.029205,0.019137,
0.200786,0.188718,0.187046,0.181994,0.182876,0.174673,0.165421,0.161376,0.146670,0.141374,0.135135,0.123813,0.115438,0.104561,0.093668,0.088863,0.078597,0.066230,0.051818,0.034610,0.022153,
0.173724,0.173626,0.168623,0.163082,0.165771,0.156148,0.150735,0.144444,0.135950,0.130318,0.126431,0.119173,0.115401,0.106543,0.102054,0.095662,0.088153,0.077426,0.061148,0.038740,0.025176,
0.157840,0.153337,0.151225,0.147796,0.151208,0.140533,0.136020,0.133652,0.128456,0.124366,0.122826,0.118953,0.117821,0.112941,0.113893,0.110064,0.102227,0.090395,0.073213,0.047893,0.028220,
0.131527,0.138946,0.138698,0.139335,0.138273,0.131944,0.127749,0.126736,0.126528,0.125553,0.125487,0.126208,0.127529,0.128090,0.128774,0.130680,0.124484,0.112672,0.088845,0.056605,0.033937,
0.141920,0.129222,0.129187,0.129614,0.130814,0.125742,0.125392,0.126450,0.127628,0.130700,0.133373,0.136591,0.144234,0.150681,0.153683,0.156921,0.155555,0.142526,0.112201,0.067218,0.040653,
0.124648,0.126127,0.120400,0.124668,0.125628,0.125081,0.127756,0.131172,0.132568,0.140098,0.147410,0.158612,0.169110,0.181959,0.192957,0.200583,0.198969,0.187148,0.139042,0.080497,0.044392,
0.114612,0.117265,0.122489,0.126214,0.124553,0.126667,0.135747,0.140934,0.148187,0.160617,0.171523,0.185351,0.204100,0.223662,0.241198,0.260264,0.261891,0.234280,0.169729,0.101235,0.053280,
0.125410,0.112205,0.120953,0.125652,0.130210,0.134814,0.144084,0.157113,0.164232,0.187080,0.200930,0.231371,0.251336,0.290197,0.312945,0.344155,0.342732,0.296451,0.211413,0.111616,0.056449,
0.122025,0.122074,0.119058,0.136992,0.133943,0.142994,0.161884,0.177471,0.196403,0.225145,0.247625,0.282467,0.318209,0.365737,0.407155,0.443893,0.436188,0.360756,0.225867,0.107750,0.058836,
0.140686,0.117787,0.142210,0.139781,0.143471,0.166300,0.191336,0.205647,0.230607,0.270434,0.294847,0.347916,0.412963,0.466973,0.526329,0.558678,0.515158,0.382261,0.214596,0.101732,0.058135,
0.122819,0.121462,0.148993,0.142034,0.168992,0.178456,0.201297,0.244781,0.274732,0.313308,0.376260,0.433476,0.508331,0.585572,0.638815,0.618957,0.528663,0.324395,0.177175,0.081878,0.048218,
nan,nan,0.151099,0.160698,0.163804,0.179092,0.253543,0.259823,0.296931,0.379130,0.403966,0.519464,0.598287,0.637846,0.669248,0.666294,0.440881,0.251110,0.119968,0.059532,0.033624,
nan,0.262969,0.283112,0.282429,0.274437,0.254743,0.247764,0.220856,0.216637,0.188521,0.180846,0.161798,0.145142,0.123099,0.092287,0.094719,0.063222,0.047177,0.037857,0.027045,0.013666,
0.281318,0.275446,0.271875,0.268747,0.263536,0.249589,0.243815,0.234052,0.213144,0.191970,0.174595,0.149359,0.134343,0.111299,0.094750,0.077576,0.058261,0.046290,0.033003,0.019404,0.012922,
0.274538,0.280333,0.272257,0.261748,0.257297,0.245763,0.229446,0.218293,0.204055,0.189325,0.171551,0.150729,0.134722,0.111701,0.094928,0.076002,0.059221,0.046300,0.031151,0.021349,0.013583,
0.269884,0.265096,0.262433,0.253801,0.241990,0.239371,0.228180,0.214365,0.197433,0.184011,0.167537,0.147659,0.129461,0.110901,0.092198,0.077375,0.061312,0.047315,0.034424,0.022698,0.014023,
0.261668,0.248246,0.250240,0.241792,0.232680,0.227066,0.212520,0.202024,0.188959,0.176360,0.157251,0.144137,0.124992,0.109488,0.092881,0.078725,0.064052,0.049482,0.037124,0.023100,0.015132,
0.236052,0.233896,0.231285,0.223261,0.222182,0.210450,0.199960,0.189819,0.173610,0.166982,0.151658,0.137739,0.122353,0.107208,0.091165,0.079929,0.066097,0.053392,0.040266,0.025753,0.017848,
0.221038,0.209853,0.211476,0.204570,0.204571,0.191958,0.182859,0.173695,0.159706,0.151933,0.140493,0.127534,0.117621,0.103465,0.091123,0.081180,0.071149,0.057599,0.045126,0.029737,0.019470,
0.180114,0.192328,0.193063,0.186016,0.181945,0.173735,0.164106,0.159186,0.150496,0.140157,0.132848,0.122748,0.115056,0.102589,0.095286,0.087771,0.075963,0.064818,0.050835,0.033810,0.021384,
0.181720,0.170791,0.169640,0.168923,0.163542,0.158207,0.149755,0.144860,0.139372,0.129831,0.128220,0.120327,0.115401,0.107011,0.101829,0.094450,0.084071,0.073553,0.058054,0.038074,0.023317,
0.149655,0.151012,0.154734,0.150298,0.145689,0.143799,0.137575,0.134826,0.131123,0.124859,0.123645,0.119704,0.116995,0.113299,0.106449,0.103942,0.096842,0.087217,0.068345,0.043079,0.026779,
0.147624,0.137207,0.140665,0.135604,0.134695,0.133392,0.131774,0.127559,0.127650,0.124530,0.124724,0.124827,0.123541,0.124480,0.124869,0.124571,0.117243,0.107780,0.083091,0.050082,0.031709,
0.131437,0.131316,0.132092,0.126580,0.129562,0.126675,0.129548,0.126067,0.129623,0.127510,0.131756,0.133537,0.138088,0.141995,0.146417,0.150626,0.148081,0.132570,0.099076,0.064737,0.035938,
0.113903,0.123607,0.124715,0.125703,0.128725,0.126705,0.127804,0.128384,0.134077,0.137015,0.142938,0.147770,0.158979,0.170241,0.179131,0.190289,0.185343,0.164804,0.124516,0.077402,0.043850,
0.111664,0.121216,0.124261,0.123636,0.125357,0.133441,0.130822,0.137945,0.143129,0.150876,0.163725,0.174592,0.194452,0.213540,0.230209,0.239033,0.233723,0.204741,0.151759,0.085966,0.047680,
0.117548,0.120444,0.126026,0.127838,0.130899,0.134467,0.141066,0.150188,0.159973,0.173640,0.193942,0.213411,0.242372,0.270931,0.288970,0.298820,0.294884,0.254801,0.176230,0.097834,0.051818,
0.117895,0.124016,0.128103,0.130085,0.139625,0.154214,0.160244,0.169513,0.186847,0.204983,0.233882,0.265963,0.306380,0.338468,0.369660,0.383388,0.365776,0.309466,0.195238,0.095318,0.053051,
0.115162,0.131483,0.132961,0.151212,0.150685,0.157132,0.179434,0.199545,0.216568,0.253401,0.281772,0.331906,0.380131,0.411984,0.445119,0.466254,0.440729,0.318662,0.181297,0.088678,0.050071,
nan,0.142068,0.141955,0.141721,0.158651,0.183148,0.197193,0.225260,0.259235,0.292955,0.346077,0.405464,0.457684,0.500471,0.548895,0.535902,0.434980,0.272284,0.152477,0.075835,0.042481,
nan,0.164870,nan,0.144445,0.176460,0.232558,0.211565,0.249507,0.296235,0.420741,0.402793,0.417454,0.518641,0.563510,0.559971,0.518579,0.346369,0.226077,0.103353,0.056895,0.031387,
nan,0.281571,0.287641,0.276520,0.268876,0.270447,0.238194,0.232781,0.228430,0.197148,0.189308,0.158509,0.139514,0.121384,0.100286,0.084380,0.077435,0.051610,0.026942,0.022633,0.009719,
0.279000,0.279720,0.282776,0.272520,0.265582,0.256315,0.236353,0.227359,0.213011,0.195168,0.178207,0.154430,0.137204,0.110763,0.096619,0.075938,0.061325,0.044957,0.032960,0.019309,0.013149,
0.273266,0.270951,0.272773,0.267298,0.258332,0.244159,0.234416,0.218869,0.199806,0.186722,0.170125,0.151453,0.134876,0.112799,0.094557,0.076652,0.063676,0.046375,0.033003,0.020104,0.013556,
0.279556,0.255870,0.263195,0.258456,0.245706,0.235784,0.225678,0.211702,0.199878,0.184522,0.164920,0.147963,0.130142,0.110895,0.092415,0.078327,0.060962,0.047880,0.034036,0.022129,0.015394,
0.273514,0.241937,0.246966,0.237724,0.239315,0.223320,0.217182,0.202969,0.186682,0.177238,0.162157,0.144043,0.126745,0.108729,0.090718,0.078774,0.062851,0.049788,0.036317,0.023763,0.015432,
0.237502,0.228836,0.227193,0.223670,0.218539,0.210663,0.200343,0.189285,0.174843,0.165292,0.149087,0.135667,0.120832,0.104262,0.090717,0.076895,0.067202,0.052972,0.039686,0.026722,0.017153,
0.229090,0.206001,0.205794,0.206422,0.194623,0.194868,0.182613,0.177859,0.166376,0.151092,0.142720,0.130290,0.118417,0.105876,0.092416,0.082995,0.069015,0.057550,0.043703,0.029470,0.018956,
0.192000,0.185163,0.183456,0.185144,0.174900,0.176161,0.167177,0.160351,0.151971,0.141625,0.134535,0.124248,0.114749,0.103474,0.094685,0.086089,0.073323,0.062350,0.048025,0.030214,0.019363,
0.163945,0.170586,0.164727,0.160324,0.160510,0.156821,0.154082,0.145813,0.139154,0.131884,0.124154,0.118734,0.111674,0.104644,0.095947,0.089628,0.080656,0.070456,0.054154,0.034734,0.022157,
0.149997,0.151979,0.147776,0.145750,0.146687,0.141690,0.140841,0.137203,0.129070,0.123633,0.120250,0.116839,0.112785,0.107375,0.106887,0.102283,0.094468,0.083980,0.064378,0.041089,0.025475,
0.131984,0.136801,0.136775,0.135349,0.134596,0.130589,0.131507,0.127087,0.125734,0.121779,0.120612,0.120240,0.120123,0.119672,0.117288,0.116574,0.111713,0.097231,0.077521,0.050825,0.029264,
0.123508,0.130496,0.127897,0.130408,0.128620,0.126655,0.126858,0.125364,0.125258,0.122562,0.127063,0.129422,0.131756,0.137635,0.141123,0.140919,0.134065,0.119801,0.091531,0.056800,0.033394,
0.137517,0.127259,0.122872,0.123690,0.126523,0.125154,0.126656,0.128958,0.131587,0.129246,0.139536,0.147220,0.153098,0.164624,0.170434,0.166689,0.165339,0.147677,0.110016,0.068432,0.040069,
0.115234,0.119933,0.119290,0.124148,0.127263,0.124141,0.129112,0.135276,0.142182,0.144228,0.157806,0.168824,0.183507,0.195722,0.205854,0.213576,0.209094,0.184340,0.134723,0.076473,0.043800,
0.117992,0.118748,0.121397,0.130046,0.130818,0.138072,0.138588,0.146735,0.158227,0.169499,0.186541,0.200943,0.222513,0.230577,0.260494,0.272284,0.257101,0.226849,0.155038,0.084098,0.046718,
0.113539,0.113291,0.130502,0.127963,0.135766,0.140789,0.151931,0.167825,0.180141,0.197328,0.229165,0.248999,0.262040,0.291728,0.329225,0.335590,0.308887,0.258249,0.161835,0.086166,0.046648,
0.145448,0.142656,0.127562,0.141978,0.147926,0.150009,0.169504,0.193073,0.209392,0.238532,0.262809,0.289373,0.333818,0.384365,0.395571,0.388204,0.369653,0.264811,0.157868,0.079161,0.046249,
0.125710,0.121012,0.146002,0.146456,0.162972,0.178356,0.197234,0.227797,0.254443,0.279474,0.317316,0.335839,0.407410,0.440710,0.457737,0.440354,0.365168,0.245003,0.129643,0.065450,0.042600,
nan,0.122821,nan,0.164475,0.203913,0.192483,0.229858,0.224498,0.258109,0.290478,0.338352,0.439567,0.492261,0.470115,0.516776,0.445746,0.309840,0.191794,0.099524,0.056154,0.028909,
nan,0.294060,0.298038,0.269167,0.269302,0.249191,0.233166,0.215540,0.214515,0.196561,0.178868,0.180432,0.147568,0.126459,0.112873,0.077300,0.072719,0.045788,0.050087,0.020797,0.011463,
0.286248,0.283849,0.270411,0.269382,0.258359,0.254051,0.237625,0.233287,0.213327,0.197139,0.168516,0.158376,0.136289,0.121179,0.092057,0.080114,0.060557,0.045718,0.030631,0.019417,0.013206,
0.267710,0.269217,0.269313,0.263305,0.251495,0.248157,0.236769,0.225528,0.208813,0.192506,0.169576,0.153229,0.131475,0.112513,0.092676,0.076696,0.064280,0.045689,0.031977,0.020483,0.012948,
0.244479,0.259504,0.259939,0.253539,0.251296,0.235525,0.230411,0.212004,0.194743,0.186408,0.164968,0.149246,0.130500,0.112870,0.091707,0.075356,0.061688,0.047595,0.034975,0.021188,0.013776,
0.244068,0.238995,0.243491,0.240246,0.234305,0.223679,0.215566,0.204065,0.185851,0.177061,0.157687,0.143811,0.125466,0.109741,0.090999,0.076899,0.065236,0.050887,0.036071,0.024139,0.015626,
0.245301,0.223437,0.222730,0.222185,0.215071,0.210689,0.198570,0.194715,0.179921,0.164007,0.152455,0.136052,0.121741,0.108828,0.092402,0.079872,0.065213,0.051914,0.040253,0.025200,0.016718,
0.225481,0.208671,0.209057,0.199966,0.200413,0.191385,0.186151,0.173249,0.167072,0.153445,0.142945,0.130247,0.117739,0.103362,0.089986,0.080787,0.065651,0.054052,0.041122,0.026571,0.018084,
0.205794,0.188857,0.187794,0.183161,0.181438,0.171433,0.169396,0.159957,0.151173,0.143044,0.128864,0.122578,0.111560,0.101650,0.089468,0.081476,0.070670,0.059702,0.045064,0.029656,0.019049,
0.186327,0.168522,0.169877,0.163496,0.163291,0.153869,0.150514,0.146152,0.139553,0.128708,0.121778,0.115635,0.108916,0.101041,0.095421,0.087818,0.078759,0.068526,0.051921,0.035624,0.020962,
0.161441,0.155221,0.153194,0.147218,0.145918,0.140648,0.137565,0.134051,0.130151,0.122926,0.116705,0.115125,0.109813,0.105596,0.100742,0.093771,0.088919,0.076739,0.060767,0.038904,0.024508,
0.130914,0.141076,0.140273,0.135998,0.134978,0.132632,0.131113,0.126942,0.126257,0.120961,0.117922,0.119211,0.114967,0.115845,0.113342,0.110258,0.103775,0.090729,0.068124,0.043185,0.028005,
0.123509,0.123164,0.127872,0.128465,0.126379,0.128901,0.125192,0.124865,0.125773,0.125379,0.123460,0.128396,0.124444,0.126457,0.130974,0.128639,0.124490,0.108085,0.083546,0.054424,0.033955,
0.122471,0.122343,0.124615,0.123337,0.125062,0.123646,0.125779,0.125555,0.131100,0.131457,0.135424,0.139327,0.140932,0.147167,0.156280,0.158049,0.149848,0.130791,0.098254,0.058556,0.035827,
0.103168,0.126748,0.121952,0.126686,0.124326,0.124331,0.127929,0.132679,0.137358,0.147678,0.151304,0.158470,0.165394,0.175853,0.193274,0.192754,0.177986,0.161460,0.119073,0.066978,0.038560,
0.116389,0.120063,0.116857,0.122482,0.124690,0.130940,0.136435,0.143432,0.159306,0.162316,0.173268,0.188358,0.199426,0.219279,0.239464,0.228813,0.225989,0.192648,0.131926,0.073495,0.044666,
0.123042,0.126248,0.125721,0.133767,0.133329,0.143128,0.142431,0.162821,0.180368,0.191325,0.202012,0.228947,0.258254,0.269512,0.286132,0.295083,0.264697,0.222742,0.141002,0.079886,0.039032,
0.125876,0.127955,0.120169,0.151644,0.136874,0.157930,0.169410,0.181089,0.205168,0.216482,0.245601,0.276741,0.302617,0.319021,0.350424,0.333341,0.303901,0.228795,0.141830,0.069646,0.040098,
nan,0.119485,0.138980,0.163605,0.163554,0.165502,0.198163,0.208536,0.223682,0.246309,0.290629,0.328531,0.338897,0.393803,0.389619,0.379790,0.297185,0.217412,0.113431,0.059892,0.037316,
nan,0.212806,nan,0.163309,0.172109,0.157775,0.211179,0.261916,0.285187,0.293182,0.302990,0.333886,0.410638,0.401750,0.428396,0.375951,0.289393,0.175444,0.105428,0.044401,0.018952,
nan,0.276321,0.270796,0.277019,0.248047,0.264808,0.248230,0.225621,0.189045,0.213070,0.165701,0.152359,0.142935,0.115796,0.093579,0.070864,0.056750,0.042679,0.048097,0.026703,0.014685,
0.285675,0.280872,0.281139,0.272822,0.261838,0.251152,0.237406,0.225579,0.206430,0.194392,0.177035,0.151574,0.135961,0.113269,0.090287,0.074697,0.060017,0.045682,0.030520,0.019211,0.011576,
0.290556,0.276868,0.268389,0.270318,0.259305,0.244192,0.238509,0.217547,0.202826,0.187673,0.173840,0.156012,0.131119,0.111918,0.094020,0.074801,0.058324,0.047586,0.031778,0.020416,0.015140,
0.259935,0.255027,0.254023,0.253748,0.247986,0.231083,0.226919,0.215328,0.199918,0.185755,0.168422,0.151170,0.129978,0.112633,0.089968,0.080299,0.061946,0.048158,0.034815,0.022975,0.014170,
0.252313,0.241634,0.244657,0.236618,0.231351,0.227886,0.210150,0.206188,0.189857,0.172098,0.160017,0.142346,0.126341,0.108639,0.092409,0.076866,0.062921,0.048457,0.036814,0.024039,0.015395,
0.243573,0.225756,0.229083,0.224555,0.220517,0.208232,0.204379,0.187563,0.182102,0.164534,0.153144,0.135453,0.122898,0.106225,0.089083,0.078645,0.061601,0.049091,0.036652,0.024635,0.016079,
0.227951,0.205713,0.207815,0.203047,0.200749,0.190583,0.185278,0.176160,0.164041,0.153512,0.135711,0.127975,0.114866,0.101380,0.088311,0.079492,0.064277,0.053182,0.040600,0.026056,0.016649,
0.229314,0.188057,0.185562,0.180163,0.178966,0.172504,0.167503,0.160595,0.151801,0.137712,0.128068,0.118867,0.109126,0.098954,0.088911,0.080452,0.068801,0.059659,0.045064,0.030262,0.017867,
0.167792,0.170377,0.165485,0.163438,0.159438,0.155004,0.153188,0.144279,0.138329,0.128361,0.121563,0.115439,0.108360,0.099739,0.093247,0.082662,0.075526,0.063510,0.048657,0.030405,0.019730,
0.178069,0.152862,0.150899,0.147886,0.146568,0.142848,0.135913,0.130582,0.130781,0.126006,0.118260,0.113213,0.107600,0.104675,0.098610,0.091505,0.084211,0.072300,0.055087,0.038674,0.023416,
0.131883,0.140758,0.138375,0.135662,0.138032,0.133307,0.125346,0.125727,0.123490,0.120583,0.116026,0.115010,0.110446,0.107779,0.108346,0.101830,0.096412,0.081583,0.063354,0.041830,0.024722,
0.127975,0.133299,0.130307,0.127265,0.131283,0.129727,0.124390,0.123012,0.123763,0.121009,0.119808,0.119151,0.121095,0.120692,0.120528,0.120022,0.110734,0.099735,0.073396,0.047153,0.029753,
0.126907,0.121353,0.128816,0.126055,0.126927,0.127446,0.124091,0.124264,0.125708,0.128934,0.126766,0.133005,0.137380,0.139480,0.139168,0.139750,0.134259,0.117568,0.089945,0.052620,0.031092,
0.144621,0.117302,0.126690,0.127852,0.130412,0.129613,0.129126,0.131060,0.132692,0.136416,0.143869,0.156192,0.156592,0.164858,0.171731,0.171561,0.162731,0.140104,0.102366,0.061884,0.034500,
0.127094,0.119557,0.114093,0.126209,0.129438,0.135091,0.136254,0.136838,0.147056,0.148627,0.167419,0.174823,0.187681,0.201264,0.212236,0.205747,0.192908,0.167580,0.116141,0.064628,0.040239,
0.160459,0.122974,0.116346,0.136517,0.137794,0.142628,0.143006,0.156059,0.159240,0.173076,0.195174,0.205189,0.221885,0.241392,0.245681,0.247177,0.233362,0.185644,0.128015,0.067358,0.034574,
0.097808,0.124361,0.129288,0.133138,0.143206,0.160619,0.167490,0.171862,0.186844,0.201319,0.226712,0.242497,0.270350,0.286675,0.290599,0.291670,0.258030,0.196390,0.125521,0.065056,0.034272,
0.158367,0.131446,0.139391,0.143000,0.153771,0.168347,0.169231,0.194474,0.220285,0.254904,0.264947,0.281606,0.328201,0.327750,0.333257,0.316055,0.257423,0.187717,0.105700,0.053532,0.031834,
nan,nan,0.150128,0.140705,0.193231,0.166711,0.201578,0.237482,0.285363,0.226780,0.285064,0.329809,0.340176,0.419692,0.358477,0.287849,0.246572,0.152580,0.096083,0.048625,0.028636,
nan,0.258697,0.283550,0.254488,0.275490,0.238618,0.233523,0.232422,0.223659,0.210157,0.194474,0.168000,0.132519,0.118792,0.096873,0.068365,0.072438,0.046107,0.031191,0.021972,0.012298,
0.271620,0.282493,0.273909,0.268994,0.258224,0.253036,0.232683,0.222596,0.206655,0.191913,0.178202,0.154528,0.135584,0.111296,0.098403,0.073458,0.057337,0.041377,0.027749,0.019758,0.013521,
0.269724,0.262442,0.268663,0.265590,0.260006,0.241477,0.233798,0.221941,0.207067,0.191585,0.166714,0.151453,0.129999,0.113221,0.091420,0.079119,0.058315,0.046429,0.032309,0.021364,0.014236,
0.243501,0.257644,0.258269,0.247210,0.243544,0.239220,0.227703,0.216706,0.196299,0.187770,0.166175,0.148925,0.130101,0.114113,0.093927,0.077611,0.063663,0.049599,0.033993,0.021659,0.014806,
0.241166,0.242692,0.247219,0.240037,0.238102,0.225395,0.214711,0.202488,0.194183,0.175641,0.163230,0.142172,0.127964,0.108082,0.090231,0.075849,0.058926,0.046075,0.035446,0.020790,0.016006,
0.235563,0.222115,0.225093,0.218794,0.218915,0.206450,0.202337,0.189844,0.176118,0.164507,0.145257,0.134997,0.119580,0.103718,0.088582,0.077276,0.061655,0.049124,0.036531,0.024178,0.016212,
0.228596,0.206748,0.204257,0.201551,0.198852,0.188571,0.184976,0.172450,0.163964,0.150090,0.136866,0.127493,0.112570,0.100323,0.087310,0.076403,0.065292,0.053451,0.039999,0.025480,0.015690,
0.190891,0.185268,0.184554,0.182708,0.181743,0.172858,0.164572,0.155931,0.149653,0.138655,0.129569,0.120589,0.109712,0.098922,0.088339,0.076880,0.066309,0.054850,0.040465,0.025596,0.018939,
0.166289,0.167307,0.166001,0.166792,0.162340,0.156834,0.147246,0.143073,0.137924,0.131681,0.123849,0.114188,0.107360,0.097732,0.090963,0.080303,0.072232,0.059377,0.046370,0.032949,0.019626,
0.157573,0.153830,0.149511,0.152544,0.147225,0.143387,0.137302,0.131054,0.128111,0.120669,0.114951,0.111661,0.104518,0.098507,0.093210,0.086768,0.079113,0.066264,0.050663,0.032570,0.022534,
0.143335,0.138538,0.137242,0.139235,0.138544,0.134436,0.129461,0.123790,0.121183,0.118406,0.114094,0.110265,0.108844,0.101501,0.099977,0.095675,0.088343,0.076566,0.057290,0.040407,0.025116,
0.125458,0.131007,0.131725,0.133019,0.130516,0.126786,0.123431,0.120428,0.117711,0.118979,0.114636,0.120361,0.114627,0.112050,0.110241,0.110297,0.101897,0.089661,0.068103,0.041988,0.027317,
0.117066,0.121999,0.124112,0.124897,0.124068,0.126847,0.123276,0.123776,0.121526,0.120164,0.125345,0.126738,0.129625,0.129384,0.136369,0.129890,0.119958,0.105419,0.079165,0.048805,0.032020,
0.128921,0.119423,0.124249,0.124735,0.122448,0.125383,0.128206,0.126372,0.128366,0.131060,0.138227,0.139732,0.147195,0.156971,0.153077,0.148193,0.148232,0.122101,0.089654,0.053111,0.032088,
0.095561,0.116075,0.125971,0.123474,0.131829,0.134791,0.137030,0.133460,0.138643,0.145733,0.152915,0.160867,0.174729,0.180058,0.180122,0.189870,0.165554,0.148403,0.105421,0.059253,0.035553,
0.129387,0.128646,0.122250,0.130115,0.135949,0.138976,0.143582,0.153783,0.156456,0.168831,0.178505,0.195722,0.202304,0.211558,0.222425,0.207850,0.206977,0.153422,0.112700,0.060034,0.033100,
0.121256,0.132063,0.129325,0.141457,0.146320,0.150726,0.154615,0.172118,0.183292,0.189987,0.207546,0.221971,0.236447,0.263964,0.248682,0.261472,0.219586,0.168781,0.112782,0.059075,0.029727,
0.111144,0.149350,0.144884,0.155674,0.157908,0.161186,0.178669,0.188374,0.217600,0.219785,0.257009,0.236109,0.279920,0.267179,0.298156,0.259299,0.226438,0.165273,0.089948,0.052553,0.031135,
nan,nan,0.153818,0.169110,nan,0.165255,0.200177,0.216414,0.229859,0.263519,0.260905,0.309226,0.308053,0.326743,0.285875,0.253738,0.224945,0.138656,0.088282,0.032388,0.021107,
nan,0.301845,0.285368,0.290973,0.255885,0.264906,0.255682,0.217712,0.220126,0.198569,0.194758,0.156302,0.140832,0.109149,0.106154,0.087421,0.054625,0.044763,0.033727,0.025929,0.012868,
0.293881,0.285081,0.281624,0.272659,0.261927,0.249862,0.232522,0.225811,0.208004,0.191188,0.168639,0.154302,0.136510,0.110484,0.091351,0.076270,0.058187,0.044374,0.030519,0.018804,0.012400,
0.283120,0.266850,0.267457,0.261945,0.260861,0.242265,0.240053,0.216122,0.204882,0.193739,0.171165,0.151765,0.139285,0.116931,0.092087,0.076954,0.059519,0.047344,0.034821,0.021568,0.012523,
0.275160,0.259036,0.264512,0.257328,0.247246,0.238143,0.224715,0.216699,0.202312,0.185015,0.171322,0.150539,0.127322,0.109582,0.093616,0.074968,0.060254,0.044371,0.032134,0.021505,0.014306,
0.253290,0.248366,0.248627,0.238467,0.234441,0.225611,0.218494,0.197308,0.188909,0.172057,0.156714,0.141453,0.125646,0.106952,0.089223,0.075321,0.059834,0.046148,0.034248,0.022849,0.015325,
0.226138,0.232603,0.230252,0.222252,0.218130,0.206640,0.200849,0.185603,0.178363,0.164451,0.146619,0.133512,0.119728,0.104281,0.087978,0.077175,0.061791,0.050341,0.037463,0.024807,0.013866,
0.219182,0.206579,0.209938,0.206400,0.199909,0.192756,0.180454,0.173101,0.162682,0.150312,0.137581,0.128315,0.115383,0.101605,0.087524,0.073025,0.061562,0.049899,0.035632,0.023758,0.016389,
0.201565,0.183944,0.189903,0.188527,0.178432,0.173297,0.164854,0.157796,0.152399,0.143463,0.131719,0.117438,0.110233,0.096208,0.086796,0.073937,0.064585,0.054156,0.042117,0.028554,0.016942,
0.187546,0.164040,0.167344,0.168122,0.162330,0.156246,0.149453,0.143546,0.136025,0.128476,0.119675,0.112474,0.102848,0.094820,0.085136,0.077840,0.069002,0.056135,0.041281,0.027790,0.018616,
0.155835,0.148740,0.152548,0.147512,0.147602,0.142442,0.138037,0.132813,0.123331,0.121789,0.114565,0.108711,0.103679,0.093743,0.089644,0.081739,0.073086,0.060561,0.047681,0.032643,0.020086,
0.155355,0.143519,0.136203,0.134474,0.136644,0.131280,0.129926,0.124724,0.117986,0.116204,0.110630,0.107776,0.108233,0.098097,0.095713,0.089771,0.082665,0.071017,0.052750,0.032820,0.022634,
0.122079,0.126253,0.130544,0.126315,0.127733,0.128870,0.124578,0.122183,0.119110,0.115455,0.113415,0.111832,0.112887,0.109783,0.107357,0.101647,0.094271,0.079699,0.063515,0.039077,0.022559,
0.112833,0.125121,0.128642,0.124172,0.127883,0.121477,0.120892,0.120469,0.119532,0.118094,0.118440,0.121929,0.119908,0.122089,0.120824,0.116832,0.108063,0.092505,0.069152,0.044770,0.028504,
0.121244,0.119061,0.122461,0.122934,0.125989,0.123660,0.122221,0.124470,0.124683,0.126811,0.129693,0.135257,0.133353,0.139867,0.141564,0.133547,0.127869,0.111245,0.081753,0.048003,0.028987,
0.118843,0.126035,0.120661,0.125766,0.126405,0.126656,0.125751,0.131464,0.134784,0.138107,0.151835,0.151841,0.154493,0.169624,0.162677,0.163097,0.147472,0.125055,0.091259,0.054564,0.031731,
0.114710,0.122197,0.125811,0.125102,0.136261,0.137384,0.139472,0.136159,0.151210,0.156095,0.172621,0.173844,0.183102,0.192612,0.195206,0.185708,0.178810,0.136569,0.101223,0.055361,0.030253,
0.138449,0.133268,0.124580,0.135544,0.145730,0.148319,0.153695,0.153886,0.168267,0.188148,0.188985,0.197646,0.204280,0.218088,0.217511,0.218371,0.183909,0.153539,0.099356,0.053169,0.029018,
0.112965,0.119178,0.122422,0.145606,0.146257,0.154249,0.175080,0.170315,0.195531,0.209990,0.216518,0.235775,0.234201,0.248468,0.256222,0.213846,0.185648,0.146484,0.084307,0.046944,0.026795,
nan,0.139381,0.136096,nan,0.173789,0.169745,0.175277,0.192227,0.237789,0.203969,0.215024,0.236396,0.264495,0.259979,0.248118,0.248010,0.188416,0.126919,0.079598,0.035017,0.013996,
nan,0.282544,0.294062,0.268784,0.244123,0.266004,0.253040,0.253748,0.209591,0.210311,0.172815,0.134239,0.146488,0.110742,0.090579,0.085242,0.060783,0.043525,0.038017,0.021257,0.019190,
0.281539,0.270795,0.269482,0.270263,0.255805,0.254664,0.233751,0.227305,0.210866,0.188392,0.171306,0.149303,0.134401,0.113872,0.093376,0.074008,0.057494,0.041241,0.031282,0.019247,0.013332,
0.287350,0.270197,0.270227,0.262966,0.256187,0.241667,0.234647,0.226867,0.210724,0.192990,0.174174,0.156212,0.139617,0.115562,0.096794,0.082531,0.063134,0.047802,0.034838,0.021467,0.012523,
0.283284,0.264161,0.265489,0.251605,0.250807,0.239628,0.226524,0.213953,0.204061,0.183743,0.165325,0.145129,0.128359,0.107791,0.088832,0.073049,0.057338,0.042531,0.031120,0.019422,0.016469,
0.278241,0.250594,0.249381,0.237509,0.233281,0.218751,0.216408,0.202819,0.186821,0.176661,0.155713,0.143569,0.127547,0.109227,0.092649,0.077785,0.059711,0.047698,0.036352,0.023244,0.014112,
0.237147,0.231088,0.228954,0.227876,0.216978,0.211143,0.196013,0.187363,0.176678,0.162746,0.145339,0.137102,0.118769,0.104880,0.086752,0.075364,0.058170,0.045712,0.033188,0.020280,0.015037,
0.209133,0.207250,0.214041,0.204314,0.198228,0.190854,0.181820,0.173194,0.166619,0.154018,0.141630,0.126030,0.111145,0.097085,0.085201,0.071590,0.060848,0.050007,0.038707,0.024738,0.015131,
0.225776,0.184616,0.192389,0.182120,0.180604,0.172762,0.165912,0.159991,0.148425,0.138045,0.128810,0.116619,0.106830,0.096053,0.085698,0.073400,0.062586,0.049957,0.036177,0.023788,0.017695,
0.176687,0.162462,0.169587,0.163540,0.162428,0.155376,0.153265,0.143311,0.133929,0.128402,0.118505,0.112432,0.104584,0.093121,0.083220,0.074104,0.063505,0.054048,0.042426,0.028132,0.017311,
0.144353,0.146842,0.152213,0.149604,0.146147,0.142493,0.138795,0.132585,0.124415,0.120384,0.112140,0.106406,0.102651,0.091025,0.085436,0.076189,0.068399,0.059203,0.041386,0.029357,0.019446,
0.141836,0.133820,0.141090,0.137777,0.133274,0.131909,0.129132,0.123428,0.119533,0.115042,0.110824,0.104391,0.103084,0.095278,0.090256,0.086252,0.075634,0.064809,0.052128,0.031476,0.022314,
0.137956,0.126109,0.127435,0.127716,0.126633,0.124300,0.120393,0.117573,0.116394,0.111941,0.111152,0.109692,0.106272,0.104414,0.101333,0.095118,0.084035,0.072761,0.055066,0.037009,0.022689,
0.137267,0.123105,0.120920,0.119978,0.122741,0.120878,0.119586,0.117423,0.116983,0.116560,0.116772,0.117744,0.113112,0.114984,0.110007,0.104646,0.099475,0.084671,0.064294,0.038906,0.025332,
0.117452,0.119554,0.118748,0.121877,0.121110,0.122070,0.120925,0.120186,0.120557,0.122418,0.125857,0.125087,0.130210,0.130937,0.126130,0.128124,0.111525,0.098188,0.074323,0.044308,0.026306,
0.110656,0.121330,0.127592,0.125650,0.122750,0.128276,0.129419,0.125600,0.129141,0.135846,0.137026,0.141481,0.142624,0.147811,0.147538,0.137615,0.136708,0.110692,0.079915,0.049375,0.029514,
0.122807,0.123814,0.118575,0.124974,0.128228,0.136542,0.139672,0.136239,0.146316,0.146610,0.153810,0.165838,0.158115,0.166793,0.164082,0.171883,0.149851,0.123351,0.089893,0.050489,0.029727,
nan,0.116671,0.129525,0.130689,0.139978,0.138690,0.148698,0.148466,0.165113,0.164790,0.177745,0.187195,0.191975,0.187897,0.200551,0.186999,0.154777,0.131828,0.087580,0.048239,0.025978,
nan,0.139579,0.147602,0.150357,0.151271,0.153441,0.147687,0.172697,0.183056,0.186777,0.201122,0.207948,0.204922,0.217288,0.204342,0.198281,0.176096,0.134515,0.079783,0.042327,0.027538,
nan,0.110333,0.167972,0.142452,0.167322,nan,0.197996,0.176664,0.195753,0.294248,0.225509,0.242537,0.251820,0.267648,0.220546,0.213811,0.154317,0.121400,0.088113,0.044998,0.025230,
nan,0.284908,0.279019,0.256629,0.258192,0.266940,0.236441,0.252913,0.211362,0.215428,0.197053,0.176621,0.148183,0.126908,0.108688,0.085227,0.052670,0.046730,0.035361,0.022901,0.013585,
0.284631,0.271838,0.274571,0.273765,0.269113,0.257048,0.246649,0.224689,0.204991,0.192140,0.174603,0.159344,0.129895,0.113043,0.090475,0.073876,0.060899,0.046528,0.030131,0.020068,0.014664,
0.272007,0.275226,0.276600,0.266761,0.259100,0.248025,0.241244,0.228806,0.204739,0.189978,0.173666,0.154131,0.135535,0.118359,0.088883,0.076759,0.060430,0.045185,0.031067,0.020105,0.013256,
0.273810,0.261789,0.263267,0.254190,0.247243,0.236501,0.227541,0.207105,0.196861,0.178416,0.167485,0.143173,0.127945,0.110164,0.090395,0.074265,0.059181,0.046675,0.032398,0.022170,0.014326,
0.260733,0.241149,0.244532,0.242203,0.232444,0.222619,0.213460,0.198767,0.190420,0.177497,0.160088,0.144362,0.128687,0.110256,0.089884,0.076648,0.058892,0.046324,0.033078,0.021699,0.011980,
0.240228,0.227265,0.229976,0.222589,0.215812,0.210011,0.200321,0.186725,0.182016,0.165121,0.145788,0.133054,0.116933,0.100521,0.086254,0.069405,0.058002,0.046383,0.034623,0.024275,0.014361,
0.224884,0.209163,0.209932,0.203380,0.200764,0.193072,0.185286,0.174504,0.161625,0.149151,0.136977,0.124096,0.112547,0.101591,0.087672,0.073552,0.058761,0.047360,0.032982,0.021318,0.015947,
0.201575,0.190151,0.192356,0.182042,0.180067,0.176068,0.168025,0.155987,0.146349,0.137745,0.128906,0.119390,0.108140,0.093711,0.081334,0.070797,0.060635,0.048491,0.038006,0.026548,0.015162,
0.186408,0.169781,0.171552,0.162620,0.160209,0.159639,0.150359,0.143940,0.135078,0.129437,0.118929,0.108291,0.102822,0.089994,0.080576,0.071552,0.062250,0.050283,0.035786,0.024246,0.016541,
0.150500,0.148250,0.152818,0.146222,0.144794,0.143740,0.135867,0.130374,0.124461,0.120412,0.112165,0.104142,0.098229,0.089958,0.084082,0.074110,0.064681,0.055261,0.041899,0.026760,0.017936,
0.139744,0.137356,0.138995,0.133659,0.133770,0.130566,0.126372,0.123044,0.117624,0.111372,0.108443,0.103298,0.099922,0.093920,0.089175,0.081007,0.072685,0.059527,0.045150,0.030615,0.019337,
0.121408,0.129316,0.128886,0.129418,0.128856,0.121844,0.120967,0.116456,0.114148,0.110788,0.110322,0.106259,0.100375,0.098763,0.091484,0.086977,0.079111,0.066224,0.050245,0.032856,0.021374,
0.111750,0.125981,0.119281,0.124477,0.125731,0.120215,0.117677,0.114750,0.115566,0.114233,0.110019,0.110514,0.108995,0.109076,0.104252,0.095795,0.090320,0.075768,0.056787,0.035015,0.022307,
0.118433,0.118863,0.120966,0.120259,0.121033,0.119302,0.117050,0.119272,0.120513,0.120338,0.119948,0.118055,0.115631,0.120950,0.114046,0.111548,0.101843,0.088152,0.066642,0.041847,0.025097,
0.111368,0.123845,0.116751,0.125248,0.118378,0.124398,0.123488,0.125070,0.128524,0.128204,0.132527,0.131522,0.134855,0.131927,0.132852,0.125645,0.121465,0.098720,0.072240,0.045324,0.025493,
0.093729,0.123957,0.125030,0.121773,0.124598,0.133212,0.131053,0.134095,0.133469,0.144511,0.142328,0.154909,0.150850,0.157527,0.147577,0.149270,0.128039,0.108124,0.080819,0.045699,0.027948,
0.139866,0.132335,0.124552,0.140927,0.130433,0.139774,0.140721,0.143726,0.152866,0.156745,0.160006,0.167401,0.174878,0.171498,0.176305,0.157410,0.142295,0.115097,0.083071,0.046249,0.024039,
0.095680,0.124259,0.139135,0.146866,0.137546,0.141907,0.158858,0.163014,0.169540,0.160940,0.190575,0.186041,0.191024,0.194237,0.179374,0.162562,0.159671,0.114959,0.076591,0.041407,0.024336,
nan,0.103986,nan,0.123272,0.152681,0.163248,nan,0.175374,nan,0.180889,0.190054,0.228302,0.199944,0.198585,0.181604,0.182510,0.153406,0.117713,0.082414,0.040884,0.020660,
nan,0.272976,0.270585,0.258076,0.262578,0.262220,0.241537,0.211587,0.229891,0.207038,0.178399,0.167569,0.134519,0.117087,0.096336,0.073961,0.066809,0.042724,0.032432,0.019927,0.013695,
0.280393,0.279236,0.273805,0.268682,0.267322,0.250676,0.242729,0.223717,0.209850,0.195853,0.172143,0.159327,0.136349,0.112057,0.099904,0.074972,0.065707,0.045532,0.033157,0.021234,0.014683,
0.263622,0.265441,0.273347,0.265793,0.254216,0.250671,0.236815,0.221869,0.209097,0.192228,0.169555,0.154118,0.128754,0.113696,0.089965,0.075090,0.057671,0.043235,0.029357,0.018237,0.012853,
0.268515,0.258957,0.261214,0.253136,0.246757,0.233140,0.227227,0.213505,0.198594,0.185544,0.165574,0.148495,0.131869,0.111324,0.096180,0.077658,0.063248,0.049074,0.035724,0.023073,0.013960,
0.269434,0.246050,0.250220,0.243072,0.232350,0.227784,0.218517,0.201888,0.189752,0.177621,0.154811,0.142451,0.122946,0.104862,0.087194,0.071308,0.055397,0.041919,0.030276,0.018671,0.014653,
0.242842,0.230094,0.233764,0.218173,0.221725,0.210272,0.200186,0.187772,0.176531,0.162968,0.146004,0.132487,0.118661,0.103202,0.089181,0.073853,0.059958,0.048055,0.034601,0.020333,0.013398,
0.198411,0.208103,0.210628,0.201178,0.200168,0.194671,0.183407,0.172516,0.158726,0.150577,0.140661,0.126185,0.114584,0.096416,0.082366,0.068222,0.056821,0.045357,0.035283,0.024594,0.014327,
0.192455,0.193909,0.190372,0.182508,0.178881,0.177931,0.165505,0.157098,0.149292,0.140465,0.128417,0.113825,0.105213,0.093548,0.081465,0.070138,0.058949,0.045448,0.032318,0.021648,0.016403,
0.185185,0.177286,0.169782,0.163683,0.164045,0.154277,0.149214,0.145322,0.136222,0.127257,0.115870,0.109589,0.101038,0.090142,0.081088,0.067548,0.058706,0.050285,0.036653,0.023192,0.014192,
0.154942,0.156429,0.152176,0.148045,0.149377,0.140326,0.136320,0.131881,0.123004,0.114282,0.112279,0.103545,0.097283,0.085781,0.081955,0.072946,0.061642,0.051353,0.038846,0.027219,0.017313,
0.128406,0.140901,0.133854,0.136963,0.136954,0.129987,0.125224,0.121391,0.115238,0.111868,0.108397,0.100570,0.096429,0.090921,0.082946,0.075082,0.066150,0.055673,0.041532,0.028172,0.018007,
0.138949,0.125479,0.128317,0.126829,0.125646,0.125456,0.119238,0.116558,0.113228,0.112325,0.105221,0.101134,0.098112,0.094913,0.085495,0.080919,0.074150,0.060895,0.046601,0.028174,0.020185,
0.109205,0.120848,0.125804,0.121213,0.121101,0.120286,0.117377,0.115947,0.115802,0.111730,0.110872,0.105020,0.101782,0.100050,0.095062,0.091436,0.081704,0.071236,0.052421,0.034041,0.020036,
0.123435,0.119375,0.116856,0.124533,0.122781,0.119488,0.117008,0.117792,0.116125,0.116178,0.113807,0.114093,0.114126,0.110262,0.104814,0.099420,0.092764,0.077145,0.060271,0.038464,0.023446,
0.133132,0.114447,0.118180,0.116635,0.126785,0.119095,0.121098,0.117839,0.120711,0.122683,0.125212,0.125870,0.124517,0.125295,0.120478,0.113443,0.105026,0.086210,0.065108,0.040844,0.024780,
0.121500,0.117016,0.119720,0.127691,0.121374,0.129967,0.133006,0.124603,0.135752,0.131540,0.142527,0.134402,0.144404,0.138151,0.135431,0.131909,0.116088,0.094955,0.074154,0.042051,0.025669,
0.121315,0.119082,0.123499,0.130262,0.132455,0.132948,0.141151,0.134857,0.144593,0.147186,0.149779,0.158837,0.150568,0.164600,0.153718,0.136895,0.126462,0.106163,0.073980,0.044072,0.024677,
0.156437,0.111816,0.125527,0.135089,0.147973,0.145881,0.145188,0.136932,0.157834,0.166723,0.167701,0.167293,0.186993,0.178600,0.164174,0.153601,0.142418,0.111900,0.073731,0.039073,0.023872,
nan,nan,nan,0.128974,0.144719,0.181796,0.155392,0.130572,0.179818,0.131426,0.181644,0.200986,0.202716,0.191436,0.166030,0.165818,0.166600,0.112372,0.080471,0.035102,0.023787,
nan,0.261455,0.282948,0.275370,0.265034,0.273484,0.249832,0.226297,0.222350,0.187942,0.176685,0.173783,0.136792,0.120544,0.098280,0.084316,0.060815,0.044457,0.031421,0.016966,0.015168,
0.268409,0.280165,0.273609,0.270649,0.264535,0.246711,0.237693,0.230661,0.213581,0.198337,0.175887,0.160842,0.136507,0.117077,0.097998,0.084298,0.066217,0.049000,0.033064,0.022369,0.013763,
0.270168,0.271385,0.279722,0.261887,0.258317,0.244468,0.233256,0.220473,0.207062,0.186943,0.170695,0.150172,0.124737,0.106886,0.087303,0.071982,0.054078,0.041747,0.027447,0.016488,0.012143,
0.254581,0.255367,0.261791,0.256733,0.241956,0.237205,0.228309,0.211923,0.201432,0.188781,0.168787,0.154147,0.136883,0.116580,0.094910,0.076812,0.059258,0.045218,0.032649,0.021166,0.011548,
0.247717,0.245612,0.246882,0.233032,0.235994,0.230147,0.216299,0.197526,0.192141,0.173762,0.151544,0.138127,0.119438,0.104706,0.085618,0.076376,0.058886,0.045107,0.034117,0.023815,0.013654,
0.240915,0.229139,0.226940,0.225771,0.216001,0.211716,0.199417,0.184329,0.174999,0.165980,0.151028,0.136961,0.121272,0.103124,0.086220,0.067911,0.054589,0.040909,0.028483,0.020147,0.014279,
0.221171,0.213162,0.207157,0.206277,0.201539,0.194960,0.180381,0.175322,0.164927,0.151217,0.139482,0.122810,0.109026,0.097082,0.085921,0.071783,0.057344,0.045699,0.031711,0.019329,0.012588,
0.191324,0.189133,0.182990,0.186292,0.182995,0.170635,0.167311,0.161559,0.147838,0.136741,0.125734,0.117996,0.106490,0.092100,0.078064,0.065827,0.056754,0.045563,0.035222,0.023685,0.013522,
0.180868,0.171838,0.163488,0.167470,0.162251,0.156079,0.153308,0.141508,0.133254,0.127789,0.119391,0.108443,0.097936,0.086332,0.080127,0.067145,0.056052,0.046011,0.033540,0.024153,0.015479,
0.163502,0.156350,0.146013,0.147895,0.144758,0.143370,0.136935,0.128379,0.124319,0.116775,0.109701,0.100788,0.096022,0.087388,0.077731,0.069405,0.060893,0.048373,0.034929,0.023941,0.015845,
0.134545,0.144410,0.136912,0.135402,0.132086,0.136547,0.125000,0.121612,0.116553,0.110767,0.105806,0.101081,0.092402,0.085409,0.079153,0.070473,0.062026,0.053070,0.039714,0.023508,0.017472,
0.129409,0.133228,0.129728,0.127279,0.127879,0.126219,0.118962,0.116219,0.113850,0.106437,0.104179,0.099399,0.094602,0.090352,0.083799,0.074752,0.068140,0.057984,0.044294,0.027198,0.018102,
0.111348,0.121753,0.127285,0.122351,0.125601,0.118344,0.116982,0.114586,0.110902,0.109957,0.106082,0.103652,0.098760,0.095591,0.086468,0.082375,0.075862,0.062299,0.048148,0.031179,0.019497,
0.110767,0.121889,0.118809,0.122402,0.120114,0.113964,0.116344,0.111644,0.110674,0.112823,0.114881,0.106716,0.109191,0.101989,0.102098,0.090227,0.084774,0.068691,0.053177,0.034328,0.022161,
0.158171,0.113488,0.124284,0.125573,0.125677,0.115568,0.122899,0.113263,0.119306,0.115568,0.117379,0.119563,0.117759,0.115638,0.110345,0.104537,0.093113,0.078922,0.060122,0.038615,0.023670,
0.096040,0.119127,0.121968,0.123336,0.125487,0.122815,0.121768,0.121346,0.122099,0.127203,0.126976,0.133240,0.129475,0.124644,0.127132,0.115337,0.101534,0.088254,0.064415,0.038695,0.024608,
0.087547,0.130480,0.139056,0.127540,0.122313,0.131739,0.127358,0.137696,0.129335,0.134438,0.145910,0.142460,0.133475,0.147101,0.141707,0.127410,0.118225,0.097845,0.067920,0.040766,0.024079,
0.137529,0.132065,0.132337,0.135913,0.140949,0.147056,0.141097,0.144741,0.147968,0.153872,0.148356,0.154609,0.152758,0.147890,0.153635,0.138984,0.130027,0.102278,0.067217,0.042207,0.022423,
nan,0.145051,0.179130,nan,0.166841,nan,0.118633,0.161669,0.150998,0.196403,0.175729,0.176082,0.145360,0.175967,0.163699,0.183665,0.117303,0.088028,0.062751,0.034730,0.017735,
nan,0.273448,0.296231,0.282327,0.276938,0.264820,0.250315,0.227850,0.216821,0.179375,0.199993,0.146851,0.142343,0.112942,0.100446,0.074213,0.052206,0.042872,0.026423,0.020216,0.015865,
0.264419,0.272186,0.271388,0.266885,0.261687,0.246893,0.241104,0.234518,0.215980,0.201788,0.180152,0.159822,0.142110,0.117809,0.099812,0.085357,0.065491,0.051720,0.033681,0.022289,0.012916,
0.283325,0.268163,0.277088,0.263079,0.253496,0.242513,0.229856,0.217151,0.202182,0.191119,0.165835,0.145330,0.126664,0.108983,0.088868,0.071614,0.055762,0.041630,0.030592,0.020154,0.014231,
0.268629,0.269459,0.261728,0.253561,0.249077,0.240672,0.231831,0.214976,0.202770,0.184347,0.169330,0.147878,0.130371,0.110394,0.089808,0.072609,0.053466,0.040947,0.029326,0.018026,nan,
0.241134,0.251814,0.245823,0.243036,0.236814,0.226845,0.213990,0.198790,0.187714,0.174040,0.158162,0.142346,0.127347,0.109535,0.090811,0.075605,0.058968,0.045908,0.032207,0.020066,0.011076,
0.228818,0.231745,0.222702,0.227930,0.217800,0.208858,0.200035,0.188545,0.180147,0.164123,0.149511,0.132115,0.113028,0.098851,0.084542,0.069514,0.059593,0.047290,0.035059,0.021971,0.012867,
0.230869,0.213854,0.201913,0.208394,0.199426,0.191915,0.185902,0.176028,0.159187,0.147681,0.136669,0.126484,0.114660,0.097743,0.079808,0.067514,0.053744,0.040551,0.031505,0.024068,0.013578,
0.181504,0.192514,0.182090,0.186514,0.177115,0.176499,0.168848,0.154848,0.148560,0.140517,0.127279,0.113851,0.102754,0.091210,0.081145,0.067494,0.054800,0.041486,0.029405,0.020527,0.014359,
0.165568,0.174199,0.161075,0.165224,0.157958,0.155089,0.147922,0.142569,0.137310,0.123813,0.116540,0.107670,0.100032,0.084888,0.075684,0.064305,0.056844,0.045915,0.031103,0.019472,0.015236,
0.163407,0.163425,0.148317,0.150125,0.143498,0.145189,0.132563,0.132111,0.122720,0.115868,0.111012,0.102124,0.092091,0.086057,0.077906,0.065489,0.056307,0.046446,0.035542,0.021101,0.016603,
0.150181,0.146171,0.134067,0.139394,0.132766,0.131204,0.123895,0.120792,0.113743,0.111314,0.104360,0.097577,0.092796,0.083967,0.075302,0.067546,0.058496,0.049116,0.038129,0.023683,0.019636,
0.132752,0.130549,0.123465,0.129501,0.123574,0.123063,0.117422,0.114916,0.110160,0.106586,0.103355,0.098022,0.091306,0.084909,0.079942,0.071637,0.063269,0.053270,0.039768,0.025171,0.017633,
0.148381,0.125024,0.119294,0.120394,0.120624,0.119414,0.117196,0.108511,0.112026,0.107031,0.105102,0.098660,0.094114,0.090791,0.084305,0.077095,0.069073,0.056713,0.043320,0.029102,0.019445,
0.141571,0.120347,0.121220,0.114930,0.118843,0.116691,0.116173,0.110687,0.114076,0.104137,0.109553,0.106313,0.105458,0.094304,0.093519,0.085461,0.078508,0.063627,0.050061,0.031353,0.023214,
0.131297,0.115862,0.118590,0.120098,0.120838,0.118482,0.115917,0.112747,0.117369,0.112513,0.116272,0.111011,0.108845,0.109126,0.101976,0.093505,0.084240,0.070573,0.055623,0.034930,0.023160,
0.111774,0.117799,0.128586,0.123532,0.122996,0.122942,0.125162,0.117609,0.118595,0.121973,0.119430,0.121841,0.118157,0.110064,0.115975,0.105492,0.091974,0.081641,0.059703,0.036010,0.022711,
0.138492,0.126701,0.120760,0.128594,0.130139,0.126859,0.126051,0.132360,0.134315,0.133232,0.129031,0.133776,0.133388,0.129348,0.126279,0.114737,0.105131,0.090964,0.061344,0.037395,0.021892,
nan,0.120383,0.128774,0.148557,0.127992,0.140099,0.142983,0.135106,0.130223,0.135556,0.142508,0.151347,0.140413,0.137758,0.131947,0.133847,0.107152,0.087448,0.063106,0.039744,0.027350,
nan,0.111320,0.101867,nan,nan,0.154799,0.119668,nan,0.148075,0.143414,0.152060,0.132797,0.149627,0.148715,0.139425,0.132082,0.142152,0.075672,0.059861,0.048779,0.024026,
nan,0.295604,0.292762,0.271313,0.287873,0.239821,0.243089,0.214582,0.217537,0.201816,0.170350,0.163751,0.146233,0.103231,0.102047,0.079742,0.072205,0.045559,0.032583,0.020008,0.011010,
0.289457,0.276812,0.284673,0.271439,0.265680,0.248559,0.239319,0.229361,0.218009,0.198724,0.175939,0.162399,0.144790,0.117875,0.096523,0.081697,0.058957,0.046949,0.034324,0.021046,0.013137,
0.265823,0.273669,0.270833,0.263901,0.254373,0.243967,0.231209,0.217224,0.207767,0.186837,0.175569,0.153561,0.140346,0.118011,0.097317,0.079902,0.064691,0.046309,0.036531,0.023040,0.013657,
0.255368,0.271819,0.259702,0.249142,0.247696,0.243453,0.230345,0.212831,0.200753,0.180199,0.161491,0.144224,0.124792,0.105860,0.085490,0.070198,0.054196,0.042030,0.031104,0.021064,0.014184,
0.259044,0.249041,0.236914,0.242183,0.231828,0.222933,0.213905,0.202384,0.192072,0.177736,0.158696,0.145366,0.126062,0.106806,0.086223,0.069860,0.052491,0.039117,0.027558,0.017247,0.014069,
0.222597,0.233871,0.221410,0.229635,0.218158,0.205266,0.202463,0.188180,0.175435,0.159841,0.147234,0.129885,0.119126,0.105523,0.090484,0.071656,0.054494,0.040661,0.028682,0.017147,0.015215,
0.196243,0.215505,0.205798,0.205937,0.194380,0.199150,0.184724,0.174601,0.161575,0.155221,0.138767,0.124576,0.107076,0.092335,0.081425,0.069207,0.056600,0.043503,0.029546,0.018210,nan,
0.193527,0.197512,0.186287,0.186487,0.178001,0.174104,0.161726,0.159790,0.151528,0.136014,0.125555,0.119073,0.104414,0.090181,0.076439,0.062493,0.053896,0.043691,0.033246,0.020371,0.013254,
0.173004,0.172794,0.168989,0.168585,0.164485,0.156745,0.149924,0.143947,0.132107,0.127876,0.118276,0.105530,0.096090,0.085122,0.078331,0.063967,0.050923,0.043654,0.034448,0.020899,0.013007,
0.164219,0.153453,0.152138,0.147300,0.148540,0.139368,0.138028,0.127264,0.122642,0.115748,0.106525,0.099823,0.094059,0.081661,0.073140,0.065746,0.053842,0.042365,0.033846,0.022238,0.013506,
0.141041,0.142780,0.139502,0.133325,0.135206,0.129516,0.126520,0.118804,0.115458,0.107071,0.104749,0.096327,0.087378,0.082519,0.073391,0.063423,0.057236,0.047272,0.034053,0.023218,0.014062,
0.126738,0.137068,0.135467,0.125082,0.125121,0.122945,0.120622,0.115405,0.110701,0.108919,0.102228,0.094825,0.088885,0.083391,0.075658,0.068335,0.057995,0.048908,0.036482,0.024887,0.015595,
0.112456,0.127778,0.125949,0.122392,0.119382,0.119879,0.116798,0.110845,0.108277,0.104798,0.100700,0.099411,0.094970,0.087044,0.082099,0.072755,0.065014,0.052686,0.040601,0.027246,0.017833,
0.112063,0.121697,0.118716,0.118799,0.116500,0.115345,0.117788,0.112288,0.107581,0.109834,0.105143,0.098810,0.098697,0.096209,0.085417,0.078720,0.071432,0.057375,0.046685,0.029564,0.019450,
0.105469,0.124378,0.123511,0.110344,0.115885,0.117417,0.120427,0.117588,0.111750,0.113592,0.107500,0.104862,0.105343,0.097312,0.095261,0.084562,0.076149,0.062595,0.049979,0.032688,0.021475,
0.111506,0.115515,0.117964,0.117338,0.124070,0.120351,0.117730,0.121476,0.119768,0.118087,0.115144,0.115306,0.111367,0.112513,0.108785,0.098589,0.087072,0.075398,0.054875,0.034915,0.019471,
0.107656,0.120423,0.132336,0.129072,0.127435,0.118252,0.127385,0.134498,0.126069,0.125834,0.120534,0.113421,0.126290,0.116667,0.116245,0.104139,0.098017,0.082028,0.061524,0.035727,0.023610,
nan,0.129398,0.133334,0.133140,0.124356,0.138676,0.132134,0.127390,0.132360,0.141358,0.131057,0.129518,0.122845,0.126714,0.122465,0.112479,0.098788,0.082744,0.058609,0.038795,0.025047,
nan,nan,0.175221,0.115730,nan,nan,0.141779,0.129129,0.120412,0.145225,0.146924,0.126307,0.145771,0.115943,0.152525,0.113935,0.105848,0.090431,0.075074,0.039238,0.018199,
nan,0.273898,0.278203,0.277247,0.266359,0.265819,0.252895,0.236902,0.210979,0.201963,0.193446,0.171706,0.144215,0.106535,0.114631,0.082073,0.058949,0.040065,0.029469,0.021788,0.012001,
0.290728,0.280783,0.279326,0.272441,0.270116,0.258329,0.248995,0.226525,0.214417,0.195119,0.170961,0.161954,0.136044,0.117199,0.094054,0.078258,0.058716,0.044011,0.031872,0.020788,0.011070,
0.279905,0.283148,0.267970,0.265527,0.257634,0.241046,0.236415,0.229509,0.208589,0.195376,0.176140,0.155965,0.138955,0.118797,0.096458,0.079460,0.062148,0.047678,0.031625,0.020405,0.012010,
0.273841,0.267029,0.254112,0.261931,0.253255,0.238390,0.224084,0.207621,0.195559,0.183243,0.162693,0.143788,0.133496,0.115067,0.096580,0.080883,0.062628,0.047047,0.035537,0.021922,0.011912,
0.256179,0.251423,0.242314,0.247322,0.231685,0.222869,0.219312,0.201161,0.191616,0.176015,0.154627,0.140413,0.117195,0.099351,0.083239,0.072790,0.057151,0.045339,0.033588,0.023203,0.012631,
0.243886,0.236364,0.228481,0.224540,0.210832,0.218393,0.200619,0.186920,0.172140,0.166338,0.152203,0.134885,0.116991,0.099364,0.081255,0.065018,0.052543,0.041119,0.031941,0.022505,0.012691,
0.217956,0.216189,0.211949,0.205191,0.201919,0.191454,0.181427,0.177805,0.165488,0.149238,0.136089,0.123550,0.113517,0.098690,0.080970,0.064865,0.051088,0.037004,0.029195,0.022873,0.012535,
0.180400,0.193299,0.191543,0.181424,0.183779,0.171321,0.170351,0.157833,0.143943,0.137776,0.129432,0.113825,0.101947,0.089314,0.079009,0.065819,0.052385,0.039017,0.029195,0.020711,0.013428,
0.179861,0.170710,0.173317,0.158915,0.163592,0.153597,0.150849,0.137177,0.136728,0.123516,0.113325,0.108656,0.097255,0.084055,0.075064,0.064712,0.052819,0.039395,0.028127,0.020188,0.013553,
0.158163,0.153251,0.153651,0.147050,0.144361,0.142228,0.134307,0.132732,0.121487,0.113803,0.108605,0.098641,0.090972,0.081111,0.070644,0.060020,0.053704,0.042494,0.030420,0.021261,0.013997,
0.138925,0.142614,0.140789,0.134698,0.130129,0.133320,0.125330,0.120904,0.114473,0.110511,0.104009,0.095544,0.087018,0.079761,0.073080,0.061899,0.055520,0.044172,0.031623,0.021450,0.015186,
0.132339,0.132398,0.128728,0.128711,0.119509,0.124201,0.121748,0.113207,0.111996,0.104447,0.099497,0.095957,0.088303,0.081434,0.072923,0.065531,0.055601,0.047541,0.034293,0.024446,0.014839,
0.108208,0.125214,0.125766,0.126379,0.115646,0.119104,0.116957,0.112601,0.109653,0.104990,0.101095,0.094475,0.093716,0.085806,0.077624,0.071606,0.061135,0.049575,0.038887,0.025868,0.016425,
0.111097,0.118536,0.122204,0.124212,0.114196,0.118506,0.115768,0.110905,0.108734,0.104918,0.103978,0.096768,0.090582,0.089258,0.082489,0.074750,0.065272,0.054543,0.043014,0.029887,0.020277,
nan,0.124986,0.120049,0.119051,0.116929,0.116006,0.115902,0.110803,0.111339,0.109030,0.105209,0.103381,0.101073,0.094616,0.091152,0.081463,0.070731,0.061112,0.047673,0.030376,0.019252,
nan,0.121729,0.118565,0.117561,0.120183,0.118373,0.118725,0.111941,0.116972,0.112025,0.113455,0.105626,0.106287,0.102242,0.098161,0.089395,0.079060,0.070258,0.050566,0.034294,0.019826,
nan,0.128024,0.124513,0.117822,0.127613,0.126988,0.124431,0.119491,0.123931,0.118600,0.119230,0.121944,0.115119,0.108150,0.105023,0.093754,0.088683,0.074652,0.058332,0.034588,0.021464,
nan,0.129315,0.138459,0.132161,0.123353,0.122274,0.123441,0.135540,0.130132,0.126700,0.132127,0.124528,0.126568,0.117236,0.119429,0.105594,0.095642,0.082064,0.056983,0.037404,0.023959,
nan,0.135495,0.121141,0.139819,0.135027,0.122976,0.150785,0.143439,0.123384,0.120309,0.147720,0.118160,0.129824,0.119502,0.104697,0.099170,0.087494,0.077166,0.081639,0.039366,0.026419,
nan,0.308498,0.271508,0.267961,0.263132,0.263063,0.249970,0.239919,0.205805,0.191257,0.181766,0.146019,0.143195,0.110330,0.098840,0.076638,0.053512,0.045849,0.030474,0.019784,0.010670,
0.288189,0.267598,0.290954,0.275578,0.261883,0.255938,0.246747,0.225206,0.209660,0.204078,0.175902,0.160598,0.137798,0.121977,0.091268,0.076803,0.056925,0.042926,0.028478,0.018294,0.010888,
0.273133,0.280218,0.275551,0.262898,0.254914,0.256674,0.242597,0.223161,0.209629,0.190373,0.174998,0.155684,0.133320,0.113454,0.092696,0.077290,0.059472,0.045860,0.030690,0.018882,0.011168,
0.262104,0.268757,0.252288,0.251145,0.247324,0.234785,0.224710,0.213885,0.201694,0.189522,0.175753,0.156007,0.135254,0.115204,0.092561,0.076541,0.057815,0.042778,0.030595,0.020359,0.011758,
0.261855,0.256046,0.248392,0.242992,0.233550,0.227394,0.216519,0.200814,0.187314,0.170182,0.153050,0.141507,0.127029,0.110621,0.092214,0.075718,0.058982,0.043999,0.030235,0.018629,0.011398,
0.247454,0.236160,0.232512,0.219201,0.219885,0.208109,0.195825,0.192744,0.180453,0.162257,0.146684,0.128722,0.113922,0.099543,0.088820,0.073001,0.056302,0.042925,0.030503,0.017687,0.012148,
0.229898,0.215179,0.213077,0.200628,0.202831,0.188209,0.187937,0.174093,0.159562,0.154088,0.139856,0.126840,0.107685,0.089496,0.079993,0.067139,0.056728,0.041840,0.028920,0.017419,nan,
0.203785,0.194311,0.193571,0.187189,0.178073,0.177114,0.166223,0.155850,0.152032,0.135206,0.122476,0.115471,0.104082,0.086760,0.073299,0.062279,0.053469,0.041925,0.028798,0.017914,0.013888,
0.157372,0.175199,0.173148,0.172994,0.155949,0.162003,0.146144,0.145958,0.131279,0.126682,0.115934,0.103536,0.098050,0.086823,0.073194,0.058542,0.051616,0.041033,0.029713,0.017353,0.014380,
0.156250,0.155965,0.155507,0.155703,0.141653,0.142348,0.139706,0.128621,0.123779,0.115125,0.107469,0.099814,0.087411,0.080440,0.071646,0.059439,0.049126,0.042421,0.030699,0.017317,0.013186,
0.138281,0.141960,0.140722,0.143339,0.130412,0.127734,0.131420,0.118662,0.117319,0.105687,0.102230,0.092588,0.088062,0.079065,0.069522,0.060689,0.050826,0.043328,0.031342,0.019751,0.014196,
nan,0.131842,0.131202,0.132773,0.127454,0.120003,0.120273,0.113086,0.110788,0.105931,0.099745,0.094493,0.088050,0.080182,0.070780,0.064684,0.053879,0.044486,0.032416,0.020808,0.014294,
0.116294,0.124498,0.126256,0.122372,0.123453,0.113505,0.114777,0.110854,0.106168,0.102899,0.099772,0.091104,0.088905,0.082787,0.074544,0.066868,0.057773,0.046983,0.036846,0.025452,0.015809,
0.161071,0.119047,0.121054,0.117110,0.116651,0.113088,0.110466,0.108505,0.105751,0.104990,0.099903,0.094107,0.092044,0.086303,0.078881,0.070236,0.061152,0.050606,0.039791,0.028066,0.018406,
nan,0.119062,0.119924,0.120672,0.112991,0.108201,0.113400,0.110519,0.108806,0.103493,0.103494,0.098855,0.095893,0.088146,0.085887,0.077649,0.066627,0.057205,0.044274,0.029272,0.019583,
nan,0.117642,0.123044,0.122160,0.119312,0.111754,0.113066,0.111762,0.113871,0.110209,0.110362,0.107411,0.101326,0.097009,0.091319,0.082865,0.076816,0.066514,0.048228,0.033055,0.021424,
nan,0.130853,0.114936,0.131375,0.115659,0.114316,0.122851,0.110706,0.110906,0.116872,0.122932,0.116189,0.110057,0.104329,0.098781,0.091877,0.083290,0.068985,0.054510,0.035057,0.022560,
nan,0.115060,0.120167,0.127430,0.134235,0.122266,0.124913,0.121648,0.121563,0.114677,0.118538,0.116259,0.118480,0.112799,0.112594,0.096901,0.088730,0.080035,0.058466,0.038052,0.022256,
nan,nan,nan,nan,nan,0.135783,0.121754,0.130482,0.140504,0.119695,0.140231,0.113973,0.121299,0.114177,0.109764,0.092317,0.104325,0.078326,nan,0.041086,0.020650,
nan,0.288629,0.280743,0.274507,0.262639,0.263650,0.235258,0.216580,0.197132,nan,0.187670,0.133799,0.126272,0.102834,0.101531,0.068351,0.061482,0.045466,0.027972,0.017703,nan,
0.295014,0.274172,0.284677,0.266984,0.257278,0.251816,0.239644,0.225260,0.206917,0.194186,0.175438,0.152483,0.138661,0.111492,0.095368,0.076331,0.059490,0.045556,0.030303,0.018540,nan,
0.295080,0.275122,0.266448,0.263052,0.263733,0.249741,0.241795,0.224212,0.212862,0.190520,0.171006,0.150996,0.127565,0.112984,0.090431,0.070849,0.055880,0.041102,0.029027,0.017442,nan,
0.284246,0.264470,0.266927,0.256546,0.241069,0.236981,0.232081,0.217364,0.201406,0.182492,0.163758,0.147318,0.131039,0.110455,0.086130,0.071347,0.052873,0.040010,0.028194,0.017816,nan,
0.257048,0.246870,0.245670,0.235566,0.232537,0.227921,0.212810,0.197124,0.190712,0.182469,0.164324,0.143682,0.124561,0.104457,0.085684,0.067203,0.050405,0.037514,0.026708,0.016327,0.012579,
0.239583,0.231999,0.234941,0.224886,0.219016,0.204828,0.208621,0.191574,0.171913,0.157602,0.150229,0.138277,0.118253,0.102364,0.082858,0.066210,0.050145,0.036718,0.026652,0.019080,0.012909,
0.222269,0.213734,0.216444,0.213225,0.194698,0.198132,0.181970,0.172400,0.167834,0.150449,0.136288,0.119482,0.111882,0.098530,0.079880,0.064286,0.048371,0.035882,0.026992,0.020899,0.011982,
0.200378,0.190324,0.192041,0.196053,0.174251,0.176178,0.165761,0.160964,0.143368,0.141703,0.128622,0.112279,0.099208,0.093200,0.078198,0.061955,0.049407,0.038110,0.029237,0.020994,0.012781,
0.184942,0.170080,0.171675,0.173241,0.167386,0.151872,0.156267,0.139493,0.137050,0.123322,0.115416,0.107281,0.094760,0.082328,0.073309,0.062308,0.047992,0.037487,0.030875,0.019139,0.011885,
0.155062,0.151709,0.153113,0.155430,0.151669,0.137419,0.137310,0.132630,0.122539,0.118259,0.106876,0.096192,0.089881,0.078737,0.068875,0.059306,0.047870,0.038892,0.031290,0.018927,0.012582,
nan,0.142088,0.140272,0.142428,0.137531,0.133427,0.123852,0.120699,0.116278,0.108209,0.101579,0.094759,0.085411,0.077303,0.066861,0.060346,0.050223,0.040556,0.031740,0.019208,0.014513,
0.133823,0.136043,0.129724,0.131699,0.128541,0.127252,0.119138,0.112218,0.108976,0.102822,0.099929,0.091866,0.086401,0.079536,0.070281,0.063004,0.051396,0.041055,0.031309,0.020575,0.014257,
0.115365,0.127245,0.122627,0.128567,0.123058,0.120337,0.112479,0.110360,0.104876,0.101414,0.096112,0.089817,0.085287,0.080444,0.071909,0.063629,0.055419,0.045433,0.035193,0.021847,0.015292,
nan,0.122455,0.122982,0.122960,0.121257,0.115632,0.110960,0.106230,0.103716,0.102355,0.097197,0.092342,0.089157,0.082835,0.077094,0.069003,0.058424,0.047420,0.038102,0.026484,0.016997,
0.114798,0.114068,0.120374,0.117895,0.118022,0.113983,0.109634,0.105812,0.102550,0.106042,0.101716,0.099002,0.093759,0.086441,0.079074,0.073255,0.065819,0.054375,0.041707,0.028232,0.019149,
nan,0.117344,0.122833,0.115558,0.109917,0.113470,0.110240,0.108404,0.105151,0.105988,0.105100,0.098466,0.103019,0.093225,0.086746,0.080685,0.071590,0.062585,0.045810,0.031235,0.018877,
nan,0.120820,0.128997,0.109504,0.126892,0.117509,0.111926,0.111845,0.110450,0.115483,0.113429,0.107620,0.108109,0.106717,0.095090,0.086612,0.079442,0.066045,0.052245,0.036712,0.021473,
nan,0.118899,0.124777,0.140624,0.150491,0.129643,0.121995,0.118788,0.113545,0.120167,0.118070,0.111402,0.114625,0.118588,0.098541,0.101148,0.086521,0.073618,0.058208,0.036817,0.025082,
nan,nan,nan,nan,nan,0.107241,0.121756,0.121073,0.144481,0.121007,0.148309,0.101986,0.129271,0.122130,0.115249,0.095663,0.095389,0.104237,0.030729,0.039873,0.022636,
nan,0.300709,0.269919,0.286147,0.257994,0.247423,0.226224,0.221523,0.235791,0.196314,0.182261,0.146556,0.124745,0.111902,0.112252,0.074337,0.056047,0.048720,0.024709,0.016213,nan,
0.270356,0.281737,0.272348,0.272259,0.259061,0.244494,0.240169,0.228412,0.208942,0.193956,0.177506,0.150570,0.131759,0.107928,0.088544,0.067880,0.057579,0.039765,0.028744,0.017101,nan,
0.279550,0.278330,0.266697,0.273325,0.257549,0.247834,0.234172,0.220889,0.205620,0.188053,0.168888,0.146606,0.128400,0.106645,0.085229,0.069282,0.052165,0.039230,0.025083,0.015407,0.016808,
0.255231,0.259790,0.261284,0.253887,0.248885,0.242242,0.232158,0.212219,0.201957,0.181658,0.159524,0.142378,0.122650,0.102213,0.084241,0.068231,0.051909,0.040792,0.030409,0.020380,0.013516,
0.236673,0.249563,0.250232,0.238905,0.233792,0.221265,0.213899,0.206724,0.195310,0.173801,0.156209,0.140760,0.115818,0.097479,0.084166,0.071338,0.057481,0.044521,0.032417,0.022365,0.012219,
0.256971,0.226689,0.234471,0.231856,0.215909,0.213935,0.198999,0.186070,0.180034,0.167317,0.147444,0.131121,0.112553,0.096208,0.081702,0.069872,0.057026,0.043828,0.031036,0.019346,0.010769,
0.218263,0.208605,0.213302,0.211909,0.197740,0.192655,0.184221,0.177367,0.160421,0.147060,0.142490,0.127632,0.106370,0.088811,0.080034,0.066934,0.055175,0.040378,0.027888,0.016690,0.012567,
0.212220,0.194244,0.191353,0.187850,0.186838,0.167865,0.169335,0.152644,0.150389,0.135511,0.122789,0.117285,0.103324,0.084395,0.073211,0.064922,0.051850,0.038682,0.026025,0.016616,0.013049,
0.177072,0.168119,0.168967,0.165359,0.164931,0.162182,0.148248,0.146853,0.130806,0.129909,0.114777,0.103252,0.097219,0.083784,0.069747,0.060748,0.050384,0.036681,0.025450,0.017868,0.012893,
0.147292,0.152416,0.151983,0.147631,0.146726,0.147926,0.135770,0.128180,0.127460,0.113619,0.109446,0.097354,0.085965,0.079740,0.066535,0.057277,0.049102,0.037542,0.027295,0.020290,0.012362,
0.134560,0.136905,0.137033,0.133011,0.133363,0.130570,0.128274,0.120616,0.112937,0.109598,0.101131,0.095396,0.085650,0.080031,0.066691,0.058727,0.049777,0.038236,0.029752,0.020372,0.013237,
nan,0.128419,0.127953,0.124106,0.123801,0.119756,0.117984,0.113983,0.106903,0.102848,0.097942,0.088078,0.084167,0.076431,0.068848,0.060316,0.050255,0.040369,0.030407,0.020004,0.015363,
nan,0.122067,0.123034,0.118423,0.116277,0.114485,0.113649,0.110398,0.104618,0.105220,0.096404,0.089597,0.085135,0.078453,0.073790,0.061579,0.055120,0.043485,0.035257,0.022341,0.014756,
0.114537,0.122165,0.121163,0.120474,0.113920,0.109999,0.111483,0.109936,0.102508,0.102547,0.094632,0.094527,0.089278,0.079277,0.073896,0.066204,0.057186,0.046404,0.036635,0.024194,0.016582,
nan,0.109103,0.120908,0.118517,0.117112,0.110021,0.117024,0.111444,0.105615,0.102198,0.099756,0.093634,0.090543,0.085093,0.077161,0.070480,0.060881,0.052572,0.040209,0.026800,0.017815,
0.121848,0.111777,0.109978,0.120249,0.114464,0.110346,0.111464,0.109765,0.108920,0.102124,0.106505,0.101832,0.100721,0.092427,0.085626,0.080392,0.068570,0.059896,0.043541,0.030290,0.023106,
nan,0.111446,0.115861,0.123512,0.125291,0.119069,0.116367,0.115104,0.108838,0.105267,0.110717,0.103597,0.098434,0.097296,0.090847,0.085985,0.077352,0.064572,0.050330,0.036396,0.020385,
nan,0.141330,0.121276,0.124839,0.126027,0.112175,0.114597,0.116891,0.115809,0.114000,0.113415,0.111961,0.102492,0.111278,0.096606,0.087886,0.077372,0.069834,0.064426,0.036727,0.027581,
nan,nan,nan,0.113729,0.139092,0.102758,0.114502,0.099979,0.093741,0.116549,0.110434,0.117833,0.102359,0.091627,0.116208,0.085684,0.087071,0.072900,0.052260,0.039305,0.026074,
nan,0.285226,0.266643,0.261871,0.287299,0.232667,0.250499,0.216657,0.208796,0.199881,0.187756,0.160398,0.135245,0.115390,0.096797,0.093938,0.048577,0.041090,0.034344,0.017746,nan,
0.285595,0.291587,0.278175,0.268962,0.264920,0.255915,0.240931,0.224266,0.213578,0.185005,0.173693,0.152475,0.129152,0.111276,0.083401,0.068737,0.055774,0.038516,0.024679,0.017371,nan,
0.272616,0.273832,0.272562,0.264118,0.254537,0.246197,0.231000,0.211944,0.201255,0.185686,0.166904,0.146380,0.123473,0.109110,0.086690,0.072247,0.057639,0.042104,0.031094,0.021725,0.014392,
0.255765,0.263266,0.263126,0.253094,0.249432,0.240510,0.226464,0.208377,0.194688,0.178880,0.160552,0.149685,0.133029,0.118300,0.097206,0.081524,0.062481,0.044941,0.034098,0.020301,0.012132,
0.247439,0.245566,0.249854,0.245458,0.230471,0.233244,0.219599,0.200262,0.184755,0.168170,0.156737,0.143047,0.128308,0.109679,0.090284,0.075858,0.057078,0.041357,0.028371,0.018238,0.010806,
0.221870,0.230418,0.230649,0.230486,0.218609,0.208842,0.195426,0.197185,0.179724,0.160808,0.145489,0.133074,0.120635,0.104358,0.085049,0.067923,0.050893,0.036927,0.025846,0.016167,0.012313,
0.208305,0.204898,0.206804,0.204909,0.204749,0.187167,0.187175,0.167613,0.164866,0.150807,0.136627,0.117962,0.112045,0.098281,0.079391,0.063498,0.047257,0.035682,0.025771,0.020095,0.011654,
0.195953,0.177835,0.186193,0.178338,0.180542,0.179727,0.163897,0.163404,0.144611,0.140873,0.126363,0.110742,0.101173,0.093145,0.075639,0.059487,0.047280,0.038670,0.028942,0.019505,0.011719,
0.175803,0.163556,0.164212,0.159738,0.159191,0.158562,0.156987,0.138208,0.138490,0.123165,0.118306,0.104027,0.091007,0.086406,0.071160,0.057833,0.046884,0.039308,0.028370,0.016820,0.012247,
0.145653,0.147657,0.146160,0.142852,0.141710,0.137212,0.137210,0.134875,0.120373,0.117646,0.104091,0.100411,0.087752,0.079695,0.068883,0.055117,0.047855,0.038493,0.027604,0.016857,0.012165,
0.138964,0.137823,0.134188,0.134670,0.131339,0.125413,0.123721,0.120256,0.115702,0.105916,0.102623,0.092557,0.085914,0.075292,0.069275,0.056451,0.047783,0.037726,0.026625,0.019723,0.012328,
0.121021,0.130498,0.127316,0.128496,0.128504,0.121731,0.117112,0.114495,0.108676,0.105011,0.096311,0.087941,0.084770,0.075238,0.068920,0.060474,0.049644,0.040187,0.028691,0.020074,0.013828,
0.140065,0.127413,0.123656,0.122775,0.122339,0.119451,0.117961,0.112171,0.105301,0.101667,0.095746,0.091148,0.084248,0.076771,0.070848,0.060632,0.052195,0.042536,0.033197,0.022224,0.014758,
0.111082,0.124786,0.119466,0.123105,0.117935,0.115448,0.111679,0.106789,0.103336,0.099136,0.094384,0.092096,0.086783,0.079424,0.071312,0.064140,0.057529,0.045429,0.036646,0.023902,0.016459,
nan,0.119902,0.119793,0.119699,0.115618,0.116369,0.108949,0.107114,0.104507,0.102926,0.098744,0.093635,0.091230,0.086492,0.075951,0.070693,0.060687,0.050297,0.039333,0.025511,0.017413,
0.114568,0.124699,0.123495,0.122669,0.112704,0.115517,0.111480,0.110112,0.106890,0.107715,0.101798,0.098278,0.092618,0.088877,0.083866,0.078763,0.067038,0.057473,0.042979,0.030560,0.020541,
nan,0.129774,0.132326,0.127109,0.117015,0.110300,0.113322,0.115377,0.113914,0.109011,0.104039,0.092694,0.104118,0.094729,0.088629,0.080681,0.074441,0.061782,0.050300,0.034020,0.024065,
nan,0.111075,0.140133,0.125730,0.124393,0.111332,0.113565,0.111866,0.109738,0.112350,0.110636,0.101284,0.106798,0.096061,0.098171,0.089495,0.079910,0.069251,0.061644,0.038053,0.029295,
nan,nan,0.143294,0.124712,0.176325,nan,0.132261,0.111483,0.108060,0.107243,0.134051,0.123769,0.099853,0.084066,0.102843,0.080183,0.076670,0.067326,0.074418,0.042851,0.029129,
nan,0.268027,0.301189,0.260041,0.274199,0.237696,0.224681,0.223278,0.216654,0.209131,0.179572,0.150180,0.130879,0.103096,0.088070,0.072949,0.053682,0.045971,0.030615,0.014659,nan,
0.294467,0.284334,0.273020,0.271930,0.259342,0.243176,0.239558,0.221243,0.200930,0.189805,0.168168,0.152205,0.133619,0.106736,0.086202,0.070965,0.057449,0.040679,0.027194,0.015939,0.014148,
0.260013,0.269029,0.272160,0.264345,0.255702,0.242259,0.234526,0.217928,0.202551,0.194341,0.178062,0.158914,0.138255,0.117893,0.100405,0.079566,0.063829,0.045672,0.034086,0.021699,0.012662,
0.258194,0.257812,0.257880,0.261462,0.242529,0.232103,0.223541,0.215000,0.205768,0.190885,0.174309,0.151054,0.133777,0.114460,0.091633,0.075318,0.056132,0.042034,0.028485,0.018635,0.011188,
0.251706,0.244494,0.246059,0.245191,0.236752,0.225728,0.213847,0.198905,0.189108,0.179145,0.165360,0.142018,0.124890,0.104000,0.083885,0.066376,0.049160,0.038716,0.027377,0.017163,0.012811,
0.238967,0.223989,0.220396,0.219544,0.221551,0.205899,0.203921,0.188038,0.171534,0.167361,0.153029,0.135180,0.113484,0.097415,0.080578,0.062760,0.053141,0.041514,0.030500,0.020372,0.011926,
0.226783,0.201972,0.202007,0.195262,0.195570,0.199053,0.178840,0.180062,0.160843,0.149046,0.142607,0.126038,0.106488,0.089361,0.078248,0.065782,0.054019,0.040446,0.027691,0.016827,0.011255,
0.199069,0.184251,0.184856,0.183229,0.176310,0.172377,0.174113,0.154697,0.151784,0.135599,0.125588,0.115368,0.100636,0.083960,0.074211,0.064206,0.049460,0.035476,0.024819,0.016760,0.012188,
0.170971,0.165382,0.169505,0.175982,0.165639,0.149686,0.147000,0.147510,0.132565,0.128629,0.113865,0.107747,0.093906,0.079808,0.072533,0.060771,0.046304,0.034754,0.027161,0.018711,0.012034,
0.171054,0.146321,0.151290,0.156952,0.152314,0.144677,0.135061,0.127283,0.123199,0.113530,0.106934,0.096572,0.089621,0.076213,0.068981,0.056881,0.045196,0.036575,0.029559,0.017153,0.013280,
0.133939,0.134620,0.140803,0.140580,0.135083,0.133822,0.129249,0.122709,0.112794,0.108943,0.104013,0.091657,0.086534,0.075459,0.067956,0.056135,0.047582,0.038834,0.028380,0.017342,0.012065,
0.138959,0.129717,0.132027,0.128782,0.123901,0.123267,0.119658,0.115712,0.110713,0.105363,0.096371,0.089913,0.083493,0.074823,0.067158,0.059434,0.047835,0.040176,0.027969,0.020741,0.013732,
0.155719,0.125092,0.123202,0.121740,0.118041,0.114965,0.111257,0.108677,0.105998,0.100566,0.096334,0.089555,0.083834,0.075603,0.068840,0.060769,0.051294,0.041244,0.032216,0.021789,0.015890,
0.106170,0.117874,0.118867,0.118530,0.114110,0.109920,0.107459,0.108829,0.106230,0.101238,0.095190,0.090018,0.083970,0.079428,0.071565,0.061956,0.053687,0.045416,0.035219,0.023501,0.016767,
0.122161,0.104993,0.116758,0.114221,0.115017,0.110259,0.109196,0.105562,0.105158,0.099425,0.095876,0.091692,0.087080,0.084660,0.075507,0.070350,0.060780,0.049415,0.039177,0.026751,0.017342,
0.123626,0.105873,0.116315,0.119186,0.121941,0.113375,0.111016,0.107875,0.104081,0.103225,0.100955,0.092464,0.094722,0.088152,0.080276,0.074534,0.063618,0.057128,0.041842,0.028915,0.020652,
0.101878,0.128625,0.122430,0.118017,0.118321,0.109539,0.110999,0.110970,0.107406,0.107215,0.103045,0.096175,0.099377,0.092559,0.088010,0.083612,0.069921,0.061290,0.048496,0.035332,0.023838,
nan,0.112611,0.122255,0.114863,0.112354,0.118693,0.111937,0.115970,0.110772,0.116646,0.109673,0.099555,0.102119,0.099983,0.093385,0.084328,0.077274,0.064959,0.062704,0.038987,0.032352,
nan,nan,0.091867,nan,0.087137,0.128644,0.088553,0.102512,0.119583,0.110493,0.114102,0.093187,0.097193,0.113569,0.091282,0.083565,0.082951,0.062113,0.056835,0.044871,0.025261,
nan,0.298392,0.293075,0.270520,0.263479,0.242827,0.244753,0.233253,0.224023,0.185985,0.176033,0.149904,0.122626,0.104763,0.085435,0.069204,0.050328,0.040283,0.036266,0.018047,nan,
0.260009,0.282905,0.276224,0.275886,0.260567,0.243791,0.237711,0.222676,0.208786,0.191306,0.164942,0.153241,0.130941,0.110858,0.094291,0.078351,0.057267,0.041186,0.027892,0.019037,0.014252,
0.283565,0.269357,0.271467,0.261709,0.255139,0.247037,0.238240,0.228707,0.210561,0.197113,0.177007,0.156581,0.138156,0.119889,0.093411,0.077229,0.060596,0.045136,0.030021,0.019899,0.011708,
0.264791,0.257135,0.260348,0.258356,0.242981,0.232371,0.235632,0.218780,0.200645,0.183532,0.165730,0.150087,0.131555,0.107681,0.087833,0.068843,0.052709,0.040235,0.027634,0.018110,0.013389,
0.243965,0.237767,0.234316,0.240333,0.236614,0.224430,0.211311,0.207750,0.191893,0.175346,0.156823,0.141059,0.117742,0.098245,0.084741,0.068966,0.055933,0.041868,0.030271,0.021014,0.011680,
0.235809,0.220164,0.226801,0.214851,0.215095,0.214208,0.197999,0.194907,0.183057,0.163470,0.143622,0.126805,0.114532,0.103824,0.087560,0.069653,0.054265,0.039035,0.028068,0.016602,0.010038,
0.212086,0.202422,0.213324,0.217078,0.200636,0.188223,0.190217,0.170489,0.166209,0.151150,0.136752,0.118800,0.110359,0.097469,0.079082,0.063835,0.046602,0.035609,0.025473,0.018049,0.011292,
0.183477,0.179861,0.192142,0.196144,0.190015,0.176836,0.163397,0.164091,0.144463,0.141899,0.124164,0.111064,0.104241,0.091866,0.073422,0.058322,0.049018,0.038843,0.027661,0.018709,0.010058,
0.172304,0.164729,0.171763,0.169708,0.165405,0.160649,0.153831,0.139579,0.135504,0.120670,0.117283,0.102817,0.096588,0.083952,0.067653,0.059239,0.048208,0.037067,0.025432,0.016818,0.012223,
0.139697,0.148008,0.153577,0.150402,0.144063,0.142445,0.138533,0.132901,0.120644,0.115985,0.108594,0.097707,0.090238,0.078011,0.064186,0.058393,0.047326,0.035141,0.026246,0.018683,0.012033,
0.133290,0.136879,0.141515,0.137728,0.132839,0.126811,0.122987,0.120394,0.115893,0.110257,0.098982,0.091203,0.083251,0.075270,0.064006,0.056443,0.047386,0.035959,0.028756,0.017420,0.011700,
0.121668,0.124773,0.130574,0.129056,0.122685,0.118228,0.116925,0.110825,0.106932,0.103362,0.097797,0.090119,0.083767,0.076216,0.066869,0.060070,0.046975,0.041194,0.029222,0.018822,0.012884,
0.111030,0.130666,0.124693,0.121807,0.115461,0.116534,0.111532,0.110517,0.107805,0.103074,0.094503,0.089377,0.082525,0.075700,0.068022,0.061563,0.050640,0.042358,0.030372,0.021821,0.014092,
0.114860,0.117502,0.117271,0.119481,0.112025,0.116307,0.109285,0.108626,0.104339,0.099988,0.095606,0.088514,0.082813,0.079932,0.071421,0.061840,0.053220,0.044660,0.034511,0.023882,0.016340,
0.110897,0.123046,0.115478,0.116453,0.117172,0.110186,0.108106,0.107112,0.103934,0.103718,0.098709,0.091659,0.088140,0.082738,0.075246,0.069905,0.057837,0.049942,0.038094,0.026209,0.018911,
nan,0.123306,0.110283,0.113993,0.112349,0.110685,0.106799,0.108431,0.102083,0.102593,0.101378,0.092200,0.094140,0.085851,0.076299,0.072902,0.062424,0.055528,0.043557,0.029694,0.020926,
0.094319,0.115872,0.120384,0.119039,0.121886,0.111787,0.115732,0.109781,0.106617,0.104225,0.104382,0.101115,0.097673,0.094853,0.083243,0.081176,0.070061,0.059762,0.048500,0.033496,0.026072,
nan,0.128719,0.107130,0.119853,0.110061,0.117325,0.113142,0.105170,0.107496,0.110836,0.113616,0.103906,0.098602,0.089459,0.089527,0.084760,0.081542,0.064292,0.058305,0.044152,0.029153,
nan,0.120743,0.123282,nan,0.129139,0.191611,0.110955,0.126535,0.093964,0.124738,0.105518,0.102259,0.104718,0.089904,0.103041,0.085369,0.092470,0.071312,0.052084,0.052511,0.040848,
nan,0.278777,0.279584,0.267011,0.257381,0.263510,0.239615,0.206030,0.215406,0.192986,0.180922,0.156839,0.143814,0.104481,0.075596,0.067543,0.051231,0.044025,0.026514,0.016019,nan,
0.278233,0.286172,0.274035,0.267551,0.259336,0.253240,0.236205,0.227983,0.210712,0.198844,0.176063,0.157514,0.141632,0.118666,0.098391,0.078999,0.059588,0.045001,0.029548,0.020320,0.012688,
0.302756,0.267134,0.273327,0.261988,0.262151,0.256041,0.239572,0.224669,0.210354,0.191778,0.173988,0.153545,0.132193,0.114170,0.091212,0.076340,0.056968,0.044498,0.031093,0.017148,0.011425,
0.249157,0.257001,0.255602,0.255836,0.238652,0.244496,0.228760,0.214703,0.199574,0.178666,0.161757,0.142080,0.122921,0.104517,0.085985,0.070884,0.052140,0.040399,0.029942,0.019628,0.012401,
0.247595,0.240391,0.245667,0.230336,0.234542,0.223253,0.219538,0.203117,0.185210,0.168395,0.155766,0.143752,0.127549,0.108205,0.087935,0.075637,0.056216,0.040670,0.028504,0.018401,0.012128,
0.235923,0.228636,0.234406,0.232493,0.213261,0.209119,0.207391,0.190333,0.176087,0.162704,0.154997,0.138826,0.117855,0.099990,0.081646,0.063211,0.048121,0.036797,0.026624,0.017618,0.011593,
0.206515,0.211467,0.213437,0.208886,0.208607,0.202268,0.182113,0.182086,0.160443,0.147299,0.141995,0.125712,0.106714,0.090145,0.077169,0.064985,0.052594,0.040666,0.028079,0.017054,0.012296,
0.186206,0.191195,0.194079,0.183684,0.179085,0.176568,0.172877,0.153034,0.151088,0.135136,0.130361,0.113857,0.098911,0.087488,0.076216,0.062950,0.047673,0.034034,0.024365,0.016663,0.011731,
0.174071,0.171395,0.171781,0.164104,0.157809,0.153942,0.149420,0.146123,0.134259,0.125659,0.115677,0.105885,0.091657,0.084703,0.071383,0.058340,0.045027,0.036534,0.027546,0.018234,0.010607,
0.154263,0.157152,0.154272,0.146945,0.141513,0.139931,0.130688,0.129562,0.123558,0.119074,0.106806,0.099441,0.086317,0.081530,0.067628,0.054072,0.048257,0.037430,0.025577,0.016234,0.012304,
0.133734,0.137503,0.140189,0.133912,0.130875,0.133575,0.127130,0.121775,0.114602,0.107437,0.100572,0.092891,0.083995,0.078064,0.066357,0.054954,0.047515,0.034954,0.028451,0.018621,0.012417,
0.122220,0.132473,0.128840,0.125163,0.126252,0.123731,0.117137,0.114035,0.110191,0.104951,0.099108,0.089155,0.083943,0.077097,0.067004,0.058956,0.048122,0.038496,0.030164,0.018907,0.014004,
0.123985,0.126228,0.120157,0.121389,0.120186,0.116344,0.113216,0.109711,0.104894,0.099261,0.096495,0.088330,0.082366,0.073273,0.067723,0.062646,0.049803,0.042405,0.031021,0.021502,0.014414,
0.121522,0.121146,0.119374,0.116838,0.115900,0.112200,0.111612,0.105876,0.101995,0.102213,0.096340,0.090374,0.085785,0.079727,0.070623,0.062634,0.053978,0.043833,0.034503,0.024747,0.016020,
0.130189,0.125045,0.111957,0.112231,0.110626,0.111765,0.114675,0.104200,0.100313,0.100832,0.097801,0.089295,0.087954,0.082680,0.074394,0.069737,0.058578,0.050058,0.037044,0.026734,0.019664,
0.147565,0.109984,0.131177,0.117303,0.112019,0.112002,0.109954,0.105061,0.102296,0.106864,0.105477,0.094890,0.091025,0.082580,0.077116,0.074014,0.061861,0.053915,0.042428,0.030071,0.022146,
0.096897,0.132606,0.109853,0.118540,0.112180,0.115102,0.114371,0.108052,0.105553,0.101955,0.102617,0.097812,0.095286,0.088949,0.084217,0.078367,0.071202,0.060844,0.049186,0.037657,0.024183,
nan,nan,0.117746,0.115701,0.116344,0.120512,0.110657,0.115395,0.109135,0.108022,0.104223,0.102581,0.093866,0.093802,0.091859,0.085334,0.079354,0.065420,0.058413,0.040079,0.029934,
nan,0.200232,nan,0.099648,0.139045,0.116036,nan,0.117323,0.094666,0.114055,0.107163,0.087613,0.105704,0.104926,0.074725,0.084745,0.083189,0.081904,0.057357,0.051643,0.036624,
nan,0.278351,0.272332,0.276227,0.270280,0.251821,0.230220,0.243183,0.204056,0.198065,0.169031,0.160749,0.126231,0.117497,0.102087,0.070633,0.049009,0.038029,0.026822,0.019150,nan,
0.294300,0.277784,0.279317,0.266642,0.262023,0.255925,0.243571,0.229440,0.210898,0.196340,0.170471,0.168517,0.140733,0.118651,0.097489,0.081828,0.061421,0.046277,0.032729,0.020721,0.012866,
0.263695,0.271821,0.268172,0.275338,0.262675,0.252653,0.239412,0.221861,0.208556,0.192986,0.168269,0.151975,0.131915,0.110474,0.089331,0.074466,0.053744,0.040322,0.028081,0.016889,0.010023,
0.275152,0.265768,0.260676,0.252056,0.250674,0.236558,0.228758,0.208655,0.195395,0.182343,0.165246,0.147746,0.131046,0.114072,0.092742,0.076763,0.059355,0.042054,0.031654,0.019391,0.012873,
0.234773,0.247605,0.251196,0.245997,0.226988,0.227895,0.214223,0.198184,0.193412,0.178599,0.164976,0.142769,0.123973,0.105453,0.084664,0.066550,0.051510,0.037680,0.027234,0.017293,0.013183,
0.228371,0.233836,0.230424,0.224635,0.225931,0.209774,0.201542,0.185857,0.187313,0.166045,0.147289,0.127575,0.112389,0.095701,0.083084,0.068303,0.054263,0.041381,0.029447,0.019459,0.011558,
0.204871,0.218368,0.208497,0.203796,0.196427,0.194826,0.193321,0.172678,0.167059,0.152599,0.136838,0.119499,0.110655,0.096610,0.080422,0.063858,0.047939,0.035836,0.025691,0.016379,0.011880,
0.196170,0.196049,0.185606,0.179914,0.173882,0.169622,0.163403,0.162401,0.144725,0.139881,0.123684,0.115240,0.103484,0.087804,0.071590,0.058370,0.048942,0.038154,0.026831,0.017353,0.010537,
0.170953,0.178602,0.166189,0.161221,0.165321,0.164982,0.156177,0.139391,0.133792,0.131151,0.114368,0.107959,0.094742,0.081567,0.070555,0.060048,0.047257,0.035032,0.024801,0.017474,0.011545,
0.160744,0.159451,0.149654,0.149073,0.150479,0.143477,0.137467,0.133003,0.127979,0.112616,0.108046,0.097965,0.088702,0.074461,0.069716,0.056129,0.043622,0.036742,0.027540,0.017162,0.012060,
0.148876,0.151472,0.139299,0.138503,0.137025,0.130158,0.123087,0.118608,0.114065,0.109598,0.103004,0.088837,0.084640,0.074556,0.066944,0.054987,0.047029,0.037602,0.027159,0.018449,0.012539,
0.130751,0.129944,0.131513,0.126548,0.126803,0.120783,0.116596,0.117111,0.111197,0.104188,0.097075,0.089909,0.084111,0.071215,0.066255,0.057489,0.048454,0.036981,0.029121,0.019649,0.012252,
0.127466,0.121493,0.121536,0.120172,0.121528,0.115098,0.114693,0.109723,0.105035,0.102691,0.096128,0.089228,0.082874,0.074331,0.067682,0.061907,0.050834,0.041755,0.031753,0.020317,0.014924,
0.125772,0.122902,0.117396,0.118159,0.117334,0.109178,0.111824,0.106559,0.102846,0.098105,0.093046,0.088544,0.084749,0.078924,0.070113,0.061787,0.054016,0.045483,0.033644,0.025216,0.016444,
0.106616,0.116814,0.115318,0.119635,0.116366,0.110245,0.109390,0.106569,0.104130,0.101860,0.098860,0.091987,0.087988,0.079934,0.074602,0.067398,0.058867,0.048487,0.036848,0.027859,0.020985,
0.127136,0.120156,0.112016,0.110953,0.114581,0.107365,0.108408,0.106392,0.103907,0.103844,0.099617,0.094875,0.087513,0.086815,0.077821,0.072195,0.062076,0.054014,0.042022,0.031199,0.022729,
0.144197,0.122165,0.122269,0.112495,0.123476,0.112107,0.106972,0.106830,0.104897,0.106025,0.098457,0.096325,0.092355,0.090295,0.087078,0.079249,0.074182,0.062729,0.049110,0.036892,0.028122,
nan,nan,0.116434,0.114997,0.106257,0.112699,0.111889,0.112521,0.103250,0.107951,0.101551,0.098338,0.096633,0.093004,0.084951,0.083921,0.075776,0.068372,0.058739,0.042257,0.032995,
nan,nan,nan,0.108553,nan,0.126595,0.097472,0.111311,0.100785,0.105923,0.101465,0.103428,0.102896,0.096722,0.091765,0.086148,0.086868,0.081768,0.055700,0.050853,0.034871,
nan,0.287083,0.289013,0.281849,0.280361,0.256241,0.239782,0.224848,0.206862,0.191597,0.173975,0.155783,0.126923,0.108994,0.087018,0.072622,0.064740,0.037255,0.027363,0.012469,nan,
0.276273,0.274296,0.276254,0.272741,0.271485,0.249114,0.242553,0.228068,0.209783,0.199294,0.174197,0.157955,0.134792,0.112118,0.093836,0.077723,0.061237,0.042863,0.030223,0.019560,0.013616,
0.270603,0.279369,0.264921,0.273314,0.256016,0.245198,0.236103,0.220732,0.205862,0.190110,0.170235,0.149097,0.127342,0.109159,0.086065,0.070635,0.054322,0.041591,0.025763,0.017169,0.014244,
0.273642,0.263776,0.265710,0.242809,0.244408,0.235944,0.223627,0.216611,0.203538,0.187482,0.173390,0.153489,0.133396,0.112426,0.092540,0.075011,0.058356,0.042749,0.028882,0.019849,0.012601,
0.269726,0.253986,0.244888,0.245603,0.242508,0.222555,0.210379,0.207224,0.189878,0.175275,0.154882,0.139881,0.119501,0.099937,0.084764,0.068525,0.052629,0.039303,0.028298,0.019320,0.011617,
0.224765,0.239958,0.227482,0.221713,0.215584,0.215383,0.194162,0.194557,0.178022,0.161114,0.146441,0.139228,0.118614,0.103436,0.085475,0.066787,0.050962,0.037121,0.025394,0.016701,0.010816,
0.207027,0.218126,0.208764,0.195027,0.196776,0.184546,0.182152,0.181830,0.161502,0.146367,0.142512,0.125503,0.107189,0.091243,0.076523,0.062675,0.051171,0.038907,0.027873,0.018171,0.010865,
0.187056,0.194664,0.186559,0.184005,0.187360,0.180782,0.175064,0.152076,0.149192,0.133197,0.129110,0.112348,0.099322,0.089074,0.076275,0.060769,0.047010,0.035405,0.023800,0.015951,0.011473,
0.168908,0.174209,0.165976,0.171289,0.163145,0.154860,0.148915,0.144529,0.140196,0.123717,0.117981,0.104368,0.096131,0.085329,0.067713,0.057506,0.046794,0.037027,0.026076,0.017539,0.011057,
0.144082,0.164050,0.146827,0.154127,0.143333,0.140271,0.132097,0.124985,0.120817,0.116875,0.110033,0.096857,0.090797,0.077609,0.066901,0.058577,0.047009,0.035054,0.025374,0.018382,0.011729,
0.145188,0.142711,0.136104,0.139789,0.130665,0.130264,0.127919,0.123524,0.116629,0.111637,0.102134,0.092289,0.088066,0.075614,0.066328,0.055747,0.044568,0.038242,0.028092,0.017169,0.013156,
0.126302,0.136205,0.128178,0.131144,0.122539,0.121071,0.118817,0.112884,0.106905,0.104572,0.097454,0.089069,0.086199,0.074749,0.066918,0.057076,0.048728,0.039074,0.027676,0.020278,0.013039,
0.107290,0.124225,0.122699,0.127795,0.115568,0.114406,0.112662,0.107521,0.105839,0.102129,0.095781,0.090546,0.082563,0.075799,0.068254,0.059437,0.051409,0.040045,0.032984,0.021029,0.016132,
0.110267,0.121203,0.121384,0.120649,0.113760,0.110797,0.108034,0.107472,0.102523,0.101005,0.096771,0.088948,0.083564,0.079419,0.070079,0.061878,0.054882,0.044970,0.034855,0.024727,0.015707,
0.106971,0.128332,0.116809,0.120228,0.115292,0.109930,0.104841,0.106083,0.100349,0.101002,0.098372,0.094527,0.087784,0.080984,0.073931,0.067263,0.058735,0.048546,0.036897,0.028302,0.019768,
0.115254,0.121539,0.115898,0.118998,0.113046,0.111475,0.103722,0.106622,0.102474,0.102778,0.097800,0.095700,0.090575,0.084753,0.081056,0.070140,0.063725,0.054524,0.042612,0.032883,0.024434,
0.114373,0.122766,0.129120,0.118359,0.113634,0.107969,0.107459,0.112345,0.103311,0.101580,0.101126,0.095961,0.093742,0.088484,0.084250,0.080041,0.074915,0.062655,0.048557,0.038756,0.028609,
nan,0.124005,0.128266,0.129529,0.108618,0.103598,0.107928,0.107746,0.104373,0.105418,0.105985,0.105155,0.099604,0.094934,0.085431,0.084510,0.076394,0.071372,0.057522,0.043151,0.034402,
nan,nan,0.104285,0.124830,0.139854,nan,0.118152,0.111649,0.107486,0.145480,0.104949,0.109020,0.091866,0.104889,0.100601,0.087534,0.103593,0.071206,0.074216,0.057940,0.031151,
nan,0.264396,0.284519,0.279184,0.266455,0.245095,0.242469,0.223228,0.208158,0.186885,0.168188,0.154917,0.114215,0.107853,0.103850,0.077707,0.056304,0.040291,0.024049,0.020400,nan,
0.296202,0.278581,0.281498,0.271352,0.268712,0.252919,0.245590,0.220442,0.211513,0.197109,0.176999,0.158017,0.130427,0.115547,0.095289,0.076581,0.057537,0.045200,0.032059,0.019696,0.011725,
0.285790,0.273466,nan,0.264853,0.253896,0.243167,0.233453,0.218433,0.204582,0.190348,0.171717,0.151399,0.133484,0.112358,0.089731,0.073173,0.056496,0.041798,0.030500,0.018614,0.012115,
0.272747,0.265616,0.262526,0.263454,0.244058,0.234848,0.233697,0.218942,0.199439,0.185326,0.167760,0.149823,0.127722,0.111361,0.086807,0.070132,0.053466,0.040550,0.027313,0.017783,0.011160,
0.239450,0.252952,0.246766,0.237340,0.236637,0.221549,0.219021,0.202950,0.187258,0.169700,0.155714,0.142438,0.125839,0.105925,0.087471,0.071765,0.056143,0.040771,0.030314,0.018590,0.011498,
0.235295,0.231117,0.225068,0.210982,0.207223,0.207200,0.205030,0.187052,0.179905,0.165032,0.152413,0.132281,0.117058,0.096862,0.080242,0.065897,0.050176,0.038045,0.028856,0.018040,0.013249,
0.211286,0.212015,0.205240,0.212402,0.205761,0.198723,0.198052,0.173701,0.169475,0.153841,0.136753,0.121247,0.109474,0.095697,0.080221,0.064724,0.050344,0.037399,0.025774,0.016091,0.010393,
0.191123,0.190953,0.184964,0.193026,0.177492,0.170589,0.165422,0.159953,0.153364,0.138495,0.123758,0.115793,0.103099,0.086277,0.072088,0.060553,0.048324,0.037796,0.027090,0.017168,0.011028,
0.190716,0.170860,0.166989,0.168823,0.157321,0.156619,0.156390,0.146214,0.133523,0.126596,0.112745,0.107012,0.093063,0.081489,0.071015,0.058714,0.045731,0.034540,0.024382,0.017028,0.011535,
0.143688,0.151829,0.148296,0.151220,0.142525,0.144178,0.137332,0.131159,0.124133,0.118725,0.105977,0.098718,0.085856,0.079455,0.067934,0.055343,0.048048,0.037128,0.026123,0.017235,0.012645,
0.129776,0.143158,0.137052,0.138633,0.131295,0.130849,0.123121,0.119410,0.113017,0.108086,0.101064,0.092859,0.082416,0.076263,0.065351,0.058009,0.046868,0.035096,0.028448,0.018778,0.011771,
0.121556,0.131399,0.128369,0.129688,0.123302,0.123300,0.117936,0.113521,0.108750,0.105921,0.097873,0.090729,0.080447,0.075380,0.066654,0.057547,0.047772,0.040444,0.028690,0.018805,0.013677,
0.138152,0.126832,0.123800,0.122713,0.115671,0.117073,0.112448,0.109258,0.102582,0.104174,0.097516,0.089260,0.082913,0.076217,0.070547,0.060055,0.051944,0.041113,0.031304,0.021760,0.014570,
0.114675,0.114351,0.116853,0.116405,0.114659,0.112840,0.111555,0.107932,0.102939,0.099172,0.095861,0.092342,0.083865,0.078826,0.071241,0.060839,0.054379,0.044470,0.036410,0.023582,0.016810,
0.126348,0.122906,0.120554,0.115500,0.110762,0.111525,0.110204,0.105168,0.103046,0.101497,0.095156,0.090687,0.088624,0.081174,0.074969,0.066197,0.058814,0.049174,0.038040,0.028035,0.018825,
0.120759,0.117219,0.121526,0.111877,0.114066,0.114190,0.110512,0.105746,0.103883,0.103764,0.097889,0.095200,0.090250,0.083360,0.079836,0.072718,0.065245,0.055701,0.043690,0.034495,0.023553,
nan,0.118082,0.113681,0.114546,0.120454,0.115667,0.114255,0.104845,0.107394,0.102097,0.101338,0.096879,0.093610,0.091995,0.083599,0.078633,0.074173,0.062581,0.049705,0.039130,0.027394,
nan,0.134244,0.118881,0.117854,0.104295,0.117767,0.109795,0.102538,0.100499,0.105063,0.101112,0.099399,0.104656,0.091310,0.086921,0.082421,0.078080,0.071238,0.058955,0.048324,0.037352,
nan,0.131032,0.123038,0.133978,0.136730,0.127849,0.089700,0.099627,0.102211,0.093058,0.087948,0.101012,0.089413,0.095586,0.078576,0.093917,0.089103,0.076876,0.058125,0.048811,0.036403,
nan,0.274251,0.300610,0.283192,0.259183,0.241889,0.230317,0.262531,0.215547,0.179040,0.165083,0.140530,0.125654,0.098416,0.080583,0.069650,0.048966,0.041062,0.027159,0.014329,nan,
0.298981,0.280073,0.276387,0.272439,0.263906,0.252902,0.236903,0.231461,0.215724,0.195008,0.174962,0.163280,0.132568,0.115120,0.097897,0.075518,0.057710,0.043931,0.029829,0.019298,0.012835,
0.284151,0.273807,0.288984,0.263531,0.253035,0.244298,0.238219,0.221314,0.207686,0.189219,0.173160,0.157343,0.133533,0.113252,0.093325,0.072306,0.060452,0.043455,0.030366,0.018589,0.012204,
0.265813,0.264446,0.257991,0.256024,0.248566,0.242628,0.229079,0.212112,0.200462,0.180912,0.162768,0.144547,0.125778,0.107246,0.085766,0.070350,0.052938,0.040829,0.028836,0.016675,0.011653,
0.241695,0.246663,0.242436,0.234673,0.229209,0.228900,0.214653,0.199343,0.190302,0.180732,0.161785,0.143375,0.125616,0.108457,0.088004,0.071563,0.054207,0.039053,0.026381,0.017251,0.011930,
0.229930,0.224812,0.224876,0.227407,0.222815,0.221599,0.197301,0.194609,0.180485,0.161243,0.146190,0.132365,0.115162,0.099261,0.083021,0.067511,0.052295,0.038343,0.027695,0.018570,0.010970,
0.217959,0.212524,0.210532,0.208395,0.195274,0.189626,0.184145,0.183028,0.162107,0.149313,0.141269,0.126507,0.108417,0.093926,0.077889,0.062187,0.047884,0.037956,0.026314,0.018032,0.011715,
0.167941,0.193822,0.190343,0.186270,0.176539,0.180952,0.176734,0.150028,0.148647,0.141322,0.127998,0.112727,0.099835,0.088288,0.075833,0.061120,0.048123,0.035527,0.025046,0.016310,0.010617,
0.162245,0.171677,0.169113,0.166078,0.163003,0.157679,0.149056,0.144213,0.136485,0.131666,0.116696,0.105490,0.096304,0.083542,0.067813,0.057289,0.046903,0.036788,0.026364,0.016530,0.011341,
0.166689,0.155581,0.153278,0.147415,0.146308,0.139766,0.133606,0.135484,0.129175,0.113759,0.109373,0.101788,0.088244,0.077689,0.070757,0.057043,0.045061,0.035272,0.025934,0.018415,0.011781,
0.141724,0.143470,0.138797,0.133730,0.132650,0.128513,0.128269,0.121703,0.114918,0.111463,0.101448,0.094437,0.084965,0.077968,0.066172,0.054529,0.048295,0.037863,0.026266,0.018105,0.013215,
0.128641,0.130645,0.129023,0.125248,0.122739,0.121337,0.119490,0.114998,0.106554,0.107150,0.098802,0.090243,0.083785,0.076419,0.064683,0.058396,0.047165,0.037520,0.031342,0.019176,0.014424,
0.122050,0.129496,0.121819,0.120024,0.114992,0.117220,0.114066,0.112084,0.105772,0.102162,0.096890,0.090665,0.083694,0.077452,0.070074,0.059912,0.051516,0.041690,0.031074,0.022359,0.014958,
0.131517,0.122784,0.118418,0.116233,0.109468,0.113058,0.111614,0.107331,0.104487,0.103468,0.095567,0.091442,0.084827,0.078419,0.071880,0.063540,0.054325,0.044254,0.036868,0.023835,0.016763,
0.126567,0.119086,0.110588,0.114414,0.111255,0.111312,0.112788,0.105550,0.104201,0.100145,0.096030,0.092497,0.084598,0.081839,0.074479,0.067370,0.058986,0.050509,0.038242,0.030105,0.019508,
nan,0.130121,0.113710,0.119143,0.108485,0.109541,0.111129,0.106143,0.103996,0.105296,0.097660,0.094557,0.093368,0.086938,0.079399,0.073330,0.065443,0.056895,0.044463,0.033555,0.025267,
0.129903,0.123087,0.114420,0.115668,0.114407,0.110203,0.106601,0.110011,0.103068,0.104639,0.099143,0.097668,0.098839,0.095153,0.084878,0.078831,0.075056,0.062283,0.049867,0.040556,0.030432,
0.157923,0.104362,0.113014,0.117104,0.125750,0.112511,0.106684,0.112327,0.103915,0.108185,0.102326,0.103307,0.100968,0.102913,0.093701,0.086137,0.079230,0.069637,0.063284,0.045948,0.039384,
nan,0.138443,nan,0.085662,nan,0.121989,0.111012,0.130113,0.128430,0.106616,0.122394,0.106829,0.104125,0.101332,0.100484,0.081592,0.072521,0.079095,0.062055,0.055772,0.035901,
nan,0.288327,0.282968,0.272183,0.258682,0.271020,0.255674,0.239256,0.203449,0.182127,0.164575,0.141831,0.133746,0.109131,0.084546,0.067901,0.051179,0.033295,0.027490,0.018799,nan,
0.284926,0.273835,0.273830,0.269525,0.268042,0.261270,0.235895,0.228017,0.212191,0.196753,0.184296,0.156065,0.136874,0.115587,0.093488,0.076927,0.060303,0.043355,0.030383,0.019973,0.011477,
0.259858,0.273957,0.275432,0.262901,0.258090,0.247674,0.238218,0.224807,0.208666,0.193821,0.171608,0.155377,0.136442,0.114451,0.092219,0.077227,0.054904,0.041792,0.028285,0.019502,0.011957,
0.250508,0.261237,0.259632,0.254168,0.249412,0.237435,0.229400,0.209349,0.197389,0.183623,0.166616,0.147585,0.126633,0.109197,0.089152,0.072161,0.055824,0.042012,0.028241,0.019340,0.012191,
0.257263,0.248288,0.243802,0.246121,0.244133,0.224579,0.215420,0.207686,0.193549,0.176700,0.158781,0.142219,0.124051,0.102537,0.084318,0.067241,0.052515,0.038728,0.026744,0.017753,0.013508,
0.226868,0.233032,0.232466,0.226763,0.215707,0.210905,0.205676,0.189126,0.177425,0.162344,0.151935,0.135783,0.118950,0.101668,0.082791,0.068199,0.052701,0.038070,0.026883,0.016651,0.010658,
0.207492,0.209343,0.212503,0.203598,0.200840,0.203165,0.189215,0.174656,0.168816,0.153700,0.137620,0.121246,0.107670,0.094073,0.079364,0.065408,0.051018,0.037984,0.027967,0.017754,0.011250,
0.198944,0.188809,0.192135,0.180897,0.186042,0.173725,0.164737,0.159624,0.153040,0.137939,0.128692,0.115953,0.101206,0.086911,0.074176,0.059603,0.047103,0.037199,0.025961,0.017841,0.011048,
0.163750,0.170292,0.169200,0.163892,0.162081,0.153805,0.156214,0.148021,0.143298,0.125797,0.118599,0.106146,0.094373,0.084580,0.071024,0.058333,0.046256,0.034875,0.025666,0.016468,0.011642,
0.163455,0.156594,0.152228,0.149723,0.145682,0.142757,0.138270,0.129980,0.124121,0.117907,0.109697,0.097073,0.090541,0.078159,0.067012,0.057182,0.047837,0.036739,0.025516,0.016370,0.011803,
0.138379,0.134915,0.139042,0.139900,0.134469,0.132454,0.126218,0.121974,0.116292,0.111382,0.102503,0.092944,0.085680,0.074605,0.068169,0.056118,0.045475,0.037728,0.028244,0.019443,0.011929,
0.157425,0.129474,0.133325,0.125650,0.127004,0.124211,0.120402,0.116361,0.109509,0.104940,0.098300,0.090772,0.084338,0.079171,0.066859,0.057855,0.047998,0.037895,0.028580,0.020907,0.014371,
0.111899,0.122475,0.121936,0.119945,0.122715,0.118285,0.115981,0.112186,0.105744,0.102215,0.096390,0.091758,0.083741,0.078370,0.066653,0.060116,0.051348,0.042933,0.033031,0.021382,0.016608,
0.133724,0.127913,0.120324,0.118475,0.118356,0.114142,0.111601,0.108748,0.103661,0.100643,0.094836,0.089570,0.084353,0.078717,0.071318,0.063681,0.055283,0.043618,0.035541,0.025028,0.016813,
0.109374,0.132606,0.110662,0.113023,0.112034,0.116779,0.106302,0.107214,0.102481,0.098954,0.097996,0.093495,0.089104,0.082850,0.075039,0.068264,0.059087,0.050525,0.039644,0.029380,0.021171,
0.128510,0.116292,0.115588,0.112896,0.113740,0.114507,0.110644,0.108271,0.102784,0.102098,0.101051,0.098175,0.094358,0.088958,0.080225,0.072747,0.065853,0.058173,0.044977,0.034708,0.025105,
nan,0.120144,0.113780,0.119176,0.115930,0.107596,0.108281,0.105086,0.108328,0.102701,0.102522,0.097939,0.099308,0.093255,0.086588,0.081400,0.074278,0.063543,0.052218,0.037970,0.035118,
0.091686,0.117710,0.115044,0.110180,0.114191,0.113405,0.114553,0.120154,0.107456,0.107541,0.103184,0.103567,0.100277,0.092580,0.089561,0.085025,0.078822,0.071296,0.060443,0.047697,0.039908,
nan,0.122909,0.127156,0.105048,0.105516,0.098288,0.136345,0.104514,0.084157,0.105696,0.105560,0.107502,0.100104,0.099391,0.104442,0.095805,0.097582,0.074148,0.074453,0.057768,0.036026,
nan,0.294534,0.260347,0.256106,0.291364,0.243659,0.243438,0.220066,0.197965,0.196940,0.157068,0.153814,0.125165,0.104134,0.087249,0.078408,0.052679,0.034083,0.025643,0.016515,nan,
0.261855,0.272988,0.277446,0.274132,0.262242,0.253443,0.238451,0.229654,0.213642,0.194302,0.173230,0.157476,0.135949,0.114489,0.091525,0.072407,0.060592,0.040462,0.028916,0.018243,0.012535,
0.259682,0.272810,0.273686,0.263925,0.259156,0.245694,0.234722,0.223567,0.208443,0.191574,0.173114,0.156970,0.135740,0.111985,0.092272,0.075793,0.056784,0.042928,0.028461,0.018905,0.012668,
0.259604,0.259505,0.253546,nan,0.247309,0.239252,0.227436,0.213835,0.201057,0.185224,0.168627,0.149723,0.129952,0.112150,0.088380,0.073843,0.055537,0.040734,0.029237,0.017920,0.011533,
0.240967,0.246158,0.250643,0.241930,0.237220,0.228943,0.218926,0.203420,0.187027,0.173399,0.155553,0.141245,0.122236,0.103424,0.085194,0.069533,0.053180,0.040928,0.027940,0.017598,0.012144,
0.232050,0.233430,0.232063,0.221341,0.216945,nan,0.201211,0.189575,0.180743,0.165433,0.150677,0.134432,0.116263,0.098514,0.081615,0.066101,0.050561,0.037597,0.025370,0.017542,0.011469,
0.216676,0.218905,0.210083,0.201891,0.203915,0.191686,0.185568,0.181152,0.163970,0.150692,0.140170,0.127741,0.110692,0.095470,0.079263,0.063874,0.049578,0.035933,0.026601,0.016534,0.010766,
0.189427,0.198438,0.187814,0.187589,0.178843,0.172867,0.173033,0.171320,0.148799,0.141356,0.127930,0.113372,0.101835,0.088484,0.075481,0.062449,0.049379,0.037001,0.026694,0.016977,0.011523,
0.170387,0.173342,0.170556,0.168599,0.160147,0.162727,0.150782,0.143154,0.136100,0.127609,0.114438,0.108206,0.095113,0.081566,0.070160,0.057911,0.047517,0.036746,0.026706,0.018121,0.011223,
0.148323,0.152144,0.155794,0.150203,0.145718,0.146648,0.136898,0.133186,0.126254,0.118343,0.110214,0.099694,0.088216,0.080901,0.067986,0.056382,0.045369,0.036035,0.026865,0.017143,0.011983,
0.163398,0.139158,0.141612,0.137553,0.134087,0.131951,0.128182,0.122470,0.114875,0.112279,0.100895,0.094043,0.087448,0.075291,0.067586,0.058774,0.047439,0.036369,0.026558,0.017965,0.012867,
0.137574,0.126011,0.128953,0.131003,0.127039,0.122218,0.118208,0.113814,0.111863,0.104902,0.098487,0.092166,0.085512,0.075055,0.067129,0.057164,0.049175,0.039898,0.029518,0.020145,0.015333,
0.111725,0.120845,0.125704,0.121724,0.123540,0.117804,0.113732,0.108608,0.107215,0.102796,0.095814,0.090618,0.083954,0.079426,0.068823,0.060857,0.050288,0.040538,0.033388,0.022650,0.016581,
0.108089,0.121716,0.113990,0.118571,0.115563,0.113808,0.110051,0.108442,0.105949,0.100962,0.096053,0.091953,0.084209,0.080125,0.071223,0.063824,0.055824,0.046063,0.035402,0.026848,0.017677,
0.100082,0.116669,0.113122,0.113765,0.115173,0.115069,0.105855,0.106511,0.105608,0.101394,0.100142,0.094157,0.090537,0.083920,0.075780,0.069001,0.061150,0.049531,0.040877,0.028055,0.022122,
0.099908,0.127409,0.113037,0.112801,0.118683,0.114496,0.105744,0.106345,0.104738,0.101876,0.103810,0.095875,0.091282,0.089737,0.081096,0.073104,0.066302,0.057983,0.045127,0.037009,0.024204,
0.190005,0.123289,0.114706,0.115396,0.108969,0.111802,0.110978,0.106731,0.106263,0.103766,0.103000,0.096423,0.097641,0.089229,0.086752,0.081626,0.074605,0.063949,0.054774,0.041335,0.032605,
0.111663,0.112493,0.122556,0.118523,0.114823,0.112639,0.110923,0.103120,0.103964,0.104105,0.106993,0.110522,0.104616,0.092399,0.085197,0.087994,0.080530,0.069985,0.060264,0.052813,0.037939,
nan,nan,nan,0.132858,0.124142,0.118835,0.118119,0.115893,0.119958,0.101584,0.106512,0.091605,0.100416,0.103716,0.099273,0.090917,0.085527,0.072250,0.063926,0.055035,0.046477,
nan,0.288446,0.269521,0.258874,0.272623,0.247038,0.221241,0.219235,0.214282,0.187998,0.175501,0.148562,0.134519,0.100734,0.087213,0.064144,0.052189,0.041773,0.026763,0.014238,nan,
0.272400,0.275601,0.274094,0.265906,0.261589,0.255485,0.237999,0.224054,0.215963,0.192998,0.175220,0.160225,0.138614,0.110993,0.093187,0.075977,0.058689,0.044185,0.030518,0.018632,0.012240,
0.259730,0.272306,0.268427,0.271728,0.257988,0.244436,0.240357,0.224222,0.207035,0.195264,0.168720,0.153513,0.132603,0.112788,0.093460,0.075588,0.057691,0.041035,0.029551,0.018070,0.013188,
0.244502,0.264441,0.260932,0.254811,0.244742,0.236481,0.228013,0.212484,0.199460,0.184273,0.169785,0.151562,0.129125,0.110365,0.088803,0.075002,0.056124,0.041840,0.029569,0.018675,0.011870,
0.240744,0.250357,0.247581,0.238224,0.230535,0.228546,0.213939,0.203018,0.190988,0.175947,0.160379,0.141625,0.122693,0.107174,0.085790,0.069100,0.054042,0.040105,0.028614,0.018505,0.011641,
0.215895,0.233721,0.230296,0.225269,0.222978,0.213856,0.200541,0.193069,0.178967,0.163495,0.146616,0.133216,0.117768,0.099123,0.084111,0.066207,0.051520,0.038274,0.026902,0.017251,0.011867,
0.205865,0.213764,0.213434,0.208533,0.196947,0.192728,nan,0.174694,0.167138,0.153289,0.140048,0.125103,0.108153,0.094158,0.077680,0.063081,0.049357,0.037063,0.025119,0.017164,0.011294,
0.179586,0.195596,0.192934,0.189473,0.179252,0.179237,0.166368,0.159698,0.152070,0.139037,0.128050,0.116512,0.102373,0.089406,0.074855,0.060241,0.047773,0.034802,0.026672,0.017016,0.011145,
0.157836,0.176072,0.171278,0.170653,0.164331,0.158301,0.153457,0.147120,0.137898,0.124564,0.117790,0.104561,0.095042,0.084532,0.072009,0.059562,0.046936,0.035490,0.025445,0.017074,0.011764,
0.142764,0.159230,0.154409,0.151676,0.148440,0.140050,0.137828,0.131240,0.122489,0.108651,0.108819,0.101373,0.089324,0.078632,0.067585,0.058621,0.047002,0.036858,0.026520,0.018567,0.012255,
0.132690,0.147946,0.141060,0.136434,0.136537,0.129087,0.127684,0.120433,0.117284,0.110167,0.102286,0.093925,0.084959,0.077744,0.067609,0.055512,0.048024,0.037730,0.028608,0.018151,0.012416,
0.114749,0.132928,0.132651,0.128569,0.126831,0.120918,0.120931,0.116262,0.111185,0.105722,0.098636,0.092173,0.088078,0.076088,0.067699,0.059668,0.047920,0.038885,0.030473,0.020175,0.013186,
0.124882,0.125068,0.123663,0.122395,0.118155,0.115106,0.114151,0.111968,0.108808,0.103040,0.096154,0.091552,0.083902,0.076713,0.068403,0.060532,0.052337,0.041414,0.031938,0.023194,0.017411,
0.128055,0.114990,0.115550,0.123567,0.113284,0.109050,0.111257,0.108095,0.104157,0.102496,0.096986,0.093145,0.086621,0.079565,0.072420,0.063732,0.054601,0.045584,0.036022,0.025087,0.020795,
0.109339,0.116033,0.112929,0.120205,0.116451,0.109856,0.111350,0.109383,0.105970,0.102462,0.098719,0.092329,0.089716,0.085222,0.075652,0.070408,0.061121,0.050743,0.041069,0.030265,0.021358,
0.097409,0.119337,0.122482,0.119109,0.109547,0.110719,0.104544,0.110600,0.106895,0.104427,0.102192,0.094137,0.094180,0.088010,0.082192,0.075233,0.067277,0.059578,0.046066,0.035173,0.027496,
0.111681,0.136708,0.117046,0.112957,0.109023,0.111924,0.109381,0.109850,0.108115,0.102320,0.101241,0.099041,0.098468,0.094950,0.086301,0.081687,0.074760,0.065964,0.055801,0.043098,0.035166,
0.131017,0.143518,0.115270,0.114612,0.120310,0.117901,0.113297,0.107759,0.109784,0.113221,0.103146,0.103730,0.097446,0.094010,0.094510,0.087435,0.081391,0.069439,0.061908,0.052042,0.039188,
nan,nan,nan,0.123391,0.132915,0.116144,0.101915,0.096417,0.104816,0.106428,0.121425,0.092118,0.098177,0.091544,0.097689,0.097695,0.090694,0.084189,0.062058,0.054039,0.052068,
nan,0.288826,0.275128,0.270262,0.255705,0.240510,0.245697,0.225337,0.204958,0.185623,0.182260,0.156306,0.127485,0.117332,0.081989,0.070893,0.057719,0.042042,0.026187,0.018744,nan,
0.285157,0.282934,0.274331,0.275557,0.257417,0.253699,0.240756,0.227801,0.208594,0.197352,0.177857,0.153260,0.135113,0.110482,0.094302,0.074023,0.057247,0.040248,0.031679,0.017627,0.013926,
0.259906,0.271643,0.267395,0.266883,0.259909,0.247202,0.239240,0.220380,0.206478,0.189031,0.171249,0.153462,0.132472,0.110456,0.093035,0.073387,0.058739,0.041944,0.030625,0.018548,0.011904,
0.249050,0.262078,0.264369,0.257630,0.246973,0.240344,0.229123,0.215882,0.201325,0.186417,0.165824,0.151138,0.131371,0.111676,0.090007,0.072496,0.054654,0.040847,0.027613,0.018182,0.011385,
0.224480,0.244852,0.247328,0.241617,nan,0.224441,0.219708,0.202689,0.190943,0.177431,0.160828,0.144388,0.124672,0.107027,0.085678,0.070259,0.053546,0.040009,0.028938,0.017824,0.011905,
0.216990,0.229544,0.231541,0.228198,0.214483,0.208285,0.202934,0.189420,0.177065,0.165660,0.149281,0.134055,0.116955,0.101498,0.082681,0.066153,0.051703,0.039272,0.028146,0.017947,0.011774,
0.210089,0.209326,0.212828,0.210450,0.200874,0.197359,0.185832,0.177426,0.166213,0.151626,0.137420,0.124887,0.109906,0.094103,0.079223,0.063675,0.050550,0.037076,0.026335,0.017322,0.012109,
0.174862,0.190815,0.189711,0.189585,0.184110,0.173601,0.173458,0.166363,0.148790,0.140842,0.128534,0.115783,0.102227,0.088075,0.075036,0.060707,0.047822,0.037016,0.024962,0.016868,0.011646,
0.158578,0.174850,0.166531,0.169058,0.162771,0.157283,0.152351,0.141875,0.136518,0.127936,0.117422,0.107214,0.094600,0.083342,0.070727,0.059015,0.047240,0.036118,0.026270,0.017466,0.011671,
0.152064,0.153359,0.151099,0.151420,0.147190,0.141798,0.138117,0.133364,0.125495,0.118460,0.109216,0.099176,0.090824,0.080417,0.068713,0.057069,0.046164,0.035225,0.026790,0.017929,0.012472,
0.148271,0.137291,0.136446,0.138127,0.135805,0.129706,0.128346,0.123124,0.119179,0.110567,0.102541,0.095746,0.086037,0.077619,0.068815,0.058051,0.046941,0.037058,0.027805,0.019832,0.013729,
0.127021,0.128145,0.128336,0.129583,0.128218,0.122653,0.119694,0.114929,0.111655,0.105126,0.098939,0.092735,0.086021,0.077429,0.067376,0.059378,0.049603,0.039309,0.030074,0.020424,0.014655,
0.133178,0.119182,0.125806,0.120734,0.121099,0.119741,0.114481,0.110732,0.107251,0.103989,0.097766,0.091319,0.086763,0.077571,0.069237,0.061007,0.052355,0.042782,0.033380,0.021619,0.014451,
0.127035,0.117338,0.117413,0.119223,0.115304,0.113873,0.110816,0.110276,0.107078,0.102603,0.096864,0.091564,0.087219,0.079745,0.072752,0.065063,0.054783,0.045890,0.036924,0.026587,0.018201,
0.130703,0.115545,0.112601,0.117345,0.112838,0.115576,0.109660,0.107693,0.104997,0.101661,0.099243,0.092198,0.090307,0.085329,0.076894,0.069991,0.062732,0.051163,0.040344,0.032489,0.023052,
0.096858,0.120450,0.111486,0.112848,0.111439,0.114174,0.112754,0.108431,0.103487,0.100875,0.101467,0.096224,0.095416,0.087048,0.082925,0.076021,0.066929,0.058192,0.047332,0.033583,0.028964,
0.144515,0.130571,0.120212,0.111972,0.113744,0.113164,0.104794,0.114158,0.106356,0.104367,0.102419,0.099181,0.096689,0.095184,0.088189,0.081401,0.075897,0.066841,0.054576,0.044365,0.034390,
nan,0.098577,0.123231,0.114460,0.112964,0.106497,0.111426,0.104699,0.108679,0.107749,0.102938,0.103013,0.100723,0.100465,0.098678,0.091301,0.081985,0.073418,0.062776,0.050540,0.042177,
nan,nan,0.124014,nan,0.147319,0.097096,0.115548,0.124334,0.098251,0.106509,0.101512,0.109630,0.113415,0.095001,0.097212,0.101401,0.089907,0.073531,0.073166,0.068757,0.058374,
nan,0.271371,0.273249,0.269474,0.260415,0.258534,0.241107,0.237524,0.188451,0.194041,0.176118,0.166335,0.137980,0.102921,0.079608,0.069092,0.052731,0.034814,0.030319,0.015205,nan,
0.250521,0.327795,0.276806,0.269603,0.264923,0.251723,0.238718,0.221834,0.213266,0.192054,0.180503,0.150771,0.133342,0.108720,0.088439,0.073362,0.057066,0.041933,0.028479,0.018857,0.010691,
0.273519,0.272512,0.274605,0.268162,0.258451,0.248460,0.233102,0.219609,0.207947,0.191498,0.173166,0.154185,0.133357,0.111052,0.089848,0.073759,0.056276,0.040901,0.027449,0.018136,0.011762,
0.251637,0.266258,0.259496,0.253414,0.247997,0.238735,0.228639,0.217169,0.198715,0.185915,0.163452,0.147728,0.128231,0.109910,0.089625,0.071051,0.056406,0.040058,0.028182,0.017707,0.012462,
0.248948,0.251579,0.246644,0.245623,0.236846,0.227685,0.216268,0.204940,0.190137,0.177147,0.159146,0.144271,0.125783,0.107303,0.085685,0.071640,0.052674,0.039587,0.026500,0.017428,0.011121,
0.228324,0.234006,0.227307,0.230148,0.218993,0.221412,0.201731,0.191446,0.179326,0.166376,0.150758,0.137167,0.117939,0.101975,0.082666,0.067360,0.051346,0.039236,0.026872,0.017498,0.011463,
0.191162,0.217950,0.207323,0.209910,0.202008,0.191313,nan,0.175567,0.165604,0.152936,0.138802,0.124797,0.109962,0.095258,0.078976,0.064277,0.049166,0.037578,0.026729,0.017459,0.012299,
0.178831,0.194571,0.187368,0.187932,0.184191,0.177444,0.167435,0.158143,0.151667,0.138896,0.128192,0.117075,0.102591,0.089044,0.074540,0.061336,0.048966,0.037203,0.026866,0.017959,0.012179,
0.157274,0.174974,0.167400,0.168049,0.164518,0.159952,0.152781,0.146791,0.138390,0.128769,0.118300,0.106517,0.095598,0.083588,0.071717,0.058131,0.047305,0.036408,0.026161,0.017668,0.011987,
0.148529,0.155020,0.151585,0.151630,0.148416,0.143940,0.138936,0.131629,0.128096,0.118099,0.109537,0.099685,0.088833,0.080143,0.069113,0.058317,0.047675,0.036642,0.026931,0.017617,0.012382,
0.133746,0.141554,0.135848,0.139280,0.134571,0.133488,0.128186,0.122046,0.116748,0.112203,0.103655,0.095061,0.087389,0.077183,0.067350,0.058109,0.048798,0.036690,0.028429,0.018775,0.012666,
0.124149,0.127829,0.126937,0.126179,0.127223,0.123933,0.120214,0.115883,0.110637,0.106263,0.098543,0.097313,0.085694,0.078261,0.069548,0.058353,0.049464,0.039338,0.030255,0.020720,0.014412,
0.113705,0.123060,0.123390,0.120703,0.120934,0.118726,0.114809,0.110992,0.107321,0.104937,0.098047,0.092161,0.084912,0.078525,0.070361,0.062166,0.051544,0.041704,0.033034,0.023436,0.017981,
0.101810,0.116378,0.121243,0.116075,0.115123,0.114028,0.111099,0.109614,0.105137,0.102543,0.097698,0.092454,0.088093,0.080445,0.072720,0.065426,0.057823,0.044762,0.036818,0.025397,0.019472,
nan,0.110213,0.118661,0.113445,0.111324,0.112119,0.108861,0.107568,0.103242,0.102703,0.101139,0.095463,0.091814,0.083410,0.077440,0.069884,0.061022,0.053348,0.041297,0.029912,0.022336,
0.122529,0.115195,0.118101,0.112598,0.111333,0.110939,0.113825,0.105014,0.107697,0.099781,0.101458,0.096526,0.093939,0.089600,0.083055,0.076257,0.067682,0.058334,0.048537,0.036741,0.026330,
nan,0.112877,0.119400,0.108005,0.118412,0.111424,0.108448,0.104303,0.107100,0.105143,0.099859,0.100844,0.099442,0.096452,0.086024,0.083701,0.075357,0.065757,0.054709,0.045171,0.036711,
0.106130,0.137262,0.113258,0.119287,0.113483,0.110830,0.116591,0.118620,0.107784,0.106667,0.102436,0.104443,0.100157,0.103300,0.094533,0.084901,0.083563,0.076281,0.064976,0.050997,0.043312,
nan,nan,nan,0.112175,0.120192,0.123931,0.100370,0.120106,0.094260,0.107660,0.107837,0.116317,0.100703,0.094087,0.096717,0.097418,0.084090,0.081513,0.061611,0.062298,0.050219,
nan,0.295552,0.270707,0.279096,0.258259,0.247441,0.259716,0.217365,0.207928,0.193681,0.155421,0.151123,0.129719,0.099547,0.084433,0.059159,0.059832,0.039299,0.036488,0.014787,nan,
0.295795,0.270467,0.276132,0.268340,0.262917,0.248240,0.243311,0.230431,0.208178,0.192868,0.178049,0.155917,0.133011,0.107703,0.094599,0.072888,0.054985,0.040531,0.027768,0.019211,0.013425,
0.274866,0.270530,0.257603,0.262911,0.257431,0.249060,0.231795,0.221954,0.210452,0.190391,0.173489,0.151352,0.132821,0.106524,0.091745,0.071805,0.056720,0.040215,0.029804,0.018073,0.012290,
0.270056,0.255580,0.259679,0.259035,0.247784,0.238463,0.228801,0.212270,0.200884,0.183055,0.167102,0.149587,0.130187,0.107902,0.088959,0.071185,0.056534,0.040688,0.027616,0.017691,0.011460,
0.238659,0.239956,0.241995,0.245176,0.233296,0.226903,0.217818,0.206150,0.190070,0.175472,0.158143,0.141054,0.124032,0.105711,0.086284,0.068637,0.055240,0.038262,0.028125,0.017230,0.011308,
0.228152,0.225425,0.223758,0.226595,0.220668,0.212172,0.203026,0.190302,0.179119,0.165738,0.151157,0.134423,0.118223,0.102593,0.082769,0.066366,0.051722,0.037797,0.027020,0.017016,0.011423,
0.209663,0.206443,0.204796,0.205966,0.202168,0.197234,0.186559,0.177610,0.165885,0.154503,0.140407,0.128079,0.111197,0.096273,0.078838,0.063944,0.049201,0.038225,0.025299,0.017011,0.011276,
0.178478,0.188661,0.182408,0.186062,0.181394,0.177864,0.170167,0.161157,0.152339,0.140574,0.128278,0.116482,0.102624,0.090206,0.075281,0.061421,0.047496,0.037318,0.025382,0.017183,0.011406,
0.153360,0.167031,0.164667,0.166530,0.163107,0.159628,0.154320,0.146227,0.141348,0.128233,0.118157,0.107861,0.096172,0.083802,0.070841,0.059388,0.048088,0.036456,0.026645,0.017803,0.012070,
0.128674,0.152271,0.149100,0.149656,0.146391,0.143972,0.139513,0.132869,0.124999,0.112076,0.109598,0.100324,0.090584,0.079935,0.068600,0.057508,0.047368,0.037145,0.027461,0.018344,0.012378,
0.154166,0.141927,0.135757,0.136807,0.134422,0.130647,0.127039,0.124306,0.117041,0.111510,0.103726,0.095541,0.086745,0.078698,0.068441,0.058249,0.048757,0.038066,0.029477,0.019423,0.012941,
0.135914,0.132996,0.126989,0.127761,0.126312,0.122029,0.120921,0.117418,0.111501,0.107978,0.099616,0.093433,0.086396,0.076796,0.068502,0.059504,0.050803,0.039927,0.030904,0.020822,0.014042,
0.129749,0.123909,0.120975,0.118270,0.121121,0.116088,0.114789,0.113729,0.108440,0.103245,0.099248,0.092512,0.086359,0.079003,0.070584,0.062702,0.054302,0.043321,0.033762,0.023194,0.015835,
0.112826,0.118577,0.116473,0.113424,0.116888,0.114191,0.113056,0.109925,0.108678,0.102581,0.097944,0.093966,0.087669,0.080617,0.073621,0.065302,0.055641,0.048097,0.037557,0.026091,0.019165,
0.120444,0.121134,0.116856,0.113985,0.111083,0.112208,0.112256,0.108844,0.105830,0.103208,0.099395,0.094958,0.091027,0.084080,0.077883,0.071607,0.061124,0.051459,0.042115,0.031414,0.022949,
0.136122,0.121499,0.112606,0.113210,0.107375,0.110483,0.110090,0.107945,0.107880,0.106600,0.101783,0.100166,0.094256,0.091745,0.082284,0.077567,0.068783,0.058857,0.047603,0.037835,0.028850,
0.157074,0.119183,0.106161,0.113501,0.111073,0.115010,0.104649,0.109788,0.108525,0.109635,0.104476,0.102412,0.097767,0.095302,0.089312,0.083473,0.075187,0.067685,0.055347,0.043435,0.036240,
0.131268,0.118676,0.120700,0.110717,0.106155,0.109277,0.109950,0.113829,0.102719,0.110019,0.109053,0.106313,0.103086,0.099577,0.097263,0.088441,0.080818,0.077062,0.065089,0.051904,0.046306,
nan,nan,nan,0.103740,0.118549,0.113287,0.116955,0.084377,0.105364,0.129320,0.108474,0.098352,0.097276,0.100571,0.103907,0.091809,0.088381,0.080781,0.076769,0.061679,0.048872,
nan,0.293827,0.294637,0.270187,0.268254,0.247367,0.218903,0.225284,0.194657,0.166921,0.163704,0.143993,0.131599,0.095587,0.085323,0.073896,0.058408,0.031169,0.028728,0.016445,nan,
0.296352,nan,0.275965,0.267854,0.268689,0.252271,0.241623,0.225863,0.209636,0.195824,0.171862,0.154200,0.130924,0.112466,0.090441,0.071521,0.056628,0.040081,0.029131,0.018715,0.011500,
0.288003,0.276339,0.244529,0.264901,0.257599,0.246830,0.235815,0.221856,0.205183,0.190523,0.176864,0.151609,0.130459,0.107480,0.090447,0.073114,0.054143,0.041264,0.028381,0.019265,0.011371,
0.269812,0.266335,0.258558,0.255518,0.248571,0.238538,0.225560,0.212831,0.202369,0.184293,0.169845,0.147436,0.129024,0.103615,0.089035,0.070999,0.054504,0.039439,0.028901,0.018566,0.011425,
0.253533,0.254061,0.246460,0.241582,0.235395,0.227177,0.215332,0.202860,0.192630,0.175383,0.160476,0.141401,0.124198,0.101964,0.085789,0.067555,0.053272,0.039121,0.026855,0.017260,0.011426,
0.229547,0.233738,0.231730,0.224396,0.219783,0.210473,0.202647,0.191813,0.179559,0.164018,0.149677,0.133604,0.118401,0.099628,0.083157,0.066090,0.052556,0.037695,0.026268,0.016798,0.011351,
0.209005,0.213482,0.213447,0.204652,0.201559,0.195797,0.186543,0.176545,0.165502,0.152533,0.139115,0.124735,0.111188,0.096004,0.079714,0.063613,0.051265,0.036839,0.026582,0.017013,0.011911,
0.209936,0.191044,0.191231,0.183945,0.182917,0.176692,0.170745,0.161235,0.151928,0.141083,0.129004,0.115871,0.103296,0.090131,0.074904,0.060890,0.049857,0.036508,0.025814,0.016941,0.011985,
0.189060,0.171288,0.169650,0.167398,0.162219,0.158487,0.152860,0.146452,0.137378,0.129269,0.118864,0.107822,0.096628,0.084789,0.071233,0.058653,0.047841,0.036179,0.025993,0.017468,0.011635,
0.154836,0.155537,0.150915,0.151853,0.145902,0.143477,0.137629,0.133532,0.127393,0.119139,0.110602,0.100588,0.091298,0.079734,0.068701,0.057833,0.047469,0.035978,0.026485,0.018706,0.012049,
0.126662,0.143897,0.137818,0.138603,0.134901,0.131549,0.127060,0.123412,0.117979,0.111476,0.103940,0.096029,0.087677,0.077887,0.067433,0.058046,0.047770,0.037485,0.027884,0.019637,0.012670,
0.144885,0.133178,0.126496,0.128019,0.124216,0.122153,0.119780,0.117597,0.112037,0.106588,0.100555,0.093967,0.087109,0.078396,0.069284,0.059184,0.050061,0.040037,0.030252,0.020600,0.014791,
0.123929,0.128435,0.119952,0.120869,0.119077,0.116984,0.115433,0.113665,0.107932,0.103976,0.098747,0.093225,0.086726,0.079952,0.071367,0.062623,0.051865,0.043568,0.033354,0.023517,0.016219,
0.101531,0.120883,0.121844,0.114159,0.116307,0.112688,0.111950,0.110855,0.105955,0.103792,0.098439,0.093185,0.088180,0.081160,0.075286,0.067313,0.057794,0.047769,0.036493,0.026990,0.018647,
0.098155,0.120686,0.122564,0.110731,0.113782,0.111821,0.108925,0.107291,0.104905,0.101985,0.099128,0.095713,0.090666,0.084961,0.078481,0.071457,0.063224,0.054574,0.042673,0.031244,0.023439,
0.108247,0.117027,0.119224,0.114996,0.109331,0.107902,0.110456,0.109212,0.106384,0.104158,0.102437,0.098104,0.094632,0.089657,0.083336,0.078349,0.069834,0.061056,0.049364,0.036803,0.027221,
0.112224,0.108781,0.116853,0.118733,0.109979,0.112082,0.108980,0.104157,0.104640,0.103359,0.103198,0.101418,0.097090,0.094595,0.088466,0.082592,0.077056,0.067711,0.060683,0.044594,0.035193,
nan,0.151943,0.118579,0.117706,0.119127,0.110347,0.112518,0.114532,0.110421,0.104127,0.106496,0.103500,0.106124,0.099406,0.094671,0.086928,0.082665,0.075664,0.064396,0.053868,0.045755,
nan,nan,nan,nan,nan,0.110598,0.102661,0.102262,0.107142,0.123521,0.114384,0.113613,0.105245,0.099650,0.095221,0.093044,0.090042,0.082999,0.069230,0.063134,0.049893,
0.287346,0.297889,0.291498,0.273235,0.265671,0.240105,0.232635,0.226938,0.211582,0.185530,0.180087,0.151337,0.137298,0.116094,0.088100,0.064685,0.059367,0.038085,0.033725,0.016962,nan,
0.290046,0.279309,0.277768,0.273553,0.262835,0.246675,0.236797,0.232235,0.206245,0.189622,0.174639,0.154500,0.132680,0.107436,0.087765,0.071029,0.056848,0.039066,0.032294,0.018042,0.011757,
0.285620,0.269794,0.269997,0.262654,0.260979,0.245226,0.237172,0.224603,0.207716,0.191054,0.171578,0.155542,0.131769,0.111486,0.088755,0.071048,0.057307,0.039188,0.030145,0.018787,0.011327,
0.277262,0.255416,0.261689,0.256065,0.250900,0.239915,0.228499,0.215240,0.200357,0.183958,0.167476,0.150568,0.125370,0.107956,0.085063,0.070164,0.054064,0.039006,0.028480,0.018432,0.011046,
0.258787,0.243222,0.248596,0.239164,0.235946,0.227171,0.215936,0.203595,0.190971,0.176055,0.161991,0.142496,0.122809,0.101287,0.082593,0.069295,0.052377,0.037555,0.028209,0.018127,0.010393,
0.240790,0.230859,0.227271,0.220566,0.220937,0.212795,0.201453,0.189899,0.180585,0.165590,0.152621,0.134666,0.118345,0.097077,0.080025,0.066825,0.051162,0.037521,0.027672,0.017674,0.010587,
0.218150,0.212494,0.205130,0.201999,0.201819,0.195268,0.186731,0.175984,0.167339,0.153627,0.141341,0.126396,0.110964,0.091736,0.076871,0.064314,0.049689,0.035645,0.026723,0.017635,0.010508,
0.196414,0.192008,0.183025,0.183064,0.180080,0.176371,0.167712,0.161434,0.152019,0.140218,0.129137,0.116364,0.103391,0.087161,0.074145,0.062266,0.047414,0.034377,0.025792,0.018251,0.011256,
0.165157,0.173450,0.164625,0.164816,0.161036,0.160449,0.151096,0.146205,0.138969,0.128994,0.118354,0.107898,0.095654,0.082659,0.071208,0.059991,0.047477,0.035008,0.026035,0.018468,0.012104,
0.143889,0.156911,0.150211,0.148977,0.143167,0.145312,0.137451,0.132202,0.126680,0.119428,0.110435,0.100877,0.090336,0.078673,0.069021,0.058662,0.047687,0.035627,0.027013,0.018892,0.012053,
0.136121,0.143584,0.137966,0.136309,0.130513,0.133131,0.125909,0.122015,0.117646,0.111710,0.104682,0.096276,0.087358,0.076826,0.068289,0.058406,0.048040,0.037134,0.027603,0.019694,0.012549,
0.124500,0.136489,0.131670,0.129381,0.123263,0.123768,0.120076,0.116663,0.111342,0.106912,0.100738,0.094214,0.086237,0.076112,0.069184,0.059594,0.049786,0.039301,0.028932,0.021841,0.014108,
0.128887,0.130144,0.126776,0.124583,0.117609,0.116304,0.118169,0.111109,0.107137,0.105546,0.098167,0.093375,0.087058,0.079481,0.071337,0.061889,0.052824,0.041871,0.031893,0.024644,0.016893,
0.111741,0.121444,0.124582,0.123147,0.114140,0.109260,0.117877,0.109029,0.106214,0.104565,0.098830,0.094317,0.087977,0.081972,0.074681,0.066762,0.056457,0.046063,0.035895,0.026424,0.017846,
0.110282,0.114260,0.124061,0.115489,0.109881,0.106967,0.117094,0.109291,0.106349,0.104162,0.100992,0.095299,0.093662,0.086110,0.079282,0.072850,0.061876,0.051782,0.041294,0.031241,0.023107,
0.119110,0.107021,0.120207,0.111799,0.111084,0.111533,0.109212,0.114684,0.107541,0.106566,0.105285,0.097666,0.095082,0.089345,0.083450,0.077760,0.069376,0.058490,0.049288,0.035554,0.026237,
0.141013,0.107561,0.108937,0.119075,0.114199,0.109998,0.104004,0.121364,0.104864,0.105475,0.105617,0.105240,0.100369,0.098483,0.091052,0.085034,0.078496,0.067582,0.055815,0.043919,0.034229,
0.118528,0.119018,0.116846,0.122761,0.114589,0.113155,0.110672,0.104155,0.115891,0.107129,0.105502,0.109983,0.104334,0.101853,0.097167,0.090408,0.086918,0.076349,0.067274,0.055556,0.042221,
nan,nan,nan,nan,nan,nan,nan,nan,nan,nan,0.089663,0.118084,0.106743,0.103419,0.097990,0.088971,0.086495,0.078008,0.072123,0.062339,0.055258,
