0.550134,0.842765,0.767396,0.778267,0.742319,0.736132,0.733127,0.660605,0.716563,0.637245,0.627182,0.505612,0.631949,0.480210,0.440922,0.497782,0.370637,0.261038,0.292270,0.147224,0.064753,
0.757117,0.824423,0.813434,0.715164,0.730910,0.724727,0.723890,0.731997,0.662947,0.735199,0.575043,0.536176,0.532744,0.434182,0.412079,0.399588,0.311380,0.280258,0.220197,0.130344,0.071299,
0.732050,0.809836,0.804082,0.707683,0.725427,0.786162,0.720262,0.779722,0.690694,0.703874,0.585393,0.553189,0.502902,0.489847,0.448356,0.386188,0.330844,0.265566,0.241996,0.115824,0.074598,
0.715081,0.776494,0.733974,0.679345,0.682584,0.714873,0.676764,0.698521,0.642978,0.632301,0.566837,0.560319,0.499849,0.474671,0.460220,0.384097,0.331939,0.260593,0.201309,0.119812,0.080748,
0.786726,0.711852,0.696263,0.655053,0.662815,0.670815,0.644097,0.649624,0.630907,0.595114,0.548914,0.552333,0.527980,0.464014,0.454315,0.378757,0.325719,0.269296,0.177472,0.130095,0.091174,
0.774463,0.691398,0.701311,0.624676,0.608073,0.630347,0.596219,0.609578,0.602374,0.587040,0.525700,0.553877,0.521143,0.507949,0.469630,0.389560,0.332855,0.279653,0.180689,0.140537,0.090806,
0.772355,0.640992,0.683977,0.570093,0.547654,0.593339,0.564720,0.609470,0.546750,0.544326,0.533916,0.521283,0.491624,0.517611,0.460860,0.404097,0.372617,0.281752,0.190465,0.160014,0.087451,
0.644878,0.592095,0.691164,0.543857,0.517145,0.563772,0.527453,0.614178,0.544544,0.532826,0.550676,0.531508,0.507328,0.508438,0.471525,0.413599,0.393739,0.282095,0.213271,0.147445,0.088355,
0.668884,0.557736,0.725038,0.514979,0.521434,0.528854,0.503140,0.610360,0.525814,0.524916,0.547775,0.535085,0.530224,0.510956,0.488981,0.457171,0.425901,0.332199,0.253146,0.152363,0.105689,
0.783767,0.517636,0.847821,0.483321,0.531014,0.514620,0.511475,0.642483,0.528059,0.535781,0.567792,0.555081,0.581299,0.558161,0.544744,0.525173,0.462407,0.365990,0.284742,0.163848,0.112281,
0.541587,0.511377,1.068243,0.490519,0.564942,0.531680,0.530046,0.700412,0.551529,0.586210,0.597923,0.610181,0.653736,0.632611,0.608408,0.614611,0.559273,0.433758,0.322076,0.203920,0.118140,
0.469626,0.714328,1.612987,0.501682,0.582897,0.570132,0.570676,0.607434,0.565916,0.654758,0.666107,0.684283,0.765027,0.756144,0.707432,0.754421,0.649275,0.533649,0.398332,0.234310,0.179063,
0.524618,0.611608,0.580796,0.536396,0.655717,0.594743,0.765919,0.659232,0.605010,0.730488,0.755942,0.792668,0.859354,0.866327,0.858932,0.915263,0.759185,0.631475,0.453197,0.238943,0.176938,
0.524599,3.037156,0.636371,0.581186,0.780552,0.677242,0.788923,0.734487,0.733004,0.802142,0.873928,0.909589,1.014022,1.018299,1.060693,1.091177,0.905810,0.751082,0.513928,0.272522,0.180927,
0.602872,1.826632,0.617815,0.695781,0.775248,0.727604,0.877486,0.747807,0.849156,0.895465,0.998741,1.033819,1.156394,1.229700,1.319941,1.296488,1.103292,0.865120,0.527477,0.269665,0.210072,
0.633315,1.755893,0.752006,0.776546,0.717977,0.756882,0.873919,0.831353,0.925762,1.049327,1.104369,1.251304,1.383132,1.522395,1.578517,1.526279,1.307403,0.977582,0.516564,0.312576,0.200080,
0.419938,0.652959,0.787708,0.812779,0.850017,0.991061,0.851012,0.997622,1.035904,1.223512,1.239950,1.407053,1.523223,1.734107,1.779033,1.697736,1.406479,0.925525,0.417789,0.257607,0.184249,
1.346991,0.838024,0.908352,0.817828,0.866192,0.796601,0.788907,0.969874,1.121740,1.195097,1.523519,1.686151,1.721142,1.973034,2.009863,1.718144,1.237180,0.591803,0.327104,0.208381,0.111965,
nan,nan,nan,nan,nan,nan,nan,nan,nan,nan,1.721035,1.909270,1.923529,1.870569,1.927007,1.434429,0.718276,0.330051,0.215239,0.145356,nan,
nan,nan,0.873833,0.752690,0.747103,0.804878,0.685670,0.670609,0.671128,0.593555,0.518406,0.520123,0.622790,0.551260,0.397438,0.818453,0.316708,0.235090,0.261381,0.145385,0.077901,
nan,0.804096,0.785781,0.777468,0.760153,0.840716,0.705952,0.713518,0.723292,0.678109,0.608799,0.601979,0.508635,0.493853,0.441965,0.369960,0.316428,0.264064,0.212758,0.114262,0.065412,
0.829555,0.808677,0.777303,0.739448,0.733668,0.733404,0.708033,0.661670,0.657607,0.601848,0.593591,0.571397,0.503044,0.469881,0.430889,0.352616,0.307962,0.262706,0.179274,0.130671,0.094361,
0.711090,0.758083,0.758686,0.716241,0.712536,0.749397,0.679678,0.643814,0.645005,0.586036,0.579971,0.569449,0.537283,0.490280,0.430230,0.356057,0.325306,0.246923,0.186953,0.137298,0.110779,
0.759224,0.737967,0.734586,0.672792,0.677915,0.693618,0.649237,0.626803,0.635910,0.566148,0.561174,0.571515,0.522623,0.507298,0.437294,0.399085,0.340453,0.249018,0.189638,0.143425,0.091347,
0.750214,0.682017,0.688675,0.645977,0.634655,0.634378,0.629872,0.599597,0.604520,0.551676,0.557197,0.545750,0.516150,0.476622,0.434298,0.418619,0.361813,0.257085,0.193749,0.142978,0.078413,
0.674040,0.622103,0.618030,0.630207,0.586053,0.588752,0.591205,0.581994,0.605072,0.532774,0.559378,0.521757,0.502071,0.478294,0.435008,0.433413,0.369944,0.291992,0.205018,0.136652,0.089332,
0.606335,0.579518,0.596991,0.612238,0.555732,0.553019,0.552672,0.555874,0.571864,0.517219,0.536515,0.546210,0.499807,0.495390,0.459941,0.444209,0.385936,0.318228,0.223700,0.142861,0.103912,
0.569522,0.524717,0.602281,0.595034,0.526350,0.530597,0.537887,0.573641,0.536279,0.533130,0.526482,0.593565,0.521617,0.514308,0.491534,0.471663,0.431785,0.333615,0.255114,0.159527,0.108053,
0.581322,0.491880,0.619435,0.619824,0.509820,0.521021,0.524393,0.587051,0.522334,0.541707,0.559455,0.607062,0.578559,0.568758,0.538879,0.533002,0.484282,0.376554,0.272021,0.179582,0.134511,
0.481496,0.497623,0.614051,0.740630,0.520568,0.530681,0.558680,0.606384,0.573721,0.574072,0.622392,0.631738,0.650734,0.662161,0.653085,0.616719,0.553571,0.428954,0.316890,0.190169,0.161387,
0.418219,0.525583,0.600183,0.602867,0.537461,0.565170,0.607821,0.626156,0.617677,0.625537,0.698492,0.698039,0.733575,0.745871,0.777196,0.745106,0.624630,0.524779,0.362795,0.210871,0.158931,
0.594757,0.719528,1.038719,0.617809,0.568736,0.609067,0.660498,0.669708,0.725903,0.714658,0.786814,0.824984,0.888385,0.903964,0.901357,0.880145,0.777050,0.654432,0.439560,0.239612,0.203974,
0.518869,0.910023,0.752950,0.695844,0.639671,0.683969,0.752129,0.741543,0.790570,0.817695,0.927205,0.966171,1.016886,1.102395,1.099798,1.042432,0.921250,0.758686,0.498489,0.273289,0.178971,
1.005651,0.644118,1.001402,0.652094,0.667895,0.766832,0.819960,0.828804,0.864754,0.918903,1.055417,1.157596,1.205843,1.316630,1.282387,1.237418,1.115276,0.863448,0.557435,0.295370,0.188694,
0.506368,0.631641,0.678446,0.684407,0.744258,0.896427,0.888022,0.886824,0.913699,1.059170,1.153254,1.277705,1.372199,1.499239,1.500315,1.495606,1.316901,0.940809,0.518187,0.262548,0.200501,
0.558562,0.520509,0.766548,0.746783,0.848833,0.954159,0.904058,1.011149,1.017882,1.238621,1.446571,1.529272,1.650679,1.682159,1.752285,1.666609,1.388822,0.909055,0.448908,0.241489,0.159011,
nan,0.523133,0.791283,0.778157,1.026636,1.137680,0.905264,1.045303,1.139503,1.331311,1.419080,1.558193,1.827681,1.918723,1.960325,1.761739,1.184059,0.655208,0.353319,0.211663,0.122203,
nan,nan,nan,nan,0.972560,0.975407,0.977960,1.182899,1.259151,1.345262,1.964686,1.820273,2.010948,1.919677,1.854998,1.682674,0.808202,0.466139,0.247508,0.119591,0.093289,
nan,0.749616,0.875609,0.792487,0.763404,0.695141,0.752398,0.671512,0.685992,0.858644,0.515148,0.457956,0.510925,0.477313,0.437178,0.342345,0.317778,0.197968,0.210635,0.160627,0.067882,
1.194790,0.773385,0.778153,0.737237,0.718038,0.752580,0.745491,0.683765,0.660940,0.597733,0.579738,0.574451,0.503041,0.483180,0.429558,0.365949,0.318804,0.250211,0.191260,0.124909,0.082609,
1.041852,0.754363,0.824568,0.727901,0.711206,0.780575,0.722474,0.684785,0.650995,0.605408,0.596130,0.597717,0.554720,0.528306,0.428961,0.363036,0.335041,0.240507,0.186105,0.130038,0.117124,
0.955755,0.731099,0.796490,0.718152,0.688615,0.676436,0.719880,0.679319,0.662101,0.597912,0.588726,0.561165,0.512010,0.494577,0.421084,0.395200,0.320364,0.266734,0.184572,0.139829,0.076981,
0.883238,0.698452,0.681277,0.682733,0.659079,0.650514,0.670181,0.670033,0.630797,0.589408,0.577645,0.540769,0.526994,0.465929,0.423406,0.383068,0.333812,0.284440,0.180912,0.125511,0.081022,
0.736886,0.683590,0.640207,0.659371,0.637884,0.654351,0.618665,0.661740,0.604257,0.569460,0.564976,0.529313,0.517061,0.470930,0.426475,0.394550,0.330863,0.295633,0.185257,0.123136,0.106561,
0.691928,0.650744,0.609871,0.590258,0.616841,0.630076,0.585193,0.601473,0.594698,0.543676,0.546041,0.531852,0.519863,0.503971,0.440331,0.399332,0.362598,0.294754,0.206597,0.122941,0.094131,
0.574045,0.594633,0.574781,0.551204,0.580475,0.588575,0.568144,0.529159,0.552378,0.532863,0.534717,0.532125,0.516888,0.552511,0.452065,0.426472,0.385415,0.309069,0.215262,0.135113,0.097041,
0.484993,0.553149,0.550411,0.526671,0.535970,0.544568,0.556230,0.543116,0.559867,0.519534,0.542976,0.520995,0.540860,0.554279,0.503834,0.470461,0.404311,0.328674,0.254053,0.148810,0.112707,
0.574669,0.556625,0.540720,0.525829,0.524365,0.536566,0.542579,0.551271,0.601396,0.548503,0.566989,0.535264,0.574467,0.613556,0.581376,0.516730,0.453835,0.384538,0.270231,0.160068,0.115730,
0.541640,0.563872,0.548095,0.521784,0.526505,0.545390,0.548424,0.581689,0.608761,0.582590,0.624320,0.596566,0.662311,0.653118,0.683503,0.578237,0.529241,0.453562,0.308680,0.187639,0.130407,
0.439411,0.583998,0.599316,0.557551,0.597215,0.556922,0.577431,0.591155,0.636302,0.640492,0.690062,0.669055,0.760820,0.750566,0.786067,0.702443,0.636466,0.549790,0.372368,0.223953,0.155493,
0.375034,0.546823,0.630529,0.578263,0.645325,0.566133,0.634524,0.696842,0.739116,0.709688,0.768396,0.815817,0.851338,0.893596,0.923851,0.847075,0.750558,0.645831,0.438995,0.266162,0.149745,
0.543373,0.596428,0.948188,0.577707,0.687171,0.649285,0.712235,0.722588,0.822723,0.825481,0.866829,0.938750,1.019114,1.045491,1.081855,1.001277,0.916032,0.730373,0.500865,0.279911,0.153973,
0.957831,0.947146,0.633209,0.660512,0.749645,0.767609,0.805964,0.846164,0.956759,0.961934,0.992858,1.093024,1.174951,1.247719,1.259561,1.239430,1.116742,0.815447,0.516458,0.278184,0.172578,
0.659043,0.999266,0.710269,0.762180,0.771189,0.744726,0.903123,0.955285,0.936130,1.091013,1.183555,1.266492,1.333213,1.466548,1.464603,1.411407,1.236232,1.069794,0.530741,0.305202,0.180903,
nan,2.653065,0.775982,0.774949,0.822472,0.975389,0.846128,1.028463,1.269944,1.132767,1.331571,1.457469,1.587645,1.657534,1.661268,1.618192,1.305715,0.877342,0.446556,0.243646,0.161148,
0.545669,0.600629,0.613109,0.857187,0.852073,0.931422,1.038102,1.013318,1.129423,1.348957,1.498288,1.574378,1.723706,1.802400,1.748997,1.628472,1.577440,0.670225,0.325148,0.175988,0.103111,
nan,nan,nan,0.801147,1.046787,0.803285,1.088561,1.413373,1.416471,1.438284,1.442619,1.665182,1.847576,1.955153,1.785294,1.403916,0.858874,0.520731,0.223005,0.123884,0.110546,
nan,0.776420,0.817837,0.774400,0.811232,0.773131,0.694165,0.754649,0.686853,0.717787,0.605712,0.761557,0.522152,0.602949,0.499323,0.415328,0.320501,0.245552,0.364757,0.130529,0.054667,
0.746805,0.807561,0.773778,0.735090,0.718802,0.789442,0.697805,0.695670,0.672717,0.610253,0.660397,0.580966,0.547943,0.479153,0.417648,0.344641,0.321391,0.248220,0.185916,0.110647,0.072672,
0.745224,0.739098,0.772782,0.754652,0.696251,0.673331,0.697200,0.687801,0.704106,0.617982,0.588808,0.598338,0.519313,0.489305,0.415653,0.378284,0.321184,0.264777,0.190078,0.130581,0.092830,
0.782914,0.700456,0.714083,0.735944,0.707558,0.717749,0.686897,0.662886,0.656070,0.605984,0.595658,0.546384,0.531811,0.465451,0.425010,0.352580,0.336358,0.290324,0.176671,0.129732,0.067883,
0.752335,0.672978,0.698873,0.703926,0.739110,0.701483,0.674648,0.641536,0.667012,0.573761,0.582471,0.561028,0.528565,0.478830,0.418228,0.368710,0.309290,0.281739,0.178658,0.111976,0.090729,
0.716997,0.647710,0.646446,0.650872,0.679474,0.657851,0.628771,0.645227,0.619893,0.570205,0.575831,0.537475,0.500608,0.489307,0.428322,0.394126,0.336656,0.286370,0.195270,0.111960,0.089640,
0.677598,0.622967,0.634602,0.614281,0.635364,0.600113,0.586037,0.619221,0.584622,0.536852,0.542519,0.537146,0.481109,0.476781,0.447262,0.401161,0.362268,0.306111,0.208343,0.127110,0.099310,
0.646269,0.619169,0.574788,0.570225,0.573215,0.543320,0.559657,0.548924,0.562713,0.532898,0.515872,0.540370,0.494761,0.492317,0.478064,0.421383,0.367501,0.296224,0.216834,0.139546,0.093043,
0.654691,0.547617,0.525623,0.560387,0.545810,0.531017,0.540997,0.520493,0.526640,0.554196,0.539431,0.536900,0.539915,0.558023,0.502720,0.487946,0.398094,0.308923,0.229193,0.148439,0.110095,
0.464455,0.536928,0.513559,0.531405,0.509461,0.516166,0.532859,0.544634,0.538386,0.545991,0.560235,0.553657,0.585477,0.588366,0.574928,0.507806,0.454038,0.362557,0.272765,0.171522,0.098127,
0.379846,0.521480,0.501204,0.517142,0.514334,0.530113,0.559066,0.584508,0.577413,0.639572,0.605458,0.632632,0.676745,0.650842,0.628602,0.589356,0.510956,0.428616,0.314411,0.201714,0.127670,
0.477574,0.565925,0.543896,0.514780,0.533813,0.538117,0.630807,0.595066,0.641409,0.695343,0.674294,0.713537,0.743343,0.739170,0.734725,0.692120,0.604465,0.485590,0.352928,0.230737,0.138530,
0.474690,0.528866,0.607907,0.561551,0.553167,0.610315,0.696501,0.647190,0.668778,0.829689,0.762995,0.835261,0.875595,0.871974,0.908488,0.796711,0.728141,0.598645,0.413304,0.257579,0.149232,
0.758201,0.604017,0.700691,0.631711,0.594387,0.643395,0.766081,0.729216,0.775375,0.871244,0.921032,0.920598,0.960969,0.996347,1.046298,0.955304,0.892227,0.842213,0.463435,0.265340,0.169002,
0.501285,0.694833,0.593745,0.662534,0.655349,0.790664,0.764405,0.854514,0.862521,0.919190,0.998548,1.093393,1.171434,1.214044,1.199243,1.164196,1.014677,0.823411,0.518533,0.269835,0.219286,
0.897676,0.755379,0.799038,0.697065,0.691422,0.855797,0.849757,0.907242,0.937209,1.112612,1.159376,1.267635,1.351562,1.381455,1.454408,1.305607,1.125715,0.815621,0.520843,0.283125,0.177121,
0.641443,0.628867,0.689931,0.719378,0.865763,0.789644,0.989992,1.000025,1.011541,1.119896,1.327432,1.414484,1.502499,1.606873,1.584827,1.458283,1.229335,0.788205,0.441661,0.247945,0.162469,
nan,0.719058,0.770920,0.838237,0.799737,0.888931,1.014812,1.020139,1.248902,1.325021,1.428386,1.565237,1.635038,1.733684,1.660853,1.475800,0.974851,0.646844,0.347052,0.160758,0.106772,
nan,nan,0.548936,0.766768,1.178163,0.824769,0.804858,1.223999,1.195563,1.135016,1.599670,1.768838,2.071185,1.564206,1.565513,1.168124,0.896306,0.419317,0.253700,0.174890,0.107273,
nan,0.825393,0.788742,0.804557,0.700946,0.755587,0.740074,0.698930,0.670228,0.632519,0.619228,0.616863,0.585602,0.455695,0.418593,0.360009,0.316705,0.252370,0.191669,0.115952,0.057185,
0.711668,0.772418,0.871717,0.772044,0.772112,0.745214,0.743448,0.695812,0.671080,0.624892,0.568842,0.588637,0.530914,0.546275,0.441326,0.362080,0.320322,0.198079,0.191219,0.126365,0.182852,
0.747672,0.740123,0.774298,0.753846,0.741125,0.768716,0.742469,0.712816,0.655015,0.609043,0.610733,0.550092,0.508263,0.489101,0.438073,0.360000,0.324419,0.282898,0.181425,0.153300,0.075097,
0.672707,0.742142,0.785716,0.704736,0.739666,0.713935,0.679626,0.665573,0.662267,0.603869,0.586925,0.582906,0.532315,0.485996,0.416577,0.373196,0.314697,0.289512,0.161835,0.109197,0.087215,
0.684290,0.725607,0.680863,0.664654,0.671749,0.692841,0.669343,0.638233,0.609213,0.599184,0.578503,0.551452,0.490351,0.482458,0.445056,0.379698,0.322348,0.288463,0.181228,0.115820,0.096884,
0.647438,0.688205,0.631757,0.635472,0.649804,0.693532,0.619988,0.587246,0.614744,0.575657,0.546822,0.527782,0.480863,0.478200,0.454047,0.377007,0.328455,0.299680,0.201061,0.130460,0.101825,
0.630281,0.631878,0.596670,0.613559,0.586641,0.635210,0.567673,0.566864,0.585517,0.593090,0.552248,0.524266,0.506615,0.462335,0.517580,0.399225,0.319722,0.269028,0.200840,0.134633,0.086380,
0.582492,0.554737,0.565349,0.566439,0.546640,0.576399,0.540177,0.618649,0.540337,0.567587,0.519887,0.541294,0.515613,0.510327,0.481449,0.441557,0.364553,0.280745,0.232555,0.138704,0.100807,
0.493118,0.590415,0.531767,0.566228,0.500273,0.519330,0.512807,0.635041,0.506773,0.552014,0.532309,0.542575,0.527388,0.526345,0.520468,0.461442,0.379017,0.313180,0.261214,0.158188,0.102580,
0.683444,0.636516,0.492516,0.563989,0.490438,0.527065,0.536833,0.542044,0.522772,0.555311,0.578779,0.557247,0.563492,0.541287,0.556029,0.507082,0.433593,0.359166,0.276346,0.166484,0.112230,
0.560064,0.504704,0.484992,0.538166,0.515438,0.516252,0.564109,0.576014,0.542404,0.624843,0.593328,0.621127,0.628961,0.601307,0.616261,0.574447,0.546742,0.424208,0.298238,0.191276,0.119567,
0.451950,0.561352,0.559848,0.562868,0.531038,0.534157,0.575440,0.589490,0.601936,0.721620,0.698281,0.759123,0.731769,0.697406,0.691802,0.659432,0.608041,0.495678,0.374366,0.223143,0.140982,
0.553417,0.655068,0.589233,0.553345,0.606140,0.598493,0.635329,0.681812,0.718308,0.735010,0.750156,0.812080,0.822651,0.807985,0.829069,0.813052,0.717325,0.584389,0.444321,0.233418,0.148671,
0.539492,0.560275,0.638369,0.598442,0.627061,0.633910,0.718391,0.744186,0.785619,0.824654,0.842011,0.936465,0.985346,0.982619,0.975162,0.963879,0.825082,0.668057,0.445234,0.260980,0.190913,
0.633024,0.652982,0.625338,0.609014,0.674478,0.685546,0.757131,0.794290,0.882854,0.896417,1.056447,1.070845,1.119362,1.102550,1.217740,1.102440,0.965696,0.729901,0.524476,0.300206,0.177371,
0.694335,0.988083,0.695786,0.749816,0.695736,0.785182,0.840131,0.905459,0.967892,0.991927,1.100953,1.184717,1.177642,1.285092,1.419819,1.308501,1.071967,0.802700,0.526000,0.259839,0.199533,
0.641011,0.760550,0.722892,0.680429,0.754366,0.858242,0.875346,0.964490,1.021207,1.316639,1.285676,1.328436,1.398619,1.782946,1.474153,1.406304,1.115063,0.739222,0.482149,0.239122,0.163425,
0.539212,0.580242,0.853811,0.786119,0.866197,0.810465,1.103229,0.999618,1.165545,1.190407,1.359845,1.494893,1.555435,1.622297,1.572702,1.414355,0.957112,0.608221,0.334967,0.173200,0.104674,
nan,nan,1.068191,0.775080,0.726619,0.757480,1.011499,1.142021,1.009534,1.523305,1.329281,1.621449,1.632220,1.642251,1.638707,1.341891,0.855993,0.536803,0.224733,0.122536,0.042778,
nan,0.835571,0.825212,0.859658,0.701473,0.742457,0.767234,0.665551,0.668679,0.586119,0.607460,0.537977,0.535470,0.494821,0.443220,0.339165,0.366304,0.296140,0.178021,0.123134,0.056710,
0.794730,0.767769,0.785343,0.755723,0.709261,0.697272,0.771064,0.711575,0.665170,0.643994,0.590745,0.653217,0.637536,0.511065,0.477768,0.416014,0.343494,0.297042,0.164369,0.131173,0.100693,
0.720285,0.771128,0.769750,0.751360,0.749362,0.763242,0.688157,0.670906,0.712095,0.644660,0.584950,0.579027,0.572146,0.459222,0.420536,0.338893,0.358128,0.271314,0.184542,0.103349,0.081051,
0.736067,0.782082,0.703030,0.684928,0.700336,0.726002,0.684888,0.672977,0.652638,0.610749,0.590665,0.586555,0.509552,0.476041,0.438552,0.371574,0.326047,0.273122,0.193905,0.114460,0.070667,
0.731258,0.713512,0.684161,0.704625,0.649864,0.684931,0.648212,0.638226,0.640051,0.608892,0.574090,0.530322,0.484438,0.477729,0.450176,0.377200,0.309224,0.282265,0.191539,0.127244,0.106895,
0.743952,0.631222,0.667615,0.668717,0.620669,0.626235,0.597603,0.608350,0.620363,0.588640,0.581241,0.536072,0.491997,0.466478,0.494099,0.380852,0.308472,0.265637,0.190569,0.138408,0.090634,
0.606353,0.594363,0.634116,0.609550,0.597083,0.611357,0.563743,0.579509,0.575168,0.549246,0.513076,0.519982,0.505508,0.493483,0.452855,0.391849,0.335181,0.264462,0.220689,0.140745,0.089168,
0.604001,0.558836,0.582478,0.570766,0.564092,0.552148,0.548756,0.550568,0.556198,0.532211,0.550886,0.508006,0.504087,0.476489,0.484444,0.420376,0.336530,0.294269,0.227532,0.141734,0.102280,
0.602759,0.531380,0.527548,0.553998,0.526251,0.524580,0.547592,0.553920,0.530595,0.526636,0.551448,0.510695,0.511518,0.497212,0.480731,0.449147,0.395388,0.310576,0.238135,0.146390,0.102092,
0.538511,0.486459,0.501190,0.506928,0.511505,0.496293,0.563735,0.540397,0.552543,0.559445,0.540119,0.545821,0.591358,0.543350,0.530424,0.474942,0.494605,0.368412,0.243280,0.161750,0.108624,
0.461417,0.881694,0.499114,0.544624,0.505357,0.534634,0.539909,0.564645,0.567590,0.585689,0.594538,0.606648,0.655020,0.590303,0.573618,0.541837,0.486119,0.409548,0.295361,0.182527,0.115765,
0.448192,0.487080,0.519978,0.576329,0.515376,0.541251,0.572046,0.586214,0.584740,0.625710,0.620129,0.679051,0.693112,0.695076,0.674011,0.683327,0.589351,0.457846,0.329313,0.216671,0.126113,
0.637068,0.548219,0.600669,0.583994,0.541858,0.561900,0.672699,0.648917,0.642580,0.701735,0.714632,0.804275,0.742413,0.804505,0.796431,0.804422,0.664179,0.536738,0.410060,0.227025,0.154091,
0.583316,0.684625,0.732178,0.578476,0.612915,0.649811,0.681813,0.716848,0.707502,0.776944,0.784194,0.900831,0.906667,0.933884,0.995559,0.913835,0.848502,0.611149,0.459773,0.247706,0.209811,
0.673649,0.691053,0.551303,0.590043,0.656172,0.724193,0.751420,0.830484,0.751032,0.870396,0.923059,0.974588,1.037639,1.098176,1.133382,1.043830,0.970057,0.691667,0.468383,0.312734,0.160207,
0.928890,0.642184,0.696725,0.653444,0.716369,0.837329,0.857614,0.831601,0.874615,1.004184,1.089119,1.119224,1.290472,1.254524,1.272752,1.164974,1.037188,0.727617,0.504692,0.284193,0.191163,
0.630490,0.624677,0.687115,0.690885,0.794961,0.943372,0.958333,0.938535,0.959684,1.064816,1.179920,1.203120,1.317813,1.494178,1.407472,1.295483,1.005631,0.726042,0.379293,0.229496,0.143455,
nan,0.913230,0.768910,0.793141,0.762810,1.111544,0.933427,0.978440,1.074761,1.257548,1.391979,1.508816,1.522325,1.429345,1.428616,1.401659,0.876852,0.489705,0.338842,0.187561,0.146395,
nan,0.841014,nan,0.820256,0.758072,0.781840,1.129880,0.841605,1.146142,1.154665,1.477018,1.557431,1.453687,1.491121,1.428081,1.189939,0.734848,0.383956,0.252672,0.091463,0.036220,
nan,0.788395,0.686077,0.885611,0.673197,0.761061,0.745539,0.745043,0.686100,0.631961,0.730018,0.457358,0.479558,0.464972,0.416490,0.352026,0.318071,0.239324,0.200585,0.109566,0.079975,
0.717713,0.806203,0.805396,0.763841,0.710424,0.735010,0.711001,0.706237,0.731547,0.626631,0.622888,0.615971,0.521637,0.501506,0.393014,0.373154,0.295125,0.234159,0.170469,0.110613,0.089711,
0.785239,0.867148,0.739467,0.723455,0.716904,0.734009,0.709802,0.708911,0.655069,0.611748,0.607200,0.583849,0.562967,0.487087,0.422645,0.385433,0.300006,0.243809,0.166857,0.100324,0.076389,
0.752027,0.768477,0.743863,0.735990,0.682585,0.680799,0.703014,0.667940,0.663462,0.617310,0.600020,0.539465,0.491210,0.477288,0.447883,0.377548,0.299965,0.252936,0.178586,0.127921,0.091782,
0.650670,0.718141,0.696267,0.675126,0.653868,0.661062,0.643460,0.638256,0.630013,0.606712,0.583387,0.558316,0.498371,0.457477,0.447640,0.378253,0.330530,0.241440,0.195101,0.121339,0.085395,
0.596032,0.689083,0.659354,0.663984,0.635295,0.648354,0.617312,0.614426,0.586890,0.588139,0.529665,0.505883,0.493270,0.488531,0.447452,0.386763,0.318355,0.248249,0.190967,0.157262,0.088261,
0.768652,0.608406,0.596993,0.649769,0.602045,0.594090,0.576038,0.588947,0.580981,0.551405,0.557700,0.519289,0.489199,0.467434,0.464544,0.401892,0.329849,0.280481,0.194898,0.136344,0.095324,
0.572866,0.564463,0.563606,0.681420,0.532572,0.557674,0.539834,0.568472,0.538204,0.556541,0.525117,0.515432,0.504555,0.468950,0.437905,0.412895,0.355664,0.276181,0.209145,0.132902,0.096261,
0.521003,0.511639,0.528315,0.620872,0.508064,0.535328,0.543495,0.520741,0.535644,0.537800,0.499871,0.518035,0.537136,0.491557,0.472836,0.424333,0.411665,0.313502,0.212784,0.146523,0.097324,
0.497094,0.500633,0.489481,0.577272,0.501394,0.525329,0.520619,0.517629,0.525462,0.545441,0.523835,0.565409,0.547289,0.505667,0.531364,0.470022,0.422324,0.343473,0.253904,0.160143,0.107221,
0.628773,0.503164,0.468683,0.541021,0.498802,0.527151,0.530586,0.561759,0.552625,0.526374,0.565785,0.635274,0.589939,0.610005,0.564335,0.575142,0.491989,0.390348,0.275880,0.180425,0.106804,
0.381816,0.477444,0.481514,0.576707,0.529980,0.526176,0.551237,0.613425,0.568247,0.581912,0.627674,0.671491,0.638135,0.651537,0.714831,0.648793,0.560724,0.452990,0.335315,0.192607,0.124337,
0.527004,0.505952,0.566568,0.533910,0.568808,0.587789,0.599414,0.609294,0.643144,0.642181,0.702617,0.755453,0.789624,0.777983,0.854169,0.739823,0.648911,0.501590,0.387550,0.222754,0.189850,
0.738351,0.583837,0.620162,0.578816,0.633505,0.613005,0.649617,0.709421,0.712450,0.745479,0.800728,0.863292,0.872696,0.939006,0.892632,0.829965,0.763866,0.584354,0.436070,0.266756,0.176477,
0.766897,0.710092,0.933416,0.677513,0.653953,0.669395,0.911671,0.736307,0.798577,0.835619,0.891505,1.005141,1.031086,1.032017,1.037880,0.980133,0.856644,0.654474,0.424317,0.277703,0.201784,
0.494540,0.678189,0.608764,0.696558,0.717670,0.702544,0.795935,0.834190,0.853490,0.932691,1.070724,1.363390,1.193184,1.187858,1.179161,1.074133,1.024289,0.677602,0.449664,0.259461,0.141232,
0.543718,0.702127,0.627342,0.785607,0.753763,0.800872,0.895691,0.942459,0.973556,1.231044,1.342201,1.326503,1.301275,1.273233,1.211884,1.178844,0.985998,0.668195,0.354611,0.231148,0.129547,
8.093665,0.694968,0.689262,0.747449,0.902446,0.863015,0.919551,1.003301,1.089213,1.213449,1.206845,1.365224,1.446479,1.406783,1.331364,1.174398,0.834536,0.452868,0.308955,0.214718,0.136544,
nan,0.776639,nan,0.541261,0.766383,0.781154,0.956950,1.082996,0.989910,1.392792,1.474748,1.647472,1.498473,1.406957,1.253050,1.053263,0.741692,0.410524,0.211247,0.161781,0.098902,
nan,0.775260,0.701932,0.703609,0.689101,0.779541,0.714137,0.684718,0.602832,0.659958,0.579855,0.601636,0.523287,0.458307,0.421171,0.332327,0.306589,0.279136,0.126939,0.170893,0.047124,
0.788830,0.785026,0.726841,0.782625,0.724176,0.766324,0.742175,0.713995,0.629520,0.601373,0.638052,0.567782,0.487457,0.465571,0.449079,0.369098,0.348155,0.255386,0.206999,0.102521,0.071757,
0.736549,0.754182,0.739150,0.745751,0.712969,0.719194,0.686549,0.743410,0.745253,0.607428,0.599728,0.599888,0.503466,0.490156,0.424309,0.356292,0.307223,0.320737,0.185719,0.108434,0.078524,
0.748545,0.721192,0.747051,0.684525,0.691981,0.660912,0.666376,0.676232,0.650205,0.632344,0.591869,0.537685,0.511763,0.471822,0.447608,0.375045,0.312677,0.253285,0.186071,0.127679,0.098672,
0.749930,0.706039,0.700546,0.702409,0.691397,0.693021,0.646003,0.638881,0.622775,0.599159,0.550995,0.513909,0.479395,0.469721,0.454577,0.377717,0.310255,0.260799,0.200064,0.120949,0.105208,
0.546308,0.683442,0.647387,0.739441,0.616251,0.604424,0.603823,0.605989,0.578741,0.550815,0.587554,0.515436,0.511881,0.459623,0.453018,0.390615,0.315964,0.265857,0.204851,0.126417,0.091814,
0.706716,0.645848,0.601974,0.683835,0.592791,0.574201,0.568630,0.592773,0.566494,0.558688,0.512270,0.532361,0.491925,0.459495,0.425903,0.390252,0.322021,0.248382,0.183511,0.129846,0.102178,
0.679657,0.569038,0.561057,0.558448,0.575307,0.545855,0.555300,0.535071,0.524493,0.526420,0.513157,0.503426,0.515976,0.464337,0.440281,0.412647,0.371634,0.279082,0.203545,0.128999,0.146768,
0.622809,0.526172,0.544016,0.516972,0.526714,0.525848,0.520115,0.547640,0.516959,0.518885,0.502667,0.543422,0.509776,0.481606,0.478820,0.416565,0.381540,0.322831,0.233474,0.146822,0.093183,
0.499231,0.484019,0.497629,0.510354,0.528875,0.521801,0.502565,0.520081,0.512906,0.513766,0.525465,0.551563,0.535584,0.533208,0.502722,0.464542,0.429124,0.340763,0.239561,0.142969,0.099436,
0.583255,0.597808,0.514244,0.508373,0.491199,0.544891,0.511307,0.591532,0.541784,0.540530,0.548645,0.581906,0.579432,0.561401,0.572822,0.536428,0.458986,0.374480,0.258145,0.163632,0.119000,
0.554779,0.655987,0.496778,0.562953,0.517775,0.563439,0.547934,0.640517,0.576889,0.594760,0.615024,0.622737,0.660978,0.625130,0.659075,0.616149,0.534598,0.427423,0.306313,0.212633,0.147858,
0.346636,0.513940,0.524414,0.599961,0.580781,0.572907,0.588322,0.778189,0.631835,0.670929,0.693623,0.739055,0.782909,0.744577,0.738774,0.682154,0.630165,0.510069,0.369240,0.223792,0.193124,
0.607258,0.546532,0.603346,0.618965,0.585743,0.607437,0.620684,0.673647,0.729182,0.750048,0.821791,0.936665,0.821502,0.883314,0.854667,0.829989,0.711733,0.551352,0.389059,0.228420,0.157655,
0.747013,0.783228,0.620040,0.652613,0.642574,0.788353,0.674712,0.804686,0.803178,0.834172,0.896902,0.957303,0.994251,1.021480,1.010747,0.896665,0.858337,0.629973,0.433228,0.270950,0.162328,
0.746924,0.677802,0.599286,0.676371,0.734273,0.753777,0.837078,0.835875,1.000458,0.938712,1.103252,1.086661,1.066438,1.145319,1.102383,1.039985,0.871407,0.651641,0.407756,0.222732,0.139657,
0.868462,0.585268,0.665703,0.906880,0.692553,0.799572,0.819691,0.946104,0.948098,1.121933,1.119540,1.190992,1.197239,1.263426,1.214114,1.048503,0.830485,0.612264,0.350479,0.205834,0.133049,
nan,0.632229,0.852638,0.812510,0.798198,0.913650,0.864838,0.956816,0.972228,1.100730,1.228979,1.248426,1.202840,1.364526,1.148085,0.978462,0.747254,0.446176,0.303888,0.194234,0.162146,
nan,0.435397,nan,1.021615,1.669488,0.757356,1.140530,0.904209,1.289129,1.532226,1.126760,1.443298,1.345943,1.039439,1.108761,0.936963,0.648824,0.371986,0.169486,0.217407,0.083130,
nan,0.785596,0.740608,0.667753,0.695835,0.720166,0.663663,0.733778,0.671838,0.678887,0.526658,0.789751,0.617826,0.579998,0.419047,0.311581,0.324529,0.176189,0.159452,0.101097,0.042268,
0.770861,0.827671,0.757330,0.780769,0.794056,0.756449,0.704367,0.729276,0.743898,0.643077,0.574806,0.554680,0.513348,0.489515,0.474272,0.342617,0.306330,0.252691,0.189325,0.113949,0.076140,
0.819109,0.805963,0.792191,0.752415,0.723385,0.697990,0.723146,0.684637,0.652070,0.628270,0.607362,0.563619,0.503223,0.464947,0.438400,0.389729,0.323143,0.252029,0.167717,0.111791,0.085946,
0.704649,0.723373,0.713294,0.740832,0.737609,0.751787,0.674129,0.644356,0.665013,0.608998,0.594608,0.562698,0.505241,0.461193,0.430839,0.390800,0.316253,0.246097,0.199359,0.113009,0.090543,
0.717521,0.684308,0.686137,0.766487,0.646795,0.652254,0.630624,0.647035,0.610556,0.597280,0.592939,0.523634,0.509750,0.474017,0.452896,0.379387,0.328832,0.244313,0.188374,0.142420,0.081993,
0.758408,0.625775,0.663195,0.629856,0.662371,0.635115,0.608885,0.616703,0.596869,0.578878,0.545742,0.522663,0.494194,0.474411,0.419377,0.374962,0.303291,0.248074,0.177100,0.115355,0.110787,
0.595592,0.588112,0.617254,0.582528,0.609313,0.609233,0.587621,0.558799,0.537701,0.551472,0.532215,0.504879,0.494680,0.469598,0.425267,0.396547,0.354565,0.260607,0.201209,0.122685,0.146151,
0.726124,0.548986,0.563662,0.559585,0.552479,0.540213,0.531490,0.534606,0.531063,0.518628,0.514115,0.520146,0.491383,0.464670,0.456005,0.396015,0.358450,0.295780,0.202032,0.128969,0.086465,
0.668240,0.509421,0.526998,0.572989,0.518948,0.506449,0.509987,0.517760,0.531828,0.495829,0.519401,0.493747,0.506788,0.483069,0.472977,0.423331,0.371768,0.332644,0.209022,0.126954,0.096204,
0.839844,0.501051,0.501691,0.591909,0.515398,0.490101,0.506206,0.528453,0.559971,0.530364,0.524692,0.529762,0.516948,0.520993,0.494655,0.476679,0.372568,0.319884,0.233079,0.148674,0.112798,
0.530653,0.482778,0.538412,0.605300,0.514284,0.494478,0.527517,0.526192,0.566589,0.557790,0.557855,0.552517,0.577276,0.544217,0.570200,0.518769,0.447636,0.355583,0.253160,0.175684,0.136473,
0.635922,0.543344,0.625513,0.609813,0.592709,0.542826,0.540228,0.565729,0.604042,0.610629,0.630389,0.666878,0.667283,0.652817,0.591784,0.565274,0.516609,0.447761,0.279944,0.207707,0.138188,
7.620722,0.592032,0.567997,0.596212,0.704178,0.572161,0.580457,0.639169,0.637209,0.675397,0.676451,0.733817,0.686191,0.779154,0.668270,0.669377,0.579974,0.477088,0.338030,0.220041,0.156818,
0.562028,0.561833,0.617799,0.563006,0.749083,0.598755,0.627195,0.720522,0.671778,0.786637,0.790090,0.808554,0.843405,0.825601,0.806534,0.750240,0.672483,0.537016,0.439975,0.234515,0.165541,
1.743876,0.564029,0.550804,0.618674,0.678416,0.661639,0.693966,0.749655,0.773952,0.864572,0.917641,0.874651,0.936489,0.970309,0.939061,0.864952,0.770219,0.578210,0.372442,0.238908,0.164887,
0.685431,0.655936,0.650169,0.695338,0.662646,0.897534,0.754596,0.812135,0.875244,0.885507,0.969145,1.006540,0.998760,1.034623,0.916439,0.940935,0.760791,0.612150,0.409372,0.218918,0.159951,
1.031065,1.941399,0.593610,0.665820,0.701491,0.811493,0.807698,0.851006,0.964088,1.025488,1.037687,1.038725,1.137703,1.135585,1.098845,0.956672,0.802535,0.539387,0.337889,0.182112,0.139564,
0.492002,0.777402,0.788698,0.693671,0.780249,0.915978,0.945314,0.919395,0.982442,1.074128,1.180721,1.169342,1.124935,1.098165,1.068753,0.902348,0.679141,0.469130,0.301968,0.242054,0.239835,
nan,nan,0.822415,0.606167,1.327727,1.522705,0.805530,0.809994,0.870676,1.080170,1.286689,1.117519,1.079524,1.226736,1.031634,1.108440,0.742121,0.497227,0.262240,0.099875,0.071652,
nan,0.846880,0.846256,0.785760,0.740964,0.937145,0.682196,0.663419,0.751574,0.593167,0.619211,0.638878,0.515113,0.594996,0.407232,0.423737,0.331911,0.236590,0.243702,0.109951,0.049421,
0.834225,0.818913,0.768636,0.756692,0.696586,0.782516,0.698131,0.684578,0.688648,0.651940,0.611047,0.556330,0.553316,0.471882,0.425628,0.347354,0.377699,0.249318,0.202366,0.136525,0.073517,
0.854657,0.750783,0.745932,0.709914,0.719867,0.705869,0.697853,0.686997,0.647024,0.665293,0.601532,0.551106,0.527498,0.450800,0.471018,0.395012,0.305588,0.246822,0.190308,0.133857,0.075930,
0.782934,0.736584,0.724749,0.807421,0.681298,0.696176,0.675776,0.675575,0.638258,0.623058,0.565440,0.526627,0.519862,0.481600,0.471037,0.378474,0.308939,0.274199,0.189280,0.138205,0.108765,
0.672412,0.733782,0.693580,0.676857,0.698889,0.669287,0.652294,0.622320,0.607922,0.598090,0.583919,0.541994,0.525117,0.490419,0.426589,0.380809,0.296642,0.251199,0.174520,0.112215,0.106754,
0.733042,0.673438,0.665542,0.614681,0.643214,0.629842,0.631258,0.586543,0.584776,0.554040,0.527035,0.527862,0.503323,0.458258,0.418637,0.363250,0.308074,0.237026,0.180721,0.138695,0.085326,
0.577741,0.632849,0.633960,0.589577,0.617530,0.598710,0.573349,0.552244,0.556932,0.532086,0.524976,0.518436,0.486419,0.446872,0.422017,0.393329,0.336570,0.277137,0.183659,0.120353,0.078983,
0.534897,0.571336,0.584833,0.540554,0.586911,0.559840,0.526789,0.522239,0.542407,0.521891,0.516442,0.485892,0.500050,0.472019,0.458279,0.384948,0.324907,0.268077,0.188297,0.124427,0.080602,
0.566445,0.550049,0.554880,0.537224,0.574719,0.545221,0.500969,0.538949,0.508708,0.538128,0.518353,0.497917,0.503772,0.475162,0.447381,0.424497,0.355835,0.285786,0.219139,0.136761,0.093194,
0.572256,0.467644,0.563819,0.500513,0.549620,0.504579,0.511431,0.508968,0.541101,0.548024,0.525929,0.523802,0.518578,0.495165,0.487983,0.432785,0.374789,0.315837,0.218370,0.138368,0.114490,
0.417748,0.524367,0.532756,0.512688,0.556191,0.527833,0.541275,0.508121,0.558702,0.572459,0.551433,0.589486,0.574676,0.553160,0.504657,0.495121,0.428283,0.361495,0.246597,0.188760,0.114489,
0.757750,0.491918,0.503926,0.550476,0.544071,0.519213,0.587664,0.547520,0.547257,0.582617,0.673201,0.599778,0.586540,0.647799,0.580264,0.544205,0.497833,0.407209,0.289421,0.191580,0.174832,
1.614106,0.608169,0.633262,0.594428,0.583351,0.550072,0.636970,0.600332,0.599768,0.640401,0.773968,0.641067,0.725013,0.703145,0.673958,0.617948,0.511465,0.435659,0.335710,0.206655,0.104591,
0.474387,0.590291,0.670969,0.587387,0.629371,0.629469,0.644147,0.663011,0.688693,0.771007,0.710334,0.787186,0.745952,0.838860,0.822304,0.696641,0.668536,0.493917,0.440869,0.237627,0.162667,
0.442806,0.592786,0.633905,0.808570,0.683374,0.692229,0.797983,0.719675,0.778940,0.806290,0.798088,0.862363,0.859857,0.825699,0.892410,0.773914,0.696547,0.576372,0.406094,0.202649,0.149319,
0.844734,0.646025,0.685218,0.650720,0.630523,0.753981,0.784913,0.723915,0.825031,0.850042,0.923283,0.968419,0.993324,0.936885,0.985540,0.853704,0.762135,0.544362,0.364075,0.214612,0.131999,
0.542364,0.661530,0.789076,0.808426,0.662931,0.780708,0.795972,0.833939,0.993972,1.010701,0.969631,1.045796,0.977431,1.048413,0.977272,0.845731,0.731443,0.544751,0.367670,0.184881,0.152201,
1.185543,1.068506,0.816095,0.779170,0.820520,0.770183,0.801490,1.135827,0.910229,1.097816,1.122165,1.060033,1.110896,1.000515,1.086270,0.820651,0.643513,0.526674,0.299705,0.191772,0.141895,
nan,nan,0.763598,0.679328,nan,0.666211,0.870302,1.215323,0.882867,1.208584,1.669835,1.202303,1.596790,0.885875,1.151438,0.952744,0.746683,0.312449,0.319743,0.220952,0.204174,
nan,0.801612,0.748876,0.744621,0.695428,0.745686,0.887813,0.778782,0.634261,0.631730,0.541866,0.528797,0.588214,0.534424,0.406520,0.355713,0.309065,0.260199,0.128406,0.112922,0.058729,
0.748158,0.831752,0.767063,0.780758,0.720606,0.747719,0.722842,0.740308,0.682466,0.661884,0.610544,0.579354,0.559223,0.498585,0.417262,0.347687,0.292833,0.246497,0.174018,0.118595,0.117390,
0.850279,0.767395,0.744147,0.778202,0.737249,0.728166,0.694640,0.691830,0.674660,0.656383,0.626976,0.556993,0.534249,0.475315,0.439280,0.405828,0.304330,0.242586,0.186334,0.116592,0.095239,
0.747424,0.825307,0.738225,0.702287,0.742301,0.700354,0.668347,0.669875,0.643795,0.635617,0.604285,0.542721,0.520155,0.463532,0.441851,0.379576,0.318492,0.255009,0.195475,0.131258,0.077200,
0.743146,0.795755,0.720897,0.656387,0.688854,0.703164,0.660605,0.623423,0.654363,0.565191,0.561337,0.549408,0.501721,0.485290,0.411247,0.379722,0.282571,0.238901,0.185390,0.119616,0.113182,
0.670702,0.746132,0.695557,0.655720,0.673903,0.634811,0.603470,0.590057,0.572179,0.556806,0.544321,0.508467,0.487474,0.440182,0.416600,0.401151,0.330682,0.285541,0.180888,0.126619,0.126760,
0.674017,0.736173,0.599936,0.574956,0.627775,0.604323,0.563241,0.560548,0.556352,0.535325,0.530660,0.506997,0.525297,0.483714,0.431961,0.371465,0.311917,0.260152,0.181992,0.106540,0.077041,
0.613481,0.628336,0.538758,0.599432,0.599996,0.558992,0.552817,0.544243,0.532576,0.548642,0.503009,0.488433,0.466298,0.446751,0.424552,0.406212,0.338387,0.276696,0.200166,0.133927,0.100965,
0.499579,0.542880,0.534614,0.540692,0.530202,0.512133,0.520965,0.535147,0.558029,0.535389,0.535604,0.507930,0.484507,0.452467,0.451172,0.405949,0.333892,0.263562,0.184308,0.116369,0.091043,
0.496718,0.521199,0.501101,0.524046,0.510613,0.555338,0.507238,0.502215,0.526594,0.551159,0.526951,0.515542,0.518093,0.474578,0.467297,0.432013,0.348730,0.297872,0.209884,0.150108,0.114253,
0.647894,0.483947,0.533075,0.506424,0.508017,0.606174,0.539758,0.527478,0.514508,0.533426,0.593361,0.528173,0.535633,0.561453,0.507098,0.476057,0.445525,0.349504,0.252658,0.153146,0.108632,
0.513481,0.473727,0.514081,0.520406,0.638114,0.537495,0.595781,0.583681,0.610560,0.559432,0.610466,0.579971,0.588103,0.597714,0.570807,0.499217,0.439153,0.383223,0.269004,0.192641,0.162800,
0.691731,0.552686,0.531585,0.583136,0.691123,0.564544,0.634902,0.642867,0.640317,0.640767,0.653960,0.681666,0.647354,0.678361,0.685639,0.588252,0.490840,0.395927,0.397535,0.197462,0.125981,
0.541849,0.574806,0.578091,0.638202,0.708662,0.611780,0.662619,0.702508,0.672698,0.706390,0.726119,0.729000,0.693074,0.719567,0.758831,0.652715,0.682039,0.467428,0.319910,0.198623,0.142412,
0.547484,0.694324,0.670381,0.644804,0.650966,0.709038,0.698843,0.735475,0.766398,0.784822,0.787251,0.796524,0.844973,0.820700,0.780670,0.753760,0.626216,0.514413,0.508812,0.227365,0.130102,
0.588706,0.627159,0.629070,0.614554,0.719233,0.734900,0.767549,0.888249,0.812381,0.844269,0.847853,0.890011,0.883276,0.893156,0.865222,0.801026,0.653556,0.519941,0.342398,0.202472,0.139579,
0.442560,0.782442,0.682713,1.084481,0.664077,0.879188,0.794266,0.851288,0.845222,0.930777,0.917920,0.920778,1.015993,1.008116,0.909849,0.864888,0.675948,0.494161,0.374982,0.226038,0.133889,
2.916776,0.925609,0.819902,0.724504,0.797907,0.710186,0.824713,0.843586,0.917454,0.902442,0.977550,1.088692,1.026003,1.016915,0.930768,0.749419,0.812904,0.538875,0.357868,0.220248,0.135770,
nan,0.856496,0.605912,nan,0.839407,0.723351,1.146037,1.143965,0.734526,0.879225,1.025937,1.000357,1.052171,1.194905,0.949594,0.854340,0.525254,0.353769,0.255426,0.175833,0.042640,
nan,0.773952,1.187335,0.727225,0.783404,0.723822,0.713776,0.745826,0.678783,0.960719,0.559833,0.584071,0.581196,0.611290,0.470556,0.320372,0.550850,0.283937,0.147990,0.143278,0.052093,
0.750469,0.736530,0.784720,0.779449,0.724444,0.730628,0.769659,0.773814,0.671309,0.610934,0.640568,0.587438,0.553787,0.517954,0.425938,0.346711,0.336535,0.240880,0.166743,0.095988,0.097621,
0.788338,0.820972,0.753798,0.834357,0.747056,0.762830,0.718490,0.675335,0.700509,0.632350,0.600622,0.579232,0.519001,0.482448,0.427075,0.393330,0.331069,0.254020,0.182892,0.113210,0.084227,
0.837168,0.753759,0.749032,0.700332,0.726018,0.711951,0.674692,0.688888,0.645860,0.602080,0.616486,0.548265,0.520689,0.454648,0.412393,0.382013,0.308023,0.232553,0.178915,0.131712,0.112968,
0.700329,0.683538,0.716409,0.697854,0.728387,0.654834,0.645353,0.629120,0.598921,0.569368,0.545039,0.555902,0.498294,0.451395,0.429809,0.373155,0.319226,0.238621,0.192135,0.152443,0.085500,
0.711776,0.660859,0.651658,0.627349,0.660679,0.651997,0.606476,0.576644,0.584055,0.582723,0.560302,0.527198,0.515434,0.466282,0.403192,0.375706,0.315753,0.229701,0.185760,0.104986,0.094518,
0.716978,0.654020,0.627495,0.682672,0.616046,0.588654,0.571448,0.548336,0.569056,0.542616,0.514255,0.494442,0.468234,0.438400,0.444649,0.376517,0.299896,0.265536,0.204539,0.131658,0.077907,
0.551761,0.596817,0.573762,0.576033,0.559575,0.530217,0.528020,0.575866,0.549942,0.526002,0.523794,0.498751,0.475059,0.446812,0.423866,0.377014,0.323605,0.249981,0.180983,0.104868,0.100210,
0.548393,0.519351,0.538453,0.514556,0.529968,0.574887,0.548558,0.503480,0.532092,0.522697,0.504225,0.486461,0.495333,0.442115,0.427347,0.386300,0.328672,0.258303,0.200352,0.142810,0.094971,
0.573804,0.499750,0.520611,0.479233,0.515662,0.528936,0.527980,0.524927,0.532189,0.505014,0.533961,0.483083,0.509839,0.521948,0.462849,0.418696,0.385379,0.279379,0.208291,0.152760,0.109417,
0.533260,0.554766,0.533516,0.517854,0.507997,0.509963,0.546024,0.523965,0.568953,0.497701,0.548139,0.542062,0.526909,0.497447,0.504023,0.446074,0.381856,0.354650,0.238111,0.163148,0.108864,
0.469675,0.522526,0.521024,0.557751,0.519639,0.521505,0.556661,0.574235,0.582838,0.551147,0.579220,0.616561,0.578513,0.564006,0.603602,0.486881,0.434371,0.349408,0.279043,0.187583,0.116418,
0.502811,0.494118,0.518001,0.583273,0.548297,0.535613,0.622547,0.589686,0.625922,0.618317,0.635769,0.597195,0.613680,0.632918,0.614892,0.577304,0.617479,0.400345,0.304455,0.233074,0.136509,
4.739152,0.667389,0.522794,0.597581,0.564798,0.602033,0.697262,0.732701,0.698673,0.682411,0.657878,0.679833,0.713040,0.687558,0.666624,0.627907,0.534687,0.429770,0.307909,0.177117,0.123433,
0.872990,0.612892,0.578954,0.690551,0.629379,0.707657,0.733103,0.700509,0.793780,0.739473,0.746274,0.743812,0.736225,0.799544,0.751775,0.693946,0.585288,0.503177,0.549083,0.241034,0.132149,
0.709583,0.686113,0.832773,0.657219,0.785707,0.835147,0.750240,0.801871,0.832673,0.768582,0.832788,0.827795,0.862816,0.920215,0.801624,0.776251,0.628054,0.476995,0.362239,0.221392,0.124821,
nan,0.859074,0.768239,0.709897,0.705384,0.805511,0.800026,0.848614,0.806837,0.906951,0.955423,0.910137,0.967386,0.944965,0.949234,0.743296,0.673546,0.544937,0.388346,0.232474,0.126648,
nan,0.832453,0.613598,0.744257,0.687423,0.842809,0.956267,0.883893,0.805255,0.928904,0.957828,0.987155,1.024006,0.991884,0.802873,0.750031,0.621647,0.441410,0.281000,0.309344,0.074373,
nan,0.770749,0.842018,0.352801,0.752347,nan,0.880328,0.775295,0.849741,0.990395,0.995397,1.124799,1.316441,1.037652,1.019529,0.722868,0.407869,0.521414,0.168182,0.236165,0.032154,
nan,0.726660,0.740454,0.962211,0.789916,0.671989,0.660231,0.657798,0.641905,0.557598,0.632974,0.564624,0.534835,0.393402,0.421140,0.356656,0.397787,0.263265,0.123029,0.116161,0.047556,
0.898611,0.887545,0.738887,0.746858,0.734482,0.731054,0.697981,0.717755,0.722027,0.620246,0.559208,0.566311,0.534446,0.519205,0.433508,0.353740,0.301462,0.214721,0.150398,0.128598,0.072495,
0.787013,0.778284,0.773430,0.754575,0.746564,0.716836,0.696439,0.674977,0.661157,0.636150,0.577154,0.557227,0.499964,0.463130,0.461112,0.374228,0.321154,0.272697,0.172812,0.113801,0.074323,
0.844442,0.738272,0.751577,0.733726,0.719085,0.756754,0.682345,0.649553,0.685394,0.609169,0.568721,0.530778,0.499259,0.524382,0.404925,0.374014,0.301780,0.232598,0.171707,0.124158,0.109114,
0.785999,0.808604,0.718585,0.686557,0.689028,0.673020,0.636386,0.620042,0.616562,0.569042,0.581736,0.522886,0.500215,0.463350,0.419036,0.389543,0.312243,0.280855,0.158370,0.105111,0.080253,
0.759790,0.641219,0.672068,0.699089,0.652412,0.637235,0.630303,0.580970,0.617830,0.569974,0.529947,0.523212,0.509035,0.457547,0.415684,0.341226,0.304263,0.266617,0.172292,0.134258,0.104192,
0.567296,0.612586,0.616278,0.616275,0.598618,0.579032,0.565546,0.613080,0.561142,0.551302,0.532509,0.502806,0.462993,0.459392,0.418630,0.398881,0.321232,0.251039,0.162990,0.105025,0.078804,
0.611167,0.569357,0.560112,0.570798,0.555995,0.600108,0.583454,0.521942,0.514977,0.532031,0.531523,0.479610,0.461496,0.430841,0.422712,0.383877,0.301843,0.247552,0.183756,0.129201,0.090915,
0.461516,0.575946,0.518321,0.536297,0.549924,0.546550,0.525656,0.509198,0.541729,0.506808,0.505179,0.476288,0.468371,0.470791,0.439589,0.399145,0.335410,0.249659,0.179511,0.122100,0.094705,
0.614540,0.581299,0.487100,0.532255,0.524279,0.500450,0.517430,0.502579,0.536909,0.499913,0.509171,0.493752,0.461316,0.456026,0.447080,0.395662,0.352765,0.298841,0.232048,0.138577,0.095950,
0.552572,0.521553,0.499118,0.542209,0.547421,0.499203,0.502743,0.566806,0.527851,0.528370,0.528826,0.529332,0.563323,0.507582,0.508476,0.464460,0.376919,0.323912,0.231824,0.180995,0.113706,
0.580596,0.523938,0.563675,0.567345,0.565686,0.537156,0.523334,0.626824,0.553625,0.569561,0.555471,0.530207,0.583351,0.511320,0.524483,0.479650,0.444248,0.326612,0.262626,0.179955,0.124795,
0.657281,0.504350,0.555422,0.588576,0.636304,0.568482,0.573566,0.595257,0.591587,0.609818,0.587228,0.611880,0.615568,0.615246,0.570164,0.527408,0.528495,0.370300,0.278099,0.210274,0.104379,
0.396013,0.557940,0.608796,0.626111,0.704688,0.616877,0.614237,0.602123,0.667343,0.634287,0.692750,0.626350,0.641421,0.670124,0.666307,0.585890,0.542874,0.423737,0.310811,0.198333,0.121638,
0.757682,0.744907,0.600569,0.636823,0.649359,0.646359,0.652950,0.663206,0.727077,0.697948,0.725314,0.759726,0.756704,0.769957,0.727228,0.608406,0.562176,0.451685,0.404111,0.192998,0.136535,
0.954105,0.557027,0.673678,0.773445,0.750878,0.699262,0.726748,0.673105,0.836186,0.729611,0.806721,0.902473,0.930197,0.818590,0.768199,0.727855,0.577162,0.496553,0.334431,0.227275,0.126229,
0.656574,0.614011,0.707711,0.750977,0.717563,0.790003,0.765365,0.832599,0.872335,0.909244,0.828515,0.916454,0.866534,0.807624,0.849638,0.680247,0.662778,0.454706,0.342232,0.224865,0.128250,
0.750009,0.554276,0.630539,0.760142,0.715974,0.910283,0.879941,0.805886,0.832436,0.866146,1.057955,1.278955,0.958809,0.848214,0.784495,0.713631,0.757015,0.471308,0.245575,0.277803,0.079845,
nan,1.482807,nan,1.191574,0.600573,0.871775,nan,0.926635,nan,1.053208,0.762376,0.871495,0.863798,0.715412,0.700496,0.737317,0.495782,0.415849,0.201324,0.174864,0.070614,
nan,0.737813,0.873121,0.711971,0.834413,0.682592,0.714406,0.677347,0.701296,0.684608,0.507718,0.575426,0.514938,0.521768,0.582808,0.365073,0.343967,0.284243,0.215869,0.124434,0.070129,
0.807106,0.772843,0.778000,0.767099,0.752916,0.708104,0.692257,0.674572,0.804753,0.668352,0.586662,0.574801,0.535328,0.494961,0.450761,0.337074,0.307753,0.233348,0.176232,0.131746,0.071847,
0.631210,0.788985,0.796425,0.726249,0.754542,0.717893,0.722068,0.702496,0.647395,0.651448,0.595519,0.561196,0.516217,0.465512,0.431028,0.368265,0.282262,0.265787,0.158157,0.105997,0.051156,
0.674767,0.756947,0.771240,0.704009,0.728110,0.688566,0.690862,0.669570,0.612366,0.592326,0.562422,0.547746,0.493957,0.482449,0.462115,0.377432,0.304181,0.281793,0.222665,0.129224,0.098027,
0.683602,0.723454,0.685415,0.704107,0.698857,0.663228,0.657432,0.635068,0.620050,0.597840,0.565452,0.559274,0.531245,0.446503,0.394322,0.373533,0.294165,0.218903,0.178515,0.115368,0.103367,
0.616286,0.737268,0.622493,0.641054,0.638538,0.620540,0.598565,0.581110,0.575397,0.574175,0.548760,0.500727,0.476246,0.441671,0.426204,0.386487,0.311441,0.257200,0.182481,0.128332,0.081260,
0.600494,0.627061,0.579342,0.595146,0.591450,0.615705,0.597916,0.550757,0.540549,0.557344,0.562922,0.508375,0.477154,0.425972,0.398774,0.349571,0.294825,0.229776,0.188035,0.126786,0.080840,
0.553012,0.544676,0.556776,0.558376,0.590352,0.589591,0.529695,0.539577,0.551711,0.523881,0.516241,0.496821,0.482315,0.415756,0.412699,0.369591,0.323055,0.226776,0.164274,0.110150,0.100897,
0.542323,0.506721,0.525428,0.527649,0.534132,0.518375,0.510000,0.546882,0.513738,0.492927,0.494876,0.490162,0.462886,0.469195,0.428316,0.370929,0.326246,0.269562,0.191259,0.120231,0.086790,
0.553477,0.498264,0.525736,0.491951,0.504332,0.523649,0.496171,0.536616,0.507265,0.507139,0.482939,0.511917,0.500156,0.449586,0.443302,0.396198,0.331425,0.278525,0.222964,0.136794,0.083019,
0.596833,0.489003,0.481295,0.526872,0.496941,0.517081,0.482112,0.527477,0.489651,0.536934,0.500434,0.497848,0.515949,0.480905,0.459615,0.434267,0.351765,0.299830,0.206077,0.151204,0.108378,
0.697680,0.532604,0.536950,0.554066,0.555928,0.549389,0.506752,0.565825,0.544105,0.517265,0.533678,0.533106,0.549744,0.551156,0.491576,0.461317,0.419679,0.374184,0.245326,0.140717,0.101597,
0.668667,0.578878,0.569080,0.569612,0.584578,0.593514,0.543912,0.607713,0.574746,0.586834,0.564109,0.577160,0.564672,0.618438,0.585053,0.522972,0.450071,0.366200,0.272314,0.155637,0.115017,
0.503334,0.613021,0.582855,0.608770,0.666276,0.569243,0.588989,0.649939,0.620231,0.617283,0.643148,0.655155,0.654175,0.690636,0.594550,0.501698,0.487836,0.385128,0.473764,0.194615,0.121503,
0.508628,0.662917,0.668253,0.685529,0.727385,0.624195,0.667876,0.725365,0.650164,0.737083,0.707108,0.737966,0.777090,0.877103,0.703599,0.651747,0.536152,0.416467,0.314433,0.204805,0.128780,
0.642388,0.642764,0.682156,0.691314,0.680306,0.748364,0.696091,0.763946,0.750417,0.807846,0.798775,0.753661,0.958555,0.734155,0.728183,0.637386,0.587631,0.471381,0.323207,0.204124,0.165339,
0.858175,0.656866,0.619576,0.655704,0.773307,0.627849,0.710057,0.888592,0.793878,0.822301,0.802182,0.816042,0.876459,0.849231,0.732556,0.684129,0.588283,0.494618,0.359339,0.189969,0.153724,
0.562298,0.565556,0.653697,0.799073,0.690850,0.833297,0.962349,1.394540,0.859618,0.867130,0.795396,0.849153,0.823292,0.841798,0.718937,0.664411,0.551989,0.396515,0.266444,0.195629,0.093775,
nan,nan,nan,0.548879,0.815574,0.708969,0.557844,0.480885,0.755957,0.894140,1.167568,0.848656,0.835331,0.859373,0.931156,0.580276,0.597857,0.417728,0.214265,0.356465,0.053877,
nan,0.912217,0.802076,0.795011,0.720793,0.702969,0.824770,0.699431,0.636286,0.623664,0.552377,0.591215,0.531622,0.482256,0.344456,0.344549,0.326204,0.202881,0.158453,0.100989,0.049403,
0.923338,0.795204,0.785471,0.722054,0.755273,0.740909,0.726749,0.710815,0.678830,0.611299,0.603241,0.610095,0.583923,0.513700,0.412092,0.379517,0.319438,0.328991,0.191159,0.134318,0.071940,
0.838089,0.749032,0.751566,0.751396,0.726056,0.725413,0.656270,0.697164,0.658266,0.643962,0.620953,0.551953,0.513556,0.449298,0.423512,0.355412,0.313559,0.237689,0.184360,0.121652,0.261678,
0.704574,0.732529,0.721089,0.725507,0.733374,0.829201,0.656590,0.659672,0.624002,0.609822,0.596983,0.544617,0.525402,0.451674,0.435401,0.381662,0.321737,0.239734,0.169571,0.125198,0.080635,
0.644984,0.658275,0.659036,0.676334,0.695556,0.668219,0.659122,0.613988,0.615898,0.597160,0.593886,0.549495,0.495904,0.449237,0.413073,0.352682,0.295228,0.277785,0.193341,0.147615,0.093892,
0.557885,0.641650,0.634419,0.641353,0.627854,0.638494,0.616865,0.663747,0.599642,0.559962,0.544876,0.545938,0.488124,0.464160,0.414153,0.369380,0.290472,0.230876,0.155869,0.105794,0.087278,
0.653508,0.618731,0.572990,0.598666,0.606484,0.614798,0.573408,0.575986,0.556671,0.542937,0.525307,0.482275,0.442017,0.435888,0.405134,0.391763,0.315077,0.256403,0.158816,0.098796,0.054650,
0.525064,0.583515,0.544616,0.556588,0.544172,0.538640,0.518559,0.557662,0.516331,0.500204,0.479454,0.500950,0.469260,0.430354,0.394871,0.372147,0.308096,0.231095,0.189083,0.137068,0.071356,
0.452982,0.524369,0.516928,0.532873,0.509052,0.518150,0.529166,0.520670,0.494629,0.494107,0.477964,0.489973,0.460261,0.423563,0.421959,0.388946,0.341277,0.232433,0.194059,0.134421,0.090491,
0.513097,0.547466,0.494105,0.509325,0.501925,0.492535,0.514389,0.501416,0.485294,0.521509,0.464253,0.503937,0.549870,0.457444,0.425870,0.393236,0.311541,0.269455,0.187209,0.123545,0.082387,
0.617333,0.480437,0.527184,0.495331,0.507664,0.495341,0.561072,0.493041,0.555013,0.491218,0.495353,0.467511,0.497521,0.503827,0.458576,0.423689,0.380344,0.270111,0.210184,0.156128,0.106435,
0.509927,0.523827,0.496439,0.549264,0.502474,0.538046,0.586941,0.530775,0.541898,0.555202,0.508148,0.534145,0.512359,0.512562,0.490232,0.430622,0.393143,0.320903,0.241431,0.180179,0.097201,
0.631780,0.624102,0.556899,0.541586,0.551778,0.578916,0.593421,0.558190,0.561111,0.584875,0.603966,0.575591,0.557606,0.561974,0.556515,0.445349,0.439136,0.361104,0.265407,0.164390,0.120118,
0.650332,0.588277,0.593631,0.600151,0.617790,0.620691,0.589800,0.624071,0.598043,0.701603,0.624553,0.647017,0.675363,0.784816,0.603974,0.535655,0.448542,0.343303,0.389817,0.189916,0.145137,
1.057265,0.573654,0.604280,0.665934,0.595960,0.688800,0.665839,0.667890,0.670592,0.711717,0.676189,0.712492,0.666435,0.652834,0.639555,0.565026,0.489344,0.403131,0.312377,0.211238,0.116569,
0.573918,0.610009,0.680684,0.637225,0.761979,0.710090,0.713319,0.726547,0.773263,0.702446,0.746919,0.721937,0.775817,0.715951,0.682232,0.612267,0.521454,0.454183,0.291837,0.213459,0.163256,
1.368345,0.569254,0.656525,0.713001,0.771698,0.719527,0.633949,0.791138,0.792973,0.711594,0.931830,0.728348,0.755736,0.761291,0.716509,0.637074,0.541714,0.476400,0.327210,0.173954,0.101497,
0.416829,0.669845,0.714410,0.991239,0.669987,0.819612,0.796894,0.960780,0.768912,0.836586,0.765786,0.764363,0.778367,0.818335,0.693437,0.654487,0.525520,0.438776,0.261032,0.214523,0.295775,
nan,0.685403,0.518521,nan,0.721877,nan,0.533738,0.860227,0.972270,0.780544,0.860676,0.903769,0.726687,0.772062,0.889798,0.622491,0.491986,0.350188,0.233272,0.272310,0.059202,
nan,0.828981,0.835408,0.746100,0.720666,0.746231,0.653960,0.673291,0.686313,0.712336,0.593453,0.662632,0.501616,0.506989,0.397232,0.362511,0.294593,0.220469,0.147340,0.094802,0.063010,
0.697097,0.797507,0.754461,0.765977,0.724645,0.745970,0.753383,0.696017,0.709002,0.651412,0.625876,0.604445,0.533992,0.451928,0.432152,0.420765,0.324034,0.254482,0.169336,0.111128,0.091535,
0.811932,0.754675,0.766969,0.759384,0.747996,0.741271,0.689390,0.692542,0.637816,0.639609,0.609761,0.547752,0.513851,0.485265,0.401447,0.357222,0.331426,0.230472,0.175250,0.120501,0.081149,
0.743031,0.740951,0.706535,0.746695,0.731341,0.685979,0.701936,0.689242,0.700252,0.632324,0.587735,0.538757,0.529577,0.464361,0.400224,0.373980,0.289735,0.244938,0.163076,0.102910,nan,
0.631992,0.737691,0.670549,0.682744,0.667173,0.640373,0.640095,0.604232,0.580556,0.565868,0.554687,0.525521,0.521885,0.464023,0.405521,0.399688,0.323091,0.252873,0.153110,0.117593,0.058190,
0.653111,0.668787,0.617858,0.625123,0.626899,0.635357,0.638925,0.579264,0.580535,0.581249,0.570562,0.517398,0.473703,0.424741,0.419395,0.373571,0.319868,0.287699,0.189864,0.133816,0.088066,
0.617300,0.615249,0.601423,0.589503,0.596758,0.585272,0.548948,0.583020,0.537759,0.524868,0.515660,0.492793,0.483960,0.441865,0.402567,0.338745,0.287454,0.210727,0.159024,0.127405,0.084958,
0.553589,0.591305,0.563722,0.581170,0.554323,0.535369,0.556860,0.539769,0.529382,0.530292,0.493741,0.482070,0.436999,0.442837,0.403044,0.357788,0.325254,0.220335,0.144873,0.115339,0.083380,
0.605152,0.538475,0.520765,0.526643,0.537859,0.521448,0.514530,0.505592,0.513021,0.555382,0.451449,0.491968,0.480902,0.416368,0.424641,0.349798,0.307026,0.267933,0.198660,0.099886,0.117493,
0.596925,0.485507,0.514799,0.491825,0.503136,0.508160,0.531771,0.503449,0.526902,0.473711,0.459170,0.481229,0.498261,0.444825,0.422893,0.379369,0.298994,0.265977,0.201575,0.117483,0.088250,
0.549722,0.520132,0.508643,0.499661,0.495648,0.513625,0.519161,0.495273,0.487925,0.506786,0.480665,0.495110,0.470801,0.475478,0.418716,0.405418,0.365450,0.274467,0.208461,0.161868,0.091088,
0.461041,0.518972,0.559902,0.491703,0.507469,0.536315,0.552730,0.520874,0.520067,0.528562,0.549398,0.528690,0.505512,0.479080,0.506383,0.415457,0.352227,0.321801,0.238522,0.167403,0.105090,
0.671351,0.510448,0.565091,0.559747,0.544298,0.557484,0.557200,0.583291,0.528183,0.623901,0.563553,0.582677,0.541955,0.642560,0.512579,0.445901,0.371757,0.332337,0.209923,0.155442,0.112970,
0.664370,0.510715,0.654931,0.592733,0.600088,0.639631,0.605743,0.585180,0.627428,0.587690,0.620266,0.704607,0.622253,0.584207,0.546218,0.522890,0.462612,0.337905,0.310298,0.188468,0.196329,
0.467879,0.591696,0.604752,0.638581,0.593151,0.696180,0.623858,0.599464,0.724401,0.610439,0.705411,0.664425,0.640094,0.684799,0.588608,0.525468,0.459299,0.364298,0.303487,0.186639,0.130121,
0.576182,0.665205,0.694837,0.644220,0.740882,0.751463,0.620029,0.671223,0.703453,0.724388,0.732992,0.687687,0.710013,0.682122,0.701990,0.562242,0.512208,0.489420,0.276452,0.219627,0.120520,
0.454580,0.758853,0.670245,0.654961,0.738350,0.812384,0.706786,0.721273,0.735673,0.736159,0.774004,0.727510,0.703422,0.754396,0.709070,0.536414,0.524986,0.414464,0.304877,0.164073,0.134160,
nan,0.666460,0.740636,0.645720,0.695693,0.764106,0.869364,0.784095,0.825058,0.717974,0.758435,0.749080,0.793650,0.707446,0.742951,0.583807,0.524384,0.455743,0.267488,0.263204,0.101800,
nan,0.567707,0.431226,nan,nan,0.585952,0.753395,nan,0.903810,0.657785,1.184094,0.751941,0.727685,0.639648,0.673403,0.557811,0.485748,0.298450,0.299634,0.140192,1.083522,
nan,0.753219,0.758388,0.845770,0.719550,0.777151,0.718257,0.675447,0.746915,0.769719,0.513512,0.623503,0.540730,0.530883,0.404936,0.366325,0.234112,0.246747,0.213105,0.143579,0.050625,
0.738177,0.788552,0.806981,0.745407,0.760731,0.751565,0.685892,0.703496,0.673312,0.640428,0.633687,0.582240,0.538179,0.493950,0.455683,0.388093,0.286000,0.277931,0.201775,0.109120,0.087543,
0.707542,0.714238,0.792462,0.739637,0.753935,0.731546,0.690796,0.675064,0.647237,0.616702,0.612336,0.548956,0.540343,0.463748,0.416652,0.412334,0.335547,0.283061,0.200755,0.137018,0.115734,
0.714259,0.760567,0.708915,0.722158,0.736721,0.713379,0.706466,0.662696,0.649933,0.600571,0.566384,0.566091,0.509136,0.470978,0.399870,0.366809,0.267876,0.224289,0.167075,0.129415,0.094239,
0.687220,0.664772,0.691263,0.671136,0.671084,0.658825,0.641641,0.697330,0.606143,0.596895,0.601000,0.548701,0.500772,0.459920,0.398635,0.351225,0.312180,0.219081,0.156860,0.121310,0.090007,
0.559493,0.641911,0.650639,0.650374,0.639869,0.649036,0.618301,0.614323,0.572398,0.562378,0.545698,0.509118,0.464636,0.455532,0.408112,0.390557,0.310927,0.242569,0.159887,0.094943,0.058806,
0.666848,0.611287,0.595033,0.618690,0.585342,0.587165,0.590689,0.549415,0.557644,0.547617,0.507220,0.493313,0.453328,0.404312,0.374273,0.379875,0.313035,0.248659,0.155631,0.099858,nan,
0.620289,0.571020,0.550090,0.536892,0.574988,0.556376,0.538966,0.533072,0.551768,0.571326,0.508622,0.477350,0.461630,0.422353,0.415872,0.359854,0.278253,0.239592,0.178300,0.120686,0.062369,
0.505200,0.496733,0.521489,0.511129,0.494987,0.540346,0.500788,0.512247,0.513432,0.494987,0.494869,0.482111,0.486669,0.402208,0.420288,0.358318,0.297072,0.225333,0.201041,0.121069,0.071497,
0.437951,0.503929,0.502229,0.493177,0.493628,0.521272,0.511420,0.492902,0.500094,0.486503,0.469353,0.464194,0.451862,0.434104,0.392591,0.376222,0.281843,0.237674,0.220742,0.128831,0.080229,
0.439041,0.481781,0.501964,0.507356,0.512982,0.508356,0.552700,0.521621,0.473400,0.499865,0.490046,0.479656,0.475654,0.447611,0.429801,0.363581,0.368677,0.248514,0.198996,0.186743,0.110656,
0.418426,0.522458,0.523177,0.524049,0.560077,0.520615,0.544465,0.542708,0.541439,0.575661,0.518692,0.545696,0.491657,0.536740,0.490524,0.389856,0.371308,0.305989,0.179203,0.168350,0.098705,
0.583553,0.553714,0.519156,0.564362,0.600128,0.536430,0.559871,0.550998,0.611915,0.559565,0.564361,0.592997,0.541549,0.513465,0.519498,0.446823,0.385222,0.322016,0.215471,0.149166,0.116084,
0.393888,0.623474,0.538976,0.591408,0.639824,0.584757,0.610385,0.595740,0.588623,0.582423,0.575282,0.592974,0.584820,0.593150,0.527508,0.468090,0.427723,0.324372,0.275929,0.180885,0.108766,
0.697437,0.751047,0.608832,0.781039,0.619713,0.655121,0.676798,0.636206,0.624150,0.666837,0.672051,0.632755,0.690579,0.622868,0.585481,0.524154,0.449942,0.341655,0.289627,0.194703,0.130261,
0.661978,0.592992,0.678142,0.662541,0.622662,0.724410,0.732119,0.658022,0.652887,0.663924,0.699578,0.701530,0.675075,0.672873,0.683323,0.492185,0.473997,0.428066,0.247759,0.216291,0.122781,
0.833109,0.575802,0.732589,0.818318,0.692455,0.753959,0.791466,0.675933,0.731426,0.694052,0.718712,0.696323,0.680944,0.759952,0.678017,0.592070,0.459302,0.409316,0.277845,0.187974,0.120039,
nan,0.784059,0.604420,0.633302,1.396779,0.652502,0.796145,0.687930,0.705719,0.700665,0.742241,0.756948,0.725965,0.662544,0.627502,0.616344,0.563319,0.423093,0.306767,0.182213,0.107722,
nan,nan,0.791923,0.664768,nan,nan,0.848083,0.786775,0.775774,0.756835,0.563221,0.626143,0.751925,0.948049,0.618638,0.500674,0.526793,0.461856,0.219536,0.216848,0.374923,
nan,0.910916,0.706164,0.758841,0.725959,0.662178,0.722896,0.769720,0.796793,0.656824,0.539266,0.566476,0.506065,0.421739,0.403531,0.387518,0.281911,0.288183,0.266021,0.115065,0.526026,
0.776580,0.751707,0.801875,0.751736,0.924748,0.767927,0.694086,0.696627,0.702531,0.665025,0.591270,0.549921,0.532649,0.467344,0.480743,0.397378,0.303326,0.233410,0.186764,0.131196,0.068997,
0.696435,0.738214,0.757272,0.755314,0.729352,0.751545,0.714506,0.688486,0.649784,0.647288,0.596650,0.568503,0.523008,0.472369,0.452875,0.381890,0.317830,0.253428,0.183884,0.135090,0.069510,
0.788928,0.691691,0.728358,0.720016,0.696945,0.678757,0.664929,0.649757,0.624577,0.597706,0.617110,0.521256,0.537653,0.471758,0.446279,0.377720,0.311223,0.267070,0.218029,0.128793,0.105295,
0.696001,0.712644,0.685804,0.691206,0.669949,0.653800,0.709650,0.619444,0.639478,0.588787,0.549848,0.547924,0.497768,0.434226,0.402009,0.355796,0.301448,0.278862,0.192771,0.130584,0.089989,
0.596944,0.676453,0.669050,0.658370,0.644635,0.663215,0.616179,0.585120,0.586127,0.555319,0.583843,0.537547,0.481161,0.424077,0.399396,0.358122,0.290161,0.231119,0.171725,0.123073,0.079940,
0.591048,0.597728,0.623587,0.581403,0.609631,0.597833,0.571195,0.562996,0.556307,0.529074,0.482151,0.492728,0.484186,0.443914,0.376845,0.338519,0.283525,0.223889,0.158355,0.121248,0.081054,
0.555876,0.550379,0.552518,0.558429,0.557976,0.563663,0.540975,0.530645,0.521362,0.539146,0.502828,0.478841,0.458030,0.422620,0.409926,0.365984,0.312144,0.222630,0.154297,0.131558,0.077042,
0.702722,0.525961,0.530641,0.530597,0.533240,0.524196,0.525874,0.497140,0.525373,0.480212,0.447493,0.479746,0.448784,0.413786,0.382075,0.366129,0.290539,0.238081,0.165802,0.125713,0.104864,
0.514980,0.512322,0.499402,0.511345,0.538861,0.492803,0.514516,0.546320,0.460224,0.481420,0.472495,0.452873,0.455294,0.421793,0.402308,0.358959,0.286927,0.235755,0.173139,0.130064,0.085225,
0.469873,0.506158,0.484214,0.512891,0.533319,0.495353,0.527633,0.498828,0.502209,0.508208,0.495896,0.492504,0.448764,0.419384,0.423507,0.362199,0.310944,0.254555,0.190700,0.157690,0.105666,
0.604924,0.458890,0.503344,0.542882,0.541508,0.536595,0.553335,0.503797,0.508752,0.536775,0.472504,0.541361,0.497906,0.504086,0.451696,0.390280,0.355823,0.295116,0.203326,0.171179,0.088042,
0.810564,0.601379,0.537933,0.583671,0.556583,0.609012,0.586584,0.550727,0.557344,0.527057,0.538220,0.539954,0.555781,0.533604,0.449654,0.430673,0.381407,0.281094,0.215527,0.150342,0.100387,
4.617856,0.577267,0.661515,0.567474,0.614154,0.661993,0.647395,0.560573,0.590415,0.578386,0.563477,0.566898,0.597267,0.589091,0.496947,0.427705,0.392416,0.346130,0.245078,0.184919,0.201792,
nan,0.593356,0.609256,0.604255,0.664419,0.748034,0.670706,0.645193,0.618954,0.619839,0.617245,0.640698,0.686067,0.598664,0.620938,0.509655,0.420483,0.327283,0.265933,0.186884,0.107739,
nan,0.655302,0.665385,0.720986,0.621653,0.735877,0.735122,0.675106,0.691434,0.678539,0.661111,0.646155,0.620733,0.653204,0.633614,0.581443,0.470299,0.420818,0.263510,0.182664,0.124431,
nan,0.733141,0.778426,0.653178,0.615257,0.714755,0.704814,0.721310,0.677705,0.726568,0.689301,0.718671,0.731030,0.671148,0.605927,0.583324,0.509067,0.374375,0.276699,0.204665,0.119621,
nan,0.772838,1.119780,0.785309,0.674486,0.699781,0.597913,0.742875,0.679172,0.724457,0.670146,0.772893,0.746178,0.670508,0.632028,0.622111,0.525192,0.442538,0.313918,0.178168,0.124207,
nan,0.650158,0.556488,1.257755,0.876103,0.699236,0.539912,0.821575,0.678397,0.616902,0.617923,0.635835,0.613655,0.742673,1.306731,0.772394,0.568094,0.329438,0.332479,0.186110,0.139763,
nan,0.778149,0.724423,0.733148,0.675025,0.915045,0.707856,0.679744,0.663440,0.643420,0.580571,0.631094,0.597424,0.452029,0.453203,0.416986,0.356207,0.213315,0.181056,0.092086,0.090138,
0.723372,0.753217,0.765019,0.793727,0.750229,0.778841,0.720464,0.721177,0.753646,0.646564,0.579139,0.570100,0.534846,0.494662,0.488906,0.397208,0.334999,0.230453,0.181640,0.116342,0.069321,
0.871116,0.771871,0.759071,0.730392,0.755840,0.721138,0.688140,0.698163,0.669465,0.648495,0.594760,0.561956,0.513220,0.462525,0.445618,0.360245,0.286310,0.267617,0.179437,0.098685,0.058894,
0.711757,0.730546,0.727862,0.751479,0.722547,0.685200,0.656617,0.624254,0.637542,0.599351,0.579217,0.544461,0.497023,0.455794,0.417996,0.377571,0.313341,0.236170,0.161783,0.114319,0.057745,
0.738810,0.689761,0.725939,0.682833,0.655654,0.672561,0.649882,0.668559,0.590995,0.578898,0.523122,0.521686,0.520128,0.466402,0.409206,0.391475,0.309611,0.260391,0.151103,0.111325,0.062108,
0.591898,0.635324,0.689849,0.626121,0.659468,0.620645,0.595256,0.596636,0.585809,0.578715,0.542778,0.496541,0.434035,0.457890,0.405415,0.360270,0.291090,0.278203,0.163441,0.128665,0.087636,
0.506480,0.600793,0.657597,0.614953,0.612118,0.590891,0.600487,0.570469,0.539272,0.565728,0.538630,0.488441,0.457778,0.419126,0.376732,0.356253,0.310952,0.235293,0.153258,0.095995,nan,
0.507803,0.534659,0.601008,0.601290,0.558913,0.587112,0.547156,0.513738,0.539027,0.513039,0.466965,0.493139,0.467977,0.405423,0.430730,0.328941,0.282283,0.235979,0.165225,0.113437,0.153978,
0.491783,0.499627,0.558771,0.569191,0.537048,0.519049,0.517896,0.511826,0.480085,0.478889,0.475617,0.453842,0.467645,0.413615,0.388358,0.336042,0.284378,0.239500,0.178537,0.102828,0.087188,
0.494845,0.469056,0.527930,0.567711,0.509270,0.504321,0.508899,0.489172,0.451606,0.483453,0.466579,0.460013,0.443404,0.408404,0.389442,0.360856,0.297974,0.239023,0.191581,0.096936,0.088377,
0.564158,0.470161,0.502291,0.535105,0.508591,0.511839,0.517096,0.496190,0.487088,0.506997,0.474192,0.495404,0.434634,0.446687,0.497140,0.351819,0.325990,0.263599,0.185517,0.241383,0.103513,
nan,0.542578,0.506502,0.582459,0.488851,0.533721,0.542427,0.506850,0.527858,0.512932,0.504734,0.520073,0.489385,0.436538,0.441714,0.374460,0.329398,0.272518,0.216017,0.118201,0.092814,
0.621586,0.522166,0.568761,0.579794,0.516966,0.567314,0.554555,0.534574,0.570139,0.536472,0.519107,0.491296,0.535807,0.544511,0.440453,0.431107,0.379121,0.314280,0.212765,0.139871,0.108585,
0.826930,0.525067,0.581746,0.654236,0.539910,0.602412,0.564529,0.597381,0.588512,0.574704,0.571720,0.558889,0.622358,0.568434,0.490724,0.439262,0.391586,0.298279,0.248251,0.168893,0.130002,
nan,0.607182,0.642242,0.669881,0.593387,0.583868,0.665084,0.647600,0.678486,0.592323,0.716492,0.605110,0.603253,0.588551,0.599954,0.467911,0.410073,0.333621,0.259912,0.179358,0.104564,
nan,0.644943,0.603589,0.627803,0.694694,0.717724,0.659765,0.730109,0.725569,0.656779,0.697296,0.620536,0.710068,0.632219,0.610329,0.524270,0.568147,0.385207,0.275377,0.167091,0.110787,
nan,0.728370,0.701781,0.856013,0.744608,0.712362,0.791767,0.634479,0.742714,0.722803,0.767081,0.648955,0.766791,0.614146,0.630683,0.596082,0.545601,0.386003,0.262933,0.211755,0.134763,
nan,0.555934,0.691826,0.643683,0.751165,0.697991,0.628989,0.735780,0.673813,0.651727,0.709695,0.782440,0.752716,0.757140,0.633268,0.508840,0.489883,0.401764,0.298287,0.188616,0.120959,
nan,nan,nan,nan,nan,0.529395,0.952979,0.642320,0.630019,0.673043,0.660358,0.618490,0.715467,0.726686,0.537553,0.614233,0.418716,0.328587,nan,0.210679,0.133252,
nan,0.836110,0.784061,0.727541,0.849092,0.670052,0.693855,0.836302,0.638529,nan,0.840837,0.591839,0.466777,0.475620,0.443581,0.468343,0.346974,0.256881,0.190645,0.113546,nan,
0.802548,0.776285,0.781478,0.744962,0.770003,0.700290,0.676390,0.712723,0.678077,0.653362,0.602758,0.583258,0.532761,0.472842,0.397956,0.369334,0.294474,0.223905,0.157851,0.080972,nan,
0.738141,0.771485,0.740468,0.758004,0.754122,0.842765,0.705345,0.705611,0.649282,0.612340,0.642198,0.559570,0.523286,0.434921,0.444060,0.375085,0.288890,0.234165,0.161930,0.122012,nan,
0.816136,0.736446,0.779250,0.722585,0.744651,0.699527,0.683951,0.664017,0.620209,0.618968,0.574705,0.537835,0.538684,0.486067,0.400922,0.368986,0.281587,0.232247,0.146577,0.100897,nan,
0.720344,0.657066,0.769920,0.688317,0.701359,0.679564,0.665562,0.628563,0.623841,0.593907,0.567213,0.548919,0.476373,0.450406,0.410144,0.345799,0.296426,0.217358,0.146299,0.119427,0.094219,
0.686218,0.630062,0.680257,0.655377,0.640351,0.622610,0.634747,0.603464,0.561940,0.537188,0.538838,0.540574,0.478733,0.443077,0.381154,0.364414,0.274898,0.213636,0.154132,0.107594,0.083314,
0.605335,0.625296,0.647053,0.632811,0.587918,0.622438,0.570238,0.539305,0.574793,0.550668,0.491536,0.485493,0.492137,0.431957,0.370245,0.331099,0.276481,0.212699,0.153899,0.120352,0.076373,
0.543082,0.587204,0.582832,0.559895,0.576350,0.563120,0.546704,0.522239,0.522407,0.521634,0.509840,0.457647,0.445898,0.418969,0.402306,0.358688,0.287484,0.234288,0.149052,0.130343,0.070669,
0.476956,0.540996,0.530782,0.522741,0.533231,0.515278,0.530418,0.544605,0.481241,0.476885,0.465009,0.445091,0.429045,0.429227,0.385619,0.360997,0.263485,0.213947,0.188449,0.123376,0.102702,
0.637188,0.503177,0.500633,0.490057,0.494869,0.497150,0.532096,0.502698,0.486618,0.485567,0.462056,0.452772,0.446694,0.403352,0.388667,0.349123,0.271810,0.222082,0.199769,0.122790,0.137590,
nan,0.514527,0.480313,0.479067,0.481113,0.471098,0.528475,0.495191,0.485053,0.504017,0.457939,0.474474,0.487699,0.432961,0.462208,0.364657,0.328131,0.233008,0.188847,0.227056,0.073746,
0.550072,0.521204,0.527686,0.480499,0.490823,0.512797,0.534975,0.519594,0.521028,0.505249,0.497243,0.479841,0.495138,0.422541,0.400192,0.378854,0.322173,0.250286,0.230574,0.158554,0.100059,
0.586864,0.512756,0.567228,0.534429,0.564885,0.542222,0.586407,0.565501,0.557341,0.537257,0.552896,0.517437,0.496129,0.539466,0.443473,0.406145,0.353346,0.280142,0.217739,0.126428,0.098893,
nan,0.709177,0.604373,0.583849,0.585634,0.608843,0.617671,0.604678,0.642536,0.591784,0.587874,0.597466,0.589848,0.542349,0.487992,0.440211,0.422269,0.286925,0.234497,0.164949,0.134342,
0.660743,0.564359,0.684986,0.639753,0.626229,0.625729,0.637951,0.682933,0.599332,0.679890,0.661539,0.629821,0.623961,0.566093,0.586206,0.457825,0.406226,0.336389,0.246210,0.173198,0.124468,
nan,0.698751,0.732571,0.685784,0.633189,0.692339,0.663423,0.695059,0.648830,0.706459,0.625782,0.691107,0.688577,0.584448,0.555866,0.595607,0.463083,0.392645,0.272987,0.166995,0.105576,
nan,0.649653,0.583671,0.728570,0.703354,0.758594,0.704991,0.672058,0.737804,0.708297,0.706760,0.726009,0.697127,0.591342,0.649367,0.537864,0.537746,0.407220,0.257580,0.192802,0.127088,
nan,0.527641,0.810994,0.816913,0.760395,0.648679,0.762971,0.749953,0.715521,0.653192,0.734385,0.648245,0.664357,0.644347,0.587402,0.612717,0.538201,0.394349,0.258269,0.217001,0.149079,
nan,nan,nan,nan,nan,0.700239,0.681134,0.702909,0.784222,0.620897,0.706982,0.685399,0.580199,0.684500,0.755453,0.463739,0.381072,0.289334,0.193631,0.194970,0.098938,
nan,0.725468,0.771122,0.702787,0.693286,0.723243,0.718586,0.760165,0.677769,0.600130,0.586293,0.523422,0.602183,0.465767,0.428092,0.339489,0.366337,0.184717,0.236296,0.105409,nan,
0.896661,0.755020,0.821302,0.749322,0.743371,0.743916,0.717579,0.686722,0.687554,0.629449,0.615503,0.556338,0.503487,0.487514,0.430343,0.366598,0.304171,0.262823,0.172789,0.101443,nan,
0.854016,0.756234,0.746746,0.823018,0.756463,0.704888,0.717100,0.719930,0.840703,0.612803,0.574529,0.569487,0.533474,0.469991,0.417883,0.320519,0.277105,0.225104,0.150930,0.123967,0.066165,
0.752236,0.729447,0.764191,0.711611,0.687415,0.696384,0.697340,0.657863,0.631830,0.606651,0.593950,0.558352,0.500789,0.428999,0.397860,0.390083,0.298820,0.232430,0.170405,0.114114,0.095540,
0.686828,0.736095,0.704121,0.649354,0.687220,0.657151,0.692221,0.630655,0.684196,0.582468,0.559087,0.552724,0.478329,0.440062,0.391442,0.353305,0.329675,0.240878,0.190699,0.116163,0.084774,
0.674879,0.666796,0.663425,0.691181,0.632080,0.649598,0.618572,0.586645,0.590511,0.560856,0.535436,0.503678,0.459015,0.435990,0.385560,0.361366,0.333730,0.235210,0.171411,0.127294,0.070033,
0.626901,0.608606,0.608459,0.605273,0.581818,0.616999,0.581670,0.555242,0.564385,0.544178,0.521261,0.488449,0.448794,0.415167,0.369039,0.323583,0.309309,0.235692,0.161383,0.095224,0.052638,
0.730550,0.585785,0.568192,0.559616,0.577307,0.569389,0.574916,0.572039,0.527903,0.500767,0.481581,0.460026,0.470249,0.394850,0.424810,0.336042,0.272660,0.219875,0.154068,0.102449,0.073634,
0.437423,0.504180,0.535045,0.537456,0.506540,0.513628,0.525637,0.509891,0.477823,0.496280,0.468058,0.462970,0.448764,0.413164,0.401188,0.355625,0.276375,0.207603,0.157740,0.107073,0.092983,
0.423596,0.478703,0.522467,0.493834,0.485582,0.488572,0.493353,0.493469,0.498867,0.481134,0.468077,0.437037,0.428880,0.393182,0.370864,0.338457,0.278053,0.231995,0.181742,0.124918,0.092838,
0.605211,0.473207,0.532530,0.491896,0.512654,0.479449,0.514794,0.500425,0.495488,0.488844,0.476182,0.453208,0.472187,0.445785,0.418905,0.372804,0.329098,0.235775,0.175944,0.151371,0.099922,
nan,0.448940,0.535029,0.500027,0.526391,0.506355,0.535822,0.529580,0.507949,0.503953,0.503203,0.482735,0.485057,0.439472,0.409882,0.343239,0.309373,0.243035,0.219581,0.186837,0.086211,
nan,0.519625,0.521287,0.553043,0.542135,0.543093,0.556580,0.580260,0.577535,0.560970,0.557595,0.537438,0.538731,0.493769,0.427731,0.406784,0.335036,0.285512,0.224775,0.139868,0.079449,
0.970731,0.540889,0.653072,0.615131,0.640262,0.621758,0.581548,0.619823,0.563905,0.598203,0.576879,0.546195,0.527121,0.518457,0.482214,0.428468,0.401613,0.308520,0.233128,0.158142,0.129027,
nan,0.546553,0.666271,0.743946,0.623579,0.683720,0.641115,0.640480,0.643054,0.689147,0.618374,0.649678,0.631779,0.512307,0.550322,0.471453,0.427421,0.344594,0.238991,0.182239,0.115209,
0.903140,0.686668,0.658196,0.754296,0.674166,0.656184,0.606710,0.715797,0.622918,0.645304,0.692662,0.656025,0.628650,0.563446,0.576635,0.548263,0.497115,0.366664,0.260554,0.173380,0.120085,
nan,0.850929,0.713200,0.768101,0.705919,0.646694,0.744456,0.693534,0.668966,0.715254,0.661866,0.621672,0.671557,0.590359,0.629991,0.521527,0.497419,0.387307,0.268176,0.161454,0.116253,
nan,0.709992,0.882107,0.689460,0.683317,0.820715,0.693699,0.741470,0.711380,0.851826,0.726004,0.742017,0.637907,0.599808,0.652753,0.614967,0.521309,0.352724,0.303264,0.224168,0.160907,
nan,nan,nan,0.737079,0.634613,0.751612,0.645208,0.702779,0.785721,0.689238,0.640943,0.643678,0.774744,0.558961,0.606808,0.528398,0.695533,0.360183,0.161582,0.197272,0.157605,
nan,0.814448,0.701712,0.739898,0.670542,0.740186,0.769176,0.794976,0.647871,0.634998,0.530483,0.546708,0.486159,0.475335,0.477203,0.381805,0.282977,0.187019,0.203177,0.122481,nan,
0.815985,0.794590,0.781056,0.754430,0.738532,0.731457,0.724550,0.734605,0.687111,0.625003,0.603392,0.572783,0.504497,0.500471,0.368408,0.313898,0.278293,0.246992,0.147337,0.097631,nan,
0.810739,0.773926,0.737083,0.756009,0.732314,0.748022,0.677301,0.671408,0.633266,0.644174,0.585912,0.583037,0.497752,0.494382,0.401981,0.357078,0.291464,0.282023,0.194957,0.150829,0.139547,
0.789745,0.732402,0.770313,0.714405,0.705614,0.681642,0.674681,0.668823,0.632070,0.611079,0.569237,0.542137,0.541569,0.477035,0.453729,0.374080,0.293008,0.265129,0.176913,0.134135,0.089980,
0.835224,0.679065,0.706216,0.712908,0.669479,0.659761,0.642459,0.648797,0.593609,0.576499,0.530441,0.538053,0.513636,0.478413,0.413582,0.381210,0.291501,0.290851,0.157251,0.108311,0.066952,
0.736043,0.638083,0.641474,0.640519,0.630266,0.655988,0.644047,0.590969,0.583291,0.569596,0.523929,0.513024,0.501639,0.443632,0.383861,0.366060,0.273843,0.226750,0.143578,0.110607,0.074806,
0.552022,0.587504,0.583122,0.592998,0.598388,0.593827,0.554995,0.560791,0.570293,0.547988,0.507931,0.477644,0.463121,0.425928,0.369398,0.320176,0.268513,0.217936,0.139212,0.126803,0.073770,
0.631702,0.541534,0.558883,0.532866,0.544764,0.559758,0.550865,0.529631,0.498316,0.518094,0.492779,0.455937,0.453261,0.427403,0.384932,0.346768,0.270585,0.251046,0.153862,0.118676,0.086436,
0.515061,0.489834,0.507669,0.508218,0.505217,0.523654,0.531826,0.501870,0.498269,0.478242,0.474561,0.454560,0.422994,0.412896,0.393766,0.335127,0.263534,0.235813,0.178273,0.111629,0.084163,
0.449492,0.509712,0.516731,0.504906,0.511555,0.489533,0.506493,0.506456,0.495032,0.479322,0.467376,0.434507,0.435242,0.407804,0.378060,0.364764,0.296720,0.222940,0.165809,0.120788,0.088259,
0.458411,0.493311,0.493067,0.494084,0.496568,0.506431,0.516210,0.513125,0.478126,0.480294,0.479769,0.469795,0.443688,0.412487,0.396763,0.344999,0.329793,0.245220,0.173019,0.120770,0.097328,
0.511456,0.526578,0.535907,0.535868,0.577381,0.517804,0.562243,0.560113,0.512912,0.501337,0.507225,0.479519,0.510103,0.427755,0.393624,0.369365,0.308506,0.244312,0.193362,0.167793,0.059626,
0.594826,0.559523,0.561307,0.522415,0.579861,0.561101,0.547367,0.555527,0.496793,0.547456,0.549933,0.517744,0.511230,0.502980,0.435003,0.408606,0.346499,0.277251,0.255908,0.147984,0.087325,
0.681403,0.554751,0.602731,0.564532,0.587343,0.582218,0.587242,0.537654,0.576939,0.577103,0.602471,0.576678,0.550817,0.500118,0.497384,0.418027,0.366246,0.313596,0.221658,0.146577,0.104813,
nan,0.621900,0.573052,0.571876,0.607273,0.629363,0.609358,0.595746,0.628145,0.604845,0.631362,0.568076,0.532937,0.516940,0.519648,0.476186,0.398523,0.342848,0.258538,0.164911,0.116098,
0.608312,0.728045,0.708107,0.619722,0.709398,0.711193,0.621724,0.661179,0.633741,0.669283,0.625898,0.637822,0.641329,0.583585,0.607262,0.506151,0.425376,0.398277,0.247349,0.192338,0.167993,
nan,0.644343,0.737822,0.626824,0.709169,0.652163,0.676815,0.715564,0.622270,0.684120,0.668403,0.686134,0.735499,0.568363,0.690181,0.539908,0.517728,0.384309,0.293636,0.169784,0.141187,
nan,0.640890,0.816075,0.800161,0.693067,0.683404,0.796247,0.744563,0.626325,0.617836,0.662111,0.652607,0.693228,0.666675,0.678254,0.550918,0.511696,0.383046,0.291473,0.216841,0.158478,
nan,nan,0.820570,0.475343,0.445150,nan,0.632370,0.613371,0.575960,0.800825,0.435698,0.829336,0.690714,0.570972,0.445905,0.507281,0.589260,0.490310,0.323692,0.175083,0.155847,
nan,0.768490,0.796765,0.778241,0.747027,0.760052,0.742094,0.785366,0.668682,0.590161,0.651022,0.496481,0.445660,0.498640,0.381162,0.335529,0.285250,0.278894,0.153369,0.078330,nan,
0.825799,0.790681,0.790823,0.747417,0.751081,0.725352,0.668432,0.711439,0.709778,0.622962,0.582490,0.556316,0.499179,0.456589,0.419596,0.345720,0.273282,0.208503,0.157768,0.112505,0.052623,
0.744940,0.743894,0.772750,0.757592,0.734060,0.699443,0.692463,0.678998,0.636387,0.678618,0.584971,0.553336,0.523032,0.497658,0.410453,0.400536,0.385295,0.259592,0.178903,0.125958,0.090926,
0.630711,0.735571,0.745970,0.737409,0.726083,0.701757,0.676661,0.632952,0.646611,0.599415,0.585295,0.532841,0.517407,0.463519,0.409576,0.375388,0.332663,0.229823,0.195631,0.112772,0.069903,
0.726662,0.703176,0.690095,0.699689,0.641888,0.683886,0.658174,0.634298,0.605682,0.613253,0.549863,0.555417,0.470126,0.443800,0.419969,0.348843,0.275322,0.217730,0.134950,0.104405,0.081506,
0.659279,0.627389,0.632255,0.643514,0.642539,0.653695,0.648048,0.589793,0.564551,0.590114,0.521043,0.524666,0.469187,0.445070,0.377998,0.343194,0.290851,0.271682,0.182792,0.122283,0.084146,
0.577081,0.588987,0.585282,0.578202,0.597061,0.597832,0.621582,0.550798,0.562837,0.526502,0.520222,0.487401,0.445311,0.424703,0.365405,0.336320,0.304867,0.227790,0.153433,0.101900,0.066008,
0.528732,0.562470,0.561917,0.550533,0.523262,0.551504,0.560171,0.534392,0.513704,0.487549,0.490269,0.456678,0.458859,0.375405,0.390411,0.350144,0.265704,0.199814,0.158121,0.099903,0.100249,
0.557461,0.557563,0.560981,0.545309,0.521950,0.503610,0.511858,0.529659,0.482427,0.496386,0.459536,0.448236,0.440950,0.417211,0.366432,0.346650,0.264157,0.198284,0.150868,0.115760,0.079486,
0.446832,0.457374,0.532259,0.520792,0.500000,0.522983,0.515303,0.506880,0.494935,0.478909,0.480590,0.449175,0.430186,0.387742,0.391834,0.355752,0.249724,0.227110,0.184097,0.108593,0.061996,
0.454542,0.499396,0.554317,0.514396,0.513571,0.514310,0.487864,0.548989,0.510751,0.481734,0.481644,0.450342,0.435076,0.419452,0.369963,0.367621,0.292733,0.253434,0.182095,0.142541,0.084671,
0.527356,0.488924,0.573277,0.539731,0.489512,0.528883,0.499984,0.513240,0.502272,0.514927,0.506747,0.490394,0.454521,0.447495,0.417767,0.355425,0.300803,0.248635,0.181590,0.149396,0.084489,
0.522302,0.554165,0.532804,0.549787,0.526643,0.563844,0.536237,0.502370,0.537611,0.530350,0.540007,0.524885,0.496687,0.486669,0.408306,0.414935,0.309875,0.271181,0.248773,0.160908,0.077402,
0.466210,0.562992,0.547887,0.609652,0.562741,0.614901,0.590854,0.557126,0.595633,0.585186,0.563198,0.564637,0.506274,0.438505,0.513398,0.432541,0.375873,0.326578,0.237657,0.164385,0.084081,
0.615773,0.611415,0.646457,0.589143,0.585422,0.632425,0.590806,0.619636,0.597779,0.562924,0.613911,0.654274,0.540302,0.573915,0.498552,0.477084,0.420775,0.341647,0.251329,0.159110,0.142301,
0.417344,0.718490,0.666852,0.704164,0.596641,0.701862,0.637180,0.615116,0.663618,0.592170,0.628597,0.624680,0.580705,0.622735,0.648071,0.514931,0.431051,0.384881,0.272480,0.159836,0.150456,
0.683734,0.899090,0.673523,0.727425,0.662500,0.620778,0.677563,0.648600,0.653826,0.606569,0.578248,0.595079,0.630908,0.622315,0.570181,0.503904,0.561182,0.368427,0.300936,0.169347,0.162876,
nan,0.820636,0.755073,0.667959,0.765426,0.742575,0.705418,0.686208,0.712346,0.642493,0.628443,0.634085,0.641725,0.621933,0.591876,0.540753,0.500779,0.406357,0.321343,0.209793,0.155487,
nan,nan,0.827777,nan,0.693078,0.778795,0.755397,0.650648,0.569579,1.193091,0.609701,1.076817,1.341511,0.580560,0.562490,0.588623,0.505477,0.314066,0.434622,0.337824,0.138250,
nan,0.776619,0.721067,0.961025,0.742786,0.784237,0.659385,0.716694,0.666524,0.546092,0.605231,0.575339,0.451676,0.514862,0.512481,0.394955,0.274052,0.262994,0.154551,0.094938,nan,
0.971570,0.774340,0.793106,0.752784,0.733175,0.754969,0.695017,0.705945,0.664276,0.646822,0.564827,0.590141,0.532560,0.540761,0.432666,0.347860,0.330179,0.261497,0.175398,0.180627,0.101487,
0.749904,0.779101,0.786631,0.751738,0.796498,0.715994,0.697957,0.692361,0.661734,0.646184,0.627402,0.567132,0.524159,0.475934,0.455220,0.367421,0.314568,0.234580,0.180399,0.124081,0.077056,
0.702368,0.748701,0.762699,0.725760,0.724611,0.697691,0.705852,0.676575,0.621250,0.608683,0.585384,0.536533,0.522636,0.495274,0.402372,0.345928,0.271144,0.238748,0.154161,0.095556,0.077595,
0.585714,0.680956,0.683146,0.674412,0.691655,0.661721,0.620419,0.633918,0.679411,0.578751,0.552832,0.546068,0.455872,0.449055,0.385185,0.371783,0.310982,0.262737,0.186513,0.112573,0.076750,
0.662718,0.649636,0.625968,0.591074,0.638749,0.685710,0.592461,0.590292,0.614058,0.557738,0.533724,0.489174,0.472658,0.442414,0.411114,0.353509,0.277454,0.206014,0.155069,0.121744,0.096846,
0.699320,0.614458,0.643405,0.634215,0.557074,0.597990,0.583754,0.581650,0.552149,0.549136,0.513716,0.480306,0.455510,0.424777,0.368041,0.317710,0.267617,0.237498,0.143867,0.116727,0.066579,
0.589400,0.586217,0.583741,0.583941,0.564274,0.568583,0.537215,0.545118,0.510495,0.513577,0.485330,0.452061,0.468785,0.406092,0.364583,0.345268,0.283253,0.236026,0.164951,0.103546,0.067721,
0.488031,0.569614,0.542266,0.554997,0.526103,0.550580,0.532412,0.511608,0.509836,0.482993,0.454671,0.445743,0.461224,0.405598,0.385406,0.330811,0.275075,0.225370,0.148100,0.109880,0.070809,
0.511543,0.531857,0.511598,0.507454,0.506123,0.498330,0.498362,0.516032,0.495519,0.476773,0.450107,0.449741,0.431683,0.415788,0.376321,0.354947,0.284660,0.216013,0.144143,0.126037,0.080308,
0.470599,0.491137,0.531421,0.509020,0.482775,0.500425,0.504441,0.516278,0.488271,0.475285,0.483950,0.500378,0.462103,0.439985,0.359743,0.369705,0.308453,0.251408,0.194457,0.109979,0.077984,
0.709921,0.551636,0.544473,0.527357,0.490197,0.561625,0.512230,0.481497,0.510532,0.494059,0.509362,0.456318,0.481472,0.453887,0.399632,0.352817,0.282684,0.250263,0.183328,0.138238,0.148142,
0.680478,0.474297,0.622278,0.597182,0.563406,0.544766,0.571894,0.538081,0.519937,0.542821,0.494583,0.534015,0.497960,0.460116,0.425657,0.415088,0.322382,0.273175,0.269709,0.160128,0.082922,
0.620599,0.508571,0.596439,0.605922,0.540676,0.599515,0.567279,0.649831,0.578449,0.554740,0.564398,0.534904,0.471231,0.503924,0.505571,0.427974,0.352046,0.313995,0.244143,0.171673,0.101116,
0.478570,0.654803,0.636306,0.741273,0.602874,0.642354,0.607553,0.687938,0.654554,0.598929,0.634891,0.616391,0.555427,0.641224,0.559747,0.461271,0.438599,0.322258,0.250830,0.181583,0.121222,
nan,0.632204,0.686903,0.641204,0.621858,0.681864,0.648952,0.693648,0.647660,0.716268,0.580892,0.636572,0.620688,0.613396,0.583125,0.534792,0.467927,0.379169,0.274841,0.186324,0.152559,
0.510219,0.655250,0.754529,0.849001,0.728872,0.587659,0.566351,0.789788,0.656320,0.724936,0.589435,0.667505,0.662307,0.656801,0.619013,0.484672,0.485321,0.423856,0.312107,0.182782,0.137909,
nan,0.792950,0.600146,0.718561,0.755582,0.703126,0.661667,0.681350,0.658949,0.646202,0.649561,0.627989,0.597644,0.615252,0.547636,0.599342,0.452789,0.389087,0.305567,0.215631,0.146238,
nan,0.589402,0.801242,nan,0.612363,0.632170,0.555033,0.489061,0.631730,0.490996,0.530202,0.594044,0.491612,0.424146,0.502861,0.438035,0.635469,0.467377,0.235211,0.328055,0.201112,
nan,0.887185,0.754495,0.776295,0.893832,0.794231,1.158474,0.712441,0.790254,0.709664,0.611786,1.183935,0.421948,0.463294,0.363725,0.301888,0.348836,0.251537,0.137322,0.179964,nan,
0.727847,0.789807,0.758365,0.770752,0.732410,0.747274,0.685172,0.676711,0.716279,0.659364,0.621187,0.563841,0.538332,0.447772,0.477070,0.356360,0.327275,0.245888,0.184538,0.117248,0.062411,
0.783569,0.809356,0.755756,0.733451,0.744231,0.726803,0.724505,0.700235,0.664596,0.609380,0.595511,0.579162,0.511468,0.461166,0.436541,0.377402,0.277908,0.291174,0.164621,0.102631,0.063809,
0.696039,0.748019,0.723017,0.729699,0.659277,0.705515,0.679856,0.659243,0.632447,0.614423,0.597176,0.532866,0.484762,0.433237,0.385355,0.346142,0.322794,0.234627,0.165782,0.119448,0.085582,
0.709252,0.707088,0.791036,0.682919,0.665785,0.682189,0.648975,0.640994,0.594741,0.579054,0.538147,0.553648,0.494161,0.482734,0.395945,0.378704,0.286876,0.274693,0.165948,0.101743,0.108548,
0.632832,0.630286,0.685445,0.650945,0.634670,0.633908,0.655827,0.596237,0.582143,0.558718,0.521584,0.540308,0.478954,0.446280,0.389094,0.332940,0.281530,0.236571,0.148521,0.108037,0.087484,
0.613503,0.609364,0.660203,0.601386,0.595113,0.621676,0.590045,0.545207,0.538910,0.511678,0.514242,0.494055,0.447321,0.439975,0.345096,0.334994,0.292194,0.219284,0.162386,0.105035,0.057159,
0.547685,0.548787,0.591077,0.554384,0.553389,0.583218,0.555594,0.527630,0.522914,0.484928,0.521884,0.447867,0.441390,0.394347,0.380465,0.344411,0.258347,0.184939,0.151029,0.100543,0.105415,
0.498742,0.515449,0.560000,0.525487,0.526399,0.498518,0.512846,0.523276,0.490957,0.479661,0.479349,0.449147,0.419881,0.416081,0.365161,0.315455,0.256978,0.231179,0.163855,0.106336,0.078682,
0.458870,0.529962,0.563590,0.537331,0.494853,0.482407,0.501988,0.505162,0.485645,0.485765,0.492452,0.447889,0.422535,0.424018,0.370540,0.348367,0.301404,0.219597,0.145363,0.116905,0.074392,
0.542045,0.473152,0.552915,0.561774,0.504886,0.512355,0.522438,0.494333,0.476273,0.485245,0.476159,0.438193,0.441112,0.445812,0.361537,0.345056,0.304351,0.223438,0.187784,0.124901,0.073153,
0.792191,0.536116,0.593908,0.554611,0.496201,0.496730,0.515087,0.509967,0.501299,0.482391,0.521075,0.471676,0.476357,0.426879,0.383623,0.361070,0.284299,0.260241,0.184256,0.118984,0.183698,
0.585328,0.463620,0.555080,0.535952,0.523563,0.524371,0.533622,0.572906,0.560482,0.525176,0.527393,0.528619,0.476496,0.461381,0.446331,0.417188,0.312824,0.261189,0.229243,0.160421,0.117898,
0.822771,0.609516,0.533733,0.625405,0.568927,0.546513,0.555228,0.540024,0.545275,0.583861,0.551910,0.534546,0.522295,0.591887,0.508340,0.443917,0.350442,0.330599,0.222994,0.164386,0.172535,
0.570118,0.519892,0.571977,0.666231,0.595459,0.578508,0.594624,0.599986,0.605489,0.623010,0.583586,0.581228,0.554108,0.581457,0.561220,0.513567,0.469010,0.305580,0.261662,0.211725,0.118008,
0.381141,0.653866,0.660385,0.629806,0.603825,0.608409,0.560605,0.616942,0.664585,0.625007,0.665591,0.609401,0.644097,0.560532,0.533484,0.493018,0.446868,0.351374,0.299699,0.204090,0.138539,
0.721007,0.563736,0.684866,0.688421,0.704887,0.666440,0.614977,0.671312,0.647190,0.611546,0.639312,0.622203,0.626921,0.784191,0.553017,0.533994,0.434043,0.442812,0.308120,0.209107,0.121325,
nan,nan,0.597226,0.718252,0.669597,0.764922,0.699943,0.697158,0.658607,0.705213,0.639771,0.689723,0.718272,0.600299,0.621103,0.539075,0.469323,0.424534,0.294062,0.310718,0.142903,
nan,0.815993,nan,0.692991,0.857768,0.626092,nan,0.497153,0.825642,0.531848,0.763965,0.588651,0.591899,0.703082,0.482902,0.486182,0.527999,0.378601,0.265319,0.256628,0.131728,
nan,0.807988,0.776364,0.746663,0.723785,0.806244,0.570214,0.662019,0.645146,0.618338,0.539844,0.589578,0.498946,0.490790,0.551074,0.391367,0.285793,0.245855,0.187012,0.104806,nan,
0.745443,0.798469,0.780673,0.767527,0.723643,0.774892,0.712033,0.699839,0.738133,0.712497,0.628586,0.561950,0.553962,0.454478,0.486681,0.361719,0.311347,0.282671,0.152232,0.099559,0.076872,
0.700184,0.747054,0.782815,0.751760,0.725130,0.755603,0.686723,0.672582,0.933543,0.643684,0.589967,0.550269,0.502494,0.466596,0.420094,0.348922,0.274651,0.236459,0.150294,0.134201,0.076841,
0.743183,0.794281,0.730203,0.722823,0.711671,0.689605,0.690189,0.679874,0.629238,0.608048,0.569290,0.554168,0.514992,0.477403,0.445075,0.352790,0.319815,0.242537,0.172951,0.130778,0.081599,
0.735424,0.716655,0.721952,0.694232,0.660122,0.683846,0.674074,0.613629,0.618003,0.605626,0.550243,0.547640,0.492502,0.433721,0.401114,0.353970,0.287748,0.207601,0.137874,0.111958,0.105047,
0.607677,0.719820,0.688239,0.645463,0.643003,0.671844,0.600953,0.579228,0.620061,0.567313,0.540303,0.491874,0.461718,0.416166,0.416078,0.328632,0.272098,0.230534,0.163170,0.107241,0.077206,
0.648104,0.617885,0.596426,0.613151,0.587777,0.597608,0.599552,0.571159,0.573657,0.546796,0.502855,0.491207,0.452052,0.430804,0.378525,0.342773,0.264675,0.224553,0.143748,0.125617,0.067201,
0.600738,0.559620,0.571699,0.571420,0.549528,0.533547,0.562682,0.569611,0.498313,0.502538,0.482193,0.447330,0.452067,0.394510,0.356721,0.336571,0.285046,0.230028,0.163879,0.114716,0.061402,
0.769321,0.529108,0.522034,0.525197,0.552119,0.572985,0.511188,0.528640,0.492923,0.474893,0.461092,0.433143,0.446097,0.390088,0.361763,0.340637,0.264668,0.204530,0.144528,0.101278,0.094476,
0.435577,0.495658,0.481679,0.509669,0.545640,0.523387,0.497987,0.487336,0.493077,0.474095,0.474780,0.452580,0.418435,0.405036,0.367542,0.334754,0.242737,0.202877,0.167169,0.117388,0.069349,
0.557973,0.486877,0.503493,0.540031,0.542856,0.498149,0.509352,0.503238,0.492235,0.490629,0.473160,0.582729,0.429368,0.412095,0.368904,0.339124,0.320049,0.234472,0.158617,0.108734,0.077663,
0.501388,0.511157,0.471209,0.560741,0.558821,0.569227,0.575094,0.506090,0.490647,0.483513,0.493625,0.498315,0.471573,0.410581,0.384900,0.348909,0.282063,0.239007,0.179502,0.126049,0.072530,
0.503893,0.520682,0.566507,0.588375,0.568348,0.539191,0.584211,0.532453,0.537580,0.543686,0.547748,0.497675,0.454129,0.451648,0.461554,0.388207,0.311378,0.264692,0.193215,0.136555,0.165461,
0.619860,0.544965,0.579313,0.528594,0.585314,0.604167,0.583037,0.581123,0.638756,0.573588,0.541485,0.542609,0.513183,0.538442,0.513915,0.428293,0.351266,0.309102,0.262879,0.189660,0.125414,
0.513641,0.559523,0.628095,0.676950,0.638150,0.617418,0.602353,0.627334,0.668819,0.594375,0.616978,0.594709,0.568745,0.538421,0.515317,0.517926,0.429436,0.357277,0.237633,0.208072,0.179741,
0.543242,0.603000,0.687827,0.638773,0.669379,0.600332,0.637082,0.601102,0.676383,0.618023,0.723780,0.584549,0.660075,0.991273,0.567042,0.484579,0.445146,0.337599,0.297809,0.192807,0.177326,
0.729390,0.682533,0.678630,0.665662,0.799213,0.627491,0.617108,0.579313,0.730028,0.626389,0.676827,0.613788,0.629583,0.569932,0.521483,0.494885,0.455720,0.419738,0.297258,0.242569,0.142335,
nan,nan,0.721853,0.685944,0.647523,0.749932,0.625954,0.638085,0.641160,0.682101,0.617684,0.679215,0.675224,0.592492,0.544242,0.519025,0.505099,0.386818,0.360633,0.269907,0.186231,
nan,nan,nan,0.778124,nan,0.726028,0.737832,0.658530,0.424458,0.764329,0.520889,0.665044,0.609333,0.455561,0.489055,0.468439,0.441791,0.498819,0.251615,0.221731,0.657864,
nan,1.059933,0.717955,0.657978,0.700500,0.789456,0.737008,0.771231,0.581540,0.656465,0.534518,0.505615,0.582596,0.405624,0.775301,0.281112,0.218478,0.200257,0.151623,0.192526,nan,
0.858501,0.785857,0.819713,0.782792,0.845887,0.788639,0.720016,0.683715,0.711009,0.665751,0.615914,0.529613,0.552682,0.483821,0.430589,0.356062,0.313128,0.267865,0.175421,0.122281,0.076762,
0.806703,0.794124,0.783727,0.756604,0.759482,0.726874,0.718808,0.673199,0.643975,0.625323,0.558984,0.590191,0.528789,0.477395,0.433495,0.363499,0.275481,0.198085,0.163436,0.112978,0.095264,
0.687593,0.718291,0.770020,0.675660,0.714754,0.701083,0.674348,0.661135,0.621664,0.604258,0.591298,0.552070,0.519683,0.476563,0.401758,0.361976,0.296591,0.254927,0.204229,0.124476,0.098593,
0.631806,0.683548,0.696668,0.704744,0.676544,0.670716,0.653394,0.629695,0.652335,0.583340,0.559203,0.616893,0.489205,0.480177,0.396243,0.343047,0.269584,0.239376,0.160257,0.109130,0.075671,
0.639697,0.665158,0.634575,0.663485,0.632080,0.643680,0.612839,0.604650,0.582790,0.556255,0.530551,0.518789,0.480305,0.452708,0.381942,0.362144,0.287986,0.231713,0.161508,0.095278,0.073087,
0.602229,0.668675,0.603469,0.596241,0.539245,0.632796,0.586941,0.560553,0.538331,0.513141,0.516131,0.512066,0.451003,0.421637,0.350036,0.328235,0.299851,0.237399,0.166091,0.115118,0.076880,
0.505325,0.558004,0.562385,0.579260,0.587369,0.563609,0.604879,0.505499,0.518903,0.492163,0.511108,0.453108,0.452220,0.419670,0.378533,0.324122,0.257464,0.212115,0.156697,0.103889,0.070792,
0.550857,0.518763,0.521876,0.536179,0.571899,0.503146,0.504213,0.506667,0.500690,0.491250,0.467694,0.436143,0.441392,0.391076,0.351617,0.308585,0.262065,0.224812,0.160501,0.099523,0.065656,
0.542219,0.512179,0.523235,0.521215,0.532539,0.522549,0.488470,0.487584,0.473449,0.511693,0.468288,0.460134,0.427924,0.402716,0.388866,0.338475,0.255276,0.218470,0.153957,0.107870,0.069876,
0.370556,0.479032,0.497364,0.481417,0.539597,0.557088,0.554567,0.509554,0.476968,0.466643,0.510468,0.487831,0.426501,0.410682,0.368048,0.327155,0.273239,0.247843,0.180608,0.110963,0.078342,
0.438386,0.535787,0.553938,0.484825,0.536680,0.493821,0.545134,0.513566,0.514813,0.510207,0.521449,0.507745,0.482844,0.417794,0.391243,0.344406,0.279049,0.240835,0.177237,0.118714,0.080311,
0.581629,0.493856,0.526083,0.518980,0.555024,0.512641,0.525960,0.541567,0.587466,0.578531,0.512502,0.505695,0.473366,0.463882,0.457689,0.410442,0.314587,0.243073,0.202449,0.136555,0.102544,
0.651295,0.564639,0.563220,0.704986,0.587627,0.529117,0.558538,0.566919,0.560623,0.575107,0.585269,0.547125,0.513382,0.501344,0.508004,0.465516,0.348919,0.320786,0.278106,0.180170,0.135839,
1.025213,0.524911,0.566092,0.616529,0.645727,0.643160,0.605262,0.658391,0.588612,0.581048,0.600851,0.563407,0.577603,0.559954,0.499791,0.475018,0.434506,0.335051,0.244244,0.201806,0.179779,
0.842269,0.671304,0.630123,0.644093,0.623289,0.679166,0.630709,0.726216,0.654698,0.640489,0.593608,0.650573,0.599943,0.528770,0.543430,0.494537,0.441259,0.332678,0.276924,0.193089,0.166309,
0.776471,0.566434,0.676519,0.711564,0.686662,0.686216,0.691709,0.732415,0.613114,0.643679,0.602763,0.618372,0.614752,0.555404,0.543044,0.513124,0.493975,0.392910,0.345776,0.270226,0.155818,
nan,0.610546,0.767130,0.614200,0.653888,0.715072,0.670414,0.657805,0.747769,0.668378,0.618520,0.727667,0.675637,0.567820,0.543362,0.581494,0.455827,0.399024,0.336512,0.298253,0.242896,
nan,nan,0.437178,0.419985,0.645058,nan,0.544387,0.543548,0.681853,0.807094,0.615056,0.521140,0.584530,0.572875,0.397059,0.586704,0.582532,0.423863,0.316463,0.283717,0.265962,
nan,0.777177,0.786547,0.757983,0.701974,0.710099,0.678469,0.632882,0.691446,0.614771,0.584066,0.641137,0.525740,0.433350,0.508839,0.341289,0.330089,0.228358,0.137166,0.098916,nan,
0.715488,0.778642,0.769298,0.773730,0.776219,0.764144,0.741140,0.778536,0.675564,0.627995,0.627854,0.549598,0.531151,0.481066,0.452296,0.373708,0.320613,0.269608,0.202365,0.114528,0.083479,
0.709487,0.750402,nan,0.771394,0.756951,0.716733,0.681102,0.714735,0.629836,0.658793,0.596245,0.585189,0.518652,0.489753,0.405976,0.373581,0.325208,0.242163,0.167606,0.110659,0.070242,
0.771842,0.713074,0.759993,0.716711,0.725422,0.720788,0.687851,0.666936,0.634205,0.627420,0.556543,0.524808,0.492229,0.460799,0.415449,0.350018,0.308381,0.218943,0.162903,0.099253,0.066797,
0.770929,0.713057,0.677849,0.705542,0.681885,0.756344,0.663123,0.633527,0.602225,0.570366,0.558879,0.572299,0.486874,0.463486,0.390487,0.334744,0.299274,0.251265,0.152216,0.122663,0.077975,
0.802973,0.642096,0.644046,0.627080,0.556585,0.633924,0.615172,0.588374,0.572663,0.577559,0.538658,0.524572,0.466704,0.426900,0.393813,0.348283,0.260699,0.222536,0.154324,0.103465,0.078120,
0.611938,0.608776,0.599132,0.634295,0.610831,0.605212,0.630936,0.559521,0.588899,0.547160,0.495236,0.482555,0.445012,0.440701,0.391588,0.346548,0.265537,0.210983,0.145030,0.114636,0.067728,
0.752792,0.662974,0.559324,0.589678,0.577385,0.524247,0.537056,0.557745,0.498926,0.502117,0.484405,0.447691,0.441554,0.395687,0.353551,0.311159,0.275531,0.227458,0.153652,0.112155,0.072383,
0.533046,0.620886,0.521052,0.823474,0.529913,0.582372,0.512562,0.518970,0.497500,0.489289,0.465764,0.433917,0.431912,0.380512,0.384509,0.327187,0.254939,0.195311,0.141570,0.105383,0.071068,
0.662420,0.511726,0.489090,0.718770,0.519937,0.513535,0.523325,0.521095,0.479170,0.501139,0.466625,0.468169,0.414872,0.399563,0.378562,0.338582,0.271928,0.226253,0.164633,0.094756,0.107942,
0.471257,0.514593,0.499879,0.587678,0.542958,0.495217,0.504171,0.517707,0.465674,0.483507,0.511068,0.470937,0.435844,0.402868,0.380364,0.353335,0.281608,0.214134,0.153062,0.108899,0.077611,
0.650067,0.495783,0.476948,0.550431,0.481858,0.507477,0.537829,0.486648,0.528567,0.550059,0.510959,0.495344,0.454852,0.420545,0.412344,0.350210,0.291854,0.265583,0.191633,0.122542,0.084373,
0.607238,0.512996,0.538706,0.572970,0.517563,0.519137,0.551460,0.552446,0.527419,0.540574,0.669060,0.495034,0.471652,0.471307,0.450641,0.388187,0.325201,0.244290,0.196111,0.139723,0.082709,
0.565689,0.607768,0.634132,0.618661,0.534008,0.550999,0.558003,0.605630,0.561304,0.569286,0.535819,0.558135,0.522250,0.491624,0.491916,0.446949,0.348334,0.295985,0.234167,0.149911,0.117956,
0.511706,0.703392,0.562946,0.807350,0.573761,0.572101,0.611129,0.624737,0.602314,0.589299,0.595602,0.600695,0.540986,0.544160,0.496517,0.465846,0.423590,0.333485,0.282876,0.219249,0.112982,
0.826509,0.689945,0.605688,0.645792,0.610154,0.622708,0.578734,0.639992,0.629970,0.621083,0.622171,0.624987,0.613541,0.531271,0.548558,0.491852,0.419254,0.338618,0.286026,0.182894,0.150863,
nan,0.629360,0.665945,0.688934,0.657071,0.761084,0.650651,0.695751,0.668892,0.651990,0.681249,0.614022,0.574448,0.600341,0.615918,0.532784,0.490847,0.381816,0.334537,0.289142,0.142373,
nan,0.589071,0.558352,0.740465,0.720229,0.648337,0.643013,0.634876,0.669619,0.556639,0.690150,0.668618,0.642799,0.613664,0.529104,0.528376,0.506439,0.393321,0.375503,0.234495,0.239956,
nan,0.649993,0.427221,0.509653,0.659786,0.560728,0.354546,0.715706,0.634106,0.572565,0.402142,0.614673,0.770172,0.606947,0.527361,0.838440,0.525143,0.478989,0.520788,0.287808,0.215577,
nan,0.824950,0.762236,0.766469,0.794512,0.796350,0.693191,0.730501,0.642440,0.543215,0.788671,0.646246,0.447278,0.431660,0.412324,0.365868,0.300881,0.160241,0.110207,0.047763,nan,
0.675525,0.801364,0.779884,0.772083,0.785166,0.762486,0.739782,0.690357,0.673751,0.650686,0.613848,0.578817,0.542950,0.509581,0.421242,0.367470,0.328640,0.237565,0.180801,0.087574,0.077591,
0.730929,0.775888,0.777858,0.776138,0.724057,0.730737,0.690724,0.684941,0.663539,0.632352,0.601224,0.557088,0.517069,0.498015,0.456552,0.380316,0.291041,0.227446,0.171180,0.141730,0.097708,
0.715087,0.722990,0.748603,0.733278,0.673352,0.700729,0.662401,0.685008,0.627836,0.609208,0.590630,0.543980,0.511874,0.432386,0.416435,0.350581,0.272265,0.254176,0.162658,0.106948,0.103257,
0.641116,0.705495,0.691269,0.672084,0.650880,0.683793,0.661827,0.608779,0.636941,0.594559,0.544982,0.534866,0.513698,0.465510,0.411378,0.346897,0.287450,0.222047,0.148778,0.110490,0.065807,
0.689847,0.656640,0.644210,0.672661,0.656169,0.665798,0.613436,0.595016,0.585497,0.568523,0.527690,0.489232,0.459790,0.436107,0.382324,0.365235,0.277635,0.223793,0.169127,0.112368,0.077841,
0.838602,0.584080,0.632415,0.647544,0.610621,0.571831,0.596002,0.574348,0.554171,0.523809,0.500698,0.510278,0.479095,0.428426,0.365541,0.328497,0.272623,0.212025,0.176774,0.101321,0.081313,
0.750863,0.559449,0.563214,0.756223,0.556099,0.558188,0.556255,0.605210,0.520878,0.529545,0.495613,0.472177,0.439254,0.406233,0.363864,0.337168,0.267872,0.218372,0.151921,0.117006,0.076733,
0.752421,0.518105,0.520074,0.538387,0.537543,0.524434,0.511944,0.517863,0.490696,0.499873,0.462537,0.453768,0.445411,0.399624,0.358961,0.319869,0.272679,0.226577,0.145950,0.129435,0.077578,
0.771527,0.510367,0.503784,0.506793,0.520103,0.512397,0.494940,0.517879,0.489808,0.459592,0.473840,0.458673,0.415911,0.389879,0.390672,0.323562,0.261057,0.220806,0.153276,0.103163,0.077529,
0.669906,0.593492,0.517835,0.495894,0.513538,0.500019,0.525654,0.481756,0.487818,0.510743,0.537313,0.468538,0.429025,0.440150,0.367911,0.342541,0.317894,0.223805,0.170134,0.099334,0.095619,
0.482225,0.508860,0.533597,0.544120,0.651736,0.553552,0.505737,0.532832,0.478874,0.571461,0.482539,0.514537,0.478790,0.424366,0.376029,0.343413,0.302274,0.252702,0.178831,0.111736,0.092081,
0.657433,0.608196,0.540629,0.534596,0.760496,0.600825,0.554842,0.540979,0.517683,0.538416,0.535928,0.624656,0.486726,0.470418,0.409098,0.381549,0.325159,0.248578,0.195806,0.128846,0.090081,
0.394769,0.632510,0.511876,0.600067,0.581158,0.673907,0.608283,0.564002,0.586857,0.553605,0.564205,0.563895,0.510606,0.493273,0.481731,0.429166,0.363461,0.279196,0.234504,0.150291,0.107273,
0.470325,0.642458,0.623530,0.754791,0.626652,0.611378,0.640896,0.613394,0.664800,0.581356,0.577397,0.627023,0.583794,0.559104,0.508830,0.453297,0.390333,0.352394,0.272130,0.196835,0.125535,
nan,0.703659,0.564200,0.712186,0.720140,0.681677,0.640519,0.584433,0.587857,0.649923,0.582164,0.589876,0.593927,0.557335,0.542769,0.504052,0.420477,0.351718,0.246993,0.196784,0.149936,
0.459727,0.622596,0.574823,0.721092,0.620979,0.602605,0.734955,0.719415,0.627524,0.616048,0.608195,0.649901,0.589309,0.613599,0.539047,0.545643,0.481003,0.401130,0.313903,0.235671,0.225630,
0.710888,0.392390,0.626807,0.780308,0.815262,0.640532,0.550363,0.597011,0.593303,0.579521,0.606325,0.553901,0.682359,0.577803,0.674459,0.551882,0.530239,0.425569,0.399879,0.258336,0.207381,
nan,0.609577,nan,0.565169,nan,0.837363,0.774336,0.592874,0.804743,0.608194,0.625036,0.477061,0.560858,0.664148,0.930678,0.659971,0.616357,0.553921,0.523680,0.264150,0.199536,
nan,0.799960,0.792501,0.886367,0.786885,0.727677,0.759281,0.614412,0.577342,0.552151,0.631646,0.604872,0.484969,0.410588,0.368515,0.415794,0.265249,0.169675,0.124411,0.095650,nan,
0.811716,0.791973,0.769425,0.752920,0.734551,0.729751,0.694452,0.719037,0.669167,0.621344,0.636134,0.555634,0.617476,0.492203,0.440229,0.431694,0.315926,0.233882,0.176679,0.096638,0.076787,
0.608692,0.757147,0.784379,0.752879,0.731507,0.716323,0.713363,0.675848,0.669248,0.602291,0.591619,0.558539,0.490788,0.457478,0.415638,0.360196,0.341931,0.250963,0.174135,0.120405,0.066982,
0.796519,0.751371,0.728144,0.730036,0.709674,0.708015,0.689879,0.670262,0.742451,0.591019,0.576258,0.548784,0.506646,0.463300,0.419762,0.350438,0.260722,0.223581,0.178716,0.140937,0.085666,
0.596240,0.749373,0.698984,0.699294,0.696989,0.685166,0.661951,0.638652,0.638626,0.613286,0.566360,0.521975,0.484638,0.445317,0.378004,0.348566,0.301589,0.218708,0.167995,0.109186,0.072835,
0.623013,0.694231,0.686034,0.685071,0.648711,0.636365,0.644257,0.602304,0.568199,0.568024,0.539464,0.715754,0.576273,0.440376,0.376673,0.348892,0.267871,0.220037,0.133910,0.109519,0.081119,
0.630739,0.626037,0.622559,0.660408,0.642495,0.594505,0.634078,0.563763,0.543416,0.550677,0.508766,0.486335,0.436584,0.422340,0.378486,0.336971,0.273196,0.220759,0.161401,0.097645,0.068723,
0.669944,0.568360,0.582644,0.556505,0.583288,0.555293,0.531021,0.552683,0.507300,0.504092,0.494026,0.451829,0.436929,0.425992,0.366189,0.312371,0.273796,0.209485,0.153647,0.107074,0.068220,
0.744440,0.519228,0.555606,0.542964,0.523735,0.519115,0.526350,0.523306,0.566584,0.480341,0.463988,0.441141,0.412016,0.421132,0.364977,0.333615,0.256110,0.211914,0.166741,0.122353,0.086118,
0.488137,0.506404,0.527243,0.539194,0.501250,0.508035,0.510248,0.491249,0.477721,0.494640,0.475350,0.470839,0.422794,0.378588,0.374031,0.323622,0.276022,0.228975,0.151342,0.129727,0.087114,
0.457844,0.554620,0.494801,0.516094,0.506500,0.495587,0.512672,0.494270,0.482306,0.519270,0.557510,0.474899,0.446541,0.400567,0.398100,0.333815,0.286728,0.258191,0.178265,0.103366,0.085327,
0.514818,0.618563,0.510185,0.523979,0.490992,0.545559,0.534291,0.511940,0.505198,0.502057,0.527692,0.588113,0.488926,0.438938,0.406096,0.331397,0.345410,0.229345,0.179708,0.123660,0.088699,
0.671497,0.528994,0.564365,0.493210,0.727464,0.581124,0.557260,0.547799,0.524091,0.558119,0.511758,0.529449,0.486331,0.470484,0.441220,0.366915,0.311767,0.270090,0.215322,0.115277,0.115242,
0.765904,0.554539,0.565547,0.555806,1.069764,0.644226,0.583142,0.574241,0.583373,0.569555,0.587676,0.531046,0.529590,0.502562,0.466104,0.429820,0.357413,0.260400,0.218511,0.147149,0.094742,
0.428114,0.602409,0.530680,0.599691,0.604258,0.688089,0.643911,0.615745,0.600046,0.665845,0.583260,0.568791,0.576227,0.523865,0.524015,0.458257,0.381014,0.338710,0.265418,0.181876,0.120683,
0.791321,0.701401,0.589699,0.600286,0.772906,1.011380,0.685335,0.638380,0.629209,0.629066,0.632117,0.616970,0.589617,0.593864,0.511761,0.492354,0.428761,0.362160,0.273817,0.228077,0.128125,
nan,0.624160,0.618451,0.673551,0.721401,0.616087,0.666619,0.629284,0.625728,0.628799,0.681018,0.654284,0.618750,0.607608,0.585780,0.563055,0.477188,0.415459,0.304059,0.226345,0.181398,
0.521875,0.672250,0.696282,0.718284,0.619619,0.625807,0.895821,0.620607,0.618673,0.651047,0.656530,0.713220,0.593280,0.553857,0.619680,0.574988,0.577783,0.483156,0.353217,0.330137,0.201645,
nan,0.952803,0.688001,0.617005,0.455580,0.538026,0.597251,0.514595,0.429491,0.622214,0.712319,0.596493,0.602507,0.761699,0.554505,0.732790,0.461968,0.499347,0.358342,0.301327,0.251996,
nan,0.859123,0.739287,0.749197,0.740865,0.976098,0.801308,0.713637,0.667187,0.733335,0.561001,0.566981,0.503388,0.408434,0.439142,0.452141,0.271663,0.213829,0.139752,0.233204,nan,
0.821980,0.714361,0.789651,0.755348,0.728836,0.740397,0.718929,0.716569,0.694209,0.633532,0.591726,0.558778,0.526605,0.512755,0.408465,0.379269,0.300482,0.238062,0.165872,0.116772,0.072064,
0.781708,0.766726,0.784161,0.737401,0.732467,0.777579,0.692183,0.687294,0.688812,0.670260,0.586782,0.559419,0.519918,0.465355,0.449654,0.346566,0.281342,0.239779,0.164111,0.106338,0.077090,
0.758797,0.740403,0.713317,nan,0.721075,0.700896,0.693729,0.650050,0.624319,0.608171,0.563806,0.539506,0.508690,0.490784,0.425526,0.364534,0.311270,0.238041,0.194170,0.121660,0.079466,
0.676002,0.731429,0.708488,0.710785,0.700148,0.674533,0.659080,0.635571,0.599661,0.584455,0.558272,0.528496,0.481009,0.443129,0.401182,0.342559,0.264196,0.237658,0.167125,0.127241,0.086833,
0.553280,0.676774,0.669007,0.657956,0.735514,nan,0.621365,0.580063,0.579313,0.564223,0.526526,0.515012,0.471435,0.440005,0.386087,0.349653,0.267209,0.221363,0.159795,0.110592,0.064037,
0.592751,0.662648,0.645610,0.614171,0.618983,0.584631,0.586624,0.573572,0.572574,0.540504,0.504246,0.542251,0.456340,0.415605,0.362036,0.345705,0.256330,0.205718,0.141277,0.105336,0.074851,
0.673015,0.601363,0.596734,0.577111,0.567487,0.556682,0.545535,0.598282,0.523571,0.533651,0.491937,0.473586,0.439487,0.423604,0.362894,0.330362,0.264736,0.206187,0.163441,0.094296,0.090286,
0.611618,0.564489,0.555611,0.521448,0.529909,0.512984,0.522740,0.509737,0.492133,0.480573,0.451387,0.437439,0.430887,0.399586,0.370124,0.300466,0.260630,0.218444,0.158995,0.100988,0.062940,
0.532585,0.527606,0.558690,0.494640,0.493105,0.517275,0.496026,0.515773,0.486237,0.495877,0.496480,0.466861,0.435952,0.408128,0.359132,0.312610,0.271616,0.218209,0.167430,0.121718,0.106027,
0.531381,0.535124,0.537658,0.504660,0.505705,0.526610,0.500287,0.499366,0.487882,0.508209,0.460218,0.460488,0.450650,0.419870,0.381756,0.350944,0.284883,0.246364,0.156774,0.119197,0.112405,
0.574415,0.598777,0.524055,0.497401,0.514488,0.528855,0.507837,0.531228,0.496176,0.523575,0.502351,0.526341,0.498261,0.423966,0.394349,0.342933,0.337379,0.258526,0.184655,0.122400,0.084350,
0.452809,0.705936,0.566067,0.559993,0.504197,0.539439,0.562885,0.542450,0.546206,0.534230,0.535492,0.521003,0.502277,0.479130,0.462578,0.363935,0.335529,0.267956,0.210521,0.130205,0.081248,
0.533635,0.510734,0.597588,0.553317,0.557149,0.543346,0.618488,0.578346,0.569764,0.570153,0.555583,0.520537,0.514883,0.503802,0.490027,0.434200,0.341613,0.276288,0.219849,0.178611,0.111938,
0.462299,1.362225,0.603221,0.603820,0.552334,0.590103,0.685467,0.642332,0.624222,0.579070,0.620955,0.588229,0.582326,0.508509,0.494987,0.459817,0.387844,0.322030,0.261251,0.178210,0.135240,
0.707407,0.614369,0.589311,0.631159,0.631358,0.704300,0.740350,0.674658,0.636339,0.597329,0.601279,0.618626,0.648253,0.601802,0.521184,0.520322,0.425652,0.365552,0.271712,0.227851,0.149827,
0.548912,0.630605,0.558104,0.686342,0.741479,0.732247,0.657481,0.695281,0.671808,0.691557,0.696048,0.599755,0.652173,0.543837,0.626571,0.548569,0.496262,0.432711,0.330181,0.245583,0.184046,
0.478094,0.627110,0.635224,0.660136,0.859240,0.850095,0.862057,0.759070,0.665518,0.636119,0.598553,0.635221,0.594257,0.793241,0.531711,0.563675,0.518883,0.521887,0.386212,0.272157,0.237434,
nan,nan,nan,0.548334,0.811644,1.514846,0.739295,0.667903,0.748391,0.493215,0.568177,0.670805,0.752528,0.686603,0.523172,0.560064,0.658923,0.453893,0.306188,0.247205,0.201946,
nan,0.757634,0.765309,0.805982,0.693438,0.732362,0.779869,0.714204,0.604123,0.698925,0.595114,0.627188,0.503365,0.486197,0.351689,0.343145,0.317892,0.180514,0.263682,0.070805,nan,
0.797842,0.781881,0.806760,0.758080,0.729560,0.758559,0.682453,0.705552,0.666285,0.652645,0.563747,0.612290,0.552392,0.486238,0.451255,0.389095,0.318277,0.243793,0.174688,0.131099,0.055447,
0.784500,0.755827,0.766042,0.752203,0.760981,0.725713,0.697184,0.692723,0.707340,0.694600,0.595143,0.549645,0.551393,0.474848,0.479631,0.372131,0.297140,0.248333,0.193800,0.116961,0.068036,
0.742018,0.736706,0.748247,0.730447,0.720584,0.696796,0.679625,0.661128,0.626746,0.620966,0.601097,0.544275,0.492434,0.455650,0.395266,0.379582,0.304647,0.229636,0.154454,0.125592,0.073455,
0.735259,0.694814,0.716747,0.703291,0.673205,0.687495,0.654724,0.648490,0.613462,0.591134,0.556682,0.524363,0.499707,0.446996,0.392723,0.351666,0.279630,0.204550,0.172086,0.113739,0.073795,
0.582299,0.647050,0.663265,0.655418,0.665057,0.637494,0.632869,0.606059,0.588931,0.589620,0.527022,0.497138,0.589768,0.433181,0.383616,0.328874,0.284396,0.221687,0.171261,0.110555,0.077955,
0.631800,0.584324,0.623911,0.592789,0.597032,0.565053,nan,0.558939,0.558321,0.532657,0.514801,0.482193,0.627393,0.410981,0.370749,0.351293,0.252558,0.198465,0.150843,0.103029,0.058110,
0.525068,0.564385,0.599712,0.568922,0.543688,0.561578,0.547643,0.550869,0.516782,0.512940,0.496713,0.469252,0.431885,0.402965,0.350559,0.332451,0.254742,0.195972,0.144276,0.103499,0.071561,
0.787159,0.558970,0.559763,0.555920,0.525715,0.540832,0.509452,0.523857,0.494439,0.461784,0.481865,0.448402,0.424394,0.413831,0.353687,0.325726,0.254053,0.203408,0.154703,0.108199,0.092068,
0.671765,0.518251,0.548936,0.515868,0.512197,0.512574,0.508868,0.501073,0.485301,0.468668,0.485010,0.460163,0.435554,0.402318,0.374490,0.343269,0.272048,0.222298,0.154740,0.099519,0.078112,
0.568779,0.468185,0.555504,0.530281,0.507816,0.492045,0.530977,0.496660,0.488827,0.505754,0.501063,0.463763,0.429009,0.416159,0.385062,0.329344,0.301797,0.234345,0.171141,0.126510,0.098443,
0.483607,0.546554,0.549014,0.551034,0.537551,0.530099,0.536584,0.510885,0.513931,0.513489,0.496109,0.510899,0.524887,0.423084,0.419112,0.366732,0.286062,0.251992,0.191627,0.143657,0.109880,
0.515055,0.582046,0.573932,0.577500,0.568418,0.541898,0.574469,0.561119,0.521077,0.529663,0.515740,0.499500,0.511713,0.482951,0.449581,0.386268,0.356288,0.261389,0.203363,0.141917,0.115238,
0.413904,0.728347,0.594124,0.572006,0.588175,0.562931,0.594075,0.572843,0.605114,0.565252,0.557058,0.550822,0.532898,0.507337,0.480442,0.423402,0.387770,0.305038,0.232723,0.146339,0.120373,
0.680548,0.736995,0.624546,0.586582,0.620936,0.620832,0.652570,0.646080,0.643506,0.641784,0.577795,0.606744,0.589200,0.534336,0.493569,0.466804,0.382480,0.300052,0.250312,0.228447,0.119475,
0.469030,0.724441,0.645841,0.564451,0.623663,0.557029,0.669779,0.687731,0.648195,0.626930,0.640715,0.610881,0.602545,0.548412,0.560936,0.545645,0.428873,0.370873,0.292026,0.225991,0.164449,
0.662058,0.925118,0.593804,0.722918,0.623021,0.607405,0.634564,0.703053,0.685809,0.716457,0.633585,0.673888,0.690066,0.592522,0.619026,0.540514,0.495670,0.411361,0.336201,0.250322,0.183260,
0.491050,1.279195,0.708657,0.558236,0.673754,0.610527,0.671769,0.653300,0.796309,0.629173,0.624582,0.684139,0.635889,0.633262,0.556921,0.682979,0.551053,0.511297,0.396086,0.270948,0.323155,
nan,nan,nan,0.523319,0.559718,0.616688,0.576840,0.428993,0.787018,0.710890,0.647212,0.639171,0.541580,0.748590,0.622354,0.598634,0.784948,0.448480,0.400036,0.411036,0.239057,
nan,0.750031,0.783937,0.807217,0.844993,0.869018,0.716912,0.674753,0.718504,0.712443,0.540018,0.552241,0.480222,0.400683,0.422162,0.384821,0.218756,0.203887,0.239504,0.059711,nan,
0.768713,0.786833,0.759209,0.801023,0.752682,0.736456,0.700498,0.698670,0.636198,0.622204,0.591315,0.574937,0.517911,0.459905,0.441471,0.367911,0.312552,0.232734,0.200571,0.113491,0.055256,
0.741055,0.773677,0.786076,0.753636,0.778790,0.745727,0.694090,0.671427,0.643260,0.632464,0.606258,0.539750,0.510616,0.465509,0.406083,0.382236,0.307510,0.241895,0.164960,0.097945,0.070451,
0.729653,0.737851,0.742375,0.741843,0.734079,0.713539,0.691171,0.662583,0.641022,0.599004,0.570126,0.551091,0.482809,0.449158,0.437202,0.361529,0.288786,0.233537,0.184894,0.104496,0.076535,
0.681840,0.689930,0.693452,0.678763,nan,0.690778,0.658918,0.639970,0.623151,0.580138,0.560408,0.508259,0.483142,0.461350,0.399678,0.365124,0.276999,0.231643,0.190551,0.116958,0.078336,
0.664411,0.655405,0.667786,0.660599,0.644702,0.625413,0.624104,0.597761,0.587478,0.547580,0.523658,0.506506,0.470543,0.419730,0.383521,0.341197,0.268309,0.207402,0.174706,0.127689,0.073971,
0.524646,0.600524,0.631502,0.624198,0.599503,0.599845,0.585081,0.563757,0.569187,0.541843,0.499809,0.494204,0.599574,0.408715,0.373499,0.337413,0.266998,0.231444,0.160354,0.118775,0.077906,
0.524679,0.529319,0.561592,0.578912,0.557989,0.573473,0.551869,0.553821,0.531164,0.513106,0.494509,0.495331,0.437029,0.387666,0.366359,0.340993,0.260748,0.200005,0.152546,0.110978,0.065774,
0.605887,0.530378,0.535174,0.537459,0.519796,0.545323,0.522042,0.525573,0.494361,0.498259,0.491252,0.459749,0.426502,0.407967,0.352196,0.331237,0.264596,0.205728,0.147356,0.106366,0.065999,
0.886521,0.529086,0.517451,0.520611,0.504667,0.517482,0.516205,0.495812,0.487546,0.492219,0.469049,0.441317,0.421069,0.402035,0.363154,0.333872,0.263226,0.213696,0.166748,0.108303,0.088858,
0.648986,0.552074,0.510443,0.527650,0.508243,0.489781,0.504081,0.500339,0.483623,0.502073,0.498668,0.464717,0.448366,0.410065,0.384516,0.328008,0.277487,0.228384,0.168215,0.111764,0.090200,
0.421522,0.572324,0.559650,0.535497,0.498204,0.526893,0.524156,0.514916,0.525154,0.506393,0.504558,0.499103,0.487532,0.434112,0.419868,0.361428,0.303050,0.250688,0.171267,0.127028,0.093783,
0.653618,0.609752,0.583797,0.565352,0.533786,0.521170,0.546304,0.521537,0.569497,0.528332,0.519033,0.503491,0.514229,0.471921,0.418434,0.389577,0.338575,0.281593,0.200721,0.167566,0.116337,
0.499190,0.625251,0.637215,0.577931,0.575879,0.603928,0.593417,0.578589,0.666083,0.581669,0.565771,0.565272,0.544536,0.491873,0.497231,0.428537,0.399917,0.271906,0.238552,0.164384,0.124434,
0.646376,0.704238,0.727243,0.595607,0.600429,0.643113,0.577753,0.609669,0.653679,0.590636,0.593324,0.596166,0.560026,0.544829,0.496717,0.478149,0.405685,0.345217,0.262698,0.198652,0.136249,
0.825502,0.706325,0.642397,0.623200,0.650560,0.597314,0.605381,0.710742,0.611802,0.614125,0.629445,0.610135,0.572941,0.584176,0.579539,0.519624,0.433963,0.367063,0.276593,0.247601,0.158151,
1.703560,0.654974,0.715762,0.637503,0.692334,0.593852,0.639075,0.623300,0.688580,0.663268,0.613351,0.687894,0.637271,0.613330,0.632943,0.553599,0.508765,0.411172,0.320645,0.262111,0.202513,
nan,0.532755,0.621757,0.725756,0.597930,0.685790,0.670168,0.597897,0.589181,0.770864,0.651698,0.681756,0.595299,0.592377,0.608686,0.573073,0.520544,0.536766,0.382233,0.299007,0.302458,
nan,nan,0.741218,nan,0.992922,0.458020,0.546144,0.748460,1.573106,0.500672,0.760587,0.600738,0.718543,0.719146,0.548439,0.572978,0.562057,0.482233,0.536342,0.322060,0.416222,
nan,0.791028,0.738112,0.742449,0.801045,0.805990,0.698053,0.744237,1.072413,0.620021,0.616858,0.520136,0.502845,0.430305,0.402438,0.349232,0.209837,0.201358,0.117037,0.064227,nan,
0.815805,0.700274,0.792826,0.783729,0.753172,0.690869,0.733958,0.709946,0.711868,0.623963,0.608601,0.625150,0.513270,0.461887,0.475814,0.356865,0.321592,0.243342,0.159136,0.142739,0.053529,
0.754969,0.763352,0.756767,0.752297,0.731886,0.746329,0.733064,0.718744,0.644813,0.616157,0.609284,0.543147,0.520445,0.481103,0.428052,0.399006,0.302328,0.228956,0.165207,0.132224,0.071925,
0.764416,0.731159,0.739275,0.727984,0.720657,0.728146,0.683843,0.659348,0.676490,0.677617,0.595297,0.546486,0.530224,0.466383,0.418007,0.354942,0.299841,0.242111,0.173666,0.100386,0.073827,
0.770198,0.683980,0.725417,0.715798,0.704882,0.668271,0.655492,0.627322,0.613318,0.591509,0.575705,0.530057,0.470931,0.442590,0.408547,0.360370,0.294763,0.220167,0.167735,0.109363,0.086022,
0.782978,0.641582,0.639915,0.655208,0.634733,0.644952,0.652417,0.613456,0.584575,0.586392,0.538464,0.494637,0.459047,0.450647,0.387757,0.333787,0.285376,0.217138,0.175591,0.110487,0.071937,
0.630022,0.578914,0.576962,0.603357,0.602478,0.602287,nan,0.567220,0.558996,0.537748,0.507606,0.487968,0.455226,0.409856,0.371225,0.318951,0.265906,0.203439,0.179160,0.117135,0.076928,
0.534976,0.549935,0.537108,0.559539,0.558585,0.579961,0.550845,0.547858,0.533515,0.511581,0.489618,0.474968,0.488739,0.392819,0.371679,0.361532,0.255036,0.230984,0.158810,0.126581,0.072439,
0.510758,0.517348,0.516191,0.515483,0.552689,0.536873,0.533214,0.524464,0.495862,0.491517,0.483535,0.468397,0.437162,0.392993,0.367229,0.320337,0.266236,0.221213,0.151310,0.131541,0.067427,
0.600567,0.528845,0.494570,0.487636,0.530171,0.531352,0.511352,0.505852,0.484255,0.492564,0.482650,0.448375,0.422897,0.415222,0.355047,0.328105,0.280243,0.202065,0.151911,0.116902,0.068228,
0.643523,0.528740,0.483769,0.480243,0.492925,0.555138,0.507685,0.526589,0.506218,0.486269,0.496980,0.462800,0.454956,0.422436,0.371419,0.356986,0.277434,0.224255,0.160435,0.123821,0.083019,
0.612727,0.542886,0.503359,0.500002,0.510284,0.543847,0.513945,0.627243,0.520553,0.509428,0.500973,0.460392,0.491475,0.441198,0.410719,0.347995,0.293334,0.237759,0.193413,0.130613,0.086442,
0.607591,0.601889,0.544459,0.519684,0.567883,0.569190,0.532285,0.716231,0.523421,0.546560,0.532531,0.521223,0.501144,0.466002,0.459654,0.403522,0.322953,0.278398,0.191158,0.137930,0.100878,
0.588154,0.623947,0.594051,0.552968,0.617293,0.577211,0.543175,0.576057,0.558191,0.564283,0.574851,0.550030,0.539321,0.502829,0.482335,0.445959,0.390812,0.293032,0.244669,0.162642,0.123406,
nan,0.628238,0.661893,0.638918,0.584319,0.628392,0.589892,0.631521,0.587247,0.595658,0.611536,0.567419,0.559342,0.562068,0.495451,0.476134,0.433814,0.355719,0.268708,0.170757,0.166296,
0.848150,1.471745,0.685638,0.623080,0.656414,0.576241,0.601859,0.627987,0.588782,0.617391,0.688922,0.596323,0.604326,0.613727,0.572433,0.489310,0.464503,0.387719,0.296624,0.219151,0.146707,
nan,0.798654,0.672353,0.826143,0.672566,0.623866,0.714936,0.700976,0.676252,0.643708,0.619095,0.655100,0.643892,0.606432,0.634699,0.540552,0.529025,0.410860,0.325967,0.270100,0.189454,
1.096325,0.774985,0.666634,0.604393,0.639824,0.616295,0.727714,0.576601,0.820329,0.626144,0.586293,0.795414,0.666180,0.609124,0.600330,0.600735,0.545026,0.496497,0.391130,0.293144,0.271161,
nan,nan,nan,0.747783,0.645830,0.651445,0.634575,0.662881,0.534624,0.762033,0.576021,0.562357,0.556771,0.526919,0.631156,0.602018,0.568836,0.467066,0.749283,0.368379,0.323233,
nan,0.825031,0.825941,0.725402,0.730300,0.762615,0.721978,0.801251,0.657502,0.662965,0.593624,0.458634,0.418113,0.417026,0.433193,0.393806,0.229705,0.210407,0.205511,0.068339,nan,
0.727495,0.753160,0.750292,0.782164,0.745549,0.753306,0.735121,0.680857,0.650669,0.629633,0.611177,0.573472,0.506384,0.492421,0.443218,0.354946,0.290285,0.213479,0.160823,0.100504,0.073926,
0.627325,0.757088,0.778179,0.752225,0.721922,0.728870,0.695518,0.700109,0.652801,0.631789,0.567393,0.585373,0.514433,0.496889,0.443038,0.368220,0.289211,0.250848,0.174945,0.105115,0.056201,
0.606440,0.746057,0.760121,0.731820,0.730750,0.699290,0.695102,0.678102,0.630990,0.596536,0.574452,0.536313,0.506821,0.446370,0.401539,0.413870,0.301980,0.209886,0.169576,0.116192,0.081730,
0.651630,0.702361,0.692739,0.692780,0.681110,0.680386,0.653547,0.623646,0.656671,0.630177,0.563280,0.525115,0.524316,0.444935,0.375369,0.354468,0.303003,0.235455,0.170919,0.101488,0.068677,
0.712173,0.649292,0.648736,0.692537,0.657371,0.643237,0.626621,0.603363,0.585657,0.576813,0.551874,0.516293,0.467188,0.418336,0.397523,0.357047,0.274290,0.213451,0.164868,0.100132,0.077584,
0.714077,0.608169,0.613908,0.652414,0.613399,0.613231,0.591683,0.564912,0.556934,0.538243,0.511371,0.499681,0.456818,0.413213,0.378518,0.342965,0.269682,0.205513,0.159197,0.101859,0.077697,
0.586809,0.572724,0.571489,0.597306,0.564802,0.571112,0.552633,0.554875,0.544951,0.512512,0.487693,0.465369,0.442778,0.408837,0.361788,0.299877,0.270943,0.210595,0.154539,0.112153,0.086302,
0.548655,0.529761,0.558504,0.533084,0.526433,0.529887,0.526863,0.529645,0.497151,0.505111,0.472017,0.470529,0.444281,0.398476,0.357425,0.340414,0.257598,0.206861,0.159548,0.108402,0.081236,
0.464135,0.508304,0.544451,0.501451,0.516746,0.518379,0.512972,0.517929,0.504086,0.524602,0.481958,0.449107,0.441643,0.408724,0.365894,0.339374,0.279980,0.231035,0.169626,0.117055,0.087258,
0.595928,0.489657,0.514614,0.478189,0.518142,0.505012,0.497030,0.531661,0.506972,0.492233,0.484682,0.463940,0.443659,0.426755,0.374370,0.334603,0.312713,0.237872,0.179612,0.117891,0.090056,
0.514124,0.519324,0.508678,0.485290,0.542042,0.533294,0.526300,0.519811,0.534947,0.510712,0.522415,0.489479,0.489528,0.444260,0.406652,0.359380,0.325986,0.251793,0.184904,0.126435,0.095771,
0.858406,0.548517,0.489013,0.516549,0.527697,0.544979,0.547831,0.548845,0.574110,0.555961,0.512427,0.525139,0.506827,0.473715,0.445827,0.387218,0.338789,0.260389,0.208277,0.138461,0.096651,
0.707076,0.632473,0.531001,0.581067,0.559068,0.617886,0.550194,0.626666,0.563949,0.576829,0.553358,0.538740,0.533421,0.514303,0.480061,0.436465,0.373216,0.313844,0.225551,0.163572,0.100427,
0.658521,0.689524,0.576054,0.598219,0.615784,0.635014,0.589640,0.609239,0.608795,0.595127,0.588555,0.581938,0.572592,0.570866,0.516037,0.475561,0.422694,0.348700,0.262367,0.178043,0.136800,
0.930581,0.654656,0.638411,0.604693,0.590477,0.661171,0.645143,0.699565,0.656917,0.630438,0.618107,0.630592,0.596768,0.607823,0.558244,0.498248,0.531559,0.416477,0.297523,0.232365,0.166653,
0.796928,0.842067,0.653365,0.687195,0.695110,0.735543,0.682871,0.594216,0.700323,0.641547,0.632889,0.628758,0.629152,0.598617,0.572857,0.568614,0.501114,0.439291,0.347307,0.238570,0.218843,
0.619758,0.685098,1.010913,0.738851,0.713666,0.608674,0.648336,0.635872,0.645296,0.679895,0.647090,0.712261,0.622479,0.710789,0.574065,0.608801,0.566064,0.512532,0.424510,0.310755,0.281444,
nan,nan,nan,0.518912,0.929053,1.076360,0.572938,0.752126,0.641613,0.650658,0.713916,0.613067,1.118846,0.706943,0.660599,0.605260,0.527809,0.581248,0.437590,0.422481,0.288236,
nan,0.819868,0.769057,0.719434,0.716427,0.752314,0.646783,0.761372,0.599595,0.764171,0.555765,0.489243,0.548840,0.651226,0.380489,0.266795,0.226802,0.276334,0.141625,0.075381,nan,
1.080501,nan,0.773145,0.740122,0.754329,0.797348,0.703253,0.669207,0.646118,0.691753,0.583704,0.603486,0.501770,0.463967,0.435000,0.436760,0.283544,0.222982,0.185582,0.108290,0.056750,
0.705895,0.771369,0.682317,0.767416,0.739086,0.723813,0.691471,0.667164,0.642761,0.627292,0.584796,0.596043,0.518187,0.477631,0.440948,0.370366,0.290865,0.224855,0.156828,0.138839,0.068686,
0.679112,0.740762,0.726237,0.725561,0.717623,0.715904,0.719885,0.672908,0.643522,0.611674,0.571613,0.557228,0.529788,0.462481,0.434850,0.371176,0.272629,0.226794,0.158288,0.137414,0.067501,
0.620924,0.696806,0.676544,0.714736,0.686827,0.685773,0.675993,0.644575,0.612445,0.581674,0.550934,0.528205,0.501453,0.437805,0.400980,0.383529,0.269031,0.201863,0.166404,0.118021,0.073544,
0.587492,0.655749,0.623038,0.668265,0.652402,0.635693,0.626574,0.595603,0.601311,0.581118,0.537377,0.506705,0.500034,0.424848,0.364670,0.342095,0.280479,0.216029,0.159652,0.101223,0.078289,
0.668063,0.610168,0.586112,0.628887,0.609830,0.610360,0.613105,0.575963,0.559674,0.555319,0.510049,0.492229,0.469593,0.412707,0.358211,0.324780,0.276931,0.204635,0.153012,0.094097,0.073188,
0.503028,0.571601,0.570627,0.592501,0.568114,0.562825,0.557913,0.542412,0.527029,0.523094,0.488552,0.481961,0.446636,0.400038,0.353632,0.329834,0.267797,0.209965,0.154812,0.097362,0.062706,
0.460123,0.545096,0.535588,0.562836,0.540640,0.517717,0.526746,0.525603,0.511994,0.500988,0.479132,0.467241,0.445348,0.403814,0.353897,0.327010,0.265462,0.213311,0.154132,0.098591,0.068899,
0.451217,0.516798,0.516688,0.510156,0.520429,0.499387,0.515059,0.520978,0.500824,0.489627,0.489880,0.461115,0.430463,0.407115,0.369033,0.322882,0.272909,0.216335,0.162457,0.112278,0.074970,
0.491066,0.517092,0.521971,0.508225,0.522560,0.492572,0.513801,0.504397,0.519294,0.490348,0.493451,0.470746,0.446564,0.419143,0.386258,0.334373,0.297091,0.221761,0.200089,0.131316,0.079306,
0.579220,0.491608,0.516792,0.544863,0.522350,0.514711,0.509931,0.522993,0.540842,0.512946,0.506379,0.492105,0.478768,0.451675,0.408425,0.348065,0.333659,0.252011,0.245161,0.154527,0.085102,
0.589516,0.519333,0.547628,0.556963,0.531334,0.531012,0.563571,0.545054,0.552168,0.563693,0.522792,0.511765,0.510612,0.496568,0.444980,0.382583,0.358580,0.275871,0.294427,0.183243,0.113553,
0.920240,0.568214,0.543087,0.605333,0.550029,0.552212,0.580681,0.573046,0.576512,0.585226,0.577722,0.543697,0.530033,0.518487,0.494764,0.428210,0.369161,0.302743,0.258367,0.184402,0.122030,
0.513126,0.648569,0.615145,0.664686,0.570334,0.559449,0.580543,0.601768,0.613587,0.657386,0.594995,0.606388,0.565094,0.553751,0.525472,0.474575,0.408215,0.352860,0.290461,0.210491,0.160699,
0.962085,0.741903,0.692642,0.616330,0.574693,0.600642,0.631384,0.665317,0.642134,0.690148,0.661727,0.664997,0.585532,0.587252,0.567605,0.515716,0.481994,0.375881,0.317982,0.229339,0.162461,
0.664850,0.782125,0.644865,0.619673,0.625692,0.633645,0.634723,0.605899,0.606617,0.636752,0.670099,0.626438,0.695692,0.585538,0.586985,0.562998,0.520227,0.501411,0.349027,0.296798,0.219559,
nan,0.707592,0.628008,0.704584,0.624279,0.632543,0.611093,0.590383,0.630488,0.682537,0.632410,0.639831,0.661859,0.629105,0.684454,0.582532,0.526065,0.528570,0.413384,0.322289,0.244923,
nan,nan,nan,nan,nan,1.043339,0.497868,0.683501,0.805441,0.542154,0.703684,0.749207,0.673692,1.059446,0.780389,0.592009,0.552242,0.483143,0.457941,0.393653,0.304204,
0.837023,0.724283,0.860351,0.730166,0.693011,0.852737,0.694927,0.752339,0.695110,0.624814,0.605853,0.523192,0.495301,0.401606,0.357393,0.260854,0.249151,0.252711,0.088026,0.118242,nan,
0.669886,0.784212,0.765756,0.758238,0.712743,0.858756,0.771884,0.712766,0.648290,0.685724,0.594617,0.538217,0.507282,0.489792,0.382003,0.392716,0.269359,0.203570,0.202007,0.107521,0.071324,
0.667999,0.787521,0.770171,0.747607,0.716169,0.776712,0.735041,0.642819,0.650213,0.663722,0.574641,0.568328,0.485241,0.460868,0.411426,0.420513,0.265563,0.225596,0.181593,0.112407,0.069300,
0.679859,0.785922,0.716448,0.735886,0.705413,0.729670,0.685925,0.635026,0.628967,0.629514,0.571471,0.595319,0.472673,0.444838,0.424281,0.370790,0.271642,0.243475,0.165047,0.116500,0.086426,
0.615651,0.742247,0.671394,0.702760,0.694800,0.692072,0.713053,0.638812,0.623241,0.591032,0.566932,0.548849,0.461574,0.447731,0.428093,0.356652,0.276423,0.235208,0.154986,0.127769,0.109778,
0.712713,0.675062,0.639861,0.664056,0.653224,0.648573,0.654280,0.626068,0.597955,0.558084,0.535977,0.529312,0.476633,0.435101,0.402165,0.347589,0.269109,0.209856,0.169647,0.131805,0.103370,
0.717023,0.619557,0.610511,0.606747,0.602098,0.608750,0.593408,0.579982,0.566934,0.534393,0.503843,0.498908,0.466308,0.424525,0.377215,0.333933,0.260632,0.205408,0.159737,0.122682,0.087736,
0.693400,0.584658,0.583471,0.584229,0.577193,0.555745,0.553423,0.552117,0.544125,0.509388,0.487973,0.474858,0.465836,0.425156,0.364351,0.324656,0.279780,0.209169,0.140445,0.122706,0.073065,
0.662153,0.535621,0.534486,0.505625,0.555489,0.514534,0.519154,0.527596,0.511819,0.501398,0.473089,0.470145,0.450488,0.407446,0.355935,0.319405,0.282021,0.215287,0.142628,0.108232,0.066760,
0.690061,0.485352,0.525430,0.499923,0.579964,0.504137,0.504659,0.511536,0.515836,0.491844,0.470873,0.473134,0.438999,0.431401,0.358485,0.318870,0.274778,0.219889,0.159010,0.106389,0.072712,
0.983180,0.472919,0.526751,0.479156,0.537646,0.513781,0.504896,0.521152,0.516562,0.507195,0.495676,0.475349,0.456451,0.434693,0.381051,0.342415,0.297593,0.219216,0.186772,0.102934,0.078525,
0.766178,0.440169,0.535803,0.497173,0.546009,0.545729,0.520759,0.545101,0.514489,0.514124,0.516182,0.490783,0.481093,0.460042,0.427138,0.375644,0.331714,0.223225,0.198378,0.111385,0.091396,
0.608141,0.505712,0.536311,0.511514,0.568074,0.550798,0.540293,0.573912,0.542700,0.549000,0.549611,0.503680,0.508485,0.487931,0.469502,0.411754,0.367121,0.247999,0.226632,0.135523,0.094242,
0.678212,0.554601,0.549176,0.570501,0.560632,0.579263,0.594531,0.604677,0.586268,0.631514,0.568568,0.565993,0.534448,0.524383,0.485053,0.477303,0.415963,0.298749,0.240079,0.179967,0.107109,
0.531713,0.616255,0.525016,0.564085,0.551686,0.623316,0.653234,0.634595,0.607520,0.700383,0.582759,0.632319,0.570030,0.560996,0.528563,0.477392,0.407062,0.344440,0.261194,0.202852,0.141415,
0.835498,0.654362,0.559284,0.754808,0.580733,0.607634,0.632817,0.652185,0.679016,0.680066,0.604335,0.665217,0.600829,0.593978,0.563174,0.523217,0.507616,0.441197,0.294977,0.225799,0.158561,
0.578039,0.609912,0.630903,0.656534,0.647450,0.629960,0.601985,0.706183,0.682309,0.663860,0.750229,0.608573,0.641128,0.585116,0.572117,0.540050,0.515891,0.416410,0.360609,0.288414,0.215794,
0.742870,0.997064,0.810582,0.838163,0.783376,0.594536,0.584897,0.578833,0.729405,0.679365,0.684028,0.644728,0.635537,0.650650,0.611712,0.593620,0.562074,0.512596,0.475191,0.341782,0.298435,
nan,nan,nan,nan,nan,nan,nan,nan,nan,nan,0.839680,0.640082,0.609945,0.736325,0.706887,0.700686,0.543986,0.526629,0.515622,0.357160,0.262070,
