0.170881,0.158987,0.135412,0.142082,0.150974,0.150555,0.132951,0.117261,0.126874,0.094547,0.096255,0.077517,0.075228,0.054710,0.038883,0.039307,0.027850,0.017225,0.013172,0.020027,0.003769,
0.144811,0.154011,0.131457,0.140652,0.136846,0.139031,0.130909,0.116082,0.109472,0.091723,0.082459,0.072934,0.071330,0.055476,0.044353,0.036869,0.030299,0.018521,0.012607,0.009081,0.004275,
0.145500,0.150867,0.126004,0.145749,0.132056,0.132854,0.120356,0.113579,0.102805,0.090682,0.079665,0.076758,0.062076,0.056682,0.044105,0.038403,0.029240,0.019276,0.014394,0.008763,0.004212,
0.151649,0.143341,0.131083,0.145194,0.125704,0.130183,0.116388,0.107446,0.097704,0.089658,0.078939,0.074056,0.059496,0.056937,0.044648,0.040034,0.029958,0.021250,0.015937,0.008811,0.004510,
0.142083,0.133253,0.123062,0.137169,0.114622,0.118918,0.108481,0.104296,0.092241,0.086570,0.075830,0.071859,0.059315,0.055640,0.047036,0.040669,0.031796,0.022661,0.017407,0.008848,0.004974,
0.133593,0.127342,0.115145,0.124770,0.104747,0.104053,0.100861,0.098712,0.087707,0.085793,0.072584,0.068195,0.061412,0.055684,0.048021,0.042345,0.033770,0.024656,0.018270,0.009287,0.005211,
0.117220,0.114159,0.101341,0.110094,0.099433,0.097637,0.092688,0.091031,0.081200,0.083040,0.072609,0.068092,0.062688,0.059226,0.051778,0.047317,0.038352,0.028579,0.020074,0.010739,0.006031,
0.096355,0.097037,0.089760,0.100798,0.093622,0.093300,0.088422,0.084823,0.079792,0.077472,0.071338,0.069775,0.065728,0.061214,0.059100,0.051873,0.044211,0.032920,0.023235,0.011795,0.006938,
0.087101,0.089180,0.080615,0.093775,0.089125,0.087858,0.084494,0.082726,0.077223,0.075581,0.075303,0.072048,0.072212,0.065260,0.066121,0.059966,0.053123,0.040445,0.026421,0.013591,0.008130,
0.079897,0.087584,0.083671,0.087551,0.081834,0.083771,0.083091,0.080896,0.074445,0.078075,0.081568,0.076712,0.077837,0.076051,0.074574,0.071937,0.061424,0.050087,0.032384,0.015821,0.007914,
0.070799,0.082866,0.084376,0.086014,0.081253,0.083187,0.087575,0.080907,0.078199,0.083725,0.089362,0.082648,0.089075,0.088925,0.087955,0.087829,0.076385,0.060809,0.038729,0.018571,0.008397,
0.076316,0.078413,0.081604,0.083400,0.084880,0.081699,0.089789,0.083743,0.084152,0.093987,0.102072,0.097213,0.106181,0.107042,0.113704,0.109811,0.097231,0.074724,0.047223,0.020859,0.008517,
0.083726,0.091997,0.087053,0.087302,0.090863,0.091548,0.094408,0.093053,0.092540,0.106018,0.115286,0.115815,0.123224,0.129983,0.141381,0.134560,0.123865,0.091902,0.057299,0.022772,0.009053,
0.073530,0.084695,0.083116,0.086295,0.088600,0.098883,0.098803,0.101681,0.099124,0.121883,0.131919,0.142575,0.151985,0.168719,0.176920,0.176443,0.152845,0.112559,0.063965,0.021833,0.008307,
0.072867,0.087197,0.092128,0.095723,0.093963,0.107970,0.119081,0.121283,0.122333,0.143615,0.152487,0.171249,0.186150,0.205946,0.226189,0.222259,0.196455,0.133731,0.065362,0.019038,0.006935,
0.102253,0.083792,0.094354,0.101810,0.108037,0.110442,0.121982,0.125414,0.146086,0.169528,0.186781,0.209463,0.241154,0.262688,0.282581,0.282255,0.230079,0.152522,0.053454,0.014693,0.006252,
0.059911,0.076621,0.091876,0.097752,0.125731,0.139598,0.145988,0.140553,0.171338,0.194713,0.222410,0.249909,0.284677,0.326920,0.354070,0.328677,0.256553,0.121525,0.031146,0.009669,0.004256,
0.103876,0.083139,0.089815,0.107207,0.124096,0.148043,0.146123,0.181821,0.200897,0.231637,0.273673,0.314086,0.352598,0.398234,0.405910,0.341404,0.188645,0.050532,0.015372,0.005871,0.001921,
nan,nan,nan,nan,nan,nan,nan,nan,nan,nan,0.343126,0.380216,0.354196,0.423399,0.381300,0.226161,0.077702,0.017308,0.007314,0.003507,nan,
nan,nan,0.161753,0.133834,0.151066,0.122031,0.142887,0.116308,0.134096,0.101727,0.080961,0.072051,0.073877,0.054722,0.045626,0.034094,0.041016,0.025772,0.013250,0.008404,0.004517,
nan,0.154451,0.146413,0.145003,0.141257,0.129509,0.127152,0.115354,0.106719,0.091600,0.079111,0.076380,0.062556,0.054529,0.041982,0.035825,0.026978,0.018830,0.013629,0.007579,0.003873,
0.160190,0.147609,0.142274,0.142565,0.136518,0.123420,0.122889,0.107208,0.103231,0.092770,0.083037,0.072913,0.063144,0.056521,0.044629,0.035972,0.029388,0.020331,0.014695,0.007792,0.004149,
0.197049,0.139747,0.137034,0.135414,0.126629,0.121516,0.114041,0.103440,0.098647,0.090265,0.081023,0.073600,0.061223,0.056382,0.048151,0.037619,0.029091,0.021342,0.014984,0.008428,0.004493,
0.125915,0.129127,0.132442,0.126271,0.119802,0.111145,0.105809,0.097514,0.094221,0.085445,0.081203,0.069279,0.062319,0.055017,0.047690,0.039586,0.031301,0.023415,0.015725,0.008906,0.004824,
0.134575,0.117571,0.120321,0.117785,0.112307,0.103462,0.099234,0.091376,0.088171,0.080894,0.077829,0.068923,0.062957,0.056692,0.050051,0.042278,0.033757,0.026396,0.017309,0.009750,0.005197,
0.124100,0.109343,0.107369,0.102095,0.103231,0.096720,0.093520,0.090162,0.085359,0.078719,0.074319,0.070279,0.064319,0.057620,0.052119,0.045866,0.038052,0.029354,0.019612,0.010986,0.005927,
0.116288,0.097922,0.099869,0.093941,0.091730,0.086367,0.088461,0.083582,0.080193,0.076895,0.073362,0.069123,0.067137,0.061015,0.056700,0.053374,0.043346,0.033926,0.022575,0.012504,0.006413,
0.094890,0.089502,0.092008,0.087627,0.083953,0.083357,0.083367,0.079850,0.078486,0.078367,0.072882,0.070776,0.070939,0.067945,0.064706,0.059880,0.050948,0.041758,0.026182,0.013936,0.007103,
0.082313,0.084088,0.082975,0.081422,0.079461,0.081378,0.079719,0.077423,0.078272,0.079842,0.076335,0.076664,0.077043,0.077390,0.075250,0.072035,0.060357,0.048747,0.030701,0.016319,0.007775,
0.075333,0.079344,0.080135,0.078493,0.079838,0.078205,0.082615,0.080810,0.080833,0.087078,0.085157,0.087644,0.089477,0.092098,0.090691,0.085783,0.076026,0.058288,0.037263,0.018797,0.008108,
0.075136,0.078597,0.079839,0.080633,0.082858,0.079180,0.086142,0.086032,0.089073,0.093989,0.094724,0.103696,0.106359,0.110973,0.110312,0.104470,0.093554,0.072535,0.044891,0.020830,0.008069,
0.075130,0.080672,0.078093,0.082729,0.081931,0.082355,0.091297,0.092503,0.099003,0.105808,0.109075,0.119520,0.124153,0.135451,0.135902,0.134239,0.119400,0.089298,0.054295,0.021542,0.008609,
0.065486,0.083774,0.079441,0.082636,0.086407,0.091538,0.100122,0.102665,0.109493,0.117457,0.129010,0.140340,0.152391,0.168096,0.170309,0.171041,0.151882,0.112228,0.060731,0.020410,0.007923,
0.068743,0.082643,0.084051,0.084834,0.094730,0.102897,0.109994,0.120272,0.126862,0.136018,0.156349,0.171012,0.193654,0.207962,0.220825,0.213992,0.191332,0.130123,0.061717,0.018024,0.007325,
0.084600,0.084286,0.086653,0.090901,0.096236,0.107676,0.116700,0.132886,0.143652,0.159934,0.189967,0.205266,0.235755,0.256092,0.277058,0.273276,0.222237,0.142363,0.049206,0.013846,0.006386,
0.092630,0.096297,0.097797,0.102437,0.107421,0.123536,0.136358,0.143076,0.167089,0.191333,0.223586,0.253621,0.285584,0.324983,0.336889,0.314624,0.238697,0.114480,0.029596,0.010066,0.005075,
nan,0.111707,0.101532,0.105843,0.138034,0.137938,0.145710,0.170107,0.199466,0.226440,0.264435,0.323147,0.357283,0.392879,0.377325,0.329680,0.187234,0.056184,0.017273,0.006679,0.003079,
nan,nan,nan,nan,0.119624,0.179032,0.157980,0.171726,0.220222,0.286416,0.298048,0.345208,0.385087,0.416201,0.378418,0.272246,0.100185,0.030030,0.010163,0.003649,0.000834,
nan,0.157977,0.148875,0.138082,0.145854,0.138560,0.127433,0.111496,0.103277,0.098869,0.084434,0.073091,0.061689,0.054405,0.040498,0.042210,0.030650,0.017639,0.020287,0.011115,0.004004,
0.138172,0.147809,0.154276,0.145465,0.142059,0.130239,0.126825,0.108092,0.105909,0.098153,0.090960,0.074672,0.064737,0.054201,0.044981,0.035699,0.028496,0.020088,0.014999,0.007396,0.004446,
0.133312,0.144680,0.147306,0.140904,0.132750,0.129747,0.118275,0.109409,0.104929,0.096040,0.082258,0.074950,0.062973,0.053538,0.045690,0.035844,0.027844,0.020953,0.015687,0.007919,0.004171,
0.120812,0.140392,0.136230,0.130640,0.132139,0.118626,0.114473,0.102619,0.097031,0.088507,0.080127,0.071449,0.062197,0.050430,0.043643,0.037552,0.029802,0.021443,0.013792,0.008051,0.004478,
0.124080,0.126445,0.127878,0.118654,0.121039,0.114574,0.108197,0.098762,0.092102,0.086993,0.077687,0.071525,0.060502,0.054182,0.045018,0.039025,0.032171,0.023481,0.015726,0.008981,0.005188,
0.112264,0.117693,0.118127,0.114440,0.111303,0.107168,0.099927,0.096110,0.090145,0.082092,0.073179,0.069218,0.060606,0.054695,0.049103,0.040614,0.034316,0.026844,0.017357,0.010111,0.005310,
0.108176,0.111024,0.106657,0.106182,0.101514,0.099080,0.090759,0.088578,0.084596,0.078846,0.072913,0.066989,0.062966,0.056122,0.050999,0.046008,0.037539,0.029872,0.019353,0.010482,0.006026,
0.086181,0.098513,0.097602,0.096424,0.093928,0.091823,0.086585,0.084618,0.078205,0.078341,0.073514,0.068859,0.066908,0.060279,0.056787,0.051640,0.042907,0.034107,0.021652,0.011882,0.006147,
0.094422,0.089966,0.089690,0.089457,0.087428,0.087462,0.081484,0.079036,0.075566,0.077541,0.075485,0.070714,0.069037,0.066730,0.064111,0.059684,0.050058,0.039037,0.024875,0.014072,0.007100,
0.083867,0.086005,0.083298,0.085637,0.082205,0.084125,0.079896,0.079957,0.076926,0.079636,0.080239,0.077187,0.078336,0.075160,0.073205,0.070049,0.060486,0.046818,0.029616,0.016244,0.007346,
0.077453,0.077047,0.078434,0.084039,0.081919,0.082282,0.080838,0.080953,0.082386,0.082723,0.086499,0.087006,0.089501,0.089662,0.087879,0.083733,0.075555,0.057585,0.036013,0.017216,0.008001,
0.075395,0.078841,0.077498,0.082691,0.083797,0.082464,0.084093,0.084316,0.087721,0.088815,0.098694,0.100213,0.105420,0.107334,0.107048,0.104121,0.091463,0.071407,0.044278,0.019479,0.008449,
0.065305,0.077133,0.080436,0.085098,0.083335,0.087271,0.089673,0.093195,0.096781,0.101835,0.111969,0.115880,0.123375,0.130585,0.136444,0.129062,0.113420,0.088235,0.052204,0.020131,0.008199,
0.056420,0.086369,0.081463,0.084872,0.088681,0.093545,0.094413,0.098701,0.106930,0.120443,0.129102,0.138330,0.151099,0.163699,0.168052,0.160578,0.144138,0.106725,0.055659,0.019511,0.007903,
0.078582,0.079705,0.088679,0.085280,0.094944,0.105590,0.107091,0.109103,0.121787,0.137287,0.154179,0.169684,0.186513,0.203590,0.209557,0.201927,0.176516,0.120967,0.056325,0.018659,0.007036,
0.097171,0.080149,0.097842,0.095244,0.096249,0.110576,0.111360,0.125957,0.147474,0.159043,0.168398,0.209880,0.232585,0.251942,0.262336,0.250800,0.207071,0.127339,0.050128,0.013438,0.006455,
nan,0.082588,0.085123,0.098339,0.123028,0.122221,0.129293,0.143447,0.163180,0.188560,0.211134,0.248219,0.272609,0.306372,0.311377,0.288074,0.211528,0.109028,0.030557,0.009459,0.004734,
0.063935,0.079963,0.097346,0.102304,0.110283,0.125112,0.149335,0.171552,0.195709,0.222079,0.252771,0.305070,0.332302,0.356300,0.356431,0.297153,0.180820,0.056346,0.015483,0.006534,0.002847,
nan,nan,nan,0.095853,0.111652,0.171865,0.139822,0.190842,0.222398,0.271347,0.279307,0.298942,0.346731,0.378914,0.365963,0.233328,0.080427,0.020952,0.009965,0.003654,0.001253,
nan,0.159915,0.138209,0.135796,0.144373,0.132091,0.126862,0.123431,0.087960,0.092842,0.084203,0.086413,0.063187,0.050565,0.040805,0.037886,0.025738,0.016284,0.019327,0.008703,0.003375,
0.162613,0.153241,0.155961,0.143164,0.138005,0.135470,0.124900,0.112671,0.110037,0.104084,0.088955,0.078154,0.062869,0.059238,0.047346,0.035070,0.028529,0.019148,0.012408,0.008060,0.003985,
0.141482,0.146568,0.141574,0.138561,0.138007,0.123503,0.121814,0.104873,0.097775,0.092780,0.083514,0.070793,0.062112,0.050311,0.041475,0.037707,0.029883,0.020662,0.012625,0.007598,0.004642,
0.122400,0.134050,0.140643,0.130802,0.125982,0.124257,0.119051,0.107339,0.098587,0.089872,0.079186,0.069956,0.061586,0.050617,0.044154,0.037816,0.030560,0.021710,0.014779,0.008419,0.004596,
0.115190,0.125276,0.127705,0.125168,0.118128,0.112854,0.106008,0.103605,0.094652,0.085290,0.077679,0.070248,0.060128,0.052567,0.046640,0.037033,0.030421,0.023755,0.015553,0.008786,0.004896,
0.122998,0.117626,0.117264,0.116613,0.110509,0.106708,0.099492,0.092777,0.089338,0.081055,0.074039,0.067165,0.059400,0.054231,0.048626,0.041220,0.033563,0.025967,0.016739,0.009158,0.004957,
0.100748,0.110466,0.103524,0.106847,0.102513,0.098267,0.094535,0.084396,0.083169,0.078082,0.072584,0.066596,0.062720,0.056587,0.052317,0.045797,0.038640,0.029325,0.018569,0.010268,0.005743,
0.107699,0.101045,0.093135,0.096865,0.094552,0.090923,0.087694,0.080855,0.078233,0.076414,0.069964,0.069789,0.066951,0.061882,0.056939,0.050977,0.042995,0.032572,0.021434,0.011877,0.006607,
0.091015,0.091148,0.082618,0.090474,0.086468,0.086469,0.081719,0.078716,0.076169,0.073867,0.072169,0.071983,0.071209,0.066652,0.062229,0.058003,0.049920,0.038664,0.025334,0.013227,0.006671,
0.095120,0.086151,0.082953,0.084369,0.082698,0.084149,0.078303,0.081588,0.077190,0.077108,0.078022,0.080272,0.077090,0.075307,0.073809,0.066994,0.058723,0.045628,0.028702,0.014804,0.007113,
0.086216,0.087383,0.081904,0.080247,0.081564,0.079458,0.080323,0.082817,0.080710,0.083881,0.085672,0.084679,0.087958,0.088724,0.089674,0.080998,0.070006,0.054428,0.034704,0.017476,0.007605,
0.084147,0.080712,0.079361,0.077993,0.080819,0.081697,0.086483,0.082971,0.088544,0.091974,0.091977,0.098930,0.100865,0.103811,0.104162,0.099717,0.084521,0.065695,0.042258,0.018466,0.008237,
0.072261,0.082476,0.077677,0.081835,0.086782,0.084103,0.089272,0.090375,0.096495,0.100998,0.109049,0.116002,0.120381,0.130491,0.131345,0.123204,0.107372,0.082303,0.048323,0.020164,0.007646,
0.069803,0.085084,0.080635,0.086281,0.086419,0.087390,0.097543,0.101242,0.110762,0.118292,0.125283,0.135106,0.147990,0.157268,0.160469,0.152955,0.133902,0.097457,0.053971,0.019439,0.007302,
0.110193,0.088665,0.087541,0.090560,0.088753,0.100800,0.104534,0.114775,0.128020,0.133597,0.148744,0.163308,0.182728,0.195833,0.199587,0.190217,0.159035,0.114671,0.050644,0.015427,0.007077,
0.057013,0.083085,0.088262,0.096428,0.094520,0.104607,0.114114,0.129755,0.138618,0.155389,0.176662,0.201121,0.216565,0.236691,0.246453,0.227545,0.186968,0.109260,0.040046,0.013166,0.005965,
0.123496,0.092749,0.092394,0.107376,0.111697,0.124959,0.125810,0.141389,0.161523,0.186686,0.207802,0.236856,0.267835,0.285042,0.294791,0.263798,0.188206,0.082861,0.031098,0.009195,0.004624,
nan,0.117943,0.097232,0.108078,0.135344,0.131875,0.149906,0.167507,0.177828,0.203775,0.242084,0.268340,0.321029,0.327244,0.319814,0.250690,0.133320,0.053339,0.014966,0.006234,0.002878,
nan,nan,0.120471,0.141947,0.176660,0.101954,0.161993,0.219590,0.169744,0.217767,0.254056,0.291331,0.351467,0.349810,0.292421,0.163655,0.094893,0.026246,0.011647,0.002739,0.001305,
nan,0.158721,0.167476,0.154756,0.133445,0.141395,0.131708,0.118317,0.112841,0.103777,0.084639,0.079727,0.070422,0.054954,0.047058,0.033496,0.026420,0.018207,0.011831,0.007590,0.003568,
0.162139,0.153889,0.150725,0.145760,0.138873,0.130362,0.123757,0.114216,0.101898,0.095064,0.079448,0.075056,0.064427,0.056414,0.040653,0.034269,0.027735,0.023430,0.017103,0.007349,0.004285,
0.150443,0.151431,0.150163,0.138602,0.135823,0.126445,0.126473,0.110080,0.104254,0.091749,0.079835,0.071842,0.064058,0.050484,0.043421,0.036053,0.028339,0.020069,0.013292,0.008032,0.004091,
0.144511,0.141700,0.135129,0.128909,0.130981,0.118218,0.110466,0.108413,0.097549,0.086186,0.080460,0.068839,0.060800,0.051004,0.045424,0.035279,0.028331,0.021523,0.013997,0.007733,0.005039,
0.127512,0.133152,0.129053,0.121437,0.116848,0.116892,0.109917,0.095665,0.093387,0.084998,0.077320,0.066378,0.058631,0.052354,0.048137,0.039998,0.031806,0.023403,0.015516,0.008393,0.004665,
0.109922,0.120629,0.116403,0.113002,0.108496,0.107905,0.100406,0.092865,0.087289,0.081820,0.073483,0.067227,0.060966,0.054087,0.047185,0.042673,0.035532,0.024927,0.016516,0.009338,0.005545,
0.108114,0.111746,0.107234,0.106372,0.102855,0.098352,0.090397,0.087227,0.084228,0.081250,0.071467,0.068252,0.062099,0.057009,0.050176,0.045861,0.037751,0.027394,0.019117,0.010429,0.005317,
0.093564,0.100516,0.094203,0.097518,0.091123,0.091047,0.084803,0.080626,0.082268,0.075252,0.072836,0.069487,0.062716,0.061591,0.054237,0.050229,0.040425,0.031869,0.021789,0.011253,0.005865,
0.103478,0.085903,0.090958,0.091904,0.088555,0.083736,0.081404,0.075923,0.079326,0.075257,0.073910,0.071031,0.067709,0.065845,0.063485,0.055944,0.047040,0.036535,0.024111,0.012464,0.006580,
0.098735,0.079223,0.085490,0.086296,0.085129,0.077200,0.080302,0.074339,0.077085,0.074978,0.077135,0.074137,0.075437,0.074705,0.072681,0.064900,0.054733,0.042993,0.028516,0.015461,0.007266,
0.100255,0.078659,0.084902,0.085719,0.079656,0.078174,0.078869,0.075021,0.081545,0.082196,0.081615,0.084007,0.086949,0.085379,0.082809,0.080372,0.066178,0.053078,0.034522,0.016776,0.007250,
0.072240,0.075712,0.085802,0.085321,0.078984,0.078939,0.079796,0.083919,0.087620,0.092320,0.092367,0.096697,0.099646,0.101767,0.100709,0.093507,0.082925,0.063998,0.039761,0.016862,0.007711,
0.082529,0.078898,0.086561,0.082338,0.083514,0.083815,0.087691,0.091764,0.100538,0.101683,0.104471,0.111951,0.119467,0.121344,0.123683,0.118411,0.099873,0.075260,0.043004,0.017305,0.008926,
0.065005,0.085014,0.088270,0.079466,0.084668,0.090470,0.094949,0.100555,0.105867,0.115503,0.121635,0.133704,0.140740,0.147567,0.149644,0.143321,0.123432,0.086769,0.045748,0.019524,0.006675,
0.066090,0.084659,0.082673,0.091279,0.089844,0.098359,0.103674,0.110239,0.123991,0.133581,0.143160,0.157040,0.168414,0.179602,0.180963,0.179984,0.145752,0.097296,0.049917,0.015361,0.007559,
0.136312,0.087090,0.082576,0.094366,0.094446,0.111853,0.115119,0.127210,0.134069,0.152994,0.171612,0.190866,0.200648,0.212789,0.221974,0.207287,0.166954,0.099511,0.038259,0.012023,0.005701,
0.090821,0.081311,0.093788,0.095924,0.110743,0.112139,0.123904,0.147492,0.161630,0.176382,0.197492,0.219964,0.246575,0.256272,0.262386,0.231643,0.165716,0.076762,0.025636,0.009097,0.004565,
0.069935,0.098745,0.100793,0.120983,0.114552,0.123495,0.142974,0.151485,0.184912,0.206802,0.222870,0.253182,0.283085,0.302103,0.279112,0.224340,0.115629,0.046684,0.015380,0.006812,0.002810,
nan,nan,0.088482,0.117987,0.129521,0.159356,0.142999,0.183874,0.208214,0.241112,0.271333,0.284536,0.306129,0.296843,0.270186,0.182097,0.086204,0.021318,0.011055,0.004514,0.001267,
nan,0.135798,0.148339,0.164157,0.138647,0.115845,0.129848,0.119852,0.099434,0.107277,0.086995,0.086038,0.060663,0.054529,0.053331,0.036559,0.028474,0.017714,0.013145,0.008770,0.004404,
0.145110,0.157472,0.152322,0.141837,0.139751,0.128362,0.121522,0.106469,0.105822,0.096257,0.081561,0.070243,0.065550,0.049158,0.043832,0.034842,0.027028,0.020393,0.014148,0.007600,0.004762,
0.186158,0.149156,0.140908,0.132072,0.135268,0.124910,0.119115,0.113227,0.098591,0.093458,0.083784,0.072611,0.062388,0.050889,0.044042,0.036558,0.030746,0.020554,0.013452,0.007298,0.004424,
0.140441,0.141854,0.134973,0.128209,0.127267,0.124039,0.116752,0.101549,0.098623,0.087914,0.080493,0.071064,0.060046,0.052436,0.046205,0.038233,0.029101,0.021154,0.013033,0.007742,0.004651,
0.132742,0.132090,0.128337,0.124955,0.117807,0.113850,0.104083,0.099926,0.091888,0.085093,0.077340,0.068734,0.060247,0.053699,0.045826,0.038598,0.031818,0.022205,0.014591,0.008386,0.004853,
0.131039,0.121516,0.120233,0.117236,0.108719,0.105030,0.098774,0.096863,0.089837,0.084450,0.073565,0.068297,0.061351,0.055513,0.047704,0.041325,0.032738,0.024802,0.016064,0.010095,0.004934,
0.119065,0.116382,0.107427,0.107328,0.099974,0.096173,0.092344,0.089078,0.083465,0.077757,0.073857,0.066370,0.060604,0.057453,0.051112,0.044029,0.034975,0.027161,0.019543,0.010042,0.005331,
0.090720,0.099771,0.096109,0.098003,0.094359,0.086873,0.088187,0.080437,0.077910,0.075272,0.070883,0.068271,0.061811,0.060845,0.055080,0.049645,0.040530,0.031851,0.020544,0.011134,0.005771,
0.094866,0.092493,0.088615,0.093445,0.089840,0.081544,0.082781,0.078178,0.075535,0.075175,0.072658,0.068703,0.067981,0.065363,0.061695,0.053645,0.045738,0.035750,0.023603,0.012868,0.006155,
0.079336,0.083249,0.083888,0.085147,0.081651,0.078759,0.078368,0.076690,0.074264,0.079588,0.077004,0.073046,0.075917,0.070972,0.067442,0.063692,0.054301,0.041982,0.027566,0.013407,0.006434,
0.082911,0.080432,0.078091,0.081218,0.078753,0.082072,0.075314,0.077290,0.080605,0.079453,0.084154,0.080997,0.087220,0.081544,0.081572,0.073981,0.063969,0.048547,0.030321,0.014143,0.007385,
0.076343,0.077799,0.080522,0.084440,0.083018,0.078874,0.081764,0.082205,0.083801,0.085516,0.090550,0.093668,0.097631,0.095794,0.098582,0.089807,0.077234,0.056654,0.035017,0.017208,0.007432,
0.080599,0.076712,0.084476,0.084320,0.087214,0.083037,0.087393,0.087921,0.094265,0.096295,0.100779,0.108297,0.110851,0.113747,0.114129,0.108253,0.093797,0.066883,0.042004,0.017970,0.006965,
0.103233,0.091027,0.091953,0.088830,0.084622,0.087798,0.091555,0.095913,0.104802,0.107879,0.118072,0.124562,0.129972,0.137557,0.139237,0.136234,0.111853,0.080800,0.043441,0.015497,0.006688,
0.070452,0.083844,0.084642,0.085409,0.092944,0.097986,0.103280,0.106709,0.115539,0.125501,0.132801,0.150912,0.155764,0.166260,0.165632,0.157364,0.131723,0.087409,0.040030,0.015523,0.006192,
0.143811,0.076599,0.096514,0.092225,0.095888,0.104377,0.111869,0.114779,0.136579,0.146639,0.157911,0.174170,0.191908,0.199945,0.193160,0.184730,0.144980,0.083414,0.038011,0.011302,0.005373,
0.099976,0.085686,0.093218,0.103752,0.109842,0.112124,0.123228,0.140674,0.151323,0.165528,0.190957,0.203036,0.225031,0.233930,0.224247,0.196599,0.136484,0.075493,0.023492,0.008890,0.005061,
nan,0.081747,0.104614,0.111672,0.127327,0.125693,0.147121,0.159158,0.176310,0.194820,0.204440,0.247444,0.259726,0.254301,0.243081,0.182732,0.111687,0.039644,0.014483,0.006839,0.002594,
nan,0.080473,nan,0.103070,0.148782,0.134017,0.150526,0.155715,0.195014,0.211218,0.229888,0.260271,0.249244,0.259882,0.215951,0.142932,0.072889,0.025021,0.007158,0.003980,0.001473,
nan,0.155595,0.153453,0.142487,0.140300,0.133626,0.125391,0.110807,0.105972,0.087881,0.092211,0.098872,0.072306,0.050464,0.054769,0.036722,0.035465,0.018716,0.013893,0.006811,0.003931,
0.165260,0.162388,0.146432,0.140122,0.138461,0.124646,0.130343,0.107971,0.103280,0.093795,0.083129,0.073394,0.059741,0.049360,0.041576,0.036818,0.028770,0.020773,0.011754,0.007633,0.003655,
0.145525,0.148490,0.148580,0.136413,0.136149,0.128653,0.117749,0.109422,0.099163,0.087885,0.080769,0.069841,0.063482,0.051020,0.045194,0.035054,0.026826,0.019048,0.012580,0.007035,0.005541,
0.156755,0.140021,0.141185,0.135598,0.126836,0.118393,0.112241,0.104550,0.095272,0.088271,0.078267,0.069960,0.059795,0.053263,0.044217,0.038992,0.028794,0.020565,0.015080,0.008478,0.004662,
0.123387,0.133310,0.126334,0.123035,0.116983,0.114644,0.108407,0.103460,0.094573,0.088368,0.076051,0.069577,0.061747,0.052981,0.045223,0.040176,0.030220,0.022859,0.014771,0.008453,0.004588,
0.123474,0.120587,0.112936,0.115352,0.111643,0.107785,0.099175,0.093325,0.088688,0.080408,0.074241,0.065048,0.062332,0.055835,0.047261,0.040693,0.033221,0.024426,0.017194,0.009563,0.004851,
0.108670,0.111159,0.107165,0.106145,0.102489,0.096900,0.093509,0.091281,0.081841,0.078929,0.071161,0.068457,0.059645,0.056068,0.050630,0.043549,0.035784,0.027690,0.018497,0.009983,0.005305,
0.110206,0.103632,0.097281,0.094666,0.095330,0.089922,0.085886,0.082507,0.079857,0.076556,0.071180,0.066552,0.065007,0.058564,0.053917,0.047311,0.039308,0.029179,0.019187,0.010616,0.005501,
0.094786,0.096069,0.091133,0.089417,0.088253,0.082595,0.079089,0.078862,0.077086,0.076798,0.071662,0.067535,0.067441,0.062179,0.058057,0.051858,0.044848,0.033357,0.021723,0.011200,0.006262,
0.095971,0.084707,0.085122,0.082259,0.080754,0.079715,0.080495,0.077644,0.077423,0.074584,0.071164,0.072724,0.073580,0.068878,0.066002,0.060583,0.051665,0.037776,0.024728,0.013670,0.006357,
0.090893,0.077368,0.082022,0.078689,0.079312,0.078842,0.077086,0.081404,0.078070,0.078568,0.077208,0.079322,0.079802,0.079908,0.077221,0.069994,0.061437,0.046404,0.030231,0.015057,0.006719,
0.085003,0.083455,0.079492,0.078805,0.079602,0.082822,0.079799,0.085506,0.083425,0.087128,0.087820,0.087751,0.095647,0.090199,0.089394,0.083618,0.072445,0.053337,0.032910,0.014581,0.007148,
0.063052,0.078952,0.083957,0.085049,0.079980,0.083412,0.085862,0.087776,0.092207,0.099924,0.100673,0.102451,0.107849,0.107835,0.105049,0.099977,0.085893,0.062254,0.037126,0.016699,0.006923,
0.064320,0.080147,0.088763,0.080251,0.087614,0.093037,0.092101,0.095017,0.101108,0.114385,0.115741,0.120655,0.129600,0.128870,0.124115,0.118703,0.100213,0.070705,0.041477,0.015338,0.006373,
0.086593,0.080891,0.098918,0.089888,0.093430,0.096873,0.096151,0.105843,0.118102,0.125894,0.129208,0.143752,0.142568,0.155121,0.148675,0.141263,0.117430,0.080901,0.037660,0.014298,0.006490,
0.078918,0.081883,0.090435,0.092922,0.093173,0.104626,0.114331,0.116191,0.126229,0.137980,0.154195,0.155558,0.179879,0.181310,0.179056,0.158876,0.126805,0.075580,0.034004,0.011763,0.004324,
0.083142,0.082283,0.095244,0.099917,0.112875,0.110832,0.121668,0.134464,0.150637,0.163148,0.168495,0.185712,0.197211,0.206917,0.202369,0.174788,0.123476,0.064967,0.023387,0.008891,0.004609,
0.094028,0.085509,0.091325,0.100826,0.113123,0.117601,0.125543,0.140942,0.159317,0.185609,0.196947,0.230963,0.229420,0.222114,0.210633,0.167031,0.095855,0.038448,0.014113,0.006043,0.002205,
nan,0.099409,nan,0.125259,0.098338,0.131782,0.140157,0.160642,0.182204,0.218988,0.207037,0.233551,0.235566,0.235075,0.178821,0.147889,0.059413,0.021426,0.008623,0.003597,0.009468,
nan,0.167693,0.151987,0.142041,0.144747,0.146241,0.123852,0.120510,0.126539,0.127249,0.090270,0.091897,0.061011,0.061441,0.057732,0.039319,0.026941,0.017964,0.017330,0.007270,0.004408,
0.183973,0.151834,0.153664,0.148749,0.139591,0.125898,0.124835,0.114344,0.105051,0.090173,0.079064,0.075569,0.063458,0.052577,0.041622,0.036939,0.028046,0.019030,0.012549,0.007172,0.003948,
0.144938,0.144935,0.142178,0.140770,0.128650,0.125502,0.120149,0.106201,0.101613,0.090653,0.082892,0.070331,0.061724,0.051789,0.044118,0.034052,0.026582,0.019150,0.012553,0.007868,0.005143,
0.123846,0.135261,0.141545,0.133869,0.127875,0.123509,0.111952,0.106629,0.096561,0.091122,0.079977,0.069858,0.061794,0.054989,0.044732,0.036895,0.029999,0.021417,0.013670,0.008055,0.004327,
0.141544,0.126186,0.130628,0.124400,0.115395,0.115581,0.106571,0.099863,0.095547,0.086042,0.076550,0.067465,0.061733,0.054144,0.046407,0.038594,0.031748,0.022200,0.014661,0.009002,0.004368,
0.111861,0.116012,0.118900,0.114855,0.111795,0.102981,0.101237,0.097290,0.087798,0.083613,0.073378,0.069774,0.060273,0.053456,0.047945,0.040566,0.031887,0.023970,0.016310,0.008899,0.004857,
0.111645,0.105706,0.104931,0.105016,0.106042,0.096952,0.091137,0.087163,0.083478,0.078626,0.073259,0.067495,0.062000,0.055231,0.049974,0.042453,0.033451,0.024612,0.016301,0.009092,0.004738,
0.100147,0.097860,0.099092,0.097255,0.097581,0.092813,0.086557,0.084191,0.079461,0.075403,0.070293,0.064844,0.063536,0.056214,0.052795,0.044731,0.037632,0.027884,0.018689,0.010243,0.005505,
0.076490,0.082776,0.090382,0.090703,0.086178,0.085566,0.081971,0.080575,0.077117,0.073850,0.067005,0.066795,0.065092,0.062143,0.057492,0.050883,0.042658,0.031944,0.022109,0.012343,0.005853,
0.103218,0.086852,0.083507,0.086566,0.081325,0.082695,0.078424,0.078485,0.074191,0.075042,0.072154,0.070502,0.070023,0.067803,0.064539,0.057949,0.048915,0.037664,0.025142,0.012223,0.006062,
0.101018,0.080183,0.084548,0.081305,0.080879,0.082258,0.080210,0.077428,0.077926,0.077725,0.079029,0.079549,0.077619,0.075919,0.070374,0.066079,0.057234,0.041504,0.025712,0.012694,0.006966,
0.068420,0.075583,0.077075,0.082230,0.081228,0.083328,0.080582,0.078995,0.083820,0.086406,0.085470,0.087969,0.088928,0.089900,0.081246,0.079004,0.065984,0.047720,0.032155,0.015821,0.006499,
0.086584,0.075533,0.082121,0.080491,0.085019,0.083446,0.085119,0.086012,0.090546,0.094062,0.095951,0.096767,0.101355,0.099984,0.099103,0.089817,0.078209,0.058671,0.033668,0.013924,0.007050,
0.078486,0.079548,0.083483,0.085175,0.087951,0.090570,0.089096,0.092766,0.099962,0.103732,0.105070,0.111255,0.119859,0.119991,0.115177,0.107160,0.090652,0.065507,0.035578,0.015301,0.005680,
0.078523,0.087204,0.079795,0.094029,0.098840,0.091187,0.094598,0.103112,0.112953,0.116270,0.119682,0.128333,0.141106,0.144245,0.131395,0.126040,0.102636,0.070196,0.036102,0.013527,0.006029,
0.074084,0.104427,0.089588,0.090100,0.093027,0.105055,0.105282,0.112212,0.125084,0.126095,0.136043,0.148938,0.161944,0.159364,0.155250,0.143021,0.110151,0.068370,0.031760,0.010988,0.004074,
0.087674,0.090855,0.084020,0.101935,0.116034,0.104964,0.118726,0.130587,0.141263,0.142253,0.157090,0.180943,0.187949,0.184018,0.181034,0.145937,0.103493,0.057805,0.021909,0.008270,0.004498,
nan,0.085106,0.105583,0.115825,0.110839,0.116392,0.138344,0.140742,0.150788,0.169719,0.184283,0.193885,0.201961,0.200948,0.183946,0.145789,0.088896,0.037457,0.013647,0.005841,0.002514,
nan,0.078864,nan,0.098621,0.118992,0.122819,0.163068,0.169496,0.182421,0.215505,0.187392,0.196392,0.210770,0.189525,0.172800,0.103702,0.047989,0.029513,0.016304,0.004345,0.001897,
nan,0.154999,0.167497,0.148516,0.128463,0.128417,0.126709,0.100529,0.090731,0.092283,0.104309,0.072600,0.062643,0.055014,0.044795,0.034764,0.025159,0.020508,0.016718,0.007983,0.004420,
0.139411,0.148325,0.144378,0.141978,0.142298,0.126275,0.122939,0.116402,0.107384,0.092692,0.088159,0.072821,0.058185,0.052863,0.040730,0.034182,0.026531,0.018801,0.013542,0.006984,0.003429,
0.130870,0.138982,0.146779,0.142113,0.133592,0.126780,0.119469,0.109810,0.101668,0.090115,0.083519,0.072351,0.061062,0.051666,0.043788,0.037022,0.028108,0.019656,0.012514,0.007689,0.004499,
0.138829,0.134625,0.138093,0.130321,0.124298,0.120024,0.111545,0.104584,0.099574,0.087628,0.078899,0.070485,0.060139,0.053789,0.043869,0.037263,0.028597,0.021529,0.015059,0.007951,0.004316,
0.152221,0.131082,0.124220,0.127334,0.117520,0.112090,0.107973,0.104483,0.097166,0.085958,0.075153,0.071024,0.061234,0.053531,0.044943,0.037115,0.030255,0.022950,0.014992,0.008457,0.004293,
0.121584,0.119627,0.123354,0.119196,0.112810,0.105957,0.098312,0.095966,0.089937,0.082477,0.075827,0.067482,0.059764,0.051378,0.046452,0.039220,0.030031,0.022846,0.014850,0.007894,0.004991,
0.107442,0.107119,0.118302,0.109009,0.101399,0.097308,0.095519,0.089435,0.083089,0.077822,0.071571,0.063754,0.058574,0.053764,0.048201,0.039461,0.034233,0.025444,0.016381,0.009668,0.005234,
0.095797,0.097806,0.105239,0.097787,0.098293,0.088646,0.085348,0.083094,0.078537,0.075855,0.067824,0.064851,0.060749,0.056460,0.050385,0.045725,0.037588,0.028971,0.019452,0.010325,0.005144,
0.083076,0.094749,0.092095,0.088284,0.089013,0.082848,0.079559,0.078562,0.075816,0.074152,0.068599,0.065301,0.064278,0.060758,0.055388,0.049599,0.040459,0.030635,0.019708,0.009717,0.005691,
0.069406,0.079165,0.083885,0.082345,0.084069,0.075385,0.075453,0.076264,0.072214,0.072638,0.072210,0.072775,0.068257,0.064144,0.059798,0.054133,0.046707,0.033554,0.021625,0.013030,0.006006,
0.076954,0.077870,0.085853,0.079166,0.082224,0.074533,0.074751,0.075373,0.075651,0.077418,0.075222,0.074968,0.073665,0.072889,0.067129,0.063895,0.051480,0.040125,0.025351,0.012580,0.006571,
0.079506,0.079069,0.079897,0.081443,0.081119,0.073233,0.077765,0.083269,0.079898,0.085174,0.080198,0.081357,0.082326,0.083252,0.080157,0.070442,0.061911,0.046648,0.026342,0.013847,0.007183,
0.093573,0.080820,0.081393,0.081866,0.079561,0.079324,0.084953,0.086766,0.087338,0.091578,0.088601,0.092981,0.097600,0.091964,0.091349,0.082442,0.069574,0.053785,0.032257,0.013536,0.006604,
0.105844,0.076808,0.079671,0.081596,0.088178,0.083526,0.088076,0.090472,0.092916,0.101634,0.102300,0.106565,0.111180,0.111236,0.102938,0.096679,0.081518,0.060744,0.032066,0.014924,0.006154,
0.121089,0.087378,0.077222,0.086063,0.090834,0.092911,0.096444,0.102013,0.104533,0.113817,0.115556,0.124432,0.125629,0.126899,0.122464,0.110510,0.090172,0.060424,0.033516,0.012542,0.006030,
0.078650,0.093058,0.091985,0.093687,0.089069,0.098515,0.106286,0.109324,0.114873,0.123956,0.131678,0.141003,0.145730,0.146856,0.136379,0.125755,0.092948,0.058858,0.028245,0.009761,0.004400,
0.105689,0.086154,0.093610,0.095089,0.105985,0.108317,0.116237,0.126307,0.126846,0.139589,0.159220,0.156478,0.168835,0.161977,0.153587,0.131486,0.093654,0.052725,0.022623,0.008154,0.004236,
0.071014,0.107685,0.098092,0.101585,0.102743,0.112870,0.119728,0.137456,0.136660,0.155570,0.152737,0.175530,0.177240,0.177133,0.163174,0.128417,0.080104,0.038651,0.015007,0.005451,0.003853,
nan,nan,0.089707,0.117933,0.161169,0.122378,0.131310,0.149218,0.156747,0.174305,0.191322,0.191146,0.184672,0.172922,0.152758,0.101014,0.070738,0.022820,0.007133,0.005984,0.001484,
nan,0.171200,0.165266,0.148841,0.149494,0.145498,0.126026,0.121182,0.117672,0.103538,0.092490,0.081111,0.069039,0.054101,0.041971,0.033765,0.030760,0.018585,0.012732,0.006924,0.003836,
0.149173,0.149640,0.145532,0.148409,0.135940,0.131514,0.121753,0.109806,0.098340,0.092241,0.088408,0.069701,0.070086,0.051201,0.040837,0.036738,0.028506,0.019597,0.011148,0.006034,0.003939,
0.148090,0.151967,0.147492,0.144614,0.135364,0.128675,0.114778,0.110468,0.099919,0.090094,0.079291,0.070588,0.059796,0.055247,0.042861,0.038765,0.029103,0.019693,0.014848,0.007814,0.004263,
0.132535,0.143162,0.135464,0.134192,0.126916,0.124058,0.114685,0.106841,0.099485,0.090822,0.081584,0.067781,0.064522,0.053844,0.045065,0.037311,0.030124,0.021550,0.013656,0.008679,0.003966,
0.129442,0.135660,0.134352,0.126695,0.120902,0.115093,0.111329,0.102326,0.093810,0.086075,0.078519,0.070344,0.060997,0.052200,0.044235,0.037329,0.029112,0.020249,0.013554,0.007424,0.004605,
0.128575,0.124338,0.120523,0.117078,0.113428,0.104381,0.104252,0.096332,0.085691,0.082210,0.075031,0.067237,0.058323,0.052099,0.044988,0.038636,0.029268,0.022032,0.014954,0.009071,0.004709,
0.119300,0.111453,0.104707,0.103970,0.104978,0.097631,0.092325,0.090558,0.082495,0.078322,0.069768,0.064908,0.060429,0.053146,0.047664,0.041103,0.034459,0.026355,0.017029,0.009644,0.004391,
0.112833,0.097433,0.095724,0.095407,0.092802,0.088538,0.083055,0.085926,0.078006,0.074159,0.067663,0.064606,0.062624,0.056327,0.051756,0.044255,0.036007,0.025436,0.016743,0.008752,0.005724,
0.096573,0.085932,0.091211,0.088641,0.087692,0.080605,0.076155,0.080723,0.072600,0.073158,0.069372,0.069054,0.062498,0.057612,0.052289,0.045318,0.037159,0.029073,0.020236,0.011628,0.005346,
0.084210,0.092675,0.087129,0.083613,0.081068,0.079412,0.076280,0.076469,0.073501,0.073427,0.070458,0.067711,0.065085,0.062955,0.057051,0.051186,0.044901,0.032809,0.021218,0.010437,0.006054,
0.082771,0.084503,0.081797,0.082176,0.079825,0.079211,0.079644,0.081153,0.076437,0.075907,0.072026,0.074032,0.069510,0.071259,0.066000,0.057958,0.049538,0.036842,0.022199,0.013085,0.005840,
0.082966,0.076782,0.079961,0.080839,0.076838,0.079194,0.083921,0.078796,0.078210,0.079962,0.079576,0.079458,0.081590,0.076859,0.073785,0.066899,0.055130,0.043658,0.027243,0.011971,0.007012,
0.081932,0.081322,0.083489,0.083365,0.079730,0.081721,0.083313,0.087352,0.081727,0.087838,0.090791,0.088028,0.088804,0.088221,0.085135,0.076163,0.063810,0.047290,0.027885,0.014160,0.005568,
0.083235,0.076556,0.089501,0.083153,0.081014,0.086301,0.087974,0.090614,0.090766,0.094806,0.099313,0.096807,0.105915,0.104497,0.095287,0.084219,0.073249,0.052947,0.030303,0.012956,0.006456,
0.074615,0.096889,0.083737,0.092618,0.088382,0.089482,0.096158,0.097573,0.101378,0.109047,0.107055,0.112231,0.120322,0.116026,0.109634,0.100969,0.079599,0.055160,0.029996,0.012207,0.005710,
0.099691,0.087065,0.096861,0.089124,0.096079,0.097640,0.100604,0.107025,0.109405,0.114274,0.122760,0.130226,0.131801,0.129384,0.125640,0.110021,0.088098,0.054970,0.027197,0.009886,0.004294,
0.089952,0.098557,0.084818,0.092549,0.101161,0.110283,0.107863,0.118869,0.124064,0.123068,0.133961,0.144409,0.144201,0.146733,0.129710,0.120470,0.081768,0.049205,0.022564,0.007624,0.004442,
0.091845,0.081802,0.092184,0.104530,0.127145,0.122053,0.116629,0.130593,0.133156,0.144830,0.146388,0.165550,0.158788,0.144986,0.139928,0.113421,0.079235,0.037454,0.014849,0.005482,0.003292,
nan,nan,0.089095,0.133295,nan,0.130452,0.139541,0.136366,0.145753,0.159962,0.181042,0.143358,0.155006,0.155542,0.137433,0.092017,0.065855,0.022384,0.008735,0.003169,0.001503,
nan,0.151658,0.161539,0.150677,0.147662,0.106638,0.127059,0.138018,0.112775,0.100151,0.081521,0.069597,0.065082,0.051671,0.047752,0.033752,0.031047,0.018284,0.023072,0.008361,0.003778,
0.157139,0.143170,0.147441,0.137284,0.135059,0.134719,0.124560,0.112807,0.097311,0.092941,0.086819,0.066778,0.061680,0.053603,0.043048,0.032910,0.026549,0.018842,0.012327,0.006883,0.006214,
0.149023,0.148421,0.141629,0.137154,0.128782,0.127455,0.121757,0.109569,0.101910,0.091517,0.082830,0.072044,0.063169,0.056366,0.046671,0.038088,0.028961,0.020080,0.013791,0.008534,0.004462,
0.154856,0.141681,0.142345,0.131464,0.126682,0.123885,0.116202,0.108812,0.102288,0.089807,0.078575,0.072664,0.061559,0.050913,0.042361,0.036398,0.028855,0.019684,0.013081,0.007087,0.003738,
0.147562,0.128068,0.128737,0.126276,0.124784,0.114343,0.111179,0.102865,0.096283,0.084811,0.078140,0.066854,0.059175,0.049985,0.043922,0.036387,0.027375,0.020811,0.013658,0.007634,0.004610,
0.125437,0.119572,0.119973,0.114550,0.112889,0.107625,0.100094,0.097703,0.086015,0.081003,0.072720,0.064109,0.058589,0.052247,0.048126,0.039253,0.031423,0.022818,0.016521,0.008807,0.004224,
0.101259,0.109679,0.108922,0.108048,0.102611,0.097055,0.090311,0.092547,0.082457,0.077740,0.070389,0.064940,0.059420,0.053051,0.046585,0.040243,0.031872,0.023522,0.014518,0.007717,0.005466,
0.101414,0.097377,0.099716,0.099087,0.093653,0.086790,0.085936,0.084822,0.077239,0.073415,0.069094,0.063756,0.060017,0.052734,0.046745,0.040393,0.034478,0.025061,0.019161,0.010013,0.004852,
0.102529,0.085565,0.089480,0.089002,0.082542,0.082439,0.082175,0.078762,0.073348,0.072289,0.070049,0.063241,0.059771,0.056283,0.050569,0.044267,0.037427,0.027830,0.017765,0.009131,0.005512,
0.089319,0.087840,0.088003,0.082719,0.080560,0.081295,0.077641,0.077995,0.072264,0.070545,0.067776,0.068534,0.065594,0.060069,0.056788,0.048967,0.040476,0.029522,0.020787,0.012094,0.005518,
0.080651,0.080405,0.079813,0.079419,0.081924,0.077875,0.078107,0.075176,0.073797,0.072341,0.071723,0.069854,0.069365,0.067400,0.063213,0.052076,0.047515,0.035013,0.021878,0.010726,0.005932,
0.091163,0.076340,0.082056,0.078528,0.081633,0.079912,0.078663,0.077196,0.080548,0.079778,0.079202,0.076940,0.077477,0.074176,0.068298,0.060784,0.050756,0.037304,0.025305,0.012200,0.005833,
0.091865,0.078488,0.083928,0.081051,0.082033,0.078601,0.080711,0.079556,0.083719,0.083730,0.083421,0.081780,0.089720,0.083364,0.077285,0.071508,0.057079,0.044425,0.024947,0.013522,0.005522,
0.072892,0.078745,0.080557,0.080977,0.083396,0.083959,0.086698,0.085329,0.092136,0.088537,0.095769,0.092781,0.095112,0.093893,0.089982,0.079520,0.067826,0.045629,0.027834,0.011667,0.006197,
0.082472,0.086950,0.085991,0.088661,0.085424,0.091414,0.091304,0.092613,0.097054,0.098126,0.105515,0.105876,0.104501,0.106307,0.097640,0.088249,0.071818,0.050623,0.026738,0.012475,0.005990,
0.076911,0.083246,0.087810,0.084678,0.091645,0.092908,0.104713,0.105333,0.106488,0.110544,0.116431,0.116420,0.122877,0.114594,0.106656,0.100601,0.080201,0.048105,0.025069,0.010173,0.004244,
0.077444,0.077456,0.084787,0.093658,0.096225,0.099468,0.107306,0.104191,0.114348,0.127297,0.124099,0.128045,0.128156,0.130174,0.122019,0.106693,0.073719,0.046190,0.022632,0.008412,0.003685,
0.104021,0.117638,0.103214,0.090770,0.107944,0.111024,0.116887,0.120909,0.122754,0.137966,0.133986,0.147273,0.143308,0.138243,0.118890,0.102781,0.066269,0.036287,0.014868,0.005833,0.003228,
nan,0.101224,0.075812,nan,0.101356,0.117421,0.124645,0.183442,0.144235,0.129386,0.174665,0.148924,0.152620,0.126003,0.110051,0.083854,0.061289,0.028323,0.013506,0.006049,0.001831,
nan,0.144794,0.150582,0.145979,0.127156,0.151883,0.130447,0.111356,0.111851,0.100544,0.094522,0.087444,0.068513,0.058771,0.047618,0.036049,0.024403,0.021179,0.012603,0.009727,0.003413,
0.136806,0.151803,0.154487,0.142975,0.137653,0.127783,0.122075,0.109860,0.103017,0.089622,0.080703,0.072944,0.058644,0.048887,0.044134,0.036290,0.026626,0.020565,0.012213,0.007063,0.004979,
0.183225,0.151179,0.143144,0.137729,0.131307,0.123429,0.119369,0.111497,0.104163,0.093759,0.084316,0.074372,0.063109,0.054599,0.044873,0.035739,0.030193,0.020378,0.015176,0.007614,0.003959,
0.153961,0.139237,0.139224,0.138127,0.127718,0.121467,0.116606,0.106783,0.099954,0.088939,0.080550,0.071284,0.062400,0.052544,0.041667,0.033718,0.025792,0.019593,0.012220,0.007218,0.004062,
0.144314,0.133317,0.122777,0.123010,0.121667,0.113631,0.106545,0.101675,0.091406,0.086121,0.076667,0.069022,0.057103,0.051698,0.043126,0.036541,0.029102,0.021963,0.015075,0.008490,0.004167,
0.119732,0.119858,0.116350,0.116106,0.111298,0.105244,0.098350,0.095866,0.091366,0.079384,0.075442,0.066408,0.060910,0.051197,0.046710,0.036999,0.029032,0.020910,0.013026,0.007647,0.005426,
0.113065,0.108310,0.108947,0.104484,0.102078,0.095502,0.093620,0.089489,0.082888,0.077760,0.070522,0.064749,0.059070,0.051907,0.044120,0.038475,0.032149,0.023766,0.015756,0.009383,0.005183,
0.097196,0.112508,0.096632,0.094207,0.094916,0.089599,0.088096,0.085460,0.077044,0.073011,0.069893,0.064623,0.057444,0.053402,0.045738,0.039992,0.032859,0.024127,0.015524,0.008143,0.005018,
0.090895,0.094332,0.088602,0.085629,0.088108,0.084217,0.082218,0.079007,0.073614,0.069574,0.064447,0.064221,0.060529,0.055050,0.049931,0.043412,0.034501,0.025524,0.018822,0.011586,0.005173,
0.077732,0.082291,0.084353,0.080611,0.084031,0.078913,0.078167,0.074982,0.072988,0.069694,0.067547,0.065754,0.061431,0.057976,0.053524,0.045794,0.039321,0.028899,0.017375,0.009980,0.005560,
0.089090,0.084675,0.078858,0.079180,0.077841,0.077335,0.079416,0.073786,0.075359,0.073246,0.068927,0.068653,0.065833,0.062798,0.058637,0.049928,0.042786,0.032505,0.022342,0.010234,0.005741,
0.084493,0.077771,0.076292,0.077897,0.078964,0.079166,0.079434,0.075459,0.074266,0.073742,0.073929,0.071405,0.074383,0.071475,0.063487,0.060047,0.046844,0.034865,0.022305,0.012060,0.005827,
0.073248,0.078594,0.081452,0.077099,0.076418,0.081861,0.082261,0.081645,0.079085,0.082198,0.083199,0.081511,0.079455,0.077326,0.073950,0.065332,0.054188,0.039939,0.023728,0.011917,0.005870,
0.063269,0.082331,0.081875,0.084337,0.084759,0.081856,0.088239,0.085614,0.085356,0.086499,0.092039,0.087792,0.088412,0.082029,0.080095,0.071577,0.059527,0.040996,0.025604,0.011134,0.005838,
0.067760,0.078034,0.094339,0.087928,0.087766,0.084630,0.093565,0.093075,0.096134,0.093534,0.095516,0.099905,0.094838,0.094593,0.090742,0.078454,0.068379,0.045428,0.025865,0.012753,0.004877,
0.065031,0.074021,0.082768,0.093027,0.091925,0.093573,0.096292,0.098605,0.101153,0.103780,0.103197,0.107641,0.108411,0.108605,0.095047,0.092655,0.069462,0.046792,0.025242,0.010709,0.004141,
nan,0.090807,0.086751,0.093721,0.095359,0.099013,0.102207,0.108078,0.111670,0.114856,0.120949,0.115468,0.124215,0.113863,0.107036,0.087969,0.070296,0.042711,0.022183,0.009110,0.003643,
nan,0.103207,0.100858,0.096557,0.108158,0.098930,0.112018,0.113225,0.118442,0.124219,0.123183,0.133878,0.132045,0.118503,0.105495,0.091655,0.061314,0.039062,0.016846,0.005330,0.002942,
nan,0.093724,0.102096,0.095692,0.136870,nan,0.127942,0.089731,0.143641,0.114728,0.123978,0.135910,0.121229,0.116936,0.104268,0.080365,0.052644,0.028769,0.016121,0.005139,0.001590,
nan,0.174858,0.157873,0.145642,0.142703,0.138638,0.125392,0.107496,0.134268,0.101395,0.091974,0.081343,0.062255,0.062686,0.042939,0.034269,0.033908,0.021753,0.012341,0.007284,0.007140,
0.183325,0.146898,0.149416,0.145828,0.132859,0.132255,0.124730,0.114596,0.100476,0.090493,0.086969,0.067914,0.060921,0.053678,0.044159,0.034228,0.028109,0.020412,0.013705,0.007204,0.004840,
0.138589,0.150224,0.145790,0.141482,0.138320,0.131369,0.123229,0.112277,0.104310,0.094205,0.080526,0.071035,0.061836,0.054824,0.043906,0.034631,0.026718,0.019425,0.012505,0.007096,0.003667,
0.161336,0.142593,0.132681,0.130899,0.132194,0.117881,0.116882,0.105868,0.098422,0.086382,0.080064,0.067101,0.060481,0.054664,0.042668,0.037071,0.028564,0.019322,0.013101,0.008264,0.004169,
0.123765,0.135318,0.130133,0.125056,0.121807,0.112673,0.106753,0.103466,0.094248,0.084098,0.076794,0.067870,0.060111,0.051732,0.046565,0.036465,0.028668,0.019983,0.014273,0.007301,0.003553,
0.128267,0.125456,0.118327,0.113789,0.111910,0.106143,0.101628,0.096004,0.088917,0.083741,0.074040,0.064848,0.058531,0.050381,0.043090,0.035076,0.029487,0.021623,0.014486,0.009049,0.004720,
0.103448,0.110815,0.108533,0.102535,0.108636,0.099735,0.096338,0.089869,0.082037,0.076026,0.068745,0.064726,0.059054,0.050945,0.044842,0.039317,0.030610,0.022125,0.014834,0.007086,0.004486,
0.082361,0.107732,0.099096,0.096085,0.094480,0.090617,0.088761,0.082816,0.076597,0.071549,0.067941,0.062645,0.057571,0.052027,0.045397,0.037464,0.031140,0.022999,0.016489,0.010152,0.004371,
0.090022,0.100399,0.091342,0.089807,0.085604,0.087794,0.081760,0.075505,0.074729,0.070563,0.064784,0.062986,0.056002,0.053673,0.048196,0.041735,0.033581,0.024295,0.015061,0.008735,0.004874,
0.098854,0.086070,0.086756,0.084848,0.081173,0.080388,0.077099,0.073533,0.071630,0.070710,0.066720,0.065316,0.058424,0.056627,0.050700,0.043813,0.037286,0.028367,0.018983,0.009326,0.005961,
0.092940,0.078919,0.087943,0.081526,0.076898,0.076582,0.073215,0.075097,0.072527,0.072366,0.069390,0.065354,0.064134,0.060915,0.054817,0.051044,0.041083,0.027991,0.018976,0.010849,0.005150,
0.063266,0.080168,0.080613,0.077395,0.077872,0.076299,0.076334,0.076344,0.075200,0.076487,0.071208,0.071370,0.070876,0.065254,0.060197,0.055607,0.043682,0.033542,0.020733,0.011562,0.005522,
0.062827,0.075725,0.082234,0.081297,0.080001,0.079496,0.079512,0.079226,0.080883,0.077232,0.077204,0.077500,0.074599,0.069469,0.066887,0.058061,0.048910,0.036252,0.022354,0.011148,0.005971,
0.086744,0.077140,0.081510,0.080466,0.078898,0.081985,0.081365,0.080741,0.085821,0.077925,0.084409,0.080398,0.081711,0.080575,0.074023,0.065624,0.054326,0.039820,0.024925,0.011204,0.005734,
0.076857,0.085508,0.083473,0.082796,0.086037,0.085943,0.083917,0.089752,0.090515,0.087959,0.091847,0.087491,0.090019,0.089866,0.083471,0.072639,0.063015,0.039834,0.024956,0.012280,0.004821,
0.080170,0.085412,0.090285,0.091092,0.085030,0.088452,0.088500,0.102531,0.096687,0.096765,0.099105,0.097741,0.096925,0.099476,0.088259,0.082431,0.061942,0.044488,0.026027,0.010537,0.004784,
0.088787,0.091123,0.077483,0.100439,0.089709,0.097476,0.100212,0.102212,0.104018,0.108333,0.104623,0.109193,0.107291,0.102473,0.099448,0.080181,0.062436,0.041785,0.021469,0.009768,0.004102,
0.124986,0.091716,0.092406,0.105077,0.099802,0.111128,0.105807,0.113711,0.108020,0.110477,0.116779,0.111644,0.110195,0.108342,0.098408,0.083554,0.063432,0.036791,0.017487,0.007922,0.002992,
nan,0.094691,nan,0.095641,0.100089,0.140586,nan,0.111940,nan,0.112780,0.116223,0.143779,0.129984,0.136860,0.117473,0.082070,0.042341,0.026627,0.034174,0.005259,0.005193,
nan,0.158232,0.152031,0.130392,0.153919,0.126066,0.128903,0.119742,0.096734,0.100824,0.085500,0.073319,0.072268,0.072159,0.048112,0.034022,0.025456,0.017623,0.011034,0.008817,0.003713,
0.150619,0.149309,0.152799,0.146522,0.138587,0.124750,0.123678,0.110699,0.106870,0.095211,0.081807,0.072300,0.063640,0.055148,0.043004,0.034161,0.027921,0.017998,0.013547,0.007712,0.005190,
0.141818,0.148319,0.145402,0.141699,0.134059,0.131360,0.120530,0.111360,0.102639,0.093480,0.081781,0.069408,0.062432,0.051234,0.041223,0.036786,0.026355,0.018597,0.011065,0.006917,0.003466,
0.152561,0.151290,0.141458,0.129553,0.130014,0.118716,0.114291,0.108873,0.097093,0.091453,0.079717,0.068000,0.061019,0.049567,0.043742,0.036017,0.029456,0.020925,0.014335,0.008716,0.004079,
0.131285,0.138612,0.130007,0.128101,0.118269,0.118839,0.105735,0.102198,0.097883,0.083563,0.080007,0.068362,0.060677,0.050649,0.043989,0.033979,0.026380,0.018264,0.011115,0.006914,0.004880,
0.121785,0.125510,0.124335,0.116527,0.114392,0.111226,0.103409,0.096584,0.087602,0.079955,0.071908,0.066841,0.059230,0.051599,0.045309,0.037035,0.031417,0.022870,0.013972,0.007618,0.003814,
0.113416,0.112882,0.111741,0.105044,0.104361,0.099038,0.093286,0.090306,0.082336,0.076468,0.072316,0.065725,0.056921,0.052142,0.042817,0.034638,0.028420,0.020346,0.014295,0.009167,0.004953,
0.094519,0.095166,0.102130,0.096289,0.095857,0.091543,0.086019,0.079496,0.079923,0.073059,0.069027,0.062234,0.054591,0.049045,0.043553,0.038694,0.031060,0.022098,0.014100,0.007341,0.004934,
0.098637,0.086418,0.092106,0.089379,0.088422,0.081044,0.081605,0.075389,0.072887,0.070709,0.062967,0.063547,0.057065,0.051261,0.047067,0.039556,0.030592,0.024725,0.016930,0.009091,0.004316,
0.074521,0.083857,0.083279,0.082993,0.084718,0.076637,0.075073,0.074663,0.073108,0.071093,0.065876,0.061910,0.058808,0.053667,0.048047,0.042341,0.035531,0.025332,0.017556,0.010425,0.004909,
0.082012,0.086768,0.080363,0.082061,0.085069,0.076391,0.073782,0.074255,0.073184,0.071000,0.066705,0.063779,0.061536,0.058377,0.052757,0.046562,0.037034,0.028248,0.017468,0.010423,0.005188,
0.080648,0.085349,0.089496,0.079843,0.085132,0.076465,0.074846,0.077336,0.075203,0.072252,0.068760,0.070959,0.065445,0.061117,0.057177,0.049396,0.040316,0.031231,0.020510,0.009952,0.005516,
0.079132,0.075014,0.079429,0.081442,0.085651,0.077577,0.079506,0.078834,0.076267,0.076137,0.075797,0.071014,0.071349,0.070774,0.062306,0.054645,0.045782,0.033632,0.021844,0.010821,0.005308,
0.073936,0.077877,0.085004,0.081797,0.087839,0.081786,0.080334,0.081605,0.081594,0.082807,0.077428,0.077774,0.074776,0.074203,0.071791,0.059937,0.052126,0.036682,0.022590,0.010883,0.005324,
0.103207,0.090462,0.080015,0.080070,0.087811,0.078907,0.086484,0.084313,0.087168,0.085638,0.086344,0.085365,0.082543,0.079647,0.074554,0.065842,0.055916,0.037962,0.023960,0.011793,0.005300,
0.069977,0.074803,0.087118,0.079686,0.095335,0.086559,0.091055,0.090420,0.091064,0.089824,0.096743,0.097056,0.096250,0.085270,0.080221,0.071286,0.057135,0.039784,0.023416,0.010979,0.005160,
0.063164,0.079905,0.083935,0.087998,0.091920,0.098112,0.097248,0.095768,0.098114,0.103296,0.096975,0.104808,0.098357,0.095337,0.091201,0.073702,0.059827,0.038302,0.022999,0.009751,0.004597,
0.085088,0.097940,0.109705,0.084484,0.095656,0.095643,0.103611,0.101253,0.107818,0.110002,0.113400,0.102720,0.106174,0.098623,0.085400,0.078859,0.057909,0.037522,0.019092,0.007888,0.004055,
nan,nan,nan,0.112861,0.124057,0.126944,0.139727,0.082087,0.102226,0.143044,0.107151,0.130939,0.125914,0.093478,0.098574,0.068190,0.060250,0.030923,0.019349,0.009587,0.003943,
nan,0.150809,0.155637,0.138544,0.141556,0.128056,0.121925,0.110592,0.119167,0.090375,0.083662,0.071563,0.055135,0.054079,0.041650,0.035527,0.029715,0.020281,0.013584,0.007210,0.003024,
0.180123,0.158137,0.148638,0.142286,0.135685,0.131414,0.121902,0.105863,0.103805,0.098673,0.084645,0.074951,0.064376,0.051534,0.044045,0.035914,0.030442,0.020494,0.014557,0.009020,0.005294,
0.148321,0.158922,0.139659,0.145130,0.136232,0.131735,0.118034,0.110926,0.104225,0.092548,0.080048,0.070899,0.063197,0.051115,0.040610,0.032342,0.024495,0.017905,0.011947,0.005778,0.004907,
0.129634,0.140519,0.139748,0.134009,0.126350,0.122073,0.113881,0.107545,0.103046,0.092680,0.083477,0.070530,0.061658,0.052558,0.043636,0.035835,0.027869,0.020066,0.013297,0.007403,0.003530,
0.146612,0.129060,0.131119,0.124778,0.127653,0.115454,0.109335,0.099879,0.093924,0.086695,0.076247,0.066000,0.057249,0.048974,0.044630,0.034767,0.027292,0.021772,0.014444,0.008601,0.004217,
0.118998,0.123822,0.119366,0.117053,0.115627,0.106061,0.102382,0.095848,0.088198,0.078716,0.073973,0.066468,0.059393,0.049846,0.043182,0.035282,0.025990,0.018652,0.012212,0.006799,0.004934,
0.101613,0.109170,0.106956,0.107146,0.104494,0.098011,0.092729,0.088638,0.085010,0.076558,0.071229,0.061829,0.057343,0.050232,0.041858,0.036633,0.030359,0.021806,0.014210,0.006921,0.004772,
0.090935,0.110453,0.098608,0.095620,0.095229,0.089815,0.087531,0.081628,0.079964,0.072017,0.066965,0.062813,0.056625,0.048850,0.043158,0.036624,0.028509,0.022366,0.015352,0.008930,0.003785,
0.076447,0.095512,0.087818,0.087937,0.089842,0.081474,0.079644,0.078084,0.074569,0.069848,0.066515,0.061263,0.054994,0.052517,0.044905,0.039782,0.031110,0.021602,0.015190,0.009635,0.004890,
0.085700,0.086897,0.079244,0.083878,0.083007,0.077068,0.076036,0.076041,0.070198,0.068384,0.065015,0.060335,0.056973,0.052255,0.046014,0.040276,0.034895,0.025136,0.015167,0.008941,0.005270,
0.077672,0.089644,0.078245,0.078390,0.076800,0.074193,0.076888,0.075061,0.072698,0.069555,0.064755,0.063272,0.058921,0.057037,0.051842,0.045351,0.034583,0.028386,0.017071,0.008386,0.004947,
0.079060,0.076667,0.078721,0.079022,0.076254,0.074206,0.079291,0.073453,0.074509,0.070264,0.067127,0.064816,0.061994,0.059679,0.054759,0.046690,0.038895,0.028653,0.019314,0.009732,0.005424,
0.103119,0.083146,0.090514,0.081251,0.076522,0.075607,0.081167,0.078726,0.077404,0.070167,0.070711,0.069581,0.066697,0.064281,0.061088,0.052388,0.043200,0.030709,0.022140,0.010536,0.005223,
0.067015,0.083579,0.081602,0.077011,0.082055,0.077628,0.082995,0.082434,0.081486,0.078689,0.077427,0.075047,0.070705,0.066479,0.064872,0.056177,0.049181,0.033612,0.020211,0.011279,0.005236,
0.082502,0.078853,0.085159,0.087770,0.083549,0.082163,0.084245,0.085465,0.084954,0.084601,0.080381,0.084977,0.078418,0.074203,0.069618,0.062414,0.047403,0.036533,0.022559,0.011751,0.006244,
0.099967,0.079749,0.095881,0.080449,0.085322,0.086687,0.087922,0.093329,0.085513,0.090261,0.090723,0.084906,0.083669,0.079408,0.077935,0.066745,0.053138,0.036335,0.022033,0.011152,0.005511,
0.085500,0.108311,0.096690,0.089284,0.097675,0.094724,0.086618,0.091729,0.100306,0.092558,0.094358,0.092218,0.090049,0.089060,0.076588,0.068569,0.055099,0.037292,0.023096,0.012139,0.004263,
0.082106,0.098327,0.094120,0.100759,0.087996,0.097172,0.098069,0.094347,0.096611,0.101751,0.097441,0.103815,0.092453,0.086946,0.085276,0.064725,0.055707,0.035363,0.018084,0.008453,0.005623,
nan,0.072329,0.077008,nan,0.091722,nan,0.114504,0.101865,0.089039,0.113579,0.107506,0.107021,0.109076,0.086830,0.087640,0.076403,0.047546,0.029366,0.025986,0.009964,0.002689,
nan,0.169111,0.163336,0.146412,0.149698,0.146075,0.129233,0.121015,0.109851,0.102456,0.078926,0.065739,0.060453,0.055482,0.039967,0.034848,0.025822,0.021510,0.013301,0.007123,0.003076,
0.142172,0.152889,0.147854,0.146050,0.137008,0.133754,0.127417,0.118954,0.106614,0.094886,0.083446,0.077384,0.064934,0.053426,0.047737,0.039389,0.029723,0.020345,0.014313,0.008472,0.004277,
0.167762,0.155759,0.150351,0.139131,0.133745,0.126625,0.121503,0.107715,0.102430,0.090214,0.084045,0.071106,0.059720,0.049625,0.043452,0.032621,0.025588,0.018489,0.011625,0.006774,0.004970,
0.139376,0.139635,0.139911,0.138718,0.127795,0.121519,0.117014,0.111085,0.101397,0.090397,0.078560,0.071002,0.060529,0.052448,0.042373,0.033159,0.025144,0.017198,0.011876,0.006317,nan,
0.130671,0.135605,0.129914,0.125430,0.120426,0.118018,0.106769,0.099469,0.090066,0.083953,0.075788,0.068314,0.063173,0.053689,0.045970,0.035790,0.027992,0.018852,0.013523,0.006938,0.003544,
0.118358,0.123569,0.118691,0.116850,0.113076,0.107189,0.099472,0.097400,0.090827,0.082440,0.072598,0.066988,0.056692,0.048589,0.040168,0.034361,0.030210,0.021681,0.014657,0.008676,0.003839,
0.109779,0.118172,0.109671,0.110165,0.106880,0.100915,0.094231,0.089423,0.084771,0.074960,0.069611,0.062919,0.058808,0.050396,0.042140,0.033431,0.026049,0.018907,0.013867,0.008815,0.004362,
0.106542,0.104982,0.099917,0.098418,0.096230,0.089000,0.085757,0.078805,0.080022,0.073906,0.065867,0.062241,0.054254,0.049922,0.043917,0.037354,0.028681,0.020155,0.012786,0.007474,0.004493,
0.081979,0.098104,0.089802,0.091645,0.085982,0.084482,0.078424,0.079066,0.073349,0.068406,0.064497,0.060391,0.053728,0.050730,0.042148,0.035360,0.031844,0.023493,0.014037,0.007451,0.005555,
0.081115,0.081416,0.083347,0.085004,0.078688,0.078327,0.075936,0.075450,0.071739,0.066676,0.064843,0.060892,0.054408,0.054093,0.046240,0.039408,0.030200,0.024517,0.016340,0.007773,0.005226,
0.083089,0.081175,0.078834,0.077956,0.077572,0.074949,0.074458,0.074144,0.070081,0.069691,0.064635,0.060844,0.056205,0.054260,0.047792,0.041254,0.033324,0.024099,0.017754,0.009484,0.004945,
0.087092,0.081629,0.079648,0.072395,0.080170,0.074309,0.074230,0.074551,0.071301,0.067795,0.069535,0.061611,0.059288,0.056458,0.051560,0.045098,0.036188,0.026497,0.018579,0.009841,0.006576,
0.059581,0.082194,0.081933,0.077121,0.079121,0.074353,0.077075,0.073285,0.077110,0.074837,0.068151,0.067767,0.063413,0.059076,0.057371,0.048434,0.040733,0.030466,0.018527,0.010785,0.005779,
0.070896,0.082858,0.087427,0.084408,0.080645,0.079761,0.077510,0.075283,0.078495,0.077246,0.073236,0.070375,0.069168,0.062582,0.061333,0.052114,0.044943,0.031795,0.020810,0.010874,0.005922,
0.071397,0.080468,0.087845,0.082441,0.089884,0.087792,0.082229,0.081829,0.081129,0.079077,0.077987,0.075889,0.073471,0.071563,0.062877,0.058024,0.044660,0.033680,0.020826,0.011044,0.007782,
0.073520,0.091584,0.091489,0.083626,0.081043,0.080970,0.085605,0.083572,0.085573,0.085825,0.084632,0.081945,0.078334,0.072448,0.071994,0.063207,0.049887,0.037354,0.021031,0.011479,0.006311,
0.070314,0.094519,0.078650,0.092907,0.098349,0.089733,0.090208,0.087991,0.093246,0.092407,0.089775,0.088454,0.082526,0.076872,0.074858,0.063992,0.052003,0.036214,0.023001,0.012266,0.004749,
nan,0.106876,0.093998,0.088229,0.095112,0.094802,0.094948,0.096895,0.092286,0.090822,0.097268,0.087413,0.093384,0.084760,0.077882,0.066366,0.048249,0.035625,0.018135,0.009086,0.004681,
nan,0.106194,0.112841,nan,nan,0.096665,0.092802,nan,0.108756,0.106238,0.092831,0.091947,0.092844,0.097492,0.063277,0.068798,0.049969,0.039936,0.026452,0.009344,0.004059,
nan,0.148784,0.158073,0.149112,0.143580,0.119071,0.126383,0.115655,0.106412,0.108646,0.075097,0.085345,0.065170,0.051447,0.037742,0.031942,0.028372,0.019970,0.012765,0.010028,0.004447,
0.156283,0.149625,0.145014,0.150755,0.142131,0.126621,0.128061,0.122884,0.102796,0.093691,0.087696,0.075306,0.064915,0.055678,0.044131,0.036931,0.030725,0.020097,0.014561,0.008896,0.003491,
0.174496,0.143443,0.152301,0.136691,0.131350,0.122679,0.115181,0.109756,0.096936,0.091312,0.081798,0.072996,0.062832,0.057832,0.046265,0.038474,0.029429,0.021486,0.015391,0.008337,0.004303,
0.138770,0.141648,0.139624,0.132897,0.132269,0.127414,0.115449,0.109705,0.099451,0.084003,0.079402,0.066940,0.059377,0.047515,0.040856,0.035834,0.024711,0.018571,0.012883,0.007948,0.004785,
0.127664,0.132437,0.132017,0.127877,0.126193,0.111986,0.106756,0.102012,0.096097,0.088480,0.081254,0.069159,0.058857,0.050534,0.041221,0.032906,0.026047,0.017436,0.010332,0.005931,0.004620,
0.114247,0.122882,0.119252,0.118784,0.112557,0.109505,0.106107,0.098838,0.089240,0.079283,0.072734,0.063423,0.060520,0.051620,0.044457,0.035930,0.027219,0.018751,0.012179,0.006310,0.004714,
0.101387,0.109338,0.108291,0.107286,0.102435,0.102064,0.093651,0.083766,0.084722,0.078312,0.072042,0.061962,0.055652,0.046089,0.041668,0.034834,0.029891,0.020868,0.013160,0.006630,nan,
0.095425,0.102353,0.099490,0.096915,0.094347,0.093842,0.082797,0.080457,0.079098,0.072202,0.067858,0.062132,0.057146,0.049679,0.041355,0.033780,0.028836,0.021338,0.014749,0.007779,0.004392,
0.088614,0.094873,0.091659,0.087081,0.090965,0.082212,0.080221,0.080045,0.074385,0.068265,0.065027,0.058086,0.054125,0.050232,0.043565,0.034829,0.028463,0.021398,0.016251,0.008279,0.003779,
0.091473,0.088375,0.085218,0.082220,0.086929,0.075279,0.078365,0.073682,0.071040,0.068014,0.061526,0.062370,0.054091,0.049594,0.045558,0.038491,0.029370,0.021493,0.015580,0.008960,0.005363,
0.081869,0.080596,0.080688,0.081484,0.085154,0.076098,0.076051,0.072218,0.070410,0.064229,0.064570,0.058563,0.054690,0.053662,0.045230,0.039790,0.032985,0.024618,0.015553,0.009348,0.004491,
0.090187,0.083247,0.086487,0.077950,0.082006,0.076818,0.075967,0.071944,0.070874,0.067959,0.066387,0.062344,0.057353,0.054426,0.049095,0.043558,0.036163,0.026040,0.015387,0.009776,0.004847,
0.084971,0.078792,0.079935,0.078426,0.078366,0.078786,0.073462,0.072752,0.071284,0.071131,0.068048,0.066006,0.063603,0.058029,0.054586,0.045638,0.037347,0.028325,0.017831,0.010642,0.004779,
0.069545,0.080742,0.082303,0.085058,0.078813,0.080869,0.078313,0.076438,0.076720,0.072899,0.072613,0.072587,0.064584,0.061249,0.055352,0.050797,0.040844,0.030610,0.020092,0.010341,0.005372,
0.085639,0.080499,0.078716,0.079912,0.079084,0.081456,0.080672,0.078938,0.076305,0.081039,0.075715,0.073421,0.072043,0.070263,0.062175,0.054618,0.043904,0.033284,0.020447,0.011638,0.006406,
0.080516,0.091269,0.087754,0.095360,0.083971,0.082786,0.083694,0.083028,0.084123,0.080541,0.079078,0.082491,0.074026,0.071888,0.067934,0.057715,0.046767,0.034198,0.021562,0.011146,0.007156,
0.094331,0.098210,0.081436,0.083827,0.084421,0.097036,0.087839,0.089275,0.090588,0.086679,0.085287,0.084295,0.078482,0.076894,0.067524,0.059877,0.047584,0.035155,0.023667,0.012474,0.005743,
nan,0.085765,0.069892,0.091156,0.085806,0.086294,0.091430,0.092339,0.091621,0.085594,0.093117,0.090817,0.082437,0.073228,0.069699,0.061411,0.049765,0.035061,0.020947,0.010293,0.006106,
nan,nan,0.091166,0.086592,nan,nan,0.083326,0.086511,0.108465,0.099714,0.086891,0.113389,0.086367,0.080819,0.061522,0.059320,0.049962,0.033608,0.026516,0.011140,0.004476,
nan,0.157305,0.143496,0.135505,0.159873,0.159030,0.118125,0.106933,0.105132,0.091866,0.083253,0.072883,0.063026,0.048309,0.044539,0.030432,0.027107,0.015681,0.013525,0.009691,0.003061,
0.158870,0.148667,0.143945,0.144420,0.138049,0.125789,0.126298,0.114648,0.108398,0.093851,0.086642,0.075526,0.062234,0.056013,0.042807,0.036888,0.027741,0.021831,0.012417,0.006961,0.003546,
0.147327,0.146444,0.147703,0.139748,0.137188,0.123345,0.123999,0.118047,0.108976,0.099704,0.087144,0.073792,0.064194,0.058454,0.046093,0.036023,0.028798,0.019662,0.012985,0.007728,0.003554,
0.143953,0.142959,0.140221,0.136443,0.127411,0.121279,0.116482,0.103848,0.095446,0.091305,0.079344,0.069437,0.059382,0.052200,0.045606,0.035216,0.030780,0.020751,0.014260,0.008503,0.004015,
0.123503,0.134971,0.129683,0.130990,0.119069,0.117671,0.111212,0.104261,0.094903,0.087718,0.075324,0.066642,0.057675,0.046820,0.040927,0.034876,0.027644,0.020898,0.014766,0.008038,0.004046,
0.127069,0.123964,0.119476,0.114640,0.114007,0.114736,0.101430,0.093683,0.090643,0.083687,0.076071,0.067735,0.057167,0.049022,0.040711,0.031699,0.025626,0.018728,0.014608,0.008275,0.004197,
0.109792,0.113927,0.110306,0.106119,0.106539,0.099634,0.092142,0.087880,0.083935,0.075426,0.066292,0.064246,0.058822,0.050152,0.041183,0.032848,0.025406,0.018782,0.013714,0.008363,0.004110,
0.099869,0.101639,0.101082,0.095623,0.097283,0.087163,0.087383,0.082138,0.078103,0.073701,0.067506,0.060305,0.053296,0.048414,0.042784,0.035036,0.027130,0.018850,0.012400,0.008682,0.004233,
0.082237,0.091845,0.097372,0.090550,0.090674,0.082666,0.082270,0.074622,0.074213,0.069323,0.060464,0.057438,0.053922,0.049036,0.040605,0.035073,0.029824,0.020476,0.012409,0.007992,0.004885,
0.087553,0.084698,0.088311,0.082725,0.082939,0.077773,0.075045,0.072970,0.070802,0.066258,0.061981,0.057246,0.053804,0.048668,0.043567,0.037645,0.031085,0.021717,0.013907,0.008896,0.004982,
0.076660,0.077824,0.083737,0.078093,0.076399,0.078197,0.073151,0.072380,0.069785,0.066219,0.063428,0.058260,0.054606,0.049830,0.044243,0.037631,0.032701,0.023934,0.014461,0.009760,0.004577,
0.086788,0.083861,0.081181,0.079046,0.077515,0.077335,0.074183,0.072965,0.068471,0.067820,0.063965,0.060846,0.057697,0.053363,0.048702,0.042006,0.032717,0.026038,0.015843,0.009733,0.005465,
0.074105,0.084941,0.081717,0.076170,0.083794,0.076780,0.078399,0.074037,0.069280,0.071441,0.067676,0.065388,0.059737,0.055051,0.050821,0.045019,0.035455,0.026750,0.018110,0.010975,0.005424,
0.083002,0.084372,0.079215,0.083141,0.081575,0.076310,0.078278,0.073889,0.072745,0.073955,0.067562,0.067795,0.065499,0.062687,0.053310,0.046112,0.038121,0.029388,0.019128,0.011180,0.005500,
nan,0.072417,0.090937,0.079849,0.074780,0.086799,0.082201,0.077151,0.073841,0.077912,0.074566,0.076279,0.070270,0.063605,0.058967,0.054238,0.042213,0.030620,0.020987,0.012571,0.006533,
nan,0.077576,0.084745,0.086587,0.088860,0.083092,0.083708,0.079287,0.075225,0.081834,0.082929,0.075678,0.068414,0.069171,0.060968,0.052201,0.045896,0.031565,0.022482,0.011458,0.007401,
nan,0.104268,0.092203,0.092692,0.090843,0.093218,0.084674,0.082564,0.083039,0.083448,0.078807,0.080556,0.075757,0.070313,0.063123,0.057966,0.045968,0.034511,0.023136,0.012940,0.008920,
nan,0.105732,0.093492,0.077903,0.081987,0.090460,0.091971,0.084307,0.088681,0.086170,0.093262,0.076568,0.076891,0.070203,0.070581,0.062084,0.048679,0.034671,0.023090,0.012239,0.005969,
nan,0.086494,0.084246,0.097257,0.093692,0.081350,0.083482,0.104717,0.077207,0.068590,0.072512,0.083194,0.082868,0.072412,0.069310,0.053669,0.037108,0.028156,0.031207,0.013407,0.007880,
nan,0.157995,0.182304,0.146427,0.145783,0.120880,0.137846,0.121649,0.102825,0.093851,0.076713,0.068755,0.077723,0.048680,0.046183,0.031175,0.026483,0.018485,0.011464,0.006931,0.002966,
0.155629,0.163083,0.160068,0.153194,0.139211,0.134885,0.122961,0.114190,0.109181,0.096666,0.084141,0.078323,0.061001,0.052578,0.042768,0.036322,0.027368,0.018575,0.012600,0.008373,0.004248,
0.130953,0.149518,0.147412,0.139441,0.136937,0.134402,0.123254,0.115612,0.102432,0.094154,0.083686,0.071481,0.066258,0.055297,0.042450,0.035447,0.026914,0.020359,0.011967,0.006997,0.003052,
0.141859,0.140397,0.139760,0.136957,0.129450,0.120629,0.111965,0.110347,0.099282,0.094778,0.082149,0.072162,0.061960,0.051842,0.043334,0.035553,0.026394,0.018363,0.012283,0.007284,0.002942,
0.122495,0.139209,0.133409,0.123197,0.123012,0.117775,0.110142,0.102822,0.093016,0.086068,0.077295,0.067055,0.062211,0.054150,0.045248,0.033494,0.026978,0.018682,0.012370,0.006869,0.003472,
0.115035,0.122661,0.123660,0.114043,0.114501,0.107090,0.102542,0.096206,0.093068,0.081361,0.073048,0.062321,0.057689,0.049988,0.042018,0.035378,0.028855,0.019240,0.012126,0.006880,0.003618,
0.090427,0.115200,0.111128,0.104611,0.106476,0.097033,0.093499,0.088115,0.081896,0.075377,0.073700,0.062495,0.054306,0.046405,0.040788,0.034365,0.029052,0.020169,0.013003,0.006684,nan,
0.092060,0.097496,0.100152,0.095226,0.096025,0.090081,0.087883,0.081631,0.078494,0.073550,0.065623,0.062197,0.054794,0.047116,0.039870,0.034348,0.027852,0.020574,0.013312,0.006527,0.004658,
0.096430,0.094997,0.091421,0.088863,0.083247,0.083663,0.077644,0.078696,0.072688,0.066896,0.062072,0.058124,0.053183,0.049052,0.041950,0.032165,0.028472,0.022123,0.013688,0.006945,0.004704,
0.075721,0.086867,0.084848,0.088029,0.081941,0.079449,0.077595,0.073790,0.076128,0.066716,0.063652,0.059652,0.050946,0.048036,0.042398,0.036095,0.027044,0.022710,0.014132,0.006617,0.004638,
0.073085,0.082400,0.080509,0.082436,0.080232,0.075236,0.074955,0.071856,0.069187,0.067036,0.062124,0.057848,0.055005,0.049073,0.044631,0.038411,0.029815,0.023642,0.015249,0.007856,0.004740,
nan,0.078666,0.083666,0.078388,0.080060,0.073631,0.072410,0.072795,0.067766,0.069645,0.065810,0.061296,0.055923,0.050758,0.046933,0.039452,0.033040,0.025188,0.016524,0.008547,0.005788,
0.072995,0.077236,0.080254,0.077199,0.080270,0.073876,0.075147,0.072106,0.070975,0.070839,0.066648,0.062816,0.059522,0.056129,0.048372,0.044132,0.033989,0.023940,0.017361,0.010911,0.005859,
0.069448,0.079471,0.083361,0.078055,0.080109,0.076375,0.076287,0.074088,0.068815,0.074074,0.069670,0.067628,0.063104,0.059564,0.053151,0.046123,0.037980,0.027463,0.018613,0.010372,0.006091,
nan,0.072339,0.083778,0.077081,0.086499,0.079050,0.079438,0.076131,0.074654,0.072402,0.075265,0.070628,0.065723,0.059181,0.055413,0.049225,0.040263,0.030169,0.020413,0.012648,0.007120,
nan,0.074918,0.095744,0.092012,0.083675,0.082873,0.082497,0.077793,0.076867,0.076756,0.074965,0.075651,0.066360,0.063734,0.057011,0.051064,0.042826,0.031736,0.022643,0.011863,0.007430,
nan,0.082281,0.090656,0.086033,0.091409,0.090210,0.083218,0.079639,0.080150,0.087376,0.080959,0.078160,0.075319,0.066698,0.062875,0.053855,0.044894,0.033932,0.022255,0.015698,0.009784,
nan,0.100736,0.088362,0.086611,0.085020,0.091813,0.085501,0.079216,0.079601,0.085597,0.078389,0.081343,0.072342,0.075135,0.064957,0.057214,0.049691,0.033009,0.023480,0.015650,0.008676,
nan,nan,nan,nan,nan,0.072197,0.095278,0.094724,0.083455,0.102190,0.077857,0.090174,0.091532,0.081453,0.077977,0.053516,0.055573,0.028888,nan,0.013355,0.007565,
nan,0.168076,0.152944,0.143273,0.140641,0.147265,0.111289,0.114869,0.096387,nan,0.113825,0.065470,0.046257,0.047129,0.038144,0.049537,0.025513,0.020324,0.013968,0.008534,nan,
0.127380,0.145135,0.152889,0.145877,0.136170,0.134656,0.119318,0.110743,0.105723,0.095650,0.084062,0.073587,0.063565,0.049325,0.040920,0.037887,0.026339,0.016919,0.012723,0.006233,nan,
0.149504,0.148213,0.145439,0.142514,0.140956,0.130705,0.123515,0.116726,0.106721,0.091532,0.080027,0.071893,0.063377,0.050499,0.039815,0.032663,0.025216,0.016789,0.011301,0.005823,nan,
0.132592,0.144361,0.141755,0.135037,0.127116,0.119911,0.120423,0.109154,0.103065,0.091497,0.080545,0.070079,0.058847,0.050530,0.041706,0.033021,0.024165,0.016951,0.011145,0.005880,nan,
0.130518,0.129120,0.132780,0.123341,0.124033,0.119237,0.108790,0.102142,0.096698,0.090208,0.079778,0.071319,0.059853,0.049450,0.043460,0.032101,0.025316,0.016208,0.009955,0.005701,0.004329,
0.121175,0.129178,0.122522,0.113726,0.112540,0.103993,0.108185,0.093116,0.090308,0.079207,0.074318,0.067387,0.058128,0.050581,0.042550,0.032499,0.024477,0.016267,0.011300,0.007472,0.004496,
0.116382,0.115240,0.111064,0.110379,0.104387,0.101857,0.094686,0.085481,0.086266,0.076447,0.066549,0.063216,0.057853,0.050109,0.040774,0.032906,0.024536,0.018569,0.012900,0.007977,0.004027,
0.092489,0.105841,0.099814,0.099105,0.092474,0.090369,0.085088,0.081498,0.077353,0.073729,0.067721,0.059403,0.051651,0.050173,0.042094,0.032114,0.025986,0.017929,0.013635,0.008269,0.004188,
0.074475,0.088401,0.090568,0.089972,0.091152,0.082890,0.084065,0.074024,0.075356,0.068820,0.061413,0.058379,0.052453,0.045855,0.043487,0.034385,0.026964,0.019683,0.014416,0.008000,0.004866,
0.083887,0.088935,0.084844,0.084228,0.084676,0.075797,0.075635,0.076029,0.072469,0.067525,0.063846,0.055844,0.052790,0.048054,0.041114,0.036059,0.027268,0.020041,0.014268,0.007859,0.003968,
nan,0.084500,0.080742,0.081957,0.080750,0.073061,0.071559,0.071827,0.066457,0.068525,0.062422,0.058363,0.054256,0.046523,0.042000,0.038662,0.031282,0.021597,0.015942,0.008144,0.005194,
0.077279,0.073132,0.085732,0.079546,0.076885,0.076055,0.075993,0.068616,0.068769,0.067975,0.065162,0.059816,0.056136,0.049493,0.045093,0.037709,0.031694,0.023385,0.016261,0.007911,0.006182,
0.077447,0.083863,0.081655,0.080511,0.081981,0.074711,0.072816,0.070408,0.069663,0.067359,0.065442,0.063945,0.057573,0.055051,0.049269,0.042064,0.032799,0.023912,0.017190,0.009307,0.006385,
nan,0.082798,0.075090,0.078008,0.084632,0.075926,0.073700,0.070112,0.075797,0.069451,0.069562,0.066001,0.063202,0.054961,0.052657,0.046111,0.037001,0.026642,0.018222,0.011111,0.006080,
0.080994,0.093386,0.087600,0.085568,0.080594,0.079671,0.073832,0.073756,0.078766,0.071716,0.073786,0.069302,0.063531,0.056606,0.055078,0.045430,0.039105,0.030009,0.020299,0.013603,0.007100,
nan,0.078647,0.093364,0.083489,0.083787,0.082857,0.077378,0.074905,0.078990,0.074631,0.074343,0.070722,0.070379,0.060323,0.058129,0.049897,0.040403,0.032226,0.022850,0.012972,0.006823,
nan,0.084816,0.090868,0.080765,0.082939,0.094698,0.085231,0.079222,0.082482,0.077782,0.077248,0.076660,0.070866,0.064108,0.060216,0.052017,0.044287,0.033994,0.023390,0.016114,0.008662,
nan,0.089533,0.093561,0.083284,0.091333,0.085033,0.100034,0.088818,0.078053,0.077756,0.082397,0.074791,0.080310,0.067848,0.061977,0.051765,0.045636,0.034522,0.024505,0.018211,0.009847,
nan,nan,nan,nan,nan,0.112510,0.077372,0.098509,0.075119,0.083980,0.080401,0.078483,0.076737,0.058730,0.059374,0.044027,0.059348,0.035540,0.030865,0.021036,0.008971,
nan,0.164333,0.160359,0.122303,0.141208,0.146143,0.130442,0.112090,0.080680,0.085988,0.080833,0.072743,0.066024,0.059801,0.041999,0.029865,0.025373,0.016127,0.009596,0.006898,nan,
0.156619,0.159481,0.151107,0.149314,0.135993,0.130917,0.126546,0.113001,0.105272,0.093915,0.082646,0.070859,0.060698,0.046366,0.043171,0.033605,0.026445,0.016384,0.010942,0.005701,nan,
0.150629,0.145795,0.150474,0.142214,0.139618,0.128944,0.124120,0.114442,0.104269,0.095984,0.080099,0.070914,0.060336,0.048855,0.041051,0.032728,0.023204,0.016461,0.010095,0.005503,0.004403,
0.140604,0.140949,0.143552,0.134457,0.125113,0.127452,0.117919,0.108062,0.098866,0.085986,0.079950,0.067441,0.060041,0.048953,0.039337,0.032687,0.024050,0.018272,0.012804,0.008011,0.004895,
0.133109,0.131026,0.133261,0.127458,0.122847,0.112976,0.110824,0.107576,0.098390,0.087709,0.077589,0.066490,0.055777,0.045586,0.040778,0.035060,0.027653,0.019855,0.013606,0.007633,0.004007,
0.109258,0.117436,0.124030,0.120891,0.112697,0.113752,0.102281,0.094080,0.087622,0.082097,0.075266,0.064277,0.057277,0.047344,0.040964,0.033127,0.029171,0.020634,0.013349,0.007357,0.003383,
0.125001,0.110427,0.108628,0.107676,0.107585,0.099688,0.096705,0.090257,0.082757,0.076268,0.072906,0.064563,0.054335,0.046301,0.040437,0.034831,0.028004,0.019076,0.012954,0.006951,0.003344,
0.101509,0.105248,0.097802,0.098241,0.099800,0.089093,0.090383,0.083851,0.079475,0.073759,0.065989,0.060849,0.052856,0.046299,0.040219,0.032488,0.027681,0.019435,0.011954,0.006678,0.004668,
0.096073,0.092141,0.090073,0.089780,0.089381,0.088058,0.080661,0.077946,0.073998,0.070154,0.063409,0.057539,0.054730,0.045879,0.039146,0.033297,0.028426,0.020011,0.012334,0.007488,0.005169,
0.091800,0.081802,0.082601,0.083396,0.082713,0.081040,0.077386,0.073335,0.071605,0.066092,0.062479,0.058112,0.053515,0.046079,0.041291,0.035604,0.028391,0.020017,0.013127,0.008613,0.004298,
0.074799,0.086541,0.084919,0.079509,0.078019,0.078090,0.076967,0.069997,0.068618,0.068512,0.061781,0.059672,0.054170,0.048956,0.041818,0.035805,0.031410,0.020949,0.015248,0.008851,0.004531,
nan,0.080443,0.077506,0.078820,0.077694,0.074031,0.071472,0.072372,0.069380,0.066903,0.063078,0.060290,0.055505,0.050876,0.045092,0.037429,0.031037,0.023619,0.016355,0.009109,0.006603,
nan,0.085840,0.084224,0.077948,0.076538,0.072968,0.073094,0.071375,0.071798,0.068242,0.065286,0.061487,0.058463,0.053563,0.047775,0.041109,0.033705,0.023379,0.018200,0.009846,0.005929,
0.104330,0.083738,0.083940,0.081039,0.085062,0.074961,0.075648,0.074574,0.071917,0.069619,0.064629,0.062593,0.060022,0.052305,0.050048,0.043875,0.035123,0.027539,0.017977,0.009941,0.006299,
nan,0.094863,0.093424,0.077902,0.084081,0.076631,0.079764,0.072806,0.073734,0.071438,0.074162,0.065562,0.061983,0.058201,0.054290,0.044867,0.038356,0.029632,0.021123,0.012958,0.007861,
0.078405,0.086356,0.082294,0.077966,0.088478,0.080292,0.078196,0.076159,0.074100,0.075124,0.074653,0.067752,0.066319,0.059979,0.054793,0.052297,0.039419,0.032357,0.023161,0.014580,0.007638,
nan,0.082660,0.085942,0.085504,0.083246,0.084905,0.080965,0.076970,0.078370,0.077898,0.076344,0.071922,0.074065,0.062763,0.055511,0.049921,0.043599,0.035611,0.024214,0.015716,0.009784,
nan,0.075722,0.080042,0.082283,0.083915,0.076551,0.081227,0.076316,0.087071,0.078724,0.074083,0.070159,0.073967,0.065402,0.059310,0.051483,0.045758,0.034926,0.027101,0.017140,0.011596,
nan,nan,nan,0.080361,0.084174,0.091163,0.072558,0.106470,0.080471,0.085002,0.067816,0.075652,0.070231,0.070081,0.053944,0.080650,0.039841,0.044693,0.034815,0.016552,0.009190,
nan,0.164113,0.154349,0.145560,0.145636,0.135108,0.121312,0.115954,0.119114,0.118475,0.088549,0.073235,0.061424,0.052432,0.036646,0.034986,0.023408,0.020443,0.015660,0.005118,nan,
0.153192,0.150016,0.149923,0.144841,0.135691,0.126933,0.120999,0.111307,0.094834,0.092767,0.078327,0.068697,0.058430,0.050474,0.041956,0.031296,0.026884,0.017255,0.010137,0.005609,nan,
0.150022,0.147021,0.152230,0.144206,0.135805,0.129814,0.117241,0.112268,0.101051,0.093101,0.082886,0.070608,0.057268,0.048146,0.045089,0.032628,0.025053,0.020392,0.013349,0.007510,0.004174,
0.148782,0.138548,0.139526,0.131950,0.133226,0.125297,0.113853,0.105423,0.095638,0.088354,0.078591,0.070682,0.063283,0.053528,0.046455,0.034878,0.029000,0.020323,0.014481,0.008384,0.003513,
0.142673,0.131154,0.135763,0.130268,0.121955,0.115518,0.116097,0.104587,0.095223,0.085546,0.079152,0.069022,0.061952,0.054424,0.044291,0.033664,0.026165,0.018221,0.011818,0.006886,0.003230,
0.127626,0.119284,0.121509,0.117253,0.115122,0.109702,0.104341,0.098416,0.091571,0.079501,0.070631,0.063984,0.060703,0.051878,0.042197,0.032634,0.026185,0.017198,0.010293,0.006007,0.004777,
0.102309,0.106697,0.110104,0.108668,0.106938,0.100828,0.097866,0.085873,0.087232,0.077552,0.068525,0.061605,0.056201,0.049422,0.039878,0.032432,0.024493,0.017782,0.012014,0.007971,0.004087,
0.118787,0.099130,0.098451,0.094064,0.096301,0.096801,0.089546,0.086992,0.076596,0.076981,0.066551,0.058625,0.054675,0.047924,0.039652,0.031716,0.024754,0.019097,0.013967,0.008135,0.004132,
0.084051,0.093679,0.087763,0.084510,0.085289,0.086529,0.081245,0.077709,0.076311,0.067032,0.066597,0.059491,0.050639,0.046004,0.041741,0.032574,0.025984,0.021345,0.013283,0.006837,0.004822,
0.064044,0.084139,0.084871,0.078511,0.081364,0.080259,0.078667,0.075757,0.067821,0.067666,0.060830,0.059777,0.051582,0.047251,0.040161,0.034262,0.027707,0.021156,0.012283,0.007189,0.004768,
0.098774,0.073204,0.081265,0.077229,0.077274,0.076607,0.075065,0.072350,0.070462,0.069176,0.061933,0.055444,0.053753,0.046529,0.043562,0.035391,0.030429,0.022396,0.013238,0.009315,0.004932,
0.076759,0.085942,0.086337,0.077721,0.073180,0.076492,0.077078,0.070139,0.069255,0.065832,0.063249,0.061162,0.055401,0.048448,0.047136,0.038079,0.029847,0.024120,0.015609,0.009507,0.005500,
0.077021,0.078641,0.082865,0.083182,0.077846,0.077737,0.077890,0.070199,0.069233,0.069159,0.063663,0.062030,0.056782,0.051919,0.046579,0.041586,0.033260,0.025337,0.017802,0.010515,0.006346,
0.075397,0.083899,0.076063,0.078858,0.076656,0.079819,0.077903,0.071411,0.067879,0.070623,0.072634,0.064687,0.059118,0.052493,0.050778,0.041992,0.036984,0.027524,0.018754,0.010785,0.006285,
nan,0.084292,0.085877,0.082088,0.079142,0.077802,0.080251,0.072845,0.073789,0.074383,0.069022,0.066708,0.064041,0.057098,0.052630,0.045264,0.037674,0.028902,0.021688,0.012036,0.007671,
0.078578,0.083019,0.081259,0.080231,0.086670,0.078107,0.077833,0.074524,0.076003,0.078167,0.070456,0.070942,0.067209,0.060078,0.052614,0.048813,0.039173,0.034490,0.024602,0.014902,0.008661,
nan,0.090468,0.090761,0.095806,0.081853,0.082688,0.083262,0.073951,0.081638,0.076703,0.071827,0.072238,0.066461,0.064461,0.059559,0.049968,0.042125,0.036172,0.024575,0.015718,0.010367,
nan,0.093275,0.078493,0.100939,0.086093,0.084655,0.082491,0.074955,0.083225,0.083889,0.074494,0.074775,0.066902,0.064847,0.062080,0.052547,0.045146,0.037488,0.031248,0.018521,0.012159,
nan,nan,0.089867,0.092704,0.106243,nan,0.073519,0.073008,0.078872,0.090368,0.119084,0.073054,0.065081,0.058737,0.064060,0.056690,0.042428,0.032162,0.034572,0.019509,0.011470,
nan,0.128166,0.147768,0.152009,0.140249,0.121152,0.128547,0.112621,0.107928,0.113395,0.078353,0.077586,0.063932,0.057594,0.040159,0.031958,0.026167,0.017657,0.014011,0.005163,nan,
0.158576,0.148502,0.151771,0.146894,0.138916,0.137397,0.118009,0.110205,0.095332,0.090701,0.080051,0.068031,0.059327,0.047100,0.041369,0.030310,0.024107,0.017376,0.010086,0.006357,0.004558,
0.148374,0.148123,0.147867,0.142003,0.134853,0.124444,0.120040,0.106511,0.105138,0.092981,0.086925,0.074127,0.064009,0.055080,0.044931,0.039164,0.029086,0.020017,0.013098,0.007656,0.004081,
0.146082,0.137307,0.141052,0.135209,0.129714,0.122898,0.113746,0.108633,0.103178,0.095707,0.085039,0.070155,0.059695,0.051748,0.044038,0.033991,0.026094,0.019175,0.011863,0.007237,0.003538,
0.127181,0.129288,0.127064,0.128731,0.123778,0.120558,0.110415,0.101459,0.094256,0.089519,0.081433,0.070175,0.061302,0.050096,0.041750,0.032858,0.024879,0.016649,0.010449,0.005921,0.004205,
0.120665,0.118709,0.118071,0.120361,0.117157,0.105967,0.104406,0.097117,0.089026,0.084651,0.077134,0.067491,0.054952,0.048384,0.040618,0.031076,0.025850,0.019309,0.012905,0.007745,0.004067,
0.111050,0.107682,0.107597,0.102586,0.104477,0.105051,0.095536,0.091636,0.081854,0.078386,0.073097,0.065348,0.054320,0.046387,0.039504,0.034192,0.028018,0.019412,0.012672,0.007222,0.003670,
0.094833,0.098885,0.099154,0.099733,0.092601,0.091262,0.090236,0.081876,0.080217,0.072158,0.067197,0.061944,0.052266,0.045732,0.040208,0.034793,0.026941,0.017941,0.011398,0.007211,0.004697,
0.088598,0.094980,0.091413,0.096164,0.089223,0.084190,0.080739,0.079692,0.070030,0.069877,0.064336,0.059710,0.052442,0.044998,0.041943,0.033723,0.026121,0.018565,0.013261,0.008626,0.004574,
0.078524,0.086565,0.086446,0.087755,0.083506,0.082445,0.080063,0.074762,0.072935,0.067411,0.061458,0.058166,0.051887,0.044178,0.040219,0.036180,0.026731,0.019838,0.014339,0.007775,0.004725,
0.076458,0.080906,0.083379,0.081753,0.080164,0.079369,0.077591,0.070665,0.069158,0.067215,0.062143,0.059606,0.053190,0.047455,0.042570,0.035780,0.027720,0.022166,0.014628,0.007913,0.005336,
0.078934,0.080853,0.074855,0.077281,0.081716,0.077582,0.076555,0.073350,0.070271,0.067251,0.062521,0.059613,0.052447,0.048351,0.042204,0.038786,0.029668,0.024449,0.015244,0.010190,0.005642,
0.072424,0.082721,0.085674,0.077763,0.079454,0.079613,0.075087,0.073378,0.068167,0.070810,0.065169,0.061220,0.057637,0.052820,0.046377,0.039566,0.031471,0.026105,0.016951,0.010657,0.006445,
0.077586,0.080663,0.084979,0.082733,0.078242,0.076277,0.077200,0.072181,0.072335,0.071737,0.066986,0.064920,0.059092,0.053425,0.049922,0.041784,0.035038,0.027344,0.019847,0.011551,0.007479,
0.068848,0.082029,0.080641,0.078646,0.075447,0.078680,0.082456,0.070025,0.077664,0.073225,0.068883,0.066561,0.063754,0.056371,0.050550,0.046596,0.036745,0.028156,0.021464,0.013042,0.008135,
0.072170,0.085877,0.075128,0.081596,0.082452,0.076917,0.077216,0.075544,0.076280,0.074119,0.072586,0.070248,0.064913,0.060375,0.055863,0.047876,0.038368,0.034044,0.026376,0.016147,0.009943,
0.069449,0.090825,0.081097,0.083984,0.092265,0.081976,0.089930,0.074978,0.079021,0.076351,0.073828,0.073273,0.066056,0.065453,0.059481,0.049688,0.042499,0.035133,0.025952,0.017524,0.012111,
nan,0.073212,0.088646,0.082086,0.082463,0.083002,0.083578,0.078685,0.072239,0.072451,0.068606,0.075745,0.072310,0.065588,0.058612,0.053849,0.045929,0.039536,0.030804,0.021130,0.015119,
nan,nan,0.104581,nan,0.071815,0.113682,0.074887,0.072044,0.087303,0.074152,0.075737,0.055095,0.062762,0.060093,0.053163,0.045416,0.046233,0.039797,0.032528,0.021380,0.021496,
nan,0.143645,0.137302,0.144535,0.147128,0.128223,0.126594,0.123892,0.098014,0.090648,0.087586,0.066078,0.053108,0.050590,0.039034,0.037933,0.026557,0.022058,0.012783,0.006995,nan,
0.157223,0.155176,0.151270,0.140465,0.139475,0.128585,0.119057,0.107654,0.107246,0.093928,0.082635,0.069936,0.061122,0.054579,0.040448,0.032051,0.024981,0.020676,0.012882,0.006289,0.004595,
0.145908,0.148745,0.147618,0.136490,0.133007,0.127379,0.125127,0.119917,0.105635,0.098989,0.082679,0.074945,0.064177,0.056154,0.045712,0.034629,0.027410,0.020999,0.013807,0.007023,0.003542,
0.133715,0.141548,0.138751,0.138868,0.127090,0.114563,0.123301,0.112456,0.103248,0.092593,0.079253,0.071632,0.061240,0.051440,0.040993,0.032669,0.024694,0.016494,0.010609,0.005868,0.005071,
0.114115,0.128663,0.127619,0.127202,0.124919,0.116438,0.108232,0.107687,0.098567,0.085663,0.077010,0.066350,0.055907,0.046699,0.040520,0.033426,0.026353,0.019215,0.013199,0.007513,0.003878,
0.124659,0.118689,0.113373,0.112246,0.112513,0.115217,0.104604,0.097279,0.092652,0.081166,0.073464,0.062690,0.059196,0.051307,0.043055,0.034097,0.027634,0.018123,0.011138,0.006717,0.004060,
0.114015,0.107310,0.113588,0.114771,0.106795,0.099955,0.099340,0.091044,0.087263,0.080196,0.069563,0.060974,0.057533,0.048948,0.040869,0.031284,0.024047,0.017676,0.011564,0.007875,0.004167,
0.108378,0.099744,0.104159,0.100905,0.100318,0.097481,0.085507,0.085314,0.076524,0.077867,0.066235,0.058230,0.055654,0.046970,0.038308,0.031882,0.025843,0.020203,0.013190,0.008041,0.003972,
0.098146,0.093431,0.095713,0.088337,0.088301,0.088520,0.085517,0.078910,0.075597,0.068988,0.064551,0.059629,0.055220,0.045829,0.039254,0.033551,0.028738,0.020239,0.012081,0.006776,0.004704,
0.086263,0.093188,0.089313,0.082650,0.081935,0.080517,0.081693,0.075747,0.070411,0.068582,0.062753,0.059258,0.052844,0.046081,0.039037,0.035866,0.027264,0.019411,0.013553,0.008933,0.004689,
0.072345,0.084239,0.078614,0.080779,0.077850,0.076007,0.076386,0.072906,0.070991,0.066424,0.062068,0.059520,0.051793,0.047696,0.040422,0.037067,0.029138,0.022088,0.015861,0.008596,0.005511,
0.072973,0.077126,0.083237,0.077158,0.076062,0.076755,0.074773,0.072195,0.070181,0.068426,0.065264,0.059933,0.054394,0.048794,0.042678,0.039493,0.029318,0.023703,0.016315,0.009526,0.006215,
0.075443,0.078772,0.078411,0.074546,0.078010,0.076013,0.078554,0.069676,0.071847,0.068619,0.064737,0.059871,0.056539,0.053698,0.045114,0.039824,0.030887,0.026807,0.016913,0.011350,0.006137,
0.075040,0.089326,0.081146,0.073613,0.077057,0.078507,0.077178,0.072835,0.073979,0.069552,0.067375,0.064319,0.061882,0.054169,0.049948,0.042673,0.034637,0.026571,0.019215,0.011775,0.007645,
0.079714,0.085557,0.081539,0.081321,0.075758,0.076871,0.079671,0.074019,0.076328,0.070123,0.072146,0.068078,0.061112,0.057622,0.050693,0.045329,0.036253,0.029962,0.022122,0.013747,0.008491,
nan,0.072584,0.083544,0.083904,0.078185,0.076713,0.083377,0.072350,0.075029,0.076280,0.068583,0.065934,0.065708,0.059449,0.056209,0.046769,0.039074,0.034437,0.023855,0.017889,0.011281,
0.108802,0.106846,0.086147,0.078428,0.078382,0.077682,0.084297,0.079660,0.082173,0.074709,0.073350,0.066999,0.065115,0.064494,0.056331,0.052502,0.041086,0.036252,0.029273,0.017897,0.013561,
nan,0.093907,0.076814,0.091910,0.083341,0.081174,0.082606,0.074516,0.081666,0.076913,0.066141,0.067940,0.074227,0.061875,0.061840,0.052928,0.047271,0.040883,0.032021,0.023454,0.014653,
nan,0.142032,0.133158,nan,0.089266,0.074744,0.093429,0.083159,0.056252,0.084711,0.089714,0.070218,0.066279,0.056120,0.054127,0.068763,0.046990,0.040315,0.032840,0.029418,0.013975,
nan,0.142671,0.167735,0.132600,0.130762,0.109375,0.116227,0.112804,0.095253,0.095766,0.099130,0.066404,0.053848,0.052892,0.040160,0.029485,0.020413,0.020275,0.011023,0.006824,nan,
0.149238,0.156656,0.157947,0.144332,0.135339,0.134766,0.125898,0.112554,0.104041,0.092637,0.087566,0.078253,0.062598,0.051041,0.043528,0.035506,0.026757,0.016870,0.012624,0.007128,0.004870,
0.147274,0.145854,0.145159,0.142927,0.144461,0.133180,0.123811,0.117261,0.104796,0.092523,0.083129,0.073376,0.066722,0.058154,0.042523,0.035479,0.027373,0.019047,0.011819,0.006925,0.003768,
0.145477,0.132721,0.134441,0.137690,0.129160,0.127720,0.118126,0.107540,0.099235,0.087111,0.079203,0.068564,0.059387,0.051903,0.040741,0.032091,0.024727,0.017809,0.012067,0.007401,0.004275,
0.134035,0.125666,0.130530,0.128405,0.126335,0.112162,0.114841,0.102679,0.093682,0.086648,0.077745,0.070311,0.062130,0.054149,0.044318,0.034261,0.025877,0.018706,0.012322,0.006942,0.003398,
0.107547,0.117091,0.129444,0.121388,0.111782,0.110551,0.108592,0.098616,0.089579,0.081225,0.077196,0.067307,0.058566,0.049543,0.040507,0.031373,0.024207,0.017235,0.011028,0.007077,0.004615,
0.104310,0.112391,0.114369,0.108882,0.109667,0.106650,0.096028,0.094169,0.082955,0.076590,0.073072,0.065301,0.055013,0.046386,0.039496,0.033038,0.027389,0.019762,0.012479,0.006995,0.003550,
0.090182,0.101199,0.104441,0.100045,0.094753,0.096400,0.093139,0.083273,0.080889,0.071286,0.067459,0.061214,0.052215,0.045429,0.042236,0.034104,0.025249,0.017073,0.011733,0.007773,0.004379,
0.121358,0.097150,0.095616,0.090249,0.084009,0.084390,0.085270,0.081650,0.074304,0.070393,0.067057,0.059962,0.049246,0.046822,0.041893,0.031651,0.024865,0.020542,0.013895,0.008001,0.004779,
0.080941,0.081131,0.087337,0.084941,0.076439,0.080294,0.076554,0.075876,0.073170,0.071210,0.062388,0.060556,0.052437,0.047727,0.040424,0.034834,0.028525,0.020901,0.012537,0.007385,0.005572,
0.117737,0.086485,0.085816,0.077414,0.077167,0.077983,0.077922,0.072039,0.068717,0.067133,0.063830,0.059125,0.053266,0.049620,0.042062,0.034894,0.030970,0.021412,0.014588,0.009380,0.004972,
0.089208,0.082424,0.079099,0.076039,0.078837,0.079544,0.075976,0.071980,0.072911,0.069457,0.064762,0.058005,0.054167,0.052750,0.043954,0.037996,0.030518,0.022997,0.017503,0.009605,0.006158,
0.075715,0.074368,0.085923,0.078620,0.078152,0.076713,0.073940,0.075570,0.072286,0.069258,0.065785,0.061739,0.056736,0.049884,0.045570,0.042657,0.033435,0.026382,0.017058,0.011250,0.007818,
0.071591,0.078481,0.075755,0.075255,0.078266,0.076751,0.075042,0.075950,0.069123,0.069339,0.069783,0.064439,0.062166,0.055459,0.049592,0.045502,0.035751,0.027896,0.019864,0.012896,0.007859,
0.062653,0.084722,0.081046,0.078332,0.080618,0.080630,0.074364,0.075847,0.070984,0.073679,0.070471,0.064534,0.063905,0.057086,0.051938,0.044811,0.039725,0.030942,0.022836,0.014104,0.010015,
0.084125,0.082219,0.078102,0.076784,0.078628,0.078663,0.083964,0.079539,0.075126,0.069994,0.073688,0.069209,0.064344,0.061108,0.055910,0.048235,0.040001,0.034527,0.024405,0.016658,0.010995,
0.192312,0.082181,0.087482,0.081327,0.079547,0.081711,0.075205,0.075748,0.070922,0.077172,0.076642,0.073885,0.066549,0.060630,0.057460,0.053298,0.044390,0.035982,0.030933,0.022464,0.014036,
nan,nan,0.091914,0.085292,0.088127,0.095851,0.082133,0.087615,0.075003,0.074392,0.073952,0.069384,0.068537,0.060735,0.059497,0.056577,0.050251,0.039775,0.034587,0.022290,0.015994,
nan,0.059657,nan,0.106748,0.091766,0.070754,nan,0.067392,0.072607,0.069998,0.073934,0.069918,0.070550,0.062889,0.058873,0.053743,0.047548,0.042359,0.028713,0.031237,0.019928,
nan,0.174116,0.158305,0.142358,0.142820,0.127478,0.121337,0.124634,0.098119,0.100725,0.075740,0.066711,0.068563,0.059826,0.043766,0.031973,0.021389,0.015489,0.016489,0.005818,nan,
0.145094,0.151060,0.148217,0.144397,0.144925,0.132013,0.127756,0.118197,0.107475,0.096513,0.087198,0.075949,0.066917,0.054634,0.040805,0.039225,0.027813,0.021234,0.015969,0.008897,0.005492,
0.131830,0.144733,0.147895,0.160757,0.140418,0.129672,0.125550,0.111842,0.103631,0.096225,0.080186,0.070171,0.062475,0.050067,0.039794,0.031835,0.024665,0.016772,0.010157,0.006212,0.003537,
0.150651,0.138450,0.133984,0.130522,0.135647,0.124323,0.117482,0.106332,0.098379,0.089855,0.078934,0.070068,0.061444,0.052840,0.042309,0.034311,0.026430,0.020596,0.012627,0.007833,0.003828,
0.141835,0.129430,0.141238,0.135183,0.115928,0.121771,0.110756,0.103621,0.097718,0.090764,0.082565,0.069983,0.059938,0.049343,0.041684,0.031275,0.024925,0.016630,0.010760,0.006900,0.004297,
0.115189,0.126332,0.125059,0.120349,0.117468,0.114672,0.105799,0.095754,0.093929,0.084147,0.075685,0.064565,0.056737,0.048945,0.042880,0.034777,0.027090,0.020324,0.012743,0.007268,0.003655,
0.108990,0.109068,0.110531,0.110656,0.104926,0.103146,0.101551,0.091220,0.089916,0.081087,0.070870,0.063864,0.056738,0.049813,0.041046,0.032448,0.025535,0.018578,0.011269,0.006763,0.004446,
0.112089,0.100445,0.100856,0.097272,0.093758,0.090041,0.089943,0.086772,0.078110,0.076932,0.066555,0.062333,0.055483,0.046993,0.038622,0.031703,0.025667,0.020508,0.012720,0.007669,0.004094,
0.089363,0.091493,0.089700,0.086658,0.088085,0.089169,0.088512,0.080717,0.074957,0.074378,0.063668,0.060878,0.053327,0.044881,0.040923,0.035671,0.026746,0.019069,0.011751,0.008080,0.004704,
0.091379,0.085781,0.083402,0.083811,0.086407,0.082499,0.080240,0.076219,0.075143,0.066376,0.064970,0.059867,0.054256,0.045397,0.041422,0.035560,0.027093,0.020671,0.015093,0.008539,0.004583,
0.080474,0.078102,0.083318,0.087445,0.081598,0.078138,0.076874,0.073605,0.073189,0.070072,0.064665,0.058381,0.053677,0.046172,0.043030,0.033959,0.029924,0.022054,0.013787,0.008750,0.005542,
0.068721,0.081551,0.081670,0.082441,0.080440,0.075729,0.076409,0.074948,0.071713,0.066309,0.064065,0.060484,0.055105,0.049135,0.045497,0.038175,0.031956,0.023340,0.017611,0.009899,0.006379,
0.067441,0.081211,0.078212,0.077251,0.079230,0.077238,0.076324,0.072919,0.071768,0.070021,0.068088,0.062679,0.061315,0.051016,0.047148,0.040105,0.034202,0.026611,0.017840,0.011063,0.008225,
0.063468,0.078633,0.082740,0.080409,0.079771,0.076326,0.075576,0.074121,0.073354,0.073857,0.066944,0.063556,0.063296,0.055065,0.049967,0.043799,0.036806,0.028653,0.020653,0.013474,0.008608,
0.086355,0.082492,0.083811,0.083702,0.081155,0.079647,0.076537,0.076026,0.071770,0.071763,0.075704,0.067485,0.063153,0.060641,0.055055,0.047361,0.041299,0.033234,0.022185,0.014828,0.009848,
0.070533,0.083192,0.079314,0.074291,0.086037,0.075386,0.078247,0.077040,0.073165,0.073052,0.074843,0.068574,0.068292,0.057834,0.058496,0.049986,0.041559,0.034718,0.025200,0.018906,0.012092,
0.069578,0.082345,0.084154,0.081479,0.078173,0.083023,0.080591,0.078076,0.074855,0.073744,0.075069,0.069989,0.065989,0.060434,0.059216,0.050752,0.046136,0.038378,0.029935,0.023475,0.015016,
nan,nan,0.100087,0.091132,0.077816,0.081675,0.077686,0.079517,0.083206,0.079044,0.072838,0.071955,0.071099,0.064332,0.061439,0.055824,0.051958,0.039953,0.035164,0.027709,0.020738,
nan,nan,nan,0.076675,nan,0.077058,0.075800,0.070914,0.077105,0.080400,0.083688,0.068448,0.075851,0.078401,0.059798,0.064298,0.044061,0.041803,0.033789,0.025892,0.023107,
nan,0.154082,0.147866,0.124373,0.140841,0.125226,0.117188,0.102190,0.114349,0.132249,0.078031,0.077673,0.067871,0.042308,0.038604,0.028930,0.023910,0.014706,0.011172,0.005752,nan,
0.140741,0.152961,0.148569,0.144503,0.140019,0.134383,0.130528,0.115318,0.105393,0.093397,0.089437,0.079174,0.063887,0.052631,0.046207,0.034972,0.027307,0.019264,0.012378,0.007263,0.004204,
0.152343,0.147759,0.147549,0.144571,0.137400,0.132441,0.122736,0.114858,0.106744,0.094523,0.082549,0.072387,0.058358,0.050610,0.042745,0.033903,0.025176,0.017071,0.011351,0.006277,0.005623,
0.126680,0.140111,0.142450,0.135811,0.131188,0.124298,0.113513,0.112986,0.105110,0.095664,0.083512,0.073400,0.061505,0.051938,0.044367,0.034803,0.027194,0.018575,0.011976,0.006907,0.003646,
0.129402,0.136426,0.133497,0.131074,0.128688,0.119416,0.113010,0.107345,0.099325,0.085971,0.077424,0.066160,0.057271,0.048882,0.040606,0.034092,0.025393,0.017950,0.012164,0.007545,0.004046,
0.124556,0.120908,0.120827,0.117672,0.114966,0.114370,0.105278,0.100770,0.090925,0.080789,0.074911,0.067503,0.061658,0.051530,0.041515,0.033168,0.024893,0.017914,0.011275,0.006891,0.004229,
0.106280,0.111485,0.114316,0.106328,0.106480,0.099547,0.098547,0.095583,0.084403,0.077364,0.072986,0.064997,0.055614,0.046812,0.040006,0.032840,0.026189,0.019459,0.012769,0.007627,0.004325,
0.091774,0.104913,0.097176,0.100137,0.097659,0.096631,0.097236,0.087394,0.080485,0.072375,0.069201,0.061027,0.053863,0.048651,0.041893,0.033715,0.024249,0.018754,0.011843,0.007406,0.004325,
0.113393,0.089593,0.090409,0.095577,0.088553,0.088048,0.084153,0.081175,0.078701,0.071792,0.066550,0.059612,0.055028,0.048989,0.040869,0.031785,0.027252,0.020925,0.013089,0.008015,0.004882,
0.072758,0.081028,0.084963,0.091100,0.081755,0.079517,0.076658,0.077547,0.073035,0.069593,0.066181,0.060060,0.055277,0.047533,0.039571,0.037052,0.029296,0.020392,0.013589,0.009114,0.004898,
0.085749,0.079075,0.080872,0.082429,0.079349,0.079603,0.081567,0.075649,0.074699,0.070013,0.064790,0.060310,0.055703,0.048325,0.045507,0.036061,0.028475,0.023397,0.015728,0.008854,0.006345,
0.061836,0.078337,0.079186,0.080921,0.077706,0.079313,0.077800,0.072002,0.072898,0.068269,0.065612,0.062382,0.056787,0.050686,0.047755,0.038576,0.032541,0.024273,0.016540,0.010960,0.006196,
0.093044,0.080939,0.077267,0.086981,0.077759,0.077875,0.079976,0.071189,0.073113,0.069125,0.067841,0.063117,0.058246,0.053077,0.048438,0.041277,0.034626,0.026598,0.019168,0.011005,0.008237,
0.082677,0.083302,0.080484,0.083054,0.080931,0.076945,0.080992,0.078402,0.074007,0.071389,0.071439,0.065443,0.061916,0.057131,0.051110,0.046740,0.035583,0.029862,0.021639,0.013515,0.009747,
0.072243,0.076811,0.078989,0.078718,0.077353,0.078667,0.080896,0.076696,0.077730,0.073613,0.072242,0.068495,0.064202,0.059152,0.057233,0.045590,0.040606,0.035194,0.022813,0.016089,0.010860,
0.119317,0.089813,0.078511,0.080883,0.084629,0.076345,0.079015,0.080196,0.073688,0.076016,0.071362,0.070724,0.064419,0.062524,0.056452,0.050764,0.042987,0.035583,0.028443,0.018880,0.013234,
0.086352,0.073047,0.090380,0.075887,0.083514,0.077132,0.083610,0.080440,0.082489,0.076217,0.072983,0.070052,0.068524,0.060112,0.060463,0.053343,0.049865,0.038631,0.031994,0.022630,0.017872,
nan,0.086123,0.088877,0.074642,0.086825,0.094005,0.071822,0.078457,0.074780,0.076255,0.072920,0.073343,0.070517,0.066519,0.065226,0.055325,0.052894,0.042834,0.034451,0.028978,0.024218,
nan,nan,0.085712,0.112220,0.075580,nan,0.065098,0.111608,0.085258,0.070493,0.073609,0.099144,0.076872,0.064297,0.059178,0.062028,0.047428,0.049876,0.038203,0.028998,0.023321,
nan,0.140841,0.158764,0.147107,0.154971,0.130190,0.121199,0.117335,0.112933,0.095754,0.071615,0.070021,0.052027,0.052655,0.034744,0.035642,0.026055,0.018201,0.011545,0.004877,nan,
0.156334,0.153111,0.144504,0.147999,0.142082,0.134141,0.124982,0.119578,0.106304,0.089016,0.085474,0.077119,0.060871,0.050134,0.044818,0.040752,0.026730,0.020225,0.013194,0.007632,0.004299,
0.146298,0.135983,nan,0.144562,0.136266,0.132587,0.118289,0.111683,0.104894,0.090479,0.084123,0.072795,0.061017,0.050915,0.043425,0.033198,0.025512,0.018067,0.011397,0.006904,0.004422,
0.146294,0.145378,0.145699,0.142461,0.129753,0.121030,0.120621,0.111408,0.104187,0.093419,0.080152,0.071605,0.064188,0.054540,0.040743,0.033273,0.024881,0.017811,0.012172,0.006607,0.003249,
0.133159,0.127819,0.131810,0.126645,0.124147,0.103028,0.115859,0.103031,0.095335,0.089226,0.078397,0.070452,0.060796,0.052203,0.043813,0.032187,0.026812,0.018491,0.012145,0.007818,0.003986,
0.105492,0.123905,0.121158,0.116236,0.105783,0.108372,0.110700,0.097526,0.092578,0.086737,0.077663,0.067371,0.056337,0.049754,0.040608,0.033530,0.024959,0.017790,0.012633,0.007250,0.003981,
0.104273,0.115952,0.108843,0.110720,0.107101,0.105812,0.106708,0.092542,0.088450,0.081557,0.071567,0.063540,0.055953,0.050299,0.042874,0.034222,0.026691,0.018797,0.011507,0.006492,0.003990,
0.099526,0.105415,0.101767,0.103731,0.096409,0.094912,0.091257,0.088374,0.081645,0.077309,0.068479,0.064379,0.056973,0.048042,0.038888,0.032873,0.026818,0.020339,0.012960,0.007754,0.004501,
0.088185,0.093335,0.090217,0.093305,0.089849,0.087369,0.091836,0.081916,0.075066,0.074216,0.066870,0.061552,0.053379,0.046979,0.041769,0.033981,0.025362,0.018757,0.012299,0.008667,0.004818,
0.078735,0.089364,0.081143,0.085261,0.084129,0.082850,0.083707,0.078835,0.074436,0.071841,0.064228,0.061144,0.053736,0.049302,0.041026,0.034233,0.028187,0.022750,0.014282,0.008137,0.005298,
0.067730,0.077970,0.082753,0.083081,0.083394,0.081297,0.080874,0.072280,0.073892,0.068776,0.065441,0.060772,0.053421,0.051303,0.042622,0.038395,0.029177,0.021296,0.015163,0.009977,0.005427,
0.099935,0.076166,0.081921,0.085076,0.077700,0.081100,0.081176,0.074716,0.071778,0.068362,0.066803,0.063400,0.054914,0.051160,0.048287,0.038400,0.032454,0.025526,0.016654,0.009963,0.007951,
0.099807,0.090830,0.079809,0.082224,0.079254,0.077596,0.073668,0.076003,0.074060,0.071368,0.069706,0.062285,0.060849,0.055037,0.050687,0.042527,0.035861,0.026386,0.020387,0.012713,0.007786,
0.084496,0.079426,0.080939,0.081011,0.077521,0.074231,0.078788,0.074369,0.071416,0.072051,0.068280,0.067212,0.062112,0.058752,0.052506,0.045434,0.039298,0.030370,0.022124,0.013687,0.010159,
0.099915,0.080789,0.076294,0.083517,0.079872,0.075058,0.076033,0.077391,0.075094,0.074714,0.073006,0.070680,0.063249,0.059505,0.057191,0.048139,0.041074,0.034863,0.023874,0.016940,0.011363,
0.069453,0.094511,0.083900,0.088783,0.082263,0.082782,0.078112,0.078382,0.076707,0.075510,0.072333,0.068625,0.067759,0.059633,0.058233,0.049506,0.044861,0.039004,0.029288,0.019294,0.015551,
nan,0.099134,0.086494,0.090123,0.090592,0.078515,0.078125,0.081148,0.078887,0.077641,0.075929,0.071722,0.067552,0.065107,0.064546,0.054601,0.053370,0.040073,0.033621,0.025041,0.017632,
nan,0.071388,0.072209,0.091370,0.078115,0.084383,0.083330,0.080804,0.075401,0.079031,0.076182,0.073137,0.069989,0.064464,0.059798,0.060306,0.055750,0.046263,0.038358,0.030190,0.021712,
nan,0.082470,0.080658,0.090365,0.075445,0.068157,0.089175,0.090411,0.080838,0.071595,0.057862,0.069468,0.060480,0.065713,0.079356,0.057057,0.058314,0.057568,0.035156,0.030436,0.026224,
nan,0.158221,0.161324,0.132638,0.145238,0.124435,0.125517,0.122899,0.096111,0.104793,0.078273,0.063953,0.056678,0.057560,0.050087,0.026739,0.033783,0.015952,0.008591,0.004237,nan,
0.147777,0.149886,0.152675,0.150102,0.138347,0.130629,0.126170,0.117717,0.110738,0.098001,0.082359,0.074206,0.062132,0.054335,0.041258,0.035811,0.027785,0.018325,0.014219,0.007143,0.003633,
0.142699,0.153487,0.145054,0.142842,0.135902,0.130142,0.123381,0.112734,0.102438,0.095401,0.079685,0.074336,0.061441,0.052700,0.044246,0.033538,0.027180,0.020148,0.011477,0.006978,0.004084,
0.147379,0.140130,0.140448,0.138791,0.122558,0.127079,0.119516,0.110324,0.101510,0.089906,0.080296,0.068810,0.059705,0.051552,0.041215,0.032042,0.025842,0.017468,0.012110,0.006509,0.004392,
0.124389,0.132076,0.128640,0.122748,0.123285,0.122403,0.112289,0.105435,0.097064,0.090831,0.082541,0.070961,0.061077,0.052223,0.042503,0.033305,0.027460,0.017879,0.011173,0.006748,0.003494,
0.123817,0.125013,0.119514,0.123929,0.117923,0.117376,0.105733,0.104191,0.095808,0.083288,0.074138,0.066745,0.058232,0.049965,0.040817,0.035326,0.026481,0.019126,0.012724,0.008096,0.003973,
0.107172,0.113240,0.112868,0.113233,0.105816,0.101456,0.101033,0.096385,0.085074,0.079828,0.073842,0.065598,0.058602,0.048140,0.040700,0.031264,0.025928,0.018765,0.012520,0.007665,0.004394,
0.094591,0.101617,0.104273,0.098980,0.098477,0.100549,0.096811,0.083372,0.080730,0.078706,0.069635,0.062389,0.054582,0.048439,0.042104,0.034969,0.025960,0.019404,0.011998,0.007444,0.005036,
0.095794,0.097464,0.090794,0.091327,0.092216,0.087425,0.086836,0.083580,0.077592,0.077755,0.067488,0.062193,0.056060,0.049234,0.040069,0.033612,0.028270,0.021497,0.013649,0.007774,0.004587,
0.090631,0.089027,0.084779,0.086263,0.085426,0.083923,0.081488,0.079708,0.076085,0.068854,0.066896,0.062724,0.055217,0.048312,0.042357,0.036495,0.027891,0.020807,0.014918,0.009625,0.005511,
0.076620,0.083187,0.080896,0.082317,0.081101,0.081651,0.079645,0.075308,0.073215,0.068666,0.066730,0.062910,0.055757,0.053203,0.043485,0.036980,0.032278,0.024055,0.015637,0.008875,0.006310,
0.091408,0.073179,0.081485,0.080159,0.077698,0.079895,0.077448,0.073935,0.076256,0.070863,0.067096,0.063663,0.057261,0.051605,0.046467,0.040351,0.032130,0.024118,0.017751,0.010685,0.006448,
0.066469,0.075114,0.079605,0.081184,0.077323,0.080020,0.078498,0.076531,0.073141,0.072730,0.067302,0.065890,0.062368,0.057315,0.048823,0.042918,0.036275,0.028312,0.019026,0.012649,0.008478,
0.057988,0.081616,0.074885,0.083136,0.075935,0.078438,0.078041,0.073935,0.074686,0.074743,0.072105,0.067039,0.062061,0.060777,0.054321,0.047094,0.040977,0.029038,0.023889,0.014441,0.010772,
0.095520,0.079361,0.081927,0.078818,0.076373,0.079002,0.082495,0.077305,0.076450,0.075082,0.072532,0.067672,0.062089,0.060422,0.056274,0.049078,0.042118,0.034485,0.025968,0.018081,0.011772,
nan,0.080224,0.077424,0.077312,0.078836,0.075831,0.077822,0.080191,0.077459,0.075992,0.074702,0.070435,0.068101,0.063993,0.059538,0.050943,0.047278,0.040109,0.031512,0.020582,0.015215,
0.100592,0.080585,0.086993,0.083530,0.078706,0.081537,0.075306,0.082325,0.073294,0.078715,0.074792,0.071413,0.072286,0.067125,0.062157,0.056787,0.050889,0.044171,0.034703,0.025325,0.018706,
0.086460,0.064016,0.087147,0.083601,0.079784,0.087363,0.081628,0.083620,0.084083,0.079015,0.071241,0.077606,0.068617,0.068129,0.069298,0.060194,0.054068,0.051489,0.039724,0.034210,0.024832,
nan,0.072179,nan,0.071130,nan,0.073169,0.086791,0.088173,0.085605,0.073713,0.071633,0.069353,0.069642,0.066693,0.074581,0.060813,0.063129,0.045955,0.039101,0.034581,0.058871,
nan,0.132706,0.154732,0.144592,0.139526,0.142909,0.131780,0.106610,0.100902,0.091914,0.071092,0.068833,0.057516,0.053837,0.040569,0.030733,0.020724,0.016580,0.010031,0.006388,nan,
0.155247,0.148214,0.155396,0.148781,0.143551,0.132466,0.124421,0.117340,0.106763,0.092800,0.086661,0.077385,0.062229,0.052977,0.041549,0.035068,0.029118,0.020555,0.012092,0.006985,0.004334,
0.171924,0.153617,0.150371,0.139830,0.135310,0.131736,0.122942,0.113972,0.104469,0.091761,0.082327,0.071820,0.064913,0.053731,0.042942,0.036279,0.027757,0.018878,0.012004,0.007518,0.004356,
0.150828,0.143143,0.139191,0.135182,0.134680,0.127395,0.117268,0.106402,0.098007,0.092350,0.081079,0.070940,0.060847,0.050970,0.039914,0.034575,0.024851,0.019003,0.011190,0.006594,0.004378,
0.139207,0.137151,0.129149,0.132354,0.125192,0.120935,0.109971,0.108321,0.103362,0.089824,0.078359,0.069510,0.061467,0.050202,0.042334,0.033343,0.025926,0.018355,0.011040,0.006413,0.004007,
0.114322,0.122775,0.123967,0.121780,0.115247,0.112530,0.113206,0.099802,0.092567,0.085069,0.078403,0.069753,0.059124,0.051773,0.041186,0.032505,0.025441,0.018130,0.011679,0.006931,0.003897,
0.109272,0.111711,0.115670,0.109455,0.110476,0.106748,0.116133,0.093990,0.091964,0.083004,0.071714,0.063329,0.056484,0.049587,0.042470,0.035438,0.027530,0.019457,0.013765,0.007861,0.004336,
0.091283,0.101204,0.105564,0.099935,0.101899,0.094736,0.093394,0.089010,0.085431,0.077517,0.069074,0.065745,0.056864,0.049005,0.039887,0.034100,0.027250,0.019203,0.013111,0.008255,0.004606,
0.087590,0.091013,0.096027,0.093846,0.092804,0.087396,0.088858,0.086443,0.082132,0.073990,0.071412,0.062217,0.056225,0.051411,0.042630,0.034870,0.027049,0.019563,0.013571,0.008042,0.005460,
0.089833,0.081857,0.088282,0.084335,0.087585,0.084800,0.081352,0.078420,0.074895,0.071446,0.069159,0.060091,0.057218,0.049874,0.041937,0.036892,0.030350,0.022560,0.014243,0.008692,0.006155,
0.067056,0.087183,0.080902,0.083691,0.080498,0.080667,0.080324,0.076901,0.076575,0.070896,0.068455,0.061413,0.057762,0.050558,0.044717,0.037304,0.030237,0.024394,0.017044,0.009873,0.006186,
0.080676,0.084745,0.078631,0.081616,0.079959,0.079113,0.078836,0.074990,0.074675,0.073675,0.068129,0.063724,0.059967,0.053713,0.047381,0.039677,0.034236,0.024917,0.017853,0.011444,0.007419,
0.075705,0.076858,0.079016,0.078817,0.081210,0.076080,0.078279,0.076304,0.075246,0.072983,0.070877,0.067267,0.062240,0.058976,0.049998,0.043255,0.035010,0.029816,0.019773,0.012312,0.009733,
0.073997,0.081907,0.083011,0.079497,0.081470,0.079790,0.077075,0.078151,0.075179,0.072714,0.074807,0.066701,0.063471,0.061889,0.052362,0.047078,0.040334,0.030904,0.023442,0.015200,0.009337,
0.064319,0.089310,0.080802,0.081157,0.081780,0.080027,0.079243,0.078790,0.076618,0.074045,0.074407,0.069460,0.068836,0.060727,0.056911,0.050537,0.045119,0.035204,0.028292,0.018284,0.012755,
0.091455,0.078636,0.072978,0.078952,0.082533,0.080655,0.076601,0.078449,0.077531,0.074700,0.073964,0.073797,0.070501,0.066827,0.059715,0.052016,0.047503,0.042096,0.030750,0.021152,0.017469,
nan,0.088967,0.085867,0.081369,0.079627,0.082486,0.077629,0.078332,0.080811,0.074574,0.072886,0.071662,0.070232,0.067788,0.065153,0.059019,0.051373,0.044685,0.037854,0.027233,0.019848,
0.083549,0.070148,0.091384,0.086637,0.087353,0.099173,0.083556,0.083388,0.074439,0.076196,0.071902,0.075963,0.073222,0.066187,0.065983,0.065972,0.054961,0.051217,0.043538,0.033206,0.024438,
nan,0.132691,0.101386,0.067300,0.095793,0.069771,0.091244,0.076638,0.082513,0.074345,0.090401,0.072650,0.075035,0.088363,0.068834,0.073931,0.067898,0.065423,0.049184,0.035558,0.030675,
nan,0.160173,0.138616,0.156730,0.147830,0.134313,0.133108,0.117181,0.096670,0.085005,0.102029,0.074182,0.057289,0.073206,0.037465,0.026953,0.024587,0.041841,0.008930,0.004718,nan,
0.159486,0.146631,0.150601,0.145862,0.140300,0.129124,0.125077,0.118493,0.108695,0.091284,0.083700,0.071686,0.062488,0.049956,0.041823,0.035861,0.025831,0.019491,0.012689,0.007336,0.003823,
0.164049,0.149693,0.147515,0.143087,0.141359,0.130927,0.125119,0.115204,0.102796,0.095287,0.086119,0.072386,0.061689,0.054806,0.043412,0.033535,0.027680,0.019032,0.012124,0.007145,0.004161,
0.146337,0.137230,0.138260,nan,0.131251,0.125667,0.116278,0.112190,0.103918,0.094561,0.081751,0.070721,0.059759,0.052931,0.042397,0.034371,0.025670,0.018224,0.012384,0.007107,0.003990,
0.138930,0.128467,0.134933,0.130775,0.125718,0.122264,0.117561,0.105252,0.099206,0.086806,0.079137,0.067804,0.060780,0.052920,0.042029,0.032745,0.025568,0.018143,0.012766,0.006759,0.004383,
0.132942,0.122769,0.122303,0.119262,0.112485,nan,0.107986,0.100065,0.095477,0.085346,0.077712,0.067417,0.059839,0.049097,0.040726,0.033303,0.027740,0.018558,0.011495,0.006911,0.004474,
0.109762,0.114466,0.111364,0.111064,0.110361,0.104400,0.101604,0.095592,0.086746,0.080659,0.073863,0.065757,0.058472,0.050738,0.041255,0.035044,0.025954,0.019313,0.012054,0.007151,0.004040,
0.097949,0.104121,0.102769,0.100420,0.100425,0.095964,0.099407,0.092713,0.081290,0.079946,0.070917,0.061873,0.056948,0.050893,0.043978,0.035560,0.027841,0.020221,0.013728,0.008074,0.004494,
0.083508,0.091654,0.094167,0.090776,0.093000,0.094380,0.087598,0.082465,0.078153,0.075965,0.066556,0.064258,0.056864,0.047541,0.041811,0.035015,0.028213,0.020870,0.013589,0.008521,0.005260,
0.113070,0.083865,0.083892,0.084780,0.085041,0.083857,0.083317,0.081067,0.077077,0.072823,0.068247,0.062908,0.054156,0.052869,0.043618,0.035658,0.029567,0.021836,0.014985,0.009535,0.006057,
0.068496,0.080010,0.083063,0.081053,0.082937,0.079853,0.078909,0.076913,0.077260,0.072819,0.068222,0.063119,0.059558,0.052599,0.045179,0.039704,0.031336,0.023534,0.015424,0.010474,0.006558,
0.076529,0.083437,0.077865,0.082989,0.079501,0.078797,0.080021,0.076594,0.074997,0.072599,0.069207,0.065072,0.060994,0.053493,0.047965,0.040168,0.034753,0.027121,0.018333,0.010615,0.007736,
0.072254,0.081220,0.073091,0.076644,0.081519,0.078254,0.079142,0.075253,0.076522,0.074207,0.071274,0.067084,0.063534,0.060897,0.051098,0.044741,0.037059,0.029162,0.021868,0.013745,0.008237,
0.095032,0.069896,0.078057,0.081292,0.072963,0.077363,0.078653,0.076377,0.077149,0.075145,0.074146,0.066806,0.064975,0.062565,0.054886,0.048962,0.039720,0.033445,0.023208,0.015866,0.011597,
0.063965,0.078144,0.083169,0.079833,0.083825,0.083910,0.082578,0.078460,0.077748,0.077139,0.074384,0.071884,0.068144,0.064588,0.056286,0.052480,0.044878,0.036625,0.028634,0.018797,0.014297,
0.056403,0.084112,0.085504,0.085212,0.082736,0.081683,0.080915,0.077679,0.076140,0.079058,0.073485,0.074261,0.069375,0.066649,0.063005,0.055185,0.049399,0.042941,0.032055,0.024949,0.015486,
0.061409,0.072260,0.074862,0.082676,0.075857,0.089613,0.079609,0.077820,0.077625,0.078882,0.079844,0.074525,0.070233,0.071334,0.067010,0.061724,0.054479,0.047250,0.038931,0.026660,0.021183,
0.088743,0.077794,0.079870,0.081028,0.079153,0.078670,0.080538,0.079116,0.077121,0.077603,0.079625,0.075498,0.072635,0.069733,0.067966,0.066995,0.057909,0.051563,0.044516,0.035844,0.026117,
nan,nan,nan,0.068294,0.063177,0.086538,0.092682,0.090742,0.083064,0.077891,0.077107,0.089958,0.074388,0.082406,0.072008,0.072330,0.063557,0.050183,0.048161,0.038681,0.037162,
nan,0.146669,0.150072,0.162025,0.139636,0.131410,0.115079,0.100747,0.105722,0.107535,0.080353,0.067774,0.054480,0.048875,0.036933,0.027734,0.022934,0.018426,0.011465,0.005374,nan,
0.152722,0.154968,0.153731,0.148090,0.139237,0.132263,0.122587,0.113587,0.105153,0.094953,0.082489,0.072437,0.062722,0.053616,0.039803,0.033874,0.026209,0.017715,0.013467,0.007189,0.004188,
0.146076,0.151319,0.149178,0.143978,0.141867,0.129238,0.128700,0.112784,0.107321,0.090893,0.084678,0.076911,0.061402,0.051480,0.043136,0.034412,0.026414,0.018155,0.012861,0.006965,0.004392,
0.164357,0.136499,0.144641,0.142293,0.132051,0.129390,0.119057,0.112171,0.103092,0.093542,0.081573,0.073403,0.062756,0.050202,0.043076,0.033934,0.026698,0.018762,0.011426,0.007306,0.004323,
0.130921,0.129525,0.136965,0.128156,0.124742,0.122201,0.113168,0.104373,0.097998,0.088440,0.079303,0.070478,0.060700,0.053054,0.039692,0.035325,0.024507,0.019411,0.011887,0.006841,0.004120,
0.122050,0.117162,0.126755,0.124499,0.119680,0.114765,0.107910,0.102732,0.095724,0.084586,0.076867,0.068516,0.059875,0.051348,0.041869,0.035035,0.025379,0.019185,0.012533,0.006874,0.004263,
0.111196,0.111636,0.114278,0.109928,0.109523,0.098473,nan,0.094621,0.091772,0.082774,0.075239,0.065676,0.058241,0.048984,0.041836,0.032811,0.026854,0.018877,0.012463,0.007565,0.004730,
0.100702,0.103920,0.104135,0.099917,0.100149,0.102161,0.094791,0.090542,0.085938,0.078891,0.070356,0.064008,0.057401,0.050311,0.040884,0.035164,0.027192,0.020048,0.013303,0.007778,0.005081,
0.091276,0.091438,0.094144,0.090823,0.091152,0.090306,0.087224,0.085154,0.080722,0.070820,0.069972,0.063596,0.056406,0.051800,0.044187,0.036571,0.027864,0.021180,0.013588,0.008086,0.005650,
0.076998,0.089091,0.085639,0.084411,0.087765,0.084463,0.083137,0.080793,0.079723,0.071065,0.069795,0.065650,0.056917,0.050098,0.044997,0.037137,0.029660,0.023108,0.014587,0.008886,0.005541,
0.091059,0.087056,0.081600,0.083406,0.083930,0.081533,0.079505,0.078644,0.076609,0.073824,0.068511,0.064596,0.058757,0.053565,0.045013,0.037731,0.032665,0.025765,0.017212,0.010520,0.007489,
0.085033,0.082917,0.081080,0.082978,0.081132,0.083617,0.079449,0.078025,0.074799,0.072347,0.071756,0.065938,0.063576,0.055197,0.048582,0.041886,0.033363,0.027387,0.018879,0.012184,0.007344,
0.095493,0.082514,0.084045,0.080713,0.078474,0.084573,0.080303,0.077624,0.075645,0.075110,0.072759,0.066955,0.064282,0.057803,0.052535,0.046369,0.038638,0.029743,0.020817,0.014384,0.009170,
0.078070,0.085262,0.075644,0.085813,0.079046,0.080676,0.078723,0.078370,0.078082,0.074290,0.072185,0.069872,0.067580,0.061826,0.056074,0.049737,0.041092,0.034397,0.024127,0.016039,0.011828,
0.075385,0.078321,0.077787,0.079326,0.077480,0.081173,0.080459,0.079042,0.077304,0.075496,0.073483,0.071484,0.069695,0.066460,0.057830,0.053319,0.047873,0.037276,0.028923,0.019646,0.014462,
0.139617,0.089982,0.084903,0.086098,0.079575,0.080282,0.079931,0.076808,0.078727,0.076651,0.076649,0.075636,0.071788,0.069310,0.064902,0.056326,0.050833,0.042972,0.035055,0.025928,0.017116,
0.084220,0.093529,0.077962,0.079450,0.079925,0.088971,0.081220,0.079394,0.080359,0.079124,0.077089,0.079334,0.075356,0.074265,0.067891,0.064476,0.057235,0.048916,0.040607,0.028962,0.026302,
0.082273,0.090025,0.085766,0.079357,0.080584,0.079257,0.081814,0.085380,0.074300,0.078830,0.079409,0.075602,0.078117,0.072031,0.073787,0.066064,0.060094,0.054366,0.046073,0.037551,0.026839,
nan,nan,nan,0.085311,0.091525,0.073849,0.074601,0.062510,0.081483,0.075312,0.097452,0.086385,0.072964,0.078149,0.071948,0.074767,0.067339,0.054712,0.050073,0.042460,0.031761,
nan,0.154659,0.151048,0.143065,0.152408,0.155218,0.130149,0.114046,0.115765,0.095491,0.077861,0.081326,0.059936,0.045439,0.037033,0.030228,0.024297,0.017415,0.014581,0.005000,nan,
0.170540,0.152978,0.152917,0.152228,0.143662,0.136861,0.125327,0.115279,0.105974,0.094095,0.086289,0.073342,0.062768,0.053419,0.041710,0.033420,0.024857,0.019553,0.012414,0.007362,0.003546,
0.155030,0.145787,0.151571,0.145760,0.141664,0.134012,0.123687,0.113673,0.103220,0.094096,0.083905,0.074278,0.061868,0.051348,0.042056,0.035622,0.026818,0.017965,0.012717,0.006505,0.004329,
0.143339,0.144317,0.146004,0.139739,0.132091,0.128458,0.120747,0.111365,0.103316,0.092767,0.082824,0.071565,0.061689,0.053189,0.043846,0.034202,0.026347,0.018904,0.011711,0.006986,0.004319,
0.130842,0.134538,0.133616,0.130914,nan,0.122311,0.112781,0.106836,0.099015,0.090777,0.081395,0.069815,0.060220,0.051206,0.042252,0.033799,0.026710,0.018643,0.012100,0.007028,0.004476,
0.112940,0.124524,0.127004,0.124125,0.118567,0.112107,0.111135,0.099560,0.095142,0.086395,0.078139,0.068087,0.060031,0.051553,0.042624,0.034564,0.024929,0.018555,0.011695,0.007425,0.004218,
0.103649,0.114676,0.113505,0.111496,0.112181,0.107750,0.103462,0.095786,0.089483,0.082008,0.073353,0.065430,0.059643,0.049975,0.041065,0.035329,0.026083,0.019273,0.012520,0.007525,0.004511,
0.110686,0.100209,0.100134,0.101115,0.101134,0.098121,0.099060,0.093920,0.082743,0.080145,0.070435,0.063815,0.056878,0.050440,0.041349,0.034517,0.027364,0.020101,0.013365,0.008373,0.004872,
0.087928,0.087644,0.092976,0.093104,0.092829,0.092766,0.088578,0.084477,0.078383,0.076676,0.069534,0.063949,0.056409,0.051377,0.042402,0.035615,0.028328,0.021414,0.014369,0.008941,0.005480,
0.074367,0.080592,0.084786,0.087833,0.089219,0.086640,0.083302,0.081585,0.079371,0.075302,0.070464,0.063753,0.059005,0.052714,0.045471,0.037426,0.028408,0.022377,0.015091,0.009989,0.006607,
0.081048,0.081199,0.083840,0.085694,0.081889,0.082501,0.080644,0.079743,0.076374,0.074120,0.070330,0.067033,0.059155,0.054264,0.047725,0.039317,0.032269,0.024212,0.016441,0.010263,0.007494,
0.095747,0.081976,0.080674,0.083008,0.083487,0.079411,0.080223,0.079013,0.076864,0.075527,0.071162,0.066999,0.062937,0.057052,0.048324,0.042948,0.035258,0.027457,0.019462,0.012800,0.008587,
0.072151,0.077040,0.082478,0.079888,0.080981,0.080210,0.080190,0.080300,0.075968,0.074798,0.072810,0.067429,0.065099,0.060303,0.053892,0.045397,0.038746,0.030806,0.022360,0.014343,0.009059,
0.107421,0.085763,0.080014,0.080146,0.084967,0.080617,0.079750,0.078797,0.078163,0.076705,0.074539,0.071803,0.068293,0.062629,0.057252,0.050541,0.041782,0.033683,0.025735,0.018144,0.011584,
0.077328,0.091055,0.086011,0.077715,0.083443,0.079651,0.083374,0.080107,0.079234,0.076852,0.076327,0.075437,0.069641,0.067898,0.060811,0.055073,0.047573,0.037563,0.029276,0.020813,0.015012,
0.070390,0.079276,0.078735,0.076543,0.084483,0.076580,0.080890,0.079640,0.078122,0.081313,0.074733,0.073081,0.072752,0.070378,0.065922,0.058797,0.052639,0.044771,0.034420,0.024773,0.019779,
0.080944,0.079613,0.092122,0.079813,0.079282,0.079126,0.082816,0.081187,0.075822,0.077320,0.077231,0.077174,0.075193,0.073130,0.069430,0.063375,0.058674,0.049961,0.042365,0.032605,0.027332,
nan,0.071491,0.087963,0.085313,0.088062,0.077152,0.075424,0.085028,0.073731,0.073824,0.078968,0.072672,0.070834,0.072914,0.069700,0.064946,0.061597,0.056687,0.046830,0.039879,0.029361,
nan,nan,0.079988,nan,0.083145,0.107491,0.074841,0.077378,0.071526,0.086445,0.077250,0.082960,0.074658,0.071784,0.066449,0.067830,0.068068,0.059414,0.053311,0.042666,0.047514,
nan,0.156635,0.146773,0.154001,0.133992,0.136327,0.131180,0.117774,0.107159,0.081006,0.083477,0.069537,0.064165,0.041737,0.037905,0.027362,0.021887,0.013910,0.008634,0.005557,nan,
0.175441,0.155268,0.156080,0.141067,0.141748,0.130548,0.125006,0.115282,0.103816,0.100887,0.082663,0.073371,0.061574,0.051633,0.042797,0.034097,0.024260,0.017402,0.012744,0.007095,0.003892,
0.193160,0.150229,0.149460,0.145460,0.137828,0.131800,0.123164,0.114221,0.107306,0.093286,0.083951,0.074095,0.061451,0.052278,0.040593,0.034957,0.027326,0.018771,0.012819,0.007316,0.004735,
0.144294,0.141694,0.141220,0.138185,0.134289,0.126740,0.122595,0.111574,0.103389,0.090170,0.083798,0.072639,0.059215,0.049942,0.042004,0.034075,0.027378,0.017098,0.012595,0.006835,0.003988,
0.132539,0.139844,0.134001,0.132422,0.128006,0.124145,0.115277,0.107163,0.100240,0.089045,0.081460,0.070962,0.060604,0.051808,0.042532,0.033644,0.025947,0.018336,0.011986,0.006413,0.004848,
0.123570,0.129091,0.124983,0.121848,0.119046,0.118673,0.109289,0.101513,0.095228,0.086901,0.079943,0.068225,0.060216,0.050072,0.041076,0.034150,0.025834,0.018931,0.012038,0.007197,0.004455,
0.105947,0.115543,0.114567,0.113218,0.112063,0.108504,nan,0.096096,0.090675,0.082971,0.075590,0.067811,0.058669,0.050782,0.042291,0.035566,0.026081,0.018715,0.011980,0.007843,0.004342,
0.091971,0.105636,0.106713,0.105321,0.102206,0.099061,0.094451,0.088971,0.087251,0.079342,0.071669,0.064127,0.058403,0.050365,0.041867,0.035208,0.026839,0.019553,0.013894,0.007955,0.004594,
0.087859,0.099134,0.095881,0.095077,0.094060,0.092357,0.088186,0.087040,0.082740,0.079135,0.069756,0.063133,0.057857,0.051926,0.042773,0.036012,0.028396,0.020518,0.014927,0.009114,0.004980,
0.079775,0.087309,0.087205,0.087425,0.085097,0.085765,0.085607,0.082057,0.079895,0.076406,0.071831,0.065081,0.057780,0.052589,0.045052,0.038198,0.030491,0.023621,0.016517,0.009676,0.006337,
0.063448,0.077921,0.080537,0.082884,0.082342,0.082391,0.082998,0.078820,0.077037,0.075764,0.071632,0.064904,0.062003,0.055841,0.047648,0.039934,0.031565,0.025313,0.017189,0.011127,0.007223,
0.068491,0.076451,0.081332,0.084408,0.080537,0.081613,0.081948,0.079411,0.077037,0.075355,0.073352,0.068675,0.063693,0.058738,0.051231,0.041603,0.035350,0.027732,0.019550,0.012096,0.008805,
0.084667,0.082337,0.080427,0.079218,0.082795,0.080296,0.080922,0.079979,0.079232,0.075850,0.073442,0.069911,0.065824,0.061923,0.054402,0.047263,0.038532,0.030537,0.021993,0.015135,0.010345,
0.102667,0.078238,0.082063,0.081814,0.083682,0.079797,0.079427,0.081738,0.078789,0.076880,0.075035,0.073163,0.069237,0.063470,0.058968,0.051914,0.045044,0.035157,0.025706,0.017904,0.012708,
nan,0.088544,0.080586,0.079814,0.086704,0.081461,0.081040,0.079703,0.080676,0.076920,0.078657,0.074468,0.072011,0.068701,0.063420,0.055229,0.048170,0.040840,0.031445,0.021300,0.015315,
0.077152,0.081650,0.090759,0.079456,0.089117,0.079545,0.081463,0.080646,0.083276,0.078876,0.078166,0.076945,0.074215,0.072609,0.066220,0.060147,0.054165,0.044086,0.037864,0.025698,0.019742,
nan,0.079046,0.079105,0.087379,0.081751,0.086946,0.080704,0.083442,0.077730,0.079934,0.079514,0.080397,0.075127,0.073332,0.070423,0.065073,0.058199,0.052527,0.041105,0.032691,0.023692,
0.101726,0.076042,0.073049,0.083450,0.077553,0.092603,0.081743,0.085470,0.079189,0.081299,0.077971,0.080503,0.074620,0.077592,0.071261,0.066630,0.065086,0.056521,0.049998,0.039749,0.031935,
nan,nan,nan,0.071929,0.074646,0.089209,0.091122,0.091269,0.082913,0.090703,0.072623,0.082410,0.077248,0.068843,0.090714,0.069971,0.058163,0.064248,0.053141,0.044837,0.030945,
nan,0.142311,0.147878,0.164093,0.140841,0.117624,0.112202,0.106136,0.106616,0.081659,0.077497,0.066271,0.060933,0.053102,0.049205,0.033388,0.024932,0.020487,0.010080,0.005553,nan,
0.149053,0.172241,0.153125,0.148077,0.146060,0.133106,0.123349,0.115841,0.102334,0.102561,0.084480,0.074511,0.062923,0.053123,0.040802,0.032697,0.025140,0.018212,0.011684,0.006779,0.004156,
0.145151,0.149547,0.143233,0.143902,0.139564,0.132846,0.121772,0.116074,0.105592,0.092324,0.081995,0.072762,0.062111,0.051873,0.042835,0.032466,0.025704,0.018429,0.012228,0.007247,0.003830,
0.156820,0.141738,0.144609,0.140733,0.136818,0.127765,0.122017,0.112343,0.102170,0.092653,0.082202,0.073469,0.063749,0.052260,0.040689,0.036057,0.026314,0.019068,0.012176,0.007242,0.005195,
0.132525,0.133164,0.134594,0.133449,0.127438,0.123818,0.116332,0.107268,0.100608,0.086858,0.081496,0.069274,0.059484,0.048983,0.043119,0.034827,0.025619,0.018279,0.012599,0.006873,0.004346,
0.146299,0.124651,0.124485,0.124518,0.123177,0.116054,0.112033,0.102798,0.094867,0.086906,0.078777,0.069332,0.059580,0.050909,0.042815,0.033986,0.026323,0.018342,0.012513,0.007088,0.004005,
0.107104,0.112232,0.114159,0.114702,0.110511,0.107940,0.104753,0.097110,0.091821,0.083735,0.077345,0.067104,0.058828,0.051050,0.040903,0.034668,0.026464,0.018939,0.013007,0.007362,0.004925,
0.093064,0.101422,0.104920,0.103421,0.102846,0.100840,0.096692,0.093493,0.085791,0.080656,0.074263,0.066501,0.058089,0.051157,0.043165,0.035637,0.027282,0.019615,0.012621,0.007923,0.005237,
0.083162,0.093630,0.094815,0.094424,0.093307,0.092289,0.091664,0.086179,0.085357,0.076957,0.070786,0.064879,0.057782,0.050477,0.043122,0.037551,0.028671,0.020840,0.014133,0.008596,0.005419,
0.078345,0.089967,0.086219,0.089923,0.087572,0.087111,0.086224,0.083325,0.078368,0.079881,0.069620,0.065328,0.059693,0.052094,0.044130,0.038944,0.030103,0.022651,0.015428,0.009862,0.005687,
0.075520,0.089341,0.086536,0.085298,0.084051,0.083971,0.082165,0.080497,0.080332,0.075883,0.071616,0.067158,0.061174,0.054868,0.047589,0.040206,0.033150,0.024999,0.017263,0.010873,0.006958,
0.084289,0.079724,0.079026,0.082179,0.079135,0.081152,0.079577,0.080400,0.077816,0.076170,0.073111,0.068000,0.065637,0.059719,0.051574,0.043603,0.035929,0.028665,0.019462,0.012346,0.008557,
0.090875,0.075227,0.079034,0.080812,0.081735,0.083576,0.078140,0.079759,0.077892,0.077625,0.073654,0.071326,0.067808,0.063160,0.055072,0.047280,0.039772,0.031043,0.022491,0.015051,0.010551,
0.078274,0.082808,0.077045,0.079915,0.080270,0.082887,0.079376,0.079812,0.080419,0.078970,0.074566,0.073194,0.070513,0.065262,0.060829,0.051253,0.043609,0.035626,0.026605,0.018271,0.012088,
0.062257,0.079602,0.071410,0.079810,0.078464,0.083195,0.079909,0.082224,0.080179,0.078920,0.076754,0.075777,0.073953,0.068358,0.064406,0.057787,0.049169,0.039600,0.031548,0.021543,0.016284,
0.080920,0.079236,0.078448,0.078247,0.083118,0.082393,0.082121,0.081086,0.081306,0.079019,0.077615,0.077347,0.074945,0.072664,0.066825,0.061487,0.055844,0.046455,0.037348,0.027924,0.022474,
0.082708,0.092041,0.101321,0.080871,0.083111,0.080932,0.085926,0.080595,0.081458,0.080692,0.079437,0.078465,0.076913,0.074156,0.071372,0.066508,0.060400,0.053019,0.042414,0.033408,0.028109,
0.074293,0.084624,0.087186,0.078722,0.079814,0.085602,0.079912,0.096038,0.083493,0.079355,0.080220,0.076089,0.076559,0.078897,0.076980,0.069607,0.066063,0.059683,0.051526,0.044249,0.033857,
nan,nan,nan,0.097096,0.092245,0.087651,0.081001,0.077923,0.069961,0.076807,0.074902,0.070781,0.086450,0.076795,0.069514,0.078919,0.072350,0.064752,0.054218,0.043052,0.038489,
nan,0.160104,0.133655,0.155700,0.138963,0.129844,0.138665,0.104875,0.095609,0.108976,0.083792,0.067443,0.058947,0.047013,0.032691,0.032045,0.022882,0.011590,0.010162,0.005279,nan,
0.140381,nan,0.154804,0.144617,0.142926,0.138801,0.127525,0.114130,0.109208,0.094077,0.081256,0.071354,0.060591,0.050830,0.042230,0.031761,0.026274,0.018650,0.016029,0.006034,0.003388,
0.135834,0.148506,0.127423,0.145877,0.144306,0.131764,0.123941,0.114076,0.102537,0.098187,0.083639,0.074770,0.062619,0.052367,0.041743,0.033942,0.025402,0.017779,0.014092,0.006744,0.004054,
0.131493,0.143392,0.143329,0.135157,0.136222,0.128346,0.120342,0.111191,0.101714,0.092289,0.081896,0.071941,0.060982,0.051740,0.042367,0.032579,0.026215,0.017955,0.012774,0.007131,0.003694,
0.129524,0.135003,0.136437,0.133345,0.129684,0.123872,0.116647,0.108031,0.099272,0.091154,0.080192,0.071732,0.060577,0.051065,0.040937,0.032866,0.026329,0.018307,0.013116,0.007747,0.004431,
0.118173,0.122835,0.124799,0.122933,0.119363,0.117510,0.111214,0.102684,0.097179,0.085376,0.077180,0.068817,0.059904,0.049819,0.041610,0.033553,0.025163,0.018552,0.012560,0.007641,0.004588,
0.130762,0.113607,0.114908,0.113500,0.109630,0.108903,0.102581,0.098506,0.091362,0.082859,0.075848,0.067928,0.059242,0.049569,0.042942,0.033568,0.026583,0.019512,0.012712,0.008060,0.004415,
0.101719,0.103007,0.106008,0.103926,0.100612,0.100980,0.097999,0.091953,0.088565,0.080435,0.073899,0.066316,0.058097,0.050852,0.043160,0.034810,0.027639,0.020275,0.013322,0.007999,0.004739,
0.090316,0.096838,0.095956,0.095067,0.092091,0.094430,0.090357,0.088463,0.083518,0.079039,0.073419,0.066011,0.058535,0.051623,0.043967,0.037255,0.028398,0.021205,0.014062,0.008431,0.005315,
0.071987,0.089386,0.085343,0.086401,0.086847,0.089138,0.085476,0.083681,0.081364,0.077548,0.073179,0.066419,0.059695,0.052863,0.045435,0.038414,0.029635,0.023122,0.015785,0.009296,0.006216,
0.068487,0.083041,0.080452,0.081517,0.083668,0.083789,0.081842,0.081565,0.078891,0.076551,0.073315,0.069044,0.063350,0.054669,0.048683,0.040382,0.032815,0.025580,0.018398,0.010766,0.006750,
0.087617,0.082708,0.078345,0.078339,0.083324,0.080255,0.079771,0.080355,0.078237,0.076902,0.073856,0.070438,0.066566,0.058720,0.051757,0.043830,0.036002,0.028059,0.019899,0.012550,0.008312,
0.125962,0.082294,0.081494,0.078838,0.082329,0.079349,0.078142,0.077818,0.079048,0.076774,0.075064,0.073114,0.069494,0.064804,0.056716,0.047566,0.041292,0.030942,0.022556,0.014899,0.009714,
0.072283,0.080866,0.079572,0.078184,0.081506,0.077567,0.079725,0.079721,0.078249,0.076792,0.075826,0.075118,0.071783,0.067458,0.061800,0.053546,0.045394,0.036011,0.026523,0.018291,0.011494,
0.077974,0.096884,0.081096,0.080742,0.081685,0.080973,0.079728,0.080451,0.078510,0.077531,0.077092,0.076873,0.074068,0.071233,0.065261,0.060044,0.050607,0.041337,0.031609,0.022835,0.014859,
0.092107,0.088829,0.077308,0.083588,0.077933,0.082064,0.077184,0.082752,0.076550,0.079695,0.079025,0.078846,0.076524,0.074431,0.069330,0.064144,0.056696,0.047637,0.037414,0.027423,0.019692,
0.072775,0.070480,0.089646,0.076818,0.076437,0.078333,0.082376,0.082506,0.080750,0.079771,0.079295,0.079182,0.075859,0.075748,0.072130,0.066716,0.061450,0.054638,0.045444,0.034515,0.025188,
nan,0.093868,0.097414,0.075280,0.080881,0.081255,0.080523,0.078861,0.083978,0.076820,0.077514,0.075433,0.077230,0.077788,0.077005,0.073740,0.067247,0.061125,0.054333,0.044661,0.032628,
nan,nan,nan,nan,nan,0.114306,0.109000,0.096735,0.079256,0.076366,0.077807,0.071588,0.083495,0.084663,0.078352,0.066717,0.066957,0.064289,0.056472,0.045424,0.040427,
0.158706,0.153300,0.133887,0.141113,0.130348,0.128848,0.128998,0.111303,0.108024,0.094307,0.078010,0.063158,0.062286,0.056284,0.043274,0.030806,0.026568,0.014888,0.008618,0.004956,nan,
0.154492,0.155022,0.142346,0.150451,0.134340,0.125420,0.122969,0.119973,0.113960,0.095322,0.078285,0.075356,0.063276,0.051466,0.039482,0.034292,0.024885,0.016711,0.011038,0.008862,0.003291,
0.142331,0.147849,0.150593,0.145494,0.138456,0.129176,0.124063,0.115795,0.106076,0.093340,0.083559,0.070680,0.062144,0.052727,0.040760,0.033056,0.025762,0.017346,0.013674,0.006418,0.003444,
0.134816,0.138617,0.142908,0.141087,0.138483,0.127385,0.120168,0.113619,0.102556,0.092421,0.081483,0.072470,0.062895,0.052428,0.040562,0.033096,0.025734,0.017651,0.013924,0.006268,0.004450,
0.132368,0.127382,0.130691,0.130982,0.130534,0.124810,0.118305,0.109140,0.100447,0.088107,0.081066,0.072631,0.061190,0.052994,0.039814,0.032972,0.026502,0.017235,0.013154,0.006903,0.004546,
0.127496,0.119710,0.118643,0.121241,0.122246,0.118309,0.111366,0.102492,0.095750,0.085322,0.079179,0.070608,0.059473,0.052944,0.039583,0.034342,0.027890,0.017758,0.013570,0.007126,0.004428,
0.113215,0.110378,0.109667,0.109576,0.112738,0.109998,0.106241,0.098548,0.093033,0.083399,0.076206,0.068415,0.057609,0.052304,0.040508,0.034865,0.026860,0.018423,0.013724,0.007685,0.004449,
0.113490,0.101237,0.101597,0.099021,0.104731,0.100381,0.097889,0.095095,0.088381,0.081449,0.073247,0.065748,0.058146,0.051527,0.042475,0.035016,0.027218,0.018875,0.014245,0.008184,0.004627,
0.108626,0.095665,0.088259,0.091848,0.093213,0.093882,0.089333,0.088577,0.085911,0.079469,0.071861,0.065214,0.059409,0.051814,0.044683,0.035460,0.028711,0.020189,0.015221,0.009455,0.005274,
0.086380,0.091089,0.081287,0.089373,0.085461,0.086404,0.084650,0.083666,0.082138,0.078988,0.073026,0.066419,0.059559,0.052808,0.045587,0.038032,0.031533,0.022626,0.016152,0.010257,0.005860,
0.090026,0.088540,0.077838,0.083934,0.081454,0.082616,0.082656,0.080422,0.079138,0.077692,0.075123,0.069987,0.062135,0.055587,0.048595,0.041458,0.032689,0.024770,0.017609,0.011411,0.006597,
0.071144,0.082776,0.077054,0.074778,0.082370,0.083377,0.081502,0.079362,0.079292,0.076051,0.075425,0.072613,0.067794,0.058713,0.052861,0.044512,0.035404,0.028109,0.019501,0.012774,0.008014,
0.063760,0.083824,0.079506,0.076173,0.085816,0.084846,0.080943,0.078185,0.079347,0.075839,0.075566,0.073628,0.071430,0.063899,0.056949,0.050035,0.039020,0.031910,0.021774,0.015727,0.010431,
0.106935,0.083301,0.083220,0.077781,0.084726,0.081499,0.079686,0.077864,0.080070,0.076632,0.079621,0.073955,0.072817,0.069915,0.061065,0.052914,0.044543,0.036089,0.025516,0.018009,0.011852,
0.072588,0.071584,0.073373,0.079811,0.081125,0.083216,0.080517,0.078977,0.081059,0.077890,0.081578,0.076375,0.075040,0.071842,0.067587,0.059606,0.049977,0.041544,0.030758,0.021308,0.015201,
0.111416,0.094780,0.080146,0.078413,0.080734,0.085805,0.082166,0.086641,0.079494,0.079379,0.081368,0.079158,0.078416,0.071197,0.069811,0.065985,0.056738,0.048227,0.037876,0.027316,0.018672,
0.136743,0.071417,0.090685,0.069031,0.080383,0.080206,0.081324,0.080001,0.072914,0.078891,0.081259,0.085161,0.078140,0.074684,0.074959,0.070137,0.063602,0.056061,0.045624,0.034001,0.025628,
0.197289,0.092141,0.076842,0.078187,0.079758,0.091414,0.084327,0.081111,0.084797,0.075485,0.086413,0.080161,0.082429,0.079125,0.071055,0.074015,0.069528,0.063924,0.053032,0.044714,0.034024,
nan,nan,nan,nan,nan,nan,nan,nan,nan,nan,0.051739,0.058821,0.081528,0.086570,0.083300,0.084667,0.078452,0.069928,0.065562,0.052186,0.042147,
