0.229278,0.181378,0.162843,0.168160,0.150363,0.169298,0.145367,0.134098,0.116177,0.124461,0.096103,0.092735,0.070867,0.060197,0.050804,0.042090,0.037965,0.021150,0.014960,0.008227,0.005282,
0.168916,0.178115,0.171153,0.164913,0.153797,0.154057,0.145389,0.136555,0.120055,0.110457,0.101574,0.090449,0.070123,0.058029,0.052662,0.040440,0.035821,0.022403,0.016039,0.007147,0.004873,
0.161220,0.176406,0.167181,0.158736,0.159835,0.152360,0.144302,0.131306,0.116059,0.109867,0.097181,0.087830,0.068861,0.058293,0.051028,0.040751,0.033260,0.023174,0.015778,0.008029,0.005005,
0.157907,0.168907,0.161444,0.150200,0.153686,0.143471,0.134947,0.124372,0.113446,0.104912,0.094174,0.087899,0.071352,0.058412,0.052402,0.041515,0.034355,0.024275,0.016502,0.008737,0.004966,
0.148842,0.149742,0.151483,0.141327,0.144971,0.134439,0.127588,0.115845,0.106346,0.098762,0.091231,0.080495,0.073289,0.059916,0.053220,0.043509,0.035671,0.026172,0.017892,0.009894,0.005523,
0.135967,0.134462,0.136858,0.126115,0.130962,0.122343,0.117842,0.110265,0.100778,0.094064,0.084867,0.075036,0.071841,0.062879,0.052672,0.044275,0.037989,0.029771,0.018916,0.011110,0.005999,
0.126192,0.123165,0.125399,0.117700,0.115960,0.110433,0.109921,0.101384,0.091027,0.089347,0.079774,0.072283,0.068785,0.064658,0.056575,0.049017,0.041877,0.032901,0.021819,0.013017,0.007046,
0.118887,0.109003,0.112676,0.108095,0.101682,0.099005,0.100309,0.091460,0.085521,0.083232,0.077790,0.071706,0.070518,0.067096,0.060514,0.055393,0.047983,0.036967,0.024965,0.014853,0.007443,
0.093541,0.095257,0.094075,0.097360,0.092857,0.087994,0.090412,0.084681,0.080307,0.078035,0.074526,0.071512,0.072016,0.072166,0.066495,0.064072,0.055741,0.043735,0.028862,0.016549,0.008212,
0.081163,0.093789,0.088808,0.085493,0.089027,0.084707,0.081863,0.080509,0.079213,0.077906,0.076881,0.076202,0.077994,0.079330,0.076968,0.074982,0.066030,0.053681,0.035261,0.019121,0.009068,
0.085753,0.082457,0.084761,0.081584,0.084506,0.084825,0.080337,0.080255,0.080905,0.081253,0.081353,0.085456,0.088903,0.091648,0.093007,0.089616,0.083687,0.067116,0.043143,0.021784,0.011103,
0.084317,0.074097,0.081937,0.082278,0.080786,0.083649,0.082688,0.081850,0.086400,0.090007,0.089936,0.099949,0.102630,0.110490,0.116715,0.111677,0.108147,0.084656,0.054648,0.025891,0.012250,
0.084908,0.068490,0.083516,0.084629,0.075579,0.082118,0.086127,0.089859,0.098366,0.101617,0.101263,0.121374,0.126078,0.135714,0.146773,0.141622,0.137605,0.103843,0.067335,0.028268,0.010971,
0.094370,0.074311,0.083748,0.094369,0.079438,0.090401,0.091898,0.097214,0.108875,0.119934,0.125849,0.145212,0.152818,0.171154,0.185723,0.186175,0.172608,0.135795,0.078622,0.029952,0.011290,
0.083031,0.096217,0.086238,0.096464,0.089407,0.098318,0.104809,0.115237,0.122631,0.134082,0.153668,0.176800,0.194149,0.223205,0.238140,0.243499,0.220946,0.163524,0.088126,0.027766,0.010788,
0.071761,0.087199,0.086789,0.085631,0.100094,0.106369,0.112312,0.137585,0.139103,0.158011,0.199944,0.214406,0.240658,0.288330,0.308473,0.317627,0.274708,0.192836,0.077111,0.019906,0.008963,
0.060789,0.075074,0.109407,0.096538,0.107903,0.120824,0.128860,0.151241,0.167092,0.194016,0.236386,0.262465,0.314850,0.350358,0.387734,0.378102,0.324095,0.173982,0.048721,0.014528,0.007085,
0.062723,0.083803,0.092223,0.112553,0.118721,0.147017,0.157379,0.166599,0.198927,0.260674,0.274237,0.342521,0.392242,0.436783,0.446350,0.427014,0.275562,0.087203,0.025672,0.009684,0.003693,
nan,nan,nan,nan,nan,nan,nan,nan,nan,nan,0.362829,0.378069,0.448331,0.479335,0.465653,0.317350,0.130297,0.030736,0.012476,0.004338,nan,
nan,nan,0.207191,0.163110,0.161996,0.149583,0.146771,0.154884,0.144754,0.107142,0.114707,0.107682,0.082071,0.070896,0.046250,0.045110,0.036620,0.032254,0.015696,0.008460,0.005255,
nan,0.182626,0.166405,0.165086,0.170506,0.155093,0.149359,0.135924,0.124678,0.112400,0.095913,0.087487,0.074989,0.058368,0.051429,0.039292,0.030402,0.022982,0.016018,0.008632,0.004339,
0.172487,0.172299,0.167296,0.162210,0.163674,0.146848,0.141850,0.133281,0.122953,0.106036,0.094590,0.085727,0.075225,0.058918,0.051738,0.040578,0.031601,0.024063,0.015550,0.008568,0.004872,
0.177132,0.157848,0.158588,0.156171,0.153880,0.141922,0.137231,0.124407,0.120808,0.104535,0.093898,0.081925,0.073559,0.061688,0.051482,0.041960,0.031716,0.024239,0.016713,0.009579,0.005555,
0.191677,0.144184,0.147108,0.147476,0.141779,0.134537,0.131100,0.118468,0.112506,0.103183,0.088973,0.079384,0.070084,0.061990,0.051710,0.042929,0.033376,0.026868,0.017540,0.009952,0.005783,
0.164191,0.135560,0.134765,0.135619,0.127939,0.122765,0.120111,0.108777,0.103528,0.097723,0.083707,0.077563,0.068906,0.062584,0.053546,0.045902,0.036563,0.029120,0.019458,0.011038,0.005846,
0.135218,0.122987,0.119011,0.121139,0.114321,0.111874,0.107979,0.099571,0.095753,0.089022,0.080244,0.074998,0.068617,0.062382,0.055651,0.048287,0.041051,0.031700,0.021374,0.011816,0.006347,
0.109864,0.110642,0.106480,0.106803,0.103007,0.101822,0.097336,0.090687,0.086012,0.081978,0.077067,0.073414,0.069663,0.064471,0.060616,0.054197,0.046884,0.036458,0.024889,0.013960,0.007594,
0.089003,0.100632,0.096960,0.094235,0.090757,0.090869,0.088078,0.084831,0.080062,0.079132,0.076309,0.074270,0.073032,0.068458,0.067919,0.061066,0.054312,0.043531,0.029032,0.015972,0.008182,
0.084830,0.088700,0.087809,0.083232,0.082187,0.081228,0.081219,0.080085,0.075536,0.079213,0.077981,0.078085,0.078547,0.076632,0.075645,0.071976,0.066511,0.053364,0.035044,0.018764,0.009287,
0.080138,0.081086,0.083795,0.075763,0.080870,0.077166,0.078052,0.079687,0.078442,0.083610,0.083735,0.087868,0.088788,0.088881,0.091717,0.088269,0.081696,0.065466,0.044118,0.021906,0.010257,
0.064169,0.080674,0.080072,0.073750,0.081907,0.079554,0.080067,0.082296,0.085320,0.089814,0.093165,0.100328,0.103091,0.108647,0.112872,0.109984,0.103558,0.081479,0.053834,0.025368,0.011135,
0.068468,0.081102,0.075694,0.074630,0.081119,0.083213,0.083889,0.088522,0.092878,0.101713,0.107060,0.117611,0.125020,0.135556,0.142034,0.144806,0.131489,0.104130,0.065323,0.027156,0.011360,
0.074163,0.077951,0.073647,0.083261,0.081744,0.088357,0.091414,0.097932,0.105643,0.118329,0.127740,0.142098,0.154655,0.168363,0.181709,0.186099,0.170234,0.133191,0.074727,0.029272,0.010869,
0.077795,0.081412,0.075109,0.089334,0.088602,0.096001,0.102503,0.109281,0.120045,0.139013,0.155620,0.172127,0.196215,0.211172,0.236436,0.237610,0.222438,0.161571,0.082529,0.025076,0.010756,
0.145904,0.083299,0.092704,0.094251,0.094340,0.106103,0.110091,0.129307,0.145830,0.161631,0.187251,0.217538,0.248127,0.275425,0.301151,0.306189,0.271762,0.179235,0.071141,0.019699,0.009959,
0.126863,0.085829,0.092928,0.099473,0.105223,0.130239,0.129084,0.140899,0.168630,0.193975,0.226954,0.264517,0.298281,0.338411,0.378658,0.368984,0.306121,0.158387,0.046730,0.015418,0.007824,
nan,0.088679,0.089515,0.104002,0.119870,0.126580,0.146867,0.170771,0.210743,0.230994,0.272283,0.324652,0.377751,0.428622,0.446549,0.407029,0.244783,0.086343,0.027524,0.010649,0.004557,
nan,nan,nan,nan,0.123595,0.146203,0.192537,0.169052,0.212729,0.282538,0.334475,0.348098,0.434338,0.475017,0.441770,0.368674,0.163573,0.049923,0.014589,0.006205,0.001857,
nan,0.188777,0.163740,0.163639,0.165479,0.153397,0.160238,0.136143,0.131304,0.107706,0.114702,0.077937,0.069221,0.057715,0.053692,0.037601,0.033203,0.022817,0.016977,0.012445,0.004646,
0.166252,0.178522,0.171778,0.171593,0.166013,0.151722,0.151598,0.136960,0.121825,0.111456,0.095237,0.088386,0.073830,0.060259,0.050152,0.042506,0.029671,0.023305,0.014957,0.008352,0.004843,
0.159986,0.172202,0.164214,0.160181,0.160840,0.147693,0.145985,0.128916,0.124105,0.110378,0.094730,0.087520,0.072732,0.061429,0.050911,0.040258,0.029928,0.022496,0.016119,0.009321,0.004717,
0.152554,0.165560,0.158768,0.153677,0.152919,0.140640,0.136393,0.125092,0.116982,0.108873,0.089537,0.083353,0.069560,0.062736,0.050205,0.041478,0.032090,0.025601,0.016497,0.008364,0.005178,
0.143479,0.153160,0.147266,0.145912,0.140684,0.131728,0.125665,0.115383,0.109923,0.103126,0.086902,0.078643,0.069382,0.063590,0.052177,0.043191,0.035061,0.025942,0.017410,0.009975,0.005831,
0.151876,0.136684,0.133398,0.135801,0.128037,0.124448,0.117104,0.107218,0.102189,0.095350,0.083255,0.073823,0.067833,0.060121,0.052536,0.044107,0.036044,0.028272,0.018847,0.010799,0.006472,
0.140116,0.121333,0.120368,0.124096,0.116366,0.109504,0.105964,0.098980,0.094090,0.086572,0.080583,0.071260,0.066579,0.060620,0.054591,0.047201,0.041053,0.032172,0.021386,0.012606,0.007562,
0.117999,0.108316,0.104305,0.111334,0.102055,0.100054,0.095569,0.092018,0.086976,0.082848,0.078379,0.072289,0.067069,0.064311,0.058737,0.053507,0.046649,0.037102,0.024556,0.014080,0.007723,
0.096824,0.094337,0.093960,0.097769,0.089975,0.090747,0.084620,0.082962,0.081404,0.078582,0.077537,0.074007,0.070986,0.068921,0.065614,0.061012,0.054466,0.042878,0.029003,0.015460,0.008552,
0.081672,0.085758,0.083283,0.086960,0.083548,0.084242,0.079342,0.078676,0.079322,0.076842,0.078463,0.076590,0.077757,0.078245,0.076590,0.071994,0.064496,0.053244,0.035279,0.018187,0.008791,
0.071521,0.078102,0.080267,0.080396,0.081371,0.080832,0.079578,0.080381,0.081720,0.080083,0.082284,0.086080,0.087736,0.091173,0.092333,0.088043,0.079403,0.064996,0.042108,0.020916,0.009559,
0.075957,0.077712,0.078355,0.076348,0.080338,0.078646,0.082410,0.083163,0.086108,0.087748,0.092540,0.098012,0.104505,0.108590,0.113088,0.109625,0.098418,0.082084,0.051133,0.023593,0.011115,
0.059946,0.074444,0.078997,0.078443,0.082057,0.078212,0.089713,0.086610,0.094389,0.100736,0.105670,0.113730,0.126878,0.132916,0.138288,0.139472,0.127215,0.099839,0.060785,0.025811,0.011336,
0.070392,0.076379,0.082610,0.082449,0.087077,0.084351,0.099209,0.094412,0.107493,0.115256,0.124898,0.139578,0.152041,0.164384,0.175170,0.179675,0.163575,0.122565,0.069422,0.026350,0.010588,
0.082203,0.078037,0.082684,0.084588,0.089210,0.090484,0.104193,0.107968,0.123674,0.134178,0.151975,0.166862,0.188939,0.209043,0.225115,0.229029,0.203772,0.147088,0.073488,0.026294,0.009664,
0.057483,0.076860,0.084456,0.096919,0.096688,0.107347,0.111159,0.131944,0.146542,0.157615,0.180711,0.210038,0.240155,0.264981,0.286515,0.285856,0.247900,0.161690,0.071958,0.021657,0.009300,
nan,0.083947,0.099042,0.095331,0.108257,0.117546,0.120823,0.145795,0.167394,0.193384,0.218411,0.250812,0.296432,0.332346,0.353560,0.333340,0.265291,0.147917,0.048366,0.014082,0.007490,
0.120477,0.083437,0.094738,0.098174,0.126087,0.124356,0.156880,0.166607,0.190814,0.218642,0.259974,0.317537,0.353233,0.396709,0.408159,0.363717,0.244120,0.087922,0.024400,0.010104,0.004171,
nan,nan,nan,0.103028,0.132182,0.185458,0.163685,0.170264,0.211555,0.254302,0.279809,0.330025,0.371665,0.428122,0.462383,0.328292,0.126397,0.036275,0.015192,0.005417,0.006228,
nan,0.167810,0.156017,0.159758,0.178766,0.157473,0.127763,0.130469,0.122360,0.111189,0.117797,0.090381,0.074687,0.063495,0.051120,0.049254,0.033490,0.023579,0.016491,0.008837,0.004672,
0.167470,0.177213,0.168544,0.164282,0.164582,0.158445,0.151106,0.131839,0.130210,0.112087,0.096831,0.083147,0.075662,0.058131,0.053289,0.039237,0.028891,0.021629,0.015221,0.008712,0.004498,
0.173210,0.178596,0.168381,0.162806,0.159435,0.147180,0.142351,0.130358,0.125297,0.109542,0.093609,0.083905,0.069747,0.062719,0.048756,0.039860,0.030987,0.023975,0.015929,0.007999,0.005036,
0.156325,0.163310,0.161257,0.156099,0.152603,0.143599,0.134004,0.127040,0.117335,0.104797,0.093233,0.079404,0.070625,0.061671,0.051117,0.041193,0.032610,0.024741,0.015971,0.009362,0.005452,
0.152519,0.149736,0.146778,0.144587,0.138866,0.136571,0.126777,0.116241,0.107687,0.097507,0.088611,0.077909,0.070065,0.060081,0.049569,0.041417,0.033265,0.025726,0.017290,0.009815,0.005898,
0.134080,0.138422,0.136040,0.133608,0.127343,0.120963,0.115564,0.109483,0.099748,0.090848,0.086040,0.076211,0.066591,0.060376,0.050530,0.044718,0.036966,0.028818,0.019134,0.011088,0.006637,
0.123267,0.125855,0.124055,0.122482,0.113878,0.111280,0.105767,0.101151,0.091180,0.086386,0.080618,0.073120,0.066199,0.060557,0.055034,0.048692,0.040168,0.032056,0.020994,0.011968,0.006533,
0.110107,0.107379,0.111866,0.106044,0.103563,0.098537,0.094082,0.093068,0.084275,0.080914,0.076786,0.070734,0.068372,0.064383,0.058269,0.054028,0.045171,0.036102,0.024009,0.013350,0.007303,
0.095162,0.098338,0.097229,0.094153,0.093753,0.087985,0.087973,0.084757,0.080438,0.077682,0.074739,0.071834,0.069856,0.069372,0.065911,0.058865,0.051234,0.042243,0.028651,0.015236,0.008087,
0.081468,0.093475,0.086494,0.083641,0.085499,0.080013,0.080783,0.080880,0.076450,0.078356,0.077591,0.076792,0.075605,0.076923,0.075968,0.069435,0.061300,0.049691,0.032867,0.017608,0.009066,
0.077758,0.083845,0.081373,0.080012,0.081569,0.076578,0.078978,0.080281,0.079701,0.080950,0.082802,0.082959,0.085853,0.088702,0.088713,0.082906,0.077612,0.061244,0.040074,0.020351,0.009804,
0.070369,0.076519,0.079505,0.077503,0.079971,0.078856,0.079330,0.083739,0.083631,0.089316,0.093165,0.094102,0.100644,0.105748,0.109092,0.105763,0.096006,0.075159,0.048207,0.022522,0.010362,
0.085532,0.075039,0.078172,0.077786,0.080879,0.080390,0.082979,0.090140,0.091350,0.100756,0.105523,0.113712,0.122339,0.130023,0.135960,0.132436,0.120673,0.093636,0.057857,0.025774,0.010197,
0.069116,0.071061,0.075304,0.081923,0.080082,0.085677,0.091439,0.097722,0.101552,0.114953,0.121977,0.137680,0.143379,0.161243,0.167825,0.168208,0.148793,0.114686,0.066642,0.025635,0.010508,
0.112052,0.080137,0.080360,0.084410,0.085848,0.093263,0.102165,0.108462,0.120837,0.132736,0.149537,0.164555,0.183634,0.199313,0.211905,0.211296,0.188214,0.139885,0.067271,0.021578,0.009587,
0.150835,0.084718,0.091372,0.093423,0.096504,0.103019,0.118317,0.124806,0.139005,0.157863,0.177885,0.196297,0.221231,0.247131,0.271643,0.260335,0.224719,0.142533,0.056451,0.019828,0.008992,
0.084675,0.092001,0.089848,0.090454,0.103607,0.121743,0.123720,0.139781,0.167170,0.180227,0.211711,0.239847,0.279017,0.301410,0.325313,0.306849,0.235419,0.114560,0.043635,0.014173,0.007152,
nan,0.106988,0.099434,0.112308,0.113551,0.129971,0.142905,0.168027,0.188328,0.212892,0.239977,0.282634,0.340681,0.359868,0.365455,0.307773,0.187288,0.077100,0.024922,0.009348,0.003618,
nan,nan,0.093586,0.119840,0.109218,0.109847,0.156779,0.208402,0.226091,0.231216,0.265665,0.294665,0.345120,0.389266,0.345005,0.227903,0.138518,0.035839,0.014126,0.005000,0.003237,
nan,0.178861,0.171079,0.172363,0.159362,0.172577,0.183076,0.148802,0.126256,0.112251,0.106715,0.097143,0.076327,0.059941,0.064388,0.036463,0.039847,0.023780,0.014979,0.008634,0.004513,
0.186420,0.185985,0.178272,0.169534,0.166800,0.149293,0.148105,0.138789,0.127280,0.114710,0.099707,0.094180,0.074125,0.062462,0.051620,0.038073,0.029597,0.022189,0.015099,0.008259,0.004765,
0.185770,0.177546,0.173919,0.165699,0.161987,0.148918,0.141668,0.130441,0.120496,0.109200,0.095683,0.082529,0.073456,0.061512,0.051011,0.039645,0.031403,0.023589,0.014324,0.009070,0.004971,
0.172770,0.165806,0.158376,0.158181,0.150958,0.145147,0.134038,0.124180,0.117049,0.102036,0.093058,0.081560,0.072497,0.061156,0.049602,0.040924,0.030749,0.024193,0.015627,0.008950,0.004940,
0.157284,0.150350,0.147622,0.144622,0.140941,0.131619,0.124632,0.118308,0.107626,0.096538,0.090079,0.079891,0.067270,0.060852,0.048660,0.042238,0.033462,0.026547,0.017684,0.009757,0.005801,
0.152524,0.137471,0.137170,0.130689,0.129331,0.120479,0.118279,0.110228,0.101078,0.092661,0.084680,0.075258,0.068102,0.058896,0.052116,0.046008,0.036632,0.027644,0.018855,0.010266,0.006076,
0.134243,0.124239,0.125400,0.114344,0.114796,0.108139,0.106189,0.099879,0.094537,0.086380,0.081638,0.072929,0.067831,0.060900,0.054064,0.047506,0.039056,0.030474,0.021390,0.011517,0.006281,
0.107658,0.110221,0.109854,0.103485,0.101091,0.094294,0.098645,0.090035,0.086912,0.081627,0.076479,0.070842,0.066628,0.062874,0.056954,0.050921,0.044254,0.034062,0.023185,0.012792,0.007737,
0.085394,0.092564,0.098392,0.089551,0.089437,0.086582,0.086653,0.084088,0.080821,0.078534,0.074445,0.072618,0.070383,0.066760,0.063097,0.058962,0.050718,0.039708,0.027140,0.015119,0.007960,
0.088998,0.082240,0.086610,0.081192,0.081435,0.081055,0.079850,0.080150,0.077773,0.077360,0.076046,0.076045,0.076340,0.074029,0.071591,0.066705,0.061250,0.047705,0.032125,0.017380,0.008978,
0.076708,0.082934,0.078873,0.079000,0.077739,0.078062,0.079144,0.078277,0.077552,0.078750,0.078883,0.085134,0.085103,0.085667,0.084200,0.081342,0.072777,0.058297,0.038493,0.019759,0.009048,
0.072489,0.083771,0.076617,0.079584,0.079280,0.077425,0.077766,0.083758,0.082500,0.085701,0.089383,0.095285,0.099346,0.101306,0.100811,0.101569,0.089675,0.071269,0.047315,0.021507,0.009664,
0.065935,0.076332,0.074131,0.079375,0.078999,0.080068,0.080174,0.087924,0.091785,0.094934,0.104460,0.110934,0.116604,0.121764,0.124438,0.124937,0.110991,0.087828,0.051145,0.021356,0.010311,
0.074129,0.082055,0.075831,0.081317,0.081148,0.085211,0.090785,0.098330,0.102874,0.111233,0.122577,0.129497,0.139513,0.147154,0.153812,0.155224,0.138596,0.102696,0.056867,0.024668,0.010074,
0.084420,0.077540,0.080011,0.085021,0.087104,0.093282,0.100123,0.108172,0.120071,0.127859,0.140558,0.153270,0.173151,0.185129,0.192484,0.193543,0.166356,0.118240,0.064702,0.021903,0.008971,
0.072301,0.080666,0.077123,0.088449,0.093947,0.103238,0.105149,0.122247,0.133911,0.151201,0.166997,0.187749,0.209357,0.228936,0.238308,0.229902,0.195645,0.127914,0.052142,0.016457,0.008465,
0.064650,0.097134,0.090052,0.095089,0.102970,0.106804,0.131956,0.142805,0.162568,0.176914,0.202182,0.223458,0.251046,0.271066,0.290605,0.267891,0.204789,0.104123,0.037093,0.013707,0.006200,
0.069598,0.105824,0.093711,0.098193,0.126721,0.129484,0.142613,0.168964,0.181195,0.203159,0.229964,0.262241,0.299494,0.327167,0.326482,0.266195,0.160249,0.065148,0.023931,0.009051,0.004141,
nan,nan,0.108525,0.078571,0.109494,0.123689,0.140660,0.173413,0.210806,0.240667,0.258514,0.349788,0.361759,0.363990,0.312495,0.237473,0.109700,0.032453,0.013986,0.005394,0.001845,
nan,0.176819,0.171990,0.163176,0.170246,0.149444,0.140583,0.136015,0.128534,0.132534,0.098159,0.088958,0.072558,0.062977,0.056195,0.045528,0.030117,0.022328,0.014569,0.009092,0.004932,
0.206896,0.180404,0.180184,0.165815,0.160279,0.156212,0.144035,0.131711,0.126732,0.117646,0.096873,0.088511,0.072516,0.063512,0.049148,0.038945,0.028076,0.022591,0.015205,0.008244,0.004062,
0.216390,0.175905,0.168788,0.164394,0.158222,0.157936,0.141757,0.130457,0.123510,0.107986,0.094890,0.079722,0.071397,0.061728,0.050552,0.041679,0.030860,0.024388,0.015443,0.008107,0.005113,
0.182503,0.161896,0.158352,0.155295,0.146799,0.143061,0.132547,0.123828,0.111582,0.102268,0.093817,0.082698,0.070278,0.061566,0.047105,0.039658,0.030782,0.023225,0.016383,0.009119,0.005346,
0.159882,0.151666,0.150246,0.140516,0.138495,0.132221,0.125770,0.120856,0.111386,0.097718,0.087490,0.078753,0.069050,0.058683,0.050606,0.042481,0.033272,0.025116,0.016879,0.009365,0.005838,
0.152387,0.135074,0.138598,0.128151,0.125937,0.119783,0.114279,0.108954,0.101176,0.093328,0.086710,0.075949,0.067655,0.059467,0.051490,0.043692,0.035699,0.026753,0.018584,0.010845,0.005700,
0.135627,0.122701,0.123557,0.118637,0.116035,0.110568,0.104481,0.098703,0.093587,0.086957,0.078585,0.073370,0.065312,0.059379,0.052858,0.046055,0.039394,0.029353,0.019786,0.011309,0.006770,
0.107692,0.110627,0.106914,0.106383,0.101468,0.101559,0.093906,0.089017,0.086619,0.079970,0.076307,0.072565,0.065598,0.061906,0.055242,0.051454,0.043006,0.033431,0.023569,0.013288,0.007009,
0.094578,0.102879,0.092579,0.093589,0.089505,0.088129,0.083099,0.084040,0.081554,0.075922,0.073984,0.072092,0.069324,0.065369,0.060101,0.055632,0.049352,0.039466,0.026529,0.014711,0.007813,
0.089730,0.090512,0.085376,0.084141,0.083868,0.082008,0.079959,0.079250,0.076317,0.076616,0.074286,0.074937,0.071739,0.073310,0.068057,0.065007,0.057152,0.046644,0.030548,0.015607,0.008141,
0.085035,0.080421,0.081240,0.078670,0.081061,0.075667,0.074322,0.078828,0.079377,0.079981,0.081264,0.079171,0.082525,0.082926,0.081738,0.077667,0.067252,0.055311,0.035456,0.017269,0.009029,
0.077538,0.078118,0.078802,0.075463,0.080696,0.077406,0.075677,0.080433,0.082282,0.085102,0.086973,0.092598,0.095563,0.096723,0.097889,0.093874,0.084391,0.065446,0.040595,0.020501,0.009115,
0.058733,0.077628,0.078186,0.079176,0.078221,0.077468,0.084112,0.084828,0.087251,0.097216,0.101524,0.105586,0.110698,0.117507,0.118283,0.116133,0.100299,0.078199,0.050090,0.022191,0.009903,
0.079874,0.077563,0.074200,0.077360,0.082931,0.086250,0.089376,0.095713,0.103592,0.107724,0.114876,0.125733,0.129910,0.141440,0.142122,0.141150,0.123816,0.093761,0.054125,0.020579,0.009117,
0.080005,0.088956,0.080922,0.085818,0.091010,0.092943,0.098255,0.105033,0.114388,0.122408,0.135190,0.149487,0.159804,0.175072,0.176383,0.171657,0.147332,0.106227,0.051579,0.021112,0.007771,
0.080905,0.076761,0.087615,0.089785,0.098380,0.101122,0.106262,0.124029,0.135620,0.141853,0.163251,0.176645,0.197952,0.210662,0.213617,0.204672,0.165967,0.107229,0.049379,0.015521,0.008141,
0.056644,0.079504,0.089854,0.085414,0.107502,0.107905,0.122483,0.132795,0.150562,0.167769,0.190339,0.213632,0.232448,0.244823,0.245928,0.224983,0.168730,0.095136,0.034191,0.012813,0.005317,
nan,0.098484,0.103735,0.111790,0.112455,0.124945,0.139116,0.155015,0.169684,0.197998,0.220861,0.258357,0.271985,0.280416,0.274574,0.218425,0.146543,0.059663,0.020098,0.009943,0.004200,
nan,0.105394,nan,0.092372,0.128904,0.138092,0.131260,0.153423,0.209142,0.235983,0.248177,0.262939,0.263074,0.299142,0.276344,0.184659,0.092678,0.040705,0.013588,0.005865,0.003759,
nan,0.186990,0.169589,0.190837,0.170879,0.154911,0.157183,0.142441,0.130954,0.109295,0.102564,0.088398,0.073409,0.054956,0.051671,0.044147,0.036666,0.028031,0.015227,0.007545,0.004763,
0.184730,0.178149,0.175291,0.170543,0.161669,0.149618,0.148961,0.135992,0.124132,0.112173,0.094484,0.086667,0.070168,0.063206,0.048679,0.038687,0.029117,0.021553,0.014547,0.007655,0.004972,
0.169433,0.166385,0.169250,0.160903,0.157277,0.149321,0.137526,0.131393,0.118821,0.103918,0.098483,0.082678,0.071383,0.062277,0.049352,0.040078,0.029557,0.023046,0.013938,0.008421,0.004235,
0.160758,0.163523,0.161279,0.152302,0.149263,0.144656,0.132386,0.128895,0.115279,0.104548,0.093862,0.081559,0.068765,0.059698,0.049914,0.041439,0.032737,0.024836,0.016092,0.008756,0.005486,
0.152829,0.155840,0.145149,0.144356,0.137135,0.132794,0.122950,0.118293,0.107230,0.097786,0.091565,0.078461,0.067593,0.059187,0.050732,0.041380,0.033479,0.025949,0.016510,0.010288,0.005310,
0.148146,0.147803,0.132940,0.134430,0.128473,0.124458,0.113673,0.110174,0.102226,0.092524,0.082554,0.074894,0.066162,0.059644,0.050765,0.043443,0.035686,0.026422,0.018447,0.010566,0.005842,
0.144581,0.125888,0.122153,0.119873,0.114549,0.109316,0.104642,0.101965,0.093256,0.085993,0.080167,0.073706,0.064612,0.058398,0.051715,0.046758,0.037600,0.029087,0.020011,0.011609,0.005918,
0.106925,0.104711,0.108827,0.102882,0.104313,0.096961,0.094362,0.090135,0.086743,0.079643,0.074795,0.072159,0.066363,0.060848,0.055239,0.049040,0.042377,0.032385,0.021619,0.012146,0.006606,
0.099043,0.096857,0.096275,0.093179,0.092007,0.089790,0.085690,0.083100,0.080260,0.076199,0.075096,0.070127,0.065575,0.064019,0.058672,0.055409,0.046752,0.036934,0.024417,0.012846,0.007529,
0.076419,0.087748,0.083779,0.084288,0.085040,0.081803,0.078945,0.077618,0.077621,0.075663,0.073791,0.072469,0.071351,0.069621,0.069053,0.063816,0.052138,0.043631,0.028288,0.015964,0.007733,
0.071342,0.081051,0.082827,0.079264,0.078874,0.077524,0.078442,0.077388,0.078286,0.078541,0.077838,0.078630,0.078741,0.079220,0.078256,0.073961,0.064186,0.051042,0.034903,0.017592,0.008333,
0.070146,0.077561,0.076918,0.078786,0.078119,0.079051,0.079751,0.078086,0.083385,0.083422,0.086839,0.088588,0.089983,0.091791,0.091669,0.088460,0.075438,0.060736,0.038943,0.017426,0.009590,
0.069474,0.077284,0.075489,0.074413,0.080561,0.083437,0.082385,0.086136,0.090626,0.090404,0.093537,0.100693,0.106966,0.109564,0.109271,0.104866,0.092137,0.070530,0.042566,0.021189,0.008596,
0.069889,0.083271,0.079346,0.080396,0.082008,0.086730,0.092591,0.088578,0.099920,0.106447,0.108767,0.121295,0.126533,0.130667,0.131851,0.128485,0.110343,0.084099,0.049591,0.019948,0.008602,
0.084910,0.079238,0.084354,0.083375,0.090234,0.094037,0.095433,0.102952,0.112278,0.119831,0.128908,0.137520,0.150856,0.153908,0.159595,0.153156,0.129623,0.093793,0.046858,0.019461,0.008183,
0.064715,0.077805,0.086619,0.086510,0.093438,0.104990,0.108750,0.113927,0.128096,0.137057,0.149051,0.173490,0.174311,0.190645,0.191661,0.182518,0.143724,0.093581,0.042385,0.016142,0.007358,
0.081868,0.094549,0.092580,0.106493,0.103838,0.113388,0.116893,0.130680,0.145469,0.159085,0.174507,0.190888,0.203742,0.221275,0.219480,0.189857,0.144953,0.083217,0.032369,0.012089,0.004922,
0.067044,0.096534,0.100514,0.101799,0.109594,0.113177,0.128059,0.152529,0.164746,0.178077,0.207395,0.216217,0.244180,0.246480,0.226570,0.195014,0.120138,0.053888,0.021062,0.007705,0.003142,
nan,0.068935,nan,0.083808,0.124376,0.132924,0.147792,0.179624,0.172066,0.178326,0.222854,0.274898,0.286294,0.247479,0.220092,0.187424,0.098644,0.032053,0.011234,0.005737,0.002320,
nan,0.203753,0.173147,0.179702,0.160115,0.147977,0.138555,0.140388,0.128357,0.114762,0.098149,0.094255,0.077934,0.063197,0.046672,0.042910,0.029520,0.026002,0.018420,0.010319,0.004173,
0.187174,0.175943,0.179665,0.177580,0.161819,0.157852,0.143827,0.131437,0.122126,0.116292,0.094798,0.080790,0.073793,0.059076,0.050775,0.038698,0.032804,0.023040,0.014824,0.008376,0.004433,
0.175172,0.179703,0.165955,0.161720,0.151776,0.149796,0.140187,0.128275,0.117267,0.107813,0.094677,0.085299,0.073518,0.060309,0.047644,0.038927,0.028591,0.020645,0.014843,0.008056,0.005028,
0.165152,0.173651,0.158292,0.154810,0.142894,0.140402,0.130805,0.124495,0.116324,0.102893,0.092922,0.082052,0.068813,0.062291,0.050485,0.039130,0.030298,0.022529,0.015371,0.008545,0.005035,
0.160363,0.164641,0.146662,0.145440,0.140340,0.133907,0.121839,0.117938,0.109776,0.101063,0.088622,0.079393,0.067626,0.060059,0.049011,0.041138,0.034363,0.024949,0.017148,0.010004,0.005236,
0.139294,0.142175,0.135041,0.133335,0.127044,0.121716,0.117103,0.110462,0.100287,0.092983,0.084207,0.074813,0.066654,0.058665,0.050677,0.043533,0.035140,0.026062,0.017441,0.009894,0.005658,
0.137895,0.120918,0.120643,0.121936,0.119195,0.109734,0.108682,0.097988,0.094020,0.086342,0.078794,0.074237,0.065741,0.059276,0.051290,0.043686,0.036789,0.027717,0.018800,0.010498,0.006164,
0.129539,0.111207,0.110529,0.107151,0.104692,0.098404,0.096938,0.090541,0.085785,0.080901,0.075094,0.070961,0.064642,0.059976,0.053474,0.046980,0.039872,0.030240,0.020491,0.011934,0.006692,
0.096117,0.093455,0.096525,0.093288,0.096219,0.086143,0.089013,0.082743,0.080604,0.078164,0.071889,0.068374,0.065761,0.062520,0.060187,0.054128,0.044202,0.035168,0.024847,0.014058,0.006716,
0.087203,0.081101,0.085979,0.084788,0.086689,0.079927,0.081223,0.076596,0.077720,0.075892,0.073002,0.069627,0.069250,0.068212,0.063682,0.060204,0.050994,0.042129,0.028348,0.013874,0.007443,
0.086652,0.084324,0.077566,0.083123,0.081975,0.078470,0.076130,0.075869,0.078915,0.077206,0.075423,0.076151,0.075939,0.076204,0.074587,0.068448,0.059653,0.046122,0.029607,0.015417,0.008330,
0.114155,0.083424,0.079876,0.079316,0.079051,0.080116,0.077057,0.076412,0.079611,0.081834,0.080506,0.083229,0.086666,0.085687,0.086510,0.080921,0.070726,0.053617,0.035911,0.018721,0.008316,
0.079734,0.078951,0.075250,0.082464,0.078331,0.079326,0.080132,0.081300,0.085477,0.088569,0.090330,0.096328,0.101989,0.100865,0.101796,0.096774,0.083140,0.066158,0.039492,0.017661,0.008544,
0.073092,0.074716,0.079595,0.084280,0.081683,0.082390,0.085701,0.091866,0.094611,0.097284,0.103851,0.110630,0.116712,0.119566,0.123267,0.114812,0.099312,0.073539,0.041768,0.019503,0.007618,
0.073362,0.083760,0.078303,0.084580,0.086303,0.086553,0.096247,0.103848,0.105069,0.115126,0.120415,0.133370,0.138059,0.146999,0.146675,0.131416,0.115205,0.079798,0.043539,0.016913,0.008481,
0.064170,0.092209,0.087247,0.094848,0.094499,0.094033,0.104266,0.117085,0.117847,0.131086,0.134975,0.155530,0.165777,0.164694,0.163076,0.157277,0.124713,0.082265,0.039891,0.014819,0.006120,
0.071919,0.085759,0.088678,0.101395,0.099605,0.108138,0.115599,0.128452,0.134707,0.148328,0.165149,0.179426,0.189352,0.191325,0.189117,0.169252,0.131880,0.074728,0.030225,0.011269,0.005223,
nan,0.109482,0.087674,0.103790,0.102986,0.123772,0.131189,0.146094,0.146219,0.162230,0.193731,0.206000,0.210414,0.218526,0.200638,0.170782,0.108113,0.050615,0.020917,0.007718,0.003205,
nan,0.092146,nan,0.099330,0.104674,0.116568,0.173998,0.134696,0.161187,0.193675,0.217343,0.218346,0.235622,0.225494,0.192509,0.130727,0.075452,0.038003,0.010793,0.004870,0.004144,
nan,0.186552,0.158170,0.173600,0.168735,0.169241,0.162099,0.134145,0.127283,0.112346,0.091986,0.091037,0.077036,0.054662,0.053323,0.040774,0.031499,0.025053,0.017436,0.008258,0.005274,
0.172691,0.187688,0.176909,0.169225,0.167691,0.164828,0.145032,0.133850,0.125840,0.107296,0.097114,0.085671,0.070218,0.060139,0.049930,0.039891,0.029234,0.021453,0.013610,0.007404,0.004285,
0.180921,0.179164,0.175584,0.164968,0.160064,0.151761,0.138730,0.134757,0.116483,0.107050,0.096505,0.085549,0.069460,0.061962,0.050169,0.040604,0.030318,0.022442,0.015451,0.008682,0.005445,
0.187343,0.170052,0.160969,0.159284,0.150849,0.143746,0.134137,0.124723,0.115764,0.103990,0.095318,0.083006,0.068889,0.060245,0.050351,0.040315,0.032092,0.024332,0.015392,0.009854,0.005158,
0.152597,0.153806,0.150225,0.143985,0.139222,0.134693,0.126631,0.118914,0.107884,0.097311,0.088624,0.079487,0.068634,0.058903,0.050646,0.042253,0.033446,0.024813,0.016102,0.009192,0.005200,
0.161788,0.137584,0.135519,0.132528,0.129312,0.122785,0.119304,0.108504,0.100166,0.092660,0.083388,0.076953,0.066847,0.056722,0.048977,0.040177,0.033530,0.024423,0.016440,0.009173,0.005535,
0.129311,0.128178,0.127623,0.118211,0.116742,0.106876,0.106660,0.098701,0.090829,0.085818,0.077848,0.072137,0.063606,0.056549,0.050610,0.041933,0.035073,0.027432,0.018182,0.010353,0.006139,
0.126189,0.111088,0.110970,0.106695,0.104392,0.100485,0.094339,0.091790,0.084415,0.081171,0.072706,0.068450,0.064405,0.059133,0.054702,0.048778,0.039081,0.030721,0.022747,0.011816,0.006226,
0.131668,0.093100,0.098715,0.093336,0.093037,0.090248,0.083708,0.082275,0.078897,0.074190,0.071432,0.067232,0.063877,0.061821,0.053677,0.051545,0.042181,0.034550,0.022515,0.011413,0.006817,
0.086722,0.086403,0.086182,0.083370,0.086221,0.081527,0.078353,0.077193,0.076342,0.072624,0.071082,0.069882,0.066990,0.065390,0.061147,0.056969,0.048020,0.036635,0.024992,0.014352,0.007153,
0.078636,0.075715,0.080525,0.078827,0.081010,0.078259,0.075931,0.075698,0.074582,0.073631,0.072270,0.073337,0.073509,0.070468,0.070026,0.063979,0.055345,0.043691,0.028566,0.015093,0.008108,
0.071683,0.079175,0.076481,0.076889,0.079179,0.075887,0.078705,0.079565,0.076969,0.077618,0.078233,0.081480,0.086909,0.081267,0.080672,0.074323,0.064794,0.050018,0.031083,0.016714,0.007976,
0.078636,0.078967,0.079207,0.077823,0.081268,0.077901,0.080211,0.083452,0.086340,0.084786,0.087421,0.090229,0.095447,0.093182,0.095149,0.087603,0.076586,0.058461,0.037886,0.016566,0.008059,
0.054027,0.079017,0.081272,0.077425,0.084813,0.082244,0.090719,0.089073,0.089322,0.093650,0.099858,0.107001,0.110115,0.108118,0.109367,0.101110,0.086777,0.064874,0.036836,0.018425,0.007444,
0.076970,0.079675,0.076654,0.083736,0.086496,0.087042,0.095277,0.096935,0.100854,0.103379,0.116054,0.121842,0.125500,0.129048,0.127203,0.118229,0.102740,0.070717,0.039719,0.015697,0.007327,
0.095553,0.078328,0.083299,0.090052,0.091195,0.100780,0.095815,0.110166,0.112091,0.124908,0.140328,0.135629,0.145585,0.154940,0.150834,0.141415,0.111987,0.072846,0.036198,0.014193,0.005879,
0.092446,0.087848,0.084137,0.089721,0.095206,0.110128,0.115669,0.115241,0.122832,0.149672,0.147691,0.152372,0.171500,0.170802,0.162605,0.146780,0.110176,0.066678,0.030518,0.010705,0.005751,
0.085260,0.090452,0.087812,0.100164,0.104091,0.122539,0.121464,0.131505,0.157011,0.161604,0.161303,0.186336,0.183058,0.187082,0.177490,0.140148,0.100781,0.050109,0.018520,0.007683,0.003275,
nan,nan,0.078118,0.086317,0.137109,0.144136,0.137791,0.151215,0.169821,0.173101,0.179101,0.202445,0.207643,0.192470,0.169223,0.131935,0.078167,0.033749,0.013391,0.004015,0.001597,
nan,0.193757,0.174199,0.177280,0.165234,0.153015,0.155169,0.138720,0.125262,0.118551,0.106619,0.095551,0.080760,0.063195,0.047357,0.042607,0.032584,0.023501,0.015391,0.008219,0.003487,
0.185285,0.178216,0.175367,0.163602,0.164206,0.152222,0.142506,0.137646,0.122774,0.112135,0.100648,0.080248,0.073268,0.061784,0.048619,0.040671,0.028985,0.021107,0.014039,0.007629,0.004381,
0.191201,0.181702,0.167639,0.162518,0.151499,0.148491,0.138440,0.133784,0.121126,0.107472,0.097161,0.085895,0.069634,0.057010,0.049596,0.038998,0.031777,0.021973,0.014868,0.008895,0.005230,
0.177125,0.168639,0.159970,0.153469,0.150022,0.144792,0.133865,0.121169,0.117088,0.108096,0.094197,0.081384,0.069696,0.060926,0.050772,0.040642,0.032209,0.026680,0.015907,0.009647,0.004774,
0.168470,0.149854,0.147849,0.146490,0.138822,0.135264,0.128687,0.119650,0.108146,0.100719,0.089468,0.077823,0.068437,0.057580,0.048168,0.039730,0.031254,0.022653,0.014570,0.008067,0.005065,
0.145463,0.137743,0.131998,0.135496,0.130667,0.119518,0.117153,0.108782,0.099117,0.092066,0.082485,0.074237,0.066273,0.056395,0.048143,0.040852,0.032732,0.025985,0.016819,0.009776,0.005529,
0.137557,0.120431,0.121635,0.120363,0.117489,0.112972,0.103701,0.099988,0.090529,0.086068,0.077369,0.069094,0.065049,0.057892,0.051879,0.043774,0.036548,0.027142,0.019391,0.010688,0.005755,
0.115058,0.108552,0.110312,0.107722,0.104111,0.099401,0.092842,0.090198,0.084216,0.078847,0.073711,0.069102,0.063039,0.057830,0.049432,0.044911,0.036582,0.028754,0.018835,0.009965,0.006742,
0.097247,0.099480,0.094787,0.096671,0.091348,0.090479,0.083753,0.084246,0.079567,0.075446,0.069572,0.067135,0.063078,0.059112,0.054064,0.048908,0.039363,0.031439,0.022128,0.012964,0.006448,
0.092664,0.084368,0.088542,0.085391,0.081255,0.082920,0.077110,0.077426,0.074940,0.071855,0.069741,0.067702,0.066121,0.060832,0.057891,0.052089,0.047074,0.035594,0.022598,0.012069,0.007136,
0.074142,0.078285,0.082181,0.080197,0.077708,0.080369,0.076100,0.076062,0.074785,0.072892,0.070940,0.070950,0.071535,0.069598,0.066046,0.060081,0.050843,0.039367,0.025614,0.015481,0.006777,
0.102336,0.082572,0.078029,0.077452,0.077722,0.079155,0.076664,0.079025,0.077756,0.075156,0.077126,0.077554,0.079291,0.074056,0.076945,0.069865,0.060034,0.047714,0.030593,0.013887,0.008069,
0.077439,0.078818,0.078921,0.079768,0.079947,0.080358,0.079161,0.082305,0.080747,0.084836,0.085419,0.087223,0.087918,0.087133,0.087556,0.077394,0.067371,0.050921,0.032622,0.016435,0.007487,
0.084112,0.078128,0.080020,0.081602,0.084534,0.082520,0.081074,0.085866,0.089537,0.092845,0.094959,0.097462,0.100368,0.102420,0.096854,0.091681,0.079948,0.058083,0.035258,0.016115,0.007366,
0.110801,0.081515,0.077835,0.084066,0.088822,0.084243,0.091048,0.094662,0.096426,0.104280,0.104361,0.109829,0.119697,0.118052,0.114235,0.112276,0.088942,0.064723,0.036910,0.015804,0.006808,
0.090334,0.072315,0.079425,0.088571,0.090216,0.095165,0.094925,0.105464,0.111108,0.112678,0.118642,0.129170,0.135795,0.134710,0.134872,0.116258,0.096709,0.064793,0.033311,0.012851,0.005362,
0.091158,0.089434,0.085900,0.099164,0.100831,0.093916,0.104866,0.116631,0.123496,0.129578,0.140218,0.154612,0.144403,0.153802,0.144937,0.129742,0.095235,0.060723,0.027852,0.010894,0.006473,
0.093111,0.082871,0.100136,0.108366,0.104835,0.119473,0.115872,0.127882,0.133327,0.142041,0.156946,0.159355,0.169325,0.151385,0.153502,0.124193,0.086132,0.049326,0.017915,0.008148,0.003900,
nan,nan,0.092599,0.109637,nan,0.125244,0.109912,0.126270,0.128808,0.180568,0.148748,0.186447,0.150262,0.186869,0.141414,0.115008,0.072019,0.034091,0.016181,0.003279,0.004946,
nan,0.190260,0.192411,0.175220,0.158817,0.182991,0.143843,0.134157,0.129460,0.124970,0.097216,0.097948,0.087270,0.061942,0.053175,0.041731,0.033267,0.019006,0.013241,0.011915,0.004866,
0.186023,0.184978,0.180700,0.166930,0.159115,0.152583,0.144622,0.138474,0.123563,0.102837,0.095864,0.083975,0.072299,0.058257,0.048883,0.036062,0.030020,0.020017,0.014011,0.007573,0.005266,
0.186760,0.172755,0.169310,0.166213,0.157139,0.146532,0.139394,0.134738,0.122169,0.108470,0.097155,0.085186,0.071079,0.062416,0.053768,0.041492,0.030940,0.023087,0.015488,0.008731,0.004855,
0.162925,0.168964,0.159238,0.154275,0.148019,0.142077,0.136536,0.126231,0.117527,0.105155,0.092931,0.086287,0.068309,0.059862,0.048662,0.038227,0.030084,0.021682,0.014619,0.008262,0.004238,
0.154199,0.154785,0.146481,0.148550,0.142686,0.129394,0.126908,0.115660,0.105827,0.095998,0.086179,0.076197,0.067632,0.056102,0.048747,0.039126,0.031593,0.022537,0.014625,0.008716,0.005833,
0.134234,0.142169,0.134630,0.134276,0.129612,0.123698,0.112799,0.105950,0.097363,0.093070,0.080058,0.072055,0.067253,0.057682,0.050502,0.040713,0.033695,0.024615,0.016697,0.009498,0.005312,
0.125092,0.123721,0.123611,0.124109,0.114328,0.110129,0.104466,0.097781,0.093031,0.084528,0.080625,0.072189,0.063650,0.057112,0.048886,0.042372,0.033164,0.024921,0.017004,0.008868,0.006672,
0.108388,0.111335,0.108755,0.106799,0.102806,0.098523,0.093197,0.090967,0.087259,0.079939,0.071932,0.067092,0.061863,0.054903,0.050232,0.042369,0.035347,0.028075,0.019831,0.011201,0.005672,
0.103731,0.101949,0.099854,0.093006,0.091064,0.089257,0.086401,0.080401,0.080063,0.074887,0.070364,0.066969,0.061620,0.055851,0.051561,0.046036,0.039616,0.030551,0.019793,0.010293,0.007101,
0.086942,0.086696,0.085725,0.084475,0.081546,0.081044,0.082204,0.076067,0.074068,0.071246,0.066227,0.066395,0.063953,0.060929,0.055552,0.050303,0.042067,0.032485,0.021992,0.013075,0.006257,
0.086225,0.079985,0.081335,0.079895,0.078309,0.076244,0.077559,0.072760,0.074472,0.070522,0.068657,0.071064,0.068900,0.063376,0.063561,0.058845,0.048412,0.038417,0.024164,0.012495,0.007238,
0.080161,0.079056,0.076889,0.076180,0.076964,0.074730,0.074180,0.072782,0.076144,0.076223,0.074759,0.074748,0.074510,0.072788,0.069469,0.062369,0.054356,0.039717,0.029330,0.014158,0.006957,
0.085250,0.078586,0.079528,0.073817,0.080289,0.072619,0.073736,0.079447,0.079103,0.078999,0.075771,0.082602,0.082995,0.081214,0.077267,0.071778,0.061717,0.046784,0.029064,0.015299,0.007237,
0.079207,0.087517,0.077051,0.076578,0.078213,0.078465,0.078248,0.087754,0.082212,0.087547,0.086812,0.094679,0.092617,0.093259,0.090691,0.086294,0.071115,0.051349,0.031784,0.014167,0.007208,
0.061712,0.081897,0.083751,0.084518,0.085223,0.078900,0.084573,0.091361,0.092804,0.100101,0.105243,0.106205,0.109977,0.108056,0.103822,0.096864,0.076651,0.057301,0.034557,0.014690,0.006923,
0.104043,0.080202,0.090575,0.089999,0.089721,0.091289,0.095639,0.099105,0.104885,0.108673,0.112930,0.113668,0.128577,0.118755,0.118928,0.103290,0.085398,0.055606,0.031067,0.013174,0.005053,
0.101873,0.099119,0.083302,0.091511,0.101624,0.096521,0.106223,0.110112,0.112533,0.126774,0.126192,0.133022,0.130897,0.132415,0.124288,0.115056,0.086346,0.056448,0.027916,0.011046,0.006541,
0.068810,0.128199,0.088699,0.091757,0.103648,0.105657,0.116768,0.113910,0.120145,0.139205,0.135287,0.150100,0.151330,0.140995,0.126005,0.108110,0.078418,0.045672,0.020392,0.007879,0.004222,
nan,0.093861,0.108804,nan,0.097800,0.106685,0.077859,0.131220,0.159282,0.134380,0.158379,0.157623,0.143425,0.130145,0.144110,0.103668,0.063102,0.034926,0.019161,0.005279,0.003210,
nan,0.187019,0.202799,0.177682,0.175194,0.172946,0.139635,0.141019,0.148589,0.121176,0.097861,0.086178,0.087248,0.062737,0.055195,0.041278,0.025992,0.020533,0.024581,0.008074,0.005260,
0.185904,0.181321,0.175933,0.163236,0.160183,0.156667,0.141712,0.128698,0.120944,0.108370,0.096186,0.080453,0.070692,0.063406,0.047664,0.039421,0.028382,0.021866,0.012876,0.007394,0.004862,
0.182174,0.184108,0.163816,0.162436,0.158366,0.155837,0.142076,0.129815,0.119495,0.112438,0.096900,0.087217,0.073802,0.065361,0.051158,0.040733,0.030248,0.024486,0.015300,0.009423,0.004603,
0.156308,0.162116,0.160226,0.162247,0.147499,0.143466,0.134677,0.127161,0.114790,0.101327,0.093259,0.078694,0.069521,0.056745,0.048151,0.036431,0.029179,0.020920,0.013493,0.007336,0.005925,
0.150473,0.150461,0.150024,0.148820,0.141039,0.133671,0.125835,0.116179,0.104937,0.099353,0.085460,0.076605,0.068807,0.057040,0.048494,0.039816,0.031883,0.025169,0.015786,0.009546,0.005214,
0.146598,0.132824,0.142866,0.136575,0.125992,0.121404,0.116243,0.108217,0.098572,0.092521,0.084022,0.074374,0.067508,0.057812,0.047812,0.039816,0.031025,0.022541,0.014781,0.007887,0.005369,
0.126447,0.119763,0.125853,0.120173,0.116731,0.108741,0.104027,0.099902,0.097443,0.085618,0.076608,0.069561,0.062477,0.053287,0.046488,0.039478,0.033037,0.026187,0.019005,0.010660,0.005629,
0.127591,0.105608,0.110342,0.108467,0.103319,0.098368,0.095626,0.091182,0.084232,0.078568,0.072081,0.068767,0.059526,0.054606,0.048295,0.043030,0.034365,0.026114,0.017546,0.008798,0.005638,
0.103952,0.095257,0.101377,0.095028,0.091732,0.089866,0.089405,0.080941,0.077567,0.073259,0.067754,0.065321,0.061036,0.054520,0.049995,0.043299,0.036701,0.028582,0.019508,0.011887,0.005552,
0.088958,0.093601,0.088278,0.085500,0.084280,0.081094,0.078147,0.074445,0.073149,0.070221,0.065771,0.063706,0.062647,0.056917,0.053627,0.049550,0.040637,0.031651,0.019420,0.010855,0.006410,
0.087787,0.081556,0.083911,0.082118,0.078114,0.075950,0.075433,0.072757,0.072158,0.072058,0.068654,0.068323,0.065098,0.060137,0.057805,0.052728,0.043820,0.034150,0.024201,0.012019,0.007146,
0.083791,0.076475,0.078841,0.077317,0.077798,0.074909,0.074002,0.075307,0.071894,0.071226,0.069153,0.071918,0.069602,0.069411,0.063640,0.058132,0.050314,0.036949,0.023979,0.014212,0.006798,
0.075780,0.078696,0.076854,0.077845,0.079872,0.075259,0.075583,0.076806,0.076500,0.080259,0.079137,0.077068,0.078223,0.077771,0.073079,0.066061,0.057097,0.043433,0.027182,0.014012,0.006638,
0.076012,0.090611,0.078297,0.081916,0.084586,0.078609,0.080424,0.079347,0.084867,0.085157,0.085513,0.086168,0.090378,0.087873,0.083192,0.076280,0.063628,0.047486,0.029919,0.013840,0.006596,
0.069447,0.077472,0.078493,0.086189,0.086803,0.084379,0.083940,0.082523,0.094614,0.088621,0.093688,0.097761,0.097827,0.096482,0.092170,0.084138,0.069428,0.051603,0.029181,0.014701,0.006704,
0.090861,0.088192,0.086348,0.082080,0.087419,0.093409,0.084658,0.091897,0.103242,0.101662,0.105475,0.108944,0.104734,0.107152,0.100996,0.095345,0.077332,0.053299,0.030431,0.013413,0.005108,
nan,0.081768,0.078877,0.092045,0.092194,0.094301,0.096317,0.103229,0.105440,0.113131,0.119082,0.116414,0.122496,0.117313,0.114123,0.095844,0.074983,0.050126,0.026478,0.011037,0.006170,
nan,0.080909,0.094992,0.097722,0.096954,0.102443,0.107942,0.113400,0.113861,0.133700,0.118323,0.125649,0.123259,0.126979,0.115064,0.094245,0.071409,0.044083,0.022678,0.007988,0.004478,
nan,0.090807,0.088752,0.111389,0.114705,nan,0.113751,0.109043,0.141707,0.165138,0.148276,0.178070,0.140779,0.123145,0.117709,0.085294,0.075866,0.035499,0.020538,0.007012,0.003042,
nan,0.188022,0.179844,0.181062,0.178179,0.151519,0.159828,0.132547,0.135434,0.118550,0.091763,0.099557,0.077270,0.064454,0.052200,0.044129,0.029957,0.020087,0.014375,0.007698,0.004081,
0.195561,0.177647,0.174203,0.175597,0.160108,0.153935,0.144804,0.131763,0.120755,0.108656,0.097384,0.081329,0.070070,0.059342,0.047850,0.037918,0.027955,0.021072,0.013667,0.007830,0.004453,
0.167422,0.169089,0.170785,0.161278,0.157740,0.155485,0.145319,0.131759,0.121887,0.112212,0.098739,0.086029,0.070228,0.061217,0.050794,0.040240,0.030019,0.022307,0.014421,0.008467,0.004467,
0.164379,0.167340,0.162232,0.162884,0.152403,0.142514,0.136341,0.119750,0.113713,0.103134,0.088483,0.081912,0.067969,0.056714,0.047142,0.038798,0.030167,0.022994,0.014594,0.008603,0.005288,
0.159947,0.152603,0.155271,0.148231,0.137739,0.135253,0.120874,0.118966,0.107224,0.099215,0.087727,0.078599,0.071471,0.060372,0.049517,0.040278,0.031404,0.023126,0.014937,0.007937,0.004343,
0.148784,0.140736,0.140834,0.134980,0.128143,0.120790,0.115850,0.110886,0.102129,0.092183,0.082673,0.073525,0.062050,0.054174,0.046490,0.038195,0.031401,0.022874,0.015637,0.009789,0.005206,
0.122181,0.126048,0.130781,0.122171,0.116885,0.109249,0.104457,0.101894,0.091124,0.084665,0.076825,0.068841,0.062953,0.054391,0.047515,0.040377,0.033175,0.024587,0.015697,0.008032,0.006218,
0.117560,0.109224,0.115663,0.106087,0.104372,0.102807,0.097241,0.088100,0.083607,0.079166,0.072181,0.065425,0.060694,0.053972,0.047228,0.039747,0.033159,0.025816,0.018373,0.010369,0.005412,
0.100078,0.097960,0.100251,0.093948,0.090470,0.088101,0.084129,0.079323,0.078560,0.072588,0.067656,0.061473,0.059834,0.053345,0.048615,0.043043,0.035246,0.026101,0.016132,0.009495,0.005810,
0.091975,0.087150,0.089348,0.090107,0.081482,0.079005,0.078232,0.075189,0.072332,0.069311,0.067003,0.064076,0.061488,0.055992,0.050258,0.045820,0.037943,0.029930,0.021029,0.010574,0.006345,
0.077738,0.082235,0.080567,0.085186,0.078928,0.075126,0.074229,0.072292,0.069555,0.069418,0.065366,0.064626,0.062479,0.059670,0.054280,0.048414,0.041350,0.031533,0.020730,0.012498,0.006713,
0.082317,0.075614,0.080211,0.078636,0.077285,0.076387,0.073640,0.071383,0.073674,0.073554,0.072237,0.068053,0.068340,0.063744,0.060318,0.053848,0.045774,0.034876,0.022564,0.012577,0.006782,
0.084471,0.074927,0.075647,0.078786,0.073104,0.077918,0.074832,0.075036,0.078639,0.074732,0.073138,0.075742,0.075647,0.071632,0.067435,0.062623,0.051144,0.039551,0.025689,0.012464,0.006482,
0.069732,0.077522,0.075778,0.082733,0.076421,0.082649,0.078846,0.077045,0.081428,0.079495,0.080866,0.082143,0.080573,0.081644,0.072930,0.070012,0.057081,0.043175,0.027171,0.013898,0.006914,
0.079883,0.089651,0.077769,0.086404,0.078652,0.087489,0.078741,0.086349,0.088333,0.090297,0.092737,0.088941,0.092112,0.083240,0.083586,0.076304,0.065664,0.045610,0.027950,0.014049,0.006335,
0.062609,0.073542,0.082910,0.085233,0.083530,0.094447,0.086019,0.097477,0.095692,0.097239,0.096519,0.101940,0.095562,0.097102,0.090807,0.084022,0.067609,0.047556,0.029521,0.013461,0.005718,
0.095726,0.083988,0.094228,0.089833,0.089399,0.092648,0.089453,0.104734,0.100535,0.103556,0.110148,0.114246,0.106202,0.110467,0.101558,0.086191,0.069521,0.045027,0.024700,0.011142,0.006119,
0.091539,0.072704,0.091080,0.089805,0.096246,0.101421,0.098258,0.101611,0.122296,0.117260,0.117983,0.119526,0.115662,0.108017,0.098115,0.085294,0.066133,0.042577,0.021520,0.010003,0.004042,
nan,0.089509,nan,0.091415,0.101577,0.099121,nan,0.130288,nan,0.112733,0.117855,0.138253,0.129545,0.101520,0.100004,0.085852,0.057960,0.038030,0.019793,0.006973,0.003996,
nan,0.176973,0.174207,0.175640,0.179569,0.154227,0.155638,0.131686,0.135217,0.128336,0.109407,0.085386,0.072914,0.059972,0.063214,0.040157,0.025390,0.020738,0.016590,0.009178,0.004621,
0.190561,0.195219,0.175726,0.172277,0.164561,0.155543,0.142031,0.134298,0.122436,0.112144,0.096811,0.087260,0.070073,0.063251,0.051367,0.040116,0.028893,0.021716,0.015713,0.008563,0.004560,
0.188491,0.177030,0.166838,0.165065,0.159413,0.148223,0.145873,0.128463,0.122626,0.109623,0.097802,0.084914,0.068524,0.060533,0.049276,0.038787,0.030778,0.020870,0.013724,0.007807,0.005473,
0.164856,0.167576,0.162695,0.159411,0.149949,0.140127,0.135732,0.122739,0.111416,0.101974,0.092007,0.080156,0.070729,0.060803,0.050648,0.038693,0.030114,0.023499,0.014942,0.009807,0.004910,
0.162590,0.159243,0.155517,0.146608,0.141428,0.133248,0.128693,0.120043,0.108323,0.099989,0.088773,0.076216,0.069466,0.056176,0.045682,0.037324,0.027941,0.019927,0.012583,0.007882,0.005174,
0.149163,0.145392,0.141317,0.133597,0.130925,0.123102,0.116247,0.110054,0.102068,0.090045,0.079732,0.072696,0.063222,0.055227,0.048021,0.040765,0.033110,0.024032,0.015729,0.008531,0.004710,
0.136572,0.130571,0.124245,0.118399,0.116621,0.114056,0.106760,0.097108,0.090226,0.084760,0.079238,0.070505,0.061930,0.053246,0.044707,0.036809,0.029852,0.023013,0.016951,0.010171,0.005001,
0.106588,0.116034,0.106950,0.102027,0.105961,0.099790,0.094000,0.088587,0.085192,0.079025,0.070596,0.064890,0.057874,0.052032,0.045942,0.041794,0.033113,0.024173,0.015614,0.008365,0.005794,
0.091975,0.100652,0.093682,0.091994,0.095777,0.085023,0.085589,0.082843,0.077868,0.071185,0.066854,0.063891,0.059759,0.051668,0.045996,0.040991,0.033262,0.025728,0.018081,0.009585,0.005283,
0.081009,0.087897,0.086887,0.086471,0.087786,0.077992,0.079230,0.074797,0.071924,0.068830,0.064132,0.061250,0.058278,0.053171,0.047672,0.044038,0.034841,0.026432,0.018741,0.011077,0.006063,
0.082477,0.078107,0.083387,0.082152,0.081620,0.073966,0.075116,0.072034,0.072462,0.070300,0.066719,0.062834,0.061498,0.057104,0.051715,0.044923,0.040009,0.029754,0.019241,0.011531,0.006189,
0.072736,0.077184,0.077210,0.082343,0.076763,0.075700,0.073413,0.073136,0.073638,0.068717,0.067991,0.066596,0.064550,0.061772,0.056375,0.051393,0.042099,0.033540,0.021128,0.010387,0.006520,
0.088831,0.079017,0.073230,0.083810,0.077362,0.073928,0.075805,0.073997,0.075869,0.073495,0.072453,0.072283,0.071690,0.066945,0.062066,0.057001,0.046493,0.035616,0.024121,0.012166,0.006500,
0.064581,0.077422,0.078544,0.078549,0.074181,0.079429,0.079661,0.078719,0.079435,0.079432,0.080111,0.078544,0.073469,0.072467,0.068443,0.061152,0.051997,0.038462,0.024986,0.013087,0.006807,
0.100333,0.077031,0.083676,0.077509,0.082053,0.082210,0.086594,0.078415,0.085149,0.082775,0.089499,0.085851,0.081476,0.076841,0.074791,0.070224,0.058780,0.042169,0.026132,0.014260,0.006666,
0.089263,0.087146,0.082365,0.084336,0.084347,0.087407,0.090263,0.088357,0.091387,0.087657,0.095236,0.093649,0.090884,0.087752,0.083106,0.074249,0.059773,0.045078,0.027647,0.012724,0.006215,
0.101203,0.088734,0.087038,0.090800,0.093221,0.095585,0.093043,0.098743,0.104056,0.098350,0.099629,0.102315,0.102349,0.096418,0.089943,0.076177,0.063829,0.043468,0.024964,0.012051,0.006109,
0.092867,0.085118,0.087735,0.099573,0.083148,0.091628,0.094266,0.110290,0.108987,0.107781,0.108279,0.111714,0.113929,0.103165,0.095863,0.076335,0.060209,0.039928,0.021083,0.010258,0.004802,
nan,nan,nan,0.122363,0.098651,0.094802,0.089157,0.124845,0.107276,0.136539,0.145042,0.142679,0.107924,0.110490,0.102559,0.087734,0.076894,0.034151,0.024297,0.010109,0.002597,
nan,0.175905,0.175844,0.179601,0.168954,0.151416,0.168745,0.138248,0.134332,0.112704,0.092377,0.085524,0.077388,0.060303,0.045392,0.032964,0.026213,0.027913,0.013950,0.008029,0.003260,
0.181180,0.181748,0.178382,0.166222,0.158134,0.155191,0.142875,0.133793,0.124119,0.111157,0.103096,0.093361,0.074033,0.064767,0.049302,0.039525,0.032042,0.024334,0.016538,0.009409,0.004871,
0.180365,0.178808,0.173327,0.169890,0.155494,0.152150,0.143995,0.133240,0.117770,0.104673,0.093706,0.084892,0.069059,0.055057,0.046439,0.034908,0.027503,0.020003,0.012193,0.006628,0.005614,
0.156917,0.160876,0.167109,0.157706,0.146905,0.146979,0.134168,0.126728,0.111078,0.107866,0.095281,0.081983,0.071472,0.059971,0.051496,0.038949,0.030155,0.022940,0.013917,0.007718,0.004566,
0.146194,0.153908,0.152144,0.145279,0.140952,0.139863,0.127466,0.119673,0.108484,0.097259,0.086170,0.075231,0.065361,0.055074,0.046210,0.037655,0.031288,0.023536,0.015834,0.009562,0.004819,
0.148857,0.141438,0.135972,0.131098,0.128266,0.122054,0.116990,0.106231,0.098670,0.093808,0.083358,0.076338,0.064968,0.054493,0.045326,0.037899,0.029161,0.020680,0.013756,0.007420,0.005375,
0.130843,0.126552,0.123000,0.115623,0.119958,0.110168,0.105727,0.097739,0.094880,0.085674,0.077059,0.067384,0.060294,0.051644,0.047324,0.039406,0.032519,0.024195,0.014711,0.007494,0.004160,
0.123119,0.111868,0.106737,0.106680,0.103286,0.095649,0.095325,0.089445,0.083535,0.074727,0.072429,0.064647,0.059640,0.052014,0.046618,0.036650,0.030211,0.024023,0.017705,0.009332,0.005092,
0.104477,0.096835,0.091811,0.097036,0.090015,0.090101,0.088063,0.080134,0.076200,0.071526,0.068317,0.062347,0.056413,0.049567,0.044687,0.042274,0.032175,0.022902,0.016017,0.010737,0.005738,
0.091567,0.089723,0.084444,0.086462,0.080355,0.083645,0.078710,0.072643,0.074335,0.068689,0.065340,0.060487,0.059114,0.052596,0.047214,0.040321,0.033987,0.026064,0.016158,0.010166,0.005607,
0.075961,0.078538,0.080229,0.081433,0.076710,0.078086,0.073712,0.070322,0.069709,0.066899,0.063273,0.061520,0.058467,0.053874,0.050834,0.043262,0.036405,0.027359,0.018233,0.009638,0.005757,
0.073023,0.081984,0.081492,0.077110,0.074836,0.075607,0.071815,0.071974,0.070659,0.070552,0.066543,0.065663,0.064520,0.059150,0.052760,0.047378,0.038670,0.029355,0.021690,0.010635,0.005937,
0.068737,0.078179,0.078495,0.078801,0.076817,0.076892,0.075088,0.071358,0.072519,0.069751,0.072960,0.067499,0.065015,0.061747,0.059431,0.052038,0.043737,0.033416,0.022379,0.011625,0.006537,
0.089591,0.077502,0.077483,0.082093,0.081066,0.075806,0.076687,0.077427,0.078129,0.075555,0.077102,0.073121,0.070224,0.065687,0.063217,0.056209,0.049217,0.034852,0.023027,0.013178,0.006616,
0.090200,0.076610,0.083121,0.086818,0.076585,0.081251,0.079749,0.085015,0.079502,0.081270,0.081525,0.078254,0.074715,0.075291,0.068251,0.063374,0.052130,0.041641,0.025660,0.013356,0.007609,
0.066599,0.080421,0.080119,0.083714,0.082655,0.087550,0.080591,0.089721,0.085311,0.087483,0.089276,0.085692,0.090656,0.080829,0.075347,0.068516,0.053134,0.040321,0.026328,0.011954,0.007240,
0.079964,0.089641,0.084618,0.090386,0.096629,0.094210,0.089848,0.094642,0.091743,0.087606,0.099652,0.095278,0.089479,0.089609,0.083162,0.069709,0.058581,0.042105,0.023201,0.012998,0.006048,
0.089597,0.109714,0.099660,0.092461,0.091467,0.095271,0.096285,0.091795,0.096093,0.098037,0.099636,0.110036,0.096407,0.089499,0.089717,0.071386,0.060157,0.042532,0.022915,0.009857,0.006101,
nan,0.073260,0.081588,nan,0.098609,nan,0.126950,0.112282,0.123981,0.098658,0.103337,0.104700,0.086931,0.117828,0.091807,0.069084,0.057639,0.033610,0.027731,0.010256,0.003782,
nan,0.173869,0.176430,0.176993,0.158236,0.165700,0.164470,0.132481,0.130100,0.118185,0.091546,0.087899,0.071043,0.059317,0.051117,0.041060,0.022613,0.021392,0.016313,0.007513,0.004490,
0.196527,0.175132,0.179015,0.168615,0.164250,0.157217,0.141731,0.144395,0.132018,0.115005,0.103819,0.091716,0.073298,0.062048,0.050294,0.040121,0.033282,0.025284,0.016680,0.009686,0.004723,
0.172143,0.165444,0.171804,0.168016,0.155651,0.148843,0.139515,0.128314,0.121449,0.103598,0.094484,0.080316,0.067017,0.055665,0.044551,0.036462,0.029104,0.020755,0.013408,0.008260,0.004941,
0.175773,0.162507,0.162623,0.155564,0.153486,0.145303,0.137275,0.127816,0.115505,0.105458,0.093770,0.081883,0.071513,0.059717,0.046764,0.036649,0.028460,0.019432,0.012398,0.006375,nan,
0.153314,0.151232,0.150595,0.146193,0.143861,0.135062,0.125103,0.118167,0.107029,0.097600,0.087651,0.078965,0.067644,0.059415,0.048041,0.039600,0.031512,0.022168,0.013932,0.007631,0.003743,
0.143428,0.136646,0.142169,0.133216,0.130732,0.120401,0.115877,0.109276,0.104884,0.093403,0.082274,0.071274,0.061663,0.052437,0.044479,0.036467,0.030728,0.024369,0.016129,0.009306,0.004505,
0.118732,0.126612,0.123573,0.124331,0.113627,0.110814,0.106981,0.100415,0.090301,0.082301,0.076099,0.070900,0.062946,0.053323,0.044119,0.036062,0.028402,0.020333,0.015189,0.010277,0.004717,
0.113947,0.115911,0.110368,0.110722,0.100620,0.103200,0.097959,0.088563,0.084082,0.078515,0.073111,0.063864,0.058340,0.050277,0.045330,0.039522,0.030756,0.021411,0.013750,0.008546,0.005166,
0.094913,0.106623,0.096440,0.098088,0.087728,0.092283,0.084797,0.077882,0.078055,0.073287,0.064736,0.059933,0.057794,0.050461,0.043577,0.038235,0.032507,0.024177,0.015427,0.008151,0.005501,
0.100089,0.093892,0.086522,0.087527,0.085215,0.081409,0.075922,0.076076,0.070954,0.066327,0.064425,0.061258,0.056774,0.050735,0.046738,0.037661,0.031101,0.025616,0.017515,0.008855,0.005576,
0.079377,0.085243,0.078919,0.081880,0.079891,0.077320,0.074475,0.072927,0.069821,0.068371,0.063856,0.059423,0.057110,0.053081,0.048225,0.042709,0.034884,0.024450,0.018335,0.010125,0.006651,
0.070261,0.076077,0.073687,0.079663,0.073696,0.075506,0.074668,0.071018,0.070633,0.065545,0.067151,0.062980,0.060479,0.055354,0.052314,0.046462,0.037189,0.030012,0.019494,0.010080,0.006750,
0.090962,0.073184,0.076436,0.073943,0.076916,0.073990,0.074012,0.072034,0.070610,0.071501,0.067107,0.065401,0.062363,0.058266,0.055040,0.047590,0.040480,0.030200,0.019551,0.011324,0.006881,
0.068959,0.073522,0.080294,0.078652,0.073246,0.076940,0.076304,0.076207,0.074562,0.075392,0.071438,0.071779,0.066036,0.063247,0.059265,0.052288,0.045593,0.032921,0.021885,0.012485,0.006917,
0.089306,0.074900,0.081318,0.078450,0.074759,0.075004,0.082835,0.076340,0.081021,0.079201,0.083233,0.075206,0.075428,0.071458,0.063250,0.058146,0.046322,0.038761,0.024897,0.012808,0.007425,
0.095686,0.085272,0.083407,0.085248,0.085354,0.085002,0.083198,0.079914,0.084427,0.084735,0.085808,0.083499,0.076988,0.075200,0.071192,0.063471,0.049682,0.037405,0.025207,0.012369,0.007825,
0.059783,0.088696,0.088181,0.085054,0.080577,0.084457,0.091243,0.093449,0.084230,0.094367,0.093142,0.085509,0.084990,0.081583,0.073860,0.065559,0.051973,0.040694,0.023995,0.011879,0.006112,
nan,0.081838,0.085738,0.084237,0.098587,0.089366,0.093787,0.099305,0.096347,0.095673,0.097747,0.086601,0.091699,0.086929,0.076861,0.073846,0.056966,0.037971,0.024024,0.011820,0.007207,
nan,0.092742,0.088476,nan,nan,0.095705,0.107937,nan,0.098817,0.103317,0.087261,0.094542,0.071833,0.079206,0.073626,0.062165,0.043087,0.031118,0.024578,0.012022,0.005562,
nan,0.180692,0.198963,0.185347,0.177898,0.167365,0.173741,0.133130,0.138737,0.110864,0.110186,0.080176,0.076643,0.065760,0.046193,0.043141,0.026928,0.021743,0.012733,0.007487,0.004362,
0.183264,0.180594,0.174483,0.175159,0.159354,0.159600,0.146095,0.139128,0.126326,0.115548,0.104114,0.087069,0.073173,0.063068,0.051844,0.040141,0.030877,0.024293,0.015766,0.008091,0.004356,
0.194719,0.172006,0.172662,0.164741,0.157533,0.148027,0.142575,0.131313,0.119787,0.108647,0.096494,0.088351,0.072162,0.063736,0.051674,0.042575,0.032815,0.025433,0.016531,0.010037,0.005334,
0.163377,0.167137,0.159395,0.155234,0.152945,0.145465,0.137297,0.125693,0.115025,0.104898,0.088977,0.080770,0.066888,0.054461,0.046493,0.035819,0.027757,0.019468,0.013918,0.008407,0.005602,
0.139918,0.154897,0.149522,0.147837,0.139658,0.133337,0.128923,0.117332,0.108362,0.100613,0.090945,0.079045,0.066784,0.055943,0.045219,0.036944,0.026930,0.018319,0.011200,0.006880,0.005378,
0.141799,0.135751,0.134790,0.137343,0.127010,0.125134,0.120678,0.111836,0.099682,0.090922,0.080391,0.072335,0.066444,0.055618,0.047327,0.039046,0.029784,0.020363,0.013353,0.006843,0.005388,
0.131438,0.125011,0.121471,0.125096,0.111699,0.115010,0.107348,0.096486,0.089677,0.087756,0.077179,0.068676,0.058412,0.050027,0.046623,0.037742,0.032210,0.022702,0.014564,0.007181,nan,
0.114522,0.114738,0.104701,0.107616,0.102124,0.101659,0.092554,0.089254,0.086170,0.077377,0.068952,0.065928,0.058459,0.050516,0.042504,0.036663,0.028855,0.023066,0.015120,0.008170,0.003959,
0.096197,0.099409,0.096068,0.094337,0.092030,0.088016,0.084196,0.079933,0.076401,0.071410,0.067513,0.060674,0.056805,0.049664,0.043544,0.037708,0.028961,0.022037,0.016896,0.009315,0.005308,
0.091513,0.087966,0.087285,0.083262,0.082205,0.080109,0.079733,0.076246,0.073484,0.068384,0.062417,0.059460,0.054694,0.050464,0.046083,0.038884,0.030598,0.021810,0.015987,0.009785,0.004763,
0.079462,0.085095,0.080549,0.075106,0.075667,0.077778,0.075262,0.069971,0.070007,0.063935,0.065541,0.058972,0.055233,0.052317,0.045233,0.039899,0.033611,0.024626,0.016267,0.010262,0.005297,
0.071329,0.079445,0.080690,0.073695,0.074312,0.078478,0.073299,0.068986,0.067668,0.066349,0.064012,0.060476,0.058166,0.052301,0.047923,0.042723,0.035438,0.027726,0.017607,0.009986,0.005464,
0.081848,0.081162,0.076368,0.079572,0.073215,0.075852,0.073985,0.072151,0.070278,0.067733,0.066737,0.064390,0.058701,0.055034,0.051514,0.045300,0.038799,0.028629,0.018755,0.011281,0.005880,
0.068785,0.075642,0.076586,0.077828,0.074106,0.078571,0.076731,0.071926,0.073515,0.070759,0.070665,0.068122,0.063083,0.062279,0.055798,0.048369,0.040471,0.031371,0.021169,0.012337,0.005989,
0.080515,0.076832,0.078528,0.082974,0.078405,0.076850,0.079294,0.077258,0.075272,0.078062,0.075492,0.071968,0.071711,0.065245,0.058413,0.055422,0.044071,0.034265,0.023616,0.012985,0.007105,
0.097039,0.096702,0.084127,0.087862,0.082175,0.079249,0.082065,0.080503,0.080242,0.081406,0.079210,0.075259,0.070826,0.067698,0.065697,0.059658,0.045790,0.036143,0.024295,0.013254,0.007579,
0.114190,0.088345,0.080272,0.091846,0.091071,0.080754,0.088697,0.086159,0.088158,0.084145,0.079409,0.080049,0.080620,0.072788,0.070275,0.060645,0.053584,0.039300,0.024257,0.012656,0.007346,
nan,0.093749,0.088007,0.090390,0.085912,0.091817,0.086761,0.086175,0.087226,0.086677,0.087533,0.081646,0.080956,0.078736,0.068799,0.065659,0.049673,0.037750,0.022255,0.012870,0.007043,
nan,nan,0.090445,0.078170,nan,nan,0.091906,0.105212,0.090659,0.096112,0.079236,0.078637,0.090963,0.077177,0.072872,0.054379,0.058891,0.038072,0.023434,0.018589,0.007215,
nan,0.197052,0.185369,0.169066,0.163754,0.155288,0.139106,0.137512,0.128269,0.127704,0.085835,0.103279,0.075114,0.059322,0.058335,0.032602,0.029653,0.018814,0.015316,0.008924,0.004129,
0.184824,0.185071,0.174245,0.176554,0.163099,0.160490,0.147698,0.137069,0.131669,0.113178,0.096876,0.086880,0.075489,0.060015,0.049026,0.041154,0.029987,0.022878,0.014201,0.007964,0.004642,
0.165517,0.181516,0.167303,0.165717,0.155777,0.152187,0.144220,0.134413,0.125254,0.113174,0.103206,0.084828,0.074032,0.061024,0.051620,0.039406,0.029796,0.022669,0.014278,0.008942,0.004533,
0.187174,0.166069,0.159368,0.160367,0.154566,0.148375,0.135416,0.126166,0.108812,0.102941,0.089340,0.078904,0.071467,0.062207,0.049484,0.038986,0.031611,0.023384,0.014763,0.009374,0.004516,
0.157637,0.155164,0.146220,0.151273,0.141719,0.132245,0.127434,0.117817,0.113301,0.097277,0.087711,0.077015,0.062600,0.051482,0.044615,0.037227,0.030140,0.023105,0.016057,0.009717,0.004538,
0.141920,0.142749,0.132385,0.137451,0.125871,0.127630,0.117275,0.107242,0.098613,0.096237,0.084853,0.074139,0.064757,0.052461,0.042432,0.032886,0.027536,0.020986,0.015112,0.009157,0.004742,
0.122692,0.127024,0.127672,0.117427,0.117623,0.112476,0.103978,0.101866,0.093260,0.081153,0.075873,0.066179,0.061822,0.054038,0.045477,0.035897,0.027389,0.019773,0.014384,0.009337,0.004826,
0.113255,0.114501,0.114665,0.105097,0.105656,0.098265,0.099147,0.087995,0.081973,0.081279,0.072833,0.062991,0.056891,0.049145,0.044184,0.037482,0.027938,0.019183,0.014022,0.009293,0.004547,
0.098595,0.102428,0.102111,0.092601,0.090771,0.088104,0.087738,0.081174,0.079109,0.071612,0.066970,0.062675,0.055767,0.047196,0.042362,0.037132,0.029380,0.021258,0.013327,0.009788,0.005245,
0.081513,0.090150,0.088641,0.084341,0.081279,0.081487,0.078977,0.074500,0.072502,0.065978,0.065100,0.056204,0.051448,0.049191,0.043629,0.035786,0.030137,0.022342,0.014057,0.009560,0.005024,
0.078101,0.079567,0.080220,0.080026,0.077429,0.078145,0.076206,0.073978,0.067638,0.064838,0.063228,0.058845,0.055917,0.051148,0.044470,0.038308,0.030475,0.024422,0.014994,0.009817,0.005716,
0.092427,0.074895,0.078950,0.076895,0.075732,0.073844,0.074033,0.070985,0.068804,0.065159,0.063906,0.059596,0.056983,0.049904,0.046542,0.041034,0.032387,0.025894,0.017744,0.010012,0.006093,
0.069407,0.081373,0.083986,0.078603,0.076190,0.074410,0.071780,0.068934,0.068254,0.067152,0.064787,0.063078,0.056588,0.054411,0.050068,0.043485,0.037388,0.027710,0.019079,0.011009,0.006020,
0.073032,0.073966,0.073898,0.074854,0.078537,0.074816,0.074482,0.075139,0.072271,0.071478,0.066335,0.065069,0.059806,0.059515,0.051988,0.045837,0.037955,0.028659,0.019767,0.012999,0.006284,
nan,0.072561,0.081155,0.080113,0.080776,0.079444,0.078203,0.075798,0.081171,0.075948,0.070949,0.065896,0.064698,0.063060,0.056500,0.051558,0.041494,0.032419,0.022641,0.013367,0.006431,
nan,0.090180,0.085597,0.078952,0.078570,0.081479,0.079075,0.075475,0.080203,0.076738,0.073524,0.074370,0.068942,0.066488,0.060990,0.055481,0.045116,0.034726,0.024521,0.013792,0.007237,
nan,0.080894,0.077426,0.081469,0.079513,0.083066,0.080946,0.079391,0.082728,0.079666,0.078362,0.078455,0.074260,0.071990,0.064912,0.056123,0.049645,0.037439,0.024751,0.013768,0.007817,
nan,0.083416,0.086867,0.089833,0.094538,0.086857,0.086099,0.085302,0.097880,0.081987,0.080097,0.082372,0.078529,0.076611,0.066233,0.057686,0.052205,0.037686,0.022379,0.014068,0.007220,
nan,0.056164,0.167174,0.090457,0.090511,0.122126,0.093471,0.111431,0.078848,0.084040,0.091884,0.102148,0.072686,0.078530,0.065611,0.060328,0.058097,0.032700,0.049293,0.015758,0.007530,
nan,0.196529,0.175029,0.150986,0.164519,0.162876,0.148681,0.153709,0.129597,0.113450,0.097722,0.087479,0.078426,0.062926,0.049230,0.035242,0.025844,0.022383,0.014709,0.007118,0.002977,
0.172751,0.177367,0.169932,0.172713,0.160568,0.153008,0.145470,0.134679,0.126935,0.111005,0.097000,0.087228,0.070733,0.061917,0.054299,0.038611,0.028964,0.022098,0.016371,0.008493,0.003569,
0.180534,0.180173,0.170217,0.167356,0.160221,0.152947,0.146437,0.135406,0.121661,0.115943,0.098304,0.083440,0.074001,0.063753,0.049771,0.038006,0.028349,0.021753,0.013533,0.007867,0.003722,
0.165341,0.169488,0.164733,0.160659,0.151642,0.141653,0.128978,0.127683,0.115987,0.109573,0.097040,0.083131,0.072461,0.060870,0.049544,0.038319,0.029560,0.021363,0.013008,0.007215,0.003756,
0.157158,0.156040,0.150323,0.145716,0.140838,0.139507,0.129564,0.119490,0.107804,0.096261,0.087195,0.077089,0.068360,0.058900,0.048148,0.038560,0.030370,0.021494,0.013106,0.007508,0.003470,
0.125892,0.140097,0.146147,0.131426,0.130911,0.123158,0.115816,0.111017,0.102395,0.092774,0.081391,0.069969,0.061033,0.053547,0.046865,0.039205,0.030770,0.022007,0.013903,0.007833,0.003351,
0.120515,0.122303,0.127110,0.117354,0.119141,0.112057,0.111227,0.097847,0.090816,0.089202,0.077400,0.069425,0.058526,0.049040,0.042863,0.036438,0.031708,0.021098,0.013521,0.007154,nan,
0.102253,0.108134,0.116071,0.103917,0.101965,0.100310,0.094485,0.091011,0.085517,0.076926,0.070197,0.064317,0.058644,0.049596,0.041437,0.034908,0.029166,0.022285,0.013399,0.007236,0.005355,
0.093565,0.098659,0.101383,0.099386,0.091514,0.090991,0.083590,0.082969,0.076347,0.072668,0.066924,0.059409,0.055958,0.048138,0.043234,0.033887,0.028517,0.023068,0.014282,0.007272,0.006049,
0.089958,0.091865,0.089695,0.089305,0.081014,0.081511,0.081403,0.076259,0.072735,0.066928,0.062447,0.058436,0.053292,0.048983,0.044695,0.035448,0.029351,0.023547,0.014511,0.007549,0.004984,
0.090358,0.083967,0.080341,0.082085,0.077093,0.074286,0.076344,0.072080,0.070417,0.066309,0.062224,0.057900,0.054232,0.048712,0.042220,0.036642,0.029470,0.023309,0.015507,0.008629,0.005579,
nan,0.078833,0.076114,0.077234,0.075223,0.071820,0.070365,0.069388,0.067527,0.064729,0.063213,0.058930,0.053701,0.048053,0.045929,0.039192,0.033017,0.025003,0.017796,0.008980,0.005483,
0.075137,0.073698,0.073464,0.074255,0.073048,0.073471,0.071925,0.070826,0.071313,0.067531,0.062035,0.061237,0.055770,0.054687,0.048640,0.041539,0.034719,0.026268,0.018694,0.010332,0.005900,
0.073122,0.077192,0.081046,0.075014,0.076330,0.078761,0.070456,0.071485,0.069895,0.069975,0.065583,0.062554,0.059667,0.056403,0.050977,0.044321,0.037064,0.027924,0.018988,0.012853,0.006514,
nan,0.082807,0.076605,0.080180,0.079982,0.074669,0.073917,0.071676,0.074064,0.069297,0.068180,0.068815,0.063492,0.058877,0.055149,0.049833,0.040150,0.031075,0.022216,0.013320,0.006912,
nan,0.070406,0.071661,0.079982,0.081265,0.080030,0.074063,0.076478,0.080572,0.072125,0.072118,0.070198,0.065659,0.066053,0.057616,0.052633,0.042004,0.035022,0.023387,0.015319,0.007509,
nan,0.085839,0.083320,0.087446,0.082669,0.080908,0.081757,0.076645,0.081279,0.079976,0.075656,0.075044,0.073993,0.069275,0.062739,0.055547,0.045920,0.035353,0.025366,0.014023,0.008672,
nan,0.078121,0.080659,0.082071,0.080738,0.087117,0.080391,0.088143,0.084395,0.074057,0.079790,0.074360,0.069044,0.074327,0.069552,0.057256,0.053853,0.039427,0.022905,0.014444,0.011636,
nan,nan,nan,nan,nan,0.147613,0.118706,0.085435,0.089844,0.084984,0.087423,0.081223,0.082961,0.076857,0.057288,0.048628,0.063966,0.033678,nan,0.017507,0.008503,
nan,0.184327,0.180675,0.177868,0.153618,0.156771,0.145392,0.153114,0.128040,nan,0.104023,0.089266,0.077598,0.059920,0.050473,0.036871,0.025810,0.021977,0.011874,0.009502,nan,
0.173969,0.174324,0.175932,0.171334,0.165699,0.156341,0.148075,0.132547,0.122858,0.112606,0.098065,0.084874,0.070495,0.063225,0.051074,0.039107,0.027776,0.019074,0.012890,0.007128,nan,
0.171494,0.175742,0.170991,0.164120,0.163737,0.153515,0.144932,0.128426,0.122419,0.107734,0.098886,0.083605,0.069662,0.056537,0.047818,0.036310,0.028871,0.019098,0.012743,0.007273,nan,
0.163356,0.163050,0.155663,0.158566,0.152890,0.143584,0.141979,0.131304,0.115335,0.104303,0.094557,0.082752,0.068356,0.056855,0.046186,0.034991,0.026667,0.019059,0.011568,0.006023,nan,
0.152511,0.147668,0.159520,0.145848,0.142908,0.135630,0.128130,0.118293,0.109100,0.104874,0.091572,0.078729,0.067303,0.054500,0.044362,0.036830,0.026023,0.017547,0.010979,0.006587,0.005459,
0.144149,0.134944,0.141279,0.134811,0.130596,0.121608,0.120447,0.109557,0.098627,0.088343,0.085251,0.075207,0.067297,0.054046,0.044526,0.033426,0.025848,0.017784,0.012623,0.007915,0.004973,
0.129302,0.124559,0.128021,0.125167,0.114482,0.117372,0.104472,0.098171,0.095842,0.084707,0.076356,0.065679,0.062037,0.054000,0.046051,0.034723,0.026152,0.019134,0.013581,0.009215,0.004738,
0.106970,0.106322,0.112797,0.110220,0.102975,0.102067,0.094100,0.092535,0.083868,0.078317,0.072299,0.061996,0.057009,0.049127,0.042425,0.035977,0.025937,0.018934,0.014596,0.009369,0.004277,
0.094596,0.092785,0.101520,0.097309,0.091155,0.086664,0.090150,0.081234,0.078834,0.070949,0.067939,0.061356,0.052896,0.047055,0.044243,0.034812,0.026098,0.020407,0.014726,0.008948,0.004554,
0.126045,0.084296,0.091427,0.087464,0.085765,0.079120,0.079517,0.078565,0.071675,0.071717,0.063340,0.056158,0.054180,0.046482,0.043279,0.035541,0.027396,0.020004,0.015267,0.008562,0.004456,
nan,0.077713,0.081146,0.083250,0.078727,0.076151,0.071894,0.068870,0.069821,0.064590,0.063467,0.057537,0.051481,0.046885,0.042351,0.035491,0.029521,0.022194,0.015945,0.008854,0.005927,
0.073807,0.077440,0.075741,0.081707,0.076658,0.072183,0.072723,0.069414,0.065744,0.065537,0.060638,0.058008,0.052626,0.049720,0.044334,0.038721,0.032114,0.023203,0.017277,0.008666,0.005448,
0.080850,0.072818,0.077499,0.078742,0.074486,0.071030,0.070440,0.069635,0.066641,0.065059,0.063620,0.060287,0.055887,0.051866,0.047390,0.039627,0.032817,0.024055,0.018226,0.009996,0.006263,
nan,0.073243,0.075745,0.075973,0.074315,0.072915,0.070196,0.073995,0.068926,0.066847,0.065204,0.061142,0.057829,0.054297,0.050794,0.044122,0.035333,0.027917,0.018105,0.011899,0.006948,
0.081340,0.075369,0.074871,0.076300,0.076857,0.075137,0.074002,0.077668,0.071287,0.070348,0.067395,0.065377,0.061830,0.056997,0.052833,0.047696,0.039453,0.030481,0.022085,0.013169,0.007325,
nan,0.089279,0.080657,0.081459,0.081120,0.079730,0.074909,0.079943,0.075346,0.070838,0.070677,0.068507,0.069559,0.064479,0.057047,0.051062,0.041327,0.033893,0.023020,0.015111,0.008052,
nan,0.094194,0.094785,0.086299,0.085970,0.082243,0.076831,0.082551,0.076784,0.072786,0.073387,0.069691,0.067840,0.064582,0.058813,0.054832,0.048043,0.034614,0.027440,0.015229,0.009709,
nan,0.081608,0.080359,0.086806,0.089139,0.078042,0.082584,0.085783,0.079049,0.077622,0.076271,0.077697,0.066271,0.076391,0.061925,0.052689,0.048225,0.038805,0.025124,0.014217,0.010067,
nan,nan,nan,nan,nan,0.066546,0.078618,0.077015,0.079567,0.082002,0.066262,0.078028,0.068029,0.060003,0.059854,0.057542,0.045147,0.039142,0.019200,0.015431,0.012752,
nan,0.173182,0.174653,0.166154,0.177486,0.150542,0.148294,0.135398,0.122345,0.113617,0.100179,0.102156,0.072683,0.056879,0.061738,0.037137,0.023145,0.018904,0.014667,0.009218,nan,
0.182422,0.178354,0.180253,0.166798,0.167112,0.153583,0.146087,0.138386,0.118186,0.107591,0.097570,0.082511,0.071232,0.058558,0.047069,0.035360,0.025761,0.019979,0.013485,0.006735,nan,
0.169236,0.175777,0.172000,0.171425,0.161410,0.154836,0.146785,0.130964,0.122846,0.105669,0.093635,0.081037,0.069761,0.054506,0.043827,0.035464,0.025831,0.020140,0.011661,0.006312,0.008541,
0.178503,0.168159,0.166711,0.155583,0.152226,0.147344,0.139471,0.126998,0.116240,0.106295,0.092460,0.080056,0.066879,0.054350,0.044145,0.035383,0.028312,0.018523,0.013888,0.008150,0.005306,
0.142679,0.156020,0.152985,0.144791,0.141934,0.131841,0.125600,0.119408,0.113950,0.098230,0.087028,0.076622,0.063309,0.049857,0.043407,0.036849,0.029140,0.022371,0.014870,0.008993,0.004390,
0.136119,0.138989,0.138518,0.141123,0.126101,0.127077,0.119571,0.105654,0.101484,0.096312,0.083292,0.072149,0.060880,0.049905,0.043932,0.036077,0.029592,0.022752,0.014407,0.008320,0.004525,
0.143065,0.118734,0.125634,0.121812,0.118210,0.113630,0.108879,0.101676,0.091368,0.085862,0.078860,0.068958,0.058148,0.048867,0.041585,0.036076,0.029927,0.020931,0.013271,0.006996,0.003963,
0.115962,0.111111,0.110112,0.107925,0.109579,0.095400,0.097729,0.086460,0.088712,0.077478,0.071164,0.065815,0.058056,0.047113,0.040520,0.036348,0.028636,0.019973,0.012205,0.007335,0.004721,
0.093820,0.095841,0.094254,0.095158,0.093535,0.091449,0.086234,0.085674,0.077832,0.072579,0.065532,0.059966,0.053121,0.047546,0.040705,0.034379,0.028455,0.020226,0.013032,0.008091,0.004893,
0.087649,0.086690,0.084153,0.084822,0.084788,0.082405,0.078645,0.073151,0.073424,0.066221,0.062668,0.057602,0.054527,0.046392,0.041251,0.034888,0.028152,0.020390,0.013372,0.009814,0.004920,
0.080944,0.077472,0.084315,0.080512,0.077961,0.074241,0.074481,0.069916,0.066685,0.065856,0.059965,0.058682,0.050960,0.046932,0.041178,0.035317,0.030504,0.021226,0.015733,0.009225,0.004721,
nan,0.076416,0.079369,0.079348,0.073132,0.075062,0.071246,0.069209,0.067725,0.065194,0.063339,0.057719,0.052583,0.047980,0.043336,0.036252,0.031752,0.022426,0.017354,0.009491,0.006168,
nan,0.076837,0.074254,0.077679,0.073070,0.073670,0.070487,0.071047,0.068745,0.064774,0.062060,0.059220,0.054388,0.051603,0.047227,0.038913,0.032075,0.024899,0.018187,0.009991,0.006264,
0.069773,0.075745,0.076182,0.077851,0.071892,0.071406,0.073429,0.071947,0.068987,0.065972,0.063277,0.063392,0.057369,0.053010,0.046685,0.043038,0.034771,0.027105,0.018510,0.010977,0.007496,
nan,0.078712,0.075143,0.075558,0.073612,0.074649,0.073037,0.074153,0.073562,0.068563,0.067033,0.065279,0.059412,0.058442,0.053287,0.047156,0.037252,0.028649,0.021610,0.013499,0.008236,
0.091055,0.078010,0.080101,0.076632,0.078264,0.075127,0.075759,0.076819,0.071855,0.072367,0.068618,0.066865,0.061857,0.059623,0.055346,0.049056,0.043271,0.032999,0.023314,0.014177,0.008922,
nan,0.064072,0.087391,0.094535,0.081305,0.075622,0.078832,0.079304,0.074019,0.072835,0.069679,0.069953,0.065350,0.059749,0.057825,0.050659,0.043100,0.035874,0.028218,0.016446,0.010374,
nan,0.083602,0.098659,0.077812,0.086504,0.081879,0.076109,0.085135,0.085027,0.078358,0.073066,0.076762,0.067375,0.063672,0.061887,0.055580,0.044697,0.038547,0.027325,0.015818,0.010560,
nan,nan,nan,0.074606,0.091017,0.086457,0.065936,0.078917,0.086934,0.069593,0.083833,0.073611,0.067091,0.048146,0.057657,0.059283,0.051526,0.050183,0.019529,0.018719,0.009494,
nan,0.170151,0.184934,0.170825,0.168164,0.141832,0.159664,0.131293,0.116722,0.123068,0.094223,0.093815,0.076994,0.060682,0.044145,0.045667,0.027549,0.017865,0.012933,0.006297,nan,
0.171631,0.175525,0.172980,0.167101,0.158986,0.157781,0.149325,0.135951,0.115866,0.109293,0.096675,0.084136,0.066948,0.059879,0.046631,0.035729,0.027972,0.018601,0.010854,0.006650,nan,
0.176883,0.175096,0.177037,0.168498,0.158103,0.145485,0.141431,0.131295,0.117699,0.103845,0.092566,0.081326,0.065271,0.055951,0.046251,0.036732,0.029206,0.021583,0.014166,0.008834,0.005511,
0.151247,0.160892,0.164800,0.153988,0.159388,0.146711,0.136373,0.126303,0.111847,0.102027,0.090098,0.079896,0.070609,0.063621,0.049736,0.038535,0.030921,0.022614,0.014185,0.008882,0.004275,
0.168941,0.145087,0.152390,0.156826,0.138523,0.138773,0.130943,0.118861,0.108501,0.096681,0.087759,0.078516,0.070919,0.057574,0.046930,0.038380,0.029676,0.020777,0.012625,0.006948,0.004097,
0.162525,0.132008,0.138392,0.134817,0.134270,0.125466,0.112575,0.112892,0.102341,0.089715,0.081777,0.073343,0.067963,0.056151,0.044658,0.034545,0.027490,0.018650,0.012210,0.006734,0.005185,
0.134342,0.118150,0.124294,0.120145,0.122172,0.110029,0.108874,0.100332,0.097800,0.086217,0.077809,0.066701,0.062886,0.054658,0.045062,0.034189,0.025621,0.019337,0.012963,0.008956,0.004835,
0.106908,0.101008,0.112841,0.104508,0.103588,0.104784,0.094580,0.092183,0.083285,0.082959,0.071857,0.062020,0.058344,0.051544,0.040793,0.034229,0.025153,0.019510,0.014786,0.008936,0.004212,
0.096148,0.093256,0.099441,0.091051,0.093512,0.089939,0.090857,0.079504,0.081319,0.070832,0.069621,0.061026,0.053325,0.048866,0.041224,0.031701,0.026468,0.021204,0.014153,0.007495,0.007114,
0.085700,0.081215,0.087102,0.081220,0.081861,0.079550,0.078995,0.076983,0.069912,0.068644,0.062600,0.058933,0.051387,0.046266,0.041421,0.033603,0.027622,0.021716,0.013418,0.007878,0.005301,
0.076244,0.081971,0.080306,0.076752,0.077834,0.077745,0.072210,0.071682,0.070420,0.063803,0.061054,0.055892,0.052227,0.045023,0.041969,0.034453,0.028486,0.022007,0.013931,0.009632,0.005131,
0.080832,0.072724,0.079478,0.075869,0.079305,0.073358,0.070363,0.071328,0.067949,0.062958,0.061801,0.057887,0.053546,0.048898,0.044533,0.035895,0.031262,0.023446,0.015881,0.010055,0.005239,
0.069881,0.069092,0.080993,0.075041,0.077732,0.072539,0.073000,0.070744,0.066972,0.063774,0.061187,0.058025,0.054021,0.051309,0.045131,0.038436,0.032245,0.024812,0.017628,0.010615,0.006450,
0.104901,0.081954,0.072084,0.077860,0.076163,0.073212,0.073078,0.070128,0.068443,0.067985,0.063672,0.061453,0.056234,0.054226,0.048493,0.041884,0.034935,0.025949,0.019355,0.010868,0.007943,
nan,0.079904,0.079715,0.078266,0.076883,0.073456,0.074326,0.072987,0.069053,0.067036,0.065390,0.063081,0.055651,0.056664,0.052093,0.045644,0.037634,0.027830,0.020768,0.013154,0.008664,
0.079896,0.080176,0.087377,0.076533,0.074217,0.073410,0.077500,0.074762,0.072361,0.071413,0.068807,0.067070,0.060973,0.058822,0.052792,0.049354,0.041989,0.033204,0.023839,0.014995,0.009461,
nan,0.090606,0.090678,0.085455,0.077033,0.079945,0.078133,0.079957,0.074662,0.073837,0.070437,0.065288,0.060880,0.061496,0.056981,0.052047,0.041842,0.036601,0.027184,0.016866,0.010947,
nan,0.086750,0.085727,0.080226,0.083693,0.081456,0.078122,0.082499,0.075383,0.074950,0.072133,0.075522,0.062134,0.065553,0.063336,0.053222,0.048597,0.039154,0.032113,0.019554,0.012132,
nan,nan,0.084409,0.104539,0.084687,nan,0.079422,0.085222,0.064829,0.075662,0.093119,0.072303,0.069858,0.059055,0.059249,0.048371,0.040220,0.039261,0.030127,0.016203,0.012878,
nan,0.195800,0.164903,0.189703,0.173039,0.154313,0.146874,0.130596,0.136337,0.118483,0.109396,0.082985,0.067637,0.061779,0.044099,0.041393,0.023916,0.017809,0.011858,0.008082,nan,
0.168364,0.181807,0.174890,0.171706,0.164551,0.155673,0.148804,0.134639,0.119435,0.104929,0.090096,0.077484,0.066654,0.056735,0.048868,0.037020,0.029048,0.020137,0.011787,0.005993,0.006354,
0.182864,0.174884,0.174005,0.166037,0.157117,0.150988,0.139082,0.127265,0.117486,0.108336,0.101455,0.087089,0.074846,0.061048,0.049511,0.041293,0.032079,0.023174,0.014925,0.008840,0.004556,
0.169844,0.160627,0.160811,0.163455,0.154228,0.142466,0.131964,0.127193,0.118832,0.108962,0.097805,0.083344,0.073343,0.060861,0.048067,0.037362,0.028222,0.019914,0.012716,0.007297,0.003800,
0.157275,0.150352,0.148675,0.149926,0.138473,0.137863,0.128237,0.118183,0.111674,0.104890,0.090882,0.079002,0.065923,0.054224,0.043904,0.034533,0.026184,0.018232,0.011080,0.006734,0.005157,
0.145775,0.137802,0.137054,0.133006,0.133472,0.122021,0.123309,0.108252,0.097378,0.097475,0.086417,0.073011,0.064317,0.050808,0.042286,0.032905,0.026262,0.020647,0.014796,0.008221,0.004931,
0.134612,0.122720,0.119599,0.117170,0.114694,0.116400,0.105291,0.103381,0.093710,0.084969,0.078641,0.069629,0.057995,0.048492,0.042702,0.035334,0.029302,0.021074,0.013476,0.007208,0.003953,
0.123094,0.108130,0.102797,0.104292,0.103321,0.098548,0.101146,0.090847,0.088476,0.077175,0.072711,0.066378,0.056482,0.046485,0.042435,0.036838,0.027568,0.018540,0.011968,0.007593,0.004869,
0.104487,0.091455,0.098643,0.098877,0.091987,0.087668,0.086404,0.085240,0.075447,0.074319,0.064041,0.063333,0.053325,0.045843,0.041976,0.034455,0.025770,0.018735,0.014023,0.008694,0.004500,
0.078609,0.081678,0.091771,0.091215,0.085953,0.086545,0.077222,0.075815,0.073776,0.068067,0.063264,0.056004,0.053066,0.044631,0.040625,0.034824,0.026025,0.020497,0.014628,0.008714,0.005039,
0.079109,0.076560,0.082344,0.083151,0.077275,0.078503,0.076616,0.075406,0.068132,0.064433,0.062633,0.057669,0.052872,0.046006,0.042373,0.034253,0.027946,0.022974,0.014139,0.008206,0.005615,
0.072074,0.079080,0.080828,0.078800,0.073352,0.073036,0.075675,0.071246,0.068706,0.063587,0.060449,0.056418,0.052962,0.048937,0.042798,0.036004,0.030029,0.023934,0.014905,0.010091,0.005551,
0.069860,0.076281,0.078879,0.076170,0.071500,0.072839,0.073812,0.071798,0.067790,0.065542,0.061443,0.059481,0.053330,0.050593,0.044675,0.038369,0.031107,0.024657,0.017460,0.010734,0.006093,
0.064387,0.076715,0.074469,0.077632,0.073709,0.073990,0.076083,0.076838,0.067194,0.064825,0.062228,0.061297,0.054962,0.051859,0.048575,0.041978,0.034857,0.026395,0.018819,0.011937,0.007697,
0.068055,0.070827,0.079772,0.081246,0.072682,0.074063,0.074058,0.076842,0.069588,0.067041,0.067946,0.063694,0.057889,0.055708,0.050146,0.045487,0.036129,0.028529,0.020822,0.012748,0.009259,
0.083462,0.095285,0.076832,0.080673,0.076011,0.078484,0.078209,0.071499,0.070825,0.070373,0.067075,0.064690,0.060549,0.057763,0.054317,0.047398,0.039480,0.032896,0.024633,0.015593,0.009559,
0.080737,0.088791,0.084238,0.076611,0.078539,0.075256,0.077137,0.079532,0.075432,0.072740,0.069232,0.066206,0.064479,0.061955,0.058505,0.048622,0.044733,0.036520,0.026493,0.017532,0.011415,
nan,0.096061,0.084777,0.090523,0.078710,0.081481,0.075119,0.074073,0.074524,0.075651,0.067248,0.065600,0.069296,0.066506,0.058468,0.052391,0.046958,0.036848,0.032590,0.022313,0.015816,
nan,nan,0.068866,nan,0.093679,0.082348,0.081613,0.130822,0.102418,0.071406,0.060783,0.066541,0.071931,0.068930,0.057271,0.049739,0.058260,0.039622,0.025641,0.021581,0.018524,
nan,0.197209,0.163875,0.179379,0.142087,0.154344,0.150252,0.132949,0.124892,0.118141,0.092718,0.092182,0.069853,0.059699,0.050531,0.034682,0.026104,0.019023,0.011289,0.006727,nan,
0.193434,0.187255,0.175220,0.168873,0.163703,0.154698,0.133848,0.140340,0.125353,0.107136,0.092348,0.083891,0.068322,0.060056,0.046418,0.040168,0.028370,0.018545,0.014035,0.008596,0.005895,
0.185226,0.170191,0.174702,0.165333,0.158417,0.153720,0.145276,0.137960,0.124096,0.114573,0.100502,0.085581,0.075602,0.063829,0.049653,0.038232,0.029217,0.021672,0.014084,0.008786,0.004271,
0.171164,0.161128,0.163110,0.160351,0.152807,0.140348,0.138916,0.131181,0.117908,0.105735,0.094789,0.080110,0.068322,0.056144,0.044990,0.034317,0.025925,0.019173,0.011599,0.006609,0.004803,
0.158206,0.145921,0.152746,0.144113,0.145819,0.136081,0.127731,0.124244,0.112262,0.099557,0.086805,0.078187,0.065325,0.051704,0.045151,0.036097,0.028771,0.021410,0.014209,0.008175,0.004521,
0.148367,0.137168,0.135297,0.131250,0.128718,0.129132,0.115645,0.110456,0.105920,0.093143,0.082304,0.069863,0.061069,0.056096,0.046856,0.037028,0.028188,0.020395,0.012655,0.007133,0.003301,
0.123171,0.124177,0.127687,0.131457,0.118824,0.111155,0.111492,0.100475,0.096949,0.088542,0.077176,0.068022,0.061841,0.054359,0.043725,0.033633,0.025686,0.018269,0.012629,0.008551,0.005031,
0.115413,0.106430,0.115468,0.112353,0.110012,0.100175,0.094012,0.093852,0.084135,0.079822,0.071955,0.062006,0.059873,0.050657,0.039872,0.033048,0.026284,0.020876,0.014474,0.008169,0.004233,
0.091244,0.092572,0.101641,0.099632,0.093789,0.095013,0.091280,0.080806,0.078910,0.070602,0.068238,0.059758,0.054582,0.047764,0.038775,0.033661,0.028195,0.019617,0.012859,0.007837,0.005376,
0.079360,0.085914,0.089754,0.087117,0.085778,0.082505,0.081534,0.078666,0.073910,0.068148,0.063410,0.057563,0.054024,0.046082,0.039394,0.034658,0.027780,0.020533,0.014386,0.009773,0.005721,
0.088646,0.078677,0.083887,0.079997,0.079440,0.077128,0.078163,0.072685,0.070853,0.064147,0.061397,0.058761,0.051364,0.046931,0.040284,0.035817,0.028017,0.020750,0.014730,0.008692,0.005574,
0.089726,0.075862,0.079408,0.074729,0.074858,0.074502,0.076374,0.071914,0.068449,0.064993,0.061062,0.059927,0.051562,0.048386,0.041528,0.035927,0.029053,0.023581,0.015400,0.009585,0.006084,
0.091940,0.074654,0.081961,0.076867,0.072994,0.074537,0.072913,0.071622,0.069572,0.065729,0.059589,0.059180,0.053441,0.050654,0.046165,0.038602,0.031012,0.024916,0.016776,0.011068,0.006431,
0.098119,0.073498,0.081930,0.074606,0.073084,0.073759,0.072191,0.071529,0.070012,0.065686,0.062139,0.062876,0.055345,0.052151,0.047307,0.042550,0.033386,0.026517,0.019122,0.012788,0.008492,
0.093449,0.073202,0.076620,0.078469,0.075227,0.074718,0.073509,0.072865,0.072409,0.067730,0.063912,0.063247,0.058075,0.054178,0.049368,0.045346,0.037171,0.029603,0.021279,0.013575,0.009102,
nan,0.082827,0.074929,0.085717,0.078512,0.074567,0.076945,0.075457,0.070593,0.068521,0.067415,0.062662,0.060569,0.060546,0.053613,0.046048,0.037908,0.033323,0.024339,0.016062,0.011840,
0.079255,0.077545,0.072370,0.079275,0.075490,0.077555,0.076061,0.072520,0.076706,0.068880,0.070347,0.069997,0.063083,0.063935,0.057642,0.049656,0.043511,0.037456,0.028107,0.019413,0.012152,
nan,0.087588,0.080170,0.080642,0.069366,0.081324,0.079051,0.077428,0.072521,0.075541,0.066158,0.063858,0.067580,0.066330,0.058234,0.058338,0.045106,0.039713,0.030677,0.022473,0.015202,
nan,0.075884,0.070715,nan,0.076418,0.091198,0.090593,0.083761,0.058410,0.061129,0.067811,0.062952,0.093012,0.058021,0.054307,0.053785,0.046606,0.041516,0.033564,0.024502,0.018192,
nan,0.180054,0.175940,0.190252,0.166352,0.147983,0.146753,0.133873,0.113156,0.106393,0.095412,0.073116,0.070141,0.055809,0.048528,0.037347,0.024220,0.015874,0.010674,0.005436,nan,
0.173620,0.186139,0.176622,0.166568,0.162178,0.161900,0.141719,0.139102,0.120259,0.112579,0.101276,0.086061,0.070730,0.062427,0.050256,0.038707,0.028353,0.019945,0.014054,0.007615,0.004258,
0.176973,0.169381,0.171951,0.161461,0.164177,0.157881,0.151338,0.132662,0.123121,0.112074,0.098561,0.085815,0.071363,0.061303,0.048983,0.039464,0.029149,0.020197,0.014056,0.007860,0.004194,
0.174810,0.156977,0.159032,0.160343,0.151067,0.148869,0.140888,0.127368,0.115006,0.103055,0.092015,0.081086,0.068856,0.055685,0.044959,0.036147,0.028414,0.019853,0.012634,0.007816,0.004717,
0.158268,0.147605,0.164125,0.142329,0.142128,0.136154,0.129625,0.120036,0.108968,0.097706,0.088959,0.078445,0.070261,0.057788,0.046990,0.038227,0.029269,0.020347,0.012540,0.007326,0.004140,
0.128542,0.131466,0.140997,0.142611,0.134605,0.124940,0.123021,0.111829,0.101595,0.092716,0.089104,0.076091,0.065039,0.052487,0.042750,0.033506,0.025447,0.018284,0.012253,0.007792,0.004658,
0.135216,0.119619,0.124757,0.125509,0.123387,0.119801,0.106690,0.103511,0.094005,0.085889,0.079723,0.070127,0.058268,0.050155,0.044049,0.034836,0.028941,0.020644,0.014264,0.007659,0.004916,
0.126328,0.110986,0.112687,0.109485,0.104833,0.104697,0.101041,0.089261,0.088095,0.078585,0.074432,0.065963,0.055941,0.049027,0.042621,0.035538,0.026342,0.018356,0.012370,0.007482,0.004873,
0.093267,0.098663,0.101033,0.094417,0.093095,0.089681,0.087139,0.086386,0.079639,0.073677,0.067283,0.061394,0.053142,0.047942,0.042051,0.032179,0.025243,0.019465,0.014415,0.008408,0.004496,
0.077684,0.090390,0.088961,0.084073,0.082582,0.083541,0.080113,0.075325,0.074251,0.068276,0.061140,0.059790,0.050541,0.048036,0.039809,0.033055,0.027355,0.021170,0.013533,0.008032,0.005833,
0.095980,0.080059,0.081444,0.078592,0.080227,0.078987,0.077969,0.073743,0.071449,0.066498,0.062419,0.057774,0.051764,0.048780,0.041993,0.033895,0.028906,0.020424,0.014124,0.009663,0.005300,
0.084600,0.078068,0.079040,0.076661,0.077378,0.075524,0.072674,0.072142,0.068811,0.065460,0.062244,0.057426,0.053397,0.047664,0.043353,0.036183,0.030166,0.023609,0.016287,0.009275,0.006708,
0.065418,0.071261,0.074238,0.076506,0.078272,0.074454,0.073098,0.071547,0.068817,0.064522,0.061426,0.059743,0.052804,0.050984,0.046337,0.039493,0.032682,0.025278,0.017560,0.011559,0.006867,
0.073576,0.076593,0.078854,0.078262,0.077302,0.073404,0.077651,0.070440,0.069920,0.067765,0.062497,0.061259,0.057244,0.052041,0.046199,0.043876,0.034133,0.026994,0.018410,0.012888,0.007641,
0.081699,0.072072,0.078676,0.076590,0.075577,0.076158,0.076640,0.071400,0.072755,0.069563,0.067444,0.060910,0.059724,0.056642,0.051636,0.044587,0.037312,0.030368,0.021914,0.015199,0.010138,
0.065746,0.076056,0.076807,0.075574,0.076647,0.076916,0.076397,0.074564,0.076066,0.071419,0.066914,0.066220,0.060814,0.060319,0.056878,0.047543,0.040015,0.033320,0.024790,0.017030,0.011104,
0.078240,0.075107,0.076014,0.080192,0.083102,0.080041,0.080739,0.071928,0.070365,0.071376,0.073801,0.070642,0.064927,0.063037,0.057557,0.052974,0.043388,0.036795,0.029884,0.020491,0.014014,
nan,nan,0.090222,0.074543,0.081490,0.073439,0.080029,0.081650,0.078346,0.070566,0.070915,0.072049,0.071248,0.067124,0.056008,0.053665,0.048120,0.040035,0.032286,0.023301,0.018810,
nan,0.069251,nan,0.158123,0.069333,0.080352,nan,0.103144,0.079179,0.062409,0.077571,0.059548,0.062280,0.083621,0.060191,0.071228,0.055204,0.044126,0.028440,0.026411,0.017126,
nan,0.177019,0.177183,0.168347,0.167418,0.155059,0.154777,0.140409,0.115362,0.105919,0.091565,0.093801,0.067040,0.056379,0.046347,0.044941,0.025824,0.018783,0.017471,0.005299,nan,
0.179349,0.185553,0.174226,0.167130,0.164055,0.160291,0.143854,0.136689,0.125649,0.118464,0.102683,0.090960,0.074353,0.062441,0.049806,0.038868,0.028097,0.020709,0.015697,0.008130,0.004678,
0.152756,0.170010,0.168859,0.180569,0.164699,0.154845,0.148043,0.133038,0.121944,0.109774,0.096284,0.080952,0.070935,0.056751,0.046511,0.038224,0.027159,0.021535,0.012746,0.006843,0.003948,
0.170260,0.163412,0.185280,0.155283,0.158871,0.145259,0.140230,0.126635,0.116934,0.107772,0.092252,0.080699,0.071418,0.059576,0.047848,0.037899,0.029470,0.021652,0.013799,0.008833,0.004877,
0.164166,0.152275,0.153045,0.154807,0.141940,0.139997,0.129201,0.117606,0.113878,0.103153,0.091698,0.079716,0.065964,0.055521,0.044447,0.033955,0.026049,0.018947,0.011567,0.006511,0.004610,
0.134971,0.141699,0.139111,0.138274,0.135628,0.126812,0.119999,0.110638,0.108982,0.097623,0.082821,0.070969,0.062286,0.051780,0.045205,0.036521,0.028232,0.021001,0.013818,0.007901,0.004296,
0.138661,0.124095,0.125309,0.119994,0.115809,0.115765,0.115164,0.099699,0.097752,0.088375,0.076219,0.068279,0.061534,0.053713,0.044436,0.033569,0.025978,0.018409,0.012428,0.007578,0.005091,
0.103527,0.107927,0.110740,0.105218,0.100986,0.097843,0.096758,0.095271,0.083512,0.080587,0.072141,0.067338,0.058811,0.049353,0.039594,0.032896,0.027460,0.020656,0.013994,0.008014,0.005002,
0.099755,0.097901,0.096440,0.093640,0.099058,0.096634,0.092594,0.078824,0.080178,0.076413,0.067102,0.064381,0.054414,0.047645,0.040140,0.036701,0.026843,0.018799,0.012549,0.007895,0.005539,
0.087193,0.087506,0.087901,0.087724,0.089239,0.085123,0.081888,0.077396,0.076479,0.068273,0.063942,0.058906,0.053569,0.044962,0.041860,0.034161,0.027267,0.020701,0.015047,0.008461,0.005004,
0.072014,0.078355,0.080765,0.082284,0.082851,0.078752,0.074855,0.074269,0.070556,0.067107,0.062365,0.056027,0.052443,0.047754,0.042579,0.034564,0.029108,0.021805,0.013817,0.008979,0.006030,
0.069893,0.077997,0.079323,0.078655,0.079238,0.076673,0.074047,0.072020,0.068510,0.064911,0.061586,0.059699,0.053487,0.047782,0.044303,0.036155,0.031385,0.022736,0.016980,0.010231,0.005782,
0.079048,0.079204,0.076297,0.077441,0.076219,0.076510,0.073071,0.071606,0.069767,0.065125,0.062758,0.060797,0.056519,0.050178,0.046189,0.040133,0.031728,0.025788,0.018419,0.010503,0.007485,
0.077294,0.079054,0.072951,0.074541,0.073396,0.073803,0.075994,0.072620,0.070568,0.067182,0.067225,0.061436,0.058549,0.052431,0.047687,0.044456,0.034841,0.028473,0.019117,0.013361,0.008296,
0.077497,0.075232,0.073037,0.075149,0.073901,0.075998,0.073892,0.076455,0.069688,0.068876,0.065159,0.063970,0.060577,0.056268,0.052587,0.045499,0.038199,0.030615,0.021988,0.015327,0.010757,
0.081075,0.074668,0.079707,0.081412,0.074953,0.073804,0.076762,0.076033,0.073275,0.070844,0.069313,0.069650,0.063490,0.060296,0.056632,0.049651,0.040469,0.034476,0.025223,0.017023,0.013292,
0.104502,0.080751,0.081260,0.078142,0.080578,0.076748,0.072101,0.071481,0.073026,0.072942,0.070866,0.066170,0.066434,0.061258,0.056796,0.053433,0.045496,0.036916,0.031488,0.022548,0.014683,
nan,nan,0.073485,0.076714,0.081264,0.072722,0.069184,0.083334,0.081238,0.076124,0.069991,0.065924,0.067490,0.065173,0.061625,0.057548,0.049788,0.044313,0.034737,0.023938,0.018482,
nan,nan,nan,0.078195,nan,0.066160,0.092248,0.077465,0.066033,0.067682,0.081576,0.059822,0.074475,0.069168,0.059848,0.051129,0.046405,0.040598,0.035891,0.032504,0.025888,
nan,0.177858,0.178558,0.169886,0.158622,0.146326,0.142845,0.130730,0.126809,0.111419,0.121463,0.087809,0.082866,0.052256,0.042199,0.036683,0.026420,0.018417,0.010366,0.006188,nan,
0.176925,0.181073,0.178373,0.178720,0.169587,0.155938,0.145360,0.137009,0.131031,0.114877,0.100752,0.092251,0.072106,0.061709,0.049118,0.040284,0.031513,0.020942,0.014263,0.009308,0.004180,
0.162193,0.173414,0.170916,0.172131,0.162894,0.149815,0.141678,0.132348,0.119479,0.107837,0.093977,0.082262,0.067010,0.058355,0.044394,0.035776,0.026878,0.018941,0.012630,0.007625,0.004995,
0.162069,0.162381,0.171203,0.143923,0.152943,0.144979,0.137175,0.124926,0.118647,0.107156,0.096696,0.082924,0.070826,0.058761,0.047795,0.037498,0.028805,0.019951,0.013156,0.007915,0.004648,
0.147939,0.151528,0.153390,0.152057,0.149417,0.136226,0.126379,0.124447,0.112448,0.100882,0.087895,0.077606,0.065846,0.055057,0.043915,0.036735,0.027290,0.020563,0.012725,0.007722,0.004765,
0.150871,0.143914,0.138180,0.132458,0.131239,0.128125,0.114550,0.113545,0.104038,0.091973,0.084186,0.075679,0.066491,0.055561,0.044832,0.036831,0.026675,0.019595,0.011921,0.006726,0.004532,
0.129772,0.128422,0.123728,0.117888,0.117379,0.111406,0.108275,0.106320,0.094570,0.086586,0.081389,0.070899,0.058537,0.051096,0.042442,0.033579,0.027312,0.020129,0.013796,0.008099,0.004233,
0.127507,0.114226,0.108177,0.109828,0.111138,0.107034,0.104058,0.088942,0.089305,0.079265,0.073831,0.064326,0.055672,0.050128,0.043444,0.034440,0.025883,0.018884,0.013157,0.007562,0.005721,
0.091890,0.099093,0.096885,0.101884,0.095588,0.092227,0.088228,0.084658,0.084811,0.071999,0.069857,0.060737,0.056857,0.049200,0.040568,0.033053,0.026338,0.020836,0.013957,0.008358,0.004559,
0.078068,0.086640,0.088173,0.090683,0.084881,0.082770,0.078271,0.079156,0.072351,0.069356,0.066727,0.060355,0.057518,0.046600,0.040425,0.036361,0.027655,0.019580,0.013713,0.009094,0.005395,
0.065973,0.087486,0.081774,0.082894,0.081321,0.076306,0.076017,0.073822,0.072651,0.067562,0.062181,0.058720,0.054869,0.048095,0.042743,0.035672,0.028706,0.023641,0.015510,0.008957,0.006520,
0.073890,0.077342,0.079227,0.080214,0.078459,0.074245,0.074655,0.072885,0.069372,0.065671,0.062634,0.059776,0.053745,0.048962,0.046422,0.036441,0.031580,0.023532,0.015425,0.010636,0.006131,
0.070608,0.078307,0.077137,0.080887,0.077654,0.074180,0.073763,0.073425,0.069098,0.067818,0.063914,0.061075,0.056941,0.051517,0.047089,0.037583,0.033448,0.024085,0.019561,0.011276,0.008008,
0.070896,0.075595,0.078496,0.079456,0.077159,0.074043,0.075491,0.071544,0.068684,0.069064,0.064819,0.062212,0.058251,0.053789,0.048649,0.042648,0.036695,0.029613,0.020524,0.013719,0.008678,
0.063737,0.077671,0.079370,0.077563,0.074636,0.078239,0.073718,0.071387,0.069472,0.070084,0.066657,0.066238,0.060614,0.056726,0.053799,0.044139,0.039557,0.030989,0.022548,0.015280,0.013007,
0.073069,0.083943,0.073276,0.080005,0.074386,0.076576,0.076377,0.072950,0.068626,0.070421,0.068511,0.065891,0.062075,0.061544,0.052360,0.050066,0.041153,0.036191,0.027552,0.018071,0.013109,
0.069118,0.074285,0.081070,0.081668,0.079544,0.076524,0.075471,0.080209,0.075615,0.071085,0.069143,0.068022,0.067037,0.060417,0.057891,0.054311,0.047364,0.038554,0.032495,0.021753,0.015852,
nan,0.091035,0.085298,0.078013,0.089691,0.071224,0.074338,0.073287,0.070426,0.074062,0.071398,0.067763,0.065277,0.064988,0.058985,0.050952,0.049401,0.046413,0.036484,0.028723,0.020209,
nan,nan,0.102979,0.171793,0.075353,nan,0.068400,0.094476,0.064994,0.077724,0.068659,0.068202,0.056337,0.065304,0.053665,0.052962,0.041652,0.046564,0.042682,0.026678,0.020448,
nan,0.186218,0.182237,0.167531,0.168230,0.152446,0.151022,0.138382,0.125063,0.114006,0.092987,0.082555,0.077989,0.054746,0.045479,0.032878,0.025073,0.018569,0.010101,0.005705,nan,
0.159879,0.177292,0.184135,0.169054,0.164132,0.155808,0.148952,0.135674,0.130225,0.111540,0.099490,0.089842,0.074373,0.061440,0.047415,0.038547,0.029695,0.022495,0.014911,0.007682,0.004658,
0.167182,0.164399,nan,0.169590,0.158495,0.147271,0.143762,0.130738,0.119252,0.107806,0.095542,0.086807,0.071255,0.058547,0.048514,0.038269,0.028055,0.021308,0.014163,0.007379,0.004947,
0.161200,0.163801,0.162947,0.165749,0.154808,0.141933,0.138653,0.130198,0.117839,0.106842,0.096167,0.080805,0.071925,0.056689,0.046773,0.036354,0.027129,0.019265,0.012533,0.007381,0.003726,
0.157126,0.158150,0.149897,0.146153,0.145968,0.119865,0.131491,0.121208,0.110315,0.099501,0.090977,0.078046,0.069111,0.057113,0.045301,0.037523,0.029225,0.021021,0.013092,0.007866,0.004345,
0.151532,0.141997,0.135414,0.131864,0.128255,0.126620,0.124224,0.111505,0.103384,0.097568,0.088161,0.074740,0.063546,0.052737,0.042940,0.033790,0.025563,0.019598,0.012514,0.007359,0.004405,
0.125777,0.132078,0.123362,0.125832,0.123351,0.119486,0.115837,0.102096,0.099637,0.089148,0.076587,0.066892,0.061931,0.052658,0.044337,0.036222,0.026922,0.019632,0.012424,0.006975,0.004347,
0.116912,0.118448,0.108072,0.113722,0.106393,0.100967,0.097930,0.094089,0.089789,0.081230,0.071950,0.069935,0.058471,0.049412,0.041162,0.034557,0.026777,0.020880,0.014611,0.008422,0.004438,
0.099113,0.105499,0.093415,0.100245,0.093205,0.091555,0.092439,0.083975,0.078963,0.075379,0.067907,0.062894,0.054536,0.048003,0.042526,0.034194,0.026034,0.018643,0.013235,0.008966,0.005624,
0.084093,0.087157,0.088603,0.090316,0.087254,0.085978,0.081178,0.078978,0.075526,0.071368,0.063342,0.061506,0.052156,0.049143,0.041906,0.033654,0.028701,0.021322,0.013688,0.008233,0.005412,
0.070690,0.078186,0.084519,0.083935,0.084397,0.078348,0.075966,0.074512,0.070661,0.065735,0.063135,0.059898,0.054016,0.047723,0.042037,0.036956,0.029368,0.021574,0.016341,0.010193,0.005882,
0.079995,0.081022,0.078231,0.078270,0.079093,0.076156,0.073693,0.074466,0.070217,0.067596,0.063822,0.061326,0.052931,0.050250,0.046813,0.037814,0.030511,0.024867,0.016683,0.009860,0.007243,
0.081007,0.078166,0.076963,0.076162,0.075673,0.075284,0.074311,0.073579,0.070071,0.066677,0.063549,0.061340,0.056964,0.052556,0.048489,0.039554,0.034552,0.025710,0.019706,0.012211,0.006938,
0.074584,0.069077,0.080601,0.075079,0.075889,0.074360,0.074700,0.072030,0.068989,0.069438,0.066282,0.063856,0.058718,0.053820,0.050695,0.043615,0.036473,0.029068,0.022021,0.013550,0.009216,
0.078925,0.081879,0.077603,0.080342,0.074615,0.075911,0.074215,0.073185,0.070043,0.070106,0.067633,0.063217,0.062073,0.059048,0.054412,0.045157,0.041226,0.033620,0.023849,0.016675,0.011274,
0.088267,0.076187,0.076466,0.074668,0.075936,0.079170,0.075599,0.072064,0.073866,0.067648,0.069240,0.066225,0.064207,0.059830,0.054794,0.050963,0.042577,0.036904,0.028146,0.018718,0.014629,
nan,0.085471,0.090788,0.077821,0.075567,0.071024,0.073404,0.075714,0.078306,0.073926,0.072571,0.065928,0.063950,0.064082,0.057010,0.052487,0.048649,0.040634,0.031826,0.023997,0.018463,
nan,0.085141,0.076618,0.081537,0.067220,0.073085,0.074897,0.077178,0.073411,0.069112,0.075187,0.070676,0.064734,0.067372,0.063324,0.058800,0.048506,0.048504,0.036894,0.029134,0.023309,
nan,0.084957,0.093370,0.053618,0.087861,0.081351,0.059515,0.083177,0.072409,0.077264,0.069715,0.067262,0.065343,0.077146,0.057574,0.061065,0.060635,0.047146,0.050593,0.039451,0.027455,
nan,0.170237,0.165621,0.167394,0.188558,0.138451,0.153039,0.107823,0.113134,0.117051,0.094673,0.081858,0.066483,0.057810,0.051687,0.041175,0.023069,0.017278,0.016799,0.006081,nan,
0.174928,0.181750,0.180210,0.172558,0.164126,0.157693,0.145669,0.135505,0.121654,0.112943,0.102067,0.088172,0.073429,0.063068,0.048848,0.038388,0.028974,0.019972,0.013780,0.008220,0.004220,
0.159993,0.176814,0.175531,0.163585,0.158117,0.152901,0.144029,0.133938,0.117287,0.111533,0.096619,0.085004,0.072263,0.059409,0.046627,0.038990,0.027719,0.020560,0.013745,0.009079,0.004822,
0.154529,0.169380,0.161865,0.162635,0.162695,0.149492,0.143040,0.127590,0.119579,0.106619,0.091849,0.079222,0.068178,0.057432,0.044958,0.035673,0.026748,0.020562,0.012607,0.008417,0.004982,
0.144389,0.150923,0.147490,0.139329,0.142117,0.141232,0.130005,0.120909,0.112649,0.104451,0.093815,0.080713,0.070498,0.059288,0.046672,0.036420,0.027436,0.019328,0.012660,0.007381,0.004636,
0.139802,0.140333,0.137157,0.142050,0.137361,0.134123,0.118065,0.114859,0.105807,0.094644,0.081831,0.073993,0.063119,0.055394,0.045006,0.036991,0.028365,0.020264,0.013215,0.008264,0.004467,
0.112108,0.129441,0.123727,0.127483,0.118688,0.114502,0.108983,0.108360,0.095952,0.087651,0.082263,0.071834,0.060359,0.052199,0.041709,0.034110,0.025904,0.020421,0.012973,0.007996,0.004578,
0.101597,0.114006,0.108194,0.111683,0.104587,0.107568,0.106759,0.091069,0.089889,0.082040,0.074262,0.065045,0.057440,0.052978,0.044021,0.035642,0.026697,0.018734,0.013493,0.007334,0.005038,
0.093066,0.106787,0.096969,0.098344,0.099107,0.095100,0.089067,0.085772,0.081716,0.076697,0.069307,0.063106,0.056871,0.049101,0.039836,0.033922,0.028108,0.021335,0.014389,0.008357,0.005034,
0.088638,0.094789,0.088854,0.087803,0.088676,0.083660,0.080812,0.080248,0.078555,0.068641,0.066640,0.062239,0.055121,0.047701,0.042396,0.036268,0.026818,0.020130,0.014565,0.009751,0.005629,
0.072630,0.081021,0.079260,0.082619,0.079994,0.079508,0.079025,0.074920,0.072596,0.068244,0.064432,0.062601,0.054582,0.049417,0.042670,0.036127,0.030769,0.022405,0.014405,0.009484,0.006185,
0.092104,0.076735,0.078421,0.077213,0.078242,0.076933,0.076827,0.074877,0.072113,0.068140,0.066495,0.062114,0.054244,0.050500,0.042772,0.037861,0.030497,0.025354,0.017965,0.011299,0.007336,
0.059596,0.081530,0.077147,0.074862,0.077351,0.078993,0.074060,0.072672,0.069054,0.069950,0.064446,0.061889,0.057274,0.053968,0.047986,0.042244,0.034470,0.027717,0.019167,0.012823,0.008115,
0.078113,0.072002,0.081996,0.075643,0.076674,0.076706,0.074712,0.073325,0.070347,0.069512,0.066678,0.064372,0.060428,0.055990,0.052003,0.043602,0.038165,0.028969,0.023440,0.013452,0.010309,
0.067477,0.071715,0.080479,0.075996,0.075862,0.076820,0.076760,0.071693,0.071823,0.070483,0.068094,0.067889,0.064189,0.057926,0.053768,0.047190,0.041762,0.035165,0.024918,0.017894,0.011847,
nan,0.070782,0.077389,0.076308,0.079295,0.075208,0.073259,0.072625,0.075194,0.073216,0.072072,0.067686,0.064562,0.061611,0.055695,0.050698,0.044590,0.038392,0.029755,0.020161,0.015250,
0.071825,0.077985,0.076815,0.079768,0.077797,0.072968,0.074175,0.069873,0.071989,0.071604,0.075307,0.069018,0.066728,0.064905,0.059256,0.054597,0.048514,0.043078,0.034273,0.024146,0.019614,
0.079356,0.084810,0.091178,0.078944,0.083517,0.078508,0.075844,0.080000,0.069154,0.072176,0.073574,0.071211,0.070897,0.065442,0.066336,0.058667,0.051457,0.050268,0.038456,0.029531,0.021964,
nan,0.091082,nan,0.072491,nan,0.071309,0.100649,0.078250,0.083931,0.097253,0.079640,0.071250,0.056528,0.066334,0.063652,0.065639,0.067692,0.043707,0.037473,0.033645,0.035068,
nan,0.183427,0.169837,0.169541,0.157837,0.148271,0.147138,0.141326,0.115299,0.103564,0.090784,0.076257,0.077649,0.058317,0.046110,0.035873,0.030331,0.018202,0.012110,0.005939,nan,
0.185260,0.188717,0.177874,0.172141,0.166519,0.154812,0.143506,0.134976,0.128434,0.109846,0.096223,0.084564,0.070539,0.063657,0.048484,0.037841,0.028272,0.024564,0.014014,0.008260,0.003911,
0.178197,0.172511,0.178435,0.164832,0.157534,0.156413,0.147521,0.136137,0.123206,0.110754,0.095367,0.083011,0.071817,0.060118,0.049458,0.038609,0.029552,0.019901,0.015620,0.007355,0.004952,
0.157136,0.165829,0.159387,0.157360,0.158014,0.146739,0.140237,0.126247,0.115318,0.103888,0.092135,0.083689,0.069235,0.055247,0.046990,0.036331,0.027350,0.019804,0.013298,0.007700,0.004714,
0.132532,0.159382,0.152915,0.153971,0.165884,0.137254,0.131948,0.122984,0.113468,0.101963,0.091027,0.077536,0.067563,0.054415,0.044082,0.035155,0.026452,0.019067,0.012497,0.007300,0.005138,
0.138524,0.145932,0.143082,0.139651,0.131105,0.129467,0.125341,0.113449,0.102991,0.094917,0.088680,0.077417,0.066298,0.055591,0.045663,0.036284,0.027635,0.019721,0.012160,0.007048,0.004200,
0.133573,0.130210,0.128922,0.122029,0.122209,0.122653,0.112521,0.103377,0.098507,0.091343,0.079108,0.068299,0.060883,0.051877,0.043786,0.035883,0.026623,0.020236,0.013171,0.007975,0.004588,
0.113883,0.113395,0.115411,0.108756,0.110772,0.104918,0.099294,0.096197,0.091806,0.081860,0.075212,0.069585,0.059163,0.049916,0.041627,0.034753,0.027227,0.020394,0.013472,0.008030,0.004863,
0.100015,0.099024,0.101415,0.098902,0.097003,0.091333,0.093195,0.089403,0.086940,0.076476,0.071514,0.063038,0.055073,0.049226,0.042500,0.034722,0.027234,0.019854,0.014380,0.008412,0.005595,
0.090970,0.090613,0.089874,0.090139,0.086507,0.083781,0.084350,0.078404,0.075915,0.072117,0.068052,0.060783,0.057452,0.048326,0.040856,0.035343,0.029295,0.021773,0.014195,0.008832,0.006338,
0.092150,0.084063,0.081798,0.082211,0.080963,0.081122,0.079991,0.077764,0.074405,0.069239,0.066890,0.058924,0.056071,0.048806,0.044082,0.037053,0.029739,0.023159,0.016232,0.010332,0.005678,
0.067933,0.080725,0.075082,0.078289,0.076513,0.080274,0.076636,0.076825,0.070031,0.070538,0.063077,0.062006,0.055915,0.051610,0.045796,0.039240,0.031850,0.024628,0.016915,0.012418,0.006744,
0.064567,0.085061,0.075741,0.077494,0.074489,0.075754,0.075980,0.074951,0.070533,0.070104,0.066465,0.062723,0.058166,0.055435,0.047758,0.042574,0.034372,0.027781,0.019591,0.012538,0.008984,
0.073446,0.076716,0.080376,0.077910,0.077253,0.073115,0.076614,0.074781,0.075780,0.068985,0.067739,0.066134,0.061728,0.056564,0.051192,0.044768,0.039511,0.031165,0.022814,0.015541,0.010108,
0.056978,0.075320,0.074845,0.076595,0.074943,0.071900,0.073733,0.077069,0.076704,0.071012,0.069151,0.067733,0.065405,0.059114,0.054762,0.047492,0.041338,0.035370,0.026482,0.018365,0.012395,
0.086754,0.083033,0.072295,0.078393,0.072911,0.076254,0.077110,0.076369,0.076158,0.072296,0.072540,0.067726,0.068404,0.061616,0.057647,0.051214,0.046914,0.039530,0.030598,0.021269,0.017920,
nan,0.081680,0.085395,0.075498,0.081237,0.082199,0.076166,0.076433,0.075800,0.072978,0.070613,0.071172,0.068883,0.067436,0.063324,0.056620,0.050345,0.044518,0.037346,0.025836,0.019912,
0.074906,0.078074,0.080793,0.085070,0.073130,0.071200,0.075764,0.076134,0.075542,0.077193,0.076088,0.071422,0.071350,0.070515,0.065783,0.058548,0.055973,0.049674,0.038899,0.033901,0.023126,
nan,0.101751,0.078558,0.093629,0.076590,0.064953,0.084873,0.085509,0.063602,0.073780,0.079306,0.062927,0.065717,0.068323,0.072836,0.083485,0.061043,0.058204,0.040892,0.033368,0.026942,
nan,0.178702,0.164550,0.179616,0.166169,0.146710,0.135753,0.129790,0.114515,0.103821,0.086076,0.078172,0.063454,0.054430,0.040803,0.034323,0.024591,0.022996,0.011373,0.006349,nan,
0.191178,0.196248,0.177066,0.175472,0.161994,0.156494,0.148345,0.137399,0.127353,0.113127,0.096457,0.086695,0.073888,0.060533,0.051247,0.037742,0.030012,0.022524,0.012965,0.007206,0.004349,
0.172822,0.179525,0.174823,0.169790,0.163609,0.154804,0.144558,0.132457,0.122622,0.110466,0.097349,0.085833,0.072569,0.060400,0.048022,0.038505,0.028953,0.020034,0.014339,0.008016,0.004155,
0.156444,0.168008,0.161195,nan,0.153790,0.145979,0.137042,0.129008,0.115771,0.105124,0.095849,0.082300,0.070125,0.057788,0.046812,0.037389,0.029802,0.021256,0.012813,0.007990,0.004471,
0.165545,0.150432,0.157343,0.150206,0.146643,0.144610,0.130445,0.121852,0.110338,0.101282,0.088649,0.079073,0.068673,0.056471,0.045333,0.035660,0.026781,0.020518,0.013214,0.007902,0.005198,
0.142161,0.137051,0.142503,0.134608,0.127428,nan,0.121913,0.114253,0.107005,0.098592,0.086172,0.074952,0.064410,0.054688,0.044273,0.034236,0.026171,0.018969,0.012390,0.007505,0.005187,
0.116147,0.127211,0.125018,0.122345,0.123491,0.118104,0.111961,0.107919,0.097538,0.089251,0.080017,0.072504,0.063364,0.053268,0.044236,0.035428,0.027700,0.019221,0.013139,0.007473,0.004753,
0.112494,0.115555,0.112800,0.109158,0.108990,0.103623,0.105226,0.102946,0.090503,0.083584,0.075664,0.066446,0.058107,0.051001,0.043673,0.036494,0.026983,0.020494,0.013419,0.008059,0.004707,
0.099347,0.102112,0.100723,0.096265,0.095753,0.096718,0.091343,0.085731,0.082685,0.077730,0.069233,0.066802,0.057646,0.048923,0.041137,0.035737,0.028333,0.020612,0.014547,0.008527,0.005285,
0.087072,0.090456,0.090287,0.088630,0.086014,0.088486,0.084742,0.081445,0.078089,0.072985,0.065287,0.062315,0.054528,0.049723,0.042255,0.034425,0.027892,0.021418,0.015707,0.009678,0.005881,
0.084936,0.080158,0.080437,0.082640,0.080379,0.080168,0.079226,0.078303,0.072099,0.069279,0.066666,0.062238,0.057540,0.049667,0.043754,0.038352,0.031133,0.022156,0.015399,0.010287,0.006934,
0.065930,0.074217,0.077175,0.080119,0.079271,0.076843,0.078782,0.073504,0.075274,0.070059,0.066066,0.062513,0.057015,0.051437,0.047029,0.039646,0.033547,0.025679,0.017648,0.011001,0.007429,
0.066332,0.073207,0.074526,0.079797,0.076982,0.076395,0.074767,0.073791,0.073438,0.068531,0.066290,0.064301,0.059121,0.057716,0.049555,0.043248,0.034205,0.028068,0.021505,0.014204,0.007566,
0.093693,0.078192,0.076516,0.075998,0.076618,0.076284,0.073726,0.074788,0.074798,0.070516,0.067982,0.067353,0.063612,0.057264,0.051531,0.046042,0.039781,0.031459,0.021788,0.015669,0.010488,
0.063291,0.072047,0.080761,0.073742,0.077942,0.072939,0.075248,0.075730,0.075964,0.070619,0.069732,0.066946,0.067223,0.058959,0.056417,0.049831,0.043456,0.034577,0.027468,0.018118,0.013185,
0.063267,0.073691,0.083467,0.081543,0.074197,0.077726,0.074707,0.079009,0.074991,0.074746,0.071807,0.071045,0.067653,0.063836,0.059364,0.051473,0.048979,0.042618,0.031766,0.023709,0.015686,
0.081379,0.073984,0.083541,0.076220,0.079676,0.075324,0.074177,0.072176,0.080644,0.075991,0.073080,0.071701,0.070341,0.064345,0.061740,0.059175,0.051498,0.044801,0.037924,0.026909,0.020930,
0.072702,0.079724,0.068417,0.074692,0.078740,0.080741,0.081504,0.078636,0.075893,0.075874,0.072258,0.071762,0.075953,0.067894,0.064115,0.060478,0.059821,0.050880,0.044551,0.033804,0.025131,
nan,nan,nan,0.070991,0.061825,0.074578,0.076971,0.073636,0.079957,0.072170,0.074409,0.075485,0.081410,0.061838,0.070474,0.066752,0.064582,0.059971,0.037801,0.037808,0.029326,
nan,0.189455,0.178437,0.162735,0.179858,0.157766,0.146100,0.123809,0.122616,0.107094,0.093267,0.074819,0.062689,0.053258,0.048168,0.034921,0.026160,0.019322,0.011936,0.006912,nan,
0.173055,0.177525,0.179647,0.170187,0.161584,0.159190,0.149428,0.135479,0.125921,0.112892,0.101993,0.087912,0.076933,0.060637,0.049147,0.039625,0.028872,0.019744,0.015668,0.007259,0.004277,
0.182401,0.175235,0.170996,0.167421,0.166578,0.153753,0.145872,0.134898,0.125522,0.108668,0.098024,0.090014,0.072533,0.058807,0.048751,0.037336,0.029023,0.020151,0.013572,0.007917,0.004521,
0.177351,0.166277,0.167576,0.171294,0.157061,0.144919,0.139125,0.130348,0.117072,0.109943,0.094679,0.083560,0.069480,0.058854,0.048096,0.038177,0.026599,0.019255,0.014696,0.007971,0.004617,
0.157213,0.156955,0.155598,0.150275,0.143641,0.142562,0.131761,0.120054,0.113151,0.101489,0.092383,0.080511,0.067885,0.055135,0.045841,0.036556,0.028853,0.019455,0.012846,0.007729,0.004201,
0.136109,0.144093,0.141928,0.135732,0.138009,0.131751,0.120298,0.115873,0.106287,0.095538,0.085604,0.075485,0.066509,0.055070,0.044742,0.035086,0.027055,0.019624,0.013274,0.007686,0.005200,
0.114243,0.127217,0.127577,0.124534,0.120026,0.114029,nan,0.104221,0.098434,0.090461,0.081643,0.071891,0.062116,0.052332,0.045062,0.034982,0.026511,0.019863,0.012719,0.007720,0.004922,
0.114818,0.110980,0.111344,0.111896,0.106449,0.108149,0.100511,0.096829,0.091003,0.083642,0.075226,0.070908,0.060761,0.050755,0.043235,0.035511,0.027405,0.019579,0.013467,0.008116,0.005357,
0.103097,0.096242,0.100340,0.098539,0.097178,0.094297,0.093722,0.089664,0.084451,0.076084,0.072800,0.063921,0.058145,0.051759,0.043548,0.036578,0.027722,0.020302,0.013763,0.008403,0.005116,
0.086213,0.090605,0.088822,0.087941,0.086701,0.083959,0.085211,0.081862,0.077130,0.066984,0.067988,0.064889,0.056215,0.048757,0.042580,0.036963,0.029048,0.021383,0.015375,0.009223,0.006096,
0.083599,0.087659,0.083906,0.081183,0.081422,0.079153,0.080930,0.076404,0.075947,0.070729,0.067578,0.062979,0.057264,0.051311,0.044144,0.037004,0.030920,0.024171,0.017088,0.010680,0.006436,
0.076002,0.076367,0.081141,0.080485,0.076836,0.076815,0.076303,0.075991,0.074185,0.069435,0.067479,0.063490,0.059415,0.052720,0.047958,0.041269,0.033674,0.024951,0.018323,0.012455,0.007828,
0.070899,0.075539,0.076672,0.076092,0.078576,0.075709,0.076800,0.074571,0.075502,0.069457,0.066418,0.065465,0.061397,0.055785,0.050636,0.043584,0.035704,0.028374,0.020477,0.013251,0.009795,
0.068182,0.072587,0.075405,0.074692,0.076994,0.078328,0.077525,0.076091,0.073455,0.071970,0.069423,0.066504,0.065249,0.058854,0.053383,0.047361,0.038913,0.031926,0.024361,0.016348,0.011783,
0.070253,0.077195,0.077007,0.076747,0.079027,0.075147,0.075170,0.075252,0.073866,0.072658,0.072343,0.068988,0.065817,0.060267,0.057604,0.051556,0.044444,0.037222,0.028402,0.019347,0.014125,
0.071854,0.076293,0.087518,0.079522,0.078261,0.078983,0.074406,0.079331,0.078400,0.073760,0.074547,0.071840,0.067213,0.064807,0.061374,0.054478,0.049446,0.042316,0.031821,0.023961,0.017237,
0.081615,0.077763,0.081250,0.071077,0.078908,0.078595,0.074317,0.078677,0.075853,0.076201,0.071709,0.071992,0.069293,0.068538,0.062973,0.061869,0.054379,0.047285,0.040610,0.030444,0.023497,
0.096697,0.100560,0.081395,0.077271,0.085453,0.075765,0.071625,0.077297,0.079153,0.072648,0.069273,0.077430,0.069320,0.068699,0.070275,0.063183,0.059983,0.052378,0.045342,0.036395,0.026654,
nan,nan,nan,0.097917,0.101093,0.077396,0.095470,0.055074,0.072809,0.067378,0.073820,0.083219,0.077448,0.069832,0.074896,0.063853,0.062513,0.072389,0.058027,0.039115,0.027995,
nan,0.175169,0.169166,0.175554,0.164428,0.161322,0.144412,0.129901,0.120569,0.111126,0.087740,0.080840,0.071301,0.054749,0.046347,0.043880,0.025244,0.016677,0.010006,0.006393,nan,
0.183556,0.183235,0.174895,0.168833,0.166242,0.159750,0.147105,0.138163,0.127904,0.121705,0.099784,0.085997,0.071709,0.058847,0.050871,0.040798,0.027960,0.019323,0.013814,0.007333,0.005076,
0.170456,0.177473,0.173602,0.169837,0.162781,0.153509,0.144942,0.132144,0.122324,0.111168,0.097140,0.083856,0.070490,0.061859,0.046486,0.037231,0.027809,0.021231,0.013382,0.007289,0.004200,
0.164489,0.165839,0.167647,0.164340,0.153266,0.148062,0.143104,0.129406,0.117949,0.106888,0.093232,0.081470,0.069147,0.057599,0.047583,0.036941,0.029194,0.020005,0.014329,0.007624,0.004940,
0.157749,0.152838,0.156147,0.146981,nan,0.138029,0.132645,0.122529,0.110759,0.102379,0.091262,0.079777,0.068572,0.056515,0.046247,0.035937,0.028053,0.020578,0.013167,0.007793,0.004736,
0.151037,0.138671,0.145789,0.139436,0.132190,0.127601,0.123868,0.112962,0.105537,0.097140,0.085938,0.076557,0.065667,0.055098,0.044420,0.035100,0.027736,0.019859,0.012793,0.007615,0.004507,
0.122373,0.126627,0.128219,0.127935,0.121187,0.120448,0.113401,0.106590,0.099018,0.090764,0.081254,0.071718,0.063159,0.052857,0.043565,0.034274,0.027584,0.020273,0.012927,0.007987,0.005067,
0.104188,0.111477,0.112860,0.113355,0.109125,0.105650,0.105241,0.100639,0.090344,0.086497,0.076341,0.067546,0.059968,0.051725,0.044466,0.035662,0.027320,0.020173,0.013207,0.008303,0.005252,
0.093942,0.099648,0.098945,0.100261,0.096728,0.095247,0.093224,0.086257,0.079315,0.078693,0.074304,0.067643,0.057987,0.049239,0.043431,0.035160,0.028451,0.020531,0.014600,0.009120,0.005829,
0.080313,0.088347,0.088736,0.091216,0.088974,0.087102,0.084693,0.084044,0.079454,0.073875,0.069535,0.062530,0.058148,0.052308,0.043897,0.037470,0.028523,0.021097,0.015030,0.009332,0.006367,
0.081057,0.083761,0.084842,0.084353,0.082554,0.082447,0.079584,0.078377,0.076382,0.071461,0.068616,0.064895,0.057441,0.051808,0.046167,0.038610,0.031123,0.023297,0.016401,0.010205,0.007259,
0.086805,0.080008,0.078992,0.082918,0.077972,0.078718,0.078076,0.076951,0.073044,0.070240,0.068995,0.064660,0.060243,0.053920,0.047465,0.041807,0.034333,0.026160,0.018619,0.011866,0.007779,
0.068152,0.071122,0.079442,0.080800,0.076803,0.075394,0.077597,0.075549,0.073838,0.071667,0.068649,0.065114,0.063484,0.056516,0.052228,0.044049,0.037933,0.030175,0.021203,0.014259,0.008830,
0.070085,0.076901,0.081810,0.078485,0.077264,0.075910,0.075453,0.076640,0.074215,0.073939,0.070272,0.068659,0.065427,0.059425,0.054023,0.049154,0.039628,0.032372,0.024641,0.016621,0.010831,
0.075644,0.076066,0.078483,0.077512,0.074940,0.077444,0.076060,0.077041,0.077062,0.075054,0.072022,0.070693,0.066161,0.062378,0.058870,0.053269,0.045463,0.036280,0.028018,0.021088,0.014905,
0.068730,0.072402,0.076917,0.071153,0.076809,0.081657,0.076111,0.075532,0.076127,0.079331,0.073048,0.072124,0.070578,0.066367,0.062181,0.056796,0.050630,0.043660,0.034563,0.024198,0.018431,
0.086697,0.083642,0.073991,0.074600,0.077494,0.080286,0.075519,0.079142,0.079882,0.077678,0.075015,0.071878,0.072379,0.068286,0.065535,0.063181,0.056443,0.048423,0.041315,0.029915,0.024539,
nan,0.101285,0.089586,0.082490,0.088315,0.076775,0.078728,0.077432,0.077019,0.074673,0.080020,0.074343,0.074043,0.070179,0.070560,0.066354,0.060506,0.056239,0.047557,0.038950,0.030028,
nan,nan,0.086964,nan,0.059440,0.084009,0.101227,0.075308,0.077681,0.087138,0.092872,0.069654,0.076737,0.066312,0.069259,0.068358,0.053698,0.055660,0.048544,0.046304,0.032642,
nan,0.177575,0.174621,0.166909,0.164949,0.159843,0.157154,0.138267,0.110037,0.099854,0.091075,0.088438,0.064422,0.059789,0.039996,0.037489,0.030266,0.019301,0.022175,0.007493,nan,
0.183172,0.163545,0.174988,0.170984,0.161958,0.155505,0.143934,0.136521,0.122455,0.117377,0.092816,0.084445,0.072118,0.058898,0.050565,0.037896,0.025528,0.018607,0.012026,0.007307,0.004717,
0.164723,0.175650,0.170657,0.169167,0.162540,0.156618,0.143814,0.133240,0.123509,0.109913,0.096324,0.088403,0.072391,0.060763,0.048964,0.035978,0.030110,0.021551,0.013374,0.006989,0.004365,
0.155446,0.169614,0.167480,0.158080,0.156533,0.149442,0.138627,0.129801,0.119782,0.105327,0.095156,0.085288,0.070767,0.057281,0.047332,0.036793,0.026823,0.019659,0.012973,0.007517,0.004564,
0.158157,0.151951,0.156885,0.153646,0.147557,0.141267,0.132260,0.122320,0.111012,0.104687,0.091990,0.079318,0.065371,0.057133,0.046762,0.036496,0.028255,0.019458,0.013892,0.007422,0.004686,
0.129233,0.137946,0.139437,0.140153,0.135675,0.139056,0.121790,0.115304,0.106255,0.096600,0.087391,0.076622,0.066372,0.054991,0.045404,0.035836,0.027491,0.020299,0.012958,0.007971,0.004898,
0.119886,0.122597,0.127559,0.125993,0.122254,0.117216,nan,0.106221,0.100164,0.091224,0.082201,0.074163,0.063088,0.054011,0.043741,0.034458,0.028184,0.020515,0.012923,0.007885,0.004960,
0.109384,0.109600,0.112983,0.112951,0.109442,0.107923,0.102847,0.096803,0.091211,0.084332,0.077066,0.068945,0.060823,0.052341,0.042667,0.034357,0.028305,0.020719,0.013640,0.008555,0.005157,
0.091675,0.100477,0.101443,0.099374,0.097248,0.096399,0.092939,0.090577,0.085634,0.079678,0.072973,0.066500,0.058233,0.051794,0.043494,0.035506,0.028055,0.021156,0.013689,0.008984,0.005383,
0.091870,0.092328,0.093369,0.089321,0.086921,0.087397,0.085389,0.082419,0.080508,0.075455,0.070935,0.065601,0.057367,0.050735,0.044217,0.036608,0.029758,0.022809,0.015353,0.009974,0.006247,
0.086598,0.085447,0.088589,0.082677,0.081440,0.081488,0.079552,0.078851,0.075508,0.072339,0.070333,0.062614,0.059110,0.053051,0.046043,0.038550,0.031263,0.023762,0.017036,0.011199,0.006997,
0.066029,0.086559,0.082267,0.078742,0.080900,0.079396,0.077662,0.076567,0.076854,0.071915,0.069529,0.067034,0.059747,0.055443,0.048959,0.040445,0.034351,0.026321,0.019041,0.012381,0.008297,
0.076020,0.078412,0.082434,0.077115,0.077904,0.077955,0.078012,0.075121,0.074364,0.073140,0.070700,0.066823,0.062887,0.058267,0.052785,0.045359,0.037160,0.029513,0.021284,0.014716,0.009644,
0.072277,0.074927,0.083232,0.073750,0.076724,0.078097,0.077115,0.074989,0.075246,0.074120,0.072381,0.070002,0.065166,0.061299,0.055086,0.050587,0.042563,0.034138,0.024528,0.016688,0.012717,
nan,0.074363,0.079903,0.076229,0.080780,0.074543,0.078532,0.073342,0.074274,0.076097,0.075056,0.071105,0.068572,0.065499,0.059898,0.053752,0.047063,0.037637,0.029108,0.020804,0.014339,
0.087250,0.083442,0.075418,0.081335,0.076496,0.075500,0.078469,0.080638,0.076547,0.074009,0.076105,0.073957,0.069841,0.067064,0.066178,0.058733,0.052206,0.041933,0.035352,0.025474,0.017571,
nan,0.082353,0.081730,0.075085,0.073448,0.077914,0.072445,0.075397,0.072696,0.077851,0.077107,0.078611,0.072835,0.069840,0.068910,0.062699,0.057654,0.050207,0.040987,0.032361,0.023330,
0.104879,0.102903,0.080623,0.079802,0.077536,0.079438,0.080285,0.085069,0.081291,0.078829,0.076598,0.079582,0.078391,0.074335,0.067683,0.069916,0.062754,0.055411,0.048157,0.036524,0.032042,
nan,nan,nan,0.074469,0.084636,0.085634,0.064871,0.092758,0.069302,0.082237,0.068409,0.064573,0.073108,0.068328,0.065724,0.068207,0.061870,0.065464,0.055549,0.048421,0.035991,
nan,0.173534,0.160256,0.156155,0.160160,0.147971,0.153360,0.130196,0.105329,0.105501,0.084131,0.093261,0.069920,0.054307,0.047188,0.048084,0.026270,0.016666,0.011060,0.006213,nan,
0.173448,0.175685,0.178429,0.173956,0.166773,0.151922,0.154637,0.131846,0.122989,0.111097,0.098744,0.083309,0.076043,0.059211,0.046707,0.035388,0.027208,0.019455,0.013429,0.006879,0.004141,
0.165102,0.178816,0.175846,0.168602,0.159988,0.153290,0.143243,0.133968,0.123484,0.113188,0.097432,0.085922,0.071385,0.058661,0.049425,0.039172,0.027107,0.018981,0.013787,0.006761,0.004482,
0.164024,0.165313,0.166773,0.160146,0.156759,0.147774,0.137135,0.129038,0.118987,0.107275,0.093625,0.084544,0.071812,0.059219,0.048082,0.036169,0.029338,0.020440,0.012843,0.007418,0.004253,
0.140952,0.155170,0.155937,0.152912,0.147141,0.142211,0.134121,0.124045,0.114272,0.102798,0.090655,0.080354,0.068564,0.056120,0.045991,0.035568,0.026652,0.019591,0.012586,0.007303,0.004348,
0.136798,0.141937,0.143676,0.139523,0.135690,0.131058,0.124825,0.115180,0.105032,0.099102,0.086029,0.076002,0.064272,0.054128,0.045120,0.035644,0.027598,0.018934,0.013079,0.007559,0.004564,
0.121494,0.126686,0.128588,0.124551,0.124322,0.121178,0.114745,0.107039,0.099592,0.092072,0.082240,0.072280,0.062513,0.052409,0.044086,0.035916,0.027164,0.019605,0.013255,0.008187,0.004940,
0.097565,0.112821,0.111981,0.110154,0.109968,0.107860,0.105002,0.098958,0.093629,0.086569,0.078489,0.070373,0.060534,0.052524,0.042845,0.035830,0.027978,0.021095,0.013584,0.008210,0.005203,
0.092748,0.097689,0.097064,0.097585,0.096656,0.097320,0.092976,0.091026,0.088207,0.080583,0.073185,0.066322,0.058892,0.051852,0.043818,0.036466,0.029049,0.021476,0.014677,0.008823,0.005376,
0.087590,0.085633,0.088944,0.086913,0.087971,0.086963,0.084610,0.084342,0.079374,0.073388,0.071393,0.066048,0.058910,0.053024,0.045092,0.036700,0.029561,0.022506,0.015927,0.009845,0.006137,
0.082475,0.081382,0.083141,0.080966,0.081548,0.079615,0.080392,0.077957,0.079362,0.073595,0.068781,0.065900,0.059337,0.053131,0.046591,0.039141,0.031709,0.024147,0.017232,0.010543,0.007105,
0.082437,0.081502,0.080567,0.079368,0.077341,0.075029,0.077344,0.076685,0.076372,0.073840,0.070744,0.065640,0.062186,0.055289,0.050357,0.041679,0.034143,0.027032,0.019568,0.012726,0.008182,
0.068275,0.086089,0.076238,0.077369,0.075530,0.075231,0.077718,0.075791,0.075718,0.075119,0.071209,0.068123,0.063680,0.059872,0.052177,0.045758,0.038604,0.030397,0.022235,0.015006,0.010132,
0.061887,0.083090,0.077675,0.077111,0.076455,0.074124,0.078035,0.074521,0.075345,0.075460,0.072419,0.070786,0.067592,0.063327,0.057251,0.049593,0.042184,0.034048,0.025324,0.017180,0.012458,
0.072054,0.079831,0.082314,0.076419,0.077117,0.076386,0.077704,0.075343,0.075900,0.074415,0.075001,0.072100,0.068642,0.066326,0.061985,0.055410,0.047548,0.038492,0.030734,0.022021,0.014804,
0.090744,0.072597,0.082102,0.079734,0.078258,0.075953,0.077293,0.079125,0.075030,0.078537,0.074430,0.074354,0.071123,0.068231,0.066374,0.060104,0.053738,0.043590,0.034549,0.025885,0.021245,
0.114146,0.087034,0.077018,0.083953,0.079001,0.079378,0.080728,0.080166,0.079709,0.074079,0.073267,0.075457,0.071646,0.070922,0.066933,0.063394,0.058656,0.050876,0.040206,0.032231,0.026514,
0.076350,0.083484,0.080954,0.077449,0.079029,0.079076,0.077884,0.077162,0.076460,0.074285,0.079489,0.078322,0.075977,0.071747,0.073162,0.066572,0.064124,0.058232,0.049964,0.038645,0.033055,
nan,nan,nan,0.070939,0.066307,0.053306,0.078911,0.078059,0.062595,0.066063,0.084358,0.078320,0.078004,0.064711,0.073151,0.069366,0.071806,0.060102,0.056305,0.045675,0.039038,
nan,0.183476,0.181317,0.164465,0.186392,0.159253,0.138833,0.123946,0.114133,0.097911,0.094070,0.086698,0.062986,0.044912,0.047398,0.027489,0.021108,0.016382,0.010132,0.005544,nan,
0.169809,nan,0.174309,0.170007,0.168842,0.157838,0.146180,0.133731,0.123306,0.107712,0.096527,0.085461,0.074632,0.060937,0.043898,0.038944,0.028005,0.021646,0.014088,0.006992,0.004051,
0.179962,0.175753,0.171508,0.168868,0.161321,0.152497,0.145903,0.131587,0.124187,0.112078,0.096421,0.082547,0.074237,0.058706,0.048060,0.037125,0.028212,0.019393,0.013391,0.007380,0.004595,
0.160286,0.163699,0.163780,0.152200,0.156620,0.149692,0.139652,0.128537,0.121369,0.107514,0.093790,0.084364,0.069039,0.057566,0.048307,0.037434,0.027729,0.019495,0.013560,0.007062,0.004561,
0.150514,0.153904,0.149862,0.151561,0.144710,0.141393,0.130527,0.122052,0.113359,0.103608,0.088952,0.082267,0.069078,0.055993,0.046962,0.036552,0.027674,0.020103,0.012947,0.007395,0.004987,
0.141268,0.141689,0.139272,0.137914,0.137556,0.131553,0.124541,0.115343,0.107979,0.096783,0.085973,0.078545,0.066508,0.054628,0.045127,0.035622,0.027306,0.020674,0.012685,0.007421,0.004842,
0.115987,0.125122,0.126608,0.124071,0.122253,0.120232,0.114840,0.107707,0.099569,0.091774,0.081566,0.073222,0.062643,0.052676,0.044719,0.035571,0.027722,0.019981,0.013103,0.007738,0.004863,
0.101747,0.109860,0.112876,0.111197,0.111239,0.107620,0.104959,0.100221,0.093504,0.086426,0.077640,0.069614,0.060448,0.050975,0.044116,0.036012,0.027526,0.019689,0.013767,0.008293,0.005105,
0.093095,0.097612,0.101166,0.098606,0.097974,0.095592,0.094150,0.091990,0.086436,0.081592,0.074433,0.066863,0.059012,0.050591,0.043562,0.036283,0.027982,0.020910,0.014566,0.008769,0.005381,
0.091895,0.088773,0.090181,0.088618,0.087974,0.085625,0.086653,0.084133,0.082006,0.077110,0.072385,0.065631,0.058215,0.051012,0.044911,0.037873,0.029790,0.022474,0.015828,0.009728,0.006249,
0.073679,0.079789,0.083878,0.082495,0.080553,0.078572,0.081553,0.079806,0.077199,0.075575,0.071731,0.067141,0.060126,0.053548,0.047158,0.039668,0.031725,0.024664,0.017386,0.010869,0.007111,
0.095227,0.075252,0.077531,0.078656,0.077418,0.076885,0.078146,0.076601,0.075625,0.074183,0.071444,0.067959,0.063503,0.056850,0.049590,0.042286,0.035086,0.027359,0.020011,0.012412,0.008329,
0.083297,0.072157,0.077440,0.076832,0.078060,0.077238,0.075409,0.075848,0.075114,0.072531,0.072276,0.069878,0.065666,0.060840,0.054217,0.046641,0.038448,0.029903,0.022730,0.015053,0.009579,
0.063989,0.071855,0.076667,0.073965,0.074840,0.075604,0.074608,0.077080,0.074261,0.073601,0.074873,0.071367,0.067729,0.064697,0.058932,0.051823,0.043448,0.034289,0.026365,0.017886,0.011521,
0.072038,0.077246,0.074287,0.075669,0.076684,0.077636,0.076263,0.076881,0.074693,0.076807,0.074800,0.073332,0.069374,0.066782,0.063596,0.057260,0.049122,0.039415,0.030261,0.021223,0.014249,
0.099585,0.076968,0.078602,0.078675,0.072573,0.077079,0.080816,0.076437,0.076300,0.076042,0.073748,0.075428,0.071702,0.070424,0.065760,0.061501,0.055342,0.045725,0.036041,0.026613,0.020757,
0.065473,0.070914,0.079834,0.082626,0.081881,0.080981,0.077855,0.077404,0.077364,0.075357,0.079648,0.075958,0.076148,0.072172,0.069613,0.064023,0.060381,0.053134,0.042571,0.032929,0.024948,
nan,0.079792,0.075938,0.085343,0.076359,0.072259,0.081986,0.085187,0.076002,0.074376,0.076207,0.075986,0.079311,0.073997,0.069806,0.069638,0.061935,0.058381,0.049352,0.041804,0.031819,
nan,nan,nan,nan,nan,0.074390,0.093016,0.082154,0.079613,0.070300,0.071171,0.074011,0.081817,0.069834,0.082296,0.075717,0.068140,0.060209,0.053507,0.044462,0.039029,
0.181045,0.180731,0.182752,0.165226,0.163738,0.151732,0.142273,0.133714,0.118483,0.103821,0.096776,0.081029,0.066510,0.054498,0.056397,0.039186,0.026641,0.017857,0.009890,0.005735,nan,
0.171211,0.182089,0.170124,0.163782,0.162184,0.158305,0.146574,0.129686,0.121716,0.112709,0.091486,0.087806,0.067927,0.058220,0.050268,0.038927,0.029707,0.019126,0.011654,0.009285,0.004797,
0.179172,0.175431,0.173922,0.168539,0.165538,0.156658,0.147372,0.130300,0.120984,0.108877,0.092268,0.087801,0.071913,0.060678,0.046343,0.038548,0.029489,0.019916,0.012033,0.007505,0.004475,
0.177001,0.164595,0.161710,0.163044,0.157747,0.148965,0.141834,0.127029,0.119199,0.105125,0.093697,0.083141,0.072126,0.061153,0.045773,0.037534,0.027899,0.019081,0.013247,0.007317,0.004301,
0.159788,0.149271,0.150887,0.150404,0.148377,0.141553,0.133245,0.121344,0.113061,0.100260,0.092462,0.078981,0.067425,0.059227,0.045172,0.037067,0.028314,0.018955,0.013135,0.007416,0.004365,
0.146804,0.134519,0.139661,0.135509,0.136317,0.132652,0.124160,0.114659,0.105757,0.097415,0.087342,0.075564,0.065098,0.057143,0.044647,0.035701,0.027938,0.018947,0.013551,0.008357,0.004604,
0.131246,0.120106,0.129493,0.123667,0.123578,0.121253,0.116005,0.108157,0.099507,0.091212,0.081774,0.073272,0.062273,0.053788,0.043943,0.033935,0.028184,0.020342,0.013395,0.008263,0.004840,
0.107654,0.106621,0.113970,0.111830,0.108311,0.106850,0.104249,0.100521,0.092682,0.085361,0.077442,0.070076,0.059976,0.051665,0.043377,0.034625,0.028199,0.020851,0.013757,0.008552,0.004946,
0.098444,0.098261,0.096580,0.101184,0.096393,0.096757,0.094815,0.091452,0.088068,0.081643,0.073943,0.067408,0.059460,0.051665,0.044381,0.035276,0.028653,0.022534,0.015231,0.008646,0.005448,
0.079041,0.090929,0.086264,0.091686,0.088729,0.089360,0.088506,0.083361,0.081017,0.079006,0.072682,0.065739,0.060040,0.051469,0.045942,0.035939,0.029913,0.023243,0.015709,0.009317,0.006678,
0.076841,0.084990,0.078445,0.082080,0.084601,0.083336,0.082693,0.079346,0.077358,0.075959,0.072994,0.066371,0.059763,0.053061,0.047079,0.037167,0.031504,0.024975,0.017543,0.010809,0.007480,
0.084225,0.081817,0.075660,0.080600,0.080601,0.079028,0.079022,0.078174,0.074914,0.073438,0.072752,0.069002,0.063096,0.056382,0.049664,0.042042,0.034450,0.026499,0.019558,0.012264,0.007628,
0.085695,0.072875,0.074891,0.079896,0.075378,0.075763,0.077276,0.078719,0.073592,0.074609,0.073377,0.068753,0.066684,0.060635,0.053834,0.046759,0.037309,0.029145,0.022618,0.014271,0.008917,
0.073887,0.075745,0.074669,0.080191,0.077757,0.078700,0.077375,0.079018,0.074452,0.074906,0.073618,0.069567,0.068344,0.065510,0.058781,0.050895,0.041144,0.033708,0.025662,0.017675,0.011289,
0.095973,0.072793,0.069888,0.076988,0.078032,0.076325,0.076306,0.079185,0.075298,0.076701,0.072919,0.072360,0.069618,0.067977,0.064083,0.057231,0.047518,0.039131,0.029814,0.022009,0.013886,
0.091279,0.071724,0.074148,0.081236,0.080449,0.077146,0.080498,0.080398,0.078564,0.077736,0.075788,0.076046,0.071026,0.070510,0.067373,0.063090,0.055150,0.044368,0.035950,0.027439,0.019487,
0.082962,0.078692,0.074662,0.066747,0.075232,0.079579,0.078742,0.076209,0.080177,0.078157,0.083382,0.074954,0.072029,0.073796,0.070793,0.065892,0.061465,0.053500,0.041665,0.031878,0.025775,
0.076460,0.070890,0.067438,0.079952,0.079231,0.075751,0.082318,0.084668,0.077670,0.071442,0.077461,0.075816,0.074850,0.068863,0.073576,0.068594,0.067423,0.061039,0.051613,0.041027,0.031808,
nan,nan,nan,nan,nan,nan,nan,nan,nan,nan,0.078186,0.082790,0.075801,0.074507,0.071355,0.067315,0.073469,0.071920,0.061521,0.053823,0.036672,
