0.147496,0.123144,0.122424,0.125995,0.116231,0.111549,0.104688,0.101002,0.094978,0.087799,0.075389,0.066885,0.055474,0.042957,0.035352,0.025439,0.016519,0.010192,0.006298,0.003593,0.002043,
0.129560,0.120877,0.120872,0.119672,0.114267,0.110791,0.104426,0.100129,0.092303,0.084397,0.072214,0.064365,0.054252,0.042999,0.031319,0.024617,0.015686,0.009601,0.005934,0.003715,0.002411,
0.128192,0.119170,0.118665,0.118032,0.114109,0.108461,0.103276,0.096104,0.089880,0.080352,0.070771,0.062340,0.052288,0.042117,0.030417,0.024005,0.015348,0.009834,0.006109,0.003855,0.002452,
0.125408,0.117010,0.116548,0.115044,0.111766,0.106453,0.100568,0.093758,0.087210,0.078827,0.069528,0.059959,0.049861,0.040618,0.030517,0.023535,0.015526,0.010456,0.006423,0.004356,0.002951,
0.121993,0.115866,0.113385,0.111315,0.107912,0.102493,0.096952,0.090821,0.084450,0.076879,0.067872,0.058899,0.048985,0.039695,0.030181,0.023305,0.016116,0.011015,0.007069,0.004994,0.003450,
0.116722,0.112035,0.109372,0.107220,0.103563,0.098444,0.093066,0.088113,0.080253,0.073589,0.065477,0.056771,0.047507,0.038741,0.029772,0.023100,0.016566,0.011695,0.008025,0.005746,0.003806,
0.111988,0.106110,0.103877,0.102577,0.098366,0.093466,0.088075,0.084198,0.076593,0.070191,0.062500,0.054439,0.046220,0.038154,0.029969,0.023357,0.017676,0.012954,0.009388,0.006933,0.004560,
0.105706,0.100817,0.097816,0.096582,0.092801,0.088600,0.083294,0.079443,0.072542,0.066609,0.059424,0.052168,0.044736,0.037505,0.030302,0.024156,0.019131,0.014715,0.011301,0.008591,0.005811,
0.098071,0.095253,0.090943,0.090137,0.086960,0.083114,0.078328,0.074555,0.068280,0.062878,0.056264,0.050020,0.043146,0.036784,0.030826,0.025494,0.021184,0.017442,0.013898,0.010473,0.007331,
0.090200,0.088932,0.084867,0.083799,0.081082,0.077493,0.073330,0.069688,0.063933,0.059409,0.053500,0.048329,0.042273,0.036963,0.032178,0.028158,0.024441,0.021631,0.018091,0.013682,0.009410,
0.082816,0.081258,0.078227,0.077184,0.075217,0.071916,0.068331,0.065164,0.060116,0.056123,0.051382,0.047243,0.042331,0.038364,0.034933,0.032150,0.030127,0.027702,0.024510,0.018200,0.012398,
0.075955,0.074298,0.071824,0.070452,0.068851,0.066198,0.063404,0.060535,0.056547,0.053470,0.049865,0.046955,0.043371,0.041338,0.039515,0.038783,0.038420,0.037593,0.033587,0.026129,0.016757,
0.067898,0.066242,0.065319,0.063884,0.062498,0.060353,0.058500,0.056179,0.053632,0.051546,0.049315,0.047955,0.045951,0.046546,0.047211,0.048589,0.051486,0.051695,0.048623,0.035805,0.022590,
0.061032,0.059295,0.058681,0.057524,0.056347,0.054615,0.053679,0.052378,0.050835,0.050240,0.049583,0.050644,0.050714,0.054776,0.058662,0.064591,0.070733,0.075843,0.070305,0.051904,0.029900,
0.054254,0.051162,0.050317,0.050396,0.049559,0.048910,0.048609,0.048870,0.048687,0.050019,0.052006,0.055694,0.060015,0.067289,0.078122,0.088814,0.104674,0.110141,0.104929,0.069492,0.031205,
0.042654,0.043261,0.042322,0.042733,0.042874,0.043248,0.044036,0.046729,0.049153,0.052624,0.057311,0.065221,0.075630,0.090308,0.106745,0.133043,0.156211,0.171163,0.151111,0.083622,0.023767,
0.035132,0.033215,0.033845,0.034409,0.036680,0.039550,0.041208,0.044665,0.050967,0.057666,0.067483,0.081009,0.100292,0.122179,0.158503,0.196404,0.238327,0.244382,0.176166,0.070533,0.010267,
0.024895,0.026967,0.028315,0.030654,0.032491,0.036409,0.040714,0.050380,0.056425,0.069529,0.084173,0.105579,0.134743,0.176069,0.225443,0.289866,0.326935,0.275525,0.147355,0.016582,0.006564,
nan,nan,nan,nan,nan,nan,nan,nan,nan,nan,0.106311,0.143208,0.183554,0.241653,0.315609,0.360731,0.351416,0.183437,0.047948,0.009148,nan,
nan,nan,0.118094,0.120004,0.123141,0.112674,0.113353,0.102914,0.089648,0.088539,0.078814,0.066353,0.058172,0.045709,0.035432,0.025507,0.018754,0.010415,0.007367,0.003928,0.003015,
nan,0.126398,0.120622,0.119535,0.115320,0.110389,0.104271,0.097033,0.089541,0.080924,0.072552,0.061945,0.052354,0.042498,0.031962,0.023427,0.015341,0.009751,0.005629,0.003491,0.002376,
0.124857,0.124409,0.119681,0.119242,0.113250,0.109540,0.102690,0.096142,0.087390,0.080279,0.070808,0.061370,0.050686,0.041524,0.031668,0.022507,0.015285,0.009633,0.005688,0.003763,0.002548,
0.118791,0.121588,0.119193,0.116201,0.111532,0.106463,0.101392,0.094041,0.086192,0.078226,0.069357,0.060549,0.050871,0.040586,0.031925,0.022804,0.015718,0.009732,0.006111,0.004254,0.002892,
0.117878,0.117144,0.115264,0.112349,0.108257,0.104445,0.098324,0.091351,0.083817,0.075947,0.066797,0.057942,0.049279,0.039587,0.031696,0.022975,0.016004,0.010400,0.006795,0.004841,0.003396,
0.113891,0.112430,0.110420,0.107493,0.103560,0.099730,0.093912,0.087088,0.080972,0.073116,0.064219,0.055763,0.047707,0.038613,0.031251,0.022899,0.016582,0.011299,0.007789,0.005597,0.003982,
0.113751,0.106967,0.105007,0.101978,0.098385,0.095044,0.089557,0.082893,0.077033,0.069501,0.061604,0.053810,0.046268,0.037872,0.030626,0.023057,0.017321,0.012505,0.009254,0.006618,0.004848,
0.105866,0.101034,0.098542,0.096195,0.092824,0.089641,0.084462,0.078606,0.073100,0.065770,0.058661,0.051559,0.044712,0.037354,0.030887,0.024148,0.018782,0.014637,0.011135,0.008207,0.005820,
0.094889,0.094237,0.091986,0.090334,0.087025,0.083948,0.078662,0.074034,0.068740,0.062276,0.055766,0.049383,0.043414,0.036938,0.031101,0.025368,0.021079,0.017273,0.014076,0.010418,0.007412,
0.088372,0.087116,0.085396,0.084039,0.081128,0.078247,0.073756,0.069319,0.064614,0.059088,0.053397,0.047631,0.042394,0.037134,0.032468,0.027768,0.024585,0.021383,0.017998,0.013611,0.009229,
0.081769,0.080764,0.078870,0.077559,0.075084,0.072462,0.068269,0.064519,0.060520,0.055783,0.051363,0.046668,0.042476,0.038426,0.035054,0.031754,0.029983,0.027071,0.023977,0.017790,0.012134,
0.075833,0.073612,0.072087,0.071052,0.068782,0.066722,0.063308,0.060361,0.057112,0.053405,0.049874,0.046442,0.043516,0.041077,0.039400,0.037903,0.037872,0.036464,0.032360,0.024991,0.015572,
0.067723,0.066334,0.064717,0.064282,0.062523,0.060996,0.058186,0.056088,0.053748,0.051309,0.049157,0.047114,0.046226,0.045678,0.046887,0.047961,0.050766,0.049854,0.047108,0.034723,0.021362,
0.061104,0.059369,0.057622,0.057404,0.056244,0.054957,0.053325,0.051734,0.050804,0.050189,0.049511,0.049946,0.051301,0.053675,0.057997,0.063922,0.069387,0.073540,0.067254,0.049121,0.026750,
0.051200,0.051364,0.049950,0.049894,0.049548,0.048968,0.048641,0.048063,0.048513,0.050291,0.051930,0.055137,0.060696,0.066025,0.077011,0.088134,0.101972,0.107901,0.100880,0.065281,0.029693,
0.044675,0.041719,0.041033,0.041950,0.042328,0.042828,0.043935,0.045782,0.048133,0.052239,0.056864,0.064918,0.073787,0.087434,0.104345,0.128520,0.150369,0.162684,0.137719,0.073664,0.027121,
0.033047,0.033106,0.034085,0.034286,0.036230,0.038562,0.040290,0.044537,0.051367,0.057853,0.067914,0.080595,0.097271,0.119647,0.153188,0.189399,0.224946,0.226884,0.159561,0.062962,0.012618,
nan,0.025496,0.029061,0.029559,0.030909,0.036196,0.041524,0.048085,0.055957,0.067357,0.082747,0.102493,0.128343,0.169715,0.216260,0.271733,0.301249,0.243786,0.137909,0.038162,0.008102,
nan,nan,nan,nan,0.035412,0.037568,0.046934,0.058121,0.067974,0.088847,0.106821,0.126057,0.173610,0.215791,0.278498,0.320504,0.313644,0.212886,0.096690,0.012940,0.006186,
nan,0.123169,0.124854,0.118736,0.118980,0.113728,0.102478,0.101990,0.091158,0.085444,0.078638,0.062931,0.057642,0.045995,0.031740,0.025785,0.019037,0.010320,0.007070,0.002947,0.002015,
0.124236,0.126390,0.123092,0.121560,0.115382,0.111197,0.104622,0.097489,0.087892,0.081596,0.073022,0.062337,0.051303,0.042489,0.031639,0.022645,0.015510,0.009404,0.005543,0.003430,0.002277,
0.121935,0.125380,0.121834,0.118850,0.115078,0.110430,0.105032,0.095902,0.089253,0.079875,0.070933,0.061288,0.052386,0.041133,0.032605,0.023364,0.015683,0.009399,0.005482,0.003873,0.002710,
0.121187,0.120956,0.118830,0.116512,0.111784,0.107406,0.100816,0.093615,0.087101,0.078326,0.068550,0.058780,0.050515,0.040715,0.031291,0.022607,0.015496,0.009821,0.006154,0.004139,0.003050,
0.122229,0.117148,0.115500,0.112551,0.107995,0.103841,0.097568,0.090644,0.084418,0.074948,0.066504,0.057970,0.049058,0.040533,0.031511,0.022560,0.015988,0.010245,0.006868,0.004702,0.003260,
0.113627,0.112563,0.110239,0.107777,0.103766,0.099778,0.093911,0.087066,0.080538,0.072533,0.064652,0.055623,0.047483,0.039359,0.030775,0.022629,0.016071,0.011349,0.007734,0.005528,0.003715,
0.106612,0.106586,0.105060,0.102373,0.098491,0.095146,0.089327,0.083289,0.076836,0.069854,0.061682,0.054085,0.045535,0.038044,0.030444,0.023225,0.017035,0.012632,0.009128,0.006578,0.004548,
0.106657,0.101245,0.098612,0.096347,0.092678,0.089636,0.083908,0.078575,0.072528,0.066096,0.059327,0.051727,0.044366,0.037226,0.030425,0.023920,0.018496,0.014358,0.010952,0.008162,0.005538,
0.098717,0.094996,0.092428,0.089905,0.086711,0.083854,0.079099,0.074055,0.068640,0.062378,0.056377,0.049978,0.043132,0.036650,0.030744,0.025451,0.020764,0.016954,0.013561,0.009999,0.006841,
0.090004,0.088122,0.085682,0.083620,0.080657,0.077918,0.073692,0.069254,0.064633,0.059087,0.053572,0.048120,0.042452,0.037044,0.031820,0.027783,0.024167,0.020829,0.017183,0.013131,0.008782,
0.082487,0.080905,0.079208,0.076870,0.074626,0.072157,0.068580,0.064887,0.060418,0.055644,0.051402,0.046983,0.042420,0.038172,0.034332,0.031376,0.029442,0.026568,0.022824,0.016917,0.010988,
0.074663,0.074242,0.071980,0.070051,0.068766,0.066656,0.063505,0.060437,0.056844,0.052989,0.049892,0.046522,0.043419,0.040529,0.038687,0.037756,0.036636,0.035528,0.030859,0.022965,0.014532,
0.068320,0.066365,0.064850,0.063504,0.062454,0.060798,0.058525,0.056358,0.053595,0.050806,0.048855,0.047260,0.046008,0.044882,0.045686,0.046485,0.048794,0.048163,0.043467,0.031095,0.017731,
0.059208,0.059369,0.057141,0.056912,0.056058,0.054754,0.053780,0.052284,0.050728,0.049420,0.048962,0.049670,0.050451,0.052468,0.056368,0.061746,0.066136,0.069559,0.061536,0.042036,0.022972,
0.052535,0.050187,0.049452,0.049586,0.049432,0.048791,0.048671,0.048279,0.048333,0.049180,0.051487,0.054317,0.058371,0.065009,0.074010,0.084131,0.095665,0.098007,0.086787,0.055525,0.025945,
0.043843,0.042248,0.041612,0.041362,0.042745,0.043564,0.044442,0.046055,0.048145,0.051531,0.056424,0.063360,0.072026,0.085489,0.099538,0.121505,0.135270,0.141233,0.116661,0.064141,0.021372,
nan,0.033353,0.033567,0.035015,0.035894,0.039177,0.041243,0.044934,0.049277,0.056007,0.065973,0.077468,0.094070,0.113930,0.144010,0.172572,0.192719,0.186606,0.130667,0.052923,0.011435,
0.026633,0.023846,0.028174,0.029514,0.034104,0.037031,0.041511,0.046876,0.053799,0.066217,0.079551,0.099238,0.122818,0.158298,0.195116,0.233074,0.248993,0.202669,0.111230,0.029987,0.007279,
nan,nan,nan,0.029819,0.034346,0.043791,0.038033,0.049861,0.062869,0.078187,0.090393,0.103523,0.141009,0.189017,0.232731,0.272913,0.248599,0.159894,0.074378,0.010950,0.006271,
nan,0.128330,0.123051,0.126041,0.111277,0.114149,0.107111,0.100401,0.092468,0.085350,0.072972,0.068561,0.056395,0.047058,0.035254,0.026500,0.017495,0.011019,0.006348,0.003204,0.001772,
0.119910,0.125522,0.123650,0.121013,0.115545,0.112820,0.105614,0.096135,0.090693,0.081883,0.072660,0.063216,0.053602,0.042671,0.032903,0.022728,0.015594,0.009218,0.005135,0.003612,0.002355,
0.122607,0.121155,0.122384,0.118909,0.114133,0.109719,0.103101,0.095992,0.089031,0.079859,0.070262,0.059839,0.051549,0.041195,0.031519,0.022252,0.015196,0.009247,0.005675,0.003755,0.002670,
0.121705,0.119444,0.118715,0.115878,0.111788,0.107796,0.100989,0.093671,0.085943,0.077334,0.068106,0.059553,0.049496,0.041156,0.031752,0.022473,0.015218,0.009520,0.005957,0.004090,0.002768,
0.118757,0.116608,0.113855,0.111393,0.107958,0.104207,0.097276,0.090711,0.083651,0.076052,0.066965,0.058318,0.048673,0.040135,0.030823,0.022554,0.015450,0.010525,0.006708,0.004666,0.003103,
0.119454,0.111753,0.109718,0.107032,0.103546,0.099465,0.093310,0.087904,0.081046,0.072492,0.064993,0.056369,0.047447,0.038650,0.030457,0.022800,0.016235,0.011102,0.007607,0.005392,0.003695,
0.109137,0.106886,0.104245,0.102101,0.098074,0.094744,0.088772,0.083463,0.076842,0.069232,0.062496,0.054599,0.046155,0.037601,0.029777,0.023025,0.017365,0.012295,0.008709,0.006369,0.004450,
0.105421,0.101258,0.098396,0.095722,0.092479,0.089534,0.084342,0.079257,0.073021,0.065524,0.059171,0.052252,0.044879,0.036826,0.029797,0.023811,0.018541,0.014078,0.010634,0.007695,0.005390,
0.097345,0.094229,0.092692,0.089169,0.087013,0.083576,0.079488,0.073960,0.068363,0.062448,0.056124,0.049692,0.043362,0.036576,0.030667,0.025005,0.020486,0.016550,0.013171,0.009627,0.006388,
0.092320,0.088038,0.086400,0.082762,0.080412,0.078010,0.074264,0.069450,0.064103,0.059103,0.053217,0.047957,0.042205,0.036306,0.031785,0.027220,0.023362,0.020314,0.016554,0.012088,0.007812,
0.085058,0.081012,0.079706,0.076687,0.074947,0.072131,0.068999,0.064670,0.060436,0.055947,0.051187,0.046822,0.041921,0.037404,0.034051,0.030795,0.027976,0.025527,0.021600,0.015893,0.009543,
0.077951,0.074274,0.072454,0.070803,0.068659,0.066473,0.064067,0.060092,0.056814,0.053402,0.049457,0.046167,0.042726,0.039977,0.037785,0.036256,0.035299,0.033220,0.028848,0.020782,0.012672,
0.067324,0.067539,0.065657,0.064242,0.062391,0.060513,0.058766,0.055993,0.053550,0.051025,0.048703,0.046592,0.044970,0.044486,0.043976,0.044700,0.045548,0.044494,0.038708,0.028522,0.016191,
0.062427,0.059508,0.058232,0.057223,0.056235,0.054614,0.053987,0.052010,0.050589,0.049774,0.048631,0.048876,0.049320,0.051620,0.054111,0.057766,0.060381,0.059604,0.053720,0.036417,0.019534,
0.054318,0.051251,0.049724,0.049417,0.049321,0.048104,0.048510,0.048481,0.048450,0.049209,0.050486,0.053292,0.056885,0.062252,0.069169,0.076544,0.082149,0.084094,0.071686,0.043393,0.019076,
0.043359,0.041007,0.041889,0.041623,0.042052,0.042991,0.044024,0.045606,0.047684,0.050594,0.054709,0.060914,0.069102,0.079325,0.091335,0.103471,0.113941,0.116044,0.090879,0.047965,0.018019,
0.033610,0.031893,0.033676,0.034363,0.036364,0.039275,0.040221,0.044701,0.048888,0.054698,0.062970,0.073287,0.086723,0.104129,0.120988,0.144308,0.156294,0.146654,0.095631,0.042383,0.009982,
nan,0.025382,0.027489,0.030426,0.031846,0.036453,0.039766,0.045879,0.054487,0.063590,0.074968,0.091660,0.111919,0.134043,0.162502,0.189880,0.196409,0.144745,0.084051,0.023409,0.006377,
nan,nan,0.026265,0.029886,0.034162,0.035289,0.043358,0.047106,0.055528,0.070054,0.086298,0.103017,0.130657,0.167806,0.205723,0.221883,0.183224,0.127726,0.053334,0.009276,0.003883,
nan,0.126151,0.116043,0.121508,0.113806,0.113634,0.103945,0.101290,0.089470,0.083694,0.074670,0.063370,0.052571,0.045431,0.035021,0.026514,0.018139,0.009176,0.005768,0.003627,0.002584,
0.124092,0.121981,0.124406,0.121900,0.117810,0.111109,0.106732,0.098040,0.091313,0.080183,0.071425,0.061695,0.053469,0.041783,0.032748,0.023605,0.015685,0.009254,0.005562,0.003611,0.002386,
0.119904,0.124269,0.120334,0.117361,0.114739,0.109144,0.103174,0.096320,0.088159,0.079267,0.069568,0.061205,0.050515,0.042028,0.031987,0.022890,0.015130,0.009096,0.005449,0.003650,0.002341,
0.118706,0.121628,0.117752,0.114303,0.110871,0.106932,0.100723,0.093323,0.086978,0.078488,0.069031,0.060341,0.049900,0.040365,0.031003,0.022509,0.014927,0.009777,0.005894,0.004046,0.002716,
0.115826,0.118558,0.115838,0.111795,0.108261,0.103452,0.097592,0.091128,0.084211,0.075240,0.067744,0.058490,0.049253,0.039055,0.030505,0.022736,0.015561,0.010170,0.006609,0.004571,0.003088,
0.111358,0.113120,0.111060,0.107024,0.103895,0.100025,0.094206,0.087282,0.080154,0.072780,0.065007,0.056685,0.047633,0.038490,0.030001,0.022540,0.016256,0.011023,0.007263,0.005223,0.003630,
0.109894,0.106285,0.105375,0.101584,0.098489,0.095365,0.089781,0.083791,0.076362,0.069559,0.061638,0.054297,0.045995,0.037450,0.029990,0.022965,0.017122,0.012137,0.008762,0.006128,0.004130,
0.101985,0.099989,0.098768,0.096014,0.093443,0.089481,0.085158,0.078814,0.072499,0.066690,0.058673,0.051829,0.044432,0.036504,0.030124,0.023574,0.018122,0.013762,0.010274,0.007367,0.004951,
0.100761,0.093743,0.091802,0.090319,0.087391,0.083854,0.079653,0.073958,0.068564,0.063212,0.056319,0.049626,0.043016,0.035841,0.030400,0.024561,0.019739,0.016094,0.012539,0.009152,0.005893,
0.090896,0.087468,0.085214,0.084039,0.081484,0.078100,0.073885,0.069151,0.064314,0.059583,0.053349,0.047788,0.041868,0.036268,0.031417,0.026619,0.022757,0.019328,0.015805,0.011646,0.007421,
0.083987,0.079825,0.078861,0.077617,0.075125,0.072498,0.068618,0.064540,0.060330,0.056068,0.051171,0.046572,0.041501,0.037269,0.033167,0.029790,0.026819,0.024041,0.020166,0.014896,0.009246,
0.074907,0.072641,0.072638,0.070892,0.069161,0.066400,0.063402,0.060111,0.056752,0.052938,0.049121,0.045923,0.042052,0.039140,0.036240,0.034434,0.032508,0.029930,0.026137,0.018447,0.011893,
0.068871,0.066510,0.065549,0.063870,0.062368,0.060685,0.058417,0.055717,0.053107,0.050707,0.048201,0.045837,0.043800,0.042427,0.041841,0.041654,0.040823,0.039336,0.034457,0.023223,0.013482,
0.059576,0.058812,0.057654,0.056756,0.055722,0.054417,0.053191,0.051425,0.050425,0.048720,0.047770,0.047270,0.047591,0.048189,0.049808,0.051366,0.054119,0.052831,0.045677,0.029447,0.015333,
0.051619,0.050056,0.049863,0.049187,0.048963,0.048240,0.047953,0.047343,0.047759,0.047860,0.049047,0.051192,0.053113,0.057240,0.062236,0.068092,0.072143,0.071435,0.058749,0.034592,0.015615,
0.042674,0.042724,0.041298,0.042011,0.042157,0.042632,0.043202,0.044775,0.046041,0.048582,0.052379,0.057642,0.063060,0.071436,0.081372,0.092033,0.097954,0.090476,0.067090,0.034352,0.014745,
0.036505,0.032271,0.033308,0.034867,0.036493,0.038595,0.040357,0.042881,0.046688,0.052595,0.059396,0.067672,0.077999,0.093406,0.108976,0.122035,0.122115,0.108191,0.070308,0.031653,0.008608,
0.023962,0.025063,0.027915,0.030340,0.033497,0.035430,0.038696,0.044160,0.049655,0.057696,0.070084,0.082745,0.101065,0.119931,0.142368,0.148150,0.143488,0.107337,0.061713,0.018401,0.006095,
nan,nan,0.025049,0.027159,0.028520,0.033389,0.037720,0.047896,0.052005,0.068176,0.081798,0.103327,0.122997,0.142057,0.150821,0.175357,0.127228,0.099467,0.039973,0.008319,0.004076,
nan,0.124935,0.123959,0.121582,0.116993,0.110794,0.102842,0.100075,0.090850,0.083120,0.076132,0.061498,0.055944,0.045550,0.034980,0.025530,0.016423,0.010657,0.006097,0.003717,0.002413,
0.121618,0.126812,0.121967,0.120145,0.117379,0.110623,0.105601,0.097598,0.089298,0.080097,0.071545,0.060993,0.051753,0.041979,0.032271,0.023012,0.015015,0.008723,0.004912,0.003377,0.002563,
0.124555,0.122483,0.121296,0.116921,0.113542,0.110348,0.103595,0.095322,0.088559,0.078480,0.070054,0.060066,0.050347,0.041501,0.031797,0.022146,0.014443,0.009112,0.005337,0.003576,0.002570,
0.120050,0.119501,0.119517,0.114696,0.111845,0.107804,0.100720,0.094354,0.086758,0.077396,0.069856,0.060270,0.049629,0.040051,0.030705,0.022332,0.014591,0.009573,0.005861,0.004063,0.002613,
0.118726,0.115695,0.114081,0.112008,0.107423,0.104552,0.098327,0.091601,0.083059,0.075639,0.067382,0.058507,0.049152,0.039470,0.030367,0.022413,0.015834,0.010127,0.006457,0.004471,0.002924,
0.114733,0.110279,0.109643,0.108292,0.104121,0.099999,0.094247,0.088317,0.080143,0.073262,0.064161,0.056414,0.047391,0.038347,0.030304,0.022661,0.016095,0.010963,0.007508,0.005042,0.003542,
0.104939,0.105717,0.104325,0.102496,0.099187,0.095172,0.089807,0.083608,0.077649,0.070846,0.061998,0.054037,0.045759,0.037332,0.030068,0.022809,0.016624,0.011902,0.008507,0.005927,0.004048,
0.100729,0.100758,0.097897,0.095823,0.093172,0.089631,0.084084,0.078656,0.073149,0.066760,0.059299,0.051753,0.044388,0.036469,0.029927,0.023197,0.017565,0.013568,0.009858,0.007371,0.004866,
0.094521,0.094932,0.091460,0.089666,0.086974,0.083720,0.078728,0.073473,0.068181,0.062776,0.056224,0.049697,0.042997,0.036330,0.030042,0.024359,0.019614,0.015499,0.011920,0.008748,0.005835,
0.087652,0.087328,0.085052,0.083065,0.080952,0.077794,0.074068,0.069133,0.064290,0.059336,0.053172,0.047865,0.041952,0.035941,0.030620,0.025940,0.021766,0.018072,0.014643,0.010545,0.006831,
0.083074,0.081387,0.078517,0.076837,0.074500,0.072026,0.068785,0.064746,0.060376,0.055752,0.050776,0.046105,0.041349,0.036505,0.032095,0.028392,0.024970,0.021787,0.017874,0.012889,0.008230,
0.075311,0.074089,0.071706,0.070412,0.068462,0.066075,0.063336,0.059984,0.056639,0.052725,0.049047,0.044803,0.041310,0.038067,0.034966,0.032371,0.030347,0.027354,0.023426,0.016173,0.009822,
0.068650,0.065757,0.065383,0.063821,0.062313,0.060389,0.058187,0.055486,0.053155,0.050173,0.047781,0.045059,0.042482,0.040819,0.039484,0.038483,0.037784,0.034879,0.029985,0.020012,0.012157,
0.058078,0.059731,0.057797,0.056954,0.055686,0.054242,0.053057,0.051178,0.049966,0.047966,0.047009,0.045879,0.044999,0.045631,0.046848,0.047294,0.047780,0.044615,0.037102,0.023882,0.012266,
0.053614,0.050757,0.049963,0.049054,0.049058,0.047593,0.047661,0.047109,0.046961,0.047190,0.047349,0.048507,0.050339,0.054204,0.056681,0.059747,0.060368,0.057264,0.046559,0.026976,0.013001,
0.044273,0.041596,0.041892,0.041705,0.041507,0.041975,0.043177,0.043938,0.045185,0.047638,0.049883,0.054252,0.059587,0.065570,0.070513,0.075838,0.078348,0.073311,0.051619,0.026569,0.011528,
0.037602,0.033652,0.033535,0.034153,0.035632,0.037153,0.039962,0.040924,0.045478,0.050144,0.054787,0.063175,0.072146,0.081071,0.089427,0.098814,0.100726,0.080320,0.054096,0.023325,0.007946,
nan,0.026463,0.028252,0.028913,0.030756,0.033319,0.037499,0.042240,0.048364,0.056156,0.067280,0.076397,0.088948,0.100398,0.113569,0.124322,0.107019,0.081758,0.044012,0.015757,0.005032,
nan,0.028399,nan,0.030374,0.029982,0.033384,0.036121,0.044618,0.054412,0.066883,0.075875,0.087104,0.102806,0.119310,0.129672,0.126612,0.099973,0.068660,0.029367,0.007898,0.003711,
nan,0.122037,0.124290,0.120705,0.116033,0.115651,0.106231,0.098206,0.093961,0.085634,0.076637,0.066103,0.055952,0.044822,0.034738,0.024958,0.017777,0.010750,0.005369,0.003179,0.002062,
0.126551,0.125445,0.122073,0.118088,0.115393,0.112419,0.104113,0.097041,0.090075,0.081199,0.070658,0.061529,0.051146,0.041750,0.031422,0.021633,0.014867,0.008585,0.005145,0.003482,0.002315,
0.127956,0.124226,0.121230,0.117222,0.113637,0.109587,0.103569,0.095579,0.088703,0.080083,0.070166,0.061069,0.050294,0.040267,0.031193,0.022217,0.014489,0.009122,0.005315,0.003550,0.002440,
0.126222,0.120096,0.118438,0.115974,0.111113,0.107134,0.100764,0.094310,0.086590,0.078115,0.069378,0.060375,0.050743,0.040331,0.030647,0.022377,0.015306,0.009383,0.005862,0.003982,0.002732,
0.122406,0.118092,0.114156,0.112457,0.108413,0.103948,0.098152,0.091828,0.083778,0.076329,0.066809,0.058186,0.049146,0.039409,0.030465,0.022814,0.015409,0.010244,0.006493,0.004338,0.002988,
0.118291,0.112776,0.109348,0.106451,0.103536,0.099900,0.093489,0.087516,0.081650,0.074036,0.064809,0.056679,0.047323,0.038444,0.030391,0.022493,0.016068,0.010682,0.007259,0.005065,0.003401,
0.112883,0.106234,0.104515,0.101862,0.098446,0.095357,0.089267,0.082677,0.076518,0.069816,0.062456,0.054178,0.046128,0.037574,0.030204,0.022773,0.016590,0.011843,0.008149,0.006006,0.004064,
0.105357,0.099878,0.098404,0.096898,0.092968,0.089505,0.084723,0.078597,0.072409,0.066570,0.059149,0.052550,0.044417,0.036945,0.029725,0.023111,0.017384,0.012842,0.009358,0.006612,0.004602,
0.098751,0.092944,0.092172,0.090199,0.087901,0.083492,0.079410,0.074300,0.068715,0.063011,0.055977,0.049702,0.043030,0.036035,0.029324,0.023427,0.018596,0.014438,0.011042,0.007897,0.005112,
0.092617,0.086973,0.085577,0.083994,0.081694,0.077957,0.073429,0.069257,0.064625,0.058770,0.053515,0.047133,0.041298,0.035324,0.029759,0.024711,0.020466,0.016586,0.013326,0.009707,0.006162,
0.084470,0.079332,0.078833,0.077201,0.075044,0.071981,0.067988,0.064460,0.060232,0.055950,0.050912,0.045382,0.040274,0.035820,0.031120,0.027125,0.023463,0.020241,0.016816,0.011837,0.007618,
0.078835,0.072969,0.071961,0.070699,0.069057,0.066272,0.063418,0.060038,0.056534,0.052605,0.048441,0.044306,0.040285,0.036550,0.033436,0.030261,0.027836,0.024518,0.020619,0.013850,0.008396,
0.071476,0.065638,0.064939,0.063876,0.062581,0.060322,0.058321,0.055396,0.052709,0.049663,0.046662,0.043390,0.041328,0.039203,0.037153,0.034666,0.033154,0.030286,0.025313,0.016888,0.009923,
0.062794,0.057917,0.057359,0.057395,0.055874,0.054217,0.053007,0.050790,0.049153,0.047254,0.045577,0.044279,0.043676,0.042815,0.042242,0.042082,0.041449,0.038606,0.030625,0.019533,0.010185,
0.052767,0.050462,0.048602,0.048617,0.048559,0.048085,0.047529,0.046618,0.045684,0.045359,0.045543,0.046347,0.047330,0.047817,0.050300,0.052889,0.052478,0.046849,0.036288,0.020927,0.010358,
0.048698,0.040721,0.041130,0.041665,0.041657,0.041940,0.042694,0.042679,0.043946,0.045124,0.047489,0.050060,0.053149,0.057351,0.063407,0.066288,0.063827,0.057805,0.040329,0.021970,0.009395,
0.033776,0.033475,0.034694,0.034701,0.035039,0.036294,0.038250,0.039939,0.043193,0.047236,0.052131,0.056318,0.061980,0.071270,0.078205,0.078218,0.078968,0.060563,0.042960,0.018170,0.006544,
0.026063,0.024010,0.026991,0.029122,0.030930,0.033377,0.036679,0.040908,0.047111,0.052297,0.058323,0.066811,0.076856,0.086150,0.090915,0.094684,0.081343,0.064724,0.033829,0.013053,0.004449,
nan,0.026343,nan,0.025284,0.030163,0.033849,0.039513,0.041300,0.049013,0.052500,0.068333,0.080519,0.092623,0.094249,0.113124,0.091832,0.081886,0.052019,0.028526,0.006775,0.002898,
nan,0.125658,0.122139,0.120735,0.120003,0.107925,0.112524,0.100687,0.088023,0.084586,0.071520,0.063589,0.053819,0.042263,0.035247,0.023538,0.016129,0.010766,0.006019,0.003626,0.002261,
0.129615,0.124946,0.122555,0.117453,0.115175,0.110553,0.104304,0.097968,0.089218,0.081036,0.071072,0.061299,0.051477,0.041894,0.031457,0.022768,0.014940,0.008870,0.004979,0.003315,0.001923,
0.123559,0.122447,0.122308,0.118393,0.113505,0.109666,0.103186,0.095745,0.088440,0.080561,0.071265,0.061473,0.050715,0.040876,0.031240,0.022304,0.014502,0.009041,0.005455,0.003591,0.002431,
0.122093,0.120857,0.117589,0.115859,0.111720,0.107357,0.100907,0.094414,0.085237,0.077867,0.069051,0.059608,0.050310,0.040733,0.030984,0.022763,0.015219,0.009702,0.005660,0.003809,0.002542,
0.115396,0.115763,0.113328,0.111764,0.107820,0.103823,0.097221,0.091026,0.084598,0.076837,0.066986,0.058102,0.049440,0.039000,0.031158,0.022586,0.015645,0.010075,0.006439,0.004412,0.002898,
0.112331,0.111978,0.109802,0.107763,0.103614,0.099920,0.094532,0.087102,0.080580,0.073461,0.065508,0.056449,0.047990,0.039182,0.030853,0.022685,0.016227,0.010632,0.007118,0.004924,0.003292,
0.107106,0.106818,0.105299,0.102277,0.099381,0.095035,0.089950,0.083369,0.076941,0.070299,0.062672,0.054558,0.046299,0.037575,0.029587,0.022149,0.015703,0.011015,0.007624,0.005330,0.003721,
0.102295,0.100877,0.098105,0.096637,0.094259,0.089714,0.084256,0.079119,0.073346,0.066707,0.059266,0.051371,0.044047,0.036093,0.028382,0.022149,0.016635,0.012155,0.008942,0.006252,0.004168,
0.093473,0.094308,0.092048,0.089835,0.087576,0.084345,0.078694,0.074085,0.068959,0.062725,0.055997,0.048607,0.041717,0.034963,0.028829,0.023046,0.017930,0.013638,0.010478,0.007626,0.004810,
0.088560,0.087838,0.086096,0.083452,0.080901,0.078303,0.073980,0.069309,0.064352,0.058927,0.052833,0.046596,0.040773,0.035125,0.029512,0.024217,0.019820,0.015932,0.012359,0.008730,0.005670,
0.083765,0.080916,0.078983,0.077043,0.074932,0.072347,0.069187,0.064611,0.059859,0.054937,0.049960,0.044750,0.039959,0.034722,0.030418,0.025645,0.022056,0.018203,0.014792,0.010024,0.006621,
0.076461,0.073568,0.072011,0.070802,0.068820,0.066217,0.063401,0.059626,0.055691,0.051566,0.047838,0.043502,0.039895,0.035726,0.031857,0.028102,0.025132,0.021879,0.017887,0.012575,0.007836,
0.069323,0.066425,0.064458,0.063716,0.062575,0.060632,0.058152,0.054935,0.052051,0.048907,0.045915,0.042676,0.040120,0.036782,0.034464,0.032470,0.029989,0.026221,0.021192,0.013958,0.008206,
0.059240,0.058517,0.057387,0.056914,0.056023,0.054616,0.052614,0.050440,0.048430,0.046496,0.044962,0.042617,0.040948,0.039715,0.039580,0.037741,0.035647,0.032284,0.025775,0.016163,0.008467,
0.053671,0.050451,0.049735,0.049377,0.049014,0.048322,0.046998,0.045723,0.045227,0.044396,0.044116,0.043873,0.044136,0.044697,0.045955,0.044610,0.044468,0.039378,0.029780,0.017069,0.008521,
0.044462,0.040880,0.041389,0.042033,0.041900,0.041466,0.041804,0.042092,0.042689,0.043466,0.044453,0.046687,0.049351,0.051323,0.052428,0.055695,0.051994,0.045766,0.032634,0.017809,0.007472,
0.037156,0.032480,0.031759,0.034239,0.035347,0.037200,0.037560,0.038567,0.041460,0.044365,0.047504,0.052699,0.056938,0.059866,0.065426,0.064225,0.063490,0.049166,0.034004,0.014172,0.005509,
nan,0.025388,0.027226,0.029675,0.029673,0.033774,0.035654,0.039626,0.041623,0.047847,0.053374,0.060905,0.063547,0.073101,0.074974,0.075545,0.064126,0.051767,0.027431,0.010803,0.003944,
nan,0.022063,nan,0.027180,0.028773,0.035021,0.036823,0.040564,0.045795,0.051910,0.059214,0.065885,0.075325,0.083016,0.084285,0.073049,0.065503,0.044152,0.023381,0.006280,0.002736,
nan,0.130365,0.124139,0.121823,0.114685,0.118120,0.104827,0.100214,0.094227,0.077491,0.078944,0.068022,0.055087,0.043193,0.036182,0.024005,0.017597,0.010950,0.005586,0.003702,0.001893,
0.124908,0.125966,0.121608,0.119844,0.115344,0.110472,0.105662,0.096375,0.088192,0.080120,0.072278,0.060739,0.051354,0.041462,0.031642,0.022576,0.014335,0.008472,0.004786,0.003364,0.002426,
0.126963,0.122338,0.121684,0.119715,0.114359,0.109646,0.102792,0.096469,0.088625,0.078246,0.069708,0.061170,0.051004,0.039751,0.030634,0.022476,0.013917,0.008806,0.005269,0.003637,0.002360,
0.122297,0.119440,0.117545,0.115563,0.111159,0.107737,0.101002,0.094131,0.087252,0.078457,0.069802,0.060268,0.050810,0.040637,0.031071,0.023219,0.015576,0.009927,0.005886,0.003939,0.002552,
0.123646,0.117486,0.115604,0.112085,0.108361,0.103809,0.098460,0.091045,0.084271,0.076479,0.067728,0.058980,0.049432,0.040003,0.031508,0.022585,0.015870,0.010055,0.006325,0.004280,0.002816,
0.119682,0.111829,0.111086,0.107796,0.104891,0.099701,0.094765,0.088254,0.080994,0.073794,0.065355,0.056766,0.047497,0.038228,0.029414,0.021549,0.014636,0.009822,0.006525,0.004449,0.003041,
0.113614,0.107062,0.104553,0.101839,0.099062,0.095732,0.089167,0.083643,0.077551,0.069977,0.061825,0.053407,0.045162,0.036806,0.028562,0.021963,0.015499,0.010900,0.007386,0.005241,0.003567,
0.102200,0.100825,0.099048,0.095651,0.092854,0.089827,0.084537,0.079109,0.072978,0.066343,0.058519,0.050921,0.043426,0.035839,0.029116,0.022258,0.016637,0.011961,0.008509,0.006147,0.003885,
0.103333,0.094753,0.091920,0.089833,0.087132,0.083774,0.079717,0.073972,0.068090,0.062037,0.055685,0.048838,0.042067,0.035707,0.029179,0.022777,0.017436,0.013039,0.009507,0.006620,0.004513,
0.090723,0.087354,0.085444,0.084264,0.081231,0.077921,0.073918,0.068636,0.063929,0.058416,0.052701,0.046737,0.041126,0.034496,0.028899,0.023087,0.018391,0.014205,0.011215,0.007967,0.005185,
0.082578,0.080591,0.078516,0.078289,0.075274,0.072283,0.068321,0.064127,0.059661,0.054870,0.049922,0.044922,0.039917,0.034066,0.028852,0.024057,0.020339,0.017005,0.013215,0.009258,0.005683,
0.076405,0.073097,0.071774,0.071565,0.069207,0.066438,0.062847,0.059665,0.055547,0.051811,0.047742,0.042693,0.038445,0.033984,0.030259,0.026823,0.023036,0.019280,0.015162,0.010638,0.006629,
0.068460,0.065829,0.065237,0.064725,0.062979,0.060526,0.057272,0.054828,0.051954,0.048655,0.045430,0.041613,0.038274,0.035381,0.032283,0.029357,0.026633,0.023088,0.018404,0.011949,0.006673,
0.061421,0.057461,0.057597,0.057478,0.056298,0.054367,0.051624,0.050144,0.048002,0.045936,0.043673,0.041399,0.039578,0.036952,0.035321,0.034215,0.031602,0.027314,0.021550,0.013516,0.007182,
0.051618,0.049296,0.048662,0.049791,0.048608,0.047568,0.046137,0.045192,0.044059,0.043427,0.042447,0.041745,0.040992,0.040074,0.040236,0.039626,0.036217,0.032609,0.023914,0.014414,0.007404,
0.042380,0.041056,0.040713,0.041985,0.041921,0.040816,0.040846,0.040912,0.041187,0.042143,0.042306,0.042813,0.044344,0.046075,0.046125,0.045351,0.044678,0.036201,0.026643,0.015019,0.006428,
0.033580,0.032145,0.032987,0.034526,0.034938,0.035156,0.036137,0.037896,0.039586,0.041986,0.044315,0.045994,0.049971,0.052317,0.053515,0.055059,0.049022,0.040337,0.028553,0.012091,0.004848,
0.027557,0.026080,0.026698,0.028919,0.029665,0.031712,0.034805,0.036226,0.039371,0.043706,0.046644,0.052313,0.057281,0.058650,0.063348,0.059338,0.051878,0.041908,0.023868,0.009996,0.003560,
nan,nan,0.024578,0.025180,0.030779,0.030922,0.033466,0.038299,0.046519,0.042821,0.049534,0.060153,0.061953,0.065574,0.068851,0.060342,0.053082,0.033037,0.018643,0.006497,0.003417,
nan,0.120920,0.124103,0.123624,0.119669,0.111990,0.108582,0.097213,0.090602,0.083733,0.072768,0.064715,0.054261,0.043074,0.032423,0.025114,0.014118,0.009203,0.005428,0.004019,0.002064,
0.127773,0.123050,0.123566,0.119148,0.115207,0.111752,0.105111,0.096159,0.088224,0.079070,0.071053,0.060999,0.051165,0.040219,0.031604,0.021289,0.014046,0.008395,0.004734,0.003147,0.002311,
0.129302,0.124012,0.118596,0.117743,0.113304,0.109133,0.103712,0.096089,0.087748,0.080513,0.071024,0.061705,0.051495,0.041854,0.031202,0.022905,0.015424,0.009407,0.005450,0.003579,0.002447,
0.128248,0.121691,0.119212,0.115462,0.112283,0.107054,0.100048,0.094898,0.087544,0.078961,0.069477,0.060620,0.051109,0.041712,0.032201,0.023038,0.015889,0.009777,0.005833,0.003948,0.002628,
0.119575,0.116335,0.115155,0.112474,0.108963,0.104095,0.098363,0.091819,0.084683,0.076581,0.067848,0.058768,0.049125,0.038959,0.030184,0.021543,0.014515,0.009047,0.005688,0.003863,0.002589,
0.110416,0.111420,0.109570,0.106677,0.104129,0.100313,0.093846,0.087785,0.080768,0.072885,0.064618,0.055556,0.047331,0.038049,0.029391,0.021724,0.015007,0.010154,0.006620,0.004595,0.003161,
0.106433,0.106228,0.103748,0.102950,0.098709,0.095293,0.089726,0.083172,0.076917,0.069789,0.061498,0.053423,0.045200,0.037152,0.029653,0.022549,0.016063,0.010966,0.007357,0.005056,0.003144,
0.103222,0.099699,0.097488,0.098308,0.093607,0.088929,0.084417,0.078157,0.072169,0.065801,0.059223,0.051598,0.043970,0.036961,0.029290,0.022010,0.015832,0.011080,0.007673,0.005362,0.003871,
0.095019,0.092638,0.091834,0.091178,0.088356,0.083687,0.079027,0.073541,0.068635,0.062235,0.056166,0.049355,0.042569,0.034585,0.027908,0.021537,0.016291,0.012085,0.008993,0.006613,0.004159,
0.087701,0.086360,0.085131,0.085368,0.081634,0.077346,0.073449,0.069438,0.064206,0.058717,0.053095,0.046451,0.039826,0.033306,0.027457,0.022295,0.017843,0.013862,0.010171,0.006845,0.004579,
0.082908,0.080050,0.078842,0.078090,0.075502,0.071287,0.068025,0.064644,0.060148,0.055116,0.049673,0.043374,0.038223,0.033226,0.028484,0.023356,0.018903,0.014981,0.011512,0.008440,0.005145,
0.075004,0.072859,0.072597,0.071217,0.068968,0.065487,0.062477,0.059570,0.055788,0.051413,0.046806,0.042039,0.037786,0.033233,0.028872,0.024632,0.021010,0.017321,0.013574,0.009048,0.005667,
0.067619,0.066023,0.065295,0.064786,0.062083,0.059503,0.057283,0.054962,0.051430,0.047813,0.044490,0.041088,0.037656,0.033393,0.030135,0.027215,0.023919,0.020225,0.015619,0.010391,0.006002,
0.062171,0.057515,0.057888,0.057711,0.055435,0.053196,0.051618,0.050256,0.047340,0.044460,0.042379,0.039814,0.037112,0.035025,0.032475,0.029945,0.027585,0.023149,0.018050,0.011417,0.006275,
0.051673,0.048845,0.050033,0.049864,0.048071,0.046809,0.046011,0.045350,0.043130,0.042048,0.040960,0.039238,0.038273,0.037007,0.035274,0.034308,0.030406,0.027656,0.019871,0.012526,0.006352,
0.045235,0.038795,0.041683,0.042407,0.040321,0.040481,0.040771,0.040500,0.039257,0.039963,0.039600,0.040376,0.040608,0.039312,0.041341,0.037650,0.037782,0.029414,0.022808,0.012283,0.005534,
0.034032,0.029650,0.034333,0.034343,0.034341,0.035033,0.036414,0.036818,0.037970,0.038879,0.040154,0.042591,0.042697,0.045474,0.044537,0.046334,0.039626,0.033070,0.022715,0.010438,0.004596,
0.026362,0.026584,0.026736,0.027999,0.029108,0.030318,0.032708,0.035182,0.036460,0.039484,0.042813,0.043781,0.049377,0.049854,0.052701,0.048089,0.044457,0.034421,0.019859,0.009025,0.003374,
nan,nan,0.026197,0.025950,nan,0.029241,0.032714,0.036720,0.038858,0.046862,0.047404,0.051212,0.047082,0.059822,0.056404,0.051643,0.045850,0.029536,0.016763,0.006790,0.001402,
nan,0.123316,0.128288,0.121893,0.118931,0.113128,0.107858,0.098018,0.088683,0.080176,0.069566,0.067765,0.045897,0.042830,0.034753,0.021799,0.017055,0.010244,0.006186,0.003493,0.001881,
0.127618,0.123725,0.123309,0.119029,0.115303,0.109384,0.105173,0.096744,0.089670,0.079449,0.070236,0.060844,0.050817,0.040396,0.031102,0.022488,0.014488,0.008118,0.004941,0.003149,0.002283,
0.123722,0.123887,0.121657,0.117876,0.114249,0.110437,0.102902,0.096802,0.088219,0.080335,0.070883,0.061897,0.051485,0.042673,0.032737,0.024109,0.015839,0.009796,0.005515,0.003703,0.002312,
0.121039,0.119984,0.118725,0.116456,0.112742,0.106930,0.102108,0.094260,0.087337,0.079328,0.070519,0.060281,0.050493,0.040482,0.031435,0.021954,0.014750,0.008980,0.005269,0.003627,0.002226,
0.119893,0.115410,0.113711,0.111957,0.108454,0.104616,0.098174,0.091971,0.083690,0.075632,0.066866,0.057309,0.048198,0.038179,0.029468,0.021396,0.014176,0.009218,0.005859,0.003904,0.002744,
0.118346,0.111070,0.108671,0.108689,0.104016,0.099609,0.094108,0.087131,0.081263,0.073377,0.064575,0.055845,0.047213,0.038768,0.029997,0.022703,0.015894,0.010401,0.006551,0.004461,0.002836,
0.112719,0.103935,0.103043,0.103703,0.099784,0.094484,0.089178,0.083034,0.076837,0.069925,0.062867,0.054341,0.046439,0.037895,0.029306,0.021661,0.014933,0.009743,0.006473,0.004531,0.003311,
0.105442,0.099059,0.097743,0.097060,0.093238,0.089182,0.084262,0.078733,0.073289,0.066554,0.059455,0.051363,0.043490,0.035159,0.027833,0.020829,0.015247,0.011073,0.007694,0.005452,0.003419,
0.096007,0.093048,0.091704,0.090552,0.086693,0.082704,0.079241,0.074891,0.068991,0.062622,0.055448,0.048009,0.040978,0.033933,0.027915,0.021920,0.016522,0.011654,0.008111,0.005423,0.003853,
0.094213,0.085753,0.085276,0.083742,0.080459,0.077707,0.073845,0.070007,0.064423,0.058446,0.051908,0.045653,0.039942,0.034017,0.027551,0.021395,0.016185,0.012296,0.009319,0.006773,0.004068,
0.080222,0.079999,0.079214,0.077640,0.074098,0.071790,0.068585,0.064383,0.059165,0.053998,0.049213,0.044202,0.038500,0.032299,0.026724,0.022088,0.018098,0.013970,0.010216,0.006932,0.004380,
0.075623,0.072785,0.072441,0.071190,0.068193,0.066261,0.063661,0.059415,0.054893,0.050671,0.046886,0.042141,0.036646,0.031867,0.027702,0.023519,0.019248,0.015286,0.012220,0.008062,0.005033,
0.067211,0.064472,0.065826,0.064106,0.061840,0.060223,0.058153,0.054485,0.050620,0.047616,0.044277,0.039661,0.035608,0.032435,0.028310,0.024700,0.021512,0.017516,0.013504,0.009126,0.005257,
0.060532,0.057511,0.058484,0.057232,0.055082,0.054248,0.052546,0.049078,0.046672,0.044894,0.041395,0.038401,0.035709,0.032458,0.030011,0.026917,0.023588,0.019918,0.014947,0.009583,0.005506,
0.051685,0.048808,0.050780,0.049832,0.047645,0.047536,0.046417,0.043820,0.042851,0.041013,0.038500,0.037639,0.035630,0.033834,0.031988,0.029846,0.027083,0.022846,0.016748,0.010793,0.005679,
0.044262,0.040101,0.042386,0.041719,0.040209,0.041640,0.039887,0.038913,0.038930,0.037657,0.037711,0.037261,0.036919,0.035691,0.035203,0.033241,0.031094,0.024523,0.019545,0.010629,0.004888,
0.035215,0.032350,0.034452,0.033481,0.032908,0.034734,0.034643,0.034797,0.035641,0.036167,0.037176,0.038207,0.038335,0.039760,0.038756,0.038760,0.032812,0.028978,0.019364,0.009663,0.004298,
0.022303,0.027160,0.027808,0.027804,0.029101,0.030316,0.031454,0.033777,0.034208,0.036683,0.038183,0.041555,0.042282,0.042772,0.043621,0.038731,0.037218,0.028532,0.016718,0.007853,0.003055,
nan,0.021442,0.023272,nan,0.026953,0.032489,0.029237,0.031247,0.038607,0.034983,0.042713,0.040844,0.049038,0.045460,0.044947,0.044437,0.036923,0.025680,0.016697,0.005929,0.002635,
nan,0.123369,0.123558,0.124762,0.119121,0.120381,0.110142,0.094615,0.088129,0.085581,0.072974,0.061724,0.055331,0.044207,0.031510,0.023735,0.015653,0.008816,0.005110,0.003246,0.002232,
0.128695,0.125482,0.124635,0.119798,0.115520,0.111841,0.105451,0.096080,0.089520,0.078974,0.071206,0.059799,0.049630,0.040443,0.030339,0.021751,0.014100,0.008225,0.004875,0.003121,0.002372,
0.122598,0.121582,0.121337,0.118541,0.113939,0.109955,0.102548,0.097355,0.090250,0.082236,0.072594,0.063871,0.053460,0.042979,0.032501,0.024170,0.016006,0.010241,0.005595,0.003632,0.002212,
0.120376,0.120143,0.117347,0.114934,0.112443,0.108239,0.101620,0.094924,0.086275,0.078404,0.069109,0.059151,0.049450,0.038930,0.029735,0.020908,0.013698,0.008211,0.005357,0.003292,0.002812,
0.119183,0.116416,0.112756,0.112743,0.108964,0.104339,0.097155,0.089986,0.083626,0.075121,0.066691,0.058035,0.048755,0.039692,0.030786,0.022338,0.015713,0.009911,0.006273,0.004205,0.002652,
0.110914,0.110836,0.109164,0.109256,0.104288,0.098717,0.094194,0.087388,0.080645,0.073731,0.065946,0.057118,0.048124,0.039539,0.030107,0.022161,0.014488,0.009072,0.005656,0.003832,0.002910,
0.106952,0.105370,0.105799,0.102540,0.097920,0.094174,0.089934,0.083141,0.077713,0.070184,0.062462,0.053667,0.044350,0.036325,0.028353,0.021120,0.014758,0.010145,0.006655,0.004756,0.002913,
0.097880,0.098486,0.099748,0.095823,0.092347,0.089319,0.084851,0.080138,0.073068,0.065465,0.057993,0.050629,0.043533,0.035227,0.028838,0.021860,0.015442,0.010349,0.006672,0.004490,0.003536,
0.094125,0.092763,0.093453,0.089674,0.086767,0.083469,0.079734,0.074409,0.068169,0.061845,0.055463,0.048745,0.041941,0.034861,0.027110,0.020253,0.014807,0.011065,0.007812,0.005570,0.003400,
0.087051,0.086006,0.086788,0.083293,0.080963,0.078086,0.074396,0.068416,0.063052,0.057862,0.052824,0.046512,0.039188,0.031995,0.026342,0.021202,0.016432,0.011642,0.008120,0.005767,0.003704,
0.081653,0.079187,0.080616,0.077016,0.074713,0.072402,0.068566,0.063593,0.059437,0.055311,0.049403,0.042937,0.037021,0.032302,0.026838,0.021325,0.016410,0.012644,0.009556,0.006370,0.004073,
0.073669,0.073177,0.073835,0.070306,0.068587,0.066691,0.062525,0.058719,0.055157,0.051058,0.045616,0.040685,0.036616,0.031488,0.026079,0.021870,0.018069,0.013777,0.010499,0.007229,0.004389,
0.067333,0.065437,0.066522,0.063380,0.062500,0.060758,0.056972,0.054147,0.051432,0.047011,0.042688,0.039643,0.034918,0.030448,0.026849,0.023031,0.019163,0.015504,0.011712,0.007646,0.004632,
0.060034,0.058455,0.059082,0.055961,0.055553,0.054192,0.051079,0.049629,0.046579,0.042848,0.040422,0.037179,0.033665,0.030690,0.027568,0.024280,0.020575,0.017790,0.012904,0.008624,0.004869,
0.054211,0.049282,0.050766,0.047936,0.048632,0.046887,0.044609,0.044243,0.041396,0.039439,0.038066,0.035356,0.033770,0.031208,0.029091,0.026086,0.023822,0.019390,0.014510,0.009273,0.004925,
0.042212,0.042124,0.042495,0.039966,0.041115,0.039700,0.038668,0.039204,0.037096,0.036949,0.035649,0.034819,0.033472,0.032749,0.030792,0.029736,0.026109,0.021243,0.016425,0.009153,0.004648,
nan,0.033825,0.034425,0.032568,0.034860,0.033155,0.034153,0.033544,0.033402,0.034025,0.034424,0.033771,0.035281,0.034154,0.034879,0.031772,0.027003,0.024170,0.016743,0.008739,0.003964,
nan,0.025886,0.026672,0.026772,0.029157,0.028642,0.029674,0.030676,0.032724,0.033774,0.034897,0.036457,0.035797,0.038047,0.036225,0.033421,0.031344,0.023950,0.014919,0.007260,0.002876,
nan,0.020568,0.027849,0.025952,0.024550,nan,0.027370,0.032193,0.031853,0.038950,0.036087,0.036769,0.042466,0.039681,0.036823,0.036697,0.031586,0.023283,0.013627,0.005826,0.003266,
nan,0.127787,0.122377,0.121405,0.122968,0.112804,0.103062,0.098254,0.092719,0.083510,0.077079,0.062175,0.054493,0.044672,0.033775,0.025613,0.017954,0.008386,0.005787,0.002741,0.001989,
0.126329,0.124749,0.121420,0.120445,0.115104,0.111106,0.104937,0.097739,0.088831,0.079142,0.069025,0.062102,0.051368,0.040196,0.030217,0.021961,0.014205,0.008579,0.004956,0.003287,0.002316,
0.123741,0.123286,0.122042,0.118658,0.115779,0.110102,0.105060,0.097992,0.091063,0.081173,0.071688,0.062785,0.052694,0.041552,0.031921,0.022913,0.014730,0.008948,0.004989,0.003466,0.002109,
0.122013,0.119140,0.116338,0.117268,0.112701,0.107100,0.099943,0.093343,0.085634,0.077062,0.068140,0.058015,0.049605,0.038972,0.030240,0.021663,0.014919,0.008995,0.005432,0.003639,0.002530,
0.114905,0.118003,0.114701,0.113211,0.107831,0.102030,0.098161,0.090897,0.084641,0.078090,0.068991,0.059254,0.050429,0.041071,0.031521,0.022922,0.014984,0.009479,0.005318,0.003638,0.002330,
0.114082,0.112809,0.111453,0.107196,0.102853,0.099674,0.094724,0.088107,0.082373,0.073687,0.064930,0.055477,0.046356,0.036825,0.028364,0.020208,0.014215,0.009348,0.006189,0.004222,0.002727,
0.107180,0.109145,0.106459,0.101359,0.098080,0.095512,0.090588,0.084972,0.076779,0.068987,0.060993,0.053336,0.045577,0.037516,0.030153,0.022247,0.015235,0.009827,0.005940,0.003948,0.003111,
0.100321,0.102175,0.101050,0.096197,0.093153,0.089943,0.084816,0.078517,0.071995,0.065755,0.059373,0.052439,0.044044,0.035434,0.027147,0.019907,0.014204,0.010056,0.006720,0.004939,0.003055,
0.097474,0.094158,0.093820,0.089666,0.087944,0.084337,0.079077,0.073123,0.068316,0.062618,0.056062,0.047831,0.040097,0.032876,0.027293,0.021271,0.015300,0.010165,0.006785,0.004810,0.003133,
0.091343,0.087297,0.086912,0.083191,0.081298,0.078117,0.072941,0.068848,0.064313,0.058810,0.051640,0.045059,0.039341,0.033271,0.026212,0.019542,0.014761,0.011446,0.007831,0.005259,0.003552,
0.082758,0.080936,0.080204,0.076888,0.075640,0.072015,0.067351,0.064900,0.059750,0.053907,0.048175,0.043620,0.037565,0.030916,0.025182,0.020904,0.015887,0.011282,0.008417,0.005902,0.003693,
0.075008,0.073914,0.073147,0.069934,0.069686,0.065611,0.062690,0.059911,0.054711,0.050061,0.046102,0.040924,0.034948,0.030623,0.025706,0.020416,0.016635,0.012801,0.009304,0.006400,0.004040,
0.067690,0.066355,0.066069,0.062798,0.063043,0.059184,0.057287,0.054428,0.049349,0.046796,0.042665,0.037926,0.034362,0.029473,0.025184,0.021636,0.017194,0.013765,0.010118,0.006589,0.004076,
0.060747,0.057757,0.058686,0.056104,0.056522,0.052548,0.051693,0.048607,0.044979,0.043386,0.039130,0.036326,0.032711,0.029125,0.025683,0.022389,0.018855,0.015557,0.011025,0.007752,0.004266,
0.052359,0.048829,0.050090,0.048164,0.048813,0.045320,0.045519,0.042623,0.041119,0.038747,0.036092,0.034109,0.031460,0.028979,0.026688,0.023158,0.020833,0.016319,0.012850,0.008031,0.004555,
0.044477,0.041352,0.041318,0.040744,0.040984,0.038619,0.039200,0.036910,0.036478,0.035001,0.033793,0.032195,0.031210,0.030092,0.027274,0.026178,0.022175,0.018315,0.014072,0.008048,0.004261,
0.032459,0.031435,0.033403,0.033471,0.033113,0.033088,0.033019,0.032160,0.031884,0.031522,0.031859,0.032026,0.031416,0.030156,0.030033,0.027077,0.023918,0.020590,0.014635,0.007855,0.003796,
0.025433,0.026387,0.026248,0.028702,0.027393,0.028535,0.028543,0.030416,0.030174,0.029804,0.032370,0.031680,0.033320,0.031884,0.029970,0.027916,0.027118,0.020648,0.013290,0.006882,0.002897,
nan,0.023899,nan,0.025622,0.023334,0.028419,nan,0.027609,nan,0.033909,0.030800,0.035954,0.035210,0.033668,0.033123,0.031855,0.026374,0.017737,0.015305,0.006668,0.002675,
nan,0.128337,0.123992,0.125528,0.116482,0.116103,0.109026,0.097697,0.088169,0.083967,0.071119,0.063879,0.052145,0.043515,0.032652,0.023777,0.015855,0.009523,0.005536,0.003428,0.002131,
0.125142,0.123981,0.122791,0.119005,0.116218,0.111042,0.104675,0.097265,0.091123,0.079174,0.071142,0.061667,0.051314,0.041339,0.031780,0.022437,0.014908,0.008990,0.005874,0.003257,0.002375,
0.123458,0.123242,0.119551,0.118376,0.115075,0.110416,0.104278,0.096082,0.088494,0.080677,0.070380,0.060907,0.049471,0.040046,0.030140,0.021785,0.013848,0.008298,0.004783,0.003158,0.002078,
0.122536,0.120757,0.117315,0.116183,0.111862,0.106308,0.101068,0.092426,0.085549,0.077737,0.069051,0.060411,0.051258,0.041384,0.032279,0.023689,0.016336,0.009933,0.005878,0.003971,0.002273,
0.122610,0.116634,0.116379,0.112014,0.107583,0.103668,0.098393,0.092423,0.085001,0.077413,0.068877,0.058368,0.048535,0.039064,0.028882,0.020576,0.013153,0.008053,0.005107,0.003320,0.002659,
0.112862,0.110800,0.112723,0.107174,0.103176,0.100368,0.094587,0.087530,0.080285,0.072409,0.063673,0.055283,0.046308,0.038907,0.030857,0.023174,0.015587,0.009623,0.005646,0.003744,0.002292,
0.106041,0.104785,0.106051,0.102267,0.099687,0.095403,0.089501,0.082640,0.076218,0.069654,0.063354,0.055296,0.046209,0.036452,0.027685,0.019892,0.013475,0.009326,0.006037,0.004403,0.002726,
0.103624,0.101139,0.099421,0.095785,0.093968,0.089392,0.083265,0.078732,0.073610,0.067113,0.058796,0.049637,0.042072,0.035034,0.028416,0.021486,0.014968,0.009403,0.005887,0.003879,0.002949,
0.094955,0.094902,0.093252,0.089927,0.088165,0.082940,0.078430,0.075011,0.068938,0.061741,0.054810,0.048334,0.041900,0.034427,0.026070,0.018916,0.014240,0.010410,0.006871,0.004471,0.002740,
0.085780,0.087912,0.086140,0.084079,0.081996,0.077194,0.073953,0.070387,0.063387,0.057341,0.052303,0.045993,0.038279,0.031393,0.026080,0.020442,0.014481,0.009755,0.006964,0.005110,0.003165,
0.081370,0.080880,0.078946,0.077562,0.075580,0.070834,0.069150,0.064218,0.058443,0.054863,0.048956,0.042202,0.036620,0.031599,0.024842,0.019299,0.015336,0.010795,0.007537,0.005426,0.003355,
0.072667,0.073621,0.072239,0.070852,0.069055,0.065216,0.063235,0.058269,0.054711,0.050647,0.044394,0.040502,0.035337,0.028984,0.024607,0.019974,0.015089,0.011710,0.008388,0.005436,0.003538,
0.067594,0.066958,0.064711,0.064539,0.062010,0.059320,0.057191,0.052879,0.050914,0.045729,0.042162,0.037825,0.032659,0.028844,0.024128,0.019800,0.015951,0.012267,0.008985,0.006213,0.003641,
0.059600,0.058666,0.057094,0.057403,0.054430,0.053411,0.050883,0.048158,0.045591,0.041163,0.039070,0.034638,0.031767,0.027771,0.024145,0.020504,0.017213,0.013539,0.009920,0.006656,0.003954,
0.052671,0.050412,0.048607,0.050280,0.046123,0.047280,0.043340,0.043350,0.039650,0.038336,0.035244,0.032905,0.029904,0.027783,0.024528,0.021435,0.018305,0.014488,0.011169,0.007016,0.004093,
0.042233,0.040860,0.040465,0.042223,0.038449,0.040413,0.036633,0.037669,0.034708,0.034474,0.032149,0.030923,0.029027,0.026819,0.024740,0.023045,0.019157,0.015956,0.012376,0.007109,0.003941,
0.031928,0.033103,0.031866,0.034741,0.031750,0.033420,0.030928,0.031940,0.030970,0.030707,0.030164,0.029266,0.028293,0.027351,0.025925,0.023297,0.021117,0.017731,0.012493,0.007282,0.003709,
0.026339,0.026114,0.025498,0.027808,0.026028,0.028174,0.027346,0.027929,0.028420,0.028685,0.028684,0.028496,0.029857,0.027827,0.025915,0.025053,0.022917,0.017638,0.012493,0.006268,0.003245,
nan,nan,nan,0.023635,0.022472,0.025598,0.027632,0.028982,0.027076,0.027276,0.029696,0.029980,0.028526,0.026539,0.026336,0.028621,0.022109,0.018273,0.013984,0.006614,0.001697,
nan,0.124710,0.122645,0.124484,0.113710,0.116963,0.107477,0.101923,0.096333,0.081280,0.071984,0.059494,0.056641,0.045093,0.033650,0.022824,0.015455,0.009583,0.005126,0.003205,0.001597,
0.125061,0.124937,0.122351,0.119041,0.116430,0.108711,0.106093,0.098293,0.090444,0.083664,0.074446,0.064287,0.053717,0.043360,0.034752,0.025433,0.016449,0.010240,0.005916,0.003556,0.002242,
0.122000,0.123360,0.120497,0.118109,0.114508,0.109734,0.103365,0.095631,0.087521,0.078224,0.069386,0.058524,0.049293,0.038497,0.029309,0.020233,0.013464,0.007636,0.004683,0.002950,0.002238,
0.117664,0.120614,0.118565,0.115671,0.110024,0.105862,0.100299,0.094764,0.088341,0.079564,0.071924,0.062395,0.052162,0.042233,0.032607,0.023162,0.015063,0.008902,0.005043,0.003434,0.002137,
0.117000,0.118718,0.116253,0.111807,0.108437,0.103995,0.099553,0.092125,0.084589,0.075076,0.065312,0.056063,0.047029,0.037908,0.028999,0.021743,0.014975,0.009963,0.005969,0.003925,0.002406,
0.113480,0.115038,0.110528,0.106950,0.105311,0.100494,0.094056,0.087476,0.080043,0.073167,0.065845,0.057630,0.049299,0.039180,0.029564,0.020651,0.013330,0.008027,0.004984,0.003534,0.002681,
0.107256,0.108009,0.104838,0.102300,0.099446,0.094622,0.088306,0.083633,0.078451,0.070901,0.061440,0.052561,0.043677,0.035799,0.029255,0.022150,0.015345,0.009696,0.005566,0.003543,0.002711,
0.098154,0.100257,0.098214,0.097163,0.093778,0.088339,0.084541,0.080099,0.072705,0.064804,0.058181,0.052187,0.044349,0.035658,0.026574,0.018926,0.013584,0.009848,0.006170,0.004246,0.002592,
0.093160,0.095602,0.091341,0.091133,0.087004,0.083247,0.080765,0.074240,0.067325,0.062847,0.056194,0.048086,0.039558,0.032962,0.027280,0.020433,0.013787,0.008749,0.006133,0.004583,0.002720,
0.089827,0.088042,0.085175,0.084756,0.080454,0.077795,0.074400,0.068198,0.063984,0.058880,0.051301,0.044719,0.039516,0.032042,0.024517,0.019077,0.014798,0.009845,0.006264,0.004350,0.002937,
0.080872,0.082637,0.078127,0.078734,0.073845,0.072461,0.067366,0.063017,0.059968,0.053396,0.047969,0.043337,0.035884,0.029830,0.025350,0.018959,0.013883,0.010387,0.007104,0.004489,0.003100,
0.073669,0.075703,0.071024,0.072345,0.066600,0.066791,0.061514,0.059473,0.054411,0.049409,0.045625,0.039088,0.034595,0.029094,0.023317,0.019376,0.014348,0.010458,0.007599,0.005105,0.003200,
0.067854,0.067562,0.064014,0.065241,0.060108,0.060350,0.055547,0.054421,0.048869,0.046520,0.040984,0.037008,0.032411,0.027463,0.023558,0.018862,0.014953,0.011329,0.008399,0.005613,0.003382,
0.057805,0.061786,0.055915,0.057743,0.053295,0.053608,0.049768,0.048462,0.044600,0.042132,0.037961,0.034612,0.030335,0.027040,0.023084,0.019003,0.015769,0.011949,0.008753,0.005832,0.003619,
0.049961,0.052927,0.047345,0.049529,0.046873,0.045879,0.044784,0.041611,0.040475,0.037005,0.035030,0.031543,0.028806,0.025819,0.022558,0.019839,0.016308,0.012808,0.010008,0.006363,0.003725,
0.040685,0.044699,0.038363,0.041081,0.040033,0.038072,0.038669,0.035113,0.035227,0.033384,0.030931,0.029366,0.027592,0.024948,0.023096,0.020391,0.016906,0.014272,0.010626,0.006406,0.003790,
0.033375,0.035877,0.030502,0.032875,0.032492,0.030785,0.032505,0.030510,0.029481,0.029800,0.028286,0.027195,0.026094,0.024805,0.022883,0.020097,0.018725,0.015564,0.011338,0.006800,0.003648,
0.027759,0.028624,0.026711,0.026836,0.026831,0.026159,0.026370,0.027476,0.026366,0.026312,0.025984,0.025827,0.025393,0.024132,0.022945,0.021176,0.019773,0.016085,0.011035,0.006389,0.003364,
nan,0.023746,0.025555,nan,0.024345,nan,0.021204,0.025411,0.024594,0.026763,0.027244,0.026360,0.024886,0.024354,0.024989,0.023229,0.020517,0.014342,0.011876,0.006348,0.003323,
nan,0.127324,0.129795,0.117240,0.119536,0.109922,0.107214,0.099013,0.089392,0.079471,0.072537,0.061145,0.052129,0.045506,0.033070,0.022082,0.015428,0.008792,0.004811,0.003131,0.002211,
0.123818,0.124212,0.122448,0.121185,0.115631,0.113065,0.106368,0.101731,0.093362,0.083311,0.074248,0.064981,0.055425,0.044790,0.034358,0.025064,0.016116,0.010001,0.005443,0.003948,0.002248,
0.124381,0.122855,0.120561,0.119010,0.115176,0.109078,0.103079,0.095585,0.085908,0.079033,0.068601,0.059028,0.048432,0.039119,0.029905,0.021354,0.013838,0.008480,0.005020,0.003157,0.002422,
0.123227,0.122665,0.120215,0.115730,0.111649,0.107547,0.101607,0.096062,0.088330,0.080875,0.070392,0.059925,0.049998,0.039959,0.029804,0.020903,0.013306,0.007821,0.004573,0.002882,nan,
0.113047,0.118933,0.114693,0.111979,0.109068,0.104313,0.097293,0.089852,0.082152,0.075593,0.067749,0.059645,0.050357,0.041496,0.032494,0.023157,0.015421,0.009199,0.005079,0.003444,0.002148,
0.112368,0.113622,0.108746,0.108937,0.104712,0.099281,0.093189,0.088606,0.082544,0.074418,0.065225,0.055598,0.045285,0.036019,0.028018,0.021188,0.015037,0.009904,0.005806,0.003813,0.002279,
0.108037,0.107781,0.103215,0.103561,0.098577,0.093893,0.090731,0.084216,0.075982,0.068337,0.062059,0.054942,0.046646,0.037673,0.028457,0.019755,0.012710,0.008093,0.005561,0.004048,0.002524,
0.100280,0.101719,0.097611,0.097925,0.092074,0.089764,0.085160,0.078357,0.072495,0.067649,0.059598,0.050609,0.041621,0.034209,0.028400,0.021260,0.014101,0.008459,0.005188,0.003795,0.002504,
0.091390,0.095921,0.090981,0.091557,0.085948,0.085141,0.078592,0.073572,0.069628,0.061898,0.053906,0.048273,0.041811,0.033373,0.024791,0.018791,0.014508,0.009599,0.005673,0.003685,0.002735,
0.086481,0.089713,0.084301,0.085039,0.079558,0.078065,0.072030,0.069947,0.063383,0.057148,0.052760,0.045292,0.037343,0.031887,0.025958,0.018596,0.013126,0.009645,0.006200,0.004036,0.002816,
0.080385,0.082645,0.077960,0.077906,0.074084,0.071784,0.067728,0.064488,0.058037,0.054802,0.047917,0.041713,0.036997,0.029616,0.023649,0.019114,0.013455,0.009158,0.006847,0.004374,0.003066,
0.074785,0.075064,0.070802,0.071040,0.069076,0.065276,0.063197,0.058308,0.054694,0.049854,0.043713,0.039698,0.033200,0.028732,0.023290,0.017892,0.013890,0.009781,0.006993,0.004606,0.003292,
0.067132,0.068018,0.063452,0.063901,0.063463,0.058444,0.057710,0.052497,0.050750,0.044736,0.042180,0.036174,0.032285,0.026957,0.022734,0.017943,0.014022,0.010331,0.007307,0.005028,0.003321,
0.059990,0.061125,0.056609,0.055906,0.056547,0.051593,0.051184,0.047281,0.044804,0.041760,0.037338,0.033966,0.029560,0.026169,0.021919,0.018164,0.014525,0.010890,0.008001,0.005163,0.003586,
0.052773,0.052188,0.047640,0.047283,0.049307,0.044651,0.043773,0.042909,0.038479,0.037473,0.033420,0.031005,0.028462,0.024526,0.021345,0.018308,0.014718,0.011676,0.008716,0.005720,0.003593,
0.041670,0.043341,0.039305,0.038610,0.040809,0.037800,0.035950,0.037029,0.033502,0.031917,0.030269,0.028101,0.025834,0.023093,0.020926,0.018239,0.015386,0.012784,0.009544,0.005911,0.003591,
0.032075,0.035472,0.031604,0.030564,0.032727,0.032762,0.029747,0.029806,0.029595,0.026942,0.026849,0.025132,0.024143,0.022957,0.020939,0.017839,0.016414,0.013902,0.009940,0.006265,0.003409,
nan,0.025014,0.025469,0.024802,0.025765,0.026316,0.024257,0.025031,0.025566,0.024921,0.024568,0.023363,0.023052,0.021992,0.020964,0.019503,0.016933,0.014423,0.009993,0.006342,0.003485,
nan,0.019794,0.022464,nan,nan,0.025955,0.024322,nan,0.030388,0.025472,0.023078,0.022930,0.020990,0.023744,0.021215,0.019816,0.018060,0.014400,0.011209,0.006161,0.003124,
nan,0.127330,0.123034,0.119560,0.117190,0.112169,0.110891,0.103253,0.090023,0.080696,0.075255,0.064187,0.053152,0.041555,0.032342,0.021932,0.017027,0.009109,0.004552,0.003132,0.001809,
0.127187,0.125658,0.122695,0.118131,0.118393,0.114824,0.105330,0.100680,0.092603,0.083271,0.073469,0.064136,0.053782,0.045053,0.034372,0.024629,0.016576,0.010016,0.005478,0.003476,0.002052,
0.120342,0.123682,0.120990,0.119343,0.113146,0.107841,0.101937,0.094641,0.087894,0.080059,0.071112,0.062292,0.052834,0.043410,0.033745,0.025578,0.017004,0.010701,0.005796,0.003693,0.002265,
0.119882,0.122756,0.118711,0.115740,0.111673,0.108319,0.102541,0.094213,0.086204,0.077599,0.067925,0.057928,0.048087,0.037421,0.028284,0.019459,0.012970,0.008249,0.005306,0.003389,0.002419,
0.116503,0.117638,0.113252,0.112971,0.109255,0.103277,0.096694,0.091790,0.086184,0.077902,0.069410,0.058993,0.049246,0.039428,0.029242,0.020876,0.012910,0.007549,0.004510,0.002963,0.002510,
0.113274,0.113026,0.108471,0.108896,0.102885,0.099606,0.095616,0.089340,0.080311,0.071826,0.062778,0.056269,0.048960,0.040453,0.031140,0.022313,0.014273,0.008465,0.004714,0.003033,0.002525,
0.106600,0.108388,0.104185,0.102668,0.097750,0.096057,0.089463,0.082887,0.077431,0.070917,0.063035,0.052950,0.043638,0.034652,0.028130,0.021807,0.015585,0.009471,0.005090,0.003276,nan,
0.102751,0.101375,0.097972,0.096864,0.092277,0.090176,0.083689,0.080215,0.073944,0.065258,0.057198,0.051948,0.044372,0.035160,0.025800,0.018384,0.013845,0.009730,0.005649,0.003560,0.002254,
0.093674,0.094619,0.091228,0.090214,0.087605,0.082810,0.078137,0.075074,0.066924,0.062957,0.056431,0.047314,0.039432,0.033681,0.027027,0.018778,0.012470,0.008607,0.006007,0.003870,0.002128,
0.085265,0.088064,0.085921,0.083107,0.082372,0.076652,0.075099,0.068038,0.064240,0.058543,0.050436,0.045805,0.038926,0.030562,0.024561,0.019571,0.013207,0.008221,0.005915,0.004006,0.002442,
0.080782,0.082197,0.079392,0.076572,0.076351,0.070406,0.068640,0.063078,0.059859,0.052427,0.048744,0.041729,0.035310,0.030260,0.023301,0.017870,0.013477,0.008865,0.006106,0.004148,0.002704,
0.072104,0.074765,0.072794,0.069434,0.069970,0.065512,0.062112,0.059177,0.053962,0.050293,0.044304,0.039126,0.034085,0.027545,0.023408,0.017440,0.013187,0.009200,0.006123,0.004304,0.002762,
0.065169,0.067721,0.066579,0.062323,0.062712,0.061037,0.055575,0.054439,0.048695,0.046032,0.040558,0.036466,0.031043,0.026839,0.021594,0.017458,0.013131,0.009670,0.006642,0.004728,0.002858,
0.057680,0.059908,0.058910,0.055038,0.055090,0.054922,0.049128,0.047982,0.045301,0.040276,0.038058,0.032984,0.029525,0.025321,0.021118,0.017174,0.013494,0.010269,0.007485,0.004705,0.003105,
0.051341,0.052469,0.051485,0.046186,0.046425,0.047120,0.043622,0.040505,0.039953,0.035665,0.032859,0.030672,0.026738,0.023592,0.020203,0.017147,0.013506,0.010631,0.007830,0.005292,0.003473,
0.041486,0.042747,0.043900,0.037482,0.038017,0.039166,0.038200,0.034108,0.033289,0.032223,0.029278,0.026909,0.024642,0.022295,0.019962,0.016801,0.014083,0.011657,0.008568,0.005476,0.003570,
0.033251,0.034786,0.035271,0.030017,0.030253,0.030875,0.031385,0.029611,0.027476,0.026935,0.025663,0.024514,0.022729,0.021333,0.019119,0.016745,0.014855,0.012583,0.009139,0.005964,0.003448,
nan,0.026663,0.028593,0.024961,0.025251,0.024709,0.025354,0.025840,0.024558,0.023767,0.023227,0.022934,0.021170,0.019799,0.019053,0.017676,0.015528,0.012618,0.009459,0.006234,0.003510,
nan,nan,0.026319,0.023074,nan,nan,0.025456,0.023034,0.022252,0.021307,0.021506,0.018509,0.020289,0.017826,0.020008,0.017582,0.015430,0.013199,0.010978,0.006222,0.003372,
nan,0.126355,0.121840,0.127466,0.117246,0.113786,0.103987,0.097013,0.092466,0.080223,0.075315,0.062496,0.054669,0.043765,0.031227,0.023047,0.016321,0.010987,0.005179,0.003254,0.002237,
0.122567,0.126469,0.123725,0.122020,0.117046,0.111695,0.105160,0.099641,0.089900,0.082004,0.073056,0.062975,0.052498,0.043750,0.031948,0.023745,0.015420,0.009624,0.004846,0.003246,0.001847,
0.122659,0.126036,0.122107,0.117442,0.112870,0.109800,0.104057,0.098197,0.091251,0.083039,0.075229,0.064400,0.054642,0.044034,0.033916,0.024483,0.016056,0.009948,0.005112,0.003391,0.001943,
0.120233,0.121043,0.116970,0.117051,0.113207,0.106872,0.100864,0.092590,0.084929,0.076310,0.067390,0.060027,0.050693,0.042328,0.033275,0.024877,0.017071,0.010153,0.005770,0.003668,0.002061,
0.117836,0.115414,0.113400,0.112856,0.107344,0.103318,0.099132,0.093197,0.085270,0.075886,0.066006,0.056319,0.046367,0.036542,0.028544,0.020926,0.014822,0.010167,0.005902,0.003771,0.002249,
0.111979,0.111115,0.110500,0.106996,0.103525,0.100760,0.094188,0.086516,0.079461,0.074520,0.067658,0.057496,0.047081,0.037119,0.027682,0.019144,0.012733,0.008700,0.005547,0.003742,0.002250,
0.106793,0.106629,0.105166,0.102265,0.099432,0.094954,0.088279,0.085389,0.078221,0.069057,0.060419,0.053826,0.047350,0.038528,0.028683,0.019581,0.012182,0.007726,0.005286,0.003718,0.002308,
0.098694,0.100921,0.099980,0.095377,0.093888,0.087583,0.085437,0.079230,0.071127,0.067446,0.059907,0.050135,0.040826,0.034629,0.028503,0.020540,0.012975,0.007670,0.004989,0.003759,0.002273,
0.092216,0.093964,0.095010,0.088460,0.088106,0.082962,0.079996,0.072574,0.069888,0.061905,0.053951,0.049126,0.041152,0.031917,0.024998,0.020137,0.013758,0.008036,0.005056,0.003658,0.002320,
0.086607,0.087860,0.088178,0.082143,0.081407,0.079105,0.072876,0.069916,0.063419,0.057551,0.052551,0.044210,0.037816,0.032194,0.024046,0.017921,0.013704,0.008466,0.005105,0.003796,0.002417,
0.078795,0.080336,0.081430,0.076050,0.074438,0.073396,0.066881,0.064779,0.057882,0.054563,0.046879,0.042809,0.035459,0.028905,0.024004,0.017372,0.012777,0.008777,0.005596,0.003882,0.002607,
0.073586,0.074299,0.074783,0.070745,0.067115,0.066939,0.062764,0.058221,0.055705,0.048983,0.045319,0.038275,0.033934,0.027749,0.022373,0.017311,0.012072,0.009051,0.005936,0.004084,0.002743,
0.061823,0.066380,0.067498,0.064703,0.059799,0.059754,0.058151,0.052003,0.050077,0.045319,0.040435,0.036463,0.030772,0.026871,0.021408,0.017077,0.012790,0.009329,0.006344,0.004451,0.002888,
0.058292,0.059083,0.060358,0.057899,0.052316,0.052268,0.051674,0.047744,0.043433,0.041471,0.036659,0.032940,0.029262,0.024503,0.020405,0.016344,0.012552,0.009605,0.006798,0.004582,0.003163,
nan,0.051292,0.051431,0.051046,0.045184,0.044013,0.043817,0.042457,0.038151,0.035186,0.033454,0.029585,0.026282,0.022956,0.019540,0.016090,0.012747,0.009794,0.007180,0.004941,0.003176,
nan,0.041399,0.043233,0.043168,0.038826,0.035447,0.035571,0.035730,0.034083,0.030586,0.028317,0.026435,0.023822,0.021194,0.018842,0.015644,0.013111,0.010733,0.007802,0.005238,0.003358,
nan,0.032819,0.033701,0.034336,0.032766,0.029349,0.028005,0.028287,0.027867,0.026909,0.024859,0.023269,0.021543,0.020002,0.017529,0.015755,0.013653,0.011566,0.008407,0.005733,0.003417,
nan,0.024103,0.026168,0.025962,0.026272,0.024569,0.023300,0.024024,0.022907,0.023077,0.022193,0.020466,0.019707,0.018632,0.017541,0.016187,0.013890,0.012026,0.009017,0.006023,0.003485,
nan,0.024636,0.020469,0.023915,0.023474,0.021583,0.021519,0.020856,0.021042,0.022261,0.020109,0.021003,0.020730,0.017638,0.017372,0.015589,0.013359,0.010743,0.010306,0.006558,0.004430,
nan,0.123335,0.120367,0.123802,0.115418,0.106709,0.103906,0.098389,0.091235,0.080056,0.069925,0.062132,0.050699,0.042369,0.031698,0.021524,0.014335,0.008129,0.004459,0.003230,0.001752,
0.125914,0.125614,0.122095,0.121996,0.116159,0.111008,0.107487,0.098048,0.091350,0.081837,0.072768,0.063218,0.052292,0.042582,0.032382,0.022934,0.014186,0.008809,0.004688,0.003335,0.001860,
0.121219,0.124165,0.121426,0.117817,0.114940,0.110739,0.104499,0.098562,0.089846,0.081276,0.072517,0.062353,0.052092,0.042125,0.031601,0.022771,0.014641,0.008562,0.004644,0.003190,0.001854,
0.120485,0.119887,0.117343,0.116262,0.111686,0.105698,0.098672,0.093237,0.088748,0.081612,0.073209,0.062648,0.052811,0.042429,0.031991,0.023090,0.014981,0.008488,0.004694,0.003157,0.001892,
0.116245,0.118489,0.114125,0.112242,0.108310,0.105491,0.098831,0.092192,0.082657,0.074201,0.065426,0.059645,0.050673,0.042599,0.032697,0.023255,0.014905,0.008819,0.004671,0.003109,0.001931,
0.109103,0.112330,0.112349,0.107246,0.105551,0.099431,0.092446,0.088969,0.082774,0.073770,0.063822,0.054132,0.044968,0.037835,0.030687,0.023241,0.015259,0.009042,0.004752,0.003150,0.001799,
0.103439,0.106175,0.107126,0.101316,0.099298,0.092358,0.091989,0.083797,0.075469,0.071441,0.063692,0.054477,0.044084,0.034228,0.027560,0.021663,0.015595,0.009197,0.004780,0.003057,nan,
0.100282,0.101324,0.100900,0.096283,0.093344,0.090895,0.084059,0.078199,0.074642,0.065801,0.057128,0.051637,0.044368,0.034267,0.025080,0.018790,0.014625,0.009150,0.004976,0.003064,0.002444,
0.094810,0.095735,0.094033,0.091275,0.086102,0.085351,0.077532,0.075442,0.066820,0.062492,0.055665,0.046697,0.040568,0.034290,0.025158,0.017579,0.013224,0.009080,0.005105,0.003218,0.002387,
0.087451,0.086894,0.087538,0.085738,0.079283,0.078223,0.074509,0.068560,0.064410,0.057632,0.050244,0.045797,0.037275,0.030950,0.025366,0.017701,0.012409,0.008933,0.005200,0.003218,0.002359,
0.080620,0.080966,0.080789,0.079447,0.074041,0.071186,0.069760,0.062817,0.059704,0.053244,0.048512,0.040961,0.036461,0.028634,0.023572,0.017696,0.011641,0.008872,0.005513,0.003413,0.002420,
nan,0.073482,0.073821,0.072746,0.069271,0.064162,0.062831,0.059992,0.053291,0.050518,0.043599,0.039396,0.032468,0.028117,0.021650,0.017436,0.012218,0.008638,0.005656,0.003691,0.002590,
0.066581,0.066579,0.066186,0.065500,0.063431,0.057982,0.055781,0.054166,0.049708,0.044398,0.041328,0.035237,0.031162,0.025822,0.021164,0.016425,0.012327,0.008941,0.005944,0.004007,0.002749,
0.056310,0.058284,0.058242,0.057797,0.056950,0.053006,0.048461,0.046922,0.045338,0.040395,0.036289,0.033116,0.028595,0.024240,0.020246,0.015896,0.011966,0.008951,0.006345,0.004432,0.002934,
nan,0.049467,0.049779,0.049413,0.049064,0.046951,0.043094,0.039448,0.038319,0.036115,0.032581,0.028957,0.025729,0.022497,0.018903,0.015368,0.012191,0.009339,0.006648,0.004713,0.003132,
nan,0.040568,0.040831,0.040733,0.040301,0.039615,0.037683,0.033735,0.031363,0.029950,0.028314,0.026152,0.023178,0.020681,0.017835,0.014915,0.012625,0.010144,0.007289,0.004983,0.003330,
nan,0.031780,0.032483,0.032411,0.031540,0.031592,0.030840,0.029283,0.027105,0.024948,0.024083,0.022256,0.020776,0.018785,0.016425,0.014767,0.012618,0.010601,0.007908,0.005562,0.003529,
nan,0.025765,0.024039,0.024057,0.023835,0.023876,0.024218,0.023870,0.023660,0.021945,0.020552,0.019844,0.019303,0.017624,0.016007,0.014913,0.013097,0.010979,0.008659,0.005985,0.003592,
nan,nan,nan,nan,nan,0.022105,0.021513,0.020784,0.021327,0.020187,0.018660,0.018770,0.017599,0.016356,0.015597,0.015285,0.013065,0.011325,nan,0.006856,0.004342,
nan,0.126176,0.125833,0.120704,0.115719,0.111723,0.107394,0.100223,0.085600,nan,0.064677,0.057482,0.047432,0.036515,0.033889,0.021874,0.015202,0.008443,0.004713,0.002794,nan,
0.124044,0.123924,0.125039,0.119920,0.116947,0.110755,0.105337,0.097699,0.090684,0.079698,0.070644,0.061174,0.051742,0.040962,0.031309,0.021272,0.014214,0.008049,0.004587,0.003001,nan,
0.123302,0.123528,0.119668,0.118732,0.115687,0.111700,0.105362,0.097874,0.089177,0.080924,0.070469,0.060404,0.050164,0.039807,0.030217,0.021073,0.013720,0.007649,0.004546,0.002835,nan,
0.121169,0.120938,0.118701,0.116370,0.110554,0.106878,0.102981,0.096143,0.088704,0.080100,0.070426,0.060431,0.049905,0.039886,0.029621,0.020113,0.012835,0.007303,0.004202,0.002666,nan,
0.119094,0.116471,0.116798,0.110415,0.109962,0.104357,0.096488,0.089140,0.085130,0.078857,0.070067,0.059728,0.049299,0.039392,0.029159,0.020323,0.012722,0.007173,0.004287,0.002756,0.002289,
0.110406,0.113266,0.111584,0.107354,0.103941,0.098304,0.096166,0.088564,0.079184,0.070839,0.066158,0.059171,0.049312,0.038798,0.028865,0.020107,0.012452,0.007151,0.004566,0.003246,0.002224,
0.107585,0.106779,0.105141,0.103628,0.098020,0.096437,0.089221,0.083592,0.079837,0.069971,0.060197,0.052861,0.047082,0.038630,0.028560,0.019461,0.011878,0.007372,0.004944,0.003510,0.002179,
0.099793,0.100480,0.099360,0.098667,0.091527,0.090166,0.084103,0.079909,0.070975,0.067658,0.059938,0.049552,0.041223,0.036103,0.028070,0.019271,0.012046,0.007715,0.004971,0.003602,0.002107,
0.092578,0.094020,0.092966,0.091790,0.088213,0.082558,0.080802,0.072929,0.069954,0.061355,0.054764,0.049320,0.039502,0.031948,0.027047,0.019204,0.012111,0.007705,0.005293,0.003453,0.002002,
0.086598,0.088516,0.085938,0.085085,0.083432,0.076612,0.073817,0.070142,0.063191,0.059208,0.051300,0.043953,0.038952,0.030065,0.024418,0.018757,0.012169,0.007823,0.005322,0.003377,0.002119,
nan,0.079663,0.078942,0.077982,0.076506,0.072441,0.066926,0.064824,0.059150,0.053725,0.048442,0.041802,0.035065,0.029557,0.022050,0.018292,0.012188,0.007844,0.005514,0.003392,0.002422,
0.073451,0.072952,0.071926,0.070926,0.069615,0.068054,0.062153,0.057726,0.055381,0.048989,0.044161,0.039426,0.032969,0.028058,0.021964,0.016807,0.012053,0.007872,0.005549,0.003434,0.002517,
0.065511,0.065478,0.064768,0.063563,0.062530,0.060991,0.058021,0.052054,0.048684,0.045587,0.040355,0.035638,0.031425,0.025367,0.020982,0.015564,0.012006,0.008104,0.005584,0.003765,0.002741,
nan,0.057390,0.056794,0.056014,0.054951,0.053455,0.051713,0.048391,0.043492,0.039779,0.036691,0.033074,0.027965,0.023974,0.019780,0.015552,0.011663,0.008443,0.005991,0.004076,0.002771,
0.049746,0.049110,0.048385,0.047094,0.046031,0.045185,0.043501,0.041942,0.039314,0.035376,0.031665,0.028961,0.025634,0.022043,0.018463,0.014912,0.011921,0.009045,0.006342,0.004579,0.003174,
nan,0.039445,0.039544,0.038651,0.037034,0.036519,0.035133,0.033886,0.033007,0.030736,0.028578,0.025010,0.022470,0.020079,0.017252,0.014463,0.011874,0.009518,0.006948,0.004831,0.003494,
nan,0.031103,0.030070,0.029024,0.028669,0.027696,0.026940,0.026645,0.025979,0.024555,0.023550,0.021779,0.020066,0.018244,0.016162,0.014074,0.012098,0.009917,0.007500,0.005370,0.003651,
nan,0.022392,0.023779,0.023238,0.022073,0.022575,0.022428,0.021916,0.021524,0.021114,0.019987,0.018537,0.018264,0.016736,0.015600,0.014217,0.012479,0.010397,0.008656,0.005775,0.004333,
nan,nan,nan,nan,nan,0.021635,0.021093,0.019805,0.020495,0.019556,0.019387,0.017215,0.018144,0.017782,0.014468,0.014065,0.011883,0.009776,0.006002,0.006750,0.003838,
nan,0.124815,0.128735,0.115818,0.115504,0.117168,0.101927,0.096012,0.087980,0.081878,0.073606,0.061530,0.050783,0.043391,0.031879,0.022769,0.015696,0.008124,0.004503,0.003294,nan,
0.123682,0.123979,0.121439,0.118953,0.115211,0.110138,0.103342,0.095227,0.088811,0.078802,0.070427,0.061807,0.050659,0.038989,0.029181,0.021657,0.013143,0.007362,0.004239,0.002924,nan,
0.126207,0.124069,0.121368,0.119260,0.115865,0.110456,0.104099,0.095705,0.087851,0.078691,0.069524,0.058910,0.049172,0.038303,0.029027,0.019757,0.012467,0.007110,0.004197,0.002719,0.002241,
0.118307,0.121633,0.119949,0.114227,0.111265,0.108829,0.102725,0.095139,0.086651,0.077408,0.067796,0.057006,0.047050,0.036997,0.027610,0.019368,0.013126,0.008428,0.005080,0.003304,0.002147,
0.115322,0.116392,0.115011,0.112593,0.109019,0.102696,0.097710,0.094054,0.085856,0.075850,0.066370,0.056374,0.046153,0.036221,0.028912,0.021506,0.015050,0.009827,0.005664,0.003583,0.002100,
0.113195,0.110581,0.109979,0.109042,0.102200,0.101199,0.094011,0.086231,0.082242,0.075949,0.065350,0.055089,0.044951,0.034806,0.028615,0.021598,0.015857,0.009581,0.005088,0.003159,0.001916,
0.098978,0.105279,0.104608,0.103728,0.099301,0.094641,0.090170,0.085046,0.075285,0.070535,0.064263,0.054763,0.044034,0.034016,0.027067,0.021440,0.015490,0.008972,0.004573,0.002914,0.001829,
0.098934,0.098894,0.098388,0.096751,0.095590,0.087521,0.085689,0.077744,0.074855,0.065523,0.057668,0.052628,0.043317,0.033182,0.025679,0.020151,0.014401,0.008337,0.004429,0.002797,0.002294,
0.095760,0.092259,0.091518,0.089942,0.088534,0.085035,0.078195,0.075815,0.067056,0.064308,0.054482,0.046959,0.042057,0.032628,0.023861,0.019295,0.013535,0.007736,0.004405,0.003193,0.002112,
0.086323,0.086183,0.084856,0.082739,0.081490,0.079800,0.073575,0.068772,0.065556,0.057071,0.052979,0.044395,0.037745,0.031613,0.023425,0.018223,0.012943,0.007618,0.004798,0.003428,0.002151,
0.078073,0.079589,0.078048,0.075888,0.074523,0.072436,0.070388,0.063171,0.058819,0.055178,0.047092,0.043038,0.034903,0.030011,0.022968,0.016712,0.012509,0.007687,0.005204,0.003478,0.002208,
nan,0.072295,0.070768,0.069027,0.067339,0.065292,0.063120,0.060275,0.053683,0.048830,0.045279,0.037912,0.033533,0.026757,0.021941,0.015946,0.012294,0.007788,0.005511,0.003492,0.002556,
nan,0.065113,0.063457,0.061753,0.059874,0.057957,0.055628,0.053599,0.050464,0.045207,0.039726,0.036046,0.030682,0.025695,0.021279,0.015805,0.012103,0.008141,0.005706,0.003702,0.002554,
0.056125,0.056652,0.055507,0.053636,0.051926,0.050413,0.048278,0.045907,0.043753,0.041088,0.037109,0.031947,0.028134,0.023757,0.019076,0.015325,0.011801,0.008454,0.005813,0.003867,0.002797,
nan,0.048011,0.046611,0.045051,0.045422,0.044798,0.042372,0.039517,0.036899,0.034439,0.032075,0.028777,0.025742,0.021592,0.018145,0.014577,0.011526,0.008707,0.006132,0.004316,0.002987,
0.041208,0.038959,0.037123,0.036751,0.039062,0.038243,0.036769,0.035535,0.032670,0.029714,0.027402,0.024578,0.022374,0.019663,0.016929,0.014143,0.011535,0.009091,0.006857,0.004824,0.003475,
nan,0.030151,0.029080,0.029947,0.031931,0.031474,0.029958,0.028856,0.026925,0.025106,0.023506,0.021853,0.019970,0.017739,0.015560,0.013865,0.011742,0.009553,0.007274,0.005299,0.003704,
nan,0.023363,0.023667,0.025275,0.024856,0.025245,0.023340,0.021821,0.021308,0.020415,0.018835,0.019142,0.017876,0.015926,0.015026,0.013739,0.011978,0.010222,0.008226,0.005913,0.004349,
nan,nan,nan,0.022466,0.022809,0.022091,0.023010,0.020331,0.019514,0.016765,0.017865,0.016614,0.015902,0.015418,0.014364,0.013529,0.012004,0.010260,0.007414,0.006900,0.004138,
nan,0.125720,0.122173,0.118886,0.117250,0.107697,0.103215,0.097225,0.092348,0.077036,0.070710,0.062508,0.051907,0.040718,0.032738,0.020517,0.012595,0.008533,0.004035,0.003250,nan,
0.127424,0.126112,0.121565,0.119359,0.114431,0.110602,0.103708,0.095813,0.087679,0.078547,0.069697,0.057983,0.049777,0.039104,0.028380,0.019768,0.012764,0.007436,0.004154,0.002769,nan,
0.122957,0.124053,0.122486,0.120530,0.113808,0.108949,0.101848,0.094941,0.084754,0.078287,0.067663,0.057419,0.046933,0.038907,0.030094,0.021652,0.014596,0.009021,0.005370,0.003283,0.002305,
0.119562,0.120290,0.118814,0.114592,0.114599,0.108015,0.100676,0.091902,0.084732,0.075578,0.067434,0.059886,0.052517,0.043140,0.033836,0.024719,0.016801,0.009705,0.005267,0.003458,0.001944,
0.117495,0.115608,0.115046,0.115151,0.107143,0.105377,0.099767,0.092529,0.082925,0.073698,0.065602,0.060164,0.052139,0.042304,0.032533,0.022748,0.014706,0.008517,0.004515,0.002913,0.001874,
0.115171,0.110114,0.109959,0.108529,0.105344,0.099513,0.092963,0.090336,0.081512,0.071923,0.062584,0.057311,0.050239,0.040550,0.030324,0.021387,0.013177,0.007542,0.004046,0.002764,0.002198,
0.105964,0.104967,0.104247,0.101919,0.100809,0.094085,0.090529,0.081774,0.080051,0.070525,0.060540,0.052074,0.047323,0.038582,0.028575,0.019323,0.011962,0.007229,0.004691,0.003280,0.002124,
0.099300,0.098608,0.097224,0.094984,0.093279,0.091107,0.082692,0.080340,0.071153,0.067828,0.059219,0.049297,0.042930,0.036404,0.026859,0.018005,0.011862,0.008349,0.005026,0.003303,0.001884,
0.093428,0.091841,0.090183,0.088093,0.086319,0.084238,0.081606,0.072843,0.070112,0.060476,0.057136,0.047627,0.038812,0.034488,0.026078,0.017417,0.012489,0.008636,0.004940,0.002985,0.002293,
0.085159,0.084950,0.083516,0.081477,0.079589,0.076716,0.074690,0.071028,0.062452,0.059288,0.050362,0.046153,0.037219,0.031291,0.024716,0.016992,0.012650,0.008313,0.004565,0.003001,0.002153,
0.080917,0.078921,0.076763,0.076120,0.074002,0.070145,0.067044,0.064118,0.060581,0.052388,0.048508,0.041003,0.035588,0.028232,0.023612,0.016573,0.012356,0.007875,0.004717,0.003505,0.002217,
0.072900,0.071483,0.069713,0.070865,0.070129,0.066219,0.061734,0.057234,0.054149,0.050352,0.043356,0.038858,0.034118,0.027496,0.022598,0.016442,0.012186,0.007864,0.005073,0.003491,0.002247,
0.065359,0.063622,0.063661,0.065092,0.064545,0.061864,0.057949,0.053546,0.048150,0.044508,0.040554,0.036472,0.030124,0.025505,0.020481,0.015803,0.011792,0.008130,0.005525,0.003644,0.002584,
0.057323,0.055875,0.056383,0.058875,0.057164,0.054588,0.051859,0.048875,0.045333,0.040813,0.035761,0.032111,0.028130,0.024063,0.019031,0.015062,0.011468,0.008224,0.005844,0.003882,0.002788,
nan,0.047004,0.047885,0.050915,0.048926,0.046125,0.043743,0.041375,0.038577,0.035400,0.032642,0.029168,0.025208,0.021368,0.017955,0.014477,0.011193,0.008534,0.006102,0.004202,0.002991,
0.040539,0.037508,0.039980,0.042392,0.039516,0.037429,0.035565,0.033098,0.030998,0.028881,0.026971,0.024932,0.022317,0.019447,0.016522,0.013980,0.011413,0.008884,0.006793,0.004789,0.003407,
nan,0.028704,0.033196,0.032951,0.030814,0.028655,0.026763,0.026038,0.025893,0.024380,0.023717,0.021523,0.019541,0.017643,0.015448,0.013554,0.011397,0.009140,0.007465,0.005160,0.004020,
nan,0.021880,0.026325,0.025583,0.023771,0.021422,0.022141,0.022861,0.021649,0.020497,0.019248,0.018481,0.017029,0.016083,0.014658,0.013358,0.011794,0.010100,0.008057,0.006189,0.004124,
nan,nan,0.020752,0.021954,0.019921,nan,0.021273,0.019803,0.018412,0.017850,0.018788,0.015922,0.016151,0.015029,0.013720,0.012831,0.011513,0.009607,0.006699,0.006414,0.005556,
nan,0.124737,0.122202,0.114312,0.118592,0.110049,0.107927,0.097658,0.091045,0.081565,0.068821,0.058299,0.051941,0.040226,0.031097,0.022434,0.015034,0.009117,0.004817,0.003145,nan,
0.125882,0.126674,0.122333,0.119907,0.115824,0.109467,0.104751,0.095361,0.086288,0.076548,0.067655,0.058354,0.047956,0.037586,0.028025,0.020181,0.013217,0.007123,0.004175,0.002579,0.002687,
0.125565,0.123788,0.124763,0.118768,0.113510,0.107286,0.100760,0.093743,0.088520,0.080688,0.073271,0.063748,0.055152,0.044816,0.034171,0.025195,0.017591,0.010025,0.005371,0.003498,0.001965,
0.126379,0.119193,0.117792,0.116997,0.112772,0.106490,0.099006,0.093115,0.089810,0.082490,0.072820,0.063332,0.051985,0.042738,0.031617,0.022503,0.014592,0.008381,0.004463,0.002956,0.001827,
0.112099,0.115259,0.114209,0.112668,0.107492,0.104512,0.096995,0.089057,0.085001,0.079305,0.069878,0.059497,0.049204,0.039058,0.029080,0.020182,0.012574,0.007205,0.004277,0.002808,0.002183,
0.113253,0.111602,0.108757,0.106362,0.105458,0.096879,0.096253,0.087410,0.078778,0.075117,0.067169,0.056941,0.046530,0.035888,0.026961,0.019202,0.013525,0.008934,0.005314,0.003266,0.001938,
0.106883,0.105523,0.103213,0.099862,0.098173,0.096358,0.087537,0.085942,0.076163,0.068936,0.064882,0.054920,0.043983,0.034114,0.027111,0.021543,0.015189,0.008873,0.004576,0.002917,0.002012,
0.102329,0.098760,0.097069,0.095014,0.091592,0.089228,0.086548,0.077492,0.075067,0.065225,0.058729,0.052466,0.042091,0.032615,0.027375,0.020957,0.013646,0.007545,0.004233,0.002857,0.002120,
0.095417,0.091558,0.092918,0.091886,0.088722,0.082096,0.078976,0.076351,0.067154,0.063408,0.053408,0.049542,0.040341,0.031298,0.026280,0.019527,0.012140,0.007112,0.004835,0.003254,0.001981,
0.088065,0.084220,0.087643,0.086004,0.084166,0.080540,0.072930,0.068102,0.064858,0.057073,0.051776,0.044300,0.038557,0.029496,0.025083,0.018152,0.011477,0.007917,0.005026,0.003018,0.002177,
0.080745,0.077470,0.080795,0.079049,0.076927,0.073791,0.070300,0.064844,0.057960,0.053664,0.049065,0.041521,0.036747,0.029070,0.023298,0.017129,0.011088,0.008385,0.004877,0.003100,0.002207,
0.072242,0.071707,0.074239,0.072097,0.069466,0.066354,0.063087,0.059998,0.055665,0.049102,0.043868,0.039359,0.032194,0.027567,0.021589,0.016440,0.011557,0.007886,0.004828,0.003556,0.002293,
0.063404,0.063577,0.067294,0.065027,0.062170,0.058683,0.055550,0.052598,0.049422,0.045729,0.041415,0.035111,0.030811,0.025800,0.019853,0.015726,0.011418,0.007974,0.005354,0.003587,0.002535,
0.056971,0.055761,0.059513,0.057850,0.054372,0.051203,0.048324,0.045493,0.042878,0.039436,0.036421,0.032393,0.028424,0.023673,0.019234,0.014985,0.011214,0.008101,0.005900,0.003950,0.002815,
0.047716,0.048751,0.051518,0.049517,0.045704,0.042831,0.042630,0.040984,0.038838,0.035671,0.032496,0.028506,0.024568,0.021531,0.017836,0.014355,0.010908,0.008477,0.005963,0.004077,0.003001,
0.041585,0.035859,0.042395,0.040383,0.037041,0.035454,0.036845,0.035281,0.032947,0.029825,0.027581,0.025010,0.022267,0.019486,0.016682,0.013869,0.011297,0.008804,0.006774,0.004888,0.003431,
0.030324,0.030517,0.034281,0.031377,0.028196,0.029789,0.029681,0.027851,0.025400,0.023479,0.022116,0.020610,0.018977,0.017658,0.015586,0.013518,0.011335,0.009275,0.007342,0.005282,0.004005,
nan,0.022109,0.027379,0.023216,0.021694,0.024402,0.023511,0.020583,0.020705,0.019988,0.019372,0.018272,0.016798,0.015795,0.014185,0.013170,0.011628,0.009939,0.008023,0.006278,0.004518,
nan,nan,0.023517,nan,0.019156,0.019316,0.021862,0.018067,0.019800,0.017958,0.017609,0.017573,0.016670,0.015054,0.015162,0.012820,0.011374,0.010768,0.007623,0.007070,0.005801,
nan,0.125534,0.120597,0.122575,0.111482,0.112614,0.102282,0.095612,0.091661,0.084095,0.074238,0.062316,0.049500,0.039958,0.031662,0.021611,0.012180,0.007927,0.004512,0.003326,nan,
0.125410,0.124527,0.123141,0.119228,0.113435,0.108188,0.102255,0.097135,0.087819,0.080111,0.071308,0.061228,0.050796,0.039571,0.031930,0.022969,0.014264,0.008234,0.004675,0.003001,0.002162,
0.125317,0.122811,0.122081,0.117245,0.112392,0.107298,0.107672,0.098079,0.091617,0.082429,0.074174,0.064484,0.053656,0.043529,0.033067,0.024420,0.015550,0.009525,0.004825,0.003117,0.001850,
0.123436,0.118896,0.118215,0.116639,0.111024,0.105028,0.104034,0.096569,0.088829,0.079841,0.070167,0.059736,0.049728,0.039063,0.029444,0.020176,0.012686,0.007186,0.004163,0.002648,0.002128,
0.116824,0.115558,0.113309,0.111464,0.110401,0.102184,0.096985,0.093662,0.085517,0.076227,0.066089,0.055985,0.046354,0.036986,0.028845,0.021275,0.014935,0.009201,0.005116,0.003385,0.001986,
0.109823,0.109257,0.110143,0.105159,0.103224,0.101747,0.093313,0.089829,0.083266,0.074128,0.063511,0.054001,0.046914,0.040166,0.031286,0.022570,0.014474,0.008298,0.004363,0.002794,0.001907,
0.106354,0.103616,0.106993,0.104656,0.097555,0.093986,0.092033,0.082533,0.080416,0.070912,0.060731,0.052272,0.047298,0.038232,0.028590,0.019440,0.012111,0.007247,0.004411,0.003076,0.002022,
0.098976,0.098006,0.101542,0.097974,0.096272,0.090887,0.083638,0.080857,0.070798,0.068096,0.058252,0.049157,0.045174,0.035829,0.025843,0.017619,0.012774,0.008680,0.004906,0.003027,0.001902,
0.092935,0.093189,0.094836,0.091504,0.089034,0.085635,0.081845,0.072743,0.069245,0.060846,0.055957,0.046287,0.042069,0.033408,0.024105,0.018481,0.013662,0.008029,0.004328,0.002918,0.002098,
0.086176,0.086418,0.087928,0.084397,0.081387,0.077844,0.074467,0.070726,0.062967,0.057668,0.053713,0.044725,0.038773,0.031023,0.022781,0.018850,0.012581,0.007234,0.004664,0.003218,0.002091,
0.076602,0.079562,0.081775,0.078242,0.074279,0.070417,0.066801,0.063610,0.059723,0.054957,0.047005,0.042220,0.034431,0.029457,0.021899,0.018040,0.011790,0.007549,0.005094,0.003187,0.002216,
0.071560,0.072606,0.074602,0.071335,0.067320,0.064255,0.061404,0.057652,0.053218,0.049366,0.044583,0.039470,0.033124,0.028121,0.021108,0.016827,0.011353,0.008025,0.005071,0.003323,0.002271,
0.065821,0.066583,0.066952,0.063744,0.060269,0.059751,0.058246,0.054602,0.050836,0.045907,0.040071,0.035636,0.030813,0.026261,0.020359,0.015796,0.011140,0.008083,0.005172,0.003701,0.002450,
0.056793,0.057981,0.059041,0.055511,0.052945,0.054651,0.052020,0.047961,0.044596,0.040499,0.036822,0.032877,0.028600,0.023250,0.019359,0.015043,0.010774,0.008134,0.005678,0.003860,0.002897,
0.047406,0.047777,0.050665,0.046956,0.046076,0.047234,0.043933,0.040074,0.037068,0.034137,0.031092,0.028375,0.025068,0.021545,0.017758,0.014544,0.011013,0.008464,0.006199,0.004178,0.003193,
nan,0.038940,0.042284,0.037918,0.038875,0.038947,0.035120,0.032808,0.031655,0.030195,0.027980,0.024997,0.022089,0.019453,0.016990,0.013896,0.011244,0.008815,0.006753,0.004819,0.003560,
0.030930,0.032972,0.032282,0.029250,0.031531,0.030087,0.027136,0.026721,0.026707,0.024612,0.022583,0.020819,0.018711,0.017035,0.015305,0.013494,0.011286,0.009342,0.007397,0.005612,0.004212,
nan,0.025176,0.024837,0.023776,0.024253,0.022458,0.020954,0.022359,0.020695,0.019118,0.019140,0.018400,0.016988,0.015850,0.014704,0.012643,0.011794,0.009972,0.008399,0.006310,0.004589,
nan,0.024339,0.022651,nan,0.021083,0.021149,0.018785,0.019172,0.018543,0.017525,0.016979,0.017724,0.014749,0.017982,0.013831,0.012532,0.012005,0.009468,0.007731,0.006723,0.005586,
nan,0.127311,0.120711,0.117475,0.115294,0.115156,0.104036,0.092793,0.090971,0.083485,0.069803,0.059515,0.048539,0.043044,0.028559,0.021839,0.012542,0.008007,0.004530,0.003029,nan,
0.128289,0.126299,0.121359,0.118146,0.113457,0.108973,0.105716,0.097315,0.090831,0.080984,0.072687,0.061730,0.052816,0.042918,0.032974,0.023150,0.014877,0.009210,0.005375,0.003212,0.002044,
0.122326,0.122956,0.121504,0.117398,0.114497,0.112558,0.103973,0.099888,0.089996,0.082251,0.072168,0.062059,0.051709,0.041471,0.031146,0.022188,0.014177,0.008430,0.004496,0.002934,0.001858,
0.121968,0.119883,0.117216,0.116282,0.111155,0.109559,0.102354,0.094893,0.086055,0.077475,0.067826,0.057584,0.047409,0.038283,0.029346,0.020940,0.013972,0.008259,0.004839,0.003180,0.001973,
0.121840,0.115436,0.117743,0.108260,0.108303,0.103626,0.100268,0.092264,0.082609,0.073452,0.066400,0.060015,0.051122,0.041711,0.031901,0.023092,0.014946,0.008579,0.004585,0.002876,0.001810,
0.111137,0.111972,0.112169,0.109583,0.104418,0.098772,0.097047,0.089052,0.079591,0.071868,0.067245,0.058744,0.048258,0.037932,0.028403,0.019177,0.012330,0.007420,0.004507,0.002983,0.001980,
0.107649,0.107514,0.107029,0.103165,0.100976,0.098312,0.088346,0.086941,0.076435,0.068639,0.065075,0.054916,0.044179,0.034553,0.026678,0.021085,0.014651,0.008916,0.004710,0.002924,0.001829,
0.099550,0.101732,0.100566,0.096933,0.093594,0.090227,0.087324,0.077169,0.074470,0.065019,0.061427,0.051535,0.041375,0.034422,0.028332,0.020403,0.012980,0.007222,0.004222,0.002930,0.002079,
0.091155,0.094631,0.094211,0.090348,0.086504,0.082374,0.078803,0.075669,0.068675,0.062113,0.055681,0.048352,0.038963,0.033818,0.026493,0.017930,0.011628,0.008057,0.004893,0.003097,0.001933,
0.088515,0.088232,0.087304,0.083440,0.079858,0.076823,0.072428,0.068097,0.063752,0.059398,0.050176,0.045924,0.036801,0.032403,0.024392,0.016802,0.012882,0.008102,0.004457,0.002965,0.002182,
0.081205,0.081380,0.080833,0.076396,0.074781,0.074109,0.069717,0.065741,0.060021,0.052925,0.048241,0.043364,0.035534,0.030899,0.023034,0.017112,0.012318,0.007291,0.004867,0.003344,0.002173,
0.075405,0.074433,0.073516,0.069047,0.069582,0.067704,0.063541,0.059042,0.055032,0.050377,0.045408,0.038276,0.033343,0.028098,0.021780,0.017020,0.011715,0.007613,0.005213,0.003315,0.002422,
0.065291,0.066717,0.066397,0.062156,0.063442,0.060425,0.056151,0.052074,0.048499,0.044292,0.040573,0.035917,0.031324,0.025004,0.020539,0.016433,0.011675,0.008251,0.005273,0.003716,0.002508,
0.057361,0.058890,0.058201,0.054877,0.056592,0.052748,0.048857,0.047094,0.045098,0.041721,0.037695,0.033241,0.027570,0.023836,0.019335,0.015676,0.011229,0.008174,0.005564,0.003943,0.002958,
0.047229,0.051115,0.048864,0.046900,0.048687,0.044038,0.042471,0.041989,0.038872,0.035241,0.032025,0.028812,0.025227,0.021695,0.018025,0.014684,0.011286,0.008434,0.006388,0.004281,0.003222,
0.040782,0.042669,0.041084,0.038597,0.039896,0.035239,0.036658,0.034818,0.031238,0.028594,0.027413,0.025110,0.022376,0.019685,0.017129,0.013827,0.011340,0.008839,0.006767,0.004905,0.003565,
0.032470,0.034069,0.030746,0.031026,0.031436,0.028355,0.030559,0.026831,0.024647,0.024790,0.022762,0.021050,0.019328,0.017633,0.015612,0.013257,0.011519,0.009447,0.007489,0.005900,0.004395,
nan,nan,0.024214,0.023714,0.023028,0.021563,0.022708,0.021048,0.021009,0.020119,0.017752,0.017851,0.017511,0.015788,0.014587,0.012964,0.011609,0.010006,0.008603,0.006522,0.005234,
nan,0.020959,nan,0.020453,0.022043,0.018300,nan,0.022639,0.018484,0.016614,0.016930,0.017415,0.015293,0.013675,0.014755,0.013260,0.011409,0.009766,0.008585,0.007704,0.005735,
nan,0.125061,0.122210,0.118909,0.116624,0.112916,0.105694,0.094300,0.089534,0.078994,0.073218,0.059305,0.051388,0.039776,0.032778,0.022063,0.014011,0.006649,0.003587,0.003028,nan,
0.126244,0.124461,0.123255,0.118280,0.116386,0.113474,0.107033,0.099353,0.092032,0.081719,0.074151,0.064587,0.053760,0.043021,0.032832,0.023316,0.014738,0.009079,0.005070,0.003425,0.002101,
0.124727,0.122140,0.120401,0.122454,0.115272,0.110117,0.104478,0.097501,0.088340,0.079900,0.070443,0.060815,0.050970,0.040084,0.029963,0.021282,0.013659,0.007813,0.004299,0.002802,0.001818,
0.124199,0.121161,0.122919,0.114692,0.115482,0.107742,0.100172,0.092278,0.084717,0.077052,0.068969,0.060161,0.051655,0.041377,0.032447,0.023030,0.015425,0.009298,0.005113,0.003205,0.001978,
0.121905,0.118067,0.116337,0.114052,0.106293,0.105263,0.097234,0.089428,0.086106,0.079222,0.070115,0.059661,0.049269,0.039334,0.029097,0.020591,0.012831,0.007394,0.004123,0.002783,0.002165,
0.116874,0.113785,0.111446,0.107609,0.105630,0.098975,0.094477,0.085996,0.084660,0.075653,0.064892,0.054647,0.045223,0.036962,0.029248,0.021951,0.015099,0.008806,0.004986,0.003124,0.001910,
0.107363,0.107550,0.105231,0.101799,0.098544,0.095504,0.092936,0.082857,0.080633,0.070895,0.060810,0.052131,0.047121,0.038560,0.028983,0.019982,0.012562,0.007443,0.004181,0.002799,0.002076,
0.100061,0.102157,0.099262,0.095452,0.092210,0.087836,0.083988,0.080725,0.070996,0.067570,0.057270,0.051818,0.044691,0.034397,0.025182,0.018685,0.013419,0.008582,0.004741,0.002976,0.001834,
0.093260,0.096269,0.092575,0.088797,0.089039,0.086159,0.081751,0.072154,0.068493,0.064523,0.054697,0.048825,0.041194,0.031749,0.025790,0.019811,0.012815,0.007388,0.004302,0.003030,0.002035,
0.086253,0.088825,0.085399,0.083047,0.083715,0.079313,0.074429,0.070413,0.065744,0.056240,0.051930,0.045639,0.038185,0.029416,0.025597,0.017911,0.011594,0.007925,0.004953,0.003055,0.002095,
0.078814,0.081991,0.077984,0.076673,0.076475,0.072000,0.067637,0.063021,0.059190,0.054225,0.049306,0.040690,0.035872,0.028572,0.023451,0.016536,0.012499,0.007992,0.004510,0.003150,0.002255,
0.072912,0.075169,0.071141,0.070841,0.069816,0.065124,0.061745,0.059462,0.055113,0.050021,0.043615,0.039238,0.033633,0.026420,0.021866,0.016072,0.011903,0.007410,0.005260,0.003543,0.002350,
0.063642,0.068424,0.064547,0.064216,0.062777,0.058268,0.057973,0.054330,0.050082,0.045530,0.040960,0.036235,0.031775,0.025400,0.020603,0.015906,0.011679,0.008181,0.005450,0.003511,0.002594,
0.057491,0.059624,0.056405,0.057812,0.054806,0.052243,0.052023,0.047396,0.043285,0.039523,0.036076,0.031791,0.028003,0.023936,0.019509,0.015341,0.011396,0.008343,0.005613,0.004166,0.002734,
0.049340,0.051019,0.047618,0.049316,0.045858,0.045595,0.044221,0.039733,0.038419,0.036339,0.032472,0.028889,0.025174,0.021762,0.018174,0.014482,0.011352,0.008567,0.006409,0.004434,0.003316,
0.039139,0.044070,0.038742,0.040757,0.036885,0.038789,0.035965,0.033398,0.033120,0.030037,0.026621,0.024813,0.022362,0.019893,0.017069,0.013933,0.011407,0.009096,0.006991,0.004888,0.003794,
0.031389,0.035688,0.029472,0.032321,0.028578,0.030564,0.027320,0.027795,0.026405,0.023869,0.023495,0.021262,0.019530,0.017556,0.015698,0.013282,0.011580,0.009574,0.007649,0.006121,0.004469,
nan,nan,0.023987,0.024591,0.021153,0.023617,0.021042,0.021776,0.020180,0.020179,0.019020,0.017533,0.017022,0.016251,0.014728,0.013311,0.011653,0.010233,0.008691,0.007042,0.005387,
nan,nan,nan,0.019865,nan,0.020028,0.019742,0.018020,0.019441,0.018489,0.017083,0.016229,0.015274,0.014890,0.013683,0.013230,0.011858,0.010569,0.009125,0.008151,0.005873,
nan,0.124150,0.118585,0.122107,0.117551,0.107161,0.096610,0.089346,0.083235,0.079677,0.066744,0.057691,0.049278,0.039827,0.030610,0.024017,0.015926,0.007010,0.003847,0.002953,nan,
0.121549,0.126216,0.122646,0.118915,0.116990,0.112784,0.105699,0.100092,0.091246,0.082005,0.073141,0.063820,0.051941,0.042548,0.032905,0.023585,0.014516,0.009268,0.005019,0.003216,0.002040,
0.122547,0.123920,0.119533,0.119556,0.115553,0.110018,0.103462,0.095883,0.087865,0.078626,0.069383,0.058933,0.048708,0.039125,0.029621,0.021141,0.013808,0.007809,0.004493,0.002873,0.002119,
0.119016,0.121131,0.120149,0.110630,0.113138,0.106023,0.099710,0.093865,0.088806,0.080470,0.072068,0.061900,0.052395,0.042406,0.032241,0.022819,0.015257,0.008626,0.004679,0.002957,0.001857,
0.114229,0.118148,0.115242,0.112227,0.112503,0.102063,0.095961,0.093509,0.085576,0.075847,0.066020,0.056313,0.046871,0.038200,0.029013,0.020812,0.013882,0.008423,0.004770,0.002973,0.001843,
0.109472,0.115016,0.110546,0.106887,0.103524,0.101258,0.091449,0.090606,0.080670,0.071479,0.063950,0.058514,0.049919,0.039620,0.030363,0.021041,0.013599,0.007683,0.004121,0.002688,0.001953,
0.103919,0.110058,0.104637,0.101104,0.097557,0.092558,0.089393,0.087125,0.076657,0.069041,0.064752,0.055033,0.044752,0.035055,0.026946,0.019853,0.013631,0.008615,0.004888,0.003030,0.001888,
0.096182,0.103264,0.097780,0.097072,0.096027,0.091419,0.087790,0.077327,0.073698,0.063933,0.060583,0.050510,0.041246,0.035911,0.028322,0.020042,0.012716,0.007343,0.004247,0.002867,0.002088,
0.090285,0.096191,0.090981,0.091321,0.088797,0.083654,0.078895,0.074726,0.070488,0.061000,0.056554,0.047154,0.041416,0.033893,0.024891,0.017382,0.012794,0.008440,0.004723,0.002943,0.001997,
0.084577,0.088820,0.084880,0.085299,0.081427,0.076749,0.072992,0.067807,0.063144,0.058226,0.053965,0.044540,0.039888,0.030969,0.023638,0.019050,0.012541,0.007289,0.004582,0.003220,0.002124,
0.077235,0.082421,0.078196,0.078942,0.075149,0.071715,0.070219,0.065014,0.060279,0.055497,0.046868,0.042274,0.037359,0.029237,0.024001,0.017477,0.011509,0.008225,0.004991,0.003081,0.002336,
0.069951,0.074832,0.071149,0.072448,0.067630,0.067239,0.063739,0.058549,0.054248,0.049395,0.044891,0.039336,0.034899,0.027565,0.022577,0.016235,0.012105,0.007889,0.004841,0.003569,0.002356,
0.063991,0.067719,0.063434,0.065477,0.060674,0.061328,0.056599,0.052531,0.050404,0.046567,0.041865,0.037325,0.030073,0.025952,0.020786,0.015389,0.011790,0.007731,0.005606,0.003695,0.002759,
0.057696,0.059395,0.055996,0.057576,0.053686,0.054205,0.049240,0.048195,0.045166,0.040799,0.036642,0.032432,0.028289,0.024006,0.019665,0.015161,0.011535,0.008567,0.005827,0.004134,0.002914,
0.046975,0.050105,0.047576,0.049587,0.046107,0.045986,0.042050,0.042227,0.037953,0.034643,0.033340,0.029378,0.025454,0.021954,0.018406,0.014283,0.011534,0.008670,0.006437,0.004646,0.003513,
0.038662,0.040566,0.038916,0.041617,0.038258,0.037601,0.035256,0.034488,0.031419,0.030670,0.027951,0.024771,0.022266,0.019561,0.017038,0.014285,0.011627,0.009195,0.007196,0.005045,0.003946,
0.031657,0.032310,0.030110,0.031759,0.030900,0.028733,0.028943,0.026721,0.026292,0.024690,0.022551,0.021593,0.019963,0.017739,0.015584,0.013622,0.011749,0.009866,0.007856,0.006197,0.004458,
nan,0.025574,0.024581,0.024277,0.024073,0.021770,0.023309,0.020640,0.021096,0.019002,0.019734,0.018763,0.016961,0.016066,0.014986,0.013211,0.012010,0.010361,0.009101,0.007156,0.005945,
nan,nan,0.017971,0.025075,0.019384,nan,0.020055,0.018230,0.017554,0.018251,0.017918,0.016923,0.016121,0.015813,0.014654,0.015217,0.012387,0.011413,0.008655,0.008125,0.006209,
nan,0.122043,0.123133,0.119381,0.119132,0.106356,0.108313,0.095701,0.084878,0.082421,0.073142,0.058961,0.051612,0.041448,0.029798,0.021678,0.013788,0.007779,0.004636,0.003255,nan,
0.121680,0.124935,0.122383,0.120890,0.117382,0.111788,0.105131,0.098919,0.090812,0.082810,0.073330,0.063732,0.052406,0.042524,0.033612,0.023286,0.015092,0.009544,0.005019,0.003166,0.001948,
0.120611,0.121709,nan,0.119221,0.114324,0.108121,0.102718,0.095055,0.087377,0.079852,0.070358,0.061299,0.051531,0.040554,0.030739,0.022707,0.014527,0.008580,0.004595,0.003032,0.001897,
0.118616,0.122063,0.119017,0.118373,0.110812,0.104192,0.102723,0.096888,0.088946,0.080029,0.070708,0.060580,0.050382,0.040049,0.030406,0.021437,0.013445,0.007877,0.004285,0.002726,0.001758,
0.118752,0.119280,0.115107,0.111290,0.109073,0.098792,0.100235,0.091993,0.083024,0.074846,0.067088,0.058856,0.049595,0.040006,0.030995,0.022677,0.015130,0.008647,0.004743,0.003102,0.001881,
0.111842,0.113767,0.109146,0.106674,0.106208,0.098597,0.096281,0.087085,0.081054,0.076213,0.066433,0.056889,0.046556,0.037140,0.027824,0.020024,0.013213,0.007908,0.004644,0.003018,0.001943,
0.107642,0.107506,0.103407,0.103993,0.101098,0.096420,0.093823,0.083331,0.080617,0.071265,0.061288,0.052192,0.046001,0.038066,0.029420,0.020942,0.013457,0.007783,0.004194,0.002746,0.001937,
0.100416,0.100481,0.098325,0.097697,0.093796,0.088667,0.083860,0.079977,0.075745,0.066727,0.057034,0.052607,0.044051,0.033980,0.025640,0.019297,0.013395,0.008352,0.004800,0.003032,0.001866,
0.093868,0.094342,0.091831,0.091508,0.087315,0.083750,0.081812,0.076818,0.067364,0.062461,0.053750,0.048927,0.039677,0.032922,0.026749,0.019209,0.012422,0.007367,0.004484,0.003052,0.002059,
0.083684,0.088132,0.085422,0.085054,0.081170,0.080007,0.075113,0.069517,0.064538,0.059818,0.049941,0.045520,0.036833,0.032231,0.024339,0.017227,0.012831,0.008269,0.004680,0.003067,0.002154,
0.080019,0.080698,0.079430,0.078414,0.074529,0.073466,0.068131,0.063240,0.058862,0.052865,0.048329,0.042473,0.035068,0.029734,0.022482,0.018224,0.012056,0.007414,0.004999,0.003359,0.002182,
0.071450,0.074352,0.072420,0.071584,0.069347,0.066516,0.061842,0.060259,0.055511,0.050181,0.045075,0.040060,0.032535,0.027823,0.022408,0.016709,0.011515,0.008318,0.005045,0.003342,0.002536,
0.064451,0.066626,0.065236,0.064266,0.063072,0.059199,0.057232,0.054068,0.049428,0.044755,0.040485,0.035287,0.031083,0.026134,0.021655,0.015962,0.012061,0.007943,0.005573,0.003950,0.002692,
0.057307,0.059217,0.057260,0.056517,0.055982,0.051757,0.051551,0.047166,0.044107,0.041589,0.037289,0.032744,0.028389,0.024162,0.019989,0.015097,0.011737,0.008338,0.006080,0.004026,0.003057,
0.047193,0.050970,0.048297,0.047560,0.047895,0.043900,0.044574,0.039779,0.039427,0.035517,0.031680,0.029273,0.026142,0.022069,0.019037,0.014638,0.011700,0.008912,0.006447,0.004778,0.003365,
0.039502,0.041274,0.039838,0.039179,0.039505,0.035998,0.036347,0.033767,0.032380,0.029749,0.028346,0.025295,0.022886,0.019764,0.017109,0.014318,0.011821,0.009367,0.007420,0.005404,0.004005,
nan,0.031695,0.031040,0.029916,0.031426,0.028954,0.027823,0.027716,0.025167,0.025212,0.023198,0.021527,0.020051,0.017808,0.015925,0.013906,0.011849,0.010151,0.008046,0.006280,0.004806,
nan,0.023340,0.024846,0.023256,0.024117,0.022786,0.022471,0.021972,0.019953,0.020563,0.018831,0.018566,0.017245,0.016787,0.015002,0.013916,0.012559,0.010769,0.009244,0.007684,0.006372,
nan,0.023008,0.022894,0.019148,0.023437,0.019903,0.016855,0.017187,0.017507,0.018059,0.016593,0.017229,0.017557,0.015062,0.016853,0.013370,0.013686,0.012385,0.008694,0.008757,0.006704,
nan,0.127995,0.121860,0.120427,0.121135,0.107702,0.102588,0.101797,0.088722,0.079070,0.070875,0.061672,0.051107,0.038007,0.030943,0.018918,0.012358,0.008668,0.004265,0.002771,nan,
0.123222,0.125147,0.123103,0.120377,0.115979,0.111853,0.106592,0.097960,0.091870,0.082122,0.071835,0.061603,0.052268,0.042563,0.032956,0.023340,0.015204,0.008370,0.004893,0.003042,0.001974,
0.125212,0.124845,0.120740,0.118240,0.113266,0.108544,0.103394,0.095078,0.088038,0.079849,0.070976,0.061673,0.051433,0.041846,0.031735,0.022875,0.015153,0.008586,0.004695,0.002995,0.001889,
0.119761,0.122717,0.118644,0.115989,0.111815,0.108977,0.102384,0.094753,0.086786,0.078248,0.068334,0.058924,0.049251,0.038678,0.029648,0.021338,0.013693,0.008154,0.004547,0.002777,0.002005,
0.114856,0.116762,0.113848,0.110511,0.106505,0.105079,0.096850,0.089900,0.085806,0.077703,0.069322,0.059374,0.050351,0.040908,0.030740,0.021567,0.013988,0.008059,0.004334,0.002755,0.001819,
0.112495,0.112007,0.109210,0.109312,0.105774,0.103630,0.092689,0.091211,0.082664,0.073195,0.064052,0.055776,0.047110,0.038388,0.029718,0.021539,0.014420,0.008654,0.004721,0.002969,0.001807,
0.104960,0.105423,0.104751,0.102880,0.098494,0.094136,0.089978,0.087104,0.076859,0.069018,0.063907,0.055659,0.045677,0.035794,0.027435,0.019243,0.013017,0.007888,0.004652,0.003001,0.001928,
0.099351,0.100992,0.098941,0.097210,0.092792,0.091497,0.087148,0.076000,0.073061,0.068610,0.060054,0.050065,0.042648,0.036033,0.027998,0.019888,0.012919,0.007651,0.004213,0.002807,0.002060,
0.090672,0.094329,0.093104,0.090411,0.089066,0.084740,0.079493,0.074384,0.069162,0.065364,0.055514,0.048059,0.041904,0.032887,0.024758,0.018748,0.013374,0.008329,0.004715,0.003024,0.002016,
0.089015,0.087982,0.086437,0.083685,0.082697,0.077963,0.073260,0.071139,0.067427,0.056343,0.052150,0.047247,0.038498,0.030930,0.025530,0.018192,0.011759,0.007502,0.004808,0.003287,0.002124,
0.079642,0.081319,0.079482,0.076888,0.076515,0.071311,0.069968,0.064783,0.059843,0.054430,0.048728,0.044258,0.035721,0.030703,0.023216,0.017116,0.012801,0.008009,0.004786,0.003230,0.002400,
0.072097,0.074698,0.073147,0.070035,0.069829,0.065528,0.063926,0.058351,0.054650,0.051244,0.046189,0.039166,0.033944,0.028108,0.021432,0.017212,0.011701,0.007952,0.005469,0.003487,0.002450,
0.063009,0.067357,0.066105,0.062865,0.063241,0.059495,0.057234,0.053287,0.050510,0.045834,0.041191,0.036187,0.031252,0.026188,0.021179,0.016227,0.012086,0.008350,0.005380,0.003952,0.002704,
0.054194,0.059194,0.058268,0.055555,0.056023,0.052938,0.050078,0.048119,0.044287,0.040649,0.037595,0.033070,0.028654,0.024321,0.020516,0.015563,0.012014,0.008348,0.006279,0.004258,0.003321,
0.045823,0.050511,0.050087,0.047235,0.047703,0.045935,0.042502,0.042137,0.037596,0.036495,0.032580,0.028961,0.026196,0.022465,0.018562,0.015047,0.011811,0.009144,0.006580,0.004951,0.003509,
nan,0.040951,0.041301,0.038211,0.039238,0.037948,0.035186,0.034803,0.032006,0.030295,0.027920,0.025527,0.022969,0.020022,0.017335,0.014460,0.011985,0.009544,0.007635,0.005608,0.004455,
0.030042,0.032245,0.032623,0.031005,0.030107,0.029992,0.028219,0.027394,0.026798,0.024182,0.023805,0.021368,0.019946,0.017930,0.016156,0.014229,0.012307,0.010413,0.008354,0.006456,0.005022,
0.023432,0.020356,0.023303,0.024708,0.023352,0.023047,0.021942,0.020912,0.021291,0.019677,0.019431,0.018752,0.017472,0.016151,0.015313,0.014174,0.012355,0.011150,0.009627,0.007587,0.006572,
nan,0.025623,nan,0.020729,nan,0.020985,0.018647,0.016531,0.018237,0.017767,0.017056,0.018254,0.017751,0.016121,0.014758,0.014928,0.013115,0.012938,0.009727,0.008347,0.008097,
nan,0.129154,0.120148,0.121756,0.112725,0.111232,0.107727,0.094046,0.090537,0.077478,0.072035,0.060776,0.052099,0.037171,0.029077,0.021845,0.013243,0.007230,0.004999,0.002856,nan,
0.127585,0.124831,0.123926,0.120816,0.116384,0.112959,0.105933,0.099348,0.089828,0.080687,0.072240,0.062924,0.053742,0.042898,0.031370,0.022913,0.015083,0.008527,0.004889,0.003236,0.001958,
0.116692,0.123895,0.122700,0.117833,0.114074,0.110002,0.105515,0.097555,0.090004,0.080426,0.071785,0.062708,0.051864,0.041680,0.031722,0.022591,0.014714,0.008894,0.004729,0.002920,0.001974,
0.121240,0.121020,0.117882,0.114859,0.115060,0.107623,0.101018,0.093896,0.085124,0.078443,0.068869,0.059467,0.049813,0.040334,0.031026,0.021865,0.014537,0.008260,0.004576,0.002964,0.001888,
0.117258,0.116765,0.114131,0.113781,0.111890,0.102479,0.098196,0.092888,0.086093,0.077196,0.068087,0.058005,0.048209,0.038464,0.028596,0.020823,0.013408,0.007766,0.004345,0.002826,0.001914,
0.114154,0.113372,0.110034,0.107404,0.103765,0.099842,0.096819,0.088382,0.079943,0.073208,0.065805,0.057787,0.048454,0.039149,0.029598,0.021202,0.013999,0.007963,0.004308,0.002782,0.001761,
0.109915,0.108008,0.105313,0.102449,0.099900,0.097434,0.094211,0.083703,0.079486,0.071532,0.061895,0.052846,0.044695,0.036838,0.028656,0.021094,0.014047,0.008335,0.004645,0.003024,0.001867,
0.101846,0.101913,0.099235,0.096693,0.095742,0.089690,0.084533,0.079773,0.075705,0.066230,0.059423,0.052635,0.043820,0.034702,0.026192,0.018999,0.012870,0.007995,0.004703,0.003068,0.001964,
0.094479,0.095363,0.093028,0.090265,0.088700,0.083429,0.080892,0.076482,0.072940,0.061813,0.057185,0.048122,0.039888,0.034161,0.026652,0.018978,0.012482,0.007553,0.004423,0.002947,0.002092,
0.085733,0.088168,0.086348,0.083891,0.082116,0.078489,0.075073,0.069196,0.063913,0.058699,0.052817,0.044207,0.039417,0.031206,0.023941,0.018547,0.013000,0.008067,0.004659,0.003043,0.002284,
0.078369,0.080871,0.079704,0.077701,0.075738,0.073008,0.068329,0.064378,0.060575,0.054884,0.050135,0.040892,0.036278,0.029163,0.024069,0.017364,0.011774,0.008205,0.005119,0.003453,0.002259,
0.069462,0.073659,0.072305,0.071352,0.068984,0.066996,0.062323,0.060098,0.054859,0.049591,0.044193,0.039287,0.033987,0.028907,0.022210,0.017409,0.012437,0.007891,0.005170,0.003716,0.002510,
0.065655,0.066862,0.065589,0.064112,0.062053,0.060828,0.056931,0.054064,0.049712,0.046381,0.041476,0.036316,0.031414,0.026464,0.020483,0.016479,0.011533,0.008671,0.005671,0.003755,0.002902,
0.056909,0.058797,0.057975,0.056711,0.054426,0.053864,0.050948,0.047680,0.045202,0.041088,0.036890,0.033652,0.028959,0.024459,0.019683,0.015708,0.012315,0.008481,0.006278,0.004440,0.003162,
0.051215,0.050409,0.049307,0.048485,0.046325,0.046079,0.044187,0.040441,0.039207,0.035668,0.033109,0.029379,0.025660,0.022313,0.018422,0.015163,0.011940,0.009374,0.006848,0.004981,0.003752,
0.038515,0.041083,0.040440,0.039389,0.037643,0.037556,0.036471,0.034047,0.032500,0.031033,0.028151,0.026030,0.023177,0.020178,0.017422,0.014795,0.012282,0.009769,0.007684,0.005767,0.004471,
nan,0.032208,0.030708,0.030109,0.029258,0.029359,0.029088,0.027257,0.025676,0.025594,0.023518,0.022021,0.020213,0.018599,0.016453,0.014282,0.012450,0.010607,0.008615,0.006810,0.005349,
0.022158,0.022679,0.024350,0.024037,0.022689,0.022104,0.022239,0.021991,0.020242,0.020346,0.020176,0.018693,0.018233,0.017032,0.015783,0.014141,0.013032,0.011338,0.009741,0.008043,0.006496,
nan,0.022409,0.019655,0.019046,0.019761,0.021029,0.019164,0.017452,0.017159,0.018883,0.018211,0.017544,0.016684,0.016045,0.015173,0.013771,0.013084,0.011232,0.011313,0.009431,0.008237,
nan,0.126281,0.121164,0.121694,0.110765,0.107323,0.098402,0.095942,0.085161,0.076360,0.070925,0.062489,0.047663,0.038648,0.027456,0.017779,0.014155,0.005830,0.004344,0.003418,nan,
0.131334,0.122334,0.123599,0.119463,0.115977,0.112112,0.104251,0.097689,0.090591,0.081031,0.071706,0.060819,0.051961,0.042788,0.031864,0.022566,0.014523,0.008463,0.004550,0.003012,0.002357,
0.128384,0.123863,0.122422,0.118336,0.113943,0.109139,0.103827,0.098010,0.089893,0.080600,0.071771,0.062506,0.052146,0.042114,0.031651,0.023019,0.014084,0.008861,0.004825,0.003154,0.001841,
0.123543,0.121466,0.117311,nan,0.112497,0.106442,0.100108,0.094801,0.087317,0.078948,0.069820,0.060745,0.050982,0.040744,0.030847,0.022343,0.014726,0.008590,0.004577,0.002946,0.001772,
0.119053,0.118030,0.115380,0.112396,0.109306,0.104180,0.100169,0.092330,0.083838,0.075841,0.066880,0.057915,0.049043,0.038981,0.030266,0.021597,0.013999,0.008238,0.004605,0.002866,0.001878,
0.116242,0.113058,0.110714,0.107586,0.106049,nan,0.094217,0.087625,0.083211,0.074935,0.065942,0.056149,0.046684,0.037845,0.028457,0.020217,0.013196,0.007830,0.004457,0.002826,0.001869,
0.108197,0.107640,0.105709,0.102292,0.100976,0.094942,0.090249,0.086711,0.077368,0.069664,0.062581,0.055672,0.046745,0.037465,0.028331,0.020280,0.013305,0.007766,0.004335,0.002807,0.001873,
0.103328,0.102085,0.100077,0.096868,0.093826,0.089755,0.087114,0.083304,0.072232,0.068416,0.059465,0.050511,0.042884,0.035365,0.027895,0.020330,0.013598,0.008105,0.004579,0.002963,0.001959,
0.092585,0.095587,0.092802,0.090982,0.087810,0.085326,0.079772,0.073909,0.069152,0.063061,0.054112,0.049503,0.041352,0.032565,0.025305,0.018895,0.013046,0.008147,0.004819,0.003192,0.002014,
0.086779,0.088002,0.086172,0.085051,0.081488,0.078966,0.074080,0.070573,0.064756,0.058794,0.050943,0.045706,0.038311,0.032521,0.024910,0.017773,0.012226,0.007865,0.004790,0.003220,0.002193,
0.080468,0.081363,0.079438,0.078381,0.074940,0.072597,0.069092,0.064645,0.059013,0.054130,0.047045,0.042696,0.037092,0.029333,0.023513,0.018244,0.012289,0.007818,0.004869,0.003367,0.002504,
0.073366,0.074560,0.072936,0.071924,0.068840,0.066406,0.063907,0.058988,0.055905,0.050417,0.045362,0.039715,0.034104,0.027834,0.022589,0.016586,0.012602,0.008430,0.005262,0.003625,0.002623,
0.064275,0.066792,0.065686,0.064794,0.061955,0.059667,0.057793,0.053809,0.050208,0.045800,0.041746,0.036581,0.031541,0.027221,0.021230,0.016845,0.011908,0.008350,0.005934,0.004027,0.002875,
0.057214,0.059203,0.058148,0.057245,0.054775,0.052521,0.051306,0.048198,0.044253,0.041913,0.037351,0.033078,0.029475,0.025470,0.019788,0.015868,0.012302,0.008827,0.006145,0.004542,0.003248,
0.046312,0.049514,0.049730,0.048720,0.047113,0.044822,0.043817,0.042024,0.038295,0.036345,0.032791,0.029824,0.026123,0.022336,0.018913,0.015410,0.012226,0.009173,0.007047,0.005050,0.004004,
0.040586,0.041135,0.041376,0.040129,0.038437,0.036903,0.036196,0.035179,0.032472,0.030368,0.028659,0.025515,0.023411,0.020530,0.017693,0.014941,0.012510,0.010185,0.007777,0.006112,0.004599,
0.028279,0.032591,0.032058,0.031617,0.030250,0.029140,0.028022,0.027872,0.026673,0.025012,0.023738,0.022439,0.020362,0.018673,0.016623,0.014539,0.012674,0.010834,0.008852,0.007013,0.005516,
0.023081,0.027172,0.023768,0.023115,0.023933,0.022347,0.021724,0.021840,0.021227,0.020163,0.019473,0.019607,0.018219,0.017472,0.015857,0.014604,0.013011,0.011422,0.010207,0.008632,0.007011,
nan,nan,nan,0.017826,0.021087,0.017949,0.019473,0.019296,0.019660,0.017199,0.017193,0.017483,0.017383,0.015425,0.016002,0.014500,0.013301,0.012729,0.010953,0.009058,0.008145,
nan,0.124892,0.125532,0.120453,0.114586,0.104669,0.105009,0.099308,0.087984,0.081138,0.069647,0.059578,0.052989,0.036313,0.028789,0.019721,0.012033,0.008303,0.004164,0.003005,nan,
0.125722,0.120949,0.121489,0.120044,0.117606,0.111318,0.105913,0.097105,0.087808,0.080399,0.071323,0.061386,0.051346,0.041652,0.031410,0.021735,0.015223,0.008405,0.004434,0.003025,0.002148,
0.124844,0.124027,0.120425,0.119029,0.115161,0.110387,0.104351,0.098064,0.090268,0.080871,0.072106,0.061946,0.051463,0.041318,0.032414,0.022566,0.014569,0.008794,0.004635,0.002968,0.001993,
0.123344,0.121195,0.119592,0.120211,0.111633,0.106678,0.102234,0.094940,0.086878,0.079187,0.070025,0.060522,0.051121,0.040878,0.031276,0.022774,0.014510,0.008438,0.004559,0.002854,0.001873,
0.117472,0.116566,0.114928,0.111393,0.107493,0.104938,0.096985,0.091049,0.084450,0.076592,0.068026,0.059069,0.049526,0.039846,0.030376,0.021974,0.014429,0.008298,0.004496,0.002944,0.001780,
0.113525,0.112120,0.111062,0.108299,0.105493,0.101111,0.093444,0.089736,0.081332,0.072845,0.064901,0.056145,0.047217,0.038054,0.029192,0.021136,0.013867,0.008174,0.004501,0.002874,0.001847,
0.109380,0.106077,0.105731,0.103674,0.098795,0.095234,nan,0.083840,0.078534,0.071830,0.063052,0.053841,0.044803,0.036004,0.027440,0.019860,0.013347,0.007990,0.004494,0.002875,0.001889,
0.101733,0.099080,0.100205,0.097368,0.093586,0.090717,0.084862,0.079670,0.074300,0.065933,0.059902,0.052590,0.044229,0.035644,0.026904,0.019260,0.012862,0.007793,0.004441,0.002966,0.001978,
0.096350,0.093558,0.093259,0.091474,0.087827,0.084030,0.080256,0.075375,0.069525,0.060935,0.056187,0.047852,0.041104,0.034294,0.026648,0.019275,0.012854,0.007839,0.004598,0.003018,0.002121,
0.087456,0.087452,0.086654,0.085162,0.081838,0.077909,0.075142,0.069258,0.064104,0.055153,0.052274,0.046588,0.038665,0.030738,0.024803,0.018701,0.012947,0.008116,0.004860,0.003212,0.002105,
0.081538,0.080328,0.080249,0.078421,0.075626,0.071972,0.069309,0.065124,0.060091,0.054664,0.049058,0.042812,0.036103,0.030414,0.023339,0.017198,0.012633,0.008360,0.005182,0.003461,0.002304,
0.069726,0.072913,0.073059,0.071569,0.069299,0.066088,0.063214,0.059838,0.054639,0.050856,0.045497,0.039787,0.034782,0.027852,0.023032,0.017300,0.011880,0.008099,0.005472,0.003812,0.002603,
0.066371,0.065011,0.065641,0.064571,0.062774,0.060174,0.056953,0.054484,0.050281,0.046160,0.041338,0.036881,0.031737,0.025930,0.021466,0.016623,0.012636,0.008359,0.005581,0.004174,0.003083,
0.056867,0.057608,0.058270,0.057306,0.055350,0.053264,0.050249,0.048373,0.045417,0.041086,0.037655,0.033375,0.028876,0.023789,0.020301,0.016113,0.011936,0.009126,0.006348,0.004432,0.003579,
0.045757,0.049355,0.049147,0.048423,0.047354,0.045504,0.043236,0.041337,0.039592,0.036034,0.033132,0.029998,0.026336,0.022765,0.019057,0.015529,0.012515,0.009158,0.007242,0.005209,0.003960,
0.042793,0.040117,0.042264,0.039555,0.038581,0.038015,0.035829,0.034223,0.033117,0.031220,0.028122,0.026154,0.023453,0.020907,0.017845,0.015130,0.012668,0.010372,0.007949,0.006251,0.004718,
0.031224,0.031125,0.032236,0.031646,0.030965,0.029377,0.028246,0.027012,0.026723,0.025856,0.023898,0.022201,0.020868,0.018457,0.016819,0.014727,0.012888,0.011064,0.009305,0.007108,0.006068,
0.026153,0.025027,0.024767,0.023511,0.022832,0.022663,0.021801,0.021557,0.020709,0.020886,0.020428,0.018731,0.018097,0.017340,0.016357,0.015058,0.013132,0.011977,0.010198,0.008828,0.006983,
nan,nan,nan,0.019787,0.019109,0.019935,0.018148,0.019003,0.018928,0.019337,0.017762,0.018619,0.017333,0.017582,0.015974,0.015025,0.014750,0.013412,0.011307,0.009759,0.008249,
nan,0.123970,0.127229,0.116896,0.116482,0.107042,0.101875,0.096831,0.088564,0.081301,0.067806,0.059361,0.049338,0.040078,0.029573,0.019402,0.011782,0.007526,0.004155,0.002479,nan,
0.125534,0.134093,0.122397,0.119521,0.115454,0.111767,0.105179,0.097428,0.090068,0.079109,0.070994,0.060426,0.051619,0.040062,0.031679,0.022280,0.014609,0.008531,0.004672,0.003034,0.002031,
0.126241,0.124118,0.120572,0.118567,0.115840,0.109701,0.104606,0.096321,0.089220,0.079776,0.070646,0.061508,0.050999,0.041346,0.031606,0.022221,0.014619,0.008204,0.004782,0.002853,0.001889,
0.120990,0.119660,0.119176,0.116146,0.111129,0.107672,0.102711,0.095263,0.087801,0.079049,0.070162,0.061343,0.050757,0.040576,0.030762,0.022490,0.013956,0.008517,0.004586,0.003057,0.001782,
0.119004,0.116118,0.115492,0.112153,nan,0.103480,0.098684,0.091696,0.085166,0.077025,0.068363,0.058927,0.049707,0.039834,0.030083,0.021846,0.014238,0.008549,0.004560,0.002827,0.001856,
0.109647,0.112029,0.110978,0.108860,0.104036,0.098311,0.095393,0.087775,0.081332,0.073881,0.065453,0.057148,0.047945,0.038394,0.029532,0.021324,0.014069,0.008302,0.004502,0.002896,0.001783,
0.106485,0.107086,0.106289,0.103356,0.099572,0.096041,0.090430,0.085783,0.078088,0.069770,0.062068,0.054007,0.045417,0.036815,0.028390,0.020470,0.013618,0.008135,0.004525,0.002901,0.001847,
0.097736,0.101523,0.099345,0.097409,0.094324,0.089119,0.086212,0.082627,0.072134,0.067800,0.059443,0.051116,0.043197,0.034886,0.026926,0.019529,0.013201,0.008009,0.004568,0.002974,0.001950,
0.092202,0.095081,0.092873,0.091123,0.088770,0.084055,0.080185,0.074167,0.066686,0.062964,0.056606,0.049451,0.041396,0.033192,0.025657,0.018665,0.012754,0.007974,0.004688,0.003068,0.002141,
0.085730,0.087817,0.086366,0.085168,0.082370,0.078733,0.074223,0.070543,0.064834,0.058829,0.052670,0.045137,0.039245,0.032296,0.024888,0.018051,0.012335,0.007887,0.004835,0.003276,0.002326,
0.078380,0.080910,0.079296,0.078707,0.075867,0.072658,0.068939,0.064969,0.060181,0.054828,0.049212,0.043585,0.036161,0.030153,0.024214,0.018045,0.012369,0.008002,0.005020,0.003459,0.002434,
0.072938,0.073454,0.072919,0.071957,0.069300,0.066479,0.063204,0.059606,0.055545,0.050382,0.045695,0.039903,0.034139,0.028452,0.022230,0.017489,0.012650,0.008379,0.005371,0.003711,0.002638,
0.062515,0.066582,0.065415,0.064928,0.062337,0.060080,0.057309,0.054011,0.050339,0.046417,0.041616,0.036709,0.034128,0.026386,0.021855,0.016434,0.012345,0.008931,0.005950,0.004132,0.002825,
0.054623,0.058782,0.057845,0.057240,0.055365,0.053409,0.050941,0.048016,0.044631,0.041905,0.037803,0.033574,0.029169,0.024706,0.020368,0.016497,0.012252,0.008795,0.006587,0.004787,0.003319,
0.046679,0.049436,0.049073,0.048986,0.047351,0.045591,0.044042,0.041649,0.038657,0.036399,0.033526,0.029877,0.026479,0.022914,0.019189,0.015660,0.012639,0.009469,0.007077,0.005430,0.004064,
0.036697,0.040679,0.039599,0.040081,0.038924,0.037502,0.036359,0.034822,0.032708,0.030560,0.028850,0.026451,0.023481,0.020871,0.018081,0.015345,0.012793,0.010425,0.008137,0.006092,0.004938,
0.031996,0.031757,0.030391,0.030180,0.030336,0.029478,0.028706,0.027624,0.026691,0.025102,0.023893,0.022639,0.020668,0.018790,0.017069,0.015067,0.013056,0.011279,0.009479,0.007474,0.006236,
nan,0.025334,0.023958,0.024185,0.023422,0.022855,0.022377,0.021709,0.021492,0.020770,0.020120,0.018978,0.018614,0.017313,0.016377,0.015228,0.013640,0.012393,0.010559,0.008492,0.007213,
nan,nan,0.022454,nan,0.020167,0.019322,0.020780,0.017722,0.019634,0.018700,0.018040,0.017648,0.017290,0.017060,0.016037,0.015437,0.013891,0.013365,0.011751,0.010089,0.009071,
nan,0.122174,0.127120,0.120653,0.113388,0.111400,0.102236,0.092340,0.087450,0.078225,0.069270,0.053706,0.048441,0.035810,0.031912,0.019845,0.011586,0.007454,0.004255,0.002642,nan,
0.126049,0.118468,0.123500,0.118902,0.115382,0.111915,0.105009,0.097169,0.089261,0.082355,0.070759,0.060946,0.051450,0.041389,0.032369,0.021697,0.014345,0.008128,0.004618,0.002973,0.001981,
0.119551,0.122325,0.121859,0.119251,0.114604,0.110275,0.104454,0.096188,0.089353,0.079118,0.070628,0.060448,0.052219,0.041611,0.031065,0.022217,0.014541,0.008251,0.004536,0.002972,0.002035,
0.119867,0.120830,0.118473,0.115390,0.113638,0.107363,0.101731,0.095439,0.087831,0.078616,0.070242,0.060242,0.050280,0.040193,0.031436,0.021938,0.014330,0.008467,0.004616,0.002807,0.001896,
0.114328,0.116844,0.115451,0.112598,0.109099,0.104189,0.099247,0.092479,0.084798,0.076616,0.067989,0.058894,0.049503,0.039513,0.030136,0.021975,0.013977,0.008312,0.004494,0.002865,0.001767,
0.109819,0.111842,0.110185,0.108226,0.104995,0.103916,0.093870,0.088504,0.081917,0.074263,0.065769,0.057031,0.048029,0.038412,0.029375,0.021258,0.014018,0.008431,0.004575,0.002833,0.001858,
0.104225,0.106348,0.104737,0.102997,0.100138,0.094493,nan,0.084462,0.077586,0.071079,0.062727,0.054669,0.045991,0.036955,0.028389,0.020603,0.013685,0.008222,0.004499,0.002910,0.001855,
0.099764,0.100553,0.098870,0.097518,0.094101,0.090245,0.085252,0.079061,0.074065,0.066322,0.059352,0.051726,0.043576,0.035399,0.027357,0.019705,0.013369,0.008081,0.004640,0.002997,0.001892,
0.094296,0.093595,0.092309,0.091077,0.088128,0.084636,0.080077,0.075209,0.069359,0.063781,0.055851,0.048414,0.041332,0.033506,0.025989,0.019071,0.013104,0.008061,0.004716,0.003092,0.002049,
0.086591,0.086973,0.086137,0.084811,0.081996,0.078837,0.074748,0.069767,0.065140,0.058909,0.053265,0.046201,0.038658,0.031542,0.024858,0.018370,0.012726,0.008139,0.004880,0.003292,0.002266,
0.077543,0.080390,0.079463,0.078175,0.076042,0.072935,0.069263,0.065094,0.059916,0.055071,0.049351,0.041927,0.036964,0.030016,0.023462,0.017636,0.012426,0.008178,0.005164,0.003547,0.002475,
0.071346,0.073383,0.073010,0.071360,0.069500,0.066930,0.063801,0.059927,0.055076,0.050849,0.045210,0.042788,0.033908,0.028949,0.022750,0.016994,0.012235,0.008316,0.005514,0.003905,0.002806,
0.064045,0.066045,0.065782,0.064534,0.062939,0.060493,0.057685,0.054213,0.050178,0.046359,0.041876,0.036928,0.031529,0.026646,0.022029,0.017021,0.012280,0.008495,0.005853,0.004256,0.003169,
0.056561,0.058138,0.057733,0.056908,0.055398,0.053373,0.051500,0.048117,0.045048,0.041452,0.037775,0.033697,0.029362,0.024899,0.020438,0.016496,0.012672,0.009092,0.006360,0.004639,0.003658,
nan,0.049516,0.049205,0.048176,0.047614,0.045893,0.044287,0.041807,0.039046,0.036518,0.033065,0.030067,0.026666,0.023027,0.019431,0.015853,0.012586,0.009925,0.007238,0.005361,0.004169,
0.035364,0.040386,0.039503,0.039822,0.038598,0.037959,0.036279,0.034766,0.032707,0.030838,0.028516,0.026147,0.023807,0.020952,0.018250,0.015474,0.012907,0.010359,0.008398,0.006323,0.004870,
nan,0.030581,0.030765,0.031249,0.031512,0.030181,0.028859,0.028098,0.026616,0.025473,0.024029,0.022386,0.020809,0.019080,0.017250,0.015406,0.013222,0.011445,0.009347,0.007709,0.005986,
0.022704,0.023552,0.023176,0.025382,0.023189,0.022089,0.022158,0.022190,0.021741,0.020070,0.020081,0.019290,0.018590,0.017755,0.016248,0.015108,0.013923,0.012635,0.010912,0.009014,0.007626,
nan,nan,nan,0.018504,0.018392,0.020106,0.020180,0.017672,0.019113,0.019133,0.017449,0.017872,0.017520,0.016559,0.016620,0.015346,0.014276,0.013095,0.011340,0.010239,0.010012,
nan,0.130979,0.117621,0.121731,0.110539,0.111282,0.102469,0.095024,0.087522,0.079390,0.071577,0.057364,0.047229,0.036953,0.025504,0.019076,0.012353,0.007455,0.003989,0.002681,nan,
0.121163,0.133591,0.123225,0.120199,0.116325,0.111390,0.104081,0.096044,0.088780,0.081231,0.071552,0.061184,0.051700,0.040974,0.031208,0.022345,0.014708,0.008299,0.004679,0.002906,0.002024,
0.122651,0.122842,0.121062,0.118284,0.114890,0.110092,0.102963,0.096530,0.088188,0.079903,0.070814,0.060492,0.050897,0.040352,0.032009,0.021911,0.014487,0.008268,0.004452,0.002917,0.002052,
0.118783,0.119900,0.118744,0.116489,0.112330,0.107477,0.101835,0.094689,0.087566,0.077942,0.069287,0.059643,0.050655,0.041211,0.031088,0.021834,0.014392,0.008170,0.004544,0.002907,0.001999,
0.113593,0.115982,0.114064,0.112432,0.109024,0.104428,0.098973,0.092324,0.085344,0.076481,0.068093,0.058760,0.048814,0.039705,0.030488,0.021152,0.013965,0.008109,0.004521,0.002768,0.001935,
0.107959,0.112191,0.109804,0.108076,0.105153,0.100236,0.095519,0.088683,0.081778,0.074107,0.065793,0.057030,0.047721,0.038464,0.029486,0.021242,0.013617,0.008169,0.004462,0.002819,0.001830,
0.101580,0.106730,0.104484,0.102840,0.099793,0.095619,0.090542,0.084844,0.078277,0.070856,0.062830,0.054551,0.045997,0.036906,0.028237,0.020657,0.013392,0.008194,0.004508,0.002855,0.001851,
0.096282,0.100555,0.098534,0.096874,0.094304,0.090628,0.085548,0.080122,0.073469,0.067388,0.059717,0.051833,0.043739,0.035341,0.027292,0.019945,0.013277,0.008190,0.004560,0.002949,0.001962,
0.088521,0.094493,0.093011,0.090642,0.088182,0.084749,0.080550,0.075185,0.070635,0.062268,0.056474,0.048949,0.041472,0.033716,0.026307,0.019097,0.013046,0.008160,0.004695,0.003113,0.002080,
0.083316,0.087476,0.086543,0.083810,0.081923,0.078889,0.074870,0.070245,0.064495,0.057546,0.052150,0.045992,0.039270,0.032042,0.025030,0.018479,0.012743,0.008184,0.004896,0.003283,0.002201,
0.077894,0.080874,0.079843,0.077255,0.075522,0.072923,0.069305,0.064733,0.060059,0.055014,0.048805,0.043071,0.036508,0.030453,0.023914,0.017876,0.012649,0.008288,0.005157,0.003514,0.002375,
0.070092,0.073457,0.072681,0.070900,0.069247,0.066758,0.063416,0.059456,0.055495,0.050716,0.045633,0.039905,0.034539,0.028335,0.022811,0.017338,0.012445,0.008481,0.005506,0.003853,0.002636,
0.063507,0.066143,0.065343,0.063945,0.062506,0.060328,0.057520,0.054049,0.050440,0.046409,0.041804,0.037013,0.031996,0.026977,0.021438,0.016814,0.012449,0.008833,0.005976,0.004343,0.003078,
0.055424,0.057859,0.057188,0.056775,0.055420,0.053353,0.051026,0.048198,0.045208,0.041659,0.037859,0.033653,0.029398,0.025048,0.020852,0.016237,0.012511,0.009207,0.006618,0.004857,0.003643,
0.047619,0.048540,0.049054,0.048556,0.047223,0.045299,0.043783,0.041649,0.039109,0.036466,0.033344,0.030040,0.026587,0.023005,0.019496,0.016175,0.012605,0.009646,0.007421,0.005545,0.004337,
0.035959,0.039572,0.040537,0.039244,0.039086,0.038083,0.036224,0.034964,0.032923,0.030966,0.028631,0.026345,0.023750,0.021054,0.018461,0.015603,0.013200,0.010423,0.008201,0.006510,0.005221,
0.032476,0.029952,0.030929,0.030081,0.030971,0.029553,0.028671,0.027640,0.026481,0.025389,0.024066,0.022292,0.020689,0.019255,0.017418,0.015427,0.013386,0.011701,0.009516,0.007570,0.006322,
0.023990,0.022183,0.021887,0.024200,0.024190,0.023043,0.022434,0.021824,0.021433,0.020686,0.020222,0.019649,0.018626,0.017797,0.016657,0.015473,0.014086,0.012648,0.011013,0.008930,0.007769,
nan,nan,nan,0.019304,0.019404,0.018402,0.019667,0.019042,0.019492,0.018648,0.018173,0.018707,0.017882,0.017247,0.017033,0.016216,0.014254,0.013466,0.012613,0.010717,0.008979,
nan,0.125484,0.117678,0.117823,0.119091,0.107505,0.103111,0.094690,0.085794,0.072467,0.066912,0.057570,0.045835,0.039281,0.024883,0.021063,0.012017,0.006475,0.004177,0.002356,nan,
0.122177,nan,0.121946,0.120143,0.115106,0.109773,0.103334,0.098488,0.087710,0.080749,0.071953,0.061893,0.051553,0.041392,0.030556,0.021652,0.013912,0.008282,0.004767,0.002974,0.001973,
0.117329,0.122572,0.120765,0.118075,0.114407,0.109958,0.103722,0.095880,0.087850,0.080012,0.070888,0.061573,0.051278,0.041036,0.031431,0.022000,0.014575,0.008404,0.004592,0.002922,0.001973,
0.114773,0.119348,0.118249,0.115900,0.112443,0.107813,0.101501,0.094293,0.086770,0.078563,0.069299,0.059771,0.050414,0.040023,0.031425,0.021762,0.014446,0.008339,0.004427,0.002888,0.001993,
0.116201,0.116102,0.114821,0.112315,0.109204,0.104215,0.098549,0.092289,0.084508,0.076295,0.067654,0.057849,0.049165,0.039313,0.030675,0.021441,0.014011,0.008128,0.004383,0.002860,0.001895,
0.114381,0.111344,0.110199,0.107703,0.104519,0.099684,0.095116,0.088879,0.081737,0.073344,0.065293,0.056050,0.047444,0.038086,0.029553,0.020851,0.013917,0.008015,0.004425,0.002891,0.001974,
0.102897,0.105282,0.104957,0.102346,0.099415,0.095613,0.090604,0.084829,0.078048,0.070589,0.062782,0.054290,0.045573,0.036970,0.028550,0.020405,0.013645,0.008103,0.004508,0.002930,0.002033,
0.098317,0.099510,0.098899,0.096879,0.093681,0.090405,0.085624,0.079942,0.074114,0.067146,0.059673,0.051779,0.043614,0.035335,0.027368,0.019783,0.013158,0.007976,0.004618,0.002943,0.002011,
0.090638,0.093193,0.092510,0.090806,0.087682,0.084704,0.080183,0.075126,0.068805,0.063503,0.056388,0.049219,0.041439,0.033607,0.026151,0.019172,0.012878,0.008094,0.004774,0.003077,0.002053,
0.082617,0.086411,0.085843,0.084575,0.081794,0.078806,0.074660,0.069881,0.064747,0.059050,0.053137,0.046191,0.039187,0.031932,0.025061,0.018542,0.012719,0.008156,0.004939,0.003254,0.002195,
0.075511,0.079696,0.079116,0.078045,0.075403,0.072913,0.069078,0.064958,0.060141,0.054874,0.049245,0.043485,0.036987,0.030357,0.023977,0.017931,0.012537,0.008302,0.005205,0.003518,0.002434,
0.068055,0.072555,0.072110,0.071198,0.069201,0.066917,0.063514,0.059627,0.055396,0.050832,0.045531,0.040114,0.034819,0.028833,0.022904,0.017411,0.012538,0.008498,0.005589,0.003817,0.002615,
0.060729,0.065194,0.064716,0.064150,0.062206,0.060424,0.057344,0.054084,0.050458,0.046516,0.041818,0.036919,0.032093,0.027169,0.021963,0.016937,0.012538,0.008810,0.006030,0.004215,0.002945,
0.055258,0.057668,0.057263,0.056580,0.054850,0.053389,0.050846,0.048244,0.045217,0.041829,0.037810,0.033816,0.029362,0.025144,0.020999,0.016562,0.012637,0.009262,0.006637,0.004817,0.003423,
0.045160,0.049436,0.048726,0.048224,0.046931,0.045853,0.043662,0.041740,0.039298,0.036513,0.033532,0.030146,0.026675,0.023055,0.019617,0.016223,0.012883,0.009837,0.007431,0.005570,0.004045,
0.034796,0.039526,0.039310,0.039153,0.038530,0.037359,0.036135,0.034437,0.032874,0.031217,0.029106,0.026414,0.023712,0.021171,0.018387,0.015724,0.013265,0.010805,0.008382,0.006527,0.005058,
0.029696,0.030497,0.030945,0.029418,0.029417,0.029146,0.028605,0.027635,0.026995,0.025737,0.024627,0.022708,0.020918,0.019227,0.017289,0.015458,0.013485,0.011732,0.009691,0.007849,0.006147,
nan,0.023620,0.022725,0.022162,0.022337,0.022131,0.022243,0.021960,0.020957,0.020685,0.020950,0.019569,0.018575,0.017578,0.016807,0.015768,0.013957,0.012737,0.011230,0.009356,0.007576,
nan,nan,nan,nan,nan,0.019399,0.020713,0.018152,0.018517,0.019567,0.018387,0.018124,0.018462,0.017487,0.016397,0.015653,0.015249,0.013395,0.012148,0.010124,0.009505,
0.125937,0.119522,0.121679,0.114107,0.110559,0.108954,0.103784,0.095268,0.089513,0.081595,0.067659,0.059773,0.051806,0.039704,0.025047,0.020186,0.013350,0.008261,0.004107,0.002632,nan,
0.125631,0.125113,0.122303,0.120694,0.114545,0.108610,0.105048,0.096193,0.089513,0.080880,0.071174,0.060269,0.051521,0.040919,0.028873,0.021875,0.013692,0.008336,0.004557,0.002729,0.001942,
0.123634,0.123068,0.121201,0.119256,0.113506,0.108250,0.103039,0.097302,0.088504,0.080810,0.071525,0.060467,0.051655,0.041684,0.029801,0.022078,0.013926,0.008209,0.004651,0.002794,0.001919,
0.121296,0.119826,0.118576,0.115864,0.112054,0.106810,0.101582,0.095396,0.086062,0.078900,0.069836,0.060546,0.050220,0.040667,0.029749,0.021947,0.014108,0.008157,0.004660,0.002769,0.001929,
0.115890,0.115831,0.115540,0.112735,0.109056,0.104169,0.098487,0.092328,0.084176,0.076523,0.067462,0.058964,0.049020,0.039702,0.029474,0.021516,0.014096,0.008171,0.004500,0.002756,0.001908,
0.111624,0.111745,0.111088,0.109198,0.104585,0.100307,0.094790,0.088861,0.081258,0.074096,0.065276,0.057094,0.047656,0.038808,0.029181,0.021038,0.013925,0.008204,0.004553,0.002806,0.001886,
0.105434,0.106427,0.105563,0.104003,0.099645,0.095578,0.090563,0.084801,0.077609,0.070458,0.062369,0.054378,0.045646,0.037034,0.028621,0.020428,0.013612,0.008021,0.004583,0.002883,0.001943,
0.100964,0.100479,0.099064,0.097597,0.094233,0.090046,0.085425,0.080144,0.073692,0.066840,0.059302,0.051521,0.043475,0.035213,0.027463,0.019787,0.013312,0.008020,0.004600,0.002983,0.001999,
0.093780,0.093458,0.092326,0.091043,0.088484,0.084415,0.080190,0.075259,0.069471,0.062996,0.056227,0.048764,0.041402,0.033802,0.026557,0.019286,0.013109,0.008040,0.004781,0.003103,0.002102,
0.087243,0.087366,0.085885,0.084840,0.082361,0.078763,0.074914,0.070205,0.064863,0.059153,0.052816,0.046179,0.039013,0.032100,0.025205,0.018472,0.012919,0.008172,0.004988,0.003295,0.002251,
0.079666,0.080268,0.078997,0.078273,0.075990,0.072613,0.069025,0.064871,0.060331,0.054935,0.049345,0.043268,0.036757,0.030347,0.023989,0.017940,0.012681,0.008229,0.005234,0.003517,0.002418,
0.072969,0.072737,0.071775,0.071284,0.069052,0.066526,0.063156,0.059684,0.055482,0.050729,0.045684,0.040288,0.034556,0.028729,0.022837,0.017375,0.012442,0.008411,0.005537,0.003799,0.002680,
0.064522,0.065498,0.064794,0.064147,0.062285,0.060080,0.057030,0.054301,0.050587,0.046235,0.041919,0.037147,0.032237,0.027115,0.021833,0.016990,0.012507,0.008697,0.006003,0.004221,0.003087,
0.056393,0.058129,0.057381,0.056660,0.055249,0.053593,0.051043,0.048525,0.045127,0.041665,0.037953,0.033922,0.029661,0.025309,0.020884,0.016565,0.012689,0.009291,0.006664,0.004788,0.003404,
0.045965,0.049323,0.048897,0.048363,0.047604,0.046061,0.044074,0.041915,0.039191,0.036555,0.033488,0.030272,0.026975,0.023293,0.019804,0.016225,0.012921,0.009771,0.007424,0.005561,0.004122,
0.038774,0.039014,0.039521,0.038975,0.038642,0.037543,0.036287,0.034692,0.032776,0.030966,0.028755,0.026675,0.024086,0.021330,0.018783,0.015893,0.013210,0.010661,0.008398,0.006459,0.004653,
0.029508,0.029721,0.030444,0.030049,0.029642,0.029085,0.028329,0.027158,0.026657,0.025069,0.024152,0.022636,0.021017,0.019633,0.017637,0.015691,0.013671,0.011731,0.009652,0.007864,0.006095,
0.020698,0.020894,0.022773,0.022058,0.021254,0.022270,0.021342,0.021694,0.021282,0.019596,0.019461,0.019513,0.019118,0.017704,0.016761,0.015839,0.014448,0.013024,0.011333,0.009338,0.007413,
nan,nan,nan,nan,nan,nan,nan,nan,nan,nan,0.018018,0.018976,0.018097,0.018549,0.016385,0.015849,0.015820,0.014443,0.012591,0.011124,0.009279,
