0.099605,0.132984,0.139884,0.122945,0.110546,0.107747,0.109114,0.095886,0.098617,0.071642,0.079046,0.062707,0.057649,0.048505,0.039647,0.033030,0.020700,0.018175,0.012425,0.010074,0.003717,
0.142093,0.144354,0.128047,0.129082,0.118689,0.105417,0.102138,0.101554,0.093188,0.085099,0.074120,0.069059,0.055026,0.047349,0.040966,0.036166,0.029751,0.018165,0.016233,0.009806,0.003606,
0.144397,0.137262,0.123198,0.124316,0.115616,0.105093,0.094239,0.096349,0.088980,0.075970,0.069977,0.071673,0.055193,0.048620,0.039224,0.040229,0.032367,0.017616,0.013541,0.008423,0.003734,
0.134113,0.116629,0.121224,0.113137,0.107634,0.104188,0.092436,0.090044,0.084728,0.074464,0.069938,0.065241,0.056777,0.048069,0.039132,0.037373,0.030565,0.019675,0.012845,0.007520,0.003772,
0.126734,0.110219,0.118183,0.104500,0.102090,0.097760,0.091252,0.088061,0.079892,0.074599,0.067383,0.063474,0.056589,0.052965,0.043733,0.037900,0.030282,0.022108,0.013998,0.007969,0.004184,
0.103279,0.107054,0.107194,0.094482,0.097137,0.089355,0.085741,0.087022,0.074195,0.070738,0.067991,0.063273,0.056340,0.051530,0.048521,0.039131,0.031972,0.024107,0.016160,0.008586,0.004468,
0.098410,0.096082,0.100546,0.098233,0.094083,0.082319,0.080906,0.090046,0.074526,0.071190,0.071909,0.065867,0.060250,0.054460,0.051856,0.041402,0.035708,0.027145,0.017580,0.009514,0.004811,
0.095144,0.091301,0.095401,0.093270,0.090004,0.078348,0.077647,0.084017,0.071325,0.070201,0.075582,0.066150,0.064280,0.060043,0.055729,0.046824,0.041927,0.032222,0.020564,0.010550,0.005438,
0.089450,0.085050,0.087160,0.085759,0.085776,0.075674,0.079039,0.081180,0.072088,0.072579,0.075055,0.070789,0.070251,0.065400,0.064842,0.054940,0.049543,0.038949,0.023714,0.011596,0.006893,
0.086064,0.082447,0.079249,0.080808,0.081940,0.078612,0.078157,0.081759,0.072815,0.077984,0.076029,0.079208,0.080180,0.077211,0.074370,0.065728,0.057044,0.045225,0.029014,0.013779,0.006536,
0.088476,0.083246,0.076468,0.076091,0.081397,0.077977,0.076748,0.079995,0.077315,0.085999,0.083412,0.088748,0.090380,0.090257,0.089272,0.080639,0.072576,0.054667,0.034365,0.015904,0.006165,
0.088948,0.091528,0.080921,0.075035,0.083468,0.079121,0.081707,0.086187,0.085762,0.096589,0.098060,0.100299,0.104659,0.105180,0.110249,0.098833,0.088931,0.067010,0.041911,0.018129,0.006494,
0.098184,0.078747,0.077565,0.076129,0.082141,0.085026,0.089873,0.091795,0.094512,0.109108,0.109828,0.113702,0.126322,0.125869,0.140117,0.126171,0.109516,0.081454,0.047413,0.019566,0.006627,
0.071564,0.080097,0.078687,0.090728,0.086599,0.087553,0.096520,0.102277,0.110007,0.121698,0.128821,0.136779,0.154313,0.156218,0.166962,0.160706,0.137333,0.099432,0.051701,0.016743,0.006115,
0.092321,0.090410,0.078408,0.095531,0.096576,0.095979,0.109130,0.109564,0.130294,0.131080,0.147082,0.164831,0.186979,0.198272,0.202135,0.199540,0.168556,0.111012,0.054842,0.013759,0.005679,
0.131142,0.090148,0.085819,0.093465,0.094530,0.096599,0.114042,0.122403,0.147520,0.166561,0.179582,0.201734,0.224227,0.249449,0.256351,0.258122,0.200459,0.122904,0.040075,0.010108,0.004123,
0.129474,0.081078,0.109270,0.105840,0.113154,0.122018,0.135647,0.156080,0.155556,0.179941,0.207534,0.249470,0.279852,0.293578,0.319671,0.286834,0.210226,0.097127,0.021675,0.006623,0.003259,
0.076317,0.106496,0.095381,0.111402,0.114269,0.139680,0.148783,0.179498,0.195851,0.239104,0.242146,0.290221,0.328078,0.359802,0.367828,0.305549,0.158660,0.039443,0.010414,0.004245,0.001557,
nan,nan,nan,nan,nan,nan,nan,nan,nan,nan,0.373587,0.324705,0.420528,0.438569,0.298350,0.169107,0.060986,0.012976,0.005400,0.001910,nan,
nan,nan,0.117366,0.122047,0.112952,0.131118,0.127752,0.095851,0.093985,0.086765,0.069457,0.079234,0.066918,0.052277,0.036434,0.030046,0.024026,0.028027,0.017471,0.008563,0.002765,
nan,0.130152,0.125502,0.129070,0.121016,0.111457,0.106493,0.098772,0.088147,0.072838,0.074167,0.064046,0.055972,0.049298,0.037604,0.037151,0.026442,0.019700,0.012213,0.006573,0.003656,
0.124145,0.131232,0.119160,0.123560,0.117822,0.106242,0.103421,0.091788,0.085397,0.076917,0.074481,0.061130,0.058419,0.050220,0.040634,0.034701,0.025068,0.018616,0.012024,0.007197,0.003707,
0.124647,0.124048,0.115861,0.114953,0.109264,0.104550,0.099218,0.093052,0.083613,0.077344,0.071346,0.062263,0.056419,0.051360,0.044929,0.035650,0.025761,0.019032,0.013025,0.008732,0.003877,
0.114601,0.111640,0.117002,0.110093,0.101642,0.098025,0.094839,0.089221,0.082752,0.075502,0.069935,0.062317,0.055692,0.050517,0.045505,0.036531,0.029178,0.021534,0.015015,0.008995,0.004319,
0.120352,0.100880,0.109248,0.101970,0.096649,0.089801,0.087687,0.085400,0.077835,0.073961,0.067790,0.061874,0.055763,0.053482,0.047158,0.040780,0.032657,0.023538,0.015981,0.009050,0.004930,
0.118507,0.095158,0.102705,0.092161,0.087883,0.085256,0.081767,0.082711,0.075307,0.072163,0.067538,0.063999,0.057961,0.055133,0.050877,0.044744,0.037307,0.027113,0.017874,0.009251,0.005404,
0.091682,0.087363,0.092662,0.090047,0.084383,0.082471,0.077583,0.077549,0.073000,0.070980,0.069636,0.067737,0.061044,0.061755,0.057285,0.051123,0.042487,0.031029,0.020427,0.010784,0.005595,
0.104263,0.082591,0.084738,0.088351,0.080927,0.076517,0.080099,0.075547,0.072330,0.071899,0.072625,0.071737,0.065771,0.067963,0.065491,0.059148,0.047598,0.036687,0.023074,0.012707,0.006254,
0.088219,0.081297,0.082669,0.081600,0.079855,0.072294,0.078722,0.075665,0.076687,0.075524,0.081138,0.076161,0.076744,0.077813,0.076336,0.069605,0.056601,0.043474,0.028592,0.014936,0.006450,
0.089657,0.081001,0.080399,0.080268,0.079951,0.078286,0.078873,0.076860,0.080555,0.082022,0.089029,0.087682,0.090370,0.089120,0.089771,0.083296,0.069590,0.053751,0.034623,0.016431,0.007286,
0.095599,0.079104,0.079435,0.079536,0.079218,0.079541,0.084710,0.082546,0.085385,0.092093,0.100579,0.099989,0.105521,0.106805,0.105489,0.100235,0.087701,0.066333,0.039801,0.018411,0.006740,
0.072924,0.083713,0.081625,0.079451,0.083363,0.082928,0.089291,0.090658,0.094323,0.104113,0.115664,0.119043,0.123394,0.130406,0.132229,0.123724,0.109922,0.081258,0.047818,0.017388,0.006412,
0.074949,0.087740,0.083621,0.079466,0.087959,0.090700,0.094705,0.103404,0.110843,0.118206,0.126008,0.139804,0.149255,0.162650,0.166225,0.156155,0.138077,0.100256,0.052323,0.016807,0.005832,
0.079119,0.093556,0.084868,0.086296,0.095971,0.101181,0.104193,0.117225,0.132506,0.137618,0.149785,0.164831,0.182499,0.200074,0.207029,0.200865,0.170933,0.112470,0.050291,0.013527,0.005101,
0.121583,0.085754,0.081134,0.091671,0.099924,0.106378,0.120871,0.126072,0.139264,0.155033,0.184152,0.198528,0.227249,0.250321,0.250826,0.249300,0.199213,0.116377,0.038087,0.009887,0.004683,
0.084595,0.071334,0.096452,0.097940,0.113701,0.121575,0.137393,0.155674,0.167189,0.179688,0.218266,0.242017,0.276280,0.300745,0.316991,0.281969,0.200630,0.086262,0.022295,0.007576,0.003588,
nan,0.079930,0.107284,0.096307,0.121835,0.138808,0.148853,0.152419,0.197701,0.208636,0.254434,0.296731,0.327949,0.355567,0.331544,0.275597,0.140204,0.042798,0.012920,0.004926,0.002280,
nan,nan,nan,nan,0.090782,0.142290,0.184754,0.196000,0.278642,0.237640,0.274507,0.305659,0.337470,0.391246,0.330235,0.214991,0.079106,0.024534,0.006372,0.003996,0.000905,
nan,0.139796,0.117094,0.123461,0.121947,0.097021,0.103446,0.104958,0.119145,0.093464,0.067453,0.090165,0.050723,0.047835,0.048462,0.045940,0.028587,0.017137,0.016070,0.007520,0.003479,
0.117832,0.138004,0.132128,0.126736,0.127030,0.103436,0.101321,0.093335,0.089303,0.078506,0.070258,0.060697,0.055768,0.047200,0.037947,0.033193,0.024424,0.019142,0.011448,0.006685,0.003901,
0.106226,0.135951,0.127965,0.117653,0.117958,0.107565,0.105928,0.098196,0.089135,0.078085,0.072764,0.062195,0.056751,0.051030,0.044931,0.033125,0.024535,0.018096,0.011763,0.008259,0.003681,
0.128370,0.124072,0.117617,0.116765,0.109758,0.102495,0.098335,0.093084,0.082410,0.078838,0.073998,0.062518,0.052556,0.048819,0.041627,0.035013,0.028413,0.019390,0.013863,0.007874,0.003985,
0.096329,0.116455,0.106756,0.110323,0.103712,0.096470,0.096538,0.088059,0.078767,0.077992,0.068622,0.061905,0.055949,0.051850,0.041803,0.038915,0.030074,0.021234,0.014160,0.007773,0.004204,
0.087649,0.105131,0.103371,0.105940,0.097521,0.093494,0.092935,0.083570,0.077218,0.073534,0.069535,0.062463,0.055764,0.053703,0.045572,0.039832,0.032984,0.023571,0.014980,0.008535,0.004990,
0.087147,0.096043,0.097166,0.097769,0.094443,0.087468,0.090101,0.080552,0.075595,0.070207,0.068885,0.064806,0.057481,0.055329,0.049868,0.045392,0.034995,0.026497,0.017082,0.010069,0.004986,
0.093470,0.085300,0.092667,0.088849,0.091369,0.081054,0.083881,0.076593,0.074803,0.073226,0.067980,0.065790,0.062678,0.059468,0.056121,0.051265,0.040221,0.029425,0.020133,0.011408,0.005660,
0.088608,0.081275,0.088946,0.087194,0.084034,0.078168,0.078583,0.078378,0.075968,0.073123,0.071245,0.071506,0.066745,0.065710,0.065815,0.057138,0.047296,0.034782,0.024359,0.012112,0.006197,
0.088656,0.077911,0.079851,0.085186,0.081025,0.079647,0.077567,0.077268,0.075748,0.077123,0.073628,0.076724,0.079081,0.073499,0.072485,0.067772,0.057340,0.042831,0.028171,0.013702,0.006790,
0.076915,0.076568,0.079996,0.083556,0.082207,0.083564,0.077345,0.081909,0.081787,0.081863,0.080096,0.085267,0.089712,0.088062,0.084647,0.081476,0.070030,0.051742,0.032731,0.015057,0.007477,
0.076190,0.084361,0.078193,0.082671,0.087799,0.082669,0.080332,0.084773,0.088004,0.091616,0.093303,0.098019,0.102002,0.107019,0.103625,0.097580,0.086470,0.064514,0.039119,0.016411,0.006933,
0.097280,0.078010,0.081367,0.082352,0.088212,0.089164,0.086199,0.094575,0.100473,0.098830,0.106771,0.116988,0.122057,0.126894,0.128730,0.119791,0.106607,0.078037,0.045091,0.016713,0.007102,
0.111346,0.088345,0.086745,0.085224,0.092334,0.092390,0.096052,0.102599,0.110357,0.113624,0.125410,0.138611,0.147224,0.160154,0.160826,0.153361,0.129330,0.094687,0.046208,0.015810,0.006758,
0.071367,0.098164,0.092296,0.085004,0.098052,0.096837,0.107817,0.117849,0.121227,0.136168,0.149401,0.164863,0.180764,0.193639,0.196905,0.186356,0.158540,0.105389,0.045440,0.014715,0.005398,
0.067813,0.096719,0.082741,0.094067,0.104180,0.105433,0.123821,0.132785,0.149377,0.155284,0.181324,0.202182,0.217247,0.238137,0.245287,0.229912,0.181217,0.103955,0.040302,0.011546,0.004682,
nan,0.110149,0.085829,0.108521,0.106550,0.120296,0.126812,0.149126,0.164994,0.176928,0.208644,0.229499,0.265977,0.289425,0.284434,0.251301,0.178436,0.089440,0.024225,0.007116,0.003519,
0.152824,0.087348,0.120320,0.109602,0.129950,0.132773,0.137234,0.167772,0.180070,0.216088,0.244865,0.283546,0.304078,0.327632,0.313704,0.250151,0.145595,0.042716,0.011753,0.004563,0.001858,
nan,nan,nan,0.107405,0.117312,0.168302,0.165760,0.201596,0.192459,0.228204,0.306310,0.288058,0.337319,0.359059,0.303594,0.217696,0.062848,0.016439,0.007444,0.001898,0.001056,
nan,0.135993,0.124252,0.119623,0.109350,0.114829,0.128513,0.117299,0.093693,0.075700,0.073676,0.056451,0.053592,0.050789,0.049409,0.037030,0.026097,0.017526,0.012691,0.008051,0.002976,
0.117494,0.129685,0.128565,0.122491,0.115185,0.110123,0.113066,0.098276,0.090637,0.082557,0.077105,0.065418,0.054572,0.051713,0.042375,0.032848,0.023844,0.017287,0.012166,0.007498,0.003784,
0.125497,0.124219,0.117418,0.118906,0.115891,0.106995,0.100700,0.097466,0.085339,0.079461,0.076466,0.066162,0.053478,0.047335,0.039740,0.033656,0.027752,0.018548,0.013684,0.007982,0.003765,
0.112740,0.116004,0.118263,0.115352,0.110492,0.102345,0.098235,0.088068,0.081744,0.076868,0.067045,0.060426,0.054737,0.048299,0.040119,0.036366,0.027559,0.019917,0.013444,0.006903,0.004749,
0.148181,0.110105,0.111381,0.109063,0.103363,0.100476,0.094527,0.085706,0.081281,0.072151,0.067643,0.063726,0.053817,0.049229,0.041753,0.035638,0.029355,0.022295,0.013594,0.008078,0.004581,
0.111080,0.107317,0.104905,0.102429,0.100007,0.094160,0.089234,0.085054,0.078140,0.073773,0.066389,0.062811,0.055877,0.050855,0.045013,0.040196,0.030890,0.023751,0.014887,0.009143,0.004486,
0.105331,0.092707,0.102076,0.094014,0.090870,0.087657,0.085645,0.082031,0.074679,0.071335,0.069708,0.063465,0.057907,0.053847,0.049209,0.044898,0.033974,0.026834,0.017668,0.009745,0.005338,
0.084197,0.092442,0.094873,0.087483,0.083996,0.081541,0.081270,0.080069,0.074156,0.071260,0.069814,0.065492,0.062411,0.059794,0.053673,0.047761,0.039873,0.029958,0.020412,0.010716,0.005510,
0.082238,0.087423,0.086438,0.084016,0.084455,0.078721,0.079709,0.075702,0.073953,0.073855,0.068656,0.067628,0.068326,0.066678,0.058973,0.054669,0.047655,0.036453,0.023707,0.011523,0.005819,
0.090318,0.084541,0.082340,0.079153,0.080951,0.078424,0.076272,0.075894,0.076969,0.075270,0.073838,0.075043,0.078617,0.076157,0.070367,0.064327,0.056066,0.042395,0.027301,0.013173,0.006407,
0.086752,0.084245,0.079788,0.077890,0.081803,0.080015,0.076177,0.082592,0.083858,0.081615,0.080310,0.087294,0.086448,0.084385,0.086113,0.078196,0.067178,0.050481,0.031920,0.015087,0.006582,
0.066961,0.079500,0.078991,0.080326,0.081535,0.080135,0.080894,0.087148,0.087788,0.092025,0.091109,0.099888,0.099864,0.102077,0.104515,0.095403,0.081272,0.061939,0.037176,0.016426,0.006505,
0.090046,0.076193,0.079207,0.083775,0.080335,0.084631,0.087401,0.092583,0.098662,0.101745,0.103673,0.112245,0.117728,0.124718,0.123893,0.117442,0.100412,0.074371,0.042136,0.017380,0.006748,
0.076385,0.076845,0.079938,0.082370,0.085327,0.091420,0.092893,0.099073,0.107231,0.113789,0.122449,0.135770,0.138202,0.147884,0.153985,0.145183,0.120914,0.087908,0.046942,0.016348,0.006097,
0.138168,0.087276,0.083503,0.091668,0.088085,0.097616,0.103812,0.111295,0.121623,0.128369,0.145946,0.159778,0.176411,0.185467,0.185346,0.176057,0.147276,0.097883,0.043602,0.012145,0.005754,
0.067387,0.090058,0.092514,0.086409,0.101942,0.107793,0.111255,0.125989,0.139345,0.150268,0.171736,0.191006,0.208557,0.220100,0.228823,0.210851,0.164280,0.092368,0.031380,0.011025,0.004980,
0.116022,0.087173,0.082763,0.085742,0.104847,0.114920,0.123702,0.141029,0.158971,0.174418,0.210730,0.232064,0.259296,0.263669,0.267671,0.236531,0.162448,0.066666,0.022267,0.007636,0.003230,
nan,0.112703,0.109455,0.103877,0.123042,0.130110,0.142258,0.162484,0.177494,0.207519,0.234468,0.255922,0.292571,0.309156,0.277914,0.214486,0.108653,0.041474,0.011010,0.004597,0.002302,
nan,nan,0.093937,0.078868,0.130331,0.118960,0.177625,0.178378,0.185958,0.213641,0.238328,0.254376,0.332499,0.325498,0.245373,0.128815,0.064794,0.019476,0.005266,0.001984,0.000362,
nan,0.124657,0.113316,0.133596,0.123243,0.109950,0.099577,0.128364,0.092547,0.074682,0.070283,0.065327,0.057858,0.065831,0.050150,0.037598,0.028473,0.018292,0.013013,0.006326,0.004191,
0.114951,0.127947,0.123216,0.122026,0.117239,0.113183,0.104493,0.103638,0.088133,0.079452,0.075916,0.069588,0.058744,0.049481,0.042462,0.032135,0.023389,0.017123,0.010671,0.007974,0.003681,
0.129552,0.127083,0.123581,0.116362,0.120896,0.105297,0.104944,0.092127,0.086943,0.075710,0.067275,0.060225,0.052668,0.049451,0.039050,0.036609,0.027722,0.017966,0.013037,0.006386,0.003556,
0.155083,0.118450,0.119915,0.116907,0.111343,0.107595,0.099539,0.089429,0.083128,0.075025,0.068418,0.064800,0.055337,0.047272,0.040739,0.032339,0.027751,0.018852,0.012664,0.006827,0.004137,
0.114907,0.113851,0.114255,0.111203,0.104646,0.097992,0.092616,0.088871,0.082356,0.077421,0.068254,0.062361,0.056000,0.049120,0.042404,0.036844,0.029525,0.021448,0.014022,0.008015,0.004086,
0.117565,0.105644,0.107230,0.100995,0.094234,0.094874,0.091492,0.085901,0.076528,0.074279,0.067288,0.060036,0.057757,0.050506,0.044655,0.039111,0.030243,0.023288,0.015635,0.008786,0.004631,
0.107130,0.102089,0.094554,0.095463,0.093607,0.087572,0.087132,0.079213,0.075835,0.073129,0.065714,0.062205,0.059283,0.054906,0.049055,0.041165,0.035646,0.026010,0.016811,0.009420,0.004832,
0.096539,0.089164,0.090602,0.088750,0.084965,0.081890,0.083355,0.078014,0.075839,0.071986,0.066269,0.064155,0.064759,0.058363,0.053768,0.047456,0.039756,0.031021,0.019636,0.010443,0.005373,
0.074130,0.086916,0.083824,0.081920,0.080901,0.078748,0.080867,0.075270,0.076389,0.073249,0.069910,0.069023,0.067568,0.067020,0.060035,0.055367,0.044473,0.034453,0.023327,0.012042,0.005539,
0.106316,0.078983,0.076660,0.078713,0.079003,0.079818,0.076837,0.079309,0.075976,0.077164,0.070711,0.073534,0.072463,0.071803,0.069656,0.065888,0.053124,0.039356,0.027307,0.013490,0.005841,
0.089367,0.073473,0.078530,0.080241,0.079816,0.077091,0.079026,0.079332,0.081392,0.081088,0.082285,0.085055,0.084058,0.082755,0.082600,0.074667,0.063762,0.048563,0.031953,0.014948,0.006105,
0.065493,0.075050,0.080212,0.080848,0.084254,0.082771,0.082889,0.083231,0.084841,0.089983,0.092498,0.095391,0.097412,0.097040,0.097742,0.088824,0.077454,0.058784,0.035598,0.014933,0.006695,
0.063049,0.076654,0.078903,0.084931,0.087457,0.081372,0.091834,0.089752,0.096130,0.100014,0.109982,0.118021,0.111860,0.116007,0.116040,0.110811,0.092429,0.070027,0.038547,0.014793,0.006585,
0.080349,0.078524,0.084458,0.086393,0.088127,0.090761,0.098172,0.100344,0.104717,0.112257,0.120410,0.130072,0.136177,0.141043,0.145203,0.130631,0.113556,0.076790,0.038707,0.015452,0.005948,
0.075898,0.083913,0.082625,0.089902,0.090541,0.103929,0.103708,0.108261,0.120146,0.124872,0.143504,0.150163,0.159672,0.168166,0.174790,0.162193,0.130993,0.083708,0.041946,0.012485,0.005790,
0.059457,0.093412,0.089377,0.085402,0.094996,0.101881,0.114521,0.120704,0.140615,0.149584,0.163791,0.178043,0.194815,0.205763,0.209013,0.185930,0.145213,0.086246,0.030648,0.009730,0.004548,
0.112704,0.087409,0.099278,0.098783,0.112526,0.125554,0.131080,0.137306,0.154188,0.177291,0.190302,0.210495,0.231996,0.250651,0.238708,0.208277,0.143138,0.063946,0.019863,0.006812,0.003350,
0.081242,0.081332,0.088931,0.105481,0.120589,0.128283,0.137312,0.147100,0.165129,0.195202,0.222276,0.252281,0.276018,0.268037,0.249021,0.193281,0.096482,0.034366,0.011512,0.004208,0.001919,
nan,nan,0.090175,0.125165,0.115288,0.143041,0.153483,0.171862,0.189448,0.206409,0.250293,0.301876,0.281677,0.289822,0.234009,0.154493,0.073681,0.021333,0.005087,0.003464,0.000541,
nan,0.166091,0.130445,0.132246,0.113165,0.109191,0.107472,0.086534,0.083992,0.080534,0.069385,0.067954,0.062472,0.050353,0.039478,0.035252,0.024726,0.021152,0.017997,0.006679,0.003240,
0.131761,0.130653,0.124701,0.121516,0.121524,0.110484,0.105155,0.099349,0.092101,0.079206,0.074651,0.061346,0.055927,0.050349,0.040460,0.032745,0.026049,0.019767,0.012348,0.006587,0.003531,
0.120310,0.122282,0.130489,0.125746,0.109871,0.107201,0.108065,0.091962,0.090714,0.079715,0.070901,0.062980,0.054285,0.047662,0.038941,0.030925,0.025618,0.017915,0.012507,0.006755,0.003547,
0.124176,0.123859,0.117345,0.115542,0.106728,0.105265,0.094747,0.090889,0.084814,0.079461,0.069224,0.062635,0.054065,0.047712,0.041462,0.034230,0.028998,0.020922,0.012372,0.007462,0.003998,
0.108885,0.111599,0.107881,0.107090,0.101061,0.099489,0.094815,0.088417,0.078532,0.076669,0.066923,0.060697,0.056354,0.048270,0.042414,0.036360,0.028245,0.021239,0.013852,0.007996,0.004091,
0.109698,0.106542,0.101477,0.101788,0.096319,0.089254,0.091994,0.081394,0.076862,0.075397,0.063838,0.060643,0.056613,0.050851,0.044161,0.036553,0.031688,0.023826,0.014917,0.008228,0.004950,
0.099285,0.098214,0.094252,0.092388,0.087175,0.086187,0.085130,0.077443,0.075869,0.070345,0.066120,0.061304,0.058812,0.053888,0.047927,0.041578,0.033477,0.027413,0.016690,0.009512,0.004520,
0.103203,0.088793,0.088850,0.088728,0.085148,0.083045,0.076464,0.078427,0.075667,0.069147,0.066897,0.065838,0.059113,0.059948,0.051020,0.047731,0.037604,0.030069,0.019825,0.010855,0.005105,
0.127513,0.085350,0.079366,0.081927,0.082523,0.080803,0.075781,0.078360,0.074830,0.075081,0.070971,0.068638,0.062340,0.060916,0.058499,0.051416,0.044944,0.032950,0.022191,0.011399,0.005407,
0.082317,0.079321,0.078868,0.078645,0.083627,0.080258,0.073177,0.076368,0.076293,0.075535,0.075803,0.075974,0.072484,0.069791,0.067309,0.058655,0.052719,0.038186,0.025253,0.011878,0.006727,
0.103352,0.077634,0.077385,0.077952,0.081844,0.077023,0.078632,0.079444,0.079034,0.077999,0.082733,0.086647,0.083972,0.079875,0.077768,0.072756,0.061917,0.045257,0.027019,0.012729,0.006546,
0.089595,0.072551,0.078592,0.075417,0.082243,0.081683,0.083355,0.083427,0.084033,0.088860,0.091950,0.094902,0.096813,0.093444,0.092604,0.086905,0.072261,0.053394,0.032007,0.015419,0.006295,
0.069692,0.079244,0.075602,0.083712,0.086464,0.088017,0.083656,0.091308,0.091115,0.098294,0.099037,0.104115,0.109127,0.109229,0.109608,0.103373,0.086851,0.062951,0.037879,0.015262,0.005986,
0.092586,0.076295,0.074085,0.088570,0.086646,0.090357,0.092900,0.094605,0.100801,0.111319,0.116743,0.119575,0.127233,0.135186,0.134343,0.123026,0.104613,0.074721,0.038412,0.012307,0.005875,
0.088824,0.080240,0.090379,0.090435,0.090828,0.097930,0.097681,0.110216,0.118191,0.128523,0.133264,0.139422,0.152390,0.157485,0.163034,0.146771,0.120558,0.075724,0.033548,0.012422,0.004551,
0.079138,0.089406,0.084398,0.095195,0.099127,0.106808,0.109539,0.117911,0.130099,0.147867,0.152012,0.166342,0.177023,0.190228,0.185715,0.168793,0.125922,0.071337,0.030781,0.008442,0.004694,
0.107551,0.090271,0.097467,0.096047,0.106335,0.111286,0.111035,0.139731,0.149703,0.169834,0.188935,0.201942,0.217105,0.215256,0.211037,0.176902,0.117470,0.062343,0.017669,0.006631,0.003024,
nan,0.086217,0.097838,0.109944,0.116602,0.116420,0.136254,0.156403,0.177835,0.175947,0.191381,0.219421,0.242608,0.239911,0.210654,0.159450,0.095258,0.034887,0.011015,0.004625,0.002832,
nan,0.075187,nan,0.119889,0.101149,0.127160,0.137001,0.178320,0.194986,0.231210,0.193125,0.228868,0.258777,0.251836,0.219634,0.128408,0.059204,0.017418,0.006869,0.002929,0.001367,
nan,0.147556,0.110463,0.115278,0.127381,0.106472,0.099183,0.101652,0.089814,0.088012,0.086897,0.066453,0.059038,0.049926,0.033121,0.036141,0.024016,0.028639,0.012440,0.006476,0.004645,
0.127555,0.133515,0.131041,0.120816,0.123107,0.112876,0.114320,0.099911,0.088311,0.079210,0.074768,0.068073,0.053793,0.049091,0.040419,0.034172,0.024842,0.017167,0.012181,0.006512,0.003272,
0.128634,0.132954,0.128081,0.119550,0.115282,0.107978,0.101972,0.092287,0.084041,0.077762,0.070272,0.065000,0.053086,0.046855,0.039260,0.032274,0.025828,0.018640,0.011641,0.006394,0.003962,
0.145816,0.123152,0.110144,0.111685,0.111963,0.105343,0.095033,0.095022,0.081139,0.079551,0.069736,0.062822,0.059164,0.046877,0.041609,0.035739,0.027642,0.018694,0.012322,0.007207,0.004045,
0.133244,0.112855,0.111910,0.109533,0.103607,0.097250,0.094116,0.087118,0.079483,0.073223,0.066368,0.062868,0.054407,0.049335,0.041788,0.035545,0.029995,0.020879,0.013465,0.008060,0.004333,
0.112663,0.107109,0.104967,0.098561,0.099456,0.094424,0.090107,0.082725,0.075538,0.070676,0.066707,0.059335,0.056483,0.049050,0.045543,0.038052,0.030114,0.022586,0.014502,0.008607,0.003990,
0.128987,0.095053,0.097969,0.093477,0.097155,0.090431,0.084409,0.080365,0.073191,0.069309,0.066983,0.060724,0.057653,0.054420,0.048351,0.042332,0.033394,0.026252,0.017493,0.010076,0.004595,
0.091001,0.091299,0.095856,0.086985,0.087867,0.086682,0.082302,0.078460,0.074418,0.071478,0.069143,0.065287,0.059141,0.055045,0.052194,0.043320,0.038983,0.027853,0.018537,0.009069,0.004965,
0.088131,0.084001,0.089735,0.082159,0.085504,0.078967,0.077449,0.077220,0.076077,0.070821,0.071001,0.069476,0.065161,0.058824,0.056991,0.049931,0.043173,0.031617,0.019835,0.010070,0.005700,
0.091881,0.080222,0.085365,0.081259,0.082153,0.079497,0.076475,0.077499,0.075246,0.071124,0.071974,0.073462,0.072180,0.067361,0.065591,0.060126,0.048666,0.037135,0.022855,0.012112,0.005969,
0.071587,0.086851,0.084890,0.082855,0.080435,0.080121,0.076453,0.076914,0.076599,0.078572,0.079467,0.079183,0.077451,0.076851,0.074877,0.068398,0.055282,0.043074,0.028121,0.014198,0.005846,
0.088946,0.081502,0.077551,0.082073,0.081290,0.079624,0.081828,0.077644,0.082587,0.083924,0.090699,0.088162,0.089188,0.091503,0.086603,0.079382,0.067405,0.052722,0.030302,0.013091,0.007307,
0.068336,0.071710,0.080311,0.084814,0.082755,0.082981,0.082550,0.085880,0.092492,0.097036,0.098663,0.101412,0.104216,0.106021,0.103272,0.093868,0.080851,0.058276,0.031478,0.014048,0.006189,
0.075675,0.083560,0.079495,0.087881,0.082677,0.086098,0.092146,0.088982,0.106221,0.106102,0.110983,0.118443,0.120982,0.124676,0.119833,0.110954,0.092579,0.063154,0.034826,0.012581,0.005535,
0.075729,0.091701,0.081191,0.089118,0.092357,0.097538,0.100914,0.103607,0.112928,0.117449,0.127133,0.141557,0.143463,0.142465,0.145629,0.129795,0.105521,0.069391,0.030386,0.012329,0.004812,
0.103983,0.089778,0.081233,0.097775,0.105653,0.104603,0.099568,0.116089,0.124849,0.141631,0.150368,0.160804,0.162123,0.170293,0.167397,0.150076,0.110768,0.066220,0.028462,0.008430,0.004068,
0.107683,0.082670,0.087884,0.089966,0.103340,0.103954,0.119679,0.126849,0.140752,0.154417,0.175004,0.187534,0.196011,0.202234,0.186414,0.157004,0.105328,0.054973,0.017671,0.006085,0.002634,
0.074953,0.077496,0.086501,0.111539,0.115506,0.128227,0.132050,0.145113,0.163511,0.188548,0.191067,0.216451,0.211592,0.222222,0.186734,0.140286,0.080588,0.032363,0.011137,0.003624,0.002177,
nan,0.070162,nan,0.121071,0.147640,0.138372,0.137466,0.159964,0.184490,0.196825,0.195929,0.245109,0.247221,0.207465,0.174609,0.131168,0.045865,0.017029,0.006443,0.003680,0.001401,
nan,0.123769,0.131801,0.117466,0.121400,0.130140,0.099999,0.121954,0.100637,0.088541,0.076404,0.072286,0.059983,0.051219,0.037315,0.032405,0.028464,0.022723,0.013095,0.009071,0.003536,
0.143400,0.127042,0.122942,0.126566,0.121743,0.113596,0.112066,0.100033,0.085517,0.076601,0.072313,0.058995,0.050769,0.048359,0.038814,0.033080,0.024488,0.016826,0.011381,0.006639,0.003429,
0.125058,0.124014,0.115115,0.111885,0.115871,0.110909,0.101664,0.095723,0.085647,0.077742,0.070662,0.066549,0.055217,0.045506,0.039744,0.033916,0.025791,0.018266,0.010958,0.006079,0.004216,
0.133428,0.117514,0.114932,0.115559,0.112768,0.103597,0.100398,0.088216,0.082218,0.078022,0.067457,0.061618,0.056554,0.047498,0.040741,0.033014,0.026303,0.019894,0.013167,0.006985,0.004096,
0.143316,0.116496,0.107409,0.103175,0.106734,0.097294,0.097148,0.086934,0.081478,0.072563,0.066854,0.060616,0.056565,0.047460,0.040934,0.034762,0.027892,0.021387,0.013672,0.007859,0.004434,
0.121674,0.113721,0.103408,0.099435,0.103006,0.095882,0.090651,0.084382,0.074868,0.073553,0.068526,0.061220,0.055613,0.049819,0.044955,0.039213,0.031366,0.023684,0.015211,0.008599,0.003886,
0.113012,0.102012,0.097906,0.092477,0.089949,0.093974,0.082934,0.081347,0.077621,0.071374,0.068903,0.062503,0.056784,0.049897,0.045565,0.039170,0.032683,0.023471,0.015431,0.008232,0.005273,
0.143028,0.091561,0.092366,0.085356,0.087176,0.086881,0.077961,0.079629,0.074841,0.069702,0.066074,0.066202,0.061028,0.052505,0.048228,0.044542,0.035010,0.027191,0.016914,0.009115,0.004855,
0.108278,0.085722,0.087218,0.080639,0.082492,0.082432,0.074902,0.072941,0.073724,0.071161,0.070166,0.066253,0.063812,0.061489,0.055909,0.049505,0.040841,0.031107,0.020284,0.011323,0.005262,
0.088661,0.086944,0.077508,0.080269,0.079035,0.081762,0.073979,0.071312,0.072610,0.074432,0.075628,0.070140,0.068792,0.066561,0.061199,0.054423,0.044418,0.035409,0.022500,0.011637,0.005174,
0.092907,0.078714,0.082115,0.074542,0.079545,0.077251,0.074942,0.075854,0.075162,0.080600,0.079986,0.079137,0.074339,0.074812,0.070139,0.062819,0.054646,0.040516,0.023644,0.012262,0.005834,
0.072969,0.084167,0.085859,0.079708,0.083996,0.082803,0.080310,0.083571,0.084326,0.087794,0.084375,0.086471,0.086004,0.086758,0.080808,0.075158,0.061937,0.045812,0.028324,0.013386,0.005788,
0.096455,0.086581,0.085766,0.080813,0.089666,0.083497,0.087486,0.084894,0.091537,0.091062,0.097904,0.106157,0.101459,0.100376,0.096738,0.085749,0.071553,0.053278,0.030403,0.012091,0.005758,
0.069500,0.073069,0.087375,0.086593,0.092219,0.088885,0.098387,0.094240,0.095913,0.104642,0.111014,0.111372,0.113115,0.115727,0.111423,0.098578,0.084691,0.057459,0.031043,0.012912,0.004850,
0.076450,0.080935,0.083397,0.081053,0.096158,0.088559,0.098758,0.106741,0.106285,0.120034,0.118286,0.127658,0.134505,0.141101,0.130350,0.118140,0.092644,0.060891,0.031485,0.010023,0.004758,
0.109661,0.088263,0.080675,0.095642,0.090398,0.095937,0.106198,0.109384,0.123592,0.130081,0.139235,0.144496,0.155010,0.152506,0.146303,0.127700,0.095725,0.058968,0.027086,0.008182,0.003890,
0.079410,0.093467,0.100751,0.097767,0.106634,0.106106,0.124491,0.124597,0.137280,0.142790,0.155019,0.168538,0.176886,0.175498,0.167080,0.132207,0.094061,0.047139,0.018520,0.005684,0.002507,
nan,0.086812,0.085306,0.107502,0.097746,0.116063,0.134591,0.137899,0.167658,0.168946,0.178685,0.179558,0.179680,0.179872,0.165364,0.125031,0.073098,0.031721,0.010567,0.003487,0.001641,
nan,0.115148,nan,0.107355,0.106957,0.143430,0.142125,0.150178,0.163323,0.176304,0.206115,0.175414,0.204669,0.190088,0.175870,0.116680,0.050812,0.023238,0.004622,0.002256,0.001542,
nan,0.121774,0.124650,0.131265,0.135180,0.104260,0.108133,0.102825,0.084400,0.080717,0.072340,0.064333,0.061203,0.046524,0.038861,0.031501,0.023987,0.020758,0.011430,0.010271,0.003244,
0.138990,0.125049,0.133525,0.121938,0.117937,0.107384,0.105520,0.093900,0.087904,0.076574,0.076664,0.058426,0.057226,0.050105,0.036553,0.030942,0.028586,0.017898,0.012202,0.005817,0.003340,
0.136098,0.119828,0.119324,0.116202,0.115339,0.108643,0.098202,0.094322,0.086948,0.081209,0.071396,0.062234,0.052631,0.048544,0.039397,0.034433,0.027415,0.019044,0.012038,0.007294,0.003977,
0.108502,0.120716,0.119373,0.110075,0.111356,0.101771,0.100602,0.090299,0.083670,0.077670,0.068664,0.062929,0.053411,0.050169,0.041825,0.033151,0.028224,0.020120,0.012661,0.007726,0.004180,
0.123452,0.109206,0.111183,0.105309,0.104927,0.098968,0.096414,0.086385,0.078926,0.079635,0.070668,0.060695,0.055784,0.046638,0.040989,0.036577,0.029698,0.019866,0.012749,0.007843,0.003578,
0.123000,0.099420,0.098792,0.105502,0.097829,0.099242,0.087535,0.084872,0.080249,0.072574,0.067180,0.062702,0.054334,0.049117,0.042421,0.035826,0.029955,0.020557,0.013597,0.007594,0.004207,
0.118599,0.096405,0.094219,0.089404,0.090752,0.093129,0.086972,0.079820,0.075706,0.069757,0.064531,0.061782,0.056499,0.048029,0.045224,0.038417,0.030972,0.024572,0.014851,0.008116,0.004690,
0.086845,0.093020,0.089489,0.090037,0.085541,0.087165,0.081094,0.074386,0.073335,0.069695,0.067643,0.062252,0.059959,0.054433,0.049809,0.044576,0.036606,0.026831,0.018115,0.009572,0.005029,
0.099787,0.089712,0.087097,0.086681,0.084434,0.080880,0.076551,0.073658,0.070349,0.073089,0.069705,0.066680,0.063001,0.058575,0.053315,0.047053,0.037695,0.029667,0.018324,0.009967,0.005399,
0.077640,0.085066,0.085844,0.080703,0.076813,0.076247,0.079801,0.075907,0.072824,0.072583,0.072447,0.069246,0.064011,0.062942,0.059269,0.051589,0.043107,0.033051,0.020156,0.011685,0.005238,
0.086622,0.077255,0.077456,0.077987,0.078068,0.077742,0.082174,0.077275,0.079629,0.074955,0.075459,0.073346,0.073172,0.071864,0.066311,0.060119,0.048704,0.039333,0.024244,0.011306,0.005658,
0.067439,0.079569,0.079738,0.079540,0.081852,0.081142,0.084996,0.078786,0.080811,0.081243,0.082824,0.084490,0.084717,0.083854,0.077010,0.067136,0.057657,0.042324,0.024834,0.012422,0.005757,
0.085042,0.078250,0.089494,0.079326,0.081215,0.088032,0.084744,0.087466,0.089515,0.091818,0.093852,0.090458,0.094861,0.093768,0.089063,0.080022,0.066141,0.047584,0.030168,0.011872,0.005584,
0.059099,0.078701,0.088638,0.085377,0.086125,0.089147,0.093948,0.094924,0.097718,0.100341,0.102636,0.104396,0.111269,0.106119,0.101039,0.096021,0.072254,0.052082,0.028165,0.012363,0.004714,
0.215973,0.092902,0.085747,0.089611,0.093212,0.089980,0.098291,0.102641,0.104416,0.106585,0.113489,0.112860,0.121004,0.117514,0.118662,0.100356,0.080831,0.054134,0.029039,0.009867,0.004102,
0.077846,0.086646,0.083130,0.094764,0.097683,0.104149,0.103569,0.100905,0.113043,0.120689,0.127118,0.139858,0.135964,0.134941,0.129327,0.115420,0.086799,0.053135,0.022445,0.008475,0.003645,
0.078247,0.103226,0.098833,0.103568,0.099454,0.111427,0.125386,0.131437,0.124353,0.134645,0.145977,0.152095,0.154026,0.154204,0.145026,0.115348,0.083050,0.045658,0.018882,0.005614,0.002714,
0.066598,0.093403,0.097728,0.092205,0.106064,0.109701,0.122149,0.122044,0.131956,0.148510,0.157721,0.167498,0.178573,0.162760,0.142196,0.108541,0.068420,0.036925,0.013637,0.003708,0.002462,
nan,nan,0.080671,0.099145,0.095436,0.100193,0.141129,0.139894,0.158893,0.130836,0.175978,0.170197,0.162395,0.178955,0.139959,0.084243,0.052496,0.018353,0.010077,0.003012,0.000421,
nan,0.112830,0.117101,0.110772,0.128731,0.110878,0.115891,0.100271,0.092241,0.086455,0.073124,0.070951,0.060767,0.044432,0.034849,0.032758,0.023447,0.016946,0.011901,0.006179,0.004103,
0.157979,0.131909,0.128265,0.121788,0.115124,0.105881,0.113242,0.091111,0.091737,0.079629,0.075694,0.063458,0.055430,0.048972,0.036390,0.033198,0.022903,0.017190,0.012249,0.005842,0.003990,
0.111631,0.117317,0.124218,0.116071,0.112195,0.109674,0.104525,0.096035,0.086719,0.081535,0.073659,0.064715,0.056000,0.045346,0.039757,0.032236,0.027037,0.019299,0.012036,0.006369,0.004157,
0.113275,0.114358,0.120386,0.110733,0.108681,0.102361,0.099686,0.092763,0.085532,0.077028,0.068940,0.062332,0.057187,0.048219,0.041321,0.033522,0.027267,0.019675,0.013469,0.007686,0.004051,
0.104825,0.106410,0.112515,0.111209,0.107159,0.104420,0.096174,0.089724,0.080808,0.077989,0.067163,0.061287,0.055606,0.047299,0.043422,0.034996,0.026874,0.020796,0.012901,0.006533,0.004088,
0.095764,0.102204,0.106109,0.101009,0.101147,0.097752,0.093483,0.083720,0.075968,0.072431,0.065973,0.059224,0.053596,0.045737,0.043521,0.034450,0.030174,0.021442,0.014110,0.008342,0.004533,
0.104396,0.095953,0.102262,0.094402,0.093904,0.093221,0.084232,0.079000,0.076228,0.067826,0.067621,0.060557,0.055675,0.050487,0.044613,0.041130,0.031837,0.023766,0.016353,0.008648,0.004336,
0.124159,0.084540,0.091033,0.087509,0.087895,0.081269,0.080033,0.076219,0.071823,0.072303,0.067363,0.063529,0.059336,0.052740,0.047524,0.040645,0.032381,0.024612,0.015921,0.008291,0.004970,
0.092503,0.081734,0.084115,0.080450,0.080463,0.079965,0.079867,0.075551,0.071319,0.069591,0.068387,0.063237,0.058883,0.054737,0.051582,0.044669,0.035917,0.026855,0.018388,0.010753,0.004639,
0.076681,0.082352,0.083994,0.077891,0.076641,0.078916,0.074862,0.076134,0.074337,0.070702,0.068416,0.066978,0.064699,0.060964,0.056433,0.048658,0.041573,0.031780,0.020044,0.009584,0.005558,
0.078002,0.088911,0.078248,0.079641,0.074623,0.077991,0.076223,0.074799,0.078861,0.075243,0.072462,0.072581,0.072411,0.069263,0.065779,0.055570,0.045634,0.033935,0.022072,0.011594,0.004944,
0.087558,0.074984,0.082852,0.079089,0.078750,0.079162,0.076985,0.076464,0.079434,0.080850,0.079173,0.078938,0.078669,0.079741,0.071202,0.065948,0.052327,0.041931,0.025042,0.010272,0.005569,
0.070130,0.086789,0.081111,0.083642,0.081110,0.086618,0.081093,0.079966,0.085125,0.089699,0.084476,0.089117,0.086656,0.085441,0.082576,0.071751,0.059199,0.042758,0.026427,0.011642,0.004680,
0.082575,0.085605,0.087298,0.083786,0.080736,0.088705,0.089547,0.090084,0.092502,0.096413,0.095456,0.098861,0.098195,0.101699,0.090765,0.081720,0.064995,0.047240,0.026525,0.011968,0.004730,
0.070491,0.082156,0.086640,0.086200,0.089023,0.094715,0.094019,0.096219,0.100700,0.108725,0.107756,0.112112,0.110674,0.109359,0.104760,0.093242,0.074876,0.049386,0.027295,0.010102,0.004120,
0.122039,0.070923,0.089421,0.093192,0.099919,0.100725,0.095552,0.109622,0.113972,0.122138,0.118855,0.130170,0.124623,0.125609,0.121716,0.101314,0.077847,0.047517,0.022895,0.008503,0.003760,
0.080151,0.077945,0.085337,0.084008,0.105817,0.105032,0.111835,0.115133,0.119712,0.127539,0.139865,0.132500,0.137273,0.140153,0.122414,0.111958,0.078310,0.043408,0.019115,0.005796,0.003173,
0.104850,0.091455,0.107039,0.117595,0.128978,0.117003,0.131587,0.131782,0.137347,0.141108,0.157676,0.146208,0.157326,0.150831,0.127512,0.101156,0.068315,0.032066,0.012505,0.005386,0.003531,
nan,nan,0.145360,0.085265,nan,0.119002,0.131211,0.132143,0.152834,0.161846,0.147781,0.165293,0.150476,0.146459,0.160813,0.080524,0.061254,0.017883,0.010096,0.003046,0.000926,
nan,0.137754,0.139055,0.124211,0.134360,0.111137,0.106985,0.090271,0.086258,0.078806,0.080922,0.072579,0.054320,0.051389,0.037881,0.029381,0.023270,0.018637,0.011622,0.007045,0.004156,
0.121325,0.126732,0.119452,0.122022,0.122600,0.107641,0.100723,0.091797,0.085632,0.077076,0.066493,0.066932,0.049498,0.044439,0.036834,0.030699,0.024336,0.016959,0.010371,0.005412,0.004204,
0.127754,0.125141,0.124371,0.114483,0.118016,0.108352,0.103396,0.093897,0.088017,0.080598,0.070983,0.062333,0.055679,0.049955,0.042044,0.032973,0.025893,0.019584,0.012887,0.006972,0.003835,
0.115948,0.115181,0.118015,0.114541,0.112179,0.104693,0.099293,0.091761,0.084514,0.079736,0.072382,0.061407,0.058718,0.047514,0.040501,0.032798,0.027258,0.017737,0.011822,0.006469,0.003597,
0.126627,0.112740,0.112929,0.107621,0.106174,0.101230,0.097156,0.088331,0.081661,0.075031,0.067760,0.061836,0.054886,0.046709,0.039584,0.032627,0.027304,0.018211,0.012376,0.007731,0.004216,
0.100946,0.106058,0.100116,0.101757,0.097283,0.095646,0.088216,0.084765,0.077719,0.071856,0.068621,0.060223,0.053756,0.049081,0.041587,0.035482,0.029320,0.020746,0.015002,0.008068,0.004025,
0.088425,0.102222,0.096227,0.093963,0.088262,0.089222,0.084139,0.078206,0.074822,0.071304,0.068377,0.060043,0.053759,0.049339,0.045584,0.037320,0.028484,0.021199,0.013312,0.007248,0.004930,
0.083652,0.096009,0.090246,0.084141,0.082175,0.085657,0.080558,0.078291,0.072826,0.069720,0.065296,0.060526,0.056272,0.050915,0.045612,0.038565,0.030750,0.024017,0.017311,0.009140,0.004918,
0.087774,0.081543,0.083520,0.079334,0.079147,0.078877,0.077257,0.074463,0.073324,0.069159,0.063047,0.062418,0.057512,0.054888,0.050356,0.042234,0.034530,0.026753,0.016373,0.009045,0.005423,
0.128738,0.077151,0.077367,0.079177,0.076860,0.076704,0.077559,0.073194,0.072784,0.070254,0.068402,0.067206,0.064542,0.060440,0.054287,0.047430,0.038891,0.028861,0.019639,0.010301,0.004915,
0.090175,0.080592,0.082278,0.077442,0.077822,0.076463,0.076071,0.071832,0.070287,0.075226,0.074480,0.068851,0.069759,0.066334,0.060730,0.053736,0.044780,0.033327,0.020729,0.009371,0.004901,
0.079411,0.078176,0.079405,0.076685,0.080253,0.079607,0.078725,0.076646,0.079103,0.078186,0.075592,0.074696,0.075411,0.070782,0.066680,0.057273,0.049543,0.035165,0.023155,0.010683,0.005405,
0.064653,0.079056,0.072903,0.080890,0.084569,0.082612,0.082403,0.080390,0.084087,0.086053,0.084899,0.083365,0.084874,0.080452,0.073571,0.066776,0.054082,0.039764,0.023716,0.011452,0.005060,
0.091487,0.076684,0.087749,0.082293,0.086428,0.088286,0.085915,0.085032,0.090069,0.091311,0.093458,0.095470,0.088990,0.090570,0.083425,0.075546,0.060643,0.041616,0.024727,0.010509,0.005115,
0.060472,0.088254,0.084787,0.087197,0.083020,0.087993,0.089725,0.091799,0.097082,0.102305,0.103311,0.102748,0.099311,0.101261,0.092653,0.086780,0.065216,0.045420,0.024592,0.010344,0.004118,
0.070588,0.083027,0.088558,0.089250,0.089942,0.092760,0.096643,0.100920,0.109945,0.108353,0.116836,0.112729,0.110606,0.111869,0.106311,0.093697,0.071966,0.045203,0.021508,0.009403,0.004631,
0.084117,0.091465,0.083109,0.099136,0.103713,0.096274,0.109455,0.115753,0.114838,0.114044,0.121663,0.123188,0.123243,0.124336,0.109807,0.095226,0.067364,0.039330,0.019524,0.007093,0.003073,
0.118974,0.081723,0.107592,0.109651,0.097908,0.104065,0.124758,0.128151,0.120767,0.129029,0.140798,0.138639,0.131124,0.133957,0.114550,0.088455,0.058358,0.030832,0.011649,0.004687,0.002047,
nan,0.141729,0.081933,nan,0.109391,0.086589,0.089388,0.118977,0.130759,0.142375,0.126736,0.146569,0.145342,0.117701,0.099328,0.084403,0.051604,0.035840,0.009106,0.002546,0.000737,
nan,0.125743,0.134188,0.121534,0.121986,0.121553,0.104214,0.098830,0.095904,0.075092,0.085963,0.061374,0.056620,0.059395,0.039407,0.034588,0.022660,0.019716,0.021207,0.006805,0.003259,
0.134452,0.121720,0.127017,0.124072,0.119131,0.113138,0.098716,0.094834,0.088006,0.075720,0.074616,0.064847,0.050710,0.043973,0.042423,0.031885,0.025084,0.016316,0.010668,0.005812,0.003632,
0.128972,0.126610,0.125837,0.118544,0.113702,0.105067,0.107640,0.097987,0.088340,0.080084,0.072348,0.063697,0.056490,0.047979,0.043600,0.032135,0.025923,0.019462,0.012642,0.007125,0.003766,
0.123193,0.122124,0.118780,0.113755,0.114801,0.107555,0.100026,0.092355,0.087365,0.081906,0.066642,0.059079,0.054015,0.048362,0.041252,0.032679,0.024103,0.018643,0.010521,0.006384,0.004706,
0.116151,0.113001,0.113439,0.111030,0.106072,0.099599,0.090796,0.087889,0.078197,0.073598,0.072645,0.059748,0.052691,0.045862,0.041553,0.032549,0.028296,0.021148,0.013927,0.008183,0.003950,
0.135868,0.101481,0.110710,0.098176,0.095037,0.091846,0.089728,0.082410,0.079538,0.071831,0.066069,0.060904,0.054369,0.048386,0.043622,0.036036,0.027854,0.019500,0.012328,0.007200,0.004907,
0.085350,0.097171,0.094120,0.093516,0.090185,0.092003,0.085784,0.081402,0.075851,0.069390,0.064786,0.059436,0.054934,0.047632,0.042373,0.036478,0.030878,0.022229,0.015136,0.008722,0.004461,
0.087597,0.088573,0.086955,0.088511,0.087089,0.082318,0.081304,0.076319,0.076008,0.069900,0.062935,0.058551,0.052819,0.050255,0.044855,0.038965,0.030043,0.022493,0.014892,0.007425,0.004672,
0.090578,0.086512,0.080585,0.081368,0.083733,0.081869,0.075720,0.075283,0.072676,0.069036,0.066954,0.061656,0.057201,0.053026,0.047590,0.039414,0.033115,0.025638,0.018473,0.010041,0.004395,
0.098731,0.085728,0.076941,0.080878,0.077310,0.080441,0.070748,0.070377,0.069038,0.070746,0.069017,0.062086,0.062047,0.058034,0.052066,0.045289,0.040641,0.028970,0.016336,0.008795,0.004953,
0.079028,0.076955,0.076810,0.081907,0.081262,0.078426,0.075526,0.072928,0.072528,0.073378,0.068964,0.066600,0.064426,0.059481,0.057273,0.049149,0.041373,0.030482,0.021227,0.009232,0.005234,
0.067811,0.080904,0.078629,0.078605,0.083094,0.078921,0.080849,0.074001,0.074485,0.075794,0.077766,0.072363,0.071499,0.068632,0.061882,0.055368,0.046976,0.034211,0.020049,0.011162,0.004583,
0.093981,0.075752,0.079994,0.080093,0.080337,0.081711,0.081551,0.077243,0.085263,0.080564,0.085769,0.079253,0.075575,0.076600,0.068097,0.061169,0.049325,0.036884,0.022597,0.011281,0.005176,
0.065947,0.083175,0.077186,0.081520,0.082865,0.083877,0.089168,0.087709,0.084356,0.090426,0.086278,0.088561,0.083546,0.080608,0.078301,0.068335,0.054486,0.038483,0.023468,0.010354,0.005012,
0.089824,0.084595,0.083483,0.090937,0.085847,0.089526,0.093202,0.089928,0.091442,0.090923,0.092759,0.101548,0.095124,0.090396,0.089561,0.075594,0.064538,0.040384,0.023077,0.010359,0.004574,
0.085213,0.092837,0.092387,0.089611,0.091782,0.087163,0.091587,0.100857,0.100165,0.101968,0.107175,0.108800,0.105841,0.107828,0.091747,0.080813,0.064220,0.041124,0.021455,0.008986,0.003943,
nan,0.080196,0.083503,0.087419,0.090369,0.099388,0.104176,0.107702,0.110708,0.107673,0.119753,0.114730,0.117256,0.111622,0.098549,0.080271,0.060143,0.039364,0.019717,0.007507,0.002824,
nan,0.134335,0.106179,0.100889,0.105678,0.113842,0.101178,0.114926,0.118492,0.113383,0.116125,0.128678,0.129409,0.124069,0.102096,0.077890,0.056070,0.033229,0.015054,0.004858,0.001764,
nan,0.088411,0.100228,0.150542,0.096640,nan,0.109942,0.137033,0.146247,0.135417,0.132396,0.161123,0.138975,0.116604,0.074378,0.081688,0.045507,0.040494,0.018367,0.003131,0.002338,
nan,0.143146,0.118208,0.116069,0.113920,0.104561,0.105493,0.108162,0.086624,0.100453,0.071065,0.067485,0.055749,0.058874,0.040885,0.029071,0.021569,0.017090,0.010202,0.011599,0.003246,
0.118035,0.131933,0.131411,0.115266,0.123520,0.110325,0.104057,0.095745,0.089235,0.076790,0.074625,0.068857,0.056651,0.045810,0.038642,0.031377,0.025267,0.021510,0.011310,0.006493,0.003751,
0.132557,0.121929,0.122430,0.114988,0.118389,0.114953,0.106043,0.095581,0.087060,0.080044,0.073054,0.063275,0.052941,0.048228,0.041070,0.031685,0.025303,0.018569,0.010766,0.006530,0.003376,
0.114649,0.114467,0.111895,0.117350,0.111634,0.107642,0.101640,0.090735,0.083059,0.075854,0.071821,0.063066,0.053365,0.046638,0.040854,0.032425,0.026065,0.018469,0.012271,0.006964,0.004196,
0.113891,0.110998,0.114345,0.107588,0.101085,0.099669,0.092998,0.090274,0.080485,0.075945,0.070889,0.060989,0.054723,0.048682,0.040395,0.034132,0.026911,0.018777,0.012709,0.007240,0.003408,
0.104323,0.108397,0.106604,0.103382,0.094612,0.098461,0.090531,0.087837,0.078391,0.071370,0.067333,0.061066,0.051756,0.044435,0.041035,0.033495,0.026070,0.018706,0.014591,0.008039,0.004239,
0.091747,0.096909,0.098913,0.094416,0.094228,0.086562,0.086079,0.077571,0.078423,0.070066,0.063641,0.058040,0.053936,0.048982,0.042256,0.036175,0.028501,0.020794,0.013071,0.006810,0.004275,
0.081549,0.093530,0.092345,0.087488,0.091266,0.085136,0.080632,0.076098,0.074322,0.069497,0.067901,0.060237,0.053685,0.050808,0.042595,0.036043,0.028653,0.023275,0.015742,0.009298,0.004127,
0.091784,0.086317,0.086722,0.083254,0.085187,0.082735,0.075359,0.072583,0.070839,0.069030,0.066366,0.060343,0.056136,0.054168,0.046317,0.040105,0.032986,0.024055,0.014500,0.007839,0.004561,
0.090573,0.074279,0.079782,0.082185,0.082511,0.077111,0.078097,0.071405,0.071008,0.067938,0.067434,0.063163,0.058251,0.056254,0.048594,0.043048,0.034692,0.027681,0.018387,0.008208,0.005575,
0.090456,0.082976,0.078083,0.082183,0.082663,0.078455,0.079431,0.074662,0.072640,0.069717,0.072189,0.064910,0.062238,0.059798,0.052664,0.047075,0.040157,0.028317,0.018068,0.010238,0.004635,
0.093750,0.084777,0.077887,0.079173,0.079087,0.079713,0.076773,0.075283,0.079733,0.072561,0.075085,0.068980,0.066232,0.063789,0.058295,0.050787,0.041811,0.031003,0.019768,0.010480,0.004748,
0.060976,0.073770,0.083079,0.078891,0.081603,0.083838,0.079697,0.081045,0.078903,0.077417,0.076967,0.080975,0.075707,0.069630,0.064415,0.057095,0.046872,0.032820,0.021265,0.009396,0.005232,
0.089955,0.081803,0.080763,0.079310,0.085165,0.088394,0.080593,0.083081,0.085203,0.081977,0.082902,0.087148,0.080580,0.074685,0.071215,0.062519,0.053564,0.035611,0.021280,0.010694,0.005122,
0.119689,0.088731,0.076684,0.079764,0.093517,0.086656,0.086256,0.088603,0.092604,0.094963,0.092488,0.092099,0.089487,0.085740,0.079625,0.067831,0.056208,0.037196,0.020986,0.010245,0.004586,
0.058615,0.093609,0.082876,0.088483,0.088135,0.098728,0.088786,0.103113,0.098060,0.099668,0.096074,0.103047,0.094036,0.098279,0.083038,0.073233,0.056111,0.040926,0.022198,0.010574,0.003859,
0.121555,0.086576,0.092586,0.085523,0.093643,0.097096,0.095590,0.102930,0.112178,0.099917,0.105788,0.104082,0.106144,0.098970,0.092367,0.076255,0.058354,0.036732,0.018682,0.007538,0.003424,
0.163796,0.090259,0.106934,0.088057,0.100772,0.108757,0.094985,0.113901,0.108138,0.110127,0.119369,0.112245,0.107386,0.104213,0.088823,0.080533,0.057313,0.036958,0.016071,0.005079,0.002427,
nan,0.059025,nan,0.114634,0.115290,0.090421,nan,0.123248,nan,0.124800,0.134371,0.112801,0.120764,0.094970,0.077519,0.096174,0.043597,0.029997,0.024380,0.005506,0.001817,
nan,0.122197,0.137031,0.106338,0.115382,0.112908,0.095728,0.106659,0.083120,0.075646,0.087410,0.062515,0.055778,0.050825,0.050965,0.030331,0.022858,0.015563,0.011103,0.007581,0.003877,
0.148242,0.123303,0.126321,0.117465,0.116549,0.115867,0.104441,0.098494,0.091855,0.078084,0.072437,0.060184,0.052874,0.047752,0.038876,0.033127,0.026369,0.018053,0.011899,0.006847,0.003673,
0.125576,0.124047,0.127383,0.120401,0.118631,0.107162,0.108424,0.097078,0.088403,0.078678,0.069228,0.064646,0.057733,0.045507,0.038079,0.033480,0.025134,0.017192,0.012201,0.005883,0.002818,
0.122240,0.117214,0.127456,0.116863,0.110811,0.103277,0.096134,0.089377,0.082480,0.081340,0.070786,0.059467,0.056866,0.047136,0.039309,0.032958,0.027294,0.019865,0.013378,0.008365,0.003841,
0.117512,0.116771,0.114335,0.109449,0.101461,0.099001,0.095952,0.086659,0.083113,0.073982,0.069442,0.059338,0.053191,0.045955,0.038897,0.031040,0.024841,0.016679,0.011011,0.006321,0.005401,
0.111637,0.101009,0.107505,0.101326,0.101459,0.091910,0.091277,0.083005,0.078576,0.074859,0.063326,0.060307,0.054118,0.047947,0.040504,0.035511,0.028270,0.020824,0.013713,0.007250,0.003678,
0.100272,0.095929,0.097673,0.092244,0.095992,0.091078,0.087498,0.080331,0.076135,0.074036,0.068336,0.059973,0.051693,0.047020,0.041296,0.033588,0.026117,0.020115,0.013691,0.008163,0.003914,
0.085562,0.086290,0.085731,0.087957,0.093273,0.085041,0.078328,0.077531,0.072011,0.066792,0.064154,0.058585,0.052597,0.050884,0.042905,0.036891,0.029016,0.020701,0.013294,0.007029,0.004860,
0.084133,0.086507,0.080025,0.083394,0.082529,0.077441,0.080045,0.073377,0.071688,0.067056,0.063257,0.060079,0.054642,0.053183,0.043900,0.035741,0.032738,0.024162,0.015965,0.007886,0.004848,
0.085753,0.079683,0.074929,0.082155,0.077857,0.076722,0.077060,0.072329,0.069411,0.066441,0.066211,0.060420,0.056964,0.051320,0.048519,0.041501,0.033574,0.024724,0.015965,0.009138,0.004224,
0.079666,0.079651,0.079312,0.080634,0.073531,0.075144,0.074692,0.072152,0.070703,0.067415,0.066767,0.063631,0.059238,0.057274,0.052301,0.042013,0.036955,0.025860,0.016871,0.009314,0.005083,
0.085442,0.076435,0.081280,0.081777,0.073560,0.078682,0.073462,0.076677,0.071003,0.072666,0.070801,0.071827,0.065369,0.060586,0.055356,0.048063,0.039194,0.029646,0.019067,0.008691,0.005466,
0.073039,0.082856,0.080038,0.076570,0.076756,0.083319,0.074603,0.079263,0.081676,0.080208,0.075197,0.072974,0.068518,0.063513,0.061437,0.053352,0.043391,0.030884,0.020972,0.009874,0.005128,
0.070420,0.082405,0.078583,0.080453,0.083655,0.083515,0.079379,0.081638,0.082981,0.084959,0.084179,0.078751,0.075833,0.071358,0.066213,0.056969,0.047857,0.034241,0.020426,0.010033,0.005099,
0.088150,0.101189,0.085329,0.084184,0.084709,0.086861,0.085694,0.084942,0.088520,0.085871,0.086981,0.089970,0.083595,0.080949,0.075327,0.061355,0.051421,0.035991,0.020772,0.009952,0.004786,
0.063694,0.085302,0.088041,0.089735,0.089188,0.098219,0.096251,0.092693,0.099991,0.092428,0.096073,0.095719,0.091668,0.084986,0.078983,0.070518,0.053789,0.036128,0.021290,0.011097,0.004307,
0.116308,0.086679,0.082102,0.093124,0.090199,0.088916,0.093113,0.100995,0.101055,0.103151,0.100569,0.102083,0.096260,0.095198,0.083423,0.073278,0.054629,0.038109,0.019009,0.008702,0.004003,
0.120877,0.089279,0.092972,0.082980,0.101116,0.089782,0.099616,0.097944,0.111219,0.107690,0.104519,0.097754,0.106376,0.097601,0.083426,0.072395,0.049620,0.031480,0.016107,0.006013,0.003332,
nan,nan,nan,0.142226,0.087582,0.099094,0.114698,0.127024,0.096422,0.097169,0.103172,0.111903,0.098334,0.115698,0.112090,0.078044,0.062809,0.026463,0.017085,0.006259,0.001500,
nan,0.136850,0.127414,0.109342,0.122423,0.133178,0.120397,0.102167,0.102895,0.078420,0.085894,0.054497,0.050534,0.047770,0.039790,0.033062,0.024332,0.019868,0.012332,0.006327,0.003105,
0.136600,0.126312,0.131465,0.115965,0.109373,0.112463,0.108096,0.099714,0.090032,0.075074,0.078094,0.068065,0.057056,0.048391,0.039326,0.034930,0.026749,0.019533,0.012524,0.007317,0.003847,
0.145083,0.122221,0.120829,0.114808,0.115105,0.107981,0.100305,0.097277,0.084382,0.079518,0.069706,0.059493,0.058902,0.042482,0.039160,0.030737,0.023748,0.016054,0.009741,0.005280,0.003685,
0.138543,0.128147,0.117895,0.113822,0.108624,0.107190,0.098257,0.090311,0.088774,0.079210,0.072167,0.063309,0.057001,0.048856,0.043630,0.033969,0.027240,0.018633,0.012248,0.006925,0.003102,
0.119483,0.121184,0.119546,0.106359,0.103030,0.101121,0.095229,0.092508,0.081716,0.073939,0.069578,0.059163,0.051326,0.044227,0.041183,0.033254,0.025492,0.020896,0.014097,0.008572,0.004146,
0.105061,0.120170,0.108791,0.098463,0.100869,0.096484,0.090350,0.084872,0.080792,0.073342,0.068660,0.058758,0.054409,0.045913,0.041997,0.031605,0.024530,0.017191,0.010826,0.006461,0.004689,
0.118525,0.102530,0.101326,0.094616,0.096825,0.089921,0.083994,0.080664,0.074943,0.070211,0.063344,0.058403,0.052684,0.048025,0.042430,0.035573,0.027977,0.019897,0.013160,0.006441,0.003445,
0.096316,0.095955,0.092675,0.087014,0.087039,0.083443,0.081378,0.078677,0.071274,0.066840,0.062573,0.059845,0.051713,0.049308,0.040750,0.033115,0.027250,0.022792,0.016041,0.008269,0.003853,
0.107173,0.086912,0.083554,0.082273,0.081596,0.075705,0.078365,0.072667,0.067828,0.067072,0.062553,0.058478,0.055168,0.050386,0.044505,0.037838,0.030151,0.021070,0.014146,0.008848,0.004446,
0.069680,0.077618,0.078585,0.082356,0.076696,0.075162,0.075268,0.072824,0.069809,0.066241,0.063684,0.059230,0.056894,0.051938,0.047039,0.039054,0.033270,0.023779,0.015430,0.007597,0.004483,
0.091627,0.076473,0.074243,0.081206,0.077933,0.073475,0.074020,0.072230,0.067503,0.070114,0.066661,0.062385,0.059350,0.054781,0.048796,0.041501,0.033425,0.026105,0.017269,0.007816,0.004701,
0.089217,0.075591,0.078604,0.081510,0.074535,0.074111,0.075320,0.074627,0.074059,0.075638,0.070029,0.066152,0.060691,0.056410,0.053447,0.047647,0.037866,0.025212,0.018988,0.009092,0.005484,
0.105467,0.086019,0.083086,0.080059,0.079134,0.079784,0.075064,0.075638,0.073596,0.071234,0.076448,0.069894,0.066061,0.062000,0.057213,0.048772,0.039206,0.030019,0.020051,0.009875,0.005106,
0.068954,0.074279,0.088347,0.080778,0.079621,0.078929,0.079191,0.077819,0.076752,0.076561,0.075487,0.076604,0.076320,0.067514,0.064490,0.055072,0.043908,0.033127,0.018091,0.010051,0.004771,
0.063885,0.086124,0.082116,0.087660,0.084340,0.084390,0.082229,0.083228,0.083549,0.081528,0.085921,0.084246,0.078355,0.076552,0.069891,0.060162,0.048619,0.033151,0.020470,0.010028,0.004862,
0.118495,0.086061,0.083762,0.081809,0.087517,0.091019,0.083119,0.085076,0.087344,0.097549,0.086059,0.084095,0.082422,0.078796,0.074458,0.062393,0.051237,0.035701,0.020932,0.010269,0.005292,
0.075437,0.089762,0.083601,0.094929,0.083743,0.092081,0.083229,0.081149,0.089031,0.086783,0.092611,0.094548,0.087178,0.084389,0.079639,0.067273,0.048958,0.035103,0.019056,0.010392,0.004661,
0.111644,0.078720,0.084683,0.092195,0.085022,0.089739,0.106802,0.097346,0.104120,0.110332,0.096667,0.110479,0.094473,0.092666,0.081202,0.065058,0.053964,0.033486,0.015868,0.006745,0.003464,
nan,0.095809,0.140604,nan,0.100844,nan,0.099496,0.096025,0.108729,0.104784,0.112355,0.084548,0.099542,0.112646,0.084222,0.068238,0.045560,0.028729,0.021226,0.006436,0.003478,
nan,0.116592,0.140726,0.135440,0.113149,0.149653,0.113593,0.093552,0.080915,0.074338,0.092957,0.056284,0.053392,0.058692,0.043805,0.027229,0.026807,0.018656,0.010969,0.006972,0.003055,
0.112231,0.122118,0.128281,0.125694,0.115421,0.123125,0.100354,0.099843,0.093030,0.086886,0.075661,0.069379,0.058501,0.054148,0.038209,0.034690,0.026790,0.019692,0.014243,0.007413,0.004355,
0.128438,0.128717,0.123932,0.116516,0.116459,0.110239,0.104216,0.094257,0.085268,0.080265,0.067692,0.058522,0.053335,0.047281,0.039456,0.029838,0.024095,0.016999,0.010944,0.006275,0.004683,
0.104605,0.126468,0.122948,0.117411,0.108029,0.105350,0.104906,0.094012,0.087440,0.079852,0.073546,0.061132,0.053134,0.049165,0.037633,0.031307,0.023584,0.017142,0.010928,0.005714,nan,
0.122630,0.121289,0.115060,0.109968,0.109939,0.098504,0.094651,0.085294,0.080993,0.074397,0.066972,0.061599,0.055466,0.046375,0.039369,0.033038,0.027709,0.019429,0.012617,0.006326,0.003158,
0.113810,0.106439,0.102945,0.103793,0.099556,0.096888,0.088179,0.085832,0.083642,0.075222,0.068104,0.059511,0.052161,0.044825,0.039376,0.033080,0.027749,0.019843,0.015049,0.007732,0.003558,
0.115608,0.100146,0.094666,0.097407,0.096040,0.086853,0.084247,0.080085,0.077465,0.070600,0.064870,0.060116,0.052335,0.048961,0.040272,0.032409,0.023952,0.017870,0.013244,0.007845,0.003820,
0.075833,0.092602,0.089550,0.092039,0.089725,0.082181,0.082837,0.074033,0.070540,0.066055,0.062256,0.055330,0.051613,0.048530,0.042371,0.034686,0.027956,0.019703,0.011757,0.007310,0.004619,
0.076436,0.090253,0.087748,0.086319,0.081599,0.082238,0.074956,0.075659,0.072091,0.065478,0.060504,0.058410,0.053376,0.049982,0.042107,0.034776,0.030089,0.022720,0.013445,0.006683,0.004566,
0.077799,0.087222,0.086487,0.077674,0.081319,0.077570,0.073640,0.074687,0.067438,0.069145,0.063472,0.058467,0.055802,0.050146,0.045771,0.037721,0.029729,0.023502,0.015133,0.007125,0.004734,
0.079621,0.073573,0.078095,0.077332,0.074405,0.075295,0.073765,0.073131,0.069692,0.071332,0.065943,0.060749,0.057046,0.051693,0.047962,0.041618,0.033403,0.022748,0.017750,0.008826,0.005037,
0.110068,0.075218,0.081222,0.076123,0.079462,0.076063,0.069086,0.073135,0.070675,0.069140,0.067276,0.063440,0.059248,0.055592,0.050161,0.041878,0.036661,0.024936,0.017038,0.008770,0.005353,
0.060349,0.085189,0.079539,0.081540,0.079953,0.076326,0.071483,0.078500,0.074377,0.073044,0.072069,0.069505,0.063939,0.060603,0.056288,0.045664,0.038414,0.029613,0.016477,0.010275,0.006199,
0.082075,0.090765,0.089016,0.081424,0.083181,0.081695,0.076472,0.080285,0.080348,0.075679,0.077333,0.070112,0.068866,0.062317,0.061173,0.054399,0.041317,0.030990,0.019234,0.009998,0.006125,
0.082225,0.073290,0.083843,0.083375,0.088327,0.080215,0.080904,0.078504,0.076870,0.084265,0.075317,0.075408,0.073109,0.070495,0.063651,0.053355,0.046286,0.031667,0.020490,0.010706,0.005602,
0.070597,0.083031,0.083702,0.084067,0.089217,0.082799,0.092232,0.087705,0.091672,0.087298,0.082229,0.085761,0.080564,0.072483,0.070172,0.056321,0.045935,0.034027,0.019266,0.010611,0.005675,
0.115581,0.098695,0.099827,0.078338,0.087145,0.090139,0.087426,0.095455,0.085511,0.099884,0.085988,0.080855,0.084159,0.078251,0.072624,0.061536,0.046034,0.035106,0.019745,0.010454,0.006045,
nan,0.105370,0.092961,0.085403,0.114239,0.089793,0.098603,0.097318,0.091639,0.091194,0.094512,0.094343,0.081525,0.078100,0.067302,0.065427,0.052099,0.034498,0.017126,0.008229,0.004217,
nan,0.064837,0.089040,nan,nan,0.100614,0.084665,nan,0.092894,0.091277,0.094279,0.073805,0.089233,0.100315,0.069047,0.071012,0.046513,0.033172,0.039072,0.007218,0.004956,
nan,0.144665,0.156118,0.133927,0.110637,0.102078,0.095653,0.090593,0.089571,0.082557,0.062168,0.063229,0.055027,0.047588,0.036104,0.027494,0.024913,0.019482,0.010021,0.007529,0.002516,
0.130723,0.132105,0.123465,0.122988,0.126784,0.107772,0.109697,0.096593,0.087779,0.081508,0.078150,0.068498,0.056014,0.044594,0.043755,0.035647,0.026051,0.018872,0.012278,0.006807,0.003424,
0.111734,0.128307,0.123896,0.126647,0.115781,0.109353,0.101042,0.094904,0.087566,0.078108,0.069970,0.060882,0.061005,0.048142,0.041887,0.036031,0.027623,0.020241,0.013854,0.007700,0.003948,
0.112235,0.119203,0.121158,0.111007,0.117410,0.105061,0.099431,0.092103,0.083054,0.076343,0.070169,0.061511,0.053106,0.043815,0.037109,0.030203,0.023022,0.016215,0.011630,0.007484,0.004351,
0.123000,0.113657,0.108496,0.113330,0.104842,0.100915,0.091245,0.089669,0.087650,0.076985,0.069752,0.062665,0.053679,0.045407,0.039511,0.030174,0.023443,0.015810,0.009922,0.006160,0.005328,
0.106948,0.105808,0.105216,0.103940,0.098496,0.090562,0.090736,0.086015,0.076903,0.070489,0.064651,0.057124,0.053738,0.049089,0.042672,0.032303,0.025297,0.018804,0.011620,0.005807,0.004613,
0.093002,0.103646,0.098042,0.094184,0.093385,0.090053,0.085933,0.079407,0.074779,0.069775,0.063991,0.058785,0.050150,0.044624,0.039835,0.034621,0.028403,0.020118,0.012609,0.006265,nan,
0.090323,0.089519,0.089249,0.085675,0.091247,0.086234,0.078698,0.076753,0.073693,0.066745,0.061260,0.057971,0.054184,0.049788,0.039348,0.032408,0.028236,0.022198,0.014677,0.007116,0.003577,
0.091267,0.084945,0.085447,0.078951,0.086849,0.078988,0.077268,0.072394,0.068922,0.067239,0.061121,0.057853,0.052954,0.047601,0.042088,0.036511,0.027240,0.020447,0.014656,0.007956,0.003926,
0.090113,0.085237,0.083145,0.081440,0.080780,0.077599,0.075122,0.076020,0.073141,0.066395,0.063856,0.058244,0.054880,0.048502,0.043984,0.038624,0.029033,0.020435,0.014334,0.007958,0.003982,
0.099896,0.080856,0.082664,0.079838,0.079547,0.076459,0.072349,0.069492,0.069709,0.068476,0.061427,0.059670,0.054183,0.048022,0.045557,0.038338,0.033787,0.022940,0.015631,0.009142,0.004138,
0.092019,0.078508,0.080821,0.081748,0.078274,0.075325,0.076200,0.074989,0.074760,0.068544,0.069340,0.065614,0.059150,0.052534,0.049754,0.041166,0.034797,0.024054,0.015954,0.009497,0.004532,
0.064725,0.071429,0.084240,0.078927,0.080021,0.080142,0.079631,0.075204,0.075813,0.071013,0.069494,0.064920,0.062747,0.057948,0.051639,0.046737,0.035732,0.028195,0.016825,0.010328,0.004748,
0.071562,0.081489,0.081267,0.079406,0.079089,0.076693,0.077774,0.078109,0.074745,0.074854,0.072498,0.072713,0.065029,0.060739,0.058322,0.046682,0.039038,0.029316,0.018191,0.010716,0.004164,
0.105329,0.078624,0.090725,0.074379,0.085680,0.080101,0.082457,0.083727,0.082409,0.074766,0.075693,0.075449,0.072071,0.065347,0.057597,0.051504,0.042838,0.030377,0.020866,0.010695,0.005313,
0.069010,0.087589,0.094080,0.090418,0.077699,0.085741,0.084201,0.080252,0.082196,0.082156,0.079390,0.076205,0.073332,0.068727,0.064144,0.054460,0.045050,0.033363,0.018897,0.010690,0.006271,
0.073151,0.087620,0.085987,0.095351,0.085508,0.087567,0.090087,0.091677,0.085470,0.084190,0.078059,0.076711,0.075750,0.074644,0.068341,0.058886,0.044461,0.035167,0.020983,0.009954,0.006405,
nan,0.099282,0.087248,0.084219,0.096623,0.096625,0.097760,0.094055,0.096596,0.091841,0.089645,0.088466,0.077967,0.077552,0.066565,0.058650,0.045753,0.036664,0.022583,0.009352,0.005395,
nan,nan,0.087766,0.087218,nan,nan,0.120053,0.090409,0.081658,0.092566,0.074063,0.078730,0.090755,0.088063,0.061721,0.064284,0.039781,0.037837,0.023284,0.010361,0.005662,
nan,0.122393,0.136158,0.128258,0.128545,0.115210,0.120643,0.108166,0.083467,0.079258,0.070150,0.072259,0.056677,0.043783,0.037966,0.029947,0.022176,0.014016,0.009737,0.010975,0.003174,
0.122636,0.124613,0.129593,0.124582,0.115926,0.110057,0.116329,0.099537,0.091921,0.076872,0.071411,0.063272,0.053903,0.051787,0.042277,0.032991,0.024648,0.018302,0.012365,0.006040,0.003081,
0.129349,0.126777,0.125519,0.117541,0.108087,0.112287,0.106506,0.096715,0.086920,0.083589,0.075282,0.064406,0.056935,0.051119,0.043822,0.031619,0.025559,0.018928,0.012021,0.007578,0.003687,
0.108942,0.123655,0.116547,0.115592,0.114225,0.104251,0.099112,0.091808,0.081213,0.077004,0.070152,0.059335,0.054072,0.049853,0.039459,0.033637,0.026721,0.020193,0.012780,0.007742,0.004006,
0.111296,0.114525,0.112988,0.108927,0.102589,0.103617,0.095881,0.092514,0.085416,0.074495,0.070105,0.059474,0.051372,0.043681,0.037753,0.031169,0.024598,0.019860,0.015092,0.008187,0.003727,
0.115389,0.108465,0.104058,0.103658,0.102756,0.096368,0.091916,0.082093,0.078886,0.073954,0.069771,0.060854,0.053017,0.044610,0.038034,0.029466,0.022844,0.018573,0.013583,0.008156,0.004011,
0.097412,0.098382,0.100060,0.093941,0.096757,0.090584,0.084275,0.078281,0.075551,0.070640,0.062500,0.058589,0.053702,0.048906,0.040463,0.030840,0.023647,0.017066,0.012463,0.007523,0.003943,
0.115653,0.096855,0.091798,0.086417,0.090642,0.083461,0.082599,0.076237,0.072046,0.068731,0.061868,0.057651,0.050128,0.050230,0.040951,0.034407,0.025791,0.017690,0.012749,0.008017,0.004232,
0.076000,0.084405,0.086889,0.089260,0.087123,0.083790,0.077243,0.077119,0.073769,0.065947,0.062586,0.058015,0.053398,0.045308,0.041340,0.037380,0.028190,0.019684,0.011892,0.008064,0.004108,
0.107570,0.075865,0.082341,0.083563,0.082903,0.076539,0.076271,0.076415,0.069732,0.065002,0.060500,0.057217,0.053440,0.048216,0.042463,0.038024,0.029002,0.020903,0.012723,0.008190,0.004225,
0.067180,0.082148,0.077147,0.090093,0.077962,0.075294,0.074135,0.074987,0.071061,0.069580,0.063853,0.060387,0.053500,0.048133,0.046486,0.037395,0.031057,0.023062,0.014946,0.009064,0.004373,
0.068559,0.074863,0.079536,0.080113,0.079716,0.075433,0.073421,0.072358,0.073567,0.069262,0.068602,0.061661,0.058835,0.053104,0.047412,0.040482,0.031596,0.024320,0.015544,0.009221,0.004643,
0.069799,0.083817,0.086992,0.083187,0.079688,0.075215,0.075526,0.073999,0.074591,0.068504,0.069484,0.065017,0.062782,0.056440,0.049822,0.045753,0.034084,0.026281,0.017074,0.010013,0.005259,
0.100982,0.074544,0.080863,0.077057,0.075643,0.081594,0.077227,0.077451,0.076720,0.070835,0.071683,0.068944,0.067107,0.060752,0.053784,0.045477,0.037975,0.028059,0.018007,0.010992,0.005126,
nan,0.080301,0.080387,0.082523,0.083808,0.082042,0.081050,0.082560,0.076456,0.076347,0.074775,0.072755,0.066708,0.062906,0.058830,0.048108,0.040242,0.029865,0.019513,0.010825,0.005516,
nan,0.080232,0.102313,0.086757,0.084132,0.086882,0.081812,0.087302,0.081867,0.080243,0.080412,0.078798,0.069189,0.070791,0.062854,0.051818,0.045644,0.031910,0.019809,0.011325,0.006457,
nan,0.097869,0.088690,0.095485,0.090339,0.086773,0.081181,0.088306,0.083273,0.084252,0.079696,0.082186,0.077726,0.067817,0.062951,0.054941,0.042844,0.033405,0.023954,0.011347,0.006473,
nan,0.083116,0.077517,0.087402,0.089587,0.088260,0.094591,0.089158,0.088485,0.087478,0.089602,0.088045,0.072936,0.075880,0.071531,0.057631,0.044168,0.036044,0.025688,0.010554,0.008514,
nan,0.093642,0.093132,0.095057,0.090099,0.067838,0.082593,0.104610,0.196596,0.086008,0.092616,0.078745,0.070484,0.090674,0.059851,0.055922,0.043349,0.028587,0.028363,0.013093,0.007833,
nan,0.120330,0.134707,0.134640,0.115830,0.104100,0.107525,0.086259,0.096357,0.075595,0.069872,0.065404,0.052491,0.042286,0.035688,0.028427,0.022690,0.019170,0.010304,0.006686,0.002560,
0.131853,0.132430,0.123724,0.119520,0.117025,0.119085,0.107549,0.098681,0.093299,0.077836,0.071412,0.063033,0.053517,0.049879,0.042227,0.033336,0.024060,0.017971,0.011195,0.006671,0.002706,
0.153166,0.126513,0.122902,0.115933,0.123818,0.113923,0.102851,0.097151,0.092521,0.086084,0.074251,0.062636,0.057370,0.046775,0.041276,0.032917,0.025343,0.016287,0.012104,0.006565,0.003348,
0.115177,0.125803,0.117115,0.120911,0.112393,0.102778,0.096973,0.093398,0.085996,0.079259,0.073774,0.063983,0.056518,0.047278,0.041663,0.031079,0.026234,0.017005,0.012168,0.006516,0.002960,
0.107934,0.118500,0.117305,0.112523,0.102025,0.101903,0.095962,0.087175,0.081717,0.073647,0.069829,0.060354,0.055447,0.046942,0.039615,0.035472,0.027392,0.018665,0.012228,0.006392,0.002673,
0.109996,0.106291,0.111051,0.096873,0.105541,0.095181,0.089537,0.087587,0.080282,0.070660,0.065450,0.060857,0.050500,0.046833,0.040906,0.033320,0.026722,0.018776,0.011741,0.005882,0.002684,
0.096039,0.098990,0.102593,0.097047,0.096707,0.087958,0.088085,0.080661,0.073813,0.070455,0.065463,0.059018,0.050384,0.044885,0.040187,0.033745,0.027085,0.019552,0.012112,0.005918,nan,
0.109628,0.102261,0.095670,0.096564,0.090197,0.088259,0.080962,0.078004,0.073432,0.067271,0.061912,0.057855,0.052406,0.046189,0.037949,0.032263,0.029284,0.020680,0.012603,0.006435,0.004821,
0.098037,0.090926,0.089142,0.085657,0.082748,0.080709,0.076447,0.076575,0.070864,0.068013,0.060356,0.056293,0.052024,0.046542,0.041468,0.033045,0.027694,0.021026,0.012959,0.006887,0.004565,
0.100501,0.078643,0.086513,0.082923,0.078139,0.075932,0.071004,0.071576,0.070177,0.066485,0.060744,0.058157,0.052986,0.046281,0.043988,0.034941,0.028341,0.022941,0.013576,0.006334,0.004201,
0.106025,0.077084,0.086351,0.077735,0.073849,0.074949,0.074650,0.071621,0.070821,0.066229,0.063338,0.062642,0.054935,0.047247,0.045076,0.036935,0.031314,0.023172,0.014527,0.007304,0.004493,
nan,0.078003,0.083685,0.077190,0.077264,0.073920,0.074866,0.072847,0.074162,0.066560,0.067122,0.059772,0.057981,0.052179,0.046613,0.040144,0.032746,0.022773,0.015568,0.008969,0.005049,
0.090366,0.077015,0.086052,0.079243,0.077863,0.077843,0.078975,0.075653,0.070725,0.069448,0.066697,0.064750,0.063201,0.055051,0.050340,0.043280,0.032237,0.025485,0.016634,0.009373,0.005431,
0.124521,0.082858,0.083814,0.085704,0.080716,0.079141,0.077726,0.077808,0.073064,0.074212,0.072565,0.069065,0.064525,0.059919,0.052068,0.043049,0.037742,0.026193,0.018064,0.010165,0.005453,
nan,0.086276,0.076465,0.078570,0.078336,0.085180,0.081433,0.076440,0.077267,0.078966,0.075905,0.072826,0.062841,0.062697,0.057469,0.045729,0.040262,0.029938,0.019169,0.011715,0.006050,
nan,0.075905,0.091033,0.087219,0.080794,0.084974,0.084436,0.083264,0.078415,0.080922,0.076656,0.076298,0.066357,0.066448,0.057843,0.049507,0.041831,0.031660,0.021950,0.011629,0.007001,
nan,0.078377,0.086446,0.086819,0.089142,0.079328,0.081950,0.079231,0.079416,0.081920,0.078800,0.075959,0.071208,0.065473,0.061342,0.052708,0.042409,0.033002,0.023943,0.011747,0.007663,
nan,0.083643,0.103929,0.087407,0.095654,0.076535,0.084223,0.093284,0.082884,0.089722,0.081198,0.080672,0.069806,0.067368,0.066969,0.056042,0.044371,0.037928,0.029509,0.013344,0.006836,
nan,nan,nan,nan,nan,0.115834,0.098823,0.092179,0.071371,0.089880,0.072338,0.106714,0.075921,0.066966,0.075797,0.042803,0.049862,0.032870,nan,0.017920,0.008463,
nan,0.127212,0.129514,0.140432,0.115413,0.102622,0.120484,0.104177,0.098168,nan,0.060904,0.081701,0.053491,0.048251,0.046782,0.027660,0.022965,0.013354,0.009426,0.007923,nan,
0.148266,0.130202,0.133991,0.123352,0.121254,0.112927,0.104005,0.098940,0.089545,0.079434,0.069873,0.059840,0.053139,0.046451,0.036942,0.028158,0.025106,0.017947,0.010120,0.005547,nan,
0.121064,0.132564,0.126500,0.118706,0.118636,0.108621,0.107198,0.097275,0.090210,0.081465,0.072487,0.061782,0.055389,0.044370,0.038356,0.032092,0.022451,0.015720,0.011488,0.005172,nan,
0.129787,0.124000,0.121669,0.115318,0.109553,0.107893,0.107013,0.094123,0.086671,0.080565,0.072621,0.062413,0.052329,0.046566,0.037780,0.030691,0.022800,0.016807,0.010473,0.005753,nan,
0.116161,0.116402,0.117958,0.107720,0.109607,0.101805,0.094441,0.087603,0.088431,0.079026,0.070429,0.062698,0.054039,0.044940,0.038136,0.028769,0.022674,0.015743,0.009736,0.005881,0.004119,
0.111368,0.112257,0.102943,0.104714,0.101483,0.094300,0.094483,0.083811,0.078652,0.074642,0.065351,0.063773,0.054336,0.045951,0.040417,0.029377,0.022715,0.016596,0.010521,0.007018,0.004836,
0.108704,0.101407,0.098084,0.095740,0.093172,0.095095,0.085542,0.078660,0.076567,0.069591,0.062530,0.057662,0.054502,0.047263,0.040228,0.032180,0.023650,0.015929,0.012276,0.007513,0.004102,
0.094173,0.094695,0.088669,0.093736,0.086265,0.083058,0.080024,0.079029,0.075850,0.067882,0.062310,0.057202,0.050611,0.047163,0.041307,0.034052,0.023059,0.017529,0.013174,0.008303,0.003944,
0.099135,0.089079,0.085629,0.086421,0.080377,0.079588,0.077195,0.071132,0.070368,0.066840,0.060901,0.058028,0.051509,0.045754,0.040106,0.034940,0.025239,0.019601,0.013651,0.008117,0.003654,
0.071498,0.084135,0.081898,0.082523,0.080024,0.080652,0.073423,0.069714,0.069748,0.069694,0.059441,0.057321,0.052784,0.044931,0.041419,0.034468,0.027297,0.020694,0.014298,0.007762,0.003814,
nan,0.078210,0.077903,0.079047,0.076969,0.079076,0.074277,0.072038,0.073634,0.065066,0.064594,0.057704,0.056116,0.050618,0.043156,0.036772,0.030462,0.021980,0.014468,0.007886,0.005189,
0.079764,0.075131,0.083044,0.074788,0.076180,0.080228,0.077044,0.071825,0.069253,0.068216,0.063373,0.061471,0.057670,0.051491,0.045780,0.039784,0.033913,0.022635,0.015522,0.008385,0.005189,
0.077573,0.081741,0.079432,0.075006,0.078971,0.079227,0.078458,0.074479,0.068898,0.070383,0.069384,0.066949,0.060164,0.055305,0.048885,0.040326,0.031939,0.024358,0.016898,0.009200,0.006921,
nan,0.074939,0.079783,0.078982,0.079803,0.078765,0.077667,0.078117,0.073320,0.076171,0.069531,0.065356,0.061930,0.057323,0.050001,0.042090,0.036716,0.026173,0.018130,0.010758,0.005772,
0.093866,0.084188,0.081852,0.082137,0.083248,0.084195,0.076770,0.082661,0.071995,0.076896,0.073141,0.069442,0.064039,0.058755,0.054637,0.045482,0.038282,0.028945,0.020553,0.012465,0.006068,
nan,0.076806,0.092927,0.079905,0.075807,0.086541,0.079861,0.081452,0.078291,0.074982,0.077269,0.068693,0.067527,0.061424,0.056608,0.048179,0.040410,0.030325,0.022598,0.013102,0.006569,
nan,0.076613,0.085760,0.082099,0.090603,0.088477,0.089042,0.080644,0.080309,0.079867,0.075602,0.074208,0.068805,0.060756,0.054255,0.052180,0.044517,0.033644,0.026005,0.013380,0.007509,
nan,0.082715,0.098664,0.097446,0.089974,0.079140,0.085839,0.086400,0.075459,0.079235,0.077911,0.072886,0.071709,0.068651,0.057169,0.053082,0.048975,0.034364,0.026159,0.015378,0.009202,
nan,nan,nan,nan,nan,0.194191,0.093656,0.105729,0.093370,0.080879,0.080726,0.072140,0.084651,0.065619,0.069571,0.060322,0.053476,0.030597,0.019378,0.020805,0.007041,
nan,0.138613,0.124509,0.117245,0.125059,0.119342,0.111669,0.091505,0.088113,0.073578,0.077606,0.064839,0.056563,0.046352,0.039130,0.029520,0.031239,0.016320,0.015822,0.006492,nan,
0.133219,0.130555,0.125304,0.118891,0.116158,0.112544,0.103516,0.100881,0.085285,0.080502,0.071552,0.061015,0.054859,0.042207,0.034435,0.029021,0.021934,0.015551,0.009450,0.005256,nan,
0.124507,0.131614,0.125869,0.123996,0.118225,0.107094,0.105206,0.097640,0.086973,0.079297,0.068694,0.064021,0.053287,0.044034,0.038675,0.031611,0.024586,0.015749,0.009719,0.005076,0.003761,
0.130927,0.119161,0.125119,0.119764,0.108002,0.108050,0.104556,0.094619,0.085030,0.076599,0.072017,0.061156,0.051595,0.044792,0.035035,0.029462,0.022592,0.018150,0.011136,0.007555,0.004852,
0.113436,0.113290,0.112250,0.106082,0.106983,0.100165,0.097142,0.092449,0.084620,0.074759,0.068130,0.060784,0.050332,0.043516,0.037198,0.030928,0.025483,0.019434,0.014161,0.007732,0.003872,
0.088007,0.105832,0.110309,0.103084,0.098428,0.101067,0.090427,0.081072,0.081063,0.073902,0.067342,0.058379,0.051400,0.044721,0.036484,0.031665,0.027317,0.019901,0.014403,0.007035,0.003469,
0.092210,0.098938,0.099128,0.099015,0.091579,0.088173,0.086366,0.080527,0.074959,0.071368,0.065246,0.058222,0.050292,0.045347,0.039318,0.033070,0.026998,0.018893,0.012180,0.005745,0.003509,
0.101856,0.090529,0.092787,0.094104,0.088262,0.083223,0.082216,0.074315,0.075968,0.067124,0.063435,0.058881,0.050395,0.043968,0.038744,0.032348,0.026918,0.018898,0.011804,0.006178,0.004439,
0.092574,0.090414,0.084212,0.090668,0.081934,0.083449,0.076703,0.074199,0.071432,0.068776,0.061424,0.057240,0.051394,0.046837,0.038184,0.034666,0.027930,0.018814,0.011443,0.007747,0.004018,
0.086189,0.082184,0.082155,0.084336,0.076262,0.078028,0.076651,0.071173,0.069998,0.066805,0.060077,0.057271,0.053847,0.046630,0.041988,0.033534,0.028760,0.020130,0.013591,0.008744,0.004103,
0.083461,0.082412,0.078735,0.082831,0.079071,0.074030,0.073081,0.071222,0.068882,0.066790,0.060633,0.058059,0.054627,0.051811,0.042115,0.035463,0.029586,0.021218,0.015140,0.008342,0.004172,
nan,0.087454,0.080949,0.079599,0.082069,0.072998,0.075303,0.075643,0.067050,0.067820,0.063480,0.062733,0.053745,0.047831,0.045106,0.036930,0.034060,0.021428,0.016181,0.009112,0.007040,
nan,0.078922,0.081581,0.079281,0.082027,0.074548,0.073300,0.076037,0.069403,0.070780,0.068827,0.062485,0.058611,0.052931,0.048459,0.039000,0.033263,0.024910,0.018274,0.009742,0.006221,
0.090360,0.090485,0.082349,0.076970,0.084416,0.074657,0.073415,0.077022,0.073351,0.070206,0.068757,0.067402,0.060066,0.057023,0.051076,0.043284,0.036895,0.025657,0.018409,0.009846,0.005958,
nan,0.087465,0.080496,0.086364,0.083635,0.077102,0.075362,0.077778,0.075402,0.074418,0.074141,0.065053,0.058412,0.059085,0.052218,0.045718,0.038126,0.029407,0.020375,0.011849,0.006755,
0.093583,0.089652,0.081755,0.083740,0.082924,0.082129,0.080861,0.083133,0.078163,0.075383,0.071852,0.070397,0.069885,0.057186,0.052646,0.044581,0.041101,0.030878,0.022561,0.014546,0.008463,
nan,0.100050,0.082684,0.078245,0.085718,0.084576,0.078823,0.080425,0.074755,0.078221,0.077611,0.073269,0.063950,0.065406,0.059296,0.046514,0.042574,0.034590,0.026477,0.014687,0.009033,
nan,0.095757,0.081991,0.086147,0.087066,0.078014,0.091061,0.075826,0.079801,0.078917,0.079565,0.081207,0.065653,0.064950,0.058142,0.053161,0.048632,0.037648,0.025827,0.015433,0.013795,
nan,nan,nan,0.095265,0.091522,0.093257,0.095653,0.071076,0.067620,0.070548,0.077931,0.085857,0.084946,0.064712,0.062737,0.045861,0.046192,0.031677,0.018091,0.026087,0.010524,
nan,0.133319,0.117195,0.116499,0.119893,0.110361,0.119158,0.109441,0.088974,0.076703,0.075402,0.057373,0.049058,0.048175,0.042163,0.035508,0.020938,0.017738,0.009657,0.006559,nan,
0.131988,0.132694,0.120528,0.120018,0.119693,0.110760,0.104869,0.090833,0.083826,0.074032,0.070118,0.060150,0.054475,0.043478,0.037205,0.029901,0.025214,0.014503,0.010143,0.005156,nan,
0.130703,0.124450,0.129939,0.120312,0.112159,0.112206,0.101555,0.091026,0.084686,0.074259,0.066034,0.056950,0.051604,0.046207,0.036628,0.030068,0.024199,0.017788,0.011283,0.007017,0.004191,
0.116680,0.119889,0.124123,0.116433,0.114632,0.107226,0.100742,0.093245,0.082449,0.075285,0.070586,0.061952,0.053184,0.049761,0.039614,0.033846,0.025090,0.019374,0.012231,0.007316,0.003253,
0.108848,0.112688,0.116825,0.112982,0.109274,0.105237,0.099598,0.090111,0.081471,0.074304,0.072694,0.062900,0.056954,0.047257,0.039508,0.035417,0.025247,0.017161,0.011360,0.006208,0.003486,
0.102451,0.105656,0.105845,0.103830,0.103158,0.097943,0.093767,0.086157,0.080664,0.072876,0.066107,0.060716,0.053390,0.048247,0.039113,0.030282,0.023945,0.017244,0.009957,0.005504,0.004604,
0.083113,0.093907,0.096901,0.101267,0.096066,0.089224,0.086990,0.078976,0.080362,0.070479,0.063453,0.057615,0.056343,0.046528,0.040849,0.034116,0.023508,0.015832,0.012526,0.007121,0.004393,
0.091831,0.093375,0.091675,0.092073,0.088655,0.085812,0.081280,0.079020,0.074267,0.070111,0.064161,0.055791,0.051076,0.047959,0.039131,0.031851,0.022939,0.019053,0.014079,0.007584,0.004200,
0.086880,0.084833,0.086959,0.087689,0.082913,0.079069,0.082275,0.070883,0.070633,0.064700,0.062976,0.056992,0.051795,0.046128,0.038650,0.031912,0.026380,0.019573,0.013281,0.007149,0.004836,
0.069084,0.090583,0.082930,0.085492,0.081595,0.078871,0.073072,0.073715,0.068700,0.068657,0.060453,0.058436,0.051564,0.045984,0.042787,0.032025,0.027710,0.021699,0.012302,0.006773,0.004231,
0.076871,0.078300,0.084448,0.081721,0.082975,0.079991,0.075934,0.073693,0.068040,0.065629,0.060077,0.057145,0.052953,0.046838,0.043051,0.035543,0.028602,0.022781,0.013148,0.009057,0.004685,
0.082232,0.075530,0.080129,0.087435,0.078555,0.078874,0.075257,0.070378,0.069531,0.066278,0.062758,0.061173,0.055951,0.049524,0.045576,0.037517,0.032228,0.021959,0.014456,0.009309,0.004954,
0.087602,0.083702,0.075868,0.083625,0.084032,0.077184,0.074268,0.074995,0.071026,0.068490,0.067886,0.058656,0.057518,0.052656,0.047707,0.039964,0.032399,0.025203,0.017056,0.010332,0.006810,
0.073700,0.075817,0.087343,0.079666,0.079303,0.076888,0.076116,0.076519,0.075006,0.074747,0.068566,0.063584,0.057542,0.057101,0.049618,0.043456,0.034814,0.026806,0.018952,0.010252,0.006196,
nan,0.082145,0.078941,0.082689,0.079300,0.080815,0.078073,0.079182,0.076328,0.075490,0.069818,0.066480,0.064377,0.057809,0.050844,0.044592,0.038369,0.030368,0.019581,0.012505,0.007576,
0.069417,0.086482,0.089619,0.079642,0.087163,0.083108,0.077589,0.079230,0.083077,0.076100,0.071779,0.071613,0.062518,0.061030,0.053606,0.045352,0.040308,0.032295,0.023162,0.014497,0.009669,
nan,0.081091,0.088310,0.083164,0.090625,0.079096,0.083369,0.081537,0.082580,0.078311,0.073125,0.071620,0.069680,0.060185,0.058479,0.050484,0.043561,0.034648,0.025684,0.016653,0.010667,
nan,0.070823,0.113045,0.093488,0.083642,0.091603,0.081615,0.083196,0.077686,0.082997,0.076782,0.083324,0.071918,0.069442,0.062799,0.054758,0.041376,0.035793,0.028263,0.018218,0.011717,
nan,nan,0.099318,0.091232,0.076277,nan,0.100422,0.099415,0.121571,0.075401,0.063364,0.066461,0.084208,0.057419,0.075902,0.056576,0.051334,0.035211,0.017964,0.020096,0.019756,
nan,0.146059,0.122262,0.127359,0.114744,0.107171,0.114780,0.103389,0.090724,0.084816,0.092481,0.064335,0.053032,0.043040,0.033621,0.037392,0.022336,0.018148,0.011257,0.006199,nan,
0.131334,0.127246,0.128029,0.123226,0.117760,0.115803,0.106789,0.099678,0.087577,0.077553,0.074809,0.064450,0.052336,0.046672,0.032811,0.030071,0.021192,0.016802,0.009835,0.004656,0.003675,
0.123031,0.125578,0.126878,0.122817,0.116548,0.111556,0.101387,0.095713,0.084387,0.080114,0.070434,0.063701,0.058684,0.051327,0.040568,0.033686,0.027487,0.018904,0.012981,0.007902,0.003705,
0.141364,0.115367,0.119050,0.119854,0.112525,0.103985,0.098864,0.098156,0.086997,0.080177,0.075355,0.065239,0.055821,0.049119,0.038586,0.032867,0.024746,0.015888,0.011195,0.006381,0.003198,
0.117342,0.108471,0.114532,0.107595,0.104921,0.103814,0.093614,0.085905,0.083943,0.078987,0.071526,0.063801,0.054489,0.045442,0.037226,0.028902,0.022126,0.016516,0.010757,0.005799,0.004602,
0.110905,0.103170,0.104743,0.106341,0.102902,0.089442,0.092888,0.085927,0.077260,0.076399,0.070675,0.060588,0.053423,0.044040,0.039814,0.029287,0.024110,0.019477,0.013673,0.007750,0.003968,
0.109037,0.100101,0.093522,0.093974,0.093757,0.090531,0.083224,0.084219,0.077163,0.072731,0.064666,0.059995,0.051088,0.045238,0.037743,0.033112,0.027313,0.018636,0.012465,0.006359,0.003184,
0.089224,0.092217,0.089236,0.090516,0.086805,0.083698,0.083084,0.074817,0.078707,0.069959,0.063809,0.060311,0.050214,0.043677,0.040557,0.033370,0.026337,0.017691,0.011175,0.006955,0.004282,
0.103077,0.086649,0.088247,0.090502,0.084745,0.081958,0.076480,0.075091,0.070263,0.067437,0.059824,0.058772,0.052675,0.046385,0.041802,0.035013,0.025293,0.017391,0.012429,0.008087,0.003946,
0.084959,0.078875,0.083226,0.086715,0.081987,0.079543,0.075801,0.072655,0.070496,0.063771,0.061052,0.057882,0.054168,0.045178,0.041523,0.034633,0.025837,0.020245,0.014234,0.008205,0.004433,
0.088555,0.076843,0.077652,0.084147,0.080537,0.078359,0.077525,0.074910,0.067827,0.068140,0.059376,0.058203,0.054495,0.048723,0.040746,0.036431,0.026510,0.024221,0.014546,0.007839,0.005242,
0.071578,0.074311,0.078622,0.076842,0.079179,0.078875,0.077735,0.072335,0.073111,0.065575,0.066346,0.058920,0.055107,0.051000,0.042193,0.038391,0.031827,0.023017,0.014252,0.009805,0.005411,
0.075039,0.074474,0.083113,0.077576,0.076155,0.079585,0.078723,0.074545,0.073554,0.070673,0.064149,0.061239,0.057262,0.053280,0.045444,0.040492,0.031737,0.024992,0.017361,0.011286,0.006669,
0.089276,0.075804,0.079793,0.081000,0.079395,0.081405,0.080426,0.076582,0.073098,0.073254,0.067694,0.066457,0.060446,0.055225,0.049300,0.042243,0.033684,0.027959,0.019487,0.011676,0.006842,
0.078776,0.083400,0.084133,0.079642,0.079246,0.082246,0.076659,0.071732,0.076676,0.072863,0.065880,0.066000,0.060199,0.058557,0.052088,0.044065,0.037271,0.030354,0.020271,0.013159,0.007460,
0.063172,0.079156,0.082447,0.081248,0.085065,0.082101,0.079111,0.074021,0.076292,0.072562,0.073209,0.070559,0.066742,0.063265,0.056193,0.048251,0.037303,0.033051,0.023274,0.014847,0.009694,
0.108569,0.092572,0.087258,0.088165,0.081584,0.089018,0.084041,0.082545,0.078222,0.074888,0.072771,0.070308,0.066762,0.062905,0.060126,0.053998,0.043194,0.034131,0.027201,0.017815,0.013060,
nan,0.090583,0.093469,0.082406,0.083857,0.077281,0.073244,0.081064,0.091162,0.076984,0.078664,0.072237,0.069873,0.062503,0.058158,0.052290,0.041132,0.038596,0.028335,0.021606,0.012765,
nan,nan,0.077689,nan,0.062550,0.085345,0.130341,0.053921,0.076791,0.065997,0.072833,0.088898,0.066027,0.074548,0.076327,0.057476,0.040502,0.042756,0.026222,0.019401,0.015362,
nan,0.127419,0.145925,0.115146,0.106052,0.114606,0.110183,0.096438,0.084967,0.080685,0.079458,0.059798,0.049404,0.046086,0.037253,0.035759,0.019114,0.014302,0.010494,0.006674,nan,
0.109960,0.128185,0.128600,0.122508,0.116660,0.107332,0.110244,0.094739,0.092145,0.077502,0.070054,0.067221,0.048536,0.048731,0.039548,0.034235,0.021793,0.016636,0.010993,0.006154,0.004426,
0.114747,0.124478,0.128052,0.120829,0.115612,0.105108,0.109317,0.099769,0.091716,0.085833,0.075513,0.062570,0.059762,0.053555,0.042037,0.034004,0.026147,0.018555,0.012200,0.006984,0.003468,
0.129643,0.121492,0.119217,0.122939,0.112217,0.106829,0.106293,0.097737,0.086689,0.080558,0.071996,0.063690,0.054118,0.046817,0.038476,0.029706,0.022909,0.017103,0.010207,0.005521,0.004123,
0.100525,0.111060,0.113694,0.110324,0.108178,0.100321,0.098183,0.097539,0.088301,0.076091,0.068567,0.060683,0.051037,0.044021,0.036278,0.030651,0.026722,0.018952,0.012840,0.007159,0.004275,
0.115187,0.103370,0.107779,0.102523,0.100381,0.100345,0.092920,0.088300,0.082857,0.073606,0.066171,0.059789,0.051963,0.046367,0.040602,0.031916,0.025628,0.018271,0.011324,0.005857,0.003209,
0.088608,0.097344,0.105355,0.097742,0.092199,0.089921,0.088876,0.080780,0.079217,0.071332,0.064239,0.056811,0.052978,0.046447,0.040408,0.033579,0.025120,0.016324,0.011089,0.006491,0.003900,
0.088280,0.102941,0.094303,0.096806,0.090568,0.086402,0.082530,0.079574,0.073451,0.071625,0.063778,0.056057,0.053106,0.048282,0.037913,0.032017,0.024798,0.019388,0.013901,0.007233,0.004224,
0.085609,0.087591,0.085680,0.086231,0.084032,0.084620,0.082254,0.072862,0.071024,0.066159,0.062423,0.056282,0.055105,0.045602,0.037811,0.033756,0.027795,0.018788,0.011951,0.006695,0.004892,
0.074805,0.086611,0.079692,0.083383,0.079123,0.081457,0.078126,0.074935,0.070853,0.065364,0.060358,0.058581,0.052578,0.045298,0.039592,0.035711,0.028572,0.019316,0.013145,0.008728,0.004644,
0.094441,0.090472,0.080444,0.080558,0.076945,0.079347,0.077890,0.072238,0.070311,0.068998,0.062298,0.058342,0.053806,0.049721,0.041118,0.037512,0.028173,0.021746,0.015554,0.008201,0.005022,
0.082691,0.088090,0.082999,0.077201,0.077257,0.075761,0.077145,0.074372,0.069923,0.069833,0.065187,0.056228,0.055720,0.051800,0.044438,0.038957,0.031366,0.024346,0.015536,0.008857,0.005744,
0.085558,0.082233,0.082604,0.078595,0.078219,0.077270,0.077225,0.071282,0.073356,0.071590,0.067631,0.061990,0.057761,0.055389,0.046179,0.041206,0.032745,0.025278,0.017017,0.011829,0.006073,
0.123526,0.083958,0.081286,0.076446,0.080047,0.079587,0.081445,0.074019,0.072187,0.070911,0.066459,0.065920,0.059843,0.055343,0.051511,0.042242,0.033290,0.028293,0.020072,0.012348,0.008248,
0.063163,0.077720,0.084823,0.079237,0.081173,0.077533,0.079351,0.075661,0.074044,0.070179,0.071215,0.068014,0.062705,0.059269,0.052926,0.044352,0.036159,0.032772,0.022280,0.013386,0.007917,
nan,0.082419,0.075175,0.074358,0.080226,0.076897,0.079726,0.072671,0.077677,0.073494,0.068010,0.068283,0.064039,0.058747,0.056231,0.048609,0.040125,0.032757,0.024270,0.015274,0.010641,
0.066578,0.085076,0.093673,0.087525,0.081813,0.080527,0.077231,0.076938,0.078961,0.074523,0.071923,0.069024,0.063145,0.063868,0.057632,0.053439,0.041816,0.034950,0.027471,0.019381,0.012100,
nan,0.082224,0.091029,0.079332,0.092226,0.091957,0.077357,0.078495,0.078229,0.078434,0.069865,0.068395,0.069685,0.064413,0.065209,0.059764,0.043453,0.034452,0.031681,0.023537,0.021025,
nan,0.073210,0.087571,nan,0.097622,0.103793,0.073553,0.084060,0.081370,0.075662,0.071808,0.070505,0.062768,0.075448,0.061885,0.050042,0.049341,0.034516,0.045818,0.023941,0.017265,
nan,0.138686,0.137667,0.117847,0.124396,0.122721,0.121060,0.101659,0.081497,0.071556,0.066646,0.078215,0.071001,0.050666,0.033585,0.027422,0.022122,0.012607,0.009263,0.005965,nan,
0.128262,0.134731,0.127448,0.123986,0.122918,0.118852,0.109866,0.100865,0.090227,0.080876,0.073192,0.071772,0.054671,0.044488,0.036453,0.034444,0.025672,0.017363,0.011873,0.005952,0.003707,
0.115110,0.128021,0.125927,0.116420,0.120825,0.112763,0.104567,0.102568,0.093827,0.081714,0.077567,0.065634,0.055276,0.046408,0.039059,0.032951,0.024506,0.017161,0.012106,0.006027,0.004639,
0.105388,0.128135,0.122390,0.116706,0.109561,0.110720,0.104693,0.093358,0.086348,0.078378,0.071499,0.061386,0.051189,0.044648,0.038257,0.029653,0.023528,0.017643,0.011756,0.007143,0.004318,
0.134664,0.113431,0.120824,0.111462,0.108861,0.099771,0.101960,0.091209,0.082609,0.075649,0.068332,0.064360,0.055922,0.048251,0.039267,0.033395,0.024163,0.017458,0.011542,0.006727,0.003319,
0.108848,0.111217,0.111542,0.105616,0.097306,0.094854,0.093910,0.087541,0.081409,0.072888,0.071804,0.064215,0.053778,0.045550,0.040044,0.029511,0.023619,0.016810,0.011310,0.007610,0.004214,
0.099284,0.103107,0.101589,0.100326,0.097886,0.093736,0.087621,0.085847,0.078947,0.068751,0.065546,0.059355,0.052723,0.044589,0.038851,0.033722,0.025831,0.019169,0.012749,0.006592,0.003365,
0.079869,0.095234,0.094461,0.090926,0.090018,0.088345,0.082797,0.078185,0.075968,0.069802,0.065359,0.059423,0.049767,0.044014,0.041833,0.033403,0.025839,0.016755,0.011836,0.006986,0.004358,
0.093102,0.096660,0.087690,0.085386,0.081433,0.083297,0.080424,0.075973,0.069948,0.067228,0.063787,0.059298,0.051495,0.046592,0.041493,0.032244,0.024901,0.019287,0.014359,0.007974,0.004192,
0.082030,0.087700,0.078323,0.079218,0.079709,0.080273,0.077082,0.073751,0.071325,0.067738,0.061223,0.058498,0.054125,0.046720,0.040817,0.034794,0.028325,0.020394,0.012338,0.007630,0.005557,
0.093082,0.080368,0.075900,0.079198,0.079395,0.080080,0.078455,0.072436,0.071833,0.068405,0.064232,0.058691,0.056034,0.051672,0.042011,0.034445,0.029611,0.021991,0.014627,0.008992,0.005391,
0.087453,0.084423,0.080417,0.080424,0.074479,0.078656,0.074922,0.072957,0.069527,0.070592,0.067549,0.057737,0.057384,0.053250,0.044347,0.040834,0.031950,0.024975,0.015360,0.008854,0.006799,
0.060160,0.086190,0.078801,0.078005,0.079748,0.079686,0.077217,0.077448,0.071036,0.070614,0.066718,0.064155,0.056599,0.052907,0.046356,0.042496,0.034715,0.025633,0.017801,0.012711,0.006884,
0.064684,0.081110,0.075777,0.083118,0.077123,0.082629,0.077128,0.075842,0.074504,0.071257,0.068137,0.065784,0.060632,0.057385,0.052664,0.044476,0.036352,0.028222,0.019148,0.013203,0.008809,
0.106426,0.081039,0.078165,0.075863,0.086705,0.090305,0.077791,0.076068,0.075886,0.068878,0.070266,0.066946,0.061568,0.056224,0.054760,0.047632,0.037524,0.032189,0.024772,0.014630,0.009762,
0.081476,0.095960,0.079200,0.081495,0.084747,0.080035,0.075677,0.076020,0.075814,0.069089,0.076811,0.071184,0.068025,0.062918,0.055030,0.050501,0.039690,0.035114,0.025567,0.016308,0.011191,
0.077824,0.089298,0.089088,0.102218,0.088564,0.077888,0.077557,0.076990,0.085495,0.069922,0.073695,0.070207,0.068397,0.064595,0.059262,0.055135,0.043270,0.035450,0.028464,0.020708,0.013318,
nan,nan,0.102167,0.086152,0.079253,0.088747,0.081210,0.071565,0.072312,0.077530,0.077649,0.078725,0.071684,0.063194,0.059795,0.055410,0.048419,0.037325,0.034726,0.026249,0.017771,
nan,0.115553,nan,0.076004,0.080768,0.069295,nan,0.091624,0.075322,0.113715,0.068172,0.084654,0.077287,0.056540,0.061217,0.063072,0.046291,0.042573,0.029800,0.027892,0.018643,
nan,0.141757,0.135701,0.123451,0.110642,0.098977,0.107987,0.096776,0.087274,0.071422,0.064619,0.059306,0.055587,0.046718,0.034221,0.032943,0.020810,0.019175,0.012675,0.004812,nan,
0.133789,0.133584,0.127238,0.115783,0.126125,0.109057,0.121703,0.101434,0.086704,0.083598,0.072377,0.069119,0.054225,0.051222,0.036516,0.035691,0.023246,0.017964,0.012078,0.006951,0.004358,
0.123989,0.126522,0.127237,0.136995,0.117682,0.112837,0.104420,0.097128,0.090665,0.081205,0.070745,0.063475,0.054212,0.043008,0.039228,0.031062,0.023809,0.015149,0.009604,0.005394,0.003778,
0.129088,0.121280,0.127271,0.115275,0.112967,0.109069,0.102059,0.094260,0.086444,0.075621,0.070947,0.064698,0.053467,0.050493,0.037897,0.032213,0.025066,0.018732,0.011844,0.006769,0.003669,
0.107832,0.115602,0.115738,0.114570,0.107378,0.106211,0.097120,0.086646,0.089127,0.080296,0.073967,0.063241,0.053658,0.047866,0.037901,0.029225,0.023038,0.015749,0.010339,0.006138,0.004902,
0.101602,0.106975,0.108554,0.107163,0.104465,0.093312,0.093576,0.086262,0.086044,0.074543,0.069325,0.057997,0.051181,0.046304,0.038786,0.031914,0.025094,0.018858,0.012056,0.007235,0.003974,
0.101215,0.107188,0.103413,0.096341,0.095842,0.093356,0.087539,0.083230,0.083216,0.072751,0.064726,0.057303,0.054606,0.046927,0.039502,0.032414,0.023771,0.017321,0.011047,0.006321,0.003997,
0.085180,0.098446,0.094957,0.088295,0.087549,0.088322,0.084694,0.082429,0.073454,0.070388,0.064119,0.059157,0.052693,0.046699,0.039800,0.033476,0.026777,0.018564,0.013514,0.007292,0.003554,
0.068568,0.094371,0.089282,0.083106,0.085805,0.083364,0.082534,0.079238,0.071639,0.068266,0.062443,0.060901,0.054163,0.045842,0.040947,0.035432,0.026652,0.018143,0.011883,0.008016,0.004759,
0.090529,0.090857,0.086466,0.078252,0.081305,0.079924,0.077273,0.074713,0.071694,0.068368,0.062861,0.058560,0.053823,0.044313,0.041370,0.034939,0.026159,0.021577,0.014658,0.008196,0.005368,
0.070287,0.086561,0.077812,0.081169,0.080059,0.078923,0.075186,0.073385,0.070484,0.068870,0.066524,0.058027,0.054361,0.049571,0.043499,0.036786,0.029889,0.023607,0.013311,0.008773,0.006771,
0.103018,0.089884,0.074894,0.080352,0.080233,0.077029,0.075581,0.074228,0.071344,0.069414,0.066257,0.061092,0.056713,0.053405,0.044887,0.037968,0.033455,0.024132,0.016621,0.010049,0.006006,
0.086240,0.075150,0.082793,0.080414,0.081218,0.076086,0.077702,0.074556,0.075690,0.069479,0.066873,0.065309,0.059084,0.054771,0.046889,0.041130,0.034020,0.027894,0.018415,0.011416,0.007388,
0.068371,0.078704,0.086752,0.078992,0.083695,0.074072,0.074736,0.073685,0.077232,0.066857,0.067910,0.064344,0.061578,0.056959,0.053516,0.045775,0.036181,0.028586,0.020875,0.014956,0.007879,
0.066984,0.077403,0.087222,0.076690,0.081090,0.077167,0.076396,0.073695,0.078110,0.072339,0.072859,0.068026,0.063628,0.060907,0.055008,0.045069,0.039382,0.032893,0.024187,0.015828,0.010422,
0.087735,0.076380,0.086843,0.071999,0.080904,0.081047,0.079300,0.078795,0.074697,0.074496,0.072403,0.074169,0.067189,0.062569,0.055345,0.053185,0.040416,0.036320,0.030009,0.018659,0.011337,
0.112576,0.076210,0.073635,0.082973,0.080029,0.083903,0.084982,0.076861,0.073913,0.076444,0.077160,0.071259,0.064534,0.066291,0.058565,0.055518,0.045380,0.037970,0.030341,0.021027,0.014463,
nan,nan,0.080889,0.084563,0.079139,0.088849,0.067976,0.080302,0.077602,0.072236,0.078174,0.074581,0.068821,0.065888,0.058556,0.057934,0.051207,0.044554,0.031793,0.027931,0.022096,
nan,nan,nan,0.092351,nan,0.096954,0.074037,0.071857,0.077165,0.068435,0.092511,0.086690,0.072600,0.076191,0.068311,0.049210,0.056308,0.056685,0.028320,0.048569,0.020010,
nan,0.130549,0.132763,0.111396,0.113982,0.116714,0.109497,0.094931,0.103350,0.077231,0.094356,0.063927,0.050328,0.050367,0.050279,0.027712,0.020572,0.015029,0.011694,0.012167,nan,
0.141087,0.129375,0.126399,0.127487,0.120085,0.115559,0.108944,0.101184,0.089668,0.082634,0.079818,0.066518,0.055593,0.050297,0.042114,0.035390,0.023907,0.019915,0.013177,0.006591,0.003401,
0.131743,0.128632,0.120183,0.125441,0.122363,0.112406,0.104702,0.095839,0.086886,0.082270,0.069835,0.061398,0.053242,0.046550,0.040358,0.030397,0.023630,0.016863,0.009643,0.005950,0.004124,
0.117132,0.121282,0.125955,0.112903,0.113062,0.105365,0.102004,0.094251,0.091367,0.079951,0.073225,0.064348,0.054671,0.048261,0.040417,0.033302,0.025038,0.018119,0.011795,0.006803,0.003427,
0.117278,0.116808,0.116119,0.114602,0.115517,0.102920,0.095315,0.096401,0.087899,0.078287,0.068350,0.062663,0.052791,0.045581,0.036196,0.030879,0.023892,0.019488,0.011459,0.006548,0.004598,
0.100479,0.105750,0.108293,0.103195,0.100920,0.099382,0.094195,0.093350,0.083575,0.075005,0.069065,0.062877,0.054981,0.046976,0.039277,0.031412,0.024843,0.017363,0.011449,0.006208,0.003788,
0.096304,0.097337,0.097939,0.094729,0.099412,0.091849,0.087248,0.087800,0.079720,0.070605,0.069657,0.060506,0.052892,0.044375,0.038324,0.032708,0.025540,0.019334,0.013137,0.008316,0.004208,
0.096741,0.093143,0.094968,0.091813,0.090773,0.088852,0.088816,0.077039,0.074387,0.071870,0.066275,0.058870,0.051156,0.046528,0.041332,0.033723,0.025639,0.017054,0.011669,0.007605,0.004351,
0.091415,0.087390,0.087519,0.082415,0.084253,0.082458,0.080282,0.078118,0.072254,0.067800,0.063398,0.057878,0.054258,0.048928,0.039172,0.032965,0.027996,0.020168,0.013584,0.007674,0.004523,
0.068229,0.082924,0.083617,0.080562,0.080264,0.081385,0.078471,0.078887,0.070916,0.069714,0.064963,0.058666,0.055338,0.046023,0.040570,0.035999,0.028336,0.018991,0.014072,0.008905,0.005373,
0.066409,0.083120,0.084659,0.079655,0.081026,0.078484,0.080231,0.074808,0.071248,0.068680,0.065097,0.060326,0.053602,0.049530,0.045070,0.037750,0.028024,0.023860,0.015603,0.008593,0.007613,
0.074738,0.093290,0.078080,0.078832,0.079643,0.076488,0.080496,0.077000,0.073013,0.069002,0.066892,0.064679,0.057217,0.054789,0.047090,0.038403,0.032893,0.024345,0.016383,0.011120,0.006353,
0.077586,0.079120,0.070812,0.075904,0.084388,0.077468,0.079527,0.076870,0.072794,0.070046,0.066986,0.065055,0.057720,0.054722,0.048925,0.040747,0.034234,0.026815,0.020395,0.011326,0.007957,
0.068066,0.080473,0.079054,0.078598,0.083668,0.076292,0.079005,0.074748,0.073837,0.071048,0.069630,0.064900,0.061847,0.059117,0.053741,0.045077,0.036293,0.029840,0.021150,0.016261,0.008636,
0.065142,0.087964,0.084601,0.085240,0.089277,0.079053,0.074877,0.078399,0.075865,0.074819,0.072285,0.068803,0.065759,0.062157,0.054932,0.048303,0.039634,0.033213,0.026430,0.016039,0.012109,
0.179973,0.084818,0.094369,0.084955,0.084782,0.078300,0.079410,0.082425,0.079854,0.077309,0.073775,0.070874,0.069176,0.065315,0.061074,0.053055,0.043400,0.036258,0.031043,0.019734,0.013222,
0.120383,0.077911,0.077689,0.085502,0.086742,0.087393,0.080739,0.078455,0.076985,0.074331,0.075799,0.075552,0.069566,0.064757,0.056633,0.053678,0.046821,0.039692,0.034214,0.022999,0.019309,
nan,0.081289,0.089414,0.089418,0.090585,0.075967,0.082276,0.078539,0.087400,0.078109,0.076272,0.074187,0.069183,0.068596,0.064171,0.057984,0.055918,0.046978,0.036271,0.025898,0.022224,
nan,nan,0.096970,0.065120,0.075821,nan,0.105237,0.082124,0.072501,0.107400,0.065743,0.083960,0.065661,0.054306,0.051960,0.060758,0.060938,0.057948,0.029111,0.032461,0.021919,
nan,0.132568,0.131607,0.122383,0.125024,0.114899,0.096729,0.101271,0.091082,0.078926,0.078272,0.061434,0.054939,0.065506,0.042970,0.044920,0.020764,0.014091,0.010923,0.003842,nan,
0.123159,0.132088,0.121104,0.122760,0.116554,0.109442,0.109453,0.092754,0.088939,0.078522,0.073568,0.067758,0.053857,0.047545,0.038024,0.029344,0.025610,0.017701,0.011076,0.006248,0.003132,
0.121830,0.136716,nan,0.125252,0.113296,0.112380,0.104079,0.096117,0.086431,0.078913,0.067618,0.060783,0.054309,0.046257,0.037881,0.030054,0.024477,0.017783,0.010375,0.006635,0.004884,
0.122425,0.125909,0.120803,0.121518,0.112707,0.109813,0.102548,0.097208,0.089014,0.081680,0.071918,0.063638,0.055712,0.046900,0.039815,0.032561,0.023403,0.016451,0.011019,0.005561,0.003264,
0.104903,0.119553,0.113701,0.110390,0.109036,0.095862,0.103157,0.090111,0.083412,0.076906,0.066613,0.061258,0.055633,0.047478,0.038203,0.031551,0.025387,0.018063,0.012321,0.007163,0.004540,
0.109542,0.108878,0.108604,0.101655,0.112516,0.098514,0.094126,0.089074,0.084934,0.077491,0.071076,0.060768,0.052641,0.046580,0.038801,0.029562,0.024363,0.016495,0.010815,0.007022,0.004762,
0.095497,0.104738,0.098708,0.100619,0.096666,0.094513,0.097517,0.085195,0.081471,0.073216,0.065851,0.058236,0.052857,0.048736,0.040316,0.032912,0.024422,0.017876,0.011299,0.006695,0.004252,
0.076880,0.093006,0.090877,0.094921,0.090620,0.086039,0.084547,0.081576,0.077781,0.072229,0.063284,0.060875,0.054052,0.046446,0.038424,0.031772,0.026781,0.019460,0.013028,0.007760,0.004160,
0.076279,0.089095,0.084013,0.088237,0.085948,0.085929,0.084051,0.076092,0.072478,0.069267,0.063151,0.061292,0.053348,0.049620,0.041839,0.033941,0.026386,0.018839,0.013401,0.008106,0.005016,
0.098183,0.084340,0.079431,0.082019,0.085740,0.081766,0.083536,0.077822,0.073332,0.070839,0.063272,0.060098,0.053225,0.050130,0.041825,0.034107,0.029609,0.020648,0.013912,0.008587,0.005261,
0.091812,0.085625,0.083637,0.076880,0.084385,0.079102,0.079569,0.077921,0.073641,0.066488,0.065937,0.062673,0.055596,0.051038,0.042369,0.037876,0.030774,0.022743,0.015228,0.009795,0.005971,
0.081594,0.083565,0.081310,0.078941,0.083890,0.077375,0.076552,0.077258,0.072507,0.071607,0.067822,0.063323,0.054282,0.054049,0.047307,0.039343,0.033317,0.026018,0.017755,0.010120,0.007897,
0.085816,0.081489,0.082411,0.087392,0.080678,0.078339,0.078875,0.075849,0.074796,0.072320,0.068253,0.063473,0.061841,0.055231,0.052906,0.042140,0.035063,0.026764,0.020405,0.013062,0.007606,
0.069608,0.073451,0.087586,0.079974,0.081225,0.077020,0.080174,0.077592,0.076070,0.075281,0.070655,0.066654,0.062492,0.059069,0.054374,0.045304,0.037432,0.030722,0.022544,0.015398,0.009129,
0.077213,0.078033,0.086444,0.082909,0.080748,0.079394,0.080530,0.076324,0.075608,0.075100,0.070051,0.071090,0.064667,0.064231,0.058375,0.049082,0.040109,0.034971,0.024230,0.018908,0.012375,
0.070736,0.088189,0.070262,0.080228,0.082601,0.080659,0.077585,0.080343,0.076225,0.074880,0.073680,0.072741,0.067945,0.065519,0.057502,0.053700,0.045903,0.036535,0.032201,0.019885,0.014240,
nan,0.086628,0.082016,0.082779,0.078082,0.085017,0.079242,0.075616,0.076207,0.077582,0.077011,0.068699,0.069113,0.065942,0.062739,0.055238,0.046905,0.041231,0.035705,0.026580,0.018275,
nan,0.093218,0.082295,0.086489,0.075708,0.086922,0.079820,0.080171,0.071148,0.076085,0.077479,0.071706,0.071349,0.075158,0.066577,0.062061,0.054206,0.050978,0.039274,0.030617,0.026992,
nan,0.082149,0.071927,0.161906,0.089729,0.106621,0.059030,0.064645,0.086932,0.070501,0.081086,0.074314,0.088153,0.066430,0.052911,0.071380,0.052265,0.049969,0.036685,0.027793,0.024816,
nan,0.120253,0.137729,0.116049,0.127182,0.114983,0.111326,0.104892,0.099131,0.079278,0.078529,0.075981,0.052981,0.040172,0.042424,0.030181,0.018039,0.015941,0.009109,0.004652,nan,
0.144156,0.128274,0.135446,0.125555,0.121200,0.115639,0.108101,0.096108,0.091705,0.077833,0.070350,0.066180,0.056332,0.045298,0.039614,0.032149,0.022976,0.018287,0.012536,0.006668,0.003579,
0.135733,0.128229,0.118194,0.123843,0.114960,0.111316,0.107759,0.099845,0.089265,0.081772,0.075100,0.062358,0.058030,0.050332,0.038747,0.031521,0.024707,0.016478,0.011429,0.006583,0.003696,
0.121067,0.129506,0.121343,0.119338,0.119405,0.110145,0.103869,0.097386,0.088933,0.077377,0.071776,0.063456,0.052658,0.048301,0.038337,0.030302,0.023546,0.017462,0.011220,0.006984,0.003768,
0.113034,0.116463,0.117600,0.107509,0.107249,0.106283,0.098328,0.091625,0.088714,0.081768,0.074000,0.064590,0.053740,0.047754,0.037819,0.031693,0.024432,0.017705,0.010961,0.006357,0.003711,
0.110186,0.114233,0.108041,0.105762,0.105320,0.103191,0.094229,0.095109,0.084951,0.074779,0.069229,0.059115,0.053339,0.046513,0.039535,0.032990,0.025313,0.018422,0.012121,0.007221,0.004140,
0.092420,0.102722,0.103393,0.099707,0.096514,0.092502,0.090338,0.089682,0.080060,0.072143,0.069953,0.061485,0.053651,0.045109,0.038557,0.031261,0.025308,0.018986,0.012661,0.007106,0.005468,
0.098359,0.101699,0.097203,0.091640,0.091484,0.092445,0.087598,0.074644,0.075649,0.075056,0.066949,0.059831,0.052433,0.047899,0.040838,0.033830,0.025405,0.018156,0.012466,0.006785,0.005093,
0.088589,0.092125,0.088561,0.088016,0.091424,0.086005,0.085374,0.080161,0.075534,0.073332,0.064352,0.061073,0.055005,0.048560,0.039822,0.033041,0.027781,0.021344,0.014003,0.007994,0.004243,
0.106124,0.086796,0.084562,0.083940,0.083263,0.080922,0.078243,0.077967,0.075512,0.069459,0.065456,0.062323,0.056237,0.048183,0.045983,0.035492,0.027092,0.019715,0.014431,0.009521,0.005417,
0.084908,0.076923,0.083115,0.080120,0.079062,0.079655,0.078004,0.077260,0.072263,0.070061,0.065631,0.065230,0.054168,0.053404,0.044780,0.037825,0.031238,0.022952,0.014993,0.009976,0.006795,
0.069881,0.079888,0.079336,0.079714,0.078253,0.081729,0.076690,0.078960,0.075627,0.070735,0.067263,0.063551,0.058452,0.054602,0.044870,0.041104,0.032275,0.026038,0.019707,0.010911,0.007661,
0.082943,0.079613,0.080668,0.081942,0.079073,0.077784,0.080670,0.077623,0.075107,0.075248,0.071271,0.065374,0.061981,0.057912,0.053378,0.043375,0.035411,0.028215,0.019398,0.013185,0.008275,
0.109614,0.082809,0.085248,0.085211,0.081584,0.081652,0.081264,0.075364,0.077241,0.076471,0.071673,0.070508,0.063170,0.060607,0.056619,0.047022,0.040597,0.031905,0.023638,0.015523,0.009928,
0.068207,0.081428,0.076007,0.082573,0.081006,0.083719,0.081479,0.079437,0.079416,0.077179,0.072990,0.070017,0.066335,0.065819,0.055944,0.048848,0.042987,0.035187,0.025450,0.019597,0.011530,
nan,0.087494,0.079653,0.077807,0.076736,0.078318,0.083656,0.079130,0.075413,0.075913,0.074550,0.073829,0.068200,0.063492,0.060474,0.056986,0.046593,0.039985,0.031251,0.022134,0.015702,
0.085504,0.075997,0.078701,0.087934,0.087694,0.082133,0.085738,0.083399,0.080307,0.079560,0.069194,0.074073,0.069144,0.069779,0.066006,0.058545,0.050150,0.043188,0.034569,0.028541,0.021084,
0.068568,0.163325,0.084618,0.079109,0.070831,0.088566,0.075742,0.074834,0.080540,0.079633,0.073893,0.079022,0.073397,0.066272,0.067222,0.062306,0.054934,0.053992,0.039660,0.034435,0.024665,
nan,0.187729,nan,0.115728,nan,0.074921,0.079639,0.088335,0.070406,0.069401,0.060142,0.082771,0.068031,0.063563,0.070391,0.055613,0.070805,0.065537,0.067724,0.036981,0.026695,
nan,0.138465,0.126707,0.118638,0.125119,0.110106,0.112773,0.101524,0.086698,0.074737,0.074621,0.064664,0.053460,0.040593,0.038992,0.026993,0.022506,0.016085,0.008701,0.004895,nan,
0.121974,0.123583,0.127567,0.120242,0.119894,0.122622,0.105466,0.095067,0.089126,0.080837,0.075860,0.063727,0.058667,0.049898,0.039365,0.033180,0.027318,0.019257,0.012810,0.006340,0.003454,
0.119483,0.129946,0.125362,0.119576,0.122227,0.111480,0.107509,0.094684,0.090689,0.082395,0.076505,0.068074,0.053711,0.045191,0.037446,0.032882,0.025523,0.016433,0.010602,0.006306,0.003910,
0.113339,0.123334,0.122014,0.118247,0.116324,0.108714,0.101968,0.098264,0.087961,0.078854,0.070036,0.064001,0.054480,0.045568,0.039403,0.031470,0.023440,0.018496,0.010901,0.006072,0.003715,
0.116313,0.114955,0.112881,0.114884,0.112005,0.103876,0.100113,0.095880,0.088264,0.079447,0.071298,0.063698,0.053542,0.048238,0.038408,0.031363,0.023707,0.016689,0.011483,0.006703,0.003766,
0.117341,0.102444,0.109709,0.108192,0.102379,0.101804,0.097185,0.091171,0.083183,0.079769,0.069569,0.063710,0.054589,0.047036,0.039295,0.031974,0.024801,0.018211,0.011272,0.006434,0.004735,
0.095287,0.100375,0.102930,0.101255,0.101973,0.098872,0.094556,0.085252,0.085393,0.072748,0.067991,0.058577,0.052950,0.047539,0.040537,0.032717,0.026300,0.019043,0.012513,0.007085,0.003979,
0.091536,0.095465,0.098115,0.093522,0.096302,0.091889,0.087056,0.081899,0.078760,0.074576,0.066200,0.059970,0.054535,0.046321,0.039319,0.031352,0.026209,0.019210,0.012888,0.007772,0.004349,
0.080501,0.089748,0.095527,0.089753,0.090350,0.084920,0.087817,0.080795,0.075540,0.070826,0.067284,0.061428,0.053351,0.049630,0.041911,0.033738,0.026861,0.018904,0.014312,0.007805,0.005012,
0.076800,0.085127,0.094499,0.085262,0.084758,0.083661,0.079027,0.078710,0.074368,0.070995,0.067776,0.060235,0.056865,0.049754,0.042315,0.035960,0.030317,0.021684,0.014586,0.008820,0.005765,
0.099840,0.076272,0.084787,0.082913,0.082872,0.078982,0.077840,0.077310,0.074975,0.071112,0.067867,0.063932,0.057443,0.052343,0.047949,0.037139,0.029371,0.023423,0.017117,0.010334,0.006310,
0.079110,0.086731,0.083885,0.082400,0.084523,0.077213,0.077409,0.077514,0.076017,0.073395,0.069738,0.063153,0.060907,0.055657,0.048383,0.041111,0.034796,0.024838,0.017611,0.012182,0.007591,
0.076562,0.075745,0.079422,0.079612,0.084112,0.079133,0.077384,0.077987,0.076303,0.078401,0.071680,0.068267,0.062000,0.059438,0.050103,0.045334,0.037549,0.029968,0.020643,0.013121,0.008892,
0.079552,0.076508,0.084034,0.080898,0.084419,0.080544,0.076685,0.076084,0.077231,0.077486,0.068749,0.070309,0.067501,0.063136,0.052598,0.048386,0.041327,0.032952,0.025526,0.016836,0.011070,
0.074944,0.081034,0.081862,0.075161,0.089053,0.078791,0.076620,0.073768,0.078413,0.075747,0.075029,0.070052,0.070891,0.064393,0.057721,0.051979,0.045623,0.036284,0.026341,0.019172,0.012260,
0.068542,0.090513,0.079082,0.082932,0.083479,0.083305,0.080836,0.075752,0.080935,0.078307,0.074271,0.071915,0.071076,0.066105,0.062970,0.058189,0.049129,0.041302,0.032680,0.023275,0.017167,
nan,0.096249,0.095015,0.080039,0.086082,0.076752,0.079957,0.076482,0.076633,0.078437,0.076948,0.073601,0.073974,0.068076,0.066830,0.061304,0.051937,0.043478,0.038162,0.028174,0.022218,
0.081743,0.080207,0.091352,0.085296,0.086662,0.076063,0.082361,0.082213,0.084686,0.077711,0.073957,0.074960,0.071960,0.071760,0.073953,0.062776,0.058752,0.051999,0.044241,0.036999,0.027559,
nan,0.070921,0.091953,0.072046,0.062840,0.062764,0.124557,0.086849,0.097304,0.089084,0.066301,0.066389,0.069035,0.068476,0.072707,0.067941,0.054686,0.063216,0.045918,0.035523,0.032460,
nan,0.127843,0.134077,0.123378,0.112251,0.113728,0.108485,0.098812,0.093848,0.067177,0.067523,0.068154,0.055961,0.040151,0.044965,0.037347,0.023382,0.013361,0.008022,0.005384,nan,
0.123025,0.129594,0.130710,0.130392,0.122763,0.115944,0.111953,0.098342,0.093721,0.077559,0.077690,0.061212,0.059309,0.046917,0.040319,0.032195,0.024943,0.016328,0.011094,0.005691,0.003674,
0.118796,0.128178,0.129609,0.126023,0.116204,0.114089,0.102704,0.100143,0.088642,0.082526,0.069109,0.065642,0.055226,0.047544,0.038702,0.035155,0.024644,0.016874,0.011693,0.006530,0.004369,
0.131465,0.119956,0.118954,nan,0.116179,0.107456,0.102213,0.094445,0.088794,0.081986,0.070712,0.063525,0.055597,0.046558,0.039567,0.032734,0.023968,0.018161,0.011113,0.006261,0.004445,
0.116565,0.114767,0.117933,0.112944,0.111111,0.110877,0.102391,0.093382,0.086305,0.076938,0.069662,0.060945,0.054326,0.046508,0.038902,0.030859,0.022609,0.018629,0.010976,0.007347,0.004010,
0.099218,0.108969,0.111899,0.105208,0.105642,nan,0.096343,0.088094,0.087264,0.078514,0.072205,0.061157,0.052758,0.045809,0.037933,0.031296,0.024444,0.018279,0.011807,0.007209,0.004033,
0.106358,0.100141,0.102149,0.098167,0.101933,0.096948,0.092412,0.091303,0.081381,0.072869,0.069546,0.062764,0.054019,0.047062,0.041369,0.031935,0.024339,0.017197,0.012558,0.007216,0.004546,
0.079884,0.096207,0.096859,0.092970,0.093116,0.091671,0.088895,0.084174,0.078021,0.074513,0.067953,0.061080,0.052568,0.046983,0.042541,0.034833,0.027101,0.019696,0.012474,0.007884,0.004576,
0.082934,0.090961,0.089486,0.086291,0.086923,0.086184,0.083675,0.081268,0.076875,0.072614,0.063144,0.063934,0.056180,0.047526,0.041786,0.035273,0.027865,0.020542,0.014783,0.008399,0.004658,
0.085407,0.087539,0.084125,0.082814,0.083975,0.080567,0.079093,0.079402,0.076234,0.072434,0.061854,0.062638,0.054772,0.052661,0.045274,0.035295,0.027849,0.021468,0.015071,0.009634,0.005354,
0.072517,0.083507,0.083471,0.082385,0.083389,0.082198,0.075528,0.077854,0.074853,0.074360,0.067048,0.064566,0.059813,0.051679,0.046267,0.039543,0.032240,0.022632,0.015905,0.010833,0.006621,
0.078509,0.078091,0.081259,0.082644,0.081529,0.081162,0.076454,0.075535,0.076410,0.075794,0.070691,0.065936,0.062257,0.054359,0.051261,0.040064,0.034921,0.026684,0.018851,0.011592,0.007690,
0.073848,0.088066,0.080758,0.080483,0.081889,0.082392,0.076557,0.077976,0.075921,0.073838,0.072592,0.069390,0.064782,0.060893,0.052024,0.047736,0.037877,0.030018,0.022251,0.014305,0.008617,
0.070484,0.085620,0.081050,0.078551,0.083143,0.083169,0.079589,0.078687,0.076372,0.075767,0.072768,0.072323,0.068277,0.065292,0.054531,0.048416,0.041616,0.033938,0.023581,0.017149,0.011018,
0.067621,0.076118,0.086626,0.085516,0.076495,0.084498,0.080692,0.080465,0.074056,0.077783,0.074541,0.072570,0.069652,0.064932,0.059102,0.053245,0.046797,0.037758,0.029819,0.020012,0.015401,
0.068508,0.108998,0.079668,0.081224,0.077995,0.081579,0.081426,0.081002,0.077063,0.079390,0.076462,0.075650,0.070739,0.069229,0.066319,0.056871,0.049530,0.042147,0.032885,0.023634,0.018167,
0.104785,0.069547,0.078026,0.083829,0.078865,0.088456,0.080233,0.074852,0.079724,0.073963,0.079194,0.076690,0.074013,0.071655,0.067276,0.059462,0.054265,0.045613,0.042639,0.029010,0.021334,
0.070142,0.093876,0.090007,0.076522,0.091755,0.075077,0.086696,0.082900,0.072969,0.080832,0.076826,0.073878,0.077647,0.074955,0.065615,0.063867,0.061633,0.051238,0.046708,0.038215,0.026240,
nan,nan,nan,0.068080,0.115138,0.065304,0.068176,0.084598,0.080413,0.074067,0.079139,0.107217,0.075532,0.082027,0.070325,0.073798,0.065433,0.055868,0.046331,0.047907,0.035681,
nan,0.133928,0.118307,0.121138,0.111835,0.113430,0.106243,0.098270,0.080693,0.076169,0.066896,0.053237,0.054349,0.042344,0.045811,0.023483,0.018568,0.015232,0.007611,0.007828,nan,
0.128026,0.150778,0.130548,0.123027,0.120757,0.110269,0.109816,0.100103,0.086030,0.078855,0.076501,0.059713,0.051965,0.048327,0.036944,0.032251,0.023697,0.015322,0.011218,0.007095,0.003288,
0.112924,0.128887,0.126628,0.123221,0.117998,0.114127,0.110410,0.098086,0.086347,0.079582,0.072018,0.067868,0.056136,0.050958,0.039441,0.031800,0.023032,0.018078,0.011960,0.006838,0.003961,
0.105119,0.128061,0.125427,0.120178,0.114265,0.111406,0.102291,0.097322,0.089613,0.078913,0.072218,0.063532,0.054236,0.051790,0.038671,0.032551,0.024488,0.016818,0.011013,0.006460,0.003827,
0.112148,0.119092,0.116413,0.113307,0.110838,0.106925,0.098295,0.094969,0.084988,0.079701,0.070723,0.063316,0.054960,0.048030,0.038321,0.032606,0.024644,0.017689,0.011632,0.006385,0.003814,
0.089469,0.104577,0.107310,0.109536,0.107405,0.104422,0.097942,0.094996,0.086135,0.076932,0.072316,0.062726,0.057281,0.048759,0.038756,0.031347,0.024406,0.017931,0.011442,0.006926,0.003941,
0.100134,0.102432,0.099055,0.100440,0.098074,0.093209,nan,0.088187,0.083391,0.077385,0.068923,0.061884,0.054430,0.046620,0.038646,0.032962,0.025557,0.018883,0.012549,0.007769,0.004349,
0.086754,0.088020,0.096231,0.095023,0.092712,0.091941,0.088367,0.083378,0.079874,0.073447,0.069537,0.064053,0.054753,0.048001,0.041435,0.033264,0.026041,0.018622,0.012494,0.008357,0.004900,
0.073342,0.087717,0.087033,0.089231,0.087573,0.088284,0.083677,0.082111,0.078326,0.071844,0.068654,0.059926,0.057289,0.051247,0.043169,0.036390,0.028182,0.020028,0.013328,0.008611,0.005195,
0.083214,0.084271,0.081572,0.085418,0.082633,0.084401,0.079868,0.079807,0.074673,0.070628,0.067730,0.065465,0.057566,0.050943,0.045795,0.037789,0.030591,0.022167,0.015339,0.009124,0.005291,
0.082272,0.078692,0.083069,0.079539,0.080521,0.080183,0.078070,0.080139,0.077362,0.074557,0.070346,0.065287,0.059528,0.055094,0.047421,0.038347,0.032883,0.024993,0.017466,0.011027,0.006125,
0.120082,0.079602,0.079632,0.082951,0.078986,0.078275,0.080454,0.079628,0.076738,0.075122,0.072360,0.068256,0.063842,0.055375,0.052066,0.042726,0.034524,0.025940,0.019459,0.012582,0.007858,
0.084530,0.078439,0.081598,0.083627,0.079611,0.076555,0.080582,0.077652,0.078981,0.075355,0.072924,0.070714,0.066798,0.058588,0.053275,0.046674,0.039052,0.029539,0.021400,0.014373,0.010525,
0.072331,0.083440,0.087441,0.089413,0.080576,0.075355,0.081464,0.080491,0.080198,0.078408,0.076466,0.072194,0.068051,0.064932,0.057174,0.050389,0.041407,0.036342,0.025883,0.017275,0.013543,
0.076756,0.087561,0.081431,0.085205,0.084590,0.079961,0.082054,0.081937,0.080901,0.078884,0.077548,0.074988,0.072767,0.065970,0.060534,0.054180,0.047406,0.038427,0.030561,0.020893,0.015781,
0.073326,0.078739,0.091334,0.079476,0.080029,0.076335,0.083280,0.081150,0.081237,0.079759,0.081470,0.075709,0.077376,0.070221,0.067803,0.057251,0.050918,0.045703,0.034286,0.027592,0.018929,
0.065412,0.087560,0.082564,0.078922,0.078105,0.088172,0.079778,0.078848,0.081405,0.077836,0.075533,0.076842,0.076521,0.072452,0.068406,0.063644,0.055638,0.048114,0.043576,0.030083,0.025340,
0.086805,0.094750,0.082729,0.081804,0.092550,0.081323,0.076443,0.070317,0.086297,0.082836,0.072967,0.080935,0.080630,0.082417,0.066904,0.069351,0.061020,0.055446,0.046207,0.041371,0.028678,
nan,nan,nan,0.133433,0.067559,0.087589,0.074102,0.069439,0.071925,0.069209,0.070607,0.072045,0.071281,0.077382,0.083132,0.075973,0.066926,0.052587,0.047084,0.045041,0.033430,
nan,0.135593,0.126775,0.137452,0.113958,0.123410,0.094151,0.096269,0.077187,0.065043,0.071302,0.055610,0.061617,0.044139,0.044121,0.036744,0.020957,0.020261,0.007756,0.004332,nan,
0.130390,0.136303,0.134999,0.128316,0.118770,0.107383,0.110188,0.096553,0.087051,0.085703,0.076691,0.069598,0.055148,0.046531,0.040237,0.031506,0.022858,0.018001,0.009808,0.006206,0.003277,
0.123914,0.128548,0.131030,0.125930,0.118292,0.113441,0.107507,0.098951,0.090365,0.081511,0.074188,0.064281,0.057116,0.046859,0.037663,0.029689,0.024479,0.017684,0.011849,0.006543,0.003425,
0.118711,0.122668,0.124791,0.119918,0.113758,0.108596,0.106021,0.096136,0.088885,0.081866,0.072600,0.065658,0.055748,0.046588,0.038544,0.033011,0.024678,0.016824,0.011021,0.006359,0.003747,
0.103738,0.118266,0.118077,0.113376,nan,0.105480,0.102860,0.095339,0.087594,0.079794,0.070930,0.062424,0.055381,0.048851,0.038762,0.032109,0.025228,0.017572,0.011814,0.006674,0.004723,
0.116230,0.116450,0.111843,0.107092,0.104832,0.100570,0.098595,0.090124,0.085905,0.075943,0.071241,0.062099,0.055058,0.047307,0.038072,0.032579,0.024418,0.018116,0.012165,0.006775,0.004609,
0.079510,0.104847,0.106305,0.101365,0.097986,0.098701,0.093529,0.090671,0.085162,0.075807,0.069949,0.062387,0.055446,0.050246,0.039708,0.032991,0.025158,0.019356,0.012396,0.007915,0.004387,
0.077245,0.102124,0.096182,0.091932,0.092823,0.091841,0.089456,0.087927,0.079766,0.075902,0.068615,0.061950,0.055541,0.047375,0.040284,0.034114,0.026594,0.019433,0.013146,0.008394,0.005248,
0.079462,0.093727,0.089987,0.088908,0.088453,0.087280,0.083924,0.082121,0.078108,0.073302,0.069748,0.063481,0.055701,0.049493,0.042368,0.035777,0.028669,0.020928,0.013860,0.008863,0.005690,
0.075826,0.086724,0.086922,0.085681,0.083103,0.083034,0.082680,0.080943,0.076580,0.073808,0.070392,0.063127,0.059923,0.052860,0.045999,0.038099,0.030364,0.021741,0.015427,0.009732,0.006092,
0.095548,0.084766,0.084970,0.080388,0.083385,0.082887,0.083190,0.080180,0.077986,0.075990,0.071980,0.068155,0.059798,0.054246,0.049462,0.040244,0.033320,0.023633,0.016244,0.011234,0.006833,
0.094393,0.080081,0.084859,0.078177,0.079343,0.082225,0.080563,0.080980,0.077253,0.074619,0.072337,0.069774,0.064091,0.058244,0.049703,0.045040,0.036864,0.028360,0.019665,0.012180,0.007810,
0.076974,0.080887,0.085188,0.082226,0.080938,0.079702,0.079339,0.081215,0.078571,0.079381,0.076168,0.071127,0.067854,0.059831,0.055318,0.046422,0.039900,0.030383,0.022561,0.014091,0.008697,
0.088067,0.079990,0.077078,0.079798,0.079771,0.081792,0.081895,0.080999,0.081128,0.080397,0.078766,0.073854,0.070064,0.065439,0.058235,0.051809,0.041667,0.034174,0.026445,0.017516,0.011463,
0.091679,0.077354,0.087559,0.087955,0.088078,0.077345,0.078526,0.083133,0.079912,0.079372,0.078342,0.076586,0.075214,0.068249,0.062301,0.056587,0.047899,0.039949,0.029127,0.022353,0.015457,
0.091457,0.077793,0.082058,0.086257,0.080753,0.077659,0.079818,0.079231,0.082948,0.078670,0.080924,0.077276,0.078746,0.071994,0.066135,0.059695,0.053239,0.046461,0.037930,0.024461,0.022277,
0.087229,0.080171,0.082858,0.088852,0.087601,0.076795,0.078711,0.083009,0.080243,0.077832,0.085111,0.078078,0.078564,0.074695,0.070117,0.064973,0.057779,0.051584,0.042121,0.032967,0.024239,
nan,0.091454,0.078035,0.073427,0.086045,0.086688,0.081564,0.076191,0.078180,0.087589,0.077779,0.080924,0.076688,0.079238,0.074823,0.069284,0.062621,0.056815,0.046041,0.042728,0.030137,
nan,nan,0.097620,nan,0.079818,0.070548,0.092543,0.068843,0.097343,0.072928,0.064799,0.101637,0.079833,0.081430,0.067904,0.076016,0.065540,0.058355,0.058239,0.045218,0.050164,
nan,0.150116,0.128866,0.128545,0.119053,0.107553,0.104034,0.082813,0.078640,0.075426,0.062805,0.053990,0.043547,0.042398,0.033427,0.024443,0.023073,0.015158,0.007420,0.004653,nan,
0.129161,0.130485,0.130164,0.124510,0.117946,0.112560,0.103728,0.098628,0.093060,0.079175,0.084262,0.062050,0.052480,0.050890,0.034626,0.032079,0.023138,0.018058,0.011550,0.006016,0.003568,
0.115135,0.129957,0.136292,0.126202,0.116997,0.113479,0.108616,0.095349,0.090332,0.078574,0.072789,0.063286,0.058766,0.045141,0.039107,0.033582,0.024082,0.017229,0.011665,0.006631,0.003635,
0.123508,0.127482,0.126888,0.119530,0.117529,0.110714,0.105925,0.095906,0.088976,0.079130,0.073446,0.065598,0.056038,0.049212,0.039308,0.031804,0.023799,0.017616,0.011372,0.007518,0.003857,
0.104841,0.113316,0.116291,0.115589,0.113025,0.106502,0.102141,0.094606,0.088727,0.079578,0.072420,0.063644,0.054812,0.047954,0.039056,0.032991,0.024013,0.016398,0.010806,0.006377,0.003429,
0.099188,0.105215,0.107521,0.109521,0.104041,0.105617,0.096626,0.095042,0.085012,0.079542,0.070702,0.061748,0.055637,0.049942,0.039938,0.033274,0.025282,0.017747,0.011847,0.006846,0.004213,
0.118469,0.102305,0.102173,0.103783,0.100449,0.096330,nan,0.089537,0.084370,0.075089,0.073260,0.062736,0.056274,0.049287,0.040098,0.033184,0.025338,0.018962,0.012247,0.007288,0.004369,
0.079712,0.095875,0.096791,0.098609,0.091828,0.095454,0.089011,0.083943,0.081522,0.076188,0.069766,0.063807,0.057038,0.050246,0.041356,0.033653,0.026213,0.019471,0.013932,0.008129,0.004796,
0.077754,0.099708,0.090840,0.091359,0.088573,0.088401,0.085093,0.083544,0.079623,0.075525,0.069423,0.063990,0.057251,0.049817,0.042519,0.035080,0.027580,0.020081,0.014182,0.010006,0.005044,
0.083569,0.088486,0.081556,0.086017,0.083445,0.083767,0.084350,0.082485,0.078169,0.075348,0.070608,0.064309,0.058197,0.050973,0.045519,0.037273,0.030992,0.021987,0.015368,0.009429,0.006510,
0.068403,0.091622,0.082051,0.080184,0.080919,0.083329,0.081814,0.080954,0.077765,0.076541,0.072772,0.066294,0.063628,0.054880,0.047644,0.040611,0.033075,0.024263,0.017553,0.011047,0.007405,
0.062146,0.089236,0.079318,0.078750,0.082356,0.083034,0.082696,0.080614,0.078055,0.078194,0.075166,0.071084,0.064154,0.059698,0.052572,0.043015,0.037715,0.026800,0.018606,0.012770,0.008456,
0.103398,0.092354,0.079187,0.085880,0.077691,0.084375,0.080986,0.080548,0.080709,0.080137,0.075656,0.074010,0.068378,0.062783,0.056546,0.048111,0.040240,0.031286,0.022217,0.015754,0.010244,
0.093139,0.086261,0.082692,0.085771,0.077790,0.081318,0.083026,0.080022,0.079185,0.080725,0.079929,0.075204,0.070920,0.066830,0.059312,0.054601,0.046358,0.034964,0.026686,0.016955,0.012476,
nan,0.077850,0.076703,0.087804,0.075980,0.084270,0.080608,0.080057,0.078756,0.080093,0.079846,0.077843,0.073354,0.068921,0.064481,0.058416,0.049563,0.040856,0.031188,0.022471,0.016582,
0.053715,0.083634,0.087259,0.078417,0.083153,0.078119,0.083809,0.086579,0.077328,0.081667,0.078757,0.078715,0.076930,0.073301,0.068193,0.061198,0.055078,0.044092,0.038083,0.026396,0.021369,
nan,0.094310,0.080710,0.084222,0.081887,0.084316,0.085486,0.081098,0.078987,0.074043,0.081988,0.082987,0.076231,0.078443,0.071299,0.067713,0.060435,0.053143,0.044076,0.034625,0.025487,
0.076259,0.098928,0.104041,0.075427,0.098662,0.084728,0.071497,0.074706,0.091908,0.078089,0.079276,0.077467,0.075916,0.084342,0.074734,0.071870,0.061586,0.058943,0.051795,0.040541,0.032104,
nan,nan,nan,0.076768,0.108893,0.082569,0.085452,0.105302,0.067544,0.077451,0.088210,0.072093,0.093816,0.095227,0.094802,0.066810,0.068462,0.067062,0.054309,0.058693,0.039402,
nan,0.120992,0.128539,0.135109,0.123754,0.107852,0.117459,0.085312,0.100703,0.072002,0.078953,0.079789,0.044956,0.039585,0.035019,0.038875,0.022542,0.015145,0.007205,0.004993,nan,
0.117649,0.129867,0.130729,0.124152,0.116485,0.114723,0.108171,0.098055,0.095060,0.080118,0.078240,0.065198,0.054784,0.047897,0.040075,0.030155,0.021978,0.016678,0.011576,0.006417,0.003304,
0.123778,0.128503,0.126459,0.121202,0.119441,0.113385,0.107353,0.097476,0.092566,0.081984,0.074185,0.065049,0.055188,0.047719,0.036702,0.032235,0.021189,0.018220,0.010374,0.006433,0.003490,
0.111167,0.116377,0.123830,0.122719,0.116497,0.111278,0.105481,0.096920,0.089733,0.077640,0.074906,0.063974,0.056821,0.046916,0.038271,0.032218,0.024366,0.016046,0.011556,0.006875,0.003543,
0.114870,0.109010,0.117702,0.115405,0.113291,0.107653,0.103232,0.095607,0.086664,0.077498,0.073102,0.064621,0.055458,0.048767,0.039142,0.032724,0.024761,0.017100,0.011122,0.007329,0.003572,
0.117134,0.099653,0.110807,0.109477,0.108692,0.104250,0.099559,0.093311,0.086671,0.077669,0.069210,0.063208,0.055938,0.048339,0.039585,0.033369,0.025434,0.017408,0.011502,0.006786,0.004438,
0.099581,0.090852,0.103029,0.103630,0.098667,0.099773,0.095571,0.091820,0.084308,0.077387,0.069255,0.062269,0.056902,0.048665,0.040745,0.033580,0.026161,0.017645,0.012771,0.007230,0.004131,
0.097838,0.086156,0.096965,0.095967,0.094505,0.090970,0.090755,0.087942,0.082105,0.075843,0.072069,0.063640,0.056458,0.051128,0.040915,0.034134,0.027491,0.018391,0.013263,0.008161,0.004842,
0.091392,0.083181,0.092601,0.090498,0.088169,0.087569,0.086119,0.084827,0.082007,0.075784,0.071824,0.064988,0.058332,0.052635,0.043351,0.034776,0.028975,0.020862,0.014253,0.008338,0.005055,
0.083475,0.090914,0.088049,0.085652,0.084963,0.084357,0.084090,0.082013,0.078668,0.072473,0.070348,0.065162,0.060028,0.054420,0.044888,0.037910,0.030763,0.022347,0.015671,0.009877,0.005711,
0.073063,0.082543,0.085744,0.083877,0.083427,0.081802,0.079072,0.080706,0.079456,0.078380,0.072446,0.067469,0.062081,0.055871,0.048744,0.041382,0.033054,0.024685,0.017750,0.011195,0.007112,
0.111281,0.082824,0.084330,0.079900,0.083020,0.082973,0.081490,0.079431,0.081340,0.078338,0.074960,0.071221,0.065640,0.059199,0.052142,0.046925,0.036380,0.028513,0.019657,0.013276,0.008542,
0.069112,0.083930,0.083975,0.076115,0.085773,0.083121,0.083275,0.078710,0.080131,0.078887,0.077738,0.073553,0.069908,0.064012,0.057732,0.048695,0.042123,0.031755,0.022504,0.015248,0.010096,
0.086226,0.087283,0.084103,0.079042,0.085911,0.082586,0.080988,0.078959,0.079751,0.080249,0.077728,0.077007,0.072179,0.067795,0.061859,0.053141,0.044643,0.037361,0.026187,0.017819,0.013083,
0.084796,0.081161,0.084950,0.079221,0.079793,0.080133,0.082110,0.079339,0.081329,0.077531,0.079820,0.080576,0.075572,0.071671,0.065044,0.059658,0.050952,0.040940,0.031556,0.022006,0.016464,
0.104830,0.080455,0.084448,0.079889,0.085136,0.082024,0.085548,0.082107,0.078815,0.079046,0.080887,0.078583,0.074468,0.072264,0.069619,0.063029,0.057080,0.046766,0.036648,0.027242,0.022834,
0.089057,0.074653,0.085992,0.083300,0.088111,0.076551,0.079369,0.079791,0.079567,0.083820,0.081365,0.077429,0.082447,0.075528,0.074490,0.069351,0.061680,0.055301,0.042535,0.033458,0.027672,
0.118822,0.082520,0.121152,0.076368,0.073206,0.084635,0.083771,0.087785,0.073445,0.079011,0.076347,0.085425,0.078209,0.074832,0.075182,0.072159,0.066655,0.062468,0.052772,0.042860,0.038052,
nan,nan,nan,0.068830,0.098044,0.073845,0.078734,0.089728,0.072329,0.088626,0.071537,0.077215,0.095032,0.072562,0.074403,0.066746,0.067323,0.060679,0.058079,0.048518,0.043144,
nan,0.130988,0.129068,0.146247,0.117439,0.101932,0.118178,0.101521,0.094063,0.069727,0.083589,0.060937,0.048735,0.050813,0.032870,0.026516,0.020634,0.012037,0.008147,0.004612,nan,
0.127641,nan,0.128238,0.121596,0.116371,0.110489,0.116079,0.100896,0.087985,0.079455,0.070632,0.063955,0.052665,0.045261,0.038042,0.033792,0.023767,0.017855,0.011470,0.005680,0.002898,
0.121769,0.128064,0.119548,0.126916,0.118857,0.108665,0.103099,0.100033,0.090408,0.081273,0.080535,0.065940,0.054666,0.046738,0.038276,0.031218,0.023588,0.017356,0.012300,0.006547,0.003245,
0.116476,0.120870,0.123141,0.120281,0.116642,0.108474,0.104747,0.096891,0.088454,0.080734,0.074600,0.064047,0.054994,0.047227,0.038816,0.033439,0.022481,0.017521,0.010978,0.006475,0.003485,
0.110724,0.112082,0.116889,0.115302,0.110729,0.108529,0.102333,0.094119,0.089586,0.077871,0.072323,0.064822,0.055571,0.047848,0.038587,0.032850,0.023599,0.016770,0.010748,0.006806,0.003569,
0.095558,0.105062,0.112006,0.108350,0.105770,0.102972,0.099073,0.092646,0.085905,0.076392,0.071860,0.063511,0.055303,0.048354,0.040074,0.032693,0.026147,0.016994,0.011693,0.007457,0.003816,
0.088535,0.097774,0.103061,0.101138,0.098695,0.097575,0.094087,0.091386,0.083965,0.076717,0.071114,0.062268,0.055870,0.048522,0.040716,0.033699,0.027035,0.018413,0.012036,0.007702,0.004530,
0.095108,0.092676,0.096580,0.092355,0.092460,0.093674,0.091037,0.087647,0.083434,0.076758,0.069385,0.062725,0.057435,0.050135,0.040639,0.034351,0.026695,0.019841,0.013225,0.007756,0.004474,
0.086513,0.086512,0.086631,0.088062,0.085821,0.089687,0.085030,0.085418,0.081070,0.077732,0.071124,0.064647,0.058051,0.051701,0.042535,0.035636,0.027957,0.021451,0.014429,0.008904,0.004951,
0.076947,0.085274,0.081203,0.085778,0.082156,0.088054,0.082619,0.082065,0.080684,0.077676,0.074153,0.066860,0.060535,0.055651,0.045390,0.037604,0.029827,0.022597,0.016099,0.010165,0.006061,
0.077862,0.078422,0.078160,0.084165,0.081655,0.083677,0.082314,0.083482,0.079505,0.078527,0.074409,0.070335,0.063389,0.058476,0.048940,0.040788,0.033145,0.024793,0.017697,0.011260,0.007025,
0.071243,0.074029,0.087242,0.081523,0.080377,0.082919,0.081141,0.083351,0.079703,0.077952,0.075691,0.072438,0.067127,0.059930,0.053770,0.044556,0.036218,0.028165,0.020355,0.012772,0.008821,
0.106676,0.075645,0.089784,0.075742,0.077730,0.079641,0.082440,0.082120,0.081387,0.076970,0.076223,0.074027,0.071066,0.065827,0.056729,0.051042,0.040862,0.031621,0.022680,0.015150,0.009625,
0.072627,0.081857,0.079518,0.074913,0.078919,0.079278,0.081230,0.082025,0.079982,0.077406,0.078916,0.078266,0.071912,0.069110,0.063391,0.054727,0.046224,0.036690,0.026933,0.018525,0.012059,
0.090335,0.078888,0.078656,0.085463,0.083616,0.081610,0.082950,0.082180,0.083296,0.078906,0.080611,0.077353,0.073891,0.071346,0.067283,0.061104,0.051798,0.041817,0.031999,0.022732,0.015543,
0.080712,0.080872,0.084034,0.086487,0.077559,0.080480,0.080223,0.082158,0.080559,0.081153,0.077278,0.078831,0.076899,0.075776,0.072003,0.065662,0.058935,0.049705,0.039357,0.027738,0.019487,
0.056014,0.084423,0.079138,0.082114,0.080660,0.085664,0.080401,0.083260,0.084074,0.077736,0.080709,0.082235,0.075618,0.077053,0.073590,0.070086,0.063638,0.056434,0.046093,0.035599,0.026041,
nan,0.094947,0.087266,0.079909,0.077936,0.072186,0.082486,0.076502,0.077681,0.077956,0.081662,0.081301,0.083545,0.078342,0.075117,0.074161,0.068067,0.062353,0.053690,0.046188,0.033127,
nan,nan,nan,nan,nan,0.085918,0.103603,0.078404,0.074884,0.089929,0.088708,0.068327,0.085480,0.079736,0.077938,0.075460,0.070269,0.068667,0.064539,0.052828,0.044323,
0.136201,0.167364,0.126860,0.134793,0.118417,0.107886,0.094097,0.091448,0.083297,0.078704,0.066953,0.065735,0.051902,0.042451,0.036507,0.035034,0.020047,0.012679,0.009150,0.005767,nan,
0.133195,0.133929,0.127427,0.126262,0.120718,0.112381,0.109883,0.095275,0.091769,0.079609,0.075203,0.071376,0.060324,0.046865,0.035055,0.028292,0.021398,0.015009,0.009813,0.006618,0.003442,
0.135583,0.129311,0.130715,0.123798,0.116787,0.109065,0.112694,0.100136,0.090403,0.082965,0.069221,0.064274,0.054520,0.049971,0.039513,0.031148,0.023209,0.016328,0.010071,0.006170,0.002935,
0.125459,0.121407,0.122575,0.122776,0.115919,0.108490,0.104616,0.101532,0.091486,0.080597,0.072317,0.065142,0.054897,0.047203,0.039327,0.030481,0.023573,0.017444,0.010363,0.007031,0.003033,
0.117742,0.119134,0.116048,0.116763,0.115127,0.105903,0.101067,0.095779,0.089016,0.079638,0.069756,0.063359,0.054927,0.045441,0.040118,0.030419,0.024260,0.018599,0.010802,0.006600,0.003197,
0.127615,0.111338,0.104956,0.107313,0.108697,0.106410,0.099432,0.092087,0.087513,0.079251,0.068860,0.064078,0.055548,0.047243,0.042183,0.032558,0.024676,0.019819,0.011016,0.006513,0.003827,
0.098883,0.106808,0.096501,0.102168,0.099999,0.099134,0.097689,0.090122,0.084883,0.077940,0.071754,0.064869,0.055227,0.049057,0.041715,0.032764,0.024895,0.019659,0.011935,0.007400,0.004158,
0.083266,0.092820,0.087610,0.096355,0.091610,0.088256,0.090052,0.090616,0.083197,0.077522,0.072669,0.063896,0.057212,0.049486,0.042310,0.033146,0.026283,0.020894,0.012856,0.008085,0.004553,
0.080283,0.085084,0.085157,0.089264,0.084340,0.085377,0.085803,0.084796,0.084164,0.077046,0.072086,0.064666,0.059104,0.050716,0.042914,0.036131,0.028932,0.022093,0.014521,0.009532,0.005487,
0.103872,0.083249,0.085070,0.082694,0.081397,0.081790,0.082535,0.084302,0.080633,0.080331,0.072631,0.066444,0.060494,0.053732,0.046637,0.038802,0.030931,0.023679,0.015810,0.010099,0.005866,
0.115692,0.087063,0.083779,0.086120,0.080859,0.080157,0.079753,0.081947,0.080242,0.078268,0.076868,0.071038,0.063382,0.057193,0.050862,0.041019,0.034458,0.025753,0.017550,0.011216,0.007582,
0.098067,0.083596,0.079029,0.083420,0.079146,0.078991,0.077502,0.079359,0.078628,0.077792,0.076253,0.075131,0.067874,0.060707,0.052358,0.044505,0.038374,0.027600,0.020712,0.013292,0.008409,
0.071268,0.080024,0.072866,0.084103,0.082374,0.079143,0.080394,0.080456,0.079225,0.080040,0.079268,0.077635,0.073853,0.065562,0.057098,0.049309,0.041691,0.032079,0.023880,0.015720,0.010309,
0.077501,0.086380,0.082684,0.076521,0.082545,0.073659,0.084647,0.078023,0.081419,0.080650,0.081437,0.077436,0.074397,0.071596,0.063126,0.055027,0.044838,0.036612,0.027778,0.019888,0.011791,
0.075230,0.085858,0.091058,0.078026,0.083682,0.079047,0.085053,0.079439,0.080924,0.080862,0.078715,0.078999,0.074549,0.073718,0.069577,0.060970,0.051714,0.041900,0.033515,0.023436,0.016072,
0.093086,0.075265,0.092911,0.077549,0.079978,0.085672,0.078561,0.088356,0.077508,0.079867,0.080074,0.086353,0.079970,0.076072,0.072676,0.067883,0.059856,0.046873,0.041436,0.027917,0.019961,
0.110057,0.074602,0.095657,0.080590,0.074311,0.080165,0.071583,0.084135,0.081201,0.079277,0.081711,0.078237,0.079859,0.073822,0.073529,0.069768,0.067378,0.057218,0.047107,0.037664,0.025326,
0.072844,0.081853,0.091164,0.080483,0.080953,0.080203,0.087620,0.082019,0.082679,0.073902,0.070862,0.074596,0.081970,0.082942,0.076705,0.076489,0.068360,0.065949,0.056146,0.042800,0.037151,
nan,nan,nan,nan,nan,nan,nan,nan,nan,nan,0.101775,0.087239,0.087737,0.077197,0.078922,0.073736,0.078128,0.066311,0.065448,0.051234,0.053301,
