0.099783,0.121848,0.118615,0.117350,0.108802,0.109529,0.099718,0.099155,0.089474,0.080340,0.068404,0.060022,0.052888,0.043966,0.031387,0.023314,0.017260,0.010804,0.006070,0.003588,0.001999,
0.114082,0.119953,0.117837,0.117561,0.110191,0.107162,0.101300,0.092558,0.087677,0.078051,0.070630,0.058339,0.051424,0.041717,0.031675,0.021938,0.015409,0.009501,0.006002,0.003825,0.002329,
0.112622,0.119178,0.115218,0.113104,0.108417,0.104123,0.099626,0.090886,0.085302,0.075703,0.067469,0.058122,0.049027,0.040164,0.030108,0.021784,0.014793,0.009482,0.006056,0.003994,0.002647,
0.112046,0.116147,0.112263,0.110478,0.105476,0.101357,0.097044,0.088859,0.083148,0.074105,0.065649,0.056738,0.047576,0.039392,0.029436,0.022088,0.015310,0.009780,0.006485,0.004574,0.003027,
0.107728,0.110290,0.107318,0.107030,0.101484,0.098058,0.093608,0.086068,0.080346,0.072507,0.063181,0.055484,0.045835,0.038422,0.029284,0.021966,0.015760,0.010577,0.007258,0.005134,0.003413,
0.107251,0.106433,0.101559,0.102277,0.096708,0.093491,0.089206,0.082477,0.076385,0.068684,0.060504,0.053716,0.044143,0.037164,0.028527,0.021894,0.016446,0.011405,0.008220,0.005855,0.004155,
0.101889,0.101252,0.095910,0.096033,0.091596,0.088564,0.083908,0.078098,0.072562,0.065132,0.057686,0.051290,0.042464,0.036464,0.028526,0.022479,0.017488,0.013001,0.009821,0.007132,0.004988,
0.096154,0.094660,0.089561,0.089806,0.085812,0.082982,0.078436,0.073294,0.068438,0.061003,0.054739,0.049112,0.041338,0.035943,0.028585,0.023718,0.019224,0.014993,0.011964,0.008897,0.006157,
0.088353,0.087680,0.083265,0.083195,0.079578,0.077158,0.072856,0.068065,0.064241,0.057408,0.052225,0.046985,0.040273,0.035563,0.029248,0.025360,0.021659,0.018025,0.014754,0.010986,0.007686,
0.082147,0.080798,0.077128,0.076520,0.073615,0.071193,0.067447,0.063091,0.059632,0.054003,0.049496,0.045109,0.039821,0.036004,0.031041,0.028180,0.025255,0.022497,0.018995,0.014443,0.009852,
0.074439,0.073988,0.070730,0.070117,0.067539,0.065120,0.062356,0.058778,0.055568,0.051179,0.047566,0.044319,0.040285,0.037586,0.034602,0.033000,0.031375,0.029315,0.025843,0.019120,0.013481,
0.067908,0.067540,0.064225,0.063605,0.061494,0.059644,0.057360,0.054360,0.052113,0.049005,0.046416,0.044504,0.041915,0.040962,0.039785,0.040437,0.040238,0.039679,0.035251,0.026780,0.017522,
0.061015,0.060497,0.057937,0.057321,0.055626,0.054122,0.052755,0.050291,0.049068,0.047337,0.046297,0.046100,0.045733,0.046391,0.048173,0.051361,0.054466,0.054556,0.050619,0.037344,0.022469,
0.052502,0.053452,0.051280,0.051400,0.049957,0.049240,0.048527,0.047313,0.047058,0.047004,0.047827,0.049379,0.051714,0.055531,0.061300,0.068872,0.075962,0.080933,0.072839,0.052114,0.029179,
0.045259,0.045548,0.044889,0.045048,0.044108,0.044484,0.044791,0.044889,0.046175,0.048341,0.051700,0.055986,0.062045,0.070266,0.083549,0.095061,0.111634,0.119421,0.107854,0.069480,0.028997,
0.038392,0.038035,0.038687,0.038658,0.039117,0.040186,0.041589,0.044128,0.047049,0.052493,0.059435,0.068009,0.078181,0.095742,0.115555,0.140703,0.165590,0.182903,0.154035,0.081879,0.022426,
0.035573,0.031351,0.032962,0.033187,0.035020,0.038345,0.040466,0.046040,0.051463,0.060009,0.072633,0.086751,0.105702,0.132926,0.168777,0.208030,0.253525,0.249188,0.176549,0.066500,0.010782,
0.025569,0.030679,0.028908,0.030443,0.033995,0.036579,0.041827,0.051077,0.061191,0.074122,0.091300,0.113513,0.141416,0.190911,0.241859,0.304234,0.338748,0.268938,0.134206,0.016810,0.007319,
nan,nan,nan,nan,nan,nan,nan,nan,nan,nan,0.110702,0.148113,0.195329,0.259723,0.349543,0.364269,0.324364,0.188893,0.046773,0.008827,nan,
nan,nan,0.117267,0.119226,0.109415,0.109287,0.100528,0.096484,0.086672,0.076695,0.072012,0.062695,0.055614,0.041598,0.034735,0.020973,0.018074,0.011659,0.005933,0.003918,0.002242,
nan,0.117425,0.117201,0.114456,0.111401,0.105672,0.100323,0.092114,0.087042,0.078623,0.068310,0.059467,0.049345,0.041235,0.029975,0.022514,0.014982,0.009071,0.005582,0.003695,0.002529,
0.121064,0.117375,0.115174,0.113019,0.108352,0.105058,0.099132,0.091331,0.084737,0.077358,0.066517,0.058200,0.048192,0.040162,0.029492,0.022377,0.015438,0.009556,0.005870,0.004105,0.002703,
0.120674,0.114826,0.113281,0.110091,0.106115,0.101953,0.096647,0.089416,0.082364,0.074719,0.065284,0.057229,0.047206,0.038910,0.029503,0.022175,0.015646,0.009963,0.006333,0.004554,0.003177,
0.117472,0.111463,0.109244,0.105818,0.101914,0.098834,0.093099,0.086587,0.079346,0.071897,0.063174,0.055233,0.046124,0.037759,0.029435,0.022506,0.015973,0.010499,0.007157,0.005117,0.003674,
0.115900,0.106207,0.104075,0.100901,0.097286,0.094312,0.088718,0.082551,0.075757,0.068597,0.060922,0.052945,0.045035,0.036516,0.029439,0.022642,0.016387,0.011661,0.008202,0.005998,0.004138,
0.108725,0.100273,0.098249,0.095277,0.092346,0.088840,0.083523,0.077861,0.071871,0.064893,0.058164,0.050752,0.043309,0.035697,0.029105,0.022866,0.017381,0.012958,0.009665,0.007094,0.004972,
0.101522,0.093782,0.092047,0.089237,0.086155,0.083039,0.078332,0.072902,0.067642,0.061285,0.055567,0.048708,0.042020,0.035158,0.029375,0.023996,0.019104,0.015253,0.011893,0.008871,0.005980,
0.094885,0.086571,0.085508,0.083079,0.080033,0.076912,0.072848,0.068065,0.063373,0.057337,0.052349,0.046195,0.040620,0.034834,0.029999,0.025429,0.021848,0.018120,0.014956,0.011031,0.007457,
0.085234,0.079734,0.078697,0.076549,0.073966,0.071144,0.067420,0.063585,0.059304,0.053959,0.049819,0.044610,0.039754,0.035413,0.031778,0.028343,0.025531,0.022757,0.019339,0.014281,0.009399,
0.078446,0.072724,0.071980,0.070227,0.067981,0.065295,0.061818,0.058738,0.055126,0.050835,0.047716,0.043732,0.040126,0.036950,0.034805,0.032806,0.031243,0.029146,0.025939,0.018742,0.012290,
0.071694,0.066105,0.065150,0.063630,0.061930,0.059760,0.056954,0.054897,0.051875,0.048736,0.046425,0.043764,0.041803,0.040142,0.040058,0.039984,0.039854,0.039369,0.035102,0.025812,0.016126,
0.062114,0.059190,0.058419,0.057166,0.056084,0.054424,0.052261,0.051071,0.049082,0.047299,0.046187,0.045342,0.045257,0.045530,0.048468,0.050857,0.054357,0.053901,0.050284,0.035458,0.021826,
0.057207,0.052519,0.051892,0.050711,0.050720,0.049035,0.047989,0.047675,0.046990,0.046876,0.047296,0.049098,0.051202,0.055461,0.061436,0.068689,0.074090,0.078687,0.071642,0.048896,0.025578,
0.049585,0.045641,0.044739,0.044142,0.045397,0.043738,0.044658,0.045042,0.046010,0.047705,0.050822,0.055562,0.061708,0.070254,0.082259,0.095494,0.109491,0.115787,0.104699,0.063910,0.029631,
0.042186,0.039055,0.037556,0.037982,0.040176,0.039547,0.041980,0.043987,0.047277,0.051391,0.058313,0.067344,0.078064,0.094407,0.112809,0.139245,0.159999,0.172027,0.139427,0.070783,0.025160,
0.035413,0.030541,0.031201,0.033336,0.035055,0.037499,0.041759,0.044971,0.051710,0.058611,0.070844,0.085076,0.105064,0.129533,0.164871,0.203940,0.237361,0.234146,0.154410,0.061600,0.012941,
nan,0.027070,0.028325,0.031421,0.032228,0.037721,0.043882,0.051465,0.059903,0.072275,0.088372,0.111368,0.140072,0.183424,0.234556,0.288007,0.316396,0.237577,0.129720,0.035847,0.008615,
nan,nan,nan,nan,0.038280,0.041147,0.051015,0.060440,0.075050,0.092113,0.112028,0.139041,0.181460,0.229338,0.289331,0.337503,0.302698,0.208810,0.093248,0.012464,0.005940,
nan,0.122976,0.110610,0.116551,0.114843,0.108408,0.103132,0.096394,0.089252,0.079059,0.075109,0.060772,0.052866,0.044195,0.035671,0.026057,0.016419,0.009976,0.007010,0.003684,0.002512,
0.123253,0.119925,0.116200,0.115456,0.109717,0.106450,0.100896,0.092895,0.086521,0.078850,0.066662,0.059817,0.049624,0.040438,0.030052,0.022870,0.015286,0.009528,0.005525,0.003832,0.002433,
0.124288,0.116376,0.115933,0.112333,0.109691,0.104473,0.098918,0.092366,0.084342,0.075884,0.067248,0.058571,0.048576,0.038552,0.030280,0.022423,0.015602,0.009306,0.005782,0.004008,0.002904,
0.115543,0.115023,0.112296,0.109857,0.105837,0.102301,0.095810,0.090016,0.081139,0.073761,0.065629,0.056784,0.047494,0.038222,0.030302,0.022361,0.015073,0.009848,0.006410,0.004350,0.002991,
0.112601,0.110472,0.107229,0.105621,0.102215,0.098012,0.092800,0.086889,0.078941,0.070978,0.063884,0.055306,0.046357,0.037683,0.029681,0.022363,0.015835,0.010741,0.007182,0.005107,0.003455,
0.107427,0.106616,0.102273,0.101292,0.098162,0.093026,0.087940,0.083272,0.075812,0.067907,0.060386,0.053019,0.044527,0.037370,0.029066,0.022385,0.016444,0.011629,0.008254,0.005996,0.003971,
0.106116,0.100950,0.097145,0.095488,0.092451,0.088093,0.083380,0.078735,0.072476,0.064927,0.058056,0.050528,0.042855,0.036077,0.029054,0.022945,0.017535,0.013050,0.009777,0.007131,0.004714,
0.097926,0.094556,0.091169,0.089342,0.086658,0.082348,0.077783,0.073667,0.067939,0.061050,0.054670,0.048707,0.041630,0.035689,0.029364,0.023850,0.019009,0.014975,0.011601,0.008599,0.005828,
0.092071,0.087596,0.084901,0.083036,0.080233,0.076371,0.072657,0.068659,0.063563,0.057757,0.051866,0.046406,0.040420,0.035059,0.030195,0.025309,0.021345,0.017994,0.014662,0.010573,0.007178,
0.084193,0.079980,0.078262,0.076015,0.074454,0.070558,0.067280,0.063889,0.059348,0.054262,0.049434,0.044890,0.039881,0.035470,0.031591,0.028049,0.024975,0.022264,0.018743,0.013794,0.008501,
0.075995,0.072708,0.070879,0.069652,0.068186,0.065022,0.062500,0.059111,0.055635,0.051145,0.047435,0.043918,0.040042,0.036805,0.034487,0.032367,0.030618,0.028215,0.024955,0.017618,0.010973,
0.070615,0.065857,0.064587,0.062996,0.062275,0.059447,0.057600,0.054975,0.052121,0.049053,0.045918,0.044159,0.041316,0.040104,0.039357,0.038868,0.039209,0.037885,0.033262,0.023678,0.013860,
0.065913,0.058907,0.058122,0.056896,0.056514,0.054179,0.052805,0.051024,0.049443,0.047184,0.045594,0.045187,0.044647,0.045489,0.047071,0.049144,0.052351,0.051637,0.046172,0.032114,0.017707,
0.055242,0.052290,0.051547,0.050446,0.050267,0.049093,0.048775,0.047799,0.046842,0.046889,0.046845,0.048659,0.050506,0.054578,0.059052,0.065413,0.071688,0.074028,0.064816,0.041572,0.022660,
0.047602,0.045833,0.044222,0.044673,0.044369,0.044094,0.044499,0.045213,0.046055,0.047707,0.051099,0.054736,0.060352,0.068365,0.078810,0.089192,0.102968,0.105622,0.088314,0.054616,0.025191,
0.038151,0.037380,0.037293,0.038522,0.039216,0.040056,0.042127,0.044211,0.047064,0.050872,0.056757,0.066195,0.076422,0.091077,0.106925,0.129182,0.147306,0.149236,0.116460,0.062852,0.021084,
nan,0.030342,0.032126,0.033527,0.035352,0.038254,0.041490,0.045105,0.050788,0.059312,0.070005,0.081463,0.100873,0.122078,0.152406,0.183000,0.207145,0.192853,0.130095,0.052445,0.011436,
0.027970,0.028275,0.027934,0.032031,0.034794,0.038947,0.044790,0.050849,0.058699,0.071213,0.087556,0.107716,0.132816,0.170134,0.208590,0.249558,0.258004,0.202946,0.104352,0.028001,0.007486,
nan,nan,nan,0.030880,0.037705,0.046150,0.049753,0.055552,0.068821,0.079787,0.097262,0.119303,0.152495,0.202643,0.253292,0.275804,0.256776,0.154219,0.070223,0.010851,0.005331,
nan,0.118332,0.121297,0.116087,0.115982,0.107743,0.107557,0.093247,0.088332,0.080966,0.071206,0.064459,0.053047,0.042744,0.030198,0.025208,0.016526,0.011164,0.006509,0.003652,0.002625,
0.122853,0.117623,0.116934,0.113433,0.111253,0.105540,0.101392,0.093276,0.086199,0.077536,0.070271,0.059324,0.050705,0.040366,0.031267,0.022202,0.015291,0.009455,0.005398,0.003653,0.002559,
0.124435,0.119137,0.114632,0.114019,0.108890,0.103851,0.097815,0.092204,0.083548,0.076001,0.067410,0.058423,0.048382,0.038997,0.030226,0.022055,0.014810,0.009359,0.005890,0.003872,0.002688,
0.120422,0.115048,0.111024,0.109230,0.107073,0.100405,0.095846,0.089555,0.083059,0.073663,0.065120,0.056926,0.047754,0.038568,0.029673,0.022190,0.015437,0.009782,0.006313,0.004439,0.002942,
0.114864,0.110659,0.108816,0.105743,0.101988,0.096821,0.091449,0.086255,0.080051,0.071264,0.063170,0.054656,0.045739,0.038374,0.029868,0.022094,0.015829,0.010685,0.007155,0.005108,0.003271,
0.109307,0.105488,0.104558,0.100038,0.098042,0.093855,0.088442,0.082544,0.075766,0.068734,0.060536,0.053323,0.044468,0.037478,0.029658,0.022278,0.016340,0.011570,0.008161,0.005734,0.003883,
0.100167,0.099560,0.098834,0.094941,0.093085,0.088312,0.083485,0.078618,0.072066,0.064886,0.057992,0.051093,0.043170,0.035953,0.029302,0.022575,0.017170,0.012849,0.009436,0.006704,0.004504,
0.097217,0.093870,0.092375,0.089278,0.087043,0.082589,0.078578,0.073678,0.068007,0.061474,0.055353,0.048552,0.041474,0.035069,0.029165,0.023686,0.018676,0.014738,0.011399,0.008256,0.005463,
0.089575,0.087218,0.085638,0.082365,0.080690,0.077237,0.072157,0.068364,0.063374,0.057767,0.052091,0.046037,0.040391,0.034817,0.029516,0.025091,0.020831,0.017325,0.014008,0.010112,0.006683,
0.084779,0.080293,0.078544,0.075789,0.074264,0.071148,0.067153,0.063223,0.059185,0.054558,0.049176,0.044487,0.039720,0.035294,0.030872,0.027604,0.024171,0.021519,0.017828,0.012841,0.008129,
0.078174,0.072928,0.071972,0.069652,0.067968,0.065346,0.062008,0.058578,0.055136,0.051210,0.047257,0.043407,0.039839,0.036641,0.033684,0.031127,0.029536,0.027309,0.023035,0.016567,0.009934,
0.068492,0.065536,0.064906,0.063403,0.061844,0.059635,0.057217,0.054189,0.051670,0.048736,0.046127,0.043350,0.041149,0.039240,0.038194,0.037285,0.037242,0.035739,0.030780,0.021540,0.013084,
0.061022,0.059525,0.058554,0.056937,0.055792,0.054284,0.052420,0.050472,0.048848,0.047050,0.045872,0.044472,0.044203,0.044047,0.045686,0.046617,0.048741,0.047292,0.041266,0.028549,0.016343,
0.056028,0.052117,0.051275,0.050829,0.049820,0.048872,0.048279,0.047153,0.046858,0.046374,0.046580,0.047452,0.049398,0.051889,0.056333,0.061120,0.065112,0.064630,0.056644,0.036727,0.019120,
0.046779,0.045003,0.044213,0.043890,0.044216,0.043608,0.043918,0.044378,0.045669,0.047332,0.049204,0.052986,0.058520,0.065398,0.073964,0.082553,0.087991,0.090444,0.074599,0.042862,0.019459,
0.037145,0.038914,0.037805,0.038368,0.038615,0.040148,0.041175,0.043369,0.046511,0.049894,0.055856,0.063451,0.072014,0.084223,0.098628,0.111825,0.123478,0.122124,0.093530,0.047229,0.018229,
0.033619,0.031133,0.031597,0.032678,0.034810,0.037212,0.040315,0.044288,0.049921,0.056184,0.065737,0.077179,0.093262,0.111482,0.131061,0.153776,0.167083,0.151141,0.096304,0.040452,0.010340,
nan,0.024872,0.027959,0.030887,0.033230,0.036719,0.042177,0.048795,0.058628,0.066897,0.083473,0.099042,0.121447,0.146567,0.177263,0.204950,0.203911,0.148435,0.081226,0.023876,0.006565,
nan,nan,0.029768,0.032046,0.030688,0.040073,0.044421,0.055037,0.061833,0.074839,0.090303,0.115435,0.144243,0.186249,0.222577,0.229606,0.196086,0.126037,0.050559,0.009429,0.004785,
nan,0.122775,0.122179,0.118965,0.115164,0.109314,0.099956,0.091895,0.089247,0.084137,0.072244,0.059915,0.050629,0.044044,0.033600,0.023595,0.016706,0.009689,0.005679,0.004221,0.002329,
0.126030,0.121390,0.115489,0.116065,0.110420,0.107321,0.099267,0.095259,0.086389,0.076839,0.067511,0.061050,0.048773,0.039196,0.030579,0.022808,0.015044,0.008787,0.005667,0.003722,0.002688,
0.121280,0.115721,0.113259,0.112558,0.108943,0.102643,0.098757,0.091580,0.084898,0.074646,0.067395,0.058147,0.049022,0.039815,0.030607,0.022545,0.014973,0.009460,0.005846,0.003881,0.002629,
0.123657,0.111685,0.113396,0.108807,0.105108,0.101432,0.095861,0.089251,0.082636,0.074059,0.065219,0.056191,0.046719,0.038951,0.029807,0.021493,0.015234,0.009876,0.006280,0.004425,0.002848,
0.113661,0.109280,0.109889,0.105747,0.103000,0.098718,0.092287,0.086449,0.078905,0.071381,0.062945,0.055803,0.046379,0.038441,0.029798,0.022142,0.015541,0.010490,0.007012,0.004888,0.003292,
0.109934,0.104912,0.103652,0.100588,0.098037,0.093157,0.087798,0.082654,0.075628,0.068244,0.061517,0.053141,0.044157,0.036284,0.029369,0.022118,0.016188,0.011360,0.007867,0.005510,0.003674,
0.104661,0.099351,0.098058,0.095619,0.091985,0.088184,0.082674,0.077870,0.071271,0.065663,0.057903,0.050897,0.043022,0.035643,0.028707,0.022693,0.016862,0.012571,0.009204,0.006609,0.004304,
0.096038,0.091852,0.091547,0.088568,0.085821,0.083027,0.077919,0.073164,0.067276,0.061404,0.054793,0.047841,0.042027,0.035256,0.028654,0.023288,0.018118,0.014254,0.011066,0.007764,0.005033,
0.088116,0.085711,0.084451,0.082197,0.080068,0.077239,0.072363,0.068127,0.063073,0.057542,0.051981,0.045993,0.040553,0.034899,0.029114,0.024479,0.020514,0.016999,0.013401,0.009599,0.006171,
0.083012,0.079444,0.077921,0.075683,0.073741,0.070970,0.067302,0.063670,0.058838,0.054241,0.049372,0.044232,0.039583,0.034725,0.030229,0.026548,0.023655,0.020322,0.016611,0.012074,0.007836,
0.075620,0.073045,0.071052,0.069631,0.067504,0.065335,0.062114,0.058878,0.055202,0.051294,0.047223,0.043153,0.039454,0.035946,0.032807,0.030299,0.027930,0.025333,0.021433,0.015368,0.009664,
0.066653,0.065681,0.064397,0.063067,0.061701,0.059919,0.056909,0.054561,0.051747,0.048675,0.045592,0.042929,0.040388,0.038384,0.036764,0.035500,0.034426,0.032202,0.027728,0.018921,0.011970,
0.062239,0.058699,0.057371,0.056897,0.055764,0.054192,0.052015,0.050166,0.048746,0.046631,0.045054,0.043693,0.042557,0.042289,0.042584,0.043450,0.043593,0.043103,0.035943,0.023761,0.013323,
0.053882,0.051505,0.050731,0.050365,0.050075,0.049103,0.047742,0.046476,0.046416,0.045915,0.045737,0.045991,0.047417,0.049320,0.051602,0.054942,0.057994,0.056926,0.047837,0.030181,0.015256,
0.046259,0.044276,0.044085,0.044079,0.044029,0.043998,0.043324,0.044177,0.044911,0.046465,0.048438,0.050963,0.054469,0.059659,0.065420,0.073287,0.078186,0.075984,0.060948,0.034848,0.015944,
0.040225,0.038886,0.036956,0.038643,0.038335,0.038954,0.040244,0.042563,0.045480,0.049048,0.053056,0.058767,0.066031,0.075334,0.086999,0.099487,0.105735,0.095836,0.070360,0.034383,0.014254,
0.033067,0.030834,0.030635,0.033419,0.034331,0.037177,0.039230,0.043196,0.048525,0.054504,0.061685,0.072249,0.082785,0.100404,0.117865,0.131889,0.130036,0.113313,0.071012,0.030849,0.008648,
0.025938,0.027348,0.027976,0.031209,0.032557,0.035882,0.040793,0.046846,0.054915,0.062756,0.074061,0.088882,0.109118,0.130814,0.152403,0.157569,0.151294,0.109785,0.063101,0.019125,0.005706,
nan,nan,0.026056,0.032518,0.031890,0.037971,0.042021,0.047816,0.059179,0.070480,0.087795,0.112990,0.126966,0.149175,0.165471,0.192059,0.138573,0.094648,0.039102,0.009422,0.004440,
nan,0.115396,0.123668,0.118647,0.109131,0.111385,0.101850,0.095744,0.086223,0.078200,0.070883,0.060271,0.051662,0.046018,0.030849,0.024868,0.016136,0.010779,0.005884,0.003404,0.002565,
0.122501,0.115107,0.117442,0.114060,0.111480,0.106131,0.099213,0.093786,0.085554,0.076939,0.068226,0.058853,0.049095,0.038843,0.029715,0.021641,0.014733,0.008724,0.005268,0.003620,0.002201,
0.117860,0.116478,0.116396,0.112916,0.108171,0.103370,0.098647,0.091338,0.085975,0.076084,0.065927,0.057130,0.047786,0.038776,0.029232,0.021571,0.015005,0.009030,0.005818,0.003887,0.002493,
0.113748,0.114103,0.111962,0.110030,0.106275,0.101151,0.095041,0.088844,0.082186,0.073620,0.065068,0.057319,0.048200,0.039246,0.030344,0.022073,0.015152,0.009846,0.006164,0.004338,0.002832,
0.113152,0.109464,0.107990,0.105921,0.102024,0.097744,0.091666,0.086198,0.078765,0.071449,0.064264,0.055155,0.045539,0.036896,0.029478,0.021919,0.015468,0.010283,0.006853,0.004647,0.003190,
0.109392,0.104595,0.103529,0.100992,0.096646,0.093505,0.087958,0.082488,0.076219,0.068733,0.060156,0.053039,0.044836,0.036884,0.028838,0.022104,0.015854,0.011176,0.007731,0.005495,0.003571,
0.102728,0.099071,0.097124,0.095226,0.091513,0.088410,0.083546,0.078523,0.071835,0.064883,0.058009,0.049992,0.043478,0.036294,0.028465,0.022515,0.016850,0.012202,0.008955,0.006277,0.004067,
0.098186,0.093425,0.090566,0.089393,0.086507,0.083134,0.078363,0.073445,0.067700,0.061917,0.054722,0.048165,0.041949,0.034808,0.028446,0.022720,0.018035,0.014103,0.010630,0.007707,0.005044,
0.092919,0.086590,0.083606,0.083004,0.079440,0.077327,0.072909,0.068682,0.063257,0.057817,0.052388,0.045876,0.040229,0.034336,0.028861,0.023939,0.019756,0.016180,0.012798,0.009311,0.005920,
0.081453,0.078588,0.077390,0.076389,0.073780,0.071294,0.067252,0.063546,0.058913,0.053899,0.049402,0.044410,0.039256,0.034459,0.029856,0.025813,0.022424,0.019105,0.015685,0.010904,0.007062,
0.076335,0.072473,0.070607,0.070007,0.067280,0.065316,0.061727,0.058625,0.055240,0.050726,0.047206,0.043192,0.038897,0.034978,0.031495,0.028763,0.026226,0.023499,0.019522,0.013333,0.008202,
0.070701,0.065948,0.063899,0.063550,0.061355,0.059203,0.057140,0.054322,0.051561,0.048346,0.045409,0.042093,0.039354,0.036746,0.034666,0.033410,0.032072,0.029650,0.024851,0.016911,0.010024,
0.057542,0.058310,0.057649,0.056845,0.055362,0.053882,0.052472,0.050306,0.048385,0.046164,0.044526,0.042244,0.041357,0.040512,0.039952,0.040295,0.040125,0.037735,0.031493,0.020798,0.012014,
0.053685,0.051494,0.050974,0.050215,0.049491,0.048466,0.047680,0.046593,0.045721,0.045097,0.044677,0.044130,0.044806,0.046182,0.048798,0.050436,0.051157,0.047598,0.039245,0.024245,0.012042,
0.047728,0.044936,0.043519,0.043237,0.043919,0.043349,0.043895,0.043643,0.044152,0.044740,0.045571,0.048051,0.051717,0.056136,0.059736,0.063922,0.065071,0.061287,0.049569,0.027553,0.012896,
0.039311,0.037120,0.036821,0.037054,0.038457,0.038750,0.039899,0.041847,0.044353,0.046370,0.050254,0.054841,0.061971,0.068997,0.075671,0.081518,0.084299,0.078378,0.054130,0.027048,0.011331,
0.030626,0.032243,0.031581,0.032316,0.034335,0.036433,0.038523,0.042704,0.045753,0.050433,0.057876,0.067008,0.077951,0.087820,0.095499,0.105378,0.108385,0.087024,0.056018,0.024092,0.007425,
nan,0.024743,0.028511,0.031580,0.032324,0.035621,0.040130,0.045291,0.050769,0.060715,0.070893,0.081508,0.095006,0.106654,0.122848,0.133317,0.114715,0.084417,0.044869,0.015819,0.004729,
nan,0.029803,nan,0.023917,0.032093,0.034081,0.037081,0.056302,0.062760,0.074482,0.082147,0.085725,0.111520,0.132408,0.134249,0.136991,0.107709,0.066976,0.032128,0.007898,0.004847,
nan,0.121677,0.120319,0.111226,0.110253,0.106940,0.103805,0.093313,0.089816,0.084094,0.068850,0.065690,0.047529,0.040083,0.033377,0.025492,0.017852,0.010313,0.005932,0.003462,0.002245,
0.119006,0.119331,0.116084,0.114994,0.110598,0.104617,0.100611,0.093015,0.084236,0.076507,0.067350,0.058962,0.049899,0.039026,0.030344,0.022410,0.014686,0.009139,0.005339,0.003467,0.002304,
0.121176,0.117690,0.115356,0.113462,0.108432,0.103697,0.097557,0.092175,0.083359,0.074834,0.066902,0.056864,0.048223,0.039636,0.029955,0.021532,0.014807,0.009397,0.005705,0.003959,0.002648,
0.118772,0.113158,0.112648,0.109725,0.106473,0.101468,0.095722,0.090476,0.081412,0.073301,0.065590,0.056834,0.047302,0.038336,0.029672,0.021708,0.014744,0.009417,0.006141,0.004224,0.002838,
0.117661,0.109568,0.108581,0.105585,0.101471,0.098477,0.092064,0.087020,0.079144,0.071979,0.062829,0.054656,0.046121,0.037668,0.029245,0.022498,0.015272,0.010396,0.006824,0.004717,0.003007,
0.108649,0.105000,0.103493,0.101955,0.097198,0.094132,0.088285,0.082711,0.075576,0.068269,0.060918,0.052243,0.045786,0.037478,0.028904,0.022259,0.015954,0.010896,0.007609,0.005363,0.003422,
0.103356,0.098575,0.098217,0.096331,0.092368,0.089258,0.083696,0.078256,0.072225,0.065605,0.058256,0.050615,0.043697,0.035480,0.028671,0.022190,0.016605,0.012412,0.008854,0.006211,0.004126,
0.096123,0.092268,0.091607,0.089389,0.086151,0.082916,0.078206,0.073637,0.067783,0.061206,0.055599,0.048599,0.041733,0.034616,0.028686,0.022704,0.017507,0.013262,0.010066,0.007121,0.004561,
0.090426,0.086467,0.084710,0.082620,0.080422,0.076073,0.073265,0.068143,0.063578,0.057636,0.051980,0.046435,0.040298,0.034118,0.028283,0.023310,0.018802,0.015086,0.011582,0.008198,0.005358,
0.084836,0.080153,0.077664,0.075950,0.073525,0.070408,0.067437,0.063188,0.059110,0.054101,0.049127,0.043912,0.038624,0.033740,0.028722,0.024656,0.020991,0.017840,0.014441,0.010085,0.006242,
0.073885,0.072427,0.071010,0.069200,0.067702,0.064879,0.061982,0.058557,0.054907,0.050797,0.046926,0.041760,0.038088,0.034185,0.030340,0.027465,0.024534,0.021507,0.018015,0.012406,0.008001,
0.068604,0.065838,0.064556,0.062996,0.061743,0.059524,0.056892,0.054240,0.051175,0.047960,0.044738,0.041060,0.038358,0.035729,0.033344,0.031163,0.028871,0.026044,0.021647,0.014448,0.008415,
0.064446,0.059246,0.057433,0.056188,0.055664,0.053847,0.052233,0.050272,0.048243,0.045460,0.043259,0.041411,0.039809,0.038600,0.037692,0.036177,0.035307,0.032441,0.026815,0.017715,0.009704,
0.053521,0.051341,0.050387,0.050035,0.049856,0.048545,0.047917,0.046271,0.045186,0.043803,0.043220,0.042786,0.042617,0.043188,0.043438,0.043826,0.044399,0.041219,0.033346,0.020223,0.010333,
0.049318,0.043673,0.043420,0.043748,0.043712,0.043403,0.043019,0.043027,0.043142,0.043356,0.044325,0.045507,0.047481,0.050008,0.052194,0.056636,0.056944,0.050027,0.038812,0.021877,0.010904,
0.038798,0.036615,0.036961,0.037355,0.038182,0.038977,0.039717,0.040734,0.042445,0.045176,0.047516,0.051651,0.054916,0.060584,0.067331,0.069939,0.068015,0.062360,0.042568,0.022431,0.008958,
0.029580,0.032123,0.031219,0.032378,0.033460,0.035893,0.038135,0.040605,0.043852,0.048802,0.054422,0.059637,0.065898,0.076193,0.083254,0.083791,0.085269,0.065364,0.044311,0.019061,0.006448,
0.025553,0.025257,0.028449,0.029224,0.032259,0.033444,0.038748,0.042515,0.050805,0.054613,0.062398,0.072354,0.083530,0.094118,0.094843,0.102835,0.084915,0.067348,0.033788,0.013109,0.004409,
nan,0.028994,nan,0.029793,0.030072,0.034214,0.041495,0.048776,0.052467,0.058997,0.074141,0.086472,0.098588,0.103489,0.117779,0.104004,0.081808,0.051564,0.027703,0.007412,0.003031,
nan,0.119304,0.117332,0.113493,0.115525,0.107873,0.102382,0.094837,0.086349,0.082039,0.069598,0.064927,0.053353,0.041703,0.034720,0.023303,0.016331,0.011708,0.006534,0.004047,0.002303,
0.119246,0.119010,0.115767,0.113835,0.110114,0.103480,0.099076,0.093281,0.084755,0.076206,0.067625,0.058491,0.049140,0.040644,0.030755,0.021824,0.014723,0.008980,0.005567,0.003496,0.002153,
0.121832,0.115298,0.115856,0.111648,0.108194,0.103677,0.097599,0.091049,0.083742,0.075954,0.067010,0.058462,0.048572,0.039567,0.030210,0.021460,0.014750,0.009093,0.005736,0.003753,0.002760,
0.117452,0.113716,0.112166,0.110061,0.104674,0.101776,0.095242,0.088512,0.081869,0.074504,0.065364,0.057367,0.046586,0.038724,0.030211,0.021690,0.014928,0.009624,0.006281,0.004087,0.002678,
0.114881,0.109929,0.108389,0.106810,0.102675,0.097848,0.092662,0.086227,0.079535,0.071682,0.063542,0.054082,0.047203,0.038334,0.029878,0.021852,0.015377,0.010242,0.006841,0.004745,0.003051,
0.109656,0.105448,0.103759,0.101620,0.097527,0.093385,0.088377,0.082290,0.076454,0.069070,0.061158,0.053432,0.045240,0.036907,0.029126,0.021877,0.015996,0.011146,0.007503,0.005147,0.003429,
0.105085,0.099750,0.098842,0.096029,0.092253,0.087546,0.083660,0.077884,0.072272,0.065448,0.058436,0.051501,0.043451,0.035349,0.028341,0.021813,0.015783,0.011329,0.008162,0.005763,0.003811,
0.098116,0.091975,0.092519,0.089430,0.087018,0.081959,0.078700,0.072962,0.067717,0.061457,0.054919,0.048369,0.041215,0.034027,0.027418,0.021627,0.016646,0.012534,0.009327,0.006543,0.004485,
0.087327,0.085816,0.085919,0.082980,0.080215,0.077331,0.072800,0.068534,0.063402,0.057455,0.051454,0.044909,0.039206,0.033152,0.027469,0.022551,0.018100,0.014492,0.011342,0.008061,0.004913,
0.081837,0.079038,0.079121,0.076255,0.074889,0.071439,0.067445,0.063608,0.058757,0.053432,0.048727,0.043152,0.038153,0.033090,0.028280,0.024042,0.020102,0.016720,0.013259,0.009064,0.006093,
0.077491,0.071782,0.071664,0.070284,0.068275,0.065284,0.062350,0.058907,0.054603,0.050164,0.045899,0.041721,0.037583,0.033402,0.029577,0.025816,0.022560,0.019354,0.015615,0.010548,0.006632,
0.071299,0.065362,0.064701,0.063693,0.062257,0.059687,0.057085,0.054031,0.050830,0.047271,0.044017,0.040592,0.037521,0.034285,0.031596,0.028636,0.026362,0.023387,0.018998,0.013069,0.007826,
0.063660,0.058425,0.057917,0.057203,0.056239,0.053834,0.052014,0.049390,0.047062,0.044826,0.042589,0.040225,0.038149,0.036093,0.034849,0.033317,0.031383,0.028047,0.023077,0.014532,0.008212,
0.056034,0.050926,0.051000,0.050912,0.049820,0.048475,0.046621,0.045541,0.044063,0.042949,0.042386,0.040784,0.040219,0.040011,0.040250,0.039938,0.037597,0.034536,0.027215,0.017028,0.008774,
0.045547,0.044447,0.043929,0.043481,0.043695,0.043379,0.042410,0.042017,0.042193,0.042525,0.042612,0.042686,0.044690,0.045888,0.047393,0.046740,0.047157,0.042434,0.031980,0.017646,0.009022,
0.038464,0.036373,0.036364,0.037090,0.038577,0.038276,0.038696,0.039476,0.041068,0.042365,0.044564,0.047602,0.051545,0.052998,0.055968,0.058796,0.056273,0.050088,0.034983,0.018662,0.007372,
0.034831,0.030122,0.030723,0.032933,0.033948,0.034197,0.036444,0.039615,0.042298,0.044847,0.049091,0.055391,0.059482,0.062345,0.070551,0.069695,0.067478,0.052003,0.034612,0.015178,0.005433,
nan,0.025604,0.027327,0.028852,0.032239,0.033017,0.036483,0.040886,0.045931,0.049570,0.057220,0.065315,0.070021,0.077923,0.080561,0.081756,0.068811,0.053382,0.028225,0.011401,0.004207,
nan,0.026673,nan,0.029460,0.031413,0.032934,0.040955,0.044567,0.051104,0.058731,0.066361,0.068684,0.082591,0.085388,0.088852,0.079872,0.077177,0.043778,0.022427,0.005051,0.002649,
nan,0.121949,0.123077,0.118463,0.107861,0.107085,0.094592,0.095044,0.090652,0.083130,0.070603,0.063008,0.051860,0.041109,0.035138,0.022821,0.017922,0.009971,0.005968,0.004204,0.002191,
0.126183,0.118414,0.117397,0.114227,0.107966,0.105719,0.100064,0.091096,0.087243,0.075906,0.067375,0.057635,0.048210,0.038373,0.030073,0.021933,0.014262,0.008840,0.005478,0.003483,0.002280,
0.121265,0.117879,0.115294,0.113665,0.109357,0.103012,0.099246,0.091955,0.083669,0.075289,0.066285,0.059599,0.048358,0.039456,0.029870,0.021939,0.014810,0.009212,0.005577,0.003841,0.002602,
0.119802,0.114685,0.112196,0.111158,0.106878,0.101051,0.095078,0.090047,0.083034,0.074240,0.065881,0.056493,0.047551,0.039190,0.030181,0.022397,0.015045,0.010012,0.006185,0.004323,0.002727,
0.117792,0.109075,0.109333,0.105860,0.101716,0.097186,0.092899,0.086253,0.079998,0.071933,0.063827,0.056160,0.047625,0.038692,0.029875,0.022615,0.015765,0.010364,0.006615,0.004458,0.002837,
0.112768,0.104520,0.104295,0.101254,0.098468,0.092892,0.089069,0.082683,0.076424,0.069257,0.061564,0.053650,0.044866,0.036329,0.028500,0.021087,0.014808,0.010232,0.006959,0.004659,0.003338,
0.109542,0.098226,0.097918,0.095082,0.092715,0.088952,0.083812,0.078724,0.072011,0.064927,0.057423,0.050225,0.042663,0.034830,0.027577,0.021203,0.015226,0.011113,0.008017,0.005538,0.003620,
0.097774,0.091504,0.091066,0.089545,0.087162,0.084106,0.078306,0.073779,0.067812,0.060735,0.054435,0.047095,0.040699,0.033817,0.027506,0.021544,0.016545,0.012361,0.009287,0.006497,0.003888,
0.090547,0.085394,0.084404,0.083477,0.081276,0.077164,0.072535,0.068438,0.062695,0.057281,0.051693,0.045496,0.039426,0.033504,0.027636,0.022617,0.017476,0.013652,0.010159,0.006758,0.004858,
0.084602,0.078639,0.077831,0.076630,0.074732,0.070883,0.067053,0.062727,0.058463,0.053850,0.048454,0.042872,0.038667,0.032989,0.027493,0.022790,0.018674,0.015063,0.011835,0.008538,0.005416,
0.076173,0.072022,0.071262,0.070089,0.067977,0.065237,0.061530,0.057622,0.054301,0.050428,0.045760,0.041448,0.036806,0.032392,0.028206,0.024296,0.020828,0.017934,0.014032,0.009658,0.006036,
0.067114,0.064738,0.063881,0.063873,0.061803,0.059371,0.056208,0.053596,0.050503,0.047172,0.043884,0.040063,0.035964,0.032863,0.029694,0.026646,0.023832,0.020517,0.016769,0.011020,0.006673,
0.060482,0.057797,0.057840,0.057192,0.055729,0.053888,0.051053,0.049284,0.047295,0.044947,0.042008,0.039170,0.036769,0.034523,0.032628,0.030122,0.028077,0.024782,0.019724,0.012651,0.007028,
0.055124,0.051356,0.051091,0.050498,0.049695,0.048038,0.046297,0.045420,0.043875,0.042888,0.040562,0.039582,0.038433,0.036899,0.035628,0.035272,0.033227,0.029013,0.022911,0.014548,0.007859,
0.045553,0.043204,0.043925,0.044752,0.043584,0.042374,0.041533,0.041447,0.041435,0.040698,0.040611,0.041061,0.040903,0.041346,0.042187,0.041071,0.038702,0.035384,0.025733,0.015149,0.007672,
0.041140,0.036421,0.037594,0.037886,0.037873,0.037403,0.037656,0.039172,0.040525,0.040159,0.041818,0.043062,0.045131,0.048369,0.048515,0.048039,0.048511,0.039274,0.028433,0.015712,0.006788,
0.032768,0.029146,0.030712,0.032530,0.032897,0.033704,0.035540,0.037130,0.039980,0.042284,0.045250,0.048014,0.053485,0.055799,0.057133,0.058699,0.052593,0.043378,0.029480,0.012833,0.004963,
0.025509,0.028194,0.027080,0.029058,0.030606,0.032995,0.034722,0.039577,0.042191,0.047048,0.049482,0.055824,0.061935,0.064683,0.069061,0.062765,0.055833,0.043920,0.023577,0.010060,0.004118,
nan,nan,0.023963,0.025794,0.033264,0.032954,0.037660,0.044551,0.051467,0.049295,0.059235,0.065585,0.064987,0.068361,0.070658,0.063092,0.057135,0.035949,0.019812,0.006574,0.002092,
nan,0.119918,0.115800,0.121239,0.114849,0.108111,0.104283,0.090979,0.090579,0.080722,0.068464,0.060661,0.052266,0.043595,0.029123,0.023585,0.015983,0.009315,0.005700,0.003933,0.002190,
0.125320,0.117512,0.117711,0.114557,0.111063,0.105715,0.099707,0.092734,0.086172,0.075942,0.066891,0.058502,0.048593,0.038815,0.029336,0.021628,0.014107,0.008711,0.005005,0.003588,0.002155,
0.120043,0.117099,0.114435,0.112306,0.107820,0.104222,0.098079,0.091108,0.083766,0.076551,0.067819,0.057669,0.048134,0.039614,0.030166,0.021556,0.014927,0.009048,0.005934,0.003844,0.002495,
0.121225,0.113163,0.112654,0.109797,0.104606,0.102124,0.096116,0.089600,0.082497,0.075043,0.066072,0.056772,0.049155,0.039444,0.030808,0.022672,0.015377,0.010078,0.006094,0.004275,0.002620,
0.109515,0.110233,0.108544,0.106119,0.102577,0.097890,0.092565,0.086740,0.079393,0.072202,0.064336,0.054781,0.046554,0.037219,0.028804,0.020853,0.014510,0.009374,0.005992,0.004099,0.002856,
0.105411,0.105150,0.103054,0.101497,0.097953,0.094697,0.088488,0.082848,0.075590,0.068306,0.059996,0.052571,0.044039,0.035341,0.028089,0.021048,0.014730,0.010199,0.007032,0.004864,0.003294,
0.096347,0.099230,0.097287,0.096966,0.093363,0.088926,0.083185,0.078057,0.071703,0.064445,0.057843,0.049593,0.042489,0.034805,0.028033,0.021593,0.015957,0.011230,0.007692,0.005349,0.003429,
0.096707,0.093159,0.092006,0.090329,0.087048,0.082642,0.077718,0.072885,0.067000,0.061417,0.055253,0.048205,0.041263,0.034573,0.027624,0.021525,0.015552,0.011431,0.008153,0.005600,0.003966,
0.086107,0.086321,0.084725,0.083317,0.080878,0.076690,0.072365,0.067467,0.063092,0.057652,0.051853,0.045587,0.039784,0.033056,0.026340,0.020972,0.016285,0.012732,0.009720,0.006907,0.004379,
0.079575,0.078024,0.078425,0.076775,0.073775,0.070527,0.067037,0.062897,0.058758,0.054176,0.048738,0.042779,0.036973,0.031453,0.026622,0.022046,0.017857,0.014284,0.010717,0.007317,0.004747,
0.074718,0.071920,0.071515,0.070069,0.067803,0.064412,0.061343,0.058238,0.054658,0.050438,0.045569,0.040457,0.035608,0.031513,0.027479,0.023121,0.019286,0.015856,0.012380,0.008908,0.005319,
0.068056,0.065413,0.064918,0.063705,0.061763,0.058523,0.056478,0.053893,0.050667,0.047060,0.042752,0.038761,0.035837,0.031777,0.028377,0.024782,0.021942,0.018298,0.014565,0.009395,0.005842,
0.060432,0.058220,0.058213,0.057463,0.055404,0.053196,0.051583,0.049529,0.046683,0.043786,0.040557,0.038340,0.035385,0.032603,0.030200,0.027862,0.024238,0.021514,0.016468,0.011062,0.006348,
0.054096,0.051343,0.051043,0.050640,0.049231,0.047781,0.046276,0.045172,0.043314,0.040781,0.039352,0.037926,0.035965,0.034775,0.032709,0.030610,0.029116,0.024586,0.019639,0.012086,0.006758,
0.047610,0.043366,0.044157,0.043952,0.042653,0.041923,0.041965,0.040929,0.039815,0.039688,0.038690,0.037852,0.038015,0.037720,0.036204,0.036312,0.032458,0.030141,0.021362,0.013290,0.006484,
0.036956,0.035697,0.037482,0.037867,0.037161,0.036708,0.037871,0.037810,0.038080,0.038931,0.038652,0.040318,0.041198,0.041307,0.043417,0.039805,0.039876,0.032182,0.023845,0.012698,0.005948,
0.034255,0.027375,0.030951,0.031856,0.031277,0.033769,0.034520,0.035501,0.037870,0.039329,0.040871,0.043995,0.044509,0.049300,0.047548,0.049150,0.041671,0.036415,0.023726,0.011218,0.004587,
0.028339,0.025227,0.027556,0.027910,0.029519,0.032800,0.033373,0.037121,0.038794,0.041420,0.047339,0.046612,0.052398,0.053413,0.057883,0.050757,0.047185,0.035925,0.020224,0.009068,0.003515,
nan,nan,0.026917,0.027706,nan,0.030907,0.038939,0.038023,0.039591,0.047006,0.047450,0.052600,0.052528,0.060204,0.059723,0.057205,0.046213,0.030097,0.018205,0.007053,0.002180,
nan,0.123211,0.120803,0.118015,0.113068,0.107517,0.101081,0.096720,0.085014,0.080884,0.076115,0.061734,0.059202,0.041701,0.035112,0.023291,0.015533,0.011069,0.005962,0.003946,0.002098,
0.118197,0.118069,0.116850,0.113322,0.109994,0.105149,0.096580,0.092974,0.085713,0.075486,0.066151,0.058074,0.048407,0.038592,0.029348,0.021165,0.014184,0.008692,0.005262,0.003329,0.002467,
0.122431,0.116772,0.115401,0.114021,0.108843,0.104026,0.096631,0.092229,0.085399,0.077306,0.066914,0.058643,0.048636,0.040912,0.031739,0.022573,0.015236,0.010014,0.006159,0.003783,0.002472,
0.117328,0.114241,0.112226,0.110329,0.106290,0.101105,0.095328,0.089972,0.082659,0.075041,0.066119,0.058214,0.048004,0.039326,0.030007,0.022056,0.014914,0.009026,0.005815,0.003658,0.002379,
0.115682,0.111555,0.108160,0.105948,0.103306,0.097729,0.092837,0.086399,0.079500,0.071032,0.062536,0.054475,0.046099,0.036668,0.028282,0.020982,0.014438,0.009446,0.006210,0.004116,0.002901,
0.106891,0.106731,0.104319,0.102880,0.098822,0.093547,0.087722,0.081975,0.075907,0.068694,0.060483,0.052611,0.044602,0.036468,0.029194,0.022186,0.015830,0.010564,0.006878,0.004769,0.002952,
0.105462,0.100156,0.098695,0.096346,0.092808,0.088365,0.082822,0.078409,0.071213,0.064970,0.058178,0.050895,0.044027,0.035829,0.027885,0.020592,0.014543,0.009934,0.007019,0.004666,0.003465,
0.094964,0.093484,0.092197,0.089961,0.086142,0.082214,0.078718,0.072740,0.067981,0.062169,0.055370,0.047861,0.040616,0.033192,0.026326,0.020359,0.015194,0.011375,0.008304,0.005714,0.003524,
0.087891,0.085717,0.085913,0.083283,0.079933,0.076232,0.072719,0.068269,0.063351,0.057796,0.051165,0.044485,0.038094,0.032031,0.026597,0.021292,0.016232,0.012091,0.008607,0.005662,0.004096,
0.080934,0.079519,0.079090,0.076568,0.073679,0.070302,0.067212,0.063411,0.058979,0.053572,0.047866,0.042416,0.036937,0.031902,0.026365,0.020810,0.016475,0.012898,0.009958,0.007250,0.004283,
0.076239,0.072661,0.072441,0.069952,0.067267,0.064816,0.062375,0.058994,0.054018,0.049353,0.045026,0.040650,0.036214,0.030724,0.025891,0.021682,0.018157,0.014533,0.011152,0.007215,0.004666,
0.067283,0.065647,0.065178,0.063353,0.061160,0.059396,0.057260,0.053784,0.049961,0.046124,0.042730,0.038885,0.034342,0.030460,0.026914,0.023290,0.019654,0.016546,0.012729,0.008511,0.005106,
0.060900,0.058039,0.058200,0.057230,0.054940,0.053468,0.052053,0.048555,0.045580,0.043311,0.040566,0.036962,0.034023,0.031008,0.027814,0.025124,0.022166,0.018586,0.014532,0.009680,0.005853,
0.053710,0.051068,0.051442,0.050723,0.048750,0.048012,0.046834,0.043852,0.042340,0.040975,0.038167,0.036003,0.034064,0.031904,0.030100,0.027326,0.024924,0.021555,0.016328,0.010275,0.005923,
0.045621,0.044188,0.044013,0.043719,0.042772,0.042475,0.041415,0.039490,0.039750,0.038145,0.036616,0.036069,0.035005,0.034489,0.032418,0.031469,0.028613,0.024836,0.018218,0.011230,0.005617,
0.038095,0.036081,0.038442,0.036794,0.036067,0.036866,0.036862,0.036620,0.037178,0.036163,0.036682,0.036411,0.037539,0.036677,0.037281,0.035054,0.032542,0.026097,0.020235,0.011192,0.005419,
0.029090,0.029350,0.031709,0.031600,0.031665,0.033090,0.033080,0.034287,0.035135,0.036669,0.037615,0.039506,0.040291,0.041794,0.041084,0.041222,0.034954,0.030957,0.020389,0.010265,0.004411,
0.028009,0.028826,0.026637,0.027256,0.030193,0.029700,0.032226,0.034305,0.035468,0.038481,0.040394,0.043799,0.044407,0.047143,0.046117,0.041439,0.039164,0.030047,0.017632,0.008098,0.003422,
nan,0.025292,0.028863,nan,0.028265,0.034579,0.029861,0.040342,0.041407,0.038962,0.047855,0.046457,0.051316,0.049256,0.050319,0.048229,0.038758,0.028559,0.017513,0.005487,0.001868,
nan,0.121156,0.121530,0.116181,0.108306,0.104303,0.102399,0.095064,0.084225,0.082117,0.069189,0.058082,0.052287,0.043486,0.033998,0.023071,0.015037,0.009405,0.005574,0.003894,0.002522,
0.119627,0.119709,0.117034,0.116417,0.109758,0.103769,0.098606,0.090590,0.082931,0.075575,0.067985,0.056789,0.047333,0.039084,0.028868,0.021600,0.013913,0.008520,0.005016,0.003463,0.002473,
0.118173,0.117896,0.115941,0.112425,0.109732,0.103916,0.098409,0.092856,0.086149,0.077683,0.068787,0.059888,0.049823,0.041350,0.031440,0.023042,0.015574,0.009943,0.005850,0.004017,0.002421,
0.116883,0.115750,0.112362,0.110119,0.106230,0.102221,0.097198,0.089362,0.080966,0.073853,0.065211,0.055669,0.047108,0.037829,0.027936,0.020467,0.013608,0.008637,0.005395,0.003537,0.002875,
0.110683,0.112111,0.109498,0.108496,0.103186,0.098604,0.091848,0.085615,0.078908,0.071132,0.062744,0.054940,0.046009,0.037260,0.029238,0.021510,0.015306,0.010261,0.006565,0.004425,0.002836,
0.106460,0.106631,0.104886,0.102872,0.097047,0.093410,0.087480,0.083363,0.075003,0.068711,0.061809,0.053503,0.046226,0.037186,0.028350,0.020832,0.014085,0.009335,0.006090,0.004096,0.002937,
0.102238,0.100619,0.098669,0.095703,0.091719,0.088222,0.083945,0.077978,0.072546,0.066087,0.058535,0.049754,0.041891,0.033913,0.026524,0.020234,0.014609,0.010491,0.007268,0.005058,0.002991,
0.090309,0.093520,0.092114,0.090025,0.086263,0.082079,0.078629,0.073539,0.068017,0.061024,0.053945,0.046720,0.040105,0.034050,0.027025,0.021194,0.015201,0.010475,0.007229,0.004693,0.003489,
0.087716,0.085541,0.086091,0.083241,0.079519,0.076994,0.073274,0.068473,0.062604,0.056858,0.051163,0.045682,0.038885,0.032320,0.025678,0.019550,0.014755,0.011372,0.008459,0.005886,0.003601,
0.081346,0.077935,0.078907,0.076401,0.073134,0.071831,0.068123,0.062892,0.058057,0.053105,0.048580,0.042528,0.036625,0.030295,0.025234,0.020596,0.016092,0.012045,0.008717,0.006024,0.003857,
0.075092,0.071272,0.072009,0.069592,0.067166,0.065789,0.061909,0.057410,0.054115,0.050214,0.045060,0.039538,0.034604,0.030334,0.025750,0.020728,0.016716,0.013266,0.010080,0.006642,0.004433,
0.069739,0.064777,0.065892,0.063060,0.061067,0.060182,0.056000,0.052783,0.049812,0.046467,0.041650,0.037302,0.034102,0.029541,0.025230,0.021732,0.018120,0.014577,0.011143,0.007701,0.004606,
0.059588,0.058421,0.059220,0.056159,0.055166,0.054095,0.050623,0.048362,0.046531,0.042424,0.038826,0.036362,0.032602,0.029564,0.026158,0.022847,0.019595,0.016482,0.012638,0.008265,0.004825,
0.054612,0.050449,0.052486,0.049397,0.048975,0.048180,0.045144,0.044232,0.042465,0.039026,0.037420,0.034968,0.032218,0.030152,0.027413,0.025347,0.021763,0.019122,0.013970,0.009007,0.005229,
0.043828,0.042875,0.045168,0.042410,0.042942,0.042097,0.040158,0.040094,0.037993,0.036695,0.035686,0.033968,0.033077,0.031016,0.029515,0.026914,0.025138,0.020541,0.015561,0.009695,0.005076,
0.039185,0.036769,0.038217,0.036402,0.037135,0.036441,0.035525,0.035911,0.035032,0.035637,0.034349,0.034174,0.033410,0.033416,0.031958,0.031106,0.027442,0.022570,0.017457,0.009631,0.004972,
nan,0.029649,0.032521,0.031345,0.032235,0.031627,0.032336,0.033246,0.034040,0.034036,0.034725,0.035337,0.036003,0.035306,0.036212,0.034308,0.029359,0.025516,0.017460,0.009271,0.004284,
nan,0.024947,0.027821,0.026872,0.028885,0.031144,0.030795,0.032549,0.034283,0.035396,0.036053,0.039149,0.037993,0.041000,0.038344,0.035961,0.032868,0.025589,0.016711,0.007281,0.003101,
nan,0.024016,0.027414,0.028174,0.029635,nan,0.033472,0.035585,0.035353,0.039848,0.039093,0.039338,0.042914,0.042728,0.037459,0.041743,0.032798,0.021548,0.016968,0.006576,0.002231,
nan,0.120133,0.119415,0.112915,0.108542,0.101927,0.102083,0.089853,0.087571,0.079525,0.076159,0.065008,0.050252,0.043672,0.030369,0.024979,0.018043,0.009262,0.004679,0.003520,0.002841,
0.122342,0.118294,0.118500,0.114853,0.111240,0.103923,0.099440,0.092011,0.085660,0.076367,0.067852,0.058308,0.049160,0.039289,0.030100,0.021445,0.014776,0.008524,0.005329,0.003534,0.002525,
0.121156,0.117575,0.113664,0.113553,0.108155,0.105020,0.098481,0.092952,0.086242,0.077070,0.068343,0.058899,0.049600,0.039570,0.031084,0.022277,0.014755,0.009297,0.005399,0.003645,0.002226,
0.120057,0.116308,0.113648,0.111469,0.107512,0.100982,0.094948,0.089260,0.081903,0.073114,0.064214,0.055004,0.047078,0.037155,0.029390,0.021243,0.014356,0.009120,0.005671,0.003796,0.002557,
0.117180,0.110498,0.109936,0.107104,0.101828,0.096922,0.091885,0.086028,0.079487,0.072072,0.063863,0.057628,0.048198,0.038840,0.030880,0.022089,0.015257,0.009478,0.005809,0.003834,0.002467,
0.111098,0.105247,0.104022,0.100333,0.097248,0.092893,0.088918,0.082829,0.076625,0.069587,0.061517,0.052137,0.043331,0.034912,0.026975,0.019608,0.014078,0.009419,0.006549,0.004488,0.002812,
0.103823,0.099822,0.098672,0.095742,0.092253,0.088345,0.084987,0.078550,0.071690,0.064539,0.056738,0.049282,0.042668,0.035538,0.028326,0.021622,0.014738,0.009896,0.006303,0.004106,0.003062,
0.098508,0.093307,0.092950,0.088960,0.086300,0.083622,0.078912,0.072924,0.066690,0.060966,0.055096,0.048517,0.041138,0.033379,0.025805,0.019169,0.013901,0.010366,0.007452,0.005149,0.003203,
0.089480,0.086330,0.086080,0.082338,0.080393,0.078187,0.072768,0.067512,0.063358,0.057708,0.052122,0.044590,0.037341,0.031156,0.025657,0.020393,0.014933,0.010631,0.007154,0.005049,0.003380,
0.082368,0.079318,0.079135,0.076034,0.074424,0.071715,0.066432,0.063047,0.059347,0.053794,0.047235,0.041436,0.036698,0.031257,0.025133,0.019075,0.014682,0.011492,0.008309,0.005457,0.003700,
0.072003,0.072413,0.072898,0.069530,0.068099,0.065152,0.061171,0.058261,0.054169,0.049055,0.044288,0.040061,0.034548,0.028900,0.024267,0.020431,0.015878,0.011977,0.008926,0.006329,0.003910,
0.066444,0.065213,0.065986,0.063074,0.061813,0.059007,0.055990,0.053872,0.049553,0.045008,0.042033,0.037270,0.032333,0.028821,0.024498,0.020139,0.016605,0.013165,0.009923,0.006702,0.004354,
0.060499,0.058553,0.058866,0.056323,0.055668,0.052717,0.050866,0.048709,0.044831,0.042496,0.038947,0.035034,0.031796,0.028173,0.024609,0.021274,0.017693,0.014460,0.010865,0.007286,0.004224,
0.053058,0.050639,0.051793,0.049751,0.049680,0.046263,0.046666,0.043434,0.040921,0.039402,0.035924,0.033754,0.031124,0.028394,0.025133,0.022700,0.019484,0.016560,0.012335,0.008102,0.004511,
0.047806,0.044271,0.043895,0.043095,0.043324,0.040074,0.041492,0.038410,0.038053,0.035795,0.033954,0.032457,0.030690,0.028002,0.027189,0.023723,0.021724,0.017005,0.013434,0.008391,0.004587,
0.037298,0.037471,0.036498,0.036158,0.037016,0.035701,0.035936,0.034121,0.034617,0.032981,0.032803,0.032068,0.030134,0.029969,0.028065,0.027196,0.023799,0.019528,0.015208,0.008453,0.004530,
0.027811,0.030708,0.030837,0.030901,0.031294,0.031173,0.031462,0.031931,0.031757,0.031604,0.032291,0.031734,0.032339,0.030253,0.031338,0.028869,0.024949,0.021964,0.014981,0.008467,0.003971,
0.031495,0.025254,0.026874,0.028587,0.027052,0.029036,0.029070,0.030216,0.030726,0.031877,0.033318,0.032945,0.033947,0.034616,0.032792,0.030099,0.028737,0.021159,0.014731,0.007080,0.003250,
nan,0.024522,nan,0.029232,0.025927,0.026770,nan,0.030875,nan,0.035754,0.034759,0.038595,0.038039,0.032678,0.034307,0.034026,0.029039,0.020734,0.015741,0.007374,0.003173,
nan,0.117936,0.114070,0.113564,0.113340,0.106476,0.102509,0.095335,0.089623,0.077505,0.069006,0.063762,0.050431,0.038185,0.030007,0.020686,0.014623,0.010063,0.004878,0.003860,0.002227,
0.119281,0.120231,0.117260,0.114250,0.109950,0.103842,0.100756,0.093261,0.084616,0.076707,0.066963,0.060189,0.048498,0.038890,0.030503,0.021592,0.015090,0.009283,0.005655,0.003689,0.002491,
0.122091,0.119221,0.115654,0.113954,0.109525,0.105100,0.098648,0.091344,0.084268,0.076313,0.067446,0.057420,0.048471,0.038952,0.029103,0.020959,0.013750,0.008396,0.004959,0.003313,0.002074,
0.124199,0.115425,0.115001,0.111340,0.105118,0.101399,0.095110,0.088261,0.080848,0.073858,0.065499,0.058051,0.048714,0.039661,0.030413,0.023477,0.015795,0.010078,0.006120,0.004076,0.002361,
0.117054,0.110423,0.109290,0.105306,0.101372,0.097649,0.092304,0.088014,0.080565,0.072978,0.064199,0.054779,0.046153,0.036460,0.027551,0.019774,0.013044,0.008308,0.005422,0.003549,0.002837,
0.111192,0.105394,0.104393,0.101619,0.097870,0.094210,0.089716,0.082650,0.075357,0.067888,0.059849,0.051912,0.044526,0.036464,0.028720,0.022052,0.015246,0.009807,0.006077,0.003933,0.002465,
0.101965,0.099640,0.099589,0.094823,0.092445,0.089640,0.083735,0.077042,0.071917,0.065030,0.059325,0.051296,0.043522,0.034943,0.025962,0.018864,0.013299,0.009347,0.006611,0.004629,0.002793,
0.094775,0.093086,0.092569,0.089390,0.087615,0.083585,0.077584,0.073160,0.068693,0.062307,0.054915,0.046772,0.038794,0.032884,0.026779,0.020709,0.014421,0.009635,0.006284,0.004058,0.003057,
0.088434,0.086266,0.085303,0.082633,0.081414,0.076770,0.072385,0.068922,0.063728,0.056688,0.050164,0.044809,0.039049,0.031984,0.024892,0.018192,0.014011,0.010478,0.007173,0.004750,0.002975,
0.078082,0.079379,0.078104,0.076297,0.074908,0.070136,0.067522,0.063324,0.057965,0.052572,0.048377,0.042426,0.035452,0.029528,0.024623,0.019932,0.014238,0.010151,0.007471,0.005471,0.003310,
0.074798,0.072449,0.070824,0.069763,0.068311,0.063987,0.062397,0.057984,0.053116,0.049607,0.044434,0.038473,0.033661,0.029187,0.023553,0.018538,0.014991,0.011269,0.007948,0.005721,0.003570,
0.067354,0.065877,0.064322,0.063913,0.061891,0.058429,0.057185,0.052339,0.049721,0.045928,0.040343,0.036904,0.032559,0.027350,0.023664,0.019294,0.015198,0.012137,0.008913,0.005763,0.003778,
0.059565,0.058588,0.057727,0.057603,0.055720,0.052947,0.051487,0.047403,0.045712,0.041439,0.038498,0.034862,0.030651,0.027209,0.023257,0.019842,0.016302,0.013207,0.009752,0.006610,0.003812,
0.052616,0.051871,0.050992,0.050998,0.048762,0.047472,0.045402,0.043278,0.041450,0.037668,0.035893,0.032487,0.030143,0.026405,0.023723,0.020583,0.017367,0.014085,0.010759,0.007032,0.004175,
0.044810,0.044288,0.043309,0.045227,0.041487,0.042369,0.039326,0.039101,0.036831,0.034894,0.032862,0.031290,0.028567,0.026338,0.024493,0.021373,0.019400,0.014919,0.012048,0.007264,0.004262,
0.038048,0.035999,0.035971,0.037497,0.034762,0.036420,0.033917,0.035066,0.032962,0.032005,0.031228,0.029621,0.029149,0.026800,0.024963,0.023908,0.020313,0.017211,0.013088,0.007451,0.004188,
0.030108,0.031530,0.030301,0.031795,0.029823,0.030935,0.030498,0.030837,0.030235,0.030056,0.030187,0.030258,0.028465,0.028336,0.027203,0.024839,0.021979,0.018795,0.013190,0.007698,0.003756,
0.025771,0.028362,0.026409,0.027464,0.027814,0.027506,0.028901,0.029131,0.029763,0.029940,0.030268,0.030224,0.032193,0.029619,0.028536,0.026386,0.025591,0.018889,0.012843,0.006937,0.003572,
nan,nan,nan,0.026023,0.022042,0.029109,0.031049,0.027363,0.028432,0.031670,0.031808,0.032653,0.029170,0.029914,0.032412,0.029542,0.023308,0.019238,0.014405,0.006680,0.003287,
nan,0.115109,0.111296,0.118256,0.113122,0.103074,0.099870,0.098676,0.089351,0.078396,0.071733,0.064884,0.051341,0.039797,0.032479,0.023269,0.015306,0.008959,0.005216,0.003305,0.001743,
0.124550,0.118518,0.117217,0.113187,0.110406,0.104100,0.101287,0.093415,0.084543,0.077058,0.070154,0.060813,0.051929,0.042308,0.032618,0.024628,0.016494,0.010286,0.005991,0.003965,0.002548,
0.124434,0.118946,0.117201,0.114197,0.109982,0.104367,0.097927,0.091338,0.083224,0.075874,0.065746,0.057336,0.046163,0.037689,0.028233,0.019734,0.013163,0.007945,0.004960,0.003092,0.002386,
0.114778,0.113313,0.111625,0.109995,0.106288,0.100005,0.094846,0.088681,0.082607,0.075870,0.067587,0.059309,0.048881,0.039672,0.030805,0.022263,0.015353,0.009363,0.005518,0.003644,0.002206,
0.116557,0.110486,0.109029,0.106346,0.102271,0.099077,0.093793,0.086572,0.079423,0.071453,0.061907,0.052822,0.044471,0.035691,0.028097,0.020952,0.014953,0.009901,0.006349,0.004182,0.002537,
0.109393,0.105724,0.104179,0.101138,0.099126,0.094028,0.088144,0.081699,0.075574,0.068922,0.062216,0.053867,0.046192,0.037128,0.027922,0.020037,0.012885,0.008137,0.005407,0.003610,0.002798,
0.104571,0.099395,0.097241,0.095701,0.093592,0.088374,0.082776,0.078475,0.073167,0.065718,0.057470,0.049306,0.040878,0.033949,0.027564,0.021194,0.014668,0.009635,0.006006,0.003763,0.002655,
0.098363,0.093092,0.089997,0.090088,0.087314,0.081783,0.079275,0.074484,0.067501,0.060221,0.053808,0.048432,0.041008,0.033539,0.025277,0.018242,0.013266,0.009862,0.006761,0.004421,0.002739,
0.090675,0.088733,0.083503,0.083993,0.080082,0.076032,0.074270,0.067783,0.061911,0.057722,0.051951,0.044374,0.036997,0.030613,0.025876,0.019655,0.013390,0.009032,0.006409,0.004776,0.002967,
0.081119,0.081566,0.076860,0.077114,0.073142,0.071272,0.067789,0.062424,0.059111,0.053571,0.046796,0.040641,0.036303,0.029992,0.023380,0.018478,0.014390,0.010155,0.006745,0.004704,0.003042,
0.076067,0.074410,0.070211,0.071336,0.066663,0.065870,0.061685,0.057299,0.054835,0.048459,0.043460,0.039654,0.033066,0.027929,0.023771,0.018194,0.013801,0.010555,0.007412,0.004754,0.003292,
0.066469,0.067024,0.063189,0.064818,0.060339,0.059971,0.055271,0.053342,0.049391,0.044794,0.041668,0.035981,0.031725,0.027302,0.022311,0.018705,0.014398,0.010814,0.008125,0.005426,0.003341,
0.062390,0.060199,0.056134,0.058318,0.053658,0.053888,0.049688,0.049208,0.044293,0.041846,0.037340,0.034324,0.030388,0.025859,0.022256,0.018668,0.015125,0.011995,0.008820,0.005979,0.003616,
0.049737,0.053634,0.049298,0.051419,0.047619,0.047683,0.044882,0.043364,0.040312,0.037846,0.034713,0.032064,0.028292,0.025154,0.022351,0.018916,0.016037,0.012403,0.009542,0.006232,0.003798,
0.046687,0.046792,0.042194,0.044060,0.041352,0.040987,0.040411,0.037303,0.037154,0.033651,0.032131,0.029493,0.027665,0.025245,0.022179,0.019721,0.017165,0.013642,0.010698,0.006605,0.003895,
0.038396,0.040032,0.034627,0.037037,0.036119,0.034857,0.035328,0.032848,0.032314,0.030926,0.029386,0.028357,0.026735,0.024432,0.023345,0.021025,0.017531,0.015467,0.011399,0.006683,0.003966,
0.029959,0.031112,0.029416,0.031033,0.030852,0.029612,0.030814,0.029924,0.028935,0.029112,0.027935,0.027339,0.026123,0.025985,0.023970,0.021591,0.020003,0.016439,0.011835,0.007327,0.003704,
0.025425,0.029980,0.024198,0.026430,0.027551,0.027402,0.027775,0.026782,0.027720,0.026937,0.027153,0.027690,0.027397,0.026159,0.024219,0.023304,0.020961,0.016896,0.011651,0.006929,0.003827,
nan,0.024466,0.023908,nan,0.025694,nan,0.030997,0.027458,0.025122,0.029075,0.029364,0.027333,0.026019,0.027168,0.027477,0.024091,0.019892,0.016803,0.012859,0.006227,0.002734,
nan,0.121086,0.122276,0.114233,0.110635,0.103258,0.102740,0.095604,0.084972,0.078853,0.067482,0.062284,0.045441,0.039402,0.028558,0.020529,0.011885,0.007482,0.005311,0.003916,0.002333,
0.123119,0.119118,0.118918,0.115487,0.109397,0.107192,0.102171,0.096431,0.089947,0.079006,0.069798,0.062258,0.050856,0.041658,0.032727,0.023820,0.016580,0.010181,0.006245,0.003945,0.002329,
0.117012,0.117067,0.115102,0.113910,0.109478,0.102662,0.097143,0.089820,0.081704,0.073502,0.065026,0.055075,0.046896,0.037682,0.028263,0.020591,0.013439,0.008494,0.005303,0.003375,0.002442,
0.118174,0.114645,0.113994,0.109117,0.105109,0.102544,0.096926,0.091817,0.084587,0.075033,0.066041,0.058170,0.047978,0.037352,0.028734,0.020194,0.013378,0.008221,0.004909,0.003087,nan,
0.115361,0.110719,0.108845,0.106156,0.102993,0.098946,0.092246,0.085495,0.077657,0.070332,0.063571,0.055783,0.047813,0.039317,0.031094,0.022454,0.014966,0.009148,0.005341,0.003520,0.002312,
0.110494,0.106874,0.102560,0.102119,0.098362,0.093511,0.088223,0.082874,0.077071,0.069575,0.061529,0.051546,0.042765,0.034167,0.026484,0.020196,0.014903,0.010019,0.006173,0.004090,0.002329,
0.102508,0.101610,0.095884,0.097168,0.092985,0.087659,0.084832,0.079343,0.071690,0.064519,0.058070,0.051621,0.043629,0.035534,0.026532,0.018744,0.012600,0.008502,0.005944,0.004182,0.002560,
0.093429,0.095365,0.089444,0.090276,0.085428,0.083385,0.079193,0.072240,0.067077,0.062363,0.055494,0.046689,0.039131,0.032202,0.026576,0.020110,0.013531,0.008680,0.005442,0.003936,0.002696,
0.087657,0.088663,0.082953,0.084277,0.079241,0.078556,0.072285,0.067885,0.064823,0.057088,0.049857,0.045085,0.038823,0.031310,0.023642,0.018118,0.013996,0.009612,0.005985,0.003916,0.002881,
0.082482,0.082773,0.076240,0.077346,0.073356,0.071803,0.066454,0.064097,0.058164,0.052117,0.048052,0.041485,0.034360,0.029859,0.024339,0.017754,0.012823,0.009909,0.006582,0.004132,0.003028,
0.071549,0.075166,0.069544,0.070326,0.067494,0.065131,0.061307,0.058684,0.052775,0.049805,0.043662,0.038347,0.033949,0.027529,0.022298,0.018217,0.013231,0.009481,0.007184,0.004693,0.003332,
0.066979,0.068009,0.062811,0.063680,0.062214,0.058547,0.056884,0.052434,0.049639,0.045062,0.040112,0.036536,0.031055,0.026735,0.022053,0.017249,0.013907,0.010110,0.007361,0.004978,0.003386,
0.057472,0.060635,0.056327,0.056477,0.056354,0.051944,0.051829,0.046563,0.045622,0.040489,0.037831,0.033023,0.029957,0.025049,0.021388,0.017627,0.014022,0.010775,0.007859,0.005361,0.003503,
0.053271,0.053926,0.049033,0.049403,0.050118,0.045647,0.045464,0.042277,0.040024,0.037504,0.033779,0.031599,0.027473,0.024565,0.021125,0.017639,0.014757,0.011225,0.008621,0.005588,0.003643,
0.044724,0.046467,0.042209,0.042404,0.043635,0.039787,0.039188,0.038728,0.034636,0.034413,0.031127,0.028839,0.026291,0.023685,0.020753,0.018391,0.015291,0.012688,0.009419,0.005981,0.003725,
0.035807,0.038945,0.035583,0.035785,0.036387,0.034215,0.033115,0.033830,0.031195,0.030391,0.028555,0.026677,0.024992,0.023033,0.021381,0.018764,0.015961,0.013591,0.010091,0.006295,0.003737,
0.031078,0.032666,0.030231,0.028618,0.030630,0.029985,0.028286,0.028635,0.028375,0.027728,0.026598,0.025558,0.024541,0.023599,0.021504,0.019081,0.017435,0.014733,0.010633,0.006734,0.003787,
nan,0.025572,0.026196,0.024733,0.026190,0.027024,0.026725,0.025830,0.026176,0.025891,0.025768,0.025465,0.024273,0.023284,0.021635,0.021768,0.017908,0.015620,0.010863,0.006891,0.003744,
nan,0.022709,0.023457,nan,nan,0.025723,0.025264,nan,0.024796,0.027006,0.026820,0.025008,0.024513,0.024657,0.022822,0.021529,0.018782,0.014822,0.014776,0.006800,0.003467,
nan,0.114768,0.117615,0.112987,0.113563,0.109458,0.101457,0.095285,0.093625,0.079507,0.071952,0.058618,0.053779,0.039244,0.031555,0.022763,0.015169,0.009521,0.005058,0.003106,0.003027,
0.116215,0.119844,0.117931,0.113846,0.112322,0.106595,0.101319,0.096755,0.088759,0.080874,0.069152,0.061900,0.051181,0.042346,0.032168,0.023202,0.016462,0.009468,0.005730,0.003758,0.002157,
0.117585,0.115391,0.115280,0.113972,0.107533,0.103053,0.098085,0.090907,0.083573,0.075742,0.066590,0.058033,0.050247,0.041774,0.033154,0.023704,0.016644,0.010596,0.006246,0.003800,0.002387,
0.111357,0.116153,0.112501,0.110079,0.107016,0.102852,0.096527,0.090344,0.081837,0.073366,0.064175,0.054676,0.046328,0.036157,0.026853,0.019399,0.012864,0.008346,0.005171,0.003506,0.002456,
0.109886,0.112285,0.107185,0.107238,0.103304,0.097459,0.091563,0.086080,0.080489,0.074125,0.065551,0.055905,0.047166,0.037569,0.027839,0.019787,0.012689,0.007750,0.004898,0.003128,0.002663,
0.108436,0.109483,0.101877,0.102661,0.097611,0.093061,0.089637,0.083730,0.075925,0.067068,0.059395,0.052355,0.045733,0.038182,0.029568,0.021391,0.013665,0.008332,0.005114,0.003144,0.002631,
0.103465,0.102379,0.097248,0.096117,0.091060,0.090113,0.083555,0.076822,0.072346,0.066861,0.059171,0.050346,0.040754,0.032738,0.026735,0.020901,0.014605,0.009321,0.005638,0.003436,nan,
0.094255,0.095241,0.091202,0.089865,0.086378,0.083939,0.077375,0.074238,0.068724,0.060498,0.053557,0.048374,0.041586,0.032988,0.024532,0.017735,0.013632,0.009679,0.006006,0.003782,0.002277,
0.087182,0.087446,0.084382,0.082976,0.081318,0.076738,0.073259,0.068956,0.061899,0.057261,0.052220,0.043645,0.036195,0.031977,0.025444,0.018289,0.012190,0.008990,0.006171,0.004076,0.002397,
0.078900,0.080257,0.077807,0.075626,0.075797,0.069598,0.068607,0.062435,0.058404,0.053573,0.046074,0.041701,0.035567,0.028237,0.022957,0.018554,0.012794,0.008565,0.006236,0.004254,0.002503,
0.073745,0.074789,0.071190,0.068734,0.069077,0.063626,0.062487,0.056702,0.054619,0.047736,0.044710,0.038318,0.032658,0.028280,0.022068,0.016983,0.013226,0.009081,0.006359,0.004453,0.002733,
0.066166,0.067648,0.065036,0.061951,0.062423,0.058980,0.055742,0.052996,0.048619,0.045363,0.040045,0.035710,0.031485,0.025662,0.021747,0.016945,0.013201,0.009542,0.006577,0.004750,0.002902,
0.058019,0.060692,0.059019,0.055172,0.055544,0.054038,0.049320,0.048845,0.043514,0.041619,0.036427,0.033399,0.028490,0.024658,0.020468,0.016844,0.012966,0.009962,0.007260,0.005003,0.003099,
0.053305,0.053040,0.052598,0.048415,0.048492,0.048836,0.043941,0.043029,0.040375,0.036792,0.034251,0.030320,0.027139,0.023732,0.020045,0.016825,0.013642,0.010649,0.007926,0.005087,0.003381,
0.044005,0.045105,0.045724,0.041011,0.041248,0.042212,0.039421,0.036642,0.036127,0.033243,0.030213,0.028261,0.025236,0.022599,0.019695,0.017049,0.013863,0.011166,0.008592,0.005504,0.003587,
0.037109,0.038791,0.038373,0.034267,0.034823,0.035219,0.034940,0.031187,0.030712,0.029694,0.027589,0.025942,0.023380,0.022248,0.019910,0.017264,0.014592,0.012467,0.009234,0.005872,0.003458,
0.029209,0.031827,0.032318,0.028762,0.028438,0.028756,0.029580,0.028209,0.026705,0.026135,0.025016,0.023691,0.022941,0.021888,0.019339,0.017316,0.015792,0.012780,0.009725,0.006367,0.003866,
nan,0.024655,0.026995,0.025865,0.026034,0.024642,0.026102,0.025738,0.025022,0.025133,0.024218,0.022949,0.021958,0.020681,0.019550,0.019917,0.017065,0.014140,0.010188,0.006459,0.004027,
nan,nan,0.024012,0.026320,nan,nan,0.027308,0.024151,0.025163,0.022298,0.022757,0.022542,0.023286,0.021621,0.021092,0.020782,0.017021,0.013846,0.010962,0.006903,0.003796,
nan,0.122991,0.116415,0.112730,0.113366,0.104257,0.099375,0.092790,0.083313,0.078892,0.065445,0.057534,0.047940,0.040997,0.030214,0.024053,0.015400,0.009511,0.004764,0.003413,0.002080,
0.119643,0.120311,0.115903,0.115853,0.110353,0.107464,0.098108,0.094457,0.088935,0.078180,0.069573,0.059786,0.050239,0.040601,0.031672,0.022803,0.015762,0.009438,0.005240,0.003614,0.001974,
0.116764,0.118312,0.115160,0.112268,0.107716,0.103215,0.098429,0.093012,0.087237,0.078450,0.070590,0.060643,0.051408,0.041950,0.032107,0.023488,0.015576,0.009913,0.005719,0.003804,0.002205,
0.116774,0.116860,0.111613,0.110273,0.107021,0.101813,0.095481,0.087798,0.079787,0.072603,0.063810,0.056953,0.048581,0.040115,0.031789,0.024155,0.016673,0.010173,0.005987,0.003922,0.002159,
0.112522,0.113287,0.107426,0.106777,0.101352,0.097638,0.094343,0.087484,0.080277,0.072022,0.062862,0.052555,0.043533,0.034051,0.026709,0.020127,0.014612,0.010023,0.006106,0.003959,0.002336,
0.103737,0.105863,0.104112,0.101125,0.097474,0.095673,0.088702,0.081590,0.075377,0.069702,0.063559,0.053861,0.044989,0.035431,0.025923,0.018222,0.012833,0.008895,0.005908,0.004042,0.002304,
0.103353,0.100874,0.098309,0.095309,0.093448,0.088797,0.082653,0.079669,0.073032,0.064190,0.056537,0.050314,0.043882,0.035922,0.026738,0.018622,0.012143,0.007913,0.005618,0.003877,0.002356,
0.098519,0.094231,0.093657,0.088283,0.088352,0.082442,0.079707,0.073566,0.066532,0.062449,0.055854,0.046624,0.038169,0.032669,0.027121,0.019604,0.012405,0.007985,0.005377,0.003909,0.002404,
0.084903,0.087928,0.087479,0.081015,0.081547,0.076304,0.073755,0.066820,0.064480,0.056831,0.049068,0.045289,0.037944,0.029551,0.023746,0.019515,0.013213,0.008048,0.005298,0.003910,0.002501,
0.082575,0.080251,0.081053,0.074627,0.073843,0.071950,0.066688,0.064002,0.058113,0.052558,0.048182,0.040475,0.035144,0.029809,0.022505,0.017007,0.013217,0.008639,0.005502,0.004014,0.002550,
0.074193,0.072479,0.074027,0.068783,0.066860,0.066460,0.060216,0.058314,0.052676,0.049868,0.042789,0.039281,0.032701,0.027069,0.022639,0.016499,0.012399,0.008845,0.005737,0.004257,0.002736,
0.066091,0.066537,0.066989,0.063322,0.060023,0.060142,0.055929,0.052459,0.049950,0.044324,0.040703,0.034894,0.031457,0.025522,0.020913,0.016559,0.012200,0.009307,0.006319,0.004456,0.002824,
0.059124,0.059816,0.059747,0.057145,0.053169,0.053446,0.052016,0.046761,0.044766,0.041237,0.036572,0.033273,0.028145,0.024828,0.020073,0.016444,0.012515,0.009652,0.006892,0.004790,0.003095,
0.050168,0.052350,0.052970,0.051617,0.046821,0.046211,0.046027,0.042634,0.039077,0.037723,0.033234,0.029982,0.026906,0.022820,0.019445,0.015932,0.012789,0.009807,0.007234,0.004928,0.003139,
nan,0.045337,0.044956,0.045013,0.040428,0.038779,0.039133,0.038040,0.034698,0.032210,0.030383,0.027709,0.024397,0.021947,0.018983,0.015957,0.012962,0.010574,0.007763,0.005258,0.003294,
nan,0.037566,0.037977,0.038322,0.035391,0.032603,0.032590,0.031966,0.030929,0.028821,0.026507,0.024849,0.023022,0.021401,0.018558,0.015941,0.013564,0.011445,0.008524,0.005479,0.003573,
nan,0.032067,0.031064,0.032702,0.029825,0.028035,0.027737,0.026730,0.027057,0.025980,0.024176,0.023029,0.021614,0.020183,0.017638,0.016651,0.015171,0.011612,0.009043,0.006039,0.003748,
nan,0.027909,0.024648,0.026160,0.025661,0.025710,0.024199,0.023562,0.023780,0.023413,0.022226,0.021775,0.020497,0.019368,0.019206,0.017768,0.015081,0.012828,0.009659,0.006347,0.003913,
nan,0.022966,0.027042,0.023889,0.023871,0.022812,0.022386,0.020536,0.023686,0.022520,0.020594,0.022556,0.020967,0.020044,0.020893,0.017636,0.015737,0.013657,0.011130,0.006610,0.004679,
nan,0.124653,0.119849,0.117783,0.111043,0.105849,0.103018,0.092169,0.084072,0.077086,0.066547,0.060338,0.051288,0.039029,0.030072,0.022662,0.014553,0.008256,0.004640,0.003205,0.002392,
0.116944,0.119195,0.118790,0.117130,0.111619,0.105759,0.097846,0.094712,0.087348,0.077792,0.070068,0.060449,0.051286,0.040602,0.031143,0.021860,0.014523,0.008944,0.005160,0.003420,0.001879,
0.116540,0.118978,0.115400,0.112476,0.109431,0.104831,0.099459,0.092816,0.086173,0.078189,0.068352,0.059426,0.049630,0.040136,0.030833,0.022409,0.014847,0.008981,0.004996,0.003452,0.001892,
0.111827,0.116334,0.110027,0.111410,0.105876,0.100465,0.093146,0.089222,0.083520,0.076875,0.068635,0.059800,0.049552,0.039781,0.031079,0.021860,0.014933,0.008909,0.005090,0.003318,0.001914,
0.113450,0.111912,0.110059,0.105736,0.102942,0.100022,0.093590,0.086204,0.078328,0.069428,0.063090,0.056121,0.048530,0.039901,0.030629,0.022376,0.014669,0.008734,0.004998,0.003218,0.001845,
0.106869,0.107907,0.105765,0.100315,0.100195,0.093814,0.087237,0.084315,0.077406,0.069315,0.060240,0.051077,0.042201,0.036032,0.029335,0.022061,0.014649,0.008957,0.005147,0.003196,0.001935,
0.098097,0.101019,0.100802,0.094071,0.093505,0.087330,0.085817,0.078262,0.070990,0.065854,0.060250,0.050544,0.040966,0.032600,0.025982,0.020749,0.014727,0.009101,0.005302,0.003170,nan,
0.092868,0.094060,0.093762,0.089104,0.086051,0.085014,0.078770,0.072689,0.069492,0.060609,0.052912,0.048596,0.041362,0.032362,0.023827,0.018145,0.013957,0.009169,0.005201,0.003245,0.002489,
0.087522,0.087109,0.086523,0.085020,0.078815,0.077868,0.071300,0.069812,0.061902,0.057675,0.051186,0.042792,0.037210,0.031942,0.023806,0.016755,0.012694,0.008978,0.005299,0.003340,0.002558,
0.080782,0.080598,0.079141,0.078531,0.072299,0.071429,0.068150,0.062302,0.058489,0.052987,0.046672,0.042119,0.034166,0.028987,0.023756,0.016822,0.012061,0.009156,0.005549,0.003393,0.002447,
0.072291,0.072788,0.072419,0.072115,0.066844,0.064437,0.062999,0.057107,0.054133,0.048422,0.043943,0.037370,0.033883,0.026594,0.022056,0.016725,0.011630,0.008810,0.005714,0.003530,0.002572,
nan,0.065736,0.065497,0.065527,0.062568,0.057481,0.056416,0.053592,0.048068,0.045926,0.039406,0.035839,0.029897,0.025799,0.020143,0.016777,0.011962,0.008856,0.006025,0.003894,0.002657,
0.058632,0.059133,0.059004,0.058561,0.057284,0.051479,0.049459,0.048492,0.044609,0.040234,0.037374,0.032007,0.028252,0.023841,0.019797,0.015540,0.012124,0.008943,0.006386,0.004267,0.002823,
0.050894,0.051494,0.051086,0.051025,0.050907,0.047453,0.043019,0.041990,0.040255,0.036648,0.032754,0.030216,0.025886,0.022695,0.019209,0.015292,0.012293,0.009328,0.006764,0.004596,0.003024,
nan,0.044039,0.044244,0.043586,0.043712,0.042174,0.037930,0.035181,0.034035,0.033341,0.029978,0.026612,0.024133,0.021321,0.018258,0.015394,0.012375,0.009930,0.007288,0.005057,0.003248,
nan,0.036256,0.036310,0.036213,0.036488,0.035806,0.034076,0.031485,0.028609,0.028160,0.026439,0.024765,0.022202,0.020250,0.017342,0.015165,0.012891,0.010617,0.007930,0.005313,0.003473,
nan,0.030870,0.029470,0.029420,0.029767,0.029048,0.028541,0.027174,0.026161,0.025415,0.023622,0.022267,0.020762,0.018605,0.016859,0.015537,0.013972,0.011148,0.008577,0.005860,0.003841,
nan,0.024552,0.025611,0.025599,0.025612,0.025256,0.024022,0.023159,0.022775,0.022406,0.021889,0.021545,0.019504,0.018603,0.017841,0.015726,0.014529,0.012348,0.009200,0.006308,0.004087,
nan,nan,nan,nan,nan,0.024051,0.023562,0.021979,0.022242,0.021805,0.021427,0.020720,0.019352,0.016662,0.017473,0.017110,0.013522,0.010978,nan,0.007196,0.003870,
nan,0.116700,0.116151,0.109089,0.108833,0.109543,0.098142,0.093672,0.085728,nan,0.073456,0.063066,0.047180,0.039044,0.031768,0.020555,0.012352,0.009123,0.004971,0.003749,nan,
0.117337,0.121263,0.116418,0.114935,0.108389,0.107243,0.100763,0.092889,0.084370,0.075781,0.066410,0.058322,0.048398,0.039475,0.029401,0.020490,0.013408,0.008568,0.004892,0.003337,nan,
0.118060,0.118599,0.114843,0.114713,0.109363,0.105745,0.099783,0.092811,0.085081,0.076475,0.067214,0.058555,0.048177,0.038732,0.028871,0.020463,0.013171,0.007829,0.004700,0.002948,nan,
0.114224,0.116318,0.112858,0.110712,0.105451,0.101128,0.097170,0.091986,0.083804,0.075681,0.065278,0.058003,0.047431,0.037061,0.028215,0.020089,0.013044,0.007650,0.004499,0.002786,nan,
0.107881,0.111047,0.111760,0.104730,0.103924,0.099495,0.091941,0.084687,0.079775,0.075105,0.066583,0.055785,0.047447,0.037193,0.027835,0.019374,0.012234,0.007359,0.004562,0.002898,0.002471,
0.104829,0.105361,0.104766,0.100558,0.097864,0.091884,0.090363,0.083492,0.075380,0.067358,0.061979,0.055175,0.046109,0.037163,0.027009,0.019255,0.012014,0.007185,0.004889,0.003448,0.002352,
0.099918,0.099699,0.099083,0.097875,0.091448,0.091184,0.083618,0.078254,0.074263,0.065218,0.056494,0.049245,0.043636,0.036155,0.026852,0.018515,0.011900,0.007634,0.005241,0.003632,0.002227,
0.093618,0.093242,0.092582,0.091822,0.084894,0.083033,0.078058,0.074027,0.066407,0.062314,0.055571,0.046085,0.038514,0.033756,0.026672,0.018460,0.011690,0.007950,0.005360,0.003729,0.002212,
0.086585,0.085513,0.085765,0.084273,0.081063,0.076202,0.074890,0.066158,0.064522,0.056678,0.050738,0.045464,0.036368,0.029703,0.025049,0.018576,0.011651,0.007924,0.005500,0.003639,0.002180,
0.074803,0.079081,0.078811,0.077157,0.076122,0.069568,0.067368,0.064171,0.057710,0.054067,0.047129,0.040678,0.035964,0.028023,0.022590,0.017858,0.011751,0.007877,0.005679,0.003560,0.002288,
nan,0.073374,0.072047,0.070180,0.069674,0.065997,0.060316,0.058863,0.053657,0.048847,0.043876,0.038183,0.032445,0.027332,0.020957,0.017233,0.011871,0.008085,0.005760,0.003634,0.002599,
0.066445,0.065869,0.064882,0.063258,0.062635,0.060827,0.055584,0.052005,0.049855,0.044439,0.040053,0.035912,0.030069,0.025821,0.020371,0.015925,0.011784,0.008028,0.005783,0.003767,0.002581,
0.060626,0.058020,0.057532,0.056365,0.055684,0.054387,0.051799,0.046567,0.043522,0.041440,0.036154,0.032345,0.028550,0.023409,0.019582,0.015103,0.011749,0.008366,0.006055,0.004081,0.002683,
nan,0.051531,0.050423,0.049500,0.048119,0.047386,0.046008,0.043087,0.038752,0.036054,0.033272,0.030113,0.025521,0.022385,0.018929,0.015042,0.011853,0.008774,0.006328,0.004460,0.002970,
0.043573,0.042442,0.042835,0.041967,0.040674,0.040224,0.039102,0.037671,0.035558,0.032249,0.028817,0.026853,0.023876,0.020842,0.017751,0.014783,0.012154,0.009554,0.006908,0.004939,0.003206,
nan,0.035540,0.035503,0.034221,0.033360,0.033325,0.032031,0.031001,0.029977,0.028376,0.026479,0.023860,0.021494,0.019417,0.016818,0.014667,0.012424,0.010045,0.007564,0.005195,0.003425,
nan,0.028974,0.029538,0.029142,0.027983,0.027307,0.026249,0.025235,0.024603,0.024022,0.022729,0.021164,0.019824,0.017928,0.016454,0.015040,0.013093,0.010706,0.008259,0.005749,0.003680,
nan,0.024537,0.025158,0.024217,0.024450,0.022631,0.022784,0.022626,0.021406,0.022191,0.020893,0.019386,0.018475,0.017900,0.017311,0.015164,0.013343,0.011555,0.008832,0.006231,0.004234,
nan,nan,nan,nan,nan,0.022971,0.021881,0.021700,0.022421,0.021520,0.019973,0.019973,0.018504,0.016639,0.017675,0.016428,0.012628,0.010664,0.007769,0.007349,0.004546,
nan,0.118264,0.110990,0.116352,0.108487,0.106526,0.098332,0.091221,0.082161,0.081230,0.067634,0.059065,0.045123,0.037913,0.030246,0.021285,0.012780,0.007759,0.004458,0.003322,nan,
0.115234,0.120412,0.117744,0.114113,0.110520,0.104793,0.099098,0.093019,0.084498,0.075944,0.067179,0.058226,0.048380,0.037661,0.029952,0.020550,0.012606,0.008187,0.004779,0.002940,nan,
0.117910,0.117740,0.115087,0.114963,0.111284,0.105029,0.097462,0.092330,0.082856,0.075255,0.066546,0.055710,0.047083,0.037085,0.027541,0.019723,0.011992,0.007234,0.004392,0.002808,0.002708,
0.116392,0.114051,0.113324,0.108580,0.105007,0.102811,0.097315,0.089526,0.082135,0.073177,0.063854,0.054357,0.045765,0.035451,0.026772,0.019424,0.012746,0.008390,0.005251,0.003458,0.002317,
0.112540,0.109145,0.109071,0.105933,0.103827,0.096859,0.092376,0.088922,0.080733,0.072225,0.063004,0.053236,0.043197,0.033796,0.026959,0.020414,0.014881,0.009778,0.005771,0.003714,0.002144,
0.111203,0.103318,0.103668,0.103927,0.097215,0.096422,0.088595,0.081039,0.077804,0.070979,0.062536,0.052537,0.042626,0.033159,0.026994,0.020739,0.015266,0.009538,0.005416,0.003345,0.001964,
0.100793,0.098872,0.097332,0.096844,0.092830,0.089005,0.083888,0.079345,0.070999,0.064693,0.060586,0.051131,0.041196,0.032457,0.025891,0.020560,0.014654,0.008863,0.005058,0.003060,0.002017,
0.093603,0.092505,0.090720,0.089720,0.088867,0.081527,0.079788,0.071367,0.069898,0.060747,0.052699,0.049268,0.040479,0.031198,0.024373,0.019422,0.013767,0.008354,0.004671,0.002976,0.002340,
0.086005,0.086653,0.083877,0.082656,0.081766,0.078350,0.071534,0.069995,0.062146,0.058728,0.050340,0.043458,0.038999,0.030308,0.022308,0.018450,0.012869,0.007710,0.004626,0.003400,0.002252,
0.080988,0.078759,0.077090,0.075288,0.074364,0.073038,0.067572,0.062720,0.059828,0.052380,0.048527,0.040940,0.034864,0.029392,0.021973,0.017013,0.012553,0.007771,0.005117,0.003716,0.002290,
0.071979,0.071659,0.069677,0.068803,0.067179,0.065349,0.063387,0.057043,0.053236,0.050166,0.042877,0.039232,0.032444,0.027710,0.021403,0.016055,0.012023,0.007689,0.005399,0.003660,0.002231,
nan,0.064729,0.063694,0.062036,0.060116,0.058385,0.056779,0.054378,0.048398,0.044541,0.040833,0.034632,0.030330,0.024606,0.020451,0.015115,0.011867,0.007968,0.005778,0.003755,0.002679,
nan,0.057613,0.056410,0.054659,0.053025,0.051608,0.049697,0.047894,0.045312,0.040789,0.036072,0.032848,0.027875,0.023694,0.019892,0.015075,0.011717,0.008280,0.006094,0.004022,0.002751,
0.052146,0.050169,0.048961,0.047003,0.046679,0.044966,0.043076,0.040968,0.039147,0.036857,0.033540,0.029017,0.025775,0.022234,0.018173,0.014839,0.011830,0.008731,0.006096,0.004149,0.002810,
nan,0.043067,0.041327,0.039527,0.040842,0.039992,0.037803,0.035665,0.033166,0.031205,0.029369,0.026481,0.023715,0.020296,0.017522,0.014363,0.011785,0.009187,0.006658,0.004690,0.003195,
0.035206,0.035167,0.033947,0.033789,0.035262,0.034804,0.033492,0.031774,0.029682,0.027808,0.025356,0.022927,0.021273,0.018902,0.016389,0.014421,0.012081,0.009621,0.007422,0.005199,0.003516,
nan,0.027947,0.027417,0.028885,0.029954,0.029131,0.028466,0.026804,0.025365,0.024317,0.023089,0.021396,0.019551,0.017421,0.016201,0.014516,0.012401,0.010251,0.008093,0.005604,0.003927,
nan,0.025329,0.025322,0.024484,0.025588,0.024287,0.023544,0.023015,0.021370,0.020787,0.020412,0.019730,0.018051,0.016950,0.015788,0.014625,0.013130,0.010937,0.008733,0.006226,0.004829,
nan,nan,nan,0.021628,0.023213,0.021747,0.021228,0.018882,0.018257,0.020000,0.019888,0.018099,0.017934,0.017602,0.014948,0.015378,0.013091,0.011638,0.008169,0.007031,0.005416,
nan,0.119748,0.110737,0.114247,0.114380,0.108152,0.102242,0.093308,0.084402,0.078959,0.065183,0.058066,0.050768,0.035808,0.027571,0.020454,0.018969,0.007875,0.004647,0.003248,nan,
0.125037,0.119626,0.117490,0.114394,0.109686,0.104087,0.097098,0.091181,0.083192,0.075296,0.066570,0.057409,0.046602,0.037485,0.028512,0.020205,0.013137,0.007458,0.004426,0.002945,nan,
0.113683,0.119025,0.116206,0.114364,0.108848,0.103707,0.097301,0.089853,0.081374,0.073238,0.063431,0.054820,0.045612,0.038082,0.028616,0.019804,0.014197,0.008935,0.005431,0.003481,0.002366,
0.113882,0.113307,0.113479,0.107594,0.108074,0.102858,0.095644,0.088208,0.079742,0.070553,0.064165,0.057399,0.049723,0.040610,0.032450,0.023802,0.016550,0.009722,0.005622,0.003607,0.001985,
0.107187,0.109693,0.108332,0.108625,0.101304,0.098924,0.093966,0.086802,0.078348,0.069207,0.062617,0.056224,0.049710,0.040032,0.030425,0.021844,0.014473,0.008515,0.004714,0.003001,0.002072,
0.104831,0.105596,0.103424,0.101570,0.098839,0.093990,0.086723,0.085140,0.076883,0.067549,0.058622,0.053412,0.046478,0.038295,0.028379,0.020118,0.012777,0.007473,0.004441,0.002835,0.002451,
0.097183,0.098186,0.097569,0.094995,0.094294,0.086671,0.085195,0.076536,0.074995,0.065989,0.056881,0.048854,0.043501,0.036202,0.026881,0.018499,0.011855,0.007439,0.005143,0.003405,0.002171,
0.093061,0.091248,0.090544,0.087793,0.087231,0.085138,0.076584,0.074835,0.066359,0.063561,0.054657,0.045476,0.040546,0.034441,0.025650,0.017283,0.011395,0.008463,0.005410,0.003459,0.002038,
0.086971,0.084442,0.083345,0.081071,0.079483,0.077846,0.075561,0.066908,0.064713,0.056177,0.052633,0.044011,0.035682,0.032348,0.024179,0.016921,0.011912,0.008592,0.005119,0.003061,0.002438,
0.078945,0.077690,0.076227,0.074366,0.072035,0.069740,0.067983,0.064858,0.057047,0.054365,0.045856,0.042546,0.034729,0.029281,0.023157,0.016155,0.012083,0.008420,0.004909,0.003207,0.002258,
0.070341,0.070742,0.069782,0.068815,0.066436,0.063315,0.060572,0.058300,0.055024,0.048055,0.044059,0.037411,0.032872,0.025911,0.022000,0.015793,0.011865,0.007926,0.004861,0.003695,0.002324,
0.066208,0.063895,0.062282,0.063623,0.062039,0.059312,0.055299,0.051492,0.048793,0.045838,0.039204,0.035402,0.030910,0.025098,0.020942,0.015542,0.011808,0.007996,0.005372,0.003758,0.002285,
0.057636,0.056699,0.056238,0.057721,0.057311,0.055117,0.051649,0.047883,0.043260,0.040135,0.036804,0.033097,0.027295,0.023580,0.019592,0.015104,0.011479,0.008170,0.005872,0.003947,0.002734,
0.050590,0.048866,0.049781,0.052013,0.050419,0.048299,0.045976,0.043543,0.040397,0.036740,0.032367,0.029400,0.025666,0.022254,0.018090,0.014745,0.011538,0.008452,0.006135,0.004175,0.002913,
nan,0.041703,0.042749,0.045225,0.043060,0.040817,0.039064,0.036915,0.034453,0.032108,0.029731,0.026745,0.023362,0.020011,0.017169,0.014222,0.011406,0.008923,0.006585,0.004487,0.003192,
0.035188,0.034284,0.035804,0.037805,0.035996,0.033765,0.031749,0.030446,0.028387,0.026841,0.025379,0.023664,0.021222,0.018499,0.016163,0.014391,0.011718,0.009416,0.007221,0.005322,0.003421,
nan,0.028647,0.030803,0.030663,0.028981,0.027401,0.025105,0.025004,0.024460,0.024211,0.022337,0.020906,0.019566,0.017399,0.015817,0.014025,0.012237,0.009941,0.008227,0.005686,0.004028,
nan,0.025459,0.026173,0.024646,0.023248,0.022797,0.023243,0.022891,0.021959,0.021187,0.019768,0.018670,0.018003,0.016675,0.015632,0.014590,0.013151,0.010553,0.008927,0.006366,0.004938,
nan,nan,0.022688,0.024813,0.022060,nan,0.021460,0.023465,0.020308,0.021495,0.018814,0.018642,0.018038,0.014144,0.015324,0.013515,0.014023,0.011611,0.007924,0.006690,0.005712,
nan,0.116746,0.115087,0.112048,0.112601,0.107269,0.101341,0.091026,0.083128,0.073254,0.069588,0.054963,0.046745,0.036756,0.030584,0.020702,0.014168,0.009115,0.005038,0.003634,nan,
0.119435,0.120064,0.118355,0.116190,0.110251,0.103567,0.099047,0.087605,0.083794,0.074214,0.065772,0.057363,0.046516,0.036785,0.027662,0.019902,0.012952,0.007698,0.004449,0.002864,0.002237,
0.116632,0.117077,0.118068,0.112966,0.107421,0.101217,0.096211,0.089181,0.083697,0.077049,0.069770,0.060352,0.051110,0.041836,0.033098,0.024419,0.016600,0.010354,0.005846,0.003452,0.002089,
0.113847,0.113274,0.112216,0.112257,0.107095,0.102099,0.093264,0.089041,0.084871,0.076666,0.068952,0.059852,0.049126,0.039465,0.030737,0.021612,0.014518,0.008617,0.004865,0.003111,0.001837,
0.108044,0.109775,0.108014,0.106706,0.101728,0.099912,0.092049,0.084717,0.080452,0.075653,0.066429,0.055938,0.047282,0.036606,0.027640,0.019201,0.012023,0.007360,0.004504,0.002941,0.002326,
0.103063,0.103393,0.102193,0.100172,0.099401,0.093249,0.090563,0.082190,0.074076,0.071365,0.063525,0.053863,0.044059,0.034236,0.025125,0.018648,0.013142,0.008901,0.005522,0.003551,0.002051,
0.102301,0.097792,0.095125,0.093381,0.092250,0.089885,0.082134,0.080141,0.071672,0.063842,0.060741,0.051419,0.041445,0.032780,0.025631,0.020544,0.014411,0.008792,0.004958,0.003012,0.002004,
0.092695,0.091151,0.088890,0.088515,0.084397,0.082870,0.080423,0.071640,0.069261,0.060597,0.054860,0.048845,0.038816,0.030339,0.025821,0.019978,0.013057,0.007640,0.004510,0.003009,0.002167,
0.087055,0.084612,0.084758,0.086414,0.080720,0.075213,0.072353,0.069915,0.061598,0.058486,0.049406,0.046231,0.037459,0.028816,0.024193,0.018688,0.011627,0.007263,0.005029,0.003501,0.002102,
0.079033,0.077327,0.078938,0.079764,0.076025,0.073002,0.066387,0.062321,0.059258,0.052518,0.047410,0.040434,0.035965,0.027627,0.023614,0.017180,0.011083,0.008018,0.005281,0.003237,0.002321,
0.073165,0.070500,0.072684,0.072306,0.069402,0.066750,0.063684,0.058732,0.052378,0.049221,0.044525,0.037917,0.033867,0.026673,0.021777,0.016197,0.010959,0.008316,0.005123,0.003274,0.002358,
0.064795,0.063144,0.066494,0.065204,0.062561,0.059468,0.056873,0.053949,0.050259,0.044365,0.039985,0.035943,0.029393,0.025192,0.020274,0.015582,0.011034,0.008001,0.005130,0.003787,0.002419,
0.056750,0.056335,0.059908,0.058187,0.055688,0.052192,0.049749,0.047052,0.044115,0.041005,0.037284,0.031822,0.027946,0.023903,0.018719,0.014973,0.011116,0.008080,0.005583,0.003894,0.002754,
0.053146,0.049534,0.052678,0.050468,0.048245,0.045252,0.042906,0.040896,0.038056,0.035286,0.033047,0.029513,0.025990,0.021601,0.018253,0.014662,0.011226,0.008382,0.006220,0.004285,0.002942,
0.043529,0.043233,0.046419,0.043607,0.040234,0.037801,0.037884,0.037057,0.034921,0.032563,0.029631,0.026342,0.022907,0.020240,0.016948,0.014129,0.011237,0.008753,0.006517,0.004437,0.003305,
0.034686,0.032185,0.037722,0.035506,0.033030,0.032208,0.033419,0.032110,0.029864,0.027688,0.025395,0.023232,0.021139,0.018506,0.016280,0.014347,0.011728,0.009377,0.007154,0.005406,0.003696,
0.030129,0.028465,0.031799,0.028780,0.027212,0.027740,0.027722,0.026308,0.024438,0.022711,0.021484,0.020530,0.018765,0.017320,0.015501,0.013813,0.012096,0.010078,0.008034,0.005987,0.004313,
nan,0.026627,0.026344,0.022931,0.021644,0.024888,0.023128,0.021633,0.021131,0.020341,0.019541,0.018656,0.017496,0.016433,0.015466,0.013841,0.012333,0.010548,0.008839,0.006696,0.004633,
nan,nan,0.021080,nan,0.020897,0.021421,0.018555,0.022068,0.019835,0.019599,0.018939,0.019282,0.018588,0.018862,0.015980,0.013518,0.011235,0.011310,0.008376,0.007903,0.006696,
nan,0.119390,0.116567,0.116225,0.112879,0.103206,0.098739,0.093350,0.086462,0.078020,0.071441,0.057430,0.048740,0.038210,0.028182,0.022095,0.013940,0.006899,0.004438,0.003138,nan,
0.112962,0.120066,0.115787,0.112495,0.108509,0.102940,0.099185,0.092340,0.082210,0.075412,0.065837,0.057941,0.048333,0.039300,0.029643,0.022442,0.014518,0.008023,0.004792,0.003334,0.002566,
0.115195,0.116738,0.115636,0.113225,0.107769,0.102813,0.101008,0.094396,0.087042,0.078535,0.070661,0.061096,0.051982,0.041278,0.031860,0.022987,0.015383,0.009563,0.005455,0.003480,0.002134,
0.115111,0.114478,0.112286,0.111290,0.106172,0.099695,0.099204,0.091997,0.083840,0.075624,0.065540,0.057217,0.047003,0.037141,0.027897,0.019993,0.012685,0.007393,0.004341,0.002753,0.002426,
0.108215,0.108843,0.107171,0.105238,0.104514,0.097271,0.091877,0.090018,0.080796,0.071967,0.063001,0.053042,0.043544,0.034794,0.027511,0.020636,0.014949,0.009265,0.005476,0.003462,0.002093,
0.105171,0.104749,0.102042,0.098116,0.097072,0.095860,0.087754,0.084356,0.078366,0.069024,0.060011,0.051078,0.043958,0.037793,0.029585,0.021426,0.013998,0.008148,0.004544,0.002889,0.001951,
0.096928,0.098234,0.099461,0.099282,0.091421,0.088203,0.086118,0.076867,0.075259,0.066491,0.056894,0.048985,0.043813,0.036155,0.026951,0.018559,0.011888,0.007498,0.004801,0.003156,0.002150,
0.090937,0.090429,0.094513,0.092972,0.088467,0.084766,0.077295,0.075117,0.066537,0.063411,0.053647,0.045172,0.042306,0.033807,0.024464,0.017153,0.012569,0.008760,0.005245,0.003199,0.001964,
0.087610,0.084001,0.087811,0.084534,0.081459,0.078678,0.075241,0.067182,0.063622,0.056118,0.051693,0.042937,0.039212,0.031121,0.022541,0.017414,0.012951,0.007967,0.004523,0.003056,0.002246,
0.077606,0.077676,0.080628,0.077483,0.074424,0.071006,0.068217,0.064938,0.057890,0.053283,0.048750,0.041039,0.036021,0.028997,0.021335,0.017638,0.012046,0.007359,0.004838,0.003519,0.002151,
0.072884,0.071062,0.073178,0.070177,0.067335,0.063754,0.060706,0.057403,0.054373,0.050526,0.042748,0.038666,0.031572,0.027010,0.020460,0.016979,0.011355,0.007647,0.005314,0.003343,0.002385,
0.065980,0.065772,0.066588,0.063465,0.060312,0.057541,0.055282,0.051904,0.047854,0.044491,0.040656,0.036336,0.030038,0.025574,0.019657,0.015931,0.011006,0.008259,0.005314,0.003525,0.002429,
0.057978,0.059175,0.059271,0.056387,0.053186,0.053074,0.051959,0.049245,0.045455,0.041238,0.036026,0.032359,0.028067,0.024245,0.019401,0.015062,0.010792,0.008197,0.005487,0.003923,0.002563,
0.051218,0.050554,0.051982,0.049034,0.046831,0.048188,0.045993,0.042994,0.039807,0.036509,0.033322,0.029631,0.026300,0.021575,0.018091,0.014658,0.011029,0.008307,0.006064,0.004241,0.003155,
0.042073,0.043002,0.044894,0.041063,0.040772,0.042114,0.038895,0.035748,0.033300,0.030974,0.028292,0.025806,0.023328,0.020178,0.017029,0.014367,0.011299,0.008679,0.006694,0.004546,0.003333,
nan,0.035521,0.037319,0.034941,0.034837,0.034724,0.031783,0.029487,0.029137,0.028073,0.026174,0.023526,0.021158,0.018597,0.016391,0.013989,0.011684,0.009386,0.007232,0.005371,0.003739,
0.027740,0.029611,0.030291,0.027522,0.029010,0.027756,0.026140,0.025338,0.025327,0.024078,0.022121,0.020552,0.018967,0.016992,0.015880,0.013869,0.012165,0.010145,0.008006,0.006181,0.004650,
nan,0.027060,0.025715,0.023519,0.023809,0.023056,0.021944,0.022949,0.021176,0.020708,0.019387,0.018824,0.017615,0.016334,0.014931,0.014037,0.011657,0.010757,0.008972,0.007030,0.005192,
nan,0.024239,0.022259,nan,0.022744,0.020227,0.020205,0.020954,0.025170,0.018569,0.019074,0.017118,0.015474,0.015517,0.015157,0.014692,0.013230,0.010110,0.008238,0.007409,0.006042,
nan,0.122565,0.119076,0.115432,0.110597,0.105956,0.099257,0.095133,0.081602,0.071961,0.068250,0.056715,0.045061,0.040690,0.025704,0.023476,0.013234,0.006304,0.005452,0.003433,nan,
0.116632,0.118881,0.115841,0.113944,0.110927,0.105973,0.100214,0.094424,0.086734,0.077217,0.067784,0.058522,0.048431,0.040617,0.031181,0.022442,0.014881,0.009020,0.005326,0.003409,0.002403,
0.117994,0.116266,0.116279,0.111105,0.110794,0.105196,0.100313,0.093455,0.086746,0.079251,0.068722,0.058708,0.049189,0.039906,0.030534,0.021605,0.014240,0.008516,0.004984,0.003170,0.002030,
0.116422,0.114013,0.110932,0.110016,0.105022,0.103986,0.096243,0.089561,0.081942,0.072857,0.063669,0.054693,0.045965,0.036511,0.027939,0.020084,0.013448,0.008595,0.004993,0.003142,0.002124,
0.109755,0.110899,0.109670,0.103406,0.102271,0.097549,0.094718,0.086456,0.078330,0.069812,0.062609,0.056456,0.049021,0.039316,0.030320,0.021761,0.014391,0.008701,0.004863,0.003033,0.001882,
0.099614,0.104434,0.105294,0.103126,0.098799,0.093433,0.091179,0.083665,0.075200,0.067058,0.063756,0.054986,0.045313,0.035803,0.026516,0.018735,0.011843,0.007457,0.004744,0.003153,0.002087,
0.099111,0.099681,0.099486,0.097716,0.094207,0.091917,0.082526,0.080995,0.071812,0.063583,0.060779,0.051558,0.041426,0.032551,0.025669,0.020072,0.013998,0.008832,0.005067,0.003067,0.001861,
0.094485,0.094502,0.092918,0.089994,0.087198,0.083711,0.081198,0.071372,0.069120,0.060405,0.057325,0.048172,0.038269,0.032235,0.026889,0.019426,0.012215,0.007224,0.004556,0.003036,0.002181,
0.086017,0.086450,0.086313,0.082568,0.079710,0.075723,0.072783,0.069976,0.063340,0.057490,0.051849,0.045064,0.036223,0.031553,0.024549,0.017317,0.011306,0.008183,0.005215,0.003267,0.001961,
0.080430,0.079593,0.079416,0.075219,0.072984,0.069885,0.066085,0.061816,0.058374,0.054797,0.046196,0.042113,0.034538,0.030277,0.022877,0.015916,0.012506,0.008114,0.004758,0.003053,0.002288,
0.074613,0.073215,0.072432,0.068731,0.067766,0.066878,0.063738,0.059723,0.054543,0.048071,0.044125,0.039672,0.032534,0.028224,0.021521,0.016254,0.011871,0.007428,0.005107,0.003608,0.002321,
0.069482,0.066037,0.065247,0.061915,0.062755,0.060760,0.057194,0.053459,0.049432,0.045469,0.041268,0.034791,0.030381,0.026130,0.020315,0.015984,0.011366,0.007775,0.005503,0.003477,0.002593,
0.059346,0.058567,0.058277,0.055523,0.056936,0.053954,0.050124,0.046658,0.043358,0.040033,0.036813,0.032634,0.028479,0.023261,0.019507,0.015472,0.011233,0.008388,0.005607,0.003969,0.002650,
0.048413,0.051902,0.050664,0.048877,0.050344,0.046824,0.043443,0.042069,0.040191,0.037494,0.034068,0.029905,0.025392,0.022006,0.018231,0.015048,0.011352,0.008367,0.005847,0.004342,0.003011,
0.041422,0.045279,0.043434,0.041569,0.043170,0.039381,0.037865,0.037755,0.035204,0.032130,0.029384,0.026534,0.023560,0.020281,0.017033,0.014637,0.011529,0.008694,0.006743,0.004718,0.003500,
0.035378,0.038319,0.036226,0.034444,0.035836,0.032203,0.032767,0.031752,0.028834,0.026834,0.025002,0.023564,0.021176,0.018790,0.016428,0.013921,0.011660,0.009569,0.007327,0.005274,0.003946,
0.030996,0.031731,0.029458,0.028676,0.028852,0.026580,0.027597,0.025568,0.023437,0.023136,0.022060,0.020414,0.019069,0.017110,0.015842,0.014112,0.012029,0.010237,0.008143,0.006450,0.004636,
nan,nan,0.024776,0.024002,0.023025,0.022844,0.022362,0.021248,0.021214,0.019957,0.018959,0.018764,0.017420,0.016979,0.015586,0.013605,0.012285,0.010824,0.009307,0.007052,0.005953,
nan,0.024792,nan,0.022108,0.021336,0.020350,nan,0.021794,0.018694,0.019153,0.018414,0.018314,0.017272,0.016445,0.014794,0.013944,0.013693,0.011446,0.008235,0.008205,0.006231,
nan,0.116560,0.114739,0.116457,0.113855,0.101075,0.100110,0.097163,0.080346,0.077807,0.064113,0.056334,0.046780,0.037586,0.026842,0.020838,0.013692,0.007386,0.004236,0.003091,nan,
0.121750,0.120438,0.115890,0.113769,0.111321,0.105548,0.100333,0.094243,0.085970,0.078982,0.069635,0.061533,0.049292,0.040798,0.032002,0.022761,0.015425,0.009674,0.005365,0.003587,0.002102,
0.119201,0.117469,0.114690,0.118269,0.109646,0.105281,0.098353,0.092681,0.084589,0.076304,0.066747,0.058454,0.047736,0.038559,0.029188,0.020657,0.012823,0.007846,0.004375,0.003045,0.002004,
0.115302,0.115159,0.116862,0.108462,0.109509,0.101956,0.095341,0.088634,0.080260,0.073119,0.065741,0.057102,0.048686,0.039698,0.030536,0.021982,0.015109,0.009087,0.005264,0.003432,0.002031,
0.113909,0.110655,0.109721,0.108841,0.100632,0.100254,0.092037,0.085112,0.081312,0.074704,0.066377,0.056110,0.046806,0.036785,0.027763,0.019837,0.012806,0.007626,0.004526,0.002840,0.002146,
0.107152,0.106504,0.104861,0.102823,0.100047,0.092788,0.089411,0.080860,0.079005,0.070552,0.061682,0.052018,0.043088,0.034584,0.027535,0.020843,0.014560,0.008931,0.005022,0.003176,0.002004,
0.098259,0.099485,0.098511,0.094945,0.092394,0.089192,0.086777,0.077392,0.075666,0.066664,0.056925,0.049177,0.043415,0.036184,0.027329,0.018969,0.012190,0.007426,0.004485,0.003005,0.002140,
0.094795,0.094149,0.092131,0.087565,0.084472,0.080877,0.078316,0.074846,0.065711,0.062759,0.053161,0.048039,0.041483,0.032703,0.023807,0.017733,0.012987,0.008689,0.005091,0.003137,0.001937,
0.085196,0.087891,0.084898,0.081195,0.082879,0.079226,0.075467,0.066260,0.063139,0.059811,0.050416,0.045817,0.038276,0.029482,0.024016,0.018971,0.012323,0.007496,0.004488,0.003136,0.002161,
0.079285,0.081007,0.077859,0.075592,0.076539,0.072358,0.068419,0.064168,0.060832,0.051881,0.047580,0.041605,0.035691,0.027601,0.023967,0.016964,0.011200,0.008038,0.005195,0.003269,0.002164,
0.073387,0.073137,0.071419,0.069510,0.069574,0.065055,0.061247,0.057320,0.053417,0.049208,0.045169,0.037219,0.032848,0.026174,0.021901,0.015592,0.011898,0.007918,0.004830,0.003429,0.002364,
0.064728,0.066434,0.064439,0.063378,0.062775,0.058251,0.055688,0.053602,0.049857,0.045448,0.039488,0.035795,0.030683,0.024326,0.020413,0.015264,0.011606,0.007619,0.005545,0.003700,0.002484,
0.058707,0.060209,0.057070,0.057177,0.055680,0.051811,0.051649,0.049100,0.044886,0.040964,0.037137,0.032802,0.029054,0.023406,0.019557,0.015271,0.011341,0.008225,0.005746,0.003791,0.002747,
0.050637,0.052294,0.049906,0.050877,0.048601,0.046434,0.046062,0.042255,0.039072,0.035654,0.032886,0.029118,0.025840,0.022207,0.018225,0.014856,0.011414,0.008587,0.006034,0.004433,0.002892,
0.042894,0.044847,0.041675,0.043408,0.040955,0.040719,0.039090,0.035949,0.034441,0.032590,0.029419,0.026504,0.023491,0.020358,0.017343,0.014385,0.011613,0.008919,0.006711,0.004824,0.003761,
0.034456,0.038849,0.035311,0.037341,0.033570,0.034298,0.032087,0.030375,0.030149,0.027235,0.025183,0.023229,0.021274,0.018799,0.016745,0.013861,0.011767,0.009709,0.007494,0.005340,0.003956,
0.028611,0.031105,0.028303,0.030295,0.026214,0.028320,0.026543,0.026476,0.025009,0.022512,0.022374,0.020876,0.019039,0.018017,0.015771,0.014030,0.012056,0.010349,0.008459,0.006526,0.004966,
nan,nan,0.022146,0.024633,0.022246,0.023454,0.021918,0.021887,0.020132,0.020587,0.019763,0.018698,0.017719,0.016553,0.015607,0.014197,0.012866,0.010850,0.009672,0.007474,0.006111,
nan,nan,nan,0.021220,nan,0.019652,0.021526,0.021298,0.019024,0.020202,0.019528,0.017467,0.016802,0.018537,0.016409,0.014284,0.013175,0.010870,0.010113,0.008134,0.005974,
nan,0.119080,0.115621,0.114075,0.109485,0.111655,0.103399,0.098494,0.079692,0.076129,0.067190,0.056868,0.046220,0.036741,0.027200,0.018521,0.014305,0.008232,0.004823,0.003513,nan,
0.120248,0.118926,0.116013,0.114573,0.109916,0.106722,0.099985,0.094107,0.086744,0.078695,0.069380,0.059424,0.050668,0.041329,0.031228,0.022534,0.016112,0.008844,0.005381,0.003328,0.002094,
0.118909,0.117459,0.113363,0.114017,0.109720,0.104132,0.097350,0.090965,0.082789,0.074280,0.066257,0.056934,0.047703,0.037980,0.028266,0.020502,0.013229,0.008230,0.004641,0.002935,0.002382,
0.115740,0.114570,0.114126,0.102680,0.107153,0.101678,0.093972,0.089580,0.083833,0.076414,0.067881,0.059958,0.049418,0.040003,0.031046,0.022236,0.014864,0.008810,0.005047,0.003045,0.001952,
0.114472,0.111995,0.109687,0.106685,0.105671,0.097420,0.091289,0.089505,0.080617,0.072329,0.062918,0.053755,0.044630,0.035620,0.027562,0.020354,0.013564,0.008567,0.004935,0.003160,0.002030,
0.106244,0.106582,0.102983,0.099995,0.097231,0.095040,0.086144,0.084408,0.076171,0.067335,0.060696,0.054447,0.046111,0.037527,0.028340,0.020268,0.012886,0.007734,0.004392,0.002806,0.002056,
0.096988,0.101087,0.097572,0.093706,0.092069,0.086803,0.083299,0.081651,0.072006,0.063940,0.060535,0.051772,0.041634,0.032820,0.025333,0.019168,0.013243,0.008534,0.005167,0.003221,0.001957,
0.089075,0.093708,0.090764,0.089705,0.089352,0.084558,0.082188,0.071352,0.068412,0.060222,0.056501,0.047238,0.038791,0.033719,0.026817,0.019077,0.012243,0.007444,0.004585,0.002986,0.002160,
0.083984,0.087953,0.083663,0.084241,0.081960,0.076894,0.072854,0.068801,0.065606,0.056632,0.052302,0.043801,0.038521,0.031714,0.023267,0.016766,0.012301,0.008508,0.005091,0.003100,0.002047,
0.075913,0.080248,0.076857,0.077761,0.074472,0.069741,0.066254,0.061836,0.057301,0.053507,0.049116,0.040941,0.037001,0.028987,0.021981,0.017755,0.011994,0.007380,0.004785,0.003441,0.002232,
0.069403,0.074016,0.070174,0.071315,0.067428,0.065225,0.063594,0.059428,0.054842,0.050414,0.043125,0.038714,0.034200,0.026941,0.022440,0.016510,0.011161,0.008241,0.005263,0.003316,0.002398,
0.062461,0.066550,0.063652,0.064918,0.060768,0.060673,0.057260,0.052999,0.048759,0.044745,0.040728,0.035935,0.031934,0.025452,0.021093,0.015393,0.011946,0.008000,0.005206,0.003855,0.002531,
0.055959,0.059917,0.056550,0.057802,0.054169,0.055143,0.050460,0.046874,0.045633,0.041937,0.038103,0.033650,0.027463,0.023910,0.019705,0.014801,0.011546,0.007954,0.005996,0.003844,0.002893,
0.052127,0.051953,0.049777,0.051197,0.047176,0.048197,0.043767,0.043459,0.040318,0.036619,0.033166,0.029658,0.026177,0.022288,0.018359,0.014665,0.011525,0.008782,0.006155,0.004514,0.003156,
0.043396,0.044941,0.041549,0.043457,0.040801,0.040783,0.037787,0.038083,0.034163,0.031647,0.030003,0.027055,0.023668,0.020598,0.017630,0.014125,0.011629,0.009040,0.006732,0.004977,0.003776,
0.032996,0.035900,0.035117,0.036380,0.034779,0.033714,0.032221,0.031527,0.028812,0.028152,0.025790,0.023519,0.021033,0.019119,0.016628,0.014202,0.011911,0.009894,0.007864,0.005585,0.004346,
0.028502,0.031303,0.028652,0.029606,0.028090,0.027300,0.027372,0.025578,0.025258,0.023360,0.022216,0.021457,0.019201,0.018004,0.015866,0.014280,0.012092,0.010676,0.008714,0.006664,0.005118,
nan,0.025820,0.024767,0.024675,0.023879,0.022788,0.023039,0.021520,0.021444,0.020053,0.020402,0.018854,0.017933,0.016803,0.016157,0.014826,0.013095,0.011051,0.009847,0.007900,0.006304,
nan,nan,0.026133,0.021161,0.019934,nan,0.020522,0.019742,0.020506,0.017136,0.017865,0.018088,0.017428,0.016641,0.014825,0.014585,0.013041,0.011703,0.010357,0.008446,0.007791,
nan,0.120141,0.112356,0.112836,0.106903,0.107377,0.107585,0.095424,0.087756,0.077315,0.064928,0.054545,0.048795,0.039364,0.028778,0.021494,0.013921,0.007474,0.004953,0.002948,nan,
0.118832,0.119818,0.125085,0.114200,0.111208,0.106496,0.099122,0.095409,0.087096,0.077853,0.068960,0.059917,0.050474,0.040489,0.030898,0.022384,0.015897,0.008897,0.005284,0.003413,0.001966,
0.114363,0.114458,nan,0.114257,0.108786,0.103930,0.097664,0.090228,0.083729,0.074981,0.066194,0.058430,0.048030,0.038995,0.030452,0.021011,0.014299,0.008852,0.004848,0.003049,0.002110,
0.111848,0.114825,0.112534,0.112731,0.105721,0.100790,0.097942,0.091503,0.083912,0.075476,0.066371,0.057774,0.047993,0.037897,0.029046,0.020507,0.013529,0.008163,0.004614,0.002980,0.001893,
0.110468,0.110874,0.107227,0.105336,0.103286,0.099673,0.094646,0.086796,0.078671,0.071017,0.063172,0.055375,0.047590,0.038012,0.030109,0.021611,0.014665,0.008970,0.005098,0.003149,0.001943,
0.105671,0.105623,0.103031,0.100310,0.096030,0.092755,0.090762,0.082154,0.076744,0.071206,0.063418,0.053311,0.044438,0.034512,0.026385,0.019016,0.012922,0.008078,0.004864,0.003021,0.002041,
0.097375,0.099964,0.096425,0.097595,0.094913,0.090165,0.087903,0.077766,0.075714,0.066816,0.057634,0.049555,0.042735,0.035649,0.027557,0.020093,0.013027,0.007685,0.004444,0.002868,0.002092,
0.091988,0.092909,0.090551,0.091247,0.086811,0.082195,0.078373,0.074321,0.070501,0.062075,0.052586,0.049241,0.040924,0.032255,0.024431,0.018132,0.012929,0.008561,0.005105,0.003219,0.002005,
0.085868,0.086119,0.084781,0.084467,0.079811,0.076832,0.075569,0.069096,0.062048,0.058027,0.049695,0.045580,0.036891,0.030702,0.025033,0.018207,0.011870,0.007286,0.004805,0.003218,0.002159,
0.077021,0.080229,0.077913,0.077592,0.073724,0.073246,0.068579,0.063785,0.059023,0.054810,0.046262,0.041804,0.034438,0.030251,0.022622,0.016504,0.012213,0.008232,0.004981,0.003172,0.002273,
0.071297,0.073688,0.071007,0.070857,0.067931,0.066745,0.061335,0.057411,0.052763,0.048173,0.044073,0.038883,0.032043,0.027415,0.021070,0.017219,0.011775,0.007496,0.005223,0.003589,0.002298,
0.064848,0.067061,0.064602,0.064173,0.061822,0.059956,0.055736,0.054598,0.050216,0.045522,0.041024,0.036678,0.029572,0.025685,0.021022,0.015822,0.011220,0.008339,0.005295,0.003652,0.002696,
0.059520,0.059533,0.057965,0.057009,0.055835,0.052733,0.050918,0.048687,0.044247,0.040444,0.036853,0.032124,0.028471,0.024064,0.020438,0.015309,0.011843,0.008111,0.005954,0.004140,0.002814,
0.049705,0.052640,0.050545,0.049645,0.049006,0.045931,0.046150,0.042278,0.040003,0.037289,0.033510,0.030003,0.026244,0.022443,0.018818,0.014560,0.011653,0.008728,0.006442,0.004406,0.003306,
0.041195,0.044970,0.042933,0.042571,0.042255,0.038996,0.039678,0.036009,0.035301,0.032093,0.029035,0.027176,0.024312,0.020897,0.018174,0.014507,0.011790,0.009297,0.006847,0.005145,0.003692,
0.036178,0.037203,0.035339,0.034545,0.035375,0.032665,0.032791,0.030424,0.029681,0.027313,0.026163,0.023959,0.021549,0.019378,0.016782,0.014441,0.012093,0.009999,0.008030,0.005857,0.004454,
nan,0.029013,0.028970,0.027495,0.028805,0.027269,0.026934,0.026188,0.024430,0.023776,0.022525,0.020865,0.019513,0.018287,0.016275,0.014676,0.012250,0.010914,0.009047,0.006996,0.005048,
nan,0.022756,0.025500,0.021473,0.023345,0.022876,0.021813,0.021845,0.021265,0.020628,0.019239,0.019147,0.018087,0.016982,0.016497,0.014595,0.013187,0.011507,0.010185,0.008032,0.006913,
nan,0.024001,0.021321,0.019257,0.021516,0.020941,0.018267,0.019550,0.020984,0.018934,0.022675,0.018869,0.017027,0.016116,0.016063,0.014632,0.014395,0.011750,0.011498,0.010481,0.007986,
nan,0.116802,0.117958,0.117355,0.111882,0.109026,0.093023,0.089754,0.082256,0.076039,0.067784,0.055682,0.046139,0.039054,0.025983,0.020145,0.014849,0.006865,0.004067,0.002912,nan,
0.119842,0.118215,0.117422,0.116231,0.111264,0.106700,0.101691,0.093713,0.086879,0.078413,0.068836,0.058345,0.050953,0.040016,0.030994,0.021889,0.014671,0.009105,0.005031,0.003370,0.001982,
0.116552,0.117457,0.117024,0.112770,0.108162,0.102825,0.097133,0.091328,0.084181,0.076506,0.068919,0.059301,0.049483,0.039153,0.031017,0.021573,0.014329,0.008590,0.005272,0.003278,0.002142,
0.111471,0.116137,0.112617,0.110589,0.104046,0.103632,0.096790,0.089835,0.082567,0.074261,0.065295,0.055734,0.047577,0.037238,0.028759,0.020478,0.013411,0.007937,0.004683,0.003034,0.002095,
0.108324,0.111419,0.108245,0.105187,0.100583,0.099819,0.092349,0.086190,0.080122,0.073933,0.066005,0.056911,0.047810,0.037917,0.029374,0.020605,0.013962,0.008023,0.004653,0.002917,0.001932,
0.105912,0.105866,0.102526,0.102941,0.100073,0.097024,0.086949,0.085432,0.077733,0.068816,0.060030,0.052388,0.043840,0.036099,0.028102,0.020570,0.013902,0.008686,0.004996,0.003118,0.001968,
0.106597,0.100585,0.098117,0.096649,0.092126,0.087433,0.084290,0.081313,0.072390,0.064315,0.059869,0.052166,0.042895,0.033838,0.025504,0.018455,0.012403,0.008007,0.004809,0.003069,0.002130,
0.092036,0.095209,0.091622,0.090601,0.086131,0.085380,0.081632,0.070220,0.067946,0.063659,0.055689,0.046720,0.039772,0.033620,0.026357,0.019093,0.012537,0.007693,0.004458,0.002955,0.002137,
0.084675,0.087325,0.085088,0.083655,0.081850,0.078422,0.073016,0.068438,0.063753,0.060790,0.051378,0.044917,0.039108,0.030897,0.023508,0.017717,0.012798,0.008391,0.005009,0.003192,0.002007,
0.076539,0.080249,0.078660,0.076449,0.075564,0.071356,0.066683,0.065243,0.061307,0.051483,0.048015,0.043131,0.035656,0.028689,0.023818,0.017297,0.011428,0.007654,0.005153,0.003472,0.002259,
0.070126,0.074031,0.071819,0.069989,0.069083,0.064586,0.063149,0.059157,0.054265,0.049749,0.044454,0.040444,0.032873,0.028471,0.021763,0.016178,0.012386,0.008110,0.005057,0.003386,0.002550,
0.064003,0.066993,0.065252,0.063302,0.062831,0.058577,0.057499,0.052681,0.049494,0.046694,0.042030,0.035635,0.030908,0.025995,0.020127,0.016423,0.011387,0.008082,0.005705,0.003769,0.002526,
0.056041,0.059355,0.058448,0.056963,0.056237,0.052988,0.051131,0.047797,0.045479,0.041116,0.037122,0.033012,0.028700,0.024179,0.020040,0.015391,0.012064,0.008482,0.005760,0.004317,0.002948,
0.049524,0.052297,0.051157,0.049672,0.049670,0.047118,0.044390,0.043213,0.039583,0.036471,0.034035,0.030292,0.026438,0.022668,0.019359,0.015022,0.011868,0.008643,0.006623,0.004446,0.003503,
0.044952,0.044606,0.044634,0.042307,0.042410,0.040844,0.037538,0.037673,0.034052,0.032995,0.029557,0.026649,0.024163,0.021338,0.017772,0.014803,0.011927,0.009661,0.007034,0.005445,0.003712,
nan,0.036171,0.037091,0.034853,0.034902,0.033795,0.031701,0.031434,0.029301,0.027940,0.025827,0.024291,0.021605,0.019516,0.017069,0.014653,0.012269,0.010218,0.008102,0.006116,0.004849,
0.029806,0.028657,0.031315,0.028501,0.028160,0.027632,0.025687,0.025676,0.025283,0.022945,0.022638,0.021336,0.019742,0.018532,0.016645,0.014823,0.012729,0.011134,0.009195,0.007133,0.005686,
0.025625,0.026048,0.023311,0.024206,0.024290,0.022942,0.021821,0.021819,0.021607,0.020409,0.020169,0.019097,0.018797,0.017658,0.016063,0.015532,0.013397,0.011845,0.010509,0.008460,0.006939,
nan,0.023873,nan,0.020516,nan,0.019976,0.022112,0.020440,0.019470,0.019857,0.019941,0.018268,0.018355,0.017437,0.016429,0.015309,0.013883,0.012661,0.010385,0.009877,0.008886,
nan,0.123337,0.117554,0.116913,0.110845,0.108511,0.102384,0.091133,0.081985,0.076708,0.067786,0.057583,0.047200,0.038520,0.028136,0.019676,0.013267,0.006009,0.004662,0.002647,nan,
0.120075,0.118173,0.117926,0.114794,0.111359,0.105403,0.099929,0.094031,0.088665,0.076482,0.068153,0.058954,0.050482,0.039227,0.030671,0.022495,0.014745,0.008787,0.005378,0.003273,0.002143,
0.112193,0.118315,0.117286,0.112838,0.109345,0.104373,0.099114,0.092553,0.085279,0.077755,0.067857,0.059138,0.048806,0.039734,0.030689,0.022044,0.014493,0.008618,0.004878,0.003294,0.002082,
0.108884,0.114688,0.111595,0.108942,0.108325,0.101534,0.095230,0.089390,0.081869,0.073960,0.065906,0.056159,0.047399,0.039153,0.029120,0.021100,0.014031,0.008572,0.004767,0.003042,0.002036,
0.103431,0.111953,0.107667,0.108286,0.105866,0.097643,0.092737,0.088846,0.081323,0.072884,0.063834,0.055606,0.045454,0.036362,0.027921,0.020269,0.013086,0.008044,0.004521,0.002975,0.001961,
0.107961,0.106692,0.104571,0.101804,0.097742,0.093758,0.091201,0.082928,0.075410,0.069379,0.062203,0.054267,0.046392,0.036929,0.028477,0.020247,0.013480,0.008099,0.004683,0.002848,0.001868,
0.098521,0.100340,0.098252,0.095653,0.093419,0.091139,0.091106,0.078188,0.074607,0.066661,0.058399,0.049719,0.042282,0.034382,0.027006,0.019789,0.013485,0.008514,0.004950,0.003043,0.001958,
0.089610,0.093420,0.091383,0.088946,0.089004,0.083182,0.078318,0.074053,0.070157,0.061652,0.055148,0.049235,0.040589,0.032194,0.024629,0.018290,0.012511,0.007929,0.004904,0.003174,0.002104,
0.084276,0.087424,0.084967,0.082532,0.082040,0.076599,0.074845,0.070473,0.068252,0.057424,0.053011,0.044660,0.037391,0.031951,0.025004,0.018191,0.011987,0.007722,0.004760,0.003196,0.002199,
0.078725,0.079767,0.078401,0.076466,0.075153,0.071802,0.068706,0.063564,0.058456,0.053813,0.048599,0.040820,0.036737,0.029144,0.022263,0.017665,0.012567,0.007999,0.005004,0.003225,0.002212,
0.071930,0.072468,0.071817,0.069581,0.068510,0.065980,0.061874,0.058799,0.055243,0.050121,0.045737,0.037515,0.033360,0.026973,0.022590,0.016397,0.011410,0.008288,0.005499,0.003623,0.002400,
0.066881,0.066176,0.065150,0.063380,0.061742,0.060381,0.056096,0.054416,0.049645,0.044569,0.040239,0.035959,0.031004,0.026829,0.020752,0.016444,0.012135,0.007973,0.005486,0.003909,0.002685,
0.056052,0.059173,0.058730,0.056658,0.055118,0.054443,0.050862,0.048583,0.044625,0.041838,0.037465,0.033293,0.028850,0.024481,0.019480,0.015617,0.011639,0.008759,0.005942,0.004073,0.003079,
0.050246,0.052246,0.051590,0.050174,0.048049,0.047902,0.045323,0.042516,0.040544,0.037069,0.033384,0.030565,0.026672,0.022796,0.018536,0.015176,0.012233,0.008756,0.006751,0.004823,0.003422,
0.042116,0.044255,0.043874,0.042565,0.041021,0.041267,0.039391,0.036553,0.035565,0.032112,0.030183,0.027231,0.023840,0.021208,0.017638,0.014986,0.012196,0.009725,0.007274,0.005431,0.004091,
0.033432,0.037096,0.035582,0.035764,0.034053,0.034295,0.033181,0.031135,0.029667,0.028066,0.025946,0.024454,0.022168,0.019874,0.017299,0.014914,0.012511,0.010454,0.008095,0.006284,0.004887,
nan,0.029154,0.028701,0.029085,0.027802,0.027462,0.027536,0.026117,0.024746,0.024156,0.022195,0.021650,0.020019,0.018597,0.016815,0.015142,0.013023,0.011301,0.009564,0.007426,0.005880,
0.028356,0.022827,0.023957,0.024064,0.022044,0.022681,0.021879,0.021849,0.021256,0.020545,0.020290,0.019302,0.018536,0.017731,0.016729,0.015438,0.013908,0.012225,0.010689,0.009077,0.006944,
nan,0.021252,0.020971,0.020580,0.018900,0.019109,0.020553,0.020034,0.021007,0.020133,0.019258,0.019151,0.017388,0.018051,0.016034,0.014999,0.014951,0.013282,0.011202,0.009812,0.008594,
nan,0.112156,0.115824,0.115138,0.112201,0.108942,0.095340,0.089355,0.083701,0.071536,0.066837,0.056362,0.046340,0.038309,0.026328,0.017195,0.012098,0.008777,0.003502,0.002494,nan,
0.116632,0.113328,0.118518,0.115023,0.109898,0.104669,0.099340,0.094045,0.086573,0.078651,0.068665,0.060191,0.049977,0.039558,0.029322,0.022626,0.013868,0.008846,0.005101,0.003191,0.001896,
0.118633,0.118402,0.115506,0.112430,0.109502,0.104198,0.099185,0.092703,0.085095,0.076179,0.068211,0.058950,0.049237,0.040140,0.030920,0.021833,0.015045,0.008971,0.005131,0.003295,0.002106,
0.118463,0.116046,0.112688,nan,0.106762,0.102267,0.095493,0.089605,0.082317,0.074439,0.066417,0.057667,0.048394,0.038890,0.030397,0.021218,0.014350,0.008716,0.004893,0.003031,0.002014,
0.111890,0.111474,0.109086,0.106415,0.103297,0.098446,0.094232,0.087117,0.078747,0.071441,0.063305,0.055119,0.046564,0.037319,0.028637,0.020757,0.013707,0.008263,0.004743,0.003145,0.001986,
0.102614,0.107248,0.104069,0.101071,0.098909,nan,0.088704,0.082209,0.078018,0.070801,0.062317,0.053036,0.044286,0.035163,0.027379,0.019602,0.013136,0.008072,0.004596,0.002912,0.002083,
0.102749,0.100480,0.098836,0.095263,0.094420,0.088647,0.084622,0.080979,0.072736,0.065165,0.058673,0.051802,0.043585,0.035114,0.026976,0.019368,0.012935,0.007876,0.004664,0.002891,0.001959,
0.094903,0.093870,0.091970,0.089636,0.087247,0.082975,0.081067,0.079241,0.067439,0.063219,0.055428,0.047201,0.040152,0.033131,0.025891,0.019175,0.013201,0.008211,0.004870,0.003035,0.001994,
0.085672,0.087009,0.085620,0.083441,0.080402,0.079101,0.073562,0.068405,0.063758,0.058449,0.050078,0.046154,0.038333,0.030368,0.023850,0.018098,0.012561,0.008222,0.005029,0.003277,0.002197,
0.076321,0.080764,0.078792,0.077042,0.073859,0.072342,0.067093,0.064862,0.059347,0.054008,0.046882,0.042074,0.035264,0.030328,0.023389,0.016972,0.011761,0.007980,0.005179,0.003496,0.002268,
0.069344,0.072646,0.071904,0.070688,0.067923,0.066366,0.063006,0.058843,0.053865,0.048781,0.042853,0.039153,0.034184,0.027388,0.021993,0.017289,0.011966,0.007874,0.005272,0.003583,0.002556,
0.064581,0.065939,0.065627,0.064125,0.061892,0.059919,0.057673,0.052952,0.050348,0.045699,0.041279,0.036399,0.031131,0.025710,0.021223,0.015789,0.012141,0.008568,0.005618,0.003784,0.002892,
0.058107,0.059248,0.058065,0.057572,0.055141,0.053378,0.051655,0.048001,0.045225,0.041253,0.037836,0.033393,0.029014,0.025202,0.020109,0.015945,0.011851,0.008484,0.006233,0.004338,0.002945,
0.049308,0.052249,0.051661,0.050611,0.048879,0.046912,0.045880,0.042944,0.039856,0.037580,0.033787,0.030157,0.027078,0.023813,0.018695,0.015405,0.012369,0.009118,0.006462,0.004899,0.003525,
0.043384,0.043961,0.044123,0.042962,0.041659,0.040144,0.039178,0.037405,0.034590,0.032683,0.029934,0.027580,0.024424,0.021329,0.018189,0.015227,0.012367,0.009539,0.007663,0.005428,0.004321,
0.034975,0.036400,0.037085,0.036343,0.034544,0.033400,0.032758,0.031717,0.029630,0.027778,0.026497,0.024242,0.022243,0.019913,0.017539,0.015120,0.012810,0.010650,0.008248,0.006691,0.004830,
0.027809,0.028425,0.029260,0.029246,0.028198,0.027246,0.026962,0.026152,0.025124,0.023830,0.023172,0.021580,0.020506,0.018534,0.017259,0.015305,0.013315,0.011605,0.009792,0.007489,0.005985,
0.023125,0.023017,0.024776,0.025122,0.022854,0.022531,0.022536,0.022214,0.021182,0.020642,0.019847,0.019577,0.018660,0.018258,0.016900,0.015810,0.014375,0.012611,0.011121,0.009142,0.007536,
nan,nan,nan,0.020436,0.022829,0.021024,0.020391,0.021264,0.023840,0.018729,0.020236,0.020455,0.018542,0.019090,0.016518,0.014721,0.015179,0.013955,0.012400,0.011123,0.009485,
nan,0.120708,0.117843,0.115008,0.105919,0.110064,0.096537,0.090715,0.086051,0.071801,0.067634,0.055984,0.047158,0.037365,0.028081,0.021846,0.011693,0.007199,0.004513,0.002819,nan,
0.121452,0.121878,0.116396,0.115601,0.110797,0.105182,0.099508,0.093127,0.085217,0.076115,0.067862,0.059970,0.049412,0.038615,0.030828,0.021712,0.014796,0.008287,0.004686,0.002948,0.002343,
0.122198,0.118779,0.114788,0.113850,0.109376,0.104717,0.097998,0.093285,0.085593,0.077195,0.067757,0.059008,0.049537,0.039902,0.030194,0.021902,0.014645,0.008752,0.004940,0.003238,0.001988,
0.113985,0.115467,0.113602,0.114742,0.106319,0.101415,0.096939,0.089358,0.083020,0.075339,0.066921,0.057832,0.048576,0.038287,0.029991,0.021435,0.014146,0.008238,0.004868,0.003148,0.002083,
0.108352,0.110498,0.108807,0.105520,0.102239,0.099515,0.092400,0.086460,0.080220,0.072192,0.064619,0.055455,0.046619,0.038033,0.028885,0.021014,0.013851,0.008541,0.004786,0.002986,0.001987,
0.104839,0.105062,0.104158,0.101538,0.099603,0.094665,0.088952,0.084143,0.076695,0.068976,0.060781,0.053499,0.044719,0.035852,0.027983,0.020089,0.013523,0.008095,0.004746,0.003096,0.001970,
0.096065,0.100057,0.097905,0.096160,0.092574,0.087999,nan,0.078492,0.073783,0.067238,0.059328,0.050368,0.042462,0.033697,0.026268,0.019117,0.012936,0.008096,0.004741,0.002918,0.002125,
0.093156,0.093725,0.092502,0.090674,0.086380,0.084602,0.078696,0.073901,0.069181,0.061483,0.055514,0.048780,0.041069,0.033044,0.025498,0.018242,0.012399,0.007955,0.004819,0.003040,0.002118,
0.084172,0.087519,0.085654,0.084364,0.081130,0.077660,0.074176,0.069838,0.064175,0.056278,0.052153,0.044352,0.038462,0.031702,0.024704,0.018279,0.012527,0.007856,0.004912,0.003109,0.002125,
0.079173,0.079411,0.079418,0.077820,0.075149,0.071287,0.068986,0.063406,0.058580,0.048981,0.048054,0.043061,0.035814,0.028945,0.023403,0.017883,0.012576,0.008248,0.005095,0.003362,0.002322,
0.069986,0.073402,0.072251,0.071214,0.068631,0.065295,0.062812,0.059111,0.054655,0.049827,0.044804,0.039306,0.033098,0.028403,0.021771,0.016398,0.012140,0.008368,0.005557,0.003690,0.002467,
0.062486,0.065565,0.065699,0.064293,0.062302,0.059525,0.056831,0.054106,0.049538,0.046137,0.041300,0.036514,0.031880,0.025912,0.021693,0.016425,0.011659,0.008266,0.005838,0.004095,0.002760,
0.059969,0.058224,0.058614,0.057181,0.055631,0.053429,0.050862,0.048806,0.045326,0.041530,0.037412,0.033572,0.029184,0.024213,0.020177,0.015877,0.012289,0.008647,0.006069,0.004344,0.003293,
0.049276,0.052244,0.051284,0.050053,0.048957,0.047166,0.044771,0.043159,0.040761,0.036729,0.034209,0.030598,0.026781,0.022351,0.019255,0.015619,0.012078,0.009424,0.006738,0.004749,0.003669,
0.041963,0.044771,0.043198,0.043038,0.041808,0.040589,0.038598,0.037217,0.035749,0.032985,0.030118,0.027805,0.024627,0.021629,0.018392,0.015342,0.012754,0.009681,0.007698,0.005654,0.004137,
0.033522,0.036343,0.036918,0.035829,0.034633,0.033521,0.032348,0.031376,0.030183,0.028823,0.026356,0.024817,0.022551,0.020113,0.017779,0.015242,0.012980,0.010827,0.008559,0.006753,0.004984,
0.028903,0.028507,0.029448,0.028827,0.028070,0.028204,0.026641,0.025459,0.025321,0.024609,0.023257,0.021844,0.020511,0.018846,0.017547,0.015506,0.013663,0.011742,0.010097,0.007713,0.006523,
0.023364,0.023198,0.024608,0.024225,0.023731,0.022113,0.022925,0.021615,0.021822,0.021163,0.020424,0.020351,0.019668,0.018423,0.017196,0.016070,0.014441,0.013104,0.011191,0.009650,0.007767,
nan,nan,nan,0.021748,0.021955,0.021566,0.019657,0.020159,0.018616,0.019942,0.022125,0.019018,0.018163,0.018038,0.017889,0.016804,0.016272,0.014184,0.012709,0.010794,0.008972,
nan,0.123366,0.120131,0.113075,0.114644,0.102853,0.095342,0.090744,0.085253,0.074680,0.064333,0.052926,0.046072,0.035546,0.025901,0.019269,0.012288,0.007431,0.004352,0.002929,nan,
0.120003,0.121012,0.117234,0.114908,0.109472,0.104424,0.100393,0.093692,0.085320,0.076286,0.067920,0.059395,0.048581,0.039390,0.030816,0.021614,0.014239,0.008038,0.004805,0.003132,0.002153,
0.119150,0.118261,0.115833,0.113316,0.109540,0.105275,0.098949,0.092111,0.084391,0.076034,0.066617,0.057556,0.049313,0.038689,0.030179,0.021574,0.013984,0.008255,0.005053,0.003089,0.001935,
0.115394,0.115291,0.113117,0.110912,0.106262,0.101912,0.096434,0.090678,0.083176,0.075528,0.066724,0.058034,0.047999,0.039026,0.030045,0.021438,0.014345,0.008570,0.004936,0.003132,0.002069,
0.112346,0.111520,0.108926,0.105995,nan,0.098027,0.093224,0.087924,0.080335,0.072473,0.065024,0.055906,0.047373,0.037321,0.029059,0.020553,0.013997,0.008388,0.004821,0.003065,0.002058,
0.105968,0.106423,0.104208,0.101713,0.098025,0.092720,0.089692,0.082908,0.076061,0.069706,0.061619,0.053926,0.045144,0.036920,0.028116,0.020437,0.013606,0.008333,0.004787,0.002953,0.001996,
0.097729,0.100701,0.098333,0.096881,0.092725,0.089968,0.084648,0.080435,0.073313,0.065463,0.058311,0.050635,0.043114,0.034458,0.027130,0.019574,0.013259,0.008051,0.004787,0.003102,0.002009,
0.089076,0.094223,0.092265,0.090417,0.088139,0.083043,0.080370,0.076627,0.067203,0.062945,0.055584,0.047718,0.040308,0.032451,0.025462,0.018720,0.012780,0.008135,0.004865,0.003064,0.002180,
0.081749,0.087365,0.085125,0.084020,0.081657,0.077511,0.074002,0.068422,0.061561,0.058271,0.052508,0.045871,0.038326,0.031038,0.024151,0.017683,0.012318,0.008102,0.005004,0.003202,0.002283,
0.076304,0.080783,0.078264,0.076861,0.075260,0.072099,0.067787,0.064589,0.059422,0.054082,0.048431,0.041478,0.036696,0.029862,0.023146,0.017207,0.012034,0.008001,0.005167,0.003382,0.002405,
0.070656,0.072532,0.071317,0.070369,0.068800,0.066162,0.062398,0.058869,0.054917,0.049965,0.044981,0.040069,0.033503,0.027909,0.022838,0.017125,0.012112,0.008125,0.005268,0.003611,0.002623,
0.061880,0.066011,0.064774,0.063999,0.062563,0.059975,0.057008,0.053459,0.050549,0.045526,0.041566,0.036553,0.031124,0.026494,0.020923,0.016633,0.012294,0.008586,0.005756,0.003942,0.002812,
0.054581,0.058082,0.058169,0.057182,0.056215,0.053750,0.051608,0.048484,0.045464,0.041927,0.037864,0.033556,0.031539,0.024536,0.020558,0.015763,0.012113,0.009062,0.006390,0.004486,0.003063,
0.050427,0.050653,0.051169,0.050487,0.049168,0.047739,0.045286,0.042870,0.040260,0.037844,0.034320,0.030831,0.027012,0.023149,0.019384,0.015905,0.012144,0.009236,0.006987,0.005122,0.003544,
0.042007,0.044475,0.043435,0.043400,0.042166,0.041049,0.039013,0.037458,0.034896,0.032927,0.030812,0.027459,0.024829,0.021745,0.018557,0.015519,0.012849,0.010013,0.007484,0.005987,0.004359,
0.034023,0.036154,0.035015,0.035609,0.034829,0.034067,0.032615,0.031789,0.029945,0.028101,0.026747,0.024874,0.022321,0.020328,0.018045,0.015467,0.013219,0.011007,0.008765,0.006589,0.005525,
0.029004,0.031246,0.029050,0.029236,0.028450,0.027989,0.027222,0.026125,0.025315,0.023960,0.023361,0.022248,0.020713,0.019195,0.017680,0.015881,0.013835,0.011854,0.010360,0.008031,0.006555,
nan,0.026401,0.023237,0.023799,0.023734,0.022889,0.022136,0.021971,0.022012,0.021039,0.020502,0.019795,0.019228,0.018357,0.017145,0.015760,0.014672,0.013499,0.011444,0.009777,0.007983,
nan,nan,0.022682,nan,0.020010,0.020443,0.019790,0.021913,0.018783,0.020919,0.019003,0.019725,0.019635,0.017587,0.017731,0.017403,0.014922,0.014557,0.012665,0.011595,0.010058,
nan,0.119923,0.121409,0.113793,0.109708,0.105168,0.100033,0.094011,0.081487,0.072238,0.063370,0.055664,0.045320,0.041638,0.027599,0.019180,0.010975,0.007593,0.003954,0.002360,nan,
0.119554,0.108869,0.116778,0.114281,0.110064,0.105580,0.099004,0.092017,0.084934,0.077151,0.067142,0.058319,0.048280,0.038546,0.028840,0.021353,0.014184,0.008581,0.004911,0.003260,0.002252,
0.118457,0.117665,0.115920,0.113126,0.109211,0.103385,0.098581,0.091444,0.085425,0.076221,0.067511,0.058885,0.049616,0.038446,0.029726,0.021747,0.013780,0.008437,0.004728,0.002935,0.002048,
0.114475,0.113682,0.112566,0.109598,0.107200,0.102213,0.096129,0.090349,0.082647,0.075071,0.066000,0.057189,0.048160,0.038642,0.029680,0.021299,0.013897,0.008426,0.004840,0.003014,0.001908,
0.110184,0.109946,0.108870,0.106435,0.103256,0.098688,0.093727,0.087177,0.080467,0.073290,0.064634,0.056138,0.046887,0.037958,0.029465,0.020968,0.014006,0.008346,0.004760,0.003066,0.002025,
0.103167,0.105157,0.103368,0.102352,0.098393,0.097609,0.088742,0.083780,0.077172,0.069905,0.062476,0.053705,0.045498,0.036115,0.028018,0.020024,0.013593,0.008276,0.004828,0.003055,0.002055,
0.098319,0.098636,0.098238,0.096645,0.094172,0.088726,nan,0.078933,0.072524,0.066292,0.058769,0.051307,0.043206,0.035225,0.027078,0.019663,0.013314,0.008240,0.004753,0.002962,0.002084,
0.092115,0.092034,0.091846,0.090693,0.087983,0.084210,0.079225,0.073225,0.069173,0.061601,0.055284,0.048089,0.041175,0.033130,0.025875,0.018897,0.012940,0.008105,0.004861,0.003130,0.002059,
0.087131,0.085582,0.085093,0.084281,0.081510,0.078490,0.073606,0.069623,0.064155,0.058884,0.051886,0.044831,0.038292,0.031283,0.024550,0.018109,0.012609,0.008093,0.004977,0.003287,0.002206,
0.077381,0.078838,0.078830,0.077643,0.075236,0.072240,0.068357,0.063607,0.059681,0.054233,0.048772,0.042629,0.035687,0.029496,0.023213,0.017512,0.012354,0.008289,0.005214,0.003419,0.002449,
0.069969,0.071985,0.072132,0.070813,0.069025,0.066116,0.062768,0.059029,0.054764,0.050217,0.045199,0.038628,0.034222,0.027809,0.021975,0.016788,0.012117,0.008408,0.005529,0.003724,0.002634,
0.064706,0.064923,0.065467,0.064190,0.062484,0.059936,0.057059,0.054150,0.049980,0.045990,0.041069,0.039323,0.031176,0.026872,0.021411,0.016347,0.011983,0.008514,0.005844,0.004077,0.002935,
0.056721,0.057871,0.058709,0.057548,0.055906,0.053771,0.051384,0.048787,0.045345,0.041643,0.038062,0.033822,0.029006,0.024862,0.020655,0.016352,0.012061,0.008741,0.006273,0.004490,0.003361,
0.050261,0.050086,0.051266,0.050126,0.048895,0.047414,0.045520,0.043192,0.040622,0.037253,0.034364,0.030949,0.027158,0.023338,0.019524,0.015984,0.012564,0.009365,0.006834,0.005064,0.003859,
nan,0.042793,0.043752,0.042529,0.041944,0.040856,0.039597,0.037249,0.035561,0.033081,0.030250,0.027860,0.024996,0.021890,0.018731,0.015672,0.012707,0.010419,0.007712,0.005798,0.004537,
0.036380,0.036440,0.035733,0.035797,0.034352,0.033988,0.033275,0.031596,0.030230,0.028459,0.026491,0.024820,0.022510,0.020412,0.018335,0.015664,0.013422,0.010914,0.008996,0.007101,0.005265,
nan,0.027911,0.029074,0.028508,0.027615,0.027694,0.027185,0.026282,0.025475,0.024391,0.023129,0.022127,0.020526,0.019105,0.017678,0.015744,0.014073,0.012157,0.010032,0.008361,0.006333,
0.025453,0.025073,0.023983,0.023201,0.023049,0.021889,0.022293,0.022052,0.021574,0.021705,0.020553,0.020211,0.019199,0.018357,0.017701,0.016310,0.015034,0.013680,0.011690,0.009805,0.008386,
nan,nan,nan,0.022121,0.018840,0.022089,0.018096,0.020928,0.020986,0.020998,0.019396,0.019972,0.019295,0.017580,0.016973,0.016453,0.015809,0.014717,0.013330,0.011991,0.009753,
nan,0.113875,0.117475,0.114493,0.112556,0.099902,0.099812,0.092026,0.086042,0.073885,0.065364,0.058251,0.046225,0.037679,0.026180,0.017268,0.011511,0.006375,0.003760,0.002665,nan,
0.122745,0.127798,0.116703,0.113017,0.110412,0.106639,0.099131,0.092216,0.085245,0.076911,0.068334,0.059325,0.048527,0.039751,0.028340,0.022280,0.014201,0.008102,0.004761,0.002886,0.002232,
0.120961,0.117398,0.113897,0.113446,0.109111,0.103494,0.098123,0.092224,0.084476,0.075583,0.067774,0.058457,0.048600,0.037977,0.029727,0.021655,0.014378,0.008239,0.004773,0.003068,0.002057,
0.117536,0.115246,0.112206,0.109594,0.107187,0.101893,0.096268,0.089706,0.082919,0.074099,0.065951,0.057349,0.048327,0.038063,0.029190,0.021508,0.013510,0.008223,0.004712,0.002919,0.001955,
0.111542,0.111223,0.108991,0.106743,0.103305,0.099114,0.093154,0.087282,0.079942,0.072462,0.063920,0.055551,0.046814,0.037582,0.028782,0.020634,0.013484,0.008071,0.004713,0.002940,0.001862,
0.107871,0.105613,0.104342,0.102160,0.099156,0.094284,0.089737,0.083887,0.077015,0.070140,0.061815,0.053841,0.045168,0.036673,0.028200,0.020468,0.013609,0.008093,0.004772,0.003027,0.001954,
0.097193,0.099733,0.098348,0.096566,0.093688,0.089884,0.084716,0.079291,0.073403,0.066490,0.059234,0.051250,0.043439,0.034741,0.027084,0.019499,0.013260,0.008060,0.004836,0.003143,0.002053,
0.092758,0.093193,0.092111,0.089834,0.087633,0.084134,0.079703,0.074527,0.068554,0.062470,0.055762,0.048458,0.040981,0.033184,0.025911,0.018799,0.012883,0.008157,0.004900,0.003189,0.002141,
0.083731,0.085803,0.085360,0.083348,0.080909,0.077808,0.074167,0.069296,0.065463,0.057843,0.052182,0.045544,0.038765,0.031639,0.024767,0.018199,0.012685,0.008172,0.005026,0.003257,0.002264,
0.077512,0.079048,0.078886,0.076608,0.074656,0.071889,0.068400,0.064446,0.059286,0.054294,0.048137,0.042404,0.036233,0.029796,0.023524,0.017559,0.012492,0.008177,0.005167,0.003458,0.002352,
0.070419,0.072619,0.071723,0.070087,0.068329,0.065888,0.062757,0.059242,0.054898,0.050027,0.044436,0.039544,0.033839,0.028170,0.022474,0.017021,0.012271,0.008370,0.005458,0.003730,0.002563,
0.063726,0.065404,0.064595,0.063745,0.062089,0.060068,0.057316,0.053910,0.050270,0.045881,0.041679,0.036603,0.031726,0.026401,0.021394,0.016573,0.012268,0.008672,0.005926,0.004039,0.002854,
0.056341,0.058312,0.057607,0.057084,0.055760,0.053735,0.051409,0.048611,0.045665,0.041777,0.037965,0.033914,0.029504,0.025094,0.020341,0.016219,0.012325,0.009135,0.006447,0.004598,0.003261,
0.051011,0.051418,0.050496,0.050152,0.049004,0.047326,0.045253,0.043161,0.040562,0.037748,0.034357,0.030773,0.027256,0.023516,0.019804,0.015870,0.012423,0.009584,0.007096,0.005214,0.003795,
0.041283,0.042813,0.043410,0.042688,0.041842,0.040551,0.039028,0.037506,0.035612,0.033073,0.030836,0.027775,0.024801,0.021970,0.018995,0.016024,0.012675,0.010093,0.007945,0.005983,0.004629,
0.034458,0.035176,0.035669,0.035257,0.035219,0.033957,0.032524,0.031685,0.030328,0.028683,0.026869,0.024837,0.022783,0.020505,0.018232,0.015791,0.013601,0.011096,0.008888,0.007019,0.005676,
0.028493,0.029148,0.027946,0.028249,0.028458,0.027564,0.026910,0.026752,0.025464,0.024521,0.023561,0.022227,0.020833,0.019523,0.017786,0.016068,0.014232,0.012547,0.010246,0.008238,0.007141,
0.023056,0.022715,0.022403,0.022674,0.023127,0.022850,0.022665,0.022461,0.021756,0.021559,0.021171,0.020321,0.019177,0.018412,0.017745,0.016684,0.015105,0.013746,0.012067,0.009874,0.008806,
nan,nan,nan,0.022894,0.022633,0.024397,0.018129,0.020642,0.020074,0.019919,0.020838,0.018688,0.019000,0.018679,0.018950,0.016907,0.016721,0.014698,0.013238,0.012008,0.009500,
nan,0.116591,0.110831,0.110934,0.106592,0.105034,0.098536,0.089001,0.083544,0.077278,0.062867,0.056659,0.044064,0.039352,0.025025,0.019245,0.011483,0.005609,0.003892,0.002643,nan,
0.122549,nan,0.116423,0.115002,0.110473,0.105551,0.099817,0.092847,0.085074,0.075887,0.068469,0.056262,0.048590,0.039773,0.029083,0.021003,0.013268,0.008197,0.004660,0.003083,0.002088,
0.118301,0.117493,0.112064,0.112097,0.108878,0.104529,0.097844,0.091216,0.084201,0.076132,0.066746,0.058244,0.048286,0.039391,0.028997,0.021586,0.013866,0.008283,0.004661,0.002973,0.002139,
0.112529,0.114963,0.112464,0.111811,0.106249,0.100961,0.095968,0.089634,0.082867,0.074254,0.066010,0.057488,0.047985,0.037905,0.029022,0.021257,0.014182,0.008200,0.004751,0.002965,0.002020,
0.109439,0.110625,0.107762,0.106195,0.103748,0.098356,0.093047,0.087144,0.080372,0.071840,0.063968,0.055628,0.046878,0.036693,0.028448,0.020924,0.013595,0.008043,0.004633,0.002858,0.001938,
0.103760,0.105369,0.102750,0.101244,0.098515,0.095282,0.089241,0.083667,0.076801,0.069384,0.061525,0.053544,0.045128,0.035574,0.027713,0.020134,0.013227,0.007964,0.004639,0.002899,0.001957,
0.101457,0.099132,0.097006,0.095701,0.093060,0.089483,0.085203,0.079433,0.072890,0.066130,0.058680,0.051105,0.043212,0.034715,0.026914,0.019571,0.013203,0.008074,0.004733,0.002996,0.001975,
0.094543,0.092217,0.090538,0.089926,0.087282,0.083842,0.079565,0.074295,0.069101,0.062446,0.055540,0.048353,0.040919,0.033232,0.025764,0.018889,0.012897,0.007958,0.004793,0.003075,0.001986,
0.086005,0.085669,0.084543,0.083594,0.081126,0.077810,0.073912,0.069491,0.063608,0.058615,0.052247,0.045445,0.038590,0.031545,0.024628,0.018142,0.012663,0.008080,0.005009,0.003280,0.002147,
0.078043,0.079153,0.077853,0.077094,0.075014,0.071677,0.068257,0.064304,0.059593,0.054252,0.048870,0.042629,0.036296,0.029936,0.023522,0.017615,0.012458,0.008151,0.005256,0.003486,0.002306,
0.070882,0.072331,0.071100,0.070467,0.068732,0.065722,0.062587,0.059037,0.054859,0.050122,0.045111,0.039906,0.034154,0.028215,0.022500,0.017100,0.012375,0.008364,0.005526,0.003727,0.002525,
0.062527,0.065344,0.064417,0.063886,0.062351,0.059611,0.057094,0.053868,0.050139,0.046155,0.041569,0.036768,0.032054,0.026726,0.021574,0.016568,0.012399,0.008639,0.005918,0.004075,0.002774,
0.056496,0.058132,0.057630,0.057214,0.055557,0.053595,0.051434,0.048424,0.045380,0.041968,0.038092,0.033755,0.029583,0.025273,0.020755,0.016283,0.012394,0.009042,0.006445,0.004540,0.003228,
0.049066,0.050723,0.051237,0.050186,0.049060,0.047152,0.045446,0.043097,0.040452,0.037773,0.034454,0.031017,0.027263,0.023602,0.019987,0.016165,0.012661,0.009646,0.007189,0.005155,0.003745,
0.040670,0.043265,0.043680,0.042600,0.042119,0.040545,0.039176,0.037388,0.035346,0.033298,0.030703,0.027895,0.025162,0.021947,0.019022,0.016141,0.013110,0.010376,0.008056,0.006021,0.004316,
0.033626,0.035216,0.035804,0.034499,0.034813,0.033734,0.033094,0.031671,0.030388,0.028531,0.027112,0.024908,0.023013,0.020634,0.018243,0.015947,0.013723,0.011375,0.009232,0.007151,0.005417,
0.027137,0.028668,0.028770,0.028033,0.027858,0.027415,0.026937,0.026450,0.025464,0.024212,0.023606,0.022508,0.021018,0.019612,0.017686,0.016132,0.014358,0.012545,0.010675,0.008523,0.006681,
nan,0.023466,0.023560,0.022637,0.022411,0.022685,0.022663,0.022174,0.021675,0.021424,0.020902,0.020914,0.019640,0.018785,0.017883,0.016550,0.015135,0.013835,0.012355,0.010479,0.008494,
nan,nan,nan,nan,nan,0.019460,0.019483,0.021031,0.021136,0.018952,0.022303,0.019639,0.019725,0.018882,0.019002,0.017228,0.016717,0.014791,0.013301,0.011172,0.010871,
0.120580,0.115842,0.119414,0.116665,0.107650,0.103824,0.101538,0.087087,0.085740,0.074486,0.070347,0.055683,0.049623,0.036007,0.028691,0.020295,0.013021,0.006759,0.004651,0.002883,nan,
0.114186,0.119276,0.116927,0.114706,0.109433,0.106672,0.100435,0.091418,0.085199,0.075538,0.066344,0.057583,0.049555,0.039753,0.028444,0.019872,0.013878,0.007517,0.004669,0.002911,0.001793,
0.111913,0.115779,0.115367,0.113461,0.108579,0.105007,0.098690,0.091127,0.084728,0.074789,0.068032,0.057094,0.049139,0.040149,0.029096,0.020544,0.013757,0.007930,0.004764,0.002943,0.001849,
0.109671,0.112309,0.111838,0.110197,0.106412,0.102814,0.096097,0.089154,0.082919,0.073554,0.066230,0.056496,0.047731,0.039394,0.028971,0.020558,0.013601,0.008051,0.004597,0.002894,0.001884,
0.108249,0.109602,0.108434,0.106618,0.103167,0.098356,0.092797,0.086411,0.080118,0.071560,0.064419,0.055503,0.046161,0.038361,0.027948,0.020294,0.013516,0.008015,0.004633,0.002899,0.001867,
0.101407,0.105401,0.103698,0.101929,0.098636,0.094458,0.089240,0.083193,0.076953,0.069094,0.061862,0.053645,0.044832,0.037016,0.027370,0.020047,0.013303,0.008086,0.004689,0.002893,0.001875,
0.096556,0.099987,0.097590,0.096222,0.093203,0.089138,0.084729,0.079261,0.073198,0.065612,0.058856,0.051213,0.042994,0.035043,0.026469,0.019492,0.013133,0.008051,0.004751,0.002878,0.001922,
0.091465,0.093897,0.091243,0.090344,0.087283,0.083481,0.079396,0.074529,0.068606,0.061999,0.055604,0.048224,0.041003,0.033103,0.025382,0.018809,0.012912,0.007996,0.004742,0.003007,0.002024,
0.084309,0.087047,0.084575,0.084161,0.081133,0.077656,0.074000,0.069380,0.064328,0.058231,0.052026,0.045519,0.038692,0.031410,0.024368,0.018315,0.012683,0.008137,0.004936,0.003178,0.002116,
0.077353,0.079761,0.077659,0.077591,0.074783,0.071973,0.068428,0.064143,0.059430,0.054299,0.048635,0.042511,0.036380,0.029856,0.023333,0.017572,0.012542,0.008282,0.005087,0.003359,0.002295,
0.070549,0.072301,0.070978,0.070803,0.068263,0.065834,0.062688,0.058969,0.054920,0.050109,0.045203,0.039647,0.034069,0.028325,0.022241,0.017007,0.012270,0.008344,0.005341,0.003654,0.002522,
0.064751,0.064844,0.064087,0.064011,0.061682,0.059855,0.057099,0.053795,0.050162,0.045969,0.041562,0.036888,0.031934,0.026753,0.021414,0.016592,0.012278,0.008589,0.005773,0.004028,0.002830,
0.058473,0.057559,0.057121,0.057190,0.055193,0.053713,0.051208,0.048367,0.045432,0.041971,0.038093,0.033995,0.029740,0.025229,0.020723,0.016291,0.012449,0.008978,0.006372,0.004541,0.003157,
0.051850,0.050837,0.049786,0.050771,0.048701,0.047325,0.045399,0.043378,0.040540,0.037778,0.034528,0.031166,0.027502,0.023737,0.019967,0.016086,0.012661,0.009543,0.007124,0.005190,0.003677,
0.042335,0.043997,0.042014,0.043599,0.041905,0.040724,0.039485,0.037975,0.035239,0.033366,0.030939,0.028045,0.025146,0.022226,0.019190,0.016042,0.013083,0.010370,0.008014,0.005948,0.004371,
0.032942,0.036980,0.034476,0.036054,0.033859,0.033285,0.032724,0.031764,0.030006,0.028603,0.027403,0.024817,0.022859,0.020880,0.018492,0.016121,0.013666,0.011292,0.009034,0.007113,0.005444,
0.026124,0.028530,0.028897,0.027910,0.027593,0.027884,0.026737,0.026244,0.025641,0.023965,0.023979,0.022394,0.020813,0.019453,0.017967,0.016453,0.014500,0.012578,0.010617,0.008710,0.006540,
0.024416,0.023151,0.021900,0.021234,0.022655,0.022431,0.021411,0.021215,0.021735,0.020774,0.021242,0.020938,0.019467,0.018687,0.017753,0.017109,0.015445,0.014070,0.012124,0.010183,0.008005,
nan,nan,nan,nan,nan,nan,nan,nan,nan,nan,0.017959,0.020255,0.019708,0.017734,0.016968,0.017329,0.016409,0.015351,0.013846,0.012081,0.009897,
