0.154125,0.164001,0.163316,0.170691,0.159664,0.161966,0.145717,0.129500,0.120516,0.114293,0.097544,0.083373,0.070146,0.060386,0.050206,0.032838,0.026495,0.016052,0.011151,0.006408,0.003673,
0.159735,0.158745,0.167574,0.162069,0.150477,0.150517,0.133621,0.128119,0.121588,0.109845,0.093766,0.082022,0.069686,0.054451,0.045010,0.032720,0.024997,0.016915,0.012022,0.007199,0.004131,
0.161748,0.155855,0.164781,0.156166,0.149097,0.143507,0.132559,0.125267,0.117768,0.104105,0.091395,0.079269,0.067787,0.053700,0.043138,0.031298,0.024910,0.017000,0.012322,0.007583,0.004316,
0.159208,0.151487,0.154151,0.150664,0.143814,0.137592,0.128801,0.122593,0.113255,0.100170,0.088079,0.075997,0.065132,0.051207,0.042020,0.031285,0.025051,0.018087,0.013331,0.007952,0.005007,
0.152932,0.141717,0.145877,0.142652,0.136342,0.129599,0.121115,0.117203,0.107043,0.094380,0.084028,0.072702,0.063445,0.049741,0.041790,0.032438,0.025800,0.018935,0.014703,0.008655,0.005619,
0.147344,0.132908,0.135024,0.133291,0.127978,0.120887,0.112890,0.109502,0.101054,0.088888,0.079732,0.068997,0.061515,0.049106,0.041464,0.032850,0.027033,0.021078,0.015998,0.009656,0.006253,
0.136847,0.124115,0.123575,0.120256,0.117053,0.111174,0.105349,0.100078,0.093003,0.083224,0.074517,0.065526,0.058499,0.048878,0.041658,0.034608,0.029224,0.023528,0.018014,0.011337,0.006932,
0.125084,0.112784,0.111958,0.108365,0.105234,0.100588,0.095735,0.090612,0.084819,0.076939,0.069917,0.062705,0.055781,0.049057,0.042802,0.037110,0.032644,0.027452,0.021306,0.013313,0.008036,
0.109631,0.100893,0.099982,0.097663,0.094677,0.090994,0.086980,0.082241,0.076891,0.071529,0.065179,0.060166,0.054670,0.050134,0.045778,0.040778,0.038003,0.032809,0.025776,0.015768,0.009499,
0.094209,0.090412,0.090630,0.087599,0.085054,0.082260,0.078627,0.075991,0.071415,0.067961,0.062694,0.059729,0.056006,0.053936,0.050958,0.047581,0.045589,0.041322,0.032176,0.019868,0.011332,
0.082067,0.081164,0.081857,0.079431,0.077791,0.075281,0.071914,0.070508,0.067469,0.065210,0.062255,0.061089,0.059735,0.060570,0.059376,0.058917,0.058287,0.053784,0.041827,0.025442,0.014060,
0.071301,0.075821,0.075015,0.073017,0.072089,0.071136,0.068100,0.067334,0.066543,0.065186,0.064603,0.066683,0.067781,0.071386,0.072651,0.075260,0.075548,0.072246,0.055355,0.033642,0.017128,
0.062913,0.071536,0.067829,0.067691,0.066342,0.067372,0.066060,0.066524,0.067187,0.067544,0.069569,0.073611,0.079199,0.086181,0.092516,0.099298,0.102443,0.096516,0.074049,0.041204,0.020703,
0.061251,0.068848,0.063057,0.064945,0.063175,0.065141,0.064965,0.067175,0.070017,0.072912,0.080782,0.087411,0.095719,0.109225,0.120921,0.134491,0.138363,0.133823,0.097340,0.051265,0.022136,
0.058000,0.055956,0.060264,0.062524,0.064532,0.064627,0.068125,0.071786,0.078280,0.084181,0.094901,0.108245,0.121946,0.141938,0.164921,0.184509,0.200511,0.181735,0.134415,0.060341,0.022824,
0.053013,0.054734,0.061490,0.060115,0.064664,0.065410,0.073752,0.080859,0.089362,0.100004,0.115183,0.138002,0.161676,0.192285,0.225777,0.261652,0.276659,0.254665,0.160270,0.058323,0.021060,
0.049925,0.049894,0.058084,0.063003,0.066464,0.071157,0.076849,0.088183,0.104567,0.123726,0.148832,0.175686,0.217533,0.253682,0.320378,0.358242,0.386032,0.315063,0.148662,0.044975,0.016174,
0.045217,0.055679,0.065465,0.068429,0.064981,0.084663,0.095733,0.111522,0.122390,0.153177,0.190585,0.235723,0.281402,0.356063,0.416841,0.479857,0.450609,0.265510,0.089973,0.024528,0.011739,
nan,nan,nan,nan,nan,nan,nan,nan,nan,nan,0.239246,0.281708,0.353371,0.436826,0.515848,0.509885,0.345716,0.120088,0.037205,0.013086,nan,
nan,nan,0.167756,0.153505,0.147314,0.150604,0.134313,0.130706,0.117775,0.111767,0.093475,0.078962,0.074309,0.050558,0.043486,0.040658,0.022761,0.021197,0.011992,0.012673,0.004316,
nan,0.159473,0.159159,0.157421,0.151685,0.142216,0.137377,0.131625,0.119049,0.108440,0.094428,0.080134,0.067184,0.052642,0.044101,0.031979,0.023644,0.016555,0.011810,0.007099,0.004629,
0.169388,0.157240,0.158566,0.154975,0.146580,0.141945,0.133686,0.126795,0.117658,0.104598,0.092283,0.080596,0.066182,0.054031,0.043151,0.031369,0.024526,0.016896,0.012092,0.006963,0.005377,
0.158685,0.151672,0.153457,0.148805,0.142004,0.135861,0.130271,0.121219,0.111929,0.100432,0.088672,0.076988,0.064970,0.054037,0.042348,0.031150,0.024314,0.017755,0.012476,0.007688,0.005430,
0.157866,0.144838,0.145696,0.140570,0.134966,0.129733,0.123795,0.115301,0.105972,0.094969,0.085508,0.073580,0.062004,0.052632,0.042018,0.032069,0.025419,0.019228,0.013306,0.008675,0.005609,
0.145104,0.134867,0.135699,0.130778,0.125480,0.120756,0.115957,0.107005,0.098447,0.088837,0.081137,0.070702,0.059933,0.051471,0.041899,0.033462,0.027068,0.021029,0.014898,0.009976,0.006006,
0.138539,0.124991,0.124897,0.120619,0.115703,0.111509,0.106112,0.099073,0.091495,0.082234,0.075840,0.066640,0.057697,0.049858,0.042066,0.035307,0.029295,0.023890,0.017528,0.011236,0.007162,
0.125447,0.113321,0.114132,0.108826,0.105269,0.101061,0.096649,0.090298,0.083425,0.076655,0.070292,0.063572,0.056027,0.049963,0.043377,0.037884,0.033151,0.028388,0.020834,0.013366,0.008246,
0.110739,0.101921,0.101653,0.098055,0.094124,0.091035,0.086773,0.082558,0.075921,0.070543,0.065973,0.060591,0.054763,0.050536,0.046139,0.042175,0.038504,0.033276,0.025872,0.016176,0.009589,
0.097348,0.091854,0.090495,0.087857,0.085145,0.082075,0.078850,0.075644,0.070553,0.066292,0.062796,0.059502,0.055578,0.053460,0.051144,0.049018,0.046529,0.041151,0.032214,0.020141,0.010880,
0.089208,0.082839,0.081126,0.079010,0.077425,0.075520,0.072128,0.070714,0.067127,0.064578,0.062699,0.061226,0.059489,0.059986,0.059586,0.060058,0.058438,0.052318,0.041897,0.025223,0.013451,
0.087689,0.075866,0.073894,0.072735,0.071369,0.069762,0.068040,0.067651,0.066168,0.064889,0.065066,0.064848,0.066905,0.069215,0.071466,0.075777,0.075632,0.068985,0.054388,0.032679,0.015645,
0.072801,0.069583,0.067868,0.068365,0.067984,0.066304,0.066400,0.066529,0.066431,0.068097,0.071219,0.072561,0.078556,0.084622,0.090893,0.098433,0.101155,0.093284,0.073812,0.039562,0.018368,
0.066087,0.064112,0.063375,0.064150,0.064974,0.064871,0.065269,0.067689,0.069701,0.073722,0.079017,0.086280,0.095422,0.107624,0.118693,0.133310,0.136885,0.129663,0.095364,0.048937,0.020296,
0.074250,0.063815,0.061291,0.062331,0.061909,0.064697,0.068564,0.071017,0.076397,0.084495,0.091661,0.106026,0.122014,0.140713,0.163496,0.182121,0.194188,0.176326,0.127022,0.054585,0.021833,
0.057623,0.058481,0.058302,0.062069,0.061931,0.065452,0.073794,0.078569,0.085687,0.100438,0.111856,0.134735,0.159618,0.187952,0.222518,0.255527,0.266269,0.241650,0.146611,0.051745,0.021012,
0.067844,0.054711,0.057317,0.061264,0.067088,0.071836,0.079855,0.090391,0.103312,0.119918,0.142891,0.173517,0.210582,0.250661,0.307737,0.347880,0.366476,0.288844,0.130155,0.043251,0.017217,
nan,0.058276,0.061836,0.062944,0.067936,0.081981,0.093169,0.104872,0.125191,0.148124,0.182619,0.225213,0.277475,0.343346,0.402408,0.448916,0.417130,0.234928,0.092535,0.029929,0.012745,
nan,nan,nan,nan,0.085152,0.089271,0.107022,0.124474,0.159876,0.183993,0.231945,0.282340,0.342411,0.402379,0.457843,0.475351,0.336356,0.180670,0.059829,0.018377,0.007401,
nan,0.175028,0.160600,0.156586,0.154390,0.142740,0.141371,0.124990,0.128119,0.117187,0.104908,0.085102,0.066998,0.052130,0.047039,0.034478,0.025737,0.017132,0.015060,0.006968,0.004033,
0.160780,0.166293,0.160662,0.158650,0.152120,0.144768,0.138400,0.127414,0.120207,0.106807,0.095860,0.085095,0.068684,0.055812,0.043502,0.030907,0.024782,0.015843,0.011564,0.006957,0.004992,
0.157579,0.159148,0.156561,0.153262,0.149958,0.140756,0.135457,0.126708,0.114584,0.102206,0.090231,0.078947,0.066520,0.054539,0.042203,0.031588,0.023032,0.017137,0.011400,0.007168,0.004627,
0.153257,0.152948,0.153479,0.146480,0.141946,0.134982,0.128017,0.121381,0.110663,0.098083,0.089597,0.075742,0.064099,0.054203,0.042747,0.032329,0.024326,0.017804,0.012078,0.007867,0.004761,
0.143674,0.144620,0.145344,0.137975,0.135448,0.128917,0.122942,0.115498,0.105097,0.093648,0.086281,0.073479,0.063802,0.052931,0.042476,0.032948,0.025553,0.019426,0.013671,0.008868,0.005142,
0.133250,0.135264,0.135583,0.129388,0.127162,0.122067,0.115080,0.106811,0.098213,0.089781,0.080633,0.069876,0.060101,0.050329,0.041716,0.033540,0.026708,0.021364,0.015362,0.009724,0.005765,
0.125487,0.124027,0.122910,0.119524,0.116758,0.112914,0.105367,0.099008,0.091086,0.083320,0.074781,0.067101,0.057335,0.049499,0.042121,0.035015,0.029283,0.023519,0.017953,0.011080,0.006629,
0.108606,0.111907,0.111027,0.108521,0.105167,0.103450,0.094694,0.089860,0.083360,0.076529,0.069387,0.062771,0.054981,0.048888,0.043631,0.038319,0.032482,0.027103,0.020733,0.013252,0.007835,
0.108999,0.101874,0.100405,0.096996,0.093931,0.092518,0.085941,0.081667,0.076367,0.070907,0.064796,0.059642,0.054339,0.050292,0.045919,0.042580,0.037598,0.032384,0.025470,0.015890,0.008998,
0.095666,0.092512,0.088933,0.086829,0.085478,0.082480,0.077975,0.074397,0.071465,0.066072,0.062224,0.059238,0.056093,0.052505,0.050980,0.048689,0.045513,0.040526,0.031371,0.020025,0.010627,
0.080474,0.082474,0.080342,0.078083,0.078020,0.075246,0.072080,0.069504,0.066934,0.063893,0.062026,0.059645,0.060046,0.058552,0.058375,0.057897,0.057182,0.050929,0.040178,0.023853,0.012811,
0.074969,0.076157,0.073298,0.071591,0.072994,0.069809,0.068062,0.066979,0.066273,0.064333,0.063804,0.063768,0.067420,0.068562,0.071223,0.073486,0.073098,0.066978,0.051063,0.029635,0.014712,
0.074657,0.069333,0.067513,0.067194,0.067597,0.066388,0.065987,0.065690,0.066462,0.066495,0.069015,0.071847,0.079033,0.083103,0.089230,0.095787,0.096932,0.088055,0.067807,0.035693,0.016831,
0.063085,0.065350,0.063466,0.064644,0.064661,0.064623,0.065743,0.066542,0.070344,0.073679,0.078045,0.084435,0.094915,0.105237,0.115880,0.127047,0.130785,0.121866,0.086242,0.043039,0.019551,
0.058165,0.059630,0.059030,0.060942,0.063281,0.065003,0.067788,0.070901,0.075785,0.083568,0.092312,0.105599,0.120680,0.137253,0.154847,0.170628,0.183645,0.160687,0.110790,0.049067,0.019954,
0.053798,0.055074,0.057058,0.058851,0.064905,0.066517,0.070529,0.078969,0.086286,0.098188,0.112332,0.131328,0.154601,0.182418,0.208232,0.238014,0.242735,0.210228,0.128787,0.049567,0.018336,
nan,0.056192,0.059302,0.060104,0.065917,0.069000,0.078185,0.090869,0.105337,0.120387,0.145083,0.167452,0.205901,0.241498,0.283868,0.316588,0.313834,0.245963,0.120998,0.036993,0.015659,
0.058604,0.055322,0.057719,0.068584,0.068613,0.076050,0.093272,0.101931,0.126915,0.146367,0.170668,0.217693,0.262929,0.317112,0.370544,0.387950,0.349477,0.210850,0.071901,0.026645,0.012137,
nan,nan,nan,0.068348,0.078973,0.091270,0.110844,0.118563,0.136149,0.166254,0.213211,0.238302,0.297114,0.362771,0.417417,0.418769,0.288115,0.128847,0.045306,0.014017,0.006680,
nan,0.169984,0.152578,0.167677,0.152753,0.142248,0.139194,0.135659,0.116647,0.112491,0.095915,0.082505,0.070084,0.055921,0.055330,0.030961,0.023241,0.017955,0.012034,0.008005,0.003484,
0.161020,0.162518,0.156946,0.156172,0.153473,0.145244,0.137129,0.130515,0.118378,0.107427,0.093885,0.080703,0.068557,0.056068,0.043271,0.032074,0.023278,0.016013,0.010787,0.006698,0.004461,
0.166425,0.162263,0.157068,0.150696,0.146816,0.141969,0.131561,0.126018,0.114928,0.101823,0.092446,0.078932,0.065848,0.055086,0.044132,0.031572,0.024149,0.016658,0.011325,0.007058,0.004481,
0.157764,0.154911,0.148581,0.147548,0.142900,0.137576,0.131105,0.120781,0.110433,0.099187,0.089672,0.076474,0.065621,0.053157,0.041945,0.032282,0.023874,0.018077,0.012459,0.007629,0.004511,
0.151062,0.146735,0.142221,0.140796,0.136941,0.131434,0.123283,0.113940,0.103607,0.096799,0.083739,0.074419,0.062046,0.051022,0.042406,0.032783,0.025181,0.018992,0.013715,0.008324,0.005045,
0.144991,0.135831,0.132729,0.132812,0.127960,0.122257,0.115500,0.107419,0.097526,0.090345,0.079504,0.069711,0.059898,0.049780,0.042476,0.034113,0.026756,0.020332,0.015420,0.009137,0.005670,
0.133672,0.126317,0.123465,0.123762,0.117329,0.111286,0.105835,0.098470,0.091356,0.083613,0.074937,0.065612,0.057781,0.048368,0.041826,0.035063,0.028590,0.023342,0.017329,0.010956,0.006706,
0.119839,0.115033,0.112413,0.111908,0.105642,0.100419,0.096217,0.090325,0.083941,0.076754,0.070550,0.062968,0.055486,0.048772,0.042412,0.037131,0.032566,0.026405,0.020376,0.012674,0.007518,
0.103751,0.102016,0.100702,0.099506,0.094164,0.089883,0.086699,0.081932,0.076739,0.071923,0.065754,0.060581,0.054917,0.049570,0.044974,0.040875,0.037717,0.031152,0.024409,0.014992,0.008708,
0.099058,0.090226,0.090646,0.089066,0.084501,0.081090,0.078237,0.074951,0.070169,0.066942,0.062262,0.059323,0.055749,0.052350,0.048977,0.046939,0.043754,0.038736,0.029891,0.017875,0.009850,
0.095365,0.080335,0.081316,0.081680,0.076827,0.074225,0.072830,0.070323,0.066813,0.064116,0.061924,0.059874,0.059322,0.057501,0.057158,0.056175,0.054562,0.048989,0.037324,0.022227,0.011630,
0.075977,0.072309,0.074131,0.074768,0.070993,0.069577,0.068359,0.066725,0.065706,0.063653,0.064025,0.064305,0.065689,0.066970,0.069303,0.069660,0.069828,0.063370,0.047961,0.027400,0.013512,
0.069702,0.068334,0.069325,0.068616,0.067506,0.065475,0.066514,0.065632,0.066130,0.066888,0.068502,0.072716,0.075584,0.080673,0.087131,0.090292,0.090413,0.082702,0.061294,0.034443,0.015641,
0.062018,0.062227,0.064791,0.064486,0.064866,0.064681,0.066805,0.066010,0.070353,0.072201,0.077173,0.084845,0.090494,0.100869,0.112069,0.118028,0.119048,0.107892,0.079972,0.039193,0.016986,
0.058002,0.058751,0.060282,0.061979,0.062945,0.065785,0.066793,0.070286,0.077470,0.082915,0.089114,0.102515,0.115294,0.129155,0.146513,0.157094,0.158119,0.142229,0.097284,0.039729,0.016492,
0.050657,0.056874,0.056861,0.059378,0.062142,0.067118,0.069041,0.077044,0.086434,0.094332,0.109821,0.128121,0.143888,0.168171,0.194410,0.208495,0.210680,0.174362,0.101303,0.040563,0.016604,
0.058678,0.056176,0.059130,0.063046,0.065387,0.073293,0.078259,0.089516,0.100349,0.115555,0.134252,0.161354,0.189134,0.218372,0.250766,0.274267,0.256605,0.190819,0.092396,0.032830,0.013796,
nan,0.049998,0.059337,0.061728,0.073375,0.075519,0.090794,0.099154,0.117457,0.141217,0.172389,0.193699,0.243050,0.273477,0.310659,0.329259,0.267713,0.160332,0.062779,0.023517,0.010079,
nan,nan,0.070132,0.088475,0.088993,0.078785,0.106752,0.117521,0.127447,0.154349,0.195258,0.218334,0.283280,0.329297,0.367618,0.341543,0.229139,0.104535,0.039623,0.014386,0.008600,
nan,0.164218,0.153202,0.164424,0.159797,0.145324,0.137648,0.135571,0.116824,0.113224,0.094094,0.086272,0.067950,0.057426,0.046694,0.036973,0.025003,0.018311,0.012540,0.007504,0.003865,
0.160218,0.163393,0.163702,0.158032,0.153254,0.146260,0.135543,0.130217,0.117591,0.102067,0.090730,0.079973,0.067949,0.055725,0.041346,0.032211,0.022530,0.016667,0.011032,0.006825,0.003977,
0.164642,0.160013,0.155367,0.152867,0.149116,0.141579,0.135603,0.124502,0.113905,0.100958,0.092059,0.077075,0.067333,0.054954,0.042904,0.031721,0.022869,0.016807,0.011412,0.007102,0.003977,
0.167583,0.157246,0.151794,0.148310,0.145984,0.136540,0.131057,0.119457,0.110612,0.100641,0.088263,0.076565,0.063481,0.052101,0.042175,0.032280,0.024130,0.017076,0.012483,0.007465,0.004445,
0.154727,0.146808,0.145639,0.142011,0.135678,0.129764,0.122920,0.114920,0.104282,0.096539,0.083686,0.072503,0.062778,0.051237,0.041801,0.033271,0.025183,0.018530,0.013517,0.008087,0.005125,
0.138510,0.136518,0.136667,0.133128,0.125108,0.119036,0.113811,0.107435,0.099061,0.089149,0.080621,0.070788,0.060072,0.050254,0.040939,0.033733,0.026056,0.020400,0.014802,0.009499,0.005978,
0.128858,0.124577,0.124792,0.120718,0.113706,0.111120,0.104821,0.099215,0.090044,0.084156,0.074683,0.067152,0.057041,0.048819,0.041874,0.034477,0.029311,0.022060,0.016966,0.010439,0.006510,
0.122615,0.109578,0.113364,0.109032,0.103335,0.101161,0.095262,0.090476,0.083066,0.077304,0.069839,0.062856,0.055655,0.049027,0.042131,0.036493,0.031591,0.025631,0.019718,0.012207,0.007171,
0.106689,0.100219,0.101355,0.098767,0.093647,0.090942,0.085491,0.081439,0.076686,0.070804,0.065950,0.060258,0.054316,0.049420,0.044331,0.039947,0.035673,0.030965,0.023226,0.014434,0.008273,
0.096908,0.090478,0.089921,0.088433,0.084368,0.082794,0.077803,0.074550,0.071462,0.067094,0.063226,0.058796,0.054948,0.052099,0.049424,0.045457,0.042398,0.037723,0.028297,0.017678,0.009831,
0.085361,0.081513,0.080804,0.079562,0.076997,0.075767,0.072084,0.069703,0.066839,0.064792,0.061850,0.059937,0.058160,0.055878,0.056122,0.053988,0.051600,0.046099,0.035655,0.021544,0.010790,
0.077168,0.074688,0.073875,0.072726,0.072086,0.070110,0.068866,0.066537,0.065731,0.064267,0.063146,0.064104,0.063904,0.063168,0.066272,0.066821,0.063484,0.058334,0.044467,0.024913,0.013064,
0.069439,0.066160,0.069108,0.067824,0.067864,0.067132,0.066202,0.064844,0.065863,0.066661,0.068168,0.070133,0.073260,0.075564,0.081313,0.083168,0.081248,0.074515,0.054730,0.028771,0.014219,
0.065026,0.061986,0.062257,0.064579,0.064001,0.064300,0.065980,0.066730,0.068761,0.071440,0.075498,0.080697,0.086838,0.093115,0.100755,0.107840,0.108413,0.095528,0.068570,0.034752,0.015148,
0.061727,0.059476,0.059935,0.060327,0.061443,0.065370,0.066366,0.069858,0.073653,0.080444,0.086365,0.095400,0.106581,0.118684,0.130976,0.141818,0.140895,0.121360,0.082326,0.036063,0.014892,
0.061670,0.054339,0.059330,0.059434,0.061652,0.066821,0.070467,0.075358,0.083819,0.093228,0.104312,0.114900,0.133579,0.152658,0.171576,0.187108,0.185124,0.145328,0.082377,0.031814,0.014180,
0.046201,0.050528,0.057525,0.059967,0.065366,0.071503,0.078582,0.087231,0.096467,0.111824,0.125388,0.146617,0.169847,0.198669,0.223942,0.234892,0.210598,0.149745,0.072702,0.028242,0.012170,
0.051848,0.055081,0.059155,0.067897,0.070944,0.072701,0.084334,0.099244,0.111093,0.131249,0.149316,0.182578,0.215398,0.250258,0.273827,0.261022,0.212937,0.121943,0.053742,0.019265,0.009385,
nan,nan,0.056279,0.077046,0.106940,0.069608,0.087531,0.109916,0.126331,0.156552,0.180365,0.227783,0.239911,0.273003,0.288171,0.276398,0.180476,0.083336,0.031446,0.012766,0.006069,
nan,0.157607,0.154946,0.154529,0.156896,0.144227,0.132049,0.124246,0.121365,0.115558,0.107535,0.085717,0.073140,0.058152,0.048697,0.035027,0.026875,0.017130,0.012528,0.007998,0.004789,
0.164541,0.163077,0.159448,0.155029,0.152874,0.144697,0.140069,0.131458,0.117949,0.106207,0.092899,0.080428,0.066578,0.054767,0.043793,0.030357,0.023047,0.017074,0.010753,0.006766,0.004142,
0.153275,0.160417,0.157555,0.151801,0.150286,0.140929,0.135994,0.125181,0.114993,0.105021,0.091607,0.078476,0.066279,0.053101,0.042041,0.031684,0.023134,0.016965,0.011168,0.006980,0.004390,
0.152347,0.152723,0.155120,0.149271,0.142842,0.136496,0.128841,0.120657,0.109348,0.102530,0.088207,0.075561,0.064538,0.052935,0.042233,0.032469,0.024068,0.017125,0.012257,0.007351,0.004835,
0.139009,0.145339,0.142825,0.141351,0.133114,0.127522,0.121527,0.114938,0.105351,0.095727,0.085164,0.074555,0.062707,0.051837,0.041416,0.032639,0.024292,0.018487,0.013007,0.008310,0.005348,
0.137178,0.135565,0.132014,0.131935,0.124917,0.121594,0.113628,0.106513,0.097456,0.089967,0.079262,0.070587,0.059129,0.050060,0.041661,0.032693,0.026916,0.019820,0.014882,0.009052,0.005587,
0.130102,0.125606,0.122218,0.120689,0.117059,0.110105,0.104105,0.098356,0.090357,0.083971,0.075245,0.066518,0.057395,0.048926,0.041092,0.033340,0.028178,0.022376,0.016587,0.010387,0.006048,
0.113558,0.112883,0.109636,0.110010,0.104836,0.100460,0.095663,0.089548,0.083416,0.076928,0.070726,0.062303,0.055425,0.048810,0.041742,0.035457,0.030586,0.025279,0.019041,0.012162,0.007129,
0.104611,0.101594,0.098192,0.097900,0.095622,0.091605,0.085896,0.081868,0.076755,0.070914,0.065368,0.059566,0.054206,0.048825,0.043506,0.039148,0.034729,0.029758,0.022229,0.013946,0.007789,
0.094089,0.089438,0.088555,0.087400,0.085848,0.082627,0.077914,0.075543,0.070731,0.065683,0.062157,0.058262,0.054615,0.049977,0.046646,0.044455,0.039810,0.034680,0.026516,0.015774,0.008828,
0.086577,0.080243,0.080505,0.079189,0.077837,0.075019,0.071345,0.069672,0.067046,0.063581,0.060933,0.059448,0.056671,0.053581,0.052822,0.051874,0.047265,0.042124,0.031723,0.018630,0.010157,
0.081798,0.074682,0.073193,0.072945,0.071647,0.069132,0.068157,0.065213,0.064417,0.063072,0.062135,0.061894,0.060679,0.060833,0.061376,0.062125,0.059605,0.051796,0.039803,0.023805,0.011485,
0.068966,0.065930,0.066952,0.068329,0.066610,0.065621,0.065600,0.063897,0.064574,0.064487,0.065717,0.066807,0.069153,0.073137,0.074897,0.078237,0.075614,0.066946,0.049780,0.027377,0.013071,
0.084918,0.064271,0.063739,0.064408,0.062939,0.063195,0.063596,0.064227,0.067212,0.068969,0.072837,0.074718,0.081544,0.089001,0.094816,0.098484,0.094624,0.083953,0.058340,0.028463,0.012956,
0.054888,0.057228,0.060003,0.060859,0.061300,0.061880,0.065335,0.066536,0.072026,0.074990,0.082304,0.089464,0.100529,0.111144,0.119524,0.124623,0.120698,0.102013,0.065548,0.031166,0.012543,
0.054807,0.053039,0.062395,0.059648,0.062404,0.064420,0.065227,0.073667,0.078100,0.087299,0.096333,0.109950,0.126336,0.137745,0.151842,0.155790,0.150173,0.118882,0.069771,0.027263,0.012551,
0.067855,0.054817,0.055396,0.060409,0.064454,0.066097,0.073541,0.081165,0.089986,0.103052,0.118900,0.141297,0.156870,0.170840,0.188116,0.190148,0.176721,0.124169,0.059666,0.023848,0.011861,
nan,0.056303,0.059178,0.063910,0.068602,0.073562,0.080897,0.091850,0.109941,0.124812,0.142438,0.168113,0.191995,0.209650,0.222122,0.220280,0.169630,0.098607,0.044213,0.017167,0.008331,
nan,0.069038,nan,0.068720,0.085421,0.074343,0.109155,0.102633,0.128592,0.135969,0.163023,0.167909,0.211545,0.238564,0.233236,0.215608,0.150258,0.067000,0.032276,0.010986,0.006178,
nan,0.158296,0.153555,0.159312,0.156841,0.143864,0.131586,0.121655,0.124520,0.113241,0.096106,0.082825,0.071009,0.056179,0.041446,0.031094,0.029460,0.016374,0.010545,0.007699,0.005045,
0.165116,0.165084,0.162259,0.155539,0.151846,0.148485,0.134687,0.127320,0.114913,0.102523,0.094226,0.080267,0.067472,0.055142,0.043969,0.032305,0.022897,0.015636,0.010727,0.006254,0.003968,
0.164571,0.159571,0.160146,0.156554,0.147569,0.140838,0.136362,0.124426,0.112948,0.103887,0.092605,0.078193,0.064891,0.054347,0.042334,0.032887,0.023047,0.016208,0.011700,0.006746,0.003716,
0.158270,0.151657,0.150715,0.149608,0.139182,0.135236,0.127730,0.119900,0.110922,0.098773,0.089724,0.075587,0.064357,0.053547,0.041682,0.031525,0.023352,0.017461,0.012034,0.007422,0.004639,
0.145942,0.143598,0.143383,0.141459,0.135078,0.128830,0.122314,0.113131,0.104160,0.095680,0.083855,0.074871,0.061827,0.051604,0.041380,0.032217,0.025232,0.017914,0.013353,0.008032,0.004998,
0.136144,0.135358,0.133081,0.131139,0.125678,0.121558,0.113463,0.105690,0.097628,0.089372,0.079940,0.070685,0.059797,0.049655,0.040905,0.032240,0.026186,0.020060,0.014448,0.009098,0.005425,
0.125764,0.122673,0.121796,0.120355,0.114218,0.112045,0.105715,0.098736,0.091208,0.082919,0.075649,0.065769,0.057159,0.049165,0.041297,0.033269,0.027457,0.022065,0.016521,0.010344,0.006076,
0.113444,0.113802,0.108926,0.108941,0.104795,0.101043,0.094631,0.089989,0.083957,0.075971,0.069285,0.062056,0.055643,0.047907,0.041368,0.035994,0.029531,0.024233,0.017760,0.010900,0.006527,
0.101065,0.102295,0.097460,0.097729,0.094183,0.090217,0.085138,0.080721,0.076380,0.070010,0.064627,0.059356,0.053607,0.047241,0.042035,0.038561,0.032198,0.027274,0.020275,0.012443,0.007414,
0.092490,0.091438,0.086820,0.087842,0.084655,0.081820,0.077261,0.073341,0.070583,0.065618,0.061103,0.058337,0.052255,0.048558,0.045233,0.042150,0.037161,0.031618,0.024489,0.015270,0.008308,
0.088322,0.083400,0.079033,0.078933,0.076247,0.074788,0.071715,0.069018,0.065744,0.062972,0.059252,0.057536,0.054166,0.052793,0.049654,0.048145,0.044975,0.038440,0.030027,0.018506,0.009396,
0.076260,0.073037,0.073359,0.071114,0.071094,0.068991,0.067386,0.065237,0.063046,0.062161,0.060183,0.059923,0.058470,0.059499,0.058673,0.057279,0.054993,0.047451,0.036101,0.019830,0.010613,
0.070505,0.067963,0.066241,0.067077,0.066227,0.065556,0.064889,0.063485,0.062408,0.063163,0.063056,0.064060,0.066475,0.067635,0.068984,0.068516,0.066931,0.058705,0.042061,0.023989,0.011455,
0.066874,0.060361,0.062997,0.061860,0.062946,0.062799,0.063483,0.064004,0.063177,0.066928,0.069220,0.073125,0.077868,0.079879,0.082758,0.086316,0.084519,0.072006,0.050532,0.025204,0.011632,
0.057996,0.059071,0.057411,0.058996,0.060708,0.062770,0.065539,0.066377,0.067972,0.072724,0.078852,0.086370,0.092391,0.097229,0.106036,0.109229,0.104734,0.086083,0.055771,0.025833,0.011931,
0.053877,0.057342,0.057927,0.059165,0.061444,0.064395,0.067226,0.070683,0.076680,0.083682,0.091907,0.103539,0.108486,0.121604,0.134930,0.136868,0.123395,0.099410,0.058141,0.024570,0.010797,
0.055194,0.052242,0.058495,0.062409,0.061022,0.068554,0.072483,0.077629,0.087090,0.101249,0.111214,0.120471,0.133891,0.153239,0.164214,0.160073,0.142013,0.097543,0.051265,0.019497,0.010657,
0.058637,0.051508,0.053480,0.064200,0.065802,0.071889,0.082844,0.090652,0.101386,0.114631,0.127933,0.142927,0.168121,0.176739,0.183663,0.179406,0.137294,0.082808,0.036668,0.014850,0.007168,
nan,0.052548,nan,0.062029,0.074584,0.085032,0.093586,0.102380,0.110291,0.125149,0.151676,0.177722,0.193552,0.197107,0.198073,0.171346,0.112535,0.054511,0.029963,0.010438,0.008094,
nan,0.169486,0.159997,0.159633,0.145819,0.142231,0.143273,0.135684,0.121327,0.114763,0.097216,0.089393,0.071120,0.061365,0.045724,0.036161,0.024408,0.018233,0.013829,0.007606,0.004405,
0.168951,0.160708,0.158193,0.155068,0.151474,0.146065,0.138408,0.123705,0.118425,0.104228,0.093382,0.080343,0.068645,0.054423,0.043680,0.030668,0.021885,0.016003,0.011076,0.006490,0.003676,
0.166658,0.158557,0.158167,0.155455,0.146722,0.140962,0.132541,0.123342,0.114784,0.104492,0.089373,0.079140,0.065685,0.052874,0.042220,0.032279,0.023407,0.015604,0.011283,0.006810,0.004749,
0.149653,0.154562,0.152577,0.147897,0.144386,0.136321,0.129633,0.118784,0.110375,0.099982,0.088329,0.076511,0.065137,0.053514,0.041410,0.032052,0.023777,0.016783,0.012190,0.007273,0.004620,
0.158171,0.146658,0.144490,0.139555,0.135038,0.130280,0.121506,0.112937,0.104242,0.094705,0.084600,0.074279,0.061676,0.050661,0.041242,0.032835,0.025010,0.018574,0.013076,0.008200,0.004953,
0.137324,0.139647,0.133349,0.131541,0.126710,0.120898,0.114004,0.107912,0.098420,0.089051,0.081758,0.070247,0.059918,0.051083,0.041666,0.031886,0.025360,0.019621,0.013948,0.009055,0.005278,
0.132464,0.125778,0.120695,0.120535,0.117767,0.110391,0.104553,0.098387,0.091727,0.082487,0.074458,0.065968,0.057693,0.048331,0.040348,0.033668,0.026300,0.020601,0.014442,0.009131,0.005922,
0.119632,0.112384,0.109369,0.108173,0.104532,0.100710,0.094644,0.089066,0.083773,0.076816,0.068800,0.061883,0.054168,0.046654,0.039502,0.034272,0.027892,0.022726,0.016983,0.010616,0.006266,
0.107287,0.100595,0.098032,0.097740,0.093872,0.090542,0.086154,0.081362,0.076344,0.070097,0.063798,0.059183,0.051990,0.046167,0.041049,0.036634,0.030817,0.025558,0.020035,0.012773,0.006820,
0.093747,0.090422,0.088222,0.087151,0.084044,0.082122,0.078331,0.074526,0.069589,0.064998,0.059548,0.055973,0.051552,0.047829,0.043199,0.039825,0.035524,0.029767,0.022976,0.014009,0.007554,
0.077707,0.081113,0.079877,0.078382,0.075421,0.074570,0.072762,0.067792,0.064576,0.062142,0.058980,0.055989,0.052867,0.050844,0.047408,0.045076,0.041843,0.035151,0.026426,0.015764,0.008787,
0.079076,0.075628,0.073288,0.071775,0.069919,0.069219,0.067201,0.065714,0.062078,0.061531,0.059782,0.057153,0.056685,0.055095,0.053619,0.052413,0.049797,0.043055,0.032284,0.019403,0.009519,
0.070164,0.067771,0.067077,0.066506,0.064289,0.065795,0.065595,0.063077,0.062385,0.061327,0.062873,0.062379,0.062637,0.062704,0.063171,0.063557,0.059932,0.050981,0.036602,0.019806,0.010415,
0.067300,0.061441,0.062422,0.061938,0.062199,0.062819,0.064650,0.063589,0.064435,0.065460,0.066282,0.068578,0.071013,0.073177,0.078012,0.076832,0.071764,0.062021,0.043033,0.022118,0.010169,
0.056652,0.060178,0.058276,0.059526,0.058458,0.062447,0.064030,0.065927,0.068860,0.069256,0.073893,0.078259,0.083801,0.090017,0.092319,0.093620,0.090011,0.074042,0.048821,0.022516,0.010784,
0.054153,0.053774,0.054965,0.057203,0.059708,0.062472,0.066416,0.071733,0.073109,0.077421,0.083896,0.092747,0.102815,0.107852,0.111790,0.116555,0.105518,0.081642,0.047584,0.021623,0.009281,
0.048422,0.055395,0.056472,0.061928,0.060043,0.068713,0.073796,0.076271,0.081776,0.089808,0.098828,0.113465,0.124058,0.129605,0.142015,0.135278,0.118792,0.081378,0.044491,0.017204,0.008589,
nan,0.051495,0.055911,0.059302,0.064279,0.070316,0.080063,0.087704,0.091968,0.103457,0.121825,0.135152,0.140282,0.153600,0.154585,0.146786,0.111748,0.070506,0.033048,0.013403,0.007345,
nan,0.046083,nan,0.054223,0.068354,0.076183,0.098807,0.084101,0.095891,0.131145,0.127742,0.148350,0.164712,0.162056,0.166203,0.136459,0.097850,0.057721,0.022418,0.010583,0.004448,
nan,0.166512,0.158305,0.165467,0.160120,0.149077,0.146220,0.136822,0.125658,0.107609,0.096920,0.092432,0.074711,0.054896,0.044836,0.028100,0.022921,0.016778,0.013666,0.009353,0.004402,
0.172873,0.164832,0.162496,0.156122,0.153019,0.140797,0.136319,0.128914,0.116690,0.104825,0.091081,0.079088,0.066844,0.053998,0.042851,0.030951,0.022292,0.015352,0.010601,0.006269,0.004039,
0.145925,0.163070,0.156906,0.155061,0.145681,0.139358,0.134753,0.122822,0.114363,0.102420,0.092913,0.078114,0.066976,0.054325,0.040888,0.031232,0.022717,0.016071,0.010779,0.006493,0.004600,
0.163293,0.153960,0.149904,0.147692,0.142560,0.134842,0.127025,0.119741,0.110658,0.101022,0.087348,0.078394,0.064794,0.052778,0.042309,0.032104,0.024475,0.017096,0.012389,0.007699,0.004570,
0.151737,0.147268,0.142834,0.141461,0.135941,0.129821,0.122183,0.114808,0.104935,0.095150,0.086023,0.074285,0.062889,0.051862,0.042302,0.032404,0.024354,0.018538,0.012896,0.007888,0.004474,
0.141188,0.135600,0.132707,0.131020,0.128125,0.120301,0.114193,0.105650,0.099194,0.089255,0.080345,0.069439,0.060129,0.049273,0.039873,0.032092,0.024116,0.018477,0.013077,0.007891,0.005066,
0.122128,0.126121,0.123255,0.121605,0.116187,0.112000,0.105547,0.097340,0.091533,0.082888,0.073203,0.064837,0.056096,0.047034,0.039569,0.032547,0.025350,0.020303,0.014460,0.009219,0.005642,
0.124521,0.113369,0.112324,0.110248,0.107240,0.101063,0.096735,0.089797,0.082720,0.076185,0.068008,0.061892,0.053471,0.045840,0.039437,0.033932,0.027728,0.022403,0.017063,0.010565,0.005755,
0.096128,0.103171,0.099814,0.099006,0.094992,0.090212,0.087828,0.080080,0.075408,0.068784,0.063515,0.057860,0.051528,0.046586,0.039897,0.035109,0.029772,0.024081,0.017828,0.010997,0.006710,
0.095959,0.089889,0.088778,0.088209,0.085528,0.081929,0.079194,0.073711,0.069278,0.064577,0.061425,0.055511,0.050849,0.046416,0.040669,0.037564,0.033480,0.027090,0.020769,0.013591,0.007313,
0.084522,0.079797,0.080467,0.080086,0.076934,0.074724,0.072910,0.068099,0.065483,0.061777,0.058948,0.054916,0.051845,0.047828,0.044773,0.041569,0.038610,0.032270,0.025030,0.014717,0.007698,
0.077923,0.072497,0.074208,0.073092,0.070774,0.069533,0.068109,0.063922,0.063232,0.060137,0.058305,0.056274,0.054210,0.052294,0.049829,0.047676,0.044084,0.038031,0.027045,0.016441,0.008857,
0.076960,0.070265,0.066517,0.067238,0.066548,0.064804,0.064038,0.062378,0.061988,0.060599,0.059288,0.058950,0.059830,0.058511,0.058240,0.055858,0.052700,0.045280,0.033047,0.017751,0.009665,
0.065173,0.063099,0.061515,0.062765,0.063346,0.062866,0.062064,0.061718,0.061466,0.061716,0.063456,0.065382,0.067504,0.067663,0.067941,0.069585,0.064103,0.052873,0.037399,0.020440,0.009769,
0.059072,0.056812,0.059046,0.060124,0.060917,0.061709,0.062555,0.063561,0.064510,0.066868,0.070974,0.073722,0.075239,0.079595,0.082357,0.082406,0.076478,0.061943,0.040155,0.019488,0.009478,
0.054568,0.055286,0.058530,0.056862,0.059735,0.061720,0.064211,0.065813,0.067230,0.076634,0.080898,0.083720,0.090321,0.097793,0.097888,0.098239,0.090669,0.067448,0.041380,0.018969,0.008279,
0.061138,0.051757,0.053765,0.059174,0.059092,0.063629,0.066292,0.070376,0.076318,0.087036,0.093028,0.096623,0.108416,0.113759,0.113629,0.112043,0.095716,0.067877,0.040265,0.015998,0.007233,
0.050005,0.054030,0.054797,0.059879,0.066299,0.072595,0.074273,0.077641,0.092325,0.104777,0.104374,0.118603,0.127433,0.128613,0.132407,0.114723,0.095694,0.063026,0.028473,0.012267,0.007265,
nan,nan,0.059815,0.066149,0.078661,0.072395,0.084961,0.083247,0.111111,0.109529,0.114631,0.123548,0.140763,0.162430,0.133890,0.110849,0.092153,0.045968,0.024741,0.008431,0.003580,
nan,0.157596,0.159869,0.159957,0.147576,0.152242,0.140168,0.130978,0.117891,0.108619,0.094376,0.080722,0.071286,0.054458,0.045380,0.029643,0.025871,0.015806,0.010652,0.006101,0.003679,
0.174657,0.166292,0.162588,0.160043,0.152121,0.141457,0.138714,0.128365,0.117047,0.102544,0.093805,0.076146,0.067442,0.052483,0.043270,0.030100,0.023008,0.015531,0.010463,0.005937,0.003587,
0.170352,0.160049,0.156043,0.152582,0.150070,0.144068,0.132710,0.124776,0.113672,0.103414,0.090845,0.079163,0.065530,0.054992,0.042488,0.031726,0.023047,0.016172,0.011279,0.007239,0.004273,
0.160006,0.159063,0.152486,0.147954,0.143676,0.137818,0.130961,0.119369,0.109882,0.100251,0.089966,0.076563,0.065031,0.052447,0.042825,0.033839,0.024034,0.018043,0.012537,0.007580,0.004286,
0.153144,0.144385,0.143885,0.141336,0.136742,0.129149,0.123809,0.113828,0.106871,0.094422,0.085173,0.073255,0.062660,0.051178,0.040176,0.029891,0.022669,0.017019,0.011475,0.007379,0.005032,
0.143043,0.134235,0.136215,0.130950,0.126435,0.122614,0.114716,0.105386,0.098409,0.087976,0.078435,0.067943,0.059324,0.049177,0.039351,0.031928,0.023915,0.018049,0.012926,0.008289,0.005158,
0.125711,0.124952,0.123388,0.119951,0.118149,0.112032,0.107028,0.098019,0.090123,0.082733,0.073256,0.066253,0.056241,0.046911,0.039759,0.032433,0.025701,0.019780,0.014977,0.008930,0.005140,
0.117583,0.113048,0.111260,0.109169,0.107444,0.101059,0.095706,0.088395,0.083150,0.074666,0.068664,0.061099,0.053558,0.047294,0.039052,0.032083,0.026102,0.020157,0.014622,0.009093,0.005976,
0.106504,0.098756,0.100262,0.097663,0.095815,0.090401,0.086842,0.080801,0.075697,0.069692,0.064719,0.058015,0.051227,0.044374,0.037624,0.033030,0.028200,0.022662,0.016939,0.011851,0.006040,
0.090230,0.090380,0.089843,0.088776,0.086649,0.080470,0.078416,0.073635,0.069521,0.065067,0.060451,0.054812,0.049649,0.044377,0.039453,0.035659,0.031983,0.025707,0.019601,0.011335,0.007135,
0.084829,0.082848,0.082105,0.079096,0.078906,0.072908,0.071935,0.068770,0.064690,0.061402,0.056830,0.052735,0.050012,0.046151,0.041922,0.038750,0.034702,0.029465,0.021669,0.014105,0.007186,
0.073366,0.075188,0.074672,0.072580,0.071422,0.067692,0.066716,0.064539,0.061567,0.059161,0.056019,0.053954,0.051443,0.049470,0.046864,0.044138,0.040393,0.034157,0.024966,0.014068,0.008127,
0.069340,0.067214,0.069962,0.067091,0.065095,0.065553,0.063490,0.061973,0.059939,0.058591,0.057930,0.057073,0.055081,0.054716,0.053801,0.051999,0.047081,0.039787,0.027738,0.016605,0.008044,
0.062623,0.066340,0.063492,0.063565,0.060239,0.062269,0.061658,0.060552,0.060530,0.061892,0.061307,0.059878,0.061373,0.063005,0.062125,0.058598,0.057179,0.046100,0.032972,0.017224,0.008821,
0.064102,0.055701,0.059317,0.059541,0.057261,0.060742,0.060818,0.060421,0.062263,0.066091,0.065137,0.068043,0.071926,0.073374,0.072212,0.073609,0.063874,0.053872,0.034187,0.017704,0.008451,
0.054458,0.048899,0.055614,0.056880,0.057951,0.059545,0.062081,0.064313,0.066565,0.070848,0.072346,0.078190,0.081085,0.082701,0.087842,0.079787,0.076125,0.056231,0.036583,0.016764,0.007770,
0.057634,0.051712,0.054024,0.053517,0.059724,0.065710,0.063953,0.070881,0.076096,0.078585,0.084635,0.092940,0.092224,0.101963,0.096888,0.096810,0.077414,0.059106,0.034389,0.014714,0.007012,
0.058984,0.063893,0.059596,0.061213,0.065177,0.068236,0.069282,0.075549,0.084954,0.088322,0.097088,0.094853,0.114052,0.105424,0.113162,0.098409,0.081675,0.053023,0.027037,0.011446,0.006517,
nan,nan,0.054647,0.063946,nan,0.070597,0.077140,0.072293,0.084547,0.111202,0.106858,0.115035,0.106788,0.127187,0.112406,0.102383,0.072300,0.041388,0.025079,0.008880,0.003876,
nan,0.166854,0.161807,0.170308,0.156497,0.141171,0.140671,0.140876,0.118197,0.118782,0.092370,0.079766,0.064510,0.060794,0.044773,0.035937,0.023725,0.015346,0.011303,0.008715,0.003474,
0.161472,0.161230,0.159593,0.155748,0.149249,0.142236,0.138505,0.129621,0.114836,0.105195,0.094339,0.078626,0.064528,0.054141,0.041497,0.030582,0.021515,0.015356,0.010021,0.006199,0.004595,
0.162451,0.163236,0.157325,0.155024,0.146109,0.141634,0.136046,0.123087,0.114168,0.104394,0.092363,0.078735,0.069004,0.056076,0.044417,0.033928,0.024230,0.016365,0.011858,0.007080,0.003956,
0.167513,0.150347,0.152123,0.147138,0.143010,0.137576,0.129359,0.122276,0.113704,0.100434,0.090784,0.077862,0.064912,0.053260,0.040850,0.031263,0.023371,0.016269,0.011271,0.006473,0.004059,
0.159575,0.149281,0.143400,0.139849,0.134697,0.131618,0.122555,0.112305,0.103710,0.093400,0.082995,0.072209,0.060919,0.048853,0.039755,0.031412,0.022982,0.017494,0.012077,0.007194,0.004774,
0.153108,0.134599,0.133207,0.131125,0.129420,0.122067,0.115738,0.105300,0.097480,0.090333,0.078894,0.069930,0.058467,0.048398,0.041020,0.032532,0.024407,0.018421,0.013257,0.008399,0.004629,
0.134135,0.122880,0.122960,0.121993,0.116904,0.110625,0.105134,0.097453,0.091653,0.081386,0.073677,0.064962,0.056617,0.048470,0.039442,0.031003,0.023961,0.017727,0.012635,0.007740,0.005418,
0.110445,0.108946,0.110873,0.110299,0.106384,0.098731,0.096583,0.090203,0.083262,0.076179,0.069649,0.060867,0.052587,0.044797,0.036434,0.030536,0.025381,0.020140,0.015019,0.010132,0.005339,
0.108779,0.100562,0.099337,0.099144,0.094638,0.088780,0.085958,0.081973,0.076058,0.069460,0.063335,0.056467,0.050107,0.043408,0.037749,0.032811,0.027378,0.021547,0.015930,0.009335,0.006008,
0.093937,0.089420,0.090183,0.088716,0.084105,0.081089,0.078086,0.074905,0.069333,0.064477,0.058042,0.053238,0.048914,0.043660,0.038291,0.033396,0.028782,0.023305,0.018228,0.011574,0.005971,
0.081753,0.081281,0.080928,0.080703,0.076000,0.074549,0.071636,0.067941,0.063877,0.059954,0.056054,0.052146,0.048443,0.044081,0.040021,0.036869,0.032000,0.027215,0.019311,0.011511,0.006736,
0.073795,0.074134,0.074359,0.073623,0.070761,0.068573,0.066335,0.063222,0.060815,0.058415,0.056656,0.051726,0.049195,0.046460,0.044207,0.040721,0.036516,0.030527,0.022699,0.013271,0.007464,
0.067555,0.068629,0.069435,0.067520,0.066499,0.063327,0.062917,0.060819,0.059704,0.058424,0.055495,0.053962,0.053294,0.050828,0.048987,0.046600,0.042332,0.035004,0.025187,0.015084,0.008027,
0.062056,0.062516,0.064963,0.062591,0.062351,0.060484,0.060327,0.060016,0.060554,0.058277,0.057968,0.059308,0.056835,0.056494,0.057459,0.053360,0.049774,0.040477,0.027276,0.015047,0.008027,
0.060737,0.056989,0.060455,0.059489,0.059070,0.059234,0.058792,0.061595,0.060674,0.060944,0.063321,0.063053,0.062137,0.065103,0.063942,0.061619,0.056549,0.046049,0.030461,0.016104,0.007632,
0.056934,0.054461,0.055232,0.056170,0.056947,0.059092,0.059574,0.064366,0.063655,0.065471,0.068518,0.069673,0.074145,0.074029,0.076211,0.069570,0.062769,0.047935,0.032115,0.015468,0.007476,
0.050615,0.051070,0.054149,0.055439,0.057790,0.060088,0.063048,0.067539,0.066216,0.074655,0.075881,0.080254,0.083654,0.086374,0.081949,0.081237,0.065940,0.051203,0.031573,0.013078,0.006693,
0.054615,0.054995,0.051970,0.062916,0.061274,0.063697,0.069702,0.071553,0.076946,0.082051,0.086576,0.094159,0.091326,0.093973,0.094279,0.082528,0.070084,0.049512,0.024814,0.010779,0.006508,
nan,0.063416,0.053288,nan,0.059575,0.062133,0.059964,0.071036,0.092845,0.085108,0.108847,0.096139,0.103672,0.099941,0.099399,0.087415,0.070333,0.037381,0.019675,0.006647,0.003679,
nan,0.175570,0.153297,0.157806,0.157921,0.150027,0.144110,0.127977,0.132700,0.105521,0.095833,0.084109,0.061948,0.056002,0.046707,0.033508,0.024129,0.016786,0.012099,0.008091,0.004088,
0.166231,0.160281,0.162772,0.158624,0.147792,0.144327,0.134276,0.123097,0.116494,0.105075,0.091985,0.080681,0.065491,0.053431,0.041626,0.030188,0.021929,0.015033,0.010277,0.006086,0.004299,
0.157340,0.158748,0.157190,0.155221,0.149131,0.139576,0.132797,0.125115,0.114869,0.106458,0.092883,0.080758,0.068720,0.055774,0.044391,0.032881,0.024547,0.017033,0.011567,0.007437,0.004092,
0.148479,0.155154,0.150930,0.149114,0.144335,0.135325,0.129322,0.118934,0.110603,0.099253,0.087910,0.075811,0.063399,0.051647,0.039527,0.029882,0.021407,0.015683,0.010426,0.006484,0.004676,
0.148443,0.145252,0.144178,0.140795,0.138409,0.129141,0.122172,0.112008,0.104896,0.092624,0.084132,0.071500,0.062266,0.052284,0.042208,0.031979,0.023931,0.017552,0.012488,0.007937,0.004471,
0.130456,0.135083,0.135773,0.133949,0.126064,0.119617,0.115061,0.105576,0.099613,0.089228,0.079365,0.071007,0.060294,0.050052,0.038999,0.031236,0.022644,0.016472,0.011645,0.006702,0.005090,
0.121468,0.122586,0.124436,0.122205,0.115093,0.109563,0.105933,0.099455,0.092154,0.083959,0.074511,0.064645,0.054101,0.045672,0.036642,0.029867,0.024061,0.018333,0.013626,0.008755,0.004723,
0.114410,0.112623,0.114027,0.110408,0.103874,0.098806,0.096353,0.090666,0.083828,0.074933,0.067478,0.059931,0.052714,0.044304,0.038073,0.031017,0.024746,0.018724,0.013103,0.007924,0.005580,
0.108525,0.099733,0.101792,0.097567,0.093752,0.091788,0.087224,0.082069,0.074915,0.068705,0.062161,0.056454,0.050483,0.043115,0.036537,0.030275,0.025304,0.019986,0.015782,0.010025,0.005489,
0.093033,0.087172,0.090111,0.086391,0.085264,0.082296,0.078954,0.072125,0.067713,0.063930,0.058456,0.053079,0.047251,0.041681,0.036172,0.031819,0.027516,0.022241,0.015369,0.009670,0.006003,
0.082032,0.080755,0.081372,0.078230,0.076883,0.074298,0.071662,0.066728,0.063752,0.060793,0.056319,0.050701,0.045964,0.042242,0.038568,0.034474,0.029527,0.024711,0.018543,0.010710,0.006589,
0.075242,0.073477,0.074344,0.071900,0.070406,0.067921,0.066014,0.062553,0.060575,0.057663,0.053766,0.050424,0.048543,0.043935,0.041037,0.037696,0.033612,0.027334,0.019448,0.012271,0.006570,
0.071550,0.069677,0.068798,0.067015,0.065678,0.063575,0.061135,0.060148,0.059528,0.056504,0.054001,0.052483,0.049451,0.048322,0.045352,0.041404,0.038544,0.031560,0.022489,0.012807,0.007206,
0.073249,0.065165,0.064841,0.062565,0.061000,0.059413,0.058975,0.059643,0.058271,0.056922,0.055495,0.054544,0.053064,0.051265,0.050488,0.048752,0.042525,0.035901,0.024209,0.013707,0.007379,
0.063777,0.060131,0.061398,0.056859,0.059079,0.057373,0.057876,0.058832,0.058396,0.058644,0.057950,0.059835,0.057783,0.058690,0.058364,0.052910,0.049224,0.038539,0.026677,0.014577,0.007181,
0.060023,0.055210,0.057376,0.056716,0.057278,0.057514,0.059360,0.057812,0.060989,0.062777,0.062366,0.066015,0.065702,0.067730,0.063158,0.062916,0.054140,0.041075,0.029000,0.014646,0.006752,
nan,0.050552,0.057138,0.055306,0.057214,0.057551,0.061125,0.062388,0.064715,0.067560,0.072173,0.072484,0.076751,0.072756,0.075384,0.068320,0.057604,0.044475,0.027953,0.012429,0.006653,
nan,0.061855,0.052228,0.054682,0.059408,0.063823,0.065752,0.066358,0.073625,0.074071,0.075864,0.084806,0.080856,0.086266,0.079812,0.071265,0.061421,0.043863,0.022975,0.010560,0.005098,
nan,0.061260,0.056994,0.058705,0.072919,nan,0.069712,0.079508,0.080674,0.115879,0.083031,0.080485,0.093088,0.085968,0.080970,0.078634,0.060278,0.043138,0.023395,0.009787,0.004948,
nan,0.169922,0.171657,0.156512,0.157383,0.151468,0.138270,0.122125,0.115642,0.113391,0.098441,0.094926,0.067868,0.054924,0.040271,0.030974,0.023203,0.014223,0.011660,0.007133,0.003665,
0.157132,0.166823,0.159759,0.157435,0.151140,0.144734,0.138177,0.129421,0.115281,0.103612,0.091912,0.079041,0.065998,0.054694,0.040163,0.031047,0.021725,0.015613,0.011164,0.006283,0.004495,
0.167757,0.158385,0.155398,0.155458,0.151605,0.144357,0.135861,0.124597,0.116432,0.104818,0.094068,0.080616,0.066572,0.054760,0.043417,0.031911,0.022452,0.015968,0.011364,0.006677,0.004296,
0.163621,0.155792,0.149471,0.145838,0.142479,0.136899,0.128836,0.118028,0.108172,0.096560,0.087533,0.074370,0.062193,0.049937,0.039233,0.030946,0.022238,0.016399,0.011184,0.007002,0.004328,
0.148104,0.147253,0.147760,0.142208,0.134083,0.130722,0.123190,0.112774,0.104118,0.095565,0.085104,0.074429,0.063765,0.051695,0.041938,0.032878,0.023297,0.016902,0.011540,0.006971,0.004253,
0.140186,0.136412,0.135922,0.133161,0.124864,0.120373,0.116086,0.108537,0.099601,0.089537,0.079480,0.068977,0.057245,0.047206,0.037532,0.028676,0.022701,0.016680,0.012503,0.008118,0.004633,
0.127376,0.125385,0.124664,0.121220,0.116611,0.110044,0.107296,0.099601,0.090327,0.080886,0.073123,0.064978,0.055875,0.048100,0.038645,0.030934,0.023670,0.017063,0.011900,0.007273,0.004689,
0.113388,0.113180,0.112819,0.107673,0.105494,0.102500,0.096857,0.089489,0.082415,0.074550,0.069244,0.061363,0.053364,0.043536,0.035556,0.029213,0.023356,0.018412,0.013696,0.009085,0.004773,
0.098893,0.100670,0.102907,0.096833,0.094512,0.091721,0.087026,0.079455,0.073732,0.070244,0.062608,0.054705,0.047895,0.041133,0.035955,0.030167,0.024646,0.018773,0.013157,0.008630,0.005377,
0.091271,0.089582,0.092028,0.086632,0.084936,0.081675,0.076758,0.072293,0.069259,0.064389,0.057978,0.051566,0.046458,0.041883,0.035364,0.030476,0.025267,0.021233,0.015413,0.008919,0.005958,
0.081312,0.081250,0.081931,0.078162,0.077473,0.073524,0.069974,0.067807,0.063515,0.058354,0.054951,0.050055,0.046275,0.040201,0.035848,0.032915,0.027716,0.021989,0.016092,0.010365,0.005779,
0.072718,0.073540,0.074623,0.071902,0.071437,0.067098,0.065947,0.063249,0.059602,0.055866,0.053437,0.049772,0.046023,0.042924,0.039095,0.034530,0.030227,0.025075,0.017924,0.011300,0.006184,
0.067648,0.070081,0.067499,0.066939,0.065344,0.063741,0.062579,0.060002,0.057084,0.054810,0.052854,0.050702,0.046731,0.044382,0.042451,0.038243,0.033947,0.028270,0.019525,0.011134,0.006380,
0.059709,0.061521,0.063517,0.062661,0.060996,0.060045,0.060159,0.056978,0.056928,0.055635,0.053629,0.052458,0.049440,0.049030,0.044272,0.043351,0.037708,0.031439,0.022227,0.012785,0.006740,
0.056790,0.061214,0.060902,0.059393,0.059532,0.057538,0.057431,0.056710,0.057280,0.055953,0.055953,0.054949,0.055652,0.053353,0.052104,0.045459,0.043746,0.032429,0.024225,0.013331,0.006642,
0.063043,0.059889,0.057429,0.057044,0.057752,0.057855,0.056802,0.058037,0.057973,0.057656,0.059553,0.061469,0.058167,0.060754,0.056473,0.055472,0.047337,0.036465,0.025333,0.013197,0.006688,
0.046592,0.052423,0.051008,0.054050,0.053082,0.057317,0.058140,0.061200,0.061334,0.063874,0.063493,0.066643,0.065857,0.063573,0.065943,0.058664,0.050774,0.040227,0.025654,0.012310,0.005852,
0.047867,0.051764,0.058214,0.054257,0.058489,0.062348,0.060395,0.067340,0.067544,0.067994,0.073276,0.074094,0.069985,0.072919,0.068878,0.060524,0.053348,0.039593,0.021750,0.010295,0.004962,
nan,0.040397,nan,0.067636,0.058159,0.060052,nan,0.064632,nan,0.067391,0.079811,0.072033,0.077278,0.066860,0.078925,0.068874,0.048861,0.039441,0.029062,0.007939,0.004441,
nan,0.165371,0.160280,0.149116,0.161382,0.151438,0.141947,0.129764,0.118211,0.109722,0.095456,0.084863,0.069579,0.058887,0.038818,0.033603,0.024068,0.016105,0.010301,0.007384,0.003902,
0.166211,0.169672,0.161508,0.157959,0.153641,0.147342,0.138553,0.128019,0.117472,0.107266,0.093978,0.080545,0.064389,0.055595,0.042729,0.033078,0.022769,0.016217,0.011424,0.006741,0.004061,
0.169555,0.165057,0.155938,0.155465,0.148484,0.143627,0.134394,0.125642,0.115927,0.103908,0.091584,0.078430,0.064841,0.051997,0.041915,0.030846,0.021604,0.015835,0.010274,0.005933,0.003456,
0.162756,0.157183,0.154069,0.150686,0.144880,0.134521,0.126316,0.117492,0.111037,0.100114,0.088171,0.078072,0.064607,0.052605,0.043208,0.033658,0.024414,0.018070,0.011976,0.007369,0.004180,
0.145894,0.150075,0.145737,0.142999,0.134616,0.130536,0.125620,0.116067,0.107718,0.096788,0.085003,0.073286,0.062309,0.049523,0.038113,0.029514,0.021029,0.014971,0.010021,0.006045,0.004845,
0.140605,0.137532,0.134905,0.130915,0.126580,0.119758,0.116974,0.107298,0.096686,0.088349,0.077024,0.067911,0.058771,0.048930,0.039850,0.032077,0.023999,0.017175,0.012066,0.007041,0.004070,
0.126611,0.124330,0.123357,0.119699,0.117861,0.112738,0.106018,0.097465,0.090441,0.081209,0.075976,0.066094,0.056646,0.045648,0.035894,0.027928,0.021562,0.016733,0.012251,0.008196,0.004368,
0.115957,0.113796,0.112342,0.107838,0.106475,0.100552,0.095292,0.089222,0.082805,0.076711,0.067540,0.058456,0.050420,0.043536,0.037200,0.029855,0.023687,0.016998,0.011735,0.007186,0.005029,
0.102478,0.100008,0.099417,0.095459,0.097131,0.089087,0.084344,0.080742,0.076158,0.068540,0.061390,0.055838,0.049556,0.041581,0.033787,0.028011,0.023085,0.018575,0.013843,0.008016,0.004965,
0.093542,0.090950,0.088694,0.086183,0.086570,0.079488,0.077753,0.074464,0.067488,0.061986,0.059246,0.051688,0.045568,0.038872,0.034479,0.030234,0.023836,0.018777,0.014016,0.009160,0.005123,
0.089116,0.081609,0.080165,0.078537,0.078054,0.072810,0.072647,0.067218,0.061877,0.058816,0.054348,0.049298,0.044907,0.040035,0.035025,0.029923,0.026124,0.020679,0.014597,0.009469,0.005519,
0.072492,0.073336,0.072966,0.072363,0.071701,0.068585,0.067618,0.061707,0.059273,0.056096,0.051753,0.049233,0.044066,0.040141,0.036896,0.032155,0.027696,0.023399,0.016289,0.009340,0.005720,
0.065041,0.067625,0.068125,0.067539,0.066664,0.063032,0.062356,0.058627,0.056809,0.054378,0.050886,0.048228,0.044479,0.042488,0.038742,0.035406,0.030492,0.025485,0.017814,0.010790,0.005904,
0.060931,0.063850,0.061837,0.061769,0.061342,0.060950,0.058512,0.057464,0.054529,0.052383,0.051067,0.049562,0.048027,0.045007,0.042004,0.037644,0.033680,0.027251,0.019481,0.011518,0.006282,
0.054820,0.060279,0.059177,0.060106,0.057277,0.057346,0.056599,0.056303,0.054111,0.053087,0.052126,0.052048,0.050690,0.048725,0.046065,0.042234,0.037664,0.028639,0.021667,0.012130,0.006275,
0.049925,0.056056,0.057307,0.056122,0.056695,0.055866,0.056071,0.054778,0.055354,0.055822,0.057519,0.053651,0.056086,0.053043,0.049698,0.048778,0.040644,0.033406,0.022680,0.012435,0.006446,
0.048319,0.057418,0.059108,0.056875,0.055330,0.056404,0.055357,0.057196,0.059008,0.059054,0.058052,0.060902,0.058803,0.059317,0.055677,0.051211,0.044102,0.036235,0.023462,0.011822,0.006085,
0.045359,0.056369,0.053052,0.059281,0.059290,0.057640,0.056635,0.060077,0.060187,0.062223,0.067644,0.062696,0.069810,0.064946,0.059308,0.056104,0.048779,0.036621,0.021941,0.010131,0.005126,
nan,nan,nan,0.056223,0.069694,0.060755,0.060611,0.059192,0.063314,0.057659,0.075492,0.066293,0.068439,0.071533,0.063069,0.054269,0.044916,0.035346,0.023324,0.009565,0.004104,
nan,0.165377,0.151756,0.146738,0.154472,0.150206,0.129259,0.133497,0.123966,0.110228,0.098107,0.085230,0.072832,0.056764,0.044319,0.033539,0.022067,0.016350,0.010760,0.006830,0.003762,
0.175237,0.163782,0.159886,0.154882,0.155231,0.146451,0.136635,0.125962,0.118005,0.109518,0.096595,0.082153,0.073425,0.057838,0.042542,0.034897,0.025920,0.017431,0.012807,0.007327,0.004130,
0.177103,0.162207,0.156987,0.153693,0.147991,0.141379,0.132978,0.124197,0.112778,0.102407,0.090645,0.075712,0.062909,0.050770,0.038590,0.029185,0.020450,0.013645,0.009560,0.005547,0.005531,
0.163257,0.152485,0.153560,0.147884,0.140103,0.137913,0.131378,0.118772,0.112133,0.100592,0.091967,0.078065,0.068366,0.056551,0.043383,0.032147,0.023265,0.016210,0.010870,0.006479,0.003387,
0.158128,0.144079,0.142251,0.140632,0.136631,0.130135,0.124223,0.115693,0.104192,0.093061,0.082092,0.071270,0.059121,0.048975,0.039039,0.031182,0.022863,0.016946,0.011716,0.007760,0.004260,
0.150534,0.135165,0.134225,0.130851,0.128602,0.122372,0.114511,0.105240,0.097121,0.088979,0.080697,0.071188,0.060069,0.049589,0.038778,0.028835,0.021398,0.014656,0.010131,0.006457,0.004837,
0.123864,0.125159,0.122600,0.118804,0.119221,0.109385,0.105744,0.099790,0.092503,0.083318,0.072678,0.062924,0.053892,0.045469,0.037488,0.030391,0.023084,0.016787,0.011217,0.006866,0.004520,
0.112255,0.115983,0.110618,0.109902,0.106986,0.098348,0.095218,0.090091,0.082820,0.074394,0.066817,0.060500,0.053210,0.043443,0.034484,0.027016,0.021565,0.016830,0.012666,0.007844,0.004072,
0.103277,0.103045,0.097711,0.100423,0.095056,0.089376,0.088237,0.080849,0.073262,0.070270,0.063602,0.054745,0.046058,0.040478,0.034272,0.028826,0.022007,0.016769,0.012052,0.008481,0.004677,
0.089865,0.092946,0.087476,0.089979,0.084352,0.082040,0.078990,0.072268,0.068226,0.062961,0.056164,0.050603,0.046608,0.039737,0.032401,0.028141,0.023285,0.018168,0.012237,0.007736,0.004992,
0.085277,0.083001,0.079000,0.080167,0.075887,0.075458,0.071362,0.066483,0.063326,0.057824,0.053272,0.049579,0.043221,0.038147,0.034928,0.028632,0.023467,0.019637,0.014035,0.007879,0.005181,
0.082780,0.075492,0.071970,0.073682,0.069093,0.069194,0.064897,0.062400,0.058549,0.055368,0.051853,0.047396,0.042572,0.038822,0.034433,0.030251,0.025801,0.021097,0.015359,0.009253,0.005384,
0.068699,0.070321,0.065070,0.067703,0.063431,0.065316,0.061061,0.058478,0.055232,0.052435,0.049278,0.047476,0.043323,0.039958,0.035969,0.032731,0.027527,0.022791,0.016459,0.009835,0.005733,
0.061660,0.064137,0.061843,0.062518,0.058982,0.060706,0.058818,0.055183,0.054554,0.051759,0.049162,0.047754,0.045339,0.042155,0.038235,0.033926,0.031153,0.024150,0.017796,0.010804,0.005981,
0.065309,0.058892,0.056643,0.058286,0.057299,0.056788,0.055975,0.053752,0.052639,0.052445,0.049541,0.049493,0.046976,0.044849,0.041699,0.038299,0.033202,0.026623,0.019738,0.011427,0.005980,
0.048621,0.057096,0.057752,0.056808,0.055287,0.054942,0.054930,0.054174,0.053341,0.053322,0.051744,0.049750,0.050712,0.047221,0.045579,0.043497,0.035800,0.030871,0.020316,0.011701,0.006248,
0.047976,0.052756,0.054016,0.054748,0.053766,0.054211,0.054641,0.054889,0.054094,0.054282,0.056994,0.053578,0.054301,0.055062,0.050331,0.045587,0.039082,0.032342,0.022606,0.011253,0.006463,
0.052844,0.051356,0.048886,0.058244,0.054549,0.058833,0.056907,0.057067,0.060724,0.057434,0.056648,0.063355,0.058879,0.056572,0.051685,0.052206,0.042346,0.033257,0.020759,0.011638,0.005092,
nan,0.061104,0.055634,nan,0.060459,nan,0.052714,0.059882,0.063668,0.069701,0.068963,0.060248,0.060672,0.049699,0.058747,0.053869,0.040123,0.026207,0.022822,0.009187,0.004815,
nan,0.172150,0.159796,0.160861,0.162447,0.153052,0.134643,0.129032,0.116842,0.109467,0.090361,0.079931,0.062392,0.053246,0.040899,0.038657,0.023093,0.016218,0.009990,0.006496,0.003522,
0.168373,0.161512,0.162348,0.155872,0.154162,0.144636,0.140179,0.126541,0.121145,0.106466,0.097533,0.085194,0.071857,0.059699,0.045560,0.035325,0.025407,0.017416,0.012125,0.007680,0.004200,
0.155605,0.159703,0.159891,0.155830,0.147384,0.139103,0.132667,0.121195,0.109802,0.101017,0.088053,0.077252,0.063567,0.050676,0.039573,0.030664,0.021249,0.015115,0.010042,0.006346,0.004442,
0.152822,0.151009,0.150378,0.148408,0.143932,0.139503,0.132426,0.122847,0.111659,0.101399,0.089379,0.075788,0.063846,0.051475,0.039532,0.029708,0.020404,0.014459,0.009950,0.005782,nan,
0.149538,0.145011,0.143045,0.140494,0.137576,0.130576,0.123676,0.113447,0.103287,0.093825,0.083322,0.074915,0.063834,0.052999,0.042074,0.031838,0.023054,0.016270,0.011331,0.006760,0.003373,
0.136380,0.136795,0.133118,0.131135,0.127995,0.118683,0.113726,0.107482,0.100538,0.090870,0.079937,0.068054,0.056476,0.046026,0.035884,0.028790,0.022528,0.017128,0.012072,0.007290,0.003999,
0.130170,0.127221,0.122490,0.125174,0.116646,0.108821,0.106260,0.098701,0.090762,0.080732,0.072005,0.064993,0.057707,0.046478,0.036468,0.027927,0.020612,0.014989,0.011013,0.007644,0.004162,
0.113905,0.116119,0.108308,0.112212,0.104388,0.102313,0.096886,0.088650,0.081998,0.076956,0.068929,0.058889,0.049172,0.042240,0.036156,0.028989,0.021852,0.015282,0.010670,0.007132,0.004479,
0.103683,0.103726,0.097426,0.100611,0.092456,0.091472,0.085674,0.081044,0.076350,0.067983,0.060591,0.055236,0.048763,0.040548,0.031749,0.026607,0.022100,0.017293,0.011276,0.006534,0.004616,
0.086816,0.094545,0.087153,0.087976,0.083477,0.083732,0.077248,0.074486,0.067722,0.061583,0.057323,0.051047,0.043814,0.038565,0.033422,0.027029,0.021401,0.017171,0.012475,0.007113,0.005084,
0.081654,0.083292,0.078754,0.079550,0.075592,0.074814,0.071325,0.066955,0.061211,0.058503,0.053124,0.048391,0.043413,0.037151,0.032157,0.027635,0.022730,0.017431,0.013451,0.008035,0.005452,
0.075751,0.078683,0.072927,0.071521,0.070185,0.069100,0.066210,0.061196,0.059232,0.053853,0.049402,0.046706,0.041482,0.037950,0.033154,0.028236,0.024612,0.019729,0.013831,0.008601,0.005549,
0.067722,0.070071,0.065783,0.065750,0.066247,0.063127,0.061735,0.057618,0.056064,0.052179,0.049480,0.045243,0.041829,0.038276,0.033779,0.029745,0.025555,0.020443,0.014505,0.009058,0.005840,
0.073150,0.062711,0.061288,0.060760,0.061911,0.059748,0.058135,0.054776,0.053493,0.052262,0.048147,0.046081,0.043372,0.039876,0.036398,0.031874,0.027990,0.021755,0.016177,0.009967,0.006458,
0.063356,0.060714,0.057756,0.056904,0.056861,0.056251,0.055399,0.053962,0.053281,0.049884,0.049905,0.045243,0.043399,0.041254,0.037862,0.035452,0.029796,0.024594,0.018040,0.010607,0.005975,
0.058961,0.060714,0.055024,0.057942,0.055401,0.056787,0.052548,0.052023,0.051502,0.051121,0.049630,0.048340,0.046605,0.044595,0.042583,0.038364,0.032116,0.027377,0.018894,0.011139,0.006210,
0.067150,0.055876,0.053686,0.051593,0.051707,0.054158,0.052547,0.052223,0.053302,0.051948,0.052694,0.048631,0.048254,0.048497,0.044591,0.041087,0.035919,0.028720,0.020843,0.011059,0.006504,
nan,0.055193,0.052765,0.052703,0.054834,0.054159,0.056588,0.056169,0.054007,0.052709,0.054775,0.055183,0.050235,0.049989,0.046174,0.046702,0.040172,0.030101,0.019375,0.011995,0.005199,
nan,0.044722,0.056274,nan,nan,0.059191,0.052630,nan,0.062527,0.053241,0.050790,0.055850,0.056848,0.055716,0.049479,0.048090,0.035772,0.025137,0.024224,0.010461,0.005008,
nan,0.168229,0.159983,0.164980,0.148602,0.142826,0.153945,0.123622,0.125218,0.096755,0.092850,0.078962,0.068344,0.052820,0.045807,0.028954,0.021544,0.018977,0.010542,0.005576,0.004528,
0.165838,0.162200,0.161564,0.161813,0.152306,0.147071,0.139270,0.131024,0.119237,0.105897,0.093724,0.082966,0.071151,0.058516,0.046345,0.033218,0.024592,0.016075,0.010807,0.006576,0.003813,
0.164468,0.157797,0.157501,0.152138,0.147512,0.140971,0.132002,0.122707,0.114662,0.103485,0.090428,0.078575,0.069744,0.056194,0.044884,0.033443,0.025330,0.017950,0.012614,0.007772,0.004090,
0.168604,0.154650,0.151506,0.149914,0.145964,0.138138,0.130666,0.119742,0.110213,0.099087,0.086544,0.073380,0.060800,0.047935,0.036544,0.028393,0.020306,0.015414,0.010707,0.006731,0.004451,
0.161627,0.149959,0.141642,0.142257,0.138019,0.128210,0.122040,0.115447,0.106515,0.096767,0.085738,0.075045,0.062484,0.050104,0.038253,0.029234,0.020413,0.013834,0.008962,0.005432,0.004451,
0.148730,0.136704,0.132037,0.135275,0.126411,0.118572,0.116257,0.109128,0.097262,0.087370,0.077894,0.068461,0.060802,0.051274,0.039777,0.030614,0.021562,0.015003,0.010000,0.005578,0.005095,
0.142782,0.127005,0.119216,0.121950,0.114974,0.114369,0.106674,0.096496,0.089502,0.084655,0.074671,0.063264,0.053879,0.043008,0.036347,0.029650,0.023404,0.016008,0.010547,0.006354,nan,
0.112912,0.114126,0.108466,0.109856,0.104427,0.102176,0.094573,0.091336,0.084100,0.074773,0.066939,0.060795,0.052234,0.042480,0.032989,0.025964,0.021149,0.016348,0.011573,0.006641,0.003609,
0.105221,0.103909,0.098065,0.097617,0.094880,0.091610,0.086615,0.081631,0.074007,0.068063,0.062350,0.053952,0.045929,0.040957,0.033463,0.026620,0.019870,0.015947,0.011843,0.007020,0.003857,
0.096847,0.091752,0.089519,0.087144,0.084966,0.080788,0.079827,0.071994,0.068246,0.062473,0.055777,0.051597,0.044950,0.037044,0.031607,0.027107,0.021157,0.015807,0.011683,0.007380,0.004215,
0.081782,0.083727,0.082066,0.078259,0.077701,0.073875,0.071362,0.065176,0.063620,0.056295,0.053267,0.047553,0.041209,0.037398,0.031565,0.025730,0.022097,0.017131,0.011860,0.007850,0.004404,
0.071942,0.075318,0.073749,0.071597,0.071087,0.068137,0.064106,0.062641,0.057647,0.055364,0.049445,0.045720,0.041133,0.036106,0.031883,0.027138,0.022308,0.018241,0.012413,0.008394,0.004677,
0.068131,0.072142,0.069390,0.064238,0.065416,0.063466,0.059607,0.058933,0.054235,0.052336,0.047741,0.044151,0.040614,0.036754,0.032382,0.028087,0.023576,0.018809,0.013372,0.008909,0.004697,
0.065249,0.065158,0.064398,0.059644,0.060742,0.059087,0.056213,0.055142,0.053545,0.049720,0.047666,0.043832,0.040656,0.037332,0.034382,0.029814,0.025458,0.020422,0.015075,0.009103,0.005272,
0.054377,0.059076,0.057337,0.055756,0.056664,0.055335,0.053945,0.053313,0.050897,0.050558,0.047041,0.043997,0.042538,0.038928,0.035841,0.032684,0.027433,0.022576,0.016090,0.010088,0.005944,
0.050293,0.053289,0.057507,0.052665,0.052343,0.052541,0.052943,0.051711,0.049901,0.049904,0.047556,0.044860,0.042855,0.040540,0.039371,0.035277,0.029715,0.025034,0.018140,0.010651,0.006120,
0.051759,0.056720,0.051529,0.053350,0.052082,0.053706,0.052853,0.053446,0.052274,0.050096,0.049092,0.046073,0.046917,0.044239,0.039635,0.036246,0.033548,0.026268,0.019518,0.011485,0.006751,
nan,0.048184,0.056269,0.053096,0.053657,0.056266,0.052164,0.050768,0.054058,0.052582,0.051563,0.049713,0.047935,0.047045,0.042473,0.040563,0.035283,0.027777,0.018066,0.010783,0.006011,
nan,nan,0.049342,0.055154,nan,nan,0.056025,0.051883,0.052103,0.053962,0.052607,0.052671,0.059363,0.047529,0.047886,0.041862,0.033638,0.027030,0.021276,0.012329,0.006236,
nan,0.169192,0.163465,0.156107,0.153245,0.151548,0.138512,0.133472,0.124737,0.106510,0.083043,0.080385,0.071406,0.063052,0.045918,0.030476,0.025188,0.015798,0.011595,0.006734,0.002958,
0.167289,0.168739,0.161604,0.162533,0.152551,0.146091,0.140839,0.127337,0.116428,0.107173,0.095445,0.082366,0.069313,0.056945,0.044628,0.033149,0.023164,0.015864,0.011279,0.006753,0.003319,
0.160673,0.162611,0.156221,0.150647,0.148140,0.141042,0.134121,0.127340,0.118174,0.105828,0.093952,0.083433,0.069535,0.057165,0.043957,0.033939,0.023771,0.016599,0.010877,0.006962,0.003544,
0.157197,0.157566,0.148485,0.151799,0.144753,0.135898,0.129735,0.118209,0.107730,0.096327,0.085865,0.075916,0.065222,0.053057,0.045133,0.034463,0.024779,0.017707,0.011314,0.006873,0.003879,
0.150157,0.149047,0.141946,0.141769,0.135232,0.127246,0.124415,0.117520,0.106291,0.095676,0.081924,0.071454,0.057912,0.047101,0.037214,0.029584,0.022634,0.016681,0.011597,0.007518,0.003953,
0.133691,0.138866,0.132485,0.131920,0.125590,0.123590,0.115407,0.103892,0.098667,0.089926,0.081885,0.069948,0.059213,0.046310,0.035612,0.026796,0.019650,0.015161,0.011045,0.007659,0.004145,
0.125565,0.129876,0.123450,0.120035,0.118951,0.111901,0.103727,0.100552,0.092330,0.081742,0.070782,0.063187,0.057850,0.046824,0.036427,0.027303,0.019861,0.013823,0.010393,0.007067,0.003931,
0.116330,0.114153,0.113627,0.106078,0.107363,0.099837,0.098471,0.090322,0.081598,0.076790,0.069260,0.058420,0.048241,0.042936,0.035535,0.028021,0.019850,0.014014,0.010070,0.007150,0.004169,
0.097415,0.102037,0.102603,0.094517,0.095361,0.090806,0.088172,0.079067,0.076898,0.067645,0.059684,0.055853,0.048163,0.038639,0.031225,0.027574,0.020590,0.014882,0.010140,0.006992,0.004016,
0.090220,0.092401,0.091895,0.085323,0.084954,0.082332,0.077069,0.073580,0.067641,0.060901,0.057927,0.049945,0.043760,0.038081,0.031080,0.025070,0.021533,0.015603,0.010263,0.007043,0.004329,
0.078902,0.082567,0.082936,0.077093,0.075893,0.076246,0.068611,0.067732,0.061192,0.058870,0.050968,0.047898,0.041079,0.036167,0.031432,0.024861,0.020734,0.016666,0.011242,0.007458,0.004460,
0.076474,0.074733,0.075453,0.071387,0.068036,0.069301,0.065553,0.061727,0.058630,0.053481,0.050384,0.044498,0.040713,0.035604,0.030459,0.026133,0.021246,0.017480,0.012099,0.008076,0.004700,
0.068178,0.071660,0.069422,0.066649,0.063442,0.063112,0.061373,0.058081,0.054756,0.051428,0.048140,0.043126,0.039290,0.036126,0.031554,0.026835,0.022286,0.018002,0.012848,0.008693,0.004982,
0.062516,0.063340,0.065074,0.063531,0.059324,0.058332,0.057986,0.055069,0.050988,0.050102,0.046806,0.042454,0.040303,0.035550,0.032313,0.028146,0.023634,0.018854,0.013823,0.009033,0.005655,
nan,0.058947,0.058837,0.058954,0.056166,0.054263,0.054659,0.052512,0.049207,0.047996,0.045451,0.042231,0.039992,0.036230,0.034484,0.030373,0.025375,0.021253,0.014837,0.009546,0.006160,
nan,0.054382,0.056064,0.055085,0.053487,0.050835,0.052247,0.051034,0.048013,0.048012,0.046979,0.042485,0.041474,0.038949,0.035840,0.032511,0.027565,0.022923,0.017210,0.010360,0.006042,
nan,0.054723,0.052043,0.051931,0.052462,0.052947,0.050664,0.049522,0.048371,0.046627,0.045715,0.045316,0.044229,0.041809,0.036903,0.033776,0.031372,0.024694,0.018540,0.011229,0.006814,
nan,0.050937,0.054558,0.052900,0.049093,0.050247,0.052074,0.050300,0.052114,0.048979,0.048665,0.045626,0.043014,0.041446,0.043220,0.036705,0.032407,0.025430,0.017360,0.010690,0.007036,
nan,0.060439,0.050978,0.051875,0.056007,0.066347,0.059337,0.050189,0.041680,0.038226,0.042283,0.044083,0.051974,0.040686,0.037741,0.039448,0.034658,0.024960,0.026556,0.012163,0.006208,
nan,0.158301,0.158131,0.155956,0.153753,0.141131,0.136454,0.134980,0.118992,0.105020,0.091171,0.080694,0.069529,0.054473,0.044262,0.033433,0.022121,0.015047,0.011214,0.006482,0.003478,
0.157901,0.164532,0.163601,0.159034,0.154870,0.146909,0.138738,0.128798,0.119182,0.107945,0.094463,0.077479,0.069833,0.055421,0.044072,0.031534,0.023363,0.015735,0.010031,0.006462,0.002955,
0.163223,0.160419,0.157332,0.155789,0.148548,0.145141,0.138635,0.128373,0.117154,0.107625,0.092690,0.081499,0.066545,0.053348,0.042179,0.031341,0.022146,0.016323,0.010953,0.006230,0.003347,
0.158027,0.156489,0.151950,0.150373,0.142841,0.137129,0.128938,0.119349,0.112477,0.104998,0.092684,0.079250,0.066080,0.055998,0.042390,0.031564,0.022416,0.015190,0.010167,0.006282,0.003088,
0.144989,0.150484,0.143856,0.141430,0.134442,0.131680,0.124090,0.114426,0.102735,0.091248,0.082464,0.073985,0.065318,0.054155,0.041499,0.031978,0.022108,0.015563,0.010386,0.006202,0.003252,
0.141219,0.143882,0.137775,0.129677,0.128454,0.120625,0.112086,0.110333,0.100771,0.089757,0.077932,0.066125,0.056041,0.049217,0.039031,0.031097,0.022620,0.015483,0.010261,0.005719,0.003371,
0.129064,0.128211,0.127061,0.117778,0.117785,0.109465,0.108679,0.099038,0.087897,0.083997,0.076213,0.064279,0.054046,0.042072,0.035117,0.029137,0.023083,0.015516,0.009946,0.005965,nan,
0.122000,0.116581,0.114416,0.109346,0.104072,0.103376,0.096150,0.088505,0.085167,0.073969,0.065504,0.060818,0.051819,0.041380,0.031794,0.026476,0.021228,0.015484,0.010352,0.005711,0.004343,
0.102559,0.100575,0.102153,0.100301,0.092460,0.092502,0.083819,0.082344,0.072955,0.068260,0.061907,0.052833,0.046791,0.040527,0.031499,0.024436,0.019755,0.015791,0.010115,0.005655,0.004441,
0.091254,0.089632,0.089897,0.090329,0.082747,0.082855,0.079332,0.072550,0.068535,0.062162,0.055206,0.051065,0.042694,0.036920,0.031853,0.024661,0.019656,0.015971,0.010364,0.005851,0.004304,
0.080338,0.081669,0.081387,0.081554,0.076522,0.073363,0.072459,0.066542,0.062699,0.056490,0.052922,0.045501,0.041468,0.035715,0.030491,0.024788,0.019141,0.015960,0.010992,0.006484,0.004236,
nan,0.074461,0.074477,0.073753,0.071849,0.067020,0.065257,0.063666,0.056938,0.054432,0.049488,0.044489,0.039395,0.035681,0.029484,0.025761,0.020452,0.016276,0.011660,0.006912,0.004446,
0.066954,0.067084,0.069374,0.067342,0.067352,0.062185,0.059746,0.058140,0.054799,0.050762,0.047429,0.042176,0.039333,0.033785,0.030371,0.025864,0.021112,0.017283,0.012066,0.007841,0.004874,
0.063585,0.066700,0.062642,0.061717,0.061737,0.058787,0.055027,0.053701,0.051994,0.048150,0.045268,0.041578,0.038408,0.034626,0.031262,0.026970,0.022497,0.017746,0.013042,0.008794,0.005283,
nan,0.057967,0.061111,0.057151,0.057334,0.055651,0.051740,0.051460,0.049376,0.046995,0.045470,0.041321,0.039049,0.034784,0.032290,0.028698,0.023895,0.020004,0.014378,0.009215,0.005801,
nan,0.052997,0.052353,0.055953,0.053777,0.051862,0.051642,0.048382,0.047988,0.045667,0.044674,0.041689,0.039904,0.037692,0.034062,0.030497,0.026660,0.021748,0.016162,0.010044,0.006560,
nan,0.048841,0.054161,0.050385,0.051498,0.050067,0.049598,0.049162,0.048210,0.046152,0.044745,0.043884,0.040110,0.038354,0.035712,0.033306,0.028062,0.023383,0.017675,0.011092,0.006597,
nan,0.051204,0.051935,0.050506,0.053963,0.048440,0.051237,0.050788,0.045641,0.047823,0.045729,0.042533,0.041266,0.041697,0.037169,0.034771,0.028702,0.024261,0.017121,0.010883,0.006840,
nan,nan,nan,nan,nan,0.074902,0.055690,0.054934,0.052101,0.050344,0.042678,0.046906,0.042764,0.043721,0.041738,0.034431,0.029823,0.024193,nan,0.013423,0.007736,
nan,0.163465,0.176603,0.157488,0.158018,0.148856,0.137655,0.138399,0.103828,nan,0.101107,0.072545,0.072267,0.053253,0.047937,0.028308,0.020956,0.014118,0.010576,0.007387,nan,
0.161021,0.164553,0.157586,0.158430,0.153405,0.144480,0.138075,0.127391,0.117047,0.103873,0.094562,0.079764,0.067313,0.053146,0.041757,0.032282,0.021800,0.014411,0.010029,0.006022,nan,
0.165184,0.159853,0.154596,0.153412,0.152297,0.144463,0.134919,0.126268,0.115574,0.103996,0.093353,0.077987,0.066096,0.053566,0.040015,0.030450,0.021283,0.014511,0.009688,0.005493,nan,
0.156843,0.155466,0.151828,0.147820,0.143146,0.135144,0.133376,0.124790,0.112884,0.100602,0.087337,0.075910,0.063931,0.051068,0.039063,0.028083,0.020390,0.014152,0.009275,0.005303,nan,
0.151075,0.148565,0.146833,0.139589,0.139061,0.131087,0.122858,0.111284,0.105631,0.099113,0.087690,0.073645,0.063113,0.049754,0.037911,0.028884,0.019713,0.013101,0.008842,0.005406,0.004201,
0.138092,0.134542,0.138177,0.130306,0.128435,0.119578,0.118776,0.107483,0.097624,0.087085,0.079825,0.072070,0.061475,0.048338,0.037099,0.028063,0.019131,0.013063,0.009397,0.006219,0.004197,
0.127861,0.123227,0.127427,0.124647,0.114412,0.115747,0.105780,0.098810,0.093331,0.082727,0.071234,0.063338,0.056303,0.046735,0.036696,0.026734,0.018896,0.013444,0.009883,0.006675,0.003800,
0.116543,0.113254,0.115297,0.113507,0.102980,0.101229,0.095220,0.090674,0.080178,0.076728,0.067714,0.057280,0.048619,0.043801,0.034859,0.026579,0.018597,0.013493,0.010176,0.006874,0.003945,
0.110596,0.102480,0.102764,0.100473,0.097093,0.090297,0.089097,0.079101,0.077034,0.066895,0.062159,0.055901,0.046008,0.037943,0.033038,0.025749,0.018628,0.014162,0.010556,0.006510,0.003400,
0.091375,0.089465,0.090377,0.088127,0.089399,0.080015,0.077636,0.075687,0.066958,0.063723,0.055804,0.049520,0.044132,0.036104,0.030667,0.025529,0.019328,0.014318,0.010569,0.006385,0.004038,
nan,0.082140,0.080337,0.079813,0.079595,0.076712,0.069881,0.067889,0.061780,0.057309,0.052745,0.046242,0.041396,0.036093,0.028695,0.025175,0.019198,0.014907,0.010956,0.006523,0.004414,
0.076569,0.073324,0.073169,0.073203,0.071382,0.069769,0.064804,0.060482,0.058812,0.054410,0.049348,0.044418,0.039144,0.035473,0.029252,0.024439,0.019680,0.015417,0.011326,0.006817,0.004430,
0.064021,0.066108,0.066376,0.067025,0.064922,0.063871,0.060516,0.056787,0.053802,0.050918,0.046652,0.041922,0.039212,0.033716,0.029516,0.025178,0.020454,0.015773,0.011394,0.007137,0.004802,
nan,0.062105,0.061372,0.060445,0.059592,0.057830,0.056989,0.054256,0.050852,0.048156,0.045153,0.041717,0.037930,0.033649,0.030538,0.026123,0.021665,0.017237,0.012381,0.008204,0.005292,
0.059372,0.058043,0.055640,0.056980,0.055493,0.053211,0.053616,0.051267,0.048910,0.046318,0.043907,0.041215,0.037472,0.035078,0.031349,0.027996,0.023449,0.018917,0.013750,0.008989,0.005506,
nan,0.056114,0.053649,0.053229,0.053988,0.050594,0.050504,0.048731,0.046189,0.044731,0.043515,0.042117,0.038214,0.035474,0.032279,0.028856,0.024218,0.020981,0.015514,0.009801,0.007077,
nan,0.051388,0.052700,0.052194,0.050853,0.050370,0.047611,0.048526,0.044768,0.044746,0.043694,0.042288,0.039740,0.037367,0.035431,0.031204,0.025927,0.022285,0.017251,0.011158,0.007073,
nan,0.051184,0.046534,0.054058,0.048100,0.047050,0.049349,0.045603,0.047126,0.044453,0.041567,0.043483,0.040197,0.039988,0.036171,0.033860,0.029818,0.022683,0.017382,0.011651,0.008209,
nan,nan,nan,nan,nan,0.053714,0.051556,0.045721,0.047643,0.044356,0.047567,0.044172,0.041044,0.041714,0.037924,0.032015,0.029605,0.022460,0.011601,0.012038,0.007392,
nan,0.155682,0.159935,0.171822,0.149013,0.153247,0.140713,0.133472,0.120258,0.106634,0.085706,0.078968,0.067667,0.056483,0.045031,0.030744,0.020661,0.017099,0.009584,0.005603,nan,
0.171711,0.163668,0.161659,0.157018,0.149881,0.143767,0.137282,0.127391,0.117901,0.104185,0.090710,0.078851,0.063568,0.052800,0.042002,0.031112,0.021114,0.014582,0.008969,0.005861,nan,
0.153393,0.162885,0.153367,0.157954,0.151619,0.140760,0.133145,0.120506,0.111283,0.100795,0.088881,0.077594,0.061896,0.050044,0.038653,0.028316,0.018882,0.013008,0.008754,0.005061,0.004910,
0.154770,0.156930,0.157540,0.148976,0.143636,0.139625,0.130602,0.120762,0.109795,0.098134,0.085331,0.074008,0.060908,0.047529,0.035640,0.027722,0.020700,0.015117,0.010426,0.006724,0.004416,
0.147132,0.145516,0.148081,0.140363,0.136474,0.126715,0.122530,0.118989,0.107271,0.096933,0.082821,0.070415,0.057287,0.047335,0.037291,0.029803,0.023129,0.016137,0.011148,0.007023,0.003843,
0.134867,0.137922,0.137195,0.135707,0.124834,0.126034,0.115029,0.105156,0.100600,0.091529,0.080871,0.067170,0.056448,0.043473,0.036522,0.029886,0.022112,0.015985,0.010658,0.006233,0.003458,
0.118862,0.126018,0.123332,0.123289,0.117361,0.110523,0.106638,0.100083,0.088763,0.082134,0.076922,0.065650,0.053053,0.041833,0.034547,0.028740,0.022441,0.015102,0.009552,0.005630,0.003197,
0.112869,0.114675,0.109924,0.109436,0.109903,0.099277,0.097838,0.088128,0.084856,0.073601,0.064792,0.061297,0.051271,0.039881,0.031880,0.027532,0.020712,0.014409,0.009161,0.005332,0.004063,
0.102502,0.102468,0.098117,0.096359,0.098130,0.095193,0.084590,0.084140,0.072830,0.070659,0.060958,0.053335,0.048033,0.038508,0.029989,0.025803,0.019599,0.014106,0.008962,0.006041,0.003757,
0.095591,0.091411,0.088250,0.086172,0.085284,0.085241,0.078066,0.072628,0.070402,0.061152,0.057707,0.049387,0.043102,0.037250,0.029727,0.024031,0.020000,0.013989,0.009521,0.006713,0.004176,
0.086122,0.080290,0.078816,0.077065,0.076235,0.074193,0.072486,0.065538,0.061796,0.059498,0.051424,0.047224,0.040226,0.036107,0.029323,0.023321,0.019229,0.014407,0.010341,0.006798,0.003666,
nan,0.074331,0.071026,0.070189,0.068922,0.066763,0.064991,0.062569,0.058323,0.053402,0.049632,0.042752,0.039411,0.033318,0.028817,0.023359,0.019474,0.015172,0.010991,0.006832,0.004805,
nan,0.067698,0.066095,0.065029,0.063511,0.060347,0.059182,0.057217,0.055334,0.050333,0.046100,0.042513,0.037878,0.033191,0.030405,0.024671,0.020231,0.015563,0.011701,0.007239,0.004621,
0.061697,0.062883,0.061387,0.061324,0.057862,0.056499,0.054380,0.052216,0.050896,0.048315,0.045298,0.041324,0.037536,0.033252,0.028755,0.025550,0.021841,0.016673,0.012266,0.007810,0.005313,
nan,0.056387,0.056179,0.054199,0.054056,0.053830,0.052446,0.049432,0.047727,0.045391,0.043302,0.041343,0.037259,0.033351,0.030200,0.027294,0.022650,0.018320,0.013451,0.008876,0.005846,
0.052490,0.052918,0.052782,0.051967,0.052037,0.050702,0.050850,0.048229,0.046262,0.043792,0.041345,0.041492,0.038254,0.034882,0.031950,0.028044,0.023753,0.020034,0.015224,0.010235,0.006713,
nan,0.053636,0.051854,0.051587,0.050176,0.048675,0.047104,0.045275,0.044332,0.043535,0.042217,0.039165,0.037972,0.037232,0.033102,0.029950,0.026116,0.021324,0.016573,0.011109,0.007236,
nan,0.050040,0.055415,0.049606,0.051412,0.047442,0.047930,0.046473,0.045741,0.043374,0.044434,0.039187,0.038718,0.038050,0.035053,0.032164,0.028272,0.022221,0.017147,0.012451,0.008685,
nan,nan,nan,0.056872,0.047893,0.048903,0.046217,0.055005,0.032736,0.039469,0.037123,0.038272,0.037534,0.039272,0.036807,0.031344,0.027621,0.022317,0.013779,0.013522,0.007744,
nan,0.168064,0.163136,0.156245,0.152989,0.157494,0.142420,0.129410,0.126892,0.112551,0.091283,0.082090,0.063044,0.053850,0.043049,0.030560,0.021398,0.014374,0.008798,0.006452,nan,
0.168750,0.163246,0.160819,0.161836,0.150706,0.145634,0.132687,0.125339,0.115307,0.102066,0.089222,0.075394,0.064886,0.051567,0.041114,0.028212,0.020397,0.013799,0.009453,0.004949,nan,
0.174435,0.160843,0.155301,0.157680,0.148428,0.141300,0.131384,0.122601,0.112714,0.101043,0.088045,0.074309,0.061056,0.050059,0.039757,0.029812,0.021609,0.016645,0.010611,0.006528,0.004090,
0.153725,0.154354,0.153416,0.144723,0.145580,0.136499,0.129936,0.119995,0.107195,0.095257,0.086517,0.077351,0.067157,0.053607,0.044377,0.033991,0.023682,0.016580,0.010813,0.006446,0.003583,
0.149815,0.147368,0.146431,0.146891,0.136195,0.130024,0.126289,0.115173,0.102260,0.091114,0.083358,0.074434,0.065755,0.054129,0.040781,0.030793,0.021358,0.015295,0.009785,0.005790,0.003250,
0.144711,0.134939,0.132486,0.132800,0.129384,0.120994,0.113606,0.109960,0.100212,0.088130,0.074825,0.069109,0.062467,0.050732,0.037831,0.028619,0.020179,0.013542,0.008749,0.005185,0.004020,
0.121315,0.125308,0.120340,0.118967,0.119753,0.108636,0.107279,0.096449,0.093794,0.083650,0.071736,0.062460,0.056716,0.046819,0.036556,0.026472,0.018643,0.012959,0.009548,0.006397,0.003716,
0.113845,0.110922,0.107715,0.106404,0.107206,0.107355,0.092832,0.091791,0.079939,0.076861,0.067406,0.056623,0.050404,0.043823,0.034004,0.025101,0.018054,0.014124,0.010521,0.006292,0.003673,
0.096471,0.100098,0.096306,0.095060,0.093365,0.092499,0.089492,0.079928,0.077516,0.066983,0.063033,0.053837,0.045609,0.040029,0.031822,0.023997,0.019020,0.014779,0.009868,0.005546,0.003804,
0.087248,0.091216,0.086364,0.085105,0.082792,0.079372,0.078770,0.074713,0.066787,0.063802,0.055315,0.051183,0.042153,0.037842,0.030722,0.023572,0.018735,0.014558,0.009183,0.005654,0.004218,
0.081366,0.080262,0.080288,0.078955,0.076077,0.070821,0.068736,0.066896,0.063911,0.056967,0.052362,0.045005,0.040608,0.034314,0.029971,0.023549,0.018771,0.014401,0.009456,0.007032,0.004024,
0.070255,0.072156,0.071444,0.072472,0.071711,0.067292,0.062540,0.060045,0.057984,0.054017,0.048615,0.043721,0.040617,0.033692,0.029186,0.023919,0.019663,0.014959,0.010380,0.006889,0.003891,
0.070468,0.064726,0.066368,0.068160,0.066473,0.063798,0.062431,0.057005,0.052927,0.049923,0.046780,0.042699,0.037476,0.033171,0.029214,0.024874,0.019845,0.015347,0.011570,0.007189,0.004663,
0.061357,0.062007,0.059951,0.062452,0.061882,0.058550,0.057108,0.054002,0.051489,0.047604,0.044037,0.041586,0.037237,0.032693,0.028697,0.024854,0.020522,0.016143,0.012109,0.007852,0.005307,
nan,0.058964,0.056782,0.056632,0.057824,0.054013,0.052762,0.050289,0.048627,0.046022,0.043255,0.040210,0.037456,0.033034,0.029296,0.026405,0.020949,0.018065,0.013018,0.008516,0.006142,
0.052268,0.051867,0.053833,0.055339,0.054028,0.050479,0.049436,0.047703,0.047277,0.044859,0.042984,0.039722,0.037295,0.034844,0.032138,0.027624,0.023315,0.019387,0.014668,0.010660,0.006323,
nan,0.048701,0.050522,0.053033,0.048700,0.047768,0.048166,0.046404,0.045499,0.043816,0.042039,0.039777,0.036938,0.035009,0.032132,0.029396,0.025790,0.020772,0.016399,0.010966,0.007831,
nan,0.046691,0.051864,0.052035,0.051162,0.046516,0.048611,0.047722,0.044480,0.042396,0.043117,0.040220,0.037392,0.036185,0.033940,0.030672,0.026883,0.023030,0.017760,0.012594,0.010335,
nan,nan,0.058548,0.044796,0.044506,nan,0.043980,0.047097,0.041878,0.039782,0.036411,0.040369,0.035075,0.035199,0.036765,0.034248,0.025120,0.023394,0.014523,0.014682,0.008396,
nan,0.157574,0.159537,0.143689,0.150002,0.137032,0.128648,0.122291,0.123934,0.104713,0.098551,0.082846,0.069047,0.051237,0.040509,0.028830,0.023061,0.014323,0.008318,0.005358,nan,
0.164081,0.166278,0.159910,0.155181,0.149293,0.142263,0.136964,0.123974,0.114298,0.101800,0.091201,0.077609,0.066279,0.050722,0.039114,0.027141,0.019099,0.013184,0.009059,0.005506,0.003762,
0.162102,0.161686,0.161842,0.154397,0.146427,0.141357,0.133107,0.120976,0.114294,0.103588,0.092985,0.081395,0.070748,0.058176,0.045018,0.034541,0.024259,0.017021,0.011626,0.007370,0.003678,
0.157537,0.154663,0.154959,0.150597,0.143644,0.136763,0.127694,0.118633,0.112686,0.104087,0.091224,0.079734,0.065993,0.054894,0.042520,0.031421,0.021796,0.014521,0.009550,0.005986,0.003023,
0.146102,0.141337,0.140189,0.142658,0.133814,0.132724,0.121861,0.112547,0.107483,0.098612,0.087539,0.073708,0.063119,0.049697,0.037931,0.028337,0.019410,0.013197,0.008924,0.005539,0.004180,
0.129749,0.132587,0.129691,0.128096,0.129158,0.117190,0.117863,0.107253,0.093151,0.090695,0.082352,0.068781,0.058659,0.045014,0.034803,0.026731,0.019800,0.014962,0.010677,0.006826,0.003629,
0.123125,0.120634,0.117637,0.116787,0.116186,0.114623,0.103287,0.100682,0.089448,0.080644,0.076595,0.066080,0.052660,0.041808,0.035137,0.028383,0.021870,0.015152,0.009373,0.005470,0.003897,
0.109469,0.110357,0.106758,0.107307,0.103232,0.101616,0.098450,0.088293,0.085470,0.073525,0.068168,0.060994,0.049897,0.039204,0.033501,0.027850,0.019981,0.013288,0.008509,0.005512,0.004169,
0.100693,0.096188,0.099702,0.102182,0.097864,0.087991,0.085696,0.084294,0.072835,0.070467,0.060160,0.056267,0.046400,0.036961,0.031754,0.025767,0.018055,0.013346,0.009800,0.006370,0.003547,
0.093717,0.088954,0.092303,0.092037,0.089041,0.084336,0.076563,0.071830,0.069595,0.062814,0.056810,0.048789,0.043660,0.035922,0.030595,0.024307,0.018066,0.014325,0.009849,0.005745,0.003825,
0.080611,0.080324,0.083654,0.081935,0.078896,0.075833,0.072521,0.066990,0.061376,0.057660,0.052466,0.045593,0.042043,0.035030,0.029535,0.023647,0.017601,0.014545,0.009798,0.006130,0.004144,
0.072432,0.073951,0.075957,0.073686,0.070717,0.068139,0.066132,0.062244,0.059301,0.052774,0.048934,0.044380,0.039103,0.033544,0.028467,0.023938,0.017998,0.015020,0.010000,0.007056,0.004273,
0.064942,0.065840,0.071036,0.067646,0.064971,0.061926,0.059585,0.056041,0.054047,0.051536,0.047539,0.041860,0.037649,0.033451,0.028559,0.024178,0.018871,0.015096,0.010789,0.007179,0.004694,
0.066872,0.058179,0.065448,0.062973,0.059458,0.057008,0.055533,0.051732,0.051107,0.047387,0.044575,0.041657,0.037374,0.032089,0.028521,0.024645,0.020608,0.015832,0.011962,0.008106,0.005364,
0.069995,0.057234,0.058758,0.056904,0.055331,0.052105,0.052686,0.050185,0.048585,0.045088,0.042679,0.040012,0.037050,0.033331,0.029731,0.025775,0.021576,0.017881,0.012878,0.008442,0.005926,
0.059058,0.049531,0.055066,0.051986,0.052016,0.049290,0.049709,0.048121,0.046694,0.043737,0.040977,0.039464,0.036089,0.034108,0.030826,0.027020,0.023139,0.019132,0.014285,0.010181,0.006758,
0.056903,0.055792,0.051068,0.049355,0.049686,0.047709,0.049973,0.045321,0.044741,0.041722,0.040010,0.041493,0.037471,0.035725,0.031697,0.028852,0.025571,0.021142,0.016776,0.011581,0.008497,
nan,0.042638,0.050755,0.051841,0.052282,0.046118,0.049396,0.045044,0.042883,0.042470,0.038371,0.039016,0.039251,0.036144,0.033640,0.030469,0.025871,0.022597,0.017105,0.013719,0.009154,
nan,nan,0.043982,nan,0.049924,0.045429,0.040050,0.041969,0.047255,0.040298,0.041453,0.050058,0.036818,0.046166,0.036943,0.029939,0.026958,0.022231,0.015897,0.014527,0.014442,
nan,0.160686,0.152742,0.159153,0.150134,0.136732,0.129960,0.134475,0.121627,0.110439,0.097494,0.079993,0.063436,0.051341,0.039087,0.027583,0.021729,0.014361,0.008682,0.005291,nan,
0.168773,0.165320,0.161797,0.156910,0.147220,0.143387,0.136988,0.125258,0.115009,0.101940,0.091145,0.077738,0.064837,0.053842,0.041555,0.030486,0.022161,0.015427,0.009453,0.005842,0.004368,
0.164921,0.161687,0.157705,0.153702,0.147256,0.141254,0.138486,0.128672,0.118473,0.106233,0.093833,0.082727,0.070735,0.057627,0.042508,0.032513,0.023631,0.015603,0.010368,0.006666,0.003783,
0.157847,0.147762,0.150286,0.153168,0.141734,0.133425,0.132917,0.122711,0.112326,0.102112,0.086966,0.075483,0.063781,0.050294,0.038448,0.027519,0.020448,0.013926,0.008857,0.005043,0.004103,
0.156451,0.141573,0.139972,0.138428,0.141529,0.128362,0.121022,0.120184,0.107415,0.095914,0.082486,0.070449,0.057365,0.047847,0.037472,0.029709,0.021729,0.015784,0.010503,0.006611,0.003857,
0.140452,0.132113,0.129431,0.125415,0.126552,0.125124,0.113760,0.109339,0.102219,0.090248,0.076895,0.064828,0.058631,0.049746,0.039326,0.029853,0.021400,0.014474,0.009573,0.005257,0.003435,
0.132799,0.120192,0.128268,0.127448,0.115758,0.111495,0.108796,0.097485,0.093051,0.083526,0.071856,0.063029,0.057043,0.046647,0.036478,0.026265,0.018951,0.012730,0.009102,0.005895,0.003682,
0.106766,0.107221,0.117202,0.113173,0.112322,0.103875,0.094957,0.094063,0.080232,0.077880,0.066984,0.056998,0.053346,0.042833,0.032950,0.024902,0.019110,0.014288,0.009816,0.005894,0.003418,
0.102406,0.100053,0.104134,0.100189,0.097779,0.094185,0.089467,0.078934,0.076393,0.067027,0.062512,0.052511,0.048482,0.039221,0.030158,0.024841,0.019524,0.013845,0.009035,0.005445,0.003865,
0.091644,0.087319,0.092849,0.088723,0.084679,0.081683,0.078519,0.075159,0.067253,0.062750,0.057935,0.049530,0.044023,0.037357,0.028754,0.024664,0.018801,0.013387,0.009269,0.006420,0.003758,
0.079952,0.080130,0.083481,0.081061,0.075540,0.071948,0.069644,0.066158,0.063173,0.058827,0.051801,0.046380,0.039719,0.035431,0.027830,0.024431,0.018320,0.013934,0.010347,0.006201,0.004393,
0.075171,0.073666,0.076588,0.073819,0.069176,0.066435,0.064057,0.059724,0.056837,0.053747,0.049553,0.044400,0.039406,0.033908,0.028179,0.024069,0.018184,0.015105,0.010237,0.006471,0.004325,
0.068137,0.071774,0.067836,0.066478,0.063692,0.061637,0.061220,0.058407,0.055979,0.049934,0.045511,0.042498,0.037576,0.033963,0.028588,0.024024,0.018983,0.015019,0.010897,0.007564,0.004609,
0.066612,0.063404,0.063866,0.059641,0.058092,0.059436,0.056358,0.053392,0.051994,0.047980,0.044482,0.041192,0.037861,0.031994,0.028320,0.024591,0.019853,0.015786,0.011710,0.008007,0.005822,
0.054028,0.057954,0.058138,0.057782,0.056217,0.054528,0.051926,0.048642,0.048467,0.045530,0.041759,0.039840,0.036600,0.033046,0.030171,0.025811,0.021020,0.017818,0.013344,0.008671,0.006164,
nan,0.051907,0.053351,0.050972,0.053519,0.050508,0.048940,0.045979,0.046220,0.044054,0.041434,0.039628,0.036546,0.033705,0.031089,0.027067,0.023039,0.019081,0.014135,0.010492,0.006637,
0.050791,0.053951,0.051282,0.049880,0.050998,0.047656,0.046861,0.043411,0.044828,0.042998,0.041034,0.040073,0.037175,0.034632,0.031746,0.028324,0.025741,0.021227,0.017238,0.011791,0.009637,
nan,0.047289,0.053520,0.048766,0.049084,0.046981,0.047971,0.045749,0.044747,0.041913,0.042601,0.039929,0.037008,0.033198,0.034483,0.029115,0.026784,0.022750,0.017527,0.013381,0.010784,
nan,0.043809,0.041568,nan,0.044643,0.041595,0.039680,0.044724,0.046606,0.041301,0.044154,0.036152,0.039725,0.033745,0.031135,0.031336,0.026960,0.024070,0.017451,0.017654,0.012499,
nan,0.164427,0.166585,0.155763,0.156948,0.152332,0.137377,0.125906,0.111156,0.103400,0.090533,0.083600,0.067838,0.051848,0.038802,0.028725,0.022019,0.013333,0.008415,0.004655,nan,
0.161727,0.165158,0.162983,0.154929,0.153052,0.140409,0.141609,0.127188,0.119329,0.105280,0.093541,0.081914,0.069899,0.055531,0.041974,0.031043,0.023323,0.015744,0.010824,0.005913,0.003656,
0.159291,0.156869,0.159084,0.150327,0.150821,0.146558,0.136267,0.128077,0.119440,0.105032,0.093539,0.080180,0.067580,0.053346,0.042352,0.031458,0.021659,0.015557,0.010053,0.005847,0.003483,
0.154312,0.152387,0.148130,0.149970,0.143211,0.138660,0.131598,0.122458,0.109220,0.097097,0.085729,0.072535,0.061766,0.049539,0.037953,0.029233,0.020860,0.014822,0.009984,0.006088,0.004341,
0.149031,0.141708,0.149347,0.132993,0.136106,0.128465,0.125770,0.114101,0.102458,0.092461,0.083836,0.075256,0.063849,0.053322,0.041174,0.030726,0.021719,0.014989,0.009781,0.005815,0.003251,
0.147582,0.133678,0.138876,0.135295,0.127433,0.120218,0.120959,0.108411,0.096336,0.087466,0.082336,0.071231,0.060428,0.047656,0.036113,0.026967,0.018884,0.013706,0.009124,0.006152,0.003721,
0.129875,0.127937,0.126233,0.122217,0.121917,0.116419,0.104215,0.102690,0.089753,0.079888,0.076942,0.065784,0.052872,0.041997,0.034568,0.027695,0.020922,0.014998,0.009658,0.005685,0.003429,
0.110975,0.115833,0.114147,0.109080,0.106466,0.103098,0.100872,0.086883,0.085088,0.073858,0.070364,0.059948,0.048634,0.041099,0.035237,0.027106,0.019135,0.012950,0.008608,0.005616,0.003994,
0.097260,0.101972,0.103494,0.097459,0.091702,0.088951,0.085231,0.082949,0.075548,0.068822,0.062439,0.055059,0.044972,0.039797,0.032462,0.024185,0.017869,0.013785,0.009877,0.005885,0.003622,
0.087747,0.090650,0.092132,0.087062,0.081738,0.080172,0.076473,0.071681,0.068198,0.064228,0.055375,0.050882,0.042079,0.038783,0.030090,0.023131,0.019650,0.014055,0.009134,0.005654,0.003954,
0.079749,0.084710,0.082378,0.077118,0.076649,0.076815,0.073080,0.068648,0.063976,0.056554,0.052709,0.047816,0.040830,0.036750,0.029116,0.023590,0.018716,0.013759,0.009753,0.006631,0.003783,
0.076484,0.076139,0.074392,0.070348,0.071612,0.069994,0.065665,0.061512,0.058667,0.054558,0.050319,0.043639,0.039533,0.034730,0.029029,0.024065,0.018544,0.014004,0.010889,0.006636,0.004769,
0.068850,0.067305,0.068101,0.065780,0.066159,0.064108,0.059446,0.055728,0.054276,0.050029,0.046277,0.042682,0.038142,0.032064,0.028493,0.024213,0.019172,0.015340,0.011242,0.007486,0.004652,
0.058447,0.063552,0.061419,0.060558,0.061339,0.058182,0.054705,0.052927,0.052569,0.048461,0.045032,0.041108,0.036980,0.032362,0.028651,0.025500,0.020337,0.015903,0.011613,0.007944,0.005469,
0.052428,0.058702,0.058751,0.056813,0.055300,0.053693,0.051466,0.049851,0.048743,0.045637,0.042747,0.040082,0.036514,0.033567,0.029946,0.026252,0.021178,0.018064,0.013298,0.009285,0.006527,
0.057083,0.057744,0.053718,0.053176,0.050273,0.050220,0.048635,0.047006,0.045371,0.043628,0.042275,0.039154,0.036030,0.032635,0.030808,0.025869,0.023138,0.018859,0.014885,0.010395,0.007161,
0.054558,0.050279,0.048824,0.053611,0.049971,0.048313,0.045943,0.045681,0.043751,0.042492,0.040422,0.038829,0.036887,0.032905,0.031724,0.028647,0.026219,0.020927,0.017897,0.012276,0.009139,
nan,nan,0.045567,0.048843,0.049010,0.045804,0.044933,0.044127,0.043664,0.039986,0.041606,0.039437,0.036542,0.035339,0.033215,0.030239,0.026959,0.023218,0.018995,0.013852,0.009908,
nan,0.043437,nan,0.045367,0.048895,0.040623,nan,0.044026,0.041868,0.037979,0.039439,0.042045,0.035442,0.037383,0.031177,0.033641,0.027142,0.022938,0.014972,0.014825,0.011442,
nan,0.154953,0.169775,0.160328,0.148874,0.149955,0.138324,0.126602,0.108696,0.110985,0.098478,0.078823,0.066362,0.047155,0.040743,0.027192,0.022135,0.014980,0.009822,0.005441,nan,
0.161020,0.163321,0.157923,0.154101,0.151650,0.147708,0.138055,0.127106,0.117208,0.108033,0.095134,0.080363,0.070526,0.054625,0.042984,0.032361,0.024877,0.014962,0.011274,0.006680,0.004221,
0.157083,0.155834,0.158190,0.151890,0.150875,0.143413,0.135444,0.125466,0.113836,0.104945,0.091831,0.079064,0.063991,0.051950,0.040610,0.029146,0.020643,0.014211,0.009670,0.005475,0.003357,
0.162011,0.149890,0.152216,0.146652,0.148470,0.137121,0.130243,0.117891,0.108181,0.098160,0.088099,0.078187,0.065253,0.052543,0.042232,0.031813,0.022415,0.015400,0.010327,0.006445,0.003663,
0.138138,0.147569,0.147082,0.144142,0.133936,0.132618,0.121397,0.112778,0.109004,0.097700,0.087010,0.075075,0.062671,0.049484,0.038032,0.028356,0.019415,0.013168,0.008972,0.005375,0.004643,
0.135109,0.139162,0.136329,0.131706,0.130518,0.122379,0.115573,0.106119,0.102247,0.090701,0.079063,0.066448,0.056207,0.045821,0.038208,0.029341,0.022183,0.015131,0.010137,0.005968,0.003564,
0.128550,0.128064,0.125799,0.119610,0.115978,0.113605,0.110589,0.098710,0.094776,0.084147,0.072302,0.062315,0.056745,0.047188,0.036433,0.026605,0.019099,0.013136,0.008760,0.005515,0.003635,
0.122837,0.118629,0.114695,0.107269,0.101837,0.098632,0.093915,0.092291,0.080803,0.076841,0.066479,0.060174,0.052498,0.041238,0.032284,0.025506,0.019696,0.014424,0.009480,0.005726,0.003361,
0.102555,0.104935,0.101458,0.094723,0.097006,0.094717,0.090883,0.078630,0.075423,0.071827,0.061263,0.055473,0.047226,0.037765,0.031509,0.026154,0.018914,0.013087,0.008972,0.005733,0.003856,
0.089920,0.093083,0.090535,0.085851,0.089495,0.084274,0.079524,0.075175,0.070856,0.060467,0.057124,0.050564,0.043789,0.036157,0.031153,0.024121,0.017791,0.014229,0.009943,0.006065,0.003585,
0.084800,0.081279,0.081575,0.078844,0.080252,0.075070,0.070129,0.065634,0.062395,0.058537,0.053783,0.045600,0.041358,0.034553,0.029522,0.022668,0.019222,0.014310,0.009288,0.006265,0.004063,
0.078131,0.075232,0.073763,0.073837,0.071213,0.068053,0.065006,0.062534,0.059278,0.053671,0.048651,0.044729,0.039631,0.032550,0.029068,0.023208,0.019165,0.013975,0.010583,0.007147,0.004381,
0.065415,0.072938,0.067855,0.066850,0.064145,0.062416,0.061426,0.057918,0.055375,0.050883,0.047182,0.042661,0.038939,0.032509,0.028402,0.024122,0.019129,0.015081,0.011495,0.007146,0.005043,
0.058208,0.063775,0.061898,0.062221,0.058612,0.057523,0.056863,0.053639,0.050797,0.047484,0.044565,0.040895,0.036896,0.032933,0.028788,0.024938,0.020584,0.016318,0.012228,0.008468,0.005344,
0.056024,0.057555,0.056501,0.058378,0.054694,0.053844,0.053571,0.049894,0.048438,0.047025,0.043282,0.039996,0.036407,0.033680,0.030146,0.026424,0.021414,0.018003,0.013662,0.009373,0.006935,
0.059738,0.056338,0.053819,0.053326,0.049440,0.050001,0.050063,0.046725,0.046889,0.044478,0.042224,0.039749,0.036206,0.032247,0.030757,0.026081,0.023776,0.018829,0.015334,0.010324,0.007651,
0.068434,0.059375,0.047377,0.050822,0.047303,0.047410,0.047396,0.043793,0.045873,0.044194,0.041866,0.038473,0.036708,0.033738,0.031642,0.029166,0.025896,0.021901,0.017654,0.012842,0.008697,
nan,nan,0.052824,0.052363,0.043583,0.043407,0.045904,0.043843,0.041545,0.040501,0.041833,0.039165,0.033892,0.034764,0.031794,0.029578,0.027707,0.023751,0.020162,0.015276,0.012151,
nan,nan,nan,0.048364,nan,0.047519,0.045581,0.042891,0.041122,0.042985,0.036969,0.036238,0.041417,0.031983,0.035447,0.032205,0.024658,0.025622,0.018300,0.017236,0.011464,
nan,0.162756,0.164121,0.154123,0.143276,0.148711,0.136904,0.121991,0.111984,0.101095,0.089419,0.079155,0.064732,0.049468,0.042293,0.028865,0.020792,0.013638,0.008304,0.004958,nan,
0.167255,0.164687,0.161551,0.157797,0.154191,0.142685,0.138251,0.127864,0.118309,0.106570,0.099225,0.084555,0.068543,0.056546,0.042535,0.031981,0.023525,0.015548,0.010253,0.006644,0.003453,
0.149280,0.160131,0.154101,0.158236,0.150061,0.142355,0.134700,0.124652,0.112576,0.102008,0.090709,0.076286,0.064177,0.050860,0.039490,0.029237,0.019854,0.014008,0.009101,0.005829,0.004124,
0.145315,0.157463,0.155525,0.142383,0.142962,0.135503,0.126716,0.122338,0.111695,0.103120,0.090473,0.078404,0.067571,0.054353,0.042952,0.030942,0.022676,0.015517,0.010053,0.006085,0.003286,
0.149686,0.146828,0.145381,0.141572,0.141901,0.128749,0.121510,0.118421,0.106745,0.095719,0.082410,0.070708,0.058942,0.048290,0.036525,0.028686,0.021124,0.014684,0.009559,0.005784,0.003675,
0.132524,0.139725,0.135292,0.128923,0.126397,0.123673,0.111762,0.108686,0.099370,0.088690,0.078118,0.070948,0.061287,0.049852,0.038354,0.028874,0.019783,0.013884,0.008796,0.005353,0.004138,
0.127209,0.127324,0.122671,0.117085,0.114762,0.107808,0.105525,0.103954,0.089763,0.080899,0.076832,0.065687,0.054748,0.042639,0.033753,0.026832,0.020119,0.014630,0.009839,0.006100,0.003477,
0.108084,0.115261,0.109620,0.109662,0.109201,0.104342,0.100316,0.086438,0.084340,0.074563,0.069262,0.058653,0.048612,0.042453,0.035820,0.026389,0.018904,0.012941,0.008540,0.005552,0.003702,
0.108211,0.103183,0.098093,0.100527,0.097640,0.091281,0.086273,0.082235,0.078087,0.067785,0.063536,0.054282,0.047540,0.040168,0.031364,0.023573,0.019504,0.014011,0.009403,0.005670,0.003656,
0.093827,0.094137,0.087790,0.090305,0.084626,0.080501,0.076474,0.071643,0.067198,0.063044,0.058965,0.049502,0.045949,0.037604,0.029465,0.025071,0.018724,0.012940,0.009475,0.006267,0.003905,
0.079056,0.083740,0.078853,0.081837,0.075262,0.075150,0.073597,0.068198,0.064083,0.059889,0.051984,0.047308,0.042862,0.035274,0.029961,0.023678,0.018204,0.014662,0.009942,0.006127,0.004279,
0.076985,0.074387,0.072023,0.074471,0.068297,0.068480,0.066561,0.061219,0.058470,0.053734,0.050006,0.045072,0.040884,0.033818,0.029643,0.023180,0.019726,0.014534,0.009976,0.007078,0.004402,
0.071530,0.070550,0.065718,0.068166,0.063434,0.063634,0.060846,0.056794,0.054816,0.051762,0.047904,0.043221,0.037681,0.033145,0.028676,0.023346,0.019503,0.014855,0.011801,0.007429,0.005528,
0.060388,0.064344,0.060588,0.062888,0.057687,0.058812,0.056283,0.053825,0.051626,0.049226,0.045027,0.041201,0.036880,0.033730,0.029179,0.024601,0.020834,0.016412,0.012471,0.008898,0.005694,
0.055351,0.058131,0.055488,0.057669,0.054271,0.054361,0.052430,0.050071,0.048585,0.046229,0.042708,0.040074,0.037110,0.033589,0.030195,0.025770,0.022134,0.017985,0.013587,0.009668,0.006879,
0.053786,0.051132,0.053352,0.053935,0.050997,0.051467,0.050785,0.046438,0.045429,0.043644,0.041592,0.039255,0.036633,0.032897,0.030834,0.026827,0.023659,0.019516,0.016288,0.010929,0.008026,
0.046111,0.050813,0.050682,0.052835,0.048305,0.048629,0.047629,0.046763,0.044143,0.041950,0.040032,0.039803,0.036693,0.034345,0.031337,0.029412,0.026700,0.022616,0.018070,0.013388,0.009732,
nan,0.052543,0.049782,0.049524,0.043110,0.047517,0.043434,0.046201,0.043581,0.042490,0.042369,0.038170,0.038972,0.034915,0.033981,0.031923,0.028410,0.024330,0.020454,0.015500,0.013100,
nan,nan,0.039001,0.058431,0.044082,nan,0.043826,0.047420,0.040584,0.035635,0.041074,0.034427,0.040204,0.036183,0.033893,0.031305,0.029638,0.028264,0.021574,0.016689,0.013522,
nan,0.166697,0.158197,0.166366,0.164465,0.151872,0.141518,0.128127,0.113583,0.099680,0.090754,0.076388,0.063408,0.054002,0.039804,0.026870,0.022419,0.013131,0.010525,0.006042,nan,
0.158050,0.164608,0.161059,0.157970,0.154207,0.145136,0.139666,0.130183,0.116909,0.105320,0.093963,0.083151,0.068359,0.057253,0.044711,0.031950,0.023476,0.016230,0.010642,0.006162,0.003716,
0.161454,0.163045,nan,0.156171,0.148242,0.142400,0.130486,0.123413,0.114115,0.102490,0.090930,0.077245,0.065518,0.053295,0.041538,0.031203,0.021525,0.014960,0.009618,0.005799,0.003759,
0.153726,0.155970,0.153099,0.154937,0.142584,0.136576,0.131862,0.124346,0.113277,0.102035,0.088081,0.076390,0.064304,0.052500,0.039575,0.028564,0.020411,0.013686,0.009175,0.005635,0.003636,
0.148328,0.148382,0.143914,0.137947,0.137261,0.137188,0.125689,0.114158,0.103195,0.093436,0.083541,0.074717,0.062152,0.051140,0.040217,0.030662,0.022093,0.015143,0.010083,0.006003,0.003891,
0.131302,0.139566,0.133726,0.131201,0.129902,0.119997,0.116995,0.107832,0.096812,0.091369,0.081882,0.069703,0.057736,0.046403,0.035977,0.026943,0.019887,0.014211,0.009293,0.005707,0.003964,
0.116421,0.129307,0.123402,0.124133,0.120349,0.115142,0.114563,0.098856,0.095875,0.084410,0.073025,0.062276,0.055362,0.046294,0.036902,0.028125,0.020106,0.013426,0.009032,0.005446,0.003993,
0.122249,0.118344,0.110200,0.113383,0.106914,0.099749,0.095458,0.091178,0.086287,0.076211,0.066174,0.061206,0.051857,0.041071,0.032702,0.025323,0.019893,0.014281,0.009660,0.005913,0.003398,
0.090769,0.104776,0.099010,0.100847,0.092735,0.091152,0.090273,0.083547,0.073825,0.069713,0.060365,0.055693,0.046187,0.039158,0.033367,0.025380,0.018336,0.013015,0.008834,0.006123,0.003761,
0.097684,0.092288,0.088532,0.090232,0.083302,0.085304,0.080021,0.074195,0.069329,0.064438,0.055522,0.050841,0.042801,0.038208,0.030120,0.023509,0.018980,0.014070,0.009516,0.005600,0.004133,
0.078037,0.081901,0.081568,0.080472,0.076577,0.075950,0.070875,0.065744,0.061965,0.056108,0.053372,0.047740,0.040227,0.035794,0.028980,0.024296,0.018666,0.013640,0.010404,0.006965,0.004208,
0.072494,0.075492,0.073910,0.072904,0.070364,0.068751,0.065954,0.063030,0.059437,0.054989,0.050248,0.045601,0.038383,0.034424,0.029736,0.023931,0.018689,0.015264,0.010425,0.006695,0.004751,
0.066631,0.068378,0.068254,0.066841,0.064493,0.062693,0.061466,0.058033,0.054744,0.051678,0.047343,0.042613,0.038783,0.033630,0.029743,0.024279,0.020010,0.015194,0.011299,0.007885,0.005041,
0.058440,0.062902,0.061418,0.060813,0.060418,0.057549,0.057358,0.053119,0.051402,0.048958,0.044744,0.041189,0.037451,0.033796,0.030195,0.024718,0.020978,0.016155,0.012956,0.008157,0.006299,
0.055939,0.058413,0.057881,0.056738,0.055417,0.053306,0.052734,0.049506,0.049940,0.045637,0.042909,0.040110,0.037482,0.033837,0.030910,0.026249,0.022575,0.018344,0.013507,0.010173,0.007031,
0.056563,0.052455,0.050740,0.052874,0.052701,0.048088,0.048782,0.047001,0.046491,0.042949,0.042298,0.040083,0.037317,0.034323,0.030729,0.027988,0.023908,0.020286,0.016520,0.011778,0.008418,
nan,0.054819,0.050935,0.048840,0.049037,0.044724,0.046487,0.045346,0.044533,0.043097,0.040334,0.038535,0.037026,0.034797,0.032421,0.029879,0.026954,0.022818,0.018029,0.013500,0.009873,
nan,0.046785,0.049249,0.048730,0.046895,0.044261,0.046678,0.044998,0.042973,0.041101,0.039199,0.040234,0.038546,0.033893,0.033680,0.031829,0.028227,0.026230,0.020079,0.017735,0.013728,
nan,0.047686,0.049516,0.036977,0.043153,0.044027,0.055492,0.037962,0.040757,0.042549,0.039151,0.039410,0.031044,0.037128,0.034614,0.031930,0.030748,0.024556,0.026621,0.020620,0.013666,
nan,0.171141,0.157700,0.168974,0.153569,0.150191,0.127426,0.133442,0.104929,0.104794,0.090604,0.071038,0.070559,0.052399,0.045476,0.026119,0.021815,0.014776,0.007188,0.005032,nan,
0.166521,0.163661,0.163780,0.160540,0.152553,0.148159,0.137270,0.126475,0.117538,0.107599,0.095490,0.080323,0.070293,0.055867,0.043899,0.032955,0.022804,0.015382,0.010607,0.006209,0.003670,
0.156572,0.157454,0.161791,0.153557,0.146395,0.143143,0.134479,0.123479,0.115429,0.104626,0.092987,0.079062,0.068791,0.054142,0.042538,0.031613,0.023281,0.015012,0.009847,0.006230,0.003917,
0.147205,0.156224,0.152097,0.150310,0.147467,0.138303,0.131883,0.122593,0.111026,0.098631,0.086761,0.075926,0.062598,0.049324,0.039408,0.029335,0.020161,0.014442,0.009529,0.005462,0.003771,
0.140181,0.151487,0.143976,0.138704,0.134125,0.132052,0.122204,0.114816,0.106438,0.096116,0.086660,0.075548,0.063719,0.050931,0.039326,0.029243,0.020774,0.013662,0.009171,0.005657,0.003241,
0.136784,0.138258,0.132124,0.134315,0.130371,0.129481,0.113785,0.110425,0.102185,0.088879,0.077849,0.068279,0.057603,0.047653,0.038112,0.029441,0.020845,0.014492,0.009621,0.005917,0.003588,
0.114099,0.126852,0.121637,0.123313,0.115842,0.109486,0.106075,0.104390,0.089778,0.082033,0.076683,0.065655,0.056295,0.044348,0.034452,0.026073,0.019651,0.013902,0.009224,0.005733,0.003651,
0.105866,0.115714,0.110952,0.109970,0.102385,0.105287,0.101362,0.086139,0.083594,0.078528,0.068956,0.058626,0.050503,0.043169,0.035063,0.026420,0.019170,0.013440,0.008994,0.005394,0.003730,
0.101173,0.104843,0.100185,0.097605,0.096174,0.093556,0.087004,0.082087,0.075884,0.073415,0.062685,0.055452,0.048226,0.038919,0.030973,0.024968,0.019590,0.014275,0.009370,0.005835,0.003669,
0.084166,0.092670,0.089427,0.086272,0.087582,0.081968,0.078594,0.076033,0.073474,0.061907,0.057513,0.053154,0.044591,0.037523,0.031513,0.024668,0.017892,0.013307,0.009702,0.006375,0.003867,
0.084413,0.082393,0.079858,0.078363,0.078887,0.073576,0.073360,0.068063,0.063410,0.058536,0.053968,0.049424,0.041336,0.037349,0.029302,0.023708,0.019748,0.014462,0.009640,0.006310,0.004380,
0.071216,0.074979,0.072566,0.071493,0.072946,0.067386,0.067128,0.061232,0.058833,0.055535,0.051227,0.044416,0.039764,0.035025,0.028434,0.024536,0.018816,0.014992,0.011186,0.007047,0.004753,
0.069255,0.066983,0.068261,0.065858,0.067035,0.062346,0.061341,0.057318,0.055761,0.051920,0.047158,0.043285,0.038931,0.034116,0.029448,0.024463,0.020044,0.015826,0.011262,0.008156,0.005360,
0.061081,0.064555,0.064880,0.060165,0.061186,0.058205,0.056182,0.054308,0.051782,0.047703,0.045138,0.041778,0.037760,0.034191,0.031173,0.025116,0.021523,0.016471,0.012931,0.008576,0.006599,
0.057217,0.059138,0.058233,0.056740,0.055250,0.054241,0.051613,0.050783,0.049270,0.046414,0.044048,0.040353,0.038133,0.033784,0.030346,0.026608,0.022982,0.018733,0.014150,0.010571,0.007184,
nan,0.055447,0.052915,0.051634,0.052291,0.048258,0.049038,0.047933,0.046706,0.044181,0.041741,0.040327,0.037729,0.034306,0.031469,0.028157,0.024482,0.021108,0.016423,0.011825,0.009232,
0.045522,0.051365,0.049783,0.048554,0.048150,0.046951,0.044556,0.046120,0.046593,0.042447,0.041486,0.040074,0.037859,0.035093,0.032505,0.030165,0.026966,0.023670,0.018096,0.014563,0.010810,
0.052247,0.064689,0.047999,0.049524,0.043850,0.047182,0.044480,0.042573,0.042549,0.043171,0.040064,0.041902,0.038834,0.036192,0.034561,0.033292,0.029474,0.026379,0.021913,0.016730,0.013805,
nan,0.056123,nan,0.043173,nan,0.040688,0.040873,0.040814,0.048514,0.045187,0.038755,0.041147,0.035027,0.038596,0.035552,0.038003,0.030388,0.027197,0.019843,0.017677,0.014913,
nan,0.170200,0.164066,0.158280,0.153414,0.150648,0.137672,0.127524,0.113495,0.106559,0.093372,0.072782,0.064685,0.052247,0.036837,0.029297,0.017864,0.012983,0.011812,0.004842,nan,
0.161065,0.164909,0.160877,0.157930,0.156478,0.145405,0.138831,0.129049,0.117646,0.106880,0.094141,0.078984,0.066671,0.054403,0.043212,0.032080,0.022485,0.015500,0.010187,0.006148,0.003573,
0.155211,0.161030,0.162377,0.153178,0.148665,0.142801,0.135445,0.125161,0.114981,0.104850,0.091754,0.081016,0.067109,0.054825,0.042780,0.030876,0.022801,0.014774,0.010147,0.006056,0.003428,
0.157920,0.154387,0.152224,0.146709,0.146492,0.137900,0.129679,0.119539,0.110506,0.099525,0.088673,0.076528,0.063974,0.052017,0.040275,0.029827,0.020995,0.014962,0.009670,0.005956,0.003760,
0.142223,0.144814,0.141096,0.143232,0.140325,0.129243,0.122845,0.118091,0.106517,0.096759,0.083913,0.072989,0.060984,0.049088,0.038554,0.027596,0.020516,0.013926,0.009162,0.005519,0.003889,
0.130508,0.135675,0.134514,0.133218,0.125728,0.121849,0.118186,0.107624,0.096753,0.090134,0.081134,0.070788,0.059976,0.049417,0.037817,0.028719,0.020437,0.013992,0.009211,0.005752,0.003575,
0.123522,0.124827,0.123776,0.119499,0.116968,0.116435,0.109588,0.099285,0.093054,0.084583,0.073882,0.063592,0.054466,0.044795,0.036232,0.027983,0.020560,0.014360,0.009310,0.005867,0.003688,
0.109608,0.114202,0.111125,0.106612,0.109166,0.102253,0.096230,0.091122,0.086776,0.075498,0.068760,0.060698,0.051548,0.041106,0.032874,0.025449,0.019237,0.013773,0.009681,0.005973,0.003779,
0.094576,0.102143,0.100655,0.097249,0.097867,0.090463,0.090122,0.085515,0.081252,0.068757,0.064234,0.054873,0.046365,0.040327,0.033407,0.024896,0.018600,0.013339,0.009137,0.005881,0.003783,
0.083417,0.093436,0.091200,0.087572,0.087544,0.083132,0.080356,0.073518,0.068487,0.063864,0.058209,0.049775,0.045574,0.037149,0.030066,0.024775,0.019514,0.013951,0.009298,0.005939,0.003993,
0.084028,0.084589,0.083059,0.079092,0.078937,0.075569,0.071554,0.067726,0.064859,0.059396,0.055367,0.046623,0.042141,0.035537,0.030338,0.023884,0.018301,0.014289,0.010575,0.006653,0.004233,
0.072593,0.074255,0.074715,0.072730,0.071985,0.069590,0.065358,0.063594,0.059080,0.054867,0.049581,0.044982,0.039939,0.036228,0.029614,0.024618,0.020071,0.014670,0.010588,0.007533,0.004754,
0.063303,0.069435,0.068424,0.066449,0.066176,0.063611,0.060935,0.058665,0.054756,0.051872,0.047403,0.043624,0.039110,0.034589,0.029096,0.024769,0.019894,0.016605,0.011737,0.007817,0.005941,
0.065109,0.062927,0.063707,0.060523,0.061000,0.058720,0.056734,0.054117,0.052727,0.049004,0.046369,0.042148,0.038464,0.034519,0.030272,0.025236,0.021661,0.016990,0.013336,0.009061,0.006168,
0.062108,0.058488,0.060130,0.056250,0.054612,0.054725,0.052272,0.049690,0.049363,0.046728,0.043763,0.040866,0.038084,0.034543,0.030196,0.026841,0.023469,0.018927,0.014575,0.010663,0.007757,
0.051982,0.056483,0.055008,0.052375,0.051073,0.051277,0.049216,0.047981,0.047017,0.044142,0.042922,0.040112,0.038332,0.034751,0.031884,0.028554,0.025002,0.021142,0.016767,0.012192,0.009565,
nan,0.053441,0.051389,0.048860,0.048686,0.045597,0.046767,0.046086,0.043093,0.042793,0.042226,0.040082,0.037928,0.034809,0.034199,0.030865,0.027196,0.024874,0.018870,0.014194,0.011705,
0.043626,0.046169,0.047265,0.046960,0.045992,0.044779,0.044969,0.044397,0.042961,0.043492,0.041213,0.041744,0.038996,0.035870,0.034031,0.031678,0.030286,0.025582,0.023094,0.018145,0.015354,
nan,0.044364,0.051193,0.048549,0.043263,0.042601,0.039796,0.044691,0.037661,0.035911,0.043431,0.039871,0.039546,0.039629,0.036025,0.035856,0.028429,0.026143,0.025685,0.022167,0.018628,
nan,0.168065,0.169009,0.160568,0.164712,0.135694,0.136236,0.124827,0.107436,0.094585,0.084912,0.082510,0.067370,0.054012,0.035364,0.027630,0.019844,0.013204,0.008541,0.004149,nan,
0.163554,0.167118,0.162139,0.159530,0.152836,0.145105,0.138630,0.131449,0.122594,0.103234,0.093375,0.080783,0.067231,0.055521,0.042159,0.032293,0.021731,0.015251,0.010070,0.006219,0.003666,
0.165169,0.161403,0.158339,0.153054,0.150047,0.143328,0.135857,0.126305,0.115142,0.106419,0.092162,0.079616,0.068273,0.053857,0.042147,0.031289,0.022267,0.014603,0.010202,0.006211,0.003727,
0.150955,0.152861,0.147818,nan,0.143435,0.136075,0.129675,0.122001,0.110432,0.100748,0.089135,0.077147,0.065377,0.052747,0.040945,0.030685,0.021598,0.014794,0.009459,0.005930,0.003535,
0.142975,0.145382,0.145236,0.141639,0.137639,0.128374,0.124611,0.115345,0.104925,0.094732,0.083432,0.072706,0.061005,0.049661,0.038831,0.028978,0.020564,0.014450,0.009380,0.005876,0.003661,
0.134586,0.137038,0.134336,0.129782,0.123236,nan,0.115301,0.106764,0.101958,0.091378,0.080773,0.069824,0.058097,0.047035,0.036044,0.027265,0.020155,0.013630,0.009190,0.005481,0.003778,
0.118908,0.126574,0.124097,0.118746,0.119733,0.112055,0.106943,0.103400,0.091001,0.083105,0.075408,0.066009,0.056465,0.046293,0.036304,0.027470,0.019485,0.013419,0.009126,0.005641,0.003565,
0.110559,0.113894,0.113983,0.110537,0.107006,0.101985,0.101069,0.097608,0.083002,0.078086,0.069369,0.058930,0.050996,0.042951,0.034565,0.027087,0.020050,0.013937,0.009110,0.005686,0.003819,
0.102437,0.104175,0.101156,0.098832,0.095924,0.094296,0.087338,0.080710,0.075985,0.070083,0.061475,0.056553,0.048072,0.038538,0.031345,0.024836,0.019173,0.013910,0.009830,0.006274,0.003888,
0.086542,0.092496,0.091039,0.088416,0.085820,0.083893,0.078652,0.075863,0.069962,0.064367,0.056786,0.051671,0.043910,0.038618,0.031434,0.024101,0.018441,0.013916,0.009898,0.006490,0.004067,
0.074990,0.082301,0.082268,0.079776,0.077306,0.075400,0.072309,0.068361,0.063003,0.058769,0.052454,0.048117,0.043018,0.035999,0.030587,0.024944,0.018903,0.013952,0.009650,0.006473,0.004580,
0.079650,0.076468,0.075401,0.073417,0.070795,0.068307,0.067050,0.062215,0.059532,0.055278,0.050280,0.045663,0.040529,0.034817,0.030020,0.024088,0.020350,0.015392,0.011006,0.006873,0.005163,
0.060786,0.068268,0.068562,0.067661,0.064931,0.062683,0.061696,0.058737,0.055692,0.051618,0.048451,0.043876,0.039079,0.035862,0.029918,0.025609,0.020488,0.015773,0.012526,0.008296,0.005332,
0.073565,0.062997,0.062318,0.061433,0.059887,0.058694,0.057431,0.055319,0.052406,0.049441,0.046011,0.041701,0.038619,0.035315,0.029969,0.025362,0.022009,0.017657,0.013066,0.009704,0.006568,
0.063098,0.060278,0.056635,0.058636,0.055753,0.053956,0.053315,0.052056,0.048552,0.047551,0.044587,0.041688,0.038183,0.034279,0.031083,0.027220,0.023643,0.018962,0.015473,0.010644,0.007921,
0.048587,0.053816,0.054355,0.052551,0.051825,0.051388,0.049461,0.049618,0.045905,0.045225,0.043120,0.040968,0.037972,0.035255,0.032286,0.028943,0.025207,0.021671,0.016397,0.013569,0.009458,
0.048255,0.049614,0.049788,0.050697,0.048901,0.047137,0.047031,0.047631,0.043998,0.043333,0.042529,0.041658,0.038737,0.037362,0.034713,0.031117,0.027614,0.024858,0.020539,0.014624,0.011928,
0.046075,0.047165,0.047268,0.045824,0.046737,0.048265,0.048043,0.044197,0.044923,0.041848,0.042518,0.039724,0.039292,0.037533,0.035020,0.032005,0.030846,0.025653,0.023423,0.017818,0.013855,
nan,nan,nan,0.043381,0.045623,0.049716,0.048122,0.039804,0.040751,0.046447,0.041251,0.039164,0.040261,0.039123,0.037715,0.032293,0.030416,0.032252,0.026131,0.021129,0.016675,
nan,0.157465,0.159595,0.155573,0.146416,0.135982,0.143086,0.136320,0.115470,0.102811,0.090376,0.076633,0.062187,0.049492,0.038882,0.028508,0.022238,0.012583,0.008857,0.004953,nan,
0.165560,0.158891,0.159698,0.157827,0.152375,0.142897,0.136774,0.127131,0.114895,0.103344,0.092994,0.080127,0.067085,0.053690,0.043281,0.030792,0.021029,0.015659,0.010377,0.005935,0.003978,
0.159776,0.160241,0.157291,0.155416,0.150048,0.144597,0.135022,0.124879,0.114441,0.102513,0.092937,0.079371,0.065881,0.054110,0.041140,0.030612,0.023386,0.015064,0.010307,0.005714,0.003385,
0.152490,0.155036,0.152713,0.154110,0.142032,0.137419,0.130554,0.122379,0.113827,0.102728,0.089491,0.076791,0.065800,0.052685,0.042187,0.030429,0.022224,0.014688,0.009523,0.005771,0.003605,
0.147717,0.147717,0.143891,0.139894,0.133897,0.131978,0.123487,0.115353,0.106381,0.095812,0.085185,0.075060,0.062999,0.050583,0.039245,0.029450,0.020680,0.014302,0.009404,0.005855,0.003634,
0.131801,0.139091,0.135708,0.130969,0.129941,0.123893,0.113795,0.108658,0.098860,0.089138,0.078666,0.069546,0.057887,0.047994,0.038002,0.028235,0.020558,0.014186,0.009301,0.005850,0.003638,
0.127516,0.127598,0.125849,0.122393,0.117087,0.111328,nan,0.100182,0.092126,0.084969,0.075035,0.064946,0.054919,0.044554,0.034815,0.026708,0.019860,0.013619,0.009229,0.005755,0.003751,
0.112580,0.115270,0.113457,0.109829,0.106994,0.104416,0.096523,0.091250,0.085178,0.075670,0.069235,0.060761,0.052104,0.042776,0.033769,0.026154,0.018940,0.013442,0.009134,0.005703,0.003979,
0.096884,0.103529,0.101419,0.098874,0.095740,0.091987,0.089202,0.083418,0.076748,0.068603,0.063524,0.054625,0.048278,0.040822,0.033158,0.025971,0.019225,0.013595,0.009165,0.005713,0.003971,
0.086851,0.092307,0.090407,0.088904,0.086095,0.082010,0.080069,0.073768,0.068030,0.058524,0.057743,0.052431,0.044626,0.036661,0.031046,0.024797,0.019404,0.014014,0.009915,0.006418,0.004002,
0.082496,0.082457,0.081957,0.079680,0.077699,0.074383,0.072710,0.068489,0.064506,0.059393,0.054363,0.048549,0.042021,0.037021,0.030028,0.023993,0.019265,0.014626,0.010648,0.007071,0.004382,
0.064649,0.074145,0.074126,0.072685,0.070634,0.068706,0.066807,0.063455,0.059417,0.055301,0.050592,0.045976,0.041238,0.035152,0.030393,0.024911,0.019395,0.014969,0.011277,0.007634,0.004842,
0.070695,0.068608,0.069216,0.066236,0.065336,0.063574,0.061223,0.059050,0.056132,0.052676,0.047852,0.043952,0.039376,0.034541,0.030203,0.025456,0.021383,0.015984,0.011888,0.008007,0.005928,
0.057736,0.061381,0.064856,0.060420,0.060274,0.059052,0.056688,0.054821,0.052257,0.049989,0.046337,0.042712,0.038893,0.034369,0.030864,0.026146,0.021978,0.018445,0.013432,0.009412,0.006826,
0.060565,0.057811,0.056033,0.057290,0.054479,0.054340,0.052208,0.050584,0.049326,0.047651,0.044409,0.041976,0.038641,0.034649,0.031585,0.027510,0.023544,0.018999,0.015809,0.011052,0.007945,
0.044995,0.054939,0.053028,0.054458,0.051682,0.048877,0.048135,0.047976,0.046524,0.045363,0.043447,0.041258,0.038553,0.036019,0.032888,0.029063,0.026056,0.022356,0.017121,0.013301,0.009897,
0.054066,0.050374,0.051822,0.052707,0.048881,0.048690,0.045291,0.044522,0.044917,0.043810,0.043402,0.041069,0.038839,0.037699,0.035229,0.031290,0.028248,0.024639,0.020403,0.015415,0.013272,
0.049732,0.056020,0.050090,0.049979,0.046471,0.045546,0.043898,0.042998,0.044733,0.042977,0.043851,0.040923,0.039692,0.036609,0.036600,0.033467,0.030005,0.027052,0.023346,0.019710,0.015092,
nan,nan,nan,0.044578,0.044330,0.048486,0.044243,0.039543,0.041418,0.041328,0.039064,0.043534,0.038855,0.038569,0.037220,0.038457,0.030964,0.030978,0.024242,0.024324,0.018132,
nan,0.163211,0.165004,0.163236,0.159686,0.148379,0.141884,0.130159,0.109903,0.110693,0.090345,0.070117,0.065796,0.054246,0.040327,0.027450,0.021456,0.016142,0.009998,0.005003,nan,
0.161791,0.163400,0.161201,0.159063,0.153984,0.148857,0.137088,0.128762,0.118339,0.103170,0.091845,0.081365,0.067329,0.054601,0.042874,0.030899,0.022096,0.014285,0.010118,0.006208,0.003808,
0.160005,0.160138,0.157781,0.155643,0.149671,0.144662,0.134440,0.124176,0.115064,0.104144,0.093296,0.078511,0.067439,0.054585,0.041446,0.030758,0.021945,0.014757,0.009478,0.006018,0.003593,
0.155209,0.154282,0.154306,0.149519,0.143850,0.137766,0.132194,0.121129,0.111061,0.101957,0.088599,0.078515,0.064461,0.052192,0.040586,0.030407,0.021532,0.013869,0.009816,0.005979,0.003604,
0.139854,0.144412,0.145899,0.139013,nan,0.130179,0.123444,0.116657,0.106513,0.096341,0.085742,0.073814,0.064039,0.050884,0.039543,0.029720,0.021664,0.014606,0.009357,0.005557,0.003524,
0.132516,0.134565,0.136057,0.133002,0.126766,0.120497,0.116242,0.107176,0.099877,0.089960,0.080162,0.070460,0.059275,0.047921,0.037395,0.028216,0.020128,0.014158,0.009509,0.005876,0.003724,
0.120768,0.123412,0.125361,0.121904,0.117704,0.114497,0.107589,0.101663,0.093308,0.083358,0.074423,0.065610,0.055013,0.046079,0.036694,0.027606,0.020140,0.014073,0.009162,0.006031,0.003556,
0.109452,0.112760,0.113301,0.110727,0.106774,0.101339,0.100287,0.095624,0.082990,0.077760,0.069129,0.060397,0.051312,0.042246,0.033515,0.025866,0.019547,0.013922,0.009319,0.005927,0.003764,
0.100131,0.100008,0.100851,0.098578,0.095487,0.091483,0.088338,0.080950,0.074511,0.070011,0.063933,0.056120,0.047855,0.039810,0.032029,0.024945,0.019016,0.013762,0.009490,0.006032,0.004280,
0.089664,0.089380,0.089933,0.088128,0.086661,0.083414,0.079232,0.075897,0.070276,0.064552,0.058313,0.050890,0.045391,0.038515,0.031328,0.024976,0.018930,0.013722,0.009870,0.006192,0.004406,
0.081452,0.081784,0.081128,0.079890,0.078204,0.075789,0.071927,0.068856,0.064869,0.059419,0.054476,0.049366,0.042126,0.036254,0.031002,0.024696,0.019180,0.014229,0.010304,0.006654,0.004682,
0.082680,0.073784,0.075334,0.072200,0.071697,0.069746,0.066161,0.063388,0.060305,0.055476,0.051084,0.046249,0.041025,0.035892,0.029861,0.025284,0.020188,0.015375,0.011175,0.007684,0.005109,
0.062730,0.067743,0.069347,0.066963,0.065485,0.064742,0.061159,0.058496,0.055561,0.052566,0.048322,0.043910,0.041253,0.035032,0.030725,0.024873,0.021131,0.016540,0.012628,0.008478,0.005554,
0.065477,0.061632,0.061635,0.061713,0.060619,0.058922,0.057822,0.054644,0.052243,0.050505,0.046164,0.043220,0.039182,0.034755,0.031052,0.026841,0.022164,0.017937,0.014275,0.009621,0.006449,
0.061583,0.057666,0.058810,0.058270,0.054290,0.054328,0.054065,0.050613,0.049701,0.047708,0.045098,0.041915,0.039279,0.035285,0.031883,0.027749,0.023959,0.019933,0.015187,0.011861,0.008096,
0.055179,0.052928,0.053478,0.052879,0.051223,0.050124,0.051127,0.048719,0.047245,0.044887,0.042972,0.041345,0.039193,0.036604,0.033627,0.029488,0.025912,0.022230,0.017777,0.013223,0.010514,
0.049226,0.052635,0.051197,0.050193,0.049149,0.049071,0.048025,0.044975,0.044023,0.044633,0.044019,0.040358,0.040005,0.036591,0.034586,0.031340,0.028582,0.024978,0.020666,0.016276,0.012928,
nan,0.043172,0.049015,0.049843,0.046383,0.047251,0.043475,0.045476,0.044171,0.042274,0.041876,0.041110,0.039133,0.037382,0.036607,0.033576,0.030881,0.028159,0.023129,0.019013,0.015503,
nan,nan,0.051893,nan,0.045200,0.046665,0.043225,0.044994,0.042823,0.039386,0.038960,0.040811,0.040209,0.039522,0.035557,0.032999,0.032718,0.030593,0.025375,0.023114,0.019092,
nan,0.156337,0.154937,0.156468,0.139785,0.140985,0.137619,0.120177,0.111466,0.110044,0.087283,0.072714,0.063843,0.050012,0.040491,0.030460,0.018466,0.012949,0.009413,0.004618,nan,
0.168817,0.159224,0.160787,0.156399,0.154679,0.143658,0.138347,0.125936,0.119251,0.108885,0.092972,0.079993,0.066848,0.053696,0.041042,0.029452,0.021333,0.014880,0.009455,0.005391,0.003890,
0.161503,0.159609,0.156883,0.154823,0.148884,0.141837,0.135172,0.125525,0.115480,0.101962,0.090747,0.078654,0.064239,0.053574,0.041586,0.031654,0.021528,0.014945,0.009883,0.005720,0.003532,
0.150771,0.151361,0.151172,0.148370,0.144413,0.137938,0.130866,0.121074,0.110642,0.100233,0.090158,0.075928,0.063896,0.053016,0.040188,0.030236,0.021849,0.014576,0.009709,0.005935,0.003459,
0.151486,0.144284,0.145438,0.142232,0.137073,0.132137,0.124484,0.116626,0.106921,0.097606,0.085103,0.073920,0.061622,0.050440,0.039922,0.029568,0.021290,0.013789,0.009326,0.005769,0.003475,
0.129853,0.134954,0.134748,0.132128,0.129374,0.127931,0.116198,0.109110,0.100344,0.090654,0.080796,0.070838,0.060089,0.048616,0.037941,0.028576,0.021144,0.014185,0.009238,0.005605,0.003558,
0.120937,0.122023,0.123765,0.121934,0.118228,0.111376,nan,0.100207,0.091213,0.084235,0.074903,0.065544,0.055915,0.045476,0.035898,0.027245,0.019720,0.014070,0.009302,0.005739,0.003663,
0.113157,0.110578,0.112610,0.110559,0.106910,0.103395,0.097367,0.090272,0.084955,0.076778,0.069248,0.060950,0.051567,0.043562,0.034743,0.026421,0.019563,0.014032,0.009428,0.006118,0.003830,
0.101975,0.098984,0.101371,0.099215,0.096481,0.092926,0.088401,0.083234,0.077142,0.070904,0.063530,0.055471,0.047731,0.040469,0.032494,0.025637,0.019120,0.013881,0.009591,0.006213,0.003849,
0.090162,0.090206,0.091249,0.088878,0.086835,0.083886,0.079640,0.074977,0.071065,0.064774,0.059008,0.051998,0.044626,0.037939,0.030848,0.024838,0.019205,0.014238,0.009854,0.006429,0.004255,
0.081417,0.080555,0.081000,0.079672,0.078722,0.075724,0.072725,0.068838,0.064715,0.060303,0.054590,0.048004,0.043242,0.036320,0.030203,0.024804,0.019629,0.014780,0.010576,0.006967,0.004699,
0.070687,0.072725,0.074530,0.073683,0.070827,0.069428,0.067386,0.063326,0.059111,0.055748,0.050649,0.050486,0.040538,0.036336,0.030379,0.024600,0.019720,0.015444,0.011242,0.007572,0.005414,
0.071295,0.068883,0.068040,0.068430,0.064502,0.063406,0.062466,0.058994,0.055673,0.053477,0.048702,0.044488,0.039341,0.035551,0.030919,0.026297,0.020851,0.016223,0.012489,0.008576,0.006536,
0.061809,0.063382,0.063368,0.061896,0.059289,0.058139,0.057148,0.055384,0.052790,0.050221,0.046756,0.043090,0.039943,0.035107,0.031219,0.026741,0.023014,0.017764,0.013745,0.009703,0.007730,
nan,0.054965,0.057600,0.056958,0.055055,0.054573,0.053423,0.052048,0.049495,0.047660,0.045096,0.042454,0.039083,0.036207,0.032325,0.027938,0.023979,0.020632,0.015726,0.011226,0.008431,
0.054705,0.054127,0.053391,0.055287,0.052045,0.050803,0.051511,0.048859,0.048491,0.045222,0.043489,0.042146,0.038873,0.035931,0.033528,0.029857,0.026101,0.022489,0.018720,0.014185,0.009726,
nan,0.049857,0.051142,0.051352,0.047921,0.047538,0.046654,0.045245,0.044913,0.044926,0.043177,0.041467,0.040192,0.036712,0.034708,0.032100,0.028721,0.025510,0.020816,0.016776,0.012989,
0.072840,0.046585,0.044554,0.045116,0.044528,0.043124,0.045731,0.044773,0.045182,0.044136,0.041328,0.041204,0.040636,0.039162,0.036001,0.034175,0.031879,0.028922,0.024124,0.020042,0.016094,
nan,nan,nan,0.045574,0.041811,0.046447,0.045632,0.042064,0.050965,0.042837,0.039014,0.039338,0.043094,0.037299,0.036990,0.035836,0.034541,0.030356,0.027986,0.024389,0.019913,
nan,0.165780,0.155411,0.147036,0.157323,0.147367,0.136351,0.127288,0.124939,0.103772,0.094037,0.072522,0.062219,0.053074,0.040176,0.026444,0.018822,0.013747,0.009132,0.004862,nan,
0.160551,0.155367,0.160736,0.154611,0.150962,0.144796,0.136498,0.125114,0.114847,0.106705,0.089366,0.078422,0.067112,0.053397,0.041077,0.028996,0.022212,0.014550,0.009803,0.005787,0.003872,
0.157753,0.159552,0.159621,0.155129,0.150180,0.142851,0.136147,0.125690,0.114727,0.103576,0.091493,0.079292,0.066804,0.052788,0.042468,0.030575,0.021275,0.014463,0.010003,0.005688,0.003942,
0.153337,0.153993,0.151985,0.148932,0.143719,0.139104,0.129847,0.120172,0.111014,0.100201,0.088395,0.076079,0.063732,0.052482,0.040531,0.030409,0.020958,0.014779,0.009284,0.005506,0.003406,
0.139757,0.146113,0.143279,0.141897,0.137061,0.131018,0.124611,0.114769,0.106338,0.095805,0.085223,0.073457,0.061620,0.051022,0.038983,0.029158,0.020869,0.014211,0.009167,0.005699,0.003439,
0.136386,0.136534,0.134244,0.133336,0.128792,0.122963,0.116343,0.109621,0.100583,0.091377,0.080422,0.069920,0.058534,0.048166,0.037918,0.028450,0.020632,0.013696,0.009363,0.005740,0.003411,
0.116818,0.125444,0.122777,0.122062,0.118516,0.114496,0.107809,0.100926,0.093434,0.083856,0.075007,0.065783,0.056047,0.045917,0.036368,0.027877,0.020490,0.013564,0.009382,0.005652,0.003637,
0.107015,0.112921,0.111133,0.110335,0.107770,0.103394,0.098785,0.092154,0.084829,0.077685,0.068702,0.060610,0.052328,0.042937,0.034349,0.026744,0.019665,0.013973,0.009382,0.005781,0.003602,
0.095605,0.101224,0.099810,0.099043,0.096496,0.092849,0.088984,0.083130,0.078976,0.070132,0.063769,0.056199,0.048349,0.040314,0.032988,0.025466,0.019269,0.014119,0.009571,0.006081,0.003840,
0.081457,0.091011,0.089150,0.088710,0.085839,0.083682,0.080174,0.075752,0.069978,0.063480,0.058451,0.052021,0.044998,0.038657,0.031509,0.024981,0.019055,0.014265,0.010013,0.006597,0.004002,
0.073899,0.083241,0.080030,0.080250,0.077774,0.075720,0.072848,0.068964,0.064969,0.059749,0.054047,0.048875,0.042546,0.037004,0.030534,0.024978,0.019405,0.014668,0.010652,0.006874,0.004671,
0.067588,0.074865,0.073399,0.073312,0.071517,0.069008,0.067262,0.063760,0.060164,0.056040,0.051464,0.046296,0.041603,0.035601,0.030395,0.025229,0.020169,0.015686,0.011483,0.007682,0.005339,
0.069932,0.066970,0.067249,0.067338,0.066536,0.063511,0.061539,0.059552,0.055803,0.052913,0.049109,0.044768,0.040074,0.036000,0.030312,0.025901,0.021090,0.016869,0.012686,0.008870,0.006178,
0.055766,0.062016,0.062005,0.061330,0.061165,0.058559,0.056843,0.055825,0.052673,0.049549,0.046985,0.043341,0.039757,0.035568,0.031701,0.026891,0.022472,0.018310,0.014268,0.009889,0.007311,
0.048299,0.056148,0.058438,0.059058,0.056373,0.055171,0.053063,0.052345,0.049981,0.047366,0.045121,0.042297,0.039333,0.036079,0.032547,0.028486,0.024398,0.019948,0.016061,0.011838,0.009124,
0.060442,0.051793,0.052048,0.055412,0.052059,0.050319,0.049422,0.047508,0.047117,0.044806,0.044437,0.041613,0.038982,0.037234,0.033773,0.030109,0.026857,0.022514,0.018056,0.014047,0.010665,
0.052083,0.050131,0.046705,0.048554,0.047957,0.047566,0.047141,0.044947,0.045573,0.044066,0.043139,0.040944,0.040063,0.036989,0.035861,0.032230,0.028879,0.025946,0.021385,0.016711,0.014514,
0.050003,0.045746,0.046038,0.044467,0.047318,0.048460,0.043910,0.043217,0.042992,0.043156,0.041358,0.040904,0.039588,0.039230,0.036604,0.034797,0.031539,0.028442,0.025706,0.020072,0.017925,
nan,nan,nan,0.049583,0.045490,0.038867,0.038644,0.041611,0.043489,0.040464,0.047102,0.040748,0.040288,0.038497,0.038854,0.035456,0.037084,0.030022,0.027166,0.023511,0.018321,
nan,0.158367,0.155492,0.150942,0.145064,0.135777,0.142692,0.122709,0.115595,0.099487,0.091414,0.080462,0.062762,0.047739,0.037620,0.025068,0.016484,0.010473,0.007889,0.004567,nan,
0.157347,nan,0.160322,0.157112,0.151800,0.144707,0.137389,0.126926,0.115882,0.106607,0.093777,0.077164,0.065673,0.052882,0.042256,0.031162,0.021664,0.015114,0.010596,0.006233,0.003372,
0.149269,0.160875,0.155237,0.154686,0.149896,0.143270,0.132683,0.124067,0.115492,0.105824,0.089811,0.078757,0.066029,0.053955,0.041221,0.029832,0.022321,0.014737,0.009685,0.005886,0.003693,
0.148094,0.155507,0.152292,0.149933,0.143856,0.137564,0.131042,0.121394,0.112102,0.101548,0.088003,0.077842,0.064468,0.052259,0.040335,0.030102,0.021377,0.014495,0.009641,0.005728,0.003669,
0.142619,0.147315,0.143625,0.141984,0.135897,0.131351,0.123999,0.115047,0.106128,0.096394,0.084277,0.072747,0.061278,0.050169,0.038983,0.029976,0.020721,0.014186,0.009544,0.005586,0.003468,
0.128520,0.135939,0.133082,0.132605,0.128399,0.123698,0.116579,0.108275,0.100190,0.089866,0.080305,0.069288,0.057779,0.048234,0.037088,0.028869,0.019883,0.013965,0.009410,0.005577,0.003444,
0.125071,0.125246,0.122611,0.121647,0.117726,0.113618,0.108530,0.100587,0.093125,0.084412,0.074859,0.064972,0.054925,0.045611,0.035228,0.027602,0.019751,0.014109,0.009547,0.005828,0.003483,
0.109096,0.114126,0.110209,0.110356,0.106436,0.103333,0.098727,0.092460,0.085453,0.077415,0.069202,0.060498,0.051533,0.042868,0.033786,0.026571,0.019558,0.013786,0.009458,0.005838,0.003636,
0.105339,0.102707,0.098870,0.099494,0.095298,0.092755,0.088675,0.083649,0.076794,0.070992,0.063509,0.055984,0.048354,0.040310,0.032289,0.025874,0.019359,0.013777,0.009865,0.006162,0.003981,
0.090097,0.091471,0.089423,0.089001,0.086478,0.083018,0.079730,0.075441,0.070976,0.064932,0.058998,0.052269,0.045297,0.038100,0.031396,0.025276,0.019409,0.014169,0.009958,0.006608,0.004235,
0.081121,0.083083,0.080571,0.079530,0.078352,0.074888,0.072810,0.068850,0.064608,0.059935,0.054755,0.049489,0.042966,0.036905,0.030969,0.024968,0.019737,0.014675,0.010573,0.007187,0.004638,
0.070207,0.074963,0.072357,0.072976,0.071429,0.068560,0.066847,0.063668,0.059931,0.056123,0.051651,0.046915,0.042044,0.036226,0.030800,0.025604,0.020212,0.015507,0.011551,0.007902,0.005166,
0.067117,0.068957,0.066569,0.066884,0.065561,0.063320,0.061646,0.059253,0.056093,0.052735,0.048901,0.044837,0.040442,0.036229,0.031142,0.026337,0.021493,0.016802,0.012562,0.008741,0.005996,
0.059789,0.063515,0.060425,0.061961,0.060277,0.058189,0.056870,0.055778,0.053207,0.049919,0.046618,0.043399,0.039750,0.036029,0.031851,0.027402,0.022851,0.018075,0.013873,0.009991,0.007055,
0.053040,0.061052,0.054936,0.056809,0.055846,0.054790,0.053089,0.052157,0.050525,0.047390,0.045156,0.042259,0.039609,0.035921,0.032908,0.029209,0.025098,0.020226,0.015953,0.011973,0.008483,
0.046693,0.052309,0.051426,0.051420,0.051414,0.051627,0.049499,0.049182,0.047261,0.045250,0.044015,0.041971,0.039710,0.036736,0.033672,0.030660,0.027220,0.022900,0.018903,0.014044,0.010338,
0.063092,0.048950,0.049186,0.048615,0.049233,0.048771,0.047243,0.045611,0.045847,0.045682,0.042865,0.041969,0.039747,0.037659,0.035259,0.032321,0.029534,0.025844,0.021593,0.016959,0.013047,
nan,0.051766,0.049792,0.046337,0.049445,0.044183,0.045430,0.042697,0.044426,0.043288,0.041443,0.042531,0.041014,0.039858,0.037143,0.035136,0.031542,0.029204,0.024928,0.021397,0.016797,
nan,nan,nan,nan,nan,0.043383,0.043963,0.042425,0.039022,0.043870,0.045050,0.040803,0.042322,0.040974,0.036157,0.037827,0.033648,0.031003,0.028221,0.022619,0.023726,
0.165951,0.157862,0.169977,0.157399,0.148060,0.152092,0.135843,0.130678,0.122789,0.108443,0.089057,0.083416,0.070364,0.047661,0.038752,0.026760,0.022846,0.013125,0.011442,0.005329,nan,
0.155111,0.163465,0.156840,0.160524,0.150779,0.146724,0.140923,0.128690,0.118084,0.106183,0.089718,0.079303,0.066541,0.052795,0.042394,0.028036,0.021963,0.013238,0.010017,0.005516,0.003589,
0.145103,0.158403,0.157661,0.154883,0.148805,0.142578,0.138312,0.126338,0.114042,0.105022,0.090499,0.077850,0.066309,0.053087,0.041820,0.029728,0.021493,0.014288,0.010165,0.006087,0.003374,
0.136959,0.151704,0.150528,0.149281,0.144711,0.137543,0.130628,0.121117,0.110165,0.101059,0.087943,0.075175,0.064626,0.052024,0.041364,0.028773,0.021028,0.014222,0.009644,0.005858,0.003271,
0.129217,0.142994,0.143924,0.141360,0.136986,0.131009,0.124701,0.116509,0.105557,0.097117,0.084604,0.073580,0.062065,0.050611,0.039430,0.027855,0.021057,0.014336,0.009450,0.005968,0.003562,
0.124058,0.133163,0.135153,0.132641,0.128236,0.123196,0.116712,0.109272,0.099405,0.091811,0.080519,0.069796,0.058342,0.049253,0.037851,0.027449,0.020572,0.013974,0.009572,0.006157,0.003707,
0.115732,0.121802,0.124581,0.122459,0.118144,0.113054,0.107939,0.100880,0.092689,0.084845,0.075201,0.065518,0.054538,0.046186,0.036216,0.026815,0.020031,0.013651,0.009688,0.006153,0.003664,
0.102344,0.109742,0.111905,0.110441,0.106737,0.103049,0.098309,0.092266,0.085138,0.077471,0.069218,0.060740,0.050761,0.043291,0.034443,0.025970,0.019442,0.013521,0.009966,0.006309,0.003738,
0.095034,0.097936,0.099067,0.098462,0.096882,0.092587,0.088989,0.083328,0.077881,0.070987,0.063404,0.056131,0.047734,0.040456,0.032640,0.025130,0.019161,0.013780,0.010282,0.006355,0.003820,
0.085585,0.087110,0.088802,0.088275,0.086853,0.083316,0.080388,0.075484,0.070611,0.065157,0.058691,0.052295,0.045091,0.038072,0.031364,0.024926,0.019063,0.014238,0.010381,0.006650,0.004131,
0.078897,0.079337,0.080512,0.079720,0.078684,0.074856,0.072733,0.068978,0.064677,0.060096,0.054981,0.049053,0.043057,0.036426,0.030516,0.024799,0.019402,0.014721,0.010849,0.007261,0.004447,
0.074531,0.072696,0.073520,0.072416,0.071691,0.067990,0.066901,0.063487,0.060244,0.055950,0.051625,0.047109,0.041583,0.035827,0.030328,0.024993,0.019929,0.015544,0.011544,0.007826,0.005122,
0.068149,0.069323,0.067742,0.066195,0.065823,0.063483,0.062328,0.059245,0.056461,0.052251,0.049305,0.045184,0.040809,0.035944,0.030925,0.026104,0.021023,0.016689,0.012709,0.008869,0.005962,
0.056114,0.061447,0.062636,0.060869,0.061315,0.059853,0.057393,0.055343,0.052660,0.049663,0.047507,0.043700,0.039817,0.036188,0.031977,0.027395,0.022839,0.018469,0.013927,0.010297,0.006760,
0.054317,0.053777,0.059153,0.058704,0.055809,0.055422,0.052621,0.052469,0.048748,0.047050,0.045669,0.043044,0.039118,0.036677,0.033116,0.028887,0.024868,0.020365,0.015892,0.012263,0.008513,
0.054197,0.051905,0.055499,0.052822,0.048912,0.052082,0.049298,0.049929,0.046461,0.046538,0.044099,0.042484,0.039903,0.036967,0.034095,0.030987,0.027673,0.022842,0.018240,0.014042,0.010104,
0.047275,0.051010,0.045000,0.050125,0.048006,0.048446,0.047611,0.045460,0.045608,0.043043,0.042164,0.043293,0.039832,0.037439,0.035883,0.033181,0.029729,0.026007,0.021371,0.017039,0.012715,
0.039024,0.043429,0.048286,0.046053,0.047380,0.044219,0.047244,0.045284,0.044215,0.042127,0.043289,0.042837,0.041017,0.039271,0.036990,0.034492,0.033322,0.029587,0.025738,0.019990,0.014998,
nan,nan,nan,nan,nan,nan,nan,nan,nan,nan,0.042375,0.043190,0.041591,0.042513,0.038353,0.033449,0.035892,0.034023,0.028447,0.025283,0.021471,
