1.961957,0.138540,0.279984,0.201118,0.404641,0.191440,0.537103,0.316583,0.257848,0.429251,0.174028,0.175981,0.256695,0.078896,0.083355,0.171750,0.067892,0.027846,0.027562,0.042073,0.011213,
0.323781,0.195329,0.374212,0.611969,0.395935,0.465663,0.436452,0.357613,0.250679,0.924305,0.345085,0.273514,0.291721,0.217812,0.143960,0.135124,0.052825,0.050533,0.026191,0.107580,0.012154,
0.246296,0.244176,0.324033,0.310611,0.332330,0.258406,0.313960,0.358757,0.271149,0.330724,0.296802,0.239250,0.357084,0.266295,0.186045,0.080544,0.059762,0.073345,0.037136,0.051692,0.010745,
0.185581,0.328758,0.322765,0.310584,0.449171,0.334462,0.274111,0.318405,0.446690,0.462797,0.251017,0.294777,0.315186,0.237405,0.209726,0.114388,0.100421,0.063355,0.039705,0.024517,0.008780,
0.178655,0.305190,0.276976,0.332513,0.369669,0.301689,0.268765,0.379072,0.376029,0.426530,0.316450,0.285448,0.346110,0.177339,0.186592,0.128619,0.159169,0.080588,0.036397,0.019274,0.009912,
0.156592,0.366922,0.267817,0.353675,0.364221,0.295004,0.273231,0.223354,0.309592,0.353318,0.312251,0.229517,0.258544,0.173392,0.228951,0.135309,0.148231,0.076438,0.036371,0.023929,0.008972,
0.160137,0.397383,0.301979,0.351646,0.317030,0.300425,0.413349,0.243919,0.301751,0.320619,0.342743,0.246431,0.244123,0.166346,0.209843,0.177635,0.102151,0.088481,0.046128,0.018490,0.009778,
0.173493,0.416876,0.398560,0.381552,0.246912,0.293468,0.309039,0.273171,0.344762,0.249637,0.381586,0.231943,0.219201,0.244618,0.256481,0.207446,0.094223,0.109361,0.051420,0.020040,0.013030,
0.105485,0.437368,0.453380,0.285681,0.210680,0.339464,0.261952,0.336720,0.353968,0.223301,0.305359,0.266748,0.268095,0.255312,0.256684,0.173116,0.114871,0.146102,0.061794,0.022137,0.011933,
0.112752,0.406720,0.308703,0.246427,0.234195,0.397130,0.234382,0.398148,0.304698,0.231910,0.272130,0.266111,0.307582,0.232224,0.283043,0.228371,0.130304,0.131663,0.082542,0.025377,0.009493,
0.154787,0.567234,0.350598,0.287727,0.258226,0.386830,0.226342,0.393497,0.337356,0.296321,0.304712,0.202884,0.351719,0.293084,0.298218,0.223842,0.195347,0.130315,0.068636,0.029362,0.012064,
0.115911,0.477418,0.386541,0.330899,0.297400,0.310840,0.306816,0.368647,0.364238,0.326643,0.280911,0.256971,0.373506,0.376893,0.278476,0.233927,0.277081,0.184469,0.078612,0.033335,0.016963,
0.148353,0.443244,0.274346,0.457805,0.359338,0.293692,0.301480,0.427459,0.398666,0.376954,0.259106,0.262788,0.306902,0.402556,0.365183,0.313475,0.218751,0.192509,0.089683,0.028858,0.013049,
0.472747,0.700199,0.226944,0.352092,0.269535,0.360958,0.321379,0.426981,0.438460,0.403112,0.352865,0.464540,0.364774,0.433436,0.420185,0.459345,0.213816,0.286382,0.126530,0.043882,0.009512,
0.559100,0.415795,0.626511,0.393680,0.245798,0.258176,0.454730,0.543010,0.351403,0.370533,0.338634,0.565802,0.475222,0.623003,0.462623,0.346950,0.323313,0.225543,0.086128,0.031737,0.013237,
0.507799,0.336188,0.366436,0.350947,0.408741,0.295091,0.442095,0.533664,0.410571,0.434086,0.529076,0.505183,0.444829,0.472334,0.696309,0.520689,0.488888,0.243498,0.065002,0.023749,0.010858,
0.174748,0.541698,0.292964,0.202857,0.230904,0.311389,0.645767,0.404847,0.488821,0.478238,0.614732,0.615210,0.889848,0.702354,0.557875,0.540485,0.309688,0.158355,0.039919,0.015975,0.007790,
0.040622,0.966637,0.127929,0.168973,0.444698,0.486295,0.562531,0.361561,0.470370,0.521261,0.419984,0.713458,0.624932,0.518456,0.597376,0.508674,0.159164,0.077081,0.018302,0.010764,0.004777,
nan,nan,nan,nan,nan,nan,nan,nan,nan,nan,0.425552,0.564252,0.433610,0.838298,0.731902,0.099191,0.127992,0.010077,0.013442,0.006731,nan,
nan,nan,0.608642,0.385329,0.557861,0.172081,0.431773,0.764037,0.133000,1.481176,0.407742,0.492290,0.144349,0.195696,0.078876,0.088902,0.041962,0.048814,0.026924,0.017118,0.001374,
nan,0.273061,0.397606,0.313608,0.308483,0.353313,0.287074,0.432967,0.227515,0.319487,0.176305,0.506773,0.314297,0.293262,0.150244,0.102888,0.078273,0.076665,0.050615,0.022057,0.005264,
0.125227,0.289447,0.403805,0.381099,0.343464,0.394580,0.384591,0.246273,0.286138,0.344176,0.231813,0.358712,0.189399,0.161964,0.134723,0.149202,0.088535,0.069555,0.035366,0.021446,0.008835,
0.113458,0.298696,0.338609,0.363037,0.330541,0.313584,0.298330,0.218574,0.293134,0.257596,0.255934,0.277303,0.220567,0.163339,0.168639,0.132592,0.089965,0.081690,0.031639,0.022998,0.008399,
0.181741,0.325810,0.380791,0.347054,0.403014,0.304719,0.272621,0.374985,0.330584,0.288523,0.295971,0.272197,0.184007,0.153536,0.152070,0.148145,0.104720,0.057645,0.046213,0.023850,0.011330,
0.189235,0.319890,0.305843,0.344887,0.382796,0.348544,0.279294,0.389961,0.289113,0.295630,0.315322,0.251427,0.232572,0.168214,0.152245,0.164372,0.094101,0.058187,0.055616,0.020315,0.014106,
0.595099,0.361741,0.344342,0.498078,0.348898,0.318653,0.313976,0.377587,0.305164,0.270534,0.308337,0.284240,0.221850,0.204551,0.148652,0.154591,0.086193,0.088203,0.051871,0.026664,0.010642,
0.250998,0.419108,0.312545,0.626166,0.295780,0.311497,0.366641,0.376272,0.372408,0.290174,0.283631,0.259922,0.234420,0.176361,0.155231,0.170745,0.095410,0.080040,0.054838,0.044604,0.020958,
0.166321,0.467296,0.270589,0.667052,0.282716,0.390414,0.361610,0.322735,0.307624,0.312489,0.363280,0.274767,0.293510,0.181358,0.177011,0.195442,0.129152,0.091810,0.058159,0.040102,0.014212,
0.222475,0.281292,0.290307,0.457216,0.297203,0.420614,0.377913,0.304354,0.301349,0.324763,0.361501,0.232026,0.340696,0.236650,0.212702,0.174676,0.136160,0.107118,0.072669,0.036977,0.021606,
0.603175,0.308555,0.413453,0.341189,0.296884,0.335906,0.386051,0.311715,0.293838,0.385750,0.418151,0.238772,0.316264,0.293921,0.250184,0.198478,0.179172,0.143032,0.091070,0.039351,0.039215,
0.111698,0.368619,0.385912,0.278117,0.305397,0.315801,0.374197,0.386075,0.316269,0.364467,0.451443,0.296061,0.359673,0.368905,0.257431,0.231405,0.201366,0.137844,0.076936,0.051205,0.032164,
0.331300,0.281594,0.269294,0.299338,0.342072,0.289177,0.370327,0.397489,0.320763,0.385389,0.426468,0.347449,0.360412,0.426127,0.326814,0.285464,0.259595,0.167987,0.084332,0.042709,0.019000,
2.874637,0.249624,0.233695,0.303603,0.431223,0.293887,0.376961,0.437165,0.482179,0.422548,0.423863,0.375951,0.392036,0.483598,0.352826,0.325857,0.338895,0.154889,0.082417,0.040537,0.021391,
0.726028,0.313337,0.226643,0.322036,0.336813,0.442278,0.356770,0.373400,0.492689,0.443330,0.373716,0.394716,0.402619,0.568966,0.472889,0.411972,0.319232,0.203126,0.091010,0.030362,0.017801,
0.098559,0.177241,0.304489,0.390177,0.300756,0.414874,0.416868,0.544997,0.361307,0.509733,0.383362,0.502744,0.643408,0.508975,0.492042,0.587003,0.285549,0.172198,0.072746,0.032379,0.008692,
0.284314,0.120981,0.160824,0.413189,0.567514,0.413340,0.374339,0.500987,0.406923,0.436284,0.513526,0.561855,0.570159,0.672797,0.533396,0.522160,0.336769,0.129719,0.036089,0.023579,0.018230,
nan,0.187428,0.315951,0.167972,0.354671,0.637446,0.383135,0.365174,0.536848,0.411130,0.421480,0.671759,0.560266,0.697805,0.549999,0.396348,0.142860,0.070669,0.030108,0.013997,0.004714,
nan,nan,nan,nan,0.277240,0.459462,0.428901,0.321026,0.376004,0.864935,0.419768,0.371265,0.469023,0.706207,0.284089,0.237958,0.015740,0.016428,0.016963,0.008328,0.011135,
nan,0.156181,0.387088,0.146824,0.179017,0.635705,0.131429,0.529861,0.219927,0.147506,0.461240,0.142213,0.223182,0.098050,0.217069,0.108981,0.053957,0.047564,0.014619,0.042209,0.007192,
0.363789,0.358543,0.330485,0.349611,0.447507,0.350585,0.351492,0.334998,0.289451,0.287978,0.239609,0.360437,0.188549,0.144429,0.138299,0.160298,0.120373,0.065167,0.042011,0.025312,0.011696,
0.336669,0.470308,0.371845,0.438297,0.491903,0.282856,0.279311,0.252387,0.365076,0.219409,0.231318,0.246860,0.217422,0.175921,0.136203,0.104027,0.099497,0.085920,0.036185,0.029547,0.007736,
0.184101,0.413874,0.312362,0.431392,0.676934,0.328096,0.284052,0.293064,0.284715,0.305851,0.277379,0.240128,0.219617,0.175423,0.109436,0.118014,0.093194,0.060460,0.057214,0.020821,0.017655,
0.164129,0.321785,0.323840,0.378103,0.606103,0.372141,0.351650,0.340337,0.283333,0.288913,0.289245,0.237327,0.204673,0.145786,0.137060,0.109948,0.101208,0.095243,0.039727,0.024539,0.014524,
0.200627,0.306093,0.403870,0.352212,0.403725,0.369713,0.387403,0.283544,0.281018,0.268529,0.268043,0.252245,0.210152,0.201437,0.132032,0.132976,0.089147,0.093507,0.051872,0.033846,0.019250,
0.273618,0.291643,0.370725,0.389894,0.388482,0.337720,0.335911,0.256479,0.290373,0.234020,0.234069,0.247381,0.254732,0.226754,0.135422,0.142778,0.084610,0.080142,0.042307,0.040527,0.020656,
0.269370,0.322107,0.286737,0.355001,0.344501,0.364231,0.343831,0.239807,0.302346,0.235849,0.248930,0.264401,0.262882,0.241630,0.186180,0.146383,0.100974,0.116932,0.080438,0.025209,0.031174,
0.207217,0.346660,0.379371,0.440807,0.340911,0.328809,0.324090,0.249744,0.262464,0.300432,0.271498,0.254895,0.248266,0.241688,0.213158,0.164406,0.117166,0.131463,0.070498,0.027233,0.055644,
0.126385,0.761157,0.266427,0.512197,0.316391,0.331617,0.387129,0.226668,0.295983,0.382315,0.274659,0.319854,0.299709,0.351048,0.274486,0.203725,0.163705,0.139245,0.067222,0.039532,0.014212,
0.489156,0.363945,0.231554,0.464318,0.350427,0.398987,0.355877,0.242633,0.363017,0.388155,0.264604,0.378714,0.305824,0.294887,0.272875,0.203118,0.214484,0.112769,0.061069,0.055466,0.015962,
0.968174,0.472762,0.326281,0.350635,0.343304,0.463252,0.273686,0.258333,0.378224,0.410891,0.257523,0.374371,0.347902,0.370780,0.281356,0.274493,0.188300,0.142621,0.092250,0.052780,0.017954,
0.142151,0.425695,0.483241,0.297735,0.310474,0.451330,0.282173,0.332278,0.442443,0.386025,0.280707,0.410157,0.394378,0.347992,0.363468,0.302154,0.222382,0.190320,0.100808,0.039090,0.021929,
0.431273,0.270599,0.336196,0.363699,0.310734,0.357373,0.301953,0.343462,0.393376,0.385839,0.523759,0.416482,0.433660,0.471689,0.417750,0.341699,0.266205,0.175297,0.110637,0.030778,0.023699,
0.224976,0.436967,0.353872,0.327404,0.353807,0.324407,0.417834,0.440217,0.442618,0.423301,0.649036,0.576821,0.529278,0.451253,0.557944,0.459897,0.343967,0.190862,0.081425,0.025235,0.024621,
0.763057,0.421863,0.244056,0.358367,0.473603,0.482903,0.418747,0.447269,0.541244,0.451212,0.616528,0.571754,0.604580,0.625290,0.592196,0.395818,0.348740,0.230392,0.078892,0.021997,0.023030,
nan,0.320044,0.403530,0.284884,0.298671,0.313294,0.389914,0.334277,0.586587,0.515693,0.572600,0.657233,0.732904,0.669178,0.532883,0.439312,0.291349,0.133327,0.044756,0.015026,0.011503,
0.203948,0.215624,0.447679,0.348711,0.298483,0.325538,0.268108,0.601947,0.452053,0.594233,0.823274,0.659421,0.728577,0.656873,0.615234,0.390747,0.184639,0.117618,0.037304,0.010180,0.009006,
nan,nan,nan,1.268254,0.237516,0.277423,0.207523,0.367917,0.522396,0.468183,0.506230,0.799936,0.509047,0.524172,0.486017,0.331022,0.070096,0.065771,0.016390,0.010404,0.000083,
nan,0.298782,0.320452,0.143903,0.245878,0.418928,0.166466,0.134233,0.135823,0.643886,0.085952,0.194580,0.339872,0.514054,0.095135,0.090675,0.064632,0.053181,0.024690,0.020419,0.008631,
0.318541,0.375172,0.426301,0.349429,0.354744,0.235105,0.244932,0.297925,0.351867,0.189804,0.213630,0.158684,0.269159,0.184669,0.135391,0.107338,0.085319,0.064493,0.025425,0.016783,0.008111,
0.268619,0.521238,0.293708,0.369319,0.438541,0.365321,0.257740,0.285394,0.225718,0.252425,0.241680,0.193551,0.229790,0.227790,0.102547,0.103849,0.107122,0.085627,0.053874,0.016001,0.053351,
0.413593,0.403821,0.254370,0.298928,0.379766,0.387445,0.343784,0.377676,0.289696,0.287932,0.295411,0.231193,0.236320,0.162918,0.098552,0.144719,0.098401,0.161806,0.028898,0.024450,0.013164,
0.215233,0.602731,0.255471,0.403966,0.343798,0.317521,0.318952,0.217337,0.295689,0.226662,0.238721,0.233162,0.234287,0.262110,0.173620,0.128334,0.085765,0.082602,0.042405,0.027365,0.009900,
0.134858,0.755275,0.305619,0.480608,0.390526,0.325010,0.264296,0.309862,0.302040,0.217673,0.258713,0.219851,0.233193,0.245914,0.153185,0.117054,0.077582,0.086118,0.060787,0.020252,0.026257,
0.144527,0.632570,0.286681,0.391500,0.314181,0.349177,0.278776,0.299792,0.307440,0.348624,0.325131,0.221000,0.185611,0.269531,0.189971,0.155090,0.089434,0.075685,0.060705,0.025923,0.010818,
0.328882,0.622490,0.342726,0.311859,0.270782,0.360237,0.275795,0.313107,0.296308,0.463270,0.260140,0.234835,0.291150,0.259140,0.185316,0.156842,0.125072,0.102963,0.065909,0.034463,0.015725,
0.342232,0.460855,0.375694,0.330711,0.299019,0.300794,0.368880,0.274143,0.459942,0.275294,0.210347,0.314614,0.283425,0.237764,0.197612,0.149500,0.214718,0.095228,0.056853,0.043780,0.013200,
0.224827,0.430683,0.390569,0.363439,0.271899,0.402006,0.300817,0.259412,0.395266,0.322030,0.259327,0.323838,0.338047,0.271268,0.170356,0.179386,0.210017,0.103771,0.054538,0.041520,0.061794,
0.095509,0.561204,0.333951,0.356894,0.388572,0.361034,0.344520,0.334774,0.421833,0.289662,0.279936,0.363265,0.381229,0.320898,0.246512,0.216696,0.181147,0.116654,0.070983,0.040336,0.036235,
1.886035,0.291147,0.333575,0.254637,0.454045,0.383484,0.317927,0.386592,0.330793,0.374418,0.369412,0.334971,0.438929,0.339975,0.269360,0.279234,0.239118,0.144568,0.093920,0.038274,0.018192,
0.148125,0.334067,0.328450,0.239589,0.383040,0.476857,0.320953,0.327678,0.490958,0.395735,0.409193,0.514440,0.429483,0.366424,0.328112,0.375239,0.265053,0.145617,0.121203,0.042726,0.011710,
0.198928,0.268076,0.297835,0.288904,0.452331,0.326277,0.381522,0.366573,0.408254,0.502458,0.419320,0.389878,0.400715,0.423969,0.401845,0.384830,0.256349,0.205632,0.102804,0.030466,0.011634,
0.567644,0.384731,0.245772,0.390142,0.504694,0.305498,0.290298,0.467811,0.415487,0.482150,0.466664,0.417746,0.491097,0.477366,0.517040,0.430045,0.283877,0.195837,0.101063,0.024893,0.014024,
0.135661,0.270632,0.298235,0.321389,0.465346,0.420093,0.370609,0.499381,0.556688,0.542109,0.544615,0.480000,0.544216,0.670977,0.605699,0.426725,0.299038,0.161842,0.062579,0.030376,0.019636,
0.420503,0.256072,0.228563,0.608495,0.344692,0.287598,0.452882,0.748512,0.443736,0.476557,0.601377,0.488672,0.593898,0.665396,0.501849,0.453166,0.235436,0.133443,0.041736,0.015141,0.010770,
nan,0.202572,0.158206,0.359876,0.258829,0.326303,0.480529,0.571673,0.552245,0.455821,0.454270,0.629608,0.600572,0.762857,0.477120,0.321117,0.130129,0.067574,0.028963,0.020265,0.001930,
nan,nan,0.243312,1.705984,0.471632,0.207820,0.542590,0.251439,3.506099,0.262371,0.283772,0.598788,0.351812,0.995465,0.545493,0.288828,0.113268,0.012244,0.016321,0.020765,0.000282,
nan,0.909923,0.218653,0.242058,0.328745,0.201377,0.197804,0.410673,0.174219,0.161182,0.358867,0.370679,0.245363,0.189906,0.096223,0.085476,0.045261,0.111191,0.021886,0.069371,0.002982,
0.838375,0.684747,0.441686,0.313872,0.453675,0.244343,0.249861,0.438450,0.307540,0.187905,0.227224,0.169814,0.333674,0.112814,0.143513,0.087347,0.184706,0.149982,0.094979,0.013703,0.005454,
0.791849,0.385519,0.288352,0.291955,0.375363,0.314998,0.270805,0.469052,0.272863,0.209317,0.307713,0.222033,0.196326,0.146782,0.110077,0.106429,0.070121,0.050258,0.032075,0.024464,0.008536,
0.576181,0.306210,0.312442,0.352573,0.266025,0.302332,0.297609,0.245783,0.351862,0.227134,0.227146,0.243722,0.232058,0.265207,0.138265,0.117104,0.084340,0.050584,0.049146,0.029797,0.010216,
0.330455,0.279406,0.388028,0.331034,0.326195,0.345781,0.324709,0.406813,0.285073,0.290738,0.254411,0.293703,0.223073,0.247636,0.141472,0.115586,0.094564,0.072461,0.042690,0.017415,0.048330,
0.270822,0.240662,0.430084,0.291130,0.267715,0.300421,0.323389,0.307638,0.301913,0.305166,0.305681,0.207994,0.178451,0.263093,0.180551,0.139492,0.090876,0.062625,0.083213,0.022057,0.009195,
0.195802,0.242909,0.376395,0.305756,0.328060,0.354494,0.347951,0.287781,0.346576,0.291463,0.260339,0.238486,0.300238,0.171405,0.163004,0.117732,0.118492,0.105494,0.068198,0.027701,0.011756,
0.427007,0.278779,0.428943,0.269710,0.316303,0.378101,0.302130,0.318181,0.395222,0.282514,0.255135,0.246607,0.240107,0.232052,0.162939,0.141939,0.135913,0.084945,0.047737,0.031970,0.014963,
0.111710,0.390764,0.513685,0.291333,0.306142,0.280967,0.294646,0.292008,0.345703,0.231292,0.339455,0.271838,0.276239,0.228582,0.237908,0.198865,0.113598,0.109907,0.047828,0.033147,0.019800,
0.125128,0.484586,0.322633,0.328722,0.296357,0.419826,0.312106,0.313292,0.385441,0.337745,0.293414,0.321605,0.275754,0.269347,0.232657,0.252243,0.145825,0.145225,0.078915,0.034766,0.015193,
1.848143,0.442206,0.259829,0.340537,0.356365,0.340450,0.307907,0.299695,0.420981,0.296572,0.371624,0.320762,0.281936,0.261928,0.260777,0.227394,0.186095,0.156077,0.084637,0.033973,0.014676,
0.116966,0.260270,0.284386,0.362387,0.311192,0.305380,0.301060,0.400059,0.429667,0.405512,0.336856,0.326107,0.335139,0.245690,0.347258,0.226028,0.221276,0.110173,0.093707,0.037736,0.023175,
0.805343,0.402684,0.235205,0.297449,0.296842,0.326696,0.338478,0.326067,0.334076,0.418243,0.374285,0.400346,0.327355,0.399458,0.443804,0.261788,0.217448,0.170132,0.098450,0.032492,0.012927,
0.382736,0.263191,0.304856,0.344194,0.309758,0.366742,0.381950,0.398358,0.395102,0.485846,0.332665,0.406501,0.370746,0.455662,0.426807,0.342008,0.241654,0.182576,0.080101,0.039756,0.013371,
0.669938,0.352831,0.398499,0.309856,0.316541,0.373983,0.381013,0.319247,0.475286,0.358843,0.410423,0.455007,0.421238,0.455937,0.448709,0.346492,0.268583,0.165737,0.069443,0.029179,0.021302,
0.116135,0.309390,0.220822,0.473797,0.271814,0.440683,0.385057,0.356725,0.520629,0.467819,0.418935,0.379719,0.511903,0.498328,0.549581,0.376062,0.243972,0.158518,0.071945,0.021269,0.014151,
0.051841,0.262136,0.246414,0.450653,0.371879,0.292897,0.326619,0.428287,0.435967,0.478660,0.574343,0.553143,0.461003,0.475941,0.592837,0.334804,0.250877,0.082850,0.029093,0.025631,0.008782,
0.117052,0.144772,0.342397,0.333530,0.371774,0.360055,0.506203,0.415212,0.358341,0.508517,0.551739,0.472035,0.661367,0.552439,0.381216,0.294170,0.182020,0.061887,0.027560,0.012231,0.000246,
nan,nan,0.094193,0.177482,0.119211,0.378229,1.022944,0.943035,0.234412,0.527815,0.323146,0.950289,0.524675,0.469050,0.257228,0.168545,0.072960,0.148685,0.009989,0.001115,0.001594,
nan,0.177392,0.195227,0.291400,0.255506,0.261108,0.228604,0.668970,0.174890,0.274434,0.147147,0.195861,0.813900,0.833524,0.173243,0.082682,0.069362,0.097800,0.017909,0.103205,0.008507,
0.215318,0.363423,0.347428,0.375812,0.316067,0.541282,0.280927,0.353006,0.284435,0.218066,0.194941,0.191044,0.453828,0.289556,0.106212,0.081884,0.065489,0.052578,0.030812,0.043623,0.202853,
0.275921,0.332304,0.333365,0.381847,0.271539,0.344222,0.234202,0.342910,0.376624,0.272612,0.199616,0.209344,0.285916,0.198648,0.086705,0.143100,0.145710,0.163834,0.027827,0.023274,0.011784,
0.611354,0.284111,0.261558,0.288710,0.365393,0.395369,0.361105,0.417681,0.296721,0.359239,0.220120,0.281806,0.237571,0.201773,0.263949,0.136258,0.074290,0.070758,0.045015,0.018709,0.032012,
0.476269,0.309032,0.349503,0.271731,0.367628,0.251424,0.339382,0.318719,0.244843,0.317330,0.306486,0.173591,0.174026,0.229498,0.160453,0.136692,0.097530,0.060419,0.060724,0.052455,0.010617,
0.325824,0.319936,0.337211,0.285905,0.320564,0.304352,0.335511,0.332600,0.302998,0.291017,0.251743,0.222429,0.255927,0.174469,0.137871,0.128920,0.117370,0.082160,0.059494,0.034715,0.009325,
0.298204,0.277460,0.396326,0.314870,0.287281,0.322942,0.276670,0.313090,0.267125,0.312776,0.271601,0.194821,0.219809,0.210430,0.194268,0.155951,0.106003,0.065368,0.049069,0.031884,0.013934,
0.210638,0.278502,0.246431,0.310975,0.365614,0.316524,0.341893,0.294888,0.321862,0.323391,0.298364,0.270874,0.223649,0.207077,0.164006,0.195460,0.124028,0.117385,0.045938,0.035109,0.013143,
0.387748,0.204115,0.287298,0.294164,0.391211,0.327287,0.366210,0.336223,0.316489,0.302403,0.302349,0.285772,0.240408,0.236605,0.192273,0.177702,0.196723,0.098248,0.076087,0.025991,0.014136,
0.291816,0.543463,0.227918,0.342679,0.375029,0.353808,0.307407,0.344711,0.332932,0.322756,0.398155,0.301887,0.249768,0.236980,0.254747,0.163674,0.168111,0.096546,0.061874,0.025468,0.013064,
0.464134,0.562205,0.289842,0.399197,0.302660,0.382092,0.317258,0.401305,0.331310,0.371092,0.303038,0.307776,0.275564,0.258205,0.278727,0.230736,0.152425,0.112035,0.073206,0.025225,0.053781,
0.305123,0.628956,0.308347,0.341178,0.324465,0.327269,0.306835,0.352182,0.356895,0.399166,0.360389,0.403766,0.314500,0.322587,0.310139,0.241207,0.197600,0.145580,0.097249,0.038753,0.011761,
0.657651,0.220197,0.305390,0.378825,0.264717,0.324746,0.428687,0.332392,0.454690,0.468712,0.398528,0.329825,0.324606,0.308982,0.290902,0.315310,0.208455,0.160139,0.069234,0.038791,0.020537,
0.257312,0.306482,0.261717,0.307479,0.362369,0.384265,0.358130,0.410997,0.411198,0.458923,0.409189,0.325829,0.358904,0.362444,0.306714,0.317385,0.213830,0.158415,0.066087,0.031149,0.007861,
1.036098,0.186121,0.362915,0.391626,0.501956,0.287420,0.579507,0.431730,0.493637,0.523381,0.487632,0.375464,0.422664,0.427189,0.357844,0.392250,0.228522,0.138675,0.069262,0.067972,0.013917,
0.149736,0.257948,0.311693,0.359493,0.321032,0.448068,0.442208,0.474122,0.534847,0.404464,0.404474,0.443649,0.562268,0.406820,0.443258,0.310297,0.232907,0.106750,0.042227,0.018380,0.015996,
0.105993,0.377629,0.556451,0.429152,0.306534,0.569142,0.571886,0.531550,0.574232,0.459264,0.392248,0.681151,0.557851,0.447346,0.427224,0.303261,0.196535,0.095021,0.062932,0.039441,0.002578,
nan,0.176241,1.719958,0.320978,0.295669,0.322932,0.413981,0.367504,0.634074,0.362939,0.460294,0.497259,0.653094,0.510888,0.389333,0.369872,0.150478,0.094805,0.066329,0.020775,0.000305,
nan,2.553936,nan,1.244630,0.456476,0.216452,0.607175,0.513542,0.270886,0.528397,0.782365,1.057472,1.196125,0.706168,0.487380,0.139445,0.052966,0.078097,0.001956,0.000731,0.000063,
nan,0.376523,0.169051,0.289656,0.196848,0.254279,0.216950,0.152251,0.175340,0.611510,0.192375,0.147753,0.196565,0.072169,0.078998,0.237704,0.053912,0.061555,0.054740,0.038713,0.016464,
0.609761,0.389070,0.341825,0.399113,0.410148,0.331086,0.325744,0.402887,0.204463,0.245456,0.203087,0.220653,0.201256,0.211963,0.117502,0.087926,0.076976,0.108121,0.060536,0.016554,0.010082,
0.292531,0.266961,0.297423,0.286876,0.286675,0.334580,0.311882,0.248374,0.315493,0.345476,0.222894,0.336920,0.269232,0.171002,0.153692,0.105907,0.087193,0.072959,0.050444,0.027372,0.013287,
0.262679,0.298988,0.438165,0.255907,0.422411,0.241874,0.338233,0.366004,0.302970,0.271447,0.303762,0.182743,0.158080,0.253871,0.131606,0.133839,0.104689,0.044760,0.033210,0.016502,0.008728,
0.374704,0.298186,0.328285,0.396319,0.330378,0.292941,0.282036,0.349499,0.280681,0.241389,0.255048,0.266156,0.263222,0.152984,0.147558,0.121972,0.091518,0.060847,0.045471,0.021328,0.009258,
0.490260,0.352601,0.357754,0.334445,0.262405,0.289263,0.287791,0.335862,0.306354,0.325699,0.243194,0.168811,0.205346,0.183747,0.185762,0.151039,0.091804,0.057701,0.063386,0.029769,0.015623,
0.263462,0.289484,0.335921,0.251260,0.331386,0.265487,0.339376,0.346564,0.370139,0.274772,0.339608,0.311939,0.202479,0.211277,0.150043,0.159075,0.108045,0.081455,0.053501,0.032616,0.015831,
0.425489,0.342344,0.378924,0.249800,0.296884,0.250409,0.294191,0.295922,0.333684,0.277360,0.349103,0.258886,0.271509,0.272103,0.131294,0.197170,0.146732,0.085616,0.060629,0.022433,0.014317,
0.487512,0.373269,0.262360,0.249622,0.307734,0.309559,0.290306,0.312063,0.293708,0.297667,0.311734,0.289849,0.269716,0.220466,0.198078,0.154646,0.154593,0.090281,0.056925,0.021544,0.013325,
0.322048,0.464357,0.326848,0.273250,0.381639,0.247389,0.325386,0.342563,0.298908,0.338241,0.282951,0.358847,0.293108,0.212132,0.220081,0.205685,0.167138,0.101749,0.079698,0.025152,0.036376,
0.216830,0.277211,0.313498,0.312070,0.320751,0.248499,0.308619,0.304321,0.330379,0.433681,0.301383,0.385679,0.262520,0.241937,0.202489,0.202318,0.207722,0.110638,0.079970,0.038069,0.013229,
0.633954,0.277649,0.353768,0.291966,0.302785,0.305413,0.281560,0.302401,0.354460,0.348922,0.343556,0.265630,0.323215,0.275763,0.243727,0.268721,0.187937,0.118040,0.067665,0.033624,0.012240,
0.402639,0.355933,0.399288,0.236734,0.281331,0.317493,0.289040,0.406738,0.368894,0.355506,0.310163,0.305321,0.347624,0.377460,0.254658,0.255813,0.217395,0.139082,0.073002,0.027393,0.013339,
0.238866,0.475676,0.257313,0.250420,0.315091,0.305358,0.359006,0.470273,0.290901,0.319713,0.360342,0.352592,0.391231,0.323197,0.315367,0.272830,0.239583,0.127187,0.060716,0.052632,0.031699,
1.059907,0.221522,0.225642,0.339620,0.262125,0.321842,0.384790,0.502915,0.265142,0.346264,0.382258,0.435650,0.403156,0.422132,0.355764,0.283204,0.205411,0.141438,0.058571,0.019708,0.012588,
1.097052,0.312693,0.602416,0.343056,0.267536,0.339538,0.467911,0.452469,0.321163,0.343079,0.518095,0.408636,0.331078,0.505164,0.422931,0.267351,0.199942,0.110422,0.061034,0.051306,0.010597,
0.213008,0.253015,0.230331,0.554662,0.638976,0.667667,0.518034,0.376645,0.450687,0.400450,0.397149,0.411951,0.540848,0.485421,0.351893,0.288224,0.162041,0.156316,0.067673,0.030773,0.054559,
0.124522,0.089137,0.358170,0.883226,0.243077,0.344549,0.332466,0.314662,0.642749,0.442674,0.605532,0.453966,0.559194,0.562774,0.479096,0.240349,0.155945,0.158011,0.023669,0.012448,0.001304,
nan,0.121605,nan,0.369079,0.209080,0.877349,0.397501,0.296494,0.290413,1.187808,0.355826,1.103819,0.294073,0.523912,0.219615,0.377423,0.189081,0.028643,0.005514,0.056701,0.000337,
nan,0.236907,0.314787,0.276432,0.410000,0.273243,0.260998,0.323312,0.227862,0.210118,0.160681,0.489084,0.186046,0.175559,0.280631,0.121057,0.077431,0.050051,0.024859,0.027480,0.006028,
0.367832,0.267420,0.381384,0.295929,0.299519,0.535022,0.261993,0.369647,0.304032,0.253838,0.330903,0.171613,0.200027,0.129213,0.099642,0.142539,0.105226,0.034797,0.029645,0.019412,0.006406,
0.366122,0.307714,0.471428,0.305827,0.385968,0.370965,0.318521,0.415552,0.313078,0.345495,0.199156,0.273799,0.182000,0.208962,0.170380,0.139920,0.077587,0.060748,0.038581,0.021473,0.010449,
0.735785,0.332707,0.268027,0.457464,0.351485,0.295862,0.288023,0.343826,0.280575,0.286153,0.231204,0.220193,0.174015,0.209377,0.158482,0.135359,0.145673,0.067008,0.050416,0.086305,0.011301,
0.438812,0.296427,0.363894,0.353387,0.258228,0.277662,0.300019,0.314614,0.218070,0.338491,0.248830,0.207740,0.216698,0.220155,0.150993,0.153341,0.152059,0.068123,0.053152,0.035366,0.008316,
1.160458,0.302909,0.349273,0.245833,0.358689,0.270695,0.362015,0.339827,0.336784,0.270766,0.299812,0.258332,0.232505,0.204253,0.158111,0.169075,0.098657,0.067135,0.037795,0.026157,0.015093,
0.530636,0.362305,0.274853,0.295167,0.372845,0.282528,0.296500,0.268204,0.281777,0.263881,0.264408,0.255706,0.280749,0.228609,0.134274,0.182616,0.153482,0.074101,0.057546,0.021538,0.009712,
0.933926,0.228144,0.342637,0.335902,0.391983,0.313644,0.269040,0.335677,0.274136,0.317204,0.323613,0.269077,0.237716,0.220998,0.231238,0.160578,0.156933,0.064103,0.055228,0.019948,0.012302,
0.327765,0.278245,0.442620,0.351787,0.395781,0.366468,0.307350,0.271135,0.311655,0.333010,0.298326,0.280355,0.240143,0.236642,0.190570,0.200783,0.165897,0.112983,0.073818,0.029700,0.023582,
0.293890,0.299320,0.433393,0.361072,0.308052,0.405761,0.273612,0.340446,0.319177,0.300902,0.306387,0.330869,0.217454,0.221832,0.179045,0.160312,0.148267,0.089619,0.077214,0.032873,0.010534,
0.102950,0.336119,0.344385,0.387626,0.347982,0.346305,0.264723,0.368122,0.358702,0.248493,0.313004,0.211998,0.313312,0.195531,0.259749,0.251406,0.162898,0.115228,0.050486,0.027353,0.011002,
0.118460,0.250632,0.397640,0.282926,0.359820,0.318062,0.262901,0.361932,0.360480,0.306860,0.287370,0.343138,0.312733,0.284973,0.319859,0.261637,0.165196,0.102417,0.060451,0.058509,0.011867,
0.190834,0.279306,0.440580,0.311594,0.294781,0.216145,0.410382,0.344217,0.402098,0.356974,0.395617,0.340979,0.373064,0.329083,0.277445,0.219296,0.210808,0.151527,0.073408,0.049595,0.021615,
0.364722,0.241129,0.316443,0.245207,0.246653,0.322571,0.418202,0.387033,0.365631,0.458910,0.354374,0.331457,0.338984,0.422606,0.274295,0.277910,0.207994,0.139683,0.080569,0.032525,0.019024,
0.183032,0.261846,0.317629,0.304510,0.376838,0.352707,0.395039,0.442455,0.429359,0.328850,0.323078,0.416061,0.480161,0.425005,0.324071,0.314564,0.199923,0.105076,0.063838,0.017026,0.015894,
0.217085,0.159447,0.246761,0.216370,0.344214,0.385214,0.548502,0.443996,0.475592,0.345818,0.448266,0.499568,0.517051,0.436135,0.377110,0.337527,0.207075,0.129844,0.115824,0.063410,0.033936,
0.175424,0.342918,0.241165,0.277160,0.231156,0.361655,0.451252,0.476886,0.454563,0.415091,0.470213,0.485342,0.462287,0.592083,0.331817,0.412365,0.216214,0.125354,0.094526,0.026857,0.010971,
nan,0.103123,0.184725,0.385950,0.549418,0.405819,0.384400,0.453674,0.413940,0.416181,0.715824,0.503186,0.521693,0.427196,0.420641,0.312785,0.121773,0.060866,0.021011,0.008740,0.001496,
nan,0.234330,nan,0.507124,0.239975,0.211967,0.204300,0.239431,0.384042,0.378765,0.302565,0.356041,0.684059,0.406696,0.390858,0.256851,0.066454,0.012863,0.014887,0.000647,0.000022,
nan,0.253856,0.348068,0.448916,0.188177,0.458121,0.267502,0.200335,0.309915,0.130774,0.310723,0.171747,0.106050,0.079738,0.460606,0.081972,0.045788,0.023820,0.032511,0.002610,0.006811,
0.213211,0.224214,0.291184,0.350459,0.292619,0.242771,0.257665,0.311230,0.293357,0.238411,0.193355,0.133589,0.197515,0.106265,0.097983,0.083301,0.078296,0.075302,0.040059,0.020302,0.010923,
1.036196,0.248054,0.252916,0.306550,0.396578,0.277279,0.370144,0.398808,0.286606,0.242537,0.181914,0.199258,0.218942,0.217937,0.220546,0.111094,0.077113,0.058558,0.037612,0.017699,0.010020,
0.425617,0.402948,0.440741,0.368620,0.286378,0.267302,0.423943,0.351201,0.250913,0.237558,0.341181,0.224548,0.251240,0.161270,0.157808,0.090345,0.082330,0.089680,0.047318,0.019484,0.009022,
1.309830,0.491287,0.308128,0.282909,0.328519,0.284399,0.351878,0.348497,0.322211,0.252042,0.255124,0.170738,0.247644,0.159669,0.222726,0.150738,0.075862,0.055098,0.044536,0.035334,0.019960,
0.386883,0.539325,0.234463,0.286654,0.408792,0.323765,0.368157,0.300280,0.305699,0.259393,0.257902,0.231491,0.291421,0.190531,0.113079,0.149428,0.151620,0.053033,0.044873,0.031536,0.015636,
0.476015,0.313858,0.275853,0.336351,0.367410,0.358165,0.287429,0.316721,0.311287,0.299865,0.299594,0.279202,0.221832,0.194460,0.172512,0.172099,0.120800,0.079658,0.043546,0.023606,0.011390,
0.743671,0.296292,0.253111,0.306648,0.287474,0.314655,0.340664,0.333074,0.345456,0.239294,0.255325,0.263743,0.247836,0.217983,0.172455,0.212276,0.111351,0.069858,0.080648,0.023315,0.012314,
0.655664,0.247551,0.238702,0.260504,0.264198,0.271124,0.278606,0.317025,0.352424,0.218400,0.253150,0.259495,0.193060,0.211458,0.151627,0.155006,0.117182,0.089079,0.054934,0.026028,0.014138,
0.929865,0.234605,0.211249,0.274968,0.301667,0.354138,0.336835,0.366098,0.355381,0.243007,0.271391,0.220966,0.243901,0.227564,0.241235,0.215759,0.121767,0.115741,0.044191,0.024565,0.010425,
0.385820,0.338259,0.267562,0.256733,0.282464,0.437818,0.341608,0.381776,0.331118,0.356538,0.287349,0.302758,0.301311,0.247515,0.294077,0.199823,0.138511,0.103934,0.052251,0.046359,0.016123,
0.302377,0.411202,0.319115,0.321038,0.269560,0.360153,0.405820,0.353741,0.345641,0.370222,0.349626,0.290212,0.278020,0.241035,0.251454,0.205222,0.170401,0.159631,0.047535,0.029291,0.026708,
0.149433,0.401836,0.273539,0.309292,0.271676,0.394179,0.391683,0.272528,0.342399,0.327558,0.340902,0.258090,0.354952,0.308236,0.248778,0.226920,0.179330,0.179205,0.078005,0.039664,0.021053,
0.148834,0.403265,0.339832,0.239948,0.364449,0.421617,0.406205,0.320822,0.365270,0.448625,0.399283,0.316205,0.374472,0.468178,0.271838,0.269344,0.218846,0.122434,0.064039,0.043658,0.012472,
0.240967,0.376798,0.212325,0.332505,0.590085,0.371247,0.279581,0.261162,0.391124,0.351294,0.333760,0.331530,0.387760,0.361471,0.360184,0.347762,0.208990,0.143500,0.075540,0.034915,0.019108,
0.242826,0.213854,0.204432,0.276265,0.240354,0.389270,0.342764,0.326228,0.481453,0.473674,0.440343,0.378337,0.345654,0.400638,0.333676,0.313082,0.218911,0.152232,0.084683,0.037683,0.018816,
0.135640,0.354548,0.501642,0.323257,0.342419,0.414135,0.383360,0.263281,0.451489,0.463358,0.450112,0.401582,0.331981,0.413825,0.298845,0.248900,0.187557,0.092831,0.042032,0.022202,0.007288,
0.171096,2.434190,0.341317,0.280681,0.831471,0.593922,0.782213,0.634933,0.657982,0.436140,0.401663,0.388077,0.430907,0.439209,0.377013,0.224696,0.193931,0.068855,0.013112,0.008319,0.026236,
nan,nan,0.301890,0.592850,0.105710,0.149248,0.227523,0.787389,0.194078,0.312180,0.339528,0.306105,0.395437,0.480144,0.242067,0.129273,0.112116,0.019530,0.000830,0.000671,0.002772,
nan,0.339833,0.241565,0.346863,0.319067,0.192719,0.450527,0.353879,0.264220,0.260348,0.183054,0.734932,0.248899,0.164316,0.131322,0.242057,0.052875,0.033331,0.018601,0.051283,0.005123,
1.534795,0.337095,0.414985,0.286383,0.255023,0.348711,0.224621,0.264297,0.318434,0.169458,0.212325,0.212798,0.210922,0.238659,0.085294,0.091586,0.207339,0.077533,0.025579,0.019316,0.015254,
0.293414,0.352553,0.335374,0.369725,0.424323,0.286618,0.264656,0.306150,0.330658,0.255632,0.328842,0.218258,0.158552,0.157024,0.146228,0.147753,0.119571,0.048200,0.040003,0.015795,0.006869,
0.293950,0.321110,0.347011,0.348242,0.317436,0.293036,0.331903,0.340696,0.207503,0.224225,0.194391,0.208389,0.234391,0.228839,0.229206,0.173988,0.148072,0.111639,0.071741,0.031715,0.008480,
0.450058,0.246670,0.269140,0.306087,0.367752,0.353507,0.376921,0.308368,0.338029,0.297918,0.282699,0.222466,0.208960,0.161325,0.134351,0.165645,0.099008,0.050089,0.035468,0.024938,0.008041,
0.265011,0.276259,0.273907,0.426515,0.260776,0.415215,0.303004,0.345380,0.294709,0.295608,0.334138,0.238620,0.232628,0.157318,0.168467,0.093925,0.108754,0.093867,0.056080,0.045159,0.016081,
0.778033,0.280652,0.291641,0.328404,0.237426,0.231853,0.279953,0.342522,0.319044,0.280141,0.309970,0.276011,0.220273,0.273691,0.197125,0.154946,0.120748,0.072344,0.049050,0.023442,0.008676,
0.352668,0.330888,0.320006,0.380116,0.338029,0.371636,0.261623,0.277030,0.346916,0.208833,0.258709,0.244408,0.174705,0.217190,0.148964,0.136253,0.153095,0.098566,0.050823,0.019210,0.011994,
0.275719,0.293451,0.316091,0.299672,0.375188,0.450716,0.321528,0.365374,0.297526,0.283787,0.276017,0.227016,0.226496,0.255819,0.212025,0.176153,0.143651,0.102441,0.045420,0.023904,0.009742,
0.254055,0.338416,0.248439,0.375439,0.295185,0.352073,0.342660,0.357540,0.371449,0.314151,0.305540,0.251597,0.256638,0.262825,0.244769,0.158117,0.124997,0.080483,0.046999,0.033370,0.010518,
0.864782,0.277403,0.279295,0.281306,0.303304,0.350670,0.342741,0.349941,0.288214,0.311011,0.259830,0.247294,0.253535,0.175191,0.249457,0.193169,0.167137,0.117285,0.047033,0.038846,0.010592,
0.123535,0.276848,0.282146,0.421217,0.273205,0.409564,0.294469,0.262210,0.320357,0.369638,0.373626,0.233822,0.327828,0.291464,0.230374,0.181337,0.158097,0.193990,0.060933,0.027572,0.024234,
0.257610,0.299679,0.257497,0.346626,0.339891,0.381704,0.338226,0.396861,0.295137,0.377426,0.401363,0.371383,0.382554,0.358119,0.227326,0.286170,0.199130,0.114922,0.075734,0.041137,0.024886,
0.183274,0.187698,0.227809,0.381805,0.343669,0.227814,0.368793,0.352618,0.262446,0.351989,0.370621,0.341347,0.281556,0.289129,0.337847,0.254080,0.171838,0.126994,0.045282,0.026551,0.008882,
0.114318,0.320273,0.436688,0.332447,0.424995,0.428273,0.330029,0.386785,0.336281,0.312552,0.390375,0.497353,0.316803,0.276949,0.299583,0.271219,0.209723,0.130869,0.082225,0.049226,0.016520,
0.129847,0.183651,0.335041,0.329201,0.354978,0.256883,0.487579,0.276258,0.276272,0.446775,0.423626,0.404026,0.412419,0.321007,0.334042,0.212477,0.172433,0.086991,0.066976,0.020801,0.019989,
0.176754,0.933044,0.249024,0.248777,0.557768,0.315997,0.258684,0.353172,0.306739,0.485407,0.478587,0.543548,0.379115,0.306420,0.259952,0.267930,0.179760,0.135462,0.043836,0.017198,0.006529,
0.423381,0.159249,0.234399,0.446974,0.311592,0.398228,0.276302,0.435359,0.365199,0.370917,0.464410,0.461629,0.342471,0.227988,0.326050,0.231179,0.108561,0.038685,0.011492,0.009019,0.029131,
nan,nan,0.083732,0.227280,nan,0.447987,0.295386,0.208762,0.297823,0.292377,0.212939,0.248588,0.589712,0.257434,0.704619,0.100034,0.079785,0.019156,0.022884,0.004195,0.000259,
nan,0.552131,0.453870,0.267894,0.151602,0.242227,0.256152,0.348121,0.116187,0.149102,0.246566,0.157649,0.120212,0.152235,0.107415,0.125229,0.084106,0.021363,0.018933,0.023996,0.011608,
0.357882,0.233809,0.395676,0.363539,0.348042,0.300729,0.222722,0.391605,0.316844,0.361064,0.225018,0.388718,0.273371,0.178114,0.101926,0.101160,0.088662,0.061390,0.021944,0.021497,0.008939,
1.518957,0.347392,0.336785,0.385059,0.278654,0.295988,0.249703,0.407561,0.275999,0.285907,0.255403,0.224922,0.161408,0.204163,0.142078,0.152423,0.125301,0.179616,0.035499,0.022752,0.009977,
0.291770,0.477555,0.349164,0.305480,0.310772,0.383564,0.369956,0.328735,0.281555,0.270725,0.277007,0.224232,0.262577,0.165983,0.144869,0.113111,0.087668,0.040986,0.062487,0.017937,0.020299,
0.321914,0.272660,0.290950,0.488539,0.237704,0.445933,0.329473,0.364134,0.268606,0.354866,0.308785,0.240067,0.246141,0.172329,0.157149,0.122217,0.132752,0.048172,0.031529,0.020850,0.038788,
0.502662,0.268623,0.304751,0.362872,0.250520,0.275296,0.251466,0.370357,0.388821,0.284222,0.301864,0.241763,0.243340,0.161638,0.179804,0.159663,0.090783,0.080804,0.039610,0.022613,0.013000,
1.463667,0.291433,0.333340,0.294587,0.333962,0.363181,0.275163,0.309591,0.380903,0.231598,0.221810,0.231307,0.261708,0.225263,0.132562,0.136108,0.101759,0.052094,0.059784,0.015710,0.008361,
0.182396,0.312471,0.294592,0.320334,0.268273,0.309147,0.353533,0.382838,0.342890,0.292862,0.254538,0.230437,0.208073,0.214968,0.229945,0.167248,0.140730,0.093638,0.051710,0.027338,0.010613,
1.222555,0.374110,0.346935,0.385589,0.234351,0.327127,0.301020,0.368306,0.314185,0.336179,0.281639,0.269829,0.235872,0.289274,0.204479,0.173007,0.096601,0.082272,0.052758,0.027254,0.010249,
0.434193,0.387061,0.411651,0.416239,0.247538,0.314192,0.289945,0.332805,0.228137,0.257765,0.262997,0.251195,0.261819,0.170244,0.210274,0.177987,0.150053,0.100537,0.050307,0.038518,0.011893,
0.575324,0.273722,0.417691,0.446335,0.246702,0.338807,0.326338,0.250502,0.285639,0.231805,0.369646,0.240956,0.261386,0.231132,0.222404,0.158670,0.106733,0.115604,0.044359,0.030701,0.013994,
0.201666,0.293037,0.303077,0.313498,0.264574,0.296318,0.348683,0.299220,0.296366,0.251833,0.332903,0.288738,0.298498,0.326492,0.239643,0.179023,0.157777,0.137974,0.063414,0.027727,0.014629,
0.171917,0.457468,0.352548,0.383206,0.269382,0.328826,0.375448,0.292364,0.332065,0.307182,0.378171,0.331638,0.261990,0.211219,0.260774,0.257208,0.149068,0.120115,0.059497,0.041605,0.013579,
0.293227,0.271644,0.288761,0.322004,0.315847,0.360204,0.307647,0.294888,0.427866,0.338059,0.337537,0.384709,0.342895,0.248367,0.225082,0.259748,0.169136,0.108009,0.078697,0.025319,0.018158,
0.245066,0.323215,0.453439,0.352700,0.275538,0.378529,0.317736,0.295483,0.383115,0.389399,0.591833,0.309903,0.372705,0.284293,0.355555,0.185286,0.161565,0.106929,0.090383,0.041926,0.028603,
0.176239,0.473722,0.274615,0.243930,0.427291,0.295891,0.292937,0.312932,0.511655,0.395571,0.451547,0.323067,0.374793,0.290028,0.241182,0.286286,0.168060,0.078916,0.072714,0.015626,0.025319,
0.251967,0.247136,0.221090,0.576640,0.299368,0.292726,0.423742,0.347496,0.357434,0.408348,0.559032,0.483649,0.250200,0.356083,0.235589,0.286344,0.109652,0.071178,0.034243,0.012765,0.006521,
0.138464,0.193059,0.397814,0.215035,0.272927,0.591312,0.252397,0.310349,0.267069,0.432596,0.360218,0.426253,0.364053,0.346578,0.280126,0.187141,0.125611,0.056004,0.014670,0.006126,0.018322,
nan,0.524832,0.201345,nan,0.170763,0.464323,0.984701,0.127309,0.439182,0.641705,1.004987,0.353304,0.202526,0.144495,0.227019,0.106585,0.022562,0.065489,0.045696,0.004751,0.000328,
nan,0.622392,0.582322,0.279446,0.322014,0.326995,0.372931,0.278996,0.139796,0.124817,0.162576,0.180930,0.243749,0.236348,0.102157,0.136385,0.064865,0.031822,0.023758,0.129175,0.002860,
0.442123,0.373574,0.278119,0.295378,0.296279,0.396307,0.494486,0.313671,0.223901,0.348555,0.250357,0.305975,0.155072,0.131100,0.109922,0.113759,0.121529,0.069835,0.024315,0.031661,0.012485,
0.315374,0.342709,0.361682,0.374908,0.330799,0.322807,0.442430,0.360009,0.235550,0.194575,0.293761,0.239193,0.176488,0.217404,0.190266,0.152849,0.102350,0.108401,0.041200,0.081149,0.009892,
0.455669,0.227400,0.282231,0.476900,0.329272,0.434927,0.355495,0.307520,0.238689,0.327846,0.330163,0.249620,0.149824,0.122090,0.207706,0.137387,0.064108,0.057537,0.032280,0.047285,0.007838,
0.415755,0.390726,0.352796,0.435893,0.269550,0.266953,0.305705,0.420717,0.417549,0.277694,0.323734,0.199928,0.236723,0.172611,0.218899,0.112070,0.109561,0.113096,0.043712,0.066018,0.013007,
0.317903,0.432378,0.321321,0.376474,0.307195,0.306776,0.242373,0.309265,0.404795,0.249177,0.252095,0.267769,0.210362,0.143494,0.188209,0.136615,0.111766,0.063937,0.055363,0.017450,0.008059,
0.319164,0.467799,0.271121,0.325590,0.243207,0.261964,0.333254,0.388625,0.316796,0.312996,0.253740,0.222539,0.206283,0.205920,0.168524,0.119923,0.086139,0.078878,0.041324,0.027027,0.007652,
0.460107,0.278259,0.318096,0.309156,0.237070,0.317372,0.261556,0.315953,0.329349,0.342926,0.270435,0.282422,0.294993,0.221089,0.177609,0.201610,0.115134,0.095714,0.039612,0.019151,0.028186,
0.196545,0.439527,0.412232,0.299832,0.343505,0.288192,0.292808,0.253601,0.267143,0.269972,0.230996,0.236580,0.248382,0.228938,0.184911,0.119616,0.092742,0.071425,0.049427,0.023075,0.006932,
0.939989,0.425677,0.365550,0.326883,0.407120,0.372175,0.435092,0.273057,0.306219,0.295466,0.284270,0.285559,0.270601,0.196563,0.200295,0.158888,0.102314,0.083521,0.036976,0.038583,0.018507,
0.155643,0.292069,0.395345,0.266913,0.386940,0.335396,0.391205,0.293004,0.328015,0.303336,0.280208,0.361076,0.253632,0.310015,0.228980,0.143052,0.124791,0.144065,0.052292,0.024870,0.023382,
0.186223,0.496460,0.403066,0.255072,0.373795,0.439147,0.283964,0.297297,0.294908,0.332729,0.329093,0.354523,0.267460,0.189253,0.206142,0.211110,0.214397,0.089335,0.042881,0.025642,0.013190,
0.358806,0.316697,0.310881,0.270209,0.519099,0.350554,0.288491,0.340157,0.286940,0.385623,0.365230,0.332717,0.262119,0.252586,0.195232,0.173108,0.152189,0.115597,0.067332,0.024277,0.013949,
0.160610,0.415783,0.361417,0.322163,0.323887,0.344360,0.368963,0.320534,0.285974,0.394672,0.390489,0.406983,0.304386,0.223882,0.262916,0.246860,0.177256,0.088117,0.079524,0.038366,0.026073,
0.161333,0.572189,0.256573,0.504106,0.448032,0.364350,0.336432,0.492420,0.356163,0.396035,0.382879,0.270149,0.262733,0.298863,0.272930,0.176644,0.183806,0.099859,0.049780,0.061804,0.021456,
0.143219,0.197022,0.273131,0.366903,0.555878,0.350699,0.378422,0.352277,0.494374,0.419413,0.327719,0.272122,0.272879,0.287369,0.270391,0.215618,0.158884,0.081969,0.061037,0.019742,0.009178,
nan,0.303755,0.288852,0.515263,0.312820,0.273508,0.335222,0.419505,0.547159,0.600497,0.262642,0.278938,0.271290,0.261277,0.203304,0.194146,0.166390,0.109130,0.038442,0.011361,0.008987,
nan,0.381001,0.247235,0.351913,0.765707,0.513095,0.242604,0.565699,0.578535,0.263450,0.303064,0.397139,0.295483,0.258084,0.288187,0.244227,0.163444,0.056748,0.032774,0.004392,0.009164,
nan,0.092636,0.146892,0.402967,0.258529,nan,0.193595,0.523184,0.376440,0.346117,0.332531,0.290312,0.270368,0.254003,0.172282,0.123929,0.046627,0.032180,0.118766,0.000722,0.006002,
nan,0.231334,0.285860,0.479123,0.190968,0.186079,0.159002,0.464801,0.185532,0.210511,0.198430,0.181622,0.083441,0.434094,0.100900,0.188268,0.160512,0.019542,0.030227,0.050711,0.004384,
0.516424,0.372817,0.504920,0.317415,0.329258,0.300195,0.277937,0.443471,0.336399,0.279436,0.216013,0.301365,0.279363,0.207392,0.169836,0.074009,0.085334,0.060457,0.039820,0.017633,0.006389,
0.594500,0.229224,0.382516,0.202746,0.286355,0.440711,0.432886,0.318383,0.248679,0.238697,0.213411,0.214776,0.191580,0.196371,0.142948,0.095857,0.068356,0.052831,0.036979,0.019524,0.007219,
0.246075,0.443365,0.342181,0.591397,0.257731,0.480657,0.325574,0.355747,0.316254,0.325350,0.253959,0.187907,0.283830,0.173705,0.170603,0.121340,0.116968,0.091067,0.035872,0.023887,0.010101,
0.206913,0.360423,0.469913,0.278695,0.315960,0.314981,0.274724,0.399696,0.396079,0.381360,0.238421,0.204074,0.210600,0.172620,0.151143,0.130690,0.083353,0.059328,0.061668,0.034452,0.017450,
1.272010,0.626361,0.316117,0.281951,0.239273,0.286335,0.340156,0.289678,0.445036,0.255562,0.290807,0.229842,0.182254,0.220800,0.132727,0.115776,0.107931,0.052083,0.044514,0.019619,0.009187,
0.282921,0.584596,0.325157,0.339250,0.353589,0.277089,0.270553,0.314553,0.270854,0.403895,0.311565,0.252220,0.247105,0.285648,0.156178,0.134924,0.107497,0.086587,0.039996,0.023049,0.007184,
0.450592,0.426561,0.366113,0.346266,0.287673,0.360880,0.350675,0.282581,0.260770,0.265963,0.240888,0.188597,0.205525,0.239946,0.197661,0.127115,0.085617,0.072197,0.041312,0.019541,0.021656,
0.301138,0.292919,0.322498,0.363728,0.260668,0.383926,0.309527,0.295612,0.335284,0.270582,0.284387,0.258164,0.227065,0.209664,0.191001,0.179172,0.102739,0.099035,0.044488,0.051928,0.010765,
0.584017,0.532425,0.321190,0.306087,0.267782,0.281634,0.262837,0.256424,0.324786,0.317077,0.243595,0.334961,0.190739,0.198042,0.220332,0.117187,0.082272,0.120474,0.051907,0.026517,0.032233,
0.269114,0.303973,0.321249,0.260338,0.398029,0.281937,0.280978,0.272192,0.277702,0.274591,0.263962,0.320082,0.260160,0.225453,0.216017,0.186429,0.135003,0.119846,0.098570,0.026678,0.013268,
1.569508,0.482529,0.341143,0.349849,0.326141,0.278080,0.287755,0.393853,0.301038,0.325191,0.272552,0.335584,0.232434,0.230996,0.164520,0.174402,0.158034,0.092255,0.070861,0.024312,0.011339,
0.133662,0.371001,0.352973,0.281090,0.395644,0.332120,0.317232,0.381918,0.368780,0.384297,0.314351,0.380379,0.262171,0.218241,0.301905,0.182409,0.149515,0.121922,0.062799,0.036445,0.010511,
0.188779,0.496545,0.336286,0.393596,0.390062,0.326468,0.327154,0.347331,0.487405,0.332054,0.302034,0.226302,0.250810,0.253750,0.208150,0.195982,0.140258,0.102136,0.081971,0.043566,0.019899,
0.341340,0.375349,0.364041,0.394430,0.460701,0.323503,0.578973,0.368208,0.326620,0.271276,0.430638,0.307664,0.243853,0.219718,0.279903,0.194056,0.187177,0.090655,0.058381,0.032406,0.011572,
0.437703,0.166583,0.444868,0.272880,0.494240,0.535422,0.468382,0.582594,0.421044,0.479129,0.303294,0.340107,0.318261,0.229964,0.191214,0.165085,0.119278,0.102219,0.070258,0.024774,0.006356,
1.860284,0.358294,0.437384,0.325857,0.312639,0.511432,0.298630,0.506123,0.273573,0.313173,0.351065,0.388856,0.278074,0.293054,0.187222,0.230330,0.123451,0.066356,0.044561,0.026817,0.013096,
0.115549,0.294082,0.249922,0.233776,0.236183,0.228212,0.351903,0.386500,0.508678,0.341863,0.516308,0.394167,0.285751,0.348711,0.260701,0.176031,0.092885,0.118551,0.039602,0.009188,0.003728,
nan,0.187020,nan,0.625489,0.326729,0.229309,nan,0.256456,nan,0.724108,0.421575,0.373830,0.201976,0.428087,0.218869,0.188197,0.102941,0.019558,0.013238,0.001373,0.011161,
nan,0.395188,0.161791,0.287104,0.214829,0.255972,0.839196,0.251140,0.221821,0.234619,0.162824,0.294345,0.083807,0.114232,0.098603,0.124648,0.107069,0.075815,0.120004,0.019345,0.006097,
0.814906,0.326698,0.397112,0.316013,0.301677,0.341467,0.213799,0.364318,0.331495,0.247127,0.171549,0.378774,0.250177,0.125495,0.176559,0.161719,0.066495,0.085807,0.026683,0.018462,0.010847,
0.263673,0.329056,0.291966,0.363525,0.317418,0.415755,0.422095,0.361841,0.257016,0.238879,0.291485,0.163051,0.170754,0.162037,0.185736,0.168045,0.129458,0.042681,0.044988,0.024264,0.005503,
0.530319,0.342919,0.391699,0.314367,0.313057,0.321800,0.335965,0.289387,0.434496,0.330935,0.331080,0.203390,0.244810,0.192913,0.173616,0.112806,0.101810,0.089526,0.046709,0.021236,0.008157,
0.515344,0.321148,0.279601,0.287330,0.277455,0.237924,0.282535,0.237965,0.451907,0.277733,0.275465,0.306353,0.154214,0.157504,0.139898,0.151510,0.100020,0.073071,0.029392,0.019115,0.037708,
0.372211,0.327493,0.335259,0.361321,0.386494,0.281826,0.288598,0.351947,0.256146,0.357708,0.184028,0.193660,0.241354,0.158445,0.187007,0.122092,0.100282,0.064608,0.042820,0.030945,0.006740,
0.279649,0.376179,0.392014,0.367347,0.277064,0.366119,0.295503,0.271885,0.316398,0.256090,0.309904,0.202064,0.213688,0.214004,0.146197,0.152597,0.082370,0.088286,0.040170,0.033050,0.008710,
0.280277,0.532695,0.464101,0.327046,0.324903,0.293691,0.328758,0.329038,0.341577,0.263995,0.227294,0.215952,0.241412,0.191282,0.123250,0.192679,0.079832,0.091193,0.043516,0.020692,0.065757,
0.157647,0.451848,0.459254,0.339217,0.447760,0.287045,0.262955,0.261009,0.331351,0.327711,0.268888,0.261210,0.212580,0.169479,0.165231,0.130960,0.097603,0.078537,0.059607,0.027042,0.008603,
0.220178,0.280084,0.581620,0.345566,0.396209,0.378809,0.270803,0.257437,0.292788,0.278020,0.259113,0.280657,0.230722,0.218369,0.205037,0.142836,0.083792,0.065753,0.087553,0.023201,0.021480,
0.238687,0.243183,0.341169,0.305090,0.388252,0.399404,0.276192,0.381235,0.282905,0.314771,0.246881,0.313650,0.229631,0.204351,0.173363,0.135560,0.146582,0.107369,0.037279,0.031071,0.010424,
0.592005,0.227487,0.320021,0.344176,0.422508,0.370815,0.392391,0.313931,0.288971,0.355400,0.259912,0.246824,0.260596,0.213016,0.259999,0.177830,0.133941,0.105749,0.057749,0.021083,0.011839,
0.313739,0.420122,0.344828,0.582933,0.356843,0.363313,0.311269,0.315863,0.376053,0.233354,0.329867,0.264312,0.254295,0.259582,0.186925,0.134086,0.163934,0.066334,0.053072,0.031854,0.011107,
0.235276,0.387391,0.260269,0.275333,0.314332,0.252303,0.334144,0.298247,0.307309,0.307770,0.343638,0.368674,0.219019,0.236164,0.238238,0.228625,0.178802,0.115597,0.057648,0.037305,0.021495,
0.245592,0.207842,0.253438,0.308406,0.352788,0.312127,0.400646,0.408099,0.296791,0.254488,0.360775,0.351333,0.256990,0.242606,0.193542,0.139759,0.159601,0.068021,0.054966,0.026777,0.008127,
0.129439,0.225293,0.318718,0.297707,0.417999,0.281986,0.388494,0.333455,0.314513,0.326823,0.349271,0.263840,0.264680,0.306447,0.281854,0.158421,0.183855,0.075033,0.138183,0.023311,0.007918,
0.253711,0.243601,0.280214,0.399380,0.252434,0.305459,0.295586,0.355076,0.273622,0.379499,0.259798,0.214568,0.258971,0.257456,0.297798,0.175701,0.120478,0.193858,0.047770,0.048193,0.011245,
0.155382,0.128476,0.329184,0.173480,0.204528,0.330319,0.603927,0.427232,0.247120,0.327813,0.290727,0.429290,0.431073,0.237790,0.166725,0.216799,0.130356,0.126041,0.048953,0.012971,0.004750,
nan,nan,nan,0.653549,0.237114,0.220730,0.611586,0.235669,0.274542,0.413740,0.077253,0.419904,0.252252,0.535093,0.160731,0.094559,0.054840,0.028305,0.040092,0.014512,0.008113,
nan,0.374121,0.178591,0.234972,0.258655,0.203599,0.374310,0.122463,0.367511,0.135328,0.313399,0.186990,0.076593,0.116904,0.064584,0.074800,0.068875,0.039165,0.046247,0.023539,0.004489,
0.189817,0.380563,0.301078,0.335100,0.326576,0.399883,0.240416,0.236592,0.268482,0.211400,0.258681,0.185407,0.256924,0.186485,0.155625,0.116037,0.064589,0.180011,0.036457,0.019485,0.010378,
1.088887,0.368568,0.343497,0.413628,0.353741,0.342702,0.356871,0.240291,0.298669,0.300239,0.250955,0.330163,0.198699,0.175153,0.261936,0.124770,0.077296,0.040498,0.032517,0.011783,0.000468,
0.227852,0.389294,0.433606,0.279000,0.420637,0.262370,0.300635,0.302751,0.398252,0.339039,0.200102,0.194148,0.234161,0.207823,0.198920,0.105415,0.075735,0.050682,0.053375,0.012405,0.011101,
0.312736,0.321259,0.328801,0.474128,0.263186,0.279013,0.314674,0.462694,0.322902,0.238709,0.357288,0.244163,0.186449,0.183872,0.156509,0.094511,0.149982,0.065423,0.128503,0.046507,0.010719,
0.907851,0.589414,0.281528,0.360443,0.263675,0.349867,0.329084,0.281280,0.247558,0.322204,0.261121,0.283277,0.249004,0.189095,0.144678,0.149340,0.102424,0.049084,0.030976,0.019604,0.014334,
0.165250,0.365743,0.303968,0.399354,0.325240,0.283313,0.296185,0.258128,0.344844,0.277130,0.219282,0.256294,0.184250,0.292010,0.159773,0.158637,0.107288,0.085033,0.037791,0.021283,0.008628,
1.019944,0.343790,0.342130,0.307098,0.369440,0.302450,0.313021,0.254812,0.319334,0.341699,0.370475,0.297941,0.243726,0.190889,0.186631,0.135787,0.110991,0.064427,0.051870,0.019477,0.007821,
0.465206,0.409690,0.325365,0.339504,0.315308,0.378277,0.277036,0.272469,0.259904,0.279608,0.245818,0.259069,0.189784,0.213216,0.157360,0.118081,0.098676,0.091757,0.038883,0.028831,0.017453,
0.242056,0.328065,0.442823,0.381180,0.277824,0.343850,0.317105,0.322096,0.291844,0.296149,0.243547,0.325918,0.220778,0.203056,0.197472,0.184650,0.131222,0.092283,0.060880,0.027328,0.020664,
0.385770,0.449769,0.684476,0.301391,0.285158,0.293029,0.373655,0.309827,0.343732,0.334744,0.250567,0.262837,0.236040,0.251858,0.224688,0.180588,0.118194,0.089962,0.045020,0.040510,0.012486,
0.143711,0.339666,0.395836,0.296198,0.368131,0.287983,0.275959,0.326957,0.336648,0.248325,0.284227,0.230843,0.225698,0.239989,0.157451,0.200652,0.113884,0.099755,0.056345,0.019184,0.012741,
0.235717,0.315960,0.285398,0.259929,0.384118,0.338646,0.278972,0.270050,0.278655,0.251450,0.341948,0.304728,0.237444,0.242884,0.193321,0.199169,0.136170,0.088641,0.062127,0.028907,0.012855,
0.141330,0.705667,0.507472,0.284198,0.503414,0.443303,0.349508,0.388532,0.297264,0.273627,0.267570,0.327069,0.278596,0.266254,0.189348,0.175017,0.150743,0.118521,0.056269,0.029158,0.020573,
0.497849,0.229790,0.216995,0.403355,0.258710,0.398849,0.364509,0.385347,0.483835,0.304135,0.267412,0.237503,0.204205,0.341365,0.236167,0.149006,0.214818,0.071967,0.063101,0.103546,0.009126,
0.294901,0.618906,0.334679,0.308260,0.318248,0.313066,0.427618,0.279248,0.455655,0.221449,0.354969,0.280494,0.268831,0.241232,0.284798,0.185401,0.165234,0.105097,0.055496,0.027534,0.010699,
0.449394,0.163574,0.242350,0.349067,0.334765,0.372966,0.307845,0.462347,0.288634,0.347220,0.257409,0.378677,0.362834,0.329088,0.206101,0.193411,0.108899,0.082967,0.102324,0.039883,0.006907,
0.191127,0.313392,0.505464,0.235363,0.516364,0.568695,0.276112,0.533856,0.211445,0.553010,0.235734,0.363348,0.218805,0.275949,0.239551,0.293739,0.121526,0.075672,0.035407,0.068803,0.018392,
nan,0.162430,0.123319,nan,0.480637,nan,0.109302,0.157096,0.201658,0.241940,0.563067,0.224934,0.218979,0.534386,0.115331,0.078765,0.335293,0.051420,0.025396,0.020710,0.001201,
nan,0.274759,0.295514,0.249099,1.454917,0.355228,0.265000,0.481808,0.927058,0.153884,0.379700,0.140104,0.183674,0.102418,0.122174,0.116314,0.053476,0.068999,0.022012,0.026788,0.011780,
0.508516,0.273701,0.313508,0.388533,0.456020,0.370701,0.362246,0.486089,0.217115,0.193562,0.210876,0.275785,0.229109,0.205106,0.119877,0.097260,0.059771,0.043865,0.051375,0.019845,0.007229,
0.223963,0.394646,0.280063,0.466427,0.336255,0.417318,0.329803,0.436217,0.274911,0.286346,0.395334,0.273582,0.185708,0.139149,0.110031,0.100855,0.068423,0.068792,0.042050,0.016269,0.007578,
0.523232,0.317999,0.309589,0.322439,0.287848,0.333952,0.313578,0.321992,0.291067,0.405726,0.221829,0.171296,0.227358,0.188353,0.192383,0.093436,0.073196,0.048481,0.051742,0.039953,nan,
0.251987,0.389225,0.275593,0.415239,0.372553,0.305796,0.323966,0.343041,0.262412,0.248584,0.198384,0.244819,0.194618,0.169725,0.167741,0.137703,0.102765,0.062166,0.034399,0.025456,0.018099,
0.243042,0.253369,0.381171,0.354551,0.413959,0.325162,0.234812,0.322112,0.339798,0.317484,0.347511,0.197631,0.181610,0.144016,0.128734,0.086221,0.102559,0.067469,0.040177,0.037616,0.005777,
1.283822,0.269553,0.358072,0.286016,0.321682,0.341875,0.363744,0.247231,0.314561,0.242411,0.190857,0.203054,0.191382,0.234828,0.160146,0.156172,0.074922,0.101107,0.074091,0.023323,0.028937,
0.342004,0.418139,0.278567,0.321805,0.272301,0.327108,0.300131,0.247881,0.239119,0.274392,0.358452,0.236880,0.200608,0.173477,0.133924,0.148608,0.108519,0.075979,0.049240,0.023506,0.019647,
0.260721,0.375642,0.270375,0.324484,0.342760,0.357523,0.292040,0.298485,0.288290,0.256369,0.245612,0.260491,0.204731,0.180010,0.206639,0.098235,0.085092,0.096818,0.036126,0.036501,0.015460,
0.444271,0.409358,0.211147,0.332757,0.361863,0.339680,0.283437,0.303670,0.335115,0.311306,0.219655,0.280059,0.192206,0.160467,0.182708,0.162274,0.121771,0.080742,0.085550,0.018517,0.040933,
1.406658,0.301780,0.299603,0.364623,0.381525,0.302067,0.301982,0.318245,0.261770,0.351591,0.290335,0.216277,0.237463,0.228152,0.194490,0.200600,0.105664,0.080631,0.056581,0.035429,0.007944,
0.266632,0.581159,0.337426,0.342478,0.367348,0.335822,0.290134,0.284700,0.260223,0.312117,0.264637,0.272408,0.319221,0.210067,0.181825,0.213141,0.144419,0.125571,0.041241,0.021824,0.020244,
0.120101,0.258294,0.365830,0.331531,0.357367,0.289821,0.336161,0.281222,0.308058,0.308489,0.242278,0.292078,0.259659,0.198408,0.200078,0.222671,0.126997,0.072188,0.056068,0.031499,0.019492,
1.548647,0.207634,0.351967,0.258433,0.346342,0.321135,0.383852,0.219832,0.350926,0.300286,0.307533,0.260411,0.175018,0.289515,0.187571,0.135842,0.130602,0.157504,0.059457,0.025019,0.022050,
0.077585,0.391640,0.352069,0.341753,0.392917,0.282857,0.320283,0.275629,0.378559,0.244210,0.342817,0.288413,0.264682,0.243422,0.271994,0.140448,0.161216,0.133745,0.040377,0.097813,0.009143,
0.098066,0.322707,0.382466,0.661148,0.336656,0.413196,0.330755,0.208622,0.359575,0.271901,0.409640,0.405711,0.357381,0.298367,0.230537,0.204212,0.167304,0.068689,0.052024,0.040839,0.025362,
0.766128,0.204447,0.415030,0.540663,0.383909,0.336397,0.369220,0.366758,0.283633,0.326359,0.458189,0.317004,0.259029,0.257014,0.261669,0.200955,0.142259,0.090695,0.071808,0.016933,0.033081,
nan,0.211904,0.235568,0.652186,0.170677,0.203077,0.253733,0.560007,0.251927,0.339568,0.547358,0.417701,0.237111,0.308024,0.160603,0.174894,0.174310,0.077456,0.031838,0.052490,0.017202,
nan,0.149973,0.677586,nan,nan,0.220299,0.986375,nan,0.151944,0.540702,0.249823,0.315699,0.304221,0.258576,0.370391,0.220548,0.041443,0.105534,0.243169,0.012180,0.002931,
nan,0.350741,0.207013,1.003053,1.064389,0.233424,0.196562,0.302840,0.362624,0.203610,0.175914,0.122179,0.194788,0.092149,0.083502,0.077349,0.046611,0.054003,0.022926,0.021892,0.005075,
0.558443,0.273794,0.363946,0.437413,0.370572,0.397732,0.279946,0.339238,0.453153,0.241985,0.212840,0.200100,0.211559,0.174915,0.225621,0.184565,0.124130,0.062341,0.033949,0.017500,0.070290,
0.288404,0.364206,0.366296,0.361067,0.277301,0.387211,0.281599,0.320254,0.267850,0.217011,0.220599,0.286239,0.143904,0.192236,0.177362,0.106450,0.077665,0.141496,0.036790,0.022042,0.014683,
1.077297,0.540969,0.333940,0.391430,0.397010,0.247113,0.269929,0.262507,0.326586,0.329166,0.289480,0.255205,0.239189,0.131363,0.101844,0.092985,0.074803,0.051472,0.033870,0.035091,0.014003,
0.287067,0.369837,0.488885,0.363104,0.409098,0.308548,0.283325,0.341335,0.349240,0.272859,0.256199,0.211235,0.259215,0.160629,0.185375,0.110915,0.114306,0.064433,0.026691,0.016776,0.010508,
0.195568,0.369129,0.296152,0.281182,0.338689,0.303450,0.384543,0.288534,0.326187,0.276281,0.231039,0.288523,0.227658,0.237852,0.142726,0.190175,0.138720,0.049374,0.034755,0.036154,0.005292,
0.921412,0.465216,0.308030,0.283346,0.271893,0.280712,0.309396,0.261544,0.261203,0.263206,0.314459,0.230206,0.234410,0.203438,0.167731,0.122489,0.100082,0.078736,0.045227,0.032343,nan,
0.193521,0.365327,0.247879,0.289024,0.366545,0.388073,0.274882,0.360626,0.288790,0.242526,0.217576,0.292428,0.274269,0.191353,0.172208,0.135725,0.077573,0.097793,0.045806,0.020125,0.005541,
0.281423,0.323269,0.248156,0.291739,0.281647,0.337615,0.266416,0.293593,0.279749,0.323386,0.234714,0.292949,0.212686,0.173234,0.185849,0.126394,0.069333,0.053463,0.048547,0.049892,0.028883,
2.680853,0.426239,0.247042,0.276971,0.275860,0.393536,0.289371,0.289024,0.257675,0.334253,0.267298,0.180569,0.236681,0.177284,0.211764,0.171845,0.131418,0.070145,0.051223,0.025208,0.029331,
0.352478,0.256484,0.197204,0.322490,0.266984,0.336392,0.303796,0.275833,0.245214,0.286097,0.243634,0.235344,0.241102,0.192287,0.203403,0.175784,0.111961,0.077574,0.071056,0.023513,0.018167,
0.107216,0.225874,0.338871,0.330254,0.284756,0.340106,0.302447,0.266997,0.256331,0.271411,0.243372,0.278040,0.232279,0.196626,0.189383,0.170103,0.113439,0.098811,0.065933,0.023636,0.010982,
0.211034,0.453250,0.205148,0.270969,0.343248,0.326747,0.315118,0.259108,0.262668,0.245389,0.221721,0.284657,0.245046,0.222823,0.201542,0.144087,0.148706,0.100046,0.057453,0.036036,0.006969,
0.285343,0.366411,0.322767,0.293176,0.380769,0.338570,0.265677,0.273586,0.298835,0.273870,0.220802,0.346338,0.256227,0.211856,0.253338,0.135681,0.125652,0.109041,0.043492,0.032983,0.015656,
0.509009,0.438774,0.239411,0.248163,0.327943,0.288436,0.255657,0.292431,0.359368,0.251871,0.250578,0.379561,0.339469,0.241230,0.238971,0.176145,0.137853,0.102670,0.041633,0.073754,0.018666,
0.284409,0.253843,0.296010,0.266167,0.340612,0.447063,0.250628,0.242716,0.364916,0.273091,0.310723,0.390709,0.228593,0.263565,0.207607,0.187262,0.196780,0.060079,0.045308,0.037156,0.013944,
0.235401,0.980103,0.211534,0.333764,0.324316,0.330813,0.298951,0.225862,0.231128,0.242678,0.363596,0.312747,0.382660,0.197149,0.255807,0.167152,0.170583,0.140445,0.059706,0.033551,0.030488,
nan,0.160397,0.696347,1.310524,0.266990,0.728508,0.341653,0.299199,0.321728,0.311182,0.304325,0.328377,0.231325,0.257097,0.299373,0.111701,0.085244,0.082267,0.063463,0.017782,0.043123,
nan,nan,0.176147,0.796730,nan,nan,0.095927,0.519774,1.236796,0.224491,0.400558,0.098749,0.197106,0.095754,0.131454,0.114395,0.104455,0.052765,0.051652,0.040413,0.004859,
nan,0.479092,0.442166,0.630488,0.413908,0.219602,0.162451,0.148948,0.300562,0.306193,0.174351,0.126687,0.086425,0.148269,0.079274,0.082400,0.048197,0.070693,0.016402,0.213278,0.012055,
0.283935,0.267450,0.372814,0.312200,0.249652,0.287577,0.238266,0.285776,0.373948,0.185291,0.206641,0.185540,0.143042,0.253050,0.114029,0.102088,0.086075,0.053932,0.034986,0.034275,0.006192,
0.333918,0.350103,0.405147,0.410681,0.399612,0.339541,0.369089,0.323725,0.241065,0.229689,0.247668,0.228099,0.195943,0.203706,0.181133,0.133143,0.164442,0.115612,0.052590,0.029797,0.006615,
0.307740,0.299119,0.477481,0.324183,0.359272,0.281558,0.327552,0.409409,0.364961,0.268140,0.352192,0.202671,0.234242,0.157543,0.228808,0.161107,0.111340,0.107939,0.034112,0.024280,0.012728,
0.223165,0.333574,0.254380,0.340020,0.339007,0.356998,0.316924,0.344526,0.331594,0.284662,0.204645,0.244821,0.193418,0.147899,0.129178,0.099071,0.105877,0.064367,0.062603,0.032255,0.011518,
0.425179,0.315372,0.307001,0.287784,0.270551,0.276047,0.354817,0.221156,0.266741,0.255313,0.304902,0.218352,0.194110,0.215418,0.118454,0.125358,0.083830,0.095419,0.039948,0.042771,0.008821,
0.266472,0.346049,0.322721,0.270175,0.338424,0.403204,0.271954,0.372014,0.319174,0.283318,0.305373,0.181430,0.211146,0.212135,0.157119,0.124144,0.079268,0.070575,0.038174,0.026645,0.033982,
0.516739,0.385591,0.353994,0.269134,0.343293,0.351608,0.259372,0.314756,0.250133,0.245029,0.237607,0.238251,0.153104,0.170668,0.185445,0.153229,0.112588,0.080079,0.046487,0.026816,0.017298,
0.676972,0.330998,0.277066,0.339119,0.317309,0.363433,0.300212,0.252939,0.233424,0.318131,0.229948,0.260666,0.212961,0.231636,0.176912,0.207896,0.087975,0.069966,0.048358,0.091088,0.012600,
0.257030,0.242611,0.322969,0.283295,0.326287,0.271721,0.297515,0.296391,0.286738,0.317942,0.285219,0.234137,0.224545,0.180827,0.187952,0.191305,0.110113,0.102654,0.066512,0.019802,0.027626,
0.412735,0.381985,0.270623,0.256275,0.296592,0.312940,0.271742,0.331056,0.246903,0.267627,0.238969,0.302362,0.262120,0.196915,0.196663,0.184609,0.093635,0.068556,0.043143,0.032454,0.013490,
0.257591,0.223817,0.216490,0.229216,0.284334,0.340625,0.329494,0.277702,0.287432,0.223003,0.245041,0.253625,0.229662,0.163542,0.185052,0.165158,0.150026,0.089280,0.054497,0.020605,0.013777,
0.145342,0.284345,0.251449,0.258605,0.297275,0.302691,0.302106,0.315719,0.420785,0.275671,0.215017,0.371140,0.229661,0.178977,0.244033,0.169804,0.135490,0.084701,0.075975,0.035283,0.015522,
0.175193,0.566633,0.279544,0.296379,0.250628,0.287640,0.312748,0.362402,0.367545,0.307987,0.257076,0.274412,0.264782,0.190538,0.215070,0.164714,0.132478,0.070717,0.052934,0.033412,0.020436,
nan,0.303703,0.178635,0.289354,0.252058,0.309397,0.319838,0.382019,0.334818,0.278365,0.318019,0.447436,0.299829,0.231880,0.163095,0.203509,0.177787,0.089519,0.042424,0.039802,0.014185,
nan,0.484289,0.364373,0.218064,0.315001,0.248837,0.254523,0.393900,0.331201,0.382170,0.290633,0.271330,0.320775,0.222593,0.214420,0.172016,0.172617,0.076834,0.051513,0.055842,0.021844,
nan,0.258211,0.193610,0.373969,0.467374,0.479181,0.239054,0.374014,0.342504,0.194882,0.280017,0.212103,0.298692,0.229016,0.195708,0.141661,0.104458,0.102212,0.095566,0.025411,0.010537,
nan,0.176198,0.333575,0.466417,0.253432,0.203960,0.237657,0.379129,0.361190,0.579201,0.380253,0.287908,0.185455,0.175085,0.149655,0.107681,0.109426,0.067070,0.053981,0.034486,0.007513,
nan,0.117952,0.129695,0.615635,0.967867,0.118448,0.823106,0.172180,0.243277,0.168358,0.214254,0.185645,0.186296,0.502999,0.216139,0.376348,0.086822,0.274365,0.027305,0.018684,0.007010,
nan,0.326734,0.284678,0.299501,0.699458,0.251358,0.212866,0.395923,0.296132,0.296327,0.211369,0.174121,0.185338,0.126008,0.125530,0.188479,0.073109,0.063570,0.019182,0.007865,0.003406,
0.241709,0.320391,0.336733,0.283610,0.289715,0.503116,0.215824,0.226493,0.395914,0.248974,0.226488,0.184249,0.156042,0.198103,0.093027,0.200315,0.066951,0.063341,0.056996,0.012852,0.005776,
0.431605,0.497923,0.404101,0.270525,0.331576,0.340511,0.422820,0.341599,0.330987,0.318152,0.228505,0.175616,0.198867,0.267401,0.122903,0.138134,0.084392,0.045082,0.039007,0.039353,0.007424,
0.335462,0.348417,0.282096,0.300110,0.333361,0.269208,0.343544,0.260333,0.353122,0.236441,0.189739,0.279088,0.267678,0.222326,0.226275,0.089928,0.060637,0.038509,0.046415,0.014389,0.011609,
0.327372,0.377000,0.324170,0.364468,0.364448,0.380796,0.279926,0.364825,0.259693,0.269825,0.212708,0.186529,0.201067,0.240240,0.165191,0.127500,0.114029,0.068509,0.059985,0.028571,0.007946,
0.326997,0.480079,0.263911,0.283428,0.279924,0.297172,0.311486,0.210659,0.287147,0.266035,0.250404,0.296622,0.200166,0.144847,0.157310,0.158581,0.087821,0.060905,0.028930,0.033916,0.007304,
0.470601,0.431520,0.356457,0.387922,0.380220,0.310336,0.329275,0.324483,0.228173,0.220358,0.323416,0.228120,0.256646,0.145621,0.199449,0.126129,0.105180,0.078650,0.060893,0.024370,nan,
0.531561,0.220851,0.306903,0.461586,0.304381,0.329343,0.270801,0.369890,0.221662,0.284089,0.269781,0.306094,0.172311,0.153676,0.200578,0.145345,0.099462,0.081223,0.035301,0.019984,0.017519,
0.566316,0.372511,0.321796,0.480976,0.343731,0.276577,0.291582,0.297393,0.300844,0.353448,0.250925,0.222691,0.270301,0.179990,0.167131,0.171590,0.099743,0.074745,0.077205,0.026482,0.012282,
0.235343,0.226922,0.256125,0.439625,0.294916,0.329170,0.310016,0.292968,0.303469,0.272795,0.239725,0.289893,0.254399,0.154166,0.183905,0.156677,0.153601,0.099430,0.055460,0.017633,0.012622,
0.314246,0.238286,0.262685,0.446077,0.273611,0.335683,0.329273,0.249539,0.266792,0.193214,0.286782,0.228146,0.222482,0.157603,0.133099,0.168360,0.080141,0.066281,0.051290,0.020042,0.026925,
nan,0.281155,0.308529,0.393080,0.249855,0.314813,0.316308,0.330854,0.396642,0.261982,0.288060,0.255654,0.206620,0.181046,0.214063,0.149156,0.111874,0.090529,0.051533,0.031530,0.013993,
1.442538,0.236972,0.234733,0.338163,0.256573,0.304792,0.262158,0.255615,0.368912,0.305275,0.273064,0.356160,0.231463,0.196190,0.199099,0.128156,0.149311,0.106545,0.068208,0.030396,0.020585,
0.210298,0.230903,0.261872,0.398513,0.266856,0.424712,0.229018,0.343449,0.461213,0.263266,0.364113,0.238631,0.432895,0.238537,0.159929,0.157738,0.123856,0.133922,0.053647,0.032234,0.025928,
nan,0.395641,0.276919,0.246584,0.314961,0.283897,0.271100,0.382560,0.358125,0.331129,0.301067,0.292603,0.306741,0.236718,0.161433,0.196075,0.149212,0.124477,0.044086,0.024519,0.024273,
nan,0.724099,0.459446,0.375096,0.317395,0.425607,0.241100,0.442647,0.294525,0.364860,0.289760,0.274907,0.252654,0.225497,0.187025,0.201657,0.133975,0.101644,0.052647,0.066238,0.020255,
nan,0.927561,0.282608,0.302679,0.322916,0.272550,0.203809,0.505873,0.282182,0.309669,0.391578,0.284224,0.277786,0.159777,0.197445,0.177388,0.103513,0.061280,0.104178,0.033272,0.014307,
nan,0.611879,0.472463,0.385293,0.141665,0.548906,0.302044,0.257666,0.297032,0.608116,0.260033,0.220564,0.200170,0.164396,0.195228,0.180872,0.207264,0.212241,0.055779,0.024244,0.011000,
nan,nan,nan,nan,nan,0.123965,0.320502,0.201417,0.169373,0.368039,0.238922,0.289023,0.200410,0.090305,0.556262,0.099016,0.070873,0.133763,nan,0.019786,0.007015,
nan,0.307492,0.164226,0.300438,0.411478,1.895478,0.201855,0.281544,0.390025,nan,0.169823,0.160650,0.103759,0.087281,0.111327,0.343215,0.058861,0.030475,0.010464,0.009600,nan,
0.298443,0.377741,0.293282,0.266712,0.307357,0.335161,0.306428,0.461819,0.318874,0.236359,0.225478,0.228090,0.166710,0.194229,0.348824,0.142084,0.213614,0.053017,0.050011,0.014753,nan,
0.533255,0.334191,0.414883,0.327830,0.455072,0.443622,0.331974,0.334613,0.272051,0.282951,0.312699,0.152008,0.169178,0.189580,0.150717,0.109416,0.141722,0.035304,0.041514,0.020476,nan,
0.515424,0.379207,0.281421,0.333281,0.372205,0.248282,0.267988,0.308323,0.311015,0.309514,0.220043,0.187253,0.211557,0.154110,0.230695,0.099329,0.095165,0.044814,0.064871,0.029089,nan,
0.458601,0.474032,0.277213,0.307022,0.251634,0.294011,0.328766,0.214418,0.226231,0.311036,0.234698,0.244095,0.197395,0.202858,0.144940,0.120596,0.157671,0.085036,0.032749,0.015789,0.008555,
0.428420,0.590850,0.351285,0.409581,0.386572,0.419562,0.320123,0.361008,0.284947,0.255272,0.238924,0.171849,0.227608,0.226519,0.133099,0.175069,0.116581,0.059317,0.031498,0.017029,0.010038,
0.170682,0.442750,0.342885,0.344822,0.343636,0.302122,0.228024,0.321609,0.338444,0.292504,0.301869,0.199131,0.204716,0.185279,0.143575,0.122574,0.093122,0.057972,0.046744,0.034838,0.029651,
0.767433,0.358530,0.345902,0.320058,0.351675,0.288166,0.276829,0.309969,0.278613,0.379427,0.225434,0.238426,0.222593,0.186331,0.193302,0.190695,0.090466,0.051843,0.038198,0.038439,0.016205,
0.343796,0.315974,0.295196,0.332436,0.439461,0.304462,0.326026,0.282612,0.254521,0.286423,0.275361,0.253543,0.268174,0.215874,0.167577,0.178040,0.109802,0.056953,0.050939,0.060735,0.011663,
0.168509,0.502837,0.334952,0.343941,0.365468,0.338502,0.336722,0.280918,0.225428,0.281716,0.304202,0.315890,0.209743,0.187039,0.187990,0.138542,0.092433,0.128432,0.048133,0.017992,0.033497,
nan,0.240544,0.289435,0.372359,0.325462,0.342459,0.318044,0.286648,0.332668,0.273969,0.279064,0.258107,0.184946,0.161619,0.176795,0.130649,0.099575,0.072121,0.047914,0.024527,0.058108,
0.339891,0.441262,0.279306,0.467465,0.340912,0.261636,0.256002,0.284308,0.407307,0.313183,0.258284,0.373901,0.266181,0.173906,0.227534,0.147993,0.099879,0.063824,0.050867,0.020619,0.013157,
0.463349,0.207812,0.283400,0.383996,0.327173,0.241609,0.278354,0.360514,0.402722,0.332861,0.358130,0.223833,0.355952,0.202765,0.181008,0.131725,0.158894,0.097800,0.056664,0.033887,0.017394,
nan,0.253666,0.185063,0.283426,0.351788,0.244243,0.293489,0.228537,0.262473,0.290770,0.299341,0.286976,0.266712,0.226832,0.200746,0.166335,0.128807,0.109865,0.068807,0.034924,0.017189,
0.591975,0.179435,0.226851,0.289164,0.331485,0.277918,0.292961,0.267051,0.275228,0.317061,0.262600,0.276693,0.266237,0.210074,0.184942,0.195324,0.169736,0.175758,0.049081,0.028627,0.021636,
nan,0.514392,0.191245,0.342444,0.280998,0.259135,0.288562,0.261464,0.318569,0.169394,0.273734,0.302852,0.300363,0.166542,0.189129,0.116701,0.147210,0.093429,0.048313,0.032011,0.018625,
nan,0.528750,0.188820,0.366438,0.242850,0.341717,0.442111,0.303990,0.488977,0.211977,0.254345,0.432480,0.335632,0.166042,0.196022,0.260008,0.158670,0.114649,0.129745,0.033804,0.067475,
nan,0.118919,0.186094,0.152451,0.331204,0.508731,0.188137,0.291863,0.255142,0.290362,0.324390,0.292924,0.255291,0.208605,0.189070,0.131475,0.292607,0.198188,0.089199,0.030109,0.019087,
nan,nan,nan,nan,nan,0.308584,0.207819,0.566708,0.279526,0.215971,0.342462,0.140896,0.177158,0.087977,0.131697,0.141201,0.070307,0.059006,0.023508,0.015939,0.065095,
nan,0.325886,0.240529,0.183171,0.285458,0.310131,0.540909,2.393900,0.176984,0.247577,0.245964,0.175879,0.302621,0.174405,0.198485,0.121606,0.052926,0.097023,0.028427,0.015794,nan,
1.174473,0.539020,0.333418,0.342997,0.259432,0.423943,0.712969,0.324307,0.442451,0.208248,0.305963,0.198000,0.229831,0.177374,0.087882,0.089257,0.056725,0.040150,0.027690,0.022983,nan,
0.318926,0.283734,0.483957,0.373660,0.344900,0.283379,0.334595,0.343529,0.299144,0.340165,0.339864,0.288811,0.203071,0.135835,0.303178,0.106340,0.077566,0.033767,0.032390,0.014795,0.006863,
0.327789,0.434398,0.275768,0.419597,0.343584,0.403557,0.283966,0.322178,0.290394,0.278464,0.321090,0.205238,0.245658,0.159610,0.116453,0.087636,0.096639,0.053399,0.031257,0.023710,0.023616,
0.484574,0.323443,0.314046,0.303234,0.354029,0.229994,0.279686,0.314066,0.274088,0.273594,0.233974,0.246014,0.268465,0.143818,0.165426,0.108854,0.088109,0.055550,0.054851,0.027790,0.013059,
0.267810,0.369685,0.270446,0.314934,0.327590,0.370876,0.360298,0.267095,0.227278,0.242966,0.286221,0.264857,0.157177,0.202463,0.161230,0.116587,0.067207,0.098955,0.049018,0.029228,0.007399,
0.390526,0.428367,0.314985,0.325677,0.339720,0.321882,0.283926,0.362714,0.219621,0.263211,0.284273,0.265006,0.239705,0.130451,0.146825,0.114346,0.122225,0.072938,0.038871,0.026670,0.004100,
0.229431,0.407498,0.385884,0.290030,0.308401,0.274567,0.344780,0.330911,0.232977,0.299395,0.328151,0.247529,0.180370,0.198637,0.166635,0.160430,0.128604,0.072336,0.030909,0.016613,0.035359,
0.244675,0.305034,0.403618,0.287602,0.361276,0.336605,0.343380,0.260123,0.213747,0.325961,0.271226,0.169773,0.225587,0.214961,0.150133,0.100892,0.096855,0.068492,0.080234,0.019062,0.012421,
0.502090,0.386522,0.282035,0.294971,0.342239,0.292378,0.269346,0.258232,0.307941,0.256274,0.302838,0.310191,0.198287,0.181588,0.213401,0.136248,0.113501,0.100264,0.066513,0.024152,0.016237,
0.298078,0.546654,0.328307,0.329408,0.337187,0.333863,0.333623,0.308356,0.338106,0.308595,0.252980,0.242927,0.265174,0.169665,0.143383,0.146034,0.089326,0.065206,0.048719,0.025400,0.010335,
nan,0.236928,0.286745,0.286036,0.316913,0.373083,0.357510,0.291709,0.321706,0.380452,0.324050,0.246271,0.271494,0.181287,0.212422,0.151937,0.094180,0.079009,0.039679,0.024786,0.016611,
nan,0.246157,0.272401,0.417213,0.336889,0.457328,0.349500,0.306299,0.314443,0.259814,0.329825,0.255037,0.223521,0.196953,0.189086,0.158222,0.146312,0.117707,0.049455,0.029401,0.025427,
0.373535,0.235010,0.305106,0.400823,0.303609,0.443008,0.407275,0.368444,0.289994,0.253522,0.362179,0.283599,0.260741,0.219418,0.159929,0.148347,0.151933,0.116109,0.073501,0.043346,0.018540,
nan,0.497425,0.250604,0.380973,0.261618,0.307785,0.255962,0.352247,0.284705,0.195002,0.259948,0.239185,0.331430,0.186348,0.176035,0.155629,0.117278,0.110020,0.127140,0.024292,0.019943,
0.265886,0.318689,0.173803,0.234753,0.473958,0.350056,0.480533,0.274885,0.424125,0.250581,0.188204,0.218105,0.348459,0.216493,0.182416,0.157136,0.144783,0.080642,0.080206,0.031207,0.034365,
nan,0.180089,0.428805,0.302633,0.349407,0.246165,0.212614,0.268876,0.282868,0.193774,0.253481,0.391668,0.277275,0.247051,0.273089,0.123446,0.282516,0.149457,0.111900,0.069522,0.043971,
nan,0.150019,0.339720,0.219781,0.267796,0.486939,0.192570,0.204319,0.291616,0.208756,0.191424,0.183758,0.317199,0.304831,0.231629,0.175753,0.096190,0.073769,0.111844,0.101146,0.024306,
nan,nan,nan,0.160023,0.255986,0.326715,0.224467,0.159832,0.136817,0.179373,0.369151,0.256623,0.393990,0.089031,0.158685,0.172721,0.067672,0.048685,0.079968,0.023292,0.154714,
nan,0.431324,0.239094,0.338613,0.252663,0.181234,0.190985,0.738158,0.138893,0.169191,0.301087,0.135452,0.974386,0.110836,0.297913,0.070413,0.564779,0.054972,0.025842,0.020537,nan,
0.304933,0.341873,0.290575,0.365876,0.338665,0.216378,0.336615,0.421176,0.400510,0.279590,0.212844,0.268282,0.211513,0.173373,0.088978,0.114594,0.183504,0.043294,0.029543,0.013338,nan,
0.245096,0.469546,0.315739,0.364201,0.332938,0.362048,0.316856,0.369148,0.237646,0.301285,0.306340,0.209467,0.161922,0.245057,0.140554,0.102919,0.075081,0.060609,0.031901,0.015167,0.023500,
0.962597,0.265818,0.324052,0.369250,0.307833,0.364308,0.329060,0.360278,0.279997,0.307969,0.360267,0.328030,0.179803,0.221314,0.172170,0.130134,0.091323,0.090102,0.039960,0.029979,0.015368,
0.144214,0.431573,0.282051,0.338344,0.337121,0.255965,0.304283,0.325752,0.279739,0.246881,0.282302,0.160642,0.177550,0.213019,0.185159,0.157687,0.090632,0.065935,0.082311,0.025742,0.008761,
0.269218,0.444918,0.339019,0.316025,0.278988,0.332877,0.238204,0.353257,0.342316,0.258391,0.190813,0.249236,0.295618,0.177598,0.159808,0.148524,0.113371,0.048924,0.026506,0.022359,0.008876,
0.490280,0.372313,0.370291,0.439969,0.383573,0.410008,0.280226,0.340806,0.252729,0.282120,0.283241,0.196732,0.177803,0.175105,0.186143,0.131105,0.092349,0.068545,0.039897,0.019025,0.016532,
0.404984,0.362999,0.384619,0.381664,0.341020,0.277342,0.369547,0.307444,0.238906,0.301115,0.219553,0.240881,0.222284,0.199405,0.178960,0.180249,0.083889,0.068435,0.035202,0.044902,0.016781,
0.754576,0.334201,0.385891,0.312781,0.298731,0.309153,0.324638,0.283097,0.290976,0.254778,0.228114,0.254720,0.237468,0.171665,0.159277,0.144599,0.083065,0.101047,0.040837,0.060046,0.015754,
0.395429,0.256779,0.382645,0.374298,0.312473,0.346107,0.310780,0.344509,0.345432,0.267135,0.353013,0.251397,0.232002,0.207982,0.181912,0.118724,0.110802,0.106675,0.050906,0.026012,0.011722,
0.233611,0.362322,0.337743,0.456960,0.369621,0.371093,0.420205,0.309022,0.299630,0.357187,0.261779,0.285541,0.281711,0.194979,0.173820,0.129267,0.108762,0.066313,0.030513,0.042184,0.015180,
0.360253,0.408974,0.361848,0.357846,0.363847,0.441460,0.396743,0.397045,0.324401,0.260682,0.364763,0.245274,0.322982,0.154581,0.196941,0.144723,0.113082,0.094978,0.050041,0.027794,0.060231,
0.109106,0.414601,0.406707,0.370659,0.454739,0.453773,0.359739,0.275872,0.319918,0.275403,0.276025,0.252006,0.236014,0.253024,0.173673,0.168844,0.141580,0.079750,0.074547,0.031227,0.022674,
0.124768,0.489395,0.238190,0.301597,0.342401,0.373654,0.399597,0.316864,0.381387,0.286696,0.247214,0.242810,0.277433,0.191199,0.149347,0.124976,0.163779,0.114953,0.053947,0.057608,0.020228,
nan,0.614475,0.357263,0.355284,0.255006,0.287199,0.392976,0.346556,0.271154,0.332366,0.222397,0.321368,0.406987,0.240921,0.171776,0.162992,0.174672,0.118072,0.133995,0.026216,0.027514,
0.829538,0.294335,0.230801,0.296952,0.290440,0.308690,0.275185,0.427777,0.215210,0.319728,0.260806,0.335767,0.266032,0.235848,0.191123,0.155726,0.169303,0.094528,0.072324,0.034986,0.033323,
nan,0.190943,0.187326,0.217991,0.309519,0.363173,0.399212,0.257854,0.420886,0.315015,0.229049,0.330400,0.171386,0.251420,0.121847,0.149050,0.220162,0.124754,0.092315,0.092967,0.018531,
nan,0.280973,0.197719,0.282648,0.341373,0.520440,0.250102,0.195806,0.205683,0.239724,0.190702,0.347241,0.271408,0.139273,0.159552,0.214861,0.079791,0.085850,0.061226,0.131566,0.021175,
nan,nan,0.201229,0.262532,0.349596,nan,0.399038,0.233274,0.292445,0.199150,0.304487,0.214411,0.139926,0.130000,0.500493,0.082787,0.052471,0.089174,0.023123,0.036670,0.036667,
nan,0.505845,0.216533,1.205777,0.304972,1.257620,0.285786,0.261382,0.207577,0.116760,0.253461,0.159395,0.755576,0.097716,0.178971,0.113819,0.165776,0.236794,0.019972,0.016497,nan,
0.450833,0.333324,0.302960,0.342210,0.391661,0.256628,0.331193,0.304475,0.260601,0.279368,0.225993,0.306301,0.183040,0.195316,0.108892,0.091761,0.084662,0.077308,0.027379,0.020416,0.011191,
0.220798,0.367980,0.513601,0.308519,0.388571,0.294463,0.421678,0.272165,0.330082,0.221713,0.243185,0.229821,0.225064,0.159368,0.218524,0.133200,0.091275,0.083810,0.033589,0.018425,0.006638,
0.162648,0.499888,0.335048,0.259811,0.287988,0.275782,0.323559,0.319663,0.288229,0.256011,0.196496,0.274795,0.258099,0.170496,0.252603,0.121676,0.102857,0.055164,0.031338,0.016442,0.003487,
0.741022,0.310968,0.370113,0.307462,0.334396,0.301599,0.358912,0.213814,0.271037,0.293321,0.286498,0.248772,0.256155,0.234892,0.126303,0.136663,0.090703,0.095428,0.045023,0.021581,0.011531,
0.472381,0.270528,0.361327,0.472177,0.345980,0.249073,0.307008,0.389818,0.275833,0.318864,0.248458,0.182704,0.178235,0.246004,0.147641,0.139235,0.118599,0.077435,0.040703,0.018650,0.008883,
0.251094,0.263411,0.326821,0.273982,0.346459,0.334870,0.357007,0.284500,0.261850,0.285330,0.278386,0.249988,0.225758,0.119835,0.133402,0.106126,0.083446,0.058819,0.060319,0.022394,0.008733,
0.374298,0.204029,0.293923,0.205520,0.275652,0.297484,0.448742,0.306532,0.267030,0.311524,0.247052,0.234830,0.207513,0.220427,0.138099,0.144944,0.119846,0.071334,0.027026,0.027030,0.010643,
0.429497,0.314100,0.474781,0.450401,0.283323,0.374786,0.329367,0.327441,0.342707,0.271889,0.270939,0.258899,0.211512,0.230800,0.205338,0.119321,0.091785,0.060683,0.043970,0.055687,0.027131,
0.616493,0.527961,0.370128,0.359282,0.302593,0.298521,0.419336,0.282439,0.314167,0.363593,0.277416,0.217940,0.206635,0.137940,0.154960,0.121777,0.128113,0.123471,0.056215,0.027704,0.015539,
0.294071,0.357654,0.412257,0.336754,0.352594,0.385166,0.413609,0.384031,0.307732,0.282600,0.329493,0.258299,0.343195,0.209123,0.132751,0.124468,0.085668,0.065345,0.040574,0.014638,0.010294,
1.169974,0.259944,0.333888,0.323649,0.375490,0.317852,0.347949,0.289560,0.333371,0.325753,0.259601,0.244467,0.203182,0.190960,0.166547,0.148798,0.131130,0.083157,0.049941,0.044530,0.022986,
0.314801,0.500963,0.246239,0.376123,0.345133,0.292386,0.368971,0.282399,0.318387,0.297314,0.226542,0.258776,0.238215,0.236158,0.182152,0.139776,0.157372,0.079177,0.046018,0.034672,0.015091,
0.306814,0.214413,0.355788,0.393143,0.349812,0.223193,0.411839,0.355827,0.214409,0.320474,0.216662,0.320392,0.279063,0.181642,0.136939,0.128831,0.143093,0.083702,0.085487,0.052575,0.021624,
0.118741,0.301510,0.340140,0.364026,0.307497,0.316461,0.352742,0.388975,0.248538,0.276427,0.353312,0.226967,0.288188,0.237107,0.166655,0.173382,0.140539,0.112135,0.109922,0.057748,0.033753,
0.104943,0.117072,0.204883,0.267871,0.314802,0.198929,0.481682,0.242031,0.289973,0.294230,0.327015,0.295375,0.184344,0.245108,0.180261,0.107533,0.188655,0.101804,0.063663,0.060997,0.016418,
0.395329,0.192782,0.237517,0.302700,0.376256,0.293926,0.395934,0.291503,0.204529,0.307102,0.326213,0.314798,0.223681,0.269654,0.186786,0.187653,0.150085,0.124403,0.062559,0.064321,0.022867,
nan,0.114857,0.280127,0.202433,0.190413,0.288715,0.388501,0.320604,0.266526,0.373878,0.241088,0.266549,0.153405,0.313282,0.220611,0.207721,0.114632,0.101459,0.052003,0.080995,0.071059,
nan,nan,0.187190,nan,0.155794,0.226189,0.129596,0.793265,0.142488,0.241778,0.121034,0.105520,0.155791,0.095519,0.243531,0.093570,0.069974,0.077547,0.141891,0.022325,0.022631,
nan,0.323405,0.311434,0.342965,0.244340,0.107799,0.335863,0.179358,0.328787,0.129932,0.131465,0.395098,0.153156,0.083770,0.070911,0.091493,0.055630,0.099166,0.032634,0.007502,nan,
0.237797,0.422765,0.285351,0.345164,0.272603,0.419591,0.262930,0.337222,0.260667,0.263902,0.194274,0.256657,0.164866,0.158675,0.173893,0.102984,0.155351,0.068860,0.027251,0.022359,0.010312,
0.316548,0.415895,0.334902,0.416905,0.267288,0.318535,0.271910,0.307022,0.473987,0.262424,0.248640,0.189174,0.181122,0.214907,0.193745,0.147041,0.120926,0.088317,0.048244,0.026259,0.009139,
0.164048,0.305330,0.374729,0.366783,0.351276,0.287752,0.266413,0.306309,0.286210,0.341036,0.241456,0.202703,0.238405,0.150100,0.173569,0.088459,0.100511,0.051518,0.029779,0.027031,0.024957,
1.223397,0.396907,0.387205,0.321140,0.361511,0.280916,0.279583,0.248968,0.281075,0.266369,0.288944,0.222858,0.267066,0.195088,0.136006,0.107173,0.099289,0.053713,0.047513,0.033136,0.022516,
0.193546,0.346077,0.349811,0.328943,0.421948,0.365185,0.303733,0.309693,0.286376,0.255123,0.237696,0.269721,0.250779,0.166021,0.183973,0.127186,0.116187,0.064138,0.026233,0.016602,0.007226,
0.315551,0.383023,0.357625,0.312115,0.337724,0.289211,0.332296,0.336021,0.332744,0.322107,0.286637,0.226488,0.216025,0.200328,0.162564,0.118776,0.094802,0.052226,0.049514,0.024677,0.012070,
0.288343,0.316486,0.371375,0.381476,0.276894,0.273758,0.337339,0.317357,0.237851,0.238999,0.220809,0.312173,0.204301,0.203754,0.193165,0.142154,0.096449,0.066694,0.036756,0.033815,0.008787,
0.328492,0.293195,0.325081,0.301493,0.256493,0.390186,0.330744,0.316557,0.300660,0.216189,0.249288,0.210801,0.159962,0.186480,0.119318,0.154783,0.096362,0.068004,0.037484,0.027893,0.024739,
0.439542,0.246266,0.273331,0.253815,0.281876,0.333099,0.385393,0.270172,0.258482,0.261921,0.228734,0.252517,0.190719,0.180836,0.157015,0.124905,0.118153,0.124492,0.040957,0.040689,0.009447,
1.117879,0.379614,0.264673,0.249031,0.308801,0.315551,0.321833,0.306486,0.341268,0.266616,0.305296,0.197216,0.264568,0.228075,0.161327,0.115541,0.103755,0.057826,0.056324,0.034880,0.012676,
0.293545,0.487678,0.371605,0.266668,0.304893,0.310152,0.306600,0.315469,0.274826,0.284932,0.218964,0.239758,0.209284,0.187302,0.171137,0.176326,0.112426,0.075457,0.042180,0.035849,0.013845,
0.217009,0.438791,0.364237,0.271765,0.271361,0.366493,0.346942,0.265230,0.239537,0.312801,0.229343,0.253252,0.283369,0.222937,0.168022,0.115753,0.140319,0.070932,0.069636,0.037345,0.014171,
0.361317,0.322026,0.221564,0.282101,0.260789,0.351426,0.401475,0.292261,0.296059,0.337345,0.261262,0.361326,0.214599,0.241994,0.165305,0.139977,0.146784,0.087534,0.072920,0.052028,0.022751,
0.246646,0.220343,0.434333,0.340348,0.260589,0.391727,0.348132,0.322435,0.352144,0.314351,0.277997,0.295817,0.237154,0.197266,0.142551,0.171152,0.151032,0.088893,0.095345,0.052114,0.032386,
nan,0.627262,0.310726,0.377715,0.313423,0.252276,0.307865,0.315369,0.350857,0.341385,0.441231,0.285908,0.291334,0.358795,0.171336,0.241173,0.151682,0.114253,0.128210,0.053383,0.033442,
0.163580,0.382828,0.184019,0.270065,0.448897,0.291690,0.329102,0.537814,0.406276,0.254043,0.464158,0.280175,0.278076,0.278562,0.250902,0.178869,0.142750,0.108130,0.082992,0.094022,0.033488,
nan,0.735461,0.296473,0.201023,0.251886,0.468040,0.218881,0.215717,0.299386,0.168731,0.406502,0.272311,0.308973,0.156211,0.188924,0.181056,0.169780,0.095464,0.071520,0.041752,0.127660,
nan,0.084424,0.561520,nan,0.138508,0.229695,0.421442,0.279959,0.137957,0.120539,0.338281,1.385993,0.228467,0.294312,0.202140,0.084360,0.080146,0.163478,0.042382,0.030821,0.110356,
nan,0.325139,0.658376,0.185094,0.364810,0.435813,0.572285,0.152401,0.440362,0.458497,0.144452,0.114840,0.102408,0.069046,0.068894,0.031827,0.041778,0.558974,1.432946,0.010704,nan,
0.224324,0.442224,0.431938,0.259795,0.334847,0.311962,0.357377,0.259230,0.516166,0.251797,0.191180,0.237263,0.201951,0.135625,0.124185,0.187691,0.107767,0.051906,0.029786,0.012161,0.008537,
0.209006,0.352087,0.318433,0.342478,0.311448,0.376482,0.392904,0.340195,0.285246,0.321588,0.273321,0.248459,0.168030,0.199053,0.131698,0.133660,0.066774,0.044402,0.040773,0.033387,0.007876,
0.253982,0.435975,0.348977,0.333976,0.478181,0.371270,0.326073,0.317124,0.259911,0.277920,0.294891,0.191427,0.283256,0.182998,0.190383,0.116139,0.064114,0.044820,0.029787,0.023194,0.009999,
0.361699,0.627555,0.297193,0.593332,0.348289,0.292743,0.353348,0.298385,0.273889,0.251491,0.273461,0.178382,0.167989,0.212235,0.202368,0.158641,0.111599,0.062919,0.070732,0.024527,0.042268,
0.885139,0.483038,0.343628,0.355712,0.409190,0.309557,0.195367,0.327030,0.276999,0.250516,0.280828,0.190751,0.228461,0.234273,0.126181,0.127198,0.091401,0.046071,0.027197,0.022559,0.008686,
0.266408,0.346437,0.349150,0.302802,0.325950,0.330704,0.395807,0.281771,0.265006,0.392618,0.231106,0.254554,0.226990,0.139605,0.110185,0.110977,0.100879,0.062095,0.048099,0.020484,0.008128,
0.539354,0.462832,0.280666,0.280449,0.279650,0.343675,0.327264,0.285841,0.288585,0.250173,0.299714,0.239048,0.198736,0.176333,0.208704,0.130800,0.097857,0.072690,0.030052,0.025536,0.012706,
0.186851,0.334743,0.358360,0.236760,0.353376,0.296422,0.354157,0.312851,0.301253,0.318384,0.233954,0.239716,0.243158,0.190990,0.150292,0.106324,0.096332,0.057355,0.041943,0.031164,0.012175,
0.462437,0.374464,0.340699,0.267299,0.302406,0.404399,0.267003,0.293688,0.338074,0.263138,0.295292,0.234226,0.218658,0.185545,0.151829,0.094993,0.091225,0.135633,0.037787,0.052198,0.015742,
0.286968,0.423538,0.348909,0.223620,0.284386,0.295856,0.360195,0.323622,0.291764,0.294934,0.268996,0.206579,0.303905,0.246251,0.181446,0.106694,0.096002,0.072090,0.066369,0.033880,0.010519,
0.349231,0.187695,0.217477,0.324287,0.277673,0.379061,0.366332,0.231509,0.279347,0.332195,0.214146,0.291628,0.237534,0.257025,0.169584,0.185518,0.154570,0.066183,0.048326,0.021057,0.012049,
1.183849,0.448533,0.275444,0.337377,0.225052,0.407675,0.322549,0.315882,0.350079,0.356126,0.253674,0.265657,0.223084,0.228622,0.177071,0.119975,0.150908,0.080936,0.063718,0.032093,0.027904,
0.145553,0.367079,0.456845,0.377299,0.250999,0.372531,0.285831,0.303481,0.251891,0.377807,0.322165,0.322626,0.260137,0.233670,0.148499,0.145898,0.103382,0.088079,0.092981,0.048954,0.021273,
0.086689,0.262250,0.332758,0.343919,0.248250,0.346786,0.324695,0.391275,0.349994,0.285361,0.330775,0.262551,0.231771,0.307174,0.127925,0.163010,0.157571,0.124063,0.072835,0.060703,0.028379,
0.138500,0.218984,0.359576,0.369786,0.227057,0.291037,0.247518,0.398986,0.287749,0.239748,0.216217,0.377351,0.275003,0.221412,0.165228,0.233653,0.183218,0.159340,0.101066,0.086521,0.029151,
0.090462,0.267859,0.147511,0.250806,0.373286,0.393394,0.265244,0.329511,0.286714,0.345292,0.276348,0.312529,0.250333,0.162546,0.203346,0.215174,0.098439,0.090789,0.077222,0.048398,0.080275,
nan,nan,0.241760,0.671961,0.429001,0.214451,0.271189,0.321896,0.218038,0.248047,0.171707,0.404959,0.184794,0.226942,0.235010,0.196704,0.224255,0.086553,0.079989,0.038138,0.238668,
nan,0.108962,nan,0.462059,0.267712,0.256464,nan,0.156017,0.215814,0.291900,0.360487,0.158733,0.181797,0.132153,0.133920,0.155736,0.156726,0.082713,0.070008,0.026996,0.045503,
nan,0.390188,0.333866,0.325428,1.077462,0.156165,0.411384,0.241684,0.132248,0.159471,0.258204,0.775215,0.131289,0.114452,0.088555,0.065515,0.079561,0.058611,0.062799,0.014084,nan,
0.171173,0.359987,0.358443,0.283718,0.311065,0.495071,0.345634,0.292207,0.191572,0.229418,0.331893,0.176832,0.173560,0.110751,0.152112,0.112683,0.131914,0.054471,0.030946,0.019005,0.011736,
0.302538,0.443102,0.433863,0.379981,0.427268,0.442710,0.307919,0.401788,0.289348,0.243841,0.269013,0.177909,0.202881,0.158423,0.101176,0.103545,0.112765,0.042610,0.031082,0.028262,0.009046,
0.141184,0.524768,0.221784,0.390018,0.345155,0.340230,0.290922,0.390182,0.283464,0.336372,0.331827,0.359009,0.232287,0.190716,0.166307,0.109254,0.096629,0.073887,0.037277,0.035639,0.012483,
0.279157,0.426123,0.353545,0.393823,0.368979,0.344062,0.382648,0.337390,0.243331,0.319138,0.267170,0.263538,0.192528,0.194242,0.123819,0.146125,0.066464,0.056025,0.039050,0.016204,0.024300,
0.318048,0.468313,0.321436,0.293026,0.395641,0.293518,0.310596,0.395234,0.278379,0.242825,0.261166,0.229882,0.273819,0.240807,0.131589,0.148291,0.133754,0.095014,0.039519,0.033729,0.012240,
0.543398,0.600826,0.307820,0.293474,0.307447,0.314100,0.333664,0.314103,0.334960,0.337662,0.291136,0.263995,0.179606,0.166952,0.152950,0.123398,0.098401,0.057992,0.037993,0.023465,0.013570,
0.224035,0.488046,0.339653,0.277494,0.373789,0.244289,0.345584,0.308448,0.284146,0.241846,0.224183,0.252893,0.246893,0.189051,0.170610,0.119761,0.109598,0.070694,0.040238,0.021616,0.013367,
0.391732,0.280075,0.259587,0.335188,0.307182,0.356158,0.258018,0.251773,0.319820,0.358183,0.232395,0.283879,0.196688,0.166914,0.165895,0.144571,0.099135,0.055382,0.034702,0.034095,0.013233,
0.347439,0.599955,0.345219,0.291036,0.275097,0.353883,0.352679,0.329435,0.346504,0.235831,0.262916,0.241110,0.215437,0.133339,0.135552,0.117526,0.128839,0.128139,0.042501,0.034931,0.042000,
1.659021,0.280384,0.341528,0.543033,0.316862,0.430256,0.392074,0.223045,0.260313,0.328599,0.252824,0.211400,0.288494,0.228043,0.158826,0.109392,0.116226,0.089065,0.063244,0.033790,0.014956,
0.407902,0.544903,0.477507,0.339665,0.289217,0.402601,0.314785,0.382293,0.353218,0.335094,0.271911,0.311769,0.189582,0.232179,0.203775,0.149854,0.152188,0.070735,0.048206,0.029239,0.011952,
0.245132,0.446232,0.201338,0.532102,0.375762,0.311860,0.312650,0.380237,0.307527,0.344114,0.276460,0.296854,0.233268,0.248958,0.197622,0.128875,0.142151,0.085368,0.084062,0.040863,0.026584,
0.423170,0.571855,0.292409,0.267634,0.314170,0.406672,0.346978,0.391331,0.321460,0.248618,0.248188,0.225014,0.274937,0.192698,0.235485,0.179691,0.123356,0.076359,0.086865,0.035711,0.034532,
2.054280,0.207006,0.207240,0.356365,0.363903,0.263133,0.427400,0.355787,0.374552,0.318759,0.279567,0.297608,0.246882,0.242977,0.151323,0.189295,0.161111,0.120717,0.070545,0.050407,0.034474,
0.368885,0.437070,0.287841,0.397380,0.319458,0.328493,0.281414,0.433951,0.385381,0.316316,0.230065,0.345743,0.211554,0.217877,0.181809,0.205451,0.146281,0.171390,0.104259,0.047748,0.035995,
0.189332,0.450842,0.286610,0.312322,0.270218,0.297294,0.431387,0.299747,0.301296,0.323087,0.293160,0.257401,0.263564,0.294424,0.226496,0.199015,0.203346,0.080872,0.092827,0.054619,0.065917,
nan,nan,0.189247,0.239383,0.296326,0.250674,0.187247,0.147676,0.593661,0.355634,0.205364,0.235146,0.281504,0.258750,0.203874,0.188961,0.116302,0.092016,0.079203,0.054512,0.025039,
nan,nan,nan,0.516601,nan,0.384656,0.558779,0.106413,0.209090,0.168520,0.116272,0.168123,0.230918,1.585211,0.299848,0.164225,0.081592,0.109357,0.059494,0.036092,0.026263,
nan,0.190505,0.366181,0.476121,0.169976,0.215417,0.434452,0.137988,0.697951,0.191850,0.329654,0.126730,0.207237,0.111502,0.075361,0.261604,0.344299,0.202650,0.014668,0.013154,nan,
0.339931,0.333341,0.322448,0.320473,0.323668,0.302023,0.295495,0.214549,0.338862,0.197744,0.299983,0.221479,0.251688,0.172638,0.131122,0.138790,0.074253,0.030212,0.041488,0.019539,0.007903,
0.185247,0.495382,0.350415,0.292789,0.337763,0.297100,0.280389,0.278331,0.294359,0.199198,0.211900,0.211010,0.174394,0.185832,0.221423,0.112987,0.068938,0.039222,0.031284,0.015986,0.007692,
0.272065,0.473035,0.337109,0.159258,0.337606,0.292443,0.351143,0.377614,0.291029,0.250753,0.256973,0.249067,0.233613,0.185663,0.194892,0.174454,0.101277,0.045594,0.028119,0.021455,0.007487,
0.175460,0.316162,0.400601,0.357593,0.294762,0.293115,0.256364,0.245363,0.249003,0.284594,0.285596,0.218628,0.273645,0.199167,0.131945,0.103619,0.102454,0.055810,0.036888,0.024428,0.048789,
0.262717,0.545506,0.349713,0.324944,0.350953,0.319478,0.260942,0.308772,0.289065,0.319436,0.231281,0.255647,0.253383,0.237856,0.157898,0.102930,0.082335,0.043692,0.037922,0.022883,0.011756,
0.565256,0.524172,0.329754,0.276863,0.469890,0.310965,0.375816,0.284296,0.283557,0.339346,0.243802,0.270974,0.233239,0.156265,0.163664,0.118139,0.081767,0.082825,0.046936,0.019788,0.008540,
0.191736,0.362694,0.361812,0.285399,0.389873,0.314330,0.289471,0.276923,0.301494,0.237265,0.319942,0.234712,0.173725,0.177017,0.193422,0.129002,0.099489,0.055339,0.048349,0.021974,0.017450,
0.256006,0.353056,0.299958,0.317353,0.296380,0.328716,0.361900,0.294801,0.347475,0.263863,0.248286,0.194085,0.254437,0.202168,0.174235,0.110900,0.078983,0.056960,0.035954,0.022849,0.011009,
0.241563,0.307210,0.260121,0.310642,0.276185,0.336535,0.403818,0.241953,0.284667,0.273257,0.329062,0.234015,0.206649,0.154404,0.150352,0.130051,0.084065,0.064390,0.046369,0.034833,0.015915,
0.416686,0.440705,0.317946,0.311708,0.283449,0.275774,0.298864,0.327562,0.321760,0.310055,0.224819,0.225783,0.294757,0.212681,0.234903,0.110416,0.133897,0.101085,0.071439,0.030487,0.029899,
0.457461,0.414279,0.229231,0.331367,0.342994,0.316188,0.335880,0.365725,0.302514,0.299510,0.291237,0.292045,0.248422,0.207208,0.196451,0.131901,0.149421,0.086383,0.070578,0.029396,0.013611,
0.295512,0.318259,0.380084,0.439483,0.408746,0.340445,0.391568,0.381147,0.287245,0.299594,0.235652,0.219306,0.240598,0.285607,0.210960,0.113061,0.108610,0.073657,0.048331,0.045980,0.018083,
0.154138,0.322680,0.232997,0.346741,0.306150,0.380852,0.349018,0.353600,0.302297,0.265758,0.285681,0.250443,0.264127,0.217289,0.231088,0.130950,0.115332,0.100212,0.125908,0.043768,0.057108,
0.173435,0.292051,0.310759,0.419454,0.435893,0.416363,0.301760,0.309185,0.452376,0.221640,0.311825,0.271723,0.213179,0.208641,0.162235,0.140275,0.168532,0.129032,0.085262,0.066227,0.027868,
0.617341,0.263080,0.211378,0.468689,0.203920,0.436424,0.377162,0.254490,0.398885,0.256077,0.239916,0.229077,0.224456,0.260160,0.229331,0.191829,0.119523,0.145624,0.084745,0.064435,0.035792,
0.078027,0.150118,0.351435,0.354720,0.353733,0.368985,0.404418,0.252133,0.396718,0.314449,0.247070,0.215659,0.229746,0.298659,0.185854,0.147171,0.201450,0.110514,0.095988,0.092189,0.065822,
nan,0.313117,0.227868,0.283681,0.218818,0.265718,0.440139,0.190736,0.284109,0.500043,0.261334,0.198126,0.204274,0.170486,0.206583,0.180416,0.112873,0.090480,0.086636,0.072493,0.047049,
nan,nan,0.065219,0.184402,0.321916,nan,0.167691,0.420570,0.199887,0.205117,0.775499,0.188236,0.177986,0.403108,0.098122,0.360089,0.076749,0.391293,0.057986,0.094040,0.047559,
nan,0.315739,0.692183,0.191922,0.301299,0.661441,0.198422,1.019363,0.175434,0.271563,0.197803,0.606732,0.262340,0.304310,0.120885,0.086223,0.314119,0.027556,0.028629,0.041284,nan,
0.296627,0.387603,0.254582,0.375877,0.292132,0.408639,0.299560,0.468819,0.290454,0.198363,0.188250,0.366971,0.183971,0.160639,0.189523,0.090028,0.099163,0.204161,0.035424,0.016186,0.009821,
0.535950,0.332991,nan,0.324029,0.360698,0.358575,0.372722,0.357034,0.267103,0.236817,0.355414,0.263807,0.194387,0.163266,0.132753,0.133134,0.165201,0.071389,0.031239,0.016364,0.011541,
0.203013,0.363079,0.376539,0.273590,0.336502,0.281741,0.337620,0.279752,0.380781,0.333820,0.243699,0.179213,0.239057,0.175256,0.215620,0.102208,0.084683,0.061865,0.044445,0.020260,0.005750,
0.222396,0.281583,0.301487,0.323128,0.362808,0.521573,0.331635,0.294457,0.254687,0.226576,0.254227,0.211311,0.184847,0.186208,0.157023,0.147055,0.126257,0.067719,0.030628,0.021299,0.012503,
0.363565,0.287247,0.387437,0.300304,0.359946,0.334068,0.314975,0.330640,0.380150,0.302832,0.277130,0.208367,0.248828,0.217797,0.180158,0.190698,0.067085,0.059312,0.041814,0.016663,0.019327,
0.202895,0.401277,0.348251,0.344592,0.360817,0.327917,0.326257,0.318426,0.316236,0.304462,0.269645,0.270400,0.152302,0.210934,0.145699,0.115184,0.093309,0.072322,0.030231,0.027700,0.011046,
0.152065,0.604959,0.304241,0.331828,0.316863,0.328315,0.323932,0.291245,0.251515,0.262384,0.214474,0.205694,0.208695,0.162529,0.171033,0.140914,0.088998,0.094434,0.045852,0.024925,0.013063,
0.254527,0.369698,0.333719,0.366437,0.266164,0.333734,0.309797,0.358968,0.346397,0.305784,0.227472,0.259779,0.196655,0.184019,0.163823,0.156861,0.128565,0.070652,0.039931,0.017761,0.025075,
0.112563,0.401905,0.325877,0.480615,0.360626,0.343928,0.332845,0.310300,0.289388,0.251231,0.194620,0.248625,0.231875,0.182497,0.139295,0.146440,0.091322,0.078331,0.059329,0.050483,0.016530,
0.385692,0.249817,0.245449,0.547099,0.401262,0.285029,0.326813,0.306443,0.381032,0.320784,0.229056,0.226031,0.256187,0.191768,0.172830,0.119404,0.092665,0.107198,0.064419,0.030378,0.019211,
0.679945,0.307273,0.268512,0.431273,0.396174,0.308564,0.361568,0.321548,0.264142,0.271048,0.272896,0.263610,0.179475,0.191807,0.178331,0.132801,0.097692,0.073602,0.074661,0.033782,0.028752,
0.297911,0.312100,0.406834,0.469626,0.349129,0.273422,0.315405,0.298734,0.289655,0.259780,0.344530,0.243739,0.224557,0.244781,0.216962,0.150931,0.144074,0.127140,0.057621,0.032879,0.012751,
0.257112,0.276503,0.390014,0.406067,0.350999,0.309989,0.285360,0.280912,0.337329,0.292886,0.308235,0.280870,0.249202,0.192290,0.216635,0.179269,0.122825,0.083650,0.094352,0.049152,0.022153,
0.271764,0.273083,0.295437,0.271944,0.331271,0.304865,0.264816,0.289532,0.360609,0.302347,0.228069,0.207944,0.231298,0.254625,0.188230,0.198907,0.160831,0.107045,0.085429,0.065193,0.032315,
0.903525,0.497652,0.262081,0.331797,0.452904,0.254958,0.275158,0.290685,0.362896,0.358121,0.296333,0.284669,0.224461,0.255081,0.163863,0.223988,0.121262,0.153375,0.121082,0.063201,0.049629,
nan,0.398740,0.355467,0.331393,0.229537,0.296607,0.315437,0.364813,0.239997,0.365071,0.235849,0.338493,0.253892,0.235377,0.221496,0.177798,0.175529,0.118077,0.109486,0.094238,0.048381,
nan,0.236427,0.416391,0.188450,0.378193,0.254560,0.197919,0.250232,0.219056,0.426488,0.315753,0.257047,0.222063,0.193858,0.204107,0.127812,0.118587,0.267932,0.120838,0.093110,0.060288,
nan,0.381699,0.106430,0.300992,0.123330,0.488059,0.092709,0.179316,0.231893,0.432840,0.106599,0.176470,0.142375,0.186834,0.229123,0.356863,0.079417,0.481395,0.059461,0.072042,0.032936,
nan,0.219544,0.127128,0.378804,0.125202,0.387702,0.175063,0.310295,0.373373,0.112100,0.092901,0.098346,0.808223,0.185996,0.141371,0.050649,0.270577,0.059237,0.020811,0.011294,nan,
0.720441,0.410922,0.269746,0.359976,0.351116,0.269668,0.329639,0.335337,0.248650,0.174128,0.228886,0.346731,0.234371,0.164337,0.091710,0.097950,0.074358,0.047106,0.033245,0.021520,0.007867,
0.337172,0.455355,0.533986,0.414209,0.275821,0.329001,0.400218,0.350760,0.304550,0.234586,0.234107,0.175467,0.218785,0.148623,0.116054,0.119188,0.123356,0.051539,0.031035,0.019822,0.013313,
0.328042,0.298243,0.374430,0.399867,0.568033,0.450048,0.305259,0.370779,0.371504,0.312983,0.270134,0.201827,0.171311,0.193191,0.181154,0.120535,0.064672,0.048048,0.038037,0.031777,0.015162,
0.137732,0.275732,0.403811,0.332822,0.400799,0.340602,0.358329,0.332930,0.260826,0.254122,0.304890,0.266313,0.253671,0.197318,0.147287,0.141424,0.083764,0.058970,0.027054,0.052406,0.009623,
0.281330,0.283768,0.301253,0.320745,0.364591,0.362314,0.321663,0.279923,0.269457,0.274358,0.275094,0.290810,0.202585,0.233499,0.171904,0.107499,0.089609,0.057121,0.048773,0.020907,0.051103,
0.171819,0.258559,0.345692,0.290377,0.337128,0.352415,0.299470,0.329766,0.275980,0.272468,0.232290,0.239647,0.233057,0.215919,0.149141,0.121004,0.077811,0.051341,0.041649,0.018684,0.010764,
0.864784,0.448312,0.342851,0.287128,0.327462,0.314402,0.307976,0.216012,0.284072,0.271245,0.313198,0.257124,0.248469,0.183997,0.178272,0.103082,0.072942,0.057610,0.067807,0.020949,0.017497,
0.269634,0.582665,0.337353,0.270193,0.389395,0.307952,0.318363,0.277611,0.342169,0.427021,0.263073,0.212171,0.216538,0.159361,0.177046,0.161889,0.089498,0.059179,0.047123,0.029340,0.011268,
0.233848,0.336230,0.322305,0.319620,0.321249,0.302997,0.254562,0.335035,0.277534,0.257666,0.251608,0.286427,0.222820,0.194865,0.171836,0.152399,0.104285,0.069404,0.048794,0.026633,0.023812,
0.374109,0.295149,0.267825,0.353339,0.340454,0.304288,0.293799,0.336277,0.309308,0.276242,0.244156,0.244675,0.275740,0.203604,0.170181,0.124077,0.120069,0.079833,0.053325,0.071851,0.032785,
0.229915,0.345971,0.371203,0.282520,0.313640,0.372472,0.289922,0.317977,0.356936,0.285520,0.264801,0.317729,0.254454,0.201534,0.126581,0.116121,0.131120,0.087352,0.069635,0.037258,0.018058,
0.485527,0.424054,0.337181,0.302611,0.372883,0.353149,0.300215,0.341848,0.346392,0.277191,0.291936,0.247750,0.228431,0.238549,0.231831,0.144953,0.125030,0.084202,0.120355,0.037467,0.025887,
0.157565,0.288444,0.486395,0.437430,0.461183,0.376674,0.321990,0.372766,0.312487,0.394202,0.254694,0.290306,0.233253,0.220281,0.200081,0.189355,0.111574,0.105050,0.062479,0.039291,0.026373,
0.197058,0.429992,0.238270,0.535793,0.287941,0.363442,0.284631,0.358411,0.290116,0.303900,0.255498,0.236509,0.248123,0.258782,0.173631,0.197271,0.178728,0.126015,0.103051,0.058565,0.048801,
nan,0.324228,0.227325,0.248402,0.307438,0.593766,0.292810,0.373132,0.423553,0.287281,0.259033,0.201854,0.237437,0.275365,0.203409,0.265205,0.128176,0.154292,0.095277,0.079387,0.110280,
0.366668,0.233848,0.521989,0.320432,0.307610,0.298207,0.251037,0.252146,0.293479,0.258523,0.311583,0.220300,0.242468,0.223239,0.214273,0.198210,0.142400,0.135114,0.097653,0.066917,0.188343,
0.253975,0.419892,0.319599,0.504012,0.403041,0.319694,0.279346,0.228169,0.175317,0.305121,0.317941,0.316896,0.159535,0.279503,0.186675,0.134899,0.255947,0.247628,0.081197,0.119623,0.057768,
nan,0.132775,nan,0.155284,nan,0.214049,0.339372,0.627439,0.132675,0.250854,0.567804,0.298665,0.087603,0.175284,0.320464,0.087100,0.096450,0.346699,0.092556,0.078222,0.031075,
nan,0.306604,0.250268,0.444527,0.426041,0.230025,0.207793,0.231653,0.304668,0.131308,0.091174,0.210987,0.101319,0.110432,0.111298,0.126853,0.068173,0.045044,0.022263,0.004882,nan,
0.213347,0.358522,0.349110,0.345622,0.317759,0.284573,0.259379,0.305123,0.378948,0.340286,0.164282,0.222099,0.167367,0.130336,0.112793,0.088877,0.075011,0.055135,0.043544,0.019200,0.005911,
0.407679,0.442848,0.338923,0.379790,0.397974,0.327107,0.527385,0.307041,0.406674,0.282622,0.210803,0.293718,0.203208,0.214503,0.138551,0.126291,0.092103,0.052202,0.032438,0.016690,0.007045,
0.443238,0.288244,0.359048,0.343509,0.356460,0.372111,0.301645,0.398176,0.300756,0.261720,0.252347,0.282300,0.233037,0.174613,0.157063,0.111267,0.070699,0.042154,0.029978,0.024158,0.008971,
0.339473,0.434118,0.281372,0.396074,0.279176,0.305535,0.309289,0.269429,0.246018,0.280316,0.250826,0.272750,0.215586,0.166880,0.183711,0.098880,0.117013,0.049627,0.042441,0.023602,0.011748,
0.164463,0.455654,0.326587,0.318861,0.333929,0.348727,0.345447,0.322432,0.292603,0.288741,0.312592,0.216441,0.188420,0.190530,0.179224,0.171966,0.119354,0.056368,0.031316,0.017830,0.010390,
0.408570,0.412855,0.400877,0.344280,0.336335,0.393324,0.570672,0.297268,0.292843,0.311096,0.255533,0.211375,0.212184,0.204670,0.171337,0.157424,0.072500,0.056114,0.036541,0.020689,0.020400,
0.222107,0.245793,0.351307,0.374616,0.337015,0.351662,0.310043,0.290102,0.249203,0.243161,0.245982,0.269365,0.197568,0.184000,0.165335,0.119890,0.086605,0.076473,0.062779,0.029608,0.021538,
0.422058,0.238033,0.396699,0.329566,0.363656,0.360864,0.331810,0.302944,0.301691,0.288062,0.280264,0.245371,0.184115,0.211167,0.165870,0.144667,0.088835,0.062690,0.057189,0.023282,0.013561,
0.251140,0.333388,0.306478,0.314786,0.345492,0.302142,0.323095,0.337769,0.336831,0.275059,0.243041,0.273570,0.218472,0.176956,0.193773,0.167353,0.125958,0.065431,0.049531,0.028843,0.014542,
0.198171,0.407168,0.358694,0.328689,0.329912,0.355539,0.320280,0.354675,0.302625,0.266074,0.256786,0.259725,0.252435,0.208841,0.179349,0.165828,0.142909,0.073285,0.060529,0.038688,0.019239,
0.725812,0.237076,0.303610,0.319341,0.275024,0.346803,0.313264,0.352485,0.361723,0.264685,0.277503,0.219443,0.289699,0.217276,0.171924,0.131240,0.130257,0.089365,0.064294,0.035084,0.072591,
0.181635,0.206980,0.308522,0.275296,0.235942,0.282206,0.294945,0.346275,0.403325,0.291244,0.260049,0.275357,0.219051,0.271553,0.170178,0.148904,0.164382,0.085999,0.111474,0.036364,0.033908,
0.188860,0.337936,0.336896,0.277147,0.207073,0.395690,0.294084,0.341425,0.299450,0.313517,0.233372,0.275198,0.210540,0.226777,0.220342,0.187689,0.132380,0.099067,0.093411,0.065336,0.029447,
0.356689,0.354516,0.358006,0.328319,0.258565,0.291584,0.402135,0.337448,0.254516,0.256081,0.299550,0.230873,0.230091,0.276679,0.240191,0.217991,0.164361,0.106339,0.074220,0.037119,0.030406,
0.758563,0.486862,0.267628,0.292033,0.364543,0.359837,0.330280,0.342425,0.290589,0.272492,0.365907,0.256975,0.292899,0.255619,0.256344,0.213441,0.207413,0.151744,0.083340,0.092423,0.052795,
nan,0.186761,0.198477,0.273386,0.309273,0.228258,0.288373,0.418566,0.389099,0.246024,0.290830,0.283660,0.304586,0.233364,0.192188,0.185442,0.177849,0.131075,0.139098,0.107235,0.072375,
0.409936,0.218581,0.443877,0.218389,0.510824,0.396143,0.387066,0.248891,0.384503,0.310387,0.458733,0.307635,0.278194,0.225694,0.281811,0.246442,0.173526,0.209848,0.158359,0.121371,0.116676,
nan,0.154895,0.220228,0.306186,0.096824,0.171464,0.325884,0.598934,0.436161,0.236174,0.143585,0.131378,0.262234,0.155360,0.510047,0.242555,0.136071,0.103254,0.066005,0.112344,0.061215,
nan,0.374168,0.144209,0.257975,1.023244,0.159970,0.234010,0.335233,0.211684,0.447711,0.230085,0.134219,0.140421,0.113901,0.061284,0.065992,0.058862,0.147620,0.015964,0.004179,nan,
0.299016,0.410216,0.431622,0.348130,0.312200,0.344931,0.226142,0.303176,0.385773,0.299592,0.191941,0.208358,0.171319,0.221361,0.149046,0.075112,0.069637,0.048185,0.040056,0.014399,0.007450,
0.289774,0.360130,0.350184,0.463851,0.380875,0.378894,0.365182,0.321586,0.328768,0.229080,0.245158,0.236929,0.186798,0.170110,0.134370,0.166648,0.127100,0.056113,0.037051,0.015480,0.008141,
0.220131,0.438657,0.295728,nan,0.316381,0.354924,0.367809,0.279462,0.375095,0.293415,0.260613,0.202082,0.214390,0.188694,0.141642,0.122195,0.092774,0.096872,0.040744,0.019155,0.009598,
0.226424,0.378038,0.360616,0.309013,0.347881,0.292579,0.297239,0.297680,0.263237,0.281792,0.222056,0.193956,0.248051,0.188561,0.188052,0.141641,0.057629,0.049064,0.046711,0.026477,0.014470,
0.226018,0.314598,0.381654,0.385892,0.265352,nan,0.296252,0.350365,0.294720,0.246386,0.264475,0.233906,0.211655,0.173983,0.164098,0.150650,0.134536,0.055019,0.031727,0.044315,0.013064,
0.226979,0.356519,0.350662,0.296585,0.352537,0.316651,0.311679,0.327611,0.257456,0.272566,0.287155,0.298273,0.208429,0.202964,0.173578,0.120734,0.089246,0.058888,0.042907,0.020283,0.008541,
0.426413,0.446488,0.389829,0.320346,0.344097,0.374657,0.296190,0.343753,0.313644,0.270809,0.279934,0.249914,0.183933,0.239071,0.166044,0.154838,0.100805,0.053878,0.032440,0.020513,0.023060,
0.242732,0.306409,0.443881,0.319036,0.334804,0.279975,0.300380,0.305405,0.326959,0.317076,0.263503,0.204000,0.234122,0.172903,0.163691,0.110559,0.091974,0.077015,0.058152,0.025630,0.027791,
0.191034,0.320396,0.460335,0.283330,0.366073,0.282602,0.377118,0.367234,0.307109,0.284419,0.249123,0.281058,0.227664,0.208537,0.180336,0.125944,0.118709,0.060913,0.054882,0.027848,0.014391,
0.139994,0.221665,0.415936,0.347937,0.347989,0.311145,0.297215,0.305624,0.367603,0.296302,0.274202,0.277996,0.229518,0.186970,0.155202,0.183022,0.128357,0.062546,0.045536,0.034101,0.019584,
1.155549,0.266415,0.326613,0.316804,0.314087,0.374392,0.337282,0.318371,0.322356,0.272572,0.284308,0.253360,0.264970,0.229962,0.168981,0.153807,0.134481,0.086111,0.064718,0.050125,0.022458,
1.187243,0.241922,0.405042,0.248970,0.286648,0.418599,0.267041,0.322570,0.282059,0.318280,0.224598,0.263058,0.236614,0.273883,0.191750,0.136233,0.127941,0.104794,0.065019,0.033716,0.073041,
0.139357,0.288336,0.248703,0.353907,0.257725,0.400202,0.240756,0.324657,0.319050,0.298258,0.246183,0.266089,0.210299,0.280330,0.219087,0.221648,0.117548,0.101182,0.064412,0.072971,0.032521,
0.187682,0.323976,0.265503,0.320591,0.366180,0.294123,0.317779,0.336409,0.288980,0.272817,0.306067,0.253361,0.300804,0.264163,0.266422,0.180066,0.212853,0.118532,0.092240,0.095280,0.038243,
1.419736,0.178431,0.372152,0.289587,0.199359,0.228985,0.434973,0.225247,0.338679,0.249916,0.285770,0.251132,0.243277,0.250677,0.233277,0.194598,0.194375,0.136551,0.081668,0.069167,0.040571,
0.247059,0.219600,0.396701,0.299953,0.505821,0.292363,0.280584,0.285378,0.356744,0.241393,0.255244,0.217653,0.233973,0.293739,0.173465,0.230897,0.132746,0.174945,0.159759,0.073059,0.055529,
0.092773,0.169654,0.411359,0.260653,0.404890,0.299636,0.623118,0.489156,0.277867,0.260143,0.309083,0.298116,0.236524,0.173322,0.247578,0.173862,0.149352,0.120770,0.193580,0.091820,0.051411,
nan,nan,nan,0.098152,0.073741,0.128721,0.143052,0.207305,0.196205,0.316480,0.100941,0.550445,0.121446,0.285809,0.146589,0.186162,0.181108,0.120014,0.321291,0.063003,0.059441,
nan,0.299974,0.406706,0.285219,0.700317,0.224815,0.273180,0.163988,0.260762,0.292052,0.180729,0.144007,0.224481,0.143456,0.171495,0.064321,0.051924,0.057077,0.010057,0.013758,nan,
0.212093,0.284170,0.314209,0.368954,0.323896,0.291034,0.339106,0.418480,0.285371,0.218024,0.189136,0.189889,0.179851,0.164804,0.129406,0.120904,0.072869,0.053626,0.043087,0.026482,0.011481,
0.197295,0.354031,0.381767,0.310607,0.343095,0.360984,0.271389,0.246530,0.264608,0.206618,0.232806,0.242298,0.199485,0.169398,0.199777,0.113328,0.055974,0.068348,0.027078,0.021566,0.009008,
0.223900,0.485224,0.407342,0.258458,0.352927,0.384107,0.307086,0.363767,0.362978,0.237798,0.280941,0.233542,0.197660,0.198448,0.142481,0.115956,0.082838,0.069292,0.034188,0.017579,0.011285,
0.243743,0.454644,0.390309,0.418983,0.451942,0.345222,0.366550,0.333035,0.364758,0.315439,0.302671,0.264651,0.229897,0.200559,0.143771,0.103417,0.073162,0.051630,0.044916,0.026955,0.012843,
0.178939,0.372770,0.395897,0.308404,0.346987,0.366426,0.331704,0.285708,0.258459,0.266118,0.264777,0.253181,0.263143,0.195351,0.187244,0.120915,0.089300,0.049627,0.058125,0.024972,0.015756,
0.116662,0.400229,0.356249,0.435116,0.346049,0.346166,nan,0.296078,0.356526,0.296461,0.300481,0.244203,0.184185,0.216661,0.148499,0.149087,0.106182,0.050482,0.032455,0.031672,0.015307,
0.210950,0.311074,0.381756,0.367630,0.400882,0.315053,0.318228,0.299162,0.275789,0.253512,0.267436,0.249434,0.195372,0.214926,0.173205,0.121380,0.090101,0.062018,0.042019,0.023991,0.011855,
0.211638,0.396538,0.435580,0.340055,0.415705,0.330474,0.339739,0.307351,0.304990,0.269956,0.294918,0.222963,0.226352,0.216648,0.172943,0.154075,0.103698,0.055548,0.038265,0.021903,0.019353,
0.147078,0.375234,0.503838,0.319231,0.383515,0.369002,0.358919,0.323145,0.296998,0.246401,0.246455,0.248850,0.194494,0.208812,0.170165,0.130865,0.114385,0.086241,0.056437,0.031342,0.021274,
0.182221,0.207543,0.372917,0.392903,0.347079,0.354204,0.342131,0.335984,0.303328,0.262090,0.285671,0.263305,0.280479,0.205736,0.170037,0.157509,0.111980,0.069581,0.056311,0.036400,0.019198,
0.121365,0.337302,0.397637,0.351971,0.336637,0.300796,0.326410,0.330597,0.284520,0.315094,0.251557,0.269750,0.248552,0.210883,0.193873,0.152021,0.137186,0.078229,0.051599,0.047982,0.028165,
1.059347,0.182556,0.275858,0.323511,0.302122,0.269261,0.333892,0.279809,0.268044,0.313367,0.233040,0.280408,0.251187,0.207840,0.205988,0.128702,0.137314,0.097855,0.061295,0.050039,0.050914,
0.136108,0.508007,0.311454,0.311744,0.231711,0.268986,0.333090,0.321642,0.283976,0.337169,0.291674,0.255026,0.322076,0.185055,0.205106,0.186513,0.126224,0.094505,0.069535,0.043634,0.070663,
0.220567,0.567586,0.322604,0.310681,0.215449,0.287514,0.403107,0.353008,0.325987,0.328686,0.307922,0.290456,0.225824,0.276648,0.272971,0.184969,0.143008,0.117837,0.071430,0.078446,0.043958,
0.159357,0.174243,0.238628,0.239764,0.272382,0.241773,0.354533,0.369428,0.253912,0.293689,0.366499,0.295201,0.223700,0.310298,0.228809,0.204197,0.227843,0.137735,0.097965,0.090898,0.062302,
0.215982,0.323216,0.561300,0.363234,0.214278,0.443354,0.279727,0.339852,0.315610,0.353918,0.355117,0.268083,0.264613,0.221171,0.231731,0.171456,0.169773,0.192176,0.137788,0.066659,0.060715,
0.118521,0.100796,0.317183,0.208329,0.159837,0.144056,0.237860,0.337546,0.328252,0.348373,0.280998,0.298080,0.341464,0.250921,0.373814,0.224529,0.147098,0.160383,0.125438,0.119821,0.088000,
nan,nan,nan,0.254759,0.114594,0.222981,0.100194,0.574538,0.229159,0.219453,0.177846,0.541976,0.125038,0.173030,0.351337,0.121592,0.290846,0.256369,0.187737,0.281084,0.760968,
nan,0.422831,0.200835,0.327321,0.289116,0.359451,0.259253,0.232074,0.325960,0.292868,0.159843,0.194025,0.072357,0.133695,0.091968,0.066861,0.049037,0.063362,0.189438,0.012617,nan,
0.328680,1.315513,0.414188,0.296927,0.352108,0.431680,0.279983,0.753014,0.249405,0.229009,0.228562,0.175484,0.173162,0.142108,0.123202,0.110220,0.104191,0.037682,0.028708,0.017864,0.008339,
0.259810,0.392489,0.347019,0.319275,0.343702,0.403054,0.330387,0.343529,0.292903,0.176696,0.294509,0.266367,0.197373,0.184199,0.085711,0.080422,0.103943,0.080746,0.040442,0.019488,0.008235,
0.314933,0.404918,0.361682,0.360364,0.308561,0.416843,0.375748,0.342276,0.340385,0.273801,0.228711,0.277711,0.172589,0.191236,0.115941,0.126116,0.096042,0.057389,0.031594,0.015038,0.008754,
0.440207,0.302872,0.330363,0.369192,nan,0.334846,0.308411,0.325173,0.289508,0.287733,0.269547,0.218571,0.184248,0.238647,0.156841,0.129958,0.091218,0.090813,0.032839,0.020931,0.010263,
0.407130,0.294938,0.376651,0.413297,0.331804,0.329648,0.312298,0.312630,0.289647,0.271159,0.265056,0.230849,0.239292,0.153790,0.194201,0.118927,0.079719,0.061624,0.049432,0.029129,0.010714,
0.146573,0.505082,0.353961,0.372194,0.415820,0.322142,0.317999,0.328546,0.269338,0.247608,0.264127,0.225091,0.229315,0.202380,0.198113,0.110401,0.087060,0.076916,0.052862,0.031629,0.020449,
0.174000,0.597822,0.365699,0.350151,0.356239,0.370121,0.305997,0.310555,0.275505,0.253038,0.261154,0.243733,0.181210,0.211927,0.157091,0.134649,0.090183,0.102640,0.037992,0.032179,0.034595,
0.206909,0.472982,0.342345,0.365287,0.381582,0.361945,0.339960,0.350391,0.405117,0.316037,0.252498,0.239274,0.179322,0.193652,0.173353,0.153078,0.106265,0.065313,0.053812,0.038714,0.017487,
0.196691,0.478321,0.392961,0.375090,0.372481,0.368515,0.340861,0.319228,0.289545,0.287222,0.292273,0.251550,0.230732,0.213151,0.201835,0.159684,0.098366,0.060854,0.043315,0.031710,0.025503,
0.379873,0.344064,0.363450,0.342453,0.370140,0.346214,0.330413,0.309024,0.281434,0.299592,0.268494,0.248962,0.214259,0.229335,0.171032,0.141493,0.124930,0.080618,0.048727,0.022387,0.014612,
0.186599,0.278999,0.302362,0.392321,0.460854,0.282862,0.309834,0.309812,0.265567,0.332387,0.262457,0.263042,0.253041,0.207813,0.173250,0.184559,0.133910,0.076826,0.066364,0.028191,0.021690,
0.721158,0.318593,0.368690,0.289575,0.413798,0.330929,0.327501,0.338504,0.274325,0.338743,0.265205,0.260896,0.274049,0.240921,0.218661,0.186998,0.136876,0.110377,0.057036,0.038437,0.042274,
0.363471,0.348933,0.245970,0.438755,0.353848,0.249417,0.344654,0.346475,0.247892,0.362990,0.284165,0.287285,0.254292,0.262919,0.202644,0.179166,0.141401,0.113455,0.093898,0.053537,0.045161,
0.289174,0.418548,0.237346,0.330951,0.324779,0.239576,0.354115,0.358144,0.277275,0.301076,0.301718,0.286469,0.266658,0.263240,0.258810,0.195368,0.188810,0.099096,0.078129,0.045858,0.058811,
1.004560,0.235853,0.288934,0.324504,0.325689,0.227926,0.247202,0.344525,0.336907,0.266368,0.290479,0.325858,0.340430,0.207856,0.234698,0.204073,0.205576,0.107313,0.108315,0.066179,0.085087,
0.149212,0.390256,0.237061,0.194868,0.245724,0.212882,0.320137,0.314599,0.308273,0.281707,0.331352,0.277586,0.244789,0.268002,0.262694,0.181585,0.158635,0.200103,0.136605,0.092187,0.093213,
nan,0.089071,0.257887,0.465824,0.233645,0.298492,0.388669,0.288490,0.243131,0.181702,0.217298,0.318462,0.296895,0.299026,0.292534,0.347368,0.179221,0.241041,0.154243,0.111291,0.077836,
nan,nan,0.844833,nan,0.178093,0.997883,0.100476,0.104974,0.243899,0.308097,0.177077,0.115824,0.393146,0.316217,0.291522,0.154247,0.390451,0.083373,0.088690,0.115458,0.083127,
nan,0.843539,0.470489,0.299139,0.180114,0.451175,0.322273,0.736721,0.270698,0.259976,0.161217,0.160417,0.070447,0.068929,0.133250,0.193924,0.183511,0.044158,0.027689,0.012626,nan,
0.381367,0.247179,0.304562,0.477994,0.442996,0.316168,0.424727,0.320536,0.343581,0.274606,0.214939,0.177170,0.377824,0.147959,0.096787,0.138302,0.058493,0.099695,0.097172,0.027513,0.008437,
0.354011,0.505012,0.401291,0.356603,0.300911,0.295779,0.342828,0.278001,0.366446,0.290982,0.174214,0.267376,0.215449,0.201674,0.117478,0.087753,0.081397,0.057645,0.030776,0.017206,0.006881,
0.371605,0.350462,0.363179,0.357069,0.352682,0.423476,0.298274,0.293018,0.273813,0.193460,0.243809,0.235541,0.164537,0.209419,0.161023,0.105559,0.105126,0.060377,0.043285,0.020431,0.010877,
0.327367,0.325030,0.340474,0.378210,0.368364,0.334745,0.322348,0.324632,0.313986,0.258192,0.242197,0.265805,0.176490,0.212828,0.126400,0.108370,0.099875,0.073305,0.028814,0.018903,0.009809,
0.187243,0.322916,0.320931,0.351502,0.298537,0.329712,0.373060,0.277770,0.329450,0.290856,0.300852,0.248117,0.178031,0.272192,0.125762,0.152751,0.106746,0.080821,0.031322,0.022938,0.012658,
0.639946,0.248555,0.305306,0.317612,0.359484,0.369851,nan,0.323708,0.276587,0.283967,0.256662,0.253238,0.205477,0.178650,0.174933,0.133132,0.105507,0.087652,0.045473,0.032185,0.012325,
0.175117,0.254205,0.352561,0.301043,0.365188,0.322428,0.324627,0.326771,0.300414,0.287288,0.254180,0.228653,0.235165,0.206482,0.189373,0.116179,0.109386,0.061727,0.068275,0.040297,0.016518,
0.185416,0.409898,0.360223,0.316312,0.317760,0.293955,0.315959,0.319478,0.307601,0.308205,0.263567,0.232024,0.202894,0.190184,0.188027,0.124948,0.098448,0.053383,0.066442,0.032886,0.017566,
0.299174,0.435562,0.340285,0.301276,0.329948,0.299866,0.271006,0.374027,0.287639,0.301314,0.293664,0.246212,0.206779,0.194635,0.166132,0.151868,0.135806,0.074995,0.066814,0.062992,0.016602,
0.189453,0.334853,0.378081,0.303331,0.343510,0.267150,0.286773,0.378900,0.300841,0.328761,0.283581,0.314996,0.215534,0.224902,0.161053,0.184956,0.123730,0.080699,0.051358,0.037188,0.085368,
0.864838,0.344159,0.462319,0.397764,0.429705,0.296726,0.285422,0.320888,0.317913,0.325954,0.282428,0.294526,0.243980,0.204935,0.184867,0.144138,0.129305,0.096468,0.062687,0.029860,0.020679,
0.214135,0.279816,0.366221,0.412290,0.291044,0.360910,0.275075,0.311754,0.291201,0.331647,0.266928,0.287699,0.246063,0.249445,0.226315,0.176455,0.122711,0.100896,0.071714,0.032853,0.030592,
0.315000,0.625889,0.422369,0.340218,0.269015,0.266733,0.317722,0.317309,0.275275,0.316919,0.311088,0.298029,0.273089,0.258987,0.216500,0.193527,0.146042,0.112413,0.074650,0.044853,0.034018,
nan,0.411409,0.241079,0.266297,0.413191,0.293488,0.312405,0.332562,0.264750,0.310482,0.358796,0.356020,0.300242,0.227021,0.262827,0.198798,0.175023,0.150432,0.081213,0.072340,0.039663,
0.615616,0.209737,0.334343,0.486493,0.343578,0.313069,0.349788,0.349734,0.266153,0.321277,0.277393,0.278020,0.226988,0.311137,0.231500,0.205457,0.187869,0.132345,0.095840,0.087399,0.036720,
nan,0.157304,0.310308,0.259103,0.220897,0.364978,0.297512,0.393711,0.345372,0.263586,0.293312,0.316032,0.288763,0.277015,0.277496,0.240770,0.156902,0.196434,0.091387,0.107434,0.065656,
0.116575,1.451630,0.489911,0.560265,0.346609,0.268209,0.247197,0.283547,0.292316,0.228936,0.217188,0.264613,0.293603,0.211128,0.274699,0.260919,0.188582,0.233995,0.143718,0.091910,0.060836,
nan,nan,nan,0.403702,0.334608,0.308273,0.433378,0.204423,0.303965,0.464998,0.148843,0.203807,0.157307,0.324064,0.248725,0.200882,0.206864,0.115474,0.596844,0.099550,0.101195,
nan,0.276535,0.205890,0.622350,0.323302,0.307059,0.210222,0.214772,0.317762,1.136988,0.123556,0.111127,0.166732,0.168858,0.105455,0.051380,0.038026,0.047621,0.026533,0.015173,nan,
0.279379,0.178900,0.362406,0.341429,0.426405,0.334987,0.237498,0.410147,0.294729,0.186796,0.189794,0.195671,0.170115,0.117268,0.125205,0.104085,0.162975,0.077755,0.024989,0.034389,0.004823,
0.214348,0.355734,0.243290,0.387111,0.325485,0.306345,0.301537,0.509372,0.313245,0.260354,0.246209,0.197337,0.166281,0.131769,0.119664,0.150969,0.083046,0.043187,0.039994,0.018591,0.011769,
0.242398,0.363943,0.343371,0.302205,0.381684,0.344427,0.305285,0.310134,0.322805,0.232829,0.230021,0.261809,0.244879,0.222646,0.106173,0.113703,0.084811,0.042005,0.028937,0.026434,0.007113,
0.223851,0.371127,0.299654,0.348023,0.330053,0.385713,0.336594,0.355232,0.323345,0.237658,0.238511,0.221102,0.164726,0.191031,0.135628,0.112946,0.110547,0.050979,0.035804,0.023712,0.010119,
0.241600,0.393068,0.341684,0.326232,0.353110,0.347688,0.318268,0.324931,0.292201,0.297055,0.222762,0.280639,0.180681,0.193482,0.166269,0.132409,0.080791,0.076703,0.033775,0.028430,0.012715,
0.183029,0.414270,0.353896,0.285819,0.339703,0.344479,0.325393,0.309246,0.317134,0.290228,0.265696,0.257786,0.176572,0.207903,0.127965,0.155829,0.096781,0.093897,0.028981,0.020378,0.014415,
0.137787,0.472312,0.323023,0.318221,0.321991,0.329733,0.331279,0.321585,0.288510,0.287824,0.250065,0.251424,0.219770,0.163740,0.159578,0.163596,0.101571,0.082319,0.042855,0.026102,0.016012,
0.141847,0.575798,0.317820,0.293777,0.333918,0.341009,0.308458,0.333124,0.312040,0.255846,0.270079,0.225992,0.206312,0.209261,0.178021,0.131089,0.112358,0.076547,0.059514,0.035999,0.014212,
0.154664,0.434526,0.242315,0.332537,0.340661,0.342454,0.336185,0.351379,0.325125,0.219352,0.279128,0.246555,0.231073,0.218207,0.177812,0.129293,0.121682,0.077493,0.047543,0.054076,0.014234,
0.135479,0.374126,0.304212,0.365390,0.395418,0.332251,0.340400,0.346506,0.351611,0.308360,0.227780,0.273048,0.221612,0.207925,0.194061,0.150242,0.133679,0.074920,0.058127,0.040213,0.037850,
0.366396,0.361916,0.287107,0.479959,0.458641,0.343571,0.378775,0.341268,0.351199,0.283674,0.293131,0.267916,0.241405,0.218011,0.190148,0.177442,0.156070,0.083543,0.074183,0.037833,0.057296,
0.136989,0.360407,0.463471,0.377291,0.432973,0.328581,0.306328,0.361497,0.352551,0.303718,0.312916,0.265457,0.240181,0.234492,0.178658,0.160702,0.162709,0.107729,0.060448,0.056136,0.042299,
1.266141,0.232661,0.409058,0.396370,0.537918,0.281508,0.290171,0.352126,0.328750,0.325447,0.247806,0.260743,0.289626,0.269603,0.231524,0.191903,0.145697,0.134393,0.084561,0.046418,0.032655,
0.320066,0.688802,0.306648,0.408264,0.422713,0.361978,0.308049,0.415870,0.385924,0.309484,0.289740,0.272668,0.254501,0.266465,0.234482,0.197487,0.156418,0.141388,0.091974,0.052757,0.087535,
0.133389,0.299142,0.413345,0.385794,0.384521,0.385497,0.241791,0.344450,0.268775,0.349767,0.245772,0.272888,0.239533,0.243270,0.249723,0.246116,0.186231,0.150846,0.118326,0.070516,0.067446,
0.106620,0.231027,0.403085,0.195324,0.295024,0.414701,0.383865,0.392624,0.424890,0.419358,0.326626,0.250869,0.268498,0.221774,0.295776,0.223324,0.156241,0.179094,0.110570,0.088583,0.072537,
0.233324,0.196493,0.117543,0.309848,0.197791,0.479220,0.324875,0.254182,0.280425,0.269271,0.335070,0.238218,0.205777,0.220924,0.201261,0.234323,0.163543,0.215982,0.210317,0.113676,0.059765,
nan,nan,nan,0.527946,0.246898,0.139857,0.261049,0.268967,0.210541,0.170921,0.212274,0.365416,0.216757,0.139201,0.142188,0.205607,0.213525,0.170271,0.173110,0.210148,0.201541,
nan,0.207038,0.354831,0.572334,0.410816,0.243018,0.701798,0.257485,0.326413,0.332620,0.191231,0.125784,0.148078,0.100203,0.349748,0.066305,0.050295,0.060878,0.198473,0.002711,nan,
0.411157,nan,0.309788,0.388830,0.529065,0.333775,0.367398,0.339548,0.213850,0.429191,0.178018,0.283367,0.181974,0.240763,0.114748,0.118478,0.072295,0.073727,0.061574,0.032668,0.005532,
0.324709,0.312795,0.223838,0.392401,0.407727,0.339577,0.324317,0.374174,0.324548,0.246677,0.225815,0.182772,0.207426,0.139191,0.101652,0.137250,0.089184,0.089732,0.025421,0.023933,0.006951,
0.262696,0.308568,0.355090,0.221878,0.356698,0.315298,0.343227,0.372781,0.338827,0.290801,0.238878,0.219481,0.180152,0.155562,0.118806,0.133935,0.081019,0.068492,0.035805,0.018238,0.011627,
0.160904,0.358258,0.335933,0.373277,0.404591,0.367336,0.318733,0.304957,0.327046,0.287211,0.233517,0.247374,0.235093,0.202447,0.120717,0.111265,0.075562,0.047622,0.034351,0.019301,0.017992,
0.279700,0.268905,0.379544,0.403623,0.366804,0.299954,0.312023,0.351659,0.313777,0.250442,0.261301,0.255638,0.211615,0.182871,0.116872,0.095604,0.087993,0.043199,0.037434,0.019232,0.032551,
0.307764,0.264277,0.390758,0.436165,0.392664,0.355130,0.420987,0.311379,0.284176,0.278983,0.256154,0.273502,0.222130,0.192311,0.173509,0.110691,0.091934,0.044015,0.039472,0.026076,0.008856,
0.207720,0.323237,0.362798,0.394172,0.398919,0.350281,0.326487,0.320766,0.313924,0.292310,0.248782,0.236370,0.252661,0.200869,0.162299,0.113534,0.089385,0.060987,0.038226,0.022492,0.009931,
0.118670,0.383469,0.301555,0.371973,0.432000,0.359398,0.331376,0.346691,0.285377,0.293462,0.241900,0.247986,0.276121,0.195704,0.158160,0.144273,0.105132,0.061047,0.038941,0.024312,0.014790,
0.153945,0.435348,0.384108,0.335814,0.415740,0.380056,0.335026,0.367866,0.298345,0.298061,0.280745,0.238095,0.246250,0.190580,0.182140,0.138169,0.113599,0.069435,0.050182,0.029158,0.014392,
0.203611,0.579106,0.416338,0.374278,0.380999,0.402209,0.363119,0.354202,0.319062,0.294633,0.293526,0.259449,0.245592,0.212358,0.179556,0.138153,0.139231,0.079181,0.053953,0.041745,0.014753,
0.193831,0.341982,0.475256,0.340015,0.309229,0.436480,0.316814,0.371320,0.318988,0.307316,0.280908,0.274361,0.274005,0.214480,0.202218,0.159551,0.154456,0.075012,0.074770,0.042415,0.019668,
0.587221,0.262048,0.557123,0.458040,0.283554,0.409904,0.374180,0.363145,0.316328,0.300154,0.287160,0.258951,0.245061,0.226528,0.208494,0.181995,0.179442,0.102760,0.076967,0.042575,0.063760,
1.664909,0.339009,0.425624,0.421748,0.324141,0.443127,0.327238,0.347361,0.331909,0.325124,0.278769,0.302196,0.254865,0.266443,0.206527,0.188354,0.188620,0.134899,0.070268,0.055274,0.038427,
0.254846,0.336003,0.378555,0.443670,0.389269,0.312789,0.298278,0.406911,0.295313,0.257557,0.306235,0.271049,0.261692,0.249122,0.239683,0.204069,0.168107,0.162975,0.078883,0.059020,0.045221,
0.072559,0.326044,0.275896,0.435866,0.432004,0.246494,0.420362,0.376752,0.270899,0.366457,0.304853,0.271457,0.296490,0.269637,0.240640,0.215877,0.192192,0.191776,0.142220,0.082369,0.041975,
0.919574,0.514864,0.478301,0.242287,0.431039,0.337699,0.467497,0.307223,0.481378,0.303153,0.246226,0.270896,0.326308,0.250480,0.269835,0.218821,0.183749,0.169903,0.117710,0.090364,0.086156,
nan,0.188408,0.227955,0.434489,0.375968,0.453924,0.288509,0.214366,0.297992,0.277512,0.267617,0.284353,0.230948,0.245070,0.265197,0.221780,0.260363,0.157986,0.179110,0.149288,0.067462,
nan,nan,nan,nan,nan,0.377304,0.366193,0.179953,0.169747,0.241014,0.285240,0.246802,0.164865,0.164618,0.245145,0.234058,0.364559,0.198812,0.129738,0.204566,0.114239,
0.442079,0.288152,0.550534,1.676946,0.318416,0.276356,0.800542,0.366255,0.337504,0.460411,0.445595,0.129791,0.238697,0.245817,0.282979,0.033909,0.037817,0.044547,0.025291,0.019391,nan,
0.370258,0.377164,0.352729,0.446834,0.282186,0.305269,0.618837,0.402886,0.273200,0.334030,0.199441,0.146326,0.299870,0.152406,0.093486,0.071033,0.055213,0.048401,0.053011,0.023430,0.008957,
0.328620,0.267155,0.353206,0.375880,0.486881,0.329993,0.368495,0.369983,0.288318,0.412951,0.199391,0.217174,0.257806,0.219439,0.105280,0.116345,0.047408,0.051317,0.050885,0.031628,0.006763,
0.454904,0.306692,0.279367,0.358524,0.393150,0.348456,0.355921,0.410800,0.266108,0.365816,0.308402,0.215483,0.222696,0.227543,0.106122,0.122549,0.064317,0.063516,0.031386,0.027654,0.006574,
0.707427,0.286578,0.315467,0.436527,0.369109,0.375823,0.366723,0.335476,0.314759,0.305409,0.277506,0.235859,0.192902,0.217138,0.102710,0.199898,0.066412,0.051575,0.027057,0.026025,0.010288,
0.675410,0.229050,0.337052,0.354772,0.409391,0.363521,0.360593,0.306571,0.356738,0.310855,0.212711,0.246259,0.206025,0.183933,0.110001,0.146118,0.057942,0.049675,0.031246,0.023569,0.012299,
0.360827,0.261312,0.448734,0.416314,0.419724,0.336121,0.334876,0.345073,0.302657,0.278641,0.224685,0.235619,0.192431,0.145690,0.129371,0.115675,0.064597,0.048656,0.038260,0.029383,0.015900,
0.159808,0.234784,0.457665,0.434905,0.370203,0.347275,0.314001,0.330216,0.301969,0.280328,0.259873,0.290482,0.167887,0.129730,0.163975,0.107116,0.069467,0.052243,0.042839,0.030266,0.019174,
0.290123,0.278069,0.336538,0.356732,0.374898,0.319207,0.313327,0.343841,0.308124,0.295683,0.257839,0.268520,0.194291,0.155883,0.181532,0.134842,0.082751,0.060678,0.044563,0.024680,0.024095,
0.564375,0.253776,0.298591,0.333652,0.410676,0.308121,0.281601,0.338392,0.310941,0.298335,0.250682,0.251690,0.216998,0.207978,0.176652,0.166896,0.100753,0.060022,0.042410,0.019304,0.054586,
0.123499,0.241880,0.239066,0.256241,0.381120,0.314628,0.279683,0.325822,0.305813,0.304762,0.279908,0.257857,0.222963,0.216448,0.161840,0.198974,0.106446,0.061945,0.063526,0.028217,0.103797,
0.195010,0.881339,0.268241,0.289967,0.297229,0.319932,0.264483,0.297196,0.292851,0.308827,0.272819,0.265953,0.249813,0.240991,0.182000,0.197380,0.120303,0.065120,0.056688,0.033689,0.015710,
0.169722,0.758976,0.257075,0.230121,0.252042,0.353788,0.326590,0.293387,0.290026,0.283358,0.285978,0.276626,0.267687,0.248402,0.186587,0.175850,0.157700,0.082684,0.058684,0.053368,0.018355,
0.096302,0.337051,0.227146,0.232976,0.360158,0.493677,0.378884,0.306915,0.308801,0.230687,0.299125,0.286771,0.274074,0.248483,0.251944,0.189732,0.188204,0.110558,0.071886,0.057019,0.023020,
0.432584,0.276874,0.247500,0.391090,0.546824,0.410436,0.344511,0.239060,0.273274,0.300180,0.283167,0.298192,0.242706,0.263628,0.248474,0.207839,0.177170,0.149761,0.095617,0.070095,0.056063,
0.227889,0.687496,0.266318,0.387006,0.259344,0.221534,0.284678,0.233325,0.305079,0.323368,0.219542,0.268111,0.261455,0.300905,0.267470,0.222534,0.189010,0.190906,0.100352,0.080067,0.049915,
0.229654,0.404276,0.255790,0.339924,0.467915,0.464124,0.549533,0.244195,0.240338,0.306103,0.314773,0.256105,0.254401,0.322068,0.235275,0.281809,0.206460,0.173558,0.171697,0.138391,0.043442,
0.279498,0.459205,0.428230,0.245121,0.263387,0.406275,0.530293,0.265329,0.434533,0.418458,0.226084,0.175899,0.219830,0.213117,0.237910,0.285723,0.225992,0.208971,0.191995,0.084618,0.136733,
nan,nan,nan,nan,nan,nan,nan,nan,nan,nan,0.196430,0.272476,0.124894,0.187284,0.169128,0.434003,0.355919,0.311079,0.186918,0.179399,0.262482,
