0.033012,0.117270,0.109790,0.106901,0.080468,0.079112,0.069255,0.063634,0.046763,0.058372,0.061882,0.045218,0.029820,0.046384,0.025812,0.017711,0.007068,0.014180,0.005197,0.006773,0.000237,
0.092066,0.103270,0.114444,0.085507,0.099976,0.082848,0.081037,0.076253,0.054426,0.053530,0.053125,0.056210,0.059031,0.037948,0.021680,0.025682,0.014528,0.011520,0.006178,0.005544,0.001396,
0.088691,0.093738,0.110326,0.093328,0.092821,0.083355,0.081304,0.085493,0.069121,0.058214,0.049362,0.050555,0.049546,0.034813,0.021006,0.022601,0.013080,0.012391,0.005430,0.006680,0.001331,
0.094722,0.086279,0.107742,0.089408,0.088277,0.083260,0.085922,0.077973,0.074563,0.055093,0.055784,0.051564,0.040302,0.035707,0.023697,0.021311,0.013586,0.013227,0.006179,0.005480,0.001842,
0.086323,0.078526,0.100396,0.085836,0.086826,0.078794,0.080570,0.076029,0.070800,0.050295,0.052144,0.049405,0.036090,0.034864,0.024109,0.019275,0.012442,0.013912,0.008302,0.005280,0.003157,
0.092102,0.078862,0.093753,0.078384,0.081520,0.075013,0.073080,0.069465,0.068516,0.047267,0.050576,0.044165,0.038771,0.033206,0.023676,0.019862,0.015646,0.014743,0.009711,0.006087,0.003162,
0.096983,0.077237,0.083709,0.074290,0.076137,0.068825,0.071237,0.063561,0.062625,0.046444,0.052246,0.041765,0.039367,0.033414,0.028621,0.020979,0.018288,0.016887,0.016098,0.007334,0.004957,
0.093198,0.073076,0.075877,0.069113,0.068970,0.061490,0.068568,0.056177,0.054382,0.042520,0.048773,0.043555,0.036933,0.033299,0.030514,0.023251,0.020781,0.019554,0.018977,0.009244,0.005414,
0.088800,0.067715,0.067695,0.064462,0.062234,0.055094,0.068006,0.054112,0.050860,0.041035,0.045509,0.045527,0.035421,0.034598,0.033548,0.028194,0.023841,0.021878,0.021902,0.012344,0.006288,
0.079029,0.060646,0.063200,0.059462,0.056741,0.050327,0.059193,0.048773,0.047788,0.039706,0.043285,0.048306,0.038058,0.036920,0.037010,0.035636,0.030301,0.029672,0.024254,0.014430,0.008007,
0.069877,0.054639,0.055371,0.056877,0.051998,0.048335,0.051657,0.043345,0.044602,0.039935,0.043367,0.047189,0.042654,0.042965,0.043794,0.045318,0.037625,0.041453,0.032038,0.019149,0.007270,
0.043346,0.053450,0.050668,0.052880,0.046776,0.048351,0.050371,0.042166,0.043409,0.041193,0.046853,0.048539,0.050525,0.052934,0.053142,0.058569,0.049104,0.055211,0.040869,0.027237,0.006319,
0.039855,0.041939,0.043779,0.047823,0.043176,0.044486,0.050105,0.040171,0.042540,0.046248,0.056266,0.051305,0.059120,0.066799,0.069013,0.075487,0.067534,0.073540,0.046096,0.031364,0.007652,
0.051075,0.048313,0.043367,0.041756,0.043863,0.041348,0.051052,0.041296,0.044004,0.047025,0.061496,0.058083,0.071974,0.084555,0.095714,0.101718,0.100029,0.101018,0.071954,0.033864,0.013059,
0.025295,0.040695,0.048878,0.039284,0.043578,0.043067,0.049227,0.044618,0.050624,0.059496,0.073522,0.076820,0.093780,0.102135,0.122718,0.123243,0.148059,0.127294,0.096401,0.024432,0.004582,
0.036126,0.040544,0.046409,0.036115,0.041702,0.048807,0.049045,0.050774,0.061416,0.077110,0.080318,0.096783,0.123604,0.142091,0.168728,0.168467,0.201295,0.171902,0.098283,0.028973,0.007537,
0.032490,0.045985,0.058845,0.041869,0.044301,0.048861,0.052130,0.051191,0.070717,0.101428,0.111057,0.126722,0.180434,0.181250,0.221587,0.243868,0.242787,0.179100,0.049666,0.010352,0.004811,
0.108079,0.056953,0.036123,0.035890,0.080894,0.073959,0.064249,0.064028,0.106285,0.094654,0.126138,0.151815,0.223703,0.222663,0.281756,0.355907,0.292141,0.130503,0.030495,0.006956,0.005832,
nan,nan,nan,nan,nan,nan,nan,nan,nan,nan,0.173167,0.175740,0.226855,0.387532,0.431410,0.192567,0.140468,0.013501,0.005814,0.003639,nan,
nan,nan,0.090575,0.126130,0.112850,0.076043,0.066253,0.073982,0.033408,0.056066,0.062027,0.067177,0.074942,0.040335,0.028893,0.023079,0.022742,0.006139,0.006982,0.003501,0.006189,
nan,0.093670,0.101953,0.109979,0.102524,0.087917,0.089922,0.082154,0.076739,0.066525,0.058790,0.049887,0.040440,0.033361,0.027340,0.017440,0.015185,0.009926,0.005326,0.005164,0.002486,
0.105816,0.108027,0.097390,0.102747,0.098190,0.101108,0.087611,0.084774,0.073614,0.067515,0.061735,0.047832,0.037946,0.034596,0.027982,0.016122,0.014187,0.008845,0.007685,0.003739,0.003213,
0.114841,0.112603,0.095540,0.097184,0.094173,0.092404,0.085763,0.077584,0.063296,0.071428,0.053903,0.046690,0.036156,0.030914,0.026548,0.018506,0.013741,0.009260,0.009057,0.004738,0.003709,
0.124434,0.104661,0.093618,0.089423,0.090582,0.088113,0.083142,0.076256,0.062371,0.068784,0.054391,0.047616,0.040291,0.029842,0.027806,0.021114,0.016857,0.011493,0.011840,0.006141,0.004338,
0.128874,0.093998,0.090063,0.083753,0.086703,0.077913,0.077660,0.065872,0.060609,0.062396,0.052690,0.046774,0.039397,0.029518,0.029079,0.022819,0.016545,0.013359,0.012180,0.006313,0.003929,
0.129950,0.084037,0.083858,0.076690,0.083496,0.070781,0.069192,0.060007,0.057354,0.055826,0.047098,0.047852,0.038509,0.030204,0.027801,0.023310,0.018128,0.015504,0.013062,0.007680,0.005522,
0.117985,0.077165,0.076550,0.070488,0.074264,0.071854,0.064651,0.053895,0.052323,0.050598,0.045773,0.045153,0.037761,0.035935,0.029166,0.026401,0.021339,0.019378,0.015243,0.008975,0.006925,
0.109109,0.069827,0.068587,0.063720,0.068898,0.062709,0.057245,0.050107,0.050824,0.044681,0.044242,0.044062,0.037433,0.034908,0.032574,0.030843,0.024587,0.023736,0.018186,0.011388,0.005645,
0.085665,0.061340,0.061851,0.057553,0.065426,0.055046,0.051410,0.046893,0.049807,0.043594,0.043039,0.045612,0.040568,0.038285,0.034587,0.037289,0.030234,0.030114,0.022646,0.015322,0.006814,
0.076129,0.056459,0.056230,0.051900,0.062744,0.050698,0.046726,0.043334,0.050318,0.042376,0.043939,0.048182,0.041007,0.044813,0.041844,0.046642,0.039161,0.036753,0.030062,0.018463,0.008142,
0.052246,0.051951,0.051246,0.047505,0.056931,0.047984,0.044974,0.043065,0.052154,0.043653,0.045213,0.050178,0.047771,0.051889,0.050632,0.055555,0.051394,0.047739,0.038666,0.024527,0.008312,
0.040154,0.052428,0.045725,0.045615,0.054908,0.043169,0.042639,0.043303,0.052575,0.046294,0.050951,0.058041,0.055941,0.061645,0.068512,0.072762,0.072493,0.061285,0.055516,0.025693,0.007065,
0.051734,0.048216,0.037563,0.041687,0.047990,0.042872,0.044129,0.047273,0.051891,0.051895,0.060974,0.065651,0.069545,0.073301,0.086295,0.099791,0.096141,0.082615,0.070895,0.024840,0.007039,
0.075513,0.054869,0.037621,0.049083,0.044215,0.044245,0.047556,0.053752,0.053852,0.061190,0.074310,0.075921,0.093163,0.094894,0.122758,0.128071,0.140703,0.116946,0.082321,0.027408,0.008690,
0.029541,0.044515,0.039497,0.046008,0.043057,0.047365,0.053370,0.064589,0.061182,0.075430,0.097887,0.094586,0.125912,0.138091,0.156205,0.179865,0.172998,0.162237,0.079493,0.017580,0.007503,
0.031971,0.029008,0.036724,0.045524,0.045470,0.048716,0.054023,0.063405,0.073238,0.094958,0.110801,0.119597,0.146989,0.188214,0.226563,0.246655,0.239896,0.180721,0.045412,0.011583,0.006401,
nan,0.044519,0.037125,0.043780,0.065806,0.054468,0.075234,0.072072,0.098503,0.110871,0.137430,0.165910,0.194706,0.237531,0.286294,0.294909,0.248113,0.107750,0.033269,0.007827,0.003875,
nan,nan,nan,nan,0.057787,0.036789,0.061731,0.093467,0.107559,0.133192,0.176150,0.180354,0.312973,0.297181,0.254053,0.316308,0.185591,0.028474,0.011399,0.005917,0.000891,
nan,0.087957,0.094899,0.154329,0.103385,0.091248,0.127881,0.144988,0.068459,0.059346,0.058508,0.077029,0.075044,0.030683,0.022156,0.020125,0.019127,0.006064,0.008517,0.005952,0.000191,
0.094108,0.128475,0.098740,0.095975,0.086447,0.099840,0.086521,0.085626,0.064894,0.067698,0.063818,0.050100,0.047218,0.038384,0.023437,0.015828,0.015304,0.007647,0.005983,0.003702,0.003384,
0.082426,0.107821,0.110370,0.101273,0.101289,0.086662,0.089967,0.072958,0.060603,0.079109,0.054961,0.053511,0.039645,0.029057,0.024656,0.019414,0.012794,0.009898,0.008113,0.004428,0.003356,
0.073143,0.093943,0.099504,0.094409,0.099915,0.083538,0.085913,0.079467,0.067305,0.064941,0.053556,0.050721,0.044476,0.032424,0.027774,0.021865,0.014164,0.011190,0.008596,0.004886,0.002228,
0.068769,0.090746,0.095027,0.089158,0.097102,0.078770,0.072124,0.067121,0.064826,0.055977,0.059804,0.045371,0.037038,0.035149,0.027153,0.020115,0.015619,0.011434,0.008125,0.004753,0.003467,
0.053699,0.086346,0.086813,0.078225,0.093937,0.074640,0.070166,0.063870,0.065375,0.055015,0.050186,0.045388,0.033601,0.036163,0.026611,0.020123,0.017844,0.013634,0.010803,0.006133,0.004441,
0.054450,0.080596,0.080759,0.073997,0.083232,0.070208,0.066723,0.063193,0.063616,0.051520,0.051283,0.042103,0.032350,0.036280,0.026999,0.024291,0.020459,0.014762,0.011989,0.008091,0.004833,
0.051404,0.074907,0.071165,0.066242,0.079675,0.060988,0.060693,0.061404,0.057468,0.049925,0.045576,0.041451,0.032578,0.032508,0.028401,0.027523,0.022890,0.017002,0.014646,0.010140,0.005805,
0.049219,0.064254,0.068163,0.059462,0.072083,0.055204,0.058081,0.055057,0.055674,0.049973,0.043355,0.039566,0.034496,0.034533,0.029947,0.031000,0.027429,0.020308,0.017390,0.010301,0.005839,
0.058362,0.058500,0.060176,0.056645,0.061792,0.053623,0.052871,0.052671,0.052199,0.047200,0.041974,0.040506,0.037444,0.038075,0.033649,0.034090,0.036277,0.026383,0.021026,0.012800,0.007664,
0.056775,0.052463,0.052301,0.050530,0.056937,0.049170,0.051211,0.050203,0.048730,0.047565,0.044466,0.043746,0.042043,0.042469,0.040884,0.041891,0.042324,0.032996,0.029053,0.018079,0.006800,
0.056002,0.048694,0.046622,0.051937,0.051182,0.047169,0.049568,0.047841,0.045018,0.046594,0.045956,0.049566,0.045975,0.050076,0.055829,0.053928,0.054160,0.045981,0.034046,0.019492,0.006045,
0.040301,0.046169,0.041573,0.045562,0.048627,0.045002,0.050067,0.044212,0.047862,0.050010,0.051871,0.054149,0.056709,0.060918,0.075706,0.069787,0.070043,0.060605,0.045394,0.024010,0.008952,
0.031762,0.040007,0.041203,0.042717,0.043304,0.043188,0.053374,0.047732,0.051856,0.049948,0.059259,0.064431,0.068485,0.077438,0.093788,0.097183,0.097210,0.088571,0.056800,0.024870,0.006854,
0.054929,0.035658,0.039458,0.041905,0.042778,0.047480,0.052121,0.049129,0.054048,0.062395,0.071643,0.077304,0.086336,0.098421,0.122759,0.129508,0.129490,0.115501,0.067356,0.024314,0.006771,
0.041064,0.036758,0.038255,0.041742,0.048852,0.057717,0.052026,0.058231,0.063718,0.074538,0.085446,0.098050,0.119508,0.132858,0.158866,0.167706,0.175820,0.121613,0.073134,0.017813,0.006762,
nan,0.036873,0.057525,0.044976,0.045883,0.050143,0.051566,0.067160,0.076659,0.088891,0.102384,0.114989,0.139208,0.160735,0.213236,0.218453,0.214955,0.145358,0.057629,0.010218,0.004694,
0.035324,0.031111,0.030709,0.037110,0.077440,0.060999,0.078347,0.068827,0.093654,0.097056,0.160388,0.158025,0.192800,0.207643,0.262994,0.284417,0.211325,0.092293,0.027627,0.007728,0.002710,
nan,nan,nan,0.047681,0.077888,0.066015,0.046581,0.092658,0.097654,0.142204,0.101218,0.205262,0.188250,0.275490,0.297746,0.231300,0.173097,0.041545,0.010086,0.015153,0.007982,
nan,0.069998,0.120305,0.102544,0.158284,0.100884,0.079722,0.073873,0.075405,0.099894,0.107178,0.050958,0.033352,0.061948,0.010967,0.020906,0.028357,0.005109,0.002802,0.006391,0.001636,
0.090791,0.096852,0.114937,0.101199,0.107751,0.087902,0.091188,0.083656,0.064945,0.066550,0.064065,0.048953,0.037291,0.030279,0.031234,0.019946,0.013380,0.009342,0.007866,0.004394,0.003452,
0.095183,0.108788,0.100124,0.093312,0.099237,0.087045,0.086952,0.086404,0.071197,0.065963,0.056785,0.050578,0.042470,0.033136,0.029031,0.021600,0.013847,0.011088,0.008325,0.004399,0.002112,
0.090926,0.108046,0.095105,0.091811,0.106656,0.086008,0.082355,0.067800,0.076415,0.062100,0.059709,0.047033,0.035260,0.035653,0.025127,0.019928,0.015599,0.011256,0.006979,0.003917,0.003194,
0.096909,0.099590,0.082577,0.085073,0.094418,0.085704,0.084364,0.075575,0.073711,0.060619,0.050581,0.047289,0.031882,0.032746,0.024576,0.020993,0.017803,0.012415,0.008829,0.006108,0.003024,
0.102800,0.092421,0.084126,0.084320,0.087430,0.081374,0.073249,0.073682,0.066053,0.057516,0.048656,0.041213,0.034743,0.030516,0.024738,0.023385,0.018946,0.012456,0.009792,0.007170,0.004797,
0.074923,0.079643,0.085125,0.075246,0.076906,0.073310,0.066758,0.069669,0.057548,0.057152,0.047613,0.041650,0.035568,0.030435,0.025194,0.024687,0.019298,0.015095,0.011051,0.006336,0.006176,
0.058060,0.073736,0.083277,0.071836,0.070692,0.069123,0.064028,0.061219,0.055282,0.052235,0.041389,0.042311,0.037863,0.030850,0.030586,0.024032,0.023481,0.018119,0.012666,0.008304,0.005321,
0.046469,0.070269,0.072668,0.067329,0.065117,0.062301,0.060188,0.055250,0.049490,0.047911,0.043241,0.042247,0.036818,0.034132,0.032324,0.029644,0.026360,0.022392,0.015708,0.011856,0.004276,
0.037982,0.062065,0.066879,0.060454,0.059992,0.054952,0.054529,0.050135,0.048027,0.044216,0.042931,0.041673,0.036446,0.037179,0.035102,0.036850,0.030691,0.028011,0.019447,0.013627,0.006483,
0.041624,0.053027,0.053454,0.056356,0.054085,0.049374,0.050002,0.048705,0.047267,0.045005,0.044517,0.043209,0.039420,0.043799,0.043049,0.042970,0.040692,0.038878,0.024799,0.016328,0.007306,
0.040285,0.050290,0.046524,0.051891,0.048051,0.045658,0.046962,0.046524,0.046403,0.045541,0.045330,0.045055,0.042644,0.050489,0.051635,0.049865,0.050737,0.048236,0.032449,0.019176,0.006994,
0.037297,0.038337,0.048171,0.048109,0.043125,0.042423,0.043828,0.045291,0.048057,0.047508,0.049415,0.050882,0.054503,0.060013,0.061364,0.066415,0.066123,0.055238,0.041610,0.022181,0.005514,
0.032959,0.036432,0.048657,0.044377,0.038739,0.040760,0.043636,0.043602,0.048752,0.054482,0.055308,0.062914,0.063516,0.072584,0.079726,0.086428,0.088968,0.080404,0.055469,0.021679,0.006740,
0.023642,0.034993,0.037559,0.041177,0.037478,0.045933,0.041202,0.046499,0.056530,0.066154,0.071351,0.072247,0.081665,0.092764,0.106612,0.118682,0.124148,0.100663,0.058139,0.018446,0.007481,
0.029739,0.033923,0.038832,0.036091,0.039021,0.048545,0.045813,0.058482,0.054718,0.079959,0.079985,0.090518,0.097932,0.123347,0.143945,0.145763,0.151628,0.123242,0.055696,0.020119,0.006015,
0.046078,0.030261,0.034675,0.039514,0.040099,0.055442,0.056089,0.067816,0.074966,0.097154,0.107763,0.113517,0.152447,0.158714,0.169318,0.188518,0.176071,0.111174,0.047327,0.013186,0.005186,
nan,0.045912,0.047563,0.040725,0.040211,0.052158,0.072556,0.068015,0.079646,0.100236,0.123034,0.137340,0.199341,0.182635,0.218072,0.210368,0.155293,0.097417,0.022798,0.004138,0.001768,
nan,nan,0.027064,0.021583,0.052360,0.087165,0.055167,0.084952,0.108263,0.101477,0.134044,0.203472,0.242644,0.229889,0.302917,0.182306,0.132574,0.042522,0.009896,0.006450,0.002131,
nan,0.082792,0.070987,0.124845,0.092894,0.099590,0.088864,0.076706,0.067447,0.065030,0.045566,0.049134,0.042073,0.037013,0.048066,0.016768,0.013955,0.012320,0.005974,0.005948,0.000566,
0.094787,0.115097,0.107832,0.121653,0.110026,0.089905,0.086224,0.088988,0.067185,0.088314,0.060505,0.056258,0.038175,0.027124,0.020099,0.015930,0.011631,0.009725,0.008813,0.003583,0.001679,
0.103892,0.119504,0.094592,0.104476,0.116780,0.090508,0.093552,0.070795,0.075664,0.061235,0.062304,0.048665,0.034412,0.028258,0.027135,0.019133,0.014580,0.009885,0.006308,0.003172,0.001600,
0.100410,0.104593,0.102492,0.091499,0.093333,0.095469,0.082623,0.081570,0.069461,0.059294,0.050820,0.049313,0.031391,0.030687,0.024907,0.018872,0.016528,0.011699,0.007781,0.004997,0.002839,
0.088702,0.098287,0.101794,0.092773,0.085038,0.088528,0.076357,0.074709,0.067962,0.064089,0.051541,0.041524,0.035562,0.031458,0.025387,0.020740,0.017681,0.011380,0.008738,0.005236,0.004991,
0.082796,0.094623,0.093326,0.087732,0.080277,0.076797,0.075841,0.071216,0.062048,0.057474,0.044869,0.047925,0.035907,0.031299,0.025616,0.020622,0.018368,0.013146,0.008434,0.004959,0.004489,
0.084559,0.082360,0.080818,0.083624,0.079780,0.073643,0.065663,0.062442,0.058954,0.053143,0.046958,0.044977,0.035900,0.031419,0.028208,0.023564,0.019603,0.015776,0.010999,0.006484,0.003723,
0.107596,0.069784,0.073871,0.080032,0.072151,0.066350,0.060752,0.057436,0.055317,0.049391,0.049667,0.038519,0.033431,0.032264,0.027364,0.028232,0.021082,0.017087,0.012824,0.008326,0.004353,
0.050724,0.065834,0.065334,0.071645,0.063835,0.062723,0.054080,0.055303,0.054705,0.044707,0.044564,0.038592,0.036252,0.033711,0.030649,0.029431,0.025998,0.023068,0.016274,0.009820,0.005280,
0.048395,0.061769,0.061284,0.062187,0.059241,0.054944,0.049930,0.048644,0.047050,0.045788,0.040105,0.038509,0.035979,0.037183,0.035938,0.032781,0.030540,0.026509,0.019167,0.011840,0.006060,
0.047715,0.060114,0.052834,0.057593,0.054990,0.050652,0.046573,0.045104,0.047009,0.040854,0.043548,0.040139,0.039797,0.039005,0.038653,0.037557,0.035232,0.033349,0.025226,0.014215,0.007307,
0.037657,0.063775,0.052374,0.048347,0.048253,0.046938,0.044281,0.044529,0.045520,0.042902,0.047390,0.042850,0.045428,0.046007,0.045592,0.050831,0.045944,0.043072,0.031543,0.015189,0.008769,
0.044913,0.064075,0.048398,0.051199,0.045143,0.045691,0.042616,0.047116,0.048818,0.041055,0.051470,0.050317,0.049938,0.057258,0.062093,0.061791,0.059953,0.057478,0.041465,0.017549,0.004786,
0.037239,0.036905,0.049650,0.045066,0.045884,0.043025,0.045081,0.044646,0.048795,0.046608,0.056312,0.060810,0.060403,0.072302,0.074828,0.074421,0.075687,0.068389,0.045820,0.017462,0.008632,
0.045189,0.034780,0.052530,0.046959,0.038192,0.040992,0.045424,0.054219,0.052903,0.056605,0.067501,0.069315,0.077361,0.099255,0.093627,0.098572,0.097858,0.079776,0.055878,0.017550,0.008218,
0.076786,0.026938,0.038948,0.045231,0.040055,0.042516,0.055156,0.056777,0.057211,0.067452,0.079901,0.083066,0.097909,0.116776,0.124826,0.131385,0.118534,0.096786,0.050233,0.014706,0.007865,
0.024938,0.046087,0.047826,0.035670,0.038401,0.053713,0.054448,0.064560,0.071106,0.087235,0.094812,0.108127,0.141012,0.150102,0.165312,0.158451,0.138035,0.098940,0.033910,0.009235,0.005216,
0.029073,0.029432,0.049628,0.039233,0.042719,0.055139,0.057819,0.065497,0.080829,0.089267,0.102252,0.124275,0.170195,0.188926,0.193344,0.185332,0.134481,0.065330,0.025496,0.004437,0.003355,
nan,nan,0.133517,0.078204,0.047231,0.035400,0.048830,0.093755,0.123384,0.192542,0.136959,0.179073,0.167300,0.182613,0.177911,0.177338,0.104142,0.020013,0.004893,0.004327,0.000630,
nan,0.080538,0.072347,0.081700,0.092099,0.107654,0.083905,0.088535,0.061072,0.083724,0.050811,0.048902,0.048747,0.027445,0.018141,0.027063,0.010266,0.013707,0.002052,0.008479,0.001401,
0.126393,0.132695,0.108989,0.092979,0.090274,0.086753,0.094983,0.084948,0.075633,0.065008,0.050657,0.042895,0.042787,0.031016,0.029567,0.021481,0.015672,0.012054,0.005819,0.003922,0.002742,
0.074890,0.098080,0.109368,0.083027,0.094442,0.097122,0.094517,0.080014,0.087245,0.063369,0.055335,0.050282,0.037267,0.039379,0.024033,0.021445,0.017744,0.012163,0.005826,0.004502,0.002743,
0.088384,0.098910,0.101584,0.104097,0.086735,0.091504,0.080609,0.080309,0.071649,0.071555,0.053466,0.040391,0.035716,0.031888,0.023103,0.018658,0.015801,0.009904,0.008511,0.004687,0.003823,
0.111521,0.102571,0.088348,0.095097,0.097454,0.086838,0.075035,0.075209,0.068215,0.055357,0.047404,0.051058,0.036079,0.032236,0.024110,0.020056,0.014928,0.013393,0.006978,0.004346,0.003206,
0.084213,0.098297,0.083967,0.091415,0.088552,0.076601,0.072101,0.068728,0.063508,0.055631,0.054355,0.045966,0.034927,0.031954,0.028361,0.022324,0.016741,0.013119,0.009999,0.006146,0.003108,
0.117561,0.092336,0.072932,0.082129,0.074374,0.072434,0.067145,0.063115,0.060560,0.052667,0.047971,0.041157,0.035028,0.031879,0.025206,0.025091,0.018164,0.014607,0.010565,0.006654,0.004427,
0.090407,0.090603,0.064757,0.070917,0.064569,0.068167,0.058984,0.059036,0.054860,0.053686,0.043718,0.039365,0.034091,0.033423,0.029719,0.025954,0.022285,0.018583,0.014136,0.007919,0.004307,
0.097114,0.072925,0.061237,0.063427,0.059302,0.062843,0.052759,0.055192,0.050226,0.048481,0.043606,0.037986,0.033448,0.033463,0.029480,0.026676,0.025144,0.019858,0.014740,0.009614,0.005171,
0.079956,0.063201,0.052678,0.057044,0.054730,0.056598,0.049565,0.051712,0.047055,0.045659,0.042031,0.040175,0.034943,0.034632,0.030983,0.031976,0.027986,0.024708,0.019742,0.010502,0.006572,
0.052245,0.054894,0.047921,0.053166,0.048505,0.057461,0.046343,0.045731,0.044700,0.044626,0.041159,0.039262,0.037989,0.036903,0.038556,0.040214,0.035668,0.032631,0.021894,0.012076,0.004373,
0.050041,0.050019,0.043757,0.048714,0.044090,0.049501,0.046769,0.043504,0.043004,0.045129,0.043933,0.043492,0.041409,0.043919,0.045832,0.043935,0.042994,0.039862,0.027506,0.014876,0.006380,
0.042551,0.040264,0.038518,0.040986,0.041310,0.045446,0.043740,0.042331,0.043391,0.049412,0.049291,0.047326,0.045825,0.055513,0.054224,0.054755,0.050791,0.045161,0.034839,0.016287,0.007326,
0.052143,0.054074,0.038509,0.038424,0.042109,0.042691,0.043780,0.044164,0.043773,0.050924,0.054704,0.055430,0.053688,0.066565,0.074977,0.071912,0.065983,0.057100,0.038143,0.015956,0.006672,
0.037132,0.036313,0.037366,0.037953,0.044875,0.037401,0.046777,0.047035,0.047302,0.050292,0.064721,0.068407,0.068742,0.090120,0.083370,0.085835,0.086570,0.069651,0.042803,0.016725,0.008606,
0.051623,0.030080,0.047230,0.034463,0.040398,0.038029,0.050050,0.049653,0.051122,0.063269,0.070235,0.071917,0.090758,0.099601,0.112582,0.117529,0.110149,0.083591,0.041191,0.010811,0.004450,
0.031213,0.060902,0.037442,0.038265,0.045622,0.052178,0.053247,0.060372,0.065087,0.081107,0.092255,0.103878,0.114597,0.132312,0.142337,0.136545,0.121074,0.075173,0.027382,0.008956,0.005171,
nan,0.038869,0.051648,0.031700,0.053001,0.068315,0.056597,0.066956,0.076762,0.097926,0.102851,0.120150,0.163869,0.150938,0.165945,0.139965,0.107999,0.052367,0.015699,0.004126,0.002269,
nan,0.021853,nan,0.019002,0.041639,0.058731,0.084753,0.073394,0.078313,0.079840,0.191641,0.102731,0.149446,0.158430,0.166252,0.123752,0.082614,0.037723,0.020392,0.008449,0.001084,
nan,0.141615,0.113765,0.091885,0.093931,0.097253,0.071956,0.097184,0.042960,0.066064,0.052174,0.059024,0.041547,0.067219,0.021163,0.020372,0.015537,0.008683,0.006793,0.003899,0.004166,
0.091070,0.100923,0.106707,0.110185,0.105277,0.097171,0.095545,0.077763,0.067169,0.066710,0.057709,0.060322,0.041815,0.037994,0.026907,0.020391,0.011594,0.009919,0.009409,0.004120,0.002113,
0.145377,0.106175,0.097305,0.108732,0.093526,0.092419,0.077598,0.086266,0.066600,0.062855,0.049213,0.047350,0.031944,0.028613,0.022522,0.019062,0.016209,0.010938,0.007078,0.004324,0.002908,
0.096669,0.119289,0.092165,0.098031,0.101139,0.088781,0.081663,0.081361,0.073563,0.060345,0.051771,0.054237,0.035735,0.029502,0.026789,0.019551,0.012886,0.011505,0.006624,0.004054,0.004119,
0.089608,0.105548,0.089277,0.091103,0.091792,0.081067,0.074702,0.073012,0.066364,0.062571,0.057136,0.048451,0.035227,0.032369,0.029290,0.021408,0.015699,0.012476,0.008944,0.004617,0.003036,
0.087237,0.104046,0.077122,0.079494,0.084842,0.082169,0.067368,0.068764,0.062824,0.054869,0.051235,0.043368,0.038155,0.032810,0.024240,0.021830,0.014989,0.012716,0.009008,0.005402,0.003617,
0.079653,0.091518,0.076245,0.074212,0.075470,0.077052,0.063556,0.064789,0.058188,0.057503,0.047454,0.041813,0.033863,0.032826,0.027853,0.023693,0.019845,0.015252,0.012604,0.006859,0.004304,
0.085371,0.081627,0.068846,0.067700,0.066158,0.072275,0.059905,0.060254,0.053171,0.049313,0.044326,0.041304,0.034919,0.031023,0.025208,0.023399,0.020272,0.016016,0.011763,0.007282,0.004138,
0.081876,0.078157,0.062173,0.063606,0.060432,0.068365,0.060587,0.056138,0.048682,0.050139,0.040297,0.039149,0.034019,0.032180,0.028882,0.027687,0.022659,0.017964,0.015684,0.009145,0.005180,
0.069184,0.067603,0.055697,0.057608,0.056695,0.059581,0.055766,0.050732,0.046584,0.045395,0.043789,0.037375,0.035314,0.032511,0.032635,0.030111,0.028252,0.025452,0.017434,0.010012,0.004044,
0.074210,0.060868,0.053872,0.049788,0.053317,0.054462,0.051159,0.049893,0.042299,0.045840,0.044402,0.038349,0.035487,0.037304,0.035115,0.034524,0.031008,0.029350,0.020704,0.011206,0.006662,
0.058217,0.052284,0.048148,0.044797,0.049575,0.047486,0.046540,0.044721,0.041339,0.044858,0.043021,0.042579,0.038747,0.041653,0.040905,0.040772,0.037266,0.034299,0.026344,0.013065,0.006097,
0.050196,0.046989,0.042959,0.044656,0.043710,0.045511,0.051171,0.045270,0.041959,0.042638,0.046241,0.048127,0.045925,0.049200,0.052231,0.049093,0.048282,0.039446,0.028708,0.014017,0.005769,
0.040915,0.043754,0.038143,0.035216,0.043114,0.042036,0.048766,0.045117,0.044761,0.048162,0.048654,0.049919,0.053665,0.059527,0.061054,0.062301,0.065618,0.051373,0.034777,0.015303,0.006162,
0.058709,0.031029,0.036545,0.038632,0.037162,0.046007,0.051633,0.048169,0.049323,0.053799,0.052102,0.062540,0.066571,0.070436,0.076139,0.086394,0.067870,0.060876,0.035457,0.012366,0.005203,
0.017488,0.033601,0.031898,0.035123,0.041603,0.047989,0.060732,0.050041,0.055449,0.064345,0.063054,0.072901,0.073343,0.089887,0.104099,0.105600,0.080860,0.069338,0.031483,0.013562,0.002846,
0.110711,0.034195,0.044409,0.035424,0.044562,0.047477,0.057339,0.053540,0.060492,0.061158,0.084056,0.081325,0.104650,0.100653,0.119928,0.108834,0.095847,0.063318,0.030787,0.008250,0.003311,
0.069884,0.033253,0.051558,0.045141,0.048417,0.055691,0.052718,0.072992,0.087194,0.077915,0.089345,0.106803,0.125676,0.155443,0.132302,0.113478,0.084709,0.042285,0.013673,0.004595,0.001056,
nan,0.024808,nan,0.036742,0.043434,0.059472,0.050131,0.057087,0.123273,0.144655,0.092537,0.110286,0.155996,0.152024,0.080482,0.105637,0.042394,0.024292,0.005130,0.003034,0.000235,
nan,0.104772,0.089007,0.107192,0.091985,0.142441,0.136764,0.061626,0.076509,0.050387,0.069720,0.043322,0.043319,0.041522,0.039978,0.018439,0.018281,0.008618,0.009077,0.005377,0.002630,
0.155989,0.107691,0.099496,0.107969,0.111122,0.098645,0.088398,0.076067,0.078247,0.057446,0.065615,0.046460,0.039662,0.034386,0.022982,0.021959,0.016731,0.009616,0.004586,0.003195,0.002352,
0.089609,0.132161,0.112664,0.095243,0.106641,0.096229,0.084099,0.076100,0.073374,0.074828,0.056662,0.042657,0.038086,0.032502,0.022183,0.017723,0.015122,0.009593,0.008793,0.004340,0.002806,
0.115953,0.091065,0.095911,0.094793,0.095582,0.081050,0.079107,0.082904,0.069408,0.059775,0.048958,0.046557,0.041857,0.037176,0.020499,0.020579,0.013508,0.012535,0.006281,0.003808,0.002745,
0.082427,0.088195,0.087529,0.084094,0.090663,0.093198,0.072016,0.071953,0.064777,0.058288,0.057991,0.044812,0.035650,0.034149,0.027733,0.020467,0.015561,0.009876,0.007653,0.005204,0.003326,
0.087430,0.077715,0.094363,0.080113,0.079714,0.083362,0.069618,0.068728,0.063626,0.061716,0.052779,0.045210,0.035814,0.031141,0.027287,0.024524,0.018648,0.013475,0.011030,0.005814,0.004344,
0.063916,0.081469,0.095789,0.069827,0.075570,0.083014,0.073116,0.064884,0.061505,0.057573,0.044678,0.041125,0.035244,0.031795,0.024636,0.020696,0.017083,0.012148,0.009644,0.006787,0.002913,
0.078451,0.076411,0.084129,0.072500,0.069922,0.073526,0.070642,0.059768,0.055081,0.053615,0.043703,0.039654,0.031552,0.031691,0.026603,0.024832,0.019133,0.014818,0.011937,0.006852,0.004872,
0.061945,0.068629,0.074203,0.062126,0.068225,0.067783,0.060606,0.053750,0.050329,0.047143,0.043475,0.035096,0.033606,0.031205,0.026147,0.024521,0.023311,0.017897,0.016233,0.009033,0.003466,
0.067825,0.059841,0.059974,0.059682,0.060894,0.057386,0.054490,0.051918,0.044875,0.044033,0.041857,0.037883,0.034110,0.031690,0.029629,0.026525,0.024634,0.022120,0.015854,0.009664,0.004933,
0.041082,0.056623,0.052411,0.054735,0.053093,0.051113,0.049774,0.048898,0.043733,0.041500,0.039700,0.041779,0.035062,0.034510,0.034692,0.031695,0.029162,0.025778,0.018988,0.010137,0.005090,
0.051632,0.046702,0.047241,0.050620,0.047745,0.048147,0.048543,0.047270,0.043853,0.045509,0.038569,0.043420,0.036688,0.040329,0.041996,0.038786,0.034243,0.027622,0.020071,0.012291,0.004921,
0.041820,0.046750,0.038723,0.043485,0.048030,0.047793,0.044540,0.041174,0.045246,0.044726,0.039324,0.043737,0.041010,0.046072,0.050937,0.046413,0.046253,0.035533,0.026390,0.013339,0.004500,
0.044628,0.047213,0.041947,0.043751,0.048010,0.042674,0.046600,0.041080,0.045233,0.046414,0.043549,0.047564,0.050440,0.052664,0.061276,0.062889,0.050478,0.042905,0.029786,0.012779,0.003477,
0.033513,0.048514,0.033540,0.044923,0.042280,0.043415,0.045388,0.045371,0.048638,0.048634,0.052933,0.054261,0.055969,0.067342,0.072612,0.072667,0.063335,0.050170,0.033087,0.010932,0.004396,
0.025767,0.035159,0.034066,0.031744,0.039190,0.041612,0.043435,0.054986,0.052436,0.052837,0.058119,0.073239,0.074297,0.083740,0.082437,0.081019,0.074267,0.056015,0.031861,0.011965,0.003365,
0.022234,0.042470,0.042759,0.039535,0.041724,0.047484,0.045102,0.053503,0.063824,0.070836,0.073786,0.091395,0.093186,0.091154,0.100248,0.100879,0.079701,0.045780,0.022508,0.006545,0.002965,
nan,0.036639,0.051584,0.043057,0.049677,0.052383,0.072654,0.065496,0.077676,0.067752,0.107052,0.106509,0.095520,0.111936,0.112492,0.112041,0.063661,0.048426,0.007608,0.005051,0.001929,
nan,0.024418,nan,0.034194,0.055266,0.102764,0.118812,0.038483,0.074064,0.060209,0.102769,0.085886,0.113952,0.112027,0.114637,0.082015,0.096853,0.027847,0.004126,0.004582,0.000166,
nan,0.141989,0.126382,0.083802,0.091939,0.062932,0.083974,0.081859,0.077429,0.059550,0.049673,0.054265,0.072977,0.033356,0.011422,0.007511,0.019332,0.004082,0.002838,0.000797,0.002725,
0.124620,0.119978,0.102975,0.111325,0.102872,0.091197,0.103593,0.087561,0.092311,0.062370,0.066933,0.043542,0.042523,0.029611,0.025760,0.019333,0.013165,0.013006,0.007343,0.003445,0.001897,
0.079207,0.101097,0.094229,0.094320,0.098234,0.087323,0.090717,0.086574,0.075496,0.064174,0.051760,0.048942,0.037447,0.031206,0.026562,0.017997,0.017552,0.009151,0.006466,0.003473,0.003137,
0.074940,0.098942,0.093542,0.092764,0.097782,0.104183,0.081535,0.074879,0.072698,0.065163,0.054683,0.055917,0.033106,0.032757,0.027650,0.022664,0.014029,0.010734,0.008722,0.004262,0.002426,
0.103807,0.096061,0.110286,0.091826,0.084478,0.089764,0.079224,0.073105,0.067515,0.064333,0.051629,0.048175,0.037256,0.032312,0.025593,0.023091,0.016362,0.010668,0.008420,0.004841,0.003288,
0.071313,0.092241,0.102847,0.088507,0.085532,0.089900,0.079487,0.071450,0.063399,0.061292,0.050268,0.043746,0.038278,0.031419,0.023659,0.018867,0.015198,0.011373,0.009492,0.005081,0.003679,
0.092288,0.082484,0.083128,0.082378,0.079709,0.084716,0.073336,0.064958,0.060045,0.055271,0.045760,0.040309,0.031710,0.029524,0.025920,0.022342,0.016274,0.013600,0.009318,0.005987,0.003279,
0.035780,0.077234,0.076284,0.074513,0.072422,0.073293,0.064711,0.059005,0.051521,0.051319,0.044696,0.035903,0.035992,0.030802,0.023873,0.021874,0.019360,0.014732,0.012254,0.007235,0.002756,
0.062338,0.081574,0.066541,0.066895,0.068972,0.057105,0.058463,0.056510,0.048279,0.043893,0.043970,0.039944,0.032773,0.028738,0.027747,0.023080,0.020295,0.019130,0.011541,0.007746,0.005063,
0.107304,0.076935,0.063152,0.054888,0.059258,0.058007,0.052953,0.049100,0.049038,0.044492,0.038648,0.040995,0.033000,0.031427,0.028780,0.024371,0.023377,0.018827,0.015157,0.008444,0.005002,
0.056960,0.066106,0.057496,0.049251,0.053946,0.051206,0.050031,0.044021,0.044881,0.045251,0.038379,0.039190,0.033983,0.034217,0.033053,0.033362,0.025499,0.023299,0.015680,0.009634,0.003116,
0.073201,0.052101,0.059414,0.045044,0.049258,0.048203,0.043480,0.040152,0.040523,0.041396,0.038200,0.037368,0.037067,0.035210,0.038968,0.032573,0.033245,0.026720,0.017140,0.011506,0.004778,
0.029088,0.049213,0.046687,0.041458,0.044294,0.042615,0.041306,0.041523,0.039829,0.043867,0.039819,0.041451,0.042209,0.040525,0.039635,0.042885,0.038871,0.030295,0.024293,0.012050,0.004177,
0.043602,0.040961,0.039548,0.038270,0.039585,0.038881,0.038082,0.041711,0.043532,0.047680,0.042775,0.047643,0.045533,0.051784,0.049615,0.054232,0.047161,0.034796,0.027324,0.010998,0.004127,
0.038717,0.054808,0.037705,0.040251,0.036914,0.037941,0.041184,0.042794,0.042445,0.047790,0.046210,0.064801,0.057008,0.059740,0.059625,0.059763,0.053176,0.046131,0.027753,0.010962,0.004661,
0.030132,0.040221,0.035185,0.042296,0.046581,0.035982,0.041557,0.046144,0.048075,0.053711,0.055922,0.065564,0.061832,0.069821,0.073336,0.070875,0.069143,0.044225,0.022588,0.011401,0.004342,
0.041629,0.029569,0.034881,0.044666,0.038792,0.044744,0.048869,0.040826,0.057864,0.055993,0.064220,0.069529,0.073191,0.079110,0.087818,0.086807,0.067492,0.049572,0.019611,0.006386,0.002711,
0.033919,0.042066,0.034949,0.041104,0.058372,0.051668,0.055144,0.048766,0.068160,0.075925,0.080056,0.081121,0.100266,0.082366,0.094225,0.085549,0.068334,0.035432,0.015100,0.002982,0.002472,
nan,nan,0.038129,0.043886,0.038890,0.038883,0.046580,0.061049,0.075743,0.060913,0.062133,0.095304,0.075443,0.080523,0.114924,0.070033,0.044635,0.010460,0.012671,0.001139,0.001599,
nan,0.141279,0.083790,0.071779,0.107587,0.098884,0.109763,0.066780,0.060405,0.069800,0.081384,0.054100,0.045273,0.035409,0.028714,0.024126,0.041057,0.004343,0.009958,0.005424,0.002887,
0.095800,0.117819,0.105724,0.088674,0.089767,0.104678,0.083026,0.084370,0.075364,0.064390,0.047748,0.053026,0.041790,0.033105,0.024425,0.019260,0.014679,0.010470,0.005288,0.003301,0.002262,
0.074474,0.096356,0.103999,0.108486,0.102170,0.090692,0.077626,0.085089,0.077684,0.057648,0.056095,0.051080,0.031856,0.033339,0.026684,0.017720,0.012915,0.011959,0.007025,0.004043,0.003296,
0.083624,0.108127,0.118167,0.097538,0.086046,0.089157,0.080055,0.073600,0.066467,0.062189,0.058072,0.049460,0.038923,0.033475,0.026121,0.020895,0.014914,0.010470,0.006987,0.004333,0.003227,
0.085122,0.087712,0.093193,0.089846,0.091736,0.091667,0.078455,0.076060,0.070892,0.061459,0.053663,0.047467,0.041797,0.030670,0.026236,0.021790,0.015846,0.011002,0.007948,0.004729,0.002950,
0.080955,0.090916,0.087940,0.084074,0.084355,0.084265,0.081224,0.065369,0.065991,0.059015,0.047617,0.042498,0.033542,0.030081,0.024987,0.020495,0.015129,0.011936,0.008881,0.005078,0.003451,
0.080234,0.082007,0.086198,0.078024,0.079505,0.073537,0.069496,0.066109,0.055975,0.054216,0.046694,0.038727,0.035234,0.031670,0.024218,0.021432,0.017932,0.013354,0.010148,0.005841,0.003695,
0.062564,0.069827,0.080446,0.069333,0.075256,0.067506,0.061416,0.062293,0.052745,0.046278,0.046513,0.039948,0.035294,0.028970,0.024995,0.020932,0.016592,0.015106,0.009468,0.006134,0.003555,
0.100283,0.064942,0.069764,0.066026,0.062888,0.062017,0.055190,0.052696,0.050313,0.045805,0.043090,0.040577,0.033673,0.030100,0.024983,0.021210,0.017926,0.014549,0.012585,0.007750,0.003544,
0.058397,0.055427,0.063003,0.060964,0.055661,0.055013,0.050679,0.042933,0.044557,0.047097,0.038605,0.038680,0.031651,0.030445,0.028579,0.027111,0.020805,0.018427,0.013327,0.007404,0.005363,
0.041131,0.053630,0.055664,0.054722,0.048447,0.051465,0.047301,0.046269,0.042897,0.043687,0.037426,0.035797,0.034547,0.030726,0.030251,0.027191,0.027066,0.018669,0.012852,0.009748,0.004667,
0.037168,0.050458,0.050218,0.049674,0.043653,0.047493,0.041481,0.043596,0.040509,0.046141,0.037270,0.038651,0.034904,0.035402,0.031541,0.032309,0.028884,0.023850,0.018402,0.009142,0.004884,
0.039841,0.048696,0.049743,0.042742,0.042091,0.045843,0.039830,0.039401,0.039064,0.044605,0.039105,0.042497,0.039053,0.042375,0.036847,0.045386,0.036306,0.026594,0.020254,0.011028,0.003739,
0.049682,0.044241,0.037399,0.040044,0.040579,0.041674,0.038232,0.042572,0.039028,0.042256,0.041503,0.045334,0.043767,0.047841,0.044240,0.042360,0.039711,0.029102,0.023680,0.010597,0.003594,
0.041634,0.034209,0.036321,0.038714,0.037038,0.038937,0.037175,0.044947,0.039750,0.047689,0.044161,0.049742,0.048025,0.051986,0.048287,0.050198,0.046288,0.037110,0.023572,0.010751,0.004940,
0.035158,0.031102,0.035466,0.032861,0.034946,0.046343,0.040749,0.047239,0.047996,0.051252,0.051473,0.060607,0.055795,0.060632,0.063131,0.060045,0.056263,0.039130,0.023266,0.007815,0.002893,
0.028776,0.038432,0.032230,0.039482,0.043914,0.038682,0.041717,0.047583,0.056424,0.051620,0.063865,0.064633,0.066314,0.073268,0.063667,0.072579,0.059519,0.034976,0.022656,0.006144,0.001896,
0.041532,0.033820,0.025650,0.037244,0.035324,0.048412,0.060592,0.053413,0.063041,0.071433,0.075281,0.073550,0.085060,0.096205,0.082048,0.069629,0.058770,0.028187,0.009942,0.002258,0.001918,
nan,nan,0.042997,0.039123,nan,0.032378,0.062438,0.044074,0.068960,0.053704,0.081628,0.079222,0.076578,0.080457,0.062542,0.030514,0.065129,0.011707,0.018150,0.000663,0.000510,
nan,0.116324,0.113911,0.089243,0.139273,0.115642,0.123303,0.088483,0.072129,0.072967,0.053206,0.054949,0.053779,0.030131,0.041025,0.033389,0.019214,0.010276,0.009047,0.000928,0.006009,
0.090325,0.114411,0.106567,0.101674,0.109342,0.088862,0.094596,0.071476,0.067401,0.062965,0.052137,0.048522,0.034169,0.029759,0.021041,0.021785,0.018423,0.009289,0.005329,0.002974,0.002912,
0.117245,0.110365,0.097227,0.090842,0.098297,0.101006,0.082473,0.084601,0.074905,0.062612,0.050591,0.054741,0.038312,0.042294,0.021934,0.018498,0.012176,0.012175,0.005456,0.004205,0.002694,
0.083578,0.094671,0.095753,0.093901,0.098613,0.091051,0.081323,0.081201,0.074330,0.065867,0.052448,0.046797,0.038022,0.034763,0.024782,0.021569,0.015143,0.007104,0.006667,0.003783,0.002672,
0.087039,0.090602,0.091324,0.096541,0.087798,0.090903,0.085873,0.075084,0.068306,0.061444,0.054412,0.045163,0.033953,0.027829,0.024962,0.018962,0.013233,0.010132,0.008291,0.004294,0.003196,
0.073765,0.077688,0.092667,0.085502,0.087998,0.078996,0.076787,0.070260,0.061412,0.060186,0.051350,0.042959,0.034443,0.034911,0.024657,0.021181,0.014877,0.011780,0.007948,0.005271,0.002538,
0.060115,0.073223,0.083926,0.084329,0.074345,0.077222,0.064617,0.066387,0.058285,0.052398,0.051811,0.040673,0.038982,0.030422,0.023909,0.021298,0.015094,0.012267,0.008759,0.004892,0.004090,
0.090219,0.072065,0.075624,0.076021,0.065582,0.067650,0.060883,0.055309,0.053877,0.048013,0.046323,0.043127,0.033143,0.028557,0.025225,0.018479,0.016421,0.014204,0.011466,0.006347,0.002956,
0.065435,0.066653,0.067516,0.064749,0.061076,0.062619,0.054609,0.048273,0.050153,0.049814,0.039669,0.038879,0.030186,0.028130,0.024463,0.022119,0.018784,0.013795,0.011148,0.005983,0.003869,
0.056606,0.065853,0.058972,0.057466,0.054231,0.054158,0.050812,0.049054,0.047874,0.046284,0.039839,0.034859,0.033981,0.029380,0.026157,0.022649,0.021049,0.015554,0.011832,0.007625,0.003644,
0.049732,0.053734,0.055049,0.050903,0.052000,0.047832,0.045868,0.044563,0.043794,0.043635,0.036532,0.035397,0.032206,0.031593,0.027040,0.027674,0.022924,0.018025,0.012539,0.006439,0.004678,
0.067118,0.048354,0.050978,0.047224,0.046384,0.045664,0.044263,0.041018,0.040570,0.041704,0.036845,0.038814,0.034505,0.034404,0.031346,0.031126,0.027825,0.020876,0.014343,0.009645,0.003825,
0.045919,0.045150,0.043777,0.046234,0.042890,0.041667,0.041457,0.044669,0.039670,0.042589,0.037275,0.037394,0.038731,0.034082,0.035956,0.034100,0.029711,0.023995,0.016783,0.011104,0.003438,
0.037875,0.039719,0.039720,0.044203,0.037350,0.042884,0.040874,0.045566,0.043874,0.039871,0.041866,0.042115,0.040433,0.040513,0.037799,0.038117,0.030500,0.027722,0.019652,0.009373,0.004218,
0.048102,0.039959,0.035649,0.038427,0.041067,0.044554,0.039854,0.044413,0.043850,0.040189,0.048698,0.048361,0.043840,0.048196,0.040417,0.045881,0.044553,0.033025,0.019885,0.010227,0.004185,
0.027348,0.032110,0.036040,0.040485,0.038782,0.045498,0.041820,0.052179,0.045702,0.045930,0.049834,0.051275,0.054064,0.057735,0.059830,0.045048,0.050827,0.030725,0.022711,0.006916,0.002703,
0.027188,0.025312,0.033073,0.038823,0.039733,0.038357,0.047130,0.048227,0.047364,0.062986,0.052949,0.056584,0.059026,0.058449,0.057279,0.059586,0.046427,0.033431,0.013825,0.006332,0.002145,
0.049241,0.064455,0.045068,0.035165,0.035274,0.061157,0.053471,0.054419,0.058913,0.066823,0.061392,0.074052,0.072892,0.065153,0.068593,0.054617,0.045349,0.031806,0.009050,0.003226,0.002835,
nan,0.031839,0.044708,nan,0.052995,0.045429,0.038017,0.054802,0.041777,0.048080,0.074522,0.071198,0.056984,0.059528,0.052367,0.038565,0.069581,0.017448,0.000890,0.003190,0.000013,
nan,0.114247,0.084071,0.122592,0.090431,0.115868,0.087552,0.063717,0.047538,0.021013,0.099379,0.044354,0.025994,0.039289,0.017907,0.024446,0.008217,0.005232,0.005979,0.002533,0.002614,
0.091256,0.108958,0.102113,0.101525,0.102742,0.089113,0.081738,0.080538,0.071279,0.071501,0.054780,0.049312,0.036672,0.030652,0.022605,0.019075,0.010912,0.009788,0.006769,0.003522,0.001274,
0.134691,0.097172,0.123994,0.091568,0.096048,0.106979,0.080258,0.070558,0.076110,0.069714,0.054794,0.050211,0.039604,0.036737,0.025341,0.025211,0.014367,0.009731,0.008643,0.003457,0.001996,
0.137269,0.097068,0.099082,0.098627,0.092490,0.087678,0.083797,0.081698,0.062798,0.065082,0.056803,0.050700,0.037019,0.026241,0.029407,0.020034,0.014624,0.010685,0.006012,0.004192,0.002869,
0.110846,0.087677,0.099094,0.090296,0.090757,0.082053,0.085573,0.070787,0.071126,0.056104,0.047940,0.045199,0.039789,0.032017,0.027466,0.020832,0.014477,0.011011,0.008886,0.005276,0.003464,
0.088955,0.087413,0.084881,0.084831,0.082541,0.083695,0.068393,0.072306,0.064532,0.057677,0.051485,0.042766,0.038207,0.029117,0.022903,0.021905,0.016105,0.010370,0.007522,0.004764,0.002259,
0.073698,0.079276,0.076299,0.076728,0.075383,0.073378,0.069227,0.059805,0.058530,0.054041,0.046940,0.043903,0.035612,0.030775,0.025896,0.019381,0.015348,0.013047,0.008416,0.005984,0.002963,
0.059052,0.065033,0.068891,0.067343,0.068176,0.064901,0.059108,0.054955,0.055867,0.051290,0.042095,0.041012,0.030436,0.026507,0.024922,0.019212,0.015999,0.012382,0.008489,0.005275,0.003676,
0.061561,0.059354,0.064752,0.063453,0.064415,0.058448,0.056612,0.052621,0.049954,0.047781,0.044117,0.036316,0.032869,0.028897,0.024207,0.020831,0.016832,0.014260,0.009785,0.006871,0.004042,
0.087857,0.053782,0.058655,0.056549,0.056442,0.052080,0.052582,0.046931,0.049169,0.043254,0.036857,0.036107,0.031604,0.029158,0.026053,0.021432,0.019785,0.014100,0.009214,0.007040,0.003497,
0.083082,0.057122,0.054128,0.052114,0.050455,0.046432,0.048355,0.044647,0.045061,0.041504,0.037678,0.036541,0.031367,0.028907,0.024903,0.025376,0.021729,0.018220,0.012853,0.007003,0.003624,
0.050376,0.046226,0.048383,0.045970,0.045046,0.045761,0.040956,0.043714,0.042863,0.039741,0.036211,0.033768,0.036302,0.030222,0.030385,0.028161,0.023275,0.019466,0.013554,0.009108,0.002983,
0.045397,0.042475,0.043476,0.042502,0.041158,0.045170,0.037855,0.039488,0.045052,0.036176,0.038098,0.034499,0.035283,0.034251,0.034032,0.029803,0.024115,0.021057,0.014894,0.008269,0.003784,
0.024046,0.054712,0.040262,0.040001,0.037617,0.048366,0.034918,0.042730,0.039512,0.037768,0.037877,0.040544,0.037325,0.036115,0.033003,0.032318,0.027607,0.024333,0.017646,0.009013,0.004037,
0.032944,0.033686,0.038150,0.039150,0.035596,0.047033,0.043423,0.035663,0.041158,0.043773,0.039723,0.041599,0.042297,0.045510,0.046960,0.036492,0.038147,0.030304,0.016660,0.008528,0.004562,
0.042184,0.054042,0.049842,0.035826,0.041134,0.038432,0.035650,0.039122,0.051314,0.040643,0.044552,0.045939,0.040729,0.044628,0.048427,0.041937,0.040316,0.027953,0.017279,0.006984,0.003070,
nan,0.046849,0.031612,0.049027,0.054752,0.036705,0.043511,0.041327,0.045323,0.051796,0.049616,0.045675,0.058576,0.053790,0.062867,0.050681,0.038285,0.030193,0.014150,0.006085,0.001897,
nan,0.032191,0.044036,0.038375,0.038314,0.045176,0.055196,0.049000,0.055035,0.047769,0.062894,0.054723,0.055181,0.055753,0.058362,0.049217,0.044850,0.025561,0.010475,0.003523,0.002594,
nan,0.062040,0.021903,0.031132,0.032373,nan,0.048449,0.074675,0.043765,0.100438,0.056144,0.066213,0.096636,0.064825,0.052833,0.042518,0.035705,0.018304,0.003060,0.003599,0.000002,
nan,0.123158,0.103533,0.157181,0.052679,0.112257,0.072421,0.070731,0.085751,0.075370,0.044580,0.085306,0.037306,0.038586,0.035566,0.019734,0.023426,0.005835,0.004492,0.006645,0.001821,
0.094480,0.092647,0.105630,0.111834,0.091886,0.101534,0.087043,0.084667,0.067047,0.062900,0.046485,0.042403,0.033492,0.027421,0.024471,0.018186,0.013486,0.007657,0.005678,0.004546,0.002933,
0.096995,0.096792,0.096533,0.116091,0.087485,0.088460,0.084066,0.078309,0.063584,0.067471,0.067337,0.049725,0.041474,0.031409,0.026158,0.022415,0.015127,0.009134,0.008384,0.003818,0.002858,
0.076421,0.087818,0.096704,0.098831,0.093594,0.094202,0.087645,0.077875,0.074705,0.061149,0.055137,0.048731,0.040108,0.029382,0.023634,0.019675,0.013006,0.009165,0.007049,0.004503,0.002976,
0.090617,0.085987,0.087496,0.091988,0.084225,0.089645,0.079709,0.081051,0.067397,0.067128,0.051198,0.045572,0.038087,0.033978,0.024988,0.020638,0.014126,0.010697,0.007251,0.003532,0.002435,
0.122115,0.077585,0.086952,0.084226,0.079171,0.082172,0.072148,0.069303,0.060918,0.057328,0.049973,0.040438,0.039132,0.029502,0.021545,0.019741,0.013164,0.010618,0.008238,0.004849,0.002939,
0.088991,0.069384,0.080091,0.077042,0.075135,0.074787,0.066194,0.064754,0.061703,0.052370,0.044758,0.042424,0.032685,0.028551,0.027632,0.017677,0.014139,0.011991,0.008241,0.004472,0.003293,
0.079064,0.077868,0.074591,0.070753,0.069891,0.068872,0.061937,0.055170,0.052048,0.051661,0.047710,0.041429,0.033809,0.031218,0.022115,0.018708,0.015113,0.012292,0.010392,0.005760,0.003008,
0.076222,0.059311,0.068505,0.061927,0.059495,0.055471,0.056462,0.052361,0.052121,0.043816,0.040773,0.037762,0.031871,0.027082,0.025039,0.020205,0.016101,0.011887,0.008992,0.005551,0.003511,
0.058869,0.055040,0.066732,0.055740,0.055229,0.053512,0.054347,0.049533,0.049483,0.041479,0.037364,0.034089,0.031516,0.028745,0.023826,0.020915,0.018657,0.013195,0.010211,0.005526,0.003265,
0.055565,0.044614,0.059457,0.052830,0.051109,0.051187,0.046708,0.044616,0.043223,0.038830,0.035389,0.035458,0.033433,0.027877,0.025204,0.024948,0.019043,0.015828,0.011296,0.006344,0.003983,
0.069000,0.047257,0.053395,0.048721,0.043757,0.046931,0.041944,0.047907,0.042473,0.036208,0.035793,0.034557,0.030481,0.029860,0.029507,0.024075,0.020153,0.017331,0.010724,0.007887,0.004212,
0.077912,0.041849,0.042235,0.043481,0.041629,0.042258,0.047025,0.045756,0.037537,0.036680,0.036105,0.038389,0.034644,0.030265,0.026944,0.025819,0.020788,0.018582,0.013994,0.007537,0.003630,
0.057764,0.037831,0.039606,0.041407,0.038258,0.038164,0.047158,0.042139,0.039871,0.040719,0.035701,0.037724,0.035945,0.035949,0.032753,0.030831,0.027089,0.024210,0.015742,0.008415,0.004179,
0.043326,0.037480,0.040765,0.036507,0.039349,0.038571,0.039784,0.039284,0.044384,0.042088,0.042570,0.034169,0.035412,0.036150,0.045026,0.031008,0.030723,0.024603,0.013657,0.008118,0.004817,
0.032081,0.034576,0.030286,0.034260,0.035237,0.034424,0.047768,0.042151,0.043989,0.044684,0.041809,0.040697,0.038092,0.043631,0.036684,0.045044,0.034614,0.023534,0.016291,0.007436,0.002034,
0.051671,0.030194,0.032922,0.037551,0.055294,0.034644,0.051713,0.043517,0.048874,0.048554,0.040589,0.047255,0.044147,0.048684,0.048410,0.044298,0.029884,0.030302,0.014062,0.005328,0.002121,
0.025206,0.027631,0.027549,0.048175,0.036342,0.039372,0.055975,0.053676,0.056710,0.044456,0.046664,0.051022,0.050741,0.058901,0.043643,0.040660,0.040783,0.024925,0.010743,0.002502,0.002130,
nan,0.040148,nan,0.014675,0.046576,0.087424,nan,0.046836,nan,0.040170,0.078727,0.055621,0.053544,0.040974,0.072185,0.035992,0.034223,0.016768,0.027912,0.001402,0.000203,
nan,0.136822,0.071273,0.122982,0.152547,0.084089,0.095920,0.068835,0.063135,0.066510,0.067713,0.058449,0.040993,0.021448,0.029512,0.013461,0.010801,0.009865,0.008742,0.005840,0.000745,
0.083625,0.086573,0.119829,0.104113,0.105470,0.087511,0.091172,0.075596,0.089224,0.060196,0.058948,0.051405,0.036659,0.028567,0.027349,0.021943,0.017033,0.009148,0.006876,0.003464,0.001893,
0.085462,0.107502,0.101341,0.097715,0.109204,0.093279,0.084543,0.079918,0.075293,0.066666,0.048530,0.047054,0.036185,0.032133,0.024927,0.019019,0.009853,0.009029,0.006388,0.003760,0.000520,
0.123752,0.097202,0.094583,0.100626,0.092130,0.089412,0.091058,0.077061,0.074728,0.064849,0.058038,0.042740,0.037241,0.031608,0.025226,0.020541,0.015678,0.010679,0.008121,0.004130,0.002401,
0.119302,0.103625,0.098523,0.087478,0.085728,0.080092,0.070470,0.067383,0.069193,0.062293,0.057619,0.045477,0.035373,0.026758,0.020906,0.022858,0.011735,0.008520,0.006687,0.004158,0.003920,
0.072944,0.091474,0.085175,0.085289,0.082657,0.079583,0.078738,0.067136,0.066735,0.049750,0.049061,0.046106,0.036004,0.031326,0.028777,0.019011,0.016241,0.011129,0.007623,0.004488,0.002101,
0.094101,0.083528,0.075621,0.080550,0.074125,0.074690,0.068422,0.057945,0.053651,0.055566,0.048962,0.044305,0.036309,0.029253,0.022514,0.017333,0.014338,0.011007,0.008693,0.005477,0.002606,
0.068829,0.077031,0.071259,0.071280,0.071731,0.061988,0.064067,0.059150,0.057676,0.047830,0.043729,0.038145,0.031129,0.028507,0.023676,0.020170,0.015633,0.010658,0.008122,0.004490,0.003115,
0.052011,0.063703,0.065479,0.064230,0.065421,0.059581,0.058197,0.053010,0.054758,0.044723,0.039007,0.035772,0.033864,0.028169,0.022205,0.020476,0.015731,0.012854,0.009558,0.005105,0.002016,
0.051467,0.066094,0.057456,0.058067,0.056616,0.052355,0.051189,0.050775,0.045052,0.042175,0.037149,0.034143,0.030235,0.027517,0.021014,0.022349,0.017034,0.013172,0.010411,0.005139,0.003258,
0.099209,0.052381,0.049097,0.051941,0.049480,0.045342,0.048389,0.049916,0.045397,0.037303,0.036985,0.034628,0.030715,0.026039,0.025093,0.021749,0.018984,0.013971,0.010387,0.006691,0.003915,
0.099101,0.043392,0.043608,0.047205,0.047611,0.045055,0.044671,0.042931,0.039184,0.038866,0.035581,0.034038,0.031466,0.028794,0.025383,0.021063,0.018425,0.014806,0.010823,0.006828,0.003358,
0.077477,0.038631,0.046987,0.044791,0.045263,0.042072,0.040877,0.041551,0.040975,0.036821,0.035277,0.035080,0.030033,0.027156,0.026520,0.024393,0.019043,0.015726,0.012654,0.007131,0.003003,
0.035784,0.038379,0.035014,0.041109,0.042461,0.040252,0.038606,0.040546,0.043582,0.038120,0.037886,0.030971,0.030269,0.030482,0.032590,0.030221,0.023720,0.021154,0.013724,0.006830,0.003076,
0.050369,0.035162,0.032576,0.035791,0.039276,0.036684,0.040954,0.050866,0.040404,0.035364,0.037422,0.038722,0.034855,0.033003,0.031770,0.029299,0.029013,0.021365,0.012600,0.007847,0.004490,
0.054788,0.033538,0.037942,0.034166,0.040994,0.035376,0.042697,0.047597,0.037097,0.039146,0.035049,0.040168,0.037757,0.040948,0.036895,0.033375,0.029062,0.022382,0.016063,0.007515,0.002329,
0.026437,0.032075,0.031831,0.036731,0.043821,0.040291,0.043962,0.060741,0.040800,0.038953,0.043018,0.046254,0.038499,0.044110,0.038623,0.036558,0.037714,0.024418,0.013183,0.005174,0.001687,
0.018956,0.032214,0.040714,0.033610,0.042907,0.043411,0.045022,0.052257,0.040746,0.054002,0.042731,0.043215,0.047162,0.052889,0.043159,0.036453,0.040931,0.023641,0.014161,0.003052,0.002874,
nan,nan,nan,0.036847,0.028040,0.066761,0.045089,0.060933,0.041178,0.036892,0.037681,0.039988,0.042626,0.039886,0.095748,0.031988,0.030064,0.026255,0.008271,0.002838,0.001040,
nan,0.089297,0.122179,0.079693,0.120641,0.089951,0.044961,0.112128,0.041557,0.061771,0.042481,0.061885,0.059683,0.023548,0.024448,0.014275,0.012202,0.007326,0.007619,0.001238,0.001729,
0.104054,0.137328,0.095328,0.085274,0.098625,0.104861,0.087355,0.099348,0.072009,0.066062,0.056552,0.049548,0.037342,0.032959,0.031187,0.016063,0.012848,0.012328,0.006648,0.003894,0.001725,
0.078919,0.098669,0.101016,0.100500,0.095786,0.099291,0.079536,0.083368,0.073237,0.063106,0.058768,0.048898,0.038394,0.030791,0.024096,0.018030,0.013991,0.009592,0.005692,0.002891,0.000000,
0.068951,0.095618,0.102779,0.099069,0.086097,0.093522,0.085323,0.081770,0.074619,0.064950,0.050886,0.052192,0.044412,0.031724,0.027108,0.020963,0.015546,0.008725,0.006648,0.003718,0.001945,
0.082445,0.092299,0.082515,0.089050,0.090829,0.084815,0.078268,0.076305,0.063538,0.061010,0.049942,0.039123,0.035568,0.033416,0.028144,0.020098,0.013887,0.010905,0.007099,0.004830,0.002873,
0.150516,0.092916,0.088458,0.085551,0.084111,0.085937,0.071913,0.062905,0.066219,0.058807,0.053349,0.046494,0.038550,0.028653,0.022930,0.018899,0.012994,0.009195,0.006827,0.003913,0.003123,
0.130351,0.082575,0.080401,0.083432,0.076511,0.068702,0.067726,0.064897,0.062774,0.053269,0.044885,0.043300,0.030285,0.028541,0.023165,0.017349,0.014153,0.010639,0.007492,0.004116,0.003152,
0.067027,0.070025,0.069008,0.075071,0.068957,0.067950,0.066621,0.058509,0.058817,0.047699,0.042660,0.038431,0.034356,0.030890,0.022501,0.017832,0.013887,0.010890,0.008083,0.005560,0.002457,
0.069151,0.066123,0.064731,0.068479,0.066814,0.058179,0.057975,0.054446,0.048299,0.044859,0.040806,0.035639,0.030250,0.026124,0.023934,0.019328,0.014027,0.010718,0.007228,0.005749,0.003003,
0.063738,0.059779,0.058960,0.060895,0.061141,0.053672,0.050006,0.050880,0.047136,0.040386,0.038523,0.035755,0.031483,0.025478,0.021486,0.020411,0.017010,0.012219,0.007872,0.005153,0.002740,
0.056642,0.053630,0.048427,0.057860,0.058489,0.053617,0.047993,0.045709,0.042630,0.039701,0.035192,0.033691,0.029911,0.024614,0.025532,0.018896,0.016222,0.013166,0.009273,0.005644,0.004120,
0.048273,0.045856,0.045163,0.048982,0.050788,0.047126,0.042330,0.046178,0.040982,0.035752,0.036154,0.034133,0.027720,0.025164,0.023348,0.019995,0.017021,0.012955,0.010654,0.006525,0.003167,
0.047532,0.043420,0.040962,0.043536,0.041144,0.043017,0.039085,0.040427,0.040608,0.034322,0.038352,0.029016,0.028352,0.026023,0.027376,0.024510,0.019336,0.015857,0.012350,0.006347,0.003203,
0.041127,0.052933,0.045787,0.042368,0.039687,0.038982,0.037046,0.039278,0.038727,0.034343,0.033737,0.031252,0.030654,0.026622,0.026084,0.026024,0.022059,0.017901,0.011267,0.006507,0.003180,
0.024629,0.034883,0.033216,0.040191,0.037998,0.034781,0.038941,0.036418,0.039713,0.037090,0.031543,0.032755,0.032303,0.030630,0.029519,0.026308,0.025336,0.017698,0.013392,0.006809,0.003880,
0.034146,0.031653,0.035659,0.035376,0.036922,0.037735,0.031661,0.038195,0.037898,0.038800,0.035526,0.036897,0.034567,0.033769,0.033888,0.028100,0.029350,0.020605,0.013785,0.007236,0.003212,
0.020884,0.050548,0.036042,0.032300,0.040042,0.035818,0.041149,0.040283,0.041046,0.042440,0.042249,0.042150,0.037939,0.038812,0.035781,0.030399,0.022562,0.023518,0.012577,0.005798,0.002289,
0.020854,0.032297,0.039055,0.053607,0.035705,0.034481,0.061426,0.031339,0.035955,0.042016,0.035412,0.049839,0.043460,0.040951,0.033806,0.042288,0.025205,0.021109,0.012995,0.004039,0.001865,
nan,0.034418,0.038777,nan,0.028753,nan,0.023796,0.033504,0.048391,0.041803,0.046473,0.038729,0.040718,0.028864,0.032053,0.032100,0.021440,0.013070,0.005139,0.001782,0.000205,
nan,0.112127,0.165387,0.077099,0.107771,0.107050,0.085679,0.070950,0.051465,0.084998,0.057560,0.054937,0.029560,0.030028,0.031718,0.016253,0.017640,0.008220,0.006786,0.003826,0.004154,
0.049571,0.092914,0.118066,0.101148,0.106090,0.081331,0.080463,0.090311,0.082664,0.064347,0.061441,0.062869,0.042475,0.033121,0.028337,0.018005,0.015040,0.010237,0.006408,0.004610,0.001869,
0.117729,0.098182,0.096311,0.099281,0.093711,0.099748,0.092478,0.076383,0.069182,0.062330,0.050249,0.047710,0.040373,0.036820,0.021863,0.016588,0.010943,0.008643,0.006016,0.004082,0.001899,
0.134612,0.116376,0.093195,0.093202,0.091205,0.082316,0.085317,0.081639,0.079334,0.071674,0.057527,0.050027,0.037734,0.031035,0.027420,0.019272,0.012518,0.009614,0.005424,0.004079,nan,
0.082768,0.099952,0.091113,0.090764,0.094547,0.083486,0.078777,0.070225,0.067095,0.057648,0.058513,0.045995,0.039090,0.034865,0.025215,0.022764,0.013696,0.009636,0.006852,0.003385,0.001921,
0.089736,0.089335,0.081687,0.091046,0.084777,0.075166,0.070776,0.074042,0.062548,0.056921,0.051023,0.044106,0.032407,0.030252,0.025150,0.015534,0.014020,0.011514,0.007952,0.005118,0.002316,
0.114377,0.083582,0.078589,0.073205,0.081180,0.073002,0.072500,0.062772,0.056586,0.051111,0.046458,0.043655,0.035197,0.030227,0.023020,0.018554,0.014750,0.009516,0.007001,0.005330,0.002658,
0.074069,0.075144,0.072094,0.077237,0.077286,0.063242,0.066060,0.059031,0.055286,0.046379,0.043664,0.040190,0.028881,0.028147,0.023925,0.017876,0.013929,0.010416,0.006773,0.004834,0.002755,
0.054582,0.075560,0.066201,0.062096,0.063811,0.066138,0.056675,0.054822,0.053940,0.044044,0.040018,0.034677,0.030765,0.027006,0.019737,0.018856,0.014834,0.011017,0.008005,0.003945,0.002971,
0.074524,0.064258,0.059444,0.059783,0.054896,0.060857,0.052407,0.050886,0.046127,0.040681,0.038939,0.036258,0.028475,0.023987,0.022084,0.018147,0.015318,0.012429,0.008674,0.003994,0.003689,
0.049524,0.065782,0.055344,0.051470,0.050692,0.051329,0.044591,0.045893,0.043937,0.039401,0.035429,0.034203,0.029829,0.023743,0.023884,0.018891,0.015190,0.012478,0.009525,0.005406,0.004243,
0.057084,0.051264,0.053143,0.050354,0.046172,0.046018,0.042823,0.041766,0.039526,0.035673,0.041193,0.030651,0.026091,0.023583,0.023575,0.017840,0.016280,0.012099,0.008975,0.006082,0.003790,
0.031692,0.048097,0.046063,0.044271,0.042007,0.043379,0.042432,0.036820,0.038192,0.036367,0.034164,0.029520,0.028315,0.024855,0.025370,0.024203,0.017235,0.014585,0.010053,0.006260,0.003247,
0.035662,0.036437,0.040066,0.042922,0.040927,0.039369,0.042569,0.037396,0.037444,0.036516,0.032847,0.027959,0.028237,0.028630,0.023251,0.022068,0.022076,0.015293,0.010940,0.005883,0.002679,
0.035237,0.033847,0.042372,0.040449,0.037113,0.037507,0.041980,0.033072,0.035270,0.033004,0.032036,0.031832,0.033790,0.031153,0.027604,0.022995,0.023527,0.016270,0.011790,0.006647,0.003496,
0.034338,0.030513,0.045991,0.032196,0.033547,0.034988,0.042146,0.032052,0.030065,0.033660,0.037631,0.035001,0.031925,0.033573,0.029001,0.026927,0.021802,0.018352,0.013300,0.007036,0.002861,
0.031337,0.031718,0.044527,0.032341,0.036872,0.028018,0.031754,0.039144,0.038650,0.034653,0.035660,0.034328,0.034370,0.039063,0.028761,0.025637,0.024269,0.020344,0.013418,0.005872,0.003001,
nan,0.030584,0.058760,0.030951,0.026026,0.035242,0.048248,0.040799,0.029259,0.043196,0.039801,0.036500,0.037365,0.031870,0.038393,0.025210,0.026761,0.016414,0.010435,0.004525,0.002300,
nan,0.031444,0.021378,nan,nan,0.045414,0.038891,nan,0.060986,0.038157,0.037431,0.040264,0.074842,0.027827,0.033353,0.029611,0.020278,0.020459,0.014079,0.007180,0.003572,
nan,0.123413,0.112994,0.135065,0.075210,0.088961,0.075881,0.095773,0.057695,0.078041,0.050517,0.055027,0.037953,0.031992,0.015576,0.011780,0.017863,0.011332,0.006021,0.002862,0.004166,
0.098850,0.112754,0.121841,0.113787,0.102130,0.087460,0.086054,0.080838,0.084120,0.059382,0.052694,0.052496,0.034660,0.031661,0.023769,0.017293,0.013184,0.009134,0.006401,0.004450,0.002706,
0.088399,0.105569,0.106875,0.102712,0.093856,0.092056,0.086274,0.074317,0.081505,0.062164,0.064896,0.052544,0.044443,0.035879,0.025588,0.028796,0.013222,0.011404,0.006756,0.003967,0.001815,
0.093426,0.095193,0.086833,0.099714,0.092809,0.085056,0.087323,0.070562,0.068108,0.064193,0.059131,0.044013,0.033895,0.027360,0.021748,0.018927,0.011991,0.008142,0.007627,0.004105,0.002193,
0.122553,0.087228,0.086895,0.095708,0.091556,0.089599,0.076429,0.066344,0.069941,0.067179,0.056173,0.048749,0.038975,0.029074,0.020565,0.021154,0.013886,0.008302,0.005757,0.004307,0.002789,
0.088949,0.094414,0.080478,0.083573,0.081881,0.076882,0.077141,0.070280,0.064166,0.058306,0.045666,0.045762,0.037109,0.028341,0.026082,0.016864,0.012969,0.010949,0.007826,0.003774,0.000431,
0.083777,0.106796,0.082869,0.078563,0.079178,0.073977,0.071497,0.068515,0.055622,0.051696,0.046869,0.038722,0.032195,0.029315,0.022993,0.017713,0.013786,0.009518,0.006430,0.003431,nan,
0.155633,0.086513,0.071767,0.068053,0.070686,0.070866,0.060204,0.059211,0.056994,0.046379,0.039941,0.036500,0.032520,0.028310,0.021412,0.017562,0.014323,0.009865,0.007318,0.004707,0.002802,
0.068811,0.071857,0.069219,0.066649,0.063267,0.062769,0.059609,0.053003,0.049762,0.043946,0.041378,0.040376,0.030869,0.025593,0.021114,0.017361,0.013974,0.011157,0.008759,0.004261,0.002869,
0.039818,0.058858,0.065465,0.059544,0.059816,0.054744,0.051397,0.049695,0.048254,0.042242,0.037587,0.035942,0.029944,0.023575,0.024000,0.018465,0.013699,0.010859,0.008440,0.004384,0.002007,
0.063100,0.052299,0.054252,0.053800,0.050241,0.048929,0.046015,0.044519,0.042492,0.035315,0.041871,0.031610,0.027251,0.023004,0.021596,0.017763,0.015535,0.010678,0.007733,0.005463,0.003732,
0.033655,0.049308,0.048753,0.047850,0.045298,0.046914,0.040830,0.041522,0.040358,0.038425,0.036080,0.027624,0.026827,0.022922,0.022693,0.019612,0.015893,0.011998,0.008091,0.005213,0.002766,
0.036556,0.055813,0.041216,0.042470,0.040396,0.043337,0.035918,0.037076,0.038890,0.038077,0.030897,0.028427,0.026137,0.024598,0.021118,0.021236,0.015988,0.012575,0.009407,0.006073,0.003206,
0.048347,0.037671,0.037782,0.035124,0.036093,0.038719,0.034301,0.033261,0.036325,0.034685,0.029989,0.029444,0.028536,0.026682,0.023574,0.019884,0.020711,0.015356,0.010161,0.005711,0.002658,
0.039175,0.044130,0.039477,0.034927,0.034212,0.035414,0.033608,0.031776,0.033138,0.035584,0.032610,0.028749,0.030117,0.028554,0.023559,0.021099,0.020533,0.013711,0.010983,0.005965,0.003732,
0.025733,0.041845,0.033890,0.034958,0.035011,0.033681,0.035362,0.031631,0.035872,0.035103,0.034102,0.031671,0.026743,0.032593,0.027552,0.024766,0.019874,0.017833,0.013402,0.006338,0.003569,
0.025491,0.027977,0.043161,0.035765,0.029385,0.040212,0.043782,0.034070,0.032891,0.038605,0.031886,0.027092,0.030560,0.031422,0.028228,0.021046,0.023476,0.016052,0.012199,0.007352,0.003219,
nan,0.038379,0.035274,0.032142,0.051336,0.032800,0.037842,0.031161,0.040818,0.034244,0.040461,0.027791,0.035379,0.037107,0.027061,0.023612,0.023505,0.017567,0.009570,0.005816,0.003474,
nan,nan,0.077903,0.022642,nan,nan,0.034759,0.039407,0.033607,0.029812,0.029117,0.030377,0.033936,0.027105,0.029272,0.022632,0.019829,0.016778,0.010324,0.006622,0.001759,
nan,0.114671,0.139090,0.069925,0.097974,0.090628,0.070103,0.103185,0.102568,0.105965,0.086047,0.045866,0.034237,0.022562,0.014540,0.029676,0.015777,0.007317,0.013351,0.001861,0.005125,
0.083321,0.098176,0.098281,0.111645,0.083989,0.101402,0.089096,0.089234,0.068859,0.065222,0.047510,0.054076,0.035828,0.039369,0.020911,0.015685,0.015482,0.011058,0.006393,0.002991,0.002252,
0.103356,0.119216,0.100288,0.101554,0.092061,0.098110,0.093832,0.087627,0.071000,0.069105,0.056484,0.051216,0.042620,0.033887,0.024994,0.024539,0.015283,0.009593,0.007651,0.003740,0.003486,
0.084853,0.110085,0.091651,0.094055,0.103780,0.092546,0.080383,0.080581,0.064818,0.059606,0.049402,0.042546,0.037094,0.031427,0.027895,0.020627,0.015691,0.010354,0.007346,0.004409,0.002847,
0.104610,0.111680,0.102475,0.086833,0.087923,0.082142,0.078474,0.076525,0.066569,0.060995,0.050609,0.042292,0.035347,0.030618,0.020952,0.020722,0.012272,0.010683,0.006333,0.004433,0.002233,
0.079658,0.097657,0.088877,0.082231,0.083790,0.072564,0.075973,0.065832,0.057721,0.059968,0.053597,0.046780,0.037571,0.030329,0.024782,0.016027,0.013918,0.010346,0.008096,0.005081,0.002719,
0.063495,0.078520,0.078895,0.078371,0.077747,0.079992,0.069412,0.062483,0.061198,0.051161,0.046754,0.042229,0.036755,0.032385,0.023632,0.018320,0.012732,0.008646,0.006934,0.005194,0.002558,
0.075892,0.093753,0.083170,0.072267,0.072285,0.064996,0.065588,0.059308,0.053394,0.051279,0.043925,0.037190,0.030273,0.028251,0.026396,0.017883,0.012692,0.010155,0.006725,0.004719,0.002362,
0.077447,0.079749,0.079392,0.064595,0.062949,0.060487,0.055441,0.053883,0.051761,0.044797,0.037925,0.039626,0.033762,0.024802,0.020594,0.018468,0.013462,0.009084,0.005957,0.004605,0.002489,
0.049086,0.074235,0.063978,0.057105,0.057067,0.056043,0.048615,0.047417,0.045126,0.040418,0.039008,0.034431,0.027370,0.024231,0.023107,0.016984,0.013861,0.010787,0.006903,0.004153,0.002570,
0.051819,0.056078,0.057586,0.049808,0.050744,0.050457,0.043509,0.043932,0.042693,0.039248,0.037949,0.031082,0.025014,0.023471,0.020461,0.015654,0.014665,0.010378,0.007362,0.005535,0.003920,
0.086711,0.051765,0.050221,0.047532,0.046980,0.044396,0.040654,0.039439,0.042748,0.036159,0.033783,0.028096,0.027721,0.023120,0.024470,0.018696,0.013930,0.012210,0.008010,0.005446,0.003615,
0.054066,0.047184,0.048355,0.045750,0.043995,0.039070,0.038590,0.035486,0.037035,0.034288,0.029969,0.029742,0.025532,0.023118,0.019822,0.017753,0.017156,0.012285,0.009364,0.005949,0.003480,
0.033456,0.050366,0.045198,0.040839,0.038620,0.036498,0.037822,0.033792,0.034188,0.034265,0.032240,0.028715,0.029297,0.025956,0.022484,0.019743,0.015819,0.013779,0.009445,0.005765,0.002561,
nan,0.033787,0.036676,0.040844,0.032715,0.034426,0.034916,0.032691,0.033139,0.031767,0.030104,0.028672,0.024483,0.026687,0.023474,0.019753,0.017567,0.013822,0.011011,0.005819,0.003246,
nan,0.035809,0.039784,0.033528,0.031948,0.035115,0.034951,0.029451,0.031445,0.032064,0.027079,0.029881,0.028676,0.027491,0.025808,0.021518,0.018738,0.016025,0.011895,0.005660,0.006099,
nan,0.029383,0.030714,0.034344,0.031462,0.028500,0.033875,0.030022,0.032465,0.034123,0.035921,0.044829,0.031197,0.028876,0.022744,0.021983,0.019416,0.016477,0.011521,0.007052,0.003074,
nan,0.029827,0.033445,0.028412,0.041380,0.030398,0.043147,0.031596,0.043679,0.033574,0.035388,0.030268,0.028098,0.031991,0.025003,0.024945,0.020771,0.014599,0.011006,0.007320,0.003937,
nan,0.019457,0.035302,0.028261,0.062520,0.029648,0.038314,0.024860,0.053845,0.020042,0.025774,0.027795,0.029897,0.019098,0.036533,0.029370,0.014993,0.015474,0.008664,0.003303,0.004023,
nan,0.151458,0.105334,0.117359,0.133785,0.081466,0.098607,0.063482,0.068542,0.066228,0.072530,0.036846,0.036722,0.049718,0.028532,0.026428,0.010185,0.010955,0.006121,0.003326,0.003019,
0.096552,0.094292,0.106284,0.099417,0.090769,0.102740,0.093456,0.074641,0.080838,0.070866,0.065919,0.047758,0.035399,0.035949,0.026664,0.020552,0.015947,0.014203,0.006495,0.003894,0.002623,
0.089447,0.104196,0.098767,0.089278,0.100116,0.093638,0.101416,0.085134,0.078062,0.068907,0.053279,0.045643,0.039609,0.034555,0.027598,0.018818,0.011730,0.007517,0.006124,0.003522,0.001260,
0.094044,0.107048,0.097371,0.092277,0.095896,0.091788,0.085766,0.076989,0.078624,0.069372,0.056763,0.052530,0.043818,0.033603,0.026983,0.020545,0.013981,0.009020,0.007543,0.003309,0.002227,
0.081077,0.093833,0.089549,0.092119,0.091204,0.082967,0.080175,0.076925,0.067313,0.053540,0.053729,0.047073,0.041800,0.035424,0.029277,0.021523,0.014688,0.008868,0.006193,0.003249,0.002203,
0.095861,0.092788,0.095113,0.084598,0.090339,0.086333,0.080057,0.071819,0.064303,0.058596,0.046572,0.044116,0.032301,0.028793,0.026752,0.018266,0.013385,0.010087,0.007746,0.004140,0.000408,
0.082661,0.087111,0.091517,0.079577,0.078173,0.070365,0.071755,0.064597,0.059216,0.047028,0.048703,0.039627,0.032836,0.029064,0.022072,0.016109,0.013126,0.009140,0.006480,0.003177,nan,
0.046478,0.064783,0.076871,0.073008,0.066876,0.067792,0.062410,0.058089,0.056220,0.047243,0.040935,0.040460,0.031045,0.025685,0.020362,0.016264,0.014511,0.010313,0.006374,0.004125,0.001899,
0.100663,0.065999,0.070223,0.066721,0.061672,0.062153,0.052649,0.051738,0.049489,0.047430,0.040081,0.034901,0.032307,0.026554,0.019357,0.015297,0.014048,0.009843,0.007549,0.003157,0.002788,
0.053131,0.062424,0.062884,0.056237,0.052954,0.055064,0.051970,0.048371,0.046086,0.039673,0.041989,0.035180,0.028066,0.024112,0.020153,0.016251,0.013420,0.010719,0.007040,0.003489,0.002680,
0.047501,0.053984,0.057363,0.055271,0.052609,0.049339,0.045058,0.043533,0.045660,0.037909,0.034472,0.028577,0.026079,0.022305,0.020590,0.015869,0.012253,0.010020,0.007939,0.003790,0.003567,
nan,0.046790,0.052221,0.048637,0.049098,0.047991,0.044046,0.037787,0.039789,0.038391,0.032609,0.029824,0.025992,0.022761,0.021007,0.018503,0.016585,0.012293,0.007439,0.004797,0.003663,
0.047504,0.038869,0.043489,0.042373,0.046716,0.044212,0.040969,0.035487,0.035345,0.034927,0.030091,0.027462,0.027871,0.022992,0.019359,0.016460,0.015978,0.010795,0.008946,0.004765,0.003115,
0.032242,0.035516,0.042020,0.038912,0.042201,0.041577,0.039682,0.033761,0.035454,0.028833,0.029777,0.028483,0.023452,0.025353,0.022252,0.017564,0.015706,0.013125,0.008244,0.005333,0.002780,
nan,0.034356,0.040987,0.038193,0.042959,0.034551,0.039350,0.033403,0.031947,0.030372,0.031396,0.028986,0.026062,0.024778,0.023325,0.020793,0.016314,0.013993,0.009530,0.006612,0.002933,
nan,0.036486,0.029802,0.028792,0.043834,0.036362,0.034195,0.034447,0.030086,0.032388,0.030765,0.035812,0.025339,0.026764,0.023660,0.018760,0.018189,0.014834,0.010823,0.006279,0.003312,
nan,0.033168,0.040934,0.031052,0.031444,0.030291,0.034343,0.033154,0.032656,0.030813,0.040223,0.032238,0.025745,0.025670,0.024365,0.020756,0.018642,0.016121,0.010667,0.006525,0.004858,
nan,0.029751,0.045618,0.037595,0.029390,0.036705,0.036706,0.031630,0.031545,0.026671,0.031095,0.030486,0.036705,0.035964,0.023600,0.026217,0.018950,0.014968,0.013386,0.009431,0.002727,
nan,nan,nan,nan,nan,0.020340,0.073485,0.028847,0.033671,0.029048,0.036259,0.030251,0.025028,0.025863,0.057385,0.022704,0.024422,0.015702,nan,0.009742,0.003358,
nan,0.082602,0.111773,0.097333,0.114603,0.087574,0.058004,0.060111,0.036356,nan,0.075706,0.058867,0.035716,0.019104,0.063816,0.031814,0.015425,0.002819,0.012518,0.003725,nan,
0.138783,0.099164,0.105994,0.119706,0.099598,0.087952,0.070060,0.084855,0.065225,0.074979,0.061469,0.045806,0.036482,0.036749,0.022060,0.020140,0.014047,0.009738,0.005010,0.002953,nan,
0.131010,0.107861,0.093172,0.092664,0.093297,0.096637,0.081114,0.087311,0.074229,0.075020,0.055236,0.056066,0.036851,0.032898,0.027023,0.020977,0.013764,0.008687,0.005535,0.002646,nan,
0.059351,0.095064,0.108008,0.101071,0.091983,0.096486,0.085313,0.075888,0.074095,0.069237,0.059234,0.049346,0.036540,0.029029,0.025718,0.020874,0.011403,0.008093,0.005491,0.003703,nan,
0.064285,0.092491,0.097292,0.083181,0.095389,0.080437,0.080106,0.067270,0.060518,0.070125,0.055238,0.047336,0.039348,0.027073,0.018955,0.019466,0.013011,0.007335,0.005650,0.003865,0.002734,
0.072051,0.095656,0.092790,0.082482,0.079289,0.081916,0.076375,0.067572,0.061574,0.056303,0.051135,0.042716,0.039214,0.028957,0.023435,0.016357,0.012147,0.010026,0.006481,0.003766,0.002284,
0.062631,0.090224,0.076911,0.087740,0.072898,0.073584,0.070776,0.065535,0.061975,0.054065,0.045664,0.038194,0.037814,0.032746,0.024609,0.017526,0.012147,0.008515,0.005528,0.004244,0.002347,
0.081266,0.082104,0.074535,0.074550,0.069736,0.068162,0.056987,0.057241,0.055785,0.045483,0.044233,0.040403,0.032867,0.025844,0.023756,0.017852,0.011986,0.010220,0.006940,0.004834,0.002480,
0.062325,0.063846,0.061965,0.064744,0.062323,0.064339,0.056660,0.052059,0.052852,0.046223,0.039727,0.038447,0.029884,0.025541,0.020503,0.017285,0.012585,0.008443,0.007476,0.003988,0.001598,
0.047685,0.057481,0.057270,0.060325,0.064451,0.058445,0.048747,0.050861,0.047828,0.042103,0.039370,0.030656,0.030671,0.022461,0.021961,0.016675,0.012392,0.009638,0.007715,0.003928,0.002435,
nan,0.055701,0.051683,0.051259,0.059992,0.050888,0.046837,0.042227,0.041519,0.039125,0.034435,0.029775,0.025786,0.023755,0.020004,0.016947,0.013429,0.009258,0.008466,0.004412,0.003420,
0.041620,0.048321,0.044664,0.047958,0.052477,0.044176,0.044021,0.040494,0.038424,0.035965,0.031770,0.028968,0.025745,0.022000,0.019119,0.018274,0.015885,0.009931,0.007199,0.004220,0.003779,
0.109848,0.042332,0.043451,0.041556,0.045126,0.040761,0.041490,0.037013,0.035569,0.032143,0.031717,0.028050,0.025583,0.024237,0.019946,0.017240,0.014746,0.011043,0.008249,0.005596,0.002952,
nan,0.041681,0.035286,0.038210,0.037634,0.038017,0.038817,0.038300,0.031692,0.030771,0.030908,0.028171,0.025476,0.024092,0.020467,0.016306,0.015386,0.011625,0.007583,0.005448,0.003500,
0.033336,0.041093,0.035789,0.034345,0.033724,0.042646,0.034823,0.033111,0.032240,0.030871,0.029328,0.032949,0.024715,0.023920,0.023324,0.019773,0.015951,0.013753,0.009203,0.005976,0.003208,
nan,0.028845,0.041801,0.040097,0.030294,0.040470,0.034559,0.031677,0.030138,0.032656,0.028237,0.034023,0.027374,0.025359,0.019736,0.018080,0.015204,0.014216,0.010856,0.006840,0.003539,
nan,0.037815,0.035323,0.033146,0.039280,0.030774,0.029532,0.028316,0.027815,0.029259,0.028402,0.031513,0.025290,0.027522,0.027532,0.026827,0.019295,0.014275,0.010465,0.006839,0.003862,
nan,0.026097,0.047046,0.033689,0.028878,0.026584,0.035705,0.033315,0.030003,0.037733,0.030559,0.033391,0.029497,0.027299,0.023946,0.021566,0.018056,0.015892,0.013480,0.006602,0.006700,
nan,nan,nan,nan,nan,0.055341,0.027919,0.019846,0.023499,0.054368,0.029372,0.039558,0.027996,0.054935,0.025479,0.023183,0.018673,0.012301,0.006279,0.009310,0.002446,
nan,0.165936,0.106575,0.093959,0.130535,0.082605,0.109832,0.093451,0.085604,0.102898,0.054743,0.050653,0.036280,0.022490,0.046790,0.017869,0.013299,0.006235,0.005275,0.002901,nan,
0.094271,0.109366,0.101284,0.099051,0.103497,0.084173,0.088219,0.078608,0.074528,0.060519,0.061064,0.039838,0.047313,0.032484,0.017302,0.020495,0.014399,0.007570,0.007000,0.003472,nan,
0.079831,0.109479,0.086323,0.103727,0.105417,0.083339,0.092634,0.080288,0.073178,0.063459,0.057154,0.048338,0.039682,0.024764,0.021794,0.017759,0.012417,0.008092,0.005057,0.002986,0.004515,
0.091424,0.095852,0.100584,0.093485,0.091438,0.084134,0.084850,0.074400,0.069231,0.065405,0.056424,0.041842,0.032560,0.029083,0.022437,0.018287,0.011380,0.008964,0.006617,0.004238,0.003227,
0.087181,0.099455,0.093326,0.104180,0.088940,0.084741,0.077523,0.078141,0.068205,0.059101,0.052184,0.042204,0.035258,0.029546,0.021797,0.020076,0.013279,0.010202,0.006430,0.004582,0.002504,
0.135600,0.087410,0.083806,0.090308,0.079934,0.090890,0.077053,0.074381,0.066125,0.057537,0.052666,0.046394,0.033386,0.033116,0.025417,0.017601,0.012993,0.011852,0.007593,0.004438,0.002274,
0.046857,0.080026,0.077636,0.081862,0.077915,0.073140,0.071660,0.061363,0.056066,0.052090,0.047671,0.040044,0.031815,0.028343,0.020342,0.016107,0.012975,0.008952,0.006473,0.003199,0.001292,
0.044838,0.087095,0.065422,0.076063,0.070333,0.071275,0.061957,0.054866,0.057685,0.050706,0.039207,0.040522,0.032343,0.025120,0.020337,0.015603,0.013439,0.009538,0.005277,0.003433,0.002167,
0.098864,0.074801,0.060236,0.062741,0.070754,0.065233,0.053613,0.053556,0.051302,0.045600,0.042021,0.032639,0.034831,0.024536,0.019032,0.015931,0.013201,0.008570,0.006204,0.003371,0.002343,
0.077870,0.066270,0.055531,0.054507,0.062708,0.054990,0.050277,0.048188,0.046055,0.041753,0.037254,0.030907,0.026398,0.023761,0.019786,0.015829,0.012551,0.009180,0.006541,0.004145,0.002133,
0.048405,0.057051,0.049198,0.049745,0.053815,0.048853,0.051091,0.042257,0.042416,0.039433,0.033803,0.030468,0.026394,0.022705,0.019945,0.017258,0.014447,0.009082,0.007387,0.004592,0.002937,
nan,0.053844,0.046518,0.045145,0.047736,0.042960,0.045627,0.043140,0.039615,0.035061,0.032184,0.028627,0.026708,0.023357,0.018553,0.016289,0.015173,0.010102,0.006230,0.004408,0.003527,
nan,0.043836,0.039633,0.040837,0.045566,0.039311,0.041186,0.039475,0.036780,0.031423,0.031372,0.029516,0.026809,0.022932,0.019465,0.015910,0.012644,0.010781,0.008052,0.004679,0.003134,
0.036479,0.040214,0.038158,0.038852,0.044143,0.036391,0.036392,0.035887,0.035864,0.033254,0.029363,0.028774,0.025158,0.024248,0.021118,0.015715,0.015562,0.011844,0.007637,0.005266,0.003377,
nan,0.031637,0.039001,0.033896,0.040837,0.034638,0.038231,0.032214,0.033317,0.033895,0.028132,0.032969,0.030001,0.020791,0.021125,0.018724,0.014201,0.012520,0.009359,0.005429,0.003477,
0.026028,0.029653,0.038183,0.041909,0.044306,0.034046,0.032111,0.033544,0.038483,0.027835,0.031005,0.026602,0.023544,0.024509,0.022325,0.022217,0.016406,0.013723,0.010318,0.007751,0.003713,
nan,0.028092,0.032289,0.026566,0.035920,0.047625,0.036365,0.032210,0.037658,0.028145,0.031711,0.026945,0.026012,0.029947,0.025064,0.019891,0.016899,0.014962,0.009926,0.007417,0.003939,
nan,0.029036,0.032401,0.036286,0.048970,0.041840,0.031584,0.032097,0.031399,0.025790,0.034024,0.025588,0.029647,0.039437,0.019941,0.032892,0.015588,0.019523,0.012393,0.007619,0.006871,
nan,nan,nan,0.029737,0.055085,0.026833,0.014750,0.033822,0.031019,0.028679,0.036930,0.031290,0.028827,0.022671,0.029974,0.023438,0.010574,0.011893,0.005820,0.006229,0.005154,
nan,0.116336,0.169262,0.094100,0.099629,0.101561,0.088805,0.104777,0.085313,0.090336,0.077284,0.039941,0.047160,0.040078,0.031502,0.013679,0.010646,0.002810,0.009965,0.000775,nan,
0.087747,0.106457,0.106879,0.100444,0.093474,0.091030,0.088257,0.081177,0.071757,0.058038,0.047609,0.042455,0.041733,0.023689,0.022192,0.015394,0.010932,0.008249,0.007206,0.003352,nan,
0.152991,0.101001,0.111439,0.102546,0.098754,0.094681,0.088544,0.087267,0.070719,0.060230,0.060410,0.050849,0.034738,0.027987,0.022771,0.017806,0.011348,0.009984,0.006543,0.003941,0.001642,
0.157980,0.111263,0.103532,0.092624,0.100266,0.089002,0.080119,0.077746,0.065696,0.059661,0.050710,0.048526,0.041833,0.033999,0.026850,0.019059,0.015019,0.009658,0.007264,0.003736,0.001859,
0.096821,0.110801,0.094668,0.086748,0.085268,0.085278,0.085052,0.073171,0.064652,0.058693,0.051315,0.047035,0.039458,0.035885,0.029172,0.018622,0.014656,0.008292,0.005388,0.003074,0.003196,
0.087208,0.101395,0.081059,0.087246,0.085734,0.081285,0.076644,0.067367,0.066674,0.057510,0.046165,0.043353,0.042575,0.030699,0.026108,0.016331,0.011926,0.008990,0.005465,0.003250,0.001892,
0.083489,0.093706,0.074867,0.076868,0.076093,0.075785,0.066411,0.061520,0.064914,0.053028,0.046071,0.035424,0.034236,0.032209,0.024184,0.016401,0.012434,0.007650,0.006937,0.003925,0.002337,
0.065815,0.081171,0.070262,0.063470,0.076294,0.072176,0.060478,0.057707,0.053729,0.047612,0.043751,0.040641,0.036085,0.026202,0.023196,0.016850,0.011567,0.011641,0.006764,0.004722,0.002154,
0.069837,0.080409,0.065239,0.059601,0.066198,0.061198,0.054297,0.053775,0.052413,0.043829,0.041381,0.035067,0.028177,0.025821,0.019765,0.016282,0.013527,0.009159,0.006963,0.003911,0.001702,
0.077069,0.061539,0.058247,0.056431,0.058252,0.052067,0.054881,0.048915,0.045082,0.043608,0.036480,0.033361,0.026085,0.022597,0.019143,0.014829,0.012872,0.010326,0.006664,0.003211,0.002191,
0.075644,0.062385,0.051470,0.053692,0.055362,0.045883,0.048446,0.045501,0.046207,0.037612,0.034141,0.032496,0.026779,0.025015,0.019844,0.016003,0.014364,0.008988,0.007460,0.004387,0.002405,
0.045310,0.042203,0.045302,0.049556,0.049787,0.043819,0.043454,0.040639,0.038928,0.034093,0.034577,0.028306,0.026278,0.022914,0.017873,0.016215,0.013268,0.009971,0.006690,0.004172,0.003973,
0.033355,0.044495,0.044475,0.043103,0.040346,0.044303,0.037255,0.036975,0.037481,0.033966,0.031997,0.030124,0.025664,0.022589,0.019639,0.015566,0.014057,0.011282,0.007701,0.005174,0.003070,
0.044434,0.035611,0.038538,0.045373,0.038676,0.037932,0.037412,0.036013,0.032856,0.029865,0.031895,0.030441,0.026618,0.023280,0.020522,0.016046,0.016617,0.011608,0.007798,0.006110,0.003513,
nan,0.037923,0.033368,0.037143,0.036518,0.035413,0.035432,0.033825,0.033015,0.028520,0.031513,0.026087,0.022287,0.021875,0.019932,0.017804,0.014517,0.010916,0.009877,0.005153,0.003801,
0.027199,0.029767,0.037887,0.035974,0.036728,0.034613,0.030975,0.034388,0.033616,0.028738,0.029440,0.025985,0.023614,0.025306,0.024263,0.020590,0.018134,0.011237,0.012192,0.007464,0.004181,
nan,0.028417,0.032595,0.027383,0.037425,0.036528,0.031111,0.030918,0.031560,0.028411,0.026596,0.024001,0.026334,0.030483,0.020417,0.021519,0.016292,0.013884,0.010262,0.008037,0.005116,
nan,0.061359,0.044703,0.028452,0.038383,0.052584,0.035986,0.026838,0.032465,0.028286,0.026094,0.026523,0.029921,0.029066,0.018882,0.021644,0.022396,0.016060,0.012989,0.007082,0.006835,
nan,nan,0.064287,0.037195,0.028801,nan,0.029691,0.025666,0.107253,0.026141,0.032714,0.019120,0.024996,0.026891,0.020835,0.014928,0.015844,0.011444,0.012349,0.009113,0.009239,
nan,0.138367,0.067956,0.075684,0.088743,0.050359,0.080156,0.105640,0.076554,0.078270,0.032378,0.032208,0.036102,0.015228,0.030620,0.023510,0.009610,0.007533,0.010591,0.004352,nan,
0.114377,0.109918,0.103745,0.103797,0.099043,0.115175,0.094320,0.076217,0.079859,0.061066,0.043030,0.051896,0.037535,0.036479,0.024962,0.020353,0.011528,0.007797,0.005387,0.003274,0.003141,
0.157188,0.102367,0.112223,0.102264,0.096053,0.090741,0.084964,0.070582,0.076470,0.061852,0.052601,0.047755,0.045396,0.039079,0.029441,0.024461,0.015045,0.009316,0.008108,0.004037,0.001645,
0.125144,0.109661,0.105911,0.096575,0.102436,0.094496,0.084862,0.073667,0.075806,0.072059,0.059798,0.047108,0.040493,0.030339,0.024616,0.019971,0.015086,0.008731,0.006202,0.003322,0.002916,
0.181401,0.095852,0.085987,0.106630,0.087762,0.084780,0.082468,0.072202,0.055128,0.069167,0.053666,0.047193,0.042372,0.026186,0.018230,0.022356,0.011749,0.007590,0.005804,0.003602,0.003120,
0.105297,0.093813,0.086509,0.085573,0.082181,0.078320,0.075333,0.071169,0.056790,0.058764,0.053620,0.044235,0.036339,0.030159,0.023259,0.016218,0.011097,0.012298,0.007303,0.004687,0.002329,
0.099802,0.081256,0.086456,0.070511,0.079812,0.075314,0.067132,0.060343,0.059717,0.052335,0.048246,0.041207,0.031652,0.028616,0.019612,0.017717,0.012405,0.009130,0.006926,0.003385,0.001864,
0.073681,0.067579,0.078539,0.064673,0.070370,0.065868,0.064231,0.059899,0.057737,0.051761,0.044477,0.040889,0.032722,0.024103,0.024159,0.015843,0.012451,0.008456,0.005283,0.003188,0.002697,
0.058331,0.066394,0.072753,0.068718,0.064960,0.054185,0.060124,0.053490,0.051806,0.045836,0.042652,0.037482,0.031677,0.024821,0.021666,0.017676,0.011626,0.008035,0.007593,0.004129,0.002271,
0.074234,0.059688,0.063957,0.062014,0.059426,0.056733,0.052181,0.049735,0.048016,0.041293,0.037379,0.030362,0.027331,0.022946,0.019977,0.015514,0.011160,0.009574,0.007948,0.003539,0.001794,
0.072341,0.054070,0.058113,0.055175,0.050878,0.050007,0.048096,0.046564,0.041905,0.037694,0.035217,0.029833,0.026698,0.022758,0.021971,0.016818,0.010822,0.009279,0.007099,0.004056,0.002340,
0.054137,0.058002,0.051362,0.048959,0.044545,0.045564,0.045478,0.039736,0.041785,0.036229,0.033500,0.030203,0.025294,0.022620,0.018304,0.015331,0.014440,0.010092,0.006880,0.004265,0.002961,
0.047506,0.043293,0.048635,0.043290,0.043650,0.038593,0.042588,0.037439,0.035823,0.033646,0.032722,0.029488,0.025611,0.023522,0.019668,0.015504,0.013365,0.011071,0.007790,0.004946,0.003350,
0.059759,0.039617,0.039442,0.040128,0.037348,0.036266,0.037593,0.033263,0.034661,0.029418,0.031165,0.028412,0.024513,0.021251,0.019628,0.016489,0.012468,0.011568,0.007975,0.006596,0.004017,
0.044486,0.035604,0.033297,0.040832,0.032268,0.036268,0.038780,0.037691,0.032161,0.031545,0.028818,0.025046,0.023446,0.021863,0.021625,0.017969,0.014123,0.010700,0.009214,0.005016,0.004101,
0.022129,0.026920,0.031915,0.033308,0.035109,0.029637,0.031298,0.034565,0.028524,0.027660,0.026075,0.025883,0.024649,0.027468,0.020454,0.020095,0.017852,0.011679,0.010924,0.008060,0.003979,
0.071680,0.030982,0.031933,0.031516,0.038274,0.031106,0.036912,0.030284,0.029130,0.025221,0.025665,0.029671,0.024045,0.023826,0.018718,0.020838,0.018808,0.014690,0.010931,0.008617,0.006206,
nan,0.028506,0.046480,0.043450,0.025548,0.031183,0.033488,0.031022,0.024848,0.026158,0.028090,0.026766,0.030427,0.024848,0.020398,0.018743,0.015277,0.014286,0.012733,0.008088,0.006042,
nan,nan,0.045672,nan,0.055547,0.048565,0.061673,0.019503,0.034973,0.030870,0.026670,0.042394,0.029647,0.018945,0.025664,0.022543,0.016439,0.012299,0.010172,0.015081,0.007407,
nan,0.086518,0.087522,0.091429,0.122191,0.097156,0.123548,0.098882,0.083704,0.077789,0.084528,0.043424,0.026353,0.030662,0.038291,0.033808,0.010548,0.009718,0.006243,0.001862,nan,
0.119174,0.095980,0.105568,0.099852,0.096097,0.100421,0.083482,0.078039,0.076959,0.072245,0.054804,0.054025,0.048121,0.029999,0.030860,0.017493,0.014386,0.008381,0.006720,0.003866,0.001121,
0.118246,0.116564,0.099514,0.098276,0.093798,0.103523,0.098742,0.091480,0.079444,0.075545,0.054610,0.049643,0.047059,0.041908,0.019561,0.023846,0.012698,0.009214,0.006668,0.003958,0.002572,
0.113484,0.111777,0.095239,0.102335,0.091415,0.089004,0.084054,0.076798,0.075556,0.070997,0.055669,0.050532,0.037172,0.027949,0.027569,0.019852,0.010390,0.007621,0.005519,0.003494,0.002243,
0.069255,0.104711,0.087844,0.089070,0.089141,0.089366,0.083151,0.076401,0.069888,0.061127,0.052774,0.041475,0.032839,0.030230,0.026434,0.020219,0.015043,0.008482,0.005945,0.004393,0.002370,
0.107727,0.094070,0.094157,0.078970,0.081105,0.078580,0.074759,0.064227,0.068423,0.057273,0.049338,0.044455,0.035095,0.030004,0.027005,0.017815,0.013194,0.009043,0.005468,0.003299,0.002978,
0.088451,0.081158,0.095858,0.075019,0.080873,0.075563,0.070942,0.064351,0.066835,0.053845,0.045828,0.035532,0.036147,0.032792,0.023241,0.016881,0.011991,0.007788,0.006720,0.003581,0.002437,
0.057728,0.080074,0.083165,0.074299,0.073199,0.064884,0.061338,0.059097,0.053551,0.052007,0.041170,0.039844,0.035311,0.026746,0.021033,0.016529,0.011730,0.008883,0.006851,0.003976,0.002332,
0.077264,0.064868,0.084048,0.065730,0.063476,0.062068,0.057792,0.051725,0.052329,0.045595,0.041146,0.032215,0.033843,0.025389,0.020323,0.015512,0.013113,0.009311,0.005445,0.003663,0.002414,
0.063063,0.075332,0.071382,0.057794,0.057214,0.054104,0.052680,0.054820,0.044896,0.041873,0.037340,0.032212,0.027671,0.023705,0.018425,0.016182,0.012970,0.008294,0.006631,0.003712,0.001982,
0.048440,0.056736,0.060772,0.054237,0.054863,0.048078,0.048816,0.042553,0.043479,0.037883,0.035739,0.030610,0.025574,0.023225,0.019212,0.017645,0.013095,0.008472,0.007400,0.003883,0.002569,
0.054204,0.050122,0.053942,0.049755,0.051495,0.044397,0.043259,0.038763,0.037337,0.035586,0.033564,0.029830,0.026403,0.022561,0.017859,0.014942,0.012856,0.009637,0.006638,0.004256,0.002960,
0.080087,0.049268,0.044279,0.044019,0.042602,0.042122,0.039493,0.045404,0.038094,0.032373,0.031693,0.030375,0.025739,0.023640,0.019815,0.016047,0.012125,0.012873,0.007772,0.005117,0.003314,
0.029469,0.041363,0.040871,0.037807,0.039667,0.038819,0.036611,0.037659,0.033367,0.032236,0.030270,0.025487,0.022408,0.020992,0.018728,0.016699,0.015101,0.011212,0.008330,0.006384,0.004146,
0.030138,0.042800,0.035490,0.036035,0.034632,0.037101,0.031825,0.031938,0.030689,0.028602,0.026425,0.027148,0.024865,0.023812,0.021734,0.018495,0.014197,0.011832,0.008821,0.005486,0.004648,
nan,0.031204,0.033110,0.034266,0.035590,0.032755,0.031361,0.029285,0.033833,0.031672,0.025890,0.026554,0.022635,0.024225,0.018948,0.018870,0.017105,0.011641,0.009725,0.009071,0.004111,
0.028395,0.028778,0.031822,0.032063,0.029938,0.032337,0.033251,0.031014,0.030243,0.027670,0.026634,0.027870,0.023023,0.024152,0.021248,0.017432,0.019591,0.014158,0.011475,0.008775,0.006979,
nan,0.039883,0.043550,0.029553,0.038850,0.029286,0.027627,0.036167,0.025981,0.025382,0.025873,0.026952,0.022252,0.024698,0.022576,0.018807,0.016290,0.015401,0.012108,0.011269,0.007090,
nan,0.051596,0.032372,nan,0.031439,0.022457,0.026616,0.030740,0.024178,0.030928,0.025884,0.016255,0.017960,0.018572,0.029716,0.047841,0.020560,0.026857,0.009080,0.008687,0.007113,
nan,0.112927,0.123314,0.090360,0.091472,0.105601,0.070481,0.119193,0.057366,0.091342,0.048051,0.071490,0.064171,0.018286,0.017622,0.010992,0.009861,0.009153,0.004047,0.000652,nan,
0.134882,0.116213,0.111445,0.097272,0.107002,0.105557,0.081688,0.082682,0.067712,0.056010,0.057809,0.047461,0.036261,0.033012,0.023354,0.015704,0.013051,0.010593,0.004506,0.003495,0.002029,
0.117069,0.112205,0.096588,0.091094,0.089751,0.097467,0.097957,0.082582,0.073004,0.070788,0.057081,0.050267,0.038836,0.034683,0.025803,0.023177,0.011322,0.007746,0.006035,0.002879,0.003226,
0.092830,0.107496,0.087980,0.097127,0.093221,0.090753,0.085796,0.079793,0.067980,0.059551,0.055607,0.049659,0.033925,0.028975,0.025035,0.017873,0.013871,0.008966,0.007132,0.004010,0.003279,
0.088379,0.101782,0.105633,0.094510,0.084523,0.097316,0.082257,0.073264,0.065949,0.058534,0.053123,0.045088,0.041021,0.036179,0.027220,0.018816,0.013975,0.009094,0.005541,0.003112,0.001956,
0.080022,0.094213,0.099939,0.081940,0.074978,0.079622,0.072490,0.067353,0.061669,0.056867,0.053258,0.044822,0.039919,0.028175,0.021907,0.014727,0.013253,0.008612,0.005828,0.003860,0.002356,
0.093090,0.086687,0.080563,0.077858,0.081829,0.071817,0.065072,0.063566,0.059002,0.049960,0.048939,0.041474,0.031497,0.031027,0.021009,0.018118,0.012354,0.010419,0.007405,0.003534,0.001680,
0.087051,0.079398,0.079600,0.070194,0.069526,0.066979,0.066698,0.056603,0.059430,0.050739,0.045138,0.040554,0.031997,0.027091,0.023903,0.016320,0.012233,0.008040,0.006125,0.003716,0.002322,
0.052392,0.073518,0.068375,0.063519,0.067514,0.058765,0.058155,0.057369,0.050785,0.046488,0.045080,0.036101,0.029446,0.024109,0.021749,0.015801,0.010494,0.008235,0.006664,0.003983,0.001867,
0.102269,0.057862,0.065092,0.059814,0.062659,0.054020,0.055368,0.045063,0.047421,0.042661,0.036256,0.033209,0.026673,0.024262,0.018334,0.015185,0.014311,0.009967,0.006733,0.004215,0.002247,
0.047071,0.053663,0.057319,0.053249,0.055433,0.049281,0.051270,0.045991,0.040882,0.036545,0.036215,0.031491,0.026267,0.022858,0.021343,0.015577,0.013807,0.008217,0.006368,0.004446,0.002525,
0.041389,0.055548,0.050043,0.046617,0.050825,0.044691,0.043970,0.044264,0.039631,0.037179,0.033826,0.031787,0.025626,0.024972,0.017773,0.016263,0.012881,0.009256,0.007100,0.004322,0.003309,
0.037548,0.052471,0.046152,0.043892,0.047405,0.042862,0.038763,0.035408,0.033805,0.033737,0.031708,0.027925,0.025665,0.022860,0.018882,0.017633,0.012133,0.013456,0.006896,0.006301,0.003351,
0.074253,0.034608,0.038865,0.040095,0.041667,0.040782,0.033442,0.032883,0.036413,0.031912,0.029534,0.027122,0.025027,0.021004,0.018839,0.017657,0.014925,0.010966,0.008088,0.007006,0.003853,
0.012042,0.042599,0.032935,0.037212,0.041957,0.034672,0.033031,0.029446,0.032047,0.032596,0.026511,0.027795,0.024106,0.024125,0.020808,0.015964,0.014924,0.011701,0.008261,0.005801,0.004664,
0.037519,0.035359,0.034533,0.038335,0.034548,0.028165,0.032076,0.029861,0.030727,0.030431,0.025816,0.023700,0.022884,0.023654,0.019758,0.017400,0.016764,0.012695,0.009610,0.006406,0.004978,
0.043138,0.026532,0.038973,0.029573,0.031310,0.033492,0.029371,0.027653,0.029729,0.039339,0.024383,0.026557,0.023848,0.025072,0.021766,0.020547,0.018549,0.013475,0.012566,0.010155,0.007140,
nan,nan,0.034943,0.034883,0.042046,0.031447,0.031318,0.028739,0.032387,0.029878,0.025728,0.027614,0.027543,0.023890,0.023595,0.016465,0.019199,0.019488,0.010903,0.014874,0.008435,
nan,0.031908,nan,0.027820,0.022711,0.028442,nan,0.033269,0.019508,0.022976,0.022326,0.021175,0.035203,0.023100,0.025545,0.018475,0.023213,0.013274,0.009349,0.012486,0.011887,
nan,0.138968,0.100240,0.097744,0.104686,0.084707,0.066785,0.106561,0.103160,0.069549,0.055060,0.057591,0.040029,0.034075,0.039278,0.012990,0.007330,0.009582,0.004750,0.003714,nan,
0.124391,0.109866,0.119339,0.114073,0.110888,0.102658,0.077000,0.090039,0.079435,0.055064,0.051928,0.052105,0.041872,0.026638,0.023783,0.017986,0.012044,0.011383,0.007848,0.004859,0.002846,
0.068692,0.113079,0.105553,0.106645,0.098447,0.087287,0.091972,0.082011,0.070629,0.064924,0.050684,0.049658,0.034690,0.033165,0.021295,0.017656,0.012993,0.009159,0.005124,0.003167,0.003409,
0.079281,0.100799,0.084120,0.097988,0.101787,0.085374,0.081513,0.077025,0.063832,0.068126,0.057363,0.045833,0.041388,0.030606,0.023579,0.019372,0.014255,0.008732,0.005927,0.004018,0.002408,
0.079445,0.093609,0.098846,0.086536,0.083979,0.086563,0.079927,0.075713,0.062986,0.066128,0.053536,0.046725,0.039473,0.028937,0.020847,0.021470,0.010944,0.007881,0.006466,0.003311,0.003063,
0.085624,0.084318,0.094196,0.083919,0.087499,0.096018,0.075601,0.070529,0.073915,0.058855,0.051044,0.043470,0.035098,0.030313,0.027070,0.017700,0.014683,0.009132,0.006056,0.003973,0.002588,
0.085679,0.074894,0.089819,0.077855,0.075920,0.075281,0.067616,0.063844,0.069783,0.054027,0.045939,0.036685,0.033912,0.032400,0.021846,0.016133,0.012021,0.008908,0.006341,0.003461,0.002637,
0.057065,0.072977,0.081991,0.074484,0.069325,0.065390,0.062830,0.059331,0.054559,0.050636,0.043253,0.041327,0.035083,0.026678,0.021636,0.016470,0.012223,0.008551,0.006497,0.003542,0.002470,
0.074218,0.069070,0.073990,0.067116,0.072707,0.062830,0.063841,0.053067,0.051837,0.045368,0.040191,0.035348,0.032567,0.024697,0.020050,0.017495,0.011783,0.008737,0.005951,0.003745,0.002541,
0.055662,0.055731,0.065243,0.058798,0.060370,0.053183,0.055695,0.047763,0.048319,0.041611,0.037642,0.033927,0.027366,0.023460,0.019382,0.016465,0.012475,0.009445,0.007375,0.004033,0.002147,
0.058681,0.057832,0.056222,0.055129,0.055235,0.050429,0.048325,0.046277,0.043119,0.038615,0.037054,0.031116,0.026957,0.023118,0.020174,0.015464,0.013521,0.009229,0.007236,0.004681,0.002236,
0.056924,0.049685,0.052423,0.050738,0.047740,0.045840,0.043502,0.039575,0.038040,0.038668,0.033726,0.029520,0.025558,0.021368,0.019054,0.015373,0.012870,0.008953,0.007146,0.005150,0.002950,
0.039683,0.046370,0.045972,0.041883,0.042750,0.041751,0.040375,0.035856,0.038000,0.033963,0.030462,0.028053,0.025454,0.022896,0.018526,0.017519,0.012496,0.011001,0.006996,0.004127,0.003440,
0.033432,0.040075,0.045432,0.040016,0.039496,0.038186,0.039113,0.035970,0.032792,0.034945,0.028690,0.027043,0.024982,0.021857,0.018941,0.017342,0.014899,0.011401,0.008102,0.008185,0.003380,
0.061335,0.052583,0.037204,0.038398,0.033925,0.039279,0.037743,0.035522,0.034242,0.030966,0.026470,0.027227,0.024398,0.024140,0.019179,0.020752,0.013898,0.012696,0.008859,0.006912,0.004441,
0.029538,0.033382,0.029599,0.034709,0.040525,0.034794,0.033394,0.033743,0.029141,0.032896,0.027223,0.029414,0.024634,0.020783,0.021309,0.017487,0.018409,0.013053,0.010118,0.007055,0.005219,
0.014124,0.034815,0.032100,0.035858,0.037326,0.032794,0.034663,0.028357,0.027862,0.027818,0.029479,0.031048,0.024408,0.024084,0.021827,0.018913,0.014651,0.016551,0.011476,0.009400,0.009496,
nan,nan,0.024841,0.033975,0.035322,0.032046,0.028062,0.034232,0.031992,0.032312,0.027630,0.033237,0.028027,0.029456,0.026384,0.024110,0.020693,0.019952,0.011988,0.010117,0.007657,
nan,nan,nan,0.030466,nan,0.027998,0.069239,0.021566,0.057520,0.038502,0.020316,0.021983,0.033357,0.017870,0.013959,0.034704,0.014962,0.021769,0.010936,0.010031,0.011733,
nan,0.124362,0.111749,0.075840,0.085725,0.062849,0.100063,0.129237,0.052669,0.042250,0.046611,0.044999,0.048256,0.039200,0.022499,0.019610,0.012339,0.007954,0.001741,0.003123,nan,
0.125503,0.109990,0.094753,0.110925,0.093588,0.098594,0.101117,0.087065,0.074132,0.066766,0.055580,0.051509,0.033587,0.032887,0.025389,0.019286,0.014581,0.009855,0.004044,0.004838,0.001816,
0.099158,0.090988,0.102041,0.104222,0.100243,0.084923,0.084140,0.077003,0.072675,0.068920,0.059228,0.050212,0.042352,0.025846,0.023727,0.018572,0.011367,0.009876,0.006240,0.003024,0.002177,
0.099808,0.099513,0.093466,0.109685,0.097801,0.091021,0.085801,0.079226,0.070749,0.067390,0.060163,0.048396,0.044311,0.031394,0.026720,0.022583,0.015380,0.008622,0.006379,0.003599,0.001088,
0.096624,0.094835,0.102318,0.091455,0.088976,0.087231,0.088965,0.076329,0.067734,0.059924,0.051656,0.044907,0.033067,0.028736,0.027264,0.018540,0.010487,0.008438,0.005706,0.003687,0.001879,
0.093143,0.095615,0.086791,0.082450,0.083307,0.079215,0.071923,0.067826,0.064870,0.057488,0.049956,0.043786,0.040349,0.028137,0.027345,0.017442,0.014484,0.007835,0.005493,0.003190,0.001444,
0.084288,0.085902,0.078747,0.078690,0.074915,0.065537,0.068290,0.062525,0.061087,0.050391,0.049059,0.039614,0.033316,0.028626,0.021369,0.015014,0.012823,0.009658,0.007833,0.004128,0.002491,
0.125424,0.071927,0.067720,0.076001,0.075989,0.069601,0.066460,0.056782,0.057870,0.053373,0.045792,0.040737,0.032049,0.028387,0.022258,0.017828,0.011520,0.007819,0.006497,0.003634,0.002517,
0.052670,0.070113,0.061251,0.065487,0.067375,0.057630,0.059527,0.054423,0.053961,0.047527,0.040490,0.033733,0.034082,0.026086,0.020644,0.015265,0.012436,0.008604,0.006596,0.003485,0.002126,
0.060679,0.065211,0.054875,0.061018,0.057902,0.056788,0.051575,0.048929,0.045564,0.041533,0.039837,0.032065,0.029517,0.023733,0.018078,0.016893,0.012853,0.008440,0.005046,0.004685,0.002589,
0.084580,0.068764,0.050984,0.053263,0.049436,0.052524,0.050383,0.044660,0.044345,0.041914,0.032714,0.032149,0.027841,0.023014,0.020615,0.016637,0.012690,0.009540,0.007045,0.004125,0.002540,
0.033818,0.052235,0.044929,0.048886,0.043875,0.048354,0.045238,0.039961,0.040376,0.035464,0.033666,0.030273,0.026231,0.023993,0.020118,0.016091,0.012885,0.009381,0.007862,0.005292,0.002397,
0.046525,0.047071,0.044380,0.046485,0.041228,0.043072,0.040568,0.039141,0.035831,0.035484,0.030278,0.029006,0.027042,0.022694,0.018248,0.016109,0.013105,0.010086,0.007903,0.004914,0.003100,
0.040885,0.055087,0.039684,0.039202,0.038911,0.039323,0.039318,0.037985,0.034098,0.032979,0.028011,0.027420,0.025242,0.023031,0.020063,0.016569,0.013809,0.012699,0.007785,0.005771,0.003487,
0.038028,0.043242,0.038731,0.036492,0.035671,0.035924,0.037269,0.035546,0.034539,0.040163,0.032452,0.030990,0.024802,0.022787,0.019362,0.019764,0.014068,0.013340,0.009678,0.008821,0.005077,
0.032550,0.035199,0.033606,0.040379,0.031740,0.036296,0.033370,0.029989,0.034784,0.030910,0.030620,0.027612,0.023614,0.023107,0.022067,0.018114,0.018423,0.013319,0.009292,0.007068,0.005875,
0.030008,0.029461,0.025844,0.032479,0.027613,0.033972,0.035353,0.035897,0.036222,0.029812,0.032479,0.032329,0.024156,0.026749,0.024085,0.018888,0.016476,0.018444,0.011595,0.009193,0.005870,
nan,0.032950,0.031146,0.028699,0.034053,0.025584,0.031850,0.028068,0.027711,0.028656,0.025886,0.024168,0.024825,0.022382,0.023527,0.022400,0.017638,0.018414,0.015047,0.010897,0.009050,
nan,nan,0.039064,0.029693,0.031361,nan,0.029005,0.022820,0.025247,0.057218,0.023275,0.016713,0.023265,0.024281,0.019938,0.015935,0.019975,0.013840,0.008379,0.015311,0.005705,
nan,0.097228,0.123957,0.093567,0.105675,0.117028,0.084759,0.058674,0.070508,0.088140,0.058757,0.023291,0.042959,0.022197,0.026903,0.009865,0.009269,0.008028,0.005262,0.003926,nan,
0.078351,0.109809,0.093285,0.101188,0.096770,0.096187,0.074352,0.086617,0.073487,0.068208,0.059865,0.050408,0.032872,0.030637,0.026306,0.022564,0.015569,0.010223,0.007279,0.002251,0.000948,
0.092226,0.075709,nan,0.099669,0.095856,0.097153,0.087423,0.082448,0.077761,0.063312,0.051232,0.043965,0.040695,0.037943,0.030361,0.018054,0.010953,0.008047,0.005827,0.003526,0.001328,
0.097214,0.100269,0.097508,0.098072,0.092288,0.091704,0.082145,0.080450,0.079414,0.070232,0.053062,0.049917,0.038522,0.031608,0.021392,0.020090,0.011846,0.007742,0.006051,0.002554,0.002757,
0.091401,0.099526,0.089398,0.090688,0.090282,0.085547,0.080726,0.073346,0.068147,0.059203,0.055036,0.046638,0.038897,0.031510,0.024306,0.019750,0.014413,0.009316,0.007775,0.003745,0.002869,
0.066032,0.088545,0.082017,0.092196,0.071741,0.085771,0.076964,0.067771,0.064617,0.060308,0.053267,0.045534,0.037599,0.027405,0.021026,0.020021,0.012561,0.007683,0.006240,0.003790,0.002360,
0.039275,0.079761,0.082044,0.082223,0.077786,0.073573,0.064647,0.064673,0.067595,0.053239,0.046139,0.038167,0.033542,0.029677,0.024947,0.017141,0.012403,0.008893,0.005478,0.003503,0.002229,
0.046552,0.071107,0.076442,0.075798,0.073383,0.061633,0.065774,0.060087,0.060986,0.050438,0.043466,0.040485,0.032695,0.029054,0.019683,0.016824,0.012126,0.009545,0.007172,0.003649,0.002232,
0.066159,0.061918,0.069561,0.070759,0.062369,0.064966,0.062773,0.055156,0.050720,0.047343,0.040721,0.037285,0.029905,0.024130,0.021451,0.016884,0.011298,0.008714,0.006448,0.003730,0.002410,
0.048112,0.057792,0.065695,0.060537,0.060287,0.059094,0.055230,0.049087,0.047024,0.042682,0.037673,0.033137,0.026482,0.024701,0.019851,0.016163,0.012401,0.009080,0.007286,0.004036,0.002842,
0.060539,0.056278,0.053281,0.057137,0.052459,0.051581,0.048099,0.043774,0.042998,0.037429,0.035065,0.031853,0.028179,0.023229,0.018845,0.016786,0.013794,0.009858,0.006549,0.004440,0.003127,
0.056859,0.046420,0.045346,0.054247,0.047190,0.045610,0.040138,0.042830,0.040151,0.037260,0.032889,0.031425,0.025303,0.023737,0.019509,0.017352,0.013765,0.009300,0.007383,0.004114,0.003574,
0.038646,0.049338,0.043327,0.047669,0.043297,0.039110,0.041145,0.039416,0.038865,0.035657,0.029437,0.028622,0.026371,0.023545,0.019465,0.017085,0.013200,0.010917,0.007861,0.005796,0.004517,
0.038838,0.042077,0.038239,0.047330,0.039826,0.034611,0.038652,0.034468,0.037244,0.034941,0.030426,0.030641,0.025498,0.024248,0.020538,0.017102,0.014084,0.012287,0.008514,0.004831,0.003976,
0.035745,0.034087,0.034312,0.035669,0.032142,0.032228,0.036842,0.032705,0.031015,0.030214,0.028232,0.026953,0.025015,0.023001,0.019988,0.018039,0.015560,0.012313,0.009526,0.008923,0.005411,
0.046569,0.033016,0.035382,0.034511,0.033483,0.032504,0.033711,0.030989,0.028527,0.027902,0.027032,0.027059,0.024834,0.024041,0.023406,0.017984,0.017789,0.014456,0.011825,0.006990,0.007806,
nan,0.028291,0.033968,0.035094,0.032039,0.027688,0.034110,0.031509,0.029246,0.028809,0.026441,0.026027,0.029115,0.027334,0.023475,0.020469,0.016269,0.016046,0.014593,0.009285,0.006451,
nan,0.026982,0.026058,0.031154,0.042783,0.028443,0.034947,0.031912,0.027113,0.027902,0.022201,0.025634,0.028832,0.027555,0.027775,0.023865,0.019982,0.016765,0.015130,0.010880,0.009414,
nan,0.049155,0.022103,0.021296,0.033810,0.119742,0.028227,0.044427,0.027501,0.020159,0.023262,0.028366,0.015087,0.022085,0.022225,0.022581,0.023704,0.022075,0.015325,0.013692,0.009140,
nan,0.105336,0.077037,0.095738,0.091340,0.092673,0.070195,0.045289,0.083928,0.063348,0.050598,0.052389,0.031260,0.021761,0.034483,0.013119,0.008954,0.008877,0.005350,0.006341,nan,
0.087703,0.107586,0.094983,0.108703,0.091856,0.081479,0.083365,0.077158,0.085868,0.061591,0.057600,0.052459,0.041034,0.028310,0.026781,0.019381,0.015419,0.015557,0.005128,0.002738,0.001005,
0.089290,0.109558,0.092120,0.104580,0.095893,0.092640,0.081433,0.083018,0.069206,0.067168,0.052731,0.045838,0.042291,0.035331,0.021447,0.023460,0.013787,0.009448,0.005726,0.003869,0.002415,
0.102862,0.106886,0.105578,0.096506,0.082957,0.089878,0.087173,0.076075,0.070267,0.065335,0.050744,0.048892,0.037441,0.031975,0.022827,0.019907,0.012020,0.008232,0.005414,0.003162,0.002238,
0.099328,0.103750,0.088907,0.088533,0.081693,0.087027,0.081526,0.078276,0.062689,0.066605,0.053760,0.048964,0.035623,0.031276,0.025319,0.018107,0.013092,0.008557,0.005461,0.003426,0.002019,
0.089617,0.089726,0.085643,0.086244,0.084869,0.085698,0.072591,0.066829,0.068401,0.059079,0.049765,0.042678,0.034140,0.030201,0.025485,0.019372,0.014431,0.008909,0.005994,0.003817,0.001925,
0.079791,0.079643,0.077414,0.085647,0.079030,0.069609,0.069566,0.064615,0.061792,0.051799,0.046919,0.041253,0.037629,0.028710,0.023080,0.016343,0.012512,0.008710,0.005712,0.004103,0.002296,
0.058477,0.071458,0.076600,0.076434,0.068184,0.067038,0.072748,0.057574,0.059249,0.049773,0.045036,0.040123,0.029912,0.028489,0.021834,0.016126,0.012373,0.008601,0.005949,0.003550,0.002966,
0.073843,0.065164,0.069789,0.066728,0.067614,0.062668,0.060100,0.052436,0.051902,0.051738,0.041984,0.034738,0.032865,0.026220,0.020754,0.017355,0.012296,0.008892,0.006400,0.003755,0.002726,
0.051590,0.059509,0.061555,0.061507,0.057161,0.053669,0.050157,0.050547,0.048000,0.040731,0.038335,0.034776,0.028507,0.024835,0.021397,0.016657,0.011168,0.008641,0.006978,0.004096,0.002669,
0.043138,0.051928,0.054527,0.055591,0.052259,0.046640,0.048596,0.046636,0.043836,0.039376,0.035295,0.033518,0.027162,0.024905,0.020279,0.015061,0.014227,0.010161,0.008145,0.003994,0.003006,
0.044481,0.047989,0.052620,0.049265,0.047796,0.042377,0.046515,0.041650,0.041444,0.039287,0.033221,0.028730,0.026576,0.023885,0.019982,0.018433,0.013655,0.010112,0.007730,0.004856,0.003771,
0.030821,0.055791,0.044172,0.043990,0.041539,0.039429,0.042143,0.037651,0.039465,0.034933,0.031033,0.029207,0.027414,0.023207,0.019701,0.016827,0.013929,0.010526,0.007666,0.006206,0.003688,
0.030659,0.037287,0.046567,0.039208,0.038482,0.035075,0.038447,0.036888,0.033874,0.029837,0.030829,0.029629,0.025372,0.024121,0.021047,0.018632,0.014106,0.012012,0.009056,0.005762,0.005945,
0.022095,0.034875,0.039919,0.039503,0.036271,0.034329,0.031015,0.036373,0.030188,0.032016,0.029421,0.024879,0.024035,0.022800,0.020179,0.019067,0.015489,0.013004,0.009641,0.006583,0.004302,
nan,0.041173,0.035693,0.028991,0.035152,0.030009,0.029275,0.036331,0.031981,0.032073,0.029093,0.028199,0.028375,0.024213,0.024341,0.018284,0.016906,0.014851,0.012610,0.008985,0.009352,
0.041805,0.040572,0.027736,0.036397,0.029992,0.028130,0.027137,0.031563,0.029690,0.031635,0.025780,0.027226,0.024245,0.024225,0.025617,0.021807,0.016244,0.016354,0.011977,0.009188,0.007310,
0.029511,0.021964,0.029252,0.035908,0.028054,0.030595,0.026306,0.048326,0.037013,0.030595,0.028060,0.025640,0.026800,0.024480,0.027142,0.022241,0.020693,0.017164,0.021889,0.011421,0.009634,
nan,0.047610,nan,0.014169,nan,0.031705,0.024516,0.031787,0.024572,0.020855,0.034405,0.044432,0.023303,0.045903,0.021675,0.021036,0.017148,0.016595,0.026981,0.015042,0.005672,
nan,0.114523,0.093306,0.096079,0.123916,0.084502,0.076195,0.075152,0.066845,0.068228,0.068304,0.046378,0.046127,0.023153,0.019722,0.009616,0.007045,0.012100,0.003985,0.003451,nan,
0.078752,0.103959,0.104441,0.108790,0.095836,0.096294,0.105071,0.082778,0.082171,0.059552,0.061427,0.054079,0.042282,0.030514,0.028489,0.019937,0.013606,0.007593,0.006248,0.003057,0.002113,
0.098714,0.111815,0.103945,0.095957,0.097064,0.097727,0.089711,0.082196,0.079366,0.070963,0.057590,0.050044,0.041699,0.034760,0.024525,0.018127,0.011189,0.009644,0.006269,0.002733,0.002675,
0.084917,0.103526,0.092249,0.095318,0.095943,0.088615,0.092958,0.076973,0.064096,0.062894,0.055150,0.049694,0.037346,0.030674,0.021913,0.019249,0.013460,0.009588,0.006799,0.002991,0.001297,
0.100071,0.088666,0.091284,0.092399,0.087904,0.085668,0.080796,0.079798,0.071052,0.064303,0.051868,0.046003,0.039619,0.030041,0.024709,0.019749,0.013563,0.007396,0.006198,0.003279,0.002168,
0.096306,0.086672,0.089178,0.091553,0.082693,0.078904,0.078542,0.069013,0.062914,0.058780,0.054321,0.041583,0.042420,0.029449,0.022196,0.019676,0.013419,0.009401,0.007580,0.003648,0.002673,
0.083658,0.082364,0.087462,0.081894,0.071694,0.073112,0.080328,0.063774,0.064563,0.054803,0.047408,0.041640,0.033584,0.027198,0.023879,0.018083,0.015179,0.007882,0.005653,0.003398,0.002473,
0.062390,0.076504,0.073311,0.076739,0.073031,0.069253,0.065684,0.059679,0.061653,0.049394,0.044943,0.039585,0.031322,0.027601,0.022154,0.014823,0.011673,0.009826,0.006292,0.004652,0.002241,
0.050243,0.071776,0.065768,0.066653,0.065145,0.059183,0.061014,0.055080,0.057667,0.046758,0.041636,0.036660,0.030439,0.028057,0.021440,0.016653,0.012142,0.008775,0.006560,0.004063,0.002667,
0.068413,0.065833,0.064201,0.057955,0.061457,0.052296,0.054759,0.049566,0.047059,0.042450,0.038572,0.032910,0.030405,0.024150,0.019296,0.017249,0.012704,0.008782,0.006120,0.004393,0.002971,
0.046726,0.055711,0.056373,0.051364,0.051790,0.051915,0.048409,0.046232,0.046015,0.040756,0.036251,0.030576,0.028171,0.024309,0.020445,0.016272,0.013109,0.009866,0.008669,0.004499,0.002969,
0.076638,0.050094,0.051287,0.046906,0.044510,0.047967,0.042460,0.041034,0.041837,0.036974,0.031450,0.030404,0.026671,0.026083,0.020709,0.016962,0.013654,0.011146,0.007439,0.004846,0.003535,
0.039424,0.045162,0.043942,0.046585,0.040491,0.045723,0.038571,0.038244,0.035467,0.034306,0.032909,0.031575,0.027462,0.023844,0.017921,0.018957,0.014832,0.010261,0.007842,0.005250,0.003874,
0.037592,0.044939,0.038517,0.043550,0.036445,0.038819,0.037227,0.035678,0.036268,0.034065,0.031171,0.027115,0.026880,0.023085,0.022894,0.019767,0.014728,0.011393,0.009434,0.006975,0.004055,
0.042637,0.039006,0.035359,0.039950,0.032811,0.035931,0.037861,0.033032,0.033178,0.030480,0.028312,0.028671,0.029211,0.022133,0.020981,0.019241,0.016675,0.013238,0.010407,0.006996,0.004872,
0.030486,0.029660,0.041652,0.033545,0.031597,0.035874,0.036107,0.030534,0.033742,0.028588,0.025310,0.026567,0.024474,0.025061,0.022824,0.018617,0.015953,0.015215,0.011630,0.008667,0.006494,
nan,0.049922,0.035289,0.033865,0.037789,0.031112,0.032763,0.032523,0.032267,0.028038,0.028345,0.027048,0.025469,0.023926,0.025186,0.022709,0.016910,0.016760,0.012175,0.011654,0.008103,
0.024543,0.028760,0.036096,0.031975,0.031164,0.033576,0.028078,0.027812,0.033991,0.030081,0.026500,0.026330,0.025163,0.021305,0.025651,0.026459,0.020421,0.018401,0.016871,0.010762,0.009862,
nan,0.038855,0.028384,0.027783,0.019063,0.036394,0.028246,0.045792,0.035390,0.025257,0.021893,0.019054,0.027024,0.018946,0.018912,0.023007,0.020651,0.020543,0.013375,0.010963,0.012897,
nan,0.103186,0.170762,0.123925,0.093186,0.081533,0.068513,0.054760,0.045501,0.076509,0.039544,0.085455,0.035864,0.014434,0.011213,0.021940,0.012463,0.006267,0.005906,0.001943,nan,
0.077139,0.118352,0.112334,0.105300,0.103450,0.095675,0.088294,0.079426,0.067862,0.056179,0.056656,0.043429,0.039480,0.034376,0.019421,0.018122,0.011743,0.009783,0.005762,0.003120,0.001672,
0.097856,0.108000,0.100168,0.091476,0.097212,0.099906,0.086055,0.078419,0.070714,0.062649,0.054126,0.047188,0.037295,0.029997,0.027611,0.016673,0.014598,0.009110,0.005451,0.004446,0.002720,
0.103320,0.097981,0.103796,nan,0.096708,0.087532,0.086627,0.078563,0.080874,0.065243,0.054295,0.045795,0.041477,0.031590,0.024746,0.021813,0.011504,0.009075,0.006431,0.003302,0.002263,
0.106552,0.097375,0.091854,0.092259,0.087937,0.088392,0.085882,0.076015,0.070438,0.060455,0.054529,0.043387,0.038193,0.031515,0.020264,0.018423,0.011577,0.008571,0.005111,0.003346,0.001836,
0.155384,0.089482,0.098655,0.088632,0.085975,nan,0.073722,0.067829,0.067917,0.063474,0.050374,0.045541,0.033067,0.030547,0.026487,0.018222,0.012459,0.009907,0.006149,0.003710,0.002155,
0.132477,0.084576,0.085534,0.083112,0.078612,0.073312,0.071195,0.064000,0.063472,0.051918,0.047920,0.042060,0.036066,0.028128,0.022869,0.018678,0.012263,0.008551,0.007672,0.003747,0.002133,
0.087603,0.077180,0.076713,0.070111,0.072382,0.070447,0.073108,0.060636,0.057674,0.048387,0.043479,0.038228,0.032995,0.027876,0.021614,0.018123,0.014204,0.009351,0.005984,0.003532,0.002716,
0.078210,0.067019,0.069901,0.066925,0.064435,0.059830,0.058596,0.054078,0.051374,0.047674,0.043980,0.038001,0.030946,0.026871,0.021960,0.016156,0.012398,0.009780,0.006367,0.004692,0.002511,
0.056521,0.058084,0.060165,0.061036,0.057282,0.056890,0.049974,0.050596,0.048947,0.041972,0.039186,0.034122,0.028186,0.025052,0.020203,0.016557,0.011675,0.009364,0.007315,0.004368,0.002892,
0.060016,0.054120,0.053352,0.055024,0.052841,0.051471,0.049993,0.045148,0.045193,0.037436,0.035059,0.032066,0.029142,0.023768,0.021116,0.017336,0.013402,0.008932,0.006535,0.004843,0.003042,
0.050651,0.055213,0.049930,0.048290,0.047631,0.044478,0.046975,0.042553,0.039208,0.037076,0.033599,0.031891,0.027008,0.022607,0.021001,0.016272,0.015120,0.010982,0.008743,0.004576,0.003256,
0.054503,0.050165,0.047959,0.046099,0.042049,0.038281,0.042739,0.039816,0.036262,0.036127,0.033230,0.030339,0.026874,0.026367,0.019806,0.019377,0.015233,0.011915,0.008890,0.005726,0.003505,
0.044480,0.045443,0.037927,0.049955,0.037512,0.035437,0.038128,0.036417,0.033937,0.031400,0.028716,0.030549,0.028100,0.023348,0.019607,0.019882,0.015041,0.012136,0.008922,0.006873,0.003812,
0.061156,0.040086,0.036459,0.043657,0.038334,0.034020,0.039744,0.035736,0.033560,0.029907,0.027689,0.026811,0.025483,0.022942,0.020909,0.019774,0.016266,0.013192,0.010661,0.008021,0.006285,
0.027143,0.056385,0.038914,0.044893,0.030018,0.031243,0.036443,0.030997,0.037128,0.031691,0.029473,0.026790,0.026607,0.024996,0.023560,0.019765,0.016876,0.015829,0.012034,0.008632,0.005252,
0.029820,0.029695,0.031822,0.032289,0.034234,0.033371,0.030304,0.028327,0.029963,0.034585,0.028002,0.028576,0.026777,0.025779,0.026382,0.022652,0.017159,0.017025,0.015463,0.009977,0.007585,
0.025325,0.037297,0.034500,0.033913,0.031937,0.029734,0.037434,0.045167,0.023787,0.032942,0.026602,0.033016,0.027044,0.029557,0.022681,0.026134,0.019785,0.016899,0.016623,0.012073,0.010538,
nan,nan,nan,0.032632,0.020317,0.031160,0.036046,0.024208,0.032917,0.043063,0.026931,0.029084,0.024905,0.021969,0.027507,0.035892,0.037050,0.015886,0.012143,0.015311,0.011885,
nan,0.096077,0.072446,0.071043,0.068755,0.076115,0.092607,0.128977,0.065899,0.053362,0.066165,0.044932,0.033413,0.042112,0.020973,0.012949,0.011313,0.006124,0.004541,0.003371,nan,
0.130650,0.138701,0.098492,0.109203,0.089303,0.089748,0.091017,0.082890,0.075190,0.054734,0.055895,0.051398,0.042384,0.037786,0.025322,0.018534,0.014889,0.008812,0.008310,0.002914,0.003539,
0.087789,0.107378,0.102048,0.096536,0.101134,0.093383,0.081334,0.077885,0.073676,0.062583,0.055257,0.050414,0.038533,0.035867,0.023145,0.018455,0.015639,0.008414,0.006464,0.003452,0.001639,
0.091476,0.106436,0.102660,0.111483,0.096445,0.096393,0.085789,0.082783,0.071501,0.064706,0.050601,0.049432,0.038861,0.037981,0.021856,0.021767,0.012094,0.008051,0.005571,0.003749,0.002109,
0.088478,0.101245,0.102752,0.098146,0.093143,0.086054,0.080362,0.070907,0.065593,0.062701,0.050446,0.047051,0.035222,0.033518,0.025829,0.019877,0.012628,0.009539,0.006448,0.002790,0.001958,
0.063857,0.091490,0.084709,0.090107,0.083614,0.079613,0.075590,0.071820,0.064198,0.056774,0.052562,0.043318,0.036286,0.030814,0.022339,0.018820,0.012558,0.007302,0.005597,0.003927,0.002462,
0.130930,0.078349,0.078371,0.077270,0.076476,0.077697,nan,0.063633,0.061633,0.055701,0.047954,0.041150,0.035460,0.026766,0.023779,0.017139,0.012200,0.009644,0.006147,0.003377,0.002074,
0.110017,0.074744,0.071810,0.075921,0.067438,0.068122,0.064413,0.059821,0.059422,0.049698,0.046648,0.038374,0.034704,0.026442,0.021937,0.017529,0.013095,0.008062,0.006780,0.004028,0.002359,
0.079801,0.066454,0.067095,0.070619,0.062562,0.063780,0.058163,0.056190,0.051908,0.046610,0.042317,0.038430,0.029645,0.027906,0.023146,0.017590,0.013278,0.009683,0.005628,0.004211,0.002492,
0.061160,0.062088,0.060863,0.058683,0.058087,0.054813,0.055167,0.049625,0.047108,0.042154,0.039262,0.034827,0.030090,0.025308,0.020805,0.016160,0.012795,0.010049,0.006685,0.004860,0.002796,
0.050999,0.058191,0.053937,0.054798,0.052929,0.049064,0.050199,0.046437,0.044852,0.039586,0.035814,0.032823,0.028599,0.023797,0.020171,0.016649,0.012752,0.009921,0.007588,0.004979,0.003200,
0.027544,0.049384,0.045891,0.049953,0.049620,0.045241,0.044650,0.043487,0.040125,0.038045,0.034423,0.031754,0.027275,0.023993,0.021064,0.016934,0.013255,0.010178,0.008063,0.005940,0.003668,
0.048076,0.045728,0.043074,0.043547,0.050188,0.041706,0.041347,0.041784,0.038166,0.034200,0.032171,0.030497,0.026761,0.023657,0.020860,0.018198,0.016055,0.011341,0.009499,0.005389,0.003865,
0.028546,0.048575,0.040468,0.039529,0.040385,0.041306,0.038926,0.038171,0.036071,0.032524,0.030878,0.028443,0.027228,0.023064,0.021037,0.020605,0.014903,0.012709,0.009531,0.007195,0.005016,
0.035957,0.036279,0.031772,0.038480,0.042527,0.039518,0.033419,0.032351,0.032994,0.031009,0.029964,0.027863,0.025300,0.024551,0.020924,0.020407,0.017164,0.013141,0.010694,0.008679,0.004985,
0.028772,0.029870,0.033791,0.036793,0.033859,0.031190,0.034092,0.032760,0.033782,0.030683,0.030126,0.026877,0.028018,0.025685,0.024754,0.020509,0.018443,0.015843,0.012097,0.009477,0.008028,
0.036829,0.028684,0.030626,0.041094,0.031325,0.032280,0.029139,0.031976,0.031896,0.029200,0.030517,0.026095,0.028144,0.028849,0.024193,0.023347,0.017978,0.017616,0.015150,0.010326,0.008884,
0.021193,0.031573,0.035867,0.033252,0.045317,0.026934,0.040789,0.031628,0.029264,0.028676,0.032800,0.027638,0.024690,0.030013,0.024223,0.026601,0.020529,0.017318,0.016134,0.016490,0.012121,
nan,nan,nan,0.022609,0.028423,0.024575,0.043831,0.042541,0.044920,0.030105,0.036056,0.025370,0.024423,0.024894,0.043217,0.028524,0.020398,0.017671,0.017638,0.012024,0.011025,
nan,0.122719,0.104700,0.155412,0.081316,0.122330,0.093971,0.104001,0.113617,0.079046,0.066384,0.028481,0.024770,0.013163,0.030756,0.011161,0.007282,0.006255,0.006189,0.000735,nan,
0.094820,0.094236,0.112056,0.106727,0.103119,0.096217,0.094616,0.078779,0.067692,0.064326,0.061792,0.041798,0.048732,0.031986,0.024076,0.019044,0.013207,0.008052,0.006672,0.004555,0.002853,
0.102831,0.112020,0.103468,0.102687,0.097502,0.092893,0.079572,0.082207,0.073356,0.066942,0.054400,0.047076,0.036320,0.029794,0.022554,0.022755,0.012487,0.012415,0.005210,0.002326,0.001104,
0.093346,0.099092,0.098927,0.096678,0.089286,0.089905,0.092030,0.078474,0.078334,0.061405,0.054099,0.047019,0.039885,0.032141,0.024424,0.016185,0.013385,0.009358,0.006093,0.004192,0.002137,
0.084487,0.100526,0.084865,0.096417,nan,0.084662,0.084379,0.075133,0.072155,0.063229,0.050330,0.044806,0.039353,0.036316,0.022882,0.021440,0.012357,0.008589,0.006497,0.003279,0.002260,
0.076422,0.098566,0.083318,0.083870,0.084598,0.077582,0.074384,0.072415,0.064340,0.060083,0.051468,0.043188,0.036405,0.031519,0.023034,0.019534,0.012413,0.009804,0.006175,0.003108,0.002133,
0.069427,0.099323,0.078270,0.082553,0.074490,0.076004,0.072745,0.063074,0.062537,0.053777,0.046146,0.042131,0.033818,0.028266,0.023345,0.018482,0.012055,0.008512,0.005339,0.003993,0.002076,
0.089775,0.087173,0.073107,0.073459,0.071282,0.069506,0.066196,0.063791,0.057274,0.050365,0.046218,0.039055,0.033655,0.027026,0.022709,0.017471,0.012830,0.009597,0.006501,0.003324,0.002577,
0.049208,0.075387,0.064289,0.068099,0.066398,0.059402,0.059543,0.054272,0.048390,0.047261,0.043106,0.036130,0.031574,0.025775,0.021248,0.017551,0.013049,0.008612,0.006310,0.004987,0.002686,
0.054708,0.064464,0.058866,0.061114,0.058763,0.057135,0.053203,0.050670,0.049346,0.042193,0.038694,0.035902,0.029715,0.026340,0.021389,0.016973,0.013382,0.010327,0.005880,0.005113,0.002713,
0.050863,0.051302,0.053241,0.058868,0.053707,0.053227,0.050028,0.048650,0.044041,0.039928,0.036771,0.034393,0.028519,0.023135,0.021971,0.016895,0.013077,0.010978,0.007018,0.004737,0.003025,
0.041024,0.045397,0.053720,0.048259,0.052049,0.049824,0.044796,0.045139,0.040604,0.036177,0.034696,0.031731,0.027370,0.024608,0.020138,0.017442,0.013793,0.010422,0.007750,0.005108,0.003282,
0.043798,0.042496,0.051433,0.042781,0.045952,0.041777,0.044365,0.039932,0.036414,0.034882,0.031914,0.027095,0.027769,0.024332,0.021364,0.017265,0.014959,0.011743,0.009041,0.006300,0.003806,
0.039245,0.039082,0.043133,0.036340,0.041679,0.039522,0.043942,0.034844,0.034230,0.032720,0.031675,0.028680,0.026283,0.023079,0.021464,0.019683,0.016529,0.013172,0.009884,0.007639,0.004339,
0.024770,0.032633,0.035792,0.033478,0.039638,0.035103,0.039154,0.031580,0.033061,0.032877,0.029366,0.025410,0.027848,0.025418,0.021957,0.021473,0.017405,0.013765,0.011251,0.008368,0.006458,
0.055147,0.034657,0.040617,0.034989,0.037244,0.034062,0.037887,0.033619,0.030334,0.034988,0.029908,0.026173,0.027637,0.025827,0.024287,0.021800,0.018397,0.017349,0.012650,0.009173,0.008487,
0.049737,0.025192,0.029205,0.025334,0.039248,0.049617,0.042385,0.029010,0.032955,0.029672,0.032113,0.026291,0.030113,0.026830,0.023068,0.023369,0.018495,0.017453,0.014084,0.012279,0.009344,
nan,0.021108,0.031041,0.035145,0.029875,0.039989,0.030693,0.032357,0.028486,0.027406,0.026271,0.029794,0.026819,0.033028,0.027921,0.024117,0.026045,0.016896,0.017890,0.015118,0.008974,
nan,nan,0.029747,nan,0.030426,0.019451,0.029818,0.028060,0.026833,0.031376,0.047471,0.159574,0.025610,0.030808,0.025152,0.020874,0.024156,0.021167,0.017328,0.015226,0.013862,
nan,0.138674,0.117645,0.097371,0.057589,0.071166,0.056094,0.087103,0.090494,0.078756,0.096140,0.096668,0.027229,0.023834,0.018971,0.012322,0.006941,0.014034,0.002554,0.000773,nan,
0.123170,0.090537,0.108910,0.100134,0.097806,0.102622,0.079249,0.094132,0.073604,0.085701,0.063228,0.054400,0.046058,0.031124,0.028138,0.018242,0.013659,0.006625,0.004760,0.003398,0.001779,
0.081050,0.096497,0.107844,0.102651,0.094234,0.092520,0.093419,0.079538,0.077209,0.061161,0.055568,0.051364,0.041358,0.033740,0.024988,0.018114,0.013222,0.009908,0.006973,0.003758,0.002252,
0.073828,0.097008,0.100004,0.097262,0.095936,0.087045,0.082269,0.076937,0.068959,0.060509,0.050595,0.046569,0.038992,0.031586,0.024410,0.019380,0.014764,0.011208,0.005859,0.002871,0.002005,
0.061828,0.091588,0.090443,0.095118,0.087815,0.093679,0.082811,0.076155,0.069346,0.063778,0.051364,0.044615,0.040279,0.032054,0.023184,0.016377,0.012408,0.008965,0.005512,0.003542,0.001967,
0.061221,0.083306,0.082806,0.087063,0.082666,0.083332,0.076608,0.072734,0.061595,0.059898,0.047050,0.044636,0.037552,0.035541,0.022730,0.020189,0.011649,0.008476,0.006009,0.003083,0.001994,
0.066580,0.079353,0.075499,0.082118,0.080306,0.074618,nan,0.063769,0.061864,0.056889,0.047258,0.041399,0.033661,0.029453,0.022592,0.019082,0.012781,0.009811,0.006436,0.003450,0.002347,
0.072149,0.070284,0.068032,0.070392,0.072402,0.069349,0.064998,0.059847,0.059027,0.049546,0.044363,0.038759,0.032964,0.025698,0.021177,0.017716,0.012355,0.009394,0.005457,0.004135,0.001715,
0.065966,0.064793,0.064873,0.063218,0.068500,0.063533,0.059878,0.055646,0.052525,0.047387,0.041905,0.036140,0.031998,0.026247,0.022048,0.017557,0.012930,0.008932,0.006642,0.003880,0.002538,
0.041701,0.058962,0.059289,0.056306,0.060259,0.058780,0.054439,0.051163,0.049843,0.042721,0.040953,0.035813,0.029282,0.025522,0.020943,0.017982,0.012841,0.009078,0.007279,0.004582,0.002964,
0.041617,0.059222,0.056776,0.051755,0.055183,0.051693,0.050361,0.045417,0.043184,0.040617,0.037166,0.033223,0.029040,0.024821,0.020986,0.018377,0.013839,0.009235,0.007253,0.005453,0.003255,
0.037695,0.049681,0.053591,0.045950,0.049031,0.047385,0.047356,0.042051,0.039040,0.036774,0.033705,0.033099,0.027897,0.023885,0.021009,0.017182,0.013376,0.010917,0.008034,0.006279,0.003300,
0.035264,0.045388,0.043851,0.043191,0.043124,0.043192,0.041768,0.040483,0.037517,0.035505,0.032229,0.030438,0.027627,0.024880,0.020817,0.018415,0.014418,0.010813,0.009247,0.007086,0.003870,
0.040410,0.039519,0.050885,0.039134,0.041134,0.040549,0.038958,0.037400,0.037442,0.033218,0.030214,0.028809,0.026879,0.024005,0.021848,0.018634,0.016775,0.012853,0.010335,0.007295,0.005489,
nan,0.036303,0.041807,0.035126,0.035559,0.035961,0.034427,0.035724,0.033573,0.032382,0.029066,0.029828,0.027771,0.025307,0.022340,0.021025,0.018744,0.015306,0.011359,0.009019,0.005676,
0.027363,0.031916,0.046629,0.032693,0.033209,0.040771,0.031423,0.031197,0.032859,0.030054,0.029912,0.028463,0.028397,0.024921,0.024146,0.021231,0.019719,0.015490,0.012981,0.009406,0.006728,
nan,0.041364,0.025954,0.031904,0.030116,0.032123,0.033371,0.031856,0.029097,0.030234,0.028972,0.026812,0.027303,0.027592,0.024787,0.023832,0.021517,0.018954,0.014873,0.012401,0.010312,
0.029627,0.032488,0.031517,0.040273,0.049205,0.028699,0.038442,0.029488,0.029151,0.031801,0.027388,0.029507,0.030309,0.026088,0.027593,0.024763,0.021224,0.020274,0.018328,0.014307,0.012017,
nan,nan,nan,0.031238,0.011189,0.026990,0.022492,0.038867,0.032507,0.026989,0.045765,0.081647,0.049070,0.023811,0.027201,0.024923,0.020688,0.018923,0.016978,0.014781,0.010443,
nan,0.149744,0.062636,0.094053,0.107702,0.133837,0.130020,0.085815,0.077670,0.078099,0.044847,0.049739,0.013407,0.037937,0.019261,0.022217,0.004419,0.006367,0.002273,0.010535,nan,
0.083887,0.115805,0.110318,0.089644,0.105968,0.089925,0.085228,0.078979,0.067359,0.069186,0.061134,0.049928,0.037695,0.031949,0.025963,0.017292,0.013894,0.007272,0.005900,0.002964,0.001130,
0.112404,0.107248,0.091214,0.101975,0.097852,0.096530,0.085430,0.083498,0.069929,0.058048,0.061194,0.046319,0.047422,0.032354,0.024938,0.019417,0.014374,0.006848,0.006048,0.003447,0.002314,
0.106907,0.109331,0.098728,0.093490,0.095586,0.091300,0.082742,0.077256,0.073239,0.062443,0.055995,0.048598,0.037556,0.030965,0.023539,0.018995,0.012839,0.008061,0.006682,0.003392,0.001893,
0.095851,0.098679,0.095472,0.091479,0.092267,0.087123,0.086225,0.075393,0.069234,0.058932,0.049732,0.046517,0.035033,0.032338,0.024683,0.018994,0.014109,0.008447,0.006240,0.002795,0.001884,
0.087477,0.088459,0.091963,0.087575,0.085355,0.080440,0.076442,0.072583,0.066607,0.059297,0.049068,0.044302,0.036814,0.030383,0.022287,0.016645,0.014120,0.009611,0.005561,0.003640,0.002257,
0.086117,0.080245,0.082617,0.084765,0.079509,0.076571,0.071626,0.064605,0.060149,0.056599,0.043296,0.041589,0.035274,0.031895,0.021473,0.018013,0.012408,0.008874,0.006061,0.003473,0.002389,
0.071094,0.072057,0.078741,0.076661,0.072040,0.068846,0.065866,0.061029,0.058411,0.052026,0.043391,0.039355,0.032546,0.030190,0.022804,0.018798,0.012003,0.008996,0.006369,0.003861,0.002287,
0.070636,0.067190,0.070059,0.068089,0.064491,0.062837,0.060033,0.055778,0.053287,0.045742,0.043537,0.036455,0.031249,0.027125,0.021418,0.016776,0.012948,0.009938,0.006595,0.004290,0.002523,
0.062036,0.057834,0.061237,0.060696,0.057063,0.056986,0.056714,0.051004,0.047203,0.033689,0.038871,0.034416,0.029977,0.024699,0.020602,0.017397,0.013183,0.009967,0.006677,0.004289,0.002674,
0.043653,0.052061,0.055887,0.054551,0.050930,0.050953,0.051587,0.048072,0.042983,0.040252,0.034553,0.033876,0.028487,0.024616,0.021903,0.016879,0.013632,0.010253,0.007328,0.005022,0.003133,
0.032213,0.049075,0.049306,0.051655,0.046070,0.045694,0.045334,0.044173,0.040295,0.038724,0.034699,0.031862,0.028019,0.024384,0.021071,0.019151,0.014648,0.010535,0.008211,0.005311,0.003530,
0.057248,0.046412,0.049396,0.049864,0.042112,0.042091,0.041326,0.040211,0.037768,0.034849,0.032565,0.030513,0.027381,0.024967,0.020975,0.019072,0.014871,0.012887,0.008412,0.006072,0.004466,
0.048369,0.042340,0.044092,0.047680,0.037548,0.039676,0.040343,0.036395,0.033612,0.034980,0.031147,0.031106,0.028043,0.023798,0.022147,0.018275,0.016264,0.012065,0.010042,0.008003,0.005747,
0.032674,0.038522,0.038553,0.046293,0.031698,0.037148,0.040299,0.033145,0.032329,0.032573,0.031470,0.027893,0.028878,0.024745,0.021912,0.020784,0.017932,0.013829,0.012085,0.009068,0.006832,
0.035954,0.035859,0.035378,0.037390,0.039586,0.034427,0.028414,0.031637,0.031245,0.029634,0.030481,0.030348,0.026330,0.026597,0.025079,0.022089,0.020665,0.016948,0.013374,0.010472,0.010852,
0.039682,0.033070,0.031444,0.032085,0.030295,0.029477,0.029910,0.039562,0.029747,0.028375,0.031435,0.029120,0.028282,0.027628,0.025606,0.023975,0.020539,0.019211,0.014566,0.011542,0.009397,
0.028572,0.029141,0.047486,0.036539,0.054457,0.035961,0.025883,0.026874,0.028266,0.030654,0.025465,0.032119,0.027206,0.027731,0.027534,0.023453,0.025939,0.020188,0.019301,0.013579,0.012488,
nan,nan,nan,0.019134,0.037927,0.022516,0.026173,0.040778,0.030126,0.023444,0.024373,0.027086,0.033519,0.036192,0.021599,0.025884,0.028121,0.019491,0.017004,0.017154,0.020400,
nan,0.067987,0.136110,0.119552,0.120592,0.057749,0.099015,0.081641,0.066385,0.049663,0.029004,0.023637,0.075465,0.030259,0.026363,0.019556,0.011671,0.005482,0.003952,0.000489,nan,
0.113765,nan,0.104616,0.109176,0.102175,0.082364,0.088562,0.082501,0.076412,0.062240,0.063616,0.050301,0.036598,0.031146,0.030053,0.019566,0.012051,0.009518,0.004589,0.003959,0.002115,
0.144280,0.107444,0.064875,0.101160,0.100904,0.091323,0.083213,0.081862,0.070998,0.070991,0.063841,0.050783,0.039486,0.032638,0.027144,0.016330,0.012290,0.008419,0.005360,0.003233,0.001346,
0.137409,0.100129,0.102278,0.111167,0.094160,0.089735,0.081353,0.081625,0.072017,0.064849,0.058317,0.046543,0.045528,0.031833,0.025386,0.017585,0.013070,0.007475,0.005546,0.003292,0.001361,
0.103446,0.094859,0.098421,0.094091,0.093068,0.085218,0.080162,0.074345,0.070086,0.059987,0.056070,0.047268,0.042200,0.030546,0.023731,0.018159,0.013420,0.008307,0.006266,0.003631,0.001699,
0.088710,0.090198,0.095790,0.087735,0.085124,0.084871,0.078268,0.071102,0.065732,0.057689,0.048802,0.044453,0.037754,0.030869,0.024274,0.018883,0.013584,0.008132,0.006346,0.003424,0.001676,
0.072878,0.082148,0.084592,0.078873,0.077339,0.074819,0.072457,0.067279,0.059742,0.055485,0.047008,0.043995,0.033622,0.029498,0.023121,0.018208,0.013977,0.008553,0.006130,0.003515,0.001881,
0.071393,0.074592,0.075794,0.074110,0.072239,0.069750,0.066899,0.059710,0.057191,0.051564,0.042982,0.040301,0.031864,0.028197,0.022638,0.017555,0.013411,0.008949,0.005910,0.003679,0.002325,
0.056236,0.067637,0.067033,0.067911,0.065987,0.062793,0.061434,0.056556,0.052733,0.048021,0.040579,0.037322,0.029943,0.027372,0.021911,0.017195,0.012719,0.009627,0.005998,0.003597,0.002109,
0.050157,0.060786,0.060713,0.062450,0.060053,0.057085,0.053329,0.052948,0.047652,0.043159,0.039362,0.034485,0.029334,0.026396,0.021964,0.017083,0.012787,0.009629,0.006233,0.004214,0.002698,
0.050325,0.050774,0.052997,0.054484,0.055701,0.052253,0.049900,0.047823,0.043004,0.040653,0.037309,0.033748,0.029123,0.025133,0.020956,0.017639,0.013433,0.010827,0.007277,0.004772,0.003271,
0.041972,0.045564,0.051378,0.049365,0.050475,0.045489,0.045330,0.045043,0.038933,0.038141,0.034776,0.031905,0.028691,0.024654,0.021145,0.017291,0.014785,0.011062,0.008141,0.005330,0.004166,
0.033751,0.036779,0.046342,0.045707,0.044161,0.040422,0.042719,0.041041,0.037753,0.035495,0.032586,0.030974,0.027524,0.024674,0.021687,0.018744,0.015493,0.011821,0.009141,0.006115,0.003678,
0.039284,0.036510,0.049144,0.039755,0.039806,0.037760,0.042001,0.036240,0.035221,0.033785,0.031064,0.029599,0.028608,0.024766,0.022046,0.019936,0.017130,0.013803,0.009765,0.007675,0.005174,
0.031367,0.030573,0.037200,0.035009,0.037614,0.033349,0.036665,0.033334,0.035016,0.032356,0.031809,0.029285,0.028716,0.024763,0.023419,0.019981,0.017767,0.015404,0.010798,0.009116,0.005628,
0.042005,0.032124,0.036322,0.037598,0.034072,0.030601,0.032166,0.031836,0.031362,0.030750,0.032814,0.031347,0.027387,0.025807,0.024387,0.022177,0.020370,0.015908,0.012341,0.010572,0.008244,
0.090856,0.033992,0.033342,0.032779,0.029202,0.031629,0.030184,0.031793,0.031518,0.034527,0.029260,0.029546,0.025961,0.026300,0.024666,0.024032,0.022955,0.019068,0.016559,0.013434,0.009061,
nan,0.030613,0.026031,0.037911,0.038379,0.030962,0.025493,0.026383,0.031825,0.032215,0.029461,0.033557,0.033311,0.025707,0.027309,0.025150,0.021559,0.020833,0.018439,0.013390,0.012992,
nan,nan,nan,nan,nan,0.023951,0.025087,0.021350,0.048783,0.024787,0.029975,0.025217,0.024919,0.037440,0.025570,0.026815,0.019510,0.022425,0.018542,0.019515,0.009287,
0.101936,0.088896,0.135015,0.071013,0.084835,0.090706,0.055736,0.071098,0.067974,0.058721,0.047333,0.047141,0.081857,0.031723,0.023028,0.011859,0.013457,0.014320,0.004110,0.001433,nan,
0.093413,0.109681,0.105723,0.104865,0.093561,0.095588,0.082036,0.080240,0.066352,0.063047,0.061178,0.044059,0.045315,0.033539,0.021983,0.016074,0.008227,0.008370,0.003544,0.004739,0.000249,
0.080785,0.095735,0.103070,0.098078,0.091893,0.087529,0.082404,0.083225,0.065871,0.064263,0.068224,0.048060,0.037928,0.034951,0.026784,0.021391,0.010947,0.008870,0.004484,0.005045,0.001553,
0.076008,0.085343,0.097196,0.097403,0.092830,0.090810,0.080362,0.077843,0.066055,0.064353,0.070089,0.047217,0.035256,0.035790,0.027200,0.018769,0.012682,0.008309,0.004562,0.003900,0.001134,
0.079101,0.082077,0.088056,0.089584,0.090095,0.086567,0.076591,0.077380,0.066083,0.067510,0.060474,0.045444,0.036837,0.032713,0.024379,0.017016,0.012341,0.007858,0.005005,0.003451,0.001154,
0.085106,0.078188,0.077826,0.083504,0.083272,0.081336,0.075857,0.073631,0.065474,0.062221,0.053915,0.047105,0.036270,0.031436,0.023340,0.015966,0.012744,0.008203,0.004902,0.003412,0.001710,
0.081809,0.070163,0.073099,0.076353,0.076802,0.077049,0.072060,0.067896,0.062835,0.057182,0.048791,0.043615,0.036109,0.030009,0.022673,0.016531,0.013010,0.007769,0.005185,0.003754,0.001839,
0.082848,0.062673,0.069269,0.068397,0.069245,0.069415,0.067072,0.061407,0.055236,0.051783,0.044867,0.040370,0.034834,0.027265,0.021327,0.017484,0.013005,0.008370,0.005583,0.003781,0.001569,
0.062982,0.052903,0.063241,0.061532,0.063526,0.063598,0.059606,0.057436,0.052376,0.047229,0.042295,0.038437,0.031919,0.026285,0.020897,0.017911,0.012446,0.009040,0.006163,0.003951,0.002225,
0.057365,0.056481,0.058749,0.056045,0.058335,0.058686,0.054525,0.052998,0.047292,0.043951,0.039546,0.035511,0.029847,0.025147,0.021985,0.017472,0.013062,0.011005,0.006202,0.004318,0.002456,
0.053771,0.056926,0.052950,0.051951,0.052494,0.054328,0.047816,0.049424,0.045465,0.041073,0.037113,0.033223,0.028913,0.024266,0.021402,0.017587,0.014819,0.011320,0.007007,0.004767,0.002792,
0.062276,0.056698,0.046773,0.048463,0.049188,0.050669,0.044578,0.045494,0.042582,0.038602,0.035357,0.031826,0.028314,0.024499,0.021282,0.018199,0.014562,0.011733,0.007269,0.005359,0.003843,
0.052810,0.058520,0.041918,0.045708,0.046171,0.045024,0.040743,0.042245,0.039828,0.036910,0.036141,0.030549,0.028196,0.024616,0.021302,0.019462,0.015479,0.012895,0.007978,0.006153,0.003951,
0.051342,0.063885,0.037942,0.043693,0.039996,0.035962,0.039475,0.036181,0.037098,0.035694,0.035274,0.030887,0.027816,0.024989,0.022233,0.020742,0.016188,0.012703,0.009025,0.007006,0.004263,
0.044295,0.051769,0.048636,0.036234,0.035694,0.034756,0.038350,0.033413,0.038021,0.032696,0.031009,0.032874,0.027330,0.025625,0.023275,0.021230,0.019338,0.014863,0.011738,0.007967,0.005784,
0.034246,0.030033,0.032167,0.030073,0.036028,0.028546,0.035447,0.036665,0.036825,0.036646,0.033780,0.031355,0.028498,0.026241,0.024525,0.022564,0.020545,0.017214,0.015237,0.009230,0.006930,
0.047455,0.032540,0.051360,0.048455,0.031741,0.030077,0.032483,0.030346,0.029024,0.035267,0.029752,0.028379,0.033403,0.028520,0.025276,0.023547,0.021528,0.019244,0.014244,0.011179,0.010721,
0.028734,0.027778,0.032139,0.026294,0.028083,0.036415,0.026604,0.031182,0.030448,0.029761,0.025492,0.029556,0.029004,0.033507,0.026393,0.030091,0.025667,0.020732,0.016389,0.016487,0.010829,
nan,nan,nan,nan,nan,nan,nan,nan,nan,nan,0.040596,0.029185,0.032673,0.025729,0.022836,0.033065,0.024879,0.023201,0.021490,0.018029,0.011306,
