0.239547,0.230282,0.291554,0.404329,0.250306,0.330434,0.325861,0.233166,0.204915,0.111382,0.111385,0.082148,0.092080,0.178687,0.066519,0.060994,0.033153,0.096617,0.022464,0.015985,0.013347,
0.301642,0.247712,0.309747,0.355769,0.304705,0.357900,0.282675,0.225313,0.233202,0.281918,0.166273,0.129873,0.161215,0.128585,0.084044,0.112313,0.046543,0.052696,0.066655,0.021083,0.010638,
0.267167,0.221703,0.313066,0.254430,0.411192,0.306457,0.266353,0.235902,0.248329,0.194429,0.168141,0.221782,0.167458,0.129931,0.133615,0.096366,0.047014,0.057690,0.079190,0.015323,0.010167,
0.199139,0.192858,0.293667,0.252802,0.334278,0.237723,0.264300,0.204682,0.244372,0.181988,0.179627,0.250889,0.164299,0.123078,0.108186,0.104773,0.051111,0.053918,0.053996,0.014266,0.009161,
0.167040,0.181614,0.285018,0.252673,0.257709,0.250996,0.258307,0.177010,0.239706,0.183439,0.172872,0.189857,0.158010,0.128079,0.109339,0.111759,0.063355,0.060178,0.066822,0.015929,0.012178,
0.178089,0.168627,0.244548,0.244333,0.210617,0.250975,0.239385,0.180913,0.216574,0.227135,0.174298,0.168384,0.146705,0.142265,0.106981,0.104781,0.077766,0.067624,0.066197,0.016647,0.014040,
0.191250,0.197727,0.258858,0.219436,0.199802,0.258918,0.225317,0.165204,0.233175,0.244721,0.147301,0.153106,0.135595,0.149816,0.146153,0.105930,0.081183,0.084087,0.064097,0.026161,0.018576,
0.198777,0.187147,0.228936,0.199195,0.176444,0.216281,0.227587,0.159595,0.229998,0.269685,0.140440,0.172766,0.158455,0.192463,0.169080,0.113469,0.098169,0.086681,0.058497,0.029512,0.019701,
0.231987,0.163378,0.212056,0.203647,0.169828,0.189239,0.215129,0.181739,0.272510,0.236249,0.161285,0.183900,0.177698,0.186986,0.173413,0.125210,0.117784,0.094100,0.052562,0.028541,0.019540,
0.241333,0.150562,0.193233,0.184085,0.212255,0.161750,0.172507,0.220273,0.278539,0.207010,0.173279,0.208193,0.224058,0.217329,0.188714,0.137883,0.129747,0.121470,0.059246,0.029069,0.020304,
0.191443,0.132961,0.204735,0.161866,0.208533,0.218508,0.180757,0.297450,0.300077,0.204574,0.183121,0.225652,0.237025,0.259334,0.231850,0.168970,0.184936,0.161505,0.076733,0.044129,0.018728,
0.146268,0.119686,0.217734,0.168400,0.191408,0.180433,0.179701,0.295347,0.255484,0.257091,0.221751,0.257578,0.297879,0.302229,0.263198,0.205932,0.220240,0.202696,0.079782,0.038585,0.015793,
0.234189,0.137187,0.203472,0.185751,0.213436,0.188119,0.214592,0.380657,0.233093,0.285911,0.253378,0.257806,0.332240,0.405777,0.319889,0.259397,0.271405,0.216163,0.126438,0.051788,0.020598,
0.176302,0.234678,0.160899,0.162437,0.212688,0.199366,0.262352,0.416214,0.254489,0.280473,0.337516,0.332242,0.399627,0.401692,0.367502,0.300884,0.323932,0.223480,0.117906,0.049829,0.022159,
0.245382,0.433189,0.233065,0.147365,0.201112,0.229284,0.326168,0.320516,0.376797,0.271208,0.312811,0.411890,0.513743,0.500870,0.500594,0.476936,0.387878,0.249233,0.136262,0.045454,0.025996,
0.254890,0.175006,0.245204,0.239463,0.179635,0.327265,0.417725,0.251768,0.342074,0.319907,0.332481,0.461114,0.509194,0.550526,0.464108,0.658474,0.520120,0.257969,0.117355,0.038903,0.024339,
2.337813,0.202201,0.112288,0.317459,0.186478,0.307476,0.419221,0.502871,0.332103,0.411042,0.522601,0.729432,0.699328,0.699850,0.634980,0.640185,0.429505,0.222957,0.067175,0.024906,0.018257,
0.084039,0.207867,0.389715,0.226847,0.237329,0.343147,0.221413,0.433256,0.468939,0.478304,0.428970,0.630527,0.797619,0.760756,0.746808,0.604911,0.359978,0.080742,0.040678,0.015408,0.009343,
nan,nan,nan,nan,nan,nan,nan,nan,nan,nan,0.627307,0.749325,0.515581,0.832391,0.617857,0.438533,0.009491,0.039967,0.051907,0.004852,nan,
nan,nan,0.411048,0.411634,0.393331,0.218207,0.188001,0.202108,0.210789,0.877913,0.274852,0.106277,0.244049,0.181969,0.090465,0.053901,0.109117,0.052554,0.034745,0.014181,0.004859,
nan,0.268073,0.309373,0.301459,0.453831,0.314639,0.227137,0.249238,0.339502,0.200241,0.203026,0.229935,0.166559,0.112819,0.147824,0.097889,0.057351,0.071798,0.060012,0.015916,0.004048,
0.514551,0.281151,0.285162,0.343205,0.332172,0.241965,0.221993,0.233214,0.281198,0.214801,0.212700,0.203483,0.152304,0.114576,0.132262,0.104344,0.069019,0.060251,0.036577,0.017948,0.007521,
0.406858,0.334857,0.343746,0.335724,0.299457,0.235427,0.214347,0.205894,0.278510,0.202687,0.225457,0.150766,0.141209,0.153469,0.127345,0.109456,0.075195,0.065572,0.038875,0.015442,0.014530,
0.243396,0.292783,0.312593,0.313502,0.256873,0.288784,0.225277,0.248944,0.256605,0.232196,0.198147,0.182660,0.135537,0.182542,0.125609,0.101057,0.102166,0.069463,0.037929,0.021247,0.009539,
0.165464,0.274614,0.291653,0.304364,0.257055,0.246958,0.228403,0.208025,0.242033,0.201911,0.172967,0.163720,0.137930,0.188429,0.139044,0.093077,0.109135,0.070217,0.042125,0.024935,0.008872,
0.183932,0.261427,0.273039,0.274606,0.236355,0.200668,0.248954,0.194539,0.232935,0.193639,0.174095,0.198659,0.134294,0.193956,0.138534,0.106503,0.118055,0.060102,0.047567,0.023013,0.009096,
0.152583,0.244010,0.248115,0.202802,0.210515,0.178558,0.282549,0.192844,0.215718,0.185862,0.164925,0.216651,0.147307,0.170834,0.154146,0.130162,0.129717,0.070704,0.053064,0.030723,0.012925,
0.213429,0.221895,0.249260,0.208139,0.202806,0.171789,0.243470,0.218536,0.201110,0.175543,0.168424,0.210384,0.163208,0.185441,0.181723,0.152170,0.129188,0.087165,0.063960,0.037598,0.017346,
0.254210,0.182677,0.239212,0.213501,0.173766,0.190694,0.211298,0.232312,0.221186,0.171570,0.189546,0.170173,0.177460,0.199924,0.185602,0.185850,0.147975,0.111521,0.068000,0.046691,0.020944,
0.226628,0.198480,0.233851,0.226535,0.166624,0.203895,0.218332,0.259028,0.212068,0.182088,0.241017,0.193585,0.207791,0.221829,0.218266,0.226162,0.163370,0.123681,0.086418,0.041518,0.026027,
0.110314,0.167439,0.269538,0.243031,0.181502,0.187152,0.200012,0.278845,0.212304,0.213403,0.268625,0.274478,0.226997,0.264539,0.246395,0.262945,0.220471,0.155750,0.101716,0.043924,0.030027,
0.165028,0.173217,0.245622,0.230475,0.267026,0.248649,0.230946,0.299179,0.225538,0.246397,0.330348,0.309440,0.281950,0.281276,0.316643,0.328470,0.272658,0.180756,0.118683,0.046089,0.017200,
0.085418,0.345594,0.293238,0.195873,0.280925,0.272848,0.233559,0.275831,0.271918,0.314466,0.320381,0.313632,0.332097,0.339096,0.380664,0.364522,0.330799,0.204931,0.118624,0.059468,0.027972,
0.292811,0.326320,0.327338,0.243472,0.277070,0.310928,0.307775,0.265845,0.272822,0.351294,0.375478,0.358618,0.389742,0.400394,0.459859,0.447602,0.381533,0.228784,0.130473,0.038206,0.025643,
0.552736,0.155888,0.164279,0.212275,0.285210,0.323637,0.383632,0.338813,0.419552,0.414759,0.392177,0.497394,0.550075,0.517755,0.584031,0.488546,0.396536,0.260069,0.114631,0.049130,0.025015,
0.295033,0.235196,0.136973,0.272512,0.342137,0.287049,0.298653,0.263404,0.323735,0.414728,0.441671,0.481959,0.599342,0.596678,0.789563,0.584565,0.392566,0.204268,0.065962,0.024402,0.013023,
nan,0.332849,0.156380,0.522480,0.340368,0.302734,0.334761,0.448676,0.455252,0.456991,0.565810,0.659637,0.571869,0.876912,0.662098,0.519938,0.363021,0.140062,0.050347,0.024068,0.014483,
nan,nan,nan,nan,0.205271,0.262080,0.185108,0.408278,0.438293,0.798758,0.821816,0.881381,0.595453,0.529672,0.726431,0.309132,0.114840,0.105811,0.043470,0.021557,0.003446,
nan,0.353177,0.143336,0.211830,0.812662,0.342755,0.278603,0.142059,0.409506,0.158895,0.124987,0.129107,0.282290,0.100214,0.121358,0.124361,0.035667,0.033957,0.037288,0.013525,0.006800,
0.350440,0.310324,0.289018,0.398999,0.293593,0.253088,0.198803,0.201486,0.267975,0.246014,0.252074,0.219003,0.151173,0.112608,0.134439,0.109061,0.077847,0.048843,0.039214,0.015270,0.008950,
0.305641,0.319103,0.314339,0.354204,0.221981,0.275446,0.236894,0.249137,0.291660,0.185337,0.245751,0.194937,0.153517,0.183908,0.134800,0.133897,0.082258,0.066258,0.033613,0.013892,0.017336,
0.190852,0.274571,0.279652,0.298965,0.212131,0.284252,0.241583,0.285805,0.213545,0.185188,0.152059,0.181357,0.168758,0.153556,0.136571,0.087337,0.091321,0.057344,0.032335,0.023517,0.009288,
0.298697,0.252559,0.301492,0.283679,0.270892,0.264248,0.270080,0.216769,0.196637,0.184157,0.163518,0.184733,0.155898,0.128859,0.139754,0.097005,0.071629,0.052220,0.037749,0.018908,0.008310,
0.298815,0.239050,0.261391,0.289459,0.227286,0.274736,0.270630,0.218045,0.195603,0.176473,0.194130,0.151768,0.168933,0.152988,0.141327,0.102023,0.072701,0.061844,0.040975,0.022772,0.011100,
0.235667,0.220753,0.224962,0.325235,0.221318,0.251096,0.247873,0.229392,0.176507,0.161112,0.197554,0.175036,0.159835,0.157435,0.147178,0.100641,0.082071,0.071321,0.047762,0.030629,0.015518,
0.176472,0.189425,0.215652,0.206268,0.211670,0.231463,0.194229,0.241999,0.180182,0.170571,0.185561,0.181248,0.165454,0.151679,0.153920,0.116458,0.097372,0.086945,0.053631,0.029895,0.018138,
0.142735,0.191465,0.301428,0.195617,0.214200,0.219689,0.211157,0.253762,0.207905,0.161874,0.183088,0.185167,0.175924,0.157980,0.152777,0.155754,0.122880,0.110237,0.060329,0.037198,0.012569,
0.112176,0.182227,0.282953,0.219997,0.197179,0.175431,0.238870,0.240490,0.181752,0.186013,0.181418,0.234405,0.176983,0.197388,0.181140,0.190041,0.165202,0.109647,0.067837,0.040244,0.019431,
0.139572,0.182099,0.294186,0.229684,0.212551,0.155880,0.234681,0.222036,0.219374,0.203462,0.205876,0.238250,0.222507,0.222648,0.215737,0.198912,0.198632,0.132617,0.078575,0.033933,0.020695,
0.172300,0.234563,0.273904,0.239517,0.242534,0.187501,0.224620,0.219480,0.223915,0.232539,0.267479,0.221798,0.256667,0.268817,0.260372,0.227032,0.191471,0.158479,0.082834,0.046272,0.023156,
0.087734,0.255120,0.239003,0.238244,0.231816,0.217247,0.292544,0.233527,0.262483,0.246970,0.276629,0.252299,0.319772,0.310475,0.285361,0.282816,0.217780,0.206147,0.102567,0.052094,0.018969,
0.263883,0.235018,0.166376,0.198032,0.173303,0.210150,0.236144,0.230776,0.322335,0.305727,0.346771,0.308125,0.450832,0.366875,0.346472,0.364199,0.293236,0.212977,0.103285,0.048707,0.032359,
0.120016,0.207495,0.316897,0.277530,0.247518,0.339659,0.244268,0.268481,0.355603,0.366889,0.389085,0.378833,0.456174,0.436073,0.466972,0.392402,0.331176,0.248485,0.122595,0.040226,0.023630,
0.111218,0.330495,0.274764,0.186851,0.214076,0.231937,0.326021,0.303519,0.380539,0.423776,0.445523,0.470151,0.516211,0.490486,0.509895,0.491173,0.456135,0.269264,0.101967,0.039847,0.016660,
nan,0.424631,0.346897,0.284242,0.360395,0.420836,0.247598,0.377969,0.356909,0.378366,0.463030,0.597818,0.557401,0.695288,0.573442,0.549243,0.433622,0.253173,0.082932,0.031932,0.015692,
0.290354,0.079056,0.222205,0.261772,0.191141,0.243145,0.399623,0.389036,0.524678,0.452694,0.639451,0.579866,0.530411,0.622562,0.638829,0.548377,0.300182,0.114200,0.045335,0.021012,0.033291,
nan,nan,nan,0.464287,0.187721,0.190189,0.364169,0.417017,0.415060,1.173451,0.772712,0.753919,0.851791,0.565630,1.178477,0.398333,0.137912,0.039125,0.045562,0.004915,0.000039,
nan,0.554469,0.407892,0.446284,0.263830,0.278267,0.147546,0.157858,0.153668,0.218685,0.116517,0.245658,0.173365,0.080140,0.064723,0.054090,0.045351,0.047052,0.092312,0.033294,0.010804,
0.543187,0.258354,0.388328,0.398532,0.241276,0.283603,0.255566,0.303312,0.324381,0.257799,0.246124,0.136303,0.162997,0.148209,0.108897,0.125651,0.080498,0.063197,0.034125,0.017109,0.010239,
0.313052,0.314576,0.289896,0.271561,0.236754,0.261131,0.232597,0.250565,0.213338,0.181880,0.152800,0.155986,0.176502,0.150876,0.117334,0.085015,0.083000,0.048233,0.034365,0.026991,0.008118,
0.330028,0.256220,0.283102,0.253417,0.308929,0.306504,0.256060,0.214881,0.205591,0.201391,0.204805,0.176458,0.187117,0.165383,0.126975,0.089196,0.087045,0.048553,0.041363,0.016158,0.008909,
0.401256,0.247711,0.241888,0.252767,0.240479,0.298343,0.239993,0.233628,0.175990,0.184160,0.205758,0.161351,0.163272,0.181320,0.124694,0.103879,0.069719,0.060309,0.039811,0.025671,0.015859,
0.309367,0.223864,0.220162,0.224093,0.255224,0.244110,0.229119,0.235580,0.205579,0.176647,0.179377,0.188861,0.149640,0.152273,0.101097,0.111004,0.077878,0.063797,0.045529,0.030487,0.016807,
0.207495,0.193396,0.221440,0.208637,0.254694,0.236448,0.198898,0.218340,0.213676,0.188411,0.148741,0.178168,0.151636,0.147872,0.127878,0.127480,0.122474,0.064517,0.045541,0.027995,0.011899,
0.159140,0.202570,0.199282,0.188017,0.237468,0.223722,0.200101,0.224643,0.184037,0.189178,0.184438,0.150722,0.163548,0.189320,0.146334,0.156167,0.141358,0.079446,0.044881,0.029522,0.014173,
0.156548,0.164523,0.195843,0.209332,0.249492,0.183818,0.206377,0.201850,0.167248,0.195187,0.199268,0.158488,0.192532,0.208104,0.187374,0.158977,0.127232,0.090934,0.049695,0.035699,0.017105,
0.133787,0.160773,0.153056,0.208685,0.267522,0.216048,0.194541,0.193688,0.179777,0.224064,0.210911,0.199774,0.209951,0.209455,0.235447,0.165653,0.133618,0.093861,0.063827,0.030633,0.018195,
0.122667,0.151440,0.191163,0.246311,0.257376,0.160088,0.192069,0.185241,0.188478,0.237829,0.240468,0.272816,0.220720,0.228132,0.229307,0.193636,0.139854,0.119591,0.069553,0.034943,0.020583,
0.103340,0.176227,0.160549,0.217653,0.246606,0.167723,0.210915,0.173560,0.210612,0.223258,0.262574,0.248765,0.240993,0.273320,0.269567,0.219388,0.167207,0.160929,0.097631,0.039632,0.018639,
0.147535,0.201989,0.180400,0.193020,0.270235,0.166809,0.196441,0.221334,0.214705,0.267400,0.317254,0.299165,0.310221,0.288201,0.292055,0.275760,0.231050,0.182062,0.098161,0.048462,0.019914,
0.106025,0.305828,0.284500,0.209105,0.265129,0.189289,0.235759,0.237839,0.294628,0.263624,0.327572,0.329846,0.310730,0.351849,0.355691,0.331752,0.287197,0.205068,0.107229,0.050803,0.018393,
0.123833,0.357440,0.268573,0.195877,0.185013,0.194346,0.322416,0.308266,0.264141,0.340478,0.338467,0.354577,0.471007,0.402892,0.382867,0.369800,0.344477,0.236765,0.129980,0.047372,0.018247,
0.138722,0.254006,0.297509,0.186104,0.183462,0.252144,0.250222,0.236339,0.364293,0.365773,0.415072,0.463277,0.441418,0.439907,0.500946,0.409931,0.369065,0.215937,0.073430,0.036614,0.023518,
0.461784,0.362090,0.206389,0.235373,0.205250,0.286904,0.318766,0.380088,0.377685,0.422391,0.418836,0.529473,0.617279,0.495021,0.526352,0.568479,0.405341,0.188942,0.073210,0.034440,0.025321,
nan,0.243857,0.154879,0.170275,0.440047,0.201061,0.303772,0.323185,0.378332,0.423992,0.438400,0.525865,0.575663,0.769134,0.651944,0.453180,0.260075,0.122444,0.062513,0.016766,0.007178,
nan,nan,0.168538,0.152542,0.311061,0.622350,0.259527,0.458234,0.402687,0.654309,0.424947,0.480241,0.566927,0.763468,0.633599,0.302633,0.101280,0.062244,0.045432,0.005678,0.002137,
nan,0.491494,0.214350,0.327331,0.450075,0.378720,0.322791,0.224887,0.329873,0.175426,0.162705,0.262148,0.304324,0.120505,0.058493,0.049629,0.063811,0.074781,0.025388,0.022219,0.004435,
0.306040,0.395318,0.244484,0.303371,0.214980,0.251890,0.268657,0.252964,0.231458,0.196446,0.187915,0.241664,0.245593,0.151852,0.126754,0.147197,0.064483,0.055067,0.028335,0.016493,0.010705,
0.240520,0.331166,0.280586,0.271744,0.340150,0.298009,0.257804,0.231064,0.216089,0.191879,0.182826,0.168209,0.154750,0.134657,0.145255,0.072103,0.089812,0.064041,0.029464,0.017578,0.011753,
0.212180,0.275608,0.291314,0.260301,0.293724,0.305909,0.266574,0.259411,0.186125,0.176963,0.208988,0.167051,0.144019,0.130196,0.137708,0.118353,0.064415,0.056857,0.029753,0.024855,0.018480,
0.261578,0.236968,0.254926,0.256424,0.265149,0.213574,0.231622,0.218752,0.193972,0.209325,0.168450,0.166879,0.144012,0.135562,0.102464,0.108044,0.068799,0.059394,0.041229,0.028597,0.014068,
0.358116,0.214590,0.243354,0.243359,0.229831,0.238764,0.202650,0.253149,0.187011,0.205636,0.199443,0.179304,0.156210,0.165815,0.133299,0.116936,0.123281,0.053059,0.037712,0.023873,0.010575,
0.221090,0.204971,0.236459,0.217831,0.189945,0.217889,0.206734,0.208272,0.206939,0.196772,0.207895,0.171534,0.178190,0.145712,0.157342,0.138205,0.111902,0.062293,0.049265,0.029757,0.014214,
0.149154,0.169132,0.235732,0.195308,0.202972,0.224402,0.192359,0.179379,0.211400,0.186188,0.176498,0.184771,0.187271,0.208459,0.178151,0.151908,0.093642,0.073023,0.047285,0.036086,0.013450,
0.102011,0.213646,0.212393,0.175317,0.222321,0.205393,0.198992,0.167347,0.177257,0.179152,0.198738,0.211061,0.188756,0.182653,0.155817,0.158401,0.100660,0.071870,0.055978,0.026158,0.014829,
0.128573,0.171685,0.199603,0.192524,0.210464,0.207298,0.189056,0.199450,0.194254,0.189202,0.176578,0.182043,0.185944,0.196524,0.160398,0.169121,0.110040,0.103546,0.068284,0.030632,0.023348,
0.076176,0.160923,0.157714,0.170585,0.240757,0.218420,0.217199,0.191598,0.210841,0.200397,0.217421,0.188645,0.189955,0.231666,0.211098,0.186764,0.168167,0.122707,0.089418,0.034281,0.019429,
0.090211,0.287912,0.175364,0.200764,0.220833,0.215843,0.201605,0.227332,0.227929,0.201358,0.272478,0.206375,0.287835,0.229070,0.216792,0.224433,0.201748,0.135386,0.076918,0.048767,0.021267,
0.057135,0.188466,0.144466,0.223997,0.239558,0.254014,0.211237,0.240802,0.242511,0.238187,0.256896,0.248213,0.327707,0.300846,0.258479,0.256609,0.223026,0.164368,0.089190,0.045601,0.025207,
0.227921,0.170918,0.131231,0.276682,0.238344,0.275037,0.195332,0.268643,0.244722,0.281286,0.343679,0.241863,0.333451,0.363957,0.318206,0.292404,0.239322,0.186990,0.106791,0.044940,0.017921,
0.213177,0.318681,0.226093,0.216310,0.287869,0.219532,0.240553,0.261209,0.291495,0.336462,0.297224,0.347217,0.393465,0.407614,0.383068,0.359234,0.289812,0.237434,0.119611,0.031328,0.020274,
0.393432,0.262547,0.229995,0.331814,0.245023,0.327017,0.258503,0.312902,0.349924,0.348085,0.349772,0.374120,0.506959,0.462938,0.442831,0.436090,0.422485,0.247505,0.085297,0.026476,0.038256,
0.461590,0.680486,0.182893,0.218194,0.237438,0.246080,0.314584,0.317503,0.380937,0.335970,0.393593,0.511288,0.509569,0.493467,0.548979,0.494576,0.346928,0.174292,0.062526,0.023860,0.035624,
0.156385,0.156480,0.203000,0.206006,0.285386,0.208602,0.404401,0.484026,0.353927,0.373208,0.395527,0.772243,0.573723,0.606365,0.618701,0.486044,0.261808,0.077702,0.032797,0.046273,0.006606,
nan,nan,0.220284,0.136090,0.185397,0.136666,0.296492,0.584589,0.342154,0.272887,0.520338,0.557340,0.570442,0.502511,0.664896,0.421250,0.167306,0.019158,0.031642,0.049260,0.000151,
nan,0.265958,0.202575,0.238073,0.277132,0.297971,0.152844,0.163237,0.554403,0.281807,0.126723,0.194402,0.128648,0.100847,0.085597,0.324680,0.083087,0.030276,0.030716,0.007589,0.003123,
0.335881,0.344081,0.313415,0.306541,0.234700,0.268575,0.236080,0.238938,0.217890,0.180515,0.205746,0.151873,0.153314,0.132973,0.150354,0.069841,0.090356,0.052342,0.035191,0.018207,0.015913,
0.369500,0.246511,0.281272,0.268610,0.285185,0.324410,0.257908,0.244715,0.169110,0.201709,0.198588,0.180782,0.171325,0.147310,0.084059,0.102328,0.085208,0.043550,0.049291,0.016956,0.007299,
0.234558,0.327306,0.277894,0.250901,0.276667,0.240018,0.214656,0.257732,0.212429,0.190564,0.186518,0.172752,0.141881,0.164643,0.092084,0.087222,0.054431,0.072249,0.049173,0.023021,0.013950,
0.212013,0.273244,0.245988,0.265864,0.251559,0.221109,0.188530,0.283588,0.214648,0.202613,0.197823,0.165886,0.165269,0.142428,0.131471,0.099839,0.108482,0.046482,0.031248,0.021036,0.018091,
0.233048,0.233814,0.222587,0.207080,0.224862,0.219577,0.241343,0.194359,0.211174,0.190211,0.176261,0.189354,0.173399,0.136442,0.129144,0.114526,0.102018,0.056571,0.062727,0.022853,0.011930,
0.332513,0.236913,0.227320,0.215639,0.231248,0.223619,0.217087,0.237542,0.190255,0.174686,0.186706,0.172847,0.196479,0.175984,0.142733,0.135241,0.096796,0.071337,0.041442,0.025522,0.010822,
0.173618,0.197475,0.230919,0.226148,0.240631,0.188731,0.240107,0.190035,0.207913,0.171454,0.179578,0.157001,0.180263,0.151205,0.126943,0.130750,0.089933,0.059874,0.042831,0.028942,0.013576,
0.153341,0.190088,0.207121,0.228719,0.196767,0.193457,0.214198,0.226904,0.194594,0.218475,0.171484,0.175801,0.150163,0.175772,0.167097,0.158302,0.097022,0.091678,0.054795,0.028407,0.015583,
0.135257,0.179971,0.192682,0.199668,0.183501,0.188348,0.205778,0.184064,0.181539,0.263392,0.203169,0.190105,0.168562,0.209347,0.151007,0.171950,0.125060,0.086893,0.060504,0.027276,0.012885,
0.212779,0.178039,0.196936,0.186881,0.209473,0.230200,0.233715,0.188634,0.190788,0.230504,0.223873,0.176231,0.217933,0.242418,0.184928,0.190837,0.154817,0.101905,0.055813,0.038988,0.029107,
0.153343,0.146136,0.211464,0.190762,0.222146,0.221033,0.194208,0.234424,0.200242,0.237974,0.251144,0.224176,0.231511,0.237673,0.241157,0.232670,0.168036,0.127127,0.084929,0.047496,0.017758,
0.127557,0.203499,0.130681,0.217820,0.160792,0.258871,0.215631,0.250400,0.230477,0.230055,0.270503,0.251611,0.284404,0.308280,0.261948,0.261708,0.183126,0.150984,0.085635,0.050006,0.020030,
0.097144,0.246421,0.153078,0.238112,0.236763,0.251690,0.239794,0.217500,0.236412,0.323181,0.283106,0.287435,0.362190,0.357894,0.279831,0.272865,0.240090,0.215199,0.096209,0.040986,0.017696,
0.319511,0.157485,0.163028,0.264866,0.296485,0.246092,0.253885,0.286710,0.253825,0.413752,0.303583,0.383608,0.457940,0.359771,0.385061,0.314323,0.313935,0.257420,0.080232,0.038124,0.030912,
0.198378,0.265598,0.200854,0.249263,0.324641,0.329091,0.308328,0.306047,0.381320,0.380107,0.358633,0.465740,0.431247,0.466365,0.408181,0.436051,0.292802,0.171108,0.084698,0.031137,0.032356,
0.130369,0.469082,0.304128,0.220495,0.266073,0.270747,0.213180,0.320959,0.376371,0.348783,0.358311,0.736947,0.468388,0.557591,0.460138,0.401599,0.257143,0.163368,0.062705,0.026459,0.011043,
nan,0.122373,0.206835,0.210022,0.272510,0.309772,0.409599,0.337505,0.414921,0.433635,0.407989,0.498176,0.518343,0.607455,0.541078,0.348794,0.263218,0.086131,0.034229,0.009284,0.006860,
nan,0.578415,nan,0.451826,0.264675,0.952698,0.553224,0.345475,0.233062,0.394034,0.210549,0.323196,0.434986,0.183523,0.365774,0.198426,0.196988,0.062754,0.002627,0.025962,0.003395,
nan,0.363420,0.336654,0.413076,0.295030,0.196172,0.255276,0.394984,0.384560,0.373053,0.331225,0.127535,0.217071,0.139735,0.253855,0.115359,0.063834,0.135267,0.032990,0.024302,0.003705,
0.426182,0.264205,0.298706,0.259577,0.334226,0.267983,0.205688,0.274945,0.221797,0.229591,0.175081,0.132518,0.186751,0.135929,0.092212,0.098537,0.079820,0.045181,0.033527,0.016352,0.009056,
0.174634,0.311721,0.303252,0.281190,0.277354,0.289435,0.261435,0.303162,0.212585,0.182958,0.210634,0.167633,0.176682,0.149470,0.146379,0.102637,0.075526,0.048970,0.033429,0.023666,0.017156,
0.159453,0.216293,0.269805,0.299049,0.246914,0.215597,0.201933,0.257777,0.278079,0.199600,0.173587,0.164576,0.135790,0.152619,0.103681,0.091186,0.090547,0.048662,0.032558,0.020899,0.012998,
0.158313,0.225695,0.286770,0.229201,0.244634,0.232322,0.260443,0.210128,0.216228,0.193078,0.177423,0.209990,0.153297,0.134407,0.103085,0.100044,0.097385,0.054670,0.047968,0.021691,0.012581,
0.189468,0.206685,0.267170,0.271781,0.225200,0.218808,0.209585,0.283168,0.215937,0.174766,0.185418,0.179505,0.190798,0.135305,0.151874,0.128801,0.087418,0.063158,0.037872,0.027409,0.010508,
0.208520,0.214790,0.218087,0.251800,0.215412,0.231707,0.241398,0.201434,0.227304,0.180649,0.158618,0.145974,0.154357,0.141685,0.123894,0.114135,0.088280,0.065233,0.036819,0.031771,0.012261,
0.458879,0.219566,0.194421,0.240353,0.191324,0.228673,0.219293,0.196409,0.187996,0.195483,0.160645,0.168813,0.153276,0.146287,0.148865,0.119479,0.098070,0.070280,0.052488,0.026489,0.013425,
0.164156,0.178463,0.179657,0.236783,0.181715,0.238952,0.215075,0.193282,0.181609,0.238867,0.207646,0.172266,0.152847,0.203800,0.135937,0.132309,0.115532,0.072209,0.047407,0.024388,0.013045,
0.090686,0.213990,0.192040,0.209587,0.223052,0.267433,0.195973,0.168539,0.186001,0.231796,0.210181,0.203859,0.183339,0.194080,0.170739,0.146791,0.122949,0.083332,0.053619,0.031731,0.024877,
0.119029,0.200443,0.170031,0.207828,0.172768,0.292757,0.199120,0.223075,0.218551,0.215869,0.246914,0.214473,0.240634,0.202929,0.202304,0.188785,0.132980,0.097306,0.073627,0.050698,0.026669,
0.112716,0.172467,0.183113,0.213724,0.139938,0.264399,0.248541,0.222725,0.237817,0.239750,0.259397,0.204299,0.276011,0.282745,0.200059,0.202901,0.161584,0.156141,0.068106,0.043210,0.026678,
0.069835,0.160800,0.252480,0.174151,0.149776,0.281856,0.233770,0.242355,0.258767,0.210225,0.290716,0.218975,0.293985,0.273209,0.234091,0.250787,0.202843,0.170869,0.084940,0.038115,0.015426,
0.159408,0.184237,0.168130,0.157786,0.217617,0.259947,0.266961,0.294226,0.252436,0.252774,0.298671,0.268318,0.335030,0.290009,0.263479,0.324163,0.233850,0.205316,0.105650,0.030422,0.020969,
0.285583,0.266987,0.140608,0.181761,0.239220,0.250685,0.300418,0.343111,0.324030,0.227141,0.299887,0.364424,0.322157,0.328103,0.333999,0.320920,0.214130,0.155741,0.082908,0.037683,0.012261,
0.073478,0.143240,0.260798,0.236252,0.289615,0.235647,0.240089,0.301138,0.376255,0.335907,0.309421,0.366376,0.352285,0.437565,0.445484,0.280706,0.290965,0.171807,0.087446,0.031460,0.011012,
0.320046,0.110218,0.273840,0.408213,0.223693,0.243663,0.358269,0.264689,0.282211,0.285216,0.409834,0.409254,0.455851,0.408027,0.392525,0.354416,0.207761,0.136590,0.051372,0.020955,0.008466,
0.086332,0.251976,0.308347,0.349314,0.268339,0.365912,0.372275,0.332123,0.454811,0.320220,0.491473,0.417911,0.528125,0.539496,0.424091,0.336239,0.216453,0.089087,0.022447,0.014845,0.003378,
nan,0.255788,nan,0.163641,0.118408,0.307959,0.241302,0.217164,0.237633,0.427331,0.463027,0.463645,0.757065,0.399485,0.418637,0.599964,0.082166,0.028568,0.008264,0.000133,0.000005,
nan,0.298598,0.315249,0.658982,0.283842,0.333807,0.290037,0.313689,0.178179,0.213016,0.381421,0.218775,0.130849,0.102494,0.087394,0.065036,0.057810,0.034161,0.046236,0.019233,0.003849,
0.157647,0.283562,0.322527,0.249167,0.341356,0.343775,0.312431,0.256890,0.251966,0.184141,0.174363,0.188088,0.151443,0.162230,0.164755,0.065149,0.045939,0.105105,0.025399,0.032440,0.008600,
0.200880,0.267515,0.277289,0.331886,0.264946,0.254810,0.245796,0.249301,0.229822,0.180998,0.177193,0.190736,0.156204,0.148491,0.131579,0.077566,0.052122,0.084090,0.032391,0.015376,0.014484,
0.228452,0.234404,0.324626,0.226281,0.275138,0.230723,0.241129,0.235915,0.216371,0.209385,0.187954,0.152671,0.163768,0.134301,0.136197,0.109873,0.098521,0.049324,0.025633,0.025901,0.015151,
0.208213,0.232548,0.334453,0.262192,0.264169,0.232864,0.226071,0.288762,0.229201,0.183577,0.185498,0.166602,0.234937,0.144332,0.120996,0.127494,0.062319,0.057099,0.057487,0.017971,0.010720,
0.279311,0.287246,0.273804,0.211146,0.260698,0.246445,0.247942,0.271144,0.230209,0.190530,0.168828,0.143547,0.154687,0.127767,0.144414,0.095274,0.082248,0.058314,0.036990,0.022162,0.009467,
0.186460,0.258211,0.235488,0.189679,0.220327,0.272731,0.221863,0.197940,0.212866,0.198390,0.158926,0.184151,0.152285,0.131532,0.146750,0.128873,0.096751,0.051740,0.042306,0.025531,0.007559,
0.314254,0.221448,0.280368,0.214058,0.201334,0.270712,0.228822,0.214194,0.195877,0.200648,0.205450,0.185513,0.153971,0.193695,0.134291,0.105007,0.103438,0.065507,0.052351,0.022810,0.013332,
0.253745,0.197821,0.269914,0.195685,0.189203,0.305560,0.190463,0.211857,0.202556,0.185527,0.208720,0.197267,0.158275,0.164728,0.148796,0.112787,0.088022,0.072755,0.052279,0.022025,0.025434,
0.281291,0.213324,0.217860,0.185680,0.188939,0.236722,0.194521,0.246891,0.212817,0.225564,0.200385,0.163153,0.181641,0.194051,0.169319,0.150649,0.120648,0.083377,0.065442,0.031062,0.050631,
0.150552,0.226881,0.199613,0.186418,0.194138,0.174675,0.201477,0.223445,0.227170,0.215901,0.231047,0.169524,0.184430,0.212634,0.174418,0.142645,0.141570,0.123775,0.055487,0.055787,0.024934,
0.243205,0.174610,0.213699,0.156498,0.164562,0.157261,0.229240,0.238147,0.238252,0.176573,0.218472,0.226531,0.224806,0.226085,0.183705,0.197537,0.175957,0.102587,0.092710,0.032686,0.014682,
0.227479,0.153174,0.232981,0.272199,0.202780,0.207540,0.215271,0.259813,0.276082,0.214148,0.203199,0.261465,0.247599,0.260955,0.214501,0.234707,0.188649,0.136515,0.081034,0.029813,0.016167,
0.104240,0.121299,0.191389,0.177630,0.197506,0.196424,0.291320,0.270971,0.289224,0.226319,0.236881,0.281166,0.302741,0.314842,0.239817,0.235897,0.202937,0.144121,0.072992,0.036323,0.015271,
0.191642,0.285596,0.199941,0.170707,0.186744,0.258349,0.246649,0.258596,0.271113,0.255009,0.259896,0.294988,0.376425,0.361231,0.345883,0.230680,0.190019,0.191402,0.080261,0.044368,0.012284,
0.577736,0.198631,0.115474,0.186654,0.206602,0.263956,0.401741,0.287177,0.295346,0.295072,0.241418,0.372669,0.343448,0.319872,0.364109,0.333985,0.261893,0.129736,0.066835,0.029493,0.014602,
1.627762,0.211006,0.201329,0.172935,0.227274,0.408609,0.257278,0.314804,0.310459,0.348333,0.363712,0.536543,0.446188,0.414168,0.425890,0.312328,0.316913,0.137855,0.045346,0.020149,0.019513,
nan,0.149143,0.304877,0.227870,0.298390,0.331152,0.323496,0.273462,0.352109,0.295097,0.452619,0.362594,0.400399,0.359093,0.326794,0.258010,0.173703,0.111878,0.031935,0.010384,0.003444,
nan,0.122910,nan,0.198489,0.110541,0.458400,0.255067,0.216590,0.206373,0.376566,0.219042,0.376633,0.387863,0.234701,0.351389,0.187244,0.094063,0.065451,0.015886,0.002664,0.011941,
nan,0.255681,0.228771,0.383669,0.397413,0.502131,0.201706,0.179762,0.243924,0.122419,0.169216,0.092522,0.102371,0.125544,0.207792,0.151070,0.031281,0.036620,0.020813,0.015639,0.010436,
0.122407,0.273138,0.265924,0.266772,0.346068,0.321930,0.305736,0.226230,0.188386,0.211341,0.193086,0.171257,0.206797,0.163009,0.103851,0.064520,0.071592,0.041693,0.030488,0.017509,0.005998,
0.224340,0.271679,0.274495,0.279731,0.251883,0.233473,0.217743,0.241209,0.240729,0.255371,0.185710,0.190041,0.162105,0.133020,0.107685,0.087323,0.060064,0.039660,0.047944,0.020167,0.015452,
0.255010,0.274246,0.333615,0.315519,0.319339,0.261722,0.248697,0.244100,0.192939,0.204837,0.196490,0.189200,0.143154,0.156633,0.090634,0.077590,0.069027,0.063093,0.048248,0.027285,0.014407,
0.177047,0.270284,0.281068,0.247601,0.263945,0.267204,0.250970,0.299121,0.228819,0.203494,0.170312,0.159350,0.196758,0.128445,0.128739,0.124379,0.099623,0.063663,0.043994,0.019587,0.011671,
0.185866,0.240596,0.244653,0.235681,0.230772,0.283726,0.208789,0.195490,0.228397,0.203161,0.142125,0.194722,0.184253,0.136673,0.134136,0.110952,0.085745,0.046461,0.031338,0.017214,0.010453,
0.167779,0.275826,0.238446,0.265692,0.243758,0.235647,0.236719,0.207072,0.221487,0.185414,0.206445,0.164116,0.153846,0.149243,0.132372,0.097997,0.098930,0.065201,0.036941,0.032225,0.012081,
0.670829,0.213186,0.210626,0.243745,0.216864,0.212393,0.237914,0.241515,0.200134,0.175597,0.197941,0.185827,0.168664,0.153624,0.146677,0.103600,0.084706,0.059920,0.047056,0.020167,0.011001,
0.408512,0.193561,0.226627,0.228100,0.216256,0.192391,0.184762,0.240166,0.214502,0.202474,0.196178,0.142426,0.170607,0.166854,0.158098,0.122508,0.099757,0.063163,0.053301,0.021141,0.019045,
0.162978,0.271581,0.221731,0.224626,0.202655,0.158399,0.181183,0.184311,0.230661,0.189169,0.208528,0.157113,0.160851,0.164871,0.154698,0.132640,0.113736,0.084789,0.055228,0.030736,0.026893,
0.199351,0.243171,0.263749,0.236737,0.183406,0.195602,0.185983,0.202623,0.199059,0.167684,0.186647,0.175823,0.228177,0.190936,0.164933,0.154483,0.145393,0.101169,0.065830,0.032092,0.010807,
0.087807,0.276645,0.246228,0.197733,0.181858,0.185854,0.190031,0.226546,0.219161,0.187893,0.221483,0.226233,0.207959,0.208730,0.200216,0.205937,0.150973,0.107639,0.065564,0.029605,0.018479,
0.099294,0.113381,0.269441,0.174602,0.186934,0.179365,0.215843,0.225821,0.214990,0.249860,0.217362,0.207412,0.240693,0.267139,0.214389,0.191212,0.159894,0.111150,0.077191,0.032760,0.018267,
0.552246,0.221304,0.237032,0.264094,0.195959,0.198411,0.223059,0.280018,0.263148,0.232827,0.205765,0.241050,0.308579,0.248689,0.256300,0.187586,0.165670,0.125490,0.077961,0.030450,0.018785,
0.104341,0.196108,0.139357,0.270235,0.220348,0.235343,0.211496,0.331346,0.221803,0.296346,0.296458,0.288439,0.335297,0.315979,0.316419,0.244831,0.252852,0.134585,0.058799,0.045113,0.025183,
0.051792,0.168291,0.273495,0.247302,0.181964,0.318637,0.319425,0.247823,0.302389,0.262033,0.333829,0.329252,0.356572,0.379520,0.262240,0.321446,0.238711,0.162238,0.070144,0.026511,0.006260,
0.163070,0.413529,0.246694,0.278671,0.274107,0.202822,0.252434,0.336981,0.298714,0.300424,0.380953,0.311480,0.384339,0.391411,0.268785,0.306760,0.166983,0.118993,0.063865,0.016803,0.024560,
0.118157,0.104637,0.331279,0.275390,0.201453,0.604254,0.290385,0.369494,0.251687,0.389701,0.247526,0.390559,0.475897,0.362840,0.436962,0.267564,0.159023,0.112740,0.063871,0.005553,0.004015,
nan,nan,0.086786,0.317762,0.168359,0.282365,0.222942,0.901280,0.191543,0.878229,0.656752,0.414126,0.547745,0.325878,0.196847,0.087873,0.100327,0.032745,0.043343,0.007236,0.000034,
nan,0.379095,0.377554,0.273594,0.335984,0.259437,0.366598,0.196931,0.269919,0.253464,0.281102,0.118299,0.080279,0.054547,0.074084,0.267185,0.075759,0.057141,0.019037,0.011668,0.009115,
0.407938,0.286888,0.306325,0.307583,0.333159,0.327992,0.230706,0.223148,0.165457,0.158371,0.179106,0.173119,0.129420,0.136499,0.096260,0.077892,0.052169,0.038617,0.059481,0.016284,0.025711,
1.133075,0.330920,0.308208,0.288850,0.265848,0.251546,0.228587,0.240512,0.247136,0.176361,0.211773,0.125425,0.148286,0.117761,0.089210,0.091404,0.128647,0.065162,0.034375,0.015661,0.014407,
0.727299,0.307006,0.250082,0.262466,0.313621,0.296595,0.246115,0.297558,0.295382,0.192007,0.215784,0.170667,0.200348,0.161702,0.116397,0.116742,0.067296,0.066511,0.049268,0.015705,0.009336,
0.283969,0.326176,0.259832,0.274497,0.240809,0.275911,0.205134,0.235365,0.234777,0.198324,0.167659,0.162706,0.158201,0.120845,0.155840,0.082682,0.080325,0.054041,0.031395,0.019483,0.007410,
0.238690,0.266600,0.285774,0.282457,0.278219,0.260645,0.233182,0.207456,0.247166,0.218100,0.186718,0.172106,0.163867,0.151652,0.121807,0.108269,0.087525,0.050374,0.034247,0.040282,0.009533,
0.211892,0.230737,0.268374,0.304162,0.217158,0.226866,0.219298,0.256384,0.220149,0.183061,0.200377,0.183331,0.133874,0.173496,0.122322,0.102613,0.097498,0.064198,0.048953,0.020334,0.011641,
0.151892,0.227251,0.253885,0.310092,0.220734,0.192449,0.172325,0.233244,0.194840,0.199665,0.159765,0.142354,0.146216,0.144458,0.156544,0.102894,0.081964,0.052691,0.040498,0.016244,0.013319,
0.235664,0.206940,0.197508,0.289735,0.226928,0.193068,0.172123,0.193069,0.182068,0.177925,0.180975,0.174476,0.146956,0.145465,0.150258,0.115523,0.120391,0.072861,0.052322,0.026499,0.025291,
0.238364,0.179834,0.197481,0.306948,0.216574,0.211243,0.216799,0.185221,0.192655,0.155341,0.173600,0.176230,0.170245,0.172463,0.140222,0.111490,0.116551,0.079996,0.054785,0.036529,0.010337,
0.131798,0.234520,0.189485,0.308738,0.196262,0.164324,0.213932,0.217476,0.190601,0.196203,0.185646,0.210429,0.165771,0.176120,0.168074,0.164235,0.127080,0.073390,0.057105,0.035707,0.018733,
0.077859,0.226802,0.219559,0.294717,0.186842,0.213691,0.213146,0.223981,0.188086,0.212254,0.214529,0.186429,0.198251,0.225946,0.173074,0.180128,0.127180,0.120340,0.075663,0.024937,0.015910,
0.113762,0.317215,0.183222,0.210835,0.218296,0.196886,0.193233,0.246997,0.189769,0.232139,0.204691,0.251732,0.245291,0.219961,0.196379,0.157384,0.140452,0.098402,0.073822,0.033110,0.014882,
0.078433,0.311811,0.224283,0.232153,0.219244,0.197753,0.240956,0.261944,0.251466,0.258504,0.295126,0.315060,0.278022,0.262968,0.245765,0.209527,0.251653,0.121376,0.061248,0.039779,0.022181,
0.067571,0.145057,0.312489,0.186667,0.223529,0.195257,0.225716,0.295531,0.270900,0.305022,0.310499,0.271353,0.284744,0.305738,0.257132,0.259730,0.203852,0.160329,0.056141,0.039368,0.038723,
0.157238,0.259009,0.185818,0.230292,0.173882,0.236050,0.243966,0.428183,0.275082,0.483173,0.266313,0.298240,0.276477,0.306583,0.367277,0.225799,0.164997,0.107937,0.069538,0.026718,0.011719,
0.243235,0.118188,0.209839,0.202972,0.349646,0.264155,0.367049,0.291278,0.409380,0.242795,0.353830,0.388376,0.312128,0.437688,0.363037,0.198653,0.182600,0.107955,0.060121,0.023330,0.020208,
0.539872,0.165006,0.182910,0.148038,0.242747,0.387672,0.263935,0.302829,0.417206,0.274820,0.425000,0.265917,0.278833,0.593331,0.321624,0.275109,0.214128,0.118589,0.079959,0.009145,0.015000,
nan,nan,0.092065,0.191584,nan,0.207905,0.259972,0.345791,0.424981,0.287938,0.746280,0.310946,0.362242,0.356898,0.354802,0.145202,0.074641,0.020024,0.256948,0.005720,0.003248,
nan,0.289055,0.338708,0.213461,0.304557,0.379412,0.135156,0.164229,0.356513,0.293970,0.431624,0.109811,0.166023,0.182544,0.147882,0.082945,0.056827,0.035065,0.039576,0.008317,0.010930,
0.905017,0.279683,0.287130,0.299997,0.290024,0.258557,0.205266,0.273639,0.199891,0.212240,0.155443,0.188841,0.158679,0.114708,0.106302,0.086153,0.118326,0.044838,0.039275,0.025586,0.024965,
0.498653,0.302819,0.270624,0.335884,0.296467,0.314018,0.234675,0.272094,0.246429,0.223001,0.162879,0.188061,0.151247,0.141779,0.153286,0.107248,0.073800,0.052771,0.026854,0.028462,0.009713,
0.374529,0.284208,0.267405,0.280887,0.249892,0.287432,0.234981,0.325773,0.215256,0.202353,0.174644,0.155412,0.194317,0.157754,0.113595,0.121989,0.082485,0.054183,0.030951,0.014637,0.008465,
0.152263,0.232327,0.359338,0.265796,0.308094,0.266446,0.238236,0.225950,0.250262,0.212109,0.161168,0.207815,0.170012,0.131550,0.109858,0.098580,0.095383,0.049773,0.031228,0.015329,0.015957,
0.219389,0.204721,0.290659,0.287413,0.246602,0.222072,0.264126,0.197225,0.205969,0.194318,0.168161,0.150961,0.138547,0.129459,0.124538,0.090594,0.096856,0.064170,0.037175,0.022032,0.010763,
0.330607,0.209527,0.251818,0.281318,0.254191,0.215542,0.172673,0.232239,0.204102,0.195151,0.158555,0.166924,0.152705,0.144955,0.151211,0.102493,0.083766,0.045661,0.029813,0.014668,0.014955,
0.551905,0.176249,0.204770,0.210439,0.206274,0.222019,0.181451,0.219677,0.175581,0.185475,0.164728,0.177044,0.128923,0.135635,0.136830,0.100537,0.116349,0.060397,0.062382,0.023059,0.027215,
0.185614,0.148734,0.211998,0.201386,0.197265,0.188909,0.207569,0.181965,0.223019,0.174991,0.168445,0.170852,0.171452,0.173613,0.129313,0.100280,0.088681,0.060876,0.042003,0.033698,0.018277,
0.229360,0.148924,0.191218,0.177433,0.201953,0.171128,0.177834,0.202514,0.187905,0.177712,0.161978,0.193509,0.151002,0.151151,0.148250,0.122511,0.099993,0.074958,0.050208,0.027115,0.016471,
0.088987,0.157371,0.166887,0.180829,0.260876,0.174176,0.190608,0.174987,0.195192,0.173970,0.219313,0.149785,0.167180,0.201992,0.131198,0.153099,0.111716,0.090904,0.064000,0.025797,0.025236,
0.193190,0.310770,0.239195,0.238372,0.328660,0.259673,0.191089,0.208381,0.181708,0.196991,0.172480,0.247358,0.200124,0.197372,0.161524,0.174218,0.116375,0.074326,0.075288,0.025444,0.015212,
0.097528,0.289518,0.203772,0.255040,0.290101,0.327413,0.200089,0.253343,0.220991,0.196672,0.232854,0.239465,0.255958,0.206759,0.218622,0.167668,0.221861,0.099700,0.064490,0.032575,0.018760,
0.118101,0.243661,0.174767,0.199587,0.234642,0.275884,0.226764,0.264305,0.221585,0.211412,0.199126,0.284048,0.226554,0.215978,0.224753,0.191300,0.165457,0.115232,0.055675,0.026354,0.044854,
0.296799,0.207365,0.266234,0.164395,0.284769,0.292037,0.208200,0.267415,0.196706,0.286465,0.219934,0.284191,0.277973,0.194405,0.296284,0.191259,0.172343,0.114977,0.077553,0.036595,0.018389,
0.162945,0.122735,0.369270,0.201278,0.211797,0.313601,0.232224,0.209736,0.270430,0.298319,0.297402,0.314574,0.288237,0.272680,0.348219,0.260698,0.182591,0.126916,0.057704,0.018976,0.021394,
0.106638,0.188946,0.328948,0.225527,0.242369,0.268216,0.261404,0.311293,0.284276,0.292432,0.363668,0.269206,0.275945,0.250654,0.363100,0.251345,0.152464,0.132321,0.086527,0.039057,0.017026,
0.135926,0.081931,0.344773,0.162360,0.332373,0.451061,0.247291,0.362453,0.266507,0.462792,0.334586,0.378858,0.329842,0.406344,0.263764,0.229030,0.141284,0.113728,0.056871,0.022995,0.039926,
nan,0.117581,0.110514,nan,0.238091,0.155624,0.090170,0.520822,0.150498,0.245519,0.606541,0.596527,0.299558,0.276106,0.582892,0.404635,0.138122,0.041811,0.221797,0.001895,0.001157,
nan,0.201193,0.220351,0.545153,0.134751,0.215769,0.176313,0.243332,0.118994,0.184788,0.221938,0.095842,0.083600,0.094113,0.107149,0.220703,0.052351,0.072306,0.051975,0.017422,0.009123,
0.431437,0.306141,0.293281,0.247080,0.239231,0.256290,0.278130,0.279650,0.214822,0.171998,0.271977,0.177143,0.225265,0.130389,0.107844,0.134409,0.055759,0.031940,0.029186,0.015069,0.013692,
0.423996,0.305504,0.250106,0.285653,0.319094,0.246936,0.270990,0.254093,0.218884,0.197278,0.202604,0.146592,0.156123,0.170462,0.107730,0.097395,0.060363,0.065856,0.029137,0.032224,0.014069,
0.433718,0.258148,0.363713,0.250899,0.291728,0.277566,0.216704,0.263934,0.248141,0.223283,0.198582,0.155264,0.187669,0.112147,0.103008,0.092851,0.088898,0.065571,0.057081,0.018649,0.009917,
0.391786,0.264321,0.262524,0.322121,0.231427,0.255585,0.303288,0.198780,0.251586,0.223231,0.198698,0.163453,0.162903,0.140484,0.139465,0.075141,0.110333,0.053580,0.032646,0.019354,0.008611,
0.101836,0.212253,0.252163,0.301714,0.262848,0.224227,0.190343,0.248948,0.255510,0.181784,0.198147,0.171662,0.153379,0.146916,0.121195,0.091700,0.074200,0.060775,0.038204,0.026536,0.043784,
0.313423,0.230839,0.255006,0.249588,0.202874,0.215968,0.199524,0.210681,0.166582,0.188943,0.164830,0.154309,0.141770,0.130996,0.121629,0.085975,0.103152,0.042545,0.038973,0.016716,0.010993,
0.107037,0.225016,0.239185,0.233993,0.230269,0.195251,0.204224,0.188019,0.225701,0.204066,0.155431,0.183743,0.135765,0.169785,0.108847,0.106608,0.083434,0.058122,0.037014,0.019076,0.014573,
0.746560,0.168843,0.205096,0.252814,0.263385,0.190154,0.203797,0.198115,0.195471,0.159030,0.147510,0.184693,0.154009,0.148006,0.140139,0.100080,0.082391,0.062685,0.048179,0.029339,0.012291,
0.255309,0.149077,0.207522,0.202915,0.297897,0.204284,0.171288,0.220507,0.167058,0.195883,0.181611,0.141298,0.147482,0.175587,0.122253,0.104022,0.107980,0.067162,0.047685,0.028021,0.031979,
0.093308,0.156896,0.173075,0.168799,0.260542,0.197936,0.196532,0.241543,0.183031,0.181909,0.190495,0.208551,0.177298,0.160440,0.133799,0.156281,0.118041,0.068461,0.069476,0.027535,0.010859,
0.137739,0.239316,0.150690,0.156812,0.274657,0.237675,0.210586,0.209520,0.223169,0.165564,0.201784,0.191620,0.195004,0.167425,0.182170,0.138895,0.122418,0.080387,0.047547,0.028091,0.013911,
0.109265,0.200431,0.202714,0.185169,0.302955,0.267950,0.212196,0.223946,0.218434,0.210177,0.195600,0.182317,0.266822,0.185059,0.172654,0.175734,0.192698,0.101624,0.058022,0.031922,0.016803,
0.132048,0.412785,0.252098,0.256731,0.233223,0.268006,0.297478,0.231475,0.218720,0.248542,0.271841,0.221014,0.250819,0.185219,0.230568,0.193388,0.147564,0.111362,0.059629,0.032793,0.033364,
0.335968,0.261554,0.174209,0.277818,0.293546,0.301598,0.298382,0.226626,0.236076,0.277022,0.234829,0.231216,0.284999,0.233686,0.263420,0.221428,0.145782,0.107150,0.057500,0.025767,0.030438,
0.160646,0.224861,0.297951,0.221951,0.292911,0.303115,0.244476,0.222978,0.257609,0.274356,0.252167,0.233565,0.252620,0.263128,0.276767,0.238991,0.132860,0.117858,0.063425,0.025436,0.026689,
nan,0.134075,0.527241,0.223947,0.212218,0.308348,0.478560,0.289126,0.354307,0.301697,0.226987,0.272869,0.275300,0.244463,0.267822,0.227233,0.159729,0.114438,0.073121,0.060995,0.022622,
nan,0.165834,0.135493,0.185424,0.256540,0.204815,0.230818,0.238606,0.315046,0.270916,0.300121,0.285745,0.312601,0.366081,0.194491,0.206848,0.236622,0.101548,0.055331,0.021933,0.004488,
nan,0.289775,0.184730,0.049525,0.202242,nan,0.087858,1.120034,0.562253,0.903218,0.282927,0.373284,0.207837,0.326485,0.325755,0.225693,0.214824,0.037294,0.009419,0.016988,0.000551,
nan,0.334702,0.421804,0.405310,0.203215,0.186445,0.502451,0.295677,0.265331,0.314693,0.239705,0.289379,0.147689,0.069372,0.070591,0.099690,0.042659,0.041586,0.019238,0.024480,0.005149,
0.306276,0.302088,0.368498,0.327819,0.253920,0.245906,0.234359,0.276250,0.205524,0.161611,0.213937,0.128253,0.174257,0.169545,0.099998,0.080716,0.047568,0.071149,0.027774,0.020111,0.008711,
0.319107,0.238717,0.257842,0.283004,0.277662,0.255866,0.253537,0.287652,0.212097,0.235269,0.205990,0.211249,0.172095,0.128026,0.087607,0.073274,0.055446,0.070998,0.034220,0.027123,0.018124,
0.255870,0.310200,0.254664,0.322378,0.289186,0.271302,0.265720,0.269552,0.318960,0.201120,0.157773,0.171540,0.136769,0.145454,0.129294,0.130154,0.081049,0.060873,0.032388,0.015691,0.011605,
0.546531,0.276225,0.266784,0.310374,0.313152,0.240639,0.249497,0.221718,0.202935,0.197903,0.164839,0.187762,0.176497,0.127459,0.127659,0.097396,0.068871,0.058395,0.024801,0.025521,0.007883,
0.286993,0.264442,0.245985,0.252206,0.223161,0.224452,0.200469,0.242238,0.190957,0.191572,0.149901,0.147448,0.124690,0.146218,0.124345,0.088638,0.082377,0.063220,0.035605,0.018425,0.011085,
0.115636,0.219329,0.206611,0.244997,0.222418,0.224992,0.213201,0.227759,0.220365,0.204530,0.176635,0.173707,0.124520,0.135641,0.150724,0.119121,0.080656,0.047879,0.046638,0.014022,0.010079,
0.355003,0.268762,0.196773,0.216282,0.244278,0.213571,0.223123,0.217690,0.191789,0.151716,0.151133,0.173806,0.161495,0.144509,0.119260,0.089532,0.096755,0.053389,0.038432,0.026415,0.024255,
0.717892,0.314485,0.176448,0.184132,0.236549,0.192510,0.183313,0.230778,0.190205,0.181770,0.180924,0.152399,0.152353,0.128219,0.125690,0.093190,0.089334,0.057868,0.034515,0.020661,0.011952,
0.364284,0.202105,0.177836,0.192531,0.272346,0.190641,0.202559,0.205104,0.165802,0.184732,0.183070,0.175511,0.151992,0.158639,0.117299,0.125091,0.086134,0.061135,0.055507,0.032923,0.014564,
0.172688,0.156824,0.199362,0.234403,0.202484,0.243694,0.184675,0.224938,0.211439,0.177742,0.141085,0.162450,0.162377,0.148236,0.131475,0.146225,0.098312,0.077900,0.047154,0.032719,0.015080,
0.091786,0.142358,0.213731,0.165834,0.219567,0.275185,0.218045,0.247465,0.172898,0.189633,0.180554,0.175194,0.220545,0.144922,0.171166,0.138735,0.139906,0.103214,0.054195,0.033388,0.015223,
0.180393,0.158427,0.174382,0.202635,0.258437,0.242544,0.229348,0.221399,0.205702,0.195297,0.214259,0.173325,0.265576,0.183033,0.198757,0.159648,0.149763,0.110746,0.049728,0.029927,0.015693,
0.059482,0.217276,0.170217,0.238817,0.205708,0.284118,0.225962,0.213878,0.238467,0.224481,0.195943,0.268974,0.254248,0.200729,0.209147,0.160433,0.142516,0.082177,0.052797,0.026570,0.012736,
0.098221,0.269409,0.235604,0.235845,0.328525,0.222297,0.186536,0.239516,0.260761,0.247453,0.219664,0.232439,0.234221,0.229673,0.213677,0.207950,0.150340,0.110636,0.044440,0.027706,0.036731,
0.246923,0.150464,0.313799,0.216533,0.253161,0.246694,0.257546,0.240207,0.227784,0.255966,0.247442,0.255421,0.217180,0.238946,0.194459,0.158926,0.149267,0.104421,0.090636,0.031348,0.032647,
0.098291,0.236243,0.163490,0.236176,0.221362,0.190097,0.247910,0.265079,0.253081,0.263989,0.285556,0.316555,0.281316,0.324860,0.212408,0.201860,0.152348,0.131837,0.042870,0.028795,0.023908,
0.323224,0.227276,0.336769,0.098965,0.212278,0.273621,0.379346,0.253723,0.263651,0.287005,0.269235,0.242732,0.270864,0.307196,0.248646,0.192042,0.143798,0.069946,0.040514,0.098385,0.007825,
nan,0.257417,nan,0.163282,0.249122,0.227282,nan,0.293688,nan,0.387357,0.216241,0.120807,0.260866,0.190179,0.330255,0.164650,0.131708,0.036149,0.027748,0.029271,0.006908,
nan,0.153586,0.386067,0.270008,0.293137,0.325398,0.249312,0.187266,0.247309,0.172503,0.141911,0.156795,0.141111,0.142562,0.101702,0.083688,0.046392,0.181052,0.059651,0.006617,0.010455,
0.211943,0.303089,0.290191,0.308031,0.278407,0.217116,0.283336,0.231462,0.203309,0.209089,0.123409,0.134400,0.154990,0.190624,0.086952,0.088915,0.065946,0.055557,0.035182,0.014676,0.009999,
0.241748,0.311991,0.304504,0.282329,0.333137,0.366553,0.235573,0.274206,0.238555,0.197563,0.194506,0.180664,0.160889,0.151231,0.109220,0.083057,0.054657,0.039235,0.026746,0.010826,0.006328,
0.346313,0.300342,0.313922,0.305586,0.249666,0.257716,0.270748,0.265916,0.241599,0.223787,0.219807,0.144196,0.193429,0.139826,0.100836,0.097600,0.102345,0.056224,0.033439,0.014610,0.009732,
0.358769,0.377266,0.242193,0.257417,0.236771,0.260303,0.236052,0.212520,0.303687,0.188845,0.194808,0.193387,0.148465,0.099010,0.100730,0.076708,0.090678,0.041663,0.035279,0.019182,0.010605,
0.328776,0.332612,0.294503,0.233696,0.208302,0.225023,0.223727,0.219969,0.189568,0.202354,0.146138,0.162399,0.163889,0.142387,0.125898,0.101277,0.074884,0.059699,0.029552,0.015611,0.007345,
0.196066,0.268308,0.296756,0.214604,0.245444,0.225417,0.248603,0.202947,0.211669,0.183371,0.164330,0.152479,0.128869,0.131629,0.091002,0.079653,0.078873,0.058453,0.038207,0.023020,0.014872,
0.144838,0.229630,0.263342,0.223639,0.283075,0.190526,0.180316,0.238098,0.220550,0.163539,0.155805,0.168649,0.155613,0.125058,0.119129,0.091699,0.072853,0.045761,0.032227,0.021941,0.014344,
0.162664,0.270298,0.231692,0.214505,0.289964,0.194969,0.188811,0.185828,0.168709,0.178443,0.183322,0.185195,0.154933,0.137583,0.108381,0.102270,0.080611,0.064413,0.040222,0.024630,0.015716,
0.926880,0.401504,0.222664,0.215824,0.230403,0.222719,0.216404,0.197662,0.197671,0.150668,0.157387,0.153092,0.132500,0.143232,0.112485,0.114433,0.096200,0.076218,0.041156,0.037794,0.036775,
0.183306,0.248277,0.186407,0.223118,0.192409,0.188840,0.220555,0.191900,0.176577,0.156672,0.166475,0.151119,0.184389,0.133478,0.141645,0.134611,0.091846,0.081215,0.048997,0.031749,0.014267,
0.150565,0.125213,0.160021,0.207296,0.220009,0.196991,0.284365,0.170186,0.215004,0.204636,0.187391,0.185449,0.249793,0.154675,0.192532,0.135550,0.145804,0.107424,0.052020,0.023740,0.010960,
0.164750,0.157821,0.175923,0.277510,0.211597,0.213507,0.284477,0.183425,0.201810,0.208919,0.180515,0.186737,0.208430,0.179583,0.170507,0.113042,0.124130,0.096187,0.051638,0.022818,0.014897,
0.101078,0.436467,0.177642,0.200574,0.229445,0.232438,0.231865,0.157881,0.204853,0.217150,0.194813,0.192534,0.286984,0.191416,0.185741,0.197968,0.126898,0.093224,0.051970,0.026885,0.012913,
0.249121,0.440829,0.187207,0.206437,0.183473,0.185520,0.185168,0.220504,0.214077,0.172578,0.202812,0.222373,0.211095,0.209019,0.181451,0.174236,0.130566,0.098684,0.048290,0.031603,0.019760,
0.054719,0.220361,0.269406,0.269577,0.276921,0.315855,0.198908,0.235849,0.245527,0.246005,0.214682,0.226868,0.288891,0.198802,0.190351,0.177125,0.133549,0.097075,0.085557,0.035520,0.023049,
0.100505,0.251815,0.232677,0.215221,0.293575,0.179014,0.242889,0.281259,0.231997,0.205003,0.227747,0.281179,0.211639,0.216758,0.242618,0.177804,0.115957,0.107960,0.059502,0.023057,0.016340,
0.194492,0.124444,0.135122,0.260051,0.240500,0.226482,0.248933,0.287811,0.251005,0.281397,0.184591,0.276296,0.178438,0.213050,0.198648,0.104711,0.129767,0.083850,0.027542,0.079552,0.018908,
nan,nan,nan,0.225311,0.086466,0.163531,0.214778,0.409745,0.259426,0.380547,0.152291,0.192155,0.256935,0.317074,0.098808,0.391021,0.238963,0.087846,0.037376,0.012632,0.018297,
nan,0.231019,0.237417,0.479933,0.186118,0.174998,0.311535,0.281261,0.336565,0.131555,0.106050,0.248318,0.157729,0.102940,0.104788,0.461092,0.125556,0.022876,0.021366,0.021342,0.007465,
0.301724,0.321198,0.301318,0.255239,0.234525,0.237891,0.279939,0.266487,0.201856,0.222163,0.202374,0.178815,0.187774,0.141756,0.108683,0.106131,0.057044,0.054361,0.065611,0.021552,0.018302,
0.239294,0.312211,0.425881,0.282068,0.321247,0.289612,0.191611,0.238003,0.238684,0.220917,0.205849,0.156878,0.194591,0.118429,0.093328,0.106953,0.131081,0.055339,0.034871,0.013432,0.013586,
0.163023,0.381214,0.266176,0.275398,0.346914,0.269175,0.247915,0.239216,0.246176,0.226117,0.200921,0.214850,0.169329,0.162882,0.100991,0.098260,0.078956,0.061996,0.043058,0.019213,0.012948,
0.206847,0.257153,0.306873,0.229082,0.233363,0.230376,0.205906,0.211831,0.193508,0.214410,0.172601,0.164389,0.137292,0.133718,0.117341,0.091377,0.103678,0.068112,0.028226,0.019095,0.011247,
0.415669,0.223085,0.265551,0.262904,0.255392,0.236989,0.291189,0.260735,0.229067,0.181482,0.217906,0.181950,0.143120,0.153445,0.165611,0.105229,0.061805,0.037481,0.026645,0.017043,0.008168,
0.300433,0.246847,0.246560,0.242497,0.287636,0.213844,0.194679,0.203951,0.189695,0.179010,0.162901,0.161522,0.171876,0.137720,0.104282,0.100560,0.091536,0.048796,0.042812,0.019267,0.011891,
0.146348,0.252088,0.227956,0.227111,0.238161,0.210292,0.229660,0.201947,0.176598,0.179210,0.153388,0.155067,0.153093,0.137559,0.100842,0.082660,0.065405,0.061052,0.034906,0.023097,0.018187,
0.220907,0.190321,0.196009,0.264091,0.206468,0.198281,0.202515,0.203032,0.202582,0.160344,0.160756,0.158613,0.146261,0.144263,0.113468,0.090322,0.082031,0.045431,0.040325,0.029733,0.011274,
0.467580,0.225166,0.180528,0.246526,0.205270,0.173430,0.251192,0.194939,0.168498,0.171142,0.154331,0.136741,0.150309,0.146834,0.134486,0.113851,0.112838,0.061972,0.060891,0.021161,0.023098,
0.139420,0.144881,0.229574,0.205461,0.203574,0.219712,0.231731,0.196581,0.191264,0.193202,0.176604,0.149064,0.220216,0.150558,0.172394,0.115476,0.106984,0.089597,0.050144,0.016700,0.014534,
0.090497,0.358365,0.212584,0.171652,0.208377,0.208046,0.207533,0.199272,0.178766,0.225852,0.181531,0.171317,0.170196,0.136380,0.177237,0.132318,0.113191,0.089252,0.055775,0.030729,0.011500,
0.087523,0.215623,0.160748,0.177708,0.221157,0.215568,0.209362,0.173251,0.200965,0.200125,0.185137,0.185374,0.242740,0.183383,0.149804,0.152041,0.111657,0.091597,0.045059,0.036411,0.018400,
0.173311,0.202181,0.156180,0.217930,0.231081,0.206850,0.201798,0.196168,0.202965,0.205186,0.196032,0.187195,0.240487,0.185867,0.132305,0.182905,0.114507,0.074014,0.049028,0.021812,0.010979,
0.324431,0.346701,0.152525,0.191864,0.209095,0.251805,0.180340,0.214033,0.258796,0.250908,0.195570,0.183010,0.216929,0.190604,0.204898,0.127285,0.126473,0.074232,0.051515,0.047055,0.015871,
0.096271,0.290139,0.175274,0.303313,0.202368,0.208910,0.226018,0.289159,0.192753,0.226266,0.205606,0.196368,0.221463,0.178597,0.230154,0.154443,0.125582,0.088682,0.067893,0.034228,0.017914,
0.317244,0.175104,0.183076,0.219428,0.499447,0.257135,0.185196,0.195351,0.238181,0.378066,0.222553,0.174082,0.223210,0.199950,0.244211,0.151781,0.143681,0.083151,0.042323,0.025191,0.015608,
0.867390,0.076126,0.199850,0.269159,0.182539,0.224089,0.171692,0.258818,0.193728,0.242656,0.253757,0.257173,0.265772,0.198692,0.148580,0.160886,0.107637,0.103815,0.035220,0.048876,0.040700,
nan,0.271939,0.084456,nan,0.483842,nan,0.218619,0.472659,0.126677,0.230956,0.202592,0.231413,0.098708,0.236614,0.108277,0.240983,0.071392,0.065202,0.025153,0.024863,0.054994,
nan,0.386830,0.442140,0.260913,0.334748,0.226874,0.345089,0.222494,0.177080,0.213192,0.145816,0.257411,0.139712,0.226040,0.110086,0.065016,0.039409,0.047633,0.031721,0.019496,0.003163,
0.545003,0.250678,0.178830,0.385622,0.304617,0.395920,0.208673,0.195816,0.215126,0.211707,0.223228,0.178015,0.183165,0.101862,0.112390,0.078235,0.093375,0.064042,0.026532,0.024894,0.012701,
0.357260,0.387238,0.344809,0.260230,0.279840,0.293584,0.293975,0.297096,0.247550,0.204293,0.189433,0.136973,0.140380,0.150443,0.115078,0.098897,0.080494,0.078063,0.028960,0.013018,0.012300,
0.422726,0.209750,0.254418,0.226827,0.296160,0.278650,0.262463,0.287414,0.247017,0.188264,0.172212,0.160981,0.170214,0.129803,0.124654,0.078440,0.081402,0.047350,0.023086,0.018196,nan,
0.263522,0.398290,0.280361,0.294732,0.226311,0.303894,0.248092,0.244433,0.198533,0.220050,0.156116,0.142117,0.135572,0.126569,0.126678,0.084448,0.063439,0.070992,0.028929,0.029253,0.006300,
0.425967,0.303668,0.258753,0.242699,0.309057,0.215426,0.213393,0.223811,0.224474,0.192390,0.165555,0.161556,0.140612,0.109631,0.099259,0.086003,0.075256,0.050813,0.031705,0.016557,0.009415,
0.353354,0.345054,0.243110,0.311477,0.232548,0.226342,0.240374,0.203416,0.216011,0.172005,0.157957,0.159796,0.146862,0.125882,0.092186,0.089719,0.057907,0.054307,0.032706,0.023673,0.016022,
0.237131,0.277494,0.238955,0.284826,0.239755,0.173525,0.211788,0.193343,0.203239,0.183423,0.189844,0.148465,0.134609,0.138853,0.121501,0.088773,0.072169,0.050428,0.033619,0.018821,0.011959,
0.158195,0.274202,0.227241,0.202130,0.200877,0.206675,0.230445,0.203595,0.158373,0.170066,0.148014,0.154634,0.134502,0.136671,0.116183,0.084306,0.102082,0.053441,0.042126,0.018314,0.010590,
0.144439,0.176757,0.226394,0.161716,0.166156,0.191572,0.181903,0.163705,0.181671,0.205622,0.178725,0.150006,0.171515,0.144202,0.124754,0.107458,0.060390,0.071222,0.044388,0.031143,0.016436,
0.111597,0.256440,0.181103,0.156193,0.162465,0.157669,0.154825,0.156571,0.162579,0.217299,0.173526,0.169827,0.201447,0.141241,0.174093,0.125687,0.102644,0.069502,0.038451,0.023380,0.009967,
0.106382,0.181557,0.190531,0.170069,0.148690,0.159323,0.167399,0.174954,0.212599,0.181038,0.178409,0.150499,0.206960,0.161678,0.122318,0.117241,0.100753,0.089392,0.061247,0.042210,0.031562,
0.118831,0.163321,0.253531,0.164159,0.188621,0.167843,0.177705,0.202553,0.223485,0.173514,0.192536,0.171314,0.204548,0.180208,0.137580,0.134143,0.113758,0.070480,0.039711,0.018353,0.023692,
0.058901,0.131001,0.168872,0.186250,0.201505,0.180974,0.197393,0.193869,0.201942,0.190987,0.204875,0.175397,0.192363,0.166934,0.165057,0.125043,0.119446,0.067505,0.040855,0.019899,0.011573,
0.113754,0.151842,0.118330,0.185664,0.191125,0.297913,0.186617,0.189714,0.183886,0.198566,0.274621,0.180188,0.173285,0.186331,0.139133,0.154845,0.107096,0.073396,0.067815,0.037850,0.052196,
0.110780,0.167696,0.168168,0.169084,0.270294,0.257766,0.197035,0.196811,0.211926,0.219692,0.201028,0.189555,0.188897,0.164411,0.199984,0.162174,0.097114,0.083714,0.047075,0.035993,0.013007,
1.055365,0.121720,0.188614,0.312534,0.214111,0.231497,0.279046,0.208725,0.170462,0.208880,0.200979,0.195956,0.166600,0.169736,0.164451,0.148158,0.115594,0.082270,0.041140,0.021985,0.024101,
nan,0.195297,0.355937,0.326561,0.209208,0.170391,0.283412,0.265471,0.226655,0.162755,0.251704,0.219639,0.182191,0.202331,0.181238,0.123303,0.095016,0.137030,0.034041,0.014734,0.017598,
nan,0.227793,0.059276,nan,nan,0.199535,0.115958,nan,0.146003,0.219517,0.307234,0.130622,0.134494,0.547009,0.167762,0.164431,0.382211,0.124674,0.022014,0.054280,0.016268,
nan,0.230551,0.302966,0.203069,0.203857,0.190519,0.143813,0.098428,0.107885,0.102580,0.153520,0.087006,0.186261,0.196651,0.079396,0.123986,0.090999,0.051501,0.048461,0.009410,0.005043,
0.360257,0.324909,0.290276,0.347811,0.275724,0.306522,0.252096,0.214245,0.317572,0.246089,0.178733,0.143835,0.186258,0.125073,0.108245,0.094292,0.069489,0.042027,0.050651,0.018198,0.010599,
0.687656,0.265866,0.305204,0.317517,0.327598,0.231942,0.255668,0.264487,0.289880,0.202093,0.220864,0.150343,0.150490,0.210680,0.115079,0.099692,0.078602,0.080443,0.035849,0.025204,0.010516,
0.397546,0.411848,0.362355,0.255108,0.255374,0.254623,0.294878,0.202022,0.254353,0.200327,0.188902,0.180118,0.140096,0.113034,0.121908,0.087154,0.077178,0.047608,0.026958,0.013353,0.012378,
0.256450,0.275192,0.272857,0.235220,0.265526,0.249432,0.265794,0.223621,0.219487,0.197986,0.184340,0.174508,0.156178,0.137327,0.121209,0.081646,0.067639,0.041310,0.026062,0.015998,0.018708,
0.224424,0.199181,0.243154,0.299846,0.222508,0.202754,0.308057,0.241928,0.205151,0.170485,0.197660,0.171984,0.166779,0.140288,0.138632,0.110287,0.071955,0.036023,0.030294,0.012626,0.012399,
0.259026,0.191100,0.211073,0.226776,0.221212,0.206570,0.209839,0.197226,0.199500,0.175710,0.171092,0.170953,0.172829,0.155517,0.117400,0.097594,0.074642,0.050253,0.038743,0.019987,nan,
0.364102,0.285729,0.235375,0.215348,0.216679,0.220170,0.218016,0.209416,0.195770,0.160341,0.172102,0.152629,0.143637,0.123466,0.109309,0.088202,0.077251,0.050113,0.036256,0.025742,0.012708,
0.202938,0.328840,0.202699,0.209265,0.167623,0.195773,0.174301,0.177545,0.175295,0.227573,0.164981,0.141147,0.153655,0.140726,0.086962,0.102000,0.082816,0.058693,0.029738,0.021855,0.013247,
0.163222,0.276520,0.255810,0.212960,0.135654,0.182573,0.182648,0.169134,0.160452,0.217615,0.171151,0.167115,0.148273,0.128035,0.131678,0.093321,0.074109,0.049051,0.058216,0.035584,0.016862,
0.335754,0.149078,0.184661,0.203561,0.170267,0.172659,0.174017,0.198684,0.216860,0.146513,0.181716,0.137891,0.186430,0.162107,0.138874,0.139317,0.122909,0.084645,0.059378,0.026414,0.010769,
0.136417,0.274752,0.177681,0.174586,0.216699,0.191215,0.202460,0.156463,0.227530,0.180792,0.172679,0.152616,0.160943,0.158933,0.112364,0.113964,0.100161,0.080050,0.037879,0.039444,0.011817,
0.144785,0.198210,0.195734,0.141650,0.204143,0.261734,0.217505,0.215486,0.213882,0.170444,0.172851,0.175483,0.176488,0.176940,0.157580,0.096518,0.102307,0.066240,0.034449,0.020933,0.012529,
0.074601,0.214881,0.207842,0.158124,0.196248,0.263225,0.253939,0.232404,0.190550,0.193628,0.167368,0.194252,0.184935,0.157915,0.136695,0.146462,0.118543,0.064505,0.043640,0.020059,0.010529,
0.337740,0.132827,0.161670,0.169255,0.193396,0.233654,0.198735,0.239217,0.180936,0.173628,0.205909,0.171244,0.179730,0.160148,0.161353,0.143433,0.114947,0.063959,0.054465,0.045198,0.010996,
0.085747,0.182741,0.212661,0.219719,0.226076,0.191084,0.246250,0.219999,0.212844,0.209609,0.139810,0.220715,0.139294,0.139394,0.163327,0.158438,0.083245,0.082399,0.046873,0.035626,0.049020,
0.094724,0.448835,0.133206,0.166341,0.208298,0.231049,0.218562,0.209666,0.184587,0.211836,0.178853,0.216502,0.164674,0.249916,0.174834,0.125704,0.096788,0.087901,0.040277,0.020544,0.020690,
nan,0.216825,0.375054,0.416014,0.223225,0.208611,0.282139,0.194317,0.274813,0.183460,0.168000,0.155878,0.164967,0.192362,0.157436,0.137852,0.083778,0.189852,0.033614,0.020960,0.005101,
nan,nan,0.107354,0.093894,nan,nan,0.073628,0.675107,0.207331,0.137019,0.176671,0.109330,0.362132,0.169811,0.144145,0.094778,0.055110,0.062530,0.094711,0.017295,0.006833,
nan,0.174968,0.353801,0.252415,0.324071,0.160962,0.303606,0.247345,0.212872,0.264888,0.153167,0.256058,0.120716,0.068845,0.122066,0.772262,0.040591,0.165037,0.052454,0.012145,0.001254,
0.581219,0.340406,0.284791,0.338702,0.279472,0.348075,0.303319,0.258201,0.208125,0.190847,0.187091,0.146974,0.153298,0.128523,0.100457,0.098797,0.058712,0.071764,0.036270,0.015991,0.008784,
0.181011,0.347415,0.306956,0.334717,0.285613,0.287421,0.273059,0.273958,0.350713,0.292185,0.208297,0.161372,0.120574,0.149696,0.133012,0.091922,0.066756,0.062965,0.035292,0.015323,0.018877,
0.454443,0.357672,0.250436,0.297958,0.222875,0.268204,0.229205,0.243735,0.273189,0.204305,0.214253,0.187177,0.165138,0.124836,0.101577,0.103002,0.103406,0.049660,0.029683,0.017010,0.011400,
0.319604,0.292997,0.322402,0.332274,0.323317,0.235977,0.224840,0.227798,0.180776,0.245140,0.164268,0.172729,0.150605,0.144555,0.114002,0.100886,0.086700,0.094383,0.033446,0.019555,0.008029,
0.375577,0.315346,0.266954,0.253242,0.231103,0.232925,0.216398,0.196454,0.235328,0.202966,0.182445,0.161271,0.145877,0.120478,0.104639,0.099298,0.058998,0.049976,0.029038,0.019481,0.008612,
0.208281,0.283102,0.242049,0.267359,0.226450,0.233525,0.245366,0.224778,0.191176,0.167266,0.165774,0.145706,0.138853,0.128618,0.099970,0.082444,0.064420,0.057184,0.031995,0.026182,0.012159,
0.183296,0.155772,0.226420,0.219036,0.186999,0.205140,0.181605,0.181111,0.190778,0.160420,0.157335,0.143936,0.130716,0.129777,0.130259,0.097699,0.060771,0.045646,0.035255,0.017743,0.011083,
0.142054,0.222852,0.214630,0.209993,0.194973,0.188621,0.198630,0.164710,0.163461,0.222650,0.142558,0.203876,0.155284,0.122445,0.124329,0.104906,0.081926,0.052105,0.041196,0.026394,0.010675,
0.118134,0.316176,0.259807,0.193321,0.200628,0.197069,0.188522,0.205029,0.204034,0.153520,0.182010,0.122409,0.192708,0.160419,0.137731,0.098770,0.078512,0.054175,0.042987,0.031595,0.018447,
0.366924,0.180430,0.297050,0.163842,0.202772,0.207655,0.202435,0.189786,0.202419,0.141439,0.160308,0.123293,0.151607,0.125899,0.126415,0.098823,0.147192,0.080584,0.047561,0.035459,0.008794,
0.090389,0.136407,0.260869,0.220073,0.201433,0.204584,0.204276,0.253537,0.223389,0.165421,0.200721,0.152608,0.139376,0.167882,0.118558,0.104496,0.082232,0.063703,0.055691,0.031844,0.017577,
0.161905,0.287001,0.226322,0.184026,0.241110,0.192086,0.182369,0.233514,0.184621,0.207141,0.175896,0.181076,0.174061,0.185686,0.124372,0.111344,0.105881,0.063171,0.038897,0.022319,0.018345,
0.084202,0.123236,0.279349,0.161330,0.192518,0.202544,0.183692,0.234682,0.205528,0.186845,0.171648,0.149484,0.176632,0.131886,0.119307,0.127679,0.114255,0.061832,0.050954,0.024181,0.011286,
nan,0.246457,0.216781,0.149108,0.303893,0.234794,0.204497,0.227538,0.238107,0.240765,0.150928,0.168861,0.146434,0.183823,0.132943,0.150536,0.110461,0.054356,0.050965,0.043100,0.024712,
nan,0.154303,0.134888,0.290808,0.203642,0.220793,0.271028,0.210994,0.206336,0.320634,0.136182,0.172492,0.141778,0.223532,0.193335,0.137498,0.099421,0.072728,0.046824,0.037788,0.012689,
nan,0.219784,0.131451,0.136341,0.221816,0.320117,0.224224,0.273072,0.234380,0.195998,0.155340,0.161471,0.189873,0.155153,0.157712,0.128371,0.110344,0.069052,0.074842,0.023894,0.014704,
nan,0.850284,0.360641,0.147153,0.133582,0.173677,0.362816,0.191812,0.258066,0.255470,0.198668,0.157058,0.171859,0.150934,0.147518,0.104857,0.105642,0.104216,0.041403,0.021285,0.008534,
nan,0.081508,0.087570,0.151751,0.273387,0.092762,0.300274,0.528995,0.100981,0.110492,0.115964,0.314701,0.199184,0.130529,0.125354,0.092150,0.087406,0.071602,0.023792,0.029616,0.010663,
nan,0.281964,0.299494,0.187013,0.206765,0.237568,0.222449,0.344237,0.218550,0.161724,0.149515,0.205676,0.090656,0.085593,0.075678,0.085888,0.074551,0.024464,0.094258,0.013554,0.010366,
0.468402,0.301220,0.330327,0.295783,0.286187,0.347952,0.278095,0.188907,0.221331,0.246521,0.175268,0.136991,0.209449,0.126425,0.129912,0.119192,0.079910,0.072861,0.032124,0.017994,0.009769,
0.368145,0.349200,0.269839,0.268215,0.313103,0.319202,0.242925,0.251160,0.210684,0.193614,0.230377,0.167815,0.179371,0.128347,0.090775,0.094004,0.067521,0.060026,0.027492,0.046191,0.006795,
0.267162,0.344420,0.318442,0.267482,0.268390,0.289834,0.242782,0.276521,0.256498,0.200917,0.255781,0.197953,0.200055,0.161958,0.108909,0.074918,0.088436,0.076084,0.026166,0.017473,0.011275,
0.416830,0.323101,0.291361,0.279916,0.229595,0.238843,0.285454,0.218083,0.234011,0.215003,0.151490,0.142748,0.135678,0.147340,0.112011,0.098797,0.066333,0.056727,0.024992,0.019945,0.009094,
0.170204,0.212249,0.266031,0.281655,0.268575,0.222376,0.257572,0.191610,0.198999,0.184924,0.163458,0.141654,0.186790,0.116668,0.134366,0.092275,0.071085,0.040659,0.028926,0.012762,0.012628,
0.399130,0.218588,0.255871,0.216739,0.220213,0.203273,0.217172,0.197982,0.188610,0.175227,0.181114,0.165140,0.149746,0.146421,0.121922,0.093793,0.068665,0.046710,0.037493,0.017761,nan,
0.179378,0.272096,0.241509,0.201250,0.224718,0.207462,0.201044,0.179756,0.195358,0.198373,0.173634,0.154157,0.133045,0.123741,0.102288,0.078294,0.081152,0.047049,0.041557,0.025893,0.013004,
0.159528,0.180844,0.206058,0.185605,0.199481,0.195666,0.205745,0.181620,0.193132,0.167346,0.156622,0.125163,0.118733,0.155924,0.100376,0.092813,0.079797,0.060019,0.030837,0.015866,0.011066,
0.175427,0.168175,0.178461,0.181479,0.213627,0.180868,0.192449,0.183462,0.212918,0.146055,0.156821,0.126910,0.159057,0.134555,0.113001,0.099251,0.079799,0.063538,0.045993,0.027613,0.015571,
0.215031,0.267359,0.199856,0.171219,0.262557,0.171667,0.200909,0.223032,0.195738,0.164708,0.192070,0.156801,0.152775,0.120684,0.123328,0.101679,0.088106,0.063259,0.045574,0.026213,0.008782,
nan,0.134603,0.220076,0.184852,0.304928,0.166473,0.197734,0.182208,0.157501,0.162103,0.150276,0.158208,0.157806,0.165278,0.119777,0.096691,0.077253,0.077840,0.053907,0.020555,0.014326,
0.146511,0.205395,0.207912,0.197644,0.178692,0.189301,0.196592,0.209290,0.155108,0.197558,0.174102,0.131496,0.195524,0.131581,0.113177,0.116035,0.097855,0.076872,0.038251,0.019666,0.017087,
0.093672,0.172057,0.187616,0.230270,0.255628,0.167772,0.199112,0.239252,0.234834,0.241058,0.173208,0.153356,0.135969,0.147921,0.119061,0.144465,0.112795,0.071423,0.047466,0.034921,0.014252,
nan,0.459809,0.167092,0.190927,0.212268,0.159484,0.179488,0.257031,0.222011,0.180475,0.136866,0.195316,0.169622,0.174258,0.157456,0.134148,0.105284,0.049808,0.051915,0.034435,0.011041,
nan,0.395176,0.194162,0.176057,0.209632,0.166363,0.235059,0.268091,0.203255,0.161051,0.170392,0.200488,0.150783,0.162605,0.180500,0.116623,0.142025,0.078504,0.041204,0.034444,0.052464,
nan,0.215431,0.147305,0.135268,0.186074,0.220113,0.218237,0.228397,0.193929,0.154510,0.209906,0.176562,0.158827,0.194887,0.171308,0.112354,0.127286,0.064105,0.078470,0.024458,0.014734,
nan,0.222476,0.137405,0.385280,0.270164,0.192688,0.304670,0.202431,0.224433,0.183471,0.184498,0.280540,0.177966,0.192102,0.187935,0.105953,0.084779,0.091599,0.043624,0.020902,0.015685,
nan,nan,nan,nan,nan,0.151109,0.156728,0.228087,0.194290,0.202231,0.169582,0.088793,0.220167,0.078588,0.557409,0.176489,0.058336,0.039838,nan,0.021670,0.006558,
nan,0.372897,0.233339,0.213592,0.248785,0.252842,0.304371,0.311081,0.151988,nan,0.107976,0.140966,0.095591,0.155350,0.061278,0.134940,0.052243,0.044550,0.079284,0.024455,nan,
0.626305,0.256257,0.312777,0.277806,0.336198,0.315566,0.236302,0.318725,0.226176,0.195970,0.190544,0.236620,0.145952,0.120630,0.100805,0.072124,0.045813,0.055460,0.095098,0.015526,nan,
0.379666,0.264061,0.291516,0.309056,0.341898,0.301759,0.230083,0.261986,0.215973,0.200581,0.166535,0.189649,0.176559,0.128833,0.088211,0.091235,0.065727,0.059577,0.024500,0.009896,nan,
0.153196,0.261455,0.280497,0.278272,0.309394,0.281871,0.291021,0.250109,0.265219,0.219428,0.172191,0.159572,0.120325,0.137194,0.125789,0.088595,0.059313,0.048921,0.027458,0.017281,nan,
0.328088,0.294087,0.243437,0.280498,0.300944,0.233469,0.247351,0.215523,0.193528,0.224377,0.195400,0.195560,0.150974,0.140067,0.140475,0.087834,0.069190,0.042206,0.023503,0.031889,0.014939,
0.327468,0.328766,0.278867,0.235887,0.236589,0.281920,0.236244,0.229031,0.217968,0.200886,0.154788,0.191539,0.183144,0.127439,0.107238,0.107039,0.065897,0.033808,0.028194,0.019039,0.008091,
0.236617,0.293321,0.242354,0.219131,0.222375,0.221345,0.219388,0.216743,0.212835,0.167565,0.157926,0.134119,0.138606,0.138574,0.129246,0.092595,0.060710,0.053834,0.030952,0.025831,0.012517,
0.194536,0.235145,0.230618,0.207931,0.200434,0.201635,0.186382,0.191874,0.191284,0.196275,0.167921,0.160231,0.120897,0.135986,0.113766,0.078590,0.055978,0.045730,0.029038,0.021012,0.010905,
0.257655,0.213193,0.215449,0.187213,0.228617,0.201257,0.209835,0.182549,0.217724,0.177105,0.173746,0.165667,0.153524,0.112171,0.105265,0.114433,0.070744,0.057893,0.043130,0.028791,0.006981,
0.147318,0.163704,0.213897,0.187257,0.235068,0.190284,0.197392,0.182056,0.185351,0.151838,0.172674,0.136157,0.159008,0.131376,0.109636,0.105152,0.081969,0.044969,0.057560,0.025034,0.028629,
nan,0.151759,0.190070,0.168854,0.212285,0.149250,0.202426,0.184694,0.150855,0.159425,0.198982,0.151444,0.157576,0.157363,0.097263,0.092270,0.101550,0.072199,0.035218,0.035591,0.008668,
0.209739,0.159163,0.222709,0.178078,0.238902,0.167930,0.195750,0.222768,0.176826,0.170086,0.168227,0.122418,0.164346,0.158309,0.122274,0.102002,0.072340,0.061094,0.057694,0.025831,0.008720,
0.091177,0.178050,0.233184,0.198291,0.200109,0.185433,0.163034,0.211278,0.224468,0.194441,0.153350,0.147544,0.146898,0.122790,0.116115,0.090604,0.088195,0.062495,0.040309,0.026482,0.013349,
nan,0.123323,0.242311,0.186348,0.251028,0.180132,0.172970,0.229921,0.205508,0.167510,0.133471,0.168876,0.157523,0.186854,0.146918,0.123476,0.129092,0.050494,0.060510,0.028609,0.011902,
0.221461,0.170202,0.219999,0.168356,0.247530,0.173253,0.171574,0.200601,0.147174,0.196675,0.151059,0.211147,0.140800,0.177669,0.161152,0.113441,0.151115,0.062819,0.054868,0.039745,0.021700,
nan,0.169997,0.187754,0.193800,0.230375,0.183922,0.206864,0.197428,0.154202,0.166838,0.164510,0.227658,0.213685,0.216289,0.123249,0.137732,0.107503,0.075910,0.047854,0.028526,0.024526,
nan,0.180427,0.124100,0.218102,0.220867,0.223340,0.180764,0.347127,0.171206,0.177836,0.146517,0.190783,0.168911,0.183843,0.230603,0.135274,0.109422,0.066132,0.069800,0.022945,0.034112,
nan,0.198900,0.181765,0.443881,0.141128,0.332409,0.259106,0.258011,0.183189,0.174814,0.178239,0.343569,0.159212,0.168027,0.152218,0.233809,0.152359,0.095162,0.044981,0.026084,0.015767,
nan,nan,nan,nan,nan,0.149210,0.120173,0.147597,0.141809,0.209751,0.084055,0.285743,0.061489,0.121236,0.282378,0.093024,0.073739,0.120366,0.029199,0.021181,0.004859,
nan,0.247618,0.264359,0.421259,0.214683,0.314970,0.141753,0.201436,0.185442,0.177703,0.093687,0.101260,0.152304,0.246351,0.053454,0.060684,0.131272,0.030410,0.061029,0.007942,nan,
0.401591,0.239364,0.358497,0.287162,0.338093,0.428636,0.297927,0.248785,0.302599,0.200173,0.160666,0.159638,0.118581,0.142811,0.089970,0.081426,0.050012,0.120277,0.020282,0.015450,nan,
0.465667,0.312384,0.285421,0.235334,0.275784,0.281488,0.277922,0.240513,0.219963,0.186499,0.214865,0.161581,0.150534,0.107382,0.090537,0.081925,0.070241,0.031429,0.027190,0.011194,0.005526,
0.342589,0.351343,0.285240,0.344922,0.265990,0.330184,0.221923,0.225224,0.229698,0.201013,0.188962,0.161718,0.171813,0.107812,0.134381,0.075681,0.054522,0.051499,0.027432,0.012358,0.010138,
0.208743,0.350879,0.271405,0.236046,0.254947,0.245174,0.229970,0.224343,0.224888,0.208699,0.189569,0.156557,0.149133,0.154198,0.111258,0.082528,0.102882,0.093536,0.032178,0.020224,0.007953,
0.091643,0.360005,0.275235,0.257499,0.237875,0.215617,0.239595,0.209945,0.210646,0.195055,0.169643,0.153042,0.173080,0.107256,0.093483,0.121126,0.058935,0.045961,0.027357,0.016508,0.008651,
0.622092,0.212468,0.278258,0.216983,0.210480,0.204042,0.208139,0.192654,0.189922,0.194103,0.178098,0.173716,0.139903,0.144481,0.096508,0.079865,0.070725,0.043392,0.041199,0.016537,0.008670,
0.225500,0.239278,0.237676,0.191535,0.244809,0.218880,0.229721,0.199162,0.191249,0.207968,0.138009,0.195786,0.135053,0.111762,0.118696,0.090252,0.069091,0.046974,0.036563,0.019254,0.013345,
0.219540,0.220976,0.199865,0.195230,0.227784,0.193274,0.207077,0.185685,0.203997,0.184436,0.177036,0.115590,0.185831,0.127702,0.088860,0.148951,0.072198,0.048137,0.029917,0.036299,0.008843,
0.196958,0.319990,0.194201,0.196527,0.205411,0.219664,0.223660,0.196217,0.170582,0.167098,0.155665,0.138009,0.169094,0.125662,0.113215,0.090830,0.084008,0.051984,0.026066,0.024552,0.019684,
0.246790,0.185230,0.167491,0.219669,0.217415,0.228813,0.163285,0.220726,0.193401,0.171353,0.169422,0.149324,0.137054,0.142156,0.115624,0.090525,0.103412,0.071072,0.040120,0.039886,0.009708,
nan,0.215841,0.154315,0.196880,0.193530,0.245635,0.202357,0.172440,0.255189,0.173267,0.206422,0.146346,0.152704,0.119435,0.125883,0.110674,0.072265,0.058590,0.053238,0.028916,0.012693,
nan,0.131777,0.238814,0.207450,0.281260,0.216431,0.219452,0.172221,0.210567,0.175252,0.135260,0.153732,0.117477,0.145754,0.115614,0.101122,0.128634,0.078067,0.043164,0.028382,0.014361,
0.089357,0.317804,0.191133,0.237402,0.274676,0.261293,0.156732,0.184536,0.199027,0.165635,0.171656,0.204281,0.171188,0.227659,0.129034,0.110466,0.086820,0.061257,0.061388,0.023149,0.013615,
nan,0.177000,0.252134,0.221163,0.236954,0.167718,0.222937,0.225164,0.205574,0.226247,0.181734,0.164229,0.180705,0.190875,0.145138,0.133850,0.092876,0.069743,0.054504,0.028513,0.017759,
0.195450,0.209595,0.150071,0.195321,0.229298,0.347967,0.162446,0.214944,0.209808,0.281357,0.226450,0.178786,0.163521,0.145785,0.168430,0.150117,0.086027,0.073553,0.057885,0.028129,0.033190,
nan,0.477470,0.230379,0.267684,0.217783,0.195955,0.160545,0.228938,0.164547,0.324187,0.261190,0.171914,0.213688,0.150398,0.206654,0.157180,0.098451,0.080955,0.062645,0.025596,0.019129,
nan,0.226638,0.716879,0.160440,0.146544,0.156308,0.211583,0.181921,0.158428,0.201053,0.199036,0.118653,0.206921,0.173382,0.217041,0.152908,0.125976,0.080430,0.078896,0.043703,0.018404,
nan,nan,nan,0.160001,0.724008,0.121060,0.096407,0.134425,0.112215,0.315494,0.843766,0.107874,0.411943,0.088460,0.079826,0.065281,0.078499,0.063134,0.026113,0.054005,0.005101,
nan,0.306998,0.385537,0.393591,0.192512,0.106023,0.190514,0.109947,0.147220,0.272957,0.239270,0.135068,0.145035,0.114826,0.298081,0.085708,0.053537,0.047598,0.017745,0.009515,nan,
0.240735,0.391950,0.388099,0.292083,0.278798,0.318950,0.304094,0.231954,0.251826,0.180296,0.169123,0.197104,0.178663,0.168266,0.112625,0.065654,0.044574,0.053808,0.031124,0.022810,nan,
0.235272,0.301413,0.376902,0.279097,0.235618,0.276684,0.274355,0.267282,0.252982,0.264380,0.193420,0.148984,0.164052,0.112714,0.155020,0.092060,0.120820,0.041388,0.029927,0.018027,0.010561,
0.257007,0.316978,0.269421,0.262471,0.239774,0.240969,0.241700,0.215736,0.230955,0.239084,0.200908,0.188185,0.176919,0.123979,0.111091,0.093058,0.106918,0.046101,0.028273,0.017665,0.011616,
0.289370,0.288326,0.301216,0.278219,0.245731,0.258422,0.266784,0.211446,0.232906,0.192347,0.162128,0.163250,0.133551,0.150516,0.102805,0.093631,0.084450,0.052067,0.022958,0.019337,0.013559,
0.135950,0.209019,0.265722,0.221198,0.280065,0.244604,0.227699,0.250841,0.195614,0.176029,0.159762,0.159098,0.198931,0.124825,0.130489,0.098649,0.075952,0.033848,0.028709,0.013416,0.019837,
0.346941,0.360723,0.223827,0.211205,0.242966,0.213208,0.208512,0.217255,0.223005,0.192205,0.152712,0.135185,0.157633,0.135858,0.118044,0.086437,0.059178,0.044398,0.043284,0.024796,0.010668,
0.184947,0.364010,0.240373,0.205965,0.221288,0.216499,0.233688,0.219989,0.220369,0.207933,0.177874,0.145715,0.141715,0.131044,0.109742,0.086956,0.054115,0.047200,0.041642,0.020642,0.010513,
0.156506,0.176678,0.254339,0.249728,0.201609,0.240523,0.192871,0.180963,0.179420,0.150385,0.188059,0.124880,0.120157,0.164357,0.091143,0.083210,0.066211,0.076484,0.035918,0.027288,0.009123,
0.152046,0.173279,0.239910,0.320366,0.192223,0.207068,0.168345,0.216702,0.170342,0.156573,0.188810,0.151330,0.165837,0.119484,0.103940,0.086303,0.074561,0.054567,0.043241,0.019794,0.014017,
1.029774,0.248776,0.245891,0.273872,0.184272,0.206867,0.207563,0.162380,0.241455,0.162747,0.168984,0.139861,0.132399,0.161326,0.126873,0.097616,0.080696,0.058834,0.036209,0.030726,0.016297,
0.190413,0.128059,0.198262,0.234180,0.178251,0.187267,0.199673,0.166690,0.184275,0.165763,0.184125,0.138415,0.127236,0.147477,0.110154,0.104682,0.073287,0.059917,0.047461,0.033980,0.008382,
0.173549,0.202149,0.203198,0.311896,0.181842,0.236867,0.161769,0.169244,0.184841,0.142581,0.158674,0.152370,0.145218,0.203598,0.100542,0.093837,0.119398,0.076540,0.038840,0.033397,0.014076,
0.184979,0.189175,0.138273,0.204236,0.222810,0.262971,0.176819,0.174394,0.174600,0.211604,0.188726,0.163070,0.188076,0.183887,0.132652,0.119630,0.086644,0.063763,0.050942,0.030887,0.010964,
nan,0.169808,0.311038,0.174621,0.201051,0.264580,0.189289,0.182161,0.187875,0.204097,0.180730,0.166205,0.187335,0.136458,0.166711,0.133648,0.120002,0.071181,0.062201,0.021982,0.016008,
0.224086,0.173410,0.154864,0.224887,0.288010,0.193981,0.274452,0.198302,0.213249,0.185966,0.206288,0.161148,0.173331,0.136811,0.172781,0.177773,0.101245,0.073540,0.067013,0.029565,0.026073,
nan,0.123352,0.170908,0.227272,0.312381,0.280494,0.235934,0.182210,0.208175,0.135094,0.203082,0.153757,0.126894,0.152330,0.153954,0.135984,0.091541,0.101586,0.065522,0.028327,0.015095,
nan,0.173831,0.195735,0.183628,0.250304,0.167982,0.119328,0.121599,0.309375,0.215058,0.196161,0.150106,0.166415,0.163856,0.136101,0.114950,0.108253,0.100508,0.056729,0.054098,0.021907,
nan,nan,0.290230,0.136707,0.833292,nan,0.126205,0.168399,0.124038,0.243388,0.086975,0.205038,0.100070,0.063296,0.130440,0.062748,0.049884,0.065015,0.021927,0.096629,0.015257,
nan,0.319923,0.209066,0.247599,0.227005,0.349500,0.178946,0.284049,0.630662,0.098675,0.112570,0.141848,0.117510,0.094580,0.124020,0.085320,0.020611,0.127277,0.026936,0.013694,nan,
0.303596,0.307739,0.281077,0.297127,0.299280,0.230645,0.226489,0.280289,0.205786,0.217854,0.202553,0.158926,0.155283,0.137551,0.092911,0.060666,0.045671,0.037058,0.035271,0.018084,0.013110,
0.314968,0.281695,0.295311,0.281470,0.321866,0.273901,0.239401,0.258671,0.257784,0.260858,0.241584,0.172411,0.152090,0.165309,0.107791,0.102038,0.123044,0.106339,0.043807,0.017274,0.025294,
0.209436,0.243039,0.282137,0.307046,0.276921,0.260810,0.256532,0.236142,0.263834,0.190326,0.249682,0.176455,0.197848,0.165291,0.109641,0.091067,0.094895,0.064694,0.028080,0.016653,0.008836,
0.288522,0.275200,0.258972,0.244487,0.221731,0.239378,0.240750,0.230517,0.212357,0.232257,0.189361,0.190329,0.157132,0.138248,0.151467,0.093042,0.074803,0.046965,0.022660,0.030016,0.017204,
0.412752,0.246172,0.199599,0.225657,0.280215,0.244218,0.211962,0.206112,0.211341,0.216474,0.176969,0.164231,0.176688,0.122920,0.104169,0.090520,0.075991,0.044347,0.026798,0.022022,0.009724,
0.221675,0.188212,0.198734,0.238301,0.226204,0.221481,0.272648,0.201311,0.198191,0.178661,0.201591,0.169867,0.135786,0.133698,0.112707,0.074698,0.069586,0.043160,0.037244,0.020482,0.006068,
0.203716,0.205738,0.187171,0.278367,0.214775,0.247055,0.217722,0.193989,0.200637,0.193172,0.153078,0.187915,0.142807,0.109100,0.099287,0.113157,0.066084,0.045305,0.028718,0.019821,0.012986,
0.102561,0.312975,0.204980,0.192724,0.226902,0.235842,0.174954,0.207096,0.177606,0.152659,0.161964,0.146957,0.167946,0.127198,0.097665,0.117048,0.062420,0.041322,0.037211,0.039881,0.011459,
0.136525,0.148728,0.226701,0.198650,0.200069,0.181738,0.195070,0.174717,0.217497,0.168598,0.162242,0.140854,0.157249,0.133023,0.097944,0.091674,0.070006,0.048798,0.045084,0.024520,0.016993,
0.303724,0.172615,0.237271,0.213382,0.195629,0.176019,0.177201,0.158265,0.192905,0.174024,0.176173,0.167654,0.133813,0.157586,0.106413,0.102410,0.089005,0.062718,0.044971,0.033482,0.015920,
0.122966,0.260533,0.212669,0.258528,0.217039,0.188641,0.174978,0.164017,0.176334,0.135885,0.141214,0.134490,0.140464,0.142374,0.088610,0.106730,0.065915,0.062651,0.038920,0.035142,0.011457,
0.098590,0.139525,0.281055,0.239126,0.248751,0.209017,0.161492,0.198617,0.191547,0.166690,0.170102,0.160536,0.161976,0.181907,0.099435,0.103951,0.128756,0.071864,0.035923,0.030661,0.020358,
0.101212,0.187023,0.314937,0.236590,0.239557,0.208748,0.172919,0.213601,0.215311,0.177826,0.170476,0.173343,0.154611,0.173066,0.162723,0.118528,0.081930,0.067175,0.041867,0.031139,0.012999,
0.059880,0.129805,0.264202,0.244029,0.249075,0.255289,0.162770,0.189033,0.234106,0.150236,0.200668,0.128597,0.178964,0.124721,0.134342,0.155541,0.116041,0.066909,0.057133,0.026101,0.014138,
0.206027,0.161359,0.148955,0.217382,0.167433,0.194055,0.183727,0.209797,0.194603,0.160875,0.150219,0.168365,0.132580,0.125071,0.152433,0.151769,0.103791,0.079794,0.081600,0.033057,0.017569,
0.093426,0.194722,0.174879,0.209419,0.197926,0.318345,0.145213,0.201019,0.209281,0.209186,0.156374,0.210981,0.166109,0.114748,0.142427,0.128029,0.108359,0.092377,0.043703,0.047523,0.024139,
nan,0.124204,0.135296,0.205610,0.263991,0.151783,0.277206,0.181347,0.156282,0.102084,0.210004,0.177328,0.198024,0.123803,0.208887,0.152572,0.086559,0.102607,0.055231,0.060709,0.024212,
nan,nan,0.126262,nan,0.178698,0.398570,0.084637,0.363940,0.109717,0.111127,0.126522,0.132058,0.175334,0.081979,0.167084,0.128603,0.053491,0.179876,0.041209,0.052535,0.009345,
nan,0.346845,0.342579,0.360194,0.321086,0.165036,0.226688,0.315077,0.276671,0.143554,0.252756,0.166857,0.164043,0.094581,0.106980,0.124210,0.037365,0.072093,0.019248,0.008063,nan,
0.402577,0.250514,0.278415,0.316662,0.331431,0.228909,0.209559,0.272118,0.249012,0.184288,0.199670,0.177008,0.127020,0.201696,0.113581,0.087188,0.062216,0.036230,0.056544,0.035453,0.020385,
0.732769,0.329885,0.301254,0.292417,0.348652,0.261677,0.237909,0.309508,0.332713,0.206909,0.242749,0.138985,0.153473,0.154845,0.099477,0.084346,0.061151,0.047801,0.028097,0.021730,0.015379,
0.583573,0.321140,0.281788,0.293052,0.287008,0.255384,0.302185,0.214230,0.231912,0.224511,0.162864,0.159330,0.137098,0.172763,0.100349,0.082046,0.070158,0.062395,0.025029,0.015561,0.013486,
0.325006,0.284311,0.235425,0.234094,0.292619,0.233606,0.308482,0.234282,0.211423,0.200683,0.197572,0.162481,0.151723,0.145485,0.113655,0.084240,0.074675,0.101539,0.030785,0.017776,0.007351,
0.207585,0.357794,0.293491,0.252729,0.246584,0.221891,0.220808,0.237904,0.234832,0.189826,0.170274,0.150761,0.183432,0.151969,0.093118,0.087855,0.055554,0.044072,0.026921,0.013634,0.005457,
0.184396,0.201981,0.229515,0.250691,0.220764,0.243206,0.257946,0.233676,0.201309,0.186350,0.165970,0.132952,0.143294,0.138171,0.111141,0.071565,0.059358,0.042517,0.039196,0.019610,0.016422,
0.475890,0.234081,0.233933,0.231622,0.244299,0.272825,0.179960,0.198742,0.197326,0.200689,0.182381,0.136382,0.142175,0.135962,0.112925,0.072073,0.079257,0.046894,0.042169,0.023930,0.014953,
0.157463,0.236294,0.212164,0.220177,0.194001,0.189884,0.190510,0.197511,0.194434,0.165396,0.162770,0.124776,0.134323,0.144970,0.082911,0.080544,0.079748,0.058297,0.037496,0.025233,0.013819,
0.138591,0.257194,0.182026,0.181074,0.176968,0.177660,0.174634,0.169277,0.198844,0.184160,0.161961,0.156562,0.142438,0.131969,0.115067,0.092452,0.069189,0.048960,0.029090,0.028264,0.009934,
0.134462,0.183246,0.172842,0.189581,0.188568,0.220557,0.201666,0.162639,0.194575,0.162626,0.148085,0.152844,0.128608,0.142226,0.104281,0.103351,0.084826,0.052470,0.048869,0.028595,0.015392,
0.474882,0.198888,0.172932,0.202639,0.223060,0.208852,0.179515,0.196343,0.178661,0.152830,0.147885,0.149091,0.136759,0.143144,0.106530,0.093732,0.073934,0.063777,0.041498,0.027378,0.020853,
0.195245,0.186133,0.187677,0.225433,0.220303,0.189691,0.212564,0.182506,0.210687,0.178163,0.215029,0.165159,0.150647,0.170384,0.138963,0.096759,0.104987,0.073586,0.038991,0.029337,0.013177,
0.124290,0.227706,0.238261,0.275685,0.208127,0.206591,0.210408,0.173334,0.188159,0.194196,0.153737,0.168569,0.167935,0.173106,0.139987,0.111849,0.086199,0.072211,0.042302,0.036726,0.022922,
0.063084,0.169208,0.212477,0.197726,0.218061,0.216978,0.192406,0.173182,0.161131,0.211740,0.156118,0.155734,0.139183,0.118530,0.135432,0.169160,0.093582,0.071717,0.068047,0.024729,0.016400,
nan,0.238751,0.182190,0.193703,0.184260,0.238893,0.201802,0.186304,0.207016,0.135513,0.190965,0.210880,0.178273,0.140922,0.150889,0.124646,0.132290,0.078403,0.058570,0.070732,0.019288,
0.253768,0.180000,0.186346,0.219535,0.205165,0.268218,0.161516,0.150398,0.173173,0.153066,0.218553,0.192765,0.178465,0.162124,0.187652,0.173231,0.085797,0.110701,0.051017,0.040387,0.029426,
nan,0.591427,0.208037,0.211068,0.182216,0.404484,0.175023,0.363132,0.184444,0.149281,0.171011,0.241574,0.131824,0.151651,0.231463,0.106219,0.109961,0.163364,0.064386,0.046667,0.021328,
nan,1.030909,0.692209,nan,0.348403,0.094984,0.165902,0.263708,0.177725,0.179308,0.210640,0.167342,0.201158,0.131426,0.097261,0.162766,0.063018,0.087833,0.044306,0.063659,0.042820,
nan,0.251340,0.289149,0.310456,0.185948,0.393014,0.166055,0.209068,0.489466,0.341007,0.167897,0.130660,0.293222,0.135395,0.143356,0.277827,0.040177,0.026156,0.025827,0.003896,nan,
0.244377,0.260265,0.306085,0.289645,0.255986,0.223723,0.352577,0.240118,0.245651,0.200987,0.153479,0.228747,0.164388,0.143246,0.119229,0.097522,0.186647,0.040766,0.032889,0.011723,0.007235,
0.325529,0.319195,0.268624,0.300411,0.322679,0.375930,0.268704,0.240084,0.230668,0.226314,0.183514,0.150043,0.160716,0.121743,0.099672,0.096187,0.057588,0.067694,0.023550,0.046955,0.007662,
0.241670,0.270837,0.276427,0.283821,0.239629,0.276751,0.230430,0.234324,0.231922,0.188462,0.182023,0.156497,0.145001,0.107025,0.126420,0.084360,0.068932,0.045316,0.034162,0.012959,0.014011,
0.191154,0.252481,0.247296,0.276153,0.274747,0.243787,0.259989,0.233198,0.212510,0.200367,0.158163,0.196483,0.141915,0.138525,0.111420,0.097863,0.090055,0.050688,0.023077,0.022834,0.013561,
0.310753,0.294766,0.258385,0.288128,0.315490,0.236051,0.232187,0.232507,0.198154,0.208541,0.197550,0.147471,0.182901,0.126766,0.110070,0.097125,0.073396,0.057495,0.023009,0.019019,0.012548,
0.214102,0.306082,0.249803,0.264754,0.268955,0.289928,0.219943,0.230037,0.197362,0.153245,0.193048,0.165645,0.140464,0.108132,0.113015,0.081248,0.072964,0.045420,0.037056,0.026315,0.006758,
0.164280,0.228969,0.239603,0.246608,0.232585,0.207888,0.199122,0.205060,0.222961,0.166461,0.148916,0.169599,0.157905,0.108058,0.139697,0.095617,0.065298,0.045674,0.033061,0.019206,0.018973,
0.250535,0.191049,0.240094,0.247082,0.203838,0.219682,0.188919,0.199404,0.202916,0.166145,0.133049,0.154572,0.184434,0.131089,0.101392,0.112378,0.066823,0.061206,0.043701,0.020288,0.008922,
0.188044,0.190524,0.224185,0.249778,0.209709,0.259400,0.266423,0.181202,0.200750,0.189445,0.145720,0.151808,0.134352,0.138272,0.108806,0.088955,0.068465,0.051684,0.033869,0.039126,0.014459,
0.225216,0.153687,0.226550,0.225626,0.215929,0.163620,0.200740,0.174047,0.159334,0.136676,0.145308,0.151485,0.129376,0.144643,0.106948,0.090035,0.081007,0.070249,0.048519,0.020146,0.012015,
0.271333,0.221497,0.158827,0.200163,0.227852,0.212792,0.201943,0.193505,0.220868,0.171436,0.190033,0.150747,0.151921,0.111741,0.120600,0.104737,0.073895,0.058756,0.038608,0.041918,0.021528,
0.270537,0.136785,0.129309,0.191814,0.250957,0.264596,0.202980,0.178149,0.182627,0.200725,0.168530,0.172836,0.123592,0.175408,0.143765,0.089298,0.095317,0.092658,0.040707,0.030675,0.015414,
0.190448,0.089196,0.162663,0.175269,0.293913,0.276842,0.203391,0.167947,0.179527,0.128482,0.167108,0.138848,0.158147,0.168111,0.138941,0.110474,0.107496,0.070095,0.038298,0.048664,0.019428,
0.368119,0.179630,0.301126,0.215062,0.254874,0.265942,0.205246,0.149301,0.197166,0.178546,0.185222,0.206844,0.162551,0.135232,0.152913,0.149599,0.090729,0.089467,0.063517,0.028793,0.018328,
0.121693,0.214685,0.301483,0.167868,0.242619,0.167903,0.241442,0.223666,0.179112,0.246549,0.191987,0.228195,0.164982,0.167736,0.150084,0.167523,0.134030,0.062056,0.093006,0.036316,0.021134,
0.817848,0.105073,0.325695,0.145243,0.223972,0.231556,0.180258,0.230514,0.180218,0.157152,0.186989,0.235008,0.145468,0.172679,0.181342,0.121504,0.103754,0.121977,0.063210,0.072815,0.022674,
nan,nan,0.155528,0.274959,0.209555,0.121339,0.252665,0.199480,0.298498,0.173785,0.247555,0.148678,0.280491,0.161581,0.173089,0.178121,0.116327,0.155154,0.098856,0.042773,0.059443,
nan,0.343305,nan,0.181574,0.289545,0.252682,nan,0.140321,0.133304,0.267890,0.094292,0.172021,0.149204,0.126094,0.072815,0.190445,0.135273,0.109649,0.050093,0.039668,0.220926,
nan,0.265702,0.234449,0.369979,0.214108,0.358430,0.300921,0.145664,0.220491,0.172729,0.133696,0.170522,0.120711,0.091074,0.400790,0.051437,0.217597,0.031897,0.018111,0.021062,nan,
0.189071,0.381867,0.329668,0.380421,0.287628,0.279688,0.274988,0.236558,0.221385,0.216556,0.218244,0.208106,0.147944,0.127508,0.136126,0.087490,0.066392,0.052020,0.062188,0.020636,0.021224,
0.229446,0.273423,0.285919,0.428201,0.288835,0.251649,0.244000,0.269466,0.230039,0.217355,0.202170,0.166294,0.192465,0.139376,0.082356,0.088488,0.064827,0.042844,0.025638,0.023590,0.013264,
0.569993,0.292880,0.206606,0.241295,0.269775,0.280652,0.249714,0.215188,0.227671,0.205191,0.218225,0.155685,0.167839,0.158724,0.101193,0.089411,0.097713,0.043932,0.027997,0.020103,0.008337,
0.238383,0.278455,0.269493,0.258541,0.285229,0.237914,0.232692,0.225712,0.255844,0.238068,0.179220,0.196110,0.137477,0.119079,0.101790,0.085765,0.099687,0.041538,0.025105,0.023652,0.008345,
0.262188,0.293002,0.239661,0.256402,0.242858,0.235627,0.233189,0.214945,0.235144,0.194231,0.178997,0.161000,0.146399,0.150272,0.132612,0.094802,0.068961,0.076490,0.028684,0.018933,0.008042,
0.192916,0.347429,0.258959,0.278348,0.272758,0.228193,0.239125,0.237666,0.202749,0.189120,0.167454,0.135265,0.142876,0.136000,0.095693,0.081127,0.059443,0.038335,0.029779,0.012748,0.014944,
0.205921,0.233048,0.248600,0.266203,0.198953,0.199960,0.205230,0.220790,0.175032,0.191816,0.188836,0.175168,0.146492,0.126358,0.098663,0.066574,0.075642,0.061225,0.047691,0.030735,0.018126,
0.105934,0.298481,0.235500,0.225528,0.197115,0.269382,0.208663,0.230772,0.203698,0.165851,0.161076,0.142701,0.143772,0.133288,0.100828,0.112877,0.072185,0.053031,0.028032,0.028376,0.010601,
0.125098,0.228892,0.263750,0.194714,0.207249,0.203885,0.199340,0.163289,0.197265,0.160271,0.149650,0.161845,0.124288,0.137272,0.109308,0.100766,0.078150,0.043617,0.032313,0.028257,0.014394,
0.127749,0.241834,0.238236,0.178607,0.205851,0.260590,0.180727,0.204929,0.211285,0.157745,0.160869,0.162684,0.134275,0.122017,0.105765,0.081601,0.075945,0.062009,0.033079,0.020319,0.015150,
0.260622,0.171940,0.266048,0.177599,0.204970,0.266323,0.182800,0.158393,0.199470,0.134960,0.178022,0.162292,0.155722,0.163442,0.124171,0.083806,0.091178,0.075733,0.051092,0.030754,0.042345,
0.120228,0.184656,0.184481,0.187252,0.215680,0.256348,0.164667,0.163290,0.194925,0.179399,0.161619,0.150798,0.138096,0.185615,0.130080,0.109539,0.089548,0.060980,0.037287,0.031236,0.027598,
0.104131,0.267618,0.182700,0.156621,0.260160,0.217528,0.171973,0.171431,0.194718,0.218612,0.151138,0.190020,0.162603,0.153297,0.135242,0.119753,0.112395,0.084734,0.040181,0.039130,0.021884,
0.090509,0.112713,0.180339,0.187621,0.314133,0.176775,0.167902,0.169667,0.180031,0.204952,0.195930,0.188151,0.176492,0.164466,0.128851,0.153721,0.096828,0.086864,0.057699,0.040953,0.027028,
0.080422,0.248406,0.172017,0.349485,0.200875,0.263061,0.159691,0.178171,0.174757,0.222670,0.166521,0.208123,0.205901,0.146497,0.160192,0.142051,0.129593,0.066986,0.061238,0.040711,0.024644,
0.063008,0.362672,0.142167,0.273449,0.207617,0.247604,0.189263,0.196212,0.144575,0.195967,0.162859,0.141800,0.207458,0.139819,0.157061,0.175952,0.101667,0.117927,0.096170,0.060426,0.033426,
nan,nan,0.108108,0.194062,0.177779,0.137481,0.230348,0.219779,0.149795,0.271728,0.160558,0.121420,0.113979,0.145811,0.176285,0.179035,0.103035,0.204444,0.090754,0.042408,0.036443,
nan,nan,nan,0.094817,nan,0.383430,0.119373,0.340722,0.132650,0.127692,0.076556,0.223331,0.152584,0.225009,0.221064,0.317265,0.157217,0.173472,0.121217,0.093717,0.016331,
nan,0.362330,0.397428,0.471322,0.271317,0.313361,0.285154,0.220656,0.160319,0.355694,0.277119,0.495984,0.191565,0.223678,0.089043,0.057703,0.082548,0.025505,0.004824,0.007259,nan,
0.297512,0.306835,0.236030,0.238877,0.251267,0.336900,0.293221,0.235948,0.211797,0.199552,0.200023,0.160688,0.192792,0.145101,0.079212,0.105410,0.063379,0.058066,0.033492,0.020386,0.008791,
0.208288,0.244869,0.277263,0.295603,0.267093,0.274886,0.258675,0.226868,0.202283,0.180503,0.166219,0.178218,0.143893,0.146374,0.094742,0.086139,0.063513,0.067898,0.027429,0.011812,0.010663,
0.380087,0.298983,0.308354,0.305339,0.297692,0.239848,0.266110,0.219908,0.262137,0.218572,0.220014,0.187209,0.188501,0.167487,0.089664,0.080988,0.121901,0.064112,0.038480,0.013620,0.036669,
0.473866,0.308696,0.266132,0.286204,0.314646,0.252092,0.277737,0.242621,0.193981,0.192541,0.188566,0.154085,0.129272,0.129195,0.099669,0.098134,0.076110,0.049078,0.029181,0.015992,0.010111,
0.512851,0.249107,0.294037,0.284109,0.301752,0.240717,0.257441,0.241132,0.204077,0.187019,0.178704,0.150916,0.162410,0.132434,0.107359,0.082444,0.084795,0.065776,0.021778,0.017701,0.016435,
0.223014,0.206892,0.253386,0.257070,0.193680,0.218398,0.202584,0.259822,0.195295,0.177632,0.197098,0.169706,0.159408,0.104028,0.095695,0.070526,0.076969,0.060806,0.031590,0.023901,0.009159,
0.184743,0.256054,0.233775,0.288644,0.233654,0.225879,0.223686,0.208188,0.207497,0.165192,0.166172,0.168180,0.147184,0.139278,0.112230,0.081374,0.067867,0.045258,0.040082,0.023249,0.016625,
0.117359,0.242018,0.241303,0.227968,0.233513,0.225699,0.213672,0.179072,0.210026,0.185806,0.157768,0.149896,0.161046,0.138005,0.099875,0.087027,0.058817,0.066423,0.044771,0.035138,0.016411,
0.094660,0.213818,0.170727,0.226743,0.246874,0.262754,0.196142,0.243403,0.200215,0.164785,0.139391,0.154161,0.136289,0.137208,0.110424,0.104220,0.075695,0.064847,0.026322,0.025498,0.012139,
0.094871,0.216049,0.183873,0.246943,0.280341,0.247617,0.172788,0.174261,0.198998,0.166624,0.158129,0.153605,0.137790,0.132130,0.114274,0.095136,0.085238,0.054029,0.034429,0.027185,0.024566,
0.058584,0.170812,0.196576,0.219187,0.264793,0.202760,0.159415,0.192859,0.198417,0.159311,0.164765,0.169689,0.191948,0.134019,0.131925,0.079800,0.092417,0.062633,0.069405,0.022917,0.014305,
0.159827,0.167383,0.210781,0.236850,0.270727,0.234651,0.147303,0.195957,0.187679,0.180939,0.195669,0.146032,0.167941,0.180915,0.129765,0.096995,0.085281,0.071083,0.047869,0.030826,0.052587,
0.228902,0.182551,0.204917,0.185662,0.217729,0.222819,0.190018,0.214093,0.196607,0.210235,0.191882,0.161958,0.180608,0.126674,0.131933,0.102321,0.110317,0.108226,0.038847,0.029529,0.025868,
0.092493,0.158497,0.180996,0.184836,0.244350,0.212405,0.263298,0.207224,0.198435,0.207399,0.203533,0.208901,0.189566,0.179901,0.132185,0.133216,0.100937,0.104145,0.051289,0.035077,0.046499,
0.720784,0.200914,0.166677,0.173149,0.208355,0.257411,0.172790,0.187395,0.198010,0.182779,0.163570,0.188549,0.184522,0.164015,0.146144,0.153468,0.136043,0.075503,0.074844,0.053553,0.045625,
0.089037,0.205837,0.164908,0.263721,0.269649,0.378103,0.249637,0.144912,0.176655,0.192239,0.162248,0.198519,0.164005,0.136902,0.214559,0.179264,0.120328,0.097819,0.090596,0.056758,0.027539,
nan,0.331799,0.178055,0.209454,0.185572,0.202113,0.254451,0.119047,0.180744,0.207418,0.205475,0.236345,0.176826,0.142693,0.122337,0.121567,0.130922,0.215600,0.111220,0.067204,0.046174,
nan,nan,0.160719,0.035090,0.135214,nan,0.100430,0.147475,0.231760,0.078284,0.152154,0.471809,0.156182,0.478418,0.140015,0.131401,0.124157,0.058710,0.073312,0.051333,0.036166,
nan,0.308535,0.331709,0.207646,0.293124,0.392953,0.226198,0.235555,0.322470,0.289422,0.277590,0.119450,0.176759,0.129521,0.197807,0.119855,0.055618,0.073386,0.124358,0.011047,nan,
0.361178,0.291181,0.361412,0.291951,0.273478,0.311446,0.257680,0.278471,0.198753,0.186003,0.162649,0.160292,0.196248,0.138016,0.105815,0.089170,0.065422,0.109914,0.027803,0.016362,0.005578,
0.309486,0.234604,nan,0.265504,0.263599,0.278140,0.221137,0.274498,0.213561,0.255438,0.216185,0.164083,0.127675,0.174861,0.146038,0.086958,0.080077,0.112899,0.034303,0.014785,0.019143,
0.181911,0.291554,0.264656,0.260916,0.280633,0.278120,0.250542,0.228941,0.244802,0.250970,0.209160,0.171023,0.135563,0.136393,0.099011,0.089955,0.051892,0.065228,0.019827,0.013207,0.017273,
0.259028,0.309324,0.302804,0.255559,0.264136,0.240061,0.241572,0.232984,0.228895,0.198366,0.151330,0.151577,0.140882,0.132355,0.110468,0.088588,0.074897,0.044866,0.034383,0.017186,0.014460,
0.331980,0.332968,0.272042,0.232868,0.129373,0.253565,0.241753,0.218049,0.199248,0.218704,0.186293,0.161036,0.148785,0.130991,0.108128,0.109185,0.087061,0.076221,0.032365,0.019328,0.008251,
0.275890,0.340880,0.252783,0.295206,0.253158,0.240999,0.197587,0.249565,0.201729,0.193742,0.164500,0.165734,0.145291,0.153136,0.103145,0.081245,0.058789,0.042474,0.024160,0.018637,0.009694,
0.153868,0.181410,0.293002,0.230225,0.236675,0.240780,0.212442,0.208618,0.222206,0.178334,0.192367,0.173061,0.145786,0.105176,0.107568,0.080476,0.075290,0.064572,0.038700,0.025088,0.009735,
0.160152,0.210589,0.250876,0.215648,0.233683,0.208993,0.215905,0.142593,0.193841,0.196927,0.186269,0.164172,0.166283,0.135538,0.098657,0.104393,0.069230,0.045390,0.032809,0.037347,0.020385,
0.175356,0.304440,0.210582,0.207721,0.205946,0.219275,0.176397,0.196956,0.212543,0.168213,0.166103,0.162926,0.117261,0.124782,0.104081,0.089578,0.076862,0.065699,0.037665,0.023321,0.012671,
0.142833,0.201200,0.187664,0.222545,0.234584,0.250368,0.163197,0.202962,0.178583,0.158724,0.179905,0.163160,0.142162,0.137741,0.102627,0.121187,0.073499,0.066447,0.029933,0.028465,0.012159,
0.302031,0.208281,0.172817,0.234088,0.235249,0.250941,0.187108,0.203300,0.187285,0.162235,0.176465,0.162422,0.126231,0.146285,0.139609,0.084070,0.090619,0.065167,0.048298,0.022581,0.021524,
0.094499,0.286214,0.172124,0.255524,0.210760,0.264256,0.212813,0.210290,0.164275,0.185919,0.187318,0.164845,0.155033,0.170390,0.145085,0.102100,0.086507,0.065258,0.045809,0.036922,0.015787,
0.113161,0.140724,0.173864,0.286660,0.237357,0.222062,0.195696,0.199688,0.165090,0.191999,0.207510,0.184828,0.187882,0.136287,0.139553,0.097159,0.092088,0.090194,0.044304,0.028303,0.036323,
0.078299,0.143601,0.213564,0.210213,0.193091,0.187382,0.188991,0.176901,0.182925,0.177254,0.135844,0.197729,0.172818,0.164975,0.135806,0.148395,0.125547,0.113386,0.044770,0.033524,0.023496,
0.235503,0.131471,0.164842,0.190806,0.229039,0.249576,0.204163,0.137797,0.161044,0.172565,0.221510,0.150803,0.158795,0.158300,0.207491,0.158950,0.121994,0.106868,0.087969,0.035290,0.042221,
nan,0.124638,0.229487,0.249336,0.141094,0.163438,0.226649,0.161818,0.213837,0.167390,0.215426,0.197689,0.159596,0.141373,0.130031,0.163836,0.130086,0.109191,0.091136,0.084628,0.033903,
nan,0.188586,0.430443,0.134189,0.206999,0.230732,0.227675,0.155642,0.193546,0.175792,0.175014,0.140232,0.194761,0.173759,0.157055,0.159229,0.114803,0.163910,0.146888,0.099143,0.053656,
nan,0.110266,0.094488,0.622127,0.191220,0.204083,0.079759,0.154628,0.088561,0.080574,0.094374,0.136426,0.201409,0.138944,0.790222,0.109806,0.147560,0.132353,0.051300,0.073773,0.049429,
nan,0.245658,0.173300,0.515004,0.196699,0.264785,0.227436,0.161826,0.361298,0.305266,0.100433,0.185534,0.289790,0.139406,0.118089,0.039515,0.122931,0.143422,0.022285,0.007383,nan,
0.371579,0.278200,0.362277,0.321907,0.259615,0.345630,0.274798,0.249475,0.223878,0.242030,0.217314,0.141157,0.155409,0.126116,0.093429,0.074660,0.041724,0.048456,0.066744,0.016433,0.009938,
0.343491,0.290209,0.315144,0.281901,0.324487,0.353370,0.257365,0.260806,0.266623,0.196955,0.178648,0.133205,0.170024,0.145604,0.099643,0.072680,0.101969,0.043052,0.059067,0.024372,0.011908,
0.307454,0.290265,0.302562,0.294898,0.335462,0.253966,0.240178,0.237500,0.291951,0.191455,0.181922,0.146411,0.159453,0.123734,0.080794,0.092445,0.065145,0.044342,0.021780,0.045009,0.008110,
0.472632,0.236913,0.278105,0.273382,0.274292,0.235885,0.247883,0.229834,0.206533,0.208283,0.187630,0.175191,0.144977,0.159168,0.096868,0.074089,0.115225,0.052677,0.028193,0.012615,0.008505,
0.270974,0.239996,0.283547,0.324006,0.292831,0.238537,0.247878,0.239249,0.232595,0.198876,0.177524,0.168490,0.122464,0.132543,0.114949,0.084794,0.090645,0.056074,0.026179,0.016299,0.011404,
0.576816,0.217172,0.302293,0.236194,0.260840,0.234711,0.212667,0.219977,0.194205,0.202179,0.189903,0.156509,0.146933,0.115225,0.093669,0.081531,0.079548,0.056297,0.034532,0.019702,0.011443,
0.161655,0.324176,0.288708,0.207769,0.246372,0.249679,0.220061,0.257858,0.199952,0.188821,0.168108,0.153471,0.147517,0.148271,0.092337,0.087135,0.063664,0.053026,0.025022,0.017720,0.010592,
0.119352,0.226268,0.311481,0.192721,0.232474,0.229344,0.181261,0.190511,0.209025,0.172878,0.172757,0.162323,0.146614,0.146555,0.117025,0.080058,0.070573,0.069670,0.048861,0.030311,0.009828,
0.104722,0.159511,0.303835,0.196427,0.198840,0.252677,0.165627,0.207525,0.186078,0.164602,0.159136,0.146039,0.123106,0.135812,0.118864,0.114721,0.073352,0.057255,0.039470,0.027420,0.020367,
0.193030,0.212817,0.326623,0.197294,0.151394,0.184777,0.213972,0.196164,0.177576,0.146648,0.165499,0.154395,0.130395,0.133371,0.109347,0.095020,0.096200,0.047981,0.037481,0.023092,0.012441,
0.404832,0.184014,0.217774,0.254923,0.152755,0.175768,0.198419,0.193861,0.162973,0.189765,0.199825,0.132218,0.160696,0.146972,0.102437,0.106942,0.086936,0.071722,0.038089,0.023684,0.017489,
0.114283,0.235335,0.164611,0.258764,0.160610,0.148100,0.192249,0.192004,0.188492,0.177839,0.189364,0.165854,0.156422,0.160733,0.126949,0.098697,0.091255,0.065654,0.051586,0.027606,0.018616,
0.349981,0.151976,0.136696,0.267754,0.174141,0.196634,0.186553,0.171458,0.188225,0.151190,0.167687,0.179854,0.178326,0.150203,0.129819,0.101625,0.096384,0.081460,0.054382,0.036302,0.018243,
0.063172,0.202917,0.151763,0.250380,0.214075,0.219632,0.168254,0.216488,0.214282,0.171752,0.196558,0.174929,0.150726,0.153461,0.176170,0.153349,0.132423,0.097313,0.047131,0.034687,0.048327,
nan,0.322457,0.157446,0.171819,0.199490,0.175009,0.154735,0.171514,0.250457,0.192505,0.198392,0.192667,0.140288,0.147737,0.164738,0.152957,0.130178,0.110415,0.101009,0.045850,0.030476,
0.123506,0.346644,0.103017,0.271531,0.209289,0.160120,0.194524,0.191643,0.193507,0.227853,0.233399,0.163755,0.156604,0.185078,0.179169,0.154730,0.170574,0.072352,0.111634,0.048834,0.039886,
0.187990,0.286374,0.206351,0.380481,0.440631,0.268251,0.229480,0.130386,0.152075,0.174068,0.193424,0.217952,0.175763,0.130116,0.170585,0.175237,0.147402,0.154125,0.143944,0.099847,0.033511,
nan,0.288447,nan,0.169906,nan,0.230675,0.178870,0.097563,0.091832,0.130421,0.162500,0.187263,0.105897,0.079432,0.135850,0.066844,0.361149,0.118902,0.045500,0.086355,0.030113,
nan,0.250179,0.285478,0.299902,0.221232,0.222370,0.187627,0.288864,0.147492,0.256509,0.196780,0.109340,0.163650,0.169177,0.168981,0.124597,0.056085,0.058060,0.075767,0.010347,nan,
0.211876,0.286346,0.291918,0.297546,0.297768,0.342493,0.246366,0.253756,0.255842,0.166109,0.158107,0.140850,0.146277,0.125714,0.104490,0.053729,0.047108,0.056780,0.026060,0.010330,0.016520,
0.232113,0.307343,0.324533,0.271122,0.295489,0.316916,0.288954,0.280433,0.212488,0.226464,0.197022,0.162919,0.178893,0.146819,0.128971,0.107112,0.064369,0.041648,0.044315,0.016865,0.011151,
0.487227,0.308314,0.308870,0.260038,0.312067,0.309623,0.257551,0.223972,0.210644,0.204011,0.198304,0.176115,0.157563,0.127138,0.096007,0.083966,0.061966,0.049815,0.027654,0.014420,0.014015,
0.246412,0.340005,0.389309,0.278445,0.340423,0.263235,0.249029,0.249637,0.232759,0.209418,0.175482,0.177021,0.151347,0.166964,0.088007,0.092356,0.095639,0.053099,0.033167,0.012648,0.007665,
0.350773,0.257889,0.324043,0.249259,0.279737,0.256018,0.223202,0.218861,0.204583,0.226468,0.175059,0.165440,0.138218,0.125885,0.096845,0.082891,0.069974,0.044036,0.028584,0.013531,0.018808,
0.365912,0.231237,0.295409,0.265910,0.259011,0.239704,0.304688,0.255641,0.202950,0.179107,0.178887,0.165989,0.159893,0.135677,0.105333,0.109864,0.067730,0.070469,0.035865,0.018159,0.011012,
0.504008,0.183924,0.270233,0.252050,0.200900,0.221711,0.207608,0.195763,0.197847,0.193443,0.201762,0.178781,0.157203,0.114373,0.107998,0.070353,0.072996,0.062366,0.031450,0.020712,0.013624,
0.202648,0.230426,0.222311,0.210899,0.184307,0.223297,0.186336,0.193080,0.174417,0.194172,0.166964,0.177380,0.122992,0.142051,0.106759,0.070293,0.071025,0.046859,0.034872,0.029717,0.010443,
0.173762,0.184046,0.215360,0.226389,0.202782,0.199061,0.196061,0.189384,0.195747,0.169304,0.161446,0.180371,0.121964,0.137638,0.101528,0.106960,0.069389,0.057486,0.046828,0.026962,0.010599,
0.136600,0.188426,0.183801,0.181363,0.183942,0.198850,0.200278,0.169042,0.173521,0.153430,0.173178,0.182461,0.138221,0.142096,0.126329,0.122740,0.083491,0.059739,0.042931,0.025282,0.025209,
0.082850,0.188804,0.191351,0.206269,0.150257,0.169812,0.224006,0.191058,0.170276,0.178093,0.138303,0.163784,0.155216,0.146550,0.111663,0.086022,0.084221,0.061440,0.038871,0.024833,0.022383,
0.183629,0.356597,0.216341,0.180453,0.146081,0.165723,0.250529,0.194249,0.186678,0.171490,0.190283,0.165973,0.151634,0.144189,0.140716,0.112988,0.107090,0.076374,0.041198,0.026358,0.022996,
0.096217,0.328415,0.165370,0.226995,0.193024,0.131453,0.229367,0.190520,0.210241,0.189181,0.177203,0.175791,0.171489,0.154146,0.163487,0.096627,0.102087,0.083326,0.052580,0.031761,0.019146,
0.067382,0.201482,0.161743,0.185754,0.224020,0.137892,0.234128,0.169501,0.208360,0.179029,0.171039,0.173438,0.152462,0.164683,0.178484,0.158006,0.111239,0.102089,0.067681,0.040451,0.023449,
0.132390,0.211803,0.117415,0.257683,0.225814,0.171913,0.186629,0.221848,0.216520,0.174619,0.184311,0.170449,0.144350,0.175737,0.162893,0.145973,0.135355,0.107946,0.061416,0.036846,0.033026,
nan,0.135065,0.169665,0.169795,0.195335,0.165420,0.220429,0.155106,0.186869,0.198710,0.194913,0.176771,0.172636,0.182168,0.196392,0.134892,0.189012,0.091420,0.096204,0.046341,0.065721,
0.122129,0.100463,0.194444,0.247959,0.173571,0.137077,0.149448,0.206820,0.179128,0.227742,0.151487,0.195479,0.221898,0.256224,0.179973,0.147561,0.285895,0.102906,0.169599,0.089892,0.043518,
nan,0.099627,0.061323,0.126295,0.155480,0.123895,0.163696,0.166414,0.109046,0.210602,0.313026,0.132837,0.140839,0.120531,0.110003,0.085751,0.105811,0.069030,0.065543,0.057390,0.049966,
nan,0.207657,0.236986,0.266618,0.097860,0.148767,0.287746,0.208040,0.289314,0.247880,0.322057,0.081114,0.224214,0.072839,0.079114,0.030203,0.058973,0.033873,0.014412,0.007195,nan,
0.228934,0.305615,0.288846,0.358544,0.294883,0.302575,0.291279,0.241766,0.341859,0.185066,0.198041,0.198496,0.205902,0.141180,0.104370,0.110976,0.056414,0.076461,0.045604,0.023448,0.020674,
0.220155,0.282423,0.281017,0.392137,0.304470,0.247682,0.233819,0.267205,0.235733,0.226322,0.180260,0.167092,0.133487,0.118071,0.112452,0.080802,0.060159,0.062493,0.035921,0.014642,0.025040,
0.354556,0.302218,0.355224,nan,0.275848,0.268862,0.243455,0.213924,0.226614,0.205660,0.196790,0.190856,0.148472,0.144264,0.112604,0.083862,0.074222,0.082055,0.024558,0.020720,0.013594,
0.235536,0.305912,0.279187,0.300387,0.270646,0.276505,0.264022,0.234621,0.220098,0.200573,0.204210,0.140567,0.137116,0.142780,0.094028,0.088744,0.066054,0.062057,0.024875,0.026931,0.012464,
0.215967,0.369258,0.253927,0.274516,0.410865,nan,0.242207,0.223648,0.229797,0.209918,0.187766,0.174085,0.134840,0.133439,0.082977,0.073940,0.109657,0.053898,0.033276,0.015841,0.012855,
0.179664,0.287733,0.229064,0.234627,0.236783,0.241338,0.214688,0.230760,0.204905,0.207337,0.187135,0.140262,0.141090,0.121848,0.098169,0.094407,0.074167,0.049190,0.026350,0.014365,0.011380,
0.226626,0.227024,0.194612,0.247226,0.223467,0.204684,0.217356,0.198795,0.203196,0.178306,0.173914,0.140788,0.153235,0.127356,0.092431,0.084353,0.071213,0.062613,0.038572,0.017590,0.016727,
0.167886,0.255417,0.204500,0.242861,0.213316,0.231484,0.207742,0.196280,0.209621,0.184817,0.185862,0.181753,0.143005,0.136169,0.115099,0.082728,0.084799,0.057032,0.036539,0.018464,0.014003,
0.122966,0.345194,0.204556,0.191199,0.195104,0.195024,0.196113,0.190664,0.178820,0.168295,0.166074,0.163120,0.129065,0.152543,0.109064,0.075182,0.063137,0.059254,0.046044,0.035826,0.010402,
0.092626,0.174938,0.258441,0.198480,0.168947,0.167864,0.215409,0.196304,0.173605,0.191309,0.181882,0.166726,0.137097,0.117964,0.124513,0.109263,0.079966,0.053781,0.039357,0.028347,0.022151,
0.110414,0.204552,0.203006,0.191157,0.229391,0.175690,0.197553,0.196543,0.190458,0.176488,0.170075,0.158817,0.148303,0.134394,0.119124,0.110470,0.081817,0.058371,0.048848,0.025914,0.021419,
0.230418,0.180871,0.249940,0.215808,0.241960,0.194060,0.194225,0.168873,0.180100,0.210945,0.167878,0.185853,0.146245,0.135433,0.137616,0.117569,0.085020,0.082963,0.050873,0.025576,0.018260,
0.138330,0.158905,0.209752,0.208569,0.238547,0.218069,0.198585,0.171880,0.162894,0.208078,0.161117,0.180947,0.169578,0.149092,0.153482,0.106800,0.104349,0.087869,0.050500,0.034466,0.022403,
0.085767,0.199324,0.190805,0.163678,0.220522,0.196048,0.178623,0.160596,0.212536,0.204067,0.170520,0.193798,0.160969,0.153811,0.171303,0.143552,0.109771,0.086385,0.066785,0.032326,0.028265,
0.186081,0.168035,0.143002,0.164684,0.206120,0.165528,0.181330,0.170953,0.146821,0.185498,0.177362,0.200534,0.179653,0.182934,0.167187,0.153007,0.127713,0.115147,0.069907,0.046632,0.025492,
0.073263,0.175016,0.123805,0.172068,0.312841,0.135901,0.153790,0.227859,0.173932,0.159330,0.203019,0.253477,0.190373,0.160138,0.175584,0.162173,0.160338,0.116881,0.100356,0.047716,0.038090,
1.824580,0.114592,0.117040,0.254357,0.278003,0.264253,0.177116,0.189624,0.165588,0.177660,0.150587,0.192246,0.184035,0.149425,0.173813,0.146807,0.134200,0.089078,0.085228,0.113092,0.040592,
nan,nan,nan,0.103749,0.092854,0.073525,0.089129,0.086797,0.440749,0.227559,0.157621,0.307712,0.251270,0.297106,0.115067,0.082645,0.117304,0.081886,0.092336,0.189963,0.044032,
nan,0.289386,0.248996,0.257954,0.294214,0.565017,0.280315,0.202880,0.242291,0.201901,0.338171,0.227397,0.132484,0.085200,0.322964,0.071356,0.039033,0.059013,0.012672,0.010037,nan,
0.223423,0.398014,0.343518,0.260890,0.276331,0.314167,0.216953,0.267026,0.199939,0.224236,0.176690,0.155585,0.127083,0.099410,0.117212,0.063887,0.057610,0.060210,0.031441,0.025636,0.017541,
0.160528,0.326238,0.287549,0.297222,0.299328,0.261840,0.300329,0.242740,0.187116,0.193881,0.195698,0.182117,0.183606,0.148815,0.093679,0.119720,0.075132,0.052661,0.024029,0.028557,0.008126,
0.138661,0.260246,0.321594,0.229464,0.277546,0.264917,0.236502,0.248966,0.221126,0.208900,0.200290,0.151289,0.169188,0.143885,0.104425,0.099859,0.099116,0.041384,0.037971,0.019573,0.014309,
0.253359,0.289529,0.275341,0.277654,0.306800,0.235462,0.228368,0.206106,0.277929,0.186021,0.182178,0.163589,0.165032,0.117965,0.090817,0.099214,0.068190,0.049093,0.028160,0.014916,0.008944,
0.204291,0.279906,0.219296,0.264214,0.270423,0.260194,0.208274,0.242687,0.209768,0.214293,0.166302,0.155378,0.145012,0.163727,0.088992,0.097092,0.105701,0.076385,0.022731,0.015481,0.012986,
0.331563,0.266486,0.191879,0.255081,0.218535,0.196246,nan,0.234856,0.226855,0.199528,0.170775,0.165382,0.125495,0.127508,0.096596,0.082919,0.086056,0.052938,0.028335,0.015419,0.012291,
0.184418,0.257949,0.191828,0.219582,0.248906,0.229355,0.200756,0.190718,0.206151,0.195387,0.171723,0.145582,0.154917,0.113209,0.100466,0.091529,0.090149,0.054814,0.029494,0.016777,0.011191,
0.166273,0.241952,0.176448,0.234632,0.230749,0.205654,0.210470,0.190291,0.192141,0.209929,0.166385,0.161927,0.156465,0.138284,0.093494,0.085595,0.067144,0.055052,0.039734,0.020518,0.017502,
0.113939,0.215341,0.165178,0.224674,0.235656,0.197383,0.204439,0.186292,0.178745,0.111079,0.165137,0.173780,0.139561,0.150460,0.111303,0.097111,0.079105,0.066353,0.030787,0.020972,0.015084,
0.071923,0.271448,0.163918,0.274123,0.225638,0.174649,0.179316,0.191306,0.186732,0.178606,0.172030,0.149045,0.147636,0.135577,0.119358,0.088403,0.068535,0.047801,0.046260,0.033975,0.013617,
0.511103,0.205395,0.209583,0.307335,0.200654,0.190380,0.206298,0.178756,0.188474,0.179290,0.170380,0.161058,0.155058,0.128295,0.118320,0.115280,0.101432,0.056669,0.046118,0.029948,0.021522,
0.172328,0.211704,0.225750,0.309309,0.169279,0.205480,0.204392,0.176530,0.215892,0.195951,0.182930,0.183074,0.157509,0.157662,0.141943,0.110639,0.084831,0.057390,0.046000,0.035185,0.019950,
0.155763,0.349877,0.173621,0.259489,0.176790,0.171297,0.177520,0.174709,0.190715,0.174897,0.190172,0.190563,0.187891,0.168627,0.153327,0.122042,0.116390,0.089834,0.063379,0.027917,0.031204,
0.082464,0.274975,0.149045,0.241474,0.204047,0.212271,0.176686,0.186436,0.192017,0.181684,0.196123,0.191284,0.187774,0.168542,0.152680,0.131580,0.101264,0.091619,0.093595,0.034568,0.022403,
0.245784,0.131197,0.268889,0.295261,0.180627,0.177647,0.231997,0.187343,0.181176,0.164108,0.171215,0.185408,0.150475,0.161220,0.181586,0.168387,0.126948,0.130950,0.076316,0.038353,0.028562,
0.133474,0.127329,0.173996,0.171087,0.220927,0.239938,0.184786,0.186073,0.159418,0.198103,0.168198,0.164314,0.196276,0.163232,0.165511,0.144883,0.142753,0.093529,0.079986,0.058913,0.049290,
0.102216,0.177356,0.187311,0.132237,0.184485,0.177734,0.240209,0.158597,0.181769,0.243491,0.124816,0.219730,0.187423,0.140829,0.219978,0.213595,0.166481,0.122675,0.094212,0.102401,0.036854,
nan,nan,nan,0.115005,0.266898,0.168296,0.180784,0.085156,0.174622,0.208707,0.280623,0.195189,0.397767,0.116242,0.263333,0.078028,0.099761,0.110054,0.183490,0.087665,0.041756,
nan,0.274922,0.186818,0.215839,0.509926,0.196884,0.143726,0.214870,0.143773,0.149783,0.211072,0.203667,0.126060,0.090208,0.175270,0.051298,0.071562,0.035553,0.044092,0.014114,nan,
0.477549,0.752645,0.295389,0.287098,0.325448,0.252578,0.292623,0.244025,0.190383,0.240801,0.179246,0.193423,0.127862,0.157109,0.119528,0.198330,0.067898,0.066152,0.025391,0.010911,0.017982,
0.666801,0.264449,0.287770,0.295141,0.280223,0.294194,0.236440,0.264491,0.247343,0.225267,0.166877,0.151531,0.167522,0.130442,0.100414,0.075085,0.044158,0.070653,0.068746,0.014063,0.005498,
0.262972,0.248491,0.285046,0.301218,0.297767,0.284357,0.268846,0.250255,0.222882,0.206494,0.182520,0.164181,0.154115,0.127874,0.120800,0.098421,0.060248,0.061634,0.034368,0.018061,0.021785,
0.168445,0.249395,0.259482,0.251363,nan,0.287634,0.262460,0.230652,0.212125,0.196904,0.215304,0.175784,0.161766,0.127457,0.091789,0.085228,0.092561,0.067548,0.028591,0.021063,0.018736,
0.208127,0.311142,0.211498,0.248682,0.233267,0.227246,0.241013,0.239159,0.217038,0.193631,0.187701,0.164090,0.164828,0.134780,0.093385,0.093943,0.078636,0.041622,0.032105,0.017548,0.009063,
0.258786,0.311234,0.202262,0.260741,0.250513,0.239331,0.213543,0.230414,0.226316,0.199929,0.169810,0.152297,0.145852,0.144341,0.087576,0.091241,0.083765,0.076475,0.025989,0.014773,0.013232,
0.115941,0.311257,0.204754,0.238681,0.201843,0.215297,0.202446,0.180656,0.169301,0.197830,0.182235,0.145502,0.141799,0.121534,0.092637,0.088178,0.086139,0.063989,0.028194,0.018287,0.010565,
0.197632,0.253799,0.227852,0.223364,0.195964,0.230265,0.201335,0.192794,0.223274,0.183848,0.166715,0.161792,0.149906,0.120968,0.102223,0.089793,0.095950,0.057937,0.033431,0.016476,0.010023,
0.094503,0.240296,0.250574,0.246096,0.192491,0.200375,0.194666,0.180413,0.190762,0.167163,0.168990,0.161662,0.144174,0.125993,0.099178,0.092677,0.070312,0.071985,0.041601,0.020849,0.016922,
0.113180,0.287568,0.187998,0.245825,0.181687,0.216309,0.206144,0.185775,0.195124,0.180006,0.177969,0.154562,0.141605,0.135014,0.137756,0.102029,0.082322,0.058162,0.034233,0.025235,0.016225,
0.209581,0.217738,0.209400,0.240433,0.180338,0.202544,0.185957,0.190727,0.201105,0.187869,0.172693,0.171916,0.138620,0.148206,0.120656,0.108925,0.084919,0.055505,0.041766,0.029784,0.016032,
0.307593,0.189963,0.197266,0.217935,0.186755,0.195781,0.170205,0.191638,0.204743,0.194890,0.197354,0.157795,0.197469,0.138468,0.133325,0.120141,0.105403,0.060317,0.055722,0.036806,0.022080,
0.200670,0.170316,0.208422,0.212961,0.189009,0.188025,0.176032,0.163069,0.208723,0.178933,0.184119,0.201927,0.169420,0.167885,0.152376,0.119858,0.099975,0.072403,0.057692,0.041549,0.026130,
0.073768,0.278319,0.220536,0.208910,0.203220,0.241103,0.205900,0.182033,0.216976,0.191825,0.176886,0.194456,0.163501,0.161357,0.167669,0.135155,0.120476,0.095984,0.072551,0.038881,0.027349,
0.183729,0.228611,0.268643,0.178004,0.257163,0.194365,0.185530,0.179652,0.170409,0.206389,0.176649,0.184959,0.166791,0.175452,0.158706,0.160952,0.116900,0.121250,0.095659,0.048621,0.027397,
0.105261,0.108819,0.145205,0.152951,0.202588,0.153805,0.201193,0.197618,0.223821,0.172339,0.235516,0.181852,0.179823,0.200354,0.167669,0.140280,0.139461,0.113131,0.107371,0.056873,0.032915,
nan,0.060846,0.128295,0.124720,0.113378,0.181096,0.136220,0.186333,0.151684,0.166280,0.185312,0.169290,0.161974,0.210402,0.160479,0.162629,0.137575,0.117378,0.092342,0.091081,0.050330,
nan,nan,0.139509,nan,0.412143,0.200761,0.171860,0.195884,0.150986,0.111912,0.673799,0.197606,0.138107,0.118455,0.100647,0.098292,0.292254,0.138149,0.135207,0.067265,0.044742,
nan,0.272859,0.538406,0.805534,0.402396,0.220260,0.211745,0.864092,0.151640,0.268445,0.435183,0.152969,0.095778,0.100847,0.097430,0.092378,0.200580,0.066636,0.015151,0.003389,nan,
0.256778,0.193784,0.276918,0.322423,0.248318,0.253454,0.229357,0.271049,0.289692,0.201120,0.192744,0.155442,0.145600,0.154484,0.174256,0.154329,0.086002,0.040122,0.027751,0.010146,0.011896,
0.302336,0.277766,0.268864,0.273639,0.263818,0.326226,0.258909,0.236790,0.269007,0.203295,0.196172,0.162128,0.177355,0.118799,0.108823,0.082840,0.062238,0.061714,0.038103,0.019208,0.014465,
0.727386,0.297941,0.283992,0.287811,0.292557,0.273966,0.255045,0.219574,0.217416,0.199012,0.169038,0.165892,0.161118,0.132217,0.088877,0.096994,0.056346,0.066460,0.037134,0.022965,0.006682,
0.952013,0.252835,0.233315,0.273985,0.275250,0.272483,0.231006,0.224137,0.239425,0.200045,0.172365,0.152533,0.177066,0.138965,0.127035,0.089915,0.066467,0.068975,0.036372,0.020214,0.022101,
0.260615,0.183157,0.259077,0.264009,0.254741,0.218188,0.241900,0.226785,0.221708,0.192086,0.198439,0.163423,0.161028,0.124998,0.089767,0.085234,0.075482,0.065689,0.029463,0.017723,0.023632,
0.359252,0.187922,0.245319,0.229580,0.222481,0.225169,nan,0.235473,0.198798,0.209467,0.181998,0.158871,0.156610,0.129357,0.101997,0.091377,0.079748,0.049144,0.032652,0.018026,0.015954,
0.269605,0.158119,0.230959,0.235165,0.209213,0.229304,0.224638,0.205804,0.200808,0.173357,0.186843,0.152453,0.144303,0.137507,0.098095,0.082512,0.078593,0.048652,0.029754,0.015050,0.012822,
0.150365,0.180823,0.210043,0.210824,0.223081,0.208616,0.208215,0.186849,0.195587,0.184211,0.161527,0.134825,0.152183,0.118921,0.096230,0.097077,0.081825,0.059949,0.030205,0.017877,0.012616,
0.097398,0.197374,0.176908,0.198505,0.188430,0.229559,0.196764,0.194991,0.192040,0.167455,0.173753,0.172498,0.138184,0.145046,0.111618,0.097905,0.099118,0.046721,0.031809,0.016304,0.011766,
0.080055,0.214509,0.165983,0.170187,0.188923,0.190967,0.196983,0.188812,0.194524,0.179954,0.183132,0.141865,0.146470,0.127802,0.112132,0.099114,0.085009,0.062158,0.052063,0.024104,0.013893,
0.085214,0.384675,0.151583,0.167783,0.168736,0.223093,0.179878,0.197920,0.206153,0.188514,0.196599,0.169645,0.151372,0.141407,0.132641,0.099286,0.083829,0.060033,0.050620,0.030805,0.015839,
0.289973,0.306156,0.238873,0.145792,0.191993,0.190763,0.184829,0.175796,0.214738,0.189733,0.186673,0.179435,0.162309,0.152810,0.150719,0.119164,0.090412,0.069990,0.041221,0.033028,0.021970,
0.133293,0.147263,0.173807,0.209458,0.175804,0.215353,0.192063,0.193189,0.176560,0.199773,0.193675,0.168069,0.170575,0.165361,0.151006,0.115564,0.102143,0.080155,0.051067,0.039253,0.024766,
nan,0.194391,0.239055,0.201911,0.188600,0.211494,0.222697,0.176933,0.202977,0.210300,0.194454,0.172115,0.189614,0.157714,0.174590,0.136840,0.110338,0.097863,0.062664,0.055930,0.036282,
0.104057,0.186399,0.405104,0.135783,0.200320,0.179374,0.159078,0.264894,0.176925,0.191553,0.229991,0.188350,0.205131,0.174475,0.155604,0.150808,0.134591,0.102672,0.090864,0.057954,0.048934,
nan,0.280114,0.341495,0.217310,0.234943,0.140729,0.257922,0.160120,0.184225,0.184300,0.184071,0.200996,0.152367,0.177040,0.214772,0.172381,0.130714,0.111275,0.127976,0.074463,0.044609,
0.055121,0.149395,0.207127,0.375607,0.141560,0.130378,0.135645,0.178886,0.152142,0.136367,0.173452,0.239669,0.283656,0.265433,0.160345,0.178754,0.130811,0.129801,0.122331,0.079905,0.075317,
nan,nan,nan,0.088629,0.213482,0.297435,0.343487,0.263580,0.279038,0.143307,0.233630,0.258042,0.120963,0.143048,0.117671,0.155003,0.089015,0.091793,0.116758,0.224632,0.068839,
nan,0.383251,0.209914,0.271659,0.261981,0.177094,0.161120,0.544745,0.550134,0.411960,0.125461,0.341435,0.199192,0.127987,0.225979,0.113501,0.032858,0.036156,0.021493,0.018275,nan,
0.749147,0.478696,0.323211,0.347330,0.230116,0.315274,0.228199,0.281584,0.239809,0.209672,0.199143,0.218864,0.206776,0.096211,0.163203,0.097305,0.069911,0.067358,0.033457,0.011704,0.005333,
0.822349,0.304693,0.287897,0.334259,0.272997,0.312881,0.260298,0.248204,0.223969,0.193286,0.183734,0.157755,0.138736,0.129472,0.115561,0.119990,0.075548,0.052865,0.026341,0.014052,0.014105,
0.498163,0.235066,0.259645,0.295321,0.290271,0.284514,0.229321,0.260221,0.254113,0.219967,0.193269,0.154350,0.173434,0.148770,0.119182,0.079050,0.055803,0.066712,0.045026,0.019772,0.008919,
0.313903,0.243713,0.255407,0.273302,0.268440,0.250790,0.246576,0.223278,0.211683,0.191590,0.172390,0.160318,0.158225,0.123136,0.103945,0.099652,0.050679,0.065138,0.040908,0.019776,0.006098,
0.711524,0.223556,0.256734,0.279102,0.246659,0.248332,0.242527,0.232173,0.228340,0.178335,0.165657,0.162931,0.159874,0.138629,0.131719,0.086611,0.064651,0.075174,0.037028,0.021388,0.016639,
0.151767,0.235782,0.263245,0.286745,0.228588,0.249970,0.229689,0.228198,0.215820,0.200166,0.190978,0.168416,0.151523,0.127828,0.093394,0.088896,0.069844,0.063262,0.047199,0.021466,0.020438,
0.138111,0.242980,0.279931,0.245163,0.242288,0.211402,0.220516,0.200940,0.203693,0.189921,0.180659,0.165746,0.139820,0.132064,0.101825,0.099749,0.084033,0.056308,0.043447,0.020889,0.019425,
0.130170,0.240492,0.289429,0.230622,0.229908,0.213050,0.218390,0.194366,0.193677,0.179780,0.177268,0.158241,0.141857,0.137368,0.114738,0.082271,0.064706,0.055137,0.035819,0.024316,0.016725,
0.130452,0.290296,0.264553,0.220205,0.219996,0.182385,0.213025,0.189681,0.197073,0.231033,0.161330,0.153308,0.147590,0.126171,0.094594,0.090011,0.072806,0.067280,0.034937,0.022709,0.012304,
0.082673,0.274897,0.160457,0.219081,0.198977,0.190111,0.222651,0.200630,0.204122,0.188830,0.183371,0.159538,0.146211,0.147692,0.106868,0.095849,0.084754,0.068511,0.035373,0.022628,0.011080,
0.226663,0.269362,0.215843,0.213001,0.200622,0.208056,0.233897,0.186325,0.206589,0.194509,0.180069,0.170694,0.152943,0.138188,0.118028,0.119802,0.096052,0.066029,0.044071,0.032019,0.021054,
0.249419,0.209919,0.251521,0.166912,0.235112,0.210667,0.191089,0.209585,0.185424,0.179316,0.169130,0.180627,0.169672,0.140065,0.134777,0.127952,0.095513,0.074485,0.052511,0.033043,0.027444,
0.227191,0.165269,0.206877,0.182812,0.215511,0.208522,0.187444,0.254642,0.223648,0.184334,0.175922,0.162796,0.178108,0.161967,0.154821,0.115955,0.106375,0.084928,0.050949,0.039877,0.024065,
0.106959,0.158378,0.238688,0.283722,0.167862,0.233407,0.189139,0.247003,0.186078,0.225583,0.177812,0.192987,0.190507,0.165709,0.174331,0.135385,0.108316,0.089530,0.067163,0.052917,0.039916,
0.074012,0.240635,0.184097,0.306887,0.172985,0.230449,0.159833,0.219728,0.203046,0.210520,0.231871,0.187940,0.186793,0.189960,0.158693,0.156198,0.132720,0.105459,0.057601,0.046315,0.052376,
0.158826,0.215586,0.204399,0.242337,0.136075,0.148865,0.187635,0.236965,0.168219,0.204453,0.205305,0.238469,0.178655,0.183195,0.158000,0.139846,0.136649,0.123455,0.104645,0.068262,0.038832,
0.140090,0.163945,0.198118,0.291730,0.180724,0.146421,0.178490,0.105557,0.244624,0.232687,0.281071,0.162254,0.210376,0.192060,0.176877,0.163594,0.139058,0.144293,0.111934,0.089015,0.071945,
nan,nan,nan,0.056377,0.440419,0.147100,0.343009,0.333860,0.054003,0.282960,0.119543,0.414197,0.142484,0.273277,0.219851,0.216430,0.180977,0.105429,0.139590,0.176838,0.054463,
nan,0.214327,0.344839,0.143487,0.467137,0.198452,0.216555,0.260948,0.175124,0.102434,0.345701,0.180935,0.098111,0.117688,0.055169,0.075206,0.051025,0.055224,0.012537,0.003789,nan,
0.472988,nan,0.282124,0.290949,0.354002,0.265514,0.207303,0.213392,0.301867,0.292284,0.215109,0.157638,0.147557,0.103076,0.108125,0.099982,0.052804,0.058625,0.047964,0.012527,0.007076,
0.399751,0.289405,0.205084,0.274319,0.258315,0.281815,0.219445,0.245666,0.263210,0.221893,0.172479,0.167137,0.176972,0.116302,0.166526,0.110760,0.076404,0.065178,0.043065,0.012781,0.011391,
0.283838,0.354312,0.288548,0.332494,0.262736,0.287789,0.254036,0.239246,0.238075,0.185630,0.164459,0.189426,0.152865,0.113911,0.130160,0.106811,0.066691,0.065907,0.029275,0.012637,0.012067,
0.305437,0.389227,0.276030,0.287425,0.247664,0.270238,0.251629,0.255729,0.220546,0.199467,0.188873,0.167897,0.148725,0.124155,0.124254,0.086556,0.065323,0.055397,0.025924,0.015811,0.008421,
0.240834,0.384658,0.240227,0.259101,0.257973,0.267824,0.245406,0.220471,0.204918,0.188107,0.175691,0.174463,0.143435,0.112507,0.116628,0.091723,0.063657,0.053605,0.041459,0.021052,0.007973,
0.355137,0.339135,0.210201,0.247499,0.241458,0.228464,0.230789,0.220705,0.210624,0.185748,0.165227,0.170790,0.148436,0.119477,0.147199,0.090099,0.066627,0.058424,0.040848,0.022142,0.007999,
0.278944,0.330015,0.193728,0.225869,0.211817,0.209249,0.222967,0.213137,0.205462,0.196532,0.172520,0.157846,0.150011,0.133847,0.117816,0.091367,0.064464,0.053738,0.032174,0.021733,0.008589,
0.108598,0.281714,0.191356,0.211316,0.189110,0.184999,0.215572,0.205514,0.203361,0.190467,0.183535,0.158500,0.132727,0.140978,0.110789,0.101254,0.078116,0.059253,0.036661,0.025870,0.012008,
0.117917,0.247265,0.200627,0.228581,0.179937,0.177166,0.222690,0.192139,0.202810,0.183680,0.165131,0.156752,0.140772,0.142928,0.114980,0.108782,0.076761,0.068900,0.036587,0.028001,0.031898,
0.100478,0.257130,0.225856,0.205921,0.184040,0.164529,0.201426,0.194736,0.193249,0.188057,0.176611,0.163898,0.147394,0.136437,0.115860,0.107904,0.075722,0.078397,0.039714,0.028280,0.029321,
0.083456,0.241951,0.261502,0.200247,0.205863,0.157927,0.191432,0.178584,0.189262,0.188739,0.163397,0.174279,0.156375,0.151010,0.125597,0.105218,0.091723,0.084863,0.043905,0.035595,0.024560,
0.406783,0.137877,0.220567,0.190119,0.199420,0.162130,0.189425,0.194051,0.202696,0.168115,0.189906,0.175299,0.166592,0.156120,0.125226,0.111437,0.118131,0.085996,0.045668,0.039810,0.025146,
0.099332,0.116839,0.316576,0.253509,0.171558,0.172677,0.171553,0.177251,0.199200,0.203112,0.219827,0.182530,0.188935,0.154838,0.150973,0.123201,0.121644,0.083858,0.063036,0.037936,0.021658,
0.105749,0.162264,0.226643,0.184857,0.170861,0.200916,0.164524,0.183951,0.216304,0.209231,0.242125,0.202329,0.189301,0.171199,0.156417,0.140486,0.129313,0.094419,0.067434,0.041047,0.036940,
0.086020,0.179321,0.146787,0.254207,0.220401,0.197169,0.139408,0.182516,0.201360,0.203738,0.185160,0.194088,0.190175,0.178221,0.161036,0.148030,0.125346,0.121278,0.076659,0.053681,0.050078,
0.200635,0.102695,0.130299,0.248813,0.233299,0.199698,0.204067,0.162131,0.202375,0.180947,0.207054,0.239882,0.213786,0.182006,0.160093,0.155354,0.145734,0.139977,0.100952,0.070048,0.050682,
nan,0.509933,0.111563,0.136205,0.238981,0.252506,0.195503,0.188330,0.128600,0.155716,0.258782,0.191455,0.216939,0.199704,0.138989,0.159167,0.179303,0.126690,0.145338,0.093315,0.061684,
nan,nan,nan,nan,nan,0.188912,0.154965,0.137565,0.227526,0.106542,0.178669,0.448500,0.130504,0.364479,0.177411,0.124875,0.201749,0.100775,0.080466,0.077650,0.059014,
0.350199,0.249657,0.296658,0.356329,0.381892,0.357028,0.297979,0.289901,0.144653,0.385608,0.131191,0.196769,0.117732,0.173524,0.046069,0.092643,0.059177,0.028415,0.017109,0.052750,nan,
0.320040,0.296086,0.308699,0.381374,0.400912,0.327078,0.315974,0.302061,0.237847,0.225575,0.212398,0.146014,0.105439,0.149765,0.106630,0.069396,0.043716,0.082744,0.041318,0.016235,0.008855,
0.250943,0.283752,0.291573,0.327478,0.311309,0.288119,0.244820,0.209548,0.251151,0.215366,0.177983,0.147894,0.148738,0.129854,0.077070,0.096724,0.039273,0.079270,0.035658,0.014123,0.006153,
0.188095,0.279037,0.297483,0.290950,0.259243,0.316258,0.235610,0.198191,0.255861,0.244884,0.194366,0.154620,0.186695,0.132124,0.080224,0.084551,0.060882,0.055701,0.046473,0.015788,0.006036,
0.143623,0.267911,0.310928,0.256369,0.268347,0.270643,0.233959,0.204728,0.252430,0.230842,0.166781,0.159044,0.190681,0.125836,0.105589,0.081329,0.055297,0.080652,0.034966,0.018231,0.007185,
0.127298,0.270360,0.324943,0.240600,0.233012,0.250455,0.241904,0.216899,0.224547,0.201978,0.163995,0.162190,0.165501,0.125311,0.101419,0.078893,0.051945,0.058845,0.030796,0.022974,0.007606,
0.131497,0.213199,0.284629,0.217389,0.215451,0.236186,0.232838,0.208698,0.203764,0.181158,0.155251,0.144893,0.140047,0.113865,0.106756,0.079966,0.050204,0.044152,0.029689,0.019463,0.010679,
0.170819,0.187205,0.163095,0.213528,0.221281,0.226163,0.214151,0.208895,0.205425,0.179925,0.160454,0.149611,0.141412,0.108365,0.131990,0.082279,0.066941,0.050731,0.033473,0.019790,0.011391,
0.157100,0.160924,0.145196,0.268554,0.202306,0.202438,0.212003,0.192777,0.202101,0.186096,0.155946,0.163338,0.144604,0.108871,0.137807,0.089704,0.069868,0.053229,0.035302,0.023925,0.009355,
0.157250,0.140881,0.137997,0.224468,0.191204,0.203871,0.207469,0.193554,0.186805,0.186596,0.187974,0.163220,0.149459,0.126780,0.133948,0.092323,0.072033,0.053196,0.036988,0.021282,0.009244,
0.174660,0.123922,0.133017,0.196800,0.195694,0.211710,0.211159,0.192160,0.190236,0.199169,0.174848,0.158017,0.154875,0.144230,0.132549,0.093470,0.071144,0.046877,0.040805,0.022433,0.015352,
0.155387,0.110633,0.152054,0.201063,0.191042,0.219602,0.187701,0.185197,0.205076,0.218025,0.194041,0.166004,0.154420,0.148689,0.121203,0.098329,0.065274,0.052842,0.050664,0.028364,0.021039,
0.136296,0.129613,0.183873,0.201700,0.170354,0.249254,0.174865,0.176525,0.196870,0.226390,0.203213,0.164216,0.173860,0.164864,0.146164,0.115436,0.087438,0.061085,0.059441,0.039603,0.016342,
0.280218,0.157302,0.218278,0.129630,0.227386,0.230945,0.168079,0.184459,0.190224,0.248194,0.189163,0.160647,0.169802,0.164443,0.154693,0.128197,0.109178,0.079771,0.063740,0.044393,0.018519,
0.105612,0.182994,0.135552,0.153114,0.264614,0.178266,0.228838,0.201202,0.194465,0.215939,0.177162,0.177884,0.180974,0.171211,0.162270,0.136271,0.123402,0.080263,0.064528,0.047413,0.027062,
0.379543,0.328285,0.120070,0.230247,0.166808,0.155716,0.256649,0.200720,0.158556,0.177220,0.212264,0.194389,0.158560,0.194590,0.187704,0.148987,0.137575,0.110109,0.079388,0.059916,0.053009,
0.071824,0.325116,0.081425,0.179850,0.168934,0.299734,0.208206,0.189730,0.231471,0.172046,0.219088,0.167318,0.161614,0.195803,0.142692,0.182936,0.150587,0.132447,0.093540,0.076387,0.038006,
0.109537,0.307513,0.239187,0.306126,0.172485,0.160001,0.137115,0.333763,0.155035,0.155408,0.171838,0.232568,0.190070,0.109363,0.174550,0.193292,0.162963,0.149103,0.117809,0.076950,0.080900,
nan,nan,nan,nan,nan,nan,nan,nan,nan,nan,0.370243,0.086291,0.320240,0.095141,0.220057,0.093066,0.170664,0.184775,0.124421,0.132886,0.099983,
