0.223939,0.362918,0.320741,0.231017,0.468718,0.240031,0.434738,0.164943,0.171240,1.082021,0.507251,0.131526,0.168793,0.148092,0.134736,0.108739,0.057278,0.054261,0.032132,0.020910,0.009064,
0.207111,0.270581,0.352003,0.215043,0.235063,0.277727,0.298934,0.183296,0.265529,0.348011,0.391273,0.286287,0.156364,0.134316,0.116731,0.090935,0.131488,0.059241,0.046376,0.036348,0.013105,
0.249691,0.243896,0.349518,0.294906,0.295592,0.306487,0.346957,0.245354,0.338732,0.228187,0.305094,0.236737,0.440647,0.139908,0.248829,0.161902,0.158065,0.072159,0.034070,0.040850,0.012455,
0.276846,0.242211,0.405020,0.256909,0.297430,0.301781,0.335832,0.301862,0.297234,0.245433,0.337086,0.247327,0.289876,0.183273,0.258216,0.182693,0.124307,0.093848,0.044873,0.099435,0.011055,
0.286640,0.293863,0.356266,0.236097,0.349571,0.326966,0.371386,0.279070,0.300883,0.294221,0.342812,0.265243,0.178528,0.188036,0.160541,0.215195,0.117659,0.078567,0.057853,0.050422,0.010900,
0.263936,0.412760,0.321165,0.246339,0.305216,0.406751,0.433901,0.306916,0.323124,0.342051,0.313123,0.321418,0.217389,0.155520,0.147881,0.147466,0.119623,0.145213,0.044785,0.030932,0.007586,
0.194291,0.642606,0.386251,0.338215,0.282527,0.422916,0.280371,0.333310,0.296776,0.323903,0.295403,0.352862,0.229920,0.196385,0.185401,0.162022,0.118928,0.185655,0.040958,0.051615,0.008184,
0.160240,0.707117,0.349933,0.386477,0.305594,0.320006,0.251286,0.327666,0.288584,0.343396,0.315903,0.440625,0.231583,0.277360,0.187004,0.144415,0.108794,0.130621,0.047138,0.041397,0.045624,
0.183802,0.955827,0.278005,0.347994,0.436578,0.347610,0.250553,0.422795,0.344424,0.428584,0.327570,0.422453,0.214207,0.268687,0.208951,0.193752,0.147303,0.116264,0.059282,0.040403,0.039547,
0.295830,0.475697,0.248662,0.333212,0.364644,0.326368,0.290277,0.460926,0.384126,0.450038,0.365261,0.299299,0.252825,0.363095,0.215892,0.209833,0.150037,0.148258,0.082226,0.067612,0.030670,
0.629303,0.457396,0.279412,0.449046,0.357193,0.252873,0.269635,0.439231,0.378111,0.483644,0.426330,0.262555,0.363072,0.334583,0.260306,0.240991,0.182920,0.196945,0.060389,0.066413,0.033464,
0.352369,0.485204,0.301941,0.434649,0.334069,0.262226,0.335275,0.505154,0.409957,0.462176,0.469212,0.306313,0.544860,0.293931,0.313026,0.237106,0.245747,0.223972,0.070329,0.047680,0.012612,
0.274271,0.425531,0.232774,0.539774,0.312785,0.266570,0.447289,0.346184,0.385146,0.387962,0.551051,0.318526,0.446419,0.440104,0.352501,0.295390,0.243957,0.185699,0.113210,0.047080,0.047894,
0.122288,0.379071,0.365210,0.721201,0.252398,0.361433,0.703020,0.442983,0.466766,0.458804,0.499465,0.566555,0.530546,0.548771,0.350688,0.345172,0.279888,0.159779,0.095275,0.035585,0.008694,
0.662301,0.230813,0.346057,0.520826,0.251507,0.394116,0.650196,0.531476,0.419682,0.679767,0.352403,0.485590,0.498674,0.510232,0.475333,0.410681,0.364493,0.173150,0.087271,0.028856,0.011923,
1.784121,0.269822,0.637396,0.336444,0.262091,0.687435,0.323283,0.526025,0.621155,0.611463,0.533869,0.677398,0.849833,0.454633,0.645217,0.502140,0.328880,0.200823,0.054309,0.027565,0.008037,
0.190450,0.121202,0.350562,0.368250,0.353817,0.996578,0.710669,0.408328,0.889085,0.444166,0.571294,0.602831,0.560018,0.471260,0.554235,0.645074,0.292867,0.095500,0.033077,0.013186,0.006407,
0.168149,1.420416,0.103925,0.438988,0.216322,0.268712,0.567521,0.384693,0.561382,0.655849,0.673351,0.853196,0.850671,0.701077,0.645267,0.469842,0.217188,0.044061,0.020144,0.016149,0.000487,
nan,nan,nan,nan,nan,nan,nan,nan,nan,nan,0.357024,0.636997,0.463703,0.428627,0.353878,0.200387,0.017238,0.017177,0.003781,0.001730,nan,
nan,nan,0.431402,0.267880,0.126426,0.249823,0.121073,0.111340,0.359945,0.190501,0.171646,0.242403,0.168151,0.093551,0.102039,0.052152,0.054239,0.033757,0.238521,0.018347,0.010163,
nan,0.504532,0.372494,0.868565,0.336177,0.359500,0.334585,0.307927,0.316206,0.247857,0.300534,0.353723,0.352446,0.151048,0.289510,0.149283,0.313275,0.063796,0.025432,0.027996,0.014012,
0.911866,0.388785,0.337356,0.535650,0.298589,0.264726,0.254674,0.329342,0.261808,0.272851,0.315708,0.201841,0.188435,0.184262,0.108773,0.128628,0.066710,0.061814,0.039011,0.041007,0.009851,
0.657869,0.355682,0.447914,0.419327,0.390573,0.363117,0.307804,0.333478,0.233447,0.291901,0.315301,0.233834,0.255106,0.196770,0.184830,0.136099,0.075773,0.052965,0.042816,0.023807,0.010304,
0.394765,0.308279,0.430814,0.342677,0.382397,0.380583,0.302145,0.368384,0.268496,0.316745,0.273746,0.307839,0.266413,0.198248,0.204378,0.107973,0.074136,0.066386,0.045183,0.021521,0.011037,
0.184908,0.301179,0.438736,0.345857,0.380884,0.383939,0.286525,0.321601,0.329677,0.330299,0.303254,0.265812,0.211053,0.194627,0.174264,0.137501,0.070487,0.063518,0.045969,0.026986,0.016236,
0.785252,0.311420,0.418883,0.390354,0.364390,0.452507,0.342136,0.362051,0.311303,0.273961,0.323386,0.345562,0.237106,0.215510,0.164489,0.128307,0.080818,0.071100,0.039242,0.026382,0.014944,
0.971551,0.375629,0.367447,0.325636,0.415863,0.392682,0.434770,0.337855,0.287516,0.294862,0.308195,0.337232,0.260179,0.255106,0.185545,0.148610,0.102362,0.097911,0.040626,0.031974,0.021644,
0.480862,0.470186,0.322478,0.315712,0.416945,0.327538,0.443102,0.429298,0.274642,0.314458,0.273431,0.337046,0.288505,0.283528,0.199925,0.160699,0.122450,0.108545,0.060497,0.031155,0.020753,
0.250176,0.440725,0.314999,0.358846,0.311317,0.312914,0.373696,0.480294,0.280704,0.410495,0.322711,0.321257,0.385345,0.314673,0.199569,0.178913,0.175665,0.117167,0.091784,0.029803,0.016939,
0.245695,0.332286,0.322390,0.504742,0.321932,0.417685,0.365470,0.361121,0.323808,0.458465,0.373248,0.285204,0.355757,0.341084,0.251589,0.215151,0.190176,0.111300,0.103784,0.030149,0.012705,
0.148154,0.339031,0.345518,0.427210,0.314739,0.393306,0.384521,0.376883,0.366650,0.403588,0.378233,0.292340,0.345376,0.370755,0.296770,0.277536,0.222979,0.118869,0.097721,0.032262,0.030186,
0.202371,0.287068,0.200081,0.419590,0.448657,0.488927,0.381816,0.419858,0.396934,0.481351,0.389174,0.346687,0.395057,0.411590,0.300634,0.314621,0.292215,0.142596,0.090251,0.029912,0.009514,
0.285933,0.441328,0.245343,0.341611,0.497648,0.494759,0.527879,0.417558,0.512586,0.472275,0.540909,0.490069,0.504895,0.451622,0.370051,0.369998,0.279167,0.176052,0.087125,0.031807,0.009179,
0.421483,0.198631,0.318675,0.312846,0.312430,0.378280,0.370266,0.434730,0.464736,0.538565,0.566562,0.494075,0.590081,0.452435,0.505084,0.388236,0.307831,0.169910,0.084196,0.018350,0.008540,
0.216935,0.167101,0.409444,0.629919,0.296776,0.789633,0.363435,0.475850,0.397185,0.374983,0.486818,0.637104,0.603890,0.569793,0.570766,0.450593,0.362263,0.178838,0.048630,0.018709,0.018669,
0.083553,0.290528,0.229975,0.375560,0.322748,0.307063,0.303979,0.539244,0.596583,0.486121,0.658948,0.745195,0.660626,0.636043,0.558601,0.457562,0.229499,0.114627,0.037871,0.014429,0.008336,
nan,0.121264,0.253767,0.306350,0.784597,0.398761,0.383690,0.449468,0.509074,0.452990,0.564261,0.694188,0.911543,0.609242,0.557996,0.377251,0.150191,0.060930,0.017888,0.015941,0.002071,
nan,nan,nan,nan,0.104247,0.225158,0.344410,0.408997,0.298835,0.896054,1.793228,0.573240,0.496777,0.545236,0.628244,0.177882,0.050728,0.013583,0.030442,0.012611,0.000839,
nan,0.568319,0.447707,0.363111,0.216484,0.230607,0.178085,0.218767,0.261498,0.220647,0.311507,0.232121,0.099993,0.145146,0.088373,0.042516,0.077820,0.045887,0.015401,0.023014,0.005649,
0.331051,0.373688,0.320665,0.376185,0.349010,0.357672,0.260265,0.293800,0.278905,0.236615,0.208607,0.125805,0.208755,0.172456,0.111297,0.192821,0.067262,0.044403,0.029977,0.030523,0.012807,
0.398451,0.389076,0.445422,0.449535,0.367261,0.427964,0.324692,0.333185,0.377666,0.297100,0.361612,0.188221,0.276004,0.160488,0.235491,0.125210,0.098326,0.039798,0.028205,0.025097,0.013790,
0.362469,0.300551,0.548458,0.339981,0.649873,0.347388,0.299436,0.489675,0.307141,0.478242,0.365654,0.212647,0.188858,0.184455,0.227808,0.147228,0.071752,0.071432,0.030074,0.033254,0.013179,
0.441043,0.320644,0.460778,0.387298,0.458821,0.432597,0.294688,0.447717,0.255607,0.267286,0.477522,0.227968,0.202842,0.175047,0.146145,0.173403,0.075573,0.085254,0.053936,0.025455,0.012345,
0.477631,0.275334,0.410732,0.359003,0.504656,0.412503,0.379324,0.371719,0.283294,0.315475,0.329887,0.299744,0.215018,0.220818,0.152741,0.141825,0.110437,0.072126,0.045998,0.027153,0.008852,
0.293995,0.298141,0.312300,0.365663,0.529259,0.434389,0.394110,0.321261,0.278745,0.257538,0.266576,0.278537,0.259080,0.212056,0.173356,0.127357,0.115141,0.089759,0.063355,0.074355,0.013293,
0.136325,0.316057,0.331384,0.342082,0.505180,0.361291,0.352188,0.291289,0.278595,0.242728,0.292851,0.314946,0.282410,0.266728,0.167463,0.137455,0.110366,0.129869,0.077913,0.047911,0.013800,
0.399030,0.367021,0.349095,0.309731,0.506220,0.449523,0.373119,0.270623,0.291389,0.244830,0.362388,0.305376,0.343824,0.261684,0.175048,0.196615,0.142375,0.129394,0.052116,0.043400,0.012330,
0.315275,0.473592,0.370413,0.301165,0.414350,0.367010,0.325950,0.306945,0.363659,0.290817,0.392359,0.305443,0.298099,0.298361,0.238946,0.211595,0.189410,0.121037,0.089119,0.030157,0.011848,
0.492491,0.548528,0.436107,0.331289,0.369254,0.404162,0.388600,0.352940,0.360267,0.312507,0.401123,0.355985,0.342461,0.343058,0.272942,0.264821,0.193910,0.112335,0.069719,0.026233,0.018038,
0.255008,0.305495,0.413680,0.332307,0.415780,0.489749,0.435774,0.337002,0.394160,0.325195,0.404591,0.371560,0.361867,0.314382,0.283602,0.270901,0.190173,0.144577,0.072545,0.034600,0.013931,
0.228564,0.331157,0.319887,0.428092,0.377130,0.567518,0.548532,0.381151,0.461259,0.409346,0.360483,0.505679,0.401217,0.422524,0.395829,0.296544,0.212893,0.174133,0.064872,0.038273,0.014089,
0.154939,0.284905,0.246087,0.379140,0.344668,0.396428,0.514284,0.387668,0.484411,0.468311,0.449668,0.525785,0.459359,0.474828,0.547122,0.366555,0.278518,0.161018,0.090516,0.030699,0.013095,
0.367135,0.221637,0.873771,0.432765,0.425192,0.445965,0.407078,0.339427,0.618134,0.444156,0.471083,0.526954,0.550709,0.451354,0.501424,0.405042,0.293434,0.167152,0.069095,0.033112,0.010866,
0.129758,0.152317,0.425277,0.263396,0.471474,0.566384,0.610512,0.478909,0.567636,0.407204,0.690088,0.560184,0.695169,0.541167,0.433187,0.421603,0.245284,0.116633,0.080144,0.018150,0.006743,
nan,0.245285,0.319491,0.328582,0.438423,0.314814,0.281153,0.604671,0.605179,0.471076,0.599069,0.625051,0.615175,0.788052,0.526622,0.446355,0.238753,0.141380,0.050016,0.013872,0.010893,
1.949761,0.263379,0.736008,0.388608,0.538066,0.373732,0.636185,0.782674,0.571837,0.444580,0.651112,0.673840,0.987960,0.572022,0.528679,0.336728,0.213635,0.097652,0.022048,0.006953,0.002660,
nan,nan,nan,0.697692,0.284222,0.683784,0.406913,0.309120,0.353665,0.323024,0.667330,0.583979,0.750201,0.582562,0.201630,0.275838,0.085185,0.072877,0.002703,0.011671,0.000000,
nan,0.449577,0.886806,0.707155,0.401316,0.234021,0.565298,0.493957,0.138192,0.383798,0.272168,0.124964,0.208518,0.213926,0.068967,0.091339,0.053739,0.075051,0.017582,0.017015,0.051902,
0.756479,0.494114,0.435352,0.502674,0.298022,0.435323,0.257119,0.325874,0.295519,0.319362,0.566919,0.246554,0.202976,0.202197,0.251535,0.203283,0.147394,0.041047,0.039930,0.026431,0.007744,
0.248715,0.301526,0.495709,0.272859,0.389925,0.437070,0.286231,0.399005,0.233800,0.288993,0.373373,0.210916,0.241685,0.186226,0.211650,0.131631,0.067639,0.134496,0.027479,0.025104,0.009913,
0.395368,0.465510,0.600879,0.418059,0.439308,0.348959,0.263212,0.405525,0.290521,0.268330,0.485382,0.222154,0.210620,0.155895,0.140905,0.138775,0.099397,0.081783,0.066932,0.021685,0.053279,
0.231254,0.425201,0.723644,0.337606,0.386980,0.441850,0.311018,0.375791,0.295023,0.305772,0.221985,0.234869,0.204398,0.217540,0.185183,0.130198,0.110866,0.075437,0.047111,0.023769,0.009167,
0.252807,0.414019,0.623717,0.348584,0.362066,0.450192,0.490715,0.374984,0.259920,0.365844,0.237500,0.308074,0.218313,0.227702,0.149518,0.177050,0.104554,0.086458,0.064436,0.059072,0.028661,
0.489577,0.405937,0.483766,0.249701,0.389433,0.386637,0.404077,0.357338,0.256783,0.277474,0.352025,0.359800,0.190820,0.226560,0.161617,0.203388,0.131843,0.111360,0.057108,0.024392,0.011730,
0.660849,0.436326,0.391611,0.324538,0.395909,0.414606,0.344731,0.441352,0.304586,0.287015,0.340744,0.356893,0.234012,0.263471,0.182741,0.153347,0.113013,0.081063,0.043870,0.027613,0.014141,
0.139697,0.457492,0.362688,0.315856,0.403666,0.432378,0.300817,0.472001,0.338418,0.300666,0.400678,0.285192,0.251469,0.300689,0.233566,0.157224,0.141773,0.093818,0.064993,0.023903,0.012869,
0.331245,0.283066,0.303414,0.395830,0.440413,0.411789,0.284892,0.552057,0.312354,0.324212,0.375541,0.316022,0.302930,0.279762,0.224476,0.194492,0.158388,0.127319,0.058687,0.031568,0.008296,
0.653673,0.342363,0.293418,0.393759,0.375436,0.364165,0.342275,0.432219,0.348530,0.309111,0.422331,0.336014,0.330917,0.306439,0.257250,0.265057,0.139085,0.145648,0.059201,0.027279,0.019304,
0.296887,0.327862,0.317405,0.343578,0.396255,0.399590,0.340271,0.393305,0.334817,0.438705,0.426576,0.398168,0.265367,0.349728,0.322387,0.237652,0.166322,0.129983,0.075575,0.037943,0.011183,
0.207254,0.329307,0.453666,0.318112,0.397172,0.341962,0.357612,0.349151,0.417238,0.394811,0.311877,0.527495,0.347921,0.395389,0.317508,0.272367,0.204120,0.178310,0.066020,0.038573,0.011690,
0.287743,0.354199,0.298192,0.487838,0.466679,0.345993,0.415180,0.378748,0.374345,0.415025,0.482541,0.573552,0.393238,0.437072,0.341386,0.320681,0.243854,0.184078,0.073937,0.028399,0.014528,
0.804894,0.367084,0.413725,0.301642,0.469791,0.470616,0.416348,0.434697,0.404343,0.408773,0.499337,0.554223,0.455354,0.427371,0.372341,0.334692,0.285729,0.164168,0.091208,0.033861,0.009573,
0.190983,0.167306,0.343969,0.473364,0.402011,0.360532,0.466464,0.288571,0.582753,0.602874,0.561964,0.499695,0.617070,0.497884,0.518381,0.454070,0.290418,0.179068,0.072525,0.018903,0.017328,
0.180462,0.539132,0.248203,0.534553,0.462462,0.377276,0.430912,0.343364,0.406517,0.769623,0.663167,0.559212,0.558688,0.540726,0.466530,0.439000,0.215297,0.103723,0.043735,0.010823,0.006733,
nan,0.461195,0.386270,0.345592,0.455445,0.479386,0.555993,0.546912,0.666901,0.431718,0.691206,0.713692,0.821661,0.615321,0.563614,0.355282,0.191373,0.070083,0.012397,0.015072,0.002506,
nan,nan,0.746460,0.242834,0.153203,0.187425,0.736171,0.573129,0.416929,0.645028,0.436804,0.572652,0.639538,0.421650,0.487623,0.110237,0.112745,0.025651,0.019143,0.000107,0.001649,
nan,0.343847,0.259415,0.270709,0.563080,1.435884,0.369395,0.444200,0.178144,0.132523,0.209350,0.242282,0.543917,0.125875,0.100233,0.223264,0.480672,0.122333,0.066781,0.012860,0.011396,
0.198928,0.290323,0.464854,0.233977,0.479612,0.327163,0.259600,0.252807,0.273497,0.213787,0.320959,0.220898,0.168751,0.111471,0.258828,0.097701,0.071074,0.168695,0.030331,0.019899,0.013085,
0.438274,0.602797,0.605647,0.379306,0.629221,0.422273,0.294589,0.438940,0.352654,0.266234,0.378070,0.321563,0.196649,0.201733,0.105467,0.121125,0.079516,0.090558,0.046695,0.052270,0.007946,
0.208945,0.553165,0.492192,0.364535,0.299234,0.484422,0.409335,0.450873,0.294388,0.273890,0.239936,0.231712,0.267656,0.290546,0.214548,0.125461,0.071961,0.057926,0.051858,0.024356,0.009008,
0.307997,0.522712,0.294843,0.313112,0.378320,0.488237,0.495095,0.339991,0.274821,0.406025,0.267285,0.249488,0.313536,0.233310,0.159997,0.163107,0.099718,0.066184,0.070269,0.029836,0.026978,
0.286185,0.670444,0.394185,0.299556,0.382463,0.408280,0.385111,0.345632,0.265365,0.274062,0.269462,0.360843,0.182173,0.257945,0.189881,0.139872,0.148106,0.091203,0.063021,0.021876,0.014543,
0.289139,0.440987,0.407603,0.410594,0.379075,0.416507,0.320747,0.358176,0.378783,0.269555,0.395736,0.248441,0.249692,0.302109,0.256535,0.146540,0.095435,0.096977,0.035147,0.024294,0.013391,
0.407026,0.376430,0.379505,0.346716,0.397771,0.464791,0.479582,0.301993,0.349891,0.293414,0.341039,0.306865,0.239454,0.220686,0.219836,0.152312,0.111888,0.109216,0.060109,0.027830,0.009266,
0.824393,0.305237,0.472225,0.403735,0.436288,0.346555,0.401240,0.340514,0.262710,0.325621,0.348276,0.311482,0.307728,0.321997,0.189199,0.231454,0.120002,0.094492,0.042185,0.032979,0.015448,
0.211044,0.469036,0.313986,0.360076,0.368541,0.359566,0.320976,0.368844,0.373061,0.349232,0.248213,0.338177,0.354751,0.269877,0.205505,0.239039,0.127422,0.097281,0.046905,0.029739,0.014492,
0.151576,0.598977,0.458153,0.398973,0.328887,0.361792,0.332297,0.443684,0.379761,0.369820,0.338552,0.388805,0.349066,0.321754,0.237539,0.207585,0.159806,0.093866,0.060176,0.070634,0.012371,
1.103259,0.654334,0.329251,0.407995,0.441150,0.343733,0.369223,0.468533,0.511701,0.357417,0.304055,0.473427,0.409873,0.366347,0.374721,0.205831,0.222411,0.124183,0.057013,0.052039,0.018770,
0.162353,0.417909,0.426283,0.355316,0.464811,0.416948,0.357221,0.427975,0.460318,0.458607,0.341382,0.477356,0.375303,0.392735,0.336433,0.217408,0.243726,0.133421,0.086336,0.039121,0.009921,
0.145657,0.347123,0.306442,0.497072,0.349571,0.326567,0.351302,0.722413,0.413875,0.449899,0.435839,0.410840,0.368946,0.375901,0.409333,0.325774,0.262252,0.183804,0.077848,0.076289,0.016922,
0.229692,0.485735,0.249406,0.290203,0.394338,0.349663,0.573839,0.462457,0.477688,0.525211,0.536872,0.374741,0.495675,0.435332,0.421429,0.331225,0.298837,0.150278,0.087667,0.031777,0.039311,
0.463489,0.541881,0.436450,0.381312,0.379588,0.338666,0.402766,0.604456,0.353984,0.485093,0.415070,0.514496,0.461031,0.418473,0.411008,0.387368,0.278153,0.130241,0.050475,0.014206,0.004565,
0.127867,0.931930,0.302589,0.374713,0.426962,0.600110,0.581471,0.563037,0.652876,0.563466,0.595862,0.615622,0.471869,0.527108,0.472464,0.399110,0.217967,0.121545,0.030898,0.012274,0.006206,
0.283057,1.010411,0.525106,0.497526,0.816249,0.509413,0.413707,0.850029,0.335336,0.678512,0.590921,0.545438,0.572863,0.422258,0.445073,0.415556,0.128966,0.052503,0.016949,0.005058,0.001405,
nan,nan,0.476179,0.393679,0.399526,0.340510,0.683476,0.473258,0.301019,0.731753,0.363182,0.324222,0.620561,0.372931,0.420345,0.136486,0.180258,0.017614,0.006067,0.000019,0.011538,
nan,0.192462,0.320146,0.214643,0.329894,0.153842,0.283453,0.217755,0.166390,0.454335,0.219323,0.136998,0.449709,0.140207,0.287664,0.082857,0.054826,0.045856,0.025172,0.027888,0.010694,
0.229345,0.306710,0.519435,0.249761,0.313511,0.417891,0.329253,0.320994,0.371237,0.256697,0.386243,0.151863,0.386251,0.162075,0.161812,0.217071,0.067330,0.158986,0.023260,0.026333,0.032792,
0.218701,0.493515,0.337662,0.317664,0.384967,0.499243,0.361555,0.355420,0.298431,0.366999,0.301629,0.189950,0.299208,0.167464,0.147308,0.113613,0.093703,0.049713,0.045883,0.022354,0.044255,
0.451686,0.407228,0.362479,0.278381,0.333505,0.579489,0.360963,0.279755,0.262570,0.381211,0.215556,0.213073,0.280149,0.160938,0.196030,0.131551,0.145840,0.082140,0.035741,0.025774,0.023428,
0.473027,0.326563,0.395009,0.491851,0.373868,0.525500,0.313888,0.369497,0.249485,0.258499,0.259139,0.277869,0.196138,0.203055,0.188072,0.125121,0.083812,0.063916,0.053072,0.017802,0.025397,
0.331315,0.273350,0.350759,0.500941,0.366303,0.409630,0.307047,0.423944,0.335674,0.389532,0.317066,0.197488,0.254154,0.269025,0.226871,0.138467,0.098135,0.100500,0.034650,0.018691,0.011598,
0.261145,0.521289,0.420630,0.422002,0.342659,0.431822,0.286379,0.367668,0.344202,0.339912,0.260358,0.315192,0.276961,0.196922,0.147376,0.175397,0.100841,0.086111,0.060202,0.029335,0.009012,
0.366863,0.374874,0.504769,0.557423,0.321209,0.362312,0.307601,0.281154,0.348343,0.400781,0.279645,0.251820,0.274649,0.287405,0.181806,0.210125,0.124934,0.070434,0.052936,0.043878,0.013609,
0.686626,0.335117,0.432632,0.494074,0.324578,0.435110,0.349140,0.348836,0.437748,0.319741,0.250191,0.339300,0.279191,0.212848,0.208702,0.188654,0.111806,0.115060,0.055908,0.029458,0.023771,
0.192851,0.410456,0.345367,0.514259,0.421779,0.414027,0.384325,0.377860,0.464199,0.354034,0.374573,0.355083,0.279824,0.335999,0.213777,0.204729,0.139969,0.112006,0.053118,0.049697,0.015219,
0.329437,0.334480,0.374454,0.346449,0.462710,0.368108,0.377327,0.462356,0.308806,0.476133,0.338320,0.322648,0.355280,0.329009,0.346480,0.200012,0.178445,0.098564,0.055962,0.042398,0.018922,
0.251254,0.376904,0.252694,0.394612,0.476197,0.359887,0.319677,0.482956,0.373444,0.466785,0.408674,0.345172,0.309802,0.304386,0.268049,0.220896,0.165082,0.140786,0.070982,0.042852,0.012466,
0.157033,0.644095,0.338438,0.372276,0.412712,0.371536,0.357744,0.380506,0.475877,0.398473,0.470708,0.342360,0.329842,0.252945,0.311384,0.312202,0.256253,0.155692,0.090214,0.060666,0.015096,
0.180695,0.601176,0.304102,0.305697,0.307664,0.399038,0.343319,0.400041,0.495938,0.382195,0.467493,0.346116,0.356838,0.368401,0.347605,0.330123,0.238266,0.174546,0.077282,0.045010,0.028716,
0.157680,0.839912,0.492250,0.278774,0.311760,0.263039,0.490654,0.330872,0.581748,0.496604,0.549285,0.452205,0.416534,0.434509,0.379915,0.275268,0.229573,0.158585,0.067990,0.031435,0.006413,
0.196470,0.182721,0.551977,0.328135,0.367707,0.379694,0.435202,0.590693,0.449809,0.456028,0.558370,0.602515,0.491405,0.664625,0.452498,0.344650,0.261331,0.123992,0.052987,0.021825,0.010852,
0.162745,0.345719,0.240958,0.452200,0.384753,0.364656,0.367857,0.739081,0.396572,0.594890,0.519482,0.493280,0.438169,0.572222,0.459269,0.389577,0.191797,0.103411,0.025049,0.006660,0.007042,
nan,2.626167,0.709395,0.634989,0.293932,0.609661,0.314108,0.419501,0.357127,0.580269,0.732260,0.651233,0.871085,0.395917,0.369456,0.195924,0.197488,0.065692,0.014397,0.003647,0.003963,
nan,0.133775,nan,6.060599,1.154919,0.482587,0.336449,0.483918,0.332421,0.341410,0.269768,0.352099,0.401235,0.256554,0.553805,0.124233,0.021145,0.008607,0.088448,0.002302,0.013182,
nan,0.259995,0.198341,0.904900,0.413734,0.513625,0.656629,0.392009,0.155848,0.147280,0.267565,0.329544,0.205862,0.131328,0.347345,0.147545,0.071543,0.060715,0.030149,0.024322,0.012560,
0.284738,0.309267,0.436514,0.334841,0.242771,0.362247,0.289460,0.387533,0.270695,0.246070,0.375074,0.203688,0.361041,0.254154,0.129408,0.095934,0.050524,0.144190,0.030289,0.049577,0.009695,
0.211398,0.255084,0.395964,0.441907,0.371661,0.452921,0.407433,0.398717,0.258518,0.236346,0.299972,0.277685,0.287236,0.196467,0.179764,0.107186,0.071049,0.065789,0.043313,0.036285,0.011655,
0.444353,0.348597,0.350090,0.395647,0.356501,0.408088,0.320160,0.303679,0.252291,0.325864,0.375022,0.190570,0.294144,0.242460,0.173899,0.118252,0.081709,0.071187,0.050763,0.044766,0.009523,
0.454975,0.408728,0.283786,0.422169,0.380758,0.311437,0.302976,0.353926,0.320975,0.458184,0.297109,0.175033,0.211707,0.288847,0.188674,0.106927,0.119960,0.095920,0.041751,0.019504,0.009968,
1.210225,0.553298,0.242650,0.625279,0.364907,0.418360,0.256195,0.325995,0.364826,0.351336,0.262576,0.321172,0.224275,0.182990,0.136598,0.207712,0.097641,0.078439,0.051960,0.021281,0.008837,
0.426757,0.636029,0.297418,0.650647,0.280629,0.337704,0.402009,0.278872,0.345294,0.336768,0.297857,0.262639,0.322509,0.294195,0.158938,0.164263,0.097749,0.083509,0.050148,0.041253,0.013048,
0.204828,0.471942,0.301113,0.354287,0.344716,0.379393,0.455164,0.386755,0.471669,0.315842,0.257763,0.299299,0.297451,0.230294,0.223786,0.198901,0.138016,0.108474,0.060171,0.039696,0.020662,
0.339249,0.342960,0.390490,0.317111,0.358131,0.408452,0.422727,0.310139,0.362783,0.321021,0.345002,0.350925,0.279157,0.285170,0.235991,0.195714,0.132627,0.088778,0.043956,0.025107,0.027671,
1.015422,0.344085,0.488663,0.336318,0.418083,0.384962,0.335328,0.350257,0.250421,0.350513,0.326076,0.289474,0.299788,0.233663,0.322357,0.185012,0.123094,0.079509,0.072127,0.034827,0.019477,
0.186295,0.400681,0.428310,0.400723,0.434711,0.382336,0.295975,0.482815,0.268772,0.391239,0.318098,0.248331,0.353924,0.212230,0.213755,0.204620,0.168700,0.119631,0.062869,0.038734,0.012632,
1.429381,0.743082,0.279079,0.348083,0.423021,0.512425,0.410838,0.317055,0.362416,0.328389,0.301078,0.287086,0.312042,0.260032,0.253081,0.242306,0.202195,0.144948,0.066412,0.068626,0.019370,
0.246757,0.318974,0.375908,0.833974,0.301814,0.477602,0.452084,0.446401,0.366649,0.426015,0.336158,0.355956,0.342652,0.376654,0.373097,0.250704,0.272193,0.164417,0.069692,0.047929,0.022172,
0.198455,0.487093,0.517176,0.328061,0.414795,0.539020,0.439696,0.306143,0.431636,0.344849,0.447407,0.417796,0.501421,0.321704,0.388833,0.245111,0.256483,0.148672,0.087879,0.043357,0.011701,
0.206114,0.640664,0.567631,0.322733,0.429523,0.465061,0.262534,0.563457,0.512477,0.386338,0.396443,0.429064,0.428428,0.379040,0.432650,0.305037,0.293776,0.144849,0.047822,0.028919,0.008619,
0.152615,0.252725,0.227344,0.259962,0.321944,0.382362,0.320984,0.541568,0.511641,0.445193,0.453968,0.530144,0.457527,0.366795,0.334933,0.338630,0.218277,0.129205,0.052944,0.011739,0.013716,
0.244049,0.891169,0.312667,0.190286,0.332343,0.468010,0.359892,0.602324,0.415193,0.532237,0.383264,0.511075,0.474251,0.448380,0.505935,0.382805,0.177411,0.071956,0.082131,0.008828,0.006574,
0.719897,0.421411,0.249282,0.264416,0.552704,0.510069,0.447003,0.341445,0.618622,0.517404,0.471417,0.557687,0.430629,0.531708,0.454538,0.285889,0.248478,0.057484,0.037768,0.005067,0.004700,
nan,0.588960,nan,0.142603,0.148091,0.278803,0.324687,0.324085,1.697116,0.544094,0.573000,0.459006,0.194050,0.606271,0.170119,0.103527,0.029747,0.028385,0.214933,0.002927,0.000958,
nan,0.221436,0.252976,0.893689,0.440662,0.552418,0.371101,0.179585,0.422728,0.094576,0.379886,0.199283,0.285299,0.126948,0.127230,0.154552,0.079700,0.058705,0.046960,0.036154,0.012492,
0.297452,0.582907,0.391922,0.257195,0.540082,0.230810,0.287447,0.388985,0.540091,0.369719,0.236287,0.262084,0.362868,0.122571,0.148041,0.072663,0.074389,0.043362,0.031922,0.011899,0.007859,
0.580278,0.371306,0.354360,0.282522,0.406082,0.409704,0.335140,0.262748,0.255817,0.378587,0.232104,0.183416,0.272944,0.293209,0.217728,0.143985,0.212252,0.066719,0.047857,0.041565,0.017506,
0.547805,0.533806,0.324448,0.390819,0.413874,0.307714,0.357015,0.404682,0.282539,0.288226,0.286640,0.232389,0.166698,0.158040,0.231985,0.123677,0.083524,0.072599,0.044070,0.016640,0.030933,
0.351145,0.574434,0.283896,0.425459,0.311425,0.326298,0.341554,0.294818,0.325606,0.340301,0.252524,0.254014,0.194428,0.202952,0.159477,0.218706,0.083993,0.072517,0.036073,0.017339,0.010006,
1.096227,0.367852,0.353655,0.294696,0.404676,0.375931,0.511148,0.276018,0.353426,0.293931,0.269986,0.241000,0.323588,0.269193,0.162968,0.150569,0.089501,0.068121,0.034759,0.036870,0.012927,
0.741159,0.312387,0.358172,0.314459,0.362885,0.352802,0.352610,0.481310,0.329559,0.415391,0.314643,0.237908,0.303022,0.217260,0.161366,0.197624,0.099083,0.076125,0.040494,0.026319,0.008375,
0.194851,0.363100,0.385819,0.372951,0.393708,0.381580,0.323277,0.340546,0.337815,0.276694,0.341524,0.288387,0.278244,0.255932,0.240716,0.148390,0.153194,0.073822,0.037516,0.025086,0.017753,
0.313349,0.383164,0.333201,0.405309,0.313358,0.380921,0.327102,0.361270,0.273475,0.314951,0.348674,0.262960,0.278194,0.192680,0.295472,0.219860,0.094220,0.079052,0.055695,0.034468,0.043367,
0.178759,0.282924,0.338001,0.454134,0.424764,0.452605,0.357076,0.433362,0.330029,0.367663,0.288076,0.266643,0.280096,0.218430,0.235539,0.203060,0.165101,0.094497,0.057723,0.051104,0.012405,
0.321461,0.342442,0.353844,0.568490,0.429997,0.521013,0.417181,0.478516,0.394963,0.348567,0.283848,0.277493,0.320703,0.318634,0.251345,0.184702,0.181479,0.141235,0.055191,0.029175,0.045258,
0.155585,0.219816,0.346777,0.425897,0.506388,0.553549,0.484436,0.449573,0.309375,0.355985,0.283672,0.385073,0.360078,0.310313,0.324924,0.222449,0.206199,0.167535,0.061246,0.044812,0.021536,
0.745000,0.515621,0.465813,0.432230,0.508033,0.407608,0.449453,0.382194,0.325496,0.359903,0.429793,0.335962,0.330690,0.301572,0.331507,0.263443,0.213038,0.099664,0.073855,0.067061,0.023006,
1.296929,0.290196,0.556980,0.409903,0.274782,0.409545,0.464940,0.589099,0.310069,0.490952,0.341329,0.433434,0.431018,0.325961,0.289802,0.250154,0.180693,0.147544,0.045778,0.027863,0.011252,
0.253594,0.249846,0.276251,0.370758,0.512230,0.376910,0.619712,0.375542,0.394366,0.514400,0.455095,0.408305,0.648233,0.317138,0.367251,0.288088,0.192730,0.136613,0.065521,0.016991,0.009559,
0.220691,0.389210,0.187959,0.311884,0.395128,0.568980,0.498251,0.437477,0.560677,0.385001,0.437591,0.527393,0.395623,0.322030,0.363147,0.299977,0.240585,0.100751,0.041029,0.015715,0.005382,
0.113965,0.225488,0.347853,0.619446,0.671964,0.259834,0.687852,0.467751,0.418300,0.650381,0.375620,0.570112,0.492089,0.321247,0.336434,0.325626,0.268265,0.209738,0.047738,0.011450,0.004785,
nan,0.192950,0.641102,0.175153,0.273194,0.447693,0.469604,0.890946,0.383454,0.526846,0.650243,0.349224,0.378717,0.383085,0.374373,0.178288,0.215794,0.034832,0.018207,0.030991,0.004833,
nan,0.260448,nan,0.360442,0.199756,0.262437,0.208178,1.318173,0.246565,0.389683,0.338393,0.204972,0.793984,0.228822,0.257300,0.221033,0.115734,0.039950,0.007094,0.002013,0.007964,
nan,0.300568,0.183493,0.185353,0.602299,0.702758,0.219424,0.154597,0.291150,0.177062,0.201472,0.273741,0.476872,1.582738,0.128973,0.094889,0.127979,0.023526,0.034309,0.022933,0.006283,
0.213928,0.312527,0.508060,0.445673,0.444943,0.424221,0.300573,0.338528,0.281716,0.382729,0.365811,0.360463,0.160341,0.218832,0.145882,0.102069,0.091189,0.093497,0.028675,0.019642,0.007021,
0.364196,0.467028,0.365700,0.333740,0.410790,0.554758,0.341217,0.268411,0.254569,0.206678,0.277789,0.266739,0.205502,0.242120,0.200726,0.086731,0.065917,0.120571,0.026543,0.016853,0.007629,
0.158874,0.705007,0.287849,0.371826,0.326083,0.288467,0.403310,0.268253,0.240941,0.391710,0.296532,0.172158,0.263457,0.200398,0.156632,0.114577,0.099062,0.130650,0.030634,0.026381,0.010561,
0.369787,0.468408,0.386363,0.393198,0.365344,0.327760,0.383956,0.343026,0.278254,0.265362,0.302593,0.294129,0.226799,0.216046,0.129173,0.150210,0.124757,0.097458,0.062970,0.020066,0.009336,
0.275908,0.371849,0.407091,0.381575,0.390731,0.389055,0.331425,0.388163,0.354307,0.384422,0.276345,0.215942,0.366322,0.214479,0.138699,0.154333,0.074741,0.060435,0.046043,0.017552,0.031719,
0.509315,0.362170,0.348884,0.362896,0.554440,0.317669,0.357167,0.267954,0.346413,0.309250,0.280767,0.287100,0.259293,0.237354,0.225113,0.164758,0.099127,0.053601,0.041869,0.051084,0.015728,
0.688736,0.527223,0.320977,0.317200,0.387192,0.393360,0.382765,0.320905,0.290228,0.343797,0.336044,0.231720,0.275939,0.222443,0.282337,0.175266,0.104249,0.081742,0.066056,0.020840,0.017766,
0.410853,0.616809,0.316095,0.316445,0.431754,0.356257,0.315040,0.370436,0.293514,0.370041,0.234933,0.309750,0.236714,0.260593,0.261323,0.185724,0.143194,0.070563,0.047553,0.038022,0.045960,
1.554914,0.416768,0.353207,0.358324,0.557639,0.325042,0.346317,0.326584,0.428735,0.334022,0.337232,0.223917,0.298431,0.293174,0.233975,0.172517,0.193053,0.136846,0.062269,0.030777,0.024252,
0.732252,0.260455,0.332226,0.379330,0.373558,0.326219,0.363441,0.275898,0.402199,0.315546,0.311562,0.315009,0.332038,0.237513,0.308120,0.189450,0.160488,0.113539,0.050337,0.033167,0.010108,
0.245999,0.181378,0.347377,0.289022,0.462160,0.414380,0.371305,0.380281,0.344727,0.337609,0.385194,0.375230,0.293941,0.283017,0.232938,0.217652,0.164675,0.114467,0.058121,0.054379,0.019821,
0.292488,0.316892,0.363450,0.360010,0.451283,0.406399,0.324237,0.331267,0.353549,0.501852,0.367769,0.387155,0.328517,0.322308,0.214227,0.206654,0.160246,0.129225,0.073201,0.022386,0.008110,
0.093053,0.299086,0.556137,0.619549,0.390038,0.351990,0.431367,0.529390,0.415459,0.558915,0.591948,0.415119,0.334105,0.363478,0.265242,0.245501,0.214251,0.120221,0.058185,0.023899,0.013388,
1.869990,0.337127,0.516942,0.271509,0.462676,0.480472,0.461712,0.410877,0.374336,0.500053,0.507203,0.375341,0.420255,0.292280,0.349187,0.223200,0.203724,0.102562,0.056114,0.017383,0.011376,
0.166092,0.227192,0.535070,0.455417,0.476522,0.315501,0.283051,0.415115,0.512185,0.549935,0.410316,0.448830,0.318800,0.423262,0.249615,0.244497,0.195868,0.163541,0.048430,0.022912,0.005936,
0.075011,0.210524,0.323543,0.414069,0.295428,0.422234,0.448340,0.504906,0.415600,0.430345,0.419613,0.548838,0.495786,0.421997,0.305467,0.288825,0.134128,0.091276,0.023534,0.008214,0.001950,
0.285775,0.236899,0.345385,0.608639,0.547678,0.482085,0.273632,0.492474,0.445190,0.565143,0.572805,0.413552,0.318563,0.320745,0.302313,0.200284,0.150649,0.079772,0.022308,0.016189,0.003271,
nan,nan,0.091075,0.262471,0.252826,0.203101,0.350169,0.660414,0.341056,0.369886,0.313834,0.357477,1.068862,0.175307,0.205487,0.169416,0.148491,0.016597,0.002287,0.018986,0.000323,
nan,0.196749,0.250267,0.357717,0.176432,0.182227,0.150850,0.202407,0.724323,0.135543,0.928469,0.110686,0.144845,0.090049,0.124779,0.093718,0.068906,0.037325,0.027736,0.059159,0.005594,
0.256562,0.425407,0.392226,0.274266,0.356287,0.445685,0.572865,0.432687,0.342594,0.451471,0.285552,0.307634,0.301019,0.250544,0.097784,0.097993,0.073467,0.041771,0.084097,0.026569,0.008381,
0.174660,0.482767,0.308937,0.422321,0.377561,0.372644,0.317887,0.293922,0.284154,0.323726,0.492735,0.214555,0.178871,0.192149,0.154203,0.103684,0.109564,0.066786,0.035180,0.020495,0.023590,
0.300221,0.371905,0.457875,0.521461,0.333513,0.288239,0.268441,0.328866,0.257939,0.370702,0.189195,0.279449,0.207416,0.302672,0.200113,0.157289,0.092385,0.053943,0.042748,0.014148,0.010583,
0.575443,0.528304,0.518880,0.370011,0.371161,0.392613,0.438720,0.343150,0.418387,0.341255,0.260132,0.251444,0.302906,0.262983,0.135727,0.144596,0.075715,0.065873,0.029954,0.025071,0.013134,
0.907447,0.301907,0.440257,0.278127,0.311316,0.440493,0.393462,0.283968,0.350139,0.335486,0.337126,0.295308,0.240232,0.203893,0.168510,0.144434,0.097555,0.063304,0.040674,0.020089,0.011612,
1.023132,0.491527,0.362262,0.393498,0.408798,0.303284,0.288299,0.361652,0.309293,0.317184,0.373217,0.220689,0.286038,0.221825,0.221659,0.155283,0.139253,0.091345,0.063568,0.030856,0.010257,
0.970110,0.397640,0.326655,0.455614,0.372221,0.324394,0.394873,0.360453,0.337407,0.314788,0.309177,0.251489,0.259275,0.290392,0.190980,0.151487,0.134947,0.072019,0.041933,0.020473,0.021158,
0.389889,0.338622,0.383916,0.412857,0.338929,0.334154,0.465829,0.371058,0.418477,0.334518,0.378407,0.257988,0.316032,0.235261,0.166118,0.133934,0.181112,0.111929,0.044479,0.041052,0.016198,
0.662868,0.654613,0.522072,0.260323,0.382698,0.381278,0.415391,0.303928,0.331366,0.350918,0.309825,0.281888,0.332327,0.261419,0.266822,0.176586,0.202080,0.123704,0.040821,0.051181,0.027030,
0.205297,0.341877,0.262614,0.351143,0.346766,0.517887,0.472448,0.404732,0.308837,0.308194,0.338758,0.294550,0.293679,0.286346,0.193736,0.188104,0.155370,0.107925,0.064536,0.025553,0.042113,
0.238894,0.276636,0.553627,0.360805,0.369361,0.496782,0.546979,0.334657,0.410719,0.424464,0.352867,0.305246,0.256369,0.324484,0.197425,0.184316,0.152697,0.104480,0.053809,0.021643,0.029683,
0.429271,0.368065,0.367171,0.327382,0.478650,0.455805,0.490648,0.369540,0.379806,0.490020,0.484405,0.290264,0.291685,0.321538,0.243823,0.182557,0.186971,0.112733,0.054658,0.020726,0.040649,
0.229577,0.836808,0.318124,0.307679,0.588242,0.432240,0.550475,0.332736,0.371600,0.404600,0.412229,0.338396,0.399444,0.326298,0.259896,0.203646,0.178076,0.085259,0.046872,0.030422,0.009434,
0.168729,0.686912,0.647789,0.513412,0.398619,0.347337,0.404488,0.370137,0.400149,0.400985,0.445075,0.395374,0.348753,0.306693,0.306583,0.261830,0.152792,0.108683,0.074836,0.019736,0.002746,
0.159525,0.262876,0.593655,0.432836,0.294135,0.399506,0.378814,0.472470,0.504839,0.417888,0.477935,0.477947,0.431242,0.361925,0.301413,0.250670,0.217648,0.100014,0.037953,0.033637,0.005357,
0.406484,0.284488,0.520433,0.367971,0.407160,0.582542,0.383938,0.414822,0.407980,0.382394,0.301565,0.367155,0.314063,0.373129,0.418365,0.207264,0.174708,0.072250,0.052058,0.010784,0.004891,
0.108281,0.164055,0.299755,0.370898,0.576550,0.587683,0.489018,0.782373,0.449422,0.508912,0.439761,0.426513,0.471246,0.663478,0.315152,0.256479,0.216741,0.057458,0.017534,0.008408,0.002819,
nan,nan,0.178778,0.454363,nan,0.426771,0.417473,0.938770,0.524317,0.957067,0.475548,0.297535,0.435807,0.231710,0.171774,0.186472,0.079923,0.011077,0.025240,0.004523,0.000214,
nan,0.279727,0.274924,0.369981,0.286755,0.429205,0.552611,0.146314,0.259779,0.388410,0.165970,0.108642,0.134071,0.339893,0.111923,0.151058,0.205573,0.040583,0.018188,0.012496,0.009598,
0.476029,0.294256,0.446696,0.486878,0.393460,0.499432,0.299447,0.296823,0.221271,0.295307,0.327846,0.474797,0.291330,0.244890,0.156116,0.117808,0.079187,0.063752,0.046706,0.037525,0.009568,
0.336308,0.529734,0.374877,0.300723,0.346059,0.303071,0.481432,0.276538,0.321701,0.414992,0.226326,0.208690,0.171145,0.145962,0.228861,0.150699,0.095587,0.073608,0.066837,0.026450,0.010175,
0.319317,0.562931,0.498847,0.375723,0.350148,0.478731,0.352350,0.349672,0.413442,0.319972,0.386065,0.300753,0.227328,0.237968,0.133591,0.179785,0.078879,0.053227,0.091921,0.017606,0.009367,
0.763609,0.419665,0.422394,0.298932,0.298417,0.334834,0.377160,0.260058,0.315424,0.310070,0.242526,0.213462,0.272766,0.255103,0.178547,0.138567,0.108063,0.095367,0.044389,0.017618,0.022602,
2.379581,0.693721,0.431411,0.360279,0.418233,0.364736,0.286041,0.334902,0.292131,0.263585,0.314796,0.266844,0.216752,0.213389,0.142787,0.154410,0.079618,0.065850,0.041389,0.020934,0.016092,
1.454337,0.430219,0.358282,0.368057,0.360656,0.423042,0.395007,0.274180,0.409349,0.267130,0.304119,0.220218,0.247233,0.279509,0.221224,0.138827,0.123667,0.081577,0.034894,0.016507,0.018162,
0.407558,0.321025,0.379726,0.355330,0.375357,0.370758,0.506548,0.398661,0.317141,0.332324,0.396819,0.266042,0.252844,0.272680,0.173494,0.134489,0.132579,0.094488,0.036183,0.036942,0.026170,
1.780931,0.335981,0.454789,0.363498,0.443801,0.418609,0.330397,0.341237,0.385961,0.288368,0.297697,0.287918,0.301684,0.277449,0.222874,0.147604,0.177579,0.093483,0.051913,0.053182,0.027958,
2.276893,0.381126,0.590429,0.279899,0.336960,0.495782,0.485098,0.384146,0.324936,0.274548,0.339721,0.314402,0.289259,0.261287,0.202224,0.160565,0.150493,0.074834,0.069866,0.030865,0.039029,
0.189674,0.340676,0.668208,0.336179,0.405182,0.433049,0.422133,0.337719,0.360065,0.353504,0.375313,0.285394,0.249302,0.264839,0.195115,0.175769,0.120234,0.088501,0.036414,0.035263,0.020437,
0.324939,0.369317,0.397066,0.369393,0.338056,0.467287,0.501086,0.447684,0.282584,0.443161,0.462191,0.365691,0.280186,0.255507,0.247507,0.187240,0.169124,0.095061,0.045939,0.036912,0.010036,
1.294233,0.337064,0.404559,0.339195,0.266747,0.371017,0.605268,0.392930,0.316642,0.450522,0.401680,0.307208,0.372039,0.309507,0.235001,0.172873,0.147307,0.110397,0.065330,0.028735,0.067189,
0.237777,0.238452,0.360320,0.337242,0.431444,0.456993,0.443150,0.427570,0.317379,0.347542,0.350656,0.305345,0.340511,0.259364,0.271120,0.212199,0.163706,0.086222,0.054123,0.022964,0.018000,
0.134451,0.315535,0.188225,0.273754,0.428242,0.438248,0.429342,0.348918,0.303058,0.397062,0.314182,0.336381,0.329942,0.314211,0.275776,0.290247,0.162261,0.143995,0.056563,0.026122,0.003006,
0.615124,0.328868,0.415985,0.338114,0.548488,0.643236,0.539733,0.284095,0.287636,0.353686,0.365439,0.390500,0.300668,0.349421,0.315118,0.257059,0.142475,0.097579,0.043201,0.036469,0.010500,
0.403203,0.286345,0.311965,0.499930,0.403162,0.309895,0.378854,0.352283,0.387413,0.376153,0.340065,0.523431,0.451469,0.442288,0.290017,0.175145,0.204413,0.110224,0.062190,0.011948,0.008536,
0.183088,0.617150,0.172653,0.352751,0.598438,0.302928,0.287534,0.397790,0.529924,0.271983,0.316716,0.353476,0.537775,0.302900,0.266439,0.254639,0.175129,0.079188,0.024097,0.005483,0.000875,
nan,0.128930,0.221787,nan,0.191558,0.163993,0.380265,0.248238,0.692375,0.193543,0.252099,0.288246,0.468760,0.340530,0.168253,0.105911,0.115478,0.046460,0.014979,0.006287,0.000001,
nan,0.367687,0.354924,0.399788,0.562580,0.611806,0.309971,0.236516,0.252263,0.243238,0.318779,0.140466,0.110899,0.084568,0.116387,0.058053,0.634421,0.047575,0.023044,0.009161,0.011622,
0.573473,0.408984,0.363772,0.423327,0.622916,0.332976,0.637537,0.318653,0.199865,0.400555,0.214922,0.214180,0.364754,0.223634,0.161161,0.085108,0.065300,0.067617,0.110280,0.025183,0.011415,
0.252892,0.531460,0.627930,0.700615,0.344098,0.417049,0.413259,0.264299,0.206650,0.302008,0.277493,0.264490,0.225116,0.228030,0.135617,0.258503,0.078415,0.063754,0.049171,0.046656,0.017495,
0.427912,0.426160,0.318108,0.227799,0.475443,0.446625,0.387145,0.422013,0.375447,0.291142,0.235586,0.223448,0.218972,0.243292,0.172489,0.117447,0.104349,0.059577,0.058093,0.019864,0.009209,
0.252777,0.411824,0.372715,0.460194,0.430026,0.441502,0.302583,0.260185,0.297789,0.358630,0.361975,0.347968,0.269137,0.158961,0.148509,0.138154,0.088150,0.048732,0.046064,0.021177,0.026986,
0.225369,0.305950,0.421284,0.396874,0.358244,0.416291,0.442173,0.275622,0.257625,0.270444,0.288754,0.277131,0.208679,0.252796,0.220447,0.139951,0.100609,0.104959,0.053521,0.013368,0.010495,
1.740443,0.378556,0.326790,0.362834,0.410133,0.360541,0.448261,0.342763,0.299680,0.364878,0.341603,0.210246,0.223706,0.155662,0.175394,0.182867,0.146968,0.061992,0.044923,0.027658,0.009866,
0.397362,0.416043,0.326051,0.472150,0.418348,0.400436,0.372534,0.410090,0.459923,0.274476,0.300041,0.281056,0.310564,0.243962,0.168757,0.125670,0.142372,0.079019,0.036262,0.024094,0.012160,
0.339629,0.247217,0.430698,0.663761,0.386092,0.399541,0.465055,0.276625,0.390137,0.290409,0.278637,0.348627,0.277840,0.256515,0.167750,0.146375,0.147909,0.118181,0.056294,0.027424,0.019565,
0.353372,0.402241,0.364132,0.572258,0.384817,0.296045,0.380652,0.352475,0.346836,0.429841,0.288884,0.334295,0.251383,0.246822,0.208838,0.153304,0.169607,0.069867,0.030404,0.022255,0.020518,
3.065553,0.582625,0.427638,0.455546,0.358107,0.373927,0.389495,0.431510,0.282469,0.377411,0.415195,0.289362,0.248120,0.242280,0.241050,0.151132,0.148126,0.086971,0.049389,0.026803,0.012400,
0.357486,0.285827,0.454575,0.399221,0.364893,0.377375,0.340708,0.344864,0.357138,0.408868,0.429523,0.296319,0.333309,0.252311,0.185800,0.228172,0.171435,0.090625,0.053204,0.038056,0.010563,
0.136548,0.457177,0.477275,0.371744,0.427690,0.336056,0.406934,0.460693,0.384310,0.325475,0.308447,0.354841,0.321377,0.266775,0.220495,0.195278,0.130639,0.087946,0.076404,0.024872,0.021505,
1.338142,0.340054,0.349732,0.339101,0.283441,0.398677,0.330047,0.393530,0.325618,0.328953,0.322615,0.284895,0.289909,0.231822,0.251139,0.245631,0.185964,0.125301,0.046848,0.025503,0.011002,
0.164465,0.305245,0.276757,0.300182,0.372001,0.410489,0.371155,0.393912,0.405528,0.354824,0.315294,0.436123,0.282860,0.378847,0.390159,0.268897,0.181503,0.108270,0.040059,0.032431,0.016366,
0.363858,0.158520,0.359507,0.458418,0.336561,0.291914,0.346599,0.337193,0.314647,0.323240,0.349514,0.250329,0.327826,0.486613,0.309508,0.290719,0.136830,0.126717,0.061176,0.026696,0.010338,
nan,2.051574,0.397124,0.842929,0.519414,0.407410,0.295886,0.309160,0.314497,0.493878,0.262185,0.391913,0.600170,0.298331,0.300625,0.304981,0.149062,0.084050,0.095232,0.013316,0.002919,
nan,0.188710,0.299446,1.411093,0.224069,0.564650,0.433304,0.297028,0.587951,0.294464,0.364019,0.264127,0.488725,0.239703,0.335101,0.175148,0.098435,0.121973,0.028373,0.008972,0.001846,
nan,0.245830,0.394997,0.233065,0.235078,nan,0.507165,0.982312,0.163223,0.394299,0.309455,1.080003,0.238563,0.237983,0.092815,0.058588,0.085613,0.049255,0.019028,0.004205,0.000057,
nan,0.453973,0.383967,0.186440,0.722508,0.862201,0.182658,0.261504,0.213609,0.160205,0.245134,0.243236,0.126163,0.094063,0.063063,0.056391,0.043009,0.054428,0.023938,0.019435,0.003565,
0.278456,0.455256,0.378138,0.211636,0.315579,0.353885,0.465196,0.226631,0.367476,0.258239,0.381986,0.177929,0.299339,0.197830,0.199757,0.173536,0.066497,0.076451,0.045758,0.041772,0.009397,
0.286795,0.375660,0.557996,0.462523,0.278703,0.302338,0.285181,0.423203,0.216904,0.301592,0.251537,0.303500,0.209574,0.333290,0.128272,0.091900,0.086701,0.053352,0.026598,0.022828,0.012309,
0.225167,0.326886,0.405090,0.318420,0.375568,0.373563,0.337588,0.301525,0.341529,0.297792,0.320529,0.191797,0.216880,0.285745,0.179797,0.146781,0.063545,0.049980,0.037056,0.020115,0.006861,
0.378726,0.271483,0.333202,0.443786,0.454798,0.287396,0.572666,0.274589,0.297266,0.272441,0.329549,0.302394,0.170266,0.199991,0.142498,0.172064,0.083644,0.063675,0.035782,0.015669,0.004731,
0.738676,0.548816,0.464506,0.356115,0.382138,0.348741,0.436909,0.340696,0.366789,0.382778,0.371568,0.193981,0.251881,0.233124,0.178150,0.167988,0.085103,0.097388,0.037980,0.024202,0.024194,
1.043010,0.325239,0.416873,0.424220,0.436456,0.388077,0.384336,0.357691,0.341931,0.239843,0.311824,0.306523,0.235958,0.291862,0.200153,0.134127,0.090176,0.069363,0.035765,0.016165,0.006946,
0.355166,0.414851,0.450457,0.369907,0.350814,0.347739,0.332795,0.250458,0.371887,0.319092,0.283911,0.316416,0.323456,0.228606,0.174028,0.117724,0.095737,0.079686,0.065941,0.039317,0.032165,
1.487959,0.271726,0.365702,0.352605,0.383254,0.389601,0.366511,0.451257,0.352235,0.319537,0.299239,0.365695,0.225942,0.199114,0.205058,0.191678,0.144437,0.115031,0.051692,0.030908,0.023440,
0.603584,0.334118,0.345597,0.293946,0.351697,0.270650,0.417547,0.336795,0.321049,0.300258,0.381377,0.316329,0.249160,0.250084,0.184524,0.144028,0.139002,0.080098,0.044161,0.024333,0.012309,
0.707268,0.299639,0.420880,0.346853,0.303815,0.267078,0.350469,0.375645,0.350349,0.524681,0.391066,0.278416,0.204897,0.245837,0.151879,0.158128,0.188058,0.095504,0.047755,0.048705,0.018460,
0.129102,0.472946,0.626873,0.363778,0.410758,0.295905,0.298029,0.378731,0.350857,0.307228,0.290713,0.343762,0.342930,0.275944,0.196281,0.195047,0.107302,0.095566,0.055365,0.036668,0.009497,
0.194181,0.327844,0.578802,0.448590,0.526073,0.340074,0.309930,0.328398,0.360350,0.394504,0.252209,0.317678,0.220564,0.239970,0.214334,0.162294,0.220858,0.071309,0.056059,0.026895,0.018894,
0.241389,0.203926,0.298015,0.485349,0.330732,0.432417,0.433356,0.362762,0.335541,0.377844,0.346419,0.361590,0.287344,0.242450,0.455793,0.215070,0.106043,0.112103,0.070448,0.035666,0.012220,
0.261435,0.551376,0.229253,0.404077,0.339861,0.514071,0.359950,0.367770,0.363495,0.358613,0.409701,0.296858,0.315066,0.465171,0.394286,0.263381,0.150877,0.094573,0.059415,0.050065,0.020418,
0.360069,0.189980,0.608340,0.283679,0.435259,0.477719,0.512781,0.426173,0.371590,0.322131,0.352024,0.402205,0.316373,0.366795,0.198494,0.182011,0.229016,0.097122,0.075319,0.027957,0.011875,
0.409666,0.251256,0.921535,0.296018,0.453673,0.330297,0.335491,0.405892,0.326595,0.429562,0.367373,0.372894,0.368790,0.210640,0.270028,0.270574,0.144137,0.056049,0.093667,0.010492,0.003768,
0.123739,0.204714,0.307278,0.269425,0.332168,0.289892,0.398222,0.429653,0.487187,0.316329,0.389821,0.312630,0.347068,0.263781,0.350184,0.377682,0.099230,0.060219,0.048591,0.014060,0.001797,
nan,0.118503,nan,0.360578,0.162042,0.206953,nan,0.267118,nan,0.285125,0.352631,0.142377,0.242184,0.212125,0.181378,0.140768,0.070775,0.085833,0.261312,0.019171,0.003305,
nan,0.350759,0.268653,0.189496,0.262119,0.352116,0.169346,0.161112,0.218163,0.197795,0.213166,0.230667,0.114225,0.121774,0.967204,0.076196,0.067019,0.028932,0.017943,0.022949,0.004533,
0.400152,0.663473,0.341829,0.320116,0.224666,0.351613,0.290139,0.234858,0.313855,0.204408,0.211147,0.328509,0.243216,0.174654,0.166584,0.143053,0.110469,0.046740,0.025406,0.023403,0.012953,
0.218596,0.276056,0.506831,0.359309,0.371334,0.449811,0.288124,0.424194,0.321418,0.301178,0.326590,0.260343,0.259583,0.201115,0.220127,0.125922,0.106877,0.060721,0.029188,0.022977,0.013613,
0.247124,0.342373,0.378970,0.461540,0.379644,0.394225,0.312673,0.299323,0.407520,0.276699,0.312850,0.287296,0.290810,0.266695,0.145602,0.165054,0.106209,0.113426,0.056512,0.017143,0.038434,
0.237071,0.358270,0.395781,0.345108,0.408541,0.335160,0.377027,0.351496,0.273857,0.268123,0.208334,0.300230,0.178300,0.213558,0.197571,0.145526,0.100075,0.059210,0.027655,0.017661,0.010554,
0.435408,0.311208,0.315042,0.437165,0.385172,0.364138,0.397927,0.275450,0.251052,0.399898,0.295552,0.197231,0.210065,0.214280,0.167432,0.154558,0.086059,0.067437,0.037021,0.019225,0.007052,
1.387314,0.396562,0.334226,0.290411,0.308217,0.298935,0.330996,0.281268,0.389003,0.429421,0.306365,0.321736,0.244600,0.242739,0.151938,0.118235,0.125745,0.101786,0.053425,0.023088,0.010324,
1.831487,0.356319,0.317874,0.267105,0.466314,0.448273,0.383291,0.425429,0.462995,0.278327,0.369358,0.239664,0.250691,0.224474,0.169826,0.160065,0.104455,0.089884,0.032344,0.021993,0.053669,
0.500877,0.451290,0.292815,0.395472,0.372807,0.259570,0.428314,0.363094,0.301122,0.336101,0.362152,0.266746,0.265104,0.246894,0.162501,0.176505,0.134869,0.084070,0.053995,0.020826,0.028294,
0.212414,0.286635,0.330033,0.358810,0.426828,0.349247,0.304008,0.297244,0.306791,0.479529,0.368806,0.294740,0.247293,0.269275,0.186543,0.145639,0.118288,0.103812,0.031547,0.027870,0.015716,
0.173721,0.565995,0.353573,0.366171,0.335937,0.374425,0.285342,0.292228,0.319069,0.253104,0.377204,0.275387,0.259763,0.248996,0.227711,0.191549,0.112610,0.101671,0.038723,0.022453,0.012675,
0.337746,0.601088,0.396891,0.358396,0.314013,0.547858,0.316368,0.348715,0.317248,0.338010,0.312241,0.262385,0.226922,0.226573,0.200513,0.140593,0.122594,0.082329,0.068043,0.027861,0.012524,
0.174949,0.433902,0.481138,0.326172,0.497467,0.488132,0.342272,0.428452,0.277692,0.370374,0.308451,0.300358,0.255305,0.324005,0.332086,0.216925,0.159690,0.107925,0.049924,0.027871,0.014767,
1.138277,0.480400,0.515857,0.467464,0.547579,0.469702,0.383106,0.376556,0.383527,0.336778,0.408392,0.269908,0.306121,0.263308,0.397768,0.182278,0.196325,0.061774,0.072950,0.037329,0.024563,
0.182313,0.207490,0.333269,0.366943,0.361444,0.308383,0.426881,0.344640,0.450876,0.416411,0.360062,0.403705,0.330641,0.316328,0.230155,0.200152,0.139768,0.141126,0.056016,0.065235,0.026554,
0.586199,0.274403,0.258968,0.510798,0.260259,0.537194,0.343568,0.451724,0.412750,0.353370,0.488249,0.355534,0.378808,0.299135,0.263134,0.269574,0.215395,0.112337,0.103595,0.020799,0.021875,
0.149692,0.701122,0.398211,0.333332,0.382271,0.315117,0.547295,0.348191,0.484163,0.375379,0.304150,0.301191,0.450711,0.477607,0.237320,0.249742,0.135526,0.061349,0.080052,0.011611,0.010724,
0.417717,0.278512,0.215161,0.657764,0.812860,0.317807,0.457663,0.315228,0.463312,0.399529,0.309215,0.337172,0.214424,0.313653,0.188384,0.186652,0.144435,0.106397,0.052230,0.020402,0.007683,
nan,nan,nan,0.573583,0.572675,0.388724,0.262616,0.124725,0.144489,0.679754,0.092713,0.203379,0.240246,0.139875,0.118944,0.097201,0.073034,0.048103,0.016883,0.009001,0.002018,
nan,0.261685,1.430683,0.302361,0.406078,0.222333,0.573152,0.229194,0.423293,0.165064,0.160527,0.198444,0.213583,0.119970,0.111328,0.142542,0.056173,0.051484,0.025278,0.007871,0.006637,
0.404083,0.579504,0.351942,0.414713,0.501222,0.311950,0.446446,0.367429,0.409323,0.238448,0.188635,0.287491,0.147517,0.137370,0.173134,0.174372,0.096512,0.218609,0.030135,0.025529,0.025354,
0.273726,0.367624,0.397104,0.300565,0.389457,0.493428,0.326837,0.317102,0.427849,0.295659,0.293110,0.219349,0.201121,0.333461,0.113669,0.159481,0.114178,0.050774,0.045047,0.010288,0.004587,
0.338663,0.282998,0.373446,0.294450,0.617250,0.382991,0.359212,0.364870,0.243175,0.430778,0.270004,0.313484,0.228915,0.224134,0.198435,0.171599,0.084337,0.046831,0.072842,0.019369,0.020041,
0.226276,0.242880,0.413289,0.423761,0.425917,0.357491,0.414459,0.383167,0.292071,0.321591,0.279566,0.204668,0.185270,0.212416,0.234064,0.233233,0.162102,0.085110,0.049070,0.026411,0.012622,
0.157220,0.408476,0.377822,0.333028,0.291019,0.372988,0.380185,0.319746,0.342747,0.521293,0.321506,0.244371,0.277445,0.211547,0.203632,0.132901,0.077201,0.064914,0.085329,0.011014,0.012787,
0.513139,0.265545,0.368813,0.305954,0.422201,0.472607,0.345646,0.347535,0.408501,0.261053,0.307502,0.312014,0.284988,0.242032,0.165854,0.131791,0.096677,0.067965,0.043193,0.027946,0.008815,
1.474516,0.264399,0.354576,0.345061,0.346021,0.321471,0.431141,0.365696,0.382710,0.277403,0.297390,0.236928,0.253117,0.197284,0.154441,0.127962,0.094998,0.100087,0.052257,0.018928,0.017635,
0.973507,0.413530,0.429516,0.457226,0.298062,0.355206,0.249461,0.281052,0.287664,0.350096,0.402046,0.360214,0.222017,0.342963,0.210854,0.187570,0.158616,0.050787,0.046517,0.019958,0.012776,
0.318585,0.650860,0.386852,0.468815,0.279735,0.399861,0.344359,0.266989,0.323981,0.287551,0.330534,0.270528,0.273148,0.275973,0.230978,0.120352,0.137167,0.112021,0.033058,0.022558,0.012837,
1.748907,0.335166,0.315309,0.357848,0.319469,0.416403,0.322169,0.405265,0.306076,0.338625,0.343941,0.230803,0.207396,0.199437,0.157424,0.163554,0.166564,0.078273,0.075165,0.054412,0.015018,
0.320653,0.298299,0.355369,0.298065,0.336241,0.363295,0.347311,0.429696,0.313368,0.402077,0.379389,0.266363,0.292139,0.285908,0.223340,0.220151,0.145920,0.074252,0.059583,0.027951,0.014339,
0.153491,0.558803,0.439588,0.241371,0.383759,0.369744,0.393772,0.419288,0.329748,0.265971,0.350433,0.277240,0.266778,0.173775,0.275309,0.254188,0.127431,0.101898,0.054482,0.036530,0.034700,
0.107927,0.225267,0.428990,0.281000,0.505631,0.390112,0.391115,0.415660,0.272009,0.351927,0.342833,0.424825,0.391635,0.271660,0.302734,0.195541,0.125320,0.134752,0.040047,0.025652,0.054077,
0.408781,0.457202,0.434114,0.424228,0.521247,0.378105,0.372259,0.468886,0.324073,0.310100,0.431097,0.428127,0.323562,0.300399,0.190752,0.198804,0.188645,0.197401,0.042704,0.040936,0.015864,
0.303284,0.514878,0.229333,0.613407,0.332267,0.426452,0.321843,0.358668,0.288422,0.321492,0.390925,0.435238,0.345643,0.327491,0.219805,0.238136,0.150648,0.067660,0.058717,0.046620,0.026161,
0.864636,0.206380,0.415044,0.197679,0.709239,0.529045,0.363415,0.255321,0.304426,0.384193,0.514499,0.256798,0.249394,0.364457,0.324934,0.237905,0.155591,0.106504,0.040682,0.043709,0.012185,
0.231676,0.935561,0.333954,0.392153,0.391991,0.304133,0.340057,0.673393,0.258277,0.420745,0.220816,0.407788,0.185039,0.248526,0.366590,0.109387,0.223061,0.104390,0.064630,0.021899,0.005282,
nan,0.143144,0.147138,nan,0.300847,nan,0.489006,0.710482,3.082951,0.173785,0.318090,0.581324,0.223507,0.139315,1.259463,0.197030,0.082861,0.056158,0.020061,0.010801,0.012513,
nan,0.520805,0.335441,0.263217,0.419912,1.073330,0.238945,0.322165,0.217816,0.138761,0.145141,0.197880,0.344834,0.145244,0.082207,0.119309,0.043412,0.238097,0.025701,0.012112,0.007721,
0.210039,0.506075,0.358211,0.348310,0.600662,0.387192,0.356662,0.345323,0.239112,0.221367,0.483052,0.309899,0.172064,0.224235,0.150834,0.077078,0.069834,0.140789,0.038500,0.025992,0.008973,
0.593814,0.212606,0.405539,0.347975,0.448050,0.408907,0.468278,0.291603,0.318070,0.432737,0.375438,0.196075,0.174282,0.252071,0.194495,0.099960,0.139889,0.143634,0.033102,0.017074,0.033331,
0.364475,0.385284,0.405621,0.397296,0.374221,0.409166,0.435128,0.352351,0.359875,0.312935,0.356399,0.394789,0.176496,0.290430,0.114837,0.175325,0.068470,0.056971,0.023179,0.025015,nan,
0.352762,0.474552,0.407303,0.325071,0.356763,0.365487,0.388702,0.268056,0.315677,0.376870,0.259789,0.195349,0.227699,0.189726,0.204798,0.186359,0.061358,0.086189,0.036178,0.015496,0.008236,
0.268746,0.548461,0.433812,0.335911,0.337008,0.402931,0.305207,0.365721,0.282539,0.369433,0.320476,0.309557,0.200294,0.185640,0.217142,0.106431,0.132514,0.058440,0.061948,0.029871,0.025770,
0.253244,0.385464,0.364657,0.438861,0.327990,0.384902,0.434554,0.416993,0.387551,0.238924,0.373053,0.249246,0.270228,0.205190,0.163115,0.111248,0.096048,0.110795,0.049945,0.021338,0.040041,
0.641576,0.292104,0.390571,0.497981,0.381948,0.341590,0.300426,0.306675,0.323679,0.250559,0.388202,0.237867,0.219036,0.218452,0.218298,0.163164,0.113952,0.131744,0.030457,0.016577,0.019511,
0.486966,0.260672,0.336616,0.497941,0.387275,0.393193,0.359945,0.279060,0.301986,0.311070,0.286370,0.438587,0.211689,0.275204,0.156617,0.136687,0.121697,0.068973,0.043323,0.016505,0.035002,
2.050429,0.285571,0.457892,0.410203,0.315476,0.356210,0.323565,0.466759,0.299367,0.388597,0.331712,0.200657,0.174280,0.188227,0.225734,0.161996,0.109839,0.070042,0.059794,0.029324,0.010001,
0.902430,0.258351,0.395242,0.440371,0.265202,0.381854,0.319433,0.348637,0.319947,0.415428,0.374681,0.270701,0.248795,0.234752,0.183153,0.157291,0.124003,0.082395,0.088328,0.033670,0.022292,
0.326017,0.447630,0.354682,0.343182,0.360222,0.300239,0.299728,0.326794,0.328422,0.291354,0.232998,0.325247,0.353622,0.196585,0.211266,0.178623,0.169898,0.084408,0.086386,0.024529,0.013718,
0.190350,0.311604,0.321477,0.342666,0.305533,0.380710,0.282919,0.362044,0.264623,0.291433,0.267206,0.386312,0.346491,0.260171,0.201447,0.250539,0.106523,0.093594,0.069393,0.024626,0.034580,
0.237903,0.323194,0.315935,0.291337,0.459657,0.405137,0.384372,0.269224,0.286499,0.266515,0.350740,0.415229,0.314866,0.242870,0.242985,0.173614,0.140345,0.090661,0.060835,0.026242,0.012027,
0.475432,0.268088,0.698034,0.375042,0.443534,0.439888,0.386257,0.315933,0.368163,0.300738,0.295743,0.329160,0.283917,0.311447,0.252255,0.184136,0.163075,0.176584,0.051936,0.031013,0.017116,
0.146298,0.653573,0.528413,0.494144,0.431423,0.377212,0.492586,0.286711,0.369591,0.271017,0.387154,0.267075,0.328112,0.285384,0.344372,0.213182,0.270624,0.096107,0.044463,0.044064,0.012945,
0.267531,0.177350,0.144287,0.705765,0.315699,0.456684,0.326362,0.423299,0.299185,0.246933,0.287807,0.193245,0.328086,0.204978,0.189063,0.167715,0.202229,0.127904,0.096701,0.038647,0.023978,
nan,0.373976,0.694110,0.865419,0.537456,0.351262,0.258894,0.583762,0.240400,0.281647,0.563814,0.596253,0.330021,0.458011,0.413925,0.279429,0.121783,0.054010,0.065109,0.018233,0.006000,
nan,0.625276,0.078131,nan,nan,0.196274,0.181041,nan,0.126040,0.412488,0.338801,0.403389,0.326258,0.091162,0.083174,0.092540,0.101592,0.081982,0.069427,0.028669,0.011643,
nan,0.460884,0.478454,0.265542,0.436231,0.221831,0.202361,0.259565,0.660616,0.202869,0.967651,0.399332,0.186886,0.083445,0.077305,0.107001,0.136347,0.066069,0.040353,0.012921,0.010470,
0.331006,0.320201,0.251391,0.474670,0.508508,0.528365,0.487869,0.314207,0.266775,0.331577,0.308463,0.200738,0.520921,0.163992,0.148812,0.094653,0.112302,0.200769,0.055496,0.014174,0.008600,
0.759769,0.427467,0.364995,0.353532,0.351195,0.317850,0.298090,0.341349,0.268292,0.257582,0.412035,0.327222,0.162432,0.207338,0.245529,0.171252,0.072549,0.104198,0.043044,0.020144,0.011237,
0.309973,0.472335,0.432684,0.364340,0.397033,0.330816,0.300141,0.436207,0.268647,0.281909,0.208956,0.183894,0.195847,0.168799,0.216785,0.100877,0.048149,0.042152,0.041299,0.020032,0.007891,
0.537924,0.316507,0.590129,0.479516,0.358321,0.394155,0.351601,0.314840,0.344228,0.301356,0.225249,0.358056,0.250345,0.184541,0.171002,0.113111,0.097667,0.070276,0.025034,0.014610,0.017165,
0.219712,0.289418,0.427948,0.304048,0.423445,0.387859,0.404240,0.336311,0.373534,0.299145,0.302345,0.405411,0.198255,0.244924,0.189615,0.156856,0.087733,0.063096,0.034274,0.031438,0.010319,
0.229803,0.422091,0.337271,0.334282,0.363507,0.355118,0.350273,0.312415,0.425909,0.319852,0.285272,0.270514,0.214738,0.213780,0.176111,0.134452,0.104335,0.067154,0.036536,0.020532,nan,
1.055833,0.284592,0.299976,0.276308,0.333806,0.478344,0.326998,0.298747,0.344235,0.327533,0.267472,0.292417,0.230023,0.249309,0.148939,0.130194,0.181863,0.068470,0.055977,0.017134,0.012993,
1.066996,0.255350,0.339501,0.367200,0.289576,0.331744,0.337204,0.395702,0.298747,0.342283,0.304452,0.224198,0.228584,0.226616,0.240591,0.171560,0.105890,0.099796,0.083246,0.022466,0.008348,
0.233949,0.280287,0.344008,0.333850,0.298706,0.322503,0.419878,0.389930,0.326383,0.359441,0.287909,0.274122,0.251724,0.232102,0.150808,0.172887,0.092448,0.066169,0.036319,0.033249,0.008859,
0.218422,0.610056,0.338166,0.365158,0.392978,0.315938,0.492222,0.377005,0.346437,0.355419,0.345334,0.295364,0.311401,0.280140,0.151824,0.151979,0.128577,0.080707,0.034352,0.024848,0.021360,
0.115563,0.270639,0.276516,0.376838,0.393972,0.354768,0.427447,0.410357,0.306518,0.281582,0.271620,0.325060,0.327223,0.263380,0.204646,0.201342,0.099315,0.062212,0.060213,0.023711,0.013863,
0.558579,0.580869,0.505614,0.368820,0.351758,0.429676,0.393292,0.393277,0.378173,0.310039,0.311599,0.295889,0.243971,0.319704,0.218601,0.144650,0.136666,0.092591,0.093020,0.021639,0.013540,
0.265209,0.403418,0.490185,0.349069,0.299050,0.437965,0.325995,0.359643,0.265356,0.415621,0.226867,0.295954,0.265471,0.182728,0.175929,0.144340,0.147139,0.104344,0.057117,0.024890,0.144986,
0.397945,0.268552,0.368609,0.329020,0.233887,0.456858,0.389317,0.282477,0.354405,0.277241,0.336222,0.315414,0.238909,0.335420,0.296505,0.191574,0.165543,0.163762,0.053153,0.029050,0.020146,
0.127885,0.196846,0.291505,0.356379,0.622692,0.278736,0.304264,0.361329,0.487519,0.389270,0.370713,0.305967,0.245111,0.234848,0.279144,0.217563,0.138169,0.138325,0.095949,0.062770,0.018263,
3.311476,0.285319,0.266049,0.289768,0.432935,0.358039,0.354823,0.378745,0.300074,0.275289,0.348021,0.463774,0.204061,0.268218,0.229457,0.190530,0.201116,0.089726,0.121824,0.036185,0.006653,
nan,0.232569,0.506269,0.459581,0.256411,0.410553,0.353131,0.293162,0.415188,0.279670,0.565530,0.310028,0.549899,0.265785,0.221347,0.153578,0.100276,0.110404,0.086440,0.029488,0.010478,
nan,nan,2.394899,0.358060,nan,nan,1.212923,0.201163,0.123116,0.334181,0.206610,0.124990,0.170206,0.541052,0.171689,0.132133,0.210690,0.053448,0.001142,0.011334,0.002164,
nan,0.208822,0.317858,0.451040,0.362575,0.537041,0.337556,0.273026,0.376704,0.925623,0.216747,0.218781,0.146917,0.153568,0.088285,0.089313,0.071914,0.088192,0.026885,0.009945,0.017734,
0.786138,0.261730,0.353604,0.357411,0.303390,0.325355,0.713938,0.252750,0.383485,0.229621,0.241824,0.200122,0.168459,0.207710,0.178201,0.103169,0.082402,0.070840,0.053124,0.011329,0.016928,
0.580707,0.711892,0.377853,0.458117,0.405568,0.426848,0.308012,0.307474,0.312647,0.321273,0.282727,0.205761,0.241832,0.260410,0.169431,0.115404,0.128751,0.047596,0.028814,0.018534,0.011868,
0.377888,0.358255,0.505480,0.378545,0.371430,0.357649,0.362177,0.264878,0.287153,0.328301,0.287412,0.280608,0.335670,0.216030,0.210061,0.151164,0.129647,0.087879,0.056488,0.017231,0.023612,
0.306314,0.330708,0.347941,0.331297,0.375775,0.381400,0.309905,0.306640,0.324500,0.322012,0.314764,0.209123,0.234253,0.184324,0.170067,0.213681,0.150867,0.059517,0.063732,0.061978,0.010057,
0.254864,0.340238,0.573603,0.381120,0.370329,0.450347,0.389720,0.460918,0.391512,0.445123,0.289229,0.308495,0.245493,0.206474,0.229637,0.109771,0.080328,0.066830,0.053949,0.023392,0.010219,
0.490201,0.419457,0.426665,0.317184,0.336575,0.456408,0.320995,0.337992,0.315384,0.272052,0.341093,0.215440,0.229021,0.201783,0.155315,0.109667,0.128616,0.058501,0.072132,0.021558,0.022862,
0.625918,0.532706,0.463212,0.301904,0.359565,0.302946,0.370919,0.360043,0.275921,0.364177,0.295772,0.362623,0.211565,0.293864,0.268805,0.155919,0.107101,0.121798,0.055475,0.017874,0.016158,
0.491792,0.375519,0.397347,0.285124,0.418643,0.312133,0.339335,0.406462,0.364388,0.332879,0.288806,0.237061,0.234753,0.291931,0.154990,0.140597,0.137918,0.054763,0.035749,0.025100,0.037440,
0.367958,0.251031,0.378841,0.295218,0.356655,0.296090,0.400948,0.410292,0.358650,0.347657,0.358016,0.335797,0.212012,0.246121,0.175718,0.168372,0.115043,0.093626,0.039589,0.025646,0.021955,
0.692666,0.275101,0.472226,0.330031,0.318432,0.427212,0.433054,0.461029,0.376651,0.313369,0.319679,0.333781,0.306362,0.277180,0.159590,0.184897,0.127405,0.097891,0.068017,0.021213,0.038786,
0.161752,0.288835,0.315054,0.367643,0.344940,0.545313,0.607333,0.362268,0.350285,0.304203,0.283633,0.287257,0.264959,0.261359,0.266658,0.163301,0.116290,0.056529,0.072370,0.026246,0.015203,
0.111033,0.296024,0.478775,0.343917,0.354910,0.426762,0.387202,0.327242,0.300894,0.411256,0.260960,0.326558,0.311721,0.253906,0.191871,0.149094,0.132881,0.104182,0.067149,0.018337,0.016758,
0.206911,0.328097,0.311505,0.284604,0.243352,0.359867,0.486273,0.299625,0.314366,0.398062,0.313309,0.333993,0.214051,0.203184,0.199389,0.170489,0.115948,0.136028,0.049409,0.027235,0.012288,
nan,0.195911,0.634315,0.472665,0.355095,0.387569,0.394696,0.374556,0.226546,0.382614,0.238970,0.257800,0.281632,0.270658,0.284934,0.189654,0.209495,0.100562,0.079715,0.028354,0.011999,
nan,0.738113,0.305647,0.262846,0.361653,0.466669,0.362882,0.447727,0.470773,0.317660,0.276474,0.411199,0.312213,0.238870,0.220482,0.219051,0.123759,0.150161,0.072789,0.051699,0.041826,
nan,0.207753,0.265156,0.447572,0.500937,0.241518,0.269071,0.318516,0.453679,0.238581,0.281249,0.511084,0.278050,0.389416,0.207352,0.268435,0.133783,0.076718,0.082861,0.035087,0.013181,
nan,0.684703,0.469210,0.464633,0.274049,0.732837,0.372304,0.216111,0.357344,0.202347,0.390675,0.409128,0.319861,0.168412,0.283211,0.308193,0.235323,0.070074,0.119370,0.036027,0.011092,
nan,0.098791,0.243152,0.731550,0.185606,0.468558,0.252109,0.744500,0.355645,0.111022,0.124273,0.154879,0.232306,0.192762,0.209460,0.112038,0.081448,0.041990,0.030350,0.021968,0.011400,
nan,0.207776,0.317910,0.799201,0.182047,0.487152,0.209443,0.258680,0.279845,0.239465,0.326392,0.212163,0.195997,0.098992,0.061501,0.073654,0.075128,0.033786,0.048336,0.048839,0.024281,
0.253661,0.322189,0.646620,0.519273,0.537767,0.385877,0.342831,0.267699,0.319023,0.311473,0.263059,0.298432,0.235638,0.167577,0.106662,0.088237,0.096341,0.040548,0.075057,0.020282,0.006704,
0.657359,0.342754,0.547763,0.493068,0.344094,0.349547,0.450782,0.411153,0.266598,0.275983,0.312274,0.282724,0.211265,0.357252,0.102107,0.095757,0.086240,0.077227,0.027636,0.023494,0.015099,
0.506386,0.421603,0.417373,0.403114,0.367496,0.435135,0.334330,0.281912,0.317822,0.338445,0.350597,0.310788,0.185668,0.217964,0.179300,0.175183,0.102207,0.070872,0.040277,0.014724,0.012488,
0.359719,0.351943,0.680487,0.426968,0.397111,0.380194,0.335112,0.322217,0.325784,0.303963,0.344735,0.229996,0.229956,0.249057,0.210209,0.228202,0.069153,0.056551,0.038728,0.021629,0.010382,
0.540511,0.311567,0.342090,0.310301,0.478342,0.393173,0.388314,0.396862,0.343242,0.324960,0.303562,0.401600,0.203064,0.176168,0.184835,0.142026,0.115910,0.072323,0.037438,0.033277,0.015960,
0.236152,0.392783,0.318465,0.307702,0.354522,0.429734,0.374581,0.428231,0.302846,0.245671,0.315637,0.257266,0.209211,0.194903,0.178825,0.103133,0.211199,0.070394,0.043912,0.030712,nan,
0.327731,0.589376,0.363692,0.386813,0.358800,0.306209,0.339819,0.388098,0.377300,0.290422,0.256207,0.213824,0.227342,0.274878,0.140947,0.122147,0.145240,0.101012,0.070859,0.016831,0.012023,
0.571981,0.350253,0.429791,0.444944,0.369781,0.376849,0.404891,0.358795,0.341214,0.387198,0.348761,0.231283,0.165388,0.239052,0.154075,0.169054,0.109817,0.068804,0.071894,0.024696,0.012121,
0.976097,0.524667,0.508950,0.507088,0.404866,0.357726,0.450867,0.369693,0.520801,0.264681,0.294094,0.297268,0.260626,0.241560,0.187006,0.136290,0.105045,0.137675,0.036958,0.030359,0.023349,
0.279342,0.271749,0.573964,0.427338,0.338244,0.319601,0.393597,0.372777,0.327528,0.387591,0.349034,0.288710,0.286559,0.238714,0.170708,0.138063,0.156669,0.073156,0.065925,0.017758,0.031674,
nan,0.685714,0.520497,0.458006,0.317310,0.334332,0.403256,0.394831,0.410832,0.382625,0.276303,0.279102,0.293591,0.202918,0.202752,0.148476,0.117837,0.058724,0.078803,0.022353,0.012444,
0.617747,0.226215,0.293972,0.343751,0.304990,0.319005,0.464650,0.340168,0.429362,0.346314,0.312878,0.292991,0.251755,0.253922,0.165010,0.124575,0.106591,0.087450,0.046012,0.027262,0.014046,
0.169725,0.770918,0.365702,0.500157,0.337577,0.382871,0.315605,0.386278,0.388471,0.325199,0.263253,0.309259,0.346144,0.236668,0.209164,0.178455,0.102977,0.116916,0.055320,0.026145,0.013818,
nan,0.310080,0.215202,0.297560,0.405005,0.323748,0.376877,0.299648,0.341394,0.301797,0.314964,0.380629,0.292238,0.222016,0.269311,0.174325,0.197096,0.076254,0.063935,0.059839,0.013352,
nan,0.278472,0.539298,0.371144,0.376165,0.389096,0.290522,0.338172,0.307951,0.309008,0.255777,0.269171,0.357174,0.451804,0.239729,0.207224,0.136893,0.146091,0.077572,0.041333,0.024023,
nan,0.242050,0.402147,0.505916,0.241351,0.354824,0.414100,0.272050,0.444673,0.252323,0.306520,0.328392,0.267597,0.303194,0.222977,0.179875,0.198877,0.078451,0.055983,0.038048,0.034336,
nan,0.250522,0.163680,0.275467,0.298495,0.564405,0.339605,0.437946,0.366671,0.253224,0.171897,0.208607,0.149988,0.336135,0.189100,0.156473,0.150499,0.067816,0.096508,0.037956,0.031766,
nan,nan,nan,nan,nan,0.193445,0.198067,0.275793,0.148137,0.228462,0.527283,0.890356,0.559059,0.192059,0.603682,0.234676,0.111364,0.037871,nan,0.026996,0.042609,
nan,0.573994,0.300730,0.246607,0.264547,0.303250,0.162653,0.254003,0.175849,nan,0.118546,0.092421,0.218942,0.085610,0.197606,0.076652,0.039055,0.025496,0.054653,0.009498,nan,
1.294426,0.570509,0.572538,0.480427,0.360304,0.362911,0.286231,0.351751,0.232291,0.452150,0.520613,0.200843,0.166640,0.206007,0.103253,0.076431,0.077089,0.106946,0.050124,0.038092,nan,
0.605826,0.382819,0.477584,0.448703,0.387307,0.462696,0.358408,0.286968,0.411581,0.343625,0.327610,0.224279,0.229276,0.431835,0.134650,0.121493,0.073846,0.051391,0.034261,0.010347,nan,
0.435668,0.545309,0.493583,0.399396,0.491955,0.291753,0.455603,0.394204,0.315825,0.400483,0.269016,0.237550,0.222453,0.270408,0.184764,0.155470,0.065217,0.063214,0.038612,0.044983,nan,
0.250197,0.564016,0.361433,0.357985,0.472055,0.378792,0.403273,0.319553,0.288527,0.351432,0.310823,0.319285,0.281823,0.212585,0.239608,0.097000,0.078743,0.081663,0.028777,0.018104,0.013547,
0.499043,0.547523,0.355832,0.425936,0.429943,0.356305,0.310657,0.351287,0.341351,0.304419,0.239211,0.293689,0.221399,0.200025,0.197243,0.122115,0.092698,0.066052,0.027208,0.016119,0.008308,
0.355701,0.498801,0.301239,0.393900,0.369607,0.363507,0.355697,0.408837,0.329803,0.302150,0.303257,0.323103,0.196780,0.244322,0.147209,0.108965,0.115962,0.057499,0.074991,0.019146,0.014930,
0.415578,0.472584,0.320242,0.362223,0.351780,0.338834,0.310074,0.389483,0.389019,0.379585,0.330408,0.239215,0.263882,0.255587,0.247879,0.123200,0.125226,0.094254,0.078604,0.021175,0.012988,
0.140563,0.510341,0.317092,0.344266,0.283881,0.335624,0.360961,0.351147,0.280989,0.298106,0.301411,0.218664,0.260084,0.196095,0.199814,0.144406,0.103784,0.044139,0.083618,0.021074,0.025095,
0.133220,0.305371,0.553372,0.397954,0.280488,0.364723,0.342379,0.278648,0.339559,0.430690,0.300710,0.244328,0.269711,0.252874,0.161817,0.110476,0.124382,0.064805,0.041075,0.031701,0.009841,
nan,0.247907,0.454994,0.537459,0.279571,0.393164,0.412174,0.406380,0.455248,0.326028,0.285059,0.315227,0.291571,0.195089,0.227029,0.158362,0.126128,0.128854,0.060580,0.021111,0.027060,
1.204994,0.350321,0.625450,0.348366,0.288058,0.335867,0.380499,0.364083,0.422345,0.241504,0.317257,0.310657,0.256274,0.227279,0.189177,0.149138,0.138492,0.056332,0.065625,0.023250,0.013865,
0.190823,0.413464,0.576473,0.410388,0.326353,0.309555,0.303349,0.473072,0.329929,0.326702,0.362429,0.286624,0.355963,0.208876,0.202571,0.151355,0.120432,0.074794,0.038904,0.021586,0.014498,
nan,0.552392,0.313080,0.340806,0.312567,0.261371,0.290981,0.492725,0.295787,0.316062,0.350642,0.357363,0.313104,0.228185,0.213490,0.202079,0.114038,0.080191,0.072262,0.030304,0.012711,
0.326925,0.477724,0.600067,0.329496,0.333141,0.297120,0.342636,0.519971,0.343749,0.520760,0.251291,0.246752,0.282575,0.420598,0.199404,0.195473,0.153524,0.079287,0.056465,0.065572,0.015295,
nan,0.209497,0.694221,0.409828,0.369835,0.290319,0.508419,0.379256,0.485773,0.335122,0.356387,0.298285,0.244928,0.353827,0.192965,0.191538,0.145762,0.157023,0.059544,0.074883,0.025756,
nan,0.204434,0.293603,0.406227,0.378365,0.393383,0.308758,0.311375,0.368753,0.408217,0.337492,0.274834,0.222447,0.324942,0.183155,0.219813,0.176450,0.060592,0.062373,0.043795,0.018354,
nan,0.144677,0.208977,0.338227,0.342868,0.357846,0.324991,0.539761,0.300038,0.331554,0.625623,0.220829,0.296242,0.265668,0.148086,0.187703,0.089857,0.072842,0.058951,0.034763,0.023808,
nan,nan,nan,nan,nan,0.146911,0.275106,0.298879,0.188473,0.194204,0.714328,0.178576,0.219569,0.143986,0.181385,0.114359,0.195140,0.104736,0.028223,0.025440,0.030617,
nan,0.317152,0.255028,0.700405,0.226592,0.358230,0.160811,0.209033,0.195030,0.156685,0.307663,0.148226,0.824218,0.077059,0.076033,0.074656,0.035915,0.025331,0.039500,0.006754,nan,
0.461111,0.213064,0.354689,0.467619,0.328777,0.351085,0.212340,0.489376,0.443299,0.278272,0.335621,0.338196,0.313834,0.195447,0.127894,0.186980,0.079946,0.090130,0.116808,0.020933,nan,
0.491421,0.458473,0.455512,0.309762,0.442476,0.394115,0.365899,0.271724,0.503143,0.347726,0.245129,0.193982,0.202735,0.322540,0.155726,0.131566,0.083857,0.053737,0.025063,0.032783,0.005289,
0.654407,0.490169,0.412497,0.478136,0.325736,0.434953,0.302502,0.299852,0.317937,0.305523,0.207486,0.257521,0.159087,0.173402,0.146839,0.116352,0.053529,0.048658,0.034042,0.017512,0.010778,
0.391885,0.470812,0.462161,0.229290,0.503448,0.384967,0.460718,0.381414,0.427529,0.361986,0.275725,0.226415,0.290410,0.203781,0.182705,0.204498,0.156646,0.066668,0.045311,0.031237,0.010590,
0.152389,0.309245,0.358479,0.414529,0.396560,0.362703,0.355595,0.608310,0.329609,0.451417,0.286835,0.292940,0.226067,0.159592,0.149176,0.156838,0.130987,0.070545,0.059510,0.042955,0.006853,
0.276530,0.375095,0.395979,0.366689,0.358641,0.317053,0.335817,0.379861,0.293564,0.295393,0.295026,0.284915,0.217869,0.180170,0.171900,0.092673,0.152923,0.067483,0.037387,0.038645,0.008414,
0.209579,0.263658,0.301650,0.309990,0.307356,0.284590,0.341865,0.380260,0.409341,0.298325,0.243482,0.215809,0.216898,0.279920,0.142064,0.125146,0.121856,0.090435,0.092008,0.017280,0.010927,
0.354422,0.524261,0.344955,0.427853,0.280278,0.313772,0.366379,0.299427,0.378038,0.264787,0.370030,0.241050,0.307831,0.210622,0.133779,0.094400,0.134932,0.068794,0.035700,0.026431,0.015379,
0.184240,0.579199,0.317954,0.421522,0.348642,0.403420,0.360292,0.325633,0.312151,0.270777,0.303389,0.324607,0.203631,0.232260,0.164916,0.138343,0.178521,0.114352,0.033787,0.028165,0.011821,
0.213688,0.689546,0.455124,0.282870,0.359511,0.406549,0.364558,0.384235,0.420394,0.201962,0.310390,0.298826,0.317615,0.185591,0.193710,0.127981,0.126024,0.056262,0.067261,0.020255,0.027918,
nan,0.314303,0.433305,0.429831,0.397210,0.434628,0.372606,0.372290,0.336931,0.330024,0.242827,0.248490,0.291294,0.246200,0.231686,0.124209,0.138956,0.063285,0.077745,0.045049,0.014446,
nan,0.348066,0.621022,0.406100,0.325020,0.383204,0.422178,0.392198,0.323575,0.275337,0.331313,0.331849,0.253273,0.221073,0.192250,0.146966,0.122902,0.083720,0.048408,0.022117,0.014711,
0.188639,0.454713,0.387812,0.363754,0.259191,0.421952,0.494502,0.367429,0.313626,0.376668,0.381398,0.256014,0.322559,0.237316,0.295130,0.181538,0.139237,0.082681,0.078652,0.023064,0.017383,
nan,0.280514,0.320276,0.321414,0.366223,0.316576,0.346822,0.408336,0.337225,0.302685,0.335195,0.339706,0.307656,0.259186,0.195534,0.162045,0.138221,0.111042,0.056402,0.028826,0.014746,
0.377279,0.525689,0.569226,0.470211,0.340047,0.341352,0.346798,0.356567,0.272750,0.298782,0.277920,0.289952,0.277428,0.251211,0.228960,0.224767,0.188560,0.130319,0.061415,0.061479,0.024540,
nan,0.234440,0.534871,0.252868,0.375213,0.434685,0.355096,0.421367,0.384611,0.283458,0.251007,0.240861,0.297231,0.422079,0.149582,0.175925,0.136701,0.082692,0.054206,0.043250,0.018247,
nan,0.197135,1.268364,1.143829,0.327558,0.382101,0.316633,0.509561,0.241792,0.167308,0.281773,0.226589,0.361980,0.303713,0.187622,0.177649,0.214648,0.154653,0.056459,0.033800,0.063789,
nan,nan,nan,3.204047,0.459776,0.397618,0.776507,0.302259,0.259411,0.174550,0.129156,0.143825,0.218167,0.372837,0.205299,0.481670,0.094115,0.063909,0.051354,0.023302,0.020389,
nan,0.273365,1.049368,0.380297,0.322515,0.264907,0.350026,0.247120,0.192601,0.198567,0.253355,0.241026,0.142471,0.114698,0.138865,0.069156,0.059725,0.027106,0.035840,0.022190,nan,
0.350766,0.370049,0.300948,0.408622,0.352082,0.278732,0.595768,0.303509,0.207743,0.256348,0.283856,0.280153,0.227749,0.205036,0.115883,0.276132,0.067204,0.052237,0.031245,0.017594,nan,
0.381345,0.474180,0.319268,0.453359,0.347950,0.406824,0.297625,0.273579,0.314694,0.343778,0.280213,0.302936,0.145191,0.174540,0.139185,0.222282,0.085831,0.075262,0.036198,0.017119,0.037230,
0.266375,0.384380,0.373472,0.429221,0.368921,0.384893,0.353653,0.277206,0.297607,0.361553,0.325176,0.230338,0.257862,0.215128,0.200258,0.157451,0.094461,0.068400,0.039398,0.015699,0.010886,
0.493878,0.373048,0.419228,0.380195,0.401362,0.326870,0.357601,0.379954,0.365112,0.328615,0.312865,0.339848,0.179814,0.242417,0.160111,0.150011,0.092076,0.070028,0.048245,0.034833,0.008640,
0.518620,0.548683,0.355488,0.404572,0.413182,0.339096,0.586881,0.444043,0.303521,0.275140,0.280652,0.319808,0.333855,0.246530,0.227500,0.149029,0.087131,0.076965,0.033700,0.018921,0.008176,
0.248246,0.367057,0.318944,0.414268,0.321422,0.298520,0.339932,0.472718,0.403831,0.325505,0.284611,0.343365,0.222243,0.236522,0.155122,0.124759,0.083713,0.046527,0.057772,0.023888,0.013156,
0.263158,0.362828,0.314794,0.547774,0.299841,0.318703,0.321857,0.368633,0.410175,0.349167,0.303313,0.199501,0.197958,0.183703,0.217859,0.122938,0.129083,0.099456,0.101876,0.025086,0.012866,
0.436886,0.281841,0.373573,0.449055,0.421277,0.381225,0.270546,0.403740,0.325668,0.366467,0.367178,0.281027,0.204503,0.241721,0.156057,0.138746,0.094710,0.071390,0.057439,0.019283,0.012558,
0.412240,0.288200,0.441409,0.420451,0.453138,0.383420,0.376513,0.297410,0.457903,0.226156,0.232024,0.312234,0.260608,0.184682,0.167920,0.115735,0.208797,0.097020,0.034458,0.034990,0.028879,
0.266439,0.354212,0.413376,0.430586,0.349206,0.332655,0.343825,0.367058,0.342832,0.402524,0.344915,0.342157,0.291951,0.197189,0.185551,0.119145,0.105937,0.082770,0.049746,0.023680,0.032296,
0.226485,0.352931,0.435834,0.317326,0.413630,0.371219,0.450598,0.345907,0.350742,0.321437,0.240815,0.250611,0.350313,0.199702,0.220361,0.133735,0.124880,0.079285,0.069180,0.045073,0.009289,
0.209003,0.623361,0.257973,0.392165,0.408505,0.363915,0.357000,0.375096,0.275896,0.317612,0.346528,0.358981,0.316222,0.180840,0.186626,0.188274,0.123072,0.077766,0.076404,0.021799,0.013443,
0.834460,0.205080,0.614997,0.248124,0.481081,0.378942,0.358594,0.404696,0.382415,0.284598,0.346637,0.326773,0.301013,0.228449,0.201609,0.213729,0.139611,0.101106,0.078562,0.028305,0.022075,
nan,0.471608,0.519116,0.319047,0.397242,0.387365,0.438613,0.446252,0.367213,0.314240,0.295854,0.257533,0.215757,0.194131,0.249483,0.152419,0.196109,0.111130,0.063715,0.069536,0.017345,
0.301167,0.179621,0.394064,0.399207,0.225467,0.352135,0.379147,0.522091,0.282815,0.311879,0.302756,0.277417,0.227112,0.335772,0.184875,0.321978,0.221118,0.111877,0.054719,0.030204,0.015982,
nan,0.325066,0.229589,0.337720,0.598409,0.259871,0.307429,0.412819,0.311066,0.330788,0.228427,0.238737,0.226361,0.202549,0.344211,0.194964,0.218801,0.133217,0.064841,0.050025,0.018974,
nan,0.268426,0.184950,0.269424,0.275346,0.297690,0.355430,0.312008,0.350860,0.466372,0.243940,0.273355,0.159721,0.118968,0.344626,0.294700,0.146406,0.173711,0.079684,0.045637,0.196247,
nan,nan,0.246334,1.512077,0.127756,nan,0.432775,0.178604,0.185466,0.349936,0.166479,0.135420,0.166625,0.139046,0.506627,0.122820,0.105140,0.488196,0.037701,0.023989,0.023407,
nan,0.399960,0.254670,0.390336,0.217965,0.188477,0.190386,0.416301,0.240918,0.129805,0.224212,0.133863,0.130558,0.134198,0.320264,1.158402,0.056601,0.058182,0.016131,0.012493,nan,
0.280757,0.744840,0.391836,0.329345,0.489071,0.338326,0.269311,0.288947,0.507735,0.277520,0.275893,0.413600,0.293353,0.164237,0.104308,0.074578,0.049909,0.048194,0.031354,0.077132,0.007775,
0.242248,0.513257,0.390225,0.335872,0.387519,0.460519,0.331298,0.430787,0.328654,0.237061,0.261971,0.208711,0.262601,0.256162,0.232669,0.169290,0.089305,0.106950,0.039335,0.023077,0.008156,
0.927007,0.393458,0.548016,0.418233,0.469858,0.381808,0.348175,0.277436,0.262035,0.265246,0.336381,0.283097,0.265826,0.162127,0.165259,0.167621,0.159289,0.055465,0.080740,0.014948,0.006275,
0.644058,0.403439,0.360913,0.324349,0.423645,0.374784,0.347496,0.345864,0.386764,0.349807,0.314905,0.324065,0.273722,0.179146,0.195001,0.108882,0.079728,0.110546,0.044711,0.010932,0.010428,
0.204865,0.452927,0.315704,0.387467,0.432328,0.302975,0.384029,0.329859,0.300809,0.362008,0.331828,0.269899,0.219089,0.169597,0.208605,0.103389,0.072913,0.061704,0.084087,0.029064,0.008438,
0.298558,0.473069,0.315764,0.494876,0.366931,0.365791,0.309741,0.361330,0.352163,0.291583,0.283987,0.338615,0.238474,0.184439,0.139388,0.107444,0.123503,0.088438,0.042430,0.043242,0.009974,
0.317165,0.278515,0.374403,0.346240,0.478814,0.355711,0.288686,0.362043,0.318073,0.298643,0.325948,0.213814,0.186708,0.202992,0.186962,0.122968,0.117926,0.085062,0.082312,0.021148,0.013000,
0.652287,0.238610,0.323589,0.325604,0.440364,0.362837,0.397229,0.351650,0.348425,0.269323,0.312784,0.289060,0.265622,0.184932,0.149040,0.126675,0.117838,0.060334,0.054538,0.024239,0.013030,
1.348610,0.357824,0.341142,0.325448,0.468433,0.315884,0.351699,0.346415,0.367953,0.304442,0.351286,0.191740,0.285523,0.229805,0.161016,0.126144,0.101833,0.113082,0.045593,0.028011,0.018789,
0.888354,0.510244,0.413576,0.368470,0.542219,0.403050,0.369164,0.308786,0.382099,0.366127,0.259692,0.286960,0.266556,0.213511,0.183466,0.131561,0.157262,0.108919,0.054200,0.024130,0.041060,
1.022915,0.351416,0.658162,0.357555,0.535803,0.445690,0.403880,0.453400,0.409968,0.207583,0.273407,0.292055,0.318798,0.199325,0.163249,0.126306,0.126231,0.074802,0.070547,0.026648,0.011978,
0.257965,0.271242,0.336050,0.342290,0.496088,0.416601,0.404651,0.382556,0.438036,0.375503,0.359353,0.289319,0.360456,0.194412,0.192404,0.202131,0.142911,0.093159,0.063007,0.037244,0.017803,
0.368877,0.320023,0.382440,0.378501,0.443844,0.354402,0.382516,0.389293,0.451143,0.327192,0.334164,0.255687,0.202054,0.252016,0.212404,0.171620,0.112323,0.078505,0.069408,0.025992,0.024570,
0.389264,0.776430,0.415784,0.292367,0.362665,0.467097,0.316802,0.294802,0.294229,0.307600,0.405833,0.189261,0.179884,0.282745,0.215245,0.197160,0.158429,0.107804,0.084177,0.096070,0.018999,
1.212859,0.432879,0.386003,0.602933,0.426552,0.410512,0.378693,0.269845,0.290784,0.330050,0.247976,0.292184,0.219024,0.248534,0.209684,0.255498,0.222952,0.127137,0.065915,0.031064,0.020389,
0.130676,0.714929,0.206899,0.357378,0.303001,0.273484,0.588862,0.362515,0.405076,0.300592,0.234339,0.348826,0.279604,0.257426,0.267558,0.153601,0.229503,0.110130,0.079621,0.054171,0.027703,
nan,0.071070,0.623887,0.264444,0.197537,0.229267,0.227453,0.194208,0.274070,0.355589,0.163357,0.233503,0.204380,0.202925,0.510370,0.229553,0.085831,0.141179,0.207579,0.049117,0.026557,
nan,nan,0.350573,nan,0.127644,0.149312,0.088669,0.138987,0.628888,0.508417,0.296660,0.254241,0.855757,0.609338,0.708402,0.110584,0.094522,0.083094,0.023210,0.053578,0.267869,
nan,0.311100,0.355165,0.303953,0.597536,0.336771,0.361097,0.280998,0.185243,0.128832,0.302175,0.121104,0.123340,0.107321,0.265183,1.094626,0.043671,0.047241,0.017954,0.008424,nan,
0.779152,0.396985,0.329687,0.301519,0.364717,0.337264,0.550817,0.442082,0.437629,0.283082,0.393328,0.223440,0.454414,0.211348,0.116103,0.098308,0.092496,0.040756,0.029527,0.023144,0.009395,
0.487118,0.474865,0.520343,0.291833,0.481819,0.397693,0.317282,0.293672,0.339766,0.354791,0.446891,0.245232,0.228369,0.264858,0.125222,0.100210,0.113588,0.108626,0.030692,0.016177,0.019106,
0.202800,0.391065,0.359485,0.353192,0.409598,0.364616,0.476920,0.350734,0.442002,0.367595,0.259642,0.292165,0.213587,0.269909,0.150200,0.119672,0.071267,0.065518,0.037407,0.044941,0.007974,
0.471067,0.456485,0.366855,0.415093,0.391646,0.306967,0.353279,0.453850,0.329778,0.359581,0.317096,0.259631,0.252061,0.239322,0.287438,0.158938,0.102466,0.061526,0.084509,0.026016,0.011694,
0.579162,0.479159,0.317380,0.345412,0.378641,0.358368,0.312117,0.492077,0.350234,0.304154,0.288748,0.357002,0.226238,0.214518,0.254943,0.129554,0.104756,0.074062,0.040200,0.041850,0.007315,
0.329272,0.378474,0.365262,0.445087,0.456404,0.394135,0.370109,0.443458,0.359924,0.309980,0.319336,0.298951,0.271168,0.228540,0.174565,0.163385,0.106726,0.063208,0.038164,0.053594,0.008247,
0.200136,0.574104,0.347096,0.304504,0.465845,0.381952,0.322932,0.330260,0.354356,0.393968,0.369761,0.171112,0.217630,0.176109,0.189126,0.147355,0.106116,0.096330,0.054321,0.022292,0.025154,
0.462743,0.327938,0.339565,0.343707,0.500567,0.331499,0.410384,0.281489,0.336337,0.284666,0.289283,0.328044,0.360011,0.201743,0.179482,0.122302,0.121112,0.063735,0.055460,0.019877,0.012404,
0.307820,0.349113,0.319796,0.383743,0.462805,0.469135,0.309036,0.382919,0.353874,0.307175,0.455666,0.263152,0.252855,0.220059,0.164091,0.110025,0.142747,0.096270,0.055722,0.024063,0.063006,
0.290676,0.512152,0.424216,0.323138,0.444263,0.468853,0.320333,0.362961,0.419179,0.326495,0.255211,0.311820,0.245819,0.233972,0.179568,0.136477,0.133368,0.133276,0.053345,0.030105,0.021550,
0.241614,0.412994,0.388453,0.379584,0.360390,0.328781,0.317316,0.310818,0.406761,0.312301,0.330660,0.444657,0.359811,0.186284,0.226355,0.130269,0.162386,0.085826,0.076583,0.021731,0.022004,
0.268161,0.562474,0.625586,0.436786,0.454006,0.324538,0.359745,0.344197,0.369070,0.242233,0.555991,0.299322,0.321881,0.242116,0.172055,0.202366,0.099167,0.084572,0.070698,0.048519,0.033871,
0.308483,0.201231,0.296205,0.343454,0.411553,0.498533,0.356808,0.341460,0.320726,0.318655,0.362252,0.255690,0.192709,0.224801,0.251503,0.199846,0.120920,0.092058,0.081757,0.033381,0.018352,
1.180323,0.461923,0.473724,0.408079,0.458670,0.406810,0.372090,0.338471,0.311505,0.306998,0.223526,0.267524,0.255681,0.236985,0.230141,0.230789,0.161860,0.101646,0.069931,0.055965,0.017878,
nan,0.324039,0.497408,0.235999,0.450700,0.320624,0.346649,0.405559,0.301803,0.254797,0.465172,0.399103,0.257884,0.206596,0.252140,0.267866,0.180132,0.167895,0.084506,0.052457,0.066158,
0.228024,0.209272,0.363915,0.234564,0.252927,0.345913,0.254132,0.312144,0.290630,0.368964,0.327580,0.357767,0.198066,0.238540,0.365576,0.231953,0.135422,0.120277,0.118372,0.042214,0.018135,
nan,0.249134,0.231563,0.356927,0.249927,0.454187,0.267726,0.326787,0.199896,0.237357,0.488963,0.188385,0.195467,0.169517,0.190861,0.354262,0.134589,0.108825,0.163506,0.053977,0.104360,
nan,1.189523,0.099620,nan,0.268843,0.120423,0.283437,1.067933,0.089045,0.145759,0.284029,0.506992,0.536292,0.153985,0.102392,0.103703,0.205995,0.117488,0.094353,0.030373,0.017839,
nan,0.283602,0.294228,0.285002,0.232401,0.184024,0.272523,0.196172,0.224786,0.245108,0.143602,0.191782,0.077353,0.102628,1.118638,0.161107,0.084255,0.047211,0.009325,0.007620,nan,
0.284310,0.366295,0.678763,0.408325,0.259235,0.234342,0.283913,0.245728,0.287938,0.347765,0.196461,0.157594,0.133473,0.246869,0.119106,0.153661,0.062446,0.060217,0.029265,0.016696,0.011493,
0.242739,0.431526,0.486327,0.474511,0.627898,0.331658,0.539576,0.280876,0.454431,0.259812,0.198650,0.279836,0.215102,0.301083,0.220610,0.133506,0.089365,0.060329,0.030768,0.019633,0.007083,
0.307315,0.590363,0.389437,0.419691,0.328574,0.444088,0.359461,0.305383,0.242335,0.514220,0.235525,0.186817,0.209566,0.237747,0.133590,0.128994,0.061871,0.037272,0.038088,0.014384,0.007793,
0.429124,0.470627,0.514517,0.382692,0.442717,0.465980,0.327093,0.398792,0.387230,0.320417,0.294802,0.357430,0.160027,0.254213,0.128492,0.156708,0.083719,0.060593,0.050883,0.018809,0.012762,
0.358491,0.505647,0.410053,0.423522,0.395854,0.363230,0.276221,0.368249,0.329905,0.292851,0.287999,0.318446,0.223529,0.221723,0.266359,0.120974,0.069382,0.082145,0.042502,0.057683,0.008336,
0.770300,0.830279,0.390150,0.321847,0.378444,0.428579,0.315921,0.340957,0.377724,0.329715,0.306864,0.324610,0.230241,0.168593,0.175873,0.136952,0.127762,0.096957,0.061044,0.025777,0.007912,
0.320152,0.457736,0.408092,0.407229,0.372224,0.323251,0.376455,0.319540,0.310018,0.266177,0.343488,0.217367,0.206148,0.236602,0.223079,0.128265,0.091851,0.052074,0.044789,0.020967,0.042319,
0.215892,0.338262,0.380521,0.428055,0.431681,0.370011,0.300612,0.327267,0.448728,0.275055,0.293686,0.279723,0.231752,0.280878,0.164001,0.160772,0.110620,0.101907,0.082032,0.022147,0.011957,
0.248127,0.244163,0.421376,0.401544,0.363659,0.292456,0.326292,0.381224,0.449519,0.357890,0.340637,0.287154,0.268540,0.250939,0.221651,0.116799,0.135906,0.086753,0.050211,0.017814,0.020406,
2.306774,0.389110,0.380326,0.450650,0.345305,0.390729,0.411841,0.355303,0.350710,0.317506,0.297147,0.302688,0.265266,0.244683,0.204328,0.155082,0.175411,0.134361,0.058102,0.026157,0.047549,
0.495592,0.365043,0.269087,0.395071,0.369710,0.399390,0.421789,0.362941,0.374716,0.314709,0.403519,0.341669,0.340799,0.209605,0.185717,0.185728,0.140075,0.107168,0.061826,0.044781,0.020916,
0.150701,0.703569,0.244301,0.376501,0.443357,0.372851,0.379435,0.303157,0.325632,0.295864,0.335360,0.262195,0.304729,0.267623,0.208138,0.260565,0.131987,0.109716,0.102070,0.043067,0.029374,
0.335240,1.110946,0.540656,0.528287,0.428789,0.370899,0.390948,0.396499,0.385376,0.323725,0.356109,0.347185,0.278018,0.266661,0.286323,0.249906,0.110547,0.111368,0.061788,0.043097,0.021710,
0.127917,1.232115,0.317892,0.327856,0.270310,0.422448,0.375568,0.463783,0.459500,0.299320,0.468356,0.347858,0.313480,0.229209,0.202390,0.222733,0.166090,0.110271,0.070362,0.049618,0.020190,
0.122913,0.493347,0.269756,0.370471,0.432499,0.396639,0.385801,0.374920,0.335412,0.303622,0.391568,0.229363,0.233563,0.244600,0.220826,0.186622,0.149626,0.145346,0.113614,0.092857,0.048460,
0.182813,0.251566,0.296641,0.307740,0.302097,0.267158,0.407443,0.374253,0.313031,0.258977,0.291879,0.292924,0.242090,0.213258,0.252020,0.415258,0.119502,0.161965,0.130386,0.046505,0.033737,
nan,nan,0.336623,0.243085,0.558048,0.521603,0.335863,0.257657,0.174241,0.320610,0.278473,0.258082,0.235914,0.416967,0.279018,0.312462,0.332369,0.198360,0.110298,0.058674,0.033698,
nan,0.191357,nan,0.195237,0.165872,0.137405,nan,0.328776,0.497704,0.106418,0.215629,0.252838,0.716737,0.087072,0.389578,0.376518,0.123362,0.120501,0.332976,0.048064,0.049035,
nan,0.230415,0.591700,0.381683,0.234556,0.150379,0.303798,0.246783,0.214323,0.272624,0.702579,0.189792,0.177829,0.171089,0.311718,0.317137,0.042303,0.043952,0.020282,0.007987,nan,
0.610110,0.561434,0.386959,0.409028,0.507582,0.322183,0.411885,0.282794,0.279077,0.343727,0.368340,0.169512,0.127999,0.173886,0.179527,0.103201,0.054981,0.145663,0.042260,0.023656,0.007836,
0.349918,0.404637,0.422642,0.376965,0.414878,0.319595,0.341957,0.298116,0.248841,0.477334,0.210235,0.224923,0.180475,0.212132,0.156432,0.099491,0.097303,0.050950,0.042860,0.015486,0.006491,
0.736187,0.481368,0.199987,0.338389,0.442077,0.401977,0.360645,0.332231,0.275953,0.260392,0.345454,0.272454,0.216326,0.199181,0.177458,0.111501,0.110560,0.061781,0.050655,0.015248,0.013251,
1.228907,0.377322,0.459312,0.383733,0.483776,0.387033,0.351696,0.381825,0.268111,0.390184,0.318773,0.308277,0.315795,0.201603,0.218646,0.130179,0.089741,0.087007,0.031578,0.013700,0.008568,
0.229331,0.300628,0.358911,0.324222,0.370756,0.349722,0.354446,0.376047,0.408815,0.347519,0.312202,0.308876,0.212877,0.165062,0.126015,0.114663,0.092718,0.062077,0.046815,0.032604,0.011498,
0.297490,0.365655,0.289789,0.392758,0.401220,0.371383,0.301260,0.396041,0.422386,0.334086,0.297929,0.244549,0.259441,0.191460,0.213715,0.134120,0.086693,0.057838,0.030317,0.034084,0.020318,
0.328607,0.267831,0.241028,0.386119,0.462252,0.335803,0.335461,0.295613,0.390792,0.275788,0.348592,0.259625,0.226151,0.209586,0.232375,0.181964,0.103565,0.090899,0.057126,0.017324,0.007876,
0.463379,0.520917,0.304711,0.405641,0.369020,0.286614,0.395571,0.406307,0.431501,0.309865,0.334659,0.245660,0.320119,0.150581,0.206348,0.106418,0.115768,0.074295,0.044071,0.058591,0.011189,
0.834910,0.370479,0.454858,0.343581,0.323254,0.392382,0.457035,0.329471,0.396915,0.399677,0.318873,0.296235,0.257008,0.208868,0.176660,0.111214,0.094024,0.087565,0.070284,0.024798,0.017120,
0.334622,0.350513,0.519229,0.443508,0.414127,0.412822,0.397775,0.358537,0.326437,0.316249,0.353516,0.288920,0.275278,0.231774,0.221880,0.127192,0.126593,0.128659,0.060689,0.024116,0.025918,
0.272421,0.265291,0.559422,0.476272,0.404705,0.348393,0.310777,0.392034,0.267553,0.286152,0.301849,0.310426,0.316167,0.162708,0.192282,0.143847,0.174752,0.110273,0.092234,0.032319,0.017016,
0.852570,0.210565,0.433000,0.359801,0.395199,0.314635,0.344149,0.389973,0.346904,0.302566,0.338961,0.253882,0.299791,0.261546,0.225604,0.167256,0.121986,0.138502,0.088027,0.053594,0.020127,
0.412263,0.321989,0.407173,0.448414,0.343922,0.284358,0.347316,0.354135,0.451929,0.379291,0.410206,0.391207,0.294569,0.237743,0.308578,0.208986,0.106584,0.148339,0.084030,0.079097,0.032751,
0.489619,0.292763,0.282480,0.342398,0.363215,0.434207,0.355279,0.434544,0.328328,0.307898,0.324080,0.234469,0.252831,0.219263,0.284463,0.256421,0.134010,0.149270,0.062469,0.078185,0.023009,
0.277386,0.682159,0.441238,0.469135,0.335305,0.511588,0.429794,0.399984,0.280871,0.335757,0.298434,0.241674,0.302089,0.269381,0.189893,0.288456,0.205206,0.134371,0.112527,0.050429,0.060638,
0.164407,0.135737,0.443180,0.323792,0.454566,0.480341,0.291026,0.247137,0.361852,0.478029,0.403462,0.265450,0.293088,0.227812,0.303807,0.279458,0.166478,0.153162,0.110447,0.092389,0.030088,
nan,nan,0.275583,0.280781,0.209057,0.352332,0.309301,0.216304,0.652430,0.346054,0.201512,0.275615,0.341143,0.331929,0.282171,0.141889,0.239058,0.156698,0.211856,0.127606,0.049890,
nan,nan,nan,0.427599,nan,0.346454,0.088073,0.132874,0.103033,0.201856,0.142265,0.128335,0.253734,0.135308,0.227901,0.220302,0.098732,0.089190,0.059491,0.092572,0.039839,
nan,0.288690,0.335636,0.168224,0.130401,0.316156,0.183276,0.226076,0.547809,0.188577,0.589085,0.166389,0.149572,0.179350,0.175969,0.402272,0.053386,0.023083,0.012343,0.008418,nan,
0.275382,0.400574,0.417206,0.391797,0.637509,0.390609,0.579764,0.254197,0.230245,0.235384,0.396065,0.265688,0.227564,0.201110,0.155676,0.132557,0.092737,0.106674,0.022901,0.035382,0.008302,
0.201470,0.594546,0.443571,0.451708,0.354740,0.527110,0.343087,0.265466,0.337566,0.289519,0.429173,0.152226,0.190324,0.219224,0.199153,0.116540,0.072709,0.048917,0.026687,0.038364,0.006204,
0.261108,0.435483,0.453588,0.324934,0.514028,0.363510,0.380304,0.277297,0.286201,0.307746,0.352302,0.284185,0.234544,0.276659,0.218119,0.208724,0.085284,0.069155,0.081040,0.018880,0.007710,
0.544421,0.389843,0.437382,0.424006,0.393488,0.307915,0.500054,0.389946,0.327267,0.353062,0.272471,0.241221,0.303333,0.201813,0.177156,0.160302,0.078150,0.049606,0.071644,0.039542,0.010687,
0.246956,0.364583,0.362343,0.403931,0.374474,0.451184,0.432398,0.409113,0.296732,0.256912,0.285959,0.308596,0.198441,0.211046,0.178481,0.141499,0.082065,0.090033,0.042220,0.060941,0.010505,
0.323772,0.308587,0.324894,0.340980,0.464765,0.462268,0.381682,0.326645,0.352733,0.281303,0.299284,0.285064,0.224147,0.170789,0.219613,0.127231,0.098043,0.073316,0.062130,0.019609,0.010146,
0.779854,0.456928,0.322110,0.380358,0.335515,0.330761,0.346875,0.310467,0.361907,0.348412,0.328670,0.201511,0.231379,0.205797,0.260992,0.133986,0.120413,0.072707,0.057226,0.025979,0.013995,
0.267834,0.418927,0.375819,0.400511,0.429196,0.431633,0.490607,0.335808,0.408553,0.377244,0.351763,0.302179,0.276028,0.257852,0.196598,0.186063,0.115078,0.092807,0.069701,0.022695,0.053345,
0.244618,0.395677,0.363327,0.427904,0.507035,0.358574,0.457732,0.413452,0.342093,0.366262,0.237256,0.262766,0.262997,0.235421,0.177163,0.156108,0.132524,0.076402,0.051633,0.024946,0.013852,
0.927714,0.650500,0.364447,0.408280,0.479150,0.364850,0.352508,0.328296,0.323996,0.321102,0.301980,0.284597,0.290397,0.238718,0.213249,0.142083,0.135021,0.094829,0.062555,0.026770,0.012174,
0.379283,0.319720,0.379299,0.475568,0.414455,0.352182,0.349905,0.304415,0.331634,0.275431,0.312615,0.302465,0.308312,0.219639,0.264178,0.156974,0.156257,0.180300,0.043797,0.033699,0.063485,
0.669702,0.623523,0.388871,0.519646,0.381298,0.572522,0.402301,0.297797,0.417257,0.314230,0.338177,0.281726,0.203081,0.283856,0.213090,0.209831,0.160604,0.095641,0.068179,0.042818,0.026715,
0.607004,0.391171,0.520475,0.482517,0.352213,0.506871,0.318257,0.386557,0.314185,0.299881,0.349943,0.318250,0.334471,0.229408,0.335031,0.264920,0.111012,0.157640,0.070589,0.075747,0.023522,
0.162834,0.311499,0.362733,0.520343,0.466461,0.505952,0.344521,0.473706,0.259038,0.398481,0.345612,0.284113,0.269049,0.267750,0.170739,0.210332,0.138375,0.125868,0.065305,0.072958,0.057670,
0.191089,0.226359,0.389234,0.415536,0.366334,0.356851,0.391874,0.403346,0.366032,0.320745,0.307750,0.374517,0.294018,0.232899,0.292041,0.189488,0.230302,0.134405,0.089760,0.083155,0.032329,
0.164403,0.430708,0.389399,0.529972,0.491964,0.468861,0.391523,0.383256,0.308664,0.280393,0.269013,0.314558,0.247703,0.252878,0.256184,0.189889,0.201467,0.117357,0.158375,0.130010,0.051644,
nan,0.260329,0.913970,0.411122,0.413220,0.385454,0.289009,0.352828,0.401866,0.343211,0.240218,0.353952,0.273332,0.219815,0.320182,0.171021,0.222731,0.137521,0.144467,0.076012,0.113334,
nan,nan,0.126475,0.074246,0.232985,nan,0.147800,0.284300,0.201839,0.176961,0.292639,0.235596,0.162009,0.196877,0.103043,0.332344,0.351044,0.844914,0.095163,0.147187,0.028272,
nan,0.206411,0.446209,0.400553,0.341383,0.408013,0.172072,0.221684,0.219422,0.223131,0.337799,0.181277,0.226260,0.322574,0.127129,0.058058,0.055560,0.073146,0.023580,0.037342,nan,
0.387313,0.450113,0.328127,0.306976,0.523870,0.491726,0.587254,0.336944,0.373905,0.245517,0.324289,0.218993,0.260635,0.193974,0.203110,0.170651,0.082874,0.048713,0.092805,0.025168,0.009564,
0.523702,0.296719,nan,0.371715,0.336235,0.360592,0.337291,0.290239,0.327638,0.287187,0.441029,0.194780,0.211642,0.226244,0.190051,0.083565,0.143822,0.091350,0.089970,0.015040,0.019615,
0.410285,0.290176,0.398306,0.417390,0.360212,0.427094,0.357166,0.335268,0.351727,0.261516,0.340411,0.178329,0.217714,0.199479,0.130550,0.151711,0.079814,0.038707,0.033818,0.012670,0.014154,
0.312414,0.309344,0.335251,0.371569,0.438927,0.322229,0.339449,0.339920,0.355513,0.342940,0.280816,0.286220,0.236218,0.231028,0.161396,0.153919,0.095606,0.059330,0.038534,0.021231,0.007605,
0.653939,0.407803,0.346393,0.361951,0.381763,0.343475,0.320091,0.326548,0.311206,0.348076,0.290054,0.302304,0.220534,0.192753,0.161348,0.125071,0.082178,0.060397,0.035934,0.016986,0.009912,
0.268339,0.550586,0.398549,0.420900,0.393489,0.402435,0.335912,0.364879,0.467316,0.310158,0.286669,0.262703,0.251650,0.170949,0.248310,0.097734,0.080552,0.068564,0.050340,0.035316,0.105184,
0.361076,0.472553,0.419854,0.455607,0.416989,0.374947,0.457508,0.325640,0.263738,0.286990,0.292853,0.259644,0.230777,0.173375,0.164660,0.129411,0.095482,0.080587,0.060187,0.025203,0.007237,
0.732817,0.410976,0.430620,0.508336,0.414075,0.487811,0.384634,0.375071,0.417507,0.312093,0.322714,0.219370,0.289305,0.241152,0.166291,0.140458,0.100075,0.060363,0.042110,0.046909,0.014460,
0.184483,0.331120,0.324398,0.416599,0.375873,0.377541,0.362154,0.343330,0.329523,0.368446,0.320883,0.261580,0.237100,0.219047,0.158015,0.134769,0.149698,0.090620,0.050699,0.039395,0.018809,
0.455995,0.271700,0.369537,0.566215,0.331284,0.383390,0.350615,0.273287,0.374089,0.362943,0.314516,0.271473,0.262902,0.240369,0.277412,0.133341,0.129099,0.076292,0.067314,0.033675,0.015810,
0.216401,0.532306,0.254412,0.288231,0.349812,0.320296,0.416664,0.364508,0.315555,0.291635,0.325449,0.291182,0.279770,0.243200,0.170057,0.170316,0.169413,0.131233,0.066763,0.028292,0.024431,
2.705129,0.212940,0.418251,0.225305,0.422294,0.381417,0.277687,0.314956,0.324174,0.269411,0.451087,0.308857,0.278550,0.266018,0.305040,0.174692,0.141278,0.211210,0.064894,0.043180,0.101587,
0.190963,0.174570,0.345720,0.369783,0.623147,0.406936,0.344971,0.311122,0.341767,0.444687,0.293872,0.296275,0.304051,0.273244,0.250408,0.202166,0.120032,0.115072,0.066863,0.050193,0.021948,
0.599554,0.456392,0.692357,0.396917,0.447979,0.341957,0.323424,0.329947,0.312096,0.380680,0.316369,0.503183,0.354078,0.253069,0.168217,0.228769,0.143001,0.097372,0.113045,0.091123,0.036786,
0.119449,0.309869,0.370101,0.230952,0.374589,0.526899,0.275974,0.356181,0.352007,0.430882,0.292589,0.317140,0.266822,0.228401,0.262680,0.210342,0.178103,0.143921,0.084766,0.076057,0.076875,
nan,0.497287,0.928685,0.295558,0.446883,0.439033,0.325702,0.263889,0.374305,0.276177,0.265094,0.283876,0.301468,0.231928,0.200746,0.251775,0.247634,0.147151,0.125213,0.053954,0.052065,
nan,0.123869,0.363567,0.236694,0.385921,0.357841,0.632864,0.317890,0.529099,0.253932,0.280631,0.289860,0.244572,0.232876,0.199004,0.144506,0.178895,0.250159,0.180890,0.234430,0.076018,
nan,0.123466,0.237109,0.540268,1.048775,0.089176,0.530455,0.274435,0.419646,0.234187,1.301033,0.229235,0.125167,0.150544,0.166984,0.148990,0.123416,0.130246,0.117361,0.077328,0.060372,
nan,0.514225,0.236900,0.710178,0.400201,0.167409,0.165458,0.166702,0.220577,0.349420,0.722040,0.201369,0.516648,0.098018,0.280312,0.467380,0.028006,0.051267,0.026533,0.007355,nan,
0.298373,0.503738,0.293793,0.461022,0.532644,0.439579,0.773181,0.304496,0.319847,0.310188,0.273922,0.352982,0.302979,0.145469,0.102052,0.092045,0.076156,0.038874,0.026928,0.033295,0.017619,
0.259933,0.402559,0.453007,0.344177,0.372553,0.447684,0.566053,0.381809,0.306700,0.294092,0.249190,0.203584,0.232768,0.215767,0.141961,0.141684,0.067344,0.109649,0.041177,0.016327,0.009797,
0.991356,0.287435,0.416262,0.390939,0.533622,0.442116,0.381905,0.341864,0.279205,0.395305,0.312159,0.262732,0.210835,0.241828,0.192369,0.107672,0.065111,0.050850,0.034740,0.014962,0.006845,
0.219072,0.300958,0.336901,0.286620,0.361086,0.401825,0.344793,0.330833,0.309427,0.267088,0.295079,0.296899,0.232168,0.237018,0.144533,0.100913,0.110460,0.061075,0.048950,0.016710,0.011153,
0.220070,0.345461,0.395353,0.431246,0.396248,0.617336,0.404885,0.419697,0.303033,0.312585,0.251468,0.322974,0.257568,0.150828,0.217988,0.229719,0.123012,0.068367,0.066193,0.026923,0.034745,
0.275258,0.465408,0.429908,0.418959,0.350075,0.351600,0.394924,0.319179,0.325641,0.312993,0.311030,0.342878,0.242958,0.228386,0.172487,0.107761,0.068335,0.054816,0.068200,0.023541,0.011831,
0.300578,0.369290,0.402470,0.391871,0.369013,0.400796,0.457296,0.371159,0.383801,0.267871,0.331126,0.258445,0.213759,0.179487,0.223665,0.103875,0.115930,0.059833,0.052631,0.033280,0.041759,
0.276391,0.401010,0.467744,0.361187,0.381543,0.366456,0.376872,0.358375,0.361003,0.329238,0.345519,0.265926,0.315905,0.241415,0.183508,0.150553,0.092189,0.063981,0.039833,0.025678,0.012484,
0.817011,0.469767,0.391958,0.432216,0.304282,0.351699,0.376119,0.319054,0.349263,0.301970,0.301664,0.285271,0.254178,0.260274,0.224984,0.139880,0.142107,0.091311,0.057221,0.039802,0.012982,
0.304832,0.392681,0.433986,0.450273,0.321039,0.380365,0.336589,0.319021,0.271350,0.347142,0.299805,0.312900,0.311200,0.186321,0.215673,0.182275,0.140554,0.078172,0.063406,0.027742,0.028294,
0.484738,0.277127,0.289501,0.614842,0.347413,0.469191,0.288935,0.304219,0.368983,0.251732,0.313524,0.289192,0.292654,0.294752,0.206046,0.171354,0.136916,0.089239,0.064979,0.037599,0.018478,
0.364418,0.669243,0.291072,0.355736,0.283688,0.453173,0.356294,0.277606,0.310617,0.396085,0.314951,0.319241,0.323765,0.252433,0.236081,0.145019,0.121511,0.176280,0.066534,0.037227,0.024711,
0.124675,0.222911,0.255701,0.301465,0.395904,0.368613,0.308265,0.313399,0.277473,0.341033,0.366279,0.394955,0.252710,0.281481,0.253144,0.202486,0.117523,0.198599,0.081969,0.048047,0.035516,
0.136067,0.477271,0.412830,0.398059,0.458934,0.555921,0.263470,0.431380,0.465646,0.419680,0.322187,0.347039,0.235525,0.264823,0.172120,0.201039,0.182156,0.110758,0.112146,0.069160,0.038235,
nan,0.241998,0.827375,0.588178,0.377036,0.743928,0.342317,0.405202,0.397481,0.415638,0.256313,0.280747,0.296631,0.209590,0.231633,0.242837,0.204170,0.146883,0.123571,0.059628,0.308792,
0.106443,0.183067,0.609363,0.276280,0.503585,0.280198,0.386346,0.278269,0.494333,0.370199,0.310754,0.244439,0.269895,0.313610,0.227532,0.255946,0.175552,0.248672,0.133544,0.075348,0.056571,
0.184833,0.187424,0.626083,0.399706,0.365645,0.314806,0.357664,0.277326,0.205552,0.392926,0.428205,0.282325,0.240625,0.258187,0.166530,0.188116,0.140181,0.189988,0.185020,0.108475,0.059827,
nan,0.126829,nan,0.204352,nan,0.813774,0.447423,0.116896,0.135172,0.591376,0.228029,0.686405,0.948732,0.249979,0.251131,0.226384,0.139334,0.078055,0.512822,0.094184,0.038146,
nan,0.258070,0.318868,0.380562,0.307279,0.452836,0.122711,0.354144,0.146576,0.246193,0.286844,0.156119,0.147213,0.099851,0.189011,0.086702,0.051667,0.028378,0.020076,0.018382,nan,
0.325997,0.330480,0.370885,0.548488,0.431105,0.584589,0.315819,0.405675,0.424315,0.165483,0.248019,0.201283,0.250065,0.214858,0.116751,0.087849,0.080192,0.086855,0.046716,0.022208,0.017175,
0.224067,0.302164,0.443732,0.346894,0.412518,0.338734,0.538389,0.314066,0.442515,0.318370,0.340947,0.251107,0.266785,0.144723,0.126282,0.107874,0.090751,0.059148,0.040430,0.063350,0.015917,
0.215195,0.340212,0.370351,0.379199,0.402259,0.407395,0.370584,0.251747,0.448995,0.380281,0.301459,0.246371,0.149710,0.213427,0.238041,0.172851,0.076594,0.062281,0.029276,0.029249,0.008660,
0.289322,0.425360,0.334714,0.428108,0.317731,0.306541,0.251167,0.363049,0.307319,0.326369,0.351822,0.244184,0.250649,0.214221,0.164884,0.206729,0.107404,0.045185,0.030131,0.018535,0.014017,
0.793151,0.367699,0.370752,0.454345,0.315060,0.375840,0.306126,0.355456,0.341957,0.333581,0.260549,0.269610,0.284371,0.227522,0.152527,0.142801,0.083818,0.049945,0.057725,0.018455,0.032782,
1.104396,0.280807,0.432756,0.393504,0.412892,0.321337,0.238392,0.363799,0.407292,0.277364,0.349658,0.255516,0.253494,0.186108,0.198413,0.126130,0.120835,0.065391,0.068976,0.023512,0.009269,
0.253298,0.540246,0.455664,0.369580,0.370398,0.409901,0.390243,0.333767,0.457538,0.275353,0.252689,0.261277,0.226593,0.187865,0.237302,0.098569,0.113172,0.090234,0.072998,0.026446,0.022663,
0.820207,0.461113,0.454760,0.566728,0.409653,0.362507,0.322503,0.292932,0.517140,0.326484,0.332226,0.266812,0.306950,0.204449,0.190854,0.107714,0.115460,0.058863,0.046608,0.033309,0.021489,
1.538790,0.257356,0.519247,0.397380,0.471449,0.536021,0.343613,0.295039,0.299228,0.346548,0.319266,0.219021,0.281699,0.237640,0.184227,0.178963,0.127751,0.065259,0.045522,0.025184,0.015853,
0.569099,0.405507,0.364029,0.396931,0.410580,0.466751,0.323948,0.338067,0.385208,0.306541,0.289094,0.271000,0.281394,0.197219,0.220397,0.145597,0.108771,0.089453,0.058977,0.053812,0.018246,
1.491673,0.450483,0.416791,0.381134,0.454260,0.424695,0.343367,0.374167,0.322582,0.419871,0.329416,0.288066,0.282916,0.277003,0.224819,0.167852,0.172718,0.129546,0.076693,0.033531,0.034951,
0.468276,0.753663,0.427022,0.267881,0.404319,0.430569,0.366901,0.393067,0.297704,0.332748,0.331160,0.303450,0.310138,0.273669,0.232671,0.172126,0.140990,0.112669,0.070823,0.033114,0.028534,
0.247289,0.557483,0.373696,0.332515,0.389317,0.534822,0.345104,0.439008,0.335112,0.391246,0.221901,0.305787,0.284360,0.250441,0.244660,0.164618,0.126716,0.154356,0.079604,0.038899,0.030842,
0.421616,0.319332,0.291593,0.333584,0.268616,0.566563,0.368753,0.394871,0.405986,0.281906,0.333502,0.334154,0.294629,0.279982,0.222546,0.193843,0.179069,0.133447,0.141224,0.048993,0.048248,
0.120210,0.288367,0.403938,0.394665,0.274832,0.453511,0.356646,0.382107,0.400380,0.498979,0.278778,0.427137,0.276286,0.234577,0.216031,0.262252,0.225656,0.133505,0.130002,0.084756,0.032280,
nan,0.202101,0.268967,0.462445,0.549612,0.486821,0.335138,0.248164,0.349970,0.387199,0.280797,0.466330,0.364729,0.221255,0.226968,0.171346,0.183398,0.144978,0.115503,0.073961,0.081773,
0.094236,0.189873,0.189332,0.297853,0.189263,0.257693,0.510570,0.399126,0.243260,0.481477,0.322803,0.285916,0.315679,0.173405,0.171546,0.272896,0.265498,0.206934,0.123006,0.142542,0.075578,
nan,0.150095,0.169214,0.191101,0.142818,0.151762,0.465860,0.185526,0.188850,0.466802,0.232304,0.390750,0.391837,0.265317,0.319363,0.126293,0.183808,0.146233,0.295926,0.060555,0.045058,
nan,0.460650,0.381506,0.327816,0.377454,0.171064,0.230682,0.185364,1.105601,0.331241,0.316995,0.210563,0.142078,0.081208,0.131331,0.297492,0.387770,0.056338,0.045737,0.019635,nan,
1.236525,0.521640,0.409122,0.421449,0.421807,0.344443,0.380505,0.453171,0.335975,0.340667,0.434080,0.233381,0.204239,0.120716,0.131774,0.099134,0.084564,0.169865,0.086802,0.023968,0.009807,
0.805319,0.330074,0.386228,0.349473,0.458673,0.311386,0.402904,0.267386,0.297611,0.396646,0.271259,0.186838,0.390470,0.195451,0.149620,0.113003,0.072802,0.059573,0.032120,0.023283,0.009962,
0.529663,0.492080,0.411115,nan,0.437520,0.409960,0.419139,0.293249,0.275668,0.277389,0.367136,0.205439,0.202337,0.207469,0.189402,0.082749,0.117360,0.094036,0.087995,0.015650,0.019122,
0.237359,0.511194,0.432107,0.419282,0.427181,0.260434,0.319284,0.341058,0.279416,0.321419,0.281988,0.234146,0.203427,0.199459,0.146905,0.115220,0.082624,0.042347,0.050066,0.013917,0.009169,
0.219195,0.405798,0.412755,0.401958,0.434539,nan,0.388880,0.310604,0.317587,0.346341,0.298374,0.288724,0.226772,0.232889,0.168106,0.116079,0.104994,0.056228,0.033845,0.017431,0.015417,
0.334558,0.449566,0.348762,0.463053,0.433057,0.425623,0.403627,0.301078,0.323071,0.317582,0.260109,0.319119,0.233477,0.175688,0.159357,0.182594,0.104228,0.062115,0.067413,0.022843,0.013215,
0.284393,0.308565,0.374578,0.474668,0.420850,0.288010,0.406172,0.331939,0.362190,0.291222,0.391795,0.324494,0.217436,0.262920,0.168146,0.122203,0.111350,0.066358,0.067460,0.033452,0.009972,
0.212837,0.370719,0.374320,0.461029,0.396502,0.369619,0.353615,0.312661,0.356115,0.330774,0.288194,0.243077,0.253718,0.218668,0.195373,0.117488,0.109570,0.074053,0.087737,0.032428,0.037749,
0.265990,0.436849,0.388988,0.453436,0.361900,0.346906,0.327701,0.332241,0.365195,0.324013,0.333106,0.272305,0.239671,0.238179,0.157605,0.199348,0.124744,0.069480,0.042950,0.045042,0.025861,
1.002053,0.442303,0.362426,0.444289,0.420096,0.349183,0.462555,0.324507,0.330535,0.256350,0.302070,0.308049,0.260479,0.196275,0.214515,0.184061,0.134427,0.093991,0.061836,0.025925,0.021437,
0.420483,0.404287,0.476835,0.390959,0.337539,0.305257,0.491569,0.392008,0.284399,0.389899,0.330172,0.282264,0.287958,0.269825,0.209191,0.153577,0.150487,0.099983,0.058052,0.036754,0.073154,
0.353617,0.546080,0.399553,0.405312,0.540203,0.390180,0.523812,0.382362,0.340988,0.398950,0.340915,0.317087,0.300523,0.243529,0.272267,0.199232,0.185237,0.106398,0.090610,0.042911,0.031550,
0.178503,0.239372,0.779602,0.380349,0.419208,0.403957,0.428569,0.391896,0.363588,0.370619,0.406252,0.256044,0.332374,0.211276,0.186780,0.147201,0.133797,0.129654,0.106028,0.044188,0.027769,
0.111055,0.220548,0.294833,0.456086,0.506756,0.326763,0.399588,0.348618,0.417797,0.358837,0.344642,0.398590,0.273461,0.258249,0.204636,0.225635,0.178445,0.120933,0.153122,0.054636,0.031667,
0.110466,0.545698,0.231330,0.264426,0.314211,0.463588,0.449928,0.563078,0.287179,0.438551,0.274540,0.314907,0.254650,0.231787,0.193660,0.217611,0.214716,0.130446,0.130382,0.088846,0.043610,
0.183997,0.270826,0.456217,0.423827,0.295745,0.219423,0.408207,0.394297,0.351440,0.372152,0.376686,0.387501,0.349506,0.323185,0.185273,0.310070,0.179631,0.132532,0.104443,0.097019,0.039959,
0.092119,0.191756,0.241494,0.204627,0.443024,0.213668,0.416724,0.309900,0.344896,0.334844,0.292912,0.204583,0.325261,0.302677,0.229802,0.334591,0.232757,0.160687,0.132802,0.100100,0.114675,
nan,nan,nan,0.134522,0.183245,0.345414,1.215788,0.179103,0.156452,0.471730,0.287968,0.153360,0.391434,0.213273,0.160234,0.214838,0.194149,0.130006,0.165389,0.296246,0.072215,
nan,0.235459,0.296307,0.271797,0.406693,0.313482,0.739722,0.227166,0.387187,0.245564,0.211931,0.202936,0.216719,0.139685,0.121983,0.633165,0.062882,0.044996,0.038767,0.016204,nan,
0.260119,0.309650,0.330521,0.407263,0.486710,0.425289,0.295861,0.364224,0.291907,0.332370,0.560284,0.306956,0.257641,0.180525,0.115491,0.109751,0.044463,0.042813,0.026193,0.014610,0.009108,
0.246800,0.441770,0.420366,0.415934,0.414783,0.361454,0.409647,0.344487,0.246669,0.245629,0.338684,0.184436,0.227910,0.179226,0.126419,0.123800,0.067540,0.147044,0.117501,0.034847,0.009998,
0.686863,0.302878,0.435281,0.380395,0.330015,0.365713,0.364621,0.346534,0.372626,0.301576,0.305253,0.187951,0.181218,0.198016,0.126713,0.156877,0.063557,0.095480,0.046791,0.013939,0.017001,
0.594739,0.324003,0.433289,0.447404,0.385705,0.422888,0.338893,0.319008,0.362752,0.286183,0.347106,0.289455,0.178498,0.245627,0.187510,0.143692,0.076254,0.057331,0.031402,0.020451,0.020698,
0.254543,0.270157,0.440276,0.428789,0.364034,0.357521,0.369987,0.357093,0.344813,0.355410,0.312914,0.209295,0.222562,0.162853,0.163608,0.149226,0.153578,0.064157,0.053080,0.040018,0.010155,
0.315545,0.302722,0.431085,0.343112,0.357492,0.441433,nan,0.372478,0.339362,0.280401,0.299803,0.312279,0.245369,0.256942,0.144878,0.133114,0.088469,0.052731,0.042439,0.020742,0.025714,
1.150054,0.347911,0.370428,0.382600,0.372472,0.369072,0.354480,0.322151,0.393551,0.283885,0.345740,0.297821,0.254068,0.199765,0.175134,0.164946,0.138003,0.067892,0.081147,0.025599,0.017595,
0.203005,0.451187,0.403142,0.404741,0.404347,0.329996,0.357361,0.350812,0.341863,0.306894,0.312584,0.285481,0.214256,0.269290,0.229438,0.154888,0.112699,0.063067,0.068969,0.063153,0.017924,
1.147397,0.335602,0.311808,0.408186,0.427579,0.339035,0.408285,0.308485,0.412860,0.176048,0.359554,0.305582,0.266370,0.231811,0.192059,0.142626,0.115750,0.094286,0.066783,0.051335,0.016607,
0.927059,0.426218,0.290109,0.425143,0.393533,0.353377,0.362891,0.317884,0.306167,0.357312,0.312856,0.321440,0.310262,0.239255,0.181468,0.220745,0.162868,0.079632,0.050448,0.053734,0.022113,
0.186596,0.917257,0.384729,0.345877,0.496258,0.350675,0.368671,0.351398,0.384723,0.371161,0.313084,0.292091,0.283086,0.246996,0.237767,0.180455,0.148285,0.107185,0.062644,0.045266,0.023087,
0.248011,0.260592,0.400261,0.320794,0.322967,0.310692,0.340337,0.411742,0.402033,0.330124,0.375310,0.311915,0.334925,0.312675,0.249103,0.201994,0.177794,0.107697,0.067313,0.041604,0.033600,
0.178356,0.420355,0.397002,0.373891,0.461703,0.356783,0.339652,0.366762,0.459038,0.315235,0.387415,0.325059,0.338898,0.234619,0.241306,0.178908,0.160603,0.142744,0.090312,0.048288,0.045079,
0.167223,0.329781,0.430247,0.381065,0.337411,0.298259,0.349996,0.348883,0.452420,0.363653,0.324234,0.339118,0.271763,0.241404,0.200140,0.193672,0.195477,0.137428,0.165599,0.067258,0.039974,
0.159063,0.271117,0.392739,0.338516,0.317249,0.407857,0.257508,0.336045,0.585218,0.453925,0.322202,0.397751,0.316287,0.244069,0.188795,0.223729,0.228906,0.172790,0.180695,0.058626,0.034383,
0.240119,0.418071,0.534057,0.244035,0.306321,0.285820,0.259974,0.372606,0.349122,0.506807,0.448677,0.249871,0.280790,0.262289,0.321874,0.242547,0.236714,0.146024,0.113285,0.138641,0.046794,
0.087929,0.275773,0.387535,0.497504,0.339818,0.434770,0.301336,0.196938,0.394364,0.683143,0.300476,0.305733,0.246865,0.230841,0.243122,0.200533,0.171137,0.165781,0.124276,0.168793,0.054216,
nan,nan,nan,0.864438,0.204856,0.118113,0.187164,0.166918,0.178456,0.164865,0.357395,0.450327,0.407348,0.230036,0.349238,0.538970,0.209471,0.144390,0.104240,0.108194,0.040746,
nan,0.851232,0.314748,0.331804,0.231022,0.306487,0.299209,0.603984,0.474337,0.195293,0.119030,1.129623,0.128098,0.219977,0.110372,0.085446,0.064446,0.026499,0.013977,0.010580,nan,
0.426621,0.685717,0.396591,0.368196,0.348699,0.398469,0.480706,0.248229,0.435762,0.324873,0.233250,0.232430,0.225397,0.232880,0.139597,0.081661,0.153024,0.072314,0.030888,0.020182,0.029578,
0.247188,0.369950,0.613306,0.385098,0.395447,0.476965,0.405890,0.405092,0.272947,0.236185,0.281356,0.280009,0.199554,0.139946,0.161781,0.209769,0.070364,0.047531,0.043406,0.025740,0.023055,
0.132645,0.402847,0.415834,0.405065,0.375742,0.436302,0.514831,0.347521,0.388957,0.316556,0.336808,0.222900,0.288374,0.183501,0.130109,0.118148,0.085578,0.052302,0.036659,0.021314,0.047280,
0.287775,0.376745,0.390105,0.608787,nan,0.364971,0.375115,0.298984,0.277292,0.298511,0.265287,0.240176,0.213786,0.210410,0.196167,0.136072,0.090575,0.117303,0.074243,0.016686,0.011301,
0.274053,0.316611,0.328147,0.392206,0.355978,0.364294,0.364281,0.374510,0.339988,0.276537,0.305555,0.245778,0.237274,0.246292,0.224227,0.143678,0.097418,0.055047,0.038709,0.018340,0.016719,
0.309841,0.265652,0.424580,0.401893,0.387743,0.390501,0.382929,0.325431,0.309109,0.354348,0.259337,0.224061,0.204574,0.176338,0.135385,0.149656,0.185010,0.071002,0.038151,0.057171,0.010417,
0.498571,0.400762,0.492344,0.472597,0.354790,0.382213,0.384104,0.339134,0.345030,0.339606,0.328067,0.307141,0.234867,0.279544,0.146186,0.143101,0.122380,0.068225,0.041414,0.027214,0.026683,
0.281072,0.453984,0.514661,0.551469,0.395213,0.421555,0.379885,0.316981,0.359771,0.346803,0.308030,0.274192,0.267435,0.204493,0.180060,0.147719,0.178154,0.072750,0.054324,0.031248,0.038128,
0.295707,0.361711,0.453771,0.464236,0.415133,0.389011,0.372917,0.331517,0.373920,0.323055,0.352421,0.244901,0.300061,0.274736,0.214409,0.181187,0.111825,0.086583,0.050453,0.048014,0.027559,
0.317851,0.398535,0.499842,0.484625,0.411295,0.407105,0.359313,0.389669,0.358638,0.352024,0.297263,0.353300,0.243216,0.261052,0.189585,0.140353,0.116950,0.129160,0.065523,0.045579,0.044408,
0.758340,0.282818,0.382804,0.387133,0.466709,0.369138,0.421942,0.376954,0.404920,0.343947,0.340429,0.317106,0.280706,0.246640,0.231661,0.212791,0.158491,0.134489,0.059107,0.069588,0.018909,
0.215820,0.655524,0.324330,0.334462,0.466432,0.499574,0.362543,0.347846,0.378939,0.348485,0.375895,0.269285,0.296843,0.285478,0.261201,0.188193,0.158470,0.114050,0.088840,0.077722,0.035485,
0.440228,0.483634,0.462840,0.384612,0.285613,0.469699,0.421158,0.320043,0.366275,0.393582,0.378067,0.339650,0.265907,0.209857,0.261035,0.211773,0.179958,0.168364,0.072543,0.051156,0.026672,
0.261863,0.391978,0.346064,0.348253,0.478409,0.443745,0.441397,0.353682,0.417096,0.354121,0.357513,0.285874,0.283228,0.263765,0.194601,0.212561,0.126003,0.166362,0.134439,0.072547,0.054687,
0.148038,0.288973,0.473819,0.345289,0.246497,0.438178,0.289878,0.361450,0.294146,0.342409,0.369162,0.363316,0.248212,0.318786,0.243258,0.205099,0.253586,0.165777,0.133912,0.105629,0.057499,
0.272049,0.338724,0.229458,0.371587,0.388183,0.426968,0.313367,0.445936,0.498327,0.558930,0.304737,0.336281,0.346011,0.275524,0.306326,0.234257,0.252722,0.222675,0.124693,0.135605,0.058116,
nan,0.278922,0.580251,0.275335,0.376476,0.477982,0.568357,0.457479,0.262112,0.235108,0.482000,0.315013,0.241276,0.330178,0.307276,0.211746,0.165373,0.225198,0.155474,0.137518,0.157392,
nan,nan,0.389364,nan,0.272673,0.350516,0.309963,0.266072,0.584208,0.332979,0.369980,0.203088,0.552445,0.160360,0.218946,0.635460,0.480021,0.544439,0.107040,0.093960,0.071168,
nan,0.572216,0.345377,0.261504,0.322464,0.155822,0.490971,0.295724,0.443671,0.276812,0.306919,0.207151,0.184889,0.167582,0.135627,0.084384,0.054141,0.014889,0.008880,0.015523,nan,
0.200967,0.192116,0.357403,0.384952,0.368634,0.455699,0.261985,0.226600,0.313425,0.275043,0.296304,0.229242,0.220861,0.120619,0.205589,0.164019,0.056988,0.036728,0.028171,0.013377,0.011442,
0.213428,0.307937,0.332996,0.412358,0.445758,0.435048,0.437839,0.364321,0.420957,0.280373,0.492320,0.210807,0.243768,0.187763,0.104858,0.089604,0.075151,0.089934,0.049144,0.021140,0.041377,
0.210476,0.524048,0.427259,0.382523,0.419421,0.330996,0.437687,0.353038,0.336919,0.277028,0.298954,0.266957,0.236406,0.177859,0.170154,0.212687,0.072102,0.110573,0.082035,0.033967,0.011250,
0.165657,0.404361,0.425602,0.431121,0.415844,0.396718,0.326775,0.368259,0.328106,0.334950,0.334775,0.235842,0.214911,0.188274,0.145437,0.111137,0.092365,0.054934,0.036435,0.020606,0.028177,
0.125167,0.369388,0.359167,0.378588,0.423448,0.392023,0.337176,0.338400,0.336854,0.268329,0.262738,0.265323,0.240989,0.225419,0.206236,0.102449,0.094301,0.091607,0.069082,0.022574,0.017029,
0.209609,0.363983,0.336314,0.408819,0.427720,0.454669,nan,0.342459,0.360978,0.362178,0.287176,0.244663,0.250301,0.244632,0.219888,0.144502,0.126464,0.060957,0.048215,0.016708,0.016328,
0.194772,0.317599,0.346657,0.456077,0.498081,0.401341,0.351393,0.348135,0.364555,0.314829,0.264544,0.255901,0.235418,0.210187,0.155630,0.134408,0.125354,0.076458,0.051262,0.030044,0.012492,
0.404016,0.404870,0.307383,0.378546,0.419545,0.412987,0.429947,0.352318,0.353629,0.336354,0.339742,0.269554,0.247434,0.250867,0.182680,0.148742,0.129865,0.089175,0.065645,0.028902,0.014181,
0.310510,0.456737,0.376930,0.373932,0.491421,0.336409,0.359926,0.340889,0.349713,0.327943,0.307641,0.264962,0.233302,0.226332,0.226857,0.169645,0.129169,0.069782,0.083802,0.032837,0.020659,
2.140177,0.312367,0.438013,0.338730,0.394818,0.300977,0.380856,0.371828,0.403709,0.351345,0.329470,0.297408,0.268582,0.256026,0.215873,0.187930,0.134334,0.099603,0.055525,0.050723,0.022616,
0.239312,0.706406,0.449122,0.349425,0.469116,0.299032,0.340011,0.360370,0.378878,0.361429,0.378663,0.194481,0.279754,0.256672,0.208588,0.154467,0.145997,0.080135,0.072608,0.072967,0.027107,
0.463815,0.569454,0.496220,0.366360,0.568017,0.312119,0.334633,0.362477,0.416909,0.352563,0.311021,0.299431,0.330327,0.261166,0.266651,0.215402,0.175188,0.124090,0.099011,0.049985,0.072719,
0.255818,0.336135,0.407911,0.440061,0.405321,0.422827,0.335067,0.418724,0.339727,0.421355,0.321894,0.276365,0.253393,0.234241,0.283942,0.248065,0.162678,0.134506,0.111538,0.058549,0.035967,
nan,0.297589,0.521050,0.403149,0.324877,0.431932,0.333555,0.474065,0.306325,0.342782,0.332603,0.317601,0.356717,0.238241,0.231477,0.194491,0.196243,0.147817,0.099554,0.063638,0.055482,
0.149438,0.651253,0.305896,0.280510,0.470480,0.362208,0.278400,0.500672,0.301022,0.352027,0.370385,0.293234,0.303135,0.313295,0.261123,0.235794,0.178636,0.198239,0.117928,0.081140,0.096189,
nan,0.525813,0.239837,0.406506,0.334859,0.302901,0.589468,0.454863,0.404130,0.314444,0.418600,0.268300,0.300560,0.289674,0.242595,0.215291,0.240752,0.208579,0.142978,0.117991,0.073896,
0.226825,0.345466,0.622171,0.259179,1.042114,0.607502,0.227428,0.286583,0.357412,0.381644,0.410683,0.401201,0.224620,0.247982,0.340463,0.165868,0.212038,0.272989,0.165191,0.146382,0.186829,
nan,nan,nan,0.267754,0.133141,0.578327,0.407295,0.812281,0.195160,0.335439,0.259574,0.212774,0.121623,0.177374,0.184140,0.326895,0.184699,0.265082,0.164588,0.097642,0.105811,
nan,0.659781,0.214204,0.156777,0.436254,0.184707,0.363538,0.201110,0.586380,0.505704,0.202503,0.159905,0.239822,0.115333,0.403515,0.044752,0.833777,0.031902,0.036402,0.010130,nan,
0.243965,0.090983,0.387995,0.276582,0.455717,0.433823,0.259185,0.249605,0.260483,0.257985,0.314936,0.223529,0.358279,0.173894,0.149984,0.221778,0.092362,0.039495,0.028438,0.014861,0.008869,
0.242706,0.449477,0.280081,0.435858,0.451962,0.456768,0.460324,0.281555,0.378465,0.352983,0.290158,0.245609,0.204977,0.141156,0.145318,0.115664,0.084520,0.052568,0.029337,0.015208,0.010213,
0.280916,0.465362,0.403313,0.447641,0.439454,0.400102,0.423872,0.355621,0.313294,0.315017,0.299155,0.249730,0.189604,0.168509,0.105094,0.097244,0.129943,0.062291,0.048112,0.026036,0.022174,
0.278239,0.428585,0.383489,0.343417,0.389527,0.428793,0.374067,0.313084,0.361243,0.305213,0.302282,0.237726,0.214907,0.205268,0.161068,0.157280,0.081255,0.074115,0.055527,0.034365,0.019875,
0.251947,0.456683,0.366186,0.390496,0.420113,0.364703,0.362238,0.372204,0.350739,0.326070,0.323197,0.267479,0.272907,0.208610,0.150544,0.130886,0.097270,0.060050,0.052591,0.023208,0.019861,
0.166915,0.406197,0.436861,0.352126,0.389715,0.372756,0.376438,0.331943,0.340577,0.292290,0.246030,0.258343,0.279936,0.172759,0.206773,0.107564,0.079010,0.057279,0.048305,0.026250,0.017110,
0.239060,0.336576,0.374937,0.341779,0.446339,0.396574,0.416541,0.341339,0.374846,0.372332,0.315209,0.248694,0.222389,0.216852,0.229012,0.128294,0.086851,0.093162,0.045609,0.029203,0.015071,
0.231540,0.266924,0.399570,0.322035,0.404287,0.405703,0.345233,0.417988,0.364705,0.320159,0.314089,0.259972,0.251033,0.252989,0.179403,0.134383,0.096554,0.107899,0.066867,0.039643,0.013793,
0.327733,0.387820,0.431612,0.346139,0.412707,0.350275,0.341902,0.379436,0.409086,0.497147,0.325894,0.310584,0.258465,0.219881,0.196426,0.136661,0.130690,0.085855,0.085338,0.022107,0.012378,
0.486797,0.316162,0.393586,0.371207,0.411835,0.411018,0.380525,0.358477,0.368210,0.359241,0.358934,0.288652,0.231289,0.238435,0.219400,0.155017,0.157861,0.071816,0.054386,0.036072,0.018496,
0.530046,0.391803,0.291992,0.367242,0.442485,0.466395,0.414749,0.365618,0.397444,0.329574,0.363564,0.321398,0.267245,0.276350,0.241891,0.210480,0.155842,0.104316,0.069800,0.032704,0.055229,
0.166582,1.393915,0.261042,0.390930,0.358945,0.579587,0.412001,0.407807,0.464094,0.341186,0.322579,0.302248,0.316252,0.267262,0.234859,0.165383,0.176330,0.101516,0.066681,0.045773,0.057982,
1.447684,0.495644,0.239069,0.408407,0.400903,0.444497,0.387053,0.362715,0.331780,0.352501,0.349009,0.310064,0.290945,0.240663,0.271742,0.225499,0.186623,0.150753,0.070035,0.050351,0.062894,
0.089885,0.305377,0.758563,0.309850,0.322296,0.449075,0.507257,0.528841,0.322328,0.298834,0.293962,0.310100,0.309887,0.280061,0.244424,0.249679,0.191869,0.141423,0.091676,0.091353,0.045950,
0.371489,0.337590,0.449520,0.493568,0.441769,0.578575,0.452902,0.373725,0.298585,0.361192,0.354337,0.260160,0.302023,0.331703,0.228983,0.180097,0.223349,0.162585,0.113234,0.059089,0.069938,
0.163688,0.373976,0.261218,0.287733,0.317660,0.324057,0.516611,0.414602,0.451993,0.356419,0.263819,0.409024,0.290372,0.236974,0.268314,0.237569,0.196376,0.198956,0.180974,0.127891,0.087022,
0.418271,0.263125,0.366503,0.283962,0.340697,0.343312,0.299085,0.459987,0.307339,0.201121,0.348800,0.334630,0.223097,0.237328,0.239510,0.238453,0.241190,0.246472,0.150266,0.115198,0.128939,
nan,nan,nan,0.456423,0.200871,0.094859,0.508901,0.407048,0.309426,0.317397,0.445433,0.207518,0.277655,0.637827,0.871328,0.267098,0.194595,0.177292,0.136990,0.111195,0.391548,
nan,0.170082,0.242787,0.980784,0.225599,0.135675,0.638103,0.254140,0.146950,0.137662,0.137482,0.107746,0.105662,0.093267,0.148571,0.145795,0.083800,0.039274,0.010511,0.013096,nan,
0.652719,nan,0.461794,0.503363,0.284986,0.250872,0.291582,0.261721,0.351269,0.260459,0.295140,0.274987,0.177550,0.148148,0.211797,0.339651,0.176046,0.046647,0.042361,0.019697,0.016891,
0.328254,0.375125,0.248163,0.408124,0.414825,0.433924,0.275200,0.368919,0.313330,0.271709,0.295579,0.252968,0.315292,0.182580,0.145506,0.177202,0.147731,0.044335,0.037512,0.017928,0.023637,
0.241633,0.410581,0.420752,0.413506,0.406483,0.441218,0.351086,0.335770,0.375244,0.267131,0.351745,0.223900,0.254246,0.154671,0.134501,0.128582,0.073945,0.053526,0.039202,0.015294,0.018791,
0.253805,0.413219,0.366667,0.405208,0.376464,0.386394,0.453877,0.326187,0.291978,0.301065,0.315440,0.239152,0.202270,0.191271,0.130835,0.108834,0.090242,0.069431,0.045895,0.019431,0.018971,
0.281809,0.384837,0.372411,0.419682,0.371233,0.445958,0.368864,0.342990,0.329464,0.293417,0.281684,0.207123,0.208662,0.196406,0.154186,0.119125,0.104140,0.059701,0.064546,0.034971,0.018164,
0.247213,0.379233,0.357275,0.386464,0.350349,0.416117,0.375251,0.357694,0.354354,0.337119,0.308976,0.225037,0.242253,0.204998,0.179446,0.122996,0.106175,0.063542,0.074319,0.034397,0.018208,
0.231889,0.397863,0.390606,0.375941,0.325924,0.388630,0.377216,0.355737,0.358764,0.344896,0.294421,0.236909,0.259427,0.226217,0.161712,0.115565,0.105772,0.071649,0.077038,0.033233,0.017242,
0.202538,0.448724,0.420200,0.442308,0.391342,0.353464,0.366299,0.378114,0.357442,0.334388,0.356891,0.266525,0.244016,0.223406,0.256299,0.125588,0.110782,0.083585,0.054271,0.032152,0.021976,
0.203075,0.436626,0.414171,0.487251,0.388847,0.358549,0.388881,0.365177,0.381225,0.331818,0.323395,0.292119,0.257062,0.232775,0.205179,0.141542,0.129585,0.086837,0.050610,0.057155,0.024904,
0.324697,0.321574,0.382150,0.446501,0.396518,0.353556,0.362521,0.415343,0.389800,0.337358,0.351158,0.303728,0.269325,0.254690,0.199120,0.179230,0.110089,0.095094,0.082524,0.039048,0.021014,
0.881761,0.315614,0.584801,0.493725,0.420924,0.379475,0.333335,0.426433,0.385390,0.374026,0.317698,0.316901,0.265985,0.251406,0.235801,0.171880,0.159556,0.109817,0.070260,0.043981,0.073327,
0.154787,0.347864,0.543460,0.387193,0.494358,0.300990,0.308283,0.387952,0.383486,0.336039,0.324798,0.314367,0.308997,0.266441,0.239744,0.190682,0.192736,0.110907,0.078285,0.047781,0.044810,
0.284225,0.400818,0.360385,0.282812,0.421107,0.315423,0.377975,0.357210,0.383924,0.342859,0.337049,0.298302,0.316843,0.279402,0.264890,0.201428,0.190867,0.115544,0.093859,0.064815,0.043408,
0.142086,0.235227,0.710564,0.382072,0.384398,0.418778,0.357843,0.320785,0.384687,0.346244,0.349211,0.322686,0.314658,0.267143,0.248097,0.226888,0.204514,0.159837,0.121990,0.068905,0.036466,
0.196492,0.337335,0.447265,0.289498,0.321884,0.539350,0.362717,0.354892,0.358718,0.274305,0.433433,0.298015,0.285801,0.309417,0.261342,0.219698,0.194286,0.174266,0.148636,0.083737,0.060478,
0.102284,0.342165,0.219367,0.816388,0.374617,0.406245,0.401622,0.319409,0.309305,0.444078,0.378026,0.267083,0.319745,0.305035,0.240095,0.234963,0.209964,0.189314,0.185071,0.107131,0.126124,
nan,0.194698,0.904334,0.256426,0.201894,0.320666,0.181050,0.299006,0.288234,0.287325,0.288970,0.502017,0.425154,0.384027,0.338809,0.338336,0.241347,0.248042,0.171718,0.162604,0.081916,
nan,nan,nan,nan,nan,0.228481,0.434686,0.440586,0.267699,0.259439,0.275079,0.225402,0.512028,0.304487,0.162017,0.218953,0.213090,0.243279,0.364785,0.158570,0.101655,
0.422659,0.416972,0.393147,0.192856,0.211116,0.238240,0.370662,0.215073,0.193275,0.175313,1.669772,0.562296,0.122289,0.142505,0.079831,0.158847,0.347990,0.058331,0.017136,0.017878,nan,
0.370761,0.414066,0.316585,0.404299,0.366761,0.233503,0.332499,0.188455,0.409231,0.383591,0.695071,0.351922,0.200309,0.167148,0.136555,0.144409,0.179366,0.052188,0.021983,0.023357,0.008987,
0.293503,0.627798,0.414606,0.402761,0.301416,0.252298,0.357669,0.252348,0.469499,0.411521,0.417650,0.576805,0.209827,0.153635,0.259148,0.146225,0.092955,0.041425,0.035521,0.022097,0.019630,
0.297258,0.596647,0.400326,0.404142,0.403845,0.355618,0.351547,0.256768,0.263515,0.401420,0.356518,0.456094,0.268425,0.147565,0.136980,0.111964,0.079266,0.044118,0.026825,0.021486,0.013998,
0.296441,0.493699,0.419361,0.419119,0.415833,0.419326,0.320445,0.317363,0.281345,0.313547,0.418635,0.353932,0.249842,0.142637,0.111039,0.115399,0.104143,0.043643,0.028603,0.020924,0.014509,
0.263455,0.505464,0.355799,0.400370,0.450310,0.399628,0.430421,0.309562,0.320414,0.336699,0.374706,0.387392,0.287052,0.169346,0.122956,0.095543,0.087657,0.055070,0.031508,0.020898,0.014644,
0.253967,0.607111,0.349435,0.363805,0.464917,0.450654,0.392741,0.338808,0.301060,0.336504,0.308057,0.379115,0.381306,0.198215,0.126765,0.100166,0.083991,0.059035,0.033501,0.019318,0.010605,
0.210322,0.652477,0.413156,0.347693,0.404605,0.425939,0.399758,0.364249,0.348197,0.354861,0.321453,0.349660,0.339639,0.196143,0.134252,0.103975,0.087720,0.077331,0.035418,0.066514,0.014414,
0.191874,0.828895,0.414889,0.312540,0.313764,0.426028,0.404608,0.318269,0.372967,0.351271,0.318019,0.285751,0.292873,0.207076,0.168560,0.131864,0.099048,0.064218,0.048395,0.068157,0.022698,
0.169105,0.854641,0.393833,0.377740,0.332061,0.344996,0.364727,0.357046,0.354268,0.336722,0.332574,0.277414,0.293125,0.315637,0.157085,0.180527,0.108016,0.063693,0.048295,0.036812,0.017330,
0.126066,0.544980,0.473766,0.382838,0.304330,0.305413,0.387249,0.344969,0.364511,0.355445,0.326907,0.304130,0.266642,0.280466,0.178376,0.245540,0.101974,0.063912,0.046167,0.038523,0.015941,
0.355134,0.458072,0.502007,0.368291,0.343723,0.406534,0.346133,0.304534,0.404804,0.330057,0.326057,0.321632,0.283211,0.287380,0.195607,0.170205,0.117447,0.097966,0.046296,0.049431,0.022157,
0.603718,0.250307,0.526279,0.420127,0.405028,0.444204,0.325740,0.319506,0.310333,0.339749,0.318803,0.308751,0.313067,0.265573,0.233838,0.176147,0.148474,0.164981,0.054461,0.079117,0.027391,
0.385190,0.218370,0.604563,0.305068,0.303494,0.332513,0.255790,0.315712,0.265558,0.469174,0.309653,0.309518,0.307158,0.268468,0.248891,0.202881,0.154908,0.124173,0.067523,0.045455,0.027404,
0.160572,0.373814,0.419349,0.259315,0.364958,0.429137,0.360666,0.330338,0.357029,0.398256,0.364676,0.348205,0.322028,0.262165,0.252007,0.222423,0.194875,0.122192,0.110054,0.049142,0.071348,
0.313546,0.403013,0.446924,0.340235,0.286808,0.430599,0.394532,0.354032,0.406348,0.244630,0.257930,0.269037,0.242651,0.220933,0.265157,0.244146,0.198076,0.152441,0.145788,0.060400,0.066750,
0.079939,0.327371,0.215302,0.377586,0.430257,0.290816,0.320551,0.165923,0.231191,0.380091,0.355349,0.355522,0.395012,0.263655,0.231216,0.244064,0.230238,0.195359,0.156394,0.081496,0.080391,
0.352881,0.265407,0.331520,0.372426,0.273061,0.213876,0.547448,0.299144,0.311588,0.268533,0.252649,0.302620,0.211791,0.269149,0.276196,0.232112,0.272072,0.255259,0.186665,0.150175,0.124231,
nan,nan,nan,nan,nan,nan,nan,nan,nan,nan,1.681079,0.226531,0.250116,0.334612,0.137711,0.186221,0.234631,0.255999,0.213362,0.189576,0.066511,
