0.078789,0.171667,0.331409,0.278734,0.284671,0.245843,0.527812,0.170339,0.245757,0.137221,0.162718,0.223398,0.183390,0.112820,0.156484,0.089997,0.044693,0.040206,0.024707,0.055790,0.015229,
0.284908,0.211172,0.398067,0.271380,0.335542,0.309992,0.333934,0.208946,0.198394,0.165655,0.177617,0.197978,0.163604,0.111839,0.126147,0.076361,0.052274,0.044159,0.033902,0.036772,0.012914,
0.285089,0.249528,0.434722,0.355393,0.295367,0.234953,0.270041,0.217379,0.185146,0.211427,0.208105,0.170693,0.181325,0.115386,0.112389,0.100275,0.055523,0.056931,0.039092,0.043115,0.013591,
0.253465,0.227768,0.287176,0.345270,0.273550,0.231311,0.239612,0.212947,0.203379,0.224337,0.196822,0.154048,0.183580,0.105654,0.087845,0.087512,0.059405,0.058331,0.033988,0.042433,0.013344,
0.234184,0.215982,0.258346,0.262324,0.225902,0.230945,0.236830,0.199222,0.183897,0.207171,0.192870,0.141923,0.145948,0.106762,0.094663,0.084333,0.069557,0.057173,0.035286,0.037962,0.014899,
0.251993,0.225291,0.233000,0.214231,0.194863,0.217934,0.226087,0.192432,0.184940,0.182832,0.178266,0.153281,0.124035,0.107286,0.087108,0.083273,0.073801,0.058679,0.038179,0.037029,0.019029,
0.217671,0.196348,0.184734,0.223701,0.179140,0.217627,0.221504,0.174675,0.162433,0.162052,0.153352,0.151109,0.147427,0.111337,0.080793,0.094167,0.072811,0.066481,0.045226,0.035320,0.028555,
0.138738,0.191594,0.150189,0.189349,0.169254,0.174837,0.175158,0.152539,0.145440,0.150000,0.149325,0.122899,0.134953,0.111237,0.105844,0.099420,0.073767,0.075047,0.060407,0.035183,0.038037,
0.110769,0.170716,0.145816,0.162873,0.141725,0.205134,0.138800,0.130989,0.131584,0.138725,0.138987,0.116947,0.119999,0.119275,0.117255,0.097492,0.089144,0.087291,0.078648,0.041352,0.041808,
0.094516,0.127898,0.120609,0.134401,0.127911,0.169630,0.121984,0.123000,0.109735,0.123702,0.115620,0.113938,0.116004,0.140354,0.134869,0.109777,0.111480,0.108043,0.099492,0.064243,0.042500,
0.081318,0.102454,0.132805,0.137282,0.118604,0.133340,0.107812,0.125100,0.100540,0.113479,0.109004,0.121181,0.122990,0.149740,0.147869,0.147774,0.146803,0.146690,0.125107,0.078238,0.043502,
0.081244,0.084316,0.113830,0.131487,0.143520,0.121009,0.103130,0.118997,0.100169,0.113466,0.115829,0.139575,0.145661,0.175798,0.150974,0.169871,0.205833,0.188665,0.163371,0.102948,0.053691,
0.074065,0.075737,0.109728,0.129444,0.192103,0.100052,0.115692,0.123054,0.103546,0.136818,0.133760,0.169168,0.179030,0.210161,0.229187,0.224202,0.275050,0.251976,0.195202,0.119728,0.070224,
0.076069,0.077332,0.094341,0.117702,0.158593,0.096505,0.122636,0.130270,0.115866,0.138568,0.145820,0.219870,0.252338,0.257418,0.303043,0.315431,0.389544,0.343007,0.253715,0.134485,0.074589,
0.064865,0.103228,0.121128,0.229700,0.155751,0.106437,0.147216,0.147864,0.162761,0.160914,0.176873,0.270328,0.331589,0.325995,0.400601,0.426866,0.481560,0.459720,0.376181,0.180097,0.083356,
0.051201,0.082464,0.150610,0.157191,0.099529,0.136337,0.205813,0.143309,0.196793,0.206106,0.257995,0.267066,0.402476,0.462097,0.510339,0.687385,0.645259,0.604882,0.406662,0.180790,0.093212,
0.053276,0.075787,0.178837,0.305829,0.100316,0.195297,0.255876,0.160658,0.271122,0.230444,0.409557,0.448845,0.521245,0.667923,0.758594,0.985121,0.987693,0.798864,0.439523,0.169592,0.086286,
0.086167,0.155671,0.105414,0.141985,0.108965,0.361813,0.240968,0.152339,0.313931,0.435292,0.383534,0.525341,0.599427,0.779176,1.017898,1.222044,1.029601,0.603042,0.273417,0.126727,0.075126,
nan,nan,nan,nan,nan,nan,nan,nan,nan,nan,0.274482,0.715261,0.912201,1.209403,1.234777,1.386315,0.770861,0.302162,0.198789,0.065045,nan,
nan,nan,0.156739,0.128250,0.291611,0.410964,0.268659,0.209918,0.162823,0.153396,0.166767,0.204836,0.312979,0.125874,0.078076,0.050545,0.102010,0.033175,0.086663,0.018047,0.017251,
nan,0.393470,0.289153,0.306020,0.296447,0.286414,0.280816,0.287135,0.200785,0.245206,0.225381,0.172695,0.166245,0.134856,0.110114,0.102570,0.045411,0.059769,0.034640,0.023836,0.010679,
0.196196,0.415510,0.256835,0.302693,0.246320,0.269320,0.245831,0.250134,0.239338,0.193583,0.200873,0.181879,0.124580,0.123634,0.112244,0.074392,0.056161,0.055078,0.032823,0.024698,0.011454,
0.251547,0.378334,0.241399,0.325493,0.268472,0.273561,0.264164,0.226753,0.229440,0.183626,0.186127,0.161007,0.129087,0.125970,0.103912,0.072010,0.059245,0.057348,0.034941,0.029857,0.016110,
0.548111,0.345216,0.221648,0.288346,0.273544,0.236482,0.234229,0.230522,0.227475,0.170354,0.168934,0.147365,0.138339,0.126862,0.098578,0.086580,0.060915,0.062563,0.038331,0.036365,0.018019,
0.461855,0.268833,0.205862,0.245355,0.259234,0.200660,0.228478,0.220067,0.194571,0.168708,0.147548,0.140344,0.154612,0.116879,0.097354,0.101979,0.062430,0.067684,0.046855,0.037491,0.023431,
0.330995,0.208530,0.195414,0.211338,0.234090,0.182456,0.190026,0.198022,0.174341,0.153560,0.125303,0.130553,0.141858,0.108233,0.100492,0.099660,0.073278,0.073391,0.058144,0.038105,0.024929,
0.209809,0.152143,0.169170,0.201777,0.191835,0.182646,0.156150,0.160979,0.176733,0.133527,0.115889,0.137669,0.135480,0.118834,0.101268,0.098511,0.106595,0.071794,0.069906,0.037974,0.026654,
0.188007,0.145859,0.138843,0.166654,0.163860,0.157681,0.138554,0.138227,0.161540,0.113270,0.118367,0.125937,0.123333,0.117772,0.103313,0.107603,0.113093,0.086462,0.083920,0.050504,0.036443,
0.144886,0.126363,0.134388,0.134926,0.144346,0.138636,0.117400,0.127950,0.146381,0.105078,0.116938,0.120795,0.125110,0.128304,0.122012,0.121695,0.127277,0.111332,0.100105,0.050948,0.035163,
0.131228,0.107004,0.133634,0.121180,0.131509,0.124629,0.114150,0.119559,0.130960,0.098618,0.119832,0.119680,0.128632,0.128709,0.147053,0.148121,0.151135,0.134213,0.116207,0.065452,0.043201,
0.108380,0.096159,0.122886,0.123307,0.117328,0.123600,0.112029,0.120177,0.122353,0.113488,0.130071,0.126102,0.147433,0.162011,0.182963,0.177442,0.203304,0.186647,0.143255,0.077006,0.051876,
0.097964,0.120857,0.122542,0.126637,0.114491,0.126973,0.110007,0.131629,0.132068,0.123476,0.161254,0.150481,0.178150,0.188229,0.217942,0.243320,0.262315,0.248517,0.194989,0.090175,0.050621,
0.077195,0.124482,0.142614,0.135921,0.107619,0.120502,0.126372,0.134530,0.138865,0.153698,0.195812,0.186831,0.231684,0.252725,0.272495,0.336805,0.334391,0.337724,0.244364,0.118259,0.068684,
0.078108,0.109764,0.142652,0.152614,0.132692,0.156379,0.155814,0.184703,0.171493,0.193241,0.223429,0.222802,0.332846,0.373349,0.362315,0.466423,0.500145,0.470450,0.310608,0.159894,0.075082,
0.043724,0.167675,0.205788,0.185060,0.125245,0.172726,0.186584,0.221545,0.189643,0.284092,0.263284,0.355302,0.384392,0.473877,0.521096,0.651616,0.702367,0.566091,0.366016,0.155341,0.105046,
0.101744,0.240405,0.170111,0.213666,0.176316,0.181238,0.266971,0.252132,0.250492,0.273927,0.331728,0.522988,0.531659,0.615946,0.817227,0.909843,0.897029,0.703217,0.384349,0.176295,0.087800,
nan,0.120436,0.117135,0.140525,0.139699,0.175266,0.258956,0.191808,0.283100,0.331297,0.462436,0.557471,0.665332,0.869619,0.954677,1.115765,0.923078,0.569833,0.342394,0.134461,0.073542,
nan,nan,nan,nan,0.108318,0.162899,0.315213,0.408514,0.367614,0.419384,0.595754,0.452032,0.996537,1.054206,1.103164,1.109916,0.690672,0.588838,0.229287,0.121445,0.067045,
nan,0.234875,0.262185,0.278792,0.250504,0.193133,0.252321,0.247329,0.171699,0.169235,0.262262,0.184730,0.252128,0.201725,0.089359,0.078638,0.049851,0.077322,0.016347,0.018936,0.008502,
0.256031,0.322911,0.315604,0.297882,0.258042,0.269166,0.258537,0.212559,0.284896,0.223505,0.198547,0.174554,0.127945,0.128420,0.121382,0.061349,0.077070,0.052985,0.040046,0.024336,0.016461,
0.355486,0.267908,0.260811,0.349936,0.290908,0.294605,0.290651,0.224746,0.267854,0.205718,0.180401,0.168276,0.161667,0.118560,0.108640,0.085723,0.061365,0.059913,0.032506,0.023822,0.028366,
0.368604,0.255054,0.238730,0.322575,0.248099,0.238367,0.275620,0.236598,0.232750,0.196884,0.180536,0.165813,0.147626,0.136716,0.093196,0.088498,0.065783,0.060040,0.039166,0.029829,0.021293,
0.416742,0.264449,0.224569,0.256354,0.232011,0.219752,0.249354,0.209757,0.210855,0.191232,0.176907,0.180695,0.146605,0.118571,0.107737,0.067138,0.074435,0.061196,0.043330,0.030368,0.015381,
0.207581,0.263863,0.230755,0.219930,0.207667,0.211491,0.223781,0.177667,0.183613,0.158297,0.152922,0.175325,0.133877,0.128413,0.111228,0.074368,0.096584,0.063323,0.053360,0.045720,0.015319,
0.188647,0.246491,0.224950,0.190307,0.200352,0.191164,0.190704,0.161490,0.166674,0.151548,0.150930,0.155241,0.122690,0.119274,0.108496,0.086159,0.103222,0.064243,0.061443,0.030405,0.022970,
0.279797,0.241371,0.202390,0.188064,0.174044,0.169690,0.172103,0.160663,0.155109,0.135525,0.145586,0.135233,0.120321,0.113023,0.094190,0.096189,0.083769,0.073051,0.076571,0.038037,0.022972,
0.202505,0.176145,0.191914,0.168343,0.157126,0.150048,0.149522,0.159201,0.150964,0.129669,0.126381,0.121644,0.121681,0.117347,0.112981,0.104139,0.104132,0.094658,0.072640,0.041264,0.029364,
0.337652,0.156882,0.160585,0.166764,0.149029,0.124534,0.138650,0.157685,0.125564,0.128010,0.122635,0.121355,0.114745,0.134532,0.118624,0.131902,0.126255,0.104592,0.085530,0.049795,0.032580,
0.130306,0.103339,0.148177,0.139719,0.139824,0.132359,0.127764,0.137042,0.123074,0.129543,0.130981,0.120707,0.129618,0.141930,0.140742,0.149327,0.155471,0.130361,0.101150,0.062572,0.030195,
0.099653,0.103520,0.128413,0.102334,0.127818,0.144555,0.125039,0.120926,0.125403,0.143952,0.142430,0.134138,0.140395,0.159901,0.182900,0.184690,0.189836,0.171955,0.137214,0.077731,0.043859,
0.107986,0.124920,0.126302,0.109801,0.119341,0.147873,0.144718,0.134935,0.134344,0.160942,0.161867,0.157414,0.166470,0.208390,0.215829,0.256643,0.259673,0.228340,0.187629,0.104383,0.051396,
0.087184,0.141591,0.122665,0.112194,0.123268,0.143130,0.193700,0.152536,0.157789,0.188884,0.188515,0.171080,0.232853,0.267874,0.286559,0.336673,0.370875,0.315362,0.240499,0.137068,0.079935,
0.085405,0.203066,0.110842,0.094756,0.138902,0.152858,0.175571,0.174741,0.189759,0.248817,0.231282,0.218720,0.323536,0.357900,0.389361,0.495194,0.493033,0.403130,0.311049,0.171968,0.075304,
0.059491,0.137853,0.126091,0.169370,0.132851,0.230159,0.200588,0.212027,0.208609,0.267482,0.288372,0.331460,0.422318,0.476158,0.537508,0.666813,0.573800,0.581837,0.332906,0.175313,0.077710,
nan,0.323878,0.234685,0.204351,0.162614,0.176012,0.207810,0.276181,0.229229,0.297689,0.330376,0.422828,0.563315,0.584363,0.815484,0.829248,0.790361,0.664668,0.338893,0.183197,0.088550,
0.064442,0.109189,0.205057,0.208849,0.322143,0.154132,0.261686,0.313923,0.328082,0.332294,0.537050,0.566597,0.658517,0.854861,0.934205,0.948495,0.945344,0.551233,0.249868,0.148830,0.050654,
nan,nan,nan,0.112058,0.170099,0.145901,0.447573,0.181397,0.171152,0.402748,0.366789,0.343205,0.609835,1.110931,1.040631,0.863810,0.841359,0.324677,0.143646,0.054645,0.009072,
nan,0.283562,0.383770,0.189363,0.202537,0.382325,0.200464,0.232090,0.250411,0.306579,0.239675,0.234161,0.155458,0.104665,0.090752,0.083129,0.049573,0.026517,0.031420,0.025630,0.008292,
0.356663,0.245714,0.265407,0.379293,0.311813,0.255285,0.291403,0.241151,0.222071,0.238869,0.192709,0.184825,0.142695,0.109403,0.132686,0.081079,0.057921,0.050458,0.028233,0.023528,0.016196,
0.363717,0.285120,0.291269,0.285677,0.293826,0.275562,0.276825,0.237228,0.222815,0.228437,0.192433,0.177172,0.146167,0.139750,0.081587,0.090769,0.065015,0.053316,0.040403,0.035370,0.016559,
0.304687,0.280809,0.277627,0.268889,0.253522,0.246650,0.239287,0.210231,0.240337,0.191447,0.183132,0.165095,0.151164,0.133633,0.119768,0.064321,0.079168,0.056283,0.044881,0.021867,0.011983,
0.229315,0.272264,0.251175,0.233932,0.301911,0.247849,0.229457,0.188759,0.200763,0.188823,0.160494,0.158496,0.135563,0.125386,0.104199,0.082948,0.080064,0.052878,0.051451,0.033963,0.021707,
0.240355,0.236944,0.222243,0.223155,0.266859,0.224296,0.207789,0.208478,0.187372,0.184154,0.167239,0.144765,0.135234,0.103043,0.100986,0.087033,0.068071,0.055122,0.053808,0.027075,0.018724,
0.196010,0.232078,0.210903,0.220134,0.220455,0.208245,0.188700,0.194579,0.168043,0.155416,0.144456,0.136018,0.127725,0.114004,0.098686,0.088671,0.075055,0.060287,0.063327,0.030012,0.018125,
0.115780,0.231020,0.203782,0.200213,0.210622,0.167149,0.166653,0.185416,0.167864,0.156703,0.140027,0.128101,0.119502,0.123778,0.097111,0.091556,0.084157,0.067743,0.052993,0.033485,0.025834,
0.159131,0.254380,0.183236,0.182337,0.171217,0.146823,0.141959,0.147081,0.145697,0.140903,0.126240,0.126393,0.111161,0.112625,0.111467,0.097260,0.089614,0.075699,0.061630,0.042073,0.021517,
0.116299,0.236488,0.144130,0.151628,0.140802,0.124732,0.123054,0.125456,0.149785,0.131426,0.109362,0.109117,0.117578,0.117089,0.128591,0.113310,0.111419,0.099705,0.083020,0.061278,0.025708,
0.344765,0.200403,0.134039,0.119076,0.121951,0.103701,0.116439,0.122330,0.125729,0.136386,0.120902,0.122955,0.113032,0.141914,0.134388,0.144716,0.143261,0.134813,0.110806,0.063806,0.047921,
0.193320,0.219841,0.114674,0.114480,0.106564,0.100427,0.128646,0.116877,0.124413,0.126214,0.120336,0.158658,0.136236,0.176892,0.166687,0.194891,0.212143,0.189609,0.138731,0.085360,0.062543,
0.079136,0.163076,0.103596,0.099970,0.102640,0.106415,0.131382,0.142207,0.137029,0.153489,0.150510,0.179295,0.167404,0.193677,0.234341,0.254851,0.248562,0.223651,0.159667,0.129032,0.064378,
0.076038,0.220920,0.101048,0.093229,0.098229,0.105705,0.165700,0.149733,0.165583,0.171279,0.165415,0.196301,0.215305,0.252005,0.303916,0.307911,0.354394,0.279776,0.217841,0.132181,0.063845,
0.069435,0.125055,0.133578,0.123989,0.087782,0.131511,0.154263,0.175506,0.171697,0.210069,0.205554,0.259322,0.298650,0.304320,0.397233,0.418164,0.428456,0.383897,0.247704,0.129848,0.065777,
0.051171,0.282823,0.145983,0.124445,0.123855,0.139597,0.307388,0.219143,0.185810,0.248579,0.362819,0.316805,0.364025,0.448555,0.471293,0.567697,0.546384,0.481384,0.292782,0.134846,0.079999,
0.059536,0.095958,0.079950,0.135096,0.107649,0.206715,0.195950,0.223611,0.207372,0.262221,0.317836,0.397643,0.527427,0.506620,0.656396,0.693566,0.733424,0.441486,0.278973,0.153912,0.102861,
nan,0.091219,0.113567,0.091800,0.114794,0.280978,0.212509,0.181906,0.360655,0.351422,0.437799,0.515835,0.547065,0.734574,0.821526,0.763352,0.709249,0.449651,0.231493,0.093184,0.064862,
nan,nan,0.263128,0.254835,0.481507,0.094757,0.163485,0.174964,0.199517,0.326645,0.338255,0.428474,0.521137,0.858831,0.830311,1.081906,0.579193,0.376730,0.183834,0.080782,0.009154,
nan,0.371173,0.249195,0.271596,0.403141,0.385109,0.215268,0.251202,0.155052,0.247494,0.427326,0.208214,0.145676,0.119176,0.122621,0.058799,0.055287,0.040229,0.027814,0.034626,0.018016,
0.358404,0.391558,0.288828,0.279538,0.297963,0.325583,0.300929,0.253078,0.298337,0.245017,0.187554,0.172807,0.160848,0.144876,0.115477,0.095016,0.063617,0.062448,0.029828,0.019216,0.026511,
0.421719,0.375858,0.298961,0.296581,0.313289,0.231724,0.278877,0.239157,0.233574,0.188533,0.184249,0.154543,0.147419,0.120056,0.123666,0.066650,0.066267,0.064310,0.047355,0.016678,0.018581,
0.453336,0.376814,0.319280,0.237257,0.359313,0.254639,0.243163,0.220321,0.230900,0.209108,0.172663,0.169076,0.152897,0.133788,0.121684,0.079944,0.081523,0.051646,0.045204,0.028372,0.022593,
0.339516,0.342133,0.257287,0.264736,0.248085,0.239963,0.211333,0.223730,0.210318,0.205576,0.181861,0.163554,0.147074,0.108347,0.095693,0.096981,0.067756,0.052057,0.045261,0.024009,0.013138,
0.242194,0.259193,0.259195,0.244820,0.238688,0.189753,0.218376,0.191838,0.189856,0.182240,0.164208,0.154434,0.135671,0.122778,0.103473,0.085672,0.075257,0.056959,0.053794,0.030039,0.014955,
0.200857,0.256668,0.241732,0.242932,0.209687,0.188525,0.197065,0.173753,0.173718,0.187863,0.155689,0.142119,0.125561,0.108869,0.107401,0.086206,0.080399,0.056967,0.047570,0.031944,0.023067,
0.222732,0.247111,0.216637,0.192658,0.176316,0.190249,0.174585,0.152179,0.139572,0.147378,0.152053,0.122053,0.108466,0.115654,0.106000,0.087068,0.085655,0.065871,0.059892,0.036159,0.017082,
0.099506,0.155135,0.169539,0.145346,0.151468,0.152312,0.165111,0.159139,0.135586,0.135016,0.120561,0.121206,0.108111,0.117384,0.114164,0.104736,0.097943,0.087556,0.071557,0.063230,0.022786,
0.153037,0.122444,0.144340,0.121789,0.128337,0.132145,0.145123,0.153075,0.115539,0.126825,0.111284,0.116635,0.111585,0.124285,0.114893,0.123190,0.134301,0.117276,0.074930,0.052654,0.042137,
0.123214,0.135748,0.123899,0.115285,0.126144,0.115740,0.137257,0.135448,0.125928,0.133817,0.106550,0.125035,0.127601,0.130306,0.139809,0.138961,0.154278,0.135498,0.103428,0.066776,0.044805,
0.103784,0.130613,0.108381,0.118409,0.136965,0.102822,0.168879,0.144386,0.128617,0.132516,0.122484,0.132124,0.142369,0.160974,0.170432,0.160963,0.192591,0.151009,0.117758,0.078159,0.039209,
0.083164,0.225532,0.105830,0.117027,0.148956,0.123764,0.167858,0.156586,0.159825,0.137230,0.137154,0.158763,0.208903,0.210042,0.194313,0.241329,0.239787,0.203681,0.150399,0.109244,0.057032,
0.185629,0.147825,0.106838,0.112478,0.139624,0.122193,0.139584,0.185405,0.191146,0.163369,0.189239,0.205214,0.236947,0.235403,0.261005,0.285448,0.273651,0.239896,0.184037,0.102537,0.057541,
0.208173,0.204364,0.102078,0.093664,0.153932,0.138130,0.175195,0.182517,0.172690,0.204623,0.207141,0.214150,0.243844,0.305980,0.348267,0.364741,0.387374,0.334511,0.234953,0.130197,0.055980,
0.069793,0.092124,0.107790,0.161273,0.116797,0.176645,0.259711,0.175889,0.236957,0.260531,0.253530,0.314714,0.307669,0.426678,0.449423,0.480667,0.486299,0.405710,0.222722,0.126251,0.068345,
0.069014,0.146526,0.201383,0.154732,0.146550,0.139002,0.173418,0.251191,0.273226,0.284354,0.299573,0.406547,0.404971,0.513692,0.585850,0.626981,0.532028,0.395322,0.252335,0.139195,0.084904,
0.054748,0.199284,0.209470,0.094379,0.272148,0.353986,0.231496,0.272356,0.275880,0.280939,0.351961,0.424307,0.590953,0.565293,0.898671,0.722393,0.566883,0.306791,0.208901,0.106006,0.072556,
nan,nan,0.065273,0.728855,0.572636,0.123930,0.272635,0.234409,0.457788,0.558441,0.763313,0.619433,0.447783,0.719833,0.579699,0.775344,0.615991,0.279867,0.119043,0.050385,0.093672,
nan,0.329615,0.489057,0.239853,0.239998,0.547771,0.301875,0.196479,0.253663,0.298327,0.197807,0.200233,0.159272,0.109025,0.095104,0.085564,0.142392,0.076020,0.038895,0.015109,0.007537,
0.513384,0.324655,0.274265,0.362153,0.305437,0.294463,0.260065,0.232391,0.246384,0.187355,0.168521,0.201695,0.180104,0.143413,0.091543,0.099501,0.057372,0.060923,0.037301,0.034605,0.030607,
0.602079,0.327216,0.355410,0.254225,0.372420,0.239768,0.271366,0.220580,0.253127,0.204142,0.168176,0.175624,0.163934,0.138566,0.112940,0.075447,0.080677,0.046734,0.040016,0.023299,0.008703,
0.363789,0.305631,0.301491,0.289191,0.286727,0.267532,0.217724,0.218923,0.209796,0.210337,0.206404,0.194260,0.158721,0.114503,0.088852,0.096186,0.053371,0.046518,0.044997,0.023189,0.021300,
0.451295,0.281822,0.276445,0.251948,0.275627,0.229576,0.235328,0.222782,0.210757,0.201218,0.185639,0.167228,0.145297,0.125321,0.111499,0.089401,0.078499,0.052892,0.055674,0.024287,0.015056,
0.341220,0.260418,0.246997,0.221998,0.247298,0.229343,0.219761,0.206103,0.172870,0.181292,0.161429,0.149485,0.126214,0.100678,0.108524,0.090108,0.068572,0.057730,0.048856,0.029361,0.020161,
0.177127,0.222177,0.207672,0.201902,0.206265,0.236833,0.207882,0.221228,0.198852,0.167997,0.144515,0.139987,0.120867,0.122009,0.110403,0.088000,0.078068,0.060791,0.044766,0.032829,0.014969,
0.191984,0.169420,0.187824,0.185131,0.190081,0.188850,0.174971,0.208111,0.164333,0.144136,0.132055,0.120566,0.117386,0.105805,0.117654,0.107022,0.087589,0.075384,0.064111,0.058657,0.020383,
0.130707,0.165824,0.179867,0.161180,0.150812,0.169450,0.155940,0.146741,0.164626,0.135461,0.121511,0.112182,0.119348,0.105330,0.101911,0.121416,0.103874,0.091196,0.067294,0.045376,0.028748,
0.115959,0.133328,0.172109,0.126072,0.138460,0.142101,0.145059,0.159039,0.143330,0.123422,0.120805,0.108596,0.117635,0.110182,0.107216,0.110200,0.119083,0.094013,0.080637,0.043647,0.037117,
0.263498,0.139119,0.139865,0.113732,0.126967,0.119813,0.142064,0.145797,0.140481,0.117397,0.118369,0.114557,0.124260,0.134647,0.111920,0.132372,0.154476,0.113812,0.083691,0.062511,0.045460,
0.078822,0.089165,0.113081,0.110012,0.145652,0.110326,0.104733,0.138150,0.122457,0.137309,0.143183,0.150195,0.155032,0.147722,0.158216,0.176565,0.161065,0.137753,0.117521,0.078441,0.041182,
0.148154,0.150563,0.099411,0.124061,0.114018,0.110074,0.120085,0.117492,0.142625,0.170416,0.153851,0.181986,0.161098,0.158113,0.206996,0.201071,0.204489,0.178100,0.143854,0.088357,0.052114,
0.055344,0.145872,0.092822,0.117247,0.152296,0.117639,0.113893,0.147397,0.162739,0.174279,0.200813,0.228952,0.210746,0.232438,0.227041,0.262001,0.274113,0.248215,0.160149,0.099832,0.044480,
0.131477,0.118056,0.120736,0.127755,0.128395,0.119528,0.138262,0.142726,0.175900,0.182777,0.222132,0.259924,0.269170,0.266919,0.316658,0.349028,0.363417,0.292591,0.170503,0.098411,0.066207,
0.073766,0.097305,0.113682,0.191075,0.114483,0.146488,0.213040,0.171841,0.267220,0.199896,0.314525,0.313677,0.289661,0.391199,0.416760,0.471276,0.414122,0.306133,0.219816,0.125956,0.067686,
0.336620,0.129824,0.098429,0.126665,0.225803,0.144394,0.144702,0.284156,0.195397,0.310107,0.340000,0.381050,0.371876,0.484780,0.549028,0.521662,0.466787,0.382162,0.197957,0.109367,0.068407,
nan,0.392076,0.127269,0.136284,0.280899,0.281943,0.370851,0.324059,0.336028,0.346862,0.353521,0.429099,0.486521,0.697919,0.579777,0.609003,0.544790,0.372956,0.156852,0.100341,0.052898,
nan,0.430346,nan,0.049727,0.126881,0.231367,0.140900,0.207781,0.527279,0.289564,0.265755,0.712589,0.665269,0.851560,0.648610,0.579101,0.420027,0.216523,0.110850,0.015277,0.017351,
nan,0.316975,0.321257,0.302947,0.403268,0.319744,0.382357,0.309776,0.267550,0.306152,0.140483,0.223829,0.090245,0.132914,0.177141,0.045321,0.030387,0.022833,0.031094,0.064857,0.010888,
0.536415,0.316526,0.317753,0.324641,0.362709,0.251010,0.275092,0.238447,0.261150,0.203752,0.148205,0.148784,0.153149,0.109887,0.087088,0.087318,0.072500,0.046532,0.038723,0.047610,0.010946,
0.294861,0.332464,0.353246,0.301244,0.313273,0.287063,0.244412,0.242310,0.192923,0.219360,0.180340,0.159220,0.189613,0.122789,0.119895,0.085221,0.074065,0.050200,0.036159,0.022653,0.017766,
0.300777,0.363762,0.248502,0.262189,0.286203,0.264486,0.252760,0.222309,0.243317,0.222225,0.176637,0.163380,0.155668,0.130189,0.102530,0.102505,0.070910,0.057007,0.042808,0.024622,0.013727,
0.341700,0.287038,0.262881,0.249699,0.257012,0.257826,0.225249,0.238748,0.200485,0.180154,0.163306,0.153936,0.126681,0.114336,0.102597,0.094625,0.064362,0.066227,0.042838,0.030205,0.015351,
0.183829,0.270034,0.223349,0.232685,0.232200,0.244972,0.232955,0.238857,0.241049,0.183703,0.146257,0.147202,0.129281,0.121396,0.098713,0.080401,0.077445,0.053515,0.046789,0.024856,0.013380,
0.254104,0.187556,0.203567,0.207351,0.214767,0.199832,0.183168,0.199599,0.171547,0.170856,0.140695,0.129752,0.130368,0.116200,0.109191,0.101277,0.085204,0.070465,0.059342,0.039484,0.021327,
0.146569,0.179711,0.177674,0.189905,0.174458,0.161947,0.161736,0.150398,0.160332,0.163807,0.156059,0.127784,0.119580,0.109079,0.088862,0.097555,0.079278,0.069909,0.048935,0.034401,0.020348,
0.195740,0.150069,0.152733,0.160348,0.148038,0.135880,0.130244,0.151724,0.159925,0.129150,0.146401,0.113011,0.112877,0.102792,0.094077,0.091087,0.102776,0.076328,0.065284,0.035896,0.023954,
0.130304,0.122047,0.146926,0.135942,0.124654,0.148375,0.130842,0.122473,0.120201,0.119230,0.130127,0.118792,0.116843,0.113052,0.103782,0.100469,0.132691,0.098015,0.066914,0.048338,0.034726,
0.083874,0.112933,0.142321,0.106092,0.114373,0.148824,0.123243,0.101631,0.109070,0.149293,0.126366,0.129426,0.114551,0.127002,0.134754,0.139600,0.101801,0.108806,0.091616,0.060975,0.033900,
0.119177,0.126415,0.140943,0.131408,0.111168,0.151181,0.123934,0.099988,0.122180,0.137704,0.146712,0.147207,0.149631,0.145375,0.142988,0.132413,0.147012,0.136672,0.104303,0.065161,0.027354,
0.067380,0.095894,0.132062,0.117907,0.116903,0.135639,0.126151,0.101591,0.150731,0.149364,0.151567,0.182577,0.166829,0.171806,0.158311,0.196425,0.192009,0.181750,0.112565,0.079166,0.039352,
0.067907,0.217194,0.124296,0.116343,0.135438,0.157230,0.150095,0.116634,0.163833,0.141247,0.180520,0.161480,0.189816,0.215688,0.208518,0.262961,0.256699,0.199291,0.157258,0.074335,0.041532,
1.140464,0.101970,0.119833,0.119934,0.104456,0.163439,0.150643,0.147388,0.162314,0.174921,0.183427,0.194821,0.223553,0.217531,0.280339,0.320251,0.298107,0.231081,0.152854,0.097674,0.066120,
0.063614,0.085217,0.129615,0.158801,0.190499,0.194325,0.142693,0.189083,0.166429,0.204533,0.220819,0.239735,0.253595,0.340939,0.414331,0.332168,0.334530,0.292901,0.202052,0.101303,0.051332,
0.067868,0.220084,0.157362,0.125441,0.127032,0.132790,0.183929,0.244546,0.227473,0.271658,0.252405,0.297406,0.363961,0.435416,0.429101,0.415836,0.467855,0.352715,0.219523,0.070117,0.076842,
0.066188,0.079855,0.161234,0.155763,0.243090,0.135029,0.180905,0.250347,0.231683,0.257074,0.306692,0.438500,0.476031,0.604827,0.479004,0.561823,0.347340,0.289554,0.144182,0.075978,0.088141,
nan,0.155411,nan,0.092760,0.110010,0.122338,0.250980,0.254377,0.291048,0.341093,0.403454,0.455110,0.423571,0.516565,0.513976,0.785823,0.422763,0.232971,0.069734,0.079893,0.003019,
nan,0.321589,0.285844,0.389529,0.260582,0.446189,0.315504,0.210042,0.248299,0.340063,0.142253,0.133755,0.129978,0.088840,0.078114,0.044028,0.057524,0.055638,0.036115,0.020319,0.012522,
0.508516,0.338042,0.325223,0.248625,0.379150,0.236032,0.277933,0.259581,0.212981,0.228163,0.151300,0.138372,0.155298,0.099742,0.114425,0.086840,0.050761,0.047380,0.028099,0.021303,0.025930,
0.268371,0.396173,0.270591,0.279834,0.318054,0.267857,0.252329,0.224404,0.234784,0.210036,0.235157,0.185643,0.165659,0.117156,0.077400,0.098758,0.062345,0.046707,0.040016,0.020159,0.014538,
0.313533,0.289472,0.287944,0.305799,0.285132,0.261059,0.250629,0.240241,0.210875,0.208673,0.207311,0.167648,0.135698,0.131816,0.107842,0.089613,0.062899,0.063132,0.046738,0.021771,0.018375,
0.229508,0.269600,0.245507,0.236619,0.259320,0.265373,0.248098,0.242090,0.256965,0.206125,0.172399,0.158863,0.129842,0.109945,0.095827,0.089734,0.074844,0.050932,0.047416,0.026113,0.017415,
0.317944,0.234799,0.247416,0.244156,0.218426,0.223187,0.207998,0.215533,0.179472,0.184707,0.156463,0.154817,0.135700,0.127352,0.119398,0.093691,0.083144,0.053881,0.045749,0.031001,0.015358,
0.261233,0.218915,0.210960,0.226936,0.178358,0.193302,0.201893,0.168065,0.178225,0.176403,0.168066,0.139178,0.125974,0.114383,0.086040,0.096603,0.072595,0.055420,0.040887,0.028634,0.018985,
0.196247,0.157845,0.175148,0.163528,0.162880,0.180463,0.175395,0.163086,0.161736,0.142013,0.152425,0.118289,0.125539,0.104242,0.094206,0.077948,0.087837,0.071183,0.043948,0.035591,0.019646,
0.139753,0.132219,0.157917,0.150996,0.156932,0.155610,0.163547,0.130172,0.124443,0.143576,0.136534,0.126178,0.112692,0.094653,0.104447,0.095007,0.104711,0.084192,0.054912,0.037697,0.029660,
0.108889,0.107836,0.136274,0.128361,0.126974,0.146366,0.140654,0.123918,0.134908,0.138865,0.112735,0.112160,0.106767,0.115823,0.104964,0.130427,0.103020,0.079552,0.065812,0.043625,0.042231,
0.127511,0.103588,0.114782,0.113006,0.121506,0.132048,0.133852,0.128714,0.135806,0.123399,0.115986,0.123479,0.136065,0.129855,0.102501,0.113369,0.113743,0.111893,0.073553,0.051166,0.032055,
0.099725,0.108868,0.101400,0.109604,0.128691,0.109293,0.128533,0.105105,0.133337,0.123132,0.121659,0.120689,0.141782,0.123313,0.130508,0.153601,0.139229,0.137486,0.098301,0.071042,0.034104,
0.082543,0.113997,0.101635,0.113432,0.127887,0.121224,0.145627,0.114092,0.119841,0.128758,0.135315,0.127317,0.140497,0.152878,0.155533,0.168332,0.183801,0.151618,0.112834,0.064083,0.036206,
0.059001,0.111470,0.103290,0.162340,0.132412,0.103150,0.157833,0.140191,0.142734,0.125894,0.159589,0.140706,0.167415,0.172159,0.204917,0.222742,0.198023,0.183391,0.097623,0.069296,0.048564,
0.122967,0.185815,0.100420,0.149397,0.106989,0.156076,0.140186,0.162803,0.138055,0.142362,0.193506,0.185797,0.199881,0.247845,0.279065,0.268858,0.237520,0.223339,0.160437,0.094326,0.048991,
0.104072,0.195657,0.134348,0.119109,0.135527,0.228047,0.184098,0.167242,0.159211,0.171935,0.255876,0.194323,0.281204,0.330383,0.316267,0.328640,0.307092,0.259477,0.184027,0.080061,0.044582,
0.079586,0.145335,0.130910,0.191657,0.152504,0.234352,0.194251,0.163667,0.220958,0.199550,0.272934,0.279867,0.366006,0.378148,0.343303,0.409294,0.395476,0.246975,0.177132,0.094448,0.049890,
nan,0.104331,0.140411,0.197825,0.156802,0.174262,0.224668,0.181529,0.214268,0.313640,0.285535,0.390837,0.339119,0.370193,0.463517,0.430190,0.393585,0.233013,0.149703,0.056704,0.070483,
nan,0.113368,nan,0.070134,0.816498,0.141293,0.159635,0.193197,0.148013,0.372351,0.276919,0.492050,0.376002,0.215438,0.347652,0.341909,0.181287,0.092616,0.086381,0.060561,0.011448,
nan,0.232487,0.178675,0.300842,0.392683,0.317308,0.232209,0.427599,0.536688,0.151921,0.185754,0.179093,0.066920,0.079870,0.075036,0.050643,0.055644,0.046777,0.033537,0.018812,0.008784,
0.256564,0.324361,0.376596,0.295204,0.329157,0.273738,0.288966,0.284781,0.271774,0.197627,0.180810,0.178714,0.143856,0.132069,0.136253,0.092084,0.069575,0.047502,0.023354,0.017600,0.033994,
0.346690,0.274216,0.367935,0.285725,0.264952,0.285075,0.289770,0.237505,0.225419,0.231075,0.159443,0.182882,0.154209,0.143334,0.109838,0.096135,0.064729,0.044740,0.043700,0.023542,0.009355,
0.288361,0.260123,0.233474,0.248298,0.262642,0.290607,0.229150,0.259425,0.203053,0.197722,0.177544,0.168347,0.137390,0.117893,0.108580,0.097356,0.063722,0.071640,0.040300,0.026703,0.014458,
0.153454,0.256905,0.265088,0.286528,0.245998,0.248112,0.232917,0.235002,0.192820,0.180949,0.165577,0.167465,0.132702,0.119711,0.120468,0.095541,0.074974,0.052430,0.045008,0.022541,0.010228,
0.409588,0.271159,0.227054,0.226354,0.208647,0.236933,0.227137,0.179928,0.189395,0.194625,0.179125,0.157395,0.139023,0.119380,0.096001,0.104420,0.064522,0.067578,0.042982,0.027939,0.013554,
0.340764,0.236628,0.192761,0.179106,0.210183,0.206980,0.218745,0.173230,0.169928,0.148917,0.154737,0.126141,0.133924,0.111933,0.085856,0.078643,0.076116,0.064357,0.048011,0.030837,0.019908,
0.198996,0.192236,0.209807,0.181361,0.190843,0.195857,0.166670,0.165092,0.142714,0.163345,0.153705,0.136841,0.120992,0.097512,0.096133,0.090633,0.083853,0.068332,0.056525,0.036004,0.018247,
0.138772,0.160179,0.186121,0.147579,0.170078,0.156407,0.140645,0.146088,0.141781,0.151335,0.130656,0.112946,0.109886,0.104866,0.103435,0.100907,0.082339,0.066010,0.057543,0.033151,0.017863,
0.129734,0.135338,0.139576,0.130907,0.138693,0.128773,0.139387,0.127963,0.122257,0.128318,0.139028,0.105596,0.110806,0.124113,0.092780,0.084121,0.096346,0.081860,0.058872,0.043675,0.027030,
0.104775,0.126857,0.124090,0.114933,0.134347,0.111588,0.128534,0.110234,0.112820,0.104165,0.136708,0.109594,0.108094,0.110185,0.112986,0.107909,0.119948,0.098933,0.079010,0.046279,0.020451,
0.133858,0.107312,0.097651,0.128640,0.115816,0.108188,0.113899,0.114167,0.106984,0.106683,0.109842,0.113366,0.124475,0.127055,0.137708,0.118733,0.129188,0.112140,0.085141,0.054767,0.036705,
0.114268,0.091457,0.109347,0.130562,0.121805,0.105522,0.111884,0.145661,0.116561,0.117581,0.120445,0.127490,0.125802,0.127642,0.141733,0.167931,0.157343,0.145689,0.085265,0.052977,0.032232,
0.135585,0.085785,0.126115,0.116293,0.104526,0.123999,0.122517,0.110134,0.122855,0.122866,0.143009,0.146326,0.158620,0.160855,0.185802,0.199986,0.162975,0.174608,0.127222,0.068865,0.038931,
0.075072,0.219385,0.118322,0.157448,0.147359,0.126854,0.123383,0.122170,0.135952,0.162531,0.146883,0.182647,0.214134,0.193082,0.233404,0.214234,0.215113,0.183832,0.126861,0.076655,0.043015,
0.441888,0.145973,0.112324,0.106192,0.142605,0.152304,0.151666,0.129713,0.207911,0.153214,0.202054,0.201570,0.235692,0.276568,0.227027,0.299675,0.291204,0.195317,0.175250,0.098669,0.035304,
0.281094,0.115188,0.160699,0.171354,0.175850,0.172658,0.121697,0.136347,0.181701,0.219807,0.255674,0.239643,0.273065,0.306068,0.312435,0.274747,0.279576,0.227468,0.120117,0.074171,0.040229,
0.127198,0.289645,0.147504,0.119661,0.297523,0.358442,0.156485,0.240048,0.154532,0.220120,0.325785,0.419860,0.335430,0.305310,0.337721,0.385627,0.327362,0.211972,0.083966,0.070167,0.043949,
nan,nan,0.543985,0.085353,0.097695,0.191418,0.142673,0.174834,0.342259,0.176062,0.282175,0.253458,0.459295,0.300008,0.454165,0.278839,0.348439,0.130296,0.187938,0.029916,0.015219,
nan,0.420773,0.209755,0.342888,0.260181,0.272253,0.252168,0.259202,0.485232,0.206587,0.202051,0.139817,0.151037,0.087144,0.144801,0.106621,0.051745,0.040867,0.024542,0.015955,0.009742,
0.253850,0.333980,0.308401,0.277216,0.300893,0.283531,0.269698,0.253101,0.231773,0.203616,0.218491,0.187308,0.120222,0.098378,0.109374,0.068784,0.077109,0.053274,0.044774,0.018238,0.012612,
0.232110,0.313262,0.285516,0.355570,0.288766,0.250702,0.241716,0.249683,0.241505,0.235088,0.191743,0.193281,0.135746,0.121066,0.084925,0.093562,0.078151,0.053613,0.038087,0.026351,0.016846,
0.207328,0.333090,0.287250,0.303945,0.234868,0.279500,0.272140,0.258133,0.269774,0.207948,0.183218,0.139425,0.137265,0.111143,0.090628,0.097532,0.065028,0.049352,0.051350,0.035174,0.017393,
0.247237,0.280296,0.286234,0.252851,0.225401,0.295122,0.243202,0.216846,0.203282,0.222959,0.192238,0.148455,0.156589,0.124949,0.107179,0.112883,0.077244,0.062399,0.039641,0.023019,0.025541,
0.199885,0.265030,0.247477,0.239840,0.256246,0.235613,0.234585,0.182553,0.212625,0.153815,0.177570,0.140836,0.129115,0.117048,0.087254,0.086082,0.073118,0.052383,0.048170,0.025587,0.020561,
0.156806,0.223366,0.233713,0.218573,0.219010,0.214579,0.152981,0.186654,0.162519,0.165898,0.156607,0.142162,0.139654,0.105250,0.100563,0.093254,0.080367,0.065312,0.042729,0.035064,0.015406,
0.175856,0.225308,0.221624,0.176433,0.193836,0.181104,0.162994,0.150359,0.157808,0.162216,0.138819,0.129785,0.116069,0.100043,0.092451,0.082778,0.079803,0.063078,0.042051,0.027413,0.020432,
0.157656,0.171193,0.174751,0.166036,0.150051,0.168746,0.160544,0.135679,0.122482,0.141207,0.125331,0.110199,0.101647,0.118457,0.103436,0.081790,0.077928,0.064194,0.055392,0.033853,0.023590,
0.087489,0.148245,0.143967,0.154538,0.136011,0.131055,0.132329,0.129791,0.128463,0.104201,0.106725,0.107777,0.108810,0.101530,0.104125,0.087237,0.094816,0.075030,0.055435,0.034078,0.032939,
0.100769,0.115475,0.112383,0.126991,0.134633,0.129259,0.123147,0.111112,0.101859,0.114697,0.101651,0.101672,0.106728,0.107733,0.121586,0.091866,0.115455,0.098322,0.068486,0.045029,0.027708,
0.093501,0.107590,0.103522,0.136579,0.131683,0.106813,0.104020,0.116628,0.106601,0.118837,0.109625,0.126459,0.104063,0.102011,0.114959,0.122683,0.118852,0.105811,0.083952,0.044923,0.035865,
0.099166,0.091917,0.094532,0.138041,0.120327,0.105847,0.123520,0.111382,0.109349,0.131261,0.126610,0.129337,0.149025,0.129829,0.149448,0.145568,0.123903,0.121014,0.080191,0.057552,0.022321,
0.181383,0.091860,0.111472,0.116703,0.117785,0.104147,0.115232,0.168237,0.114435,0.148801,0.143788,0.175207,0.171463,0.149490,0.169416,0.158981,0.161930,0.138022,0.102751,0.073927,0.031620,
0.409806,0.099270,0.105146,0.204593,0.108533,0.118897,0.134678,0.181966,0.138943,0.149269,0.190295,0.169875,0.185891,0.204001,0.196085,0.200060,0.183029,0.178896,0.122969,0.072450,0.034724,
0.099196,0.095955,0.177265,0.111589,0.122940,0.127099,0.150752,0.235915,0.177042,0.143964,0.215578,0.242644,0.220299,0.247579,0.220274,0.221206,0.209956,0.154786,0.119908,0.075782,0.033640,
0.100068,0.093885,0.117056,0.194537,0.139489,0.182552,0.169338,0.156611,0.173035,0.233917,0.235824,0.271046,0.289116,0.247492,0.257492,0.280941,0.252012,0.227014,0.100921,0.058122,0.024293,
0.086913,0.109991,0.141651,0.190191,0.109412,0.199239,0.156197,0.370495,0.197519,0.255407,0.296579,0.295313,0.337636,0.320440,0.384892,0.286524,0.195031,0.202616,0.090205,0.068048,0.066462,
nan,nan,0.201852,0.994054,nan,0.200926,0.100777,0.092071,0.196956,0.570569,0.282610,0.293864,0.304634,0.543929,0.453689,0.359718,0.164176,0.086234,0.069288,0.016972,0.014126,
nan,0.272364,0.478883,0.355615,0.149569,0.257964,0.156855,0.182605,0.243636,0.222328,0.195432,0.245418,0.094793,0.081505,0.046382,0.037280,0.059194,0.080107,0.020902,0.014930,0.010812,
0.368131,0.300382,0.323293,0.308950,0.328848,0.275525,0.264029,0.282610,0.231871,0.215648,0.187932,0.133557,0.178604,0.129697,0.108871,0.076809,0.080237,0.049922,0.046061,0.022524,0.008812,
0.325856,0.312065,0.254281,0.246832,0.287441,0.278932,0.259342,0.224722,0.229959,0.201099,0.219680,0.189950,0.170720,0.163941,0.111081,0.104619,0.060915,0.063024,0.037733,0.024380,0.019751,
0.263573,0.250554,0.330820,0.279368,0.262010,0.277991,0.254171,0.239459,0.211390,0.197062,0.181310,0.184617,0.143287,0.111796,0.118955,0.072226,0.074081,0.043670,0.041245,0.021365,0.011075,
0.205438,0.269384,0.276256,0.260249,0.263996,0.234536,0.239497,0.200325,0.211698,0.175563,0.183617,0.173360,0.144050,0.109755,0.106039,0.082006,0.073379,0.046023,0.043984,0.026495,0.012745,
0.306404,0.248201,0.260737,0.237406,0.231604,0.228376,0.184680,0.207810,0.176628,0.171259,0.166864,0.140230,0.146343,0.112695,0.093543,0.083268,0.068356,0.056042,0.031429,0.027907,0.018123,
0.241562,0.232717,0.221844,0.220642,0.224729,0.218863,0.173714,0.168906,0.179578,0.168020,0.151321,0.151107,0.133293,0.105305,0.083886,0.072407,0.071995,0.069350,0.044554,0.025386,0.018608,
0.138096,0.181774,0.177275,0.205407,0.177648,0.194826,0.157233,0.147688,0.154894,0.156678,0.144735,0.126285,0.114955,0.106871,0.101965,0.080245,0.071091,0.064872,0.046265,0.027816,0.019129,
0.141367,0.158416,0.168753,0.152838,0.151562,0.162577,0.152742,0.141011,0.140418,0.118076,0.114950,0.114963,0.109576,0.099227,0.100231,0.074139,0.074164,0.056751,0.051246,0.033038,0.019668,
0.150950,0.141029,0.138201,0.141837,0.145100,0.142314,0.137153,0.121253,0.105067,0.129655,0.110126,0.096911,0.098456,0.094375,0.113090,0.077977,0.109002,0.080178,0.067851,0.030651,0.015226,
0.095303,0.114589,0.120772,0.132975,0.131998,0.108121,0.109938,0.117114,0.107642,0.113723,0.108065,0.117070,0.089385,0.086299,0.098338,0.098143,0.084435,0.086716,0.064519,0.041802,0.026361,
0.194694,0.110569,0.109808,0.132494,0.114333,0.104700,0.131822,0.123468,0.109799,0.119910,0.130415,0.102306,0.117216,0.116313,0.129259,0.114565,0.098042,0.078970,0.065543,0.034528,0.023819,
0.101707,0.085679,0.112628,0.094667,0.116078,0.102970,0.126042,0.137212,0.103414,0.112227,0.129014,0.137793,0.131591,0.121197,0.120467,0.128864,0.109569,0.123568,0.082566,0.064748,0.025428,
0.077719,0.082354,0.098726,0.111819,0.126700,0.122600,0.136308,0.131638,0.157273,0.104109,0.134063,0.145710,0.122262,0.146593,0.209252,0.121579,0.138535,0.123925,0.076940,0.051892,0.023451,
0.139375,0.089405,0.104158,0.132122,0.120535,0.123112,0.147929,0.137926,0.151403,0.136838,0.183516,0.152108,0.196178,0.187641,0.166502,0.163323,0.159742,0.129771,0.090858,0.066270,0.028885,
0.108352,0.106925,0.117699,0.138091,0.112990,0.173045,0.160454,0.169572,0.175138,0.168900,0.171654,0.208550,0.188068,0.216281,0.229262,0.214002,0.217607,0.172621,0.114722,0.060197,0.033920,
0.064443,0.135409,0.142422,0.133038,0.138175,0.138625,0.199613,0.132350,0.141707,0.200150,0.209478,0.203342,0.238804,0.246412,0.281339,0.253379,0.177985,0.158006,0.120275,0.048051,0.035418,
0.089931,0.077021,0.123120,0.182558,0.362673,0.151233,0.222165,0.250751,0.252537,0.223531,0.258678,0.231591,0.238045,0.256179,0.264181,0.250043,0.229531,0.168348,0.074421,0.050738,0.046322,
nan,0.090600,0.076558,nan,0.111300,0.136789,0.093456,0.135052,0.450926,0.211342,0.176736,0.188963,0.185128,0.300168,0.632072,0.458160,0.177107,0.175262,0.060925,0.018555,0.225483,
nan,0.263806,0.179607,0.453703,0.361802,0.246598,0.342916,0.269490,0.204786,0.342949,0.303124,0.139771,0.085422,0.101469,0.122609,0.055774,0.071431,0.026052,0.023182,0.022564,0.019996,
0.363316,0.368595,0.338459,0.353391,0.257151,0.287623,0.257141,0.201511,0.248175,0.246557,0.178175,0.183520,0.171990,0.136826,0.086628,0.095749,0.050116,0.056645,0.047809,0.018525,0.013174,
0.424788,0.280939,0.336615,0.289348,0.265123,0.305855,0.218813,0.261229,0.233263,0.196542,0.214623,0.191769,0.157470,0.117597,0.092110,0.097427,0.064228,0.043596,0.042732,0.023741,0.015139,
0.371190,0.280846,0.305595,0.269459,0.271624,0.295122,0.280125,0.235339,0.215433,0.224825,0.200360,0.153338,0.136172,0.105665,0.134902,0.086184,0.063729,0.051439,0.033404,0.021495,0.017112,
0.163440,0.236977,0.293838,0.249933,0.232664,0.245697,0.243910,0.211830,0.220402,0.185808,0.190271,0.153115,0.134414,0.137902,0.098719,0.081048,0.076659,0.053947,0.040766,0.025433,0.023044,
0.152214,0.214096,0.226173,0.278595,0.245670,0.238027,0.194963,0.191054,0.198144,0.174499,0.149830,0.158017,0.145041,0.117048,0.091102,0.092013,0.066818,0.051773,0.034613,0.025505,0.014366,
0.243455,0.185924,0.253626,0.204774,0.198693,0.202705,0.168152,0.166293,0.162898,0.171572,0.156037,0.129015,0.125999,0.093777,0.098010,0.076949,0.074602,0.063171,0.045526,0.025742,0.015585,
0.172553,0.186114,0.203758,0.163633,0.187333,0.188685,0.164795,0.166535,0.136308,0.146399,0.115226,0.111828,0.112404,0.105817,0.099630,0.081015,0.066909,0.056744,0.046110,0.026919,0.017112,
0.146736,0.166589,0.184122,0.156242,0.163844,0.148097,0.144464,0.150211,0.125334,0.141857,0.121596,0.122894,0.102308,0.103175,0.106310,0.078817,0.080587,0.064465,0.044857,0.034242,0.020488,
0.151964,0.136533,0.143455,0.125938,0.138498,0.143941,0.132752,0.129096,0.133904,0.120166,0.105308,0.097374,0.093564,0.081497,0.077450,0.080365,0.072543,0.068697,0.041804,0.030222,0.016898,
0.127231,0.136595,0.127594,0.109999,0.122443,0.119982,0.148878,0.126777,0.112908,0.111565,0.122198,0.102650,0.104468,0.094815,0.090378,0.091208,0.081599,0.062175,0.058744,0.036946,0.022478,
0.104211,0.110202,0.114580,0.101177,0.139825,0.102080,0.135999,0.109086,0.118967,0.098406,0.125528,0.122896,0.108575,0.102063,0.092334,0.101280,0.095023,0.090256,0.053407,0.032676,0.025455,
0.218098,0.103760,0.136034,0.135781,0.159104,0.098672,0.123468,0.105810,0.134541,0.107392,0.120572,0.114400,0.113850,0.116096,0.144591,0.118078,0.110913,0.109601,0.077180,0.047166,0.019396,
0.063613,0.164878,0.087207,0.113874,0.109048,0.093520,0.135092,0.119504,0.134507,0.153081,0.158559,0.125092,0.143279,0.146533,0.153706,0.126151,0.120918,0.110984,0.070454,0.060531,0.025086,
0.085101,0.108202,0.087076,0.096292,0.196365,0.099186,0.191235,0.118210,0.148255,0.161442,0.123144,0.179426,0.145784,0.161537,0.166586,0.154495,0.166533,0.110085,0.103402,0.062229,0.029705,
0.099539,0.080184,0.106358,0.096090,0.140243,0.101733,0.165961,0.129497,0.177951,0.159549,0.140841,0.195344,0.164432,0.151360,0.183166,0.196264,0.166198,0.163877,0.107588,0.050012,0.033928,
nan,0.109533,0.111269,0.112112,0.172077,0.163142,0.155564,0.141070,0.164764,0.130897,0.223211,0.250780,0.192830,0.212239,0.199209,0.199498,0.186510,0.142495,0.086568,0.054028,0.036795,
nan,0.130351,0.194920,0.163914,0.103622,0.262169,0.123347,0.203604,0.265455,0.197734,0.216495,0.184151,0.375557,0.286565,0.234918,0.223549,0.197389,0.158620,0.048857,0.066311,0.037674,
nan,0.094611,0.115425,0.142997,0.077513,nan,0.123250,0.194193,0.118665,0.332759,0.259524,0.318918,0.191760,0.206330,0.381451,0.572414,0.127988,0.133018,0.097745,0.069833,0.084948,
nan,0.473325,0.236571,0.358335,0.351677,0.215712,0.225782,0.277030,0.311041,0.176029,0.272856,0.215136,0.096032,0.071958,0.103459,0.077243,0.127187,0.044569,0.032867,0.025578,0.013755,
0.356503,0.319468,0.320217,0.295407,0.319985,0.214625,0.272893,0.252059,0.192153,0.191431,0.167882,0.174163,0.154489,0.136953,0.091730,0.105809,0.055772,0.037312,0.029771,0.016318,0.011037,
0.450751,0.337974,0.327525,0.332805,0.272394,0.283867,0.291249,0.297215,0.258649,0.207803,0.188475,0.167014,0.145332,0.125789,0.108349,0.075376,0.055358,0.080654,0.036493,0.018658,0.013252,
0.360315,0.306418,0.312988,0.286607,0.268776,0.255832,0.254666,0.215338,0.224306,0.195735,0.194968,0.165249,0.172732,0.119356,0.112010,0.091336,0.059004,0.046270,0.038533,0.024642,0.016980,
0.250471,0.312849,0.254378,0.289428,0.244140,0.252871,0.216986,0.245762,0.210796,0.176096,0.170901,0.150228,0.136809,0.124178,0.097647,0.094587,0.080202,0.054902,0.038365,0.025212,0.017152,
0.168890,0.242499,0.278228,0.237887,0.214966,0.219837,0.198687,0.190704,0.184414,0.188692,0.142857,0.130993,0.149705,0.100870,0.085096,0.072524,0.072142,0.073874,0.050851,0.026337,0.016661,
0.312558,0.232972,0.215383,0.207237,0.197784,0.202790,0.188518,0.176840,0.173120,0.167157,0.124780,0.122980,0.112268,0.097014,0.111324,0.093827,0.068881,0.047732,0.036356,0.025055,0.012481,
0.349566,0.171917,0.195918,0.181924,0.187689,0.189554,0.165302,0.166410,0.140362,0.174474,0.134839,0.129603,0.111855,0.096414,0.094536,0.069579,0.061524,0.054330,0.041056,0.027527,0.020158,
0.149869,0.168987,0.158453,0.141403,0.157639,0.170920,0.157064,0.141311,0.141725,0.138108,0.121454,0.111973,0.102799,0.091390,0.084876,0.074725,0.075046,0.055349,0.036803,0.026834,0.016253,
0.152953,0.150051,0.127016,0.145577,0.152767,0.130617,0.156751,0.140385,0.120294,0.119232,0.128997,0.105360,0.098865,0.083126,0.075594,0.071404,0.078995,0.060015,0.050392,0.028569,0.017599,
0.144247,0.109094,0.121072,0.116078,0.174888,0.121278,0.133983,0.120957,0.121520,0.104436,0.113529,0.112260,0.102605,0.087958,0.088691,0.080973,0.076052,0.062432,0.049597,0.034956,0.019184,
0.107270,0.128833,0.118112,0.117976,0.153008,0.110710,0.116523,0.119912,0.106011,0.128540,0.106366,0.109807,0.100625,0.112758,0.103272,0.097535,0.089625,0.091466,0.059146,0.038927,0.027784,
0.080671,0.098448,0.100140,0.116355,0.136483,0.149846,0.121883,0.113493,0.110301,0.127851,0.128939,0.128057,0.094357,0.119088,0.130769,0.119576,0.093025,0.087535,0.065475,0.040536,0.019321,
0.284847,0.091642,0.105200,0.146713,0.146180,0.143118,0.110301,0.118387,0.120296,0.137545,0.104302,0.129501,0.126229,0.116444,0.118647,0.122122,0.098804,0.097159,0.057556,0.048397,0.023277,
0.069963,0.086747,0.103753,0.141116,0.122878,0.133062,0.130922,0.143567,0.113927,0.147397,0.105236,0.173464,0.158807,0.162089,0.127786,0.126685,0.137796,0.157726,0.102272,0.058558,0.031599,
0.062250,0.080738,0.100738,0.143780,0.122785,0.123653,0.118487,0.192546,0.176055,0.160771,0.153434,0.219035,0.165544,0.200398,0.151866,0.146638,0.135914,0.113589,0.093006,0.051362,0.025788,
0.061193,0.133679,0.300687,0.161345,0.155585,0.175156,0.186773,0.195965,0.146605,0.169911,0.154540,0.199308,0.252655,0.186843,0.204908,0.204032,0.172824,0.161398,0.073943,0.054014,0.031396,
0.066853,0.130418,0.104393,0.093637,0.143391,0.148391,0.109648,0.264461,0.141658,0.223428,0.184834,0.166177,0.289778,0.211260,0.235357,0.167052,0.223595,0.171727,0.054893,0.104709,0.026511,
nan,0.100872,nan,0.078144,0.132624,0.107146,nan,0.167344,nan,0.136951,0.365584,0.176078,0.264836,0.121860,0.142885,0.162688,0.166131,0.070077,0.044191,0.045657,0.008493,
nan,0.282938,0.171565,0.256270,0.239921,0.514563,0.390256,0.161833,0.225381,0.276692,0.183269,0.222387,0.187036,0.147973,0.263000,0.088279,0.113697,0.038508,0.036079,0.024404,0.014956,
0.405153,0.336785,0.309642,0.277821,0.296640,0.268549,0.283211,0.207765,0.205074,0.242813,0.223772,0.174446,0.198668,0.133401,0.103991,0.086715,0.077868,0.064801,0.027986,0.020568,0.013701,
0.440263,0.330068,0.302825,0.327789,0.266552,0.258603,0.278127,0.222560,0.240179,0.210290,0.174179,0.145659,0.138721,0.128119,0.085343,0.082980,0.063082,0.050577,0.036259,0.051060,0.053840,
0.392453,0.334061,0.325716,0.276804,0.246975,0.253588,0.255706,0.247696,0.211826,0.188045,0.180247,0.190599,0.158525,0.105076,0.113733,0.073456,0.086180,0.048286,0.048245,0.023983,0.012433,
0.438811,0.263002,0.282507,0.248677,0.273604,0.292996,0.233088,0.206600,0.245428,0.208922,0.175108,0.145000,0.138238,0.118645,0.098754,0.077361,0.074040,0.060091,0.042584,0.026854,0.014469,
0.200542,0.250361,0.229036,0.223851,0.216618,0.221984,0.194991,0.187891,0.189762,0.173675,0.178900,0.145800,0.147926,0.111597,0.099563,0.098163,0.067377,0.069228,0.037363,0.024706,0.013513,
0.287959,0.214673,0.231221,0.200671,0.227292,0.211210,0.204842,0.180258,0.164277,0.164836,0.143872,0.154354,0.122591,0.113319,0.092676,0.071614,0.056392,0.049354,0.045442,0.028161,0.015514,
0.309553,0.170241,0.181653,0.178249,0.188085,0.188662,0.159053,0.164432,0.147676,0.162024,0.131949,0.116521,0.103401,0.093323,0.089297,0.073898,0.062085,0.046314,0.040850,0.023937,0.023618,
0.183612,0.139462,0.149091,0.147239,0.203488,0.143640,0.153114,0.143702,0.134832,0.123063,0.125485,0.104454,0.097142,0.088032,0.074161,0.066606,0.063290,0.056013,0.044001,0.025169,0.012165,
0.118975,0.133156,0.134601,0.132463,0.168078,0.139800,0.130847,0.124746,0.114213,0.119288,0.108888,0.112580,0.101823,0.095386,0.081646,0.070684,0.061271,0.057692,0.041490,0.030521,0.015386,
0.121361,0.130968,0.121880,0.157148,0.115628,0.127309,0.166033,0.111001,0.107303,0.129622,0.119552,0.107523,0.094541,0.089723,0.083817,0.082485,0.074748,0.062381,0.042418,0.029384,0.017669,
0.114832,0.103192,0.118675,0.110881,0.100131,0.144649,0.137275,0.114417,0.100904,0.101678,0.112800,0.110799,0.093851,0.107485,0.108191,0.083593,0.084729,0.073556,0.055767,0.030476,0.032136,
0.226396,0.104933,0.111069,0.111300,0.090856,0.109518,0.093859,0.124328,0.109766,0.115473,0.091179,0.106117,0.096831,0.111258,0.111551,0.098712,0.090907,0.076054,0.061412,0.038175,0.018775,
0.096885,0.108375,0.138808,0.121950,0.120732,0.140588,0.094990,0.121191,0.123209,0.120040,0.111502,0.139560,0.140883,0.130174,0.117583,0.119972,0.084510,0.091899,0.067158,0.036952,0.041406,
0.294743,0.232204,0.088143,0.096983,0.142831,0.127102,0.108094,0.127786,0.142480,0.145034,0.115743,0.152523,0.136097,0.171428,0.122779,0.128258,0.129369,0.109024,0.077036,0.064435,0.029693,
0.288971,0.096828,0.128880,0.160295,0.121310,0.118289,0.166285,0.159845,0.169696,0.132916,0.145253,0.142088,0.205269,0.162668,0.142468,0.153664,0.126818,0.117097,0.082544,0.041197,0.021544,
0.056499,0.164604,0.097251,0.106329,0.136721,0.096144,0.125965,0.150228,0.179610,0.154776,0.108667,0.201654,0.158920,0.218635,0.222418,0.136843,0.192476,0.146333,0.083146,0.043709,0.023522,
0.087004,0.127550,0.134339,0.106795,0.166032,0.215156,0.160558,0.202316,0.175417,0.191997,0.228210,0.141749,0.200866,0.238503,0.198554,0.165862,0.191669,0.144746,0.044291,0.032932,0.078308,
nan,nan,nan,0.083564,0.061822,0.197666,0.971122,1.448379,0.446858,0.236072,0.094826,0.252226,0.184732,0.119126,0.189232,0.527047,0.231257,0.107429,0.046764,0.029995,0.092930,
nan,0.470261,0.441969,0.354103,0.312165,0.178803,0.441597,0.194646,0.182551,0.344974,0.194033,0.120981,0.158585,0.116449,0.093505,0.142622,0.084205,0.039994,0.031619,0.026461,0.012726,
0.411395,0.323891,0.332029,0.275381,0.290585,0.231586,0.331516,0.275047,0.246058,0.203724,0.201724,0.157540,0.228018,0.133151,0.097677,0.114267,0.070670,0.059813,0.054575,0.023928,0.011977,
0.246157,0.335654,0.303270,0.287612,0.300944,0.243854,0.282435,0.251526,0.260717,0.229557,0.196472,0.185260,0.141683,0.105563,0.109240,0.089509,0.071710,0.039075,0.040407,0.018978,0.034639,
0.326920,0.355759,0.258598,0.283185,0.257990,0.264063,0.240173,0.230006,0.199806,0.217581,0.205808,0.166218,0.148147,0.132843,0.103402,0.091802,0.072239,0.046419,0.033122,0.023198,0.009343,
0.352159,0.270186,0.232059,0.249615,0.239254,0.235425,0.196180,0.212071,0.198149,0.181806,0.168993,0.153113,0.154968,0.121594,0.097813,0.074720,0.067895,0.054817,0.041359,0.024563,0.022797,
0.198244,0.273970,0.251017,0.230040,0.264358,0.238753,0.247825,0.196356,0.192684,0.202071,0.156531,0.132980,0.127694,0.099770,0.100390,0.073583,0.059429,0.048604,0.036252,0.023546,0.019036,
0.197408,0.229290,0.234113,0.230541,0.221840,0.221881,0.188643,0.164047,0.155076,0.167704,0.129169,0.132339,0.110745,0.081134,0.103961,0.095678,0.064643,0.051876,0.033894,0.021633,0.022135,
0.255123,0.206064,0.203280,0.219038,0.190638,0.172297,0.176872,0.176219,0.158522,0.141164,0.126811,0.114213,0.104446,0.091479,0.088561,0.087262,0.070795,0.048214,0.040061,0.027414,0.014334,
0.173315,0.216118,0.144173,0.205811,0.182079,0.171286,0.152403,0.138262,0.129719,0.136498,0.122246,0.107151,0.107629,0.076955,0.074772,0.064446,0.060369,0.047733,0.035381,0.026420,0.013024,
0.132006,0.133282,0.127562,0.160235,0.144680,0.135929,0.148884,0.120406,0.112081,0.125851,0.114487,0.113474,0.108526,0.099117,0.076629,0.068143,0.055442,0.058980,0.041986,0.034994,0.015646,
0.093112,0.125906,0.116158,0.115617,0.117795,0.109901,0.102940,0.113143,0.108235,0.093945,0.102731,0.092962,0.093035,0.075181,0.086722,0.080607,0.073315,0.062750,0.040562,0.022696,0.015865,
0.096343,0.105456,0.108176,0.117939,0.109900,0.121052,0.096664,0.106500,0.109163,0.100223,0.095311,0.095795,0.085123,0.105411,0.110296,0.087075,0.081953,0.073304,0.050571,0.032350,0.026093,
0.158202,0.113681,0.113692,0.113234,0.125884,0.113580,0.100480,0.102755,0.131100,0.121358,0.102367,0.099683,0.099199,0.107877,0.089291,0.087055,0.073399,0.061670,0.054598,0.031540,0.016124,
0.115308,0.134916,0.097887,0.122998,0.137470,0.131456,0.094287,0.102332,0.122915,0.117866,0.094231,0.109727,0.114582,0.127257,0.126853,0.106474,0.089004,0.085586,0.051195,0.037038,0.032114,
0.857515,0.073428,0.093190,0.112615,0.119803,0.168529,0.102519,0.107534,0.106663,0.142108,0.118829,0.125572,0.131703,0.140149,0.110036,0.117148,0.102734,0.102069,0.070926,0.046065,0.028707,
0.076810,0.083493,0.106559,0.104628,0.138714,0.173985,0.103953,0.102239,0.148890,0.181133,0.167577,0.148442,0.124386,0.136960,0.184758,0.132362,0.147856,0.083427,0.070579,0.042721,0.020089,
0.478400,0.127019,0.101105,0.168709,0.156374,0.118220,0.105271,0.153700,0.149259,0.233269,0.170896,0.162663,0.112920,0.237672,0.132419,0.121204,0.124668,0.114707,0.090212,0.034734,0.025026,
0.148740,0.094044,0.267872,0.115027,0.124533,0.170591,0.145285,0.196041,0.277496,0.266571,0.189013,0.141901,0.163077,0.147314,0.160423,0.127473,0.120800,0.142078,0.053435,0.029002,0.038550,
nan,0.075749,0.068744,nan,0.112225,nan,1.387110,0.138048,0.176693,0.174323,0.152665,0.110639,0.119158,0.098420,0.156466,0.156772,0.292452,0.137264,0.072425,0.017526,0.161309,
nan,0.276792,0.288118,0.318304,0.216650,0.248275,0.179183,0.235206,0.275761,0.133270,0.172339,0.126127,0.240670,0.130886,0.109649,0.094066,0.084225,0.037296,0.030513,0.008382,0.011590,
0.142375,0.343294,0.260502,0.304177,0.286984,0.321247,0.212243,0.225155,0.294984,0.262177,0.174443,0.193804,0.151374,0.127372,0.109485,0.079522,0.075096,0.110300,0.053600,0.031221,0.015378,
0.295491,0.340041,0.372819,0.278847,0.282845,0.287412,0.287676,0.243251,0.201236,0.203928,0.195501,0.154651,0.158816,0.137050,0.125169,0.096761,0.059796,0.046535,0.046105,0.019867,0.022257,
0.209898,0.306884,0.282248,0.266285,0.304869,0.292366,0.243068,0.223801,0.260157,0.206257,0.172713,0.173569,0.128971,0.116985,0.104088,0.081791,0.086503,0.049434,0.032465,0.020371,nan,
0.222234,0.413918,0.286156,0.241595,0.258433,0.262858,0.230898,0.223767,0.197857,0.187037,0.189787,0.151874,0.148656,0.131781,0.103945,0.097589,0.063033,0.050994,0.031550,0.022306,0.012680,
0.279035,0.344060,0.231438,0.280219,0.244170,0.242216,0.234376,0.185912,0.191428,0.179279,0.151070,0.141907,0.124583,0.116928,0.096407,0.072641,0.064970,0.064129,0.052138,0.029847,0.011711,
0.182262,0.291462,0.205581,0.209159,0.209731,0.206758,0.189979,0.194999,0.174833,0.163657,0.166751,0.136246,0.129882,0.103913,0.097565,0.065046,0.052674,0.043124,0.052591,0.026521,0.018201,
0.118439,0.222526,0.181616,0.180466,0.196698,0.178447,0.176616,0.168262,0.164884,0.149057,0.133798,0.119979,0.109623,0.084115,0.077263,0.076723,0.062227,0.048290,0.038430,0.021712,0.016347,
0.145337,0.191928,0.149776,0.164079,0.136801,0.150663,0.142146,0.130167,0.138931,0.131466,0.118355,0.122660,0.110000,0.097626,0.084522,0.061606,0.071346,0.046560,0.032358,0.019156,0.012746,
0.144741,0.190548,0.111742,0.160142,0.123535,0.140008,0.121037,0.139159,0.117170,0.099747,0.101392,0.100393,0.096983,0.079970,0.074144,0.076151,0.070664,0.067899,0.042461,0.026019,0.018130,
0.201013,0.156538,0.106816,0.151806,0.124914,0.127611,0.101371,0.122801,0.110182,0.103378,0.092827,0.084288,0.088620,0.086018,0.099409,0.077443,0.070904,0.061312,0.041087,0.024910,0.015561,
0.099246,0.108788,0.101969,0.147909,0.115311,0.104480,0.108001,0.106536,0.118464,0.112633,0.094724,0.091056,0.081491,0.081994,0.083132,0.105062,0.069387,0.056337,0.052520,0.030804,0.023488,
0.076474,0.085086,0.106276,0.137124,0.115356,0.103813,0.104114,0.093260,0.110097,0.086880,0.099681,0.100807,0.107894,0.099064,0.093975,0.090279,0.066553,0.060710,0.038634,0.033365,0.016921,
0.075383,0.103801,0.143640,0.150489,0.111890,0.111149,0.115052,0.094753,0.122774,0.116487,0.114821,0.097208,0.116859,0.129841,0.083874,0.094470,0.098806,0.082472,0.055710,0.031100,0.029072,
0.171244,0.089492,0.113658,0.189918,0.106062,0.100821,0.113933,0.103612,0.125985,0.130598,0.146692,0.118726,0.099636,0.096245,0.124719,0.114080,0.092552,0.083830,0.060678,0.035607,0.024431,
0.095377,0.119638,0.092202,0.162877,0.167038,0.150241,0.139524,0.127449,0.112181,0.155732,0.136221,0.120911,0.118378,0.142125,0.113373,0.115003,0.138382,0.098922,0.064819,0.036856,0.020421,
0.082120,0.074207,0.134272,0.169363,0.130932,0.106913,0.132281,0.136471,0.128623,0.167567,0.162916,0.130689,0.195801,0.149133,0.151153,0.101761,0.094172,0.104100,0.071139,0.029962,0.030096,
nan,0.100372,0.247913,0.144441,0.135343,0.157045,0.187554,0.242608,0.190284,0.144831,0.113331,0.111971,0.150428,0.143054,0.195432,0.124211,0.144424,0.170407,0.038642,0.029644,0.025980,
nan,0.111886,0.093328,nan,nan,0.097197,0.112138,nan,0.268280,0.192609,0.110928,0.388507,0.478874,0.308649,0.097976,0.188036,0.070365,0.066009,0.225180,0.019745,0.088438,
nan,0.239762,0.268508,0.340161,0.330733,0.226282,0.571724,0.256805,0.244452,0.273034,0.265641,0.233196,0.122660,0.092305,0.156782,0.118157,0.038000,0.070680,0.020535,0.015576,0.009556,
0.334922,0.291141,0.377814,0.282227,0.341330,0.299298,0.276383,0.273695,0.259284,0.241726,0.169732,0.165656,0.112910,0.143672,0.099761,0.143295,0.054097,0.058343,0.038313,0.016994,0.013144,
0.332793,0.353923,0.279166,0.284211,0.285276,0.262349,0.252789,0.241008,0.241851,0.210854,0.203121,0.197371,0.150549,0.120931,0.114998,0.090722,0.059315,0.038686,0.036706,0.034099,0.020770,
0.346121,0.287118,0.302947,0.256218,0.270026,0.258772,0.244989,0.215393,0.233762,0.199474,0.185853,0.148824,0.136582,0.110978,0.090832,0.077730,0.066270,0.046434,0.040425,0.024051,0.012765,
0.261277,0.383356,0.263862,0.264541,0.253039,0.257330,0.258912,0.240548,0.200148,0.219856,0.162534,0.157375,0.143341,0.107034,0.095724,0.074645,0.067168,0.049128,0.029994,0.018665,0.013075,
0.265962,0.322773,0.239340,0.217114,0.227552,0.234809,0.228999,0.203982,0.177064,0.187278,0.146871,0.148763,0.120590,0.108007,0.102698,0.086986,0.063494,0.044306,0.033293,0.021308,0.007761,
0.180549,0.238412,0.192401,0.217691,0.200956,0.208592,0.191227,0.192541,0.185216,0.165762,0.152230,0.137540,0.113368,0.090544,0.092909,0.077017,0.065883,0.050257,0.030260,0.022355,nan,
0.123824,0.204347,0.182752,0.202368,0.159248,0.167819,0.145542,0.172049,0.159480,0.138438,0.132056,0.130388,0.117192,0.096376,0.078420,0.067812,0.058160,0.046815,0.039055,0.025890,0.016097,
0.140530,0.159937,0.178659,0.175372,0.169167,0.161985,0.156799,0.168962,0.133869,0.115671,0.113634,0.109529,0.104815,0.099914,0.089913,0.065226,0.050572,0.046944,0.035901,0.024675,0.011702,
0.134550,0.124095,0.162658,0.130753,0.146148,0.141518,0.111046,0.136342,0.124182,0.107315,0.097039,0.103980,0.090581,0.079486,0.073508,0.073022,0.056709,0.048587,0.044487,0.028151,0.012573,
0.131941,0.119601,0.144246,0.124628,0.148669,0.126452,0.120414,0.099052,0.121093,0.112021,0.103781,0.085564,0.083153,0.087089,0.082151,0.083350,0.061676,0.057633,0.036205,0.024480,0.014927,
0.072356,0.142840,0.128328,0.113923,0.144131,0.105337,0.114391,0.093235,0.112479,0.095811,0.096503,0.088569,0.088397,0.086614,0.074979,0.081431,0.059230,0.066749,0.041522,0.027656,0.019891,
0.175445,0.128088,0.126821,0.121612,0.131523,0.106917,0.115082,0.091392,0.125558,0.119410,0.095196,0.087138,0.101892,0.110568,0.085768,0.083171,0.067277,0.059026,0.040006,0.027221,0.013247,
0.072913,0.087828,0.130930,0.124680,0.132809,0.115281,0.102834,0.109239,0.102981,0.100206,0.125911,0.126476,0.102050,0.089463,0.081588,0.086081,0.096888,0.065972,0.054461,0.028001,0.017527,
0.130056,0.122759,0.100736,0.120991,0.143986,0.114656,0.095544,0.139270,0.111633,0.093260,0.132705,0.108823,0.103561,0.111351,0.096696,0.102502,0.087824,0.087909,0.053104,0.031247,0.022604,
0.070251,0.085373,0.130087,0.210161,0.102803,0.130642,0.141200,0.126283,0.118075,0.114763,0.164383,0.112449,0.141790,0.141051,0.112051,0.091336,0.109263,0.081141,0.054984,0.029870,0.021403,
0.159152,0.079300,0.094215,0.121535,0.111909,0.131664,0.132709,0.147715,0.153275,0.157965,0.172710,0.145209,0.193480,0.131903,0.141426,0.086548,0.103684,0.124872,0.072126,0.030669,0.032654,
nan,0.116299,0.136858,0.169073,0.115065,0.089990,0.208959,0.154479,0.147930,0.253374,0.166049,0.129727,0.148709,0.125308,0.105648,0.129655,0.159542,0.157712,0.047129,0.030009,0.021352,
nan,nan,0.251305,0.110544,nan,nan,0.131616,0.170417,0.177687,0.323495,0.351911,0.046941,0.441433,0.124434,0.147385,0.090627,0.106397,0.064093,0.043808,0.025786,0.021625,
nan,0.434788,0.290465,0.476604,0.314801,0.239687,0.258228,0.287245,0.321680,0.173487,0.223597,0.189334,0.076303,0.132641,0.073990,0.080795,0.027470,0.046873,0.015234,0.021765,0.006442,
0.249176,0.342733,0.293609,0.304659,0.312568,0.264443,0.266521,0.242497,0.275148,0.250143,0.205614,0.217340,0.131432,0.140091,0.095542,0.106263,0.052652,0.051568,0.028767,0.048362,0.014031,
0.321312,0.312321,0.284449,0.283973,0.277964,0.264953,0.270941,0.284607,0.217685,0.200779,0.194075,0.179077,0.177192,0.129113,0.109190,0.095473,0.077667,0.045264,0.045353,0.021524,0.015372,
0.290461,0.368627,0.286026,0.274287,0.283793,0.264018,0.212645,0.247449,0.200170,0.202267,0.171751,0.182267,0.145573,0.130354,0.116112,0.078819,0.083639,0.049993,0.039617,0.022621,0.010451,
0.378162,0.293511,0.263608,0.277362,0.249544,0.268717,0.252556,0.214063,0.235822,0.172373,0.163438,0.142282,0.147304,0.106480,0.100569,0.065348,0.081829,0.056229,0.048944,0.034404,0.019975,
0.363184,0.259584,0.209110,0.226224,0.235909,0.231299,0.221316,0.220677,0.192490,0.189350,0.172108,0.152904,0.125877,0.131906,0.097799,0.066390,0.056059,0.050363,0.054124,0.021111,0.016144,
0.229771,0.259299,0.211499,0.230394,0.198088,0.185745,0.167108,0.186497,0.181657,0.169287,0.136476,0.135480,0.116348,0.098894,0.081206,0.066028,0.052490,0.041768,0.037423,0.035631,0.021638,
0.327145,0.219331,0.171032,0.208234,0.195306,0.199531,0.149412,0.186568,0.162588,0.150547,0.143695,0.119980,0.110400,0.089791,0.082484,0.070968,0.053926,0.048588,0.039503,0.021106,0.015293,
0.171865,0.145556,0.150024,0.159345,0.172278,0.153596,0.138817,0.138616,0.156505,0.123296,0.109303,0.105057,0.092609,0.089560,0.074905,0.062385,0.062330,0.040995,0.038960,0.019250,0.011281,
0.143079,0.133458,0.131422,0.157665,0.142338,0.138975,0.128289,0.126386,0.134487,0.109757,0.104032,0.093914,0.094046,0.083215,0.076599,0.070537,0.061074,0.059289,0.043222,0.029417,0.015899,
0.094111,0.127865,0.119859,0.138007,0.129313,0.115780,0.112386,0.099776,0.113382,0.105207,0.103032,0.090693,0.084222,0.086338,0.076281,0.097707,0.057521,0.047112,0.035550,0.021750,0.013932,
0.089057,0.114936,0.107019,0.131367,0.118307,0.112798,0.104165,0.098136,0.127634,0.117411,0.088569,0.077968,0.095022,0.075873,0.089145,0.078202,0.063184,0.059345,0.040325,0.024879,0.022355,
0.080524,0.099222,0.110885,0.141175,0.105167,0.103997,0.115878,0.102404,0.112307,0.096075,0.102245,0.099865,0.090045,0.106623,0.067852,0.069960,0.072345,0.063626,0.038671,0.026922,0.020551,
0.201874,0.098615,0.112109,0.115367,0.103261,0.115346,0.123808,0.107425,0.116087,0.111783,0.128193,0.119044,0.077900,0.112368,0.095163,0.086752,0.071326,0.062713,0.056740,0.030202,0.016239,
nan,0.118017,0.157387,0.135909,0.097075,0.138388,0.125436,0.107029,0.133440,0.124356,0.132513,0.118804,0.089750,0.117392,0.082971,0.084024,0.084871,0.093210,0.048318,0.029730,0.023353,
nan,0.086202,0.207485,0.147548,0.119782,0.127755,0.135498,0.099107,0.130344,0.130319,0.152511,0.152723,0.113128,0.094908,0.150260,0.084055,0.092150,0.079685,0.052459,0.033298,0.017885,
nan,0.197613,0.106719,0.094305,0.183932,0.140308,0.152543,0.176022,0.183062,0.140179,0.130031,0.183429,0.132187,0.120905,0.097416,0.118034,0.098414,0.137711,0.087079,0.024763,0.025684,
nan,0.092595,0.095363,0.263867,0.108733,0.168744,0.142251,0.171017,0.151884,0.138021,0.102800,0.114815,0.189675,0.157704,0.109635,0.180345,0.097166,0.068883,0.042675,0.025121,0.027918,
nan,0.174664,0.383794,0.301540,0.119125,0.135202,0.089917,0.083775,0.123988,0.116823,0.258580,0.103757,0.107712,0.127289,0.157114,0.098379,0.061153,0.055747,0.026871,0.019092,0.040608,
nan,0.245909,0.290702,0.254875,0.283003,0.321270,0.325595,0.249875,0.209577,0.163401,0.213717,0.187885,0.187886,0.075752,0.092711,0.086242,0.038127,0.066927,0.021196,0.016535,0.006146,
0.219046,0.337654,0.296968,0.322286,0.317953,0.257919,0.238780,0.266177,0.207625,0.220475,0.188935,0.188740,0.165764,0.111155,0.109801,0.087830,0.067312,0.053438,0.033694,0.017963,0.008470,
0.268651,0.295670,0.294604,0.278489,0.248760,0.297734,0.302751,0.252194,0.230253,0.227008,0.207968,0.167294,0.139179,0.118572,0.093224,0.078871,0.068112,0.049192,0.037566,0.024336,0.011665,
0.244207,0.303644,0.318825,0.247848,0.274340,0.254166,0.238524,0.243360,0.211463,0.191358,0.212683,0.168884,0.135613,0.141489,0.104304,0.081913,0.070070,0.046438,0.034014,0.024877,0.010069,
0.291155,0.254206,0.248713,0.246960,0.241244,0.277399,0.243518,0.215415,0.207089,0.182739,0.175439,0.155600,0.154583,0.115680,0.103719,0.087794,0.067851,0.057315,0.039654,0.020032,0.009169,
0.273995,0.245172,0.233766,0.245182,0.242271,0.216260,0.231245,0.205564,0.188332,0.180954,0.152171,0.140016,0.111758,0.116221,0.108636,0.076654,0.058983,0.052940,0.036548,0.028943,0.013148,
0.240061,0.239332,0.209331,0.242745,0.218577,0.210325,0.188390,0.192800,0.162790,0.162229,0.167532,0.133065,0.122232,0.109973,0.101769,0.071904,0.068308,0.049083,0.029272,0.018574,nan,
0.170719,0.219352,0.179095,0.216951,0.188403,0.178116,0.157763,0.154680,0.179820,0.135370,0.137979,0.124740,0.105349,0.095374,0.086902,0.069774,0.057890,0.048221,0.030566,0.023577,0.024954,
0.191756,0.192698,0.152288,0.205537,0.158780,0.151265,0.134558,0.154310,0.148002,0.123186,0.113890,0.100726,0.099055,0.097291,0.082442,0.057967,0.052044,0.051957,0.035748,0.021869,0.011165,
0.136375,0.151507,0.138337,0.155091,0.136793,0.144414,0.120305,0.116718,0.133997,0.117090,0.105934,0.090206,0.081327,0.087966,0.076856,0.073598,0.055526,0.059217,0.039665,0.021742,0.015910,
0.128223,0.134065,0.139150,0.134038,0.120981,0.115061,0.116294,0.110558,0.104677,0.118608,0.092390,0.080179,0.080204,0.074314,0.068876,0.097105,0.064860,0.054849,0.036037,0.018344,0.012807,
nan,0.132384,0.147283,0.131559,0.138099,0.109249,0.134163,0.096232,0.097920,0.110694,0.092609,0.088614,0.083796,0.085555,0.064077,0.063114,0.064769,0.070645,0.041642,0.022145,0.022571,
0.106023,0.119589,0.149492,0.132952,0.124688,0.110033,0.133619,0.100333,0.088417,0.114035,0.113019,0.092499,0.094396,0.083944,0.092678,0.063474,0.065744,0.060814,0.043135,0.022793,0.020613,
0.097222,0.107446,0.109095,0.149233,0.101800,0.108851,0.101508,0.110980,0.095831,0.126153,0.153974,0.106866,0.077712,0.109022,0.077728,0.087208,0.066334,0.061426,0.066706,0.026303,0.015919,
nan,0.077077,0.099544,0.117662,0.112426,0.110349,0.114791,0.109023,0.135715,0.104967,0.145517,0.103005,0.109618,0.111744,0.103430,0.102960,0.085956,0.099371,0.045087,0.029876,0.017615,
nan,0.074794,0.137388,0.179693,0.152147,0.118546,0.113569,0.104555,0.162714,0.110203,0.108108,0.112150,0.106663,0.099328,0.094140,0.078940,0.083684,0.082487,0.049420,0.042153,0.017688,
nan,0.105212,0.126318,0.106642,0.114185,0.146163,0.170557,0.090557,0.167603,0.106447,0.138011,0.128015,0.109024,0.170816,0.103573,0.123692,0.073084,0.125977,0.080517,0.025864,0.021380,
nan,0.065728,0.093295,0.134501,0.110915,0.123918,0.114367,0.129131,0.146286,0.156836,0.097316,0.145644,0.113296,0.104131,0.105115,0.086930,0.078760,0.068664,0.039827,0.022797,0.022286,
nan,nan,nan,nan,nan,0.105190,0.104197,0.071030,0.087904,0.231455,0.130218,0.108446,0.126367,0.125533,0.083648,0.120710,0.071544,0.056820,nan,0.024341,0.017531,
nan,0.331130,0.326059,0.445766,0.253603,0.240614,0.140082,0.290435,0.125956,nan,0.103341,0.087855,0.196597,0.101188,0.211693,0.107645,0.045079,0.042412,0.075915,0.020941,nan,
0.345714,0.363320,0.319930,0.337281,0.281159,0.346111,0.261278,0.260703,0.244378,0.178995,0.168706,0.159890,0.175434,0.150562,0.089051,0.082195,0.083560,0.063098,0.025977,0.027932,nan,
0.226857,0.340820,0.325765,0.281997,0.280349,0.271563,0.240400,0.273286,0.219485,0.193755,0.196749,0.144801,0.149510,0.116120,0.109133,0.072404,0.051160,0.042901,0.041061,0.038604,nan,
0.276250,0.276782,0.267043,0.287326,0.269119,0.285525,0.254698,0.219935,0.225129,0.218664,0.180735,0.181610,0.128972,0.107166,0.108448,0.089942,0.078926,0.044789,0.028115,0.015482,nan,
0.240100,0.266015,0.244209,0.255555,0.259774,0.251174,0.249465,0.231798,0.207116,0.187286,0.194413,0.156806,0.132307,0.102456,0.094485,0.075921,0.055586,0.048058,0.029239,0.018248,0.014655,
0.246144,0.289098,0.245392,0.271051,0.241927,0.206311,0.203772,0.206646,0.197124,0.186121,0.169428,0.174555,0.134222,0.120433,0.094133,0.078280,0.052740,0.042901,0.025408,0.022880,0.015776,
0.283357,0.215339,0.237572,0.243225,0.220205,0.219946,0.161667,0.187292,0.176078,0.171089,0.137876,0.121964,0.118477,0.101122,0.081259,0.069067,0.050247,0.038796,0.035146,0.032666,0.013673,
0.202100,0.192368,0.208413,0.176883,0.182942,0.182013,0.160146,0.178258,0.171899,0.145759,0.135319,0.114129,0.101436,0.095022,0.081470,0.069009,0.052408,0.048397,0.045503,0.018968,0.013893,
0.137506,0.192618,0.168433,0.155597,0.172060,0.159428,0.135971,0.126131,0.159759,0.125729,0.115714,0.099338,0.088587,0.086272,0.084529,0.060745,0.050196,0.043306,0.050038,0.022042,0.010748,
0.096342,0.139312,0.134521,0.140323,0.156815,0.123769,0.123732,0.137103,0.117500,0.106045,0.106119,0.095361,0.085475,0.077583,0.069783,0.070838,0.062254,0.044342,0.034941,0.026385,0.009993,
nan,0.128530,0.122651,0.131973,0.143326,0.116254,0.146820,0.103868,0.110016,0.114440,0.093515,0.084885,0.075918,0.072002,0.061365,0.097658,0.060813,0.048079,0.042735,0.018220,0.015883,
0.122829,0.087211,0.134785,0.136785,0.137858,0.107751,0.129293,0.101952,0.100755,0.113145,0.103857,0.100148,0.089453,0.083676,0.067412,0.058770,0.065169,0.055157,0.044478,0.021744,0.017139,
0.093080,0.108660,0.163907,0.118481,0.140956,0.109134,0.115596,0.104118,0.103365,0.129137,0.119390,0.088669,0.090394,0.077235,0.085778,0.064812,0.059435,0.049353,0.041981,0.027431,0.033360,
nan,0.104994,0.165370,0.114084,0.172703,0.106573,0.105407,0.094522,0.115929,0.115708,0.102889,0.112178,0.089239,0.102023,0.067763,0.093935,0.060466,0.063269,0.064029,0.031835,0.014422,
0.174797,0.135081,0.143822,0.112013,0.118865,0.114310,0.130776,0.092284,0.110835,0.109152,0.095132,0.109358,0.090132,0.098291,0.095648,0.093396,0.067669,0.092245,0.038501,0.028426,0.018790,
nan,0.080550,0.123448,0.126833,0.097458,0.119030,0.145639,0.101633,0.121873,0.116449,0.112950,0.127157,0.136147,0.131803,0.094061,0.080128,0.065226,0.082516,0.040529,0.047691,0.019895,
nan,0.177152,0.123844,0.188825,0.153035,0.116924,0.146350,0.114556,0.166497,0.148498,0.151286,0.134189,0.093141,0.093812,0.139822,0.079298,0.072415,0.102945,0.057301,0.074009,0.017336,
nan,0.146334,0.070337,0.185287,0.132953,0.076111,0.151585,0.132689,0.133316,0.127707,0.083573,0.127563,0.078403,0.181010,0.158607,0.096887,0.080333,0.057630,0.040536,0.022838,0.020163,
nan,nan,nan,nan,nan,0.081456,0.251077,0.082746,0.559117,0.178429,0.057404,0.295387,0.066420,0.093158,0.130025,0.059048,0.078521,0.094679,0.018392,0.041284,0.024545,
nan,0.402573,0.391473,0.228184,0.343481,0.221217,0.314669,0.200398,0.244261,0.217428,0.158317,0.197006,0.215619,0.164710,0.129045,0.062505,0.090990,0.053262,0.046856,0.054192,nan,
0.165913,0.330148,0.357403,0.356414,0.335548,0.267986,0.284935,0.252431,0.260948,0.187450,0.195485,0.163237,0.160536,0.163259,0.101631,0.086846,0.061214,0.083264,0.033210,0.014504,nan,
0.328412,0.298737,0.300380,0.293306,0.289163,0.278357,0.297537,0.225437,0.240961,0.220293,0.211985,0.138145,0.167198,0.107836,0.108728,0.081064,0.064063,0.041267,0.039387,0.012140,0.035768,
0.289320,0.263142,0.337099,0.250365,0.268062,0.259643,0.245580,0.248700,0.242780,0.192817,0.181768,0.176101,0.144253,0.122345,0.091345,0.070176,0.075660,0.053358,0.039418,0.023177,0.013251,
0.249627,0.327950,0.266763,0.251217,0.266737,0.248410,0.240138,0.234101,0.221539,0.182538,0.164305,0.138470,0.131121,0.109790,0.104057,0.061445,0.077423,0.055024,0.036718,0.032596,0.017262,
0.158451,0.222798,0.283732,0.250899,0.253665,0.225803,0.213082,0.210887,0.182478,0.187768,0.168569,0.137580,0.120916,0.111442,0.106048,0.078800,0.065741,0.054220,0.047759,0.031285,0.008734,
0.109807,0.210592,0.236160,0.206536,0.211728,0.190817,0.170752,0.177192,0.178517,0.179054,0.170729,0.121973,0.117894,0.100028,0.096105,0.078609,0.059820,0.052048,0.028644,0.026881,0.012871,
0.322667,0.183649,0.201210,0.185523,0.210207,0.179232,0.157866,0.145693,0.167923,0.137105,0.123316,0.119944,0.096285,0.089691,0.094529,0.070284,0.052701,0.048376,0.031732,0.021661,0.015037,
0.174568,0.180852,0.160856,0.149340,0.186524,0.155693,0.135262,0.145438,0.128006,0.135844,0.114442,0.100351,0.102984,0.089234,0.070945,0.060971,0.049038,0.047826,0.030544,0.019224,0.014827,
0.139123,0.182404,0.128662,0.131995,0.154598,0.130507,0.141790,0.112831,0.108263,0.118927,0.105801,0.092443,0.085621,0.082673,0.070017,0.063426,0.066397,0.044814,0.031536,0.028678,0.013305,
0.112364,0.123862,0.112170,0.129397,0.126665,0.118802,0.116600,0.105767,0.113630,0.107875,0.093146,0.099450,0.089712,0.064945,0.063376,0.056723,0.056542,0.048997,0.036807,0.019353,0.010783,
nan,0.130046,0.093522,0.105241,0.107098,0.110805,0.101854,0.109753,0.095716,0.126210,0.104732,0.082434,0.090073,0.101070,0.066579,0.056210,0.053956,0.044555,0.050534,0.026138,0.012614,
nan,0.126150,0.098501,0.107631,0.105604,0.110789,0.102080,0.097021,0.107245,0.100269,0.097730,0.094171,0.099618,0.083417,0.077367,0.074945,0.053914,0.053350,0.033902,0.021850,0.034083,
0.102434,0.086966,0.165756,0.112922,0.131830,0.119267,0.106223,0.097364,0.110857,0.101275,0.101866,0.102291,0.085004,0.096340,0.066710,0.079693,0.069576,0.065967,0.051221,0.027564,0.030718,
nan,0.116909,0.169448,0.138008,0.193348,0.124700,0.105252,0.101856,0.122316,0.125769,0.094992,0.131112,0.088410,0.090307,0.091945,0.083561,0.075143,0.072739,0.053338,0.026433,0.017066,
0.203894,0.090318,0.118606,0.099346,0.127086,0.162212,0.122276,0.113365,0.118585,0.157906,0.105251,0.122521,0.096373,0.096468,0.094817,0.085253,0.082057,0.082663,0.037781,0.036276,0.037376,
nan,0.193554,0.284828,0.148318,0.150674,0.088234,0.111078,0.108814,0.146508,0.177884,0.136033,0.103636,0.105032,0.108709,0.110648,0.097760,0.076678,0.106963,0.063488,0.025900,0.083373,
nan,0.105701,0.109914,0.091976,0.104779,0.091651,0.190162,0.162976,0.168535,0.118085,0.129068,0.090989,0.108196,0.118169,0.096641,0.103764,0.075328,0.076763,0.045173,0.040240,0.019272,
nan,nan,nan,0.301539,0.148435,0.124235,0.058391,0.149247,0.081038,0.112073,0.378187,0.151485,0.061954,0.073168,0.076554,0.270863,0.104125,0.045233,0.039110,0.019956,0.018050,
nan,0.367471,0.275169,0.542351,0.221080,0.297981,0.241623,0.210368,0.200831,0.250532,0.171971,0.142214,0.116305,0.217464,0.065385,0.082115,0.054831,0.062995,0.015044,0.021755,nan,
0.316472,0.357352,0.296115,0.337985,0.310550,0.268971,0.276486,0.295389,0.210286,0.230291,0.210935,0.159605,0.133683,0.138678,0.087888,0.082368,0.067793,0.046906,0.022964,0.012476,nan,
0.284240,0.316085,0.311539,0.280653,0.322776,0.285486,0.252430,0.288000,0.225015,0.191327,0.187782,0.169186,0.120152,0.136371,0.094653,0.087770,0.060987,0.050047,0.030666,0.026821,0.016929,
0.389754,0.339455,0.274613,0.279507,0.268624,0.262141,0.237548,0.246712,0.206150,0.206006,0.168426,0.177772,0.142424,0.137834,0.103522,0.074399,0.074181,0.048465,0.039333,0.021088,0.011592,
0.325842,0.254386,0.281312,0.275472,0.260787,0.251378,0.225219,0.228554,0.197061,0.190889,0.158502,0.171530,0.150480,0.111788,0.105247,0.085674,0.063457,0.059919,0.034672,0.022297,0.009647,
0.284908,0.222327,0.244287,0.221788,0.243872,0.218669,0.180637,0.203434,0.183746,0.176644,0.163724,0.163825,0.150314,0.114921,0.110257,0.078353,0.058268,0.043528,0.025087,0.020836,0.012406,
0.235387,0.186983,0.227004,0.227546,0.229062,0.209470,0.182299,0.171714,0.188766,0.173877,0.135943,0.120297,0.119284,0.102720,0.080120,0.069578,0.048831,0.040288,0.036087,0.024638,0.015807,
0.203491,0.156060,0.210117,0.183296,0.205601,0.202967,0.165307,0.163215,0.159067,0.158865,0.137990,0.104828,0.100859,0.092384,0.078804,0.066763,0.048622,0.044346,0.043011,0.022528,0.015161,
0.213130,0.148428,0.166950,0.156108,0.167162,0.147747,0.143804,0.144058,0.133151,0.120705,0.139734,0.100496,0.096641,0.093618,0.083098,0.057355,0.047316,0.044662,0.046412,0.019806,0.009007,
0.208388,0.125765,0.135601,0.133048,0.139825,0.119568,0.123120,0.125655,0.112523,0.124966,0.094993,0.103122,0.078463,0.095294,0.069906,0.068943,0.049593,0.051774,0.031982,0.025112,0.011837,
0.089270,0.124460,0.112735,0.107719,0.112045,0.105846,0.106735,0.109878,0.124749,0.125562,0.098060,0.086382,0.089838,0.088674,0.065684,0.074505,0.055956,0.051435,0.034663,0.018982,0.015029,
0.100947,0.111274,0.111278,0.131229,0.116935,0.112937,0.103903,0.101242,0.106242,0.095521,0.086505,0.089198,0.098827,0.108056,0.066552,0.067046,0.055686,0.042312,0.043835,0.029072,0.014433,
0.108669,0.089880,0.091577,0.095636,0.112284,0.118520,0.104689,0.101870,0.101008,0.099600,0.109157,0.081343,0.094018,0.088797,0.073289,0.066602,0.050253,0.046729,0.032066,0.027373,0.015533,
0.149644,0.139217,0.128288,0.121353,0.110594,0.119735,0.108193,0.097852,0.104349,0.109538,0.097241,0.116214,0.080642,0.082079,0.080164,0.087445,0.068108,0.070984,0.048847,0.036777,0.019225,
nan,0.094982,0.123748,0.114139,0.117503,0.117861,0.101606,0.105623,0.100361,0.102705,0.124315,0.124888,0.113047,0.091928,0.084858,0.078720,0.065434,0.062051,0.051618,0.032946,0.016601,
0.492809,0.074436,0.218636,0.114664,0.159593,0.133179,0.113336,0.105054,0.092693,0.092512,0.124810,0.133784,0.099104,0.095359,0.107145,0.083773,0.064139,0.097346,0.042517,0.041979,0.018444,
nan,0.253602,0.207415,0.165355,0.139883,0.113672,0.105851,0.157152,0.121435,0.129052,0.127631,0.169035,0.124485,0.089628,0.092872,0.098830,0.074874,0.093725,0.064143,0.030091,0.072362,
nan,0.111494,0.091253,0.172042,0.137522,0.128449,0.128976,0.159819,0.093030,0.099490,0.149217,0.174617,0.158585,0.100459,0.119001,0.127136,0.094189,0.089960,0.048824,0.032805,0.017109,
nan,nan,0.154438,0.083982,0.239126,nan,0.075806,0.145360,0.106931,0.456838,0.092254,0.066033,0.062233,0.077852,0.048251,0.052629,0.069865,0.126524,0.046747,0.026435,0.021351,
nan,0.375408,0.223206,0.386802,0.405143,0.299497,0.421605,0.180803,0.350249,0.135067,0.248303,0.179969,0.099450,0.127381,0.062649,0.070659,0.066839,0.177372,0.018052,0.014676,nan,
0.293521,0.327233,0.300055,0.260026,0.268320,0.245569,0.353256,0.222479,0.236807,0.254023,0.179877,0.184653,0.134710,0.143467,0.084341,0.066720,0.066765,0.052546,0.025052,0.018482,0.008764,
0.372468,0.259190,0.314471,0.277623,0.282168,0.252516,0.283722,0.250535,0.232961,0.211248,0.171228,0.176433,0.202066,0.117401,0.104878,0.107568,0.066382,0.035747,0.052288,0.020503,0.018366,
0.347528,0.283228,0.297310,0.261955,0.272968,0.246292,0.247798,0.255844,0.192550,0.183111,0.207775,0.181749,0.146644,0.127900,0.109771,0.080209,0.073598,0.045857,0.035286,0.015548,0.008469,
0.258303,0.295955,0.280483,0.257275,0.269399,0.243105,0.232228,0.206359,0.190977,0.199243,0.195028,0.160373,0.129322,0.098940,0.102644,0.075838,0.054490,0.044075,0.028524,0.020149,0.010914,
0.247064,0.274414,0.245136,0.241973,0.245864,0.225553,0.210796,0.206331,0.186749,0.181059,0.173618,0.133787,0.141633,0.109041,0.096713,0.074500,0.051240,0.048259,0.032973,0.020799,0.013450,
0.217539,0.217015,0.212375,0.198661,0.223684,0.212671,0.177002,0.183098,0.174379,0.160531,0.176408,0.122357,0.109083,0.094684,0.083885,0.076114,0.055746,0.055688,0.031790,0.029639,0.011979,
0.142019,0.194326,0.170438,0.188838,0.193821,0.174993,0.182149,0.163296,0.164406,0.146305,0.126422,0.121688,0.098379,0.088770,0.091460,0.070398,0.050392,0.047826,0.032863,0.024716,0.015180,
0.288360,0.160459,0.158346,0.151534,0.158045,0.145323,0.140707,0.150140,0.123887,0.135158,0.105900,0.109567,0.097424,0.082960,0.074532,0.058307,0.049407,0.036479,0.058891,0.019264,0.015293,
0.111392,0.128571,0.163637,0.151013,0.154522,0.135279,0.111325,0.120773,0.129113,0.102240,0.101010,0.101608,0.079908,0.071685,0.067339,0.065978,0.073253,0.044546,0.033081,0.029405,0.009106,
0.133745,0.127352,0.129815,0.144745,0.120611,0.129907,0.115019,0.105678,0.101004,0.115629,0.103779,0.093033,0.091752,0.079386,0.081511,0.060303,0.051199,0.045872,0.033185,0.017587,0.013058,
0.101716,0.111924,0.138376,0.140979,0.114876,0.113522,0.117443,0.108344,0.110422,0.096795,0.101611,0.085566,0.093265,0.105292,0.067490,0.065214,0.050963,0.050817,0.045497,0.020664,0.011971,
0.103017,0.098554,0.119326,0.126214,0.117790,0.118684,0.113671,0.109618,0.108163,0.103305,0.107852,0.084449,0.079955,0.082622,0.067830,0.065177,0.053010,0.047923,0.030545,0.022402,0.028305,
0.063726,0.094989,0.112184,0.089469,0.113425,0.142266,0.104754,0.138265,0.098502,0.087611,0.106520,0.109210,0.087016,0.090005,0.072959,0.089551,0.086135,0.060494,0.037499,0.035151,0.017868,
0.118324,0.081211,0.114822,0.106525,0.120996,0.120134,0.096628,0.128051,0.106846,0.102083,0.093728,0.111117,0.091259,0.089877,0.088282,0.075914,0.069402,0.053912,0.042647,0.024641,0.026739,
0.160877,0.054596,0.155439,0.103789,0.213710,0.108431,0.101363,0.139740,0.137681,0.129633,0.126938,0.106327,0.096562,0.102214,0.082277,0.113987,0.069447,0.082301,0.050172,0.030271,0.023311,
0.153430,0.094801,0.151289,0.121051,0.219707,0.127379,0.095097,0.157517,0.156422,0.103840,0.127471,0.098192,0.134698,0.120505,0.098131,0.104735,0.072973,0.065138,0.060022,0.042856,0.039075,
nan,0.078601,0.103377,0.173529,0.214171,0.112111,0.141067,0.083731,0.135481,0.087289,0.089403,0.143913,0.097391,0.112931,0.069164,0.113201,0.119611,0.081792,0.048921,0.054903,0.020513,
nan,nan,0.056260,nan,0.061599,0.109949,0.147235,0.166117,0.089131,0.144324,0.184319,0.079253,0.078853,0.054282,0.077156,0.057547,0.138098,0.170466,0.053208,0.030943,0.014727,
nan,0.288349,0.336908,0.222131,0.347927,0.357113,0.203836,0.285257,0.322876,0.375832,0.126449,0.163296,0.118463,0.124073,0.059300,0.072970,0.035284,0.101517,0.036206,0.021422,nan,
0.375720,0.337240,0.335032,0.288892,0.306296,0.302427,0.251017,0.246375,0.223845,0.206440,0.171006,0.169031,0.128637,0.110220,0.103157,0.115564,0.082014,0.043644,0.047993,0.021382,0.012397,
0.239871,0.322646,0.333191,0.319508,0.258290,0.284975,0.268319,0.256393,0.249949,0.233070,0.191362,0.206697,0.161645,0.126540,0.093683,0.088004,0.075091,0.070063,0.038672,0.022284,0.028915,
0.288986,0.330958,0.291991,0.295445,0.289022,0.293823,0.274435,0.239979,0.211588,0.196349,0.195170,0.166740,0.120580,0.122000,0.112163,0.089802,0.091577,0.046043,0.041312,0.022131,0.008809,
0.217456,0.245154,0.253723,0.252312,0.270957,0.231870,0.232191,0.238800,0.227891,0.185872,0.159635,0.144629,0.122354,0.111414,0.100963,0.069428,0.073403,0.053010,0.034114,0.031457,0.016518,
0.156411,0.212461,0.213569,0.243439,0.241452,0.239881,0.196508,0.200796,0.195754,0.171166,0.152955,0.151446,0.140907,0.109607,0.105362,0.071985,0.060939,0.048945,0.033121,0.027500,0.012816,
0.189759,0.238834,0.235928,0.204625,0.214678,0.217552,0.185342,0.173233,0.176595,0.182278,0.141527,0.111752,0.123705,0.095689,0.089418,0.072980,0.050403,0.041380,0.030045,0.023522,0.012369,
0.244278,0.193354,0.217755,0.183991,0.213424,0.184503,0.160901,0.170118,0.131119,0.156425,0.133130,0.111202,0.105559,0.087811,0.077461,0.069165,0.050756,0.038706,0.033977,0.019828,0.017716,
0.153628,0.165710,0.188881,0.177141,0.182415,0.157147,0.144110,0.147486,0.131780,0.123200,0.116459,0.107532,0.098128,0.094594,0.081708,0.065428,0.051616,0.044424,0.029016,0.020108,0.015452,
0.142097,0.147185,0.155051,0.153533,0.153681,0.134834,0.127010,0.122292,0.119615,0.112371,0.101198,0.095798,0.078480,0.087015,0.068497,0.062094,0.056099,0.040617,0.028730,0.020496,0.010485,
0.172158,0.166654,0.132961,0.135879,0.128840,0.111471,0.127348,0.117405,0.112218,0.113323,0.099694,0.095259,0.091690,0.088296,0.064066,0.059901,0.060578,0.039857,0.034653,0.021210,0.013646,
0.122873,0.115041,0.137946,0.110154,0.104891,0.120379,0.103133,0.119745,0.110889,0.104125,0.096915,0.080814,0.092790,0.082591,0.062033,0.060961,0.044070,0.045614,0.040815,0.019669,0.013966,
0.096682,0.104579,0.116660,0.099977,0.094343,0.118774,0.120974,0.114453,0.108568,0.087055,0.114988,0.097256,0.081232,0.076813,0.065485,0.060964,0.052533,0.047282,0.028909,0.026980,0.012181,
0.098619,0.084378,0.105040,0.127730,0.082580,0.133448,0.111723,0.124446,0.111731,0.102393,0.095447,0.098626,0.081531,0.091906,0.090477,0.071695,0.072064,0.062615,0.051244,0.027879,0.039921,
0.072623,0.140110,0.107562,0.088903,0.118414,0.104814,0.129095,0.126723,0.112053,0.137780,0.129129,0.087539,0.089079,0.094777,0.102348,0.083842,0.052206,0.055562,0.042599,0.030507,0.024313,
nan,0.086810,0.150821,0.093921,0.100425,0.171291,0.136240,0.129226,0.127831,0.094084,0.124059,0.093383,0.107289,0.119934,0.079619,0.112150,0.070592,0.070209,0.045501,0.026102,0.023067,
0.109257,0.145259,0.093896,0.136160,0.129133,0.133470,0.142715,0.158165,0.160200,0.114408,0.126514,0.105250,0.109189,0.099742,0.079398,0.091722,0.112209,0.069630,0.059603,0.030238,0.053752,
nan,0.113131,0.108783,0.190536,0.181034,0.145485,0.108789,0.139037,0.122680,0.181269,0.106952,0.097451,0.118362,0.113069,0.118516,0.079327,0.074937,0.073878,0.048875,0.057932,0.026121,
nan,0.197834,0.112871,nan,0.163633,0.886118,0.070703,0.094393,0.061001,0.096460,0.083892,0.179445,0.159140,0.046409,0.080257,0.095353,0.078535,0.034826,0.032619,0.039191,0.026240,
nan,0.247333,0.360291,0.312222,0.283288,0.229238,0.217587,0.249211,0.277764,0.182773,0.176650,0.129974,0.206111,0.168028,0.067985,0.099112,0.037317,0.033125,0.027241,0.018423,nan,
0.295977,0.315780,0.286022,0.261022,0.299146,0.258446,0.293042,0.233351,0.249886,0.204545,0.205996,0.164684,0.131545,0.141025,0.097877,0.101097,0.054944,0.060103,0.027026,0.031065,0.015909,
0.186261,0.323002,0.306605,0.231220,0.333099,0.261881,0.261399,0.266424,0.221778,0.203934,0.217113,0.148215,0.158623,0.127479,0.100207,0.068265,0.057908,0.043374,0.039439,0.028459,0.013247,
0.213816,0.251188,0.272719,0.261598,0.243696,0.260559,0.256283,0.235101,0.250966,0.187559,0.183317,0.161869,0.147237,0.113449,0.101497,0.069481,0.074545,0.043006,0.032708,0.017067,0.014745,
0.219902,0.251231,0.281253,0.262380,0.267336,0.217545,0.232681,0.231585,0.204932,0.184427,0.169694,0.173034,0.152278,0.111198,0.098364,0.083301,0.070145,0.048902,0.029471,0.024251,0.013204,
0.241110,0.298901,0.288374,0.241749,0.275872,0.219810,0.207024,0.193700,0.184632,0.175610,0.161414,0.144126,0.149104,0.108933,0.092322,0.066083,0.057009,0.050202,0.032373,0.022076,0.011667,
0.203104,0.255801,0.256886,0.222400,0.238276,0.204588,0.190028,0.182460,0.176994,0.154692,0.153448,0.124773,0.109141,0.096233,0.076164,0.068864,0.057319,0.040843,0.029877,0.020642,0.013195,
0.259823,0.235627,0.214076,0.192668,0.205188,0.177481,0.174405,0.180428,0.147209,0.149390,0.124736,0.122625,0.101099,0.092751,0.080188,0.069859,0.053542,0.043540,0.026814,0.021619,0.013528,
0.157652,0.151529,0.174184,0.158992,0.156508,0.144734,0.140567,0.161358,0.137939,0.132680,0.125671,0.116316,0.091881,0.099313,0.076886,0.056043,0.052058,0.038478,0.038274,0.022529,0.016059,
0.125825,0.150184,0.136691,0.148280,0.124156,0.118929,0.163527,0.125904,0.130951,0.121787,0.103334,0.109827,0.087343,0.086309,0.063054,0.062422,0.056316,0.044696,0.041825,0.024350,0.013654,
0.122009,0.118706,0.123460,0.120613,0.130817,0.115256,0.129223,0.122259,0.094754,0.116841,0.103719,0.089122,0.094391,0.084391,0.082064,0.058813,0.052060,0.048247,0.031636,0.024120,0.013493,
0.186520,0.180380,0.108915,0.106125,0.137275,0.118670,0.121136,0.110320,0.109486,0.096633,0.098553,0.087285,0.080345,0.069299,0.062940,0.065309,0.049502,0.044191,0.047543,0.018112,0.012778,
0.092049,0.099089,0.146857,0.111511,0.124932,0.123680,0.110742,0.120799,0.113287,0.097122,0.098211,0.095783,0.086581,0.095348,0.064910,0.059373,0.072575,0.043510,0.032838,0.024305,0.016266,
0.329976,0.119170,0.116369,0.131906,0.137429,0.099790,0.136335,0.155336,0.085500,0.105917,0.107404,0.111945,0.083302,0.099766,0.100715,0.077602,0.058382,0.064850,0.037540,0.025823,0.025885,
0.204666,0.087157,0.108616,0.091418,0.118938,0.103886,0.143714,0.115798,0.141995,0.112010,0.107769,0.082329,0.080284,0.109832,0.109512,0.084091,0.078463,0.063321,0.036830,0.032321,0.029450,
0.051591,0.114506,0.125156,0.118439,0.148199,0.084745,0.142713,0.118944,0.139485,0.128294,0.080530,0.102812,0.113987,0.095117,0.064623,0.087850,0.071020,0.060075,0.041572,0.038976,0.023515,
0.056315,0.304043,0.066689,0.107508,0.091851,0.120767,0.180348,0.146064,0.148810,0.099514,0.099345,0.094868,0.124494,0.106473,0.087986,0.076872,0.109460,0.085277,0.055617,0.034455,0.027765,
nan,nan,0.097075,0.318550,0.172181,0.110685,0.152488,0.160222,0.148809,0.160731,0.108277,0.145591,0.136858,0.152635,0.123590,0.130837,0.098376,0.064682,0.055337,0.031807,0.031060,
nan,0.141637,nan,0.139651,0.132031,0.070171,nan,0.059226,0.198420,0.194055,0.080661,0.118609,0.063807,0.070592,0.144854,0.057368,0.044560,0.050076,0.061967,0.029088,0.023655,
nan,0.321186,0.353198,0.267729,0.274689,0.227174,0.197894,0.225385,0.301720,0.190659,0.215377,0.119349,0.119074,0.143664,0.099760,0.110061,0.062763,0.074471,0.019880,0.067723,nan,
0.329675,0.334709,0.313805,0.266924,0.361381,0.297522,0.272243,0.205058,0.266642,0.232335,0.219466,0.188428,0.161965,0.091426,0.103130,0.079681,0.062874,0.062357,0.043722,0.025418,0.009864,
0.269070,0.304684,0.298115,0.278124,0.289131,0.299915,0.256469,0.270860,0.224930,0.208023,0.193649,0.153151,0.112809,0.123249,0.106779,0.090667,0.059313,0.048702,0.036336,0.015761,0.007778,
0.242426,0.350664,0.391466,0.271956,0.278413,0.240076,0.254487,0.226065,0.194126,0.190349,0.193158,0.164365,0.148330,0.131406,0.098691,0.073384,0.055126,0.047138,0.035375,0.020330,0.009652,
0.347876,0.347700,0.312412,0.279026,0.255991,0.256223,0.231384,0.199814,0.205421,0.196344,0.174084,0.148797,0.139652,0.111149,0.090585,0.077647,0.057332,0.040949,0.029851,0.017261,0.010342,
0.243402,0.303596,0.279310,0.245285,0.257730,0.241243,0.204728,0.204425,0.197484,0.181413,0.170174,0.148505,0.117216,0.100227,0.110538,0.069278,0.057755,0.046877,0.034025,0.020582,0.018375,
0.158673,0.229479,0.219713,0.214494,0.218364,0.207689,0.203667,0.178218,0.180567,0.179221,0.146349,0.118173,0.119535,0.091906,0.087758,0.075945,0.056108,0.042025,0.026019,0.027428,0.014426,
0.211302,0.248159,0.183746,0.191474,0.177193,0.177303,0.160617,0.190270,0.147223,0.150765,0.129822,0.121683,0.115557,0.085509,0.075903,0.064288,0.052950,0.036955,0.029500,0.021263,0.012238,
0.123735,0.223352,0.153655,0.163309,0.150885,0.146449,0.167500,0.134272,0.141771,0.161969,0.111736,0.127589,0.098879,0.089961,0.083433,0.068475,0.052074,0.045699,0.029242,0.023596,0.015623,
0.147031,0.212144,0.128827,0.125373,0.141409,0.140295,0.141067,0.129696,0.120508,0.102888,0.100411,0.088096,0.092700,0.073497,0.065679,0.063681,0.046675,0.044462,0.036592,0.018085,0.012459,
0.116125,0.136912,0.111337,0.116104,0.130560,0.131884,0.126819,0.124614,0.113737,0.112556,0.111356,0.091928,0.089276,0.088452,0.082408,0.064442,0.051584,0.048183,0.035242,0.025435,0.011265,
0.102564,0.129123,0.096025,0.103447,0.116308,0.113860,0.104902,0.112823,0.104020,0.115068,0.109149,0.097101,0.079923,0.083137,0.063619,0.056198,0.054015,0.047747,0.031704,0.021599,0.014873,
0.094248,0.130166,0.112699,0.105111,0.116685,0.101008,0.110038,0.117816,0.114549,0.107201,0.100684,0.100764,0.088087,0.076289,0.071823,0.066179,0.079500,0.042067,0.039220,0.022866,0.015432,
0.101432,0.146377,0.102441,0.096311,0.123936,0.110136,0.103536,0.105535,0.118813,0.123965,0.098616,0.082661,0.078221,0.094303,0.104262,0.080500,0.053945,0.052902,0.036436,0.027039,0.015324,
0.072467,0.159838,0.099756,0.100942,0.118997,0.134881,0.101796,0.096676,0.098379,0.114007,0.090471,0.096814,0.098885,0.093018,0.080806,0.067322,0.073424,0.066804,0.046273,0.031737,0.029426,
0.111354,0.091073,0.091671,0.078579,0.138685,0.157968,0.107416,0.108293,0.125991,0.110272,0.113253,0.092863,0.103238,0.097996,0.072428,0.081004,0.071596,0.057870,0.042722,0.039686,0.021493,
0.055602,0.105119,0.149330,0.174929,0.118736,0.139914,0.127395,0.078194,0.157225,0.107368,0.153864,0.128572,0.120837,0.122494,0.126023,0.082790,0.085093,0.089643,0.057715,0.042331,0.023138,
nan,nan,0.246174,0.290393,0.135220,0.159592,0.115765,0.107664,0.109757,0.118641,0.160153,0.104960,0.087568,0.148619,0.100800,0.087748,0.076269,0.065791,0.065137,0.056606,0.027952,
nan,nan,nan,0.119679,nan,0.064698,0.089813,0.108350,0.579687,0.119675,0.331373,0.057189,0.245999,0.055940,0.130073,0.135041,0.066752,0.045158,0.076659,0.039489,0.028878,
nan,0.295028,0.381177,0.291726,0.463113,0.294121,0.205139,0.296432,0.186356,0.370207,0.210106,0.119376,0.135225,0.097008,0.093455,0.043728,0.028836,0.051514,0.015728,0.016907,nan,
0.408663,0.309055,0.291720,0.285284,0.274632,0.228331,0.258438,0.205832,0.238780,0.246355,0.231108,0.179436,0.133836,0.102212,0.094317,0.123935,0.069719,0.056448,0.037154,0.016555,0.007525,
0.294020,0.244961,0.295984,0.309653,0.285668,0.272990,0.279434,0.247822,0.237553,0.205824,0.187207,0.176717,0.177301,0.135039,0.102766,0.071562,0.071255,0.048115,0.031752,0.016250,0.019414,
0.245539,0.327027,0.276369,0.225966,0.277193,0.260831,0.234005,0.258332,0.206384,0.191545,0.194644,0.158718,0.142890,0.139900,0.106982,0.090332,0.066915,0.038112,0.042957,0.020166,0.014943,
0.214936,0.311349,0.289381,0.264047,0.270856,0.233442,0.207265,0.228289,0.235142,0.190032,0.173543,0.142352,0.116620,0.108406,0.104182,0.073830,0.080626,0.048032,0.034800,0.024208,0.012461,
0.249354,0.303289,0.234169,0.235493,0.251744,0.221303,0.213616,0.201962,0.196819,0.169115,0.168058,0.134017,0.147162,0.114767,0.099956,0.067366,0.064791,0.051324,0.033667,0.022394,0.014953,
0.217705,0.352319,0.223593,0.198132,0.228528,0.170596,0.192224,0.176513,0.181788,0.154080,0.148261,0.123172,0.111400,0.092747,0.095037,0.067652,0.051022,0.045300,0.026623,0.025820,0.009511,
0.145955,0.203290,0.191308,0.185932,0.192766,0.182327,0.169937,0.198046,0.150763,0.138606,0.129007,0.127211,0.105677,0.089878,0.078566,0.062963,0.048735,0.042600,0.031142,0.023324,0.012572,
0.351923,0.168500,0.148658,0.150880,0.176088,0.150856,0.148434,0.147137,0.154475,0.120000,0.127811,0.115046,0.092761,0.087536,0.083066,0.060927,0.051265,0.042637,0.028482,0.018601,0.013513,
0.147142,0.128940,0.133152,0.135564,0.172042,0.137457,0.139471,0.121036,0.114921,0.123207,0.119581,0.115668,0.085199,0.076913,0.061635,0.068474,0.057043,0.044301,0.027361,0.022084,0.017344,
0.114615,0.174837,0.116186,0.124926,0.154025,0.124150,0.129228,0.114433,0.126539,0.100267,0.104785,0.090207,0.086673,0.086024,0.080144,0.069802,0.048447,0.047550,0.036826,0.021049,0.013145,
0.104155,0.140599,0.110069,0.121014,0.140635,0.105390,0.110707,0.123322,0.109069,0.093485,0.097896,0.100139,0.075879,0.070494,0.067659,0.056741,0.051920,0.045409,0.034891,0.025985,0.013635,
0.080464,0.105499,0.099101,0.103762,0.102184,0.112221,0.110341,0.134387,0.124735,0.115878,0.105900,0.115432,0.088332,0.078822,0.067958,0.059940,0.077499,0.043453,0.039071,0.021034,0.016000,
0.082579,0.115533,0.143761,0.091460,0.108801,0.112790,0.124513,0.118703,0.104184,0.112809,0.091153,0.087990,0.074514,0.088881,0.102044,0.084178,0.054526,0.045298,0.037279,0.025785,0.016692,
0.071632,0.121327,0.108878,0.087432,0.153512,0.105886,0.127470,0.160836,0.092378,0.140185,0.108328,0.098294,0.102149,0.091956,0.071413,0.082783,0.071913,0.072156,0.040732,0.035454,0.024548,
0.459240,0.150487,0.077824,0.128594,0.117709,0.105821,0.094198,0.196059,0.150961,0.090203,0.144448,0.107223,0.098410,0.111713,0.148366,0.068399,0.063463,0.054367,0.053686,0.036242,0.033610,
0.064753,0.099630,0.184477,0.096198,0.162893,0.233151,0.138040,0.117266,0.086801,0.171523,0.133705,0.110292,0.127243,0.111369,0.115266,0.094991,0.072142,0.069666,0.067726,0.050540,0.027699,
nan,0.090432,0.127559,0.170335,0.101542,0.082585,0.130193,0.099917,0.254562,0.099679,0.131311,0.078729,0.069634,0.102057,0.108777,0.157750,0.077772,0.059405,0.085479,0.065654,0.044521,
nan,nan,0.958963,0.090117,0.242444,nan,0.298038,0.078305,0.077439,0.070967,0.126664,0.104624,0.055985,0.233583,0.052286,0.077499,0.087559,0.054008,0.050834,0.036811,0.086391,
nan,0.306238,0.297134,0.251822,0.352947,0.227023,0.273684,0.277970,0.185240,0.176144,0.135469,0.145308,0.146660,0.074481,0.100499,0.051817,0.042608,0.093746,0.028620,0.015617,nan,
0.310000,0.322249,0.247653,0.297756,0.293245,0.300980,0.265811,0.190077,0.250426,0.247817,0.184378,0.189611,0.176642,0.146549,0.083089,0.118216,0.063997,0.046014,0.029485,0.023544,0.009540,
0.404903,0.243091,nan,0.284814,0.289976,0.241723,0.252381,0.224075,0.253167,0.216234,0.172115,0.176623,0.146932,0.135475,0.085055,0.080836,0.056465,0.067344,0.034822,0.022258,0.012863,
0.219546,0.326476,0.333259,0.233553,0.286268,0.268817,0.263058,0.256974,0.229693,0.195818,0.199747,0.183378,0.141704,0.117500,0.095549,0.080495,0.065144,0.041076,0.030158,0.017916,0.062185,
0.270374,0.248509,0.259670,0.259587,0.262226,0.263326,0.232447,0.225272,0.200670,0.186272,0.184176,0.163002,0.139605,0.109484,0.096805,0.076214,0.062151,0.045337,0.037498,0.023579,0.012004,
0.184058,0.243289,0.251646,0.216701,0.234229,0.211637,0.224491,0.207033,0.184874,0.191138,0.156264,0.146272,0.130437,0.095348,0.107590,0.081794,0.056278,0.042662,0.034870,0.019897,0.023824,
0.184513,0.181203,0.204725,0.231392,0.220088,0.200227,0.192558,0.189684,0.181230,0.171076,0.144495,0.120770,0.115818,0.097985,0.083492,0.063342,0.063001,0.042730,0.030736,0.023244,0.009433,
0.142059,0.204783,0.176709,0.187286,0.189605,0.164292,0.170619,0.185330,0.155513,0.147978,0.122095,0.121402,0.116482,0.081328,0.085089,0.072948,0.049845,0.037834,0.026756,0.018360,0.010349,
0.175278,0.252190,0.186406,0.180608,0.171188,0.146110,0.154952,0.150424,0.133663,0.138921,0.104916,0.114211,0.102409,0.088459,0.096489,0.070279,0.049112,0.038772,0.025070,0.021804,0.012390,
0.271105,0.147550,0.177102,0.144431,0.148329,0.138995,0.138824,0.123802,0.128055,0.128445,0.100125,0.106150,0.107529,0.082081,0.068930,0.056549,0.057883,0.042218,0.030967,0.019588,0.018399,
0.098073,0.116207,0.128739,0.126218,0.140110,0.127058,0.115371,0.133934,0.102840,0.119809,0.105155,0.097894,0.093764,0.083530,0.068028,0.076697,0.050457,0.042308,0.030313,0.019864,0.016827,
0.086453,0.112362,0.105846,0.115103,0.121692,0.134477,0.112568,0.132404,0.115329,0.106493,0.096283,0.098075,0.086231,0.070652,0.076667,0.067407,0.055501,0.047595,0.040338,0.024246,0.018813,
0.077817,0.145064,0.102781,0.126179,0.102044,0.115907,0.105210,0.115647,0.116636,0.114763,0.091415,0.099581,0.085845,0.083305,0.068603,0.063215,0.051928,0.047842,0.038755,0.025167,0.024200,
0.076457,0.229329,0.094334,0.129139,0.100557,0.115724,0.096964,0.130446,0.100290,0.117295,0.104748,0.094262,0.089280,0.082705,0.100210,0.082659,0.071700,0.047458,0.039748,0.025469,0.020266,
0.056708,0.097573,0.133881,0.089178,0.093021,0.141277,0.097298,0.116054,0.124648,0.101866,0.113078,0.096721,0.080854,0.103575,0.082048,0.069778,0.070647,0.065331,0.037246,0.031354,0.020134,
0.166614,0.187593,0.097007,0.102372,0.083730,0.149993,0.098696,0.110631,0.114499,0.143500,0.127056,0.091696,0.114371,0.113213,0.118454,0.087829,0.064049,0.063218,0.053180,0.037888,0.033465,
nan,0.111948,0.111617,0.100268,0.125225,0.113875,0.142145,0.126484,0.154806,0.140832,0.100703,0.152428,0.103747,0.105272,0.121952,0.086262,0.060659,0.069838,0.062907,0.033382,0.047585,
nan,0.082100,0.151382,0.075348,0.150872,0.123986,0.100373,0.099997,0.231749,0.154704,0.108268,0.126546,0.092003,0.153863,0.089186,0.115832,0.082708,0.069178,0.075269,0.070386,0.065688,
nan,0.069656,0.326776,0.086367,0.185171,0.073572,0.415267,0.076506,0.082155,0.129842,0.098117,0.235673,0.157600,0.070691,0.083261,0.189473,0.044674,0.055955,0.239930,0.172998,0.190034,
nan,0.244209,0.322636,0.295884,0.265157,0.485002,0.252385,0.307142,0.277707,0.143106,0.102738,0.142258,0.101523,0.117531,0.069778,0.045752,0.039425,0.039944,0.022790,0.008147,nan,
0.467477,0.320360,0.295263,0.358531,0.335690,0.303229,0.236283,0.238300,0.258093,0.214072,0.177932,0.146093,0.161334,0.108309,0.113744,0.079964,0.049353,0.047028,0.047030,0.021819,0.011326,
0.285560,0.274137,0.362926,0.294647,0.273189,0.312566,0.285383,0.265141,0.250048,0.216596,0.211087,0.171483,0.154058,0.153583,0.105617,0.093917,0.064522,0.054499,0.039831,0.017126,0.018433,
0.265569,0.282969,0.305269,0.280939,0.238918,0.255538,0.257903,0.222121,0.220724,0.198911,0.174846,0.144946,0.143518,0.104542,0.100811,0.061066,0.052863,0.040311,0.036634,0.018175,0.010208,
0.168289,0.249528,0.259613,0.254080,0.246108,0.246946,0.229469,0.223864,0.195692,0.169626,0.182071,0.177634,0.143989,0.120955,0.090904,0.069484,0.053957,0.048050,0.032675,0.016894,0.012263,
0.198432,0.213298,0.223777,0.240790,0.256456,0.216327,0.207794,0.223214,0.211819,0.170762,0.158627,0.126956,0.126527,0.103312,0.092488,0.076211,0.065189,0.045607,0.030598,0.028912,0.010779,
0.188578,0.209673,0.222507,0.224238,0.211337,0.189885,0.192496,0.174591,0.181578,0.162720,0.144487,0.127816,0.113660,0.095484,0.079899,0.061262,0.054782,0.048399,0.040500,0.020364,0.024500,
0.247274,0.177239,0.184348,0.202110,0.202180,0.186648,0.186712,0.139966,0.161372,0.147784,0.129579,0.121802,0.113284,0.084535,0.081156,0.080834,0.045172,0.041303,0.027505,0.024343,0.018863,
0.141129,0.162085,0.176226,0.153673,0.172302,0.165065,0.152114,0.146473,0.133942,0.153718,0.124890,0.118658,0.112228,0.080187,0.068780,0.061222,0.049739,0.038213,0.027390,0.017230,0.011864,
0.163783,0.196643,0.149230,0.128286,0.156745,0.146826,0.121857,0.129114,0.149980,0.101555,0.108537,0.095494,0.093521,0.075879,0.087257,0.075391,0.049910,0.043394,0.029557,0.023792,0.012436,
0.128119,0.133717,0.168788,0.111487,0.140499,0.127224,0.152901,0.131781,0.115009,0.115420,0.104355,0.103892,0.099097,0.076728,0.064321,0.065999,0.059826,0.036324,0.029390,0.022108,0.021715,
0.106875,0.108576,0.132933,0.100507,0.119228,0.112093,0.106672,0.108799,0.122613,0.096938,0.093325,0.107992,0.084933,0.075638,0.065748,0.072656,0.052487,0.053823,0.031540,0.021748,0.026649,
0.081367,0.110878,0.122598,0.089230,0.115240,0.115090,0.095440,0.103181,0.106633,0.118048,0.122242,0.096583,0.086474,0.077557,0.064872,0.067322,0.060360,0.056472,0.045274,0.030920,0.017384,
0.089179,0.091231,0.118498,0.084674,0.128703,0.129685,0.100905,0.097832,0.105409,0.100187,0.096430,0.093219,0.080115,0.091817,0.095312,0.080639,0.089344,0.050650,0.042014,0.025527,0.041198,
0.051740,0.127167,0.113186,0.132830,0.127331,0.136592,0.096384,0.100144,0.100782,0.091188,0.106886,0.085521,0.113257,0.099647,0.080275,0.073581,0.073696,0.061697,0.040202,0.033746,0.025371,
nan,0.128371,0.124705,0.104924,0.108882,0.090890,0.112885,0.121681,0.129018,0.125358,0.118529,0.095311,0.096599,0.097910,0.121615,0.088314,0.067261,0.060996,0.053456,0.035273,0.024548,
0.107590,0.107088,0.160059,0.102311,0.110081,0.165642,0.104693,0.121391,0.097753,0.182546,0.107632,0.097733,0.120211,0.132216,0.095550,0.101207,0.064402,0.071223,0.065447,0.046651,0.036481,
0.215316,0.050342,0.169963,0.086272,0.092239,0.138465,0.179790,0.112684,0.084645,0.160480,0.117065,0.090796,0.125995,0.133547,0.114091,0.081942,0.093522,0.067343,0.084272,0.038466,0.034268,
nan,0.202024,nan,0.112338,nan,0.081464,0.156959,0.158122,0.068809,0.096898,0.140506,0.180699,0.161641,0.063905,0.062035,0.088759,0.109209,0.058675,0.091271,0.341672,0.034467,
nan,0.388266,0.285368,0.193205,0.422844,0.258233,0.344730,0.192608,0.360123,0.141883,0.187012,0.201186,0.192930,0.098647,0.114951,0.062761,0.080913,0.045183,0.047374,0.009284,nan,
0.346374,0.284998,0.360330,0.321403,0.310241,0.261680,0.311550,0.242017,0.221779,0.210650,0.165310,0.186135,0.162409,0.108775,0.094954,0.091879,0.088792,0.086575,0.040665,0.038346,0.011506,
0.276168,0.326130,0.323668,0.295127,0.276813,0.265413,0.283233,0.262270,0.233192,0.188863,0.208169,0.170023,0.118511,0.151288,0.090888,0.085652,0.060688,0.068346,0.033372,0.017374,0.020182,
0.252790,0.280485,0.271314,0.281378,0.270559,0.253967,0.232970,0.244151,0.218360,0.198704,0.185408,0.146259,0.140314,0.113431,0.105986,0.095812,0.064122,0.044683,0.026908,0.015877,0.012464,
0.395864,0.219972,0.234077,0.257761,0.287545,0.235848,0.244965,0.227115,0.230834,0.189691,0.191025,0.152247,0.130310,0.105910,0.096559,0.085459,0.058529,0.037052,0.035281,0.018392,0.013310,
0.188469,0.192940,0.232875,0.245634,0.223191,0.219067,0.228437,0.207586,0.198828,0.185245,0.169171,0.140521,0.130652,0.108708,0.095578,0.071801,0.058335,0.040886,0.034227,0.014695,0.010408,
0.191826,0.196343,0.197707,0.213915,0.220493,0.194309,0.265079,0.192947,0.175934,0.165857,0.143372,0.123165,0.120277,0.100947,0.090861,0.077092,0.060848,0.045225,0.040046,0.020686,0.012148,
0.132193,0.177196,0.182515,0.191007,0.205954,0.182494,0.170623,0.174578,0.161237,0.149806,0.126195,0.119852,0.102963,0.085611,0.081730,0.063057,0.056637,0.039922,0.033316,0.023556,0.012110,
0.164027,0.163990,0.154304,0.161722,0.180695,0.160404,0.151587,0.149717,0.169225,0.131914,0.130668,0.116244,0.113853,0.085112,0.079151,0.062982,0.044024,0.038655,0.026893,0.017530,0.014194,
0.131703,0.146990,0.171252,0.147372,0.134320,0.134432,0.155138,0.137547,0.128162,0.117206,0.110779,0.108533,0.099113,0.081813,0.072018,0.064563,0.050213,0.039560,0.027622,0.017771,0.013381,
0.255063,0.159890,0.150466,0.123275,0.134009,0.117489,0.110890,0.115468,0.123331,0.108597,0.104103,0.089819,0.094518,0.087071,0.072346,0.068610,0.053922,0.042415,0.037895,0.020748,0.015879,
0.092495,0.143334,0.119711,0.113058,0.125338,0.126533,0.126852,0.106410,0.100069,0.125932,0.111020,0.102575,0.091752,0.081766,0.073764,0.074377,0.064327,0.040330,0.034111,0.023355,0.017950,
0.075251,0.087411,0.137776,0.106292,0.116579,0.129040,0.126408,0.107985,0.103753,0.097241,0.110925,0.097936,0.083883,0.077999,0.074782,0.069071,0.051777,0.049730,0.045463,0.027052,0.023193,
0.076571,0.092991,0.129236,0.114799,0.098136,0.122284,0.129021,0.113865,0.111313,0.102017,0.087035,0.084293,0.092504,0.100730,0.086195,0.081345,0.075031,0.073350,0.043156,0.035161,0.026139,
0.062735,0.260589,0.126207,0.120636,0.129045,0.155064,0.122225,0.116496,0.112729,0.116335,0.107638,0.101678,0.089660,0.087615,0.088364,0.068794,0.076635,0.069850,0.044703,0.029366,0.043219,
0.069147,0.134693,0.101133,0.106060,0.152328,0.117993,0.143062,0.128833,0.111440,0.127548,0.102052,0.116546,0.106139,0.113013,0.119496,0.097922,0.070304,0.074909,0.049930,0.039443,0.030370,
nan,0.168411,0.141201,0.121196,0.105605,0.123195,0.135657,0.105717,0.112883,0.110525,0.097054,0.121071,0.106609,0.108123,0.096833,0.084423,0.069328,0.067036,0.060661,0.047724,0.042159,
0.097614,0.074179,0.081402,0.095078,0.217199,0.106030,0.159171,0.138078,0.120364,0.099977,0.121633,0.124914,0.100990,0.129109,0.120908,0.130698,0.087363,0.077145,0.077333,0.067600,0.041129,
nan,0.055653,0.086449,0.067945,0.102991,0.106574,0.142476,0.107064,0.063452,0.154529,0.094887,0.108013,0.086471,0.192285,0.084798,0.054782,0.159888,0.066995,0.050934,0.070705,0.035543,
nan,0.396932,0.323304,0.271440,0.387445,0.282031,0.181138,0.172455,0.323056,0.134121,0.135763,0.208063,0.114100,0.098739,0.206881,0.071188,0.036019,0.037099,0.017680,0.014402,nan,
0.391123,0.346931,0.308924,0.365156,0.282329,0.305972,0.252657,0.343909,0.215230,0.260294,0.190934,0.165186,0.158649,0.148608,0.094229,0.097988,0.054582,0.054172,0.023916,0.017245,0.015277,
0.338552,0.324730,0.312954,0.273725,0.300434,0.254795,0.282738,0.242956,0.248644,0.254603,0.198742,0.184017,0.124443,0.133006,0.093910,0.081660,0.059504,0.058953,0.048876,0.022873,0.009013,
0.319988,0.238240,0.251883,nan,0.279407,0.259363,0.235332,0.246849,0.225477,0.213510,0.185874,0.168991,0.159791,0.125397,0.090310,0.080372,0.051796,0.055348,0.033680,0.018389,0.022912,
0.323274,0.266974,0.242091,0.262823,0.260041,0.247755,0.232818,0.239298,0.218115,0.170281,0.178860,0.156867,0.137572,0.107627,0.090672,0.069118,0.056595,0.039268,0.032930,0.018071,0.032670,
0.314337,0.257851,0.263440,0.237417,0.242086,nan,0.218351,0.197762,0.188554,0.167795,0.165929,0.144588,0.116021,0.110361,0.081442,0.067822,0.058398,0.045677,0.031820,0.016169,0.012055,
0.210283,0.196728,0.259653,0.238570,0.217689,0.202651,0.194889,0.183613,0.181852,0.162298,0.155840,0.125445,0.117789,0.105222,0.087703,0.068764,0.053570,0.045236,0.034630,0.021147,0.008298,
0.254441,0.164805,0.223242,0.192680,0.189564,0.205564,0.178138,0.221238,0.160909,0.153104,0.130587,0.121059,0.098332,0.093423,0.082606,0.067894,0.065105,0.047123,0.036722,0.021785,0.020766,
0.159082,0.136863,0.170939,0.165965,0.165288,0.154630,0.156754,0.146506,0.139615,0.138307,0.121214,0.107675,0.109840,0.081806,0.071869,0.063489,0.052864,0.037743,0.031058,0.019132,0.014753,
0.107410,0.131375,0.154483,0.151312,0.139200,0.141108,0.122451,0.145138,0.129144,0.114649,0.110768,0.106453,0.089170,0.082522,0.075880,0.056485,0.051201,0.040439,0.030831,0.017223,0.013813,
0.177318,0.120870,0.115450,0.120084,0.123400,0.134721,0.136270,0.113537,0.105373,0.106005,0.090439,0.098510,0.093068,0.084186,0.072982,0.075458,0.050561,0.045776,0.027481,0.018842,0.016528,
0.082260,0.134165,0.099954,0.131282,0.108326,0.124080,0.121068,0.102410,0.104589,0.107018,0.114732,0.099360,0.093388,0.075965,0.072306,0.070424,0.068344,0.050906,0.035987,0.025434,0.017563,
0.077440,0.158442,0.109051,0.100324,0.106620,0.112649,0.115749,0.115689,0.114933,0.098778,0.096445,0.093244,0.089663,0.092552,0.070842,0.071282,0.066293,0.039654,0.045908,0.026504,0.019861,
0.079141,0.103292,0.125664,0.092950,0.104011,0.112356,0.101289,0.108961,0.107459,0.118284,0.104128,0.096369,0.093072,0.093464,0.084173,0.079520,0.065164,0.057619,0.055655,0.035105,0.020192,
0.051049,0.095849,0.118920,0.095248,0.111854,0.102065,0.104829,0.094426,0.122140,0.122525,0.115461,0.098796,0.105900,0.103656,0.095834,0.072794,0.085870,0.060912,0.050418,0.038222,0.028300,
0.044974,0.229924,0.097014,0.204909,0.145654,0.122933,0.106025,0.095542,0.136021,0.116182,0.095284,0.108422,0.108950,0.112620,0.097877,0.101879,0.076912,0.074965,0.043767,0.040180,0.025578,
0.063374,0.078396,0.095719,0.101888,0.109513,0.108716,0.115726,0.099628,0.119372,0.138871,0.098095,0.096869,0.098974,0.117332,0.103854,0.102252,0.078288,0.064255,0.061450,0.041355,0.042465,
0.181786,0.381881,0.095452,0.133912,0.086065,0.117382,0.089284,0.088332,0.147930,0.128667,0.127189,0.117400,0.090327,0.160023,0.149210,0.088598,0.102606,0.088568,0.065615,0.071112,0.036560,
nan,nan,nan,0.070316,0.044922,0.167628,0.259291,0.295526,0.189069,0.061941,0.157535,0.072120,0.076108,0.058526,0.101888,0.130301,0.065869,0.141790,0.112409,0.045509,0.039713,
nan,0.480052,0.307011,0.334383,0.284757,0.171462,0.254068,0.367675,0.138710,0.210684,0.171928,0.149582,0.139130,0.102288,0.145241,0.063204,0.059944,0.040727,0.022272,0.017298,nan,
0.215635,0.284868,0.305847,0.331728,0.342814,0.265443,0.247437,0.286192,0.256337,0.215021,0.165864,0.159525,0.161531,0.117217,0.115094,0.099275,0.078258,0.053952,0.031425,0.021486,0.038672,
0.212400,0.301833,0.311736,0.262894,0.297441,0.273386,0.279712,0.216531,0.259328,0.211998,0.199886,0.173784,0.142108,0.139640,0.087617,0.114518,0.059080,0.055042,0.039389,0.020851,0.009454,
0.242613,0.320240,0.274491,0.331301,0.278338,0.254153,0.249965,0.250852,0.213558,0.207905,0.187422,0.148035,0.152952,0.128520,0.100088,0.090154,0.060905,0.055685,0.036323,0.017962,0.017496,
0.299154,0.269073,0.289207,0.245331,0.242316,0.238436,0.237611,0.211310,0.209841,0.184431,0.172343,0.163305,0.141601,0.115466,0.094368,0.085719,0.063679,0.043860,0.031811,0.014713,0.011580,
0.194406,0.245404,0.266428,0.248821,0.240938,0.222605,0.203681,0.204108,0.213919,0.173679,0.183269,0.139482,0.132808,0.112014,0.087274,0.080922,0.051992,0.042659,0.025793,0.017497,0.013264,
0.294722,0.260174,0.219988,0.212126,0.205007,0.191946,nan,0.188431,0.189034,0.158182,0.148716,0.126553,0.112788,0.097911,0.084143,0.071848,0.057363,0.042135,0.033786,0.017034,0.010493,
0.138626,0.221892,0.189238,0.203145,0.186686,0.182401,0.170972,0.174209,0.158483,0.148404,0.145665,0.117898,0.105768,0.090393,0.079630,0.064625,0.047843,0.049520,0.031081,0.020393,0.009824,
0.225968,0.151291,0.176782,0.185083,0.146842,0.158382,0.152282,0.155658,0.144598,0.119123,0.126841,0.113079,0.096953,0.086832,0.079889,0.062603,0.057479,0.047035,0.034120,0.018518,0.030500,
0.099847,0.129216,0.168674,0.164619,0.140937,0.142006,0.138647,0.128349,0.116259,0.116238,0.111326,0.108787,0.106343,0.075895,0.070997,0.056977,0.052841,0.039590,0.029836,0.020264,0.013860,
0.120541,0.107629,0.140649,0.146645,0.147568,0.141044,0.124670,0.120049,0.114889,0.113858,0.103916,0.099418,0.094713,0.085375,0.081611,0.063849,0.056204,0.046932,0.032976,0.018429,0.013391,
0.311162,0.123026,0.125306,0.133848,0.133018,0.127154,0.123640,0.121873,0.121233,0.111532,0.104774,0.098495,0.094747,0.095975,0.069740,0.069019,0.060098,0.057777,0.040356,0.021605,0.014336,
0.103547,0.138371,0.115043,0.144513,0.131386,0.130758,0.110396,0.110268,0.108630,0.115333,0.099745,0.092208,0.088072,0.073834,0.076092,0.072141,0.084760,0.055561,0.032915,0.023906,0.020322,
0.088808,0.152932,0.100677,0.137467,0.138824,0.115154,0.108141,0.088666,0.124224,0.104670,0.108165,0.094195,0.104208,0.105827,0.087832,0.075448,0.066843,0.061472,0.048603,0.032169,0.027042,
0.086236,0.082853,0.096046,0.138285,0.138163,0.167189,0.103117,0.088657,0.111283,0.108211,0.096813,0.099128,0.121713,0.101236,0.101444,0.075698,0.090392,0.063659,0.052586,0.052441,0.020709,
0.836250,0.108387,0.120194,0.126318,0.099991,0.118988,0.127058,0.123230,0.095972,0.103761,0.101105,0.101242,0.132231,0.116609,0.099007,0.092834,0.082813,0.070756,0.054212,0.049251,0.036055,
0.083511,0.072629,0.162919,0.112294,0.153528,0.096039,0.137536,0.144104,0.095014,0.116458,0.098528,0.107461,0.133035,0.110367,0.091022,0.104707,0.096149,0.071869,0.049845,0.048719,0.048316,
0.161232,0.068736,0.184916,0.081193,0.088300,0.092206,0.127119,0.118365,0.145199,0.095370,0.101903,0.168214,0.116204,0.108435,0.109595,0.110228,0.094069,0.086293,0.084415,0.071827,0.036462,
nan,nan,nan,0.229109,0.089958,0.109297,0.121224,0.056249,0.079530,0.064276,0.094233,0.169525,0.129041,0.128509,0.095445,0.129275,0.084262,0.287836,0.046872,0.060106,0.040181,
nan,0.347634,0.271735,0.509761,0.231839,0.224914,0.327604,0.237393,0.205769,0.141493,0.143882,0.138979,0.200907,0.189674,0.095131,0.067626,0.032386,0.026472,0.108836,0.018426,nan,
0.271223,0.383890,0.303467,0.309554,0.302162,0.279584,0.279050,0.241671,0.194238,0.214569,0.185331,0.159269,0.140768,0.125174,0.083362,0.102194,0.072602,0.036437,0.026770,0.025919,0.012897,
0.286643,0.287783,0.292467,0.292310,0.280415,0.298816,0.257573,0.227439,0.254579,0.223148,0.188045,0.161807,0.148530,0.122381,0.093485,0.089714,0.071312,0.067717,0.032335,0.023229,0.008554,
0.320323,0.285315,0.289254,0.272956,0.275107,0.257606,0.258091,0.252773,0.219977,0.212376,0.192389,0.175025,0.120244,0.124518,0.087966,0.091532,0.063272,0.061325,0.036470,0.016250,0.008496,
0.297692,0.273897,0.265775,0.259101,nan,0.241282,0.216589,0.229198,0.224719,0.191116,0.163477,0.153200,0.146278,0.121396,0.096374,0.078771,0.048151,0.046159,0.035348,0.018845,0.014991,
0.289816,0.268171,0.245766,0.240666,0.234955,0.221106,0.219377,0.210858,0.198994,0.164995,0.162120,0.151000,0.138176,0.104456,0.088070,0.072319,0.062490,0.048065,0.033117,0.016480,0.011381,
0.180351,0.243890,0.222289,0.235696,0.198045,0.207690,0.194223,0.188646,0.176761,0.160331,0.152293,0.127304,0.129478,0.109035,0.084266,0.078202,0.049738,0.037240,0.025870,0.018523,0.013838,
0.161269,0.209070,0.190534,0.193618,0.184848,0.179231,0.178139,0.182138,0.167799,0.142499,0.137954,0.119730,0.108864,0.092197,0.077459,0.064410,0.054941,0.041308,0.027869,0.020973,0.012755,
0.121286,0.199882,0.161315,0.165500,0.171109,0.170602,0.146838,0.159022,0.140326,0.131273,0.127197,0.111877,0.093164,0.087183,0.073768,0.061136,0.047650,0.052300,0.031727,0.019646,0.012600,
0.132695,0.158620,0.146933,0.154072,0.147334,0.154824,0.123299,0.134190,0.125022,0.118359,0.112160,0.106138,0.102762,0.083337,0.067716,0.058617,0.052370,0.052127,0.034077,0.018820,0.028975,
0.100280,0.139631,0.129566,0.134351,0.128817,0.130588,0.116821,0.116575,0.124423,0.111570,0.106622,0.098316,0.097766,0.081368,0.074569,0.055313,0.054455,0.046194,0.033958,0.021575,0.014699,
0.226402,0.131842,0.125155,0.120522,0.119551,0.115414,0.109937,0.108759,0.112030,0.112416,0.101901,0.096314,0.087185,0.095484,0.080355,0.074574,0.061154,0.044649,0.037025,0.020116,0.020864,
0.093126,0.125651,0.124679,0.132971,0.107922,0.117437,0.113181,0.103568,0.104929,0.095204,0.110303,0.091810,0.098991,0.092110,0.077807,0.068424,0.068560,0.060025,0.049386,0.026472,0.014407,
0.061505,0.156897,0.105484,0.131563,0.114408,0.128174,0.112294,0.110215,0.105644,0.098236,0.097702,0.113633,0.101708,0.097679,0.090220,0.072871,0.088816,0.061166,0.037884,0.030725,0.017397,
0.080161,0.092631,0.095532,0.144270,0.126637,0.112178,0.120222,0.117966,0.118117,0.111945,0.113491,0.105075,0.122370,0.105913,0.098534,0.080161,0.073503,0.057007,0.050129,0.035481,0.021815,
0.089249,0.096608,0.131346,0.097133,0.111733,0.158578,0.103712,0.111007,0.136141,0.124382,0.111097,0.104200,0.111626,0.105826,0.091368,0.094431,0.096254,0.091314,0.063539,0.055704,0.030947,
0.043216,0.139581,0.102971,0.141780,0.111797,0.102068,0.114633,0.118911,0.136511,0.119805,0.126956,0.143467,0.136158,0.127429,0.107410,0.092388,0.100025,0.070548,0.056454,0.052746,0.035247,
nan,0.480519,0.090720,0.169606,0.161602,0.159680,0.284233,0.109431,0.161407,0.129186,0.105175,0.132153,0.141246,0.123908,0.110446,0.086551,0.103054,0.118744,0.074608,0.061528,0.047127,
nan,nan,0.097437,nan,0.072691,0.054291,0.073463,0.073388,0.165085,0.106029,0.074561,0.056421,0.091054,0.156210,0.085312,0.105970,0.124690,0.094673,0.093643,0.071651,0.084874,
nan,0.279603,0.240514,0.292512,0.255473,0.203830,0.214932,0.219774,0.227659,0.191246,0.188723,0.211975,0.121476,0.084787,0.098254,0.074741,0.035531,0.029918,0.009245,0.011359,nan,
0.427591,0.326864,0.306885,0.314707,0.283463,0.290513,0.273932,0.221319,0.293372,0.218149,0.173192,0.166811,0.142398,0.145655,0.113850,0.070676,0.056784,0.106207,0.027570,0.021024,0.009580,
0.287600,0.317914,0.323223,0.294852,0.297740,0.282257,0.281559,0.250454,0.217413,0.245782,0.184072,0.162800,0.154845,0.127799,0.086036,0.084850,0.061557,0.060913,0.034568,0.019544,0.009667,
0.312716,0.287331,0.291807,0.278745,0.275935,0.262454,0.261594,0.218536,0.266375,0.216746,0.196895,0.180122,0.145747,0.119149,0.094266,0.089729,0.058193,0.084271,0.033501,0.026710,0.007957,
0.363148,0.292610,0.274706,0.274455,0.254826,0.237164,0.235054,0.240080,0.214309,0.202199,0.188869,0.153299,0.137309,0.115999,0.083712,0.098500,0.065748,0.053770,0.044979,0.016953,0.010613,
0.348209,0.273529,0.247183,0.251932,0.229615,0.232026,0.223096,0.210224,0.199609,0.176571,0.160011,0.160049,0.136094,0.109066,0.092813,0.072917,0.050968,0.047175,0.030538,0.018367,0.012311,
0.290302,0.228860,0.189818,0.206735,0.221044,0.190539,nan,0.187333,0.183323,0.157982,0.148397,0.129215,0.121475,0.093376,0.088325,0.073556,0.056154,0.048891,0.031820,0.014778,0.012005,
0.301968,0.189789,0.171232,0.194886,0.198991,0.191766,0.167651,0.171745,0.163707,0.152318,0.138745,0.120229,0.119804,0.098817,0.082268,0.072584,0.052434,0.038403,0.028592,0.017983,0.010364,
0.175802,0.159165,0.147969,0.168042,0.165894,0.170459,0.145607,0.154844,0.146006,0.128097,0.126725,0.111136,0.099848,0.089527,0.076382,0.068014,0.052321,0.037725,0.026620,0.018277,0.010858,
0.135618,0.138778,0.128883,0.148833,0.149582,0.141957,0.126609,0.130833,0.135084,0.120330,0.111089,0.105060,0.088587,0.082359,0.069849,0.057428,0.049731,0.044982,0.027409,0.017347,0.011975,
0.112644,0.132411,0.118678,0.124815,0.132594,0.121493,0.125861,0.129203,0.112656,0.112031,0.103333,0.109125,0.104833,0.081675,0.070244,0.057882,0.052685,0.056178,0.035178,0.020305,0.015255,
0.343201,0.108029,0.109668,0.113190,0.134498,0.121519,0.134970,0.112914,0.110281,0.112437,0.114494,0.082401,0.092231,0.089188,0.077752,0.061674,0.059693,0.061296,0.040101,0.028053,0.015673,
0.196856,0.091870,0.109909,0.114798,0.126269,0.122739,0.120807,0.130610,0.103199,0.101762,0.096538,0.103276,0.088097,0.095921,0.079580,0.080809,0.065641,0.046215,0.038645,0.024347,0.026515,
0.147653,0.141866,0.117684,0.136660,0.106849,0.102240,0.122047,0.122420,0.109137,0.110454,0.107475,0.110141,0.114714,0.100715,0.088123,0.072341,0.075135,0.061218,0.056906,0.029449,0.020923,
nan,0.145364,0.103713,0.120765,0.106715,0.099263,0.117772,0.110597,0.110224,0.114365,0.113014,0.111320,0.112074,0.104507,0.096125,0.083748,0.089087,0.072441,0.057739,0.040401,0.022385,
0.064077,0.112418,0.122844,0.104768,0.112201,0.092233,0.118207,0.119781,0.096162,0.119239,0.124158,0.123566,0.119198,0.113679,0.094894,0.091929,0.104112,0.067539,0.061240,0.046215,0.043129,
nan,0.107417,0.081699,0.134229,0.123698,0.111288,0.141820,0.108105,0.132811,0.113298,0.123374,0.099351,0.106354,0.110141,0.107722,0.097695,0.097526,0.086417,0.075683,0.059576,0.034382,
0.050596,0.242986,0.101110,0.128963,0.138843,0.167509,0.118134,0.144244,0.103794,0.115917,0.176245,0.120010,0.113681,0.119104,0.120032,0.088239,0.092238,0.095491,0.086071,0.058363,0.058596,
nan,nan,nan,0.103857,0.128417,0.075012,0.077941,0.906189,0.065557,0.083381,0.095982,0.259844,0.137348,0.085831,0.150325,0.120641,0.109038,0.126830,0.080147,0.072215,0.041338,
nan,0.403985,0.431802,0.325832,0.218089,0.226964,0.272277,0.267062,0.142721,0.348981,0.194280,0.147398,0.177451,0.421126,0.060045,0.117630,0.060623,0.029627,0.061992,0.016915,nan,
0.464572,0.735299,0.304165,0.284899,0.303571,0.311704,0.292271,0.263458,0.303778,0.212185,0.208866,0.164491,0.129511,0.100271,0.102844,0.066136,0.047728,0.045235,0.020696,0.016698,0.007533,
0.475141,0.318912,0.306554,0.320678,0.299392,0.263437,0.240710,0.280192,0.232089,0.210098,0.174781,0.176549,0.154881,0.111612,0.094695,0.079073,0.072563,0.047199,0.027181,0.027027,0.018721,
0.437357,0.348409,0.293038,0.246860,0.279529,0.276706,0.243117,0.235217,0.226729,0.217950,0.185028,0.153546,0.149152,0.126159,0.084894,0.093687,0.058982,0.054463,0.036633,0.023464,0.010946,
0.357680,0.312751,0.297747,0.268401,0.253865,0.243431,0.240829,0.234858,0.227078,0.210993,0.183042,0.164009,0.141904,0.112363,0.099960,0.083349,0.057907,0.064735,0.041052,0.021096,0.009318,
0.343494,0.287276,0.255640,0.245413,0.238328,0.222637,0.218481,0.221023,0.212269,0.198461,0.165557,0.145938,0.130174,0.114229,0.086581,0.087407,0.067856,0.061119,0.038422,0.016783,0.008672,
0.170817,0.264900,0.233140,0.218396,0.224530,0.209421,0.197797,0.186538,0.174143,0.163756,0.145690,0.146771,0.131595,0.100691,0.080503,0.081283,0.058451,0.053856,0.030467,0.017901,0.010439,
0.144166,0.212659,0.184049,0.190453,0.199306,0.195814,0.174108,0.174096,0.171623,0.143112,0.137092,0.130344,0.122105,0.090336,0.079491,0.078605,0.053308,0.048048,0.030486,0.016022,0.013266,
0.177266,0.161563,0.185001,0.158670,0.171809,0.168723,0.154128,0.149784,0.152949,0.135352,0.125075,0.110666,0.109455,0.082636,0.074453,0.065947,0.048168,0.047311,0.033446,0.015484,0.010943,
0.129343,0.143073,0.198841,0.132844,0.144996,0.142039,0.139792,0.139934,0.124705,0.457933,0.120304,0.103795,0.091759,0.088354,0.076218,0.064050,0.053057,0.042882,0.034640,0.017275,0.010753,
0.159050,0.148729,0.183429,0.115595,0.132894,0.136883,0.118941,0.117623,0.116986,0.114516,0.106151,0.103425,0.090882,0.085752,0.067785,0.059399,0.049697,0.042424,0.032308,0.019359,0.011604,
0.085939,0.135874,0.187580,0.100685,0.121674,0.129214,0.106962,0.110591,0.103829,0.106193,0.107856,0.093582,0.095542,0.084985,0.073823,0.059316,0.051470,0.048504,0.035827,0.020204,0.014194,
0.112967,0.123588,0.165831,0.105818,0.121329,0.120813,0.108185,0.105007,0.103151,0.104965,0.115476,0.106477,0.096414,0.091436,0.092249,0.063190,0.059440,0.065555,0.039731,0.027256,0.016647,
0.138292,0.081514,0.175705,0.101212,0.115197,0.113835,0.117431,0.095725,0.112036,0.101624,0.104830,0.100834,0.104350,0.104859,0.093868,0.078793,0.073733,0.062739,0.045735,0.030827,0.024178,
0.098783,0.197514,0.164105,0.117703,0.112234,0.089356,0.118991,0.107975,0.101171,0.099227,0.108111,0.117164,0.100115,0.102791,0.093967,0.086576,0.075539,0.072687,0.058689,0.046942,0.025867,
0.065266,0.144411,0.132374,0.111286,0.103633,0.106885,0.137890,0.101991,0.123957,0.096692,0.104250,0.115550,0.121052,0.118347,0.091948,0.098222,0.092768,0.082140,0.074774,0.055638,0.040866,
0.069426,0.096931,0.135232,0.111346,0.102472,0.131589,0.115714,0.119748,0.144896,0.122310,0.131149,0.098422,0.141373,0.132752,0.110045,0.108398,0.102419,0.091214,0.067222,0.053564,0.060684,
0.109442,0.315860,0.222533,0.114005,0.111506,0.100619,0.103849,0.121107,0.085705,0.096279,0.108734,0.112229,0.145698,0.116614,0.118157,0.104306,0.118242,0.103643,0.089035,0.064680,0.050959,
nan,nan,nan,0.081010,0.155835,0.037703,0.380419,0.127657,0.112659,0.095018,0.082331,0.088286,0.082170,0.110701,0.133037,0.146447,0.197214,0.131966,0.057521,0.060035,0.125140,
nan,0.254213,0.436146,0.287191,0.307075,0.206838,0.284874,0.190780,0.147563,0.193273,0.229659,0.124813,0.117075,0.231956,0.062494,0.111065,0.043568,0.033917,0.010583,0.021395,nan,
0.223499,nan,0.299493,0.306151,0.297170,0.255195,0.242329,0.234005,0.205243,0.237995,0.212043,0.158287,0.181163,0.149633,0.088065,0.076242,0.073468,0.043269,0.038118,0.018328,0.014963,
0.206584,0.315211,0.341150,0.315047,0.294542,0.290854,0.262150,0.247892,0.254331,0.228101,0.184317,0.167602,0.128929,0.120246,0.103530,0.070761,0.059186,0.057676,0.026707,0.017350,0.009791,
0.283118,0.290900,0.292389,0.289765,0.288014,0.259538,0.249990,0.252788,0.225674,0.223205,0.162049,0.163430,0.144918,0.112006,0.096774,0.077916,0.061850,0.042995,0.028635,0.026101,0.012153,
0.416848,0.298157,0.255151,0.284737,0.242809,0.256535,0.233884,0.232200,0.212202,0.203967,0.160812,0.148699,0.144426,0.109754,0.093270,0.078368,0.056138,0.045116,0.031527,0.027453,0.010652,
0.371806,0.277348,0.231652,0.257161,0.243157,0.220107,0.217657,0.217177,0.192049,0.192735,0.157914,0.140180,0.130865,0.103907,0.097570,0.077255,0.051211,0.044456,0.042033,0.025451,0.012140,
0.356801,0.224610,0.207116,0.226912,0.216152,0.214878,0.195968,0.192637,0.188315,0.175393,0.147047,0.129703,0.124035,0.110752,0.097594,0.071373,0.051421,0.051330,0.039723,0.024098,0.011779,
0.280958,0.196380,0.188685,0.193909,0.185820,0.187616,0.174652,0.168041,0.158382,0.150553,0.128265,0.123916,0.117888,0.099322,0.083675,0.074445,0.054878,0.047294,0.036490,0.021247,0.010566,
0.192474,0.161248,0.166794,0.173627,0.159960,0.157065,0.157676,0.155042,0.145484,0.132493,0.121199,0.112178,0.105125,0.089059,0.077638,0.074404,0.055661,0.048798,0.032921,0.022474,0.013620,
0.168418,0.139635,0.147049,0.162042,0.133823,0.142045,0.139181,0.126173,0.130189,0.122544,0.116209,0.107876,0.096784,0.078769,0.073639,0.067765,0.053985,0.050629,0.031749,0.021729,0.014746,
0.180681,0.132377,0.155752,0.155195,0.119602,0.120482,0.125432,0.115083,0.115691,0.114753,0.109259,0.102801,0.089589,0.083686,0.076639,0.062622,0.057635,0.048731,0.031616,0.019000,0.015297,
0.092884,0.108739,0.132058,0.131676,0.112088,0.117740,0.119680,0.108169,0.106006,0.108698,0.110988,0.101881,0.093497,0.085901,0.074270,0.060038,0.060370,0.046003,0.031722,0.020571,0.015954,
0.170250,0.125016,0.152955,0.131101,0.128132,0.103954,0.109331,0.109430,0.104816,0.105983,0.109465,0.103224,0.099245,0.094930,0.078873,0.068117,0.060719,0.055633,0.034303,0.027571,0.016742,
0.109781,0.146648,0.201601,0.136195,0.122594,0.111840,0.112421,0.108783,0.104578,0.109936,0.105524,0.108077,0.101962,0.098730,0.094509,0.082471,0.064591,0.058577,0.051019,0.033135,0.020086,
0.186586,0.101375,0.285604,0.110678,0.157371,0.125034,0.106931,0.115830,0.105757,0.113775,0.099008,0.134444,0.120414,0.105923,0.097461,0.095564,0.072515,0.062953,0.057067,0.032930,0.021297,
0.075268,0.104326,0.231383,0.140429,0.186651,0.141022,0.150837,0.170811,0.103921,0.127292,0.098535,0.124503,0.112904,0.106758,0.100461,0.098874,0.089507,0.073944,0.072264,0.048079,0.030830,
0.056707,0.152940,0.128197,0.325517,0.139794,0.178943,0.111845,0.109264,0.104129,0.127084,0.110989,0.113295,0.169795,0.142145,0.115243,0.120249,0.104367,0.095482,0.076131,0.063481,0.043601,
nan,0.096441,0.112781,0.232334,0.143289,0.208769,0.126552,0.118402,0.171177,0.126091,0.118002,0.106084,0.134033,0.111060,0.106047,0.113378,0.107903,0.101678,0.083433,0.084751,0.056144,
nan,nan,nan,nan,nan,0.240007,0.120851,0.127740,0.108470,0.601526,0.072660,0.104605,0.083558,0.231334,0.078968,0.068615,0.087494,0.108394,0.085830,0.141817,0.064516,
0.343123,0.246734,0.477470,0.255324,0.378909,0.497524,0.316293,0.187514,0.170398,0.251186,0.233281,0.184661,0.078071,0.117580,0.098739,0.050615,0.032016,0.044394,0.032004,0.037880,nan,
0.255527,0.317603,0.310413,0.267633,0.271316,0.304908,0.410749,0.192782,0.203617,0.204767,0.184861,0.235123,0.176439,0.108815,0.096165,0.091847,0.040837,0.041703,0.027873,0.030522,0.015622,
0.270115,0.263504,0.305045,0.296946,0.279138,0.270123,0.313937,0.210310,0.205443,0.196517,0.210087,0.219179,0.196341,0.105617,0.106742,0.073745,0.054922,0.040192,0.030043,0.024129,0.018396,
0.243363,0.240545,0.285973,0.287927,0.274532,0.263012,0.261589,0.220148,0.205886,0.215244,0.211505,0.200315,0.162192,0.095142,0.137533,0.066639,0.051774,0.039403,0.030529,0.023207,0.016510,
0.229664,0.227732,0.283840,0.286330,0.259785,0.241152,0.233625,0.230546,0.219847,0.216473,0.184222,0.179821,0.146542,0.092848,0.123936,0.074724,0.048939,0.035537,0.032426,0.027211,0.014551,
0.271942,0.195867,0.242818,0.262930,0.238718,0.232257,0.222473,0.227397,0.197191,0.195816,0.166092,0.155659,0.143833,0.102401,0.118410,0.070740,0.045364,0.035717,0.032217,0.022304,0.009272,
0.261692,0.173471,0.202241,0.249794,0.203797,0.210854,0.201251,0.199480,0.170590,0.178103,0.146999,0.137877,0.122572,0.102064,0.106938,0.073299,0.045641,0.034383,0.033577,0.019493,0.009845,
0.194134,0.175507,0.180366,0.225062,0.195073,0.181630,0.189973,0.173542,0.159886,0.153482,0.126109,0.124337,0.108409,0.095757,0.084886,0.060703,0.048912,0.031884,0.041572,0.018842,0.010495,
0.143154,0.182676,0.163419,0.195347,0.187207,0.168380,0.161267,0.147210,0.146942,0.136453,0.116003,0.110347,0.106469,0.097103,0.077992,0.059134,0.051552,0.032513,0.040014,0.019504,0.012825,
0.117529,0.176193,0.151844,0.158856,0.160654,0.150686,0.137263,0.123296,0.128106,0.124752,0.110372,0.100771,0.107884,0.089282,0.078971,0.051307,0.052080,0.033480,0.039703,0.025412,0.012312,
0.089526,0.146462,0.149277,0.128714,0.149055,0.132765,0.126691,0.108774,0.113345,0.115917,0.110368,0.102853,0.101345,0.077811,0.085451,0.056128,0.059280,0.042729,0.036705,0.030159,0.013109,
0.086417,0.128848,0.174694,0.125037,0.125889,0.122310,0.133368,0.105269,0.099843,0.106846,0.108812,0.103860,0.099156,0.081967,0.092058,0.062432,0.060158,0.040499,0.036284,0.035757,0.018551,
0.075284,0.139565,0.157699,0.136364,0.117656,0.118493,0.125155,0.095886,0.093336,0.104714,0.108066,0.103730,0.099206,0.090376,0.088648,0.069979,0.070528,0.046437,0.038799,0.032715,0.018390,
0.076633,0.108258,0.158897,0.138702,0.104469,0.116570,0.121145,0.123929,0.108730,0.100581,0.106726,0.100751,0.103361,0.099045,0.092101,0.076592,0.069248,0.056949,0.040370,0.039108,0.027865,
0.067531,0.083677,0.210588,0.143242,0.122383,0.093150,0.095725,0.147806,0.123984,0.110016,0.125369,0.102903,0.095415,0.107377,0.098224,0.096362,0.074976,0.067891,0.054481,0.039165,0.023370,
0.062612,0.071984,0.230135,0.117720,0.123880,0.098988,0.122000,0.171545,0.103332,0.107570,0.123710,0.119348,0.094769,0.115987,0.108300,0.104827,0.085799,0.077305,0.061789,0.046995,0.051430,
0.060169,0.117702,0.131750,0.288974,0.150331,0.120867,0.096205,0.092572,0.119401,0.145974,0.134437,0.148192,0.105571,0.107074,0.124432,0.101667,0.099702,0.092299,0.068823,0.061897,0.037506,
0.076741,0.078090,0.056308,0.061967,0.114317,0.118069,0.101197,0.114531,0.118667,0.114618,0.080709,0.120245,0.139812,0.102029,0.100289,0.111462,0.111265,0.112429,0.081746,0.092295,0.038103,
nan,nan,nan,nan,nan,nan,nan,nan,nan,nan,0.042022,0.109540,0.064514,0.217036,0.072734,0.141587,0.106917,0.102726,0.087010,0.072669,0.047861,
