0.196529,0.277609,0.357746,0.482083,0.329167,0.226525,0.271494,0.223411,0.272485,0.208218,0.183801,0.173732,0.161146,0.180822,0.139127,0.199669,0.085141,0.116544,0.039802,0.026934,0.006692,
0.430227,0.348449,0.308845,0.280237,0.320686,0.286302,0.220760,0.311491,0.304478,0.267370,0.207161,0.199587,0.134890,0.113126,0.148188,0.157991,0.096986,0.093392,0.027479,0.022323,0.008930,
0.470856,0.293069,0.374010,0.359138,0.283761,0.325335,0.338185,0.255565,0.301671,0.247949,0.179047,0.175593,0.122667,0.121795,0.120767,0.128500,0.090751,0.057299,0.033890,0.025551,0.012958,
0.411284,0.282330,0.265350,0.344755,0.282655,0.288992,0.318354,0.252787,0.323750,0.205012,0.171690,0.162428,0.138751,0.122549,0.118932,0.109374,0.076659,0.081224,0.037383,0.024273,0.012464,
0.301098,0.322275,0.230433,0.294006,0.273310,0.274636,0.282846,0.254113,0.329049,0.186405,0.156710,0.172755,0.140183,0.135850,0.137396,0.118586,0.070759,0.103710,0.045937,0.028406,0.013298,
0.220821,0.257870,0.221862,0.291318,0.237529,0.262962,0.258781,0.236551,0.258104,0.166739,0.150782,0.200638,0.140730,0.128139,0.128542,0.139894,0.085238,0.083756,0.053754,0.031316,0.016861,
0.182538,0.201142,0.214127,0.259193,0.215307,0.245917,0.221338,0.222819,0.230051,0.152247,0.146513,0.180835,0.141789,0.123064,0.121311,0.134712,0.090599,0.087045,0.064723,0.033424,0.022262,
0.143372,0.172337,0.204543,0.244338,0.203014,0.201358,0.210851,0.198474,0.194396,0.144463,0.152376,0.164831,0.147850,0.117693,0.138424,0.126116,0.092513,0.095190,0.063506,0.032732,0.024124,
0.147592,0.161389,0.169994,0.209278,0.193733,0.188728,0.195693,0.179874,0.166511,0.128769,0.155684,0.151968,0.146215,0.123681,0.180869,0.131638,0.102198,0.110517,0.064188,0.040190,0.026282,
0.138632,0.146253,0.136104,0.213482,0.176507,0.165198,0.151479,0.178429,0.143492,0.119119,0.151317,0.142132,0.147331,0.147689,0.173630,0.155587,0.122355,0.135012,0.084465,0.052193,0.029715,
0.137153,0.141793,0.129318,0.190869,0.143246,0.155728,0.126056,0.187311,0.123383,0.166188,0.165893,0.152385,0.149668,0.212470,0.191517,0.194717,0.179606,0.176192,0.109695,0.059827,0.038619,
0.177475,0.141069,0.157822,0.207638,0.139321,0.157232,0.115277,0.220975,0.126085,0.160321,0.200090,0.175674,0.137935,0.213278,0.243197,0.235195,0.229312,0.210032,0.141408,0.070444,0.039624,
0.239184,0.127782,0.204137,0.146105,0.128791,0.180191,0.117722,0.228019,0.167219,0.201126,0.226185,0.242181,0.208648,0.269039,0.322489,0.281854,0.266203,0.241287,0.173280,0.080623,0.054148,
0.216061,0.104084,0.456480,0.149708,0.129572,0.166176,0.142031,0.210065,0.176650,0.207510,0.190028,0.282840,0.261029,0.283626,0.401775,0.387547,0.386487,0.325008,0.217805,0.105685,0.057463,
0.099523,0.148957,0.628033,0.192213,0.176059,0.149139,0.235421,0.245361,0.246396,0.265575,0.208579,0.316948,0.368089,0.402811,0.484477,0.467456,0.563272,0.398591,0.270209,0.120631,0.052217,
0.128742,0.446576,0.244451,0.192424,0.170669,0.157644,0.235858,0.267939,0.303395,0.280602,0.371106,0.430050,0.363793,0.655514,0.613716,0.556286,0.690127,0.501576,0.252732,0.112525,0.077808,
0.060927,0.962863,0.417532,0.274741,0.149152,0.258812,0.227898,0.289228,0.338021,0.242739,0.362122,0.567272,0.518817,0.671312,0.783225,0.932722,0.788074,0.594805,0.253079,0.098490,0.056333,
0.117551,0.106281,0.109800,0.228469,0.259667,0.172333,0.180039,0.248174,0.303336,0.517479,0.587657,0.391748,0.802609,0.763671,1.019469,1.180308,0.856203,0.422936,0.154001,0.074656,0.026042,
nan,nan,nan,nan,nan,nan,nan,nan,nan,nan,0.365970,1.907540,0.783825,0.826283,1.235192,0.656645,0.387134,0.224876,0.091721,0.107302,nan,
nan,nan,0.297152,0.176357,0.228462,0.195141,0.200207,0.393902,0.483569,0.307292,0.385335,0.143947,0.099834,0.088229,0.196666,0.057568,0.082664,0.138328,0.027434,0.025348,0.009431,
nan,0.394594,0.344772,0.346940,0.299633,0.329978,0.363130,0.267282,0.277960,0.293562,0.164378,0.172090,0.173939,0.100762,0.152177,0.113813,0.092464,0.061329,0.102924,0.021944,0.014436,
0.473631,0.329098,0.308153,0.343744,0.337607,0.298051,0.314374,0.272235,0.243837,0.236667,0.215469,0.203868,0.169204,0.120403,0.137655,0.134255,0.131694,0.074891,0.065355,0.021064,0.010923,
0.589168,0.300456,0.298718,0.327897,0.305414,0.288858,0.280758,0.244409,0.231858,0.231446,0.203524,0.209414,0.176189,0.154459,0.123349,0.119454,0.123247,0.061035,0.058707,0.030743,0.013384,
0.436762,0.288850,0.269459,0.295870,0.311388,0.284925,0.262724,0.250445,0.215573,0.228058,0.199856,0.208226,0.184005,0.151119,0.115561,0.122138,0.096200,0.060056,0.056740,0.033823,0.017595,
0.294672,0.281315,0.244928,0.246835,0.279391,0.220949,0.240480,0.227437,0.186549,0.218958,0.188726,0.175902,0.171302,0.144375,0.131268,0.107115,0.090572,0.064850,0.050474,0.035366,0.018823,
0.257015,0.250412,0.226506,0.212213,0.225924,0.197841,0.213683,0.192889,0.169874,0.195084,0.181728,0.171751,0.169313,0.131450,0.130921,0.096774,0.088022,0.079103,0.051284,0.033231,0.026133,
0.186489,0.237764,0.210097,0.187103,0.194730,0.198062,0.195718,0.161721,0.154588,0.187818,0.169649,0.158727,0.176293,0.150823,0.121964,0.109237,0.095050,0.092763,0.055434,0.036981,0.029664,
0.126205,0.192655,0.182931,0.173612,0.152910,0.172069,0.160513,0.150524,0.139116,0.197340,0.151002,0.154081,0.163709,0.175064,0.126940,0.137608,0.107931,0.103985,0.065510,0.043268,0.029708,
0.266251,0.160526,0.166739,0.144567,0.146501,0.150532,0.132016,0.150584,0.130588,0.191832,0.134977,0.178744,0.168016,0.184703,0.143508,0.155325,0.137547,0.134581,0.073366,0.057658,0.040398,
0.207159,0.224961,0.141853,0.161175,0.148040,0.151189,0.128122,0.135169,0.130356,0.161506,0.161815,0.181024,0.174658,0.190666,0.183245,0.174962,0.180865,0.146833,0.105792,0.057702,0.038626,
0.107427,0.263338,0.159888,0.113215,0.153571,0.158172,0.140253,0.128458,0.151004,0.162045,0.192994,0.194280,0.195088,0.206033,0.229187,0.224002,0.220910,0.178063,0.147115,0.070937,0.058966,
0.085669,0.108933,0.190902,0.113958,0.176979,0.172278,0.137027,0.158821,0.185288,0.160901,0.184386,0.222332,0.238776,0.262471,0.295872,0.285448,0.310809,0.240415,0.180911,0.094688,0.035309,
0.642153,0.104939,0.198601,0.129075,0.230531,0.150478,0.136261,0.157386,0.203200,0.211841,0.245539,0.276793,0.296584,0.294122,0.361724,0.376907,0.404585,0.313379,0.227435,0.104961,0.064714,
0.077064,0.203645,0.177297,0.122591,0.288873,0.138526,0.175853,0.171857,0.209692,0.262892,0.301439,0.342195,0.372877,0.384687,0.504600,0.514657,0.526548,0.396777,0.278556,0.111070,0.072042,
0.144206,0.205427,0.196170,0.144931,0.191089,0.168968,0.217477,0.218001,0.220774,0.269764,0.434014,0.354240,0.437409,0.528281,0.570745,0.685523,0.614822,0.524508,0.275161,0.116868,0.066520,
0.075693,0.162088,0.133383,0.276095,0.170335,0.234169,0.199574,0.259459,0.310588,0.355472,0.444052,0.523474,0.603859,0.715356,0.805025,0.869433,0.768488,0.488711,0.228443,0.108542,0.054225,
nan,0.262330,0.138799,0.127252,0.223601,0.350085,0.346690,0.311369,0.267720,0.457135,0.528431,0.575185,0.821746,0.798548,0.943535,0.996764,0.792608,0.421582,0.194969,0.074835,0.054526,
nan,nan,nan,nan,0.442470,0.194474,0.295707,0.556351,0.459400,0.538339,0.496677,0.643543,0.568939,1.418883,1.010312,1.433157,0.713596,0.275410,0.114339,0.050252,0.035921,
nan,0.563103,0.552368,0.327541,0.256577,0.254590,0.235168,0.327523,0.362169,0.279041,0.123015,0.145926,0.096825,0.200527,0.126974,0.108813,0.092425,0.194324,0.056549,0.011765,0.006080,
0.537852,0.405667,0.312518,0.310493,0.375009,0.348457,0.330078,0.293668,0.290547,0.247904,0.247901,0.210117,0.170135,0.136553,0.139422,0.148964,0.112243,0.177259,0.060959,0.019908,0.010809,
0.876574,0.362647,0.356693,0.294729,0.342295,0.331399,0.297925,0.261131,0.233088,0.235244,0.221874,0.191897,0.189601,0.162274,0.125280,0.076163,0.092424,0.055315,0.050266,0.026173,0.012544,
0.606166,0.362816,0.382225,0.313193,0.363223,0.300752,0.294521,0.248223,0.224735,0.208695,0.232155,0.197745,0.169974,0.153019,0.127074,0.120718,0.072767,0.062723,0.041887,0.026286,0.017671,
0.315113,0.299510,0.321747,0.313058,0.322047,0.248933,0.271697,0.234979,0.234607,0.210977,0.189214,0.170076,0.153299,0.144471,0.149651,0.101165,0.066746,0.096524,0.052229,0.028265,0.018441,
0.474040,0.248651,0.296254,0.279283,0.282625,0.244077,0.268048,0.214153,0.230420,0.207059,0.190809,0.160593,0.149084,0.159061,0.120443,0.098799,0.080720,0.087600,0.053992,0.025803,0.024603,
0.842109,0.225091,0.288953,0.239257,0.233718,0.224967,0.238499,0.204331,0.206510,0.186816,0.177144,0.153486,0.159512,0.158930,0.113657,0.122965,0.091104,0.083041,0.058442,0.033358,0.022110,
0.242983,0.219538,0.226562,0.202529,0.200725,0.189933,0.209153,0.182572,0.186812,0.155515,0.156145,0.134056,0.132583,0.161934,0.108316,0.130612,0.099667,0.084937,0.064377,0.039857,0.022949,
0.156872,0.181689,0.186415,0.173028,0.170130,0.166569,0.173171,0.161843,0.179134,0.161730,0.153072,0.130223,0.122014,0.170656,0.122390,0.123022,0.109270,0.100641,0.092377,0.042452,0.023541,
0.106421,0.172268,0.165965,0.178324,0.138194,0.139973,0.141897,0.151966,0.191055,0.140032,0.154500,0.134051,0.132392,0.159509,0.132570,0.141859,0.128501,0.120859,0.110777,0.048336,0.027437,
0.101162,0.129931,0.144166,0.130156,0.127953,0.131586,0.131825,0.161239,0.166790,0.154772,0.146405,0.158533,0.156595,0.180722,0.164112,0.176419,0.175175,0.139608,0.125589,0.061669,0.030956,
0.169160,0.108631,0.143069,0.146043,0.133003,0.134040,0.119469,0.160637,0.185075,0.163607,0.169805,0.185417,0.187183,0.197888,0.200141,0.196152,0.225517,0.189722,0.160317,0.075137,0.054914,
0.111840,0.123912,0.152060,0.115428,0.140458,0.131730,0.128277,0.188312,0.234732,0.184259,0.221462,0.193086,0.220449,0.236139,0.260875,0.254344,0.299485,0.258705,0.155631,0.092955,0.048723,
0.083665,0.148900,0.137364,0.106332,0.216587,0.157888,0.157948,0.213296,0.241073,0.181814,0.241040,0.275028,0.272955,0.310367,0.314848,0.344777,0.378938,0.303064,0.189250,0.103250,0.044804,
0.093531,0.158230,0.149847,0.111152,0.197926,0.188284,0.248721,0.309862,0.226857,0.265670,0.316393,0.302715,0.429532,0.403997,0.403042,0.486932,0.493778,0.380636,0.242441,0.112433,0.063880,
0.077009,0.157723,0.100002,0.204159,0.218117,0.174655,0.230029,0.345349,0.225649,0.299174,0.362178,0.441248,0.456654,0.540269,0.609242,0.591122,0.621242,0.417389,0.275085,0.107685,0.069455,
nan,0.147323,0.131232,0.347484,0.190709,0.304011,0.288209,0.368974,0.312084,0.386586,0.477872,0.504358,0.592730,0.644861,0.767574,0.788175,0.704217,0.513747,0.209931,0.090847,0.044700,
0.056824,0.074172,0.140814,0.213622,0.187177,0.262003,0.437992,0.209625,0.316369,0.525153,0.541015,0.698755,0.741912,0.745040,0.704259,0.892895,0.724971,0.338409,0.143986,0.060490,0.040174,
nan,nan,nan,0.149976,0.261054,0.281760,0.165913,0.189269,0.431761,0.450616,1.178613,1.073212,0.839621,0.800575,1.057700,0.944165,0.526970,0.171339,0.069654,0.062265,0.037063,
nan,0.169424,0.285475,0.252508,0.417544,0.254755,0.565164,0.206520,0.117985,0.356694,0.125606,0.151715,0.193185,0.121902,0.183541,0.147053,0.051024,0.029576,0.438731,0.017620,0.012612,
0.239260,0.353940,0.394677,0.391047,0.325725,0.338670,0.348184,0.278294,0.261358,0.221667,0.211824,0.182163,0.161575,0.127984,0.142834,0.103463,0.125968,0.049664,0.042224,0.023532,0.011152,
0.254485,0.341670,0.350961,0.328755,0.412433,0.289600,0.283974,0.261443,0.224206,0.220034,0.235032,0.207932,0.181233,0.184124,0.126992,0.117357,0.070779,0.067111,0.036520,0.030314,0.013971,
0.275470,0.303590,0.326626,0.355464,0.337487,0.280767,0.263730,0.259977,0.282720,0.242084,0.202861,0.178864,0.165317,0.141481,0.144684,0.090220,0.071181,0.071885,0.048024,0.028913,0.021709,
0.328984,0.311458,0.311809,0.337258,0.259586,0.303211,0.255282,0.268422,0.260832,0.227360,0.200069,0.174288,0.154154,0.157458,0.124676,0.092996,0.089899,0.059216,0.056281,0.024204,0.019715,
0.261286,0.239181,0.262211,0.301076,0.216696,0.249164,0.248005,0.233462,0.230135,0.191656,0.181179,0.156017,0.147469,0.136140,0.103222,0.118988,0.087771,0.083173,0.054872,0.036520,0.028140,
0.189261,0.232466,0.211764,0.268459,0.190547,0.220268,0.211975,0.222542,0.189850,0.205498,0.168779,0.155610,0.139480,0.139658,0.113083,0.111792,0.088748,0.088609,0.056013,0.034210,0.016076,
0.520753,0.202983,0.186498,0.234803,0.173867,0.178028,0.169148,0.203859,0.173166,0.167044,0.151579,0.155611,0.140289,0.147756,0.120960,0.106743,0.099725,0.082871,0.070677,0.037802,0.017820,
0.325022,0.163160,0.162952,0.192545,0.154422,0.142970,0.174693,0.197236,0.162695,0.149735,0.148760,0.138734,0.140531,0.132431,0.122947,0.130151,0.104515,0.102964,0.070173,0.047706,0.023221,
0.146880,0.196560,0.157684,0.162724,0.137798,0.132630,0.162998,0.178913,0.147818,0.142079,0.151914,0.141990,0.143911,0.155673,0.157669,0.136105,0.118502,0.112652,0.085309,0.053555,0.026820,
0.163213,0.146245,0.127161,0.140701,0.160086,0.136476,0.146504,0.172263,0.158060,0.142507,0.174267,0.158535,0.153815,0.164486,0.154627,0.153283,0.144973,0.133718,0.107578,0.056948,0.049611,
0.443994,0.132567,0.119309,0.133369,0.172969,0.144755,0.121356,0.177137,0.187557,0.170696,0.176735,0.175439,0.177495,0.223538,0.207527,0.231818,0.205168,0.191581,0.107696,0.086600,0.036445,
0.138596,0.152982,0.115673,0.139214,0.144817,0.154132,0.126731,0.206852,0.167760,0.201064,0.199347,0.227585,0.231622,0.216423,0.248202,0.276181,0.288052,0.226200,0.156469,0.089552,0.038048,
0.094522,0.100217,0.098750,0.165520,0.153980,0.181215,0.145410,0.189886,0.244390,0.217259,0.250117,0.249171,0.274875,0.275672,0.343639,0.341925,0.340768,0.291924,0.184841,0.097950,0.044758,
0.082967,0.146924,0.177749,0.192715,0.192581,0.200493,0.193367,0.217921,0.254803,0.274473,0.277184,0.317658,0.314270,0.402012,0.435397,0.432379,0.453937,0.367701,0.192161,0.100280,0.044004,
0.065385,0.132688,0.171013,0.158483,0.173141,0.179619,0.174343,0.294860,0.389047,0.327209,0.352345,0.341100,0.430577,0.482763,0.640189,0.521048,0.520194,0.397338,0.208525,0.100137,0.065843,
0.307214,0.297983,0.107882,0.181681,0.255000,0.178806,0.226889,0.330322,0.336318,0.413896,0.406751,0.462059,0.483563,0.692865,0.676202,0.712102,0.634035,0.387339,0.202935,0.086769,0.037183,
nan,0.134459,0.267442,0.421065,0.134856,0.196431,0.217954,0.541737,0.390440,0.445364,0.444822,0.559290,0.633224,0.927678,0.777200,0.804302,0.589697,0.387733,0.147382,0.050368,0.022595,
nan,nan,0.109977,0.320201,0.114049,0.114850,0.523673,0.249509,0.596703,0.307016,0.502848,0.520094,0.372518,0.788871,0.743084,0.488284,0.519250,0.130775,0.141774,0.029425,0.003124,
nan,0.279636,0.267274,0.489421,0.402665,0.212844,0.319228,0.286159,0.281852,0.196683,0.146434,0.202511,0.113197,0.094646,0.147636,0.066164,0.201285,0.053352,0.020288,0.023665,0.009488,
0.229339,0.364596,0.410900,0.324135,0.403879,0.411350,0.284331,0.287359,0.250560,0.222300,0.259368,0.234215,0.172096,0.194580,0.109561,0.075055,0.082922,0.085087,0.053573,0.026335,0.013168,
0.433682,0.378580,0.348900,0.385451,0.323986,0.321904,0.283833,0.268896,0.255231,0.235835,0.231631,0.192101,0.204016,0.152328,0.146040,0.098978,0.079525,0.075390,0.037465,0.020334,0.016219,
0.471188,0.306056,0.344052,0.340576,0.321140,0.379608,0.280351,0.259883,0.267511,0.237934,0.196584,0.158054,0.175254,0.160011,0.134930,0.093620,0.109946,0.062278,0.065632,0.023671,0.019260,
0.242605,0.254793,0.299015,0.265573,0.298874,0.279775,0.267782,0.229073,0.254918,0.231929,0.193956,0.156274,0.161764,0.128078,0.106827,0.104184,0.077622,0.084282,0.055316,0.035804,0.035888,
0.204504,0.229547,0.288075,0.241725,0.303468,0.227639,0.234964,0.226312,0.232851,0.226948,0.161858,0.178035,0.147173,0.150528,0.118712,0.108642,0.083267,0.076149,0.046877,0.035021,0.014646,
0.178948,0.215323,0.268681,0.234563,0.297381,0.198909,0.197285,0.236558,0.192935,0.182486,0.179880,0.155358,0.139370,0.134416,0.111587,0.101104,0.114640,0.079913,0.048975,0.042009,0.022164,
0.183990,0.184136,0.287416,0.225712,0.247924,0.176522,0.179567,0.208696,0.199703,0.174878,0.168906,0.144293,0.129829,0.149825,0.129284,0.109009,0.114468,0.072872,0.054372,0.038186,0.021414,
0.211829,0.170712,0.278119,0.185994,0.211633,0.160028,0.157615,0.171354,0.170396,0.160473,0.140507,0.137144,0.132521,0.137679,0.140310,0.114809,0.113093,0.086070,0.087809,0.038417,0.022146,
0.146481,0.151037,0.194778,0.173542,0.202042,0.142022,0.148233,0.189257,0.155861,0.145614,0.145167,0.150506,0.142817,0.143632,0.143270,0.143953,0.129744,0.117823,0.075257,0.052185,0.036330,
0.170064,0.148163,0.155986,0.150810,0.157525,0.141363,0.145241,0.176893,0.158952,0.186246,0.133787,0.164436,0.151684,0.188678,0.177220,0.160129,0.171013,0.145438,0.086661,0.071486,0.036788,
0.185782,0.142744,0.145986,0.154058,0.135690,0.150898,0.149854,0.168517,0.175173,0.190307,0.171113,0.178225,0.206339,0.158899,0.223367,0.209693,0.194278,0.176611,0.117733,0.073128,0.028528,
0.280250,0.164151,0.118917,0.144348,0.134527,0.161121,0.154454,0.202682,0.169159,0.193371,0.208475,0.197801,0.210724,0.234721,0.239521,0.264591,0.224009,0.217838,0.140466,0.071361,0.041137,
0.159674,0.233778,0.111740,0.151411,0.193053,0.149169,0.173463,0.214060,0.202959,0.200352,0.225706,0.282692,0.268501,0.284093,0.316965,0.327217,0.269364,0.276280,0.147963,0.091571,0.045857,
0.243695,0.090260,0.152993,0.161730,0.179787,0.166907,0.189610,0.213546,0.223491,0.263878,0.266599,0.302507,0.324508,0.397510,0.419337,0.410614,0.369367,0.329493,0.187844,0.088764,0.069864,
0.070703,0.117695,0.132837,0.161825,0.244322,0.185017,0.215667,0.328044,0.283155,0.241526,0.356774,0.359629,0.401655,0.440089,0.480032,0.518412,0.470285,0.417639,0.204970,0.099849,0.042903,
0.087665,0.138297,0.362149,0.233701,0.216061,0.195676,0.221153,0.273984,0.354641,0.367080,0.361851,0.419056,0.602110,0.566716,0.624083,0.609057,0.478224,0.358564,0.171003,0.081282,0.026705,
0.457947,0.088793,0.178614,0.312259,0.202671,0.352584,0.281172,0.340291,0.287391,0.340164,0.438310,0.543717,0.554450,0.681947,0.615682,0.570832,0.507555,0.319990,0.168350,0.057189,0.021189,
nan,nan,0.105851,0.169678,0.218325,0.122107,0.257353,0.645146,0.350812,0.372068,0.517502,0.791950,0.397608,0.543586,0.694782,0.686972,0.440020,0.201523,0.117936,0.042215,0.031559,
nan,0.142020,0.238099,0.286979,0.199535,0.290341,0.340306,0.117771,0.362372,0.296849,0.163110,0.218496,0.210825,0.123303,0.122694,0.080032,0.051721,0.075091,0.027159,0.013734,0.007596,
0.311320,0.336029,0.333148,0.289672,0.446758,0.311539,0.256419,0.254673,0.249425,0.252034,0.209727,0.160551,0.208370,0.195333,0.120708,0.112155,0.073918,0.062752,0.043121,0.020212,0.016555,
0.289991,0.321877,0.346527,0.314417,0.295588,0.377815,0.291831,0.289072,0.288515,0.224184,0.247045,0.187670,0.165472,0.159337,0.109298,0.089450,0.104238,0.058348,0.040182,0.038997,0.012271,
0.262814,0.292686,0.320160,0.320157,0.307653,0.292300,0.280422,0.242965,0.249172,0.262485,0.223263,0.191017,0.167921,0.150788,0.104769,0.096563,0.076775,0.059980,0.069385,0.031949,0.028354,
0.286039,0.277660,0.281694,0.266823,0.358078,0.277868,0.250253,0.257321,0.211789,0.215370,0.184257,0.191229,0.162584,0.159665,0.127128,0.084536,0.086072,0.070004,0.047760,0.031345,0.015312,
0.174320,0.267302,0.269504,0.232209,0.329150,0.289085,0.212006,0.225033,0.205961,0.193307,0.229090,0.156556,0.155004,0.137768,0.111718,0.098007,0.111422,0.082205,0.044933,0.033330,0.018353,
0.155362,0.266329,0.252751,0.228014,0.255959,0.245180,0.203803,0.202519,0.204692,0.183851,0.171546,0.163735,0.144180,0.141140,0.110899,0.091038,0.124880,0.065408,0.057445,0.028212,0.019611,
0.126538,0.263232,0.197919,0.198800,0.198906,0.268848,0.181800,0.180926,0.183053,0.167192,0.150950,0.144395,0.138502,0.119836,0.113654,0.095752,0.103491,0.076297,0.078238,0.031709,0.020820,
0.098796,0.188884,0.145814,0.162131,0.171417,0.229935,0.179052,0.149690,0.174922,0.161202,0.144189,0.141207,0.142149,0.148186,0.113908,0.131137,0.112802,0.092593,0.065472,0.045800,0.025031,
0.124855,0.151376,0.134308,0.140058,0.169820,0.180635,0.154689,0.158364,0.163516,0.178274,0.135090,0.164800,0.144851,0.157319,0.148762,0.137101,0.137022,0.097434,0.073784,0.054830,0.030266,
0.145701,0.139661,0.122043,0.157863,0.149865,0.137131,0.142486,0.135678,0.148871,0.169686,0.154305,0.135182,0.175540,0.148262,0.149277,0.153766,0.145751,0.127427,0.094115,0.050549,0.037744,
0.141004,0.154683,0.110241,0.217744,0.121032,0.131684,0.150343,0.122550,0.147204,0.148456,0.154858,0.175760,0.180883,0.179068,0.202612,0.189792,0.175787,0.141699,0.114943,0.058737,0.031037,
0.101438,0.140161,0.159028,0.208491,0.122427,0.120977,0.159572,0.119694,0.160396,0.135988,0.184876,0.216747,0.194634,0.221246,0.264874,0.274137,0.222793,0.182390,0.141263,0.076037,0.036384,
0.038675,0.144291,0.221513,0.163349,0.132797,0.179812,0.188214,0.141167,0.168283,0.205202,0.215733,0.222552,0.259425,0.261600,0.283434,0.333537,0.265511,0.221616,0.155918,0.078148,0.048554,
0.072440,0.130621,0.105095,0.143468,0.148628,0.198350,0.156369,0.178570,0.173349,0.232933,0.265559,0.273304,0.340793,0.299540,0.372999,0.348783,0.337889,0.273154,0.193396,0.088397,0.036430,
0.091399,0.119814,0.163711,0.149496,0.166744,0.226484,0.190910,0.202861,0.226669,0.277374,0.310582,0.393413,0.381595,0.471753,0.524799,0.437228,0.390852,0.304226,0.177959,0.084316,0.039963,
0.098298,0.128006,0.100240,0.216228,0.264426,0.192030,0.211262,0.271583,0.281592,0.333641,0.447508,0.380520,0.425595,0.588081,0.547515,0.539943,0.425786,0.291748,0.182838,0.079639,0.021286,
nan,0.100654,0.153486,0.279278,0.186361,0.181661,0.251174,0.374887,0.302082,0.431837,0.540837,0.604099,0.616697,0.651476,0.630615,0.649668,0.493509,0.260839,0.116547,0.038209,0.017384,
nan,0.055714,nan,0.400834,0.117578,0.329458,0.740085,0.528624,0.488513,1.089804,0.579773,0.438746,1.005960,0.522020,0.420480,0.469169,0.523158,0.118106,0.053686,0.062133,0.007439,
nan,0.445879,0.359174,0.297047,0.382409,0.324532,0.330533,0.352839,0.205456,0.184838,0.233208,0.275491,0.130555,0.362263,0.100548,0.130348,0.098224,0.044187,0.023386,0.013285,0.026447,
0.396889,0.368896,0.391336,0.384336,0.341970,0.304109,0.294940,0.305475,0.241045,0.218400,0.215241,0.195214,0.153180,0.132323,0.142825,0.102159,0.064037,0.114003,0.036841,0.034981,0.023021,
0.437452,0.268417,0.347187,0.338448,0.364281,0.317111,0.290910,0.231772,0.259976,0.194370,0.231125,0.187543,0.200245,0.125174,0.121287,0.096002,0.152528,0.076095,0.052719,0.023067,0.012957,
0.358268,0.333805,0.346416,0.283446,0.402176,0.310242,0.244182,0.246259,0.264555,0.232776,0.205513,0.186334,0.158402,0.122572,0.130780,0.097632,0.088090,0.066621,0.052735,0.021936,0.020288,
0.279211,0.323886,0.273518,0.257642,0.334789,0.322341,0.240681,0.229771,0.223659,0.233194,0.233443,0.183703,0.141744,0.171189,0.116973,0.097694,0.084986,0.083162,0.042896,0.030082,0.012993,
0.162269,0.310108,0.277285,0.288324,0.305466,0.271753,0.228607,0.247818,0.233003,0.212780,0.168644,0.186144,0.142854,0.137956,0.106410,0.089617,0.116556,0.060486,0.046455,0.030729,0.018633,
0.138266,0.285306,0.248835,0.255161,0.238338,0.226695,0.195438,0.227928,0.195052,0.184228,0.173072,0.158430,0.142637,0.125863,0.120524,0.091485,0.092468,0.074545,0.058328,0.030418,0.019219,
0.149470,0.241198,0.223923,0.203733,0.190738,0.183430,0.199545,0.178498,0.163370,0.168585,0.178768,0.146755,0.133949,0.134392,0.095925,0.112322,0.103437,0.071563,0.054071,0.032795,0.020702,
0.234057,0.187475,0.176272,0.169263,0.164704,0.164657,0.158793,0.161775,0.148844,0.184456,0.151785,0.148549,0.148190,0.133358,0.123239,0.107885,0.111499,0.077236,0.066433,0.040514,0.024423,
0.115050,0.223581,0.146224,0.145464,0.162775,0.138622,0.162555,0.139491,0.155835,0.132524,0.159140,0.137060,0.144205,0.131192,0.135521,0.112083,0.124138,0.102748,0.072636,0.040276,0.027044,
0.123684,0.115354,0.159282,0.138207,0.206443,0.127963,0.170441,0.145698,0.125661,0.114425,0.140511,0.143277,0.142956,0.150211,0.157449,0.162671,0.125602,0.115398,0.098490,0.051587,0.027281,
0.143824,0.141859,0.141376,0.172366,0.133895,0.115101,0.161116,0.135071,0.186753,0.157290,0.170546,0.178991,0.153673,0.196390,0.228249,0.200845,0.175303,0.140576,0.131972,0.058947,0.031463,
0.110236,0.122540,0.163321,0.175537,0.132944,0.120282,0.172599,0.141145,0.189530,0.193096,0.207788,0.183757,0.198023,0.206180,0.209918,0.208069,0.197526,0.164182,0.124128,0.071806,0.028681,
0.195949,0.117083,0.121437,0.162573,0.117920,0.147287,0.158411,0.195680,0.188737,0.219208,0.222869,0.284604,0.262189,0.255108,0.303188,0.261926,0.247721,0.186166,0.133971,0.060199,0.050650,
0.178036,0.101032,0.119443,0.152361,0.168800,0.132455,0.155078,0.206247,0.208075,0.226277,0.269543,0.370589,0.287719,0.286004,0.373631,0.328228,0.304422,0.235089,0.153674,0.092461,0.052737,
0.129639,0.113468,0.156979,0.146189,0.142639,0.153352,0.176403,0.219345,0.264150,0.219110,0.362666,0.353566,0.323389,0.343623,0.362425,0.364690,0.344627,0.276032,0.143465,0.097880,0.032466,
0.348469,0.320674,0.164788,0.115990,0.161823,0.203981,0.213264,0.253549,0.254515,0.304057,0.363644,0.404707,0.463305,0.472589,0.441456,0.431041,0.436543,0.309546,0.142425,0.060462,0.024468,
0.130769,0.142482,0.161379,0.273210,0.455560,0.154461,0.221010,0.310819,0.299601,0.459830,0.372141,0.416425,0.425041,0.586908,0.529960,0.490558,0.397895,0.253571,0.100304,0.044536,0.013783,
nan,0.123686,nan,1.548927,0.176461,0.227837,0.158689,0.236877,0.275275,0.415549,0.297308,0.495164,0.475845,0.691779,0.622462,0.562527,0.290321,0.320430,0.028834,0.010026,0.019594,
nan,0.613265,0.245839,0.354637,0.472390,0.490453,0.283002,0.345622,0.270411,0.173386,0.443439,0.298669,0.223055,0.172969,0.199832,0.159926,0.040868,0.382223,0.068436,0.020440,0.009913,
0.583704,0.349431,0.359728,0.337728,0.323499,0.337486,0.265155,0.277263,0.240766,0.257639,0.282749,0.219147,0.194018,0.195673,0.124751,0.144731,0.098248,0.065283,0.026274,0.018059,0.030997,
0.409419,0.412813,0.352384,0.311271,0.361936,0.293169,0.289434,0.272532,0.242498,0.270530,0.241905,0.200372,0.160216,0.134754,0.123723,0.089465,0.060277,0.056785,0.057245,0.025802,0.020512,
0.334319,0.327222,0.305037,0.293535,0.374740,0.333589,0.262070,0.270183,0.246584,0.228723,0.277513,0.196212,0.153485,0.163191,0.129496,0.078366,0.082300,0.060605,0.066367,0.038838,0.018922,
0.288877,0.345217,0.315295,0.327038,0.323732,0.271285,0.259639,0.257207,0.250117,0.233908,0.194104,0.194923,0.167243,0.126232,0.110841,0.097881,0.078531,0.058180,0.040505,0.039203,0.018605,
0.241300,0.287016,0.250818,0.324438,0.230615,0.255511,0.229904,0.227935,0.205804,0.200782,0.201346,0.164321,0.143068,0.147786,0.143303,0.096276,0.086509,0.070282,0.073341,0.030743,0.017046,
0.202124,0.244419,0.222357,0.258880,0.230506,0.245871,0.210856,0.212798,0.195520,0.203195,0.182468,0.155583,0.158139,0.133924,0.104715,0.106472,0.092015,0.065295,0.046906,0.025072,0.016969,
0.200294,0.241049,0.204560,0.219655,0.211219,0.188955,0.193575,0.180780,0.173650,0.169423,0.143391,0.146731,0.147528,0.120424,0.127622,0.112285,0.091087,0.066429,0.055939,0.032173,0.022861,
0.130711,0.238621,0.163551,0.179435,0.161309,0.166476,0.146842,0.170983,0.163627,0.125419,0.143244,0.130891,0.142581,0.132381,0.124419,0.097542,0.105484,0.085089,0.060291,0.033066,0.022911,
0.201134,0.188658,0.138192,0.140851,0.148729,0.175491,0.155008,0.159669,0.156657,0.123441,0.153241,0.121660,0.146536,0.118556,0.136256,0.127319,0.111776,0.095745,0.072037,0.036331,0.021388,
0.110591,0.186153,0.134187,0.131381,0.143727,0.126713,0.139852,0.116080,0.201597,0.148944,0.141160,0.156009,0.154152,0.138496,0.172910,0.159372,0.141760,0.104365,0.111049,0.042921,0.032792,
0.468107,0.127212,0.137238,0.130953,0.172462,0.144414,0.125341,0.129436,0.159721,0.157163,0.148972,0.149246,0.192821,0.143447,0.187732,0.164816,0.158647,0.125407,0.088864,0.054782,0.026595,
0.063788,0.122391,0.119433,0.157544,0.178888,0.123916,0.134678,0.141422,0.153033,0.185548,0.150045,0.199507,0.218320,0.188292,0.246842,0.208991,0.174733,0.158510,0.102524,0.049321,0.030362,
0.179451,0.158068,0.134396,0.179742,0.182987,0.134881,0.186142,0.134519,0.156802,0.179145,0.190614,0.199729,0.187633,0.226274,0.257307,0.241079,0.242486,0.180061,0.118655,0.071462,0.065821,
0.183733,0.146693,0.210509,0.159573,0.177720,0.181150,0.264896,0.151909,0.225993,0.242439,0.177762,0.219591,0.274008,0.286274,0.259395,0.276441,0.267971,0.218449,0.128689,0.072950,0.039525,
0.634665,0.162075,0.215380,0.188495,0.159123,0.144442,0.222212,0.164533,0.201544,0.242751,0.243485,0.254912,0.390254,0.317308,0.353104,0.350696,0.287409,0.280837,0.131746,0.068733,0.053474,
0.097125,0.234533,0.177458,0.150830,0.110758,0.292173,0.190625,0.186285,0.314643,0.348791,0.303883,0.381818,0.396417,0.404973,0.428109,0.389888,0.308544,0.246787,0.140937,0.062656,0.035773,
nan,0.185547,0.304910,0.108698,0.148387,0.220040,0.289614,0.373432,0.352077,0.344019,0.348465,0.515278,0.376288,0.407998,0.396103,0.358733,0.363963,0.220564,0.109848,0.037066,0.018816,
nan,1.029849,nan,0.131111,0.150477,0.155298,0.198634,0.271519,0.255909,0.391733,0.723542,0.454426,0.355692,0.314838,0.417218,0.306907,0.187974,0.094741,0.048254,0.037065,0.032451,
nan,0.339520,0.224337,0.296661,0.312150,0.362637,0.328324,0.258838,0.134134,0.446302,0.192764,0.176674,0.153463,0.080973,0.250308,0.101979,0.091783,0.181009,0.047041,0.018553,0.004886,
0.272132,0.381198,0.373838,0.320110,0.407796,0.343671,0.287518,0.299109,0.266134,0.228296,0.213721,0.244892,0.193885,0.148446,0.135467,0.093672,0.080078,0.055752,0.033201,0.037194,0.011984,
0.236277,0.266517,0.346257,0.398909,0.376992,0.290926,0.267596,0.261962,0.272581,0.225970,0.216612,0.191909,0.150244,0.171174,0.103057,0.096203,0.077525,0.057605,0.051333,0.025239,0.029195,
0.435042,0.333771,0.341182,0.347039,0.367502,0.294663,0.280814,0.258083,0.243485,0.238266,0.211570,0.209078,0.158106,0.190879,0.115230,0.094065,0.084084,0.076366,0.043981,0.026200,0.011715,
0.325993,0.254206,0.279377,0.314134,0.273753,0.275210,0.224854,0.250515,0.244079,0.218002,0.186048,0.167012,0.137863,0.116699,0.145214,0.095742,0.092057,0.057388,0.058333,0.022276,0.015355,
0.268099,0.231111,0.258874,0.271793,0.242606,0.303674,0.233628,0.247825,0.248267,0.242724,0.166120,0.174163,0.162755,0.119370,0.109945,0.098066,0.082923,0.063492,0.059068,0.028478,0.015491,
0.162711,0.215455,0.237992,0.255815,0.213599,0.215223,0.217733,0.206081,0.193345,0.184503,0.163316,0.157636,0.151351,0.128792,0.127758,0.110760,0.079006,0.069282,0.052250,0.029319,0.020210,
0.094217,0.196703,0.243620,0.219000,0.204410,0.187714,0.188773,0.164992,0.188458,0.147364,0.164882,0.144060,0.130797,0.120299,0.128383,0.094313,0.091023,0.077358,0.062073,0.027378,0.022419,
0.112113,0.194668,0.220074,0.216047,0.200362,0.175871,0.185305,0.144459,0.177945,0.148182,0.153450,0.142001,0.131078,0.118217,0.120975,0.121242,0.093337,0.084493,0.065917,0.028225,0.016836,
0.218719,0.183074,0.186522,0.189780,0.171001,0.147002,0.153372,0.136942,0.149961,0.154521,0.126633,0.134152,0.154349,0.116605,0.134753,0.138104,0.107190,0.076969,0.087046,0.040734,0.028378,
0.143925,0.199820,0.179616,0.172204,0.125733,0.123998,0.126583,0.156097,0.145417,0.149713,0.121913,0.125203,0.181700,0.129478,0.173542,0.144155,0.127813,0.111316,0.069624,0.040637,0.017944,
0.136054,0.154646,0.170062,0.119975,0.125516,0.129889,0.145150,0.136658,0.128696,0.141987,0.136584,0.133518,0.164735,0.175934,0.177475,0.184929,0.133079,0.119811,0.073859,0.055399,0.030460,
0.074739,0.095488,0.134414,0.113642,0.126887,0.133342,0.148789,0.154185,0.148330,0.144821,0.134245,0.160582,0.191239,0.207232,0.165891,0.197899,0.183698,0.145337,0.102775,0.045927,0.048576,
0.165311,0.091607,0.179881,0.160703,0.121248,0.134425,0.146827,0.162018,0.195503,0.189769,0.179197,0.223652,0.241812,0.222052,0.206773,0.240696,0.200944,0.162275,0.110804,0.068757,0.040605,
0.063706,0.104752,0.142832,0.152440,0.129126,0.153912,0.166106,0.178451,0.177306,0.170190,0.226608,0.233711,0.228236,0.312753,0.281216,0.284960,0.219992,0.187496,0.105936,0.069641,0.040503,
1.370283,0.256716,0.147461,0.254309,0.157126,0.169277,0.187302,0.193146,0.289531,0.229211,0.260571,0.308685,0.297820,0.316360,0.297729,0.296048,0.272175,0.227108,0.126990,0.052441,0.053423,
0.063011,0.342891,0.144755,0.154880,0.227056,0.181820,0.281765,0.182199,0.249775,0.247653,0.337628,0.339256,0.313026,0.309116,0.316877,0.281118,0.290251,0.244659,0.120714,0.066098,0.067976,
0.084180,0.152321,0.109570,0.194658,0.197875,0.163253,0.189980,0.236116,0.390082,0.489608,0.335976,0.342624,0.420132,0.401952,0.449502,0.367229,0.258598,0.207765,0.064158,0.076562,0.013082,
nan,nan,0.263387,0.379044,0.167171,0.711155,0.211199,0.178529,0.778879,0.515420,0.262175,0.840566,0.470606,0.247115,0.323079,0.220562,0.267295,0.067500,0.044105,0.018957,0.004764,
nan,0.276414,0.456398,0.376117,0.266542,0.285549,0.398502,0.246828,0.294108,0.344913,0.178757,0.132995,0.202234,0.074830,0.165347,0.099690,0.068562,0.030366,0.036522,0.019188,0.008852,
0.567564,0.384408,0.360278,0.282983,0.315749,0.374282,0.285055,0.279538,0.335776,0.196934,0.177541,0.187373,0.193829,0.168498,0.123604,0.104329,0.076559,0.067219,0.027421,0.016362,0.019912,
0.625021,0.392768,0.319959,0.326149,0.369408,0.343100,0.297698,0.258864,0.307144,0.250110,0.192075,0.218685,0.166097,0.125128,0.137748,0.093946,0.083512,0.064737,0.043603,0.024693,0.020033,
0.485722,0.321712,0.306018,0.336703,0.294081,0.297580,0.260999,0.254747,0.249265,0.268931,0.224226,0.170867,0.185264,0.125532,0.114242,0.088470,0.074331,0.056596,0.046021,0.030154,0.015469,
0.449361,0.314036,0.302351,0.293418,0.250657,0.298685,0.265007,0.222484,0.282704,0.238259,0.187136,0.176855,0.172899,0.161688,0.110796,0.096312,0.087104,0.045860,0.037340,0.030634,0.011877,
0.365191,0.265859,0.314185,0.276389,0.266747,0.243574,0.260910,0.236876,0.232265,0.202960,0.191809,0.164377,0.138868,0.147120,0.118208,0.089776,0.078017,0.076224,0.042154,0.028550,0.016585,
0.285939,0.261821,0.250385,0.240267,0.243732,0.245203,0.220357,0.183823,0.207362,0.174095,0.182126,0.161886,0.134328,0.117164,0.109742,0.099337,0.077590,0.066967,0.046364,0.029485,0.014927,
0.215842,0.252999,0.219362,0.210954,0.205835,0.194994,0.209146,0.157235,0.178193,0.166329,0.168990,0.147399,0.144867,0.132301,0.112006,0.096168,0.091538,0.082096,0.064481,0.026870,0.021365,
0.150356,0.153551,0.194353,0.234248,0.172937,0.160609,0.178534,0.178637,0.153705,0.140438,0.139101,0.129718,0.127071,0.111931,0.114674,0.125878,0.091322,0.067485,0.056025,0.034987,0.021950,
0.093249,0.128217,0.157128,0.169702,0.154900,0.131601,0.139824,0.152123,0.139249,0.158563,0.157699,0.134799,0.146216,0.123176,0.133776,0.126092,0.099328,0.086008,0.059888,0.028965,0.018033,
0.123056,0.115790,0.183543,0.170530,0.139561,0.129512,0.144287,0.145762,0.132326,0.124936,0.129516,0.122634,0.129334,0.184213,0.153748,0.152052,0.125468,0.093414,0.065235,0.046444,0.025486,
0.137227,0.132912,0.145646,0.179026,0.139143,0.153783,0.145220,0.128967,0.163584,0.138031,0.115590,0.147593,0.160951,0.180655,0.130806,0.147732,0.130519,0.109962,0.069447,0.065599,0.024832,
0.244843,0.131653,0.167572,0.156604,0.141180,0.162048,0.166644,0.137127,0.145038,0.167033,0.152317,0.168817,0.156363,0.197513,0.168892,0.209342,0.167381,0.129740,0.097977,0.047634,0.034753,
0.075778,0.131869,0.230361,0.128871,0.141001,0.138709,0.147477,0.142650,0.136186,0.173928,0.200008,0.166571,0.158130,0.184836,0.239291,0.206587,0.178251,0.144290,0.103911,0.060881,0.030278,
0.111405,0.160382,0.139365,0.121486,0.188542,0.180184,0.222913,0.177372,0.172552,0.203046,0.197300,0.179575,0.225871,0.265770,0.226740,0.204373,0.218735,0.165026,0.110046,0.055954,0.028030,
2.198499,0.124949,0.176824,0.113120,0.234152,0.230902,0.169808,0.199231,0.256376,0.224231,0.285782,0.218798,0.208286,0.276468,0.240076,0.274360,0.200681,0.230914,0.126880,0.055848,0.029116,
0.080099,0.093497,0.231164,0.224014,0.159694,0.160087,0.184516,0.191886,0.213970,0.254668,0.294543,0.251290,0.291983,0.346955,0.301142,0.349878,0.267750,0.211975,0.080435,0.051559,0.039953,
0.536229,0.506399,0.203017,0.151210,0.207443,0.227517,0.144315,0.321266,0.281204,0.334590,0.255570,0.232080,0.357901,0.396755,0.340478,0.335393,0.297705,0.205783,0.091047,0.050175,0.007140,
nan,nan,0.239044,0.274675,nan,0.125905,0.146604,0.213646,0.235279,0.399505,0.434983,0.381528,0.200961,0.681423,0.598595,0.274439,0.124897,0.093494,0.073238,0.100074,0.113333,
nan,0.379383,0.206361,0.304756,0.187120,0.280760,0.268212,0.229653,0.280773,0.169481,0.302483,0.196982,0.158327,0.082065,0.095007,0.077004,0.054412,0.030462,0.025981,0.014652,0.011870,
0.388181,0.323999,0.352226,0.293427,0.297886,0.316050,0.300804,0.278550,0.222086,0.233223,0.211441,0.214540,0.161059,0.119148,0.124327,0.074059,0.109989,0.114348,0.049560,0.023337,0.013285,
0.472068,0.346841,0.352801,0.373021,0.410527,0.346339,0.258361,0.290725,0.213296,0.267945,0.259155,0.228539,0.144375,0.161390,0.115473,0.096807,0.094789,0.053571,0.053475,0.027513,0.015785,
0.288664,0.309780,0.370957,0.308050,0.298692,0.308313,0.274975,0.269261,0.271278,0.234024,0.203719,0.187719,0.144018,0.125796,0.142835,0.089717,0.063626,0.055963,0.044659,0.026798,0.015528,
0.294681,0.312072,0.316385,0.313942,0.279813,0.328025,0.290227,0.273392,0.241287,0.221444,0.202136,0.178763,0.171828,0.129801,0.128879,0.104639,0.091161,0.067518,0.053273,0.026049,0.017665,
0.250846,0.297427,0.264091,0.253630,0.270738,0.277285,0.240231,0.208232,0.208478,0.187936,0.170470,0.171143,0.160014,0.136415,0.118805,0.097319,0.087931,0.058134,0.060075,0.027486,0.018106,
0.206216,0.220497,0.253846,0.259495,0.225218,0.200557,0.263190,0.171271,0.184462,0.173279,0.170151,0.162231,0.142777,0.145621,0.107222,0.106664,0.075464,0.069342,0.055151,0.023983,0.017953,
0.228850,0.198265,0.252765,0.233588,0.192033,0.189180,0.200422,0.208489,0.173370,0.154697,0.150690,0.133988,0.116917,0.124106,0.118323,0.124064,0.082149,0.063636,0.054820,0.036562,0.015441,
0.186181,0.193593,0.163276,0.194213,0.161945,0.180067,0.175469,0.186495,0.164198,0.177423,0.129719,0.150650,0.145008,0.117180,0.110414,0.113018,0.101533,0.063492,0.044869,0.025247,0.023180,
0.131536,0.143466,0.147857,0.178146,0.158048,0.167369,0.182213,0.154270,0.133628,0.135399,0.117283,0.127261,0.126644,0.144588,0.136172,0.126214,0.106114,0.067269,0.050353,0.049684,0.017589,
0.117310,0.136083,0.145580,0.134986,0.150718,0.166516,0.143612,0.139367,0.147262,0.147547,0.133611,0.111482,0.126744,0.133029,0.126649,0.115460,0.109859,0.082908,0.066346,0.052898,0.020960,
0.196381,0.096509,0.180862,0.126516,0.151239,0.151237,0.129280,0.164662,0.135417,0.136795,0.127359,0.129418,0.116646,0.138185,0.148323,0.132961,0.121147,0.115900,0.080865,0.043973,0.023751,
0.085254,0.113912,0.170189,0.194322,0.138546,0.157111,0.131661,0.164742,0.135254,0.155193,0.150146,0.129087,0.137323,0.186567,0.178871,0.158982,0.181333,0.115418,0.085966,0.062377,0.023507,
0.067366,0.127553,0.305859,0.124730,0.184528,0.151034,0.143356,0.153729,0.164374,0.167048,0.170593,0.146096,0.161357,0.220247,0.176762,0.150423,0.175438,0.114047,0.094132,0.037957,0.049235,
0.105793,0.202892,0.128235,0.219180,0.161120,0.142013,0.137893,0.171971,0.178394,0.182525,0.192469,0.209685,0.165606,0.201348,0.211863,0.206945,0.172968,0.147260,0.092867,0.050519,0.020596,
0.118323,0.129048,0.254724,0.131955,0.175681,0.190385,0.154473,0.187305,0.266996,0.168404,0.227587,0.214260,0.215162,0.205535,0.280304,0.232515,0.209589,0.182178,0.112917,0.057675,0.026393,
0.084902,0.225423,0.123677,0.196045,0.201094,0.198510,0.171869,0.241138,0.282069,0.263644,0.186257,0.237276,0.263271,0.285843,0.322213,0.294383,0.207231,0.167600,0.102627,0.038031,0.024498,
1.607486,0.119081,0.282976,0.190459,0.205806,0.398917,0.301519,0.343845,0.246419,0.243979,0.204057,0.295508,0.248965,0.418703,0.326036,0.253248,0.238073,0.134787,0.077792,0.054180,0.003857,
nan,0.165722,0.127996,nan,0.170946,0.231849,0.046633,0.133816,0.178972,0.140084,0.254904,0.221832,0.198560,0.401149,0.169031,0.275763,0.218261,0.090283,0.042104,0.016470,0.002670,
nan,0.359745,0.347572,0.402089,0.298245,0.438182,0.250163,0.222254,0.298780,0.350449,0.330338,0.121780,0.213697,0.150314,0.135305,0.076820,0.088077,0.058525,0.022915,0.014086,0.009060,
0.789024,0.331320,0.293886,0.376314,0.296999,0.367652,0.335025,0.259163,0.242889,0.241888,0.221711,0.173601,0.194978,0.126765,0.153400,0.115882,0.221020,0.074043,0.035009,0.022159,0.015859,
0.735774,0.344252,0.315163,0.321575,0.282967,0.309746,0.259572,0.256226,0.269530,0.214542,0.215740,0.213442,0.198306,0.169666,0.126900,0.091400,0.082228,0.059213,0.048844,0.041451,0.017714,
0.382793,0.290515,0.311598,0.327746,0.262908,0.331672,0.343659,0.256183,0.255300,0.213237,0.214191,0.177617,0.145770,0.145032,0.121360,0.096111,0.074633,0.043242,0.043352,0.020147,0.031040,
0.193311,0.303526,0.281596,0.285603,0.284709,0.290026,0.251316,0.240638,0.256733,0.214026,0.228748,0.184457,0.173389,0.143290,0.113707,0.096520,0.078508,0.063387,0.048016,0.024794,0.014556,
0.147983,0.268465,0.282281,0.286841,0.266400,0.244205,0.243492,0.213717,0.220657,0.215222,0.194168,0.174276,0.127419,0.142035,0.124861,0.090753,0.077753,0.060988,0.034753,0.026747,0.014777,
0.171031,0.276981,0.260887,0.243944,0.229430,0.250097,0.222954,0.216546,0.211623,0.174045,0.194167,0.150815,0.133389,0.114253,0.140789,0.106420,0.077942,0.064810,0.082286,0.026918,0.016900,
0.175079,0.216786,0.210194,0.240576,0.216337,0.211563,0.201094,0.200270,0.197740,0.173048,0.136344,0.150168,0.128491,0.107865,0.116979,0.111012,0.119366,0.058985,0.046364,0.021436,0.017688,
0.083147,0.180926,0.217980,0.234591,0.206217,0.170940,0.221825,0.173059,0.142175,0.139322,0.131094,0.133351,0.153681,0.140113,0.126246,0.102058,0.089034,0.082755,0.045563,0.038203,0.016526,
0.125154,0.151160,0.149061,0.192017,0.149327,0.174513,0.149665,0.163093,0.144952,0.137304,0.145190,0.111499,0.117676,0.139536,0.128025,0.099331,0.090229,0.075689,0.044259,0.027745,0.018346,
0.104050,0.148558,0.185240,0.150449,0.157249,0.181599,0.130111,0.131707,0.122741,0.150666,0.139178,0.121627,0.107406,0.122630,0.126286,0.120558,0.099120,0.084233,0.073122,0.036120,0.022205,
0.068732,0.135221,0.174689,0.133066,0.160650,0.179702,0.135445,0.142887,0.128898,0.179053,0.146765,0.127466,0.114954,0.136319,0.156895,0.121328,0.136085,0.095829,0.061519,0.044420,0.025888,
0.122232,0.137908,0.183262,0.109517,0.163524,0.164110,0.149582,0.127168,0.161771,0.144397,0.144506,0.122775,0.141827,0.160193,0.174079,0.135885,0.129501,0.114756,0.067961,0.048064,0.028248,
0.124654,0.098269,0.109869,0.169822,0.159117,0.171692,0.136792,0.130370,0.171627,0.180691,0.142704,0.155502,0.141926,0.182971,0.183968,0.135724,0.147155,0.099490,0.087130,0.037962,0.040336,
0.072540,0.246391,0.148363,0.112351,0.147078,0.191082,0.168177,0.139255,0.194609,0.167038,0.178659,0.173286,0.180941,0.180581,0.203924,0.163149,0.215780,0.134454,0.098277,0.048460,0.036630,
0.117385,0.108630,0.149183,0.206987,0.149368,0.205378,0.172946,0.150557,0.209970,0.198025,0.213668,0.176018,0.232849,0.222124,0.224109,0.273424,0.207243,0.129797,0.086410,0.049305,0.022398,
nan,0.119893,0.143830,0.213746,0.252617,0.180247,0.166334,0.187673,0.186685,0.195899,0.198158,0.218285,0.283832,0.244847,0.213062,0.203679,0.198448,0.117061,0.102894,0.027283,0.018878,
nan,0.226123,0.140391,0.136628,0.114307,0.206889,0.160394,0.196821,0.173128,0.226511,0.286934,0.301037,0.322235,0.365947,0.191783,0.186404,0.212119,0.148862,0.055409,0.060411,0.009607,
nan,0.139836,0.165600,0.473294,0.729214,nan,0.124094,0.995235,0.260959,0.149823,0.271138,0.163332,0.295915,0.222121,0.234144,0.194785,0.324102,0.132174,0.041225,0.011152,0.005609,
nan,0.435693,0.362199,0.384487,0.521509,0.502801,0.169664,0.234447,0.245841,0.226010,0.229052,0.211527,0.100737,0.248150,0.063877,0.048000,0.095259,0.424326,0.018903,0.023587,0.011783,
0.681715,0.360407,0.386985,0.388521,0.409389,0.312934,0.313380,0.319563,0.241065,0.238128,0.203863,0.254762,0.175680,0.174206,0.096389,0.079705,0.070782,0.074771,0.039251,0.024556,0.012165,
0.291549,0.289722,0.379843,0.294827,0.299342,0.334926,0.352615,0.247712,0.249794,0.273692,0.246201,0.181706,0.174738,0.160053,0.119333,0.103465,0.081635,0.084751,0.066194,0.024943,0.011262,
0.165098,0.352465,0.328445,0.313009,0.281194,0.351764,0.285669,0.267760,0.299608,0.234847,0.192270,0.203592,0.178534,0.153614,0.113890,0.079177,0.070969,0.053455,0.043662,0.046399,0.012746,
0.340620,0.341922,0.297846,0.335714,0.309091,0.278619,0.277319,0.246084,0.212494,0.184726,0.208598,0.193115,0.154845,0.142741,0.114288,0.091649,0.089934,0.055059,0.039447,0.029745,0.011498,
0.209431,0.330971,0.268932,0.292669,0.264486,0.265852,0.252158,0.190029,0.185377,0.213204,0.179357,0.182981,0.138138,0.130172,0.116300,0.084633,0.086027,0.058248,0.063684,0.023270,0.015329,
0.283483,0.257734,0.233455,0.263361,0.222701,0.234644,0.210534,0.209651,0.215589,0.193346,0.142550,0.162998,0.137287,0.117691,0.120275,0.087295,0.081950,0.063135,0.033896,0.030389,0.020806,
0.182140,0.219993,0.214032,0.202747,0.183050,0.226045,0.244337,0.197516,0.162324,0.176154,0.138561,0.162680,0.153341,0.142406,0.110545,0.098507,0.083570,0.053708,0.043793,0.033532,0.015856,
0.132952,0.196345,0.173698,0.160775,0.183375,0.186973,0.176788,0.177082,0.161232,0.149647,0.145967,0.122937,0.106656,0.123754,0.118637,0.091088,0.079320,0.067230,0.044142,0.028203,0.016212,
0.151349,0.127708,0.150759,0.149868,0.163291,0.144815,0.155372,0.147642,0.139259,0.126767,0.163144,0.128622,0.112213,0.122327,0.106658,0.100386,0.069484,0.066233,0.055856,0.030256,0.016829,
0.175256,0.143110,0.134827,0.160094,0.137882,0.137508,0.148555,0.161847,0.126583,0.131712,0.152246,0.123518,0.104742,0.115802,0.127262,0.127150,0.100266,0.067672,0.058295,0.042656,0.020257,
0.098103,0.130924,0.135257,0.159379,0.139329,0.142962,0.129127,0.123356,0.125121,0.131487,0.130356,0.109448,0.145213,0.124072,0.163243,0.132793,0.110220,0.094174,0.064961,0.033336,0.028120,
0.106183,0.131928,0.130321,0.137035,0.155128,0.150148,0.126029,0.130313,0.121816,0.197639,0.140969,0.138867,0.142980,0.150400,0.115051,0.138825,0.115961,0.087994,0.060206,0.044091,0.023406,
0.085794,0.220843,0.147773,0.139343,0.153111,0.136874,0.122822,0.144551,0.136363,0.153110,0.176011,0.161976,0.167633,0.162809,0.160615,0.125139,0.163574,0.091583,0.079839,0.037999,0.019167,
0.155082,0.145353,0.128840,0.129627,0.157639,0.140558,0.144719,0.131419,0.194989,0.167160,0.182359,0.159034,0.218965,0.190224,0.166312,0.160416,0.185072,0.113459,0.084735,0.055204,0.050292,
0.119453,0.202248,0.233213,0.100270,0.176939,0.175692,0.204191,0.213472,0.184041,0.187248,0.195764,0.181906,0.213670,0.249236,0.202015,0.166680,0.167632,0.140887,0.079689,0.039528,0.021763,
0.343039,0.160604,0.287384,0.132580,0.155196,0.163827,0.141540,0.185167,0.213333,0.167232,0.225002,0.221173,0.225712,0.305717,0.230778,0.163808,0.177789,0.164422,0.079184,0.027556,0.011254,
0.100266,0.344112,0.122375,0.120350,0.201135,0.144633,0.204763,0.266579,0.196958,0.270706,0.183568,0.252591,0.193471,0.191464,0.325209,0.204640,0.163952,0.146452,0.070729,0.046196,0.011902,
nan,0.239887,nan,0.114779,0.098643,0.160139,nan,0.194893,nan,0.256318,0.414827,0.151749,0.258926,0.216432,0.533713,0.255577,0.121751,0.048780,0.045403,0.116618,0.012721,
nan,0.577519,0.452053,0.312997,0.412420,0.320440,0.344140,0.259814,0.331790,0.209018,0.325552,0.144603,0.172937,0.106302,0.075870,0.100218,0.155506,0.058881,0.158537,0.024376,0.042942,
0.431714,0.381527,0.315597,0.404967,0.343954,0.266086,0.291077,0.299206,0.310745,0.224220,0.251495,0.206451,0.183773,0.187340,0.119295,0.083429,0.091890,0.039957,0.066248,0.021332,0.014377,
0.392329,0.441504,0.324858,0.322617,0.303887,0.329184,0.258066,0.295971,0.272699,0.246550,0.173525,0.181919,0.197572,0.124954,0.101427,0.099787,0.070411,0.050793,0.031701,0.024130,0.006933,
0.600645,0.307556,0.336413,0.329470,0.320962,0.268547,0.310704,0.289044,0.250800,0.228287,0.209214,0.199176,0.174957,0.132493,0.135180,0.100944,0.080111,0.065030,0.053806,0.029709,0.017037,
0.255919,0.326997,0.272589,0.310567,0.292666,0.280564,0.275962,0.241905,0.274348,0.194287,0.179830,0.185270,0.144246,0.144481,0.113330,0.117458,0.089635,0.051493,0.043265,0.020733,0.017391,
0.477108,0.301196,0.266301,0.256187,0.237178,0.273720,0.255575,0.249583,0.229577,0.182932,0.184622,0.214978,0.140289,0.114599,0.118179,0.096073,0.075555,0.074243,0.044797,0.033956,0.011460,
0.255595,0.274679,0.245330,0.253373,0.222759,0.240250,0.239631,0.224696,0.187472,0.202070,0.183842,0.146223,0.138455,0.124693,0.111122,0.107178,0.091378,0.047782,0.065187,0.026878,0.017636,
0.205477,0.224899,0.236509,0.243258,0.247993,0.215498,0.196256,0.182033,0.178933,0.162990,0.157162,0.140629,0.132158,0.115905,0.122915,0.109718,0.079515,0.062180,0.040639,0.019925,0.015439,
0.221252,0.198270,0.205692,0.207768,0.192575,0.168820,0.184703,0.153926,0.158294,0.127009,0.165051,0.121539,0.112453,0.137537,0.114573,0.099931,0.093986,0.063297,0.038230,0.031829,0.015507,
0.165886,0.210266,0.157742,0.167075,0.177247,0.152258,0.135935,0.160277,0.160517,0.139212,0.135785,0.130567,0.097409,0.101130,0.091595,0.095634,0.084311,0.060021,0.039994,0.030994,0.023472,
0.108292,0.154813,0.151650,0.191449,0.186692,0.202851,0.142107,0.140956,0.143074,0.135890,0.136240,0.103157,0.113234,0.112547,0.147151,0.121351,0.099832,0.068064,0.048663,0.032236,0.018308,
0.102278,0.120608,0.163796,0.165141,0.176551,0.173998,0.145539,0.120610,0.133883,0.129702,0.127370,0.122211,0.124964,0.123078,0.134943,0.105425,0.086908,0.081306,0.065144,0.029277,0.020521,
0.241450,0.174283,0.133873,0.163163,0.170057,0.173346,0.122524,0.125617,0.130167,0.136135,0.117204,0.166023,0.127500,0.131201,0.115035,0.135225,0.118746,0.080709,0.055027,0.036841,0.020020,
0.094512,0.163341,0.135371,0.214158,0.144005,0.168927,0.106257,0.133280,0.135390,0.158268,0.125354,0.137943,0.136611,0.156533,0.150774,0.114118,0.125665,0.108154,0.078849,0.046439,0.017445,
0.143165,0.113253,0.171351,0.119360,0.153072,0.181464,0.115309,0.178614,0.182316,0.153886,0.208789,0.150979,0.162758,0.188048,0.146651,0.132834,0.146637,0.140428,0.063407,0.048518,0.034722,
0.206314,0.118927,0.135400,0.192317,0.200872,0.159052,0.143434,0.182469,0.234683,0.184490,0.195338,0.246777,0.165104,0.232985,0.144287,0.148651,0.119308,0.133950,0.080966,0.039623,0.020531,
0.055966,0.237679,0.166314,0.144849,0.115076,0.188878,0.185250,0.202908,0.334715,0.210165,0.234543,0.238925,0.209000,0.210779,0.187390,0.232550,0.149721,0.160400,0.086837,0.026644,0.012307,
0.096385,0.078763,0.149307,0.193570,0.171624,0.160742,0.142052,0.212946,0.234318,0.234759,0.202256,0.203566,0.291532,0.217407,0.217521,0.179734,0.215551,0.105971,0.051975,0.022685,0.007294,
nan,nan,nan,0.217693,0.113370,0.084659,0.080579,0.148658,0.287275,0.501203,0.184849,0.188823,0.171106,0.133152,0.147996,0.124376,0.322995,0.152727,0.036323,0.023696,0.008086,
nan,0.250445,0.429087,0.330746,0.286742,0.394920,0.198345,0.314075,0.181992,0.332291,0.185822,0.264665,0.125166,0.164775,0.150410,0.091929,0.061851,0.090568,0.028573,0.036922,0.011517,
0.407982,0.272436,0.397709,0.371713,0.398578,0.323961,0.306530,0.317050,0.241492,0.250232,0.224103,0.213030,0.156320,0.155534,0.113226,0.124293,0.078695,0.052562,0.045027,0.026019,0.018091,
0.328630,0.323858,0.307057,0.392527,0.283589,0.336014,0.284137,0.245459,0.252960,0.240925,0.209713,0.179694,0.147091,0.127283,0.099640,0.089561,0.065955,0.059858,0.035786,0.017654,0.020147,
0.333372,0.304035,0.301543,0.313136,0.305447,0.299657,0.292043,0.275835,0.259591,0.214301,0.258441,0.208900,0.159036,0.130569,0.152738,0.102298,0.078671,0.057241,0.055390,0.019995,0.009724,
0.217530,0.313786,0.276007,0.283764,0.236035,0.306816,0.268130,0.215741,0.225644,0.213838,0.201444,0.186362,0.152054,0.185684,0.114269,0.079428,0.070262,0.065681,0.053786,0.031464,0.012894,
0.226902,0.283653,0.272416,0.266772,0.234645,0.262102,0.253785,0.207176,0.216968,0.190191,0.172940,0.157116,0.154217,0.129735,0.109728,0.080658,0.066262,0.050412,0.037327,0.020689,0.021427,
0.224432,0.303099,0.247870,0.274886,0.235276,0.255096,0.222437,0.208351,0.191402,0.186806,0.155229,0.149603,0.142360,0.140287,0.100255,0.084908,0.076143,0.064424,0.033795,0.042666,0.012028,
0.196216,0.219027,0.176313,0.203775,0.229476,0.196449,0.214815,0.200474,0.178907,0.146719,0.143179,0.174568,0.144896,0.111744,0.099979,0.079148,0.067942,0.061162,0.040574,0.027222,0.015317,
0.128029,0.217788,0.161058,0.173726,0.187558,0.196470,0.172826,0.165840,0.170346,0.132911,0.130534,0.145807,0.095543,0.105957,0.083467,0.093168,0.090228,0.054373,0.051348,0.031305,0.012753,
0.183380,0.261601,0.153394,0.167619,0.179597,0.227682,0.139869,0.147679,0.144686,0.129487,0.124790,0.099679,0.099611,0.102518,0.121306,0.098826,0.097936,0.056337,0.045611,0.029643,0.022481,
0.156511,0.284314,0.161030,0.164405,0.176969,0.158318,0.147507,0.125651,0.127267,0.118277,0.133219,0.096492,0.128411,0.113646,0.124353,0.095374,0.099733,0.059539,0.051676,0.031554,0.023423,
0.076864,0.114677,0.132206,0.156883,0.128436,0.153272,0.146580,0.113945,0.117258,0.136411,0.112905,0.143799,0.110581,0.112593,0.092204,0.098444,0.083307,0.067826,0.048926,0.030750,0.018037,
0.110149,0.108531,0.193398,0.191782,0.120210,0.173510,0.147613,0.159475,0.112376,0.136826,0.120086,0.141833,0.109222,0.124556,0.119440,0.111176,0.092673,0.079441,0.045592,0.039630,0.019233,
0.074471,0.104175,0.134428,0.153552,0.131527,0.186328,0.139529,0.143922,0.143228,0.151716,0.136301,0.173046,0.127148,0.136816,0.132812,0.101918,0.135006,0.091211,0.076041,0.044191,0.017279,
0.086781,0.115410,0.163862,0.232445,0.124754,0.205852,0.187109,0.146175,0.140847,0.182200,0.132611,0.175574,0.158248,0.159842,0.175810,0.138108,0.123201,0.121916,0.068176,0.044982,0.021109,
0.358712,0.092188,0.163065,0.146164,0.224437,0.185748,0.138892,0.182019,0.147375,0.190614,0.200800,0.132350,0.173595,0.168427,0.174685,0.157845,0.121547,0.118208,0.070197,0.043126,0.022628,
0.069884,0.302456,0.198419,0.144788,0.207463,0.157867,0.113478,0.128224,0.161335,0.177718,0.167676,0.207145,0.178492,0.261914,0.180005,0.199850,0.153781,0.110876,0.107680,0.030766,0.017495,
0.074980,0.076972,0.132484,0.209021,0.196957,0.174569,0.171338,0.140127,0.183142,0.176912,0.271010,0.246468,0.209698,0.191425,0.190199,0.202342,0.168978,0.120590,0.041700,0.025090,0.012861,
nan,0.083927,0.042563,nan,0.122557,nan,0.106125,0.109254,0.113709,0.220977,0.123724,0.134899,0.260450,0.175691,0.128174,0.100266,0.170158,0.064352,0.060579,0.016367,0.006260,
nan,0.488771,0.377098,0.302967,0.348431,0.284501,0.229726,0.411960,0.356570,0.178571,0.131453,0.173496,0.211574,0.212243,0.137608,0.063566,0.168269,0.328290,0.129554,0.029726,0.003169,
0.279219,0.420873,0.448889,0.331083,0.321635,0.353122,0.268985,0.314807,0.285993,0.272784,0.231278,0.251296,0.140317,0.163234,0.151140,0.086044,0.070161,0.076677,0.053642,0.031157,0.031343,
0.459372,0.311026,0.321492,0.373016,0.337883,0.365406,0.365069,0.307483,0.259905,0.201188,0.239427,0.211622,0.131236,0.149672,0.140515,0.112044,0.059984,0.056338,0.035525,0.046929,0.023556,
0.694057,0.289196,0.321682,0.329120,0.326061,0.316375,0.299254,0.275012,0.259025,0.209074,0.203262,0.169793,0.149922,0.134701,0.108996,0.082767,0.081180,0.044788,0.039609,0.024812,nan,
1.103613,0.316232,0.283870,0.255416,0.312427,0.272300,0.265955,0.271637,0.235252,0.213288,0.217568,0.188073,0.148364,0.129099,0.124266,0.108358,0.099191,0.057975,0.036205,0.018700,0.012035,
0.316262,0.295541,0.285801,0.289052,0.247086,0.265632,0.228994,0.229065,0.212468,0.211896,0.165841,0.186262,0.140321,0.112953,0.092922,0.089662,0.076693,0.072800,0.054769,0.026496,0.013508,
0.314619,0.233310,0.237332,0.249262,0.228448,0.239721,0.241305,0.220649,0.205269,0.173874,0.170473,0.143589,0.167623,0.124336,0.113254,0.093562,0.096414,0.068386,0.033877,0.031294,0.015340,
0.161145,0.266635,0.219395,0.185154,0.214734,0.231573,0.212051,0.189740,0.184134,0.170711,0.151708,0.132640,0.119644,0.114932,0.097971,0.111095,0.080513,0.056998,0.038325,0.027758,0.013672,
0.137709,0.161430,0.189588,0.194805,0.201191,0.186786,0.151197,0.157401,0.181608,0.125451,0.139842,0.118171,0.106806,0.112242,0.093514,0.080400,0.062899,0.052666,0.035472,0.033689,0.012260,
0.126938,0.140628,0.154359,0.213212,0.163468,0.183521,0.165275,0.155254,0.145640,0.134729,0.130003,0.114917,0.111831,0.092717,0.120405,0.082195,0.081194,0.050321,0.045456,0.027620,0.016495,
0.234038,0.135969,0.118249,0.175708,0.164476,0.152742,0.151236,0.130415,0.113740,0.143773,0.109923,0.154222,0.115388,0.111097,0.113542,0.090972,0.077519,0.067857,0.045990,0.027637,0.016593,
0.212166,0.163716,0.124287,0.150729,0.142064,0.128704,0.156682,0.147701,0.116527,0.118387,0.122641,0.124781,0.102689,0.095775,0.095650,0.098103,0.079022,0.067906,0.044421,0.030670,0.017150,
0.247508,0.121519,0.163678,0.127633,0.162540,0.131387,0.136666,0.119596,0.139839,0.144624,0.112619,0.167209,0.127835,0.114576,0.117130,0.097142,0.083111,0.073444,0.042565,0.038912,0.033048,
0.080874,0.123351,0.133209,0.160214,0.108427,0.151172,0.137132,0.150518,0.124127,0.189137,0.130407,0.155383,0.177927,0.123906,0.118589,0.102175,0.124036,0.076066,0.094174,0.035014,0.043705,
0.120748,0.123323,0.125929,0.127190,0.129190,0.142691,0.136443,0.177354,0.152677,0.130857,0.192079,0.174682,0.172043,0.131301,0.158236,0.146067,0.087726,0.125085,0.055374,0.051509,0.019179,
0.099931,0.211271,0.176102,0.240261,0.163244,0.292507,0.155486,0.165529,0.172970,0.172067,0.165840,0.241804,0.173262,0.160503,0.150044,0.173484,0.125440,0.107847,0.084809,0.046661,0.027449,
0.083903,0.260437,0.155584,0.120856,0.154133,0.207423,0.154301,0.152133,0.177888,0.143497,0.171385,0.157534,0.175707,0.153798,0.201662,0.187660,0.114814,0.099352,0.092172,0.027795,0.016023,
nan,0.524681,0.158707,0.260126,0.220436,0.148378,0.162800,0.181325,0.203901,0.260355,0.200169,0.341798,0.208056,0.275195,0.187836,0.092798,0.140278,0.082346,0.077923,0.025798,0.029472,
nan,0.194128,0.161182,nan,nan,0.133444,0.184713,nan,0.342080,0.225549,0.102460,0.112132,0.291189,0.271573,0.207873,0.093108,0.069641,0.158587,0.041852,0.020035,0.015517,
nan,0.621756,0.278084,0.289040,0.454418,0.196975,0.391967,0.270619,0.294605,0.413063,0.177395,0.226406,0.183826,0.273515,0.107122,0.108527,0.054423,0.034502,0.037219,0.008807,0.008520,
0.261164,0.420478,0.368953,0.381576,0.399306,0.271532,0.331301,0.276486,0.296885,0.223943,0.203791,0.234127,0.154740,0.230928,0.124687,0.103135,0.083451,0.142499,0.040498,0.025849,0.017723,
0.359576,0.293061,0.323542,0.340995,0.321424,0.298316,0.262522,0.261288,0.286038,0.225545,0.245021,0.185218,0.215755,0.206566,0.128150,0.093071,0.101693,0.067179,0.046596,0.049459,0.018488,
0.343041,0.295296,0.298037,0.315758,0.303572,0.301240,0.322474,0.253611,0.298743,0.224997,0.197701,0.203465,0.195328,0.135854,0.135027,0.098787,0.065170,0.060130,0.036507,0.045515,0.018413,
0.270923,0.256475,0.274227,0.310817,0.279848,0.268517,0.271944,0.238263,0.238779,0.221897,0.171612,0.184438,0.126164,0.159453,0.122040,0.102595,0.075966,0.055210,0.035339,0.018049,0.019872,
0.187226,0.233185,0.295761,0.280658,0.260854,0.239081,0.230779,0.232396,0.229919,0.196423,0.178751,0.150859,0.173934,0.169361,0.109272,0.091721,0.075164,0.053926,0.035440,0.016742,0.016376,
0.197261,0.212372,0.231989,0.223807,0.243035,0.267081,0.215914,0.207200,0.226209,0.188867,0.162871,0.146566,0.130381,0.102059,0.096999,0.081401,0.072633,0.059109,0.039618,0.033468,nan,
0.289006,0.215812,0.189538,0.206965,0.201559,0.203290,0.180291,0.189921,0.203302,0.146508,0.135479,0.152510,0.118883,0.113891,0.096148,0.093021,0.068026,0.063860,0.035944,0.024183,0.012531,
0.193567,0.182210,0.168217,0.179100,0.217571,0.164142,0.185590,0.159901,0.155818,0.130032,0.134585,0.116113,0.116236,0.097086,0.101607,0.082001,0.081085,0.053239,0.052587,0.043025,0.012199,
0.190641,0.141567,0.160247,0.158571,0.177039,0.147993,0.154842,0.159485,0.119593,0.135571,0.142318,0.108423,0.107187,0.104994,0.124046,0.085385,0.077881,0.048477,0.041827,0.030535,0.047273,
0.155852,0.124156,0.174412,0.154629,0.142693,0.132196,0.160117,0.137639,0.117374,0.152905,0.122737,0.127680,0.099039,0.122007,0.094885,0.085222,0.063523,0.055527,0.042545,0.036447,0.011010,
0.093083,0.114623,0.133977,0.143934,0.154435,0.124600,0.116888,0.132966,0.144763,0.135567,0.103742,0.110485,0.100854,0.096833,0.088833,0.091669,0.067566,0.058462,0.035256,0.025870,0.027837,
0.093803,0.138389,0.123280,0.126421,0.158152,0.120493,0.130610,0.116030,0.131619,0.136556,0.109977,0.133172,0.145006,0.117673,0.096267,0.097709,0.086714,0.065612,0.044248,0.033431,0.017601,
0.091289,0.129590,0.137728,0.114493,0.120369,0.145138,0.120350,0.137954,0.145084,0.127837,0.165406,0.161658,0.117764,0.117398,0.138371,0.119158,0.124152,0.067398,0.100252,0.031144,0.020651,
0.162847,0.161878,0.297218,0.163832,0.126096,0.127677,0.116381,0.156300,0.165882,0.159932,0.152354,0.118113,0.147450,0.125834,0.117986,0.101881,0.095291,0.075754,0.062806,0.065198,0.016444,
0.085133,0.119411,0.165184,0.126132,0.117736,0.138920,0.132700,0.207133,0.181902,0.184109,0.176383,0.153704,0.169056,0.181525,0.184251,0.160697,0.165938,0.105321,0.073802,0.056548,0.030877,
0.110999,0.162151,0.168616,0.163540,0.203139,0.137755,0.210464,0.161562,0.224267,0.148732,0.225121,0.188519,0.161327,0.174563,0.139128,0.156207,0.091725,0.081245,0.072972,0.030818,0.014740,
nan,0.136303,0.150703,0.168834,0.196152,0.166926,0.266089,0.277921,0.240988,0.260175,0.190168,0.167093,0.165899,0.148363,0.169600,0.138733,0.136576,0.098576,0.052622,0.029881,0.051744,
nan,nan,0.090998,0.427578,nan,nan,0.140521,0.125470,0.164607,0.204041,0.245430,0.135999,0.211894,0.259603,0.081422,0.163057,0.092265,0.052652,0.070693,0.049713,0.008016,
nan,0.318415,0.352399,0.236957,0.300493,0.302091,0.215427,0.168423,0.184653,0.190896,0.115998,0.209423,0.252727,0.122485,0.072131,0.137832,0.076618,0.138073,0.049740,0.088833,0.016327,
0.283404,0.337905,0.357618,0.333158,0.322065,0.282608,0.265640,0.262445,0.321948,0.231471,0.253074,0.231126,0.213549,0.139232,0.116965,0.124306,0.068154,0.048717,0.048387,0.034372,0.025951,
0.528130,0.362109,0.350793,0.305547,0.282710,0.343587,0.338788,0.301129,0.331864,0.273402,0.197354,0.210363,0.169623,0.163161,0.134240,0.111904,0.073804,0.055228,0.048848,0.027599,0.021631,
0.466765,0.358456,0.272040,0.282361,0.328215,0.293312,0.264804,0.257820,0.231176,0.201999,0.241562,0.175044,0.159256,0.161956,0.129099,0.090173,0.085807,0.069049,0.055121,0.024371,0.011475,
0.579406,0.293660,0.322879,0.280391,0.252670,0.289039,0.263614,0.244962,0.232780,0.220706,0.208504,0.195032,0.148403,0.141068,0.106607,0.098426,0.065719,0.048253,0.045607,0.040705,0.012372,
0.292070,0.269588,0.241621,0.266517,0.289251,0.305272,0.237336,0.223839,0.222257,0.220675,0.199924,0.154780,0.166117,0.131825,0.091827,0.092075,0.077154,0.055023,0.039031,0.038353,0.018757,
0.186324,0.237447,0.247388,0.219325,0.248583,0.228163,0.223635,0.232448,0.216802,0.167830,0.171759,0.139758,0.165551,0.119628,0.117091,0.092065,0.079948,0.053261,0.031278,0.024189,0.015629,
0.183366,0.199016,0.213858,0.196942,0.246757,0.171828,0.184179,0.183353,0.177772,0.172026,0.154295,0.155648,0.122938,0.104898,0.085071,0.098045,0.075136,0.044941,0.038708,0.040438,0.014262,
0.154097,0.188402,0.198015,0.176424,0.187058,0.165704,0.196218,0.184494,0.158749,0.156327,0.114255,0.145553,0.107056,0.093534,0.106443,0.090341,0.079905,0.045952,0.037485,0.031158,0.012641,
0.116978,0.173147,0.157253,0.163880,0.165618,0.155842,0.155251,0.161551,0.123924,0.137563,0.124817,0.120144,0.130545,0.110443,0.091606,0.090362,0.068487,0.052516,0.035942,0.028402,0.025369,
0.115295,0.109567,0.188175,0.165419,0.160105,0.121386,0.113466,0.162874,0.146840,0.131886,0.105115,0.117706,0.102076,0.079355,0.085691,0.079985,0.074977,0.053246,0.043301,0.024626,0.012090,
0.088018,0.157745,0.190446,0.164578,0.151942,0.113884,0.168049,0.107320,0.133232,0.130619,0.112936,0.108713,0.092532,0.101422,0.078367,0.085764,0.077229,0.053476,0.034337,0.023787,0.024729,
0.069924,0.144126,0.132736,0.187866,0.139671,0.124009,0.146900,0.116834,0.117825,0.108785,0.144954,0.120788,0.120525,0.109643,0.122245,0.102805,0.077392,0.072300,0.038163,0.038115,0.018535,
0.120755,0.111973,0.137314,0.143764,0.153258,0.135009,0.128029,0.130781,0.147061,0.116475,0.136177,0.105890,0.115692,0.119192,0.117585,0.123944,0.112816,0.059186,0.077377,0.038422,0.043942,
nan,0.121757,0.199557,0.195924,0.155219,0.158880,0.116973,0.146456,0.188071,0.130680,0.198940,0.167236,0.144288,0.116203,0.120597,0.108563,0.093457,0.111839,0.067453,0.056384,0.017333,
nan,0.129010,0.145386,0.125642,0.118495,0.126859,0.135516,0.186896,0.196271,0.217433,0.176676,0.160557,0.129674,0.142350,0.139695,0.167299,0.154248,0.092682,0.072660,0.039676,0.037975,
nan,0.107989,0.156420,0.176408,0.258754,0.133008,0.124243,0.207135,0.173896,0.143337,0.179027,0.129295,0.157237,0.130274,0.161469,0.154042,0.095943,0.084539,0.076280,0.053297,0.027826,
nan,0.136109,0.255920,0.131270,0.153716,0.114965,0.211531,0.150775,0.142650,0.257423,0.164840,0.176940,0.130398,0.142720,0.154298,0.233058,0.133370,0.117383,0.048970,0.040323,0.015287,
nan,0.038434,0.066607,0.311588,0.299421,0.103156,0.241105,0.173752,0.086049,0.125480,0.106307,0.313008,0.179260,0.067036,0.081763,0.236384,0.082959,0.063140,0.020417,0.048076,0.008726,
nan,0.416371,0.563594,0.424776,0.224884,0.443578,0.386607,0.130216,0.289613,0.257245,0.239685,0.212795,0.173867,0.095566,0.132484,0.075221,0.080228,0.076524,0.024145,0.035292,0.008354,
0.398572,0.401161,0.348390,0.350210,0.353249,0.309884,0.281203,0.319144,0.232168,0.248233,0.211974,0.213631,0.177430,0.156782,0.118239,0.105333,0.084496,0.054105,0.038695,0.024056,0.007184,
0.371061,0.306607,0.323553,0.319996,0.320228,0.298376,0.285995,0.340281,0.230320,0.228438,0.233946,0.204208,0.178430,0.146067,0.110752,0.099397,0.082731,0.056269,0.039186,0.023422,0.011336,
0.377982,0.320496,0.329177,0.334754,0.328074,0.284625,0.281781,0.259217,0.238804,0.221274,0.243557,0.195232,0.163492,0.127772,0.107387,0.097702,0.070973,0.057407,0.065784,0.019509,0.012956,
0.396244,0.371871,0.269129,0.310511,0.276128,0.290037,0.251808,0.247382,0.243976,0.197203,0.203398,0.177749,0.152676,0.149270,0.116521,0.109076,0.082737,0.056585,0.035179,0.020150,0.009382,
0.648933,0.262536,0.260493,0.256196,0.271734,0.280231,0.258294,0.230176,0.228829,0.203100,0.182616,0.154380,0.144740,0.110582,0.120237,0.091784,0.083341,0.062983,0.039733,0.020195,0.009509,
0.211279,0.213080,0.252603,0.261358,0.298938,0.203300,0.196666,0.198541,0.222826,0.162080,0.162675,0.151191,0.123341,0.105854,0.098179,0.085160,0.062168,0.062499,0.034864,0.023008,nan,
0.324979,0.175831,0.226294,0.227304,0.201997,0.190858,0.218129,0.183124,0.180896,0.150819,0.147140,0.141669,0.123508,0.110279,0.094193,0.087479,0.079711,0.055870,0.035670,0.020101,0.012076,
0.133870,0.160964,0.225970,0.181644,0.185528,0.181418,0.163751,0.160138,0.168053,0.182916,0.153693,0.117713,0.120318,0.102346,0.109802,0.072152,0.072041,0.051760,0.040111,0.039913,0.017787,
0.111010,0.139336,0.225561,0.183289,0.189275,0.136070,0.168571,0.139506,0.147889,0.132320,0.124048,0.116128,0.094710,0.108246,0.079400,0.070229,0.064935,0.049438,0.041279,0.026308,0.020749,
0.093007,0.135092,0.173511,0.184325,0.148757,0.149360,0.148533,0.134329,0.156906,0.143811,0.111350,0.124793,0.091096,0.085108,0.105229,0.088841,0.070634,0.056796,0.044813,0.029212,0.012621,
nan,0.111034,0.134541,0.146858,0.146707,0.126254,0.131968,0.105506,0.136914,0.104506,0.113742,0.104285,0.102058,0.101779,0.081204,0.097498,0.073225,0.043001,0.043421,0.019718,0.018059,
0.124576,0.191163,0.134077,0.148898,0.162450,0.104824,0.131135,0.133948,0.239793,0.114662,0.144052,0.112936,0.108911,0.123361,0.119979,0.093773,0.076279,0.054258,0.049249,0.028444,0.014841,
0.107017,0.126121,0.160638,0.134760,0.173945,0.126626,0.122345,0.132827,0.167782,0.114557,0.170038,0.131452,0.120403,0.108561,0.123831,0.100972,0.092425,0.072260,0.058546,0.038391,0.028151,
nan,0.173824,0.137013,0.191788,0.184929,0.104431,0.129336,0.150684,0.152304,0.103818,0.137727,0.147256,0.139418,0.116269,0.125910,0.128316,0.090729,0.091092,0.072530,0.037430,0.017228,
nan,0.166554,0.164901,0.137837,0.105592,0.137902,0.147258,0.223027,0.150575,0.104920,0.121829,0.158840,0.123118,0.125131,0.148506,0.139489,0.095287,0.083578,0.068343,0.034410,0.021304,
nan,0.136926,0.237866,0.154846,0.122467,0.104808,0.202989,0.169605,0.184682,0.133246,0.144999,0.166239,0.149493,0.141332,0.152446,0.141034,0.088558,0.096937,0.098955,0.037844,0.118077,
nan,0.148195,0.148047,0.116192,0.224293,0.151001,0.183873,0.301208,0.145804,0.239142,0.144750,0.152875,0.186011,0.162723,0.196552,0.099912,0.166994,0.072640,0.055233,0.043472,0.018180,
nan,nan,nan,nan,nan,0.076124,0.105498,0.340956,0.208250,0.230683,0.175053,0.103924,0.170924,0.081836,0.150971,0.073669,0.062211,0.109151,nan,0.030954,0.013457,
nan,0.367636,0.324671,0.267382,0.387866,0.230505,0.318331,0.221833,0.376899,nan,0.301876,0.203041,0.337701,0.068614,0.133550,0.070316,0.076703,0.065897,0.026395,0.020579,nan,
0.617456,0.379466,0.357387,0.294966,0.367326,0.328680,0.321445,0.263148,0.302260,0.209555,0.180258,0.197116,0.185367,0.141684,0.101192,0.099504,0.082612,0.071224,0.033028,0.023021,nan,
0.316651,0.321877,0.325950,0.381123,0.343213,0.354262,0.322620,0.281861,0.305308,0.229200,0.223566,0.198643,0.151925,0.114813,0.150721,0.106982,0.057162,0.060009,0.054815,0.027095,nan,
0.394218,0.357912,0.335776,0.298570,0.294980,0.299414,0.286311,0.265299,0.267175,0.223044,0.201827,0.164803,0.158815,0.138233,0.127913,0.096026,0.070373,0.047233,0.038455,0.022068,nan,
0.281713,0.317969,0.267655,0.268613,0.263261,0.313212,0.292124,0.263414,0.247055,0.260528,0.179860,0.172794,0.147881,0.137320,0.123801,0.101214,0.069496,0.055952,0.033714,0.020461,0.011831,
0.478132,0.353127,0.296033,0.285466,0.302476,0.241035,0.219514,0.224552,0.233858,0.194391,0.221228,0.154741,0.166328,0.164131,0.108831,0.083174,0.063677,0.058447,0.035504,0.024188,0.022325,
0.221938,0.228553,0.264101,0.277281,0.226886,0.209951,0.237771,0.219280,0.204370,0.189384,0.177129,0.161867,0.137712,0.129999,0.108558,0.092379,0.074310,0.041684,0.034889,0.027526,0.018414,
0.136903,0.183291,0.261386,0.223799,0.237317,0.196490,0.183790,0.189938,0.192894,0.146475,0.160632,0.137815,0.113850,0.094513,0.094338,0.093796,0.064999,0.046030,0.038526,0.035044,0.013389,
0.136924,0.182775,0.199872,0.206798,0.235251,0.172356,0.178364,0.174479,0.157957,0.153126,0.129288,0.143176,0.131893,0.088170,0.119848,0.088870,0.080213,0.048212,0.036608,0.034327,0.010023,
0.099323,0.161249,0.161492,0.186815,0.156099,0.160290,0.151029,0.155975,0.176738,0.152016,0.118351,0.103437,0.097367,0.091024,0.079523,0.080546,0.064307,0.056020,0.046037,0.031166,0.011350,
nan,0.144214,0.156110,0.161246,0.145403,0.123077,0.115694,0.108059,0.114852,0.111153,0.106208,0.107523,0.099922,0.083401,0.085057,0.075336,0.064592,0.065257,0.055129,0.025297,0.016403,
0.174660,0.120886,0.164709,0.185091,0.131464,0.133814,0.116024,0.127739,0.161701,0.125356,0.127766,0.121735,0.113910,0.099444,0.094876,0.095468,0.073661,0.057511,0.051519,0.018529,0.013324,
0.076317,0.128615,0.168289,0.187559,0.137345,0.117889,0.108437,0.141779,0.127133,0.112379,0.182723,0.118813,0.107563,0.127542,0.097856,0.102439,0.071245,0.062605,0.045144,0.030610,0.017609,
nan,0.162095,0.159824,0.162027,0.137539,0.108779,0.116961,0.135004,0.134540,0.107297,0.111391,0.099834,0.122658,0.125976,0.099767,0.100628,0.084207,0.067051,0.057764,0.036866,0.012998,
0.172612,0.121508,0.258335,0.123447,0.160864,0.110349,0.159099,0.181573,0.191709,0.125890,0.123680,0.130206,0.123993,0.103333,0.122961,0.123432,0.079876,0.091360,0.067757,0.030421,0.019386,
nan,0.089024,0.160730,0.180178,0.200537,0.114356,0.202828,0.176430,0.186722,0.143885,0.115658,0.139051,0.137044,0.133437,0.112139,0.137285,0.076967,0.066541,0.070727,0.039695,0.023462,
nan,0.114828,0.129932,0.180356,0.238477,0.171802,0.152873,0.247438,0.164915,0.182769,0.136172,0.178544,0.124971,0.157221,0.132744,0.090893,0.113771,0.102214,0.092437,0.047909,0.054529,
nan,0.097195,0.136187,0.120146,0.083019,0.144955,0.255866,0.282812,0.156975,0.108382,0.126514,0.149488,0.109955,0.149729,0.143338,0.107799,0.093539,0.071580,0.061152,0.056118,0.020366,
nan,nan,nan,nan,nan,0.091183,0.196616,0.111067,0.265361,0.123727,0.118559,0.212092,0.101711,0.102313,0.330052,0.073684,0.133662,0.052222,0.027701,0.025960,0.016138,
nan,0.380551,0.382482,0.361953,0.357983,0.326851,0.419339,0.409616,0.312921,0.492081,0.219413,0.143651,0.175286,0.074201,0.182122,0.092965,0.047827,0.030558,0.077569,0.012540,nan,
0.248225,0.474509,0.320612,0.321774,0.297496,0.334764,0.259084,0.267055,0.275832,0.226346,0.222919,0.186841,0.177108,0.127071,0.112692,0.147832,0.077358,0.052995,0.041497,0.014417,nan,
0.246681,0.328265,0.313692,0.422004,0.298934,0.328377,0.347394,0.275131,0.274640,0.203033,0.191455,0.205205,0.176284,0.167245,0.108042,0.106176,0.062760,0.064332,0.038998,0.015162,0.008298,
0.247893,0.351194,0.286828,0.323815,0.263688,0.307238,0.293050,0.261074,0.253242,0.224895,0.207433,0.200362,0.187049,0.145510,0.133282,0.087303,0.086821,0.064155,0.036425,0.034155,0.017127,
0.219674,0.381717,0.300869,0.350025,0.291889,0.276695,0.240309,0.260604,0.224898,0.241982,0.217593,0.188964,0.162683,0.140844,0.102462,0.105027,0.063092,0.045027,0.041751,0.030481,0.014666,
0.379348,0.321831,0.271818,0.321233,0.274461,0.281125,0.237314,0.209669,0.227344,0.199778,0.183504,0.149198,0.145166,0.143633,0.098450,0.082521,0.081515,0.062246,0.042429,0.024891,0.010725,
0.324373,0.277568,0.256208,0.262507,0.289409,0.216653,0.244949,0.232200,0.213506,0.172867,0.172167,0.154696,0.118581,0.108423,0.099240,0.092624,0.062955,0.058168,0.030464,0.023752,0.009441,
0.257377,0.212656,0.256490,0.210883,0.255353,0.185039,0.178997,0.198185,0.170857,0.167142,0.162130,0.177925,0.114275,0.105833,0.096281,0.102500,0.065879,0.057913,0.033928,0.016977,0.012937,
0.120560,0.158064,0.211428,0.207448,0.166297,0.169802,0.156210,0.174290,0.196917,0.165869,0.136882,0.147705,0.113578,0.098358,0.094474,0.082710,0.071339,0.048621,0.032233,0.022945,0.012844,
0.144338,0.127903,0.155934,0.182921,0.138587,0.154380,0.128453,0.125349,0.143585,0.125949,0.117347,0.116178,0.093408,0.088216,0.079876,0.085849,0.068731,0.044316,0.033093,0.033515,0.036713,
0.191341,0.123536,0.140256,0.155200,0.123717,0.152146,0.144018,0.130130,0.145509,0.127302,0.108839,0.117614,0.092196,0.081670,0.087378,0.088359,0.075766,0.050431,0.057484,0.027627,0.011505,
nan,0.124571,0.122248,0.154940,0.121189,0.150890,0.122119,0.133059,0.125699,0.107821,0.123826,0.107642,0.114403,0.114137,0.089967,0.075811,0.059272,0.051662,0.044233,0.017922,0.012792,
nan,0.097754,0.139144,0.169323,0.118183,0.137034,0.114282,0.152951,0.126514,0.105618,0.113985,0.114676,0.115935,0.127058,0.094992,0.121276,0.071007,0.058069,0.041115,0.035873,0.015480,
0.086230,0.098443,0.163493,0.175616,0.109650,0.127256,0.122592,0.181632,0.143696,0.141581,0.128272,0.108685,0.113976,0.121289,0.089231,0.086426,0.076085,0.066834,0.062095,0.029611,0.016075,
nan,0.101534,0.130243,0.127625,0.137698,0.135113,0.132740,0.144050,0.155535,0.136576,0.130614,0.122704,0.101008,0.112822,0.123840,0.120181,0.085686,0.068866,0.060302,0.030899,0.018285,
0.253015,0.124027,0.452526,0.222565,0.207125,0.118597,0.205253,0.150820,0.174711,0.104848,0.175042,0.161202,0.131408,0.131196,0.103943,0.109677,0.086724,0.066768,0.082930,0.039196,0.022653,
nan,0.212798,0.147907,0.171945,0.179442,0.116850,0.131379,0.131376,0.186747,0.103171,0.150320,0.149001,0.164959,0.100170,0.128391,0.128840,0.089813,0.095096,0.068468,0.048810,0.036653,
nan,0.098239,0.119528,0.164237,0.108298,0.095791,0.154591,0.189868,0.163866,0.117488,0.242307,0.128375,0.225020,0.103839,0.097268,0.111135,0.131851,0.088357,0.052042,0.043832,0.019682,
nan,nan,nan,0.065604,0.137753,0.105685,0.091939,0.314422,0.059868,0.145100,0.131477,0.125040,0.198962,0.055232,0.082774,0.121121,0.046427,0.109652,0.084956,0.035330,0.023348,
nan,0.537672,0.308255,0.589004,0.337345,0.370290,0.239413,0.299742,0.579509,0.148317,0.242289,0.146411,0.248358,0.135301,0.069578,0.084923,0.091627,0.050070,0.089851,0.009251,nan,
0.325951,0.302790,0.283274,0.418500,0.373507,0.377655,0.289478,0.308934,0.266399,0.263768,0.187492,0.252685,0.143454,0.153401,0.116469,0.107184,0.078409,0.123411,0.032641,0.019661,nan,
0.408171,0.334373,0.412245,0.303683,0.331089,0.317320,0.302958,0.258603,0.274664,0.259251,0.193594,0.203683,0.163031,0.153403,0.104332,0.074475,0.091363,0.058813,0.031497,0.036636,0.013899,
0.206236,0.320652,0.320685,0.317912,0.356549,0.324322,0.255814,0.281254,0.223929,0.224936,0.267708,0.186738,0.157264,0.150439,0.124176,0.088863,0.069237,0.061228,0.056548,0.024865,0.010083,
0.264562,0.302398,0.300285,0.315226,0.292665,0.299145,0.258713,0.243591,0.220854,0.194703,0.208675,0.190665,0.165362,0.161899,0.111143,0.101774,0.078485,0.063573,0.034641,0.023219,0.010944,
0.219082,0.255606,0.255926,0.296736,0.276321,0.250762,0.228580,0.234921,0.213697,0.188903,0.186882,0.203321,0.156563,0.135768,0.120906,0.082048,0.073625,0.054739,0.032261,0.016611,0.014332,
0.304912,0.245600,0.217052,0.242184,0.271000,0.219606,0.235380,0.204028,0.216675,0.188575,0.165332,0.150129,0.154590,0.130507,0.102999,0.086809,0.065920,0.039122,0.034088,0.025684,0.021227,
0.189141,0.222535,0.173108,0.232630,0.198658,0.210033,0.185444,0.200681,0.184000,0.168975,0.171252,0.126490,0.117448,0.099121,0.097966,0.082240,0.070347,0.051969,0.040741,0.027052,0.010693,
0.170383,0.186047,0.148044,0.160629,0.166563,0.186276,0.165337,0.160487,0.184489,0.162302,0.135203,0.133525,0.108548,0.110454,0.107266,0.078348,0.087627,0.051761,0.035582,0.020645,0.008957,
0.118665,0.136670,0.176888,0.139224,0.139638,0.161715,0.143686,0.136512,0.156818,0.139461,0.112038,0.111967,0.106591,0.085817,0.082936,0.068707,0.065800,0.053739,0.036983,0.025636,0.018105,
0.110434,0.112106,0.162489,0.112517,0.148546,0.169857,0.119142,0.147371,0.114841,0.114227,0.121205,0.094716,0.102829,0.085530,0.081640,0.070898,0.066185,0.058971,0.038877,0.022013,0.050225,
0.096773,0.127303,0.143015,0.113486,0.143196,0.156992,0.119686,0.159501,0.133967,0.108835,0.106331,0.126761,0.102357,0.099428,0.086779,0.080811,0.053302,0.058887,0.036497,0.017985,0.013234,
0.111667,0.136839,0.113715,0.114696,0.111872,0.157697,0.161760,0.133139,0.137349,0.129313,0.123618,0.107647,0.124485,0.115237,0.122830,0.105643,0.074786,0.056587,0.044136,0.028652,0.014860,
0.172312,0.156192,0.159386,0.093658,0.129862,0.153104,0.171543,0.145977,0.147850,0.100829,0.124536,0.117107,0.089491,0.105587,0.101610,0.089443,0.076064,0.072112,0.059522,0.034393,0.020288,
nan,0.153987,0.119620,0.171557,0.153730,0.122883,0.175619,0.135591,0.138464,0.121357,0.118418,0.129801,0.124828,0.122164,0.110054,0.093006,0.086273,0.063313,0.052704,0.027947,0.018615,
0.104951,0.108241,0.158533,0.185582,0.125384,0.147233,0.134783,0.147605,0.166790,0.141513,0.130521,0.153109,0.146801,0.091915,0.109225,0.114957,0.094698,0.060228,0.079152,0.045811,0.022923,
nan,0.352835,0.198918,0.194616,0.149440,0.143754,0.175982,0.213466,0.192836,0.226987,0.114668,0.150279,0.165451,0.159345,0.112004,0.116380,0.111934,0.087500,0.060972,0.051444,0.022233,
nan,0.181122,0.131702,0.149980,0.091516,0.115044,0.207994,0.188979,0.196993,0.156841,0.154462,0.159179,0.198367,0.135216,0.129469,0.175177,0.113109,0.157154,0.048425,0.054230,0.041272,
nan,nan,0.121487,0.068928,0.159410,nan,0.362109,0.204391,0.112651,0.093486,0.099082,0.073541,0.073964,0.076547,0.308742,0.117053,0.048988,0.063267,0.103454,0.032891,0.016246,
nan,0.276782,0.253436,0.273165,0.392571,0.369751,0.228750,0.406858,0.323541,0.148902,0.252246,0.134593,0.210002,0.132972,0.127294,0.127364,0.112608,0.049456,0.035614,0.020537,nan,
0.369715,0.314149,0.335695,0.351111,0.385299,0.343441,0.260405,0.265329,0.271067,0.249874,0.208288,0.164216,0.161957,0.113441,0.099297,0.074860,0.073356,0.046220,0.033107,0.015920,0.008338,
0.324248,0.349027,0.426067,0.339284,0.313454,0.316519,0.276729,0.328022,0.300430,0.266817,0.203790,0.189627,0.168380,0.181210,0.118032,0.107109,0.065509,0.062897,0.047808,0.031420,0.022014,
0.407731,0.346811,0.329555,0.299376,0.284074,0.311788,0.280179,0.253141,0.290168,0.233438,0.205976,0.177340,0.163601,0.136623,0.117403,0.091318,0.080438,0.053291,0.035269,0.018369,0.011682,
0.209906,0.298805,0.267616,0.337670,0.324985,0.312686,0.265745,0.240205,0.257526,0.258618,0.194832,0.172780,0.153429,0.130263,0.129488,0.097316,0.082209,0.058356,0.041338,0.020681,0.017268,
0.221615,0.256719,0.264327,0.275539,0.285382,0.211652,0.227488,0.223460,0.242834,0.197567,0.209349,0.151973,0.144265,0.136156,0.092147,0.083577,0.073435,0.066354,0.041497,0.024825,0.014093,
0.244359,0.234900,0.239471,0.267029,0.236206,0.232064,0.191432,0.204533,0.220091,0.158895,0.178001,0.176068,0.119948,0.099902,0.095652,0.088234,0.070433,0.057893,0.033941,0.024293,0.019845,
0.205353,0.199708,0.171804,0.180630,0.203713,0.209391,0.184302,0.224382,0.169869,0.166281,0.176029,0.145162,0.113039,0.111113,0.100193,0.110048,0.060262,0.055855,0.032160,0.020098,0.011694,
0.242782,0.156744,0.161380,0.166941,0.160566,0.171370,0.155089,0.147103,0.127035,0.171559,0.121353,0.132990,0.118003,0.099764,0.103463,0.086583,0.079500,0.062967,0.031110,0.023419,0.012834,
0.227262,0.170098,0.137040,0.143600,0.155604,0.165838,0.116200,0.131293,0.155270,0.126145,0.128742,0.113330,0.123118,0.080413,0.094839,0.081238,0.054756,0.054208,0.041422,0.030148,0.012699,
0.087466,0.129955,0.117606,0.141976,0.134512,0.137692,0.158327,0.148726,0.114469,0.123549,0.120186,0.101063,0.094845,0.079508,0.082803,0.069969,0.071291,0.063293,0.040810,0.020553,0.048855,
0.094033,0.104576,0.135612,0.173376,0.134463,0.141283,0.144654,0.137633,0.165184,0.098933,0.111617,0.115350,0.109785,0.100315,0.097106,0.081433,0.071721,0.054920,0.038517,0.023749,0.012997,
0.120322,0.095181,0.104275,0.173037,0.131323,0.118690,0.137722,0.124862,0.147143,0.137443,0.124207,0.123996,0.109380,0.113828,0.096306,0.104723,0.061857,0.067236,0.033374,0.031714,0.014423,
0.098990,0.091489,0.148962,0.155146,0.134550,0.111064,0.139266,0.130780,0.134444,0.118723,0.118228,0.117876,0.102197,0.109654,0.097151,0.087715,0.097430,0.073538,0.044924,0.031785,0.019823,
0.059886,0.124721,0.112362,0.132933,0.126080,0.145691,0.242768,0.143066,0.148968,0.195272,0.132939,0.117401,0.149888,0.103347,0.092474,0.114004,0.080180,0.061260,0.056268,0.028661,0.019241,
0.338687,0.219185,0.156590,0.157322,0.179488,0.122798,0.211636,0.178032,0.127214,0.209799,0.143881,0.145348,0.135340,0.135249,0.115971,0.113018,0.102777,0.067696,0.064804,0.036318,0.024285,
0.316630,0.122583,0.203785,0.140878,0.153222,0.214799,0.243630,0.104972,0.134002,0.199405,0.222100,0.178168,0.201075,0.114663,0.159455,0.112389,0.122444,0.116925,0.088963,0.051362,0.020752,
nan,0.300550,0.180557,0.216010,0.184118,0.107481,0.193318,0.140024,0.115084,0.132073,0.177858,0.154864,0.187631,0.093477,0.148079,0.101256,0.065918,0.076395,0.094880,0.062467,0.035676,
nan,nan,0.151217,nan,0.359917,0.073867,0.065097,0.302088,0.131299,0.084133,0.100418,0.176927,0.268964,0.100741,0.168946,0.083175,0.146302,0.057561,0.032723,0.027352,0.362643,
nan,0.317657,0.379024,0.262061,0.949511,0.351061,0.325482,0.264677,0.340596,0.141757,0.198900,0.176183,0.185662,0.093116,0.101875,0.386896,0.101709,0.095120,0.044749,0.035201,nan,
0.477970,0.326444,0.357958,0.360047,0.289198,0.354406,0.321952,0.312408,0.325415,0.196378,0.218099,0.227469,0.185970,0.198257,0.113365,0.086649,0.151262,0.058816,0.040936,0.020893,0.013684,
0.373577,0.371586,0.362198,0.338369,0.354241,0.319928,0.260051,0.280090,0.247708,0.248032,0.259893,0.198163,0.195599,0.146130,0.146932,0.118870,0.092049,0.067622,0.037577,0.025965,0.036446,
0.377933,0.312255,0.289865,0.375064,0.317641,0.283368,0.284281,0.265572,0.252052,0.248514,0.210346,0.159853,0.170144,0.123740,0.139443,0.088349,0.068678,0.058145,0.040407,0.018550,0.021545,
0.196252,0.353698,0.320276,0.292843,0.314882,0.255475,0.280507,0.265754,0.237927,0.250221,0.214964,0.181039,0.155227,0.152915,0.101363,0.127077,0.068932,0.051647,0.045167,0.029414,0.012937,
0.223614,0.363862,0.296225,0.314290,0.265128,0.263006,0.245111,0.281963,0.207424,0.191232,0.193893,0.153617,0.136758,0.120517,0.116931,0.086787,0.069723,0.054497,0.035871,0.016895,0.010192,
0.334530,0.224616,0.242657,0.258102,0.262202,0.232403,0.231192,0.226269,0.203111,0.204146,0.158446,0.137393,0.147029,0.107131,0.102245,0.084058,0.067016,0.057612,0.026891,0.019656,0.014148,
0.215717,0.236562,0.206051,0.220237,0.224600,0.210769,0.182515,0.195437,0.177181,0.180912,0.162476,0.136312,0.130639,0.106158,0.098724,0.078198,0.066381,0.053224,0.031282,0.030352,0.019530,
0.259842,0.149714,0.182970,0.213071,0.178475,0.175992,0.174211,0.142504,0.149840,0.153791,0.137213,0.120677,0.103009,0.102862,0.086267,0.077393,0.079934,0.058591,0.045399,0.017622,0.010722,
0.135149,0.126862,0.147427,0.189727,0.135476,0.172565,0.156204,0.148280,0.122598,0.143994,0.119075,0.113067,0.116394,0.089604,0.076340,0.070074,0.062048,0.038001,0.033453,0.025270,0.013960,
0.182063,0.164572,0.135625,0.135679,0.125152,0.169966,0.154464,0.143889,0.136451,0.118546,0.136205,0.109236,0.116658,0.083855,0.084583,0.078451,0.054552,0.073254,0.035641,0.021796,0.013518,
0.119645,0.139251,0.119126,0.110622,0.122016,0.132348,0.146322,0.120746,0.141869,0.129847,0.119772,0.090577,0.133102,0.097921,0.091070,0.098440,0.073594,0.054359,0.034887,0.023632,0.019276,
0.166006,0.128970,0.133564,0.114936,0.116862,0.181664,0.171163,0.147910,0.153152,0.101976,0.121794,0.131836,0.097142,0.121932,0.097433,0.098176,0.051717,0.070744,0.041816,0.026080,0.014673,
0.076936,0.109275,0.127852,0.127756,0.142100,0.172485,0.152037,0.147026,0.151062,0.144406,0.126912,0.122361,0.105840,0.110384,0.106991,0.085959,0.099894,0.070259,0.064386,0.029189,0.028124,
0.091518,0.098038,0.114016,0.154042,0.156965,0.151031,0.204255,0.162324,0.138063,0.124921,0.131076,0.160200,0.108932,0.117121,0.108974,0.129503,0.090683,0.069665,0.042726,0.028590,0.019785,
nan,0.170111,0.152297,0.097138,0.166156,0.110552,0.176200,0.140232,0.125209,0.157452,0.128072,0.125859,0.142369,0.127206,0.154139,0.087616,0.107018,0.075228,0.070252,0.038517,0.020001,
0.210831,0.139715,0.270486,0.226291,0.174072,0.141488,0.187485,0.189518,0.130665,0.194660,0.134877,0.129795,0.127165,0.124022,0.157315,0.100785,0.143049,0.123627,0.094010,0.051395,0.030300,
nan,0.193274,0.141435,0.074513,0.118251,0.243064,0.091486,0.255444,0.119729,0.226829,0.132534,0.158717,0.117640,0.152932,0.120186,0.172999,0.091577,0.118096,0.061387,0.050014,0.043100,
nan,0.101530,0.138607,nan,0.097490,0.079728,0.130952,0.169901,0.106269,0.080523,0.151293,0.257344,0.115166,0.822113,0.195371,0.112987,0.140220,0.099058,0.047110,0.049411,0.016835,
nan,0.238541,0.581851,0.393954,0.320878,0.245680,0.501321,0.320941,0.199557,0.160248,0.244698,0.227601,0.123294,0.113381,0.087427,0.065307,0.079357,0.024317,0.063057,0.012118,nan,
0.247806,0.408111,0.332914,0.299271,0.316924,0.306984,0.366323,0.303775,0.262145,0.257461,0.194206,0.242590,0.138959,0.125565,0.126943,0.093939,0.074863,0.052139,0.039720,0.036824,0.016358,
0.402037,0.335995,0.322902,0.354281,0.350712,0.319095,0.324336,0.302396,0.304448,0.253174,0.215364,0.187580,0.143788,0.139487,0.111355,0.104650,0.072961,0.059158,0.041146,0.018989,0.007463,
0.331805,0.422147,0.305195,0.315691,0.294839,0.296256,0.306828,0.265972,0.260218,0.202583,0.198028,0.207755,0.148764,0.151650,0.123862,0.096200,0.081007,0.045003,0.034827,0.020683,0.013162,
0.509258,0.377787,0.397509,0.300306,0.303488,0.256771,0.251440,0.244562,0.228064,0.191571,0.185897,0.201375,0.195900,0.156287,0.133195,0.092214,0.076787,0.063189,0.039841,0.022897,0.009296,
0.229490,0.277342,0.284698,0.327520,0.246256,0.239450,0.272861,0.231942,0.236080,0.212701,0.207392,0.197921,0.146084,0.137951,0.098740,0.075766,0.075545,0.061761,0.032567,0.025574,0.011237,
0.178806,0.303370,0.228329,0.239849,0.259861,0.253237,0.187740,0.228612,0.200563,0.166855,0.171287,0.166585,0.124274,0.115164,0.102304,0.085678,0.068904,0.062811,0.039399,0.022175,0.020030,
0.241923,0.170969,0.214503,0.224754,0.188677,0.208663,0.217852,0.167713,0.181839,0.184193,0.144996,0.141537,0.113343,0.104843,0.104126,0.098655,0.058452,0.045526,0.025064,0.020045,0.015750,
0.206851,0.230945,0.167543,0.189288,0.162291,0.194601,0.180928,0.157485,0.194948,0.156290,0.186768,0.132410,0.117751,0.125804,0.112240,0.076336,0.052942,0.059369,0.035957,0.028112,0.010334,
0.117164,0.178317,0.150741,0.152130,0.129106,0.158507,0.206765,0.148114,0.131330,0.145471,0.136201,0.112901,0.109356,0.087165,0.084132,0.082396,0.063872,0.040618,0.039148,0.019306,0.014177,
0.121266,0.133009,0.144719,0.148017,0.128987,0.175709,0.163060,0.141665,0.142422,0.133220,0.129884,0.108884,0.109015,0.094951,0.083469,0.085030,0.056131,0.052665,0.030235,0.023927,0.020242,
0.096773,0.126858,0.127510,0.156337,0.137294,0.162912,0.152845,0.140157,0.154556,0.117875,0.137079,0.132204,0.119537,0.101745,0.086854,0.099415,0.061410,0.062495,0.039265,0.026638,0.018231,
0.106088,0.154655,0.140617,0.114775,0.116070,0.134846,0.136339,0.143052,0.178666,0.141981,0.129589,0.111740,0.090913,0.094721,0.086532,0.092588,0.071199,0.064108,0.043657,0.021887,0.013592,
0.113233,0.131059,0.131686,0.108664,0.134203,0.128229,0.144537,0.133761,0.140734,0.132717,0.127335,0.153466,0.099213,0.117731,0.139754,0.090737,0.074491,0.074980,0.048854,0.032354,0.027827,
0.095551,0.148861,0.213712,0.171719,0.159038,0.176264,0.161123,0.123796,0.125552,0.175288,0.123874,0.119901,0.125220,0.125293,0.084990,0.138151,0.086622,0.081795,0.049520,0.031486,0.025994,
0.063296,0.087088,0.102789,0.167874,0.134992,0.151956,0.163871,0.121727,0.129558,0.156176,0.144785,0.135711,0.146011,0.125401,0.151909,0.092213,0.107941,0.074395,0.052385,0.036259,0.019904,
0.214890,0.266705,0.117412,0.158897,0.167880,0.106692,0.267458,0.209436,0.126263,0.105139,0.157378,0.136598,0.189349,0.145724,0.133943,0.109991,0.149779,0.066277,0.101872,0.054540,0.031815,
nan,nan,0.102641,0.205725,0.136724,0.125349,0.134977,0.445354,0.154971,0.146037,0.168667,0.105088,0.110336,0.141535,0.145204,0.113839,0.121992,0.166768,0.050552,0.037862,0.028375,
nan,0.065983,nan,0.121248,0.196266,0.068354,nan,0.289924,0.104770,0.082989,0.402659,0.131471,0.140425,0.066050,0.112264,0.080565,0.059501,0.187502,0.039498,0.045620,0.033214,
nan,0.216599,0.251708,0.420966,0.471234,0.155789,0.293138,0.333096,0.267911,0.273811,0.393893,0.272071,0.164388,0.159185,0.101006,0.041968,0.069795,0.051557,0.023758,0.013649,nan,
0.339043,0.403098,0.340084,0.365968,0.328791,0.287722,0.255064,0.250556,0.307284,0.221986,0.217232,0.216404,0.207329,0.139849,0.145841,0.081272,0.061144,0.073560,0.035471,0.031701,0.027236,
0.395536,0.389446,0.331621,0.375196,0.340153,0.348200,0.323165,0.297367,0.249696,0.196507,0.240726,0.207199,0.182357,0.122534,0.107438,0.093781,0.063659,0.042205,0.060938,0.014288,0.011963,
0.350980,0.418158,0.388278,0.313251,0.363738,0.328244,0.271043,0.278710,0.257707,0.208992,0.230357,0.211205,0.184497,0.169540,0.105082,0.098070,0.078316,0.067384,0.033758,0.026152,0.013559,
0.347056,0.347531,0.313298,0.324186,0.261872,0.289739,0.261831,0.237687,0.222210,0.236498,0.205930,0.174346,0.155856,0.139090,0.115427,0.091339,0.076764,0.050466,0.038237,0.014221,0.019432,
0.306863,0.316286,0.282594,0.246610,0.288449,0.280481,0.246043,0.213319,0.223455,0.192038,0.190997,0.145657,0.138196,0.119827,0.116969,0.081022,0.076379,0.052175,0.037068,0.024008,0.012040,
0.281657,0.275187,0.246498,0.220584,0.230849,0.232686,0.221755,0.215621,0.245678,0.196556,0.167151,0.156602,0.160274,0.099262,0.104101,0.085272,0.077637,0.042666,0.031284,0.017857,0.012831,
0.226232,0.278235,0.205096,0.193300,0.191338,0.200961,0.190332,0.168701,0.158472,0.171035,0.159266,0.147189,0.128920,0.112686,0.091706,0.087132,0.060964,0.082003,0.034610,0.021770,0.014640,
0.134136,0.273585,0.171841,0.160400,0.176823,0.186528,0.175689,0.168251,0.151483,0.188391,0.126168,0.136156,0.109315,0.100704,0.097050,0.076171,0.072703,0.044400,0.039852,0.019467,0.013104,
0.372970,0.187005,0.141291,0.139349,0.172171,0.166156,0.167687,0.154855,0.129226,0.127469,0.135337,0.125800,0.115333,0.101238,0.086077,0.079887,0.068019,0.069169,0.030987,0.023383,0.013706,
0.092605,0.140764,0.125643,0.125019,0.138978,0.141171,0.158640,0.137638,0.135018,0.154005,0.124577,0.110650,0.115755,0.108226,0.090182,0.064751,0.054269,0.057354,0.034851,0.025793,0.013030,
0.089542,0.099245,0.148297,0.133424,0.122477,0.130314,0.160917,0.135615,0.165388,0.115719,0.128147,0.118775,0.107597,0.109815,0.091652,0.078434,0.063175,0.042926,0.044287,0.024649,0.017469,
0.148454,0.151522,0.153512,0.159750,0.112391,0.135070,0.138610,0.122068,0.132739,0.152953,0.131640,0.116111,0.097836,0.108057,0.090932,0.080651,0.079663,0.055034,0.036432,0.022780,0.017524,
0.333562,0.105124,0.140711,0.209350,0.112654,0.116852,0.168156,0.116115,0.110967,0.178800,0.128850,0.109061,0.102098,0.111525,0.117913,0.084205,0.068516,0.068925,0.072522,0.034941,0.018182,
0.089918,0.190250,0.178592,0.093173,0.113440,0.127615,0.143012,0.138568,0.139954,0.129458,0.132493,0.128249,0.148351,0.142173,0.110300,0.095932,0.100521,0.080834,0.083548,0.042869,0.036643,
0.190567,0.121467,0.125059,0.142925,0.180421,0.123091,0.135516,0.154548,0.139130,0.120389,0.142470,0.152694,0.130165,0.097828,0.096472,0.155750,0.091436,0.087235,0.044204,0.033736,0.029629,
0.068455,0.138985,0.105543,0.151294,0.210077,0.132904,0.159219,0.149593,0.194887,0.148541,0.147088,0.114276,0.111166,0.144635,0.159346,0.104724,0.150673,0.082938,0.069567,0.037286,0.022836,
nan,nan,0.137794,0.099930,0.176555,0.135281,0.131192,0.242760,0.119088,0.105805,0.108403,0.117737,0.171279,0.158457,0.108511,0.109521,0.078231,0.141081,0.079234,0.064542,0.032449,
nan,nan,nan,0.182822,nan,0.171301,2.172174,0.167350,0.152582,0.172842,0.108189,0.239112,0.113776,0.095000,0.157363,0.150278,0.108197,0.066423,0.048919,0.051883,0.033386,
nan,0.255303,0.299142,0.399112,0.311450,0.328651,0.322334,0.319546,0.281496,0.264558,0.263627,0.574400,0.114670,0.104725,0.105103,0.088734,0.050121,0.042215,0.049846,0.010841,nan,
0.377607,0.369463,0.313871,0.336331,0.328097,0.321728,0.328434,0.249941,0.287980,0.234549,0.276254,0.210519,0.149952,0.192185,0.167950,0.108660,0.072053,0.049072,0.033112,0.031645,0.023397,
0.231414,0.420413,0.382553,0.317067,0.330431,0.295294,0.338075,0.274801,0.261540,0.214335,0.213705,0.187350,0.151335,0.128451,0.126626,0.090724,0.088910,0.053127,0.035253,0.038312,0.015231,
0.303088,0.371117,0.317250,0.269665,0.300041,0.327190,0.303593,0.267945,0.269394,0.253376,0.195110,0.173818,0.162735,0.175807,0.139522,0.092791,0.065836,0.061726,0.043588,0.027747,0.017223,
0.238005,0.340607,0.310389,0.303997,0.291441,0.269727,0.259694,0.262994,0.255828,0.240906,0.188180,0.160422,0.159372,0.125961,0.133475,0.099360,0.067425,0.062880,0.038352,0.033405,0.012098,
0.206377,0.328910,0.251424,0.242370,0.266172,0.248192,0.217683,0.254370,0.213021,0.180494,0.184475,0.198473,0.152168,0.142797,0.093753,0.091199,0.071278,0.062580,0.030449,0.026236,0.014253,
0.222134,0.338707,0.235410,0.219212,0.215184,0.232876,0.223531,0.223801,0.184007,0.197520,0.168372,0.176948,0.123977,0.107255,0.101441,0.080924,0.092223,0.059309,0.035557,0.021795,0.010650,
0.293300,0.239778,0.184365,0.208344,0.205701,0.221119,0.205253,0.159553,0.172175,0.180694,0.157697,0.140634,0.114136,0.107626,0.091472,0.092629,0.053329,0.053063,0.027623,0.016190,0.015585,
0.290605,0.199069,0.168546,0.195474,0.172037,0.175867,0.183067,0.185821,0.151890,0.156407,0.150190,0.135176,0.110549,0.117116,0.104484,0.075425,0.067927,0.052361,0.032160,0.027605,0.012138,
0.121391,0.194135,0.159747,0.202820,0.153861,0.160577,0.150716,0.145030,0.144419,0.156543,0.130203,0.114409,0.134596,0.093278,0.076676,0.065925,0.072206,0.046850,0.047319,0.022592,0.013127,
0.117483,0.171498,0.138928,0.154807,0.147926,0.130920,0.154049,0.137345,0.140525,0.127233,0.111495,0.121593,0.093307,0.090512,0.081705,0.077337,0.057196,0.041946,0.033520,0.027531,0.012884,
1.161939,0.136719,0.135480,0.120494,0.141198,0.134185,0.158943,0.135652,0.132064,0.126746,0.132150,0.110203,0.110456,0.103143,0.080487,0.078856,0.081928,0.059127,0.036493,0.024438,0.013710,
0.090360,0.115826,0.137122,0.117828,0.152767,0.127120,0.157601,0.145835,0.117679,0.139954,0.116714,0.118793,0.091149,0.107635,0.111806,0.086486,0.076898,0.049954,0.037042,0.026387,0.020080,
0.144497,0.158642,0.149595,0.107517,0.144453,0.120430,0.144923,0.149525,0.129981,0.141750,0.128194,0.116954,0.125074,0.130965,0.106447,0.089155,0.073628,0.060076,0.058622,0.028560,0.016660,
0.164836,0.181332,0.153120,0.190657,0.157529,0.121712,0.160855,0.160636,0.153989,0.129914,0.157973,0.122417,0.150595,0.135510,0.123091,0.126785,0.074329,0.072027,0.079194,0.058552,0.028484,
0.442002,0.119556,0.236937,0.151679,0.106079,0.151128,0.139447,0.177627,0.162761,0.150273,0.130383,0.116107,0.126968,0.128715,0.153826,0.139821,0.102157,0.098974,0.046074,0.048069,0.044031,
0.065950,0.079823,0.127853,0.171777,0.142191,0.144422,0.286481,0.188320,0.139950,0.176542,0.122598,0.154907,0.132294,0.133194,0.122137,0.110904,0.108809,0.097323,0.057720,0.054229,0.025568,
nan,0.204798,0.116135,0.147359,0.147892,0.190850,0.138331,0.087559,0.277130,0.100241,0.107120,0.124460,0.105144,0.140885,0.161895,0.161719,0.091391,0.124644,0.091646,0.059694,0.041064,
nan,nan,0.085511,0.039405,0.129721,nan,0.076600,0.440575,0.122513,0.153672,0.196878,0.097480,0.328022,0.085978,0.269066,0.075700,0.089735,0.076687,0.068826,0.058158,0.093024,
nan,0.287194,0.251355,0.416069,0.476270,0.225833,0.340803,0.262048,0.227862,0.294108,0.264225,0.152941,0.137185,0.139902,0.085700,0.106780,0.102415,0.043247,0.018453,0.041955,nan,
0.335911,0.346946,0.390971,0.319466,0.338337,0.333886,0.322922,0.303424,0.289021,0.232146,0.239359,0.247516,0.193225,0.185681,0.134992,0.086424,0.128046,0.073304,0.052839,0.026579,0.009970,
0.255944,0.369728,nan,0.367236,0.310291,0.367392,0.261257,0.289288,0.292191,0.234106,0.232417,0.171578,0.210211,0.157764,0.100216,0.113705,0.072130,0.050513,0.050360,0.022148,0.015443,
0.262235,0.416142,0.343611,0.381052,0.333544,0.284438,0.282143,0.262499,0.226318,0.230251,0.181212,0.191854,0.161395,0.137660,0.114063,0.095699,0.074814,0.064881,0.032923,0.025561,0.025782,
0.233673,0.288996,0.275883,0.268306,0.303034,0.222241,0.267109,0.254521,0.237178,0.208300,0.194310,0.196065,0.160716,0.143416,0.114228,0.095801,0.095706,0.053503,0.031559,0.019144,0.011813,
0.362628,0.225515,0.281110,0.234961,0.389306,0.267798,0.263998,0.229950,0.234703,0.216670,0.196541,0.166755,0.138898,0.115620,0.124108,0.087728,0.066150,0.068847,0.039906,0.020332,0.017705,
0.353025,0.239218,0.214379,0.260091,0.234095,0.251303,0.201554,0.193069,0.232330,0.197800,0.164943,0.151051,0.147006,0.103715,0.116403,0.079751,0.053384,0.044990,0.029660,0.019762,0.010332,
0.289143,0.210316,0.179046,0.215759,0.215460,0.187200,0.199635,0.196107,0.161458,0.178282,0.169199,0.162876,0.136136,0.108092,0.102214,0.072869,0.066207,0.074927,0.032296,0.022363,0.011972,
0.264354,0.189920,0.152125,0.202320,0.181070,0.166072,0.179788,0.168607,0.143101,0.158623,0.116543,0.129475,0.113507,0.105958,0.114355,0.087176,0.051130,0.055186,0.028652,0.021096,0.015319,
0.224403,0.178387,0.131919,0.166729,0.157869,0.187159,0.180951,0.153943,0.138623,0.167293,0.137241,0.123034,0.117698,0.101182,0.091626,0.067185,0.061842,0.045603,0.039359,0.029557,0.012683,
0.672060,0.126422,0.112260,0.136868,0.170942,0.142367,0.154938,0.141795,0.128792,0.109302,0.130185,0.120967,0.164981,0.096600,0.084320,0.069322,0.061919,0.044439,0.042229,0.030252,0.018298,
0.094538,0.139284,0.125471,0.119169,0.137885,0.148534,0.137756,0.132688,0.133012,0.137057,0.122482,0.118179,0.109707,0.111295,0.090290,0.077281,0.064486,0.070849,0.033973,0.023852,0.015253,
0.096906,0.128533,0.130921,0.104723,0.157681,0.157366,0.123023,0.154781,0.135084,0.131165,0.112790,0.120622,0.125781,0.107035,0.105094,0.077360,0.077526,0.047424,0.046969,0.025615,0.014125,
0.155971,0.126891,0.118043,0.106740,0.117071,0.171016,0.115843,0.160155,0.139212,0.137236,0.134772,0.139238,0.140416,0.139037,0.107317,0.093318,0.073037,0.060118,0.046076,0.027633,0.029408,
0.099720,0.106895,0.102083,0.128902,0.151512,0.137688,0.109443,0.148014,0.132052,0.137496,0.098786,0.138353,0.143125,0.119386,0.122264,0.123597,0.079851,0.073849,0.063266,0.048426,0.020750,
0.075212,0.103166,0.170514,0.150895,0.153630,0.169597,0.137118,0.160345,0.165154,0.134592,0.120533,0.158585,0.139708,0.123119,0.107653,0.133854,0.107104,0.073177,0.057264,0.097240,0.065916,
nan,0.081761,0.135210,0.198200,0.202979,0.170071,0.128171,0.191961,0.146634,0.167436,0.133246,0.172121,0.208192,0.123262,0.146690,0.142991,0.117523,0.087991,0.073379,0.070037,0.050126,
nan,0.296850,0.090070,0.150197,0.106220,0.170862,0.132814,0.106126,0.150089,0.188967,0.119181,0.146111,0.185793,0.190524,0.165048,0.140881,0.151801,0.095775,0.079766,0.066927,0.049417,
nan,0.103818,0.100759,0.275438,0.372569,0.111938,0.228880,0.077736,0.130505,0.088257,0.103140,0.113703,0.437601,0.132365,0.071757,0.102659,0.097573,0.082124,0.125463,0.062091,0.032828,
nan,0.247831,0.294968,0.267562,0.356877,0.244413,0.288275,0.312176,0.144220,0.322899,0.118579,0.188223,0.120475,0.098922,0.211175,0.067469,0.078178,0.060332,0.024235,0.031675,nan,
0.279003,0.342616,0.369881,0.398562,0.315100,0.339537,0.337407,0.264505,0.242493,0.247039,0.255371,0.258350,0.184969,0.198767,0.120762,0.098826,0.104377,0.078299,0.040556,0.025313,0.019050,
0.335590,0.418097,0.404014,0.350438,0.326191,0.322057,0.269829,0.304925,0.262636,0.263914,0.221920,0.197225,0.172201,0.143211,0.120465,0.120722,0.104960,0.066147,0.033616,0.019014,0.016892,
0.313610,0.300962,0.336704,0.330843,0.307534,0.304301,0.280869,0.267333,0.283837,0.222604,0.191507,0.194861,0.160702,0.141165,0.119196,0.101333,0.064814,0.066036,0.049443,0.016568,0.021612,
0.283847,0.274252,0.291804,0.213219,0.283191,0.293232,0.282609,0.237842,0.247167,0.202585,0.215333,0.173376,0.165557,0.137237,0.110022,0.079333,0.071777,0.054501,0.034840,0.025559,0.011979,
0.294464,0.287906,0.245023,0.290736,0.283643,0.267115,0.243504,0.259469,0.218241,0.198835,0.187650,0.157874,0.150763,0.127996,0.115978,0.090576,0.078585,0.071351,0.032936,0.036035,0.010819,
0.211758,0.237036,0.243310,0.234021,0.245162,0.222929,0.226582,0.207492,0.190493,0.180356,0.159859,0.176288,0.130070,0.111583,0.092746,0.080619,0.054856,0.051902,0.032430,0.029514,0.012353,
0.145723,0.229259,0.220819,0.218108,0.208113,0.204015,0.204170,0.159615,0.171435,0.210036,0.154305,0.142540,0.125883,0.097024,0.089992,0.082489,0.075904,0.051752,0.034729,0.017905,0.010329,
0.170585,0.181030,0.194680,0.208495,0.168318,0.194263,0.183805,0.164179,0.150237,0.172022,0.138764,0.124228,0.123665,0.099972,0.100103,0.075629,0.058572,0.059030,0.032997,0.019702,0.011146,
0.153410,0.151424,0.187429,0.190894,0.149296,0.166408,0.144599,0.179749,0.166461,0.142199,0.127441,0.128219,0.133527,0.092132,0.095409,0.075513,0.057793,0.045686,0.026926,0.023160,0.014595,
0.436657,0.154051,0.173143,0.169928,0.135851,0.149183,0.143081,0.146918,0.129203,0.125948,0.144886,0.104823,0.110761,0.101886,0.084718,0.083906,0.060689,0.046285,0.038156,0.031614,0.014407,
0.100995,0.114355,0.184127,0.142324,0.124749,0.143410,0.130328,0.158534,0.144254,0.153875,0.115394,0.104485,0.114176,0.117461,0.086825,0.081233,0.056904,0.048724,0.036882,0.025764,0.035849,
0.088564,0.114126,0.105554,0.151977,0.124119,0.143447,0.134836,0.148214,0.135846,0.124162,0.118769,0.129570,0.132921,0.116028,0.118166,0.078622,0.074217,0.065222,0.039785,0.032647,0.015846,
0.173301,0.107057,0.131437,0.136678,0.113944,0.131379,0.148841,0.155393,0.144313,0.127815,0.110200,0.127849,0.124748,0.113873,0.086579,0.103648,0.079503,0.058401,0.047542,0.028653,0.021768,
0.053852,0.149178,0.127111,0.138226,0.122954,0.119322,0.136495,0.181569,0.145662,0.150573,0.126987,0.144897,0.155953,0.106526,0.123274,0.114193,0.081441,0.089621,0.055010,0.034509,0.030064,
nan,0.236147,0.205515,0.127710,0.167534,0.187978,0.138871,0.128735,0.131805,0.207177,0.137870,0.137533,0.147177,0.128082,0.111694,0.131925,0.090843,0.100878,0.063898,0.056410,0.071497,
0.079485,0.109299,0.166610,0.151971,0.164908,0.163066,0.134576,0.097511,0.126508,0.147239,0.245276,0.120726,0.101012,0.157945,0.121945,0.134008,0.125968,0.099634,0.054188,0.091801,0.032454,
0.168693,0.126558,0.130899,0.137247,0.120822,0.139221,0.193440,0.134091,0.129449,0.181798,0.233401,0.185808,0.165785,0.130565,0.099119,0.158401,0.166332,0.128954,0.087261,0.051632,0.065942,
nan,0.221577,nan,0.081491,nan,0.098762,0.134215,0.065229,0.189954,0.181074,0.105042,0.226624,0.138321,0.104116,0.130672,0.146864,0.077120,0.091490,0.066618,0.052228,0.053132,
nan,0.347817,0.503957,0.338007,0.368476,0.225351,0.285243,0.244641,0.186908,0.313982,0.233566,0.133903,0.130406,0.136589,0.159909,0.056270,0.236063,0.079311,0.031163,0.021335,nan,
0.478835,0.397294,0.364397,0.377519,0.378019,0.283361,0.284734,0.329114,0.271544,0.242702,0.225469,0.200322,0.184445,0.140436,0.146700,0.106990,0.067157,0.062461,0.031053,0.028018,0.022617,
0.450237,0.349023,0.314615,0.367408,0.353852,0.318331,0.302701,0.330332,0.240238,0.223456,0.250289,0.203877,0.155682,0.145107,0.126249,0.082814,0.083088,0.064875,0.045624,0.022396,0.011849,
0.272275,0.352135,0.290713,0.304325,0.324871,0.318419,0.292934,0.273652,0.257848,0.236211,0.213549,0.200951,0.162508,0.153279,0.125240,0.094385,0.072332,0.060080,0.039941,0.023931,0.014771,
0.242397,0.311029,0.313337,0.278808,0.315376,0.271287,0.275451,0.241482,0.239093,0.213413,0.179731,0.176219,0.153600,0.135112,0.112235,0.090372,0.075969,0.061197,0.031201,0.024417,0.023637,
0.251382,0.269411,0.265926,0.254000,0.264203,0.263338,0.270689,0.237407,0.221585,0.204198,0.180910,0.175681,0.150744,0.133545,0.110404,0.099176,0.069459,0.053877,0.035687,0.019109,0.012114,
0.285984,0.297980,0.254013,0.226721,0.208341,0.253275,0.180001,0.211222,0.217589,0.202782,0.165782,0.140624,0.143579,0.107033,0.100328,0.087031,0.058918,0.069764,0.036276,0.029165,0.015062,
0.293269,0.201858,0.234227,0.205249,0.213772,0.204505,0.193141,0.197988,0.168817,0.168303,0.184160,0.163584,0.132807,0.106378,0.101968,0.081470,0.074143,0.043803,0.032360,0.029500,0.028121,
0.201376,0.214677,0.203431,0.188727,0.179674,0.182323,0.187865,0.181272,0.145359,0.156174,0.151084,0.131292,0.110572,0.106897,0.098329,0.081665,0.061453,0.061419,0.038672,0.020998,0.010979,
0.119471,0.206566,0.178042,0.174606,0.154643,0.158460,0.151610,0.151859,0.133685,0.140631,0.130799,0.129432,0.122251,0.094552,0.086663,0.082778,0.063537,0.053323,0.031065,0.023678,0.012887,
0.226810,0.145683,0.165246,0.172826,0.153702,0.149858,0.143074,0.141802,0.136692,0.144489,0.139386,0.139840,0.105401,0.102182,0.096028,0.074267,0.065114,0.049622,0.037860,0.026433,0.012966,
0.090383,0.233154,0.145800,0.154818,0.147530,0.128167,0.140770,0.152792,0.117860,0.128843,0.121896,0.125347,0.120228,0.111731,0.082502,0.098992,0.058888,0.052448,0.044451,0.036682,0.018487,
0.259360,0.176173,0.137468,0.125412,0.161418,0.138354,0.115332,0.139089,0.140692,0.118515,0.117975,0.119102,0.111760,0.116328,0.108408,0.089604,0.070807,0.063700,0.036199,0.023952,0.017864,
0.090659,0.135979,0.166911,0.131786,0.175387,0.160061,0.130990,0.133956,0.152291,0.151256,0.138353,0.111242,0.126316,0.107652,0.119214,0.093096,0.078523,0.062568,0.043584,0.034820,0.022611,
0.076960,0.114044,0.114897,0.118952,0.159622,0.175306,0.121053,0.139653,0.123654,0.177568,0.117048,0.126051,0.128807,0.104169,0.116459,0.126838,0.101115,0.077789,0.049306,0.040255,0.037002,
0.078052,0.153264,0.122524,0.193760,0.149054,0.193095,0.111521,0.137349,0.141023,0.128669,0.169755,0.115449,0.123934,0.137394,0.121669,0.128655,0.092875,0.100389,0.062072,0.044419,0.043975,
nan,0.299967,0.139851,0.148437,0.156552,0.115204,0.127649,0.131429,0.143878,0.170215,0.135091,0.120193,0.167807,0.177904,0.107345,0.144835,0.130137,0.101358,0.066218,0.073256,0.046786,
0.095630,0.608773,0.078245,0.219906,0.126912,0.251027,0.144154,0.191880,0.149053,0.166919,0.259258,0.124243,0.148944,0.214450,0.109569,0.147025,0.118770,0.093163,0.065980,0.091352,0.117593,
nan,0.070611,0.322508,0.197249,0.112598,0.083706,0.084784,0.121778,0.068923,0.547029,0.086554,0.362304,0.096698,0.139866,0.115848,0.097296,0.104242,0.058512,0.097638,0.061534,0.029269,
nan,0.470697,0.402402,0.319142,0.611794,0.520394,0.257202,0.275918,0.199091,0.199215,0.433885,0.168145,0.122577,0.388074,0.097406,0.087213,0.051815,0.063650,0.028484,0.020614,nan,
0.307284,0.317339,0.385616,0.354561,0.337947,0.322532,0.273399,0.338993,0.278991,0.236014,0.207830,0.167803,0.149524,0.144555,0.100790,0.089786,0.066115,0.066510,0.022786,0.021072,0.021531,
0.456001,0.386704,0.355808,0.375562,0.369130,0.328118,0.310534,0.279765,0.296109,0.240286,0.217810,0.206911,0.163171,0.148712,0.121254,0.096301,0.082500,0.075322,0.038922,0.021074,0.022476,
0.360761,0.284778,0.343952,nan,0.311444,0.323513,0.303587,0.271227,0.257832,0.234072,0.214816,0.176848,0.173514,0.129415,0.105253,0.095180,0.090073,0.066781,0.042689,0.024165,0.016063,
0.264533,0.373209,0.299993,0.293327,0.297265,0.307741,0.252952,0.235122,0.237544,0.209197,0.183040,0.189332,0.145882,0.145276,0.115710,0.094249,0.064165,0.052276,0.043489,0.019265,0.011646,
0.200811,0.384106,0.318536,0.254377,0.260364,nan,0.258839,0.262915,0.220772,0.230283,0.205088,0.158808,0.148150,0.129324,0.102675,0.074012,0.066057,0.052389,0.035561,0.024936,0.010758,
0.204857,0.230681,0.342918,0.229880,0.255569,0.232553,0.218671,0.216106,0.200372,0.187807,0.174674,0.158341,0.142175,0.109698,0.116175,0.084087,0.072927,0.051404,0.045114,0.021146,0.014462,
0.138677,0.210900,0.245658,0.213002,0.204106,0.208686,0.207873,0.197460,0.174320,0.181574,0.142136,0.149831,0.113121,0.105548,0.094342,0.081340,0.056082,0.052023,0.033819,0.032311,0.012636,
0.115855,0.169104,0.216657,0.197343,0.193319,0.180354,0.170249,0.170379,0.152815,0.149511,0.124450,0.136110,0.120710,0.101361,0.109592,0.077953,0.070735,0.045440,0.034412,0.025955,0.028318,
0.172715,0.158500,0.189333,0.168476,0.187398,0.155488,0.163420,0.151424,0.143017,0.137777,0.109312,0.136521,0.113391,0.099190,0.097968,0.072488,0.064810,0.051802,0.043759,0.023121,0.011284,
0.081527,0.150893,0.137615,0.151995,0.156089,0.152333,0.150701,0.134073,0.115542,0.153616,0.135799,0.124185,0.107496,0.094609,0.078647,0.079894,0.072903,0.049369,0.031461,0.028934,0.016373,
0.219199,0.315292,0.129669,0.143824,0.150032,0.147565,0.152440,0.122512,0.130891,0.133385,0.129580,0.118691,0.122360,0.094727,0.096060,0.075400,0.075701,0.051666,0.036560,0.028311,0.020844,
0.082069,0.216849,0.111265,0.155875,0.165880,0.138139,0.162669,0.157079,0.143190,0.124611,0.126926,0.117034,0.109373,0.103851,0.107437,0.101604,0.073146,0.069540,0.039194,0.043845,0.018794,
0.143296,0.113186,0.126789,0.139645,0.138600,0.118370,0.176593,0.160022,0.162086,0.117010,0.118756,0.191742,0.128581,0.098507,0.112446,0.099477,0.077692,0.072210,0.046119,0.030362,0.025059,
0.062553,0.148457,0.135657,0.216312,0.124808,0.133375,0.183224,0.148156,0.152114,0.121606,0.125865,0.132319,0.119439,0.119836,0.106213,0.135875,0.106986,0.068851,0.064518,0.035510,0.034264,
0.065310,0.145453,0.119234,0.172439,0.126974,0.175503,0.179336,0.189687,0.152026,0.166309,0.132819,0.153074,0.159326,0.136475,0.117836,0.113713,0.101110,0.086785,0.057951,0.041654,0.047075,
0.187579,0.131362,0.214179,0.164547,0.179397,0.119805,0.147643,0.128746,0.135414,0.172066,0.179771,0.181277,0.176320,0.101184,0.129746,0.131244,0.126372,0.106993,0.088266,0.051850,0.036474,
0.122764,0.204306,0.106159,0.119647,0.203687,0.169021,0.178524,0.136438,0.181105,0.145626,0.225239,0.141360,0.174681,0.208029,0.208472,0.135035,0.096246,0.085812,0.072206,0.076633,0.093039,
nan,nan,nan,0.149742,0.074297,0.087809,0.093180,0.133250,0.151032,0.084990,0.165723,0.096393,0.244173,0.143834,0.174513,0.403650,0.078807,0.084275,0.084982,0.071313,0.036620,
nan,0.331898,0.314774,0.237975,0.253933,0.434441,0.433348,0.479127,0.242413,0.270403,0.170619,0.125655,0.210278,0.152640,0.093071,0.067400,0.038007,0.327857,0.025590,0.043812,nan,
0.414558,0.359393,0.362921,0.313559,0.356059,0.327067,0.253065,0.235511,0.238432,0.240720,0.239511,0.244080,0.181858,0.150596,0.094170,0.112199,0.068266,0.059308,0.032898,0.029665,0.029435,
0.428916,0.355430,0.347120,0.338214,0.317703,0.332071,0.292592,0.273593,0.292917,0.232010,0.196725,0.199399,0.185426,0.156015,0.120757,0.087129,0.079961,0.059355,0.032393,0.032692,0.025926,
1.034634,0.335197,0.353392,0.348758,0.316866,0.333816,0.270275,0.308113,0.241921,0.233046,0.210433,0.186365,0.167192,0.150723,0.118944,0.096998,0.075693,0.050343,0.044985,0.019015,0.012431,
0.294041,0.289622,0.311301,0.287559,0.305829,0.302976,0.290980,0.257158,0.255760,0.199249,0.218304,0.184237,0.160840,0.137207,0.113349,0.089731,0.066708,0.061884,0.038596,0.023430,0.015411,
0.114117,0.308623,0.319927,0.263895,0.268749,0.266846,0.309444,0.240017,0.232661,0.206909,0.179360,0.182717,0.146698,0.137959,0.099161,0.088347,0.075782,0.062942,0.035231,0.021840,0.015420,
0.120890,0.245236,0.266075,0.246092,0.239926,0.274487,nan,0.212291,0.216858,0.195690,0.172689,0.146106,0.159280,0.118250,0.095061,0.075315,0.062323,0.046574,0.039285,0.025033,0.013145,
0.174366,0.267412,0.223994,0.223688,0.207782,0.210275,0.190196,0.197786,0.172245,0.173612,0.138429,0.146676,0.120214,0.103341,0.097231,0.086139,0.071980,0.054906,0.035486,0.021091,0.010378,
0.248657,0.186595,0.225469,0.187228,0.173844,0.193423,0.187233,0.175884,0.155860,0.160587,0.144872,0.147398,0.109188,0.108159,0.084049,0.074209,0.058130,0.048389,0.032621,0.020926,0.039510,
0.138042,0.156020,0.202573,0.176141,0.151977,0.174789,0.157525,0.148172,0.140598,0.236737,0.122767,0.142602,0.109458,0.093435,0.106323,0.075963,0.081657,0.045259,0.042292,0.027679,0.021508,
0.127206,0.183641,0.155489,0.130196,0.142080,0.147782,0.147822,0.138780,0.129692,0.143250,0.144889,0.124625,0.127712,0.100046,0.087285,0.081079,0.058978,0.047747,0.048782,0.034476,0.013117,
0.327573,0.219861,0.165432,0.128751,0.163418,0.145355,0.148331,0.134938,0.150305,0.126500,0.135070,0.116663,0.130533,0.108952,0.098787,0.078557,0.072834,0.052432,0.038009,0.027132,0.017422,
0.085132,0.278769,0.146380,0.170197,0.120387,0.172338,0.148995,0.130080,0.135668,0.136378,0.125460,0.134236,0.110178,0.113058,0.092016,0.108901,0.071876,0.063693,0.037727,0.037145,0.022636,
0.091865,0.185947,0.143268,0.132491,0.168085,0.209934,0.151009,0.156300,0.131403,0.131336,0.141620,0.128734,0.142869,0.111811,0.122016,0.119561,0.095536,0.082534,0.060512,0.054237,0.022043,
0.066939,0.171952,0.130406,0.180256,0.171788,0.179886,0.174872,0.166501,0.132333,0.124429,0.167518,0.123831,0.138518,0.134554,0.115660,0.108324,0.095332,0.076578,0.065644,0.039222,0.025939,
0.280574,0.185091,0.163690,0.164796,0.146476,0.245364,0.128069,0.188540,0.134189,0.170192,0.116898,0.142278,0.135710,0.124195,0.130248,0.113808,0.119817,0.101687,0.070185,0.046889,0.034017,
0.061928,0.085381,0.184542,0.115164,0.152232,0.160809,0.221060,0.120201,0.137292,0.140220,0.159432,0.148366,0.170110,0.163324,0.133201,0.134492,0.137112,0.121131,0.072601,0.048641,0.055251,
0.076361,0.195391,0.139125,0.261985,0.120377,0.169002,0.153337,0.139589,0.179423,0.159975,0.128753,0.127734,0.137641,0.147407,0.191765,0.116322,0.102948,0.107090,0.097803,0.076303,0.048783,
nan,nan,nan,0.087897,0.315883,0.172759,0.107337,0.107429,0.072390,0.089661,0.162693,0.100844,0.167057,0.097615,0.127520,0.082435,0.082902,0.076571,0.059905,0.155334,0.286890,
nan,0.252867,0.509693,0.305565,0.195944,0.306817,0.420353,0.175173,0.211770,0.206468,0.187652,0.137641,0.141379,0.106458,0.078718,0.111110,0.046165,0.043527,0.090607,0.013746,nan,
0.544707,0.359513,0.334474,0.352699,0.374266,0.393184,0.302651,0.249061,0.283397,0.251408,0.250515,0.211279,0.183884,0.147054,0.156240,0.096693,0.102231,0.075436,0.039682,0.019745,0.023346,
0.361550,0.328095,0.352363,0.340818,0.324095,0.337331,0.306559,0.263535,0.234934,0.223469,0.249685,0.227123,0.160968,0.140062,0.128389,0.099064,0.098204,0.056607,0.039203,0.038791,0.011717,
0.319264,0.330654,0.337430,0.319463,0.315042,0.280666,0.301375,0.276717,0.255173,0.247411,0.209468,0.223433,0.151305,0.140685,0.117548,0.089499,0.066597,0.078865,0.043352,0.023887,0.017427,
0.842513,0.276288,0.340469,0.277517,nan,0.283882,0.294616,0.239609,0.226254,0.224165,0.198496,0.183147,0.152777,0.122842,0.105080,0.087564,0.076279,0.048694,0.046934,0.019995,0.014020,
0.297594,0.256400,0.302422,0.279772,0.264220,0.283959,0.257544,0.238340,0.245185,0.192476,0.190502,0.174139,0.154715,0.124791,0.108112,0.089096,0.067595,0.058336,0.037038,0.019718,0.016411,
0.135149,0.343955,0.236118,0.247867,0.238839,0.235748,0.222444,0.213874,0.199383,0.203839,0.178421,0.148159,0.152243,0.132533,0.106210,0.087931,0.060749,0.058022,0.033752,0.021384,0.011162,
0.161207,0.279596,0.227201,0.225422,0.203106,0.216601,0.203658,0.189795,0.192279,0.178854,0.157559,0.148947,0.150142,0.117165,0.099786,0.072116,0.061512,0.053131,0.036373,0.025477,0.010542,
0.153483,0.180412,0.191286,0.188717,0.204605,0.186734,0.181702,0.162973,0.148336,0.154308,0.150268,0.148143,0.110507,0.101044,0.095584,0.080982,0.081042,0.050570,0.041079,0.019990,0.013353,
0.111223,0.146669,0.158457,0.163832,0.182178,0.165800,0.166294,0.158851,0.136271,0.146748,0.127790,0.153189,0.110489,0.104321,0.093168,0.072102,0.066062,0.051034,0.043399,0.020367,0.021635,
0.123539,0.128821,0.159781,0.148011,0.181812,0.167132,0.137842,0.148372,0.151544,0.131963,0.141042,0.130389,0.111880,0.114511,0.101145,0.096485,0.093862,0.051665,0.037413,0.028481,0.018683,
0.086407,0.132035,0.169454,0.173742,0.150027,0.148661,0.128976,0.132490,0.134404,0.139259,0.122762,0.116949,0.148103,0.114649,0.098223,0.086341,0.070807,0.052009,0.048892,0.036043,0.018255,
0.231562,0.206040,0.115981,0.174261,0.148605,0.126806,0.131719,0.139308,0.128469,0.131492,0.134436,0.124422,0.101034,0.114835,0.092626,0.081660,0.077616,0.062852,0.047696,0.030383,0.022524,
0.094836,0.217607,0.165682,0.138885,0.166561,0.124883,0.122006,0.137081,0.130669,0.147753,0.122672,0.131045,0.130163,0.107427,0.121701,0.129500,0.086168,0.064388,0.058592,0.031865,0.019612,
0.133460,0.180902,0.122757,0.119500,0.117493,0.182188,0.142998,0.146596,0.119532,0.184544,0.123626,0.124976,0.146357,0.139420,0.127885,0.128956,0.094100,0.081007,0.071527,0.060667,0.025612,
0.245847,0.157733,0.111043,0.161014,0.131737,0.147811,0.208688,0.168217,0.127599,0.135657,0.149221,0.135429,0.121079,0.142092,0.118028,0.126416,0.121109,0.105071,0.071218,0.046676,0.034866,
0.263665,0.105171,0.189857,0.131821,0.147973,0.136910,0.134391,0.182549,0.152537,0.139071,0.189407,0.129589,0.188455,0.160106,0.112853,0.133338,0.135510,0.097038,0.117346,0.050441,0.106741,
nan,0.793790,0.150397,0.135724,0.183935,0.155668,0.099798,0.254581,0.158704,0.143727,0.138610,0.183134,0.192758,0.146402,0.142287,0.182227,0.116824,0.139189,0.110158,0.074379,0.077735,
nan,nan,0.090689,nan,0.771389,0.103319,0.117045,0.080078,0.146069,0.252051,0.110350,0.100880,0.222772,0.106045,0.135108,0.110511,0.178057,0.079556,0.078837,0.057082,0.043531,
nan,0.289305,0.437337,0.221405,0.270933,0.406835,0.320539,0.168988,0.252578,0.107372,0.194138,0.096099,0.265131,0.079710,0.114181,0.051209,0.041000,0.035100,0.013566,0.012324,nan,
0.324067,0.210035,0.336616,0.280635,0.336314,0.350370,0.294505,0.277961,0.229408,0.214597,0.200665,0.167138,0.207058,0.129433,0.117574,0.089875,0.078921,0.104093,0.048050,0.011888,0.006938,
0.284887,0.376477,0.373715,0.355790,0.329207,0.301394,0.293008,0.293574,0.261779,0.249791,0.245642,0.192069,0.162407,0.192488,0.118671,0.087281,0.064888,0.076809,0.027430,0.034184,0.027232,
0.368083,0.343999,0.332180,0.317878,0.335988,0.300913,0.311742,0.252217,0.282080,0.225623,0.211076,0.171110,0.155701,0.137156,0.119046,0.090862,0.066802,0.056926,0.036205,0.033177,0.011883,
0.359909,0.297005,0.310020,0.295374,0.292739,0.300001,0.269775,0.273837,0.225139,0.228871,0.196660,0.194961,0.153373,0.124572,0.107663,0.099366,0.066053,0.074115,0.039030,0.023825,0.017113,
0.223823,0.280621,0.269663,0.287165,0.246673,0.296343,0.260296,0.237775,0.228165,0.199546,0.189828,0.165776,0.138270,0.117677,0.097942,0.081712,0.065736,0.053629,0.041940,0.023178,0.016324,
0.155028,0.253555,0.259078,0.258971,0.239314,0.247614,nan,0.218408,0.206219,0.196200,0.165695,0.163745,0.138214,0.118493,0.102259,0.094247,0.074386,0.049324,0.037858,0.021091,0.014957,
0.113019,0.249949,0.232218,0.213916,0.233653,0.219251,0.193582,0.193621,0.189528,0.169703,0.169925,0.135969,0.140506,0.114743,0.100949,0.095161,0.058335,0.042468,0.032254,0.019985,0.012003,
0.122462,0.195906,0.217399,0.192467,0.211200,0.184856,0.183211,0.169400,0.156446,0.157586,0.138357,0.128888,0.121767,0.109005,0.092423,0.073364,0.057607,0.057698,0.037626,0.020332,0.013238,
0.265138,0.155109,0.171396,0.182488,0.187819,0.161534,0.156237,0.159370,0.150721,0.141834,0.133234,0.134048,0.106415,0.093550,0.099080,0.081390,0.065022,0.052212,0.037290,0.021800,0.016329,
0.100978,0.141608,0.139936,0.142156,0.147403,0.146849,0.134949,0.164358,0.134977,0.127846,0.141014,0.126366,0.121521,0.112479,0.088006,0.083409,0.072811,0.056273,0.045827,0.020991,0.015754,
0.159905,0.145620,0.139158,0.129325,0.143651,0.115351,0.138072,0.159669,0.135721,0.138468,0.135166,0.090691,0.119565,0.111640,0.108809,0.082386,0.084558,0.058118,0.053649,0.029179,0.015829,
0.113488,0.115665,0.169681,0.107474,0.147502,0.117925,0.154647,0.136421,0.144807,0.143677,0.130580,0.124466,0.117602,0.114224,0.095844,0.091585,0.074896,0.054926,0.048457,0.037642,0.023468,
0.124147,0.173670,0.117824,0.151690,0.143681,0.108837,0.142306,0.160842,0.127028,0.156028,0.127191,0.127928,0.135512,0.117534,0.120427,0.097879,0.093482,0.078141,0.053094,0.033402,0.032729,
nan,0.162595,0.130583,0.152034,0.116943,0.156335,0.142030,0.154954,0.151293,0.139296,0.137637,0.148708,0.134027,0.135949,0.129396,0.133026,0.099793,0.084107,0.057371,0.034410,0.025804,
0.137661,0.129504,0.091207,0.152345,0.125049,0.179122,0.184556,0.182325,0.143077,0.148272,0.147852,0.167756,0.159192,0.136380,0.120973,0.131723,0.107428,0.085428,0.089015,0.049996,0.046463,
nan,0.169058,0.205692,0.164799,0.201798,0.127268,0.136875,0.135786,0.173291,0.180337,0.177258,0.173013,0.128042,0.139266,0.135011,0.132224,0.117694,0.100087,0.079947,0.072487,0.058467,
0.060600,0.163874,0.110081,0.135935,0.169246,0.119035,0.188976,0.240176,0.227109,0.140029,0.117241,0.181978,0.170094,0.142002,0.131598,0.165791,0.130084,0.120354,0.135356,0.073413,0.060882,
nan,nan,nan,0.198472,0.113545,0.092373,0.091416,0.110344,0.147978,0.166824,0.115130,0.125205,0.288612,0.429166,0.162647,0.099926,0.099609,0.136466,0.160247,0.081474,0.048943,
nan,0.397418,0.428987,0.198078,0.344559,0.444816,0.328922,0.291020,0.428081,0.211217,0.229972,0.188465,0.181772,0.095611,0.140949,0.059677,0.046823,0.030882,0.028811,0.018098,nan,
0.503810,0.350348,0.324257,0.360307,0.329068,0.268555,0.357325,0.284482,0.322240,0.296211,0.188630,0.219866,0.155716,0.155209,0.110225,0.107154,0.100313,0.065134,0.049833,0.025984,0.004829,
0.357055,0.348617,0.341576,0.361222,0.338575,0.315426,0.277545,0.267478,0.268445,0.216911,0.234436,0.207247,0.195902,0.145237,0.124207,0.097782,0.083301,0.047630,0.034653,0.018355,0.021680,
0.218840,0.297585,0.329179,0.319870,0.318711,0.340755,0.278165,0.265823,0.246615,0.243804,0.214122,0.199496,0.163067,0.150086,0.129525,0.104677,0.081519,0.066695,0.031304,0.033509,0.022719,
0.195904,0.277553,0.306873,0.318131,0.299430,0.298008,0.296001,0.251144,0.249414,0.223754,0.189000,0.162471,0.152302,0.123720,0.110625,0.101819,0.070584,0.062078,0.040553,0.029485,0.015263,
0.330005,0.241667,0.272006,0.283386,0.265853,0.271696,0.264540,0.238532,0.214521,0.220375,0.192620,0.166407,0.150129,0.115302,0.120633,0.099114,0.072529,0.069738,0.044107,0.023474,0.016094,
0.166805,0.290343,0.240200,0.243649,0.260939,0.236851,0.224628,0.223205,0.205447,0.193971,0.172907,0.159234,0.138532,0.112696,0.112587,0.094208,0.059198,0.058844,0.037748,0.023536,0.024981,
0.146838,0.282265,0.192301,0.227199,0.210815,0.206645,0.202744,0.194843,0.193913,0.181696,0.153446,0.146671,0.135492,0.106845,0.105329,0.079242,0.066262,0.053040,0.040812,0.028510,0.027095,
0.141367,0.220231,0.192579,0.185870,0.177010,0.171968,0.183760,0.168296,0.159026,0.162503,0.151585,0.123963,0.124872,0.100866,0.103305,0.092003,0.060990,0.043065,0.038511,0.030876,0.017614,
0.137452,0.145381,0.171521,0.155001,0.143234,0.154915,0.154714,0.168375,0.140860,0.221354,0.139359,0.126511,0.122416,0.095262,0.094378,0.082211,0.061627,0.049170,0.037195,0.025993,0.014075,
0.112997,0.134578,0.150544,0.155126,0.140929,0.144684,0.150716,0.145164,0.154174,0.147493,0.117023,0.135619,0.105163,0.104958,0.097854,0.076408,0.062003,0.052770,0.044514,0.029710,0.015116,
0.108250,0.121618,0.160228,0.137887,0.127979,0.142162,0.148630,0.137844,0.142673,0.135886,0.130606,0.121188,0.126972,0.116902,0.100725,0.084626,0.074230,0.067788,0.050035,0.026233,0.016879,
0.072900,0.182754,0.154671,0.157900,0.165339,0.133348,0.138519,0.147543,0.139474,0.125796,0.131894,0.124116,0.125608,0.116650,0.107668,0.090846,0.079508,0.060984,0.050613,0.041606,0.017491,
0.154055,0.213007,0.169582,0.129235,0.181007,0.129300,0.141089,0.139768,0.149807,0.129607,0.157182,0.129177,0.131418,0.119575,0.115625,0.095371,0.087497,0.079272,0.055866,0.049577,0.026187,
0.089607,0.183825,0.142658,0.154561,0.110551,0.154856,0.147345,0.171364,0.185627,0.132355,0.161963,0.144477,0.156017,0.130730,0.117879,0.122499,0.107972,0.105734,0.068007,0.053170,0.030823,
0.071328,0.143591,0.110207,0.145437,0.110833,0.133307,0.114533,0.170916,0.157133,0.137020,0.152904,0.149480,0.161604,0.145331,0.123963,0.131863,0.120231,0.086782,0.072473,0.068640,0.032914,
0.072802,0.079166,0.156973,0.118907,0.131530,0.128036,0.173521,0.205259,0.164205,0.195072,0.158062,0.164157,0.152117,0.159820,0.141724,0.144273,0.116189,0.105945,0.086655,0.058575,0.070252,
0.124051,0.153265,0.188028,0.087434,0.187580,0.108704,0.129170,0.120500,0.172103,0.151886,0.124263,0.178687,0.184024,0.155047,0.167376,0.147779,0.141678,0.118551,0.093539,0.106385,0.067818,
nan,nan,nan,0.203673,0.085736,0.337834,0.049926,0.184032,0.117385,0.229174,0.179618,0.108853,0.155103,0.235978,0.129088,0.108143,0.177516,0.094522,0.101748,0.109464,0.069723,
nan,0.410742,0.207861,0.363415,0.203668,0.528122,0.329411,0.237856,0.457949,0.317613,0.172247,0.172351,0.165551,0.100273,0.069842,0.115112,0.126082,0.031157,0.028852,0.036537,nan,
0.428302,nan,0.366936,0.323659,0.354441,0.337275,0.333555,0.285512,0.282143,0.257782,0.242340,0.170831,0.169195,0.122338,0.108803,0.100264,0.092206,0.072939,0.032822,0.041606,0.012509,
0.744164,0.330267,0.520323,0.319077,0.340245,0.300951,0.306673,0.303622,0.245005,0.266060,0.194531,0.174865,0.171931,0.128745,0.118918,0.084940,0.070256,0.076003,0.042842,0.028746,0.007387,
0.248944,0.358884,0.344847,0.318507,0.316600,0.282185,0.276810,0.284972,0.247230,0.228143,0.227939,0.196970,0.163662,0.127579,0.128400,0.082685,0.070121,0.055432,0.037221,0.023977,0.011314,
0.206549,0.394915,0.320680,0.314994,0.304502,0.292973,0.257900,0.249635,0.244379,0.234553,0.208170,0.183697,0.150614,0.142714,0.127267,0.090879,0.069922,0.059554,0.035523,0.021080,0.016658,
0.171172,0.326093,0.290123,0.287741,0.270485,0.277236,0.255128,0.234235,0.231064,0.230816,0.186264,0.175671,0.142949,0.123998,0.109198,0.109645,0.062715,0.052813,0.034940,0.023630,0.019665,
0.242496,0.271026,0.250867,0.271017,0.231238,0.240553,0.220122,0.215964,0.204395,0.200880,0.175844,0.162559,0.139945,0.110655,0.101179,0.106457,0.065753,0.053882,0.040672,0.021434,0.016527,
0.198804,0.242278,0.240330,0.227717,0.215611,0.201115,0.207755,0.199232,0.183388,0.175805,0.158018,0.145631,0.134309,0.108860,0.107330,0.097649,0.061553,0.050292,0.037778,0.019128,0.012797,
0.275024,0.208736,0.237878,0.231300,0.187793,0.174129,0.187069,0.181750,0.168695,0.160019,0.147055,0.143163,0.123513,0.099187,0.097817,0.078669,0.060502,0.052366,0.038934,0.019690,0.016422,
0.148576,0.210211,0.249936,0.225086,0.165527,0.146837,0.158906,0.163014,0.156865,0.142958,0.144527,0.121790,0.129305,0.102826,0.092205,0.083710,0.069502,0.045770,0.039651,0.025180,0.015483,
0.320529,0.229079,0.225512,0.178420,0.149723,0.138963,0.152610,0.143222,0.137651,0.136123,0.137081,0.125626,0.126901,0.103348,0.091369,0.090004,0.078010,0.047727,0.041029,0.023376,0.026037,
0.267548,0.226208,0.194924,0.150808,0.166947,0.134005,0.158651,0.148784,0.129829,0.133231,0.137784,0.122146,0.118130,0.110427,0.100506,0.093703,0.075279,0.051669,0.044494,0.032270,0.030518,
0.141020,0.150037,0.157354,0.160539,0.152480,0.144878,0.144980,0.154335,0.132715,0.135855,0.142636,0.133241,0.127075,0.118729,0.113286,0.087525,0.090192,0.057413,0.044670,0.052965,0.037904,
0.102085,0.144914,0.181714,0.158560,0.131376,0.166481,0.135200,0.185234,0.150614,0.135522,0.155966,0.130917,0.133491,0.124093,0.128523,0.100135,0.082226,0.077632,0.050657,0.057093,0.025581,
0.067011,0.142651,0.147782,0.162044,0.137854,0.164481,0.122622,0.159327,0.129405,0.152906,0.143224,0.149639,0.154407,0.127712,0.124914,0.115576,0.097864,0.086406,0.057206,0.048714,0.030405,
0.093818,0.135016,0.150389,0.208129,0.112057,0.181826,0.190685,0.147377,0.235386,0.152456,0.145977,0.157272,0.159618,0.133319,0.147919,0.128434,0.118008,0.098946,0.082567,0.062029,0.048842,
0.160796,0.165320,0.131824,0.163528,0.147226,0.165905,0.127681,0.167515,0.183681,0.156437,0.157874,0.172459,0.165846,0.152289,0.151630,0.125824,0.120093,0.122593,0.085924,0.074259,0.059470,
nan,0.707062,0.125783,0.137205,0.182034,0.121075,0.169395,0.201383,0.141126,0.234425,0.137305,0.181691,0.200861,0.136002,0.150109,0.161888,0.120934,0.131730,0.101323,0.068490,0.075752,
nan,nan,nan,nan,nan,0.116269,0.083263,0.076199,0.266305,0.081710,0.328131,0.066652,0.124704,0.138492,0.134817,0.195314,0.119610,0.112895,0.144995,0.142617,0.081369,
0.398017,0.467277,0.337007,0.238242,0.282547,0.391896,0.182411,0.361154,0.357138,0.197718,0.322152,0.244404,0.209832,0.120393,0.121348,0.106162,0.045996,0.040702,0.014557,0.012369,nan,
0.284786,0.360716,0.374933,0.364242,0.280797,0.337251,0.344151,0.265331,0.362631,0.211122,0.278116,0.191576,0.154147,0.111321,0.123272,0.098507,0.084258,0.053797,0.027108,0.017787,0.003946,
0.284897,0.339287,0.349078,0.322842,0.329966,0.318359,0.354099,0.289587,0.270264,0.222994,0.231891,0.184132,0.170214,0.130842,0.110619,0.098540,0.081334,0.044914,0.029788,0.026699,0.008884,
0.308333,0.306257,0.346185,0.327002,0.329704,0.286796,0.308309,0.271198,0.233073,0.213256,0.193877,0.170930,0.203990,0.157732,0.109874,0.096102,0.062198,0.051361,0.040044,0.019087,0.007716,
0.266117,0.245317,0.307808,0.278558,0.294587,0.279046,0.278588,0.248184,0.223517,0.225426,0.190030,0.192021,0.166033,0.159567,0.123439,0.091818,0.059331,0.044459,0.059104,0.022862,0.007164,
0.255976,0.234145,0.316860,0.264838,0.259501,0.273483,0.246416,0.215728,0.224751,0.212155,0.194131,0.164238,0.151220,0.162922,0.126626,0.092941,0.065239,0.045117,0.065681,0.018690,0.008441,
0.259135,0.190938,0.345984,0.269096,0.221010,0.236464,0.230286,0.201635,0.197253,0.202234,0.169993,0.154684,0.142675,0.149752,0.113339,0.120063,0.060441,0.038382,0.044011,0.020685,0.027512,
0.276365,0.146524,0.262581,0.255017,0.193866,0.229562,0.210361,0.196768,0.176645,0.179444,0.155255,0.171461,0.133785,0.128924,0.098289,0.107276,0.058433,0.041810,0.042671,0.020963,0.039571,
0.170223,0.126615,0.192854,0.215075,0.171736,0.221274,0.185034,0.171169,0.166280,0.158666,0.142769,0.143221,0.126866,0.114882,0.083229,0.084804,0.057365,0.044178,0.047047,0.025611,0.024144,
0.098414,0.116376,0.172498,0.237682,0.154603,0.197056,0.158021,0.141732,0.140094,0.146534,0.134850,0.127720,0.127051,0.104955,0.078855,0.089015,0.057918,0.055473,0.040078,0.030808,0.019232,
0.111120,0.118683,0.138305,0.182673,0.159171,0.166370,0.176937,0.154446,0.138424,0.142362,0.137526,0.117635,0.132115,0.095220,0.084333,0.098531,0.061271,0.072921,0.036864,0.025958,0.023129,
0.127169,0.124796,0.127421,0.144740,0.212106,0.156474,0.168704,0.159519,0.136360,0.130823,0.125452,0.123124,0.130057,0.097803,0.095754,0.095535,0.071642,0.077593,0.036127,0.025935,0.045943,
0.107382,0.121044,0.122718,0.134453,0.167273,0.139792,0.160423,0.131054,0.140658,0.137791,0.140358,0.123778,0.129708,0.122234,0.109138,0.088366,0.085184,0.074416,0.042231,0.031337,0.020186,
0.091013,0.130299,0.117292,0.158049,0.153718,0.168442,0.169470,0.129418,0.158255,0.123361,0.133531,0.138639,0.125536,0.131320,0.123526,0.094143,0.084986,0.066508,0.051292,0.044306,0.025273,
0.129043,0.196176,0.119862,0.250553,0.147109,0.137139,0.141890,0.162264,0.137043,0.131471,0.172505,0.137216,0.124562,0.135972,0.132102,0.118754,0.091588,0.089185,0.080353,0.053592,0.033427,
0.132039,0.118531,0.142754,0.114854,0.105398,0.143146,0.172689,0.201084,0.141515,0.149697,0.191189,0.148045,0.128007,0.140424,0.139288,0.129592,0.103698,0.096926,0.067269,0.050878,0.032002,
0.097001,0.122176,0.332326,0.110965,0.243034,0.169921,0.197191,0.165091,0.168434,0.136433,0.120635,0.149968,0.131986,0.161339,0.149878,0.143825,0.131369,0.103866,0.106947,0.095897,0.068116,
6.336198,0.249381,0.116524,0.294939,0.123588,0.321748,0.356453,0.175401,0.143590,0.143223,0.136466,0.142532,0.148526,0.135685,0.137801,0.125695,0.146952,0.137248,0.107113,0.076863,0.051083,
nan,nan,nan,nan,nan,nan,nan,nan,nan,nan,0.082883,0.410397,0.358325,0.349291,0.069165,0.125501,0.267662,0.176772,0.123200,0.063717,0.062944,
