0.097297,0.178143,0.142342,0.171515,0.223216,0.158669,0.143756,0.140925,0.144453,0.106481,0.110203,0.089055,0.051453,0.073977,0.042787,0.051352,0.038622,0.014365,0.008161,0.001982,0.007404,
0.169208,0.161605,0.144091,0.177521,0.178797,0.158021,0.136985,0.136229,0.121355,0.114941,0.102074,0.083004,0.063049,0.079773,0.052378,0.042333,0.032918,0.024422,0.010556,0.005530,0.004913,
0.176450,0.161727,0.139092,0.169977,0.153290,0.155148,0.145105,0.128008,0.126466,0.103297,0.102611,0.087031,0.071330,0.065043,0.055523,0.040567,0.029580,0.018103,0.010238,0.005361,0.005169,
0.169726,0.160652,0.172366,0.166018,0.150356,0.148052,0.140071,0.130614,0.120390,0.112779,0.100429,0.086922,0.070061,0.066696,0.050799,0.039134,0.030153,0.017586,0.011867,0.006783,0.005663,
0.159351,0.155506,0.173515,0.164403,0.149258,0.149912,0.137878,0.129296,0.115659,0.112191,0.100332,0.085606,0.070704,0.064977,0.047487,0.038879,0.029861,0.017567,0.013480,0.008406,0.008675,
0.173305,0.149997,0.167537,0.168925,0.145405,0.148986,0.136462,0.131360,0.113118,0.109001,0.097218,0.089534,0.070725,0.061336,0.048894,0.038903,0.030426,0.019469,0.015334,0.009286,0.007295,
0.170904,0.146623,0.158088,0.155351,0.139426,0.142787,0.131689,0.125533,0.111835,0.107320,0.095132,0.087751,0.070631,0.062684,0.051742,0.042643,0.031111,0.021779,0.019168,0.013080,0.013321,
0.161745,0.144746,0.159584,0.150170,0.134835,0.137575,0.131121,0.122973,0.109347,0.107038,0.095555,0.086660,0.070984,0.061838,0.049718,0.043647,0.034130,0.023931,0.022665,0.017023,0.017112,
0.159143,0.138183,0.155359,0.148864,0.132192,0.131938,0.127530,0.117798,0.106893,0.103161,0.095056,0.086148,0.071267,0.060333,0.051064,0.045789,0.037529,0.029554,0.025692,0.020352,0.020531,
0.145004,0.131537,0.145947,0.143037,0.125190,0.128156,0.121671,0.115188,0.107285,0.100740,0.092747,0.084247,0.073401,0.065066,0.053158,0.051323,0.041500,0.037892,0.035319,0.027984,0.023502,
0.144354,0.134968,0.139828,0.137713,0.124242,0.123340,0.117803,0.110096,0.104131,0.099516,0.092157,0.084083,0.073673,0.068077,0.057659,0.061202,0.050254,0.050624,0.047210,0.039631,0.027168,
0.143404,0.128826,0.133448,0.132011,0.119813,0.117997,0.116121,0.109710,0.102077,0.097988,0.091587,0.086670,0.077981,0.075367,0.064938,0.074425,0.061117,0.066537,0.062699,0.054803,0.030951,
0.121207,0.120896,0.123535,0.127909,0.117612,0.114451,0.114879,0.108197,0.101897,0.097859,0.092394,0.089181,0.082836,0.082382,0.076670,0.090093,0.080959,0.089453,0.089838,0.070112,0.041196,
0.124259,0.121949,0.119603,0.123568,0.111967,0.109798,0.112458,0.103939,0.100352,0.097123,0.093698,0.094764,0.095345,0.097120,0.096595,0.111274,0.113911,0.124307,0.112940,0.080493,0.051150,
0.122656,0.107522,0.109964,0.113415,0.105872,0.105237,0.111124,0.101872,0.097828,0.101110,0.097682,0.100607,0.105848,0.111899,0.131161,0.141551,0.151556,0.173128,0.158375,0.095932,0.062652,
0.109130,0.097737,0.105382,0.103832,0.100593,0.102172,0.108521,0.103987,0.097764,0.106069,0.111592,0.120583,0.139215,0.145718,0.177837,0.190662,0.234288,0.225518,0.193303,0.110833,0.027484,
0.096661,0.096607,0.097219,0.097628,0.094254,0.099906,0.100991,0.101832,0.100925,0.113742,0.125840,0.152506,0.181977,0.206658,0.228661,0.272401,0.299372,0.297579,0.200567,0.093033,0.012767,
0.076994,0.091888,0.081255,0.085769,0.090640,0.088302,0.106105,0.106544,0.109712,0.128253,0.161414,0.189763,0.222625,0.316711,0.300480,0.380806,0.336658,0.282187,0.188213,0.023587,0.009921,
nan,nan,nan,nan,nan,nan,nan,nan,nan,nan,0.111113,0.273058,0.249757,0.401984,0.395899,0.471815,0.299278,0.266474,0.093359,0.017094,nan,
nan,nan,0.173705,0.159640,0.173759,0.162022,0.171631,0.156229,0.130590,0.111221,0.075475,0.069177,0.069076,0.100545,0.060952,0.049126,0.047044,0.018963,0.009605,0.003154,0.004630,
nan,0.161438,0.179271,0.162739,0.143891,0.155004,0.147549,0.138097,0.121040,0.120415,0.099495,0.091708,0.079252,0.060614,0.053393,0.035447,0.025402,0.013862,0.010949,0.005694,0.006053,
0.094013,0.164819,0.172798,0.160956,0.155451,0.146594,0.139367,0.139848,0.113815,0.121205,0.101086,0.093163,0.075312,0.061929,0.046951,0.036412,0.025963,0.014840,0.010921,0.009095,0.005388,
0.140844,0.162324,0.161318,0.155204,0.146531,0.145381,0.139539,0.135452,0.116491,0.118899,0.104762,0.090353,0.072908,0.062767,0.048815,0.036080,0.026058,0.017100,0.012525,0.010684,0.007211,
0.154804,0.157054,0.152989,0.152527,0.139622,0.139932,0.134521,0.133609,0.113634,0.114193,0.105182,0.087531,0.075483,0.063461,0.050453,0.037236,0.027837,0.017756,0.012738,0.011125,0.007492,
0.137756,0.157932,0.155094,0.149090,0.137383,0.137345,0.132554,0.128645,0.114523,0.109722,0.101399,0.082744,0.073154,0.065172,0.049815,0.038615,0.029595,0.019124,0.015904,0.012761,0.009696,
0.159943,0.153852,0.150368,0.148060,0.137375,0.138018,0.132150,0.126578,0.115429,0.108951,0.101732,0.082604,0.074438,0.062499,0.049763,0.037947,0.030654,0.021091,0.018600,0.014186,0.013054,
0.165504,0.152363,0.149879,0.144455,0.132323,0.134313,0.127472,0.121808,0.113809,0.106061,0.098591,0.080921,0.074858,0.064354,0.052613,0.041647,0.032299,0.025268,0.021903,0.017048,0.012845,
0.148056,0.147773,0.145544,0.140788,0.129012,0.130914,0.123870,0.118358,0.109833,0.103878,0.096384,0.081340,0.074185,0.065544,0.054172,0.045587,0.035911,0.029004,0.026548,0.020747,0.014555,
0.135370,0.141519,0.142574,0.138304,0.127646,0.127421,0.122119,0.117577,0.107446,0.101160,0.091572,0.080901,0.073748,0.069023,0.057125,0.051229,0.041204,0.040100,0.031837,0.027562,0.018772,
0.132215,0.134291,0.138299,0.132230,0.122021,0.124893,0.119725,0.113263,0.105492,0.099784,0.090813,0.080298,0.076646,0.071196,0.063151,0.056816,0.048816,0.048078,0.043303,0.035628,0.026024,
0.136334,0.129266,0.133697,0.130967,0.118126,0.120014,0.115967,0.111392,0.104411,0.099193,0.089962,0.082179,0.081417,0.075547,0.071469,0.066320,0.064240,0.063127,0.057161,0.046059,0.037980,
0.144411,0.123591,0.126728,0.127729,0.114802,0.115845,0.113495,0.107052,0.099078,0.098575,0.092115,0.087623,0.087790,0.084535,0.084708,0.082732,0.085551,0.087923,0.082047,0.064860,0.040750,
0.111478,0.114944,0.119964,0.122320,0.110972,0.108387,0.107912,0.106555,0.100495,0.101479,0.090215,0.094181,0.096043,0.097058,0.099667,0.102611,0.108206,0.120381,0.119878,0.083976,0.046877,
0.095541,0.116562,0.116991,0.114260,0.107499,0.106167,0.107879,0.104318,0.099828,0.104683,0.093570,0.104285,0.117324,0.118687,0.126329,0.143003,0.154863,0.177985,0.155536,0.100785,0.043768,
0.079229,0.107634,0.108613,0.107186,0.103201,0.102531,0.105224,0.097753,0.101448,0.108561,0.105012,0.121073,0.138046,0.158578,0.177467,0.187550,0.212440,0.212835,0.185063,0.102599,0.039946,
0.126718,0.090023,0.104144,0.096385,0.091784,0.103264,0.109572,0.099288,0.111968,0.112662,0.125289,0.155776,0.179605,0.205927,0.227149,0.286801,0.298578,0.285759,0.213660,0.085667,0.018813,
nan,0.080195,0.082542,0.086749,0.086113,0.098595,0.093358,0.106042,0.112891,0.120408,0.154127,0.203426,0.255436,0.285500,0.327019,0.360769,0.368007,0.285740,0.187951,0.064440,0.012073,
nan,nan,nan,nan,0.058135,0.097958,0.091940,0.112169,0.126313,0.167380,0.243805,0.184678,0.298114,0.350308,0.433567,0.377571,0.371072,0.286377,0.154705,0.027869,0.020289,
nan,0.165151,0.160760,0.202737,0.132977,0.135417,0.155765,0.134272,0.126230,0.132492,0.138314,0.088386,0.062353,0.065615,0.053129,0.055501,0.026653,0.022342,0.008140,0.010297,0.003253,
0.184833,0.180080,0.168049,0.160245,0.163975,0.152469,0.138950,0.134515,0.116926,0.118865,0.109277,0.096642,0.080509,0.059565,0.048868,0.041012,0.032205,0.011945,0.010112,0.009354,0.004145,
0.203480,0.171664,0.157615,0.153335,0.139075,0.141954,0.138358,0.137274,0.119030,0.116857,0.106401,0.084286,0.073975,0.065574,0.050917,0.037512,0.029450,0.015935,0.011781,0.009221,0.006960,
0.168821,0.158622,0.164447,0.163709,0.141859,0.143213,0.140169,0.134113,0.120596,0.110319,0.105205,0.081416,0.077657,0.066029,0.049626,0.038912,0.027322,0.015549,0.011923,0.008559,0.006193,
0.147629,0.157002,0.165957,0.163365,0.148949,0.144067,0.133892,0.126724,0.121597,0.111056,0.103748,0.084233,0.074117,0.064051,0.052434,0.039158,0.027296,0.017384,0.013225,0.010678,0.007933,
0.150028,0.148051,0.160171,0.157082,0.148386,0.141278,0.134164,0.122818,0.117698,0.111834,0.098580,0.086015,0.072463,0.064939,0.049911,0.039472,0.027608,0.018661,0.015007,0.010592,0.008586,
0.137033,0.148455,0.162594,0.148887,0.143353,0.140319,0.129946,0.122685,0.113226,0.110413,0.093382,0.083034,0.071590,0.062919,0.050747,0.039924,0.028919,0.023780,0.016892,0.011972,0.009960,
0.169818,0.142119,0.149884,0.146526,0.137364,0.135919,0.129505,0.120357,0.110446,0.104539,0.094366,0.085192,0.074554,0.061395,0.051516,0.041431,0.031946,0.027025,0.020153,0.015579,0.012045,
0.148380,0.142819,0.147512,0.137177,0.137044,0.135578,0.127167,0.116744,0.112450,0.100047,0.091403,0.083486,0.072727,0.062698,0.055414,0.043232,0.036185,0.032027,0.025560,0.020366,0.014598,
0.133282,0.140733,0.144078,0.137873,0.131514,0.130873,0.124898,0.113843,0.108003,0.097765,0.091996,0.082507,0.073353,0.064873,0.057719,0.047506,0.042843,0.038420,0.034056,0.027029,0.017621,
0.139639,0.133415,0.140722,0.130733,0.129396,0.127874,0.119058,0.113890,0.107462,0.094506,0.092315,0.081350,0.075576,0.068414,0.063506,0.055567,0.051331,0.046405,0.046031,0.036649,0.022556,
0.120845,0.129812,0.130381,0.129791,0.124831,0.123492,0.114187,0.108861,0.105047,0.093413,0.091983,0.085401,0.079947,0.076352,0.071270,0.065474,0.062343,0.064333,0.062570,0.049688,0.031723,
0.118665,0.126839,0.122533,0.119982,0.120671,0.121617,0.111363,0.106809,0.100875,0.092721,0.092605,0.088990,0.085363,0.081651,0.087927,0.079340,0.080508,0.080775,0.081310,0.056661,0.039130,
0.131425,0.119684,0.116205,0.113493,0.112351,0.114902,0.107326,0.104550,0.098993,0.093518,0.097185,0.094204,0.094793,0.094502,0.108694,0.098424,0.115022,0.122719,0.101547,0.071019,0.048548,
0.113401,0.111503,0.109494,0.106270,0.109889,0.113652,0.102690,0.101956,0.098636,0.099269,0.104878,0.107409,0.106652,0.118637,0.128179,0.139968,0.150513,0.157922,0.138656,0.097892,0.050606,
0.096741,0.105595,0.105821,0.100058,0.099296,0.110174,0.100974,0.103813,0.099446,0.105878,0.116445,0.117805,0.123298,0.138977,0.166393,0.193424,0.195781,0.222115,0.174099,0.110059,0.037490,
nan,0.106796,0.090088,0.096196,0.089498,0.092227,0.100020,0.102603,0.105907,0.121905,0.127855,0.149485,0.159686,0.205909,0.219249,0.253461,0.273599,0.245337,0.204573,0.094813,0.012980,
0.068918,0.079850,0.079138,0.070545,0.089278,0.085507,0.098501,0.106758,0.116072,0.129604,0.152462,0.173992,0.187375,0.257950,0.268877,0.309076,0.317701,0.252715,0.182110,0.050289,0.008311,
nan,nan,nan,0.080023,0.080348,0.097593,0.067576,0.115762,0.137165,0.124662,0.191492,0.217432,0.228479,0.302898,0.359395,0.424649,0.316877,0.233899,0.147315,0.028782,0.013271,
nan,0.152419,0.158811,0.203089,0.141980,0.167573,0.161383,0.145476,0.140087,0.132268,0.068495,0.086208,0.079015,0.055990,0.051608,0.043334,0.016754,0.020554,0.016302,0.004655,0.004898,
0.175861,0.164477,0.163806,0.149297,0.145360,0.141892,0.146964,0.137713,0.114841,0.114896,0.100445,0.088940,0.070046,0.064810,0.050369,0.030667,0.023492,0.019094,0.010529,0.008777,0.005828,
0.167920,0.162807,0.173325,0.169404,0.150288,0.154493,0.143990,0.131357,0.122553,0.116073,0.109166,0.077424,0.075462,0.069938,0.047631,0.036626,0.025200,0.013912,0.009617,0.008276,0.004678,
0.171420,0.183546,0.160330,0.157111,0.151976,0.148328,0.134368,0.125054,0.122441,0.114278,0.104965,0.088722,0.072427,0.062587,0.054629,0.036597,0.026307,0.016604,0.010913,0.008815,0.007535,
0.140424,0.166353,0.159481,0.152211,0.145009,0.147467,0.141190,0.127386,0.118017,0.111410,0.095618,0.082488,0.074135,0.064291,0.048489,0.038877,0.026340,0.018605,0.012402,0.007608,0.005724,
0.150797,0.169392,0.156779,0.150384,0.141868,0.146540,0.135643,0.126855,0.118374,0.105963,0.097109,0.088721,0.075891,0.059029,0.052115,0.035640,0.027959,0.022300,0.013674,0.008537,0.009384,
0.144467,0.162979,0.144136,0.151412,0.138649,0.144556,0.130599,0.125093,0.115280,0.100414,0.096842,0.088630,0.072854,0.061088,0.050750,0.036390,0.031261,0.023099,0.015420,0.012562,0.010614,
0.154145,0.158909,0.147414,0.148928,0.140584,0.141306,0.134734,0.123127,0.115158,0.097699,0.096751,0.084136,0.073900,0.063832,0.051941,0.040725,0.033646,0.026393,0.019798,0.017333,0.011579,
0.149228,0.147405,0.140142,0.141939,0.142435,0.136947,0.129255,0.118423,0.108022,0.098278,0.092276,0.080059,0.074761,0.064616,0.053099,0.043929,0.037401,0.030457,0.027823,0.022197,0.014846,
0.154212,0.139544,0.137434,0.135155,0.138314,0.133392,0.121716,0.114882,0.108439,0.098063,0.089652,0.079319,0.077840,0.065024,0.057853,0.050010,0.042207,0.034346,0.033717,0.027064,0.016603,
0.158088,0.138533,0.132561,0.129119,0.131763,0.127736,0.119837,0.111119,0.103020,0.096860,0.089403,0.083629,0.078148,0.069037,0.065259,0.054204,0.050826,0.048797,0.039342,0.031245,0.022615,
0.159078,0.129327,0.129020,0.125533,0.125951,0.124422,0.116663,0.108282,0.100876,0.094436,0.090175,0.084941,0.077220,0.071826,0.071688,0.062255,0.060441,0.061389,0.056587,0.038528,0.029854,
0.127968,0.121714,0.127823,0.119483,0.115639,0.117628,0.113322,0.107568,0.101233,0.094044,0.090748,0.088341,0.079575,0.077574,0.079007,0.075311,0.077409,0.080857,0.071544,0.058206,0.038274,
0.133287,0.117608,0.121715,0.114350,0.111112,0.113707,0.111337,0.106095,0.100763,0.096969,0.095001,0.093702,0.085735,0.092355,0.092341,0.096090,0.099776,0.102912,0.093409,0.077192,0.049112,
0.106520,0.110644,0.110264,0.109689,0.106782,0.107285,0.105528,0.100150,0.104150,0.097552,0.103625,0.100158,0.102228,0.113129,0.107981,0.119407,0.130689,0.127014,0.128928,0.095756,0.044416,
0.112388,0.101818,0.103775,0.100518,0.099172,0.105926,0.099790,0.102333,0.101125,0.101802,0.112246,0.109398,0.122330,0.140154,0.144197,0.165684,0.174861,0.169298,0.141404,0.086646,0.035094,
0.094180,0.093642,0.093723,0.093163,0.102943,0.097165,0.097476,0.095520,0.105752,0.119533,0.124387,0.132271,0.156168,0.176040,0.194533,0.227020,0.251958,0.212623,0.175046,0.089408,0.019492,
nan,0.104224,0.067575,0.080269,0.092289,0.088766,0.104178,0.106494,0.109555,0.140870,0.133189,0.170218,0.184228,0.220698,0.255526,0.284469,0.280315,0.211959,0.154018,0.048238,0.010365,
nan,nan,0.076640,0.059914,0.125453,0.071275,0.108805,0.088258,0.120890,0.132077,0.152741,0.163652,0.212311,0.331825,0.299666,0.393614,0.333229,0.247425,0.107039,0.015285,0.005100,
nan,0.141586,0.169277,0.193992,0.093888,0.135114,0.150839,0.152897,0.107165,0.105471,0.111405,0.091909,0.096780,0.068401,0.048648,0.046094,0.015630,0.008035,0.024446,0.005843,0.001440,
0.175041,0.163815,0.154202,0.173394,0.152334,0.139648,0.131986,0.146948,0.128946,0.113998,0.101678,0.086451,0.080050,0.065562,0.049526,0.042392,0.025692,0.015058,0.009881,0.007821,0.006073,
0.192148,0.167217,0.162477,0.158701,0.149367,0.141106,0.132749,0.125857,0.129811,0.110806,0.105353,0.091965,0.076196,0.064110,0.053036,0.035622,0.025280,0.017355,0.011815,0.007264,0.007079,
0.177042,0.153811,0.153476,0.156037,0.147030,0.153930,0.141289,0.129038,0.120562,0.114200,0.093917,0.085550,0.076378,0.065253,0.047597,0.036183,0.026579,0.015906,0.010814,0.006180,0.005106,
0.187778,0.159307,0.153881,0.150466,0.151328,0.148146,0.135639,0.130887,0.121012,0.106236,0.099305,0.092797,0.075329,0.056832,0.053531,0.036532,0.026939,0.020751,0.012782,0.007297,0.008755,
0.162982,0.158183,0.152323,0.152002,0.151371,0.148623,0.138708,0.127936,0.115852,0.103028,0.098986,0.085119,0.071450,0.063453,0.049395,0.035983,0.028390,0.021434,0.013796,0.010970,0.008450,
0.161198,0.155897,0.155141,0.144918,0.146492,0.137810,0.136638,0.123838,0.113313,0.102861,0.093205,0.084204,0.074399,0.061914,0.051579,0.038996,0.029382,0.022368,0.018439,0.013231,0.011613,
0.145230,0.152293,0.147899,0.137288,0.140239,0.136966,0.125995,0.123086,0.109552,0.102496,0.091520,0.079031,0.073592,0.062512,0.052889,0.041820,0.034818,0.025676,0.021918,0.015691,0.011653,
0.154224,0.149709,0.148323,0.136835,0.129399,0.132768,0.124085,0.118347,0.109143,0.100613,0.089847,0.082813,0.073469,0.064793,0.056496,0.043940,0.034852,0.028819,0.023571,0.019306,0.013088,
0.143713,0.142656,0.141139,0.135436,0.127840,0.127885,0.125549,0.113285,0.108067,0.098147,0.090402,0.082977,0.071885,0.064799,0.055732,0.048824,0.039840,0.038988,0.028786,0.022043,0.014729,
0.117539,0.140379,0.134539,0.132538,0.124235,0.123145,0.120417,0.111660,0.109861,0.093662,0.089218,0.082397,0.070729,0.067554,0.057335,0.053755,0.045444,0.045067,0.037748,0.030633,0.020581,
0.109549,0.132511,0.130926,0.126166,0.118415,0.121156,0.117237,0.105930,0.106675,0.096111,0.090559,0.083689,0.074606,0.073610,0.064100,0.059978,0.055104,0.053802,0.051145,0.041180,0.026618,
0.135875,0.132994,0.120187,0.118875,0.116825,0.115915,0.111320,0.104894,0.103780,0.096583,0.093140,0.086033,0.083085,0.080341,0.073436,0.066764,0.067866,0.063462,0.062331,0.054077,0.036849,
0.121894,0.120147,0.115734,0.115055,0.112014,0.111543,0.106015,0.100645,0.101576,0.095321,0.094833,0.084805,0.089514,0.089127,0.091453,0.086296,0.091256,0.090977,0.083426,0.069273,0.041169,
0.110430,0.121868,0.113196,0.108883,0.105607,0.104612,0.103229,0.100374,0.100808,0.098327,0.100050,0.096539,0.102440,0.103734,0.110802,0.115367,0.111996,0.114885,0.097957,0.070083,0.034618,
0.102444,0.103228,0.099378,0.099570,0.099557,0.101526,0.102009,0.101625,0.099386,0.108171,0.104998,0.105903,0.122461,0.127928,0.140836,0.158379,0.157775,0.151282,0.126357,0.080999,0.041986,
0.101477,0.092321,0.093481,0.093780,0.095647,0.096585,0.092130,0.095460,0.105131,0.107106,0.124101,0.132372,0.146561,0.160855,0.173318,0.195422,0.185817,0.174626,0.129936,0.068200,0.018717,
0.069845,0.077189,0.080731,0.077252,0.080106,0.085737,0.097602,0.108909,0.099781,0.111757,0.142463,0.154971,0.197821,0.214832,0.252313,0.219521,0.265968,0.206055,0.127647,0.037168,0.008272,
nan,nan,0.049558,0.053126,0.081493,0.061666,0.123748,0.074141,0.106661,0.130455,0.181518,0.201717,0.238442,0.293982,0.246800,0.300540,0.279312,0.202850,0.049111,0.017019,0.010940,
nan,0.181656,0.134903,0.150258,0.149308,0.122353,0.144392,0.133777,0.077817,0.114301,0.077154,0.074002,0.098796,0.061571,0.081652,0.038284,0.033945,0.021120,0.009239,0.007410,0.003605,
0.165417,0.154906,0.163885,0.164675,0.150157,0.145648,0.149763,0.131818,0.113873,0.113933,0.115439,0.089621,0.080049,0.066744,0.049772,0.034168,0.027141,0.016637,0.012708,0.007252,0.004437,
0.115180,0.169480,0.158031,0.150472,0.151806,0.165720,0.144416,0.128677,0.120380,0.117028,0.098522,0.086352,0.068257,0.063043,0.053932,0.035527,0.026641,0.015497,0.011659,0.007320,0.002759,
0.137592,0.162441,0.159158,0.160379,0.155869,0.148480,0.137797,0.130540,0.124180,0.109309,0.098180,0.094285,0.077805,0.058763,0.047131,0.036100,0.023729,0.019333,0.012151,0.006585,0.006464,
0.163206,0.166642,0.162552,0.155565,0.152289,0.146039,0.141907,0.130584,0.116361,0.105231,0.100663,0.084720,0.073499,0.063092,0.047970,0.033791,0.026945,0.021546,0.011435,0.008891,0.006051,
0.159927,0.160788,0.156249,0.150143,0.140766,0.142701,0.131571,0.129902,0.112643,0.107284,0.093263,0.085109,0.076947,0.062896,0.048652,0.038907,0.027811,0.019313,0.015292,0.011400,0.009433,
0.120201,0.165395,0.149319,0.150670,0.140430,0.142352,0.133176,0.123061,0.114396,0.103995,0.095122,0.081711,0.076660,0.063295,0.051739,0.039804,0.031426,0.024028,0.016039,0.013923,0.009052,
0.128518,0.169148,0.148452,0.145533,0.141271,0.143685,0.132390,0.120213,0.115384,0.103022,0.093445,0.082687,0.073109,0.060331,0.054765,0.040967,0.029877,0.024217,0.019195,0.015937,0.009586,
0.117462,0.152552,0.142120,0.143405,0.135999,0.135767,0.128937,0.114724,0.113269,0.098357,0.091027,0.081499,0.069558,0.061176,0.050663,0.045462,0.033928,0.030270,0.023040,0.016400,0.011706,
0.123692,0.148909,0.139020,0.136137,0.133639,0.129351,0.122815,0.113324,0.109525,0.099020,0.091937,0.082551,0.070541,0.065593,0.052334,0.046461,0.039457,0.034831,0.028085,0.023539,0.014828,
0.123858,0.138628,0.139406,0.131493,0.129012,0.124584,0.118778,0.110538,0.108554,0.099216,0.092089,0.078495,0.075050,0.070734,0.056914,0.050034,0.044163,0.039333,0.036235,0.027223,0.020586,
0.150470,0.134854,0.133124,0.125204,0.121000,0.121109,0.111083,0.110671,0.103444,0.094736,0.092224,0.080578,0.075500,0.070996,0.064202,0.055517,0.052434,0.046269,0.042342,0.037259,0.023567,
0.104362,0.120802,0.128779,0.121504,0.118770,0.118176,0.108666,0.104348,0.102042,0.094461,0.089407,0.086549,0.079484,0.077292,0.070929,0.069483,0.063790,0.064196,0.053837,0.047564,0.036960,
0.147738,0.113198,0.124036,0.112815,0.115066,0.111118,0.104321,0.105348,0.099149,0.097140,0.089461,0.092426,0.086647,0.085814,0.083869,0.081525,0.078614,0.083637,0.069751,0.047786,0.037044,
0.137222,0.105124,0.110667,0.108841,0.104195,0.109577,0.102499,0.102296,0.099631,0.099450,0.094217,0.093951,0.095669,0.101791,0.098391,0.097280,0.101884,0.103192,0.089812,0.058094,0.032452,
0.108380,0.096430,0.106529,0.098848,0.104183,0.096813,0.100712,0.098984,0.101917,0.102785,0.106873,0.105385,0.112171,0.122430,0.118351,0.125916,0.134913,0.115238,0.092737,0.061819,0.038492,
0.097790,0.095990,0.098808,0.089390,0.089336,0.099241,0.100232,0.100228,0.104384,0.107530,0.115287,0.124788,0.146427,0.137010,0.154258,0.173515,0.177103,0.163240,0.114153,0.057957,0.017783,
nan,0.090662,0.085260,0.080184,0.090490,0.086864,0.097419,0.108894,0.110051,0.125684,0.136053,0.156943,0.165308,0.169711,0.191375,0.202902,0.188114,0.172760,0.114907,0.032426,0.007637,
nan,0.065147,nan,0.043328,0.070312,0.074042,0.088779,0.064475,0.103435,0.211162,0.078474,0.182487,0.185717,0.163982,0.307010,0.220463,0.186786,0.148294,0.116569,0.016487,0.006882,
nan,0.197085,0.163795,0.134480,0.133092,0.167751,0.108461,0.142962,0.123976,0.140478,0.085127,0.086991,0.085526,0.082072,0.054235,0.027500,0.024713,0.010009,0.011838,0.010387,0.002274,
0.164777,0.169952,0.162565,0.161866,0.144467,0.148443,0.129887,0.127898,0.120686,0.117240,0.106278,0.078921,0.067738,0.079477,0.051271,0.036105,0.022876,0.015694,0.007247,0.008452,0.003736,
0.164284,0.155319,0.158711,0.165298,0.151567,0.147249,0.142809,0.129491,0.128216,0.104629,0.096538,0.089425,0.077595,0.060213,0.046278,0.038436,0.023976,0.013201,0.009397,0.005171,0.004839,
0.167295,0.168192,0.158785,0.157815,0.147623,0.150668,0.150457,0.134567,0.121452,0.103178,0.105067,0.086980,0.075215,0.058525,0.053087,0.034061,0.025804,0.021225,0.010483,0.006680,0.007082,
0.219613,0.163529,0.162881,0.152711,0.145260,0.149351,0.136148,0.129214,0.115360,0.105270,0.096502,0.086223,0.077061,0.063325,0.045034,0.037115,0.026575,0.017890,0.011197,0.010442,0.007813,
0.262611,0.161438,0.157304,0.150416,0.146453,0.151027,0.139623,0.123581,0.118668,0.107034,0.096874,0.084394,0.072581,0.062901,0.052933,0.039206,0.029507,0.022727,0.014946,0.011705,0.007921,
0.210394,0.149685,0.166966,0.148424,0.146311,0.142220,0.132473,0.120576,0.118127,0.106144,0.094113,0.082401,0.072868,0.060484,0.054813,0.040867,0.028658,0.020987,0.016355,0.013503,0.006585,
0.175536,0.148680,0.155919,0.142400,0.143741,0.128643,0.130749,0.120443,0.113100,0.102639,0.093019,0.083482,0.069727,0.062251,0.047674,0.042990,0.031612,0.024798,0.017326,0.011935,0.010404,
0.181087,0.149958,0.152790,0.139718,0.137516,0.128928,0.125519,0.119125,0.114227,0.102601,0.094009,0.082681,0.072455,0.065510,0.051076,0.041748,0.033077,0.027278,0.022499,0.016805,0.009864,
0.194706,0.143713,0.146271,0.138551,0.136099,0.127032,0.121025,0.113661,0.109516,0.098613,0.091395,0.077424,0.072737,0.064333,0.053963,0.041919,0.035934,0.031144,0.024954,0.020719,0.016531,
0.169969,0.144079,0.137230,0.133591,0.129750,0.125594,0.118848,0.110664,0.104445,0.097319,0.088882,0.081606,0.072186,0.064089,0.057801,0.048532,0.040565,0.033360,0.031042,0.025397,0.017796,
0.141432,0.128028,0.131826,0.129832,0.127547,0.124635,0.116094,0.109687,0.101889,0.096367,0.088039,0.083309,0.073894,0.070538,0.060816,0.054944,0.047626,0.046098,0.036218,0.034934,0.021888,
0.153237,0.125424,0.127060,0.124298,0.118596,0.118915,0.115494,0.105578,0.099663,0.096428,0.089400,0.082358,0.078415,0.074951,0.071966,0.064300,0.057286,0.055380,0.050853,0.033821,0.027451,
0.129318,0.122101,0.120599,0.120530,0.115635,0.115080,0.110616,0.100815,0.102595,0.095815,0.090722,0.086908,0.081672,0.079844,0.076651,0.075785,0.069007,0.068753,0.060599,0.039629,0.031831,
0.138162,0.117761,0.110812,0.113747,0.109084,0.106899,0.109450,0.098972,0.097863,0.096690,0.095786,0.089921,0.094298,0.093087,0.085676,0.089542,0.093634,0.080559,0.067139,0.047725,0.032926,
0.124977,0.108239,0.107624,0.104615,0.105694,0.102474,0.098678,0.094144,0.094301,0.099063,0.102420,0.096341,0.108172,0.105933,0.106482,0.119202,0.114566,0.117940,0.077788,0.052279,0.025473,
0.096725,0.094728,0.095456,0.086579,0.092203,0.098094,0.098759,0.102003,0.100909,0.109141,0.104879,0.113130,0.128010,0.132350,0.152037,0.134997,0.150798,0.110490,0.108878,0.047784,0.014759,
0.084696,0.068301,0.076831,0.083581,0.078195,0.077870,0.097283,0.100099,0.093332,0.106673,0.120413,0.138398,0.152362,0.166538,0.163446,0.187551,0.172847,0.125013,0.092903,0.023947,0.013052,
nan,0.046386,nan,0.059127,0.072527,0.067860,0.092718,0.116485,0.103495,0.138278,0.134945,0.126343,0.111644,0.193106,0.146257,0.161163,0.208372,0.125220,0.117572,0.022570,0.001359,
nan,0.151643,0.151129,0.136922,0.171805,0.129948,0.115615,0.148357,0.114788,0.110341,0.102415,0.116097,0.089788,0.066412,0.036632,0.041648,0.024068,0.014945,0.009591,0.011186,0.006671,
0.154495,0.178013,0.169640,0.160064,0.153433,0.145392,0.139045,0.131397,0.130649,0.116468,0.112383,0.092279,0.082218,0.060066,0.044701,0.037563,0.023689,0.014425,0.009855,0.007378,0.008772,
0.192513,0.170767,0.156661,0.169747,0.157592,0.154985,0.137929,0.130343,0.125639,0.108334,0.096225,0.099314,0.074527,0.055931,0.049033,0.031424,0.024965,0.017199,0.008526,0.005298,0.004095,
0.199827,0.172382,0.167914,0.153507,0.150485,0.152311,0.133751,0.128816,0.116367,0.105619,0.097533,0.087767,0.075546,0.065691,0.049384,0.035020,0.025449,0.017681,0.010929,0.006971,0.006439,
0.126610,0.164244,0.171630,0.151730,0.153358,0.151215,0.141828,0.130039,0.122682,0.108316,0.096140,0.086117,0.074557,0.067703,0.048269,0.037643,0.027622,0.020092,0.013630,0.009599,0.007203,
0.124838,0.165143,0.164910,0.155182,0.156544,0.137445,0.135655,0.124604,0.123695,0.106657,0.098239,0.082840,0.075140,0.060787,0.055043,0.039462,0.028330,0.019185,0.013003,0.010626,0.007831,
0.162455,0.155432,0.155414,0.150576,0.146449,0.132573,0.136417,0.124779,0.114954,0.104669,0.093497,0.085729,0.071694,0.061275,0.044111,0.039653,0.027829,0.020579,0.014337,0.010378,0.009197,
0.122096,0.145386,0.154043,0.151095,0.138160,0.137346,0.129100,0.116364,0.116438,0.103770,0.097594,0.079173,0.072263,0.064455,0.051561,0.039369,0.028448,0.023232,0.018825,0.011736,0.010518,
0.129542,0.141195,0.153004,0.147899,0.136191,0.137275,0.126454,0.119762,0.111520,0.102388,0.091114,0.078833,0.071341,0.061961,0.050580,0.039507,0.031534,0.026069,0.019789,0.015593,0.013239,
0.117383,0.139102,0.143511,0.143436,0.132777,0.131261,0.125801,0.116115,0.105553,0.099574,0.090372,0.083413,0.070280,0.064161,0.053499,0.045047,0.035644,0.028345,0.022072,0.018508,0.013913,
0.108312,0.137674,0.136566,0.133982,0.130328,0.128745,0.121310,0.111163,0.102430,0.097077,0.088532,0.078596,0.073595,0.062863,0.052925,0.047716,0.039186,0.034101,0.028816,0.023016,0.015468,
0.104159,0.137046,0.129131,0.131016,0.123386,0.122780,0.117339,0.104649,0.100791,0.095644,0.087801,0.078053,0.075279,0.067225,0.059687,0.051338,0.044244,0.038732,0.034023,0.025257,0.020722,
0.098387,0.131502,0.121675,0.125341,0.121951,0.115028,0.112515,0.098696,0.096923,0.094069,0.087641,0.081256,0.076312,0.069903,0.060266,0.056345,0.053954,0.050486,0.040566,0.029244,0.027022,
0.106000,0.115675,0.113269,0.117408,0.115429,0.109031,0.108905,0.100142,0.096154,0.093288,0.090673,0.084252,0.080502,0.079300,0.070188,0.064855,0.064253,0.054578,0.045559,0.039878,0.018737,
0.086974,0.105328,0.111607,0.110900,0.108352,0.103024,0.101419,0.097548,0.100758,0.091260,0.090484,0.089960,0.086936,0.086126,0.084203,0.078665,0.082374,0.076665,0.055119,0.040337,0.022670,
0.079828,0.105254,0.102023,0.109965,0.103518,0.105864,0.096961,0.103008,0.094405,0.093493,0.093020,0.097178,0.092538,0.095765,0.097707,0.097507,0.094826,0.091168,0.080887,0.045031,0.019458,
0.066717,0.090423,0.091865,0.096596,0.093463,0.099421,0.088497,0.095623,0.093591,0.096241,0.098031,0.106218,0.112394,0.106530,0.115120,0.132571,0.126551,0.098910,0.075042,0.038916,0.015003,
nan,0.062691,0.073101,0.079507,0.085443,0.093293,0.092198,0.095380,0.096010,0.105578,0.119866,0.111903,0.119614,0.125061,0.137083,0.145416,0.118630,0.109516,0.076654,0.027469,0.016353,
nan,0.039333,nan,0.062578,0.085060,0.054454,0.110709,0.061163,0.090666,0.108272,0.129786,0.096901,0.143265,0.124997,0.139006,0.152284,0.113322,0.084875,0.098916,0.030954,0.000306,
nan,0.188841,0.147308,0.162469,0.165700,0.153477,0.143307,0.110631,0.108094,0.129104,0.115482,0.114617,0.094596,0.058868,0.049617,0.068115,0.028749,0.034128,0.004839,0.018737,0.000000,
0.180305,0.168524,0.171464,0.142066,0.148558,0.162915,0.138109,0.123222,0.130902,0.109432,0.103181,0.089617,0.068287,0.068915,0.050105,0.037257,0.031558,0.016715,0.010352,0.005542,0.005999,
0.159720,0.165618,0.169917,0.151169,0.149691,0.147075,0.152453,0.135928,0.123320,0.108994,0.106666,0.083931,0.078603,0.061772,0.051947,0.033224,0.026215,0.018196,0.010411,0.006394,0.005166,
0.118902,0.164249,0.176628,0.151991,0.149920,0.150780,0.143799,0.132972,0.117541,0.113404,0.097287,0.083623,0.078297,0.061476,0.048663,0.037731,0.025981,0.018462,0.010253,0.009559,0.005716,
0.115621,0.163218,0.165785,0.154160,0.158751,0.140071,0.134951,0.126395,0.121573,0.105889,0.097782,0.089528,0.079283,0.062016,0.056042,0.038845,0.029146,0.019815,0.009758,0.010106,0.006201,
0.086525,0.164291,0.161758,0.155255,0.140819,0.138924,0.136839,0.127053,0.118560,0.107166,0.093881,0.085976,0.071248,0.060987,0.044756,0.038656,0.026364,0.017562,0.013127,0.008395,0.007117,
0.060079,0.158122,0.151184,0.152008,0.148411,0.139023,0.133359,0.121056,0.116925,0.105301,0.099451,0.080624,0.071888,0.062078,0.049828,0.037918,0.027504,0.021460,0.015384,0.010167,0.007887,
0.117182,0.160983,0.146251,0.147965,0.141304,0.141328,0.132070,0.120964,0.111983,0.103991,0.092488,0.082599,0.072118,0.060767,0.050204,0.039708,0.027527,0.022729,0.015385,0.013174,0.009087,
0.135166,0.150599,0.136502,0.140834,0.138196,0.135896,0.129216,0.114754,0.106134,0.101052,0.089418,0.083398,0.070561,0.063227,0.050516,0.040173,0.031980,0.023416,0.017438,0.015421,0.012204,
0.146860,0.149598,0.141996,0.137875,0.132697,0.127994,0.127424,0.110553,0.107103,0.100540,0.087850,0.079257,0.073275,0.060268,0.050710,0.043163,0.033597,0.026721,0.020911,0.017047,0.012313,
0.103799,0.141218,0.138311,0.136778,0.126093,0.124267,0.116464,0.106852,0.100476,0.094807,0.089880,0.079873,0.070961,0.062253,0.054015,0.042745,0.035535,0.031169,0.024008,0.021004,0.016754,
0.094800,0.137152,0.132606,0.126198,0.124281,0.118877,0.113962,0.106864,0.105452,0.094748,0.090237,0.080682,0.071296,0.062397,0.055484,0.046678,0.040989,0.037860,0.028364,0.022487,0.018146,
0.114209,0.120755,0.127484,0.124465,0.117754,0.116273,0.108419,0.105238,0.101458,0.090811,0.086394,0.080386,0.072388,0.068939,0.062415,0.052123,0.047982,0.039471,0.032662,0.024901,0.020316,
0.106550,0.131919,0.117931,0.115351,0.108863,0.111100,0.106553,0.104788,0.094258,0.087946,0.087656,0.083898,0.079927,0.070266,0.066744,0.062707,0.060849,0.052058,0.038084,0.029849,0.016033,
0.083376,0.108409,0.112318,0.106764,0.103826,0.107035,0.103862,0.101138,0.093606,0.089999,0.090144,0.090438,0.081841,0.076937,0.072057,0.071738,0.065939,0.063027,0.053759,0.035133,0.019330,
0.106574,0.105762,0.095795,0.099642,0.099433,0.099501,0.100493,0.097068,0.091843,0.091028,0.088035,0.087210,0.083688,0.085858,0.087054,0.086436,0.091663,0.070710,0.057099,0.044401,0.015148,
0.079564,0.095368,0.090385,0.094779,0.092585,0.095065,0.092839,0.095079,0.089996,0.091494,0.099392,0.100500,0.095450,0.092355,0.103571,0.090339,0.089009,0.069491,0.062566,0.034694,0.015563,
0.070018,0.075035,0.081493,0.106808,0.085335,0.082810,0.094591,0.085012,0.090790,0.098414,0.094649,0.099732,0.102231,0.121376,0.114784,0.113864,0.105370,0.096688,0.056969,0.027973,0.011578,
nan,nan,0.064243,0.055392,0.044553,0.115633,0.094871,0.065186,0.101771,0.098439,0.142527,0.096670,0.110533,0.196376,0.126073,0.140366,0.094708,0.087455,0.049042,0.009468,0.007752,
nan,0.159709,0.203767,0.174916,0.129734,0.119797,0.134379,0.140613,0.104575,0.109628,0.128451,0.111454,0.067583,0.060234,0.087298,0.054275,0.048804,0.018561,0.015296,0.005081,0.009083,
0.195331,0.152147,0.157454,0.163884,0.166150,0.158044,0.145724,0.128614,0.122008,0.109655,0.092487,0.076722,0.073487,0.065284,0.056935,0.032878,0.017254,0.017099,0.011093,0.005832,0.006433,
0.106318,0.164951,0.171082,0.155979,0.151026,0.149088,0.140982,0.127727,0.115956,0.114819,0.100440,0.092301,0.077681,0.057771,0.049811,0.032088,0.024761,0.016781,0.011858,0.006154,0.002771,
0.134184,0.169069,0.159386,0.158584,0.160414,0.153984,0.142141,0.125967,0.128608,0.108635,0.097416,0.084128,0.074813,0.067141,0.052228,0.036169,0.026634,0.021881,0.010639,0.009389,0.007324,
0.161505,0.161010,0.157085,0.161852,0.151420,0.143756,0.141317,0.130275,0.123454,0.108522,0.097350,0.085218,0.069818,0.062636,0.049832,0.035994,0.024551,0.017419,0.012718,0.008940,0.006747,
0.151764,0.160841,0.149194,0.159984,0.150692,0.139836,0.140726,0.124405,0.116548,0.106900,0.100271,0.083509,0.070057,0.061801,0.046040,0.038983,0.026206,0.019158,0.013655,0.009993,0.005742,
0.137557,0.158462,0.155968,0.146943,0.145933,0.147095,0.133115,0.126143,0.114466,0.104726,0.094769,0.081756,0.075967,0.062926,0.049101,0.039173,0.027680,0.021586,0.014956,0.009722,0.006687,
0.140485,0.165590,0.149211,0.144913,0.138779,0.137034,0.131253,0.117648,0.106220,0.106498,0.092595,0.084614,0.072171,0.060932,0.050663,0.036395,0.029544,0.019368,0.014863,0.012018,0.007885,
0.124923,0.151462,0.142513,0.142167,0.133847,0.132390,0.124212,0.113957,0.109360,0.100246,0.092107,0.079151,0.071007,0.060151,0.048732,0.040385,0.030385,0.023017,0.015435,0.012855,0.009037,
0.115102,0.142690,0.134944,0.136894,0.130700,0.128792,0.116988,0.113295,0.106097,0.100007,0.087668,0.077658,0.069315,0.060281,0.050828,0.038509,0.031963,0.025963,0.018674,0.015635,0.013593,
0.134415,0.139200,0.132953,0.128012,0.125369,0.123471,0.119456,0.114734,0.105892,0.095948,0.088229,0.077522,0.071547,0.057482,0.052656,0.041877,0.035411,0.028236,0.022757,0.017740,0.013823,
0.133745,0.134642,0.127421,0.127575,0.123713,0.118813,0.117237,0.108793,0.100016,0.093861,0.087034,0.078512,0.069719,0.063643,0.054531,0.045672,0.037288,0.033504,0.024242,0.018570,0.014778,
0.119394,0.126262,0.124183,0.120936,0.117723,0.115501,0.110967,0.107033,0.096249,0.094869,0.085120,0.080732,0.071946,0.064678,0.055290,0.050810,0.046141,0.036549,0.025509,0.022219,0.015202,
0.120835,0.113660,0.119604,0.115246,0.111810,0.113084,0.108449,0.101030,0.098493,0.091163,0.085520,0.080767,0.073710,0.068424,0.061945,0.059186,0.051260,0.044028,0.038914,0.025561,0.014581,
0.116309,0.110459,0.107917,0.113048,0.103253,0.102291,0.100406,0.096523,0.096414,0.090156,0.083459,0.079693,0.074372,0.069973,0.066809,0.067296,0.057746,0.056515,0.041750,0.030939,0.016464,
0.102694,0.102456,0.101439,0.103101,0.093529,0.096278,0.096401,0.092480,0.094650,0.089567,0.086878,0.085939,0.075177,0.075220,0.076144,0.069192,0.070984,0.056575,0.046388,0.033520,0.016426,
0.100378,0.097392,0.090300,0.087522,0.089424,0.087356,0.090157,0.094432,0.088376,0.089072,0.088653,0.094476,0.078462,0.091326,0.089532,0.079827,0.079536,0.071960,0.044623,0.031536,0.012865,
0.069512,0.072686,0.084379,0.080717,0.078364,0.089875,0.078085,0.085810,0.090431,0.084572,0.099059,0.099257,0.084828,0.088834,0.103316,0.100924,0.075979,0.069208,0.054691,0.024238,0.010715,
nan,nan,0.049139,0.065905,nan,0.084430,0.076371,0.064773,0.071098,0.108151,0.092807,0.074503,0.060142,0.149531,0.130348,0.087458,0.136537,0.067774,0.022045,0.021409,0.005149,
nan,0.159156,0.175456,0.188651,0.163888,0.112838,0.133579,0.115534,0.131372,0.099884,0.099567,0.081225,0.072910,0.038578,0.041356,0.018663,0.064169,0.007194,0.018710,0.005729,0.000000,
0.131023,0.167403,0.153349,0.165586,0.148734,0.149779,0.138950,0.142489,0.116139,0.115596,0.094317,0.085381,0.074663,0.057753,0.058006,0.039904,0.028289,0.013768,0.009538,0.004923,0.000958,
0.158326,0.171818,0.174595,0.160187,0.159723,0.162071,0.139767,0.143191,0.125608,0.106682,0.106498,0.093734,0.081076,0.068875,0.048659,0.036160,0.027995,0.018861,0.010212,0.005922,0.006664,
0.154428,0.158120,0.160158,0.154068,0.152907,0.147435,0.145261,0.129935,0.116840,0.111937,0.100987,0.090743,0.078694,0.058867,0.051666,0.041108,0.025784,0.018062,0.008836,0.007376,0.004040,
0.166327,0.171647,0.163959,0.157020,0.151634,0.142240,0.134938,0.128821,0.126083,0.109629,0.093953,0.087455,0.070986,0.059501,0.046353,0.035333,0.024749,0.017127,0.010327,0.009451,0.005819,
0.167821,0.165130,0.154641,0.147939,0.149097,0.146948,0.133430,0.126572,0.117388,0.107933,0.097108,0.080657,0.075605,0.066934,0.048877,0.038935,0.027117,0.019052,0.013877,0.007593,0.006435,
0.180449,0.156501,0.151307,0.152230,0.143677,0.137339,0.137486,0.120921,0.109680,0.105536,0.091627,0.082488,0.074188,0.062552,0.050840,0.038458,0.027095,0.017851,0.012678,0.010395,0.006330,
0.145641,0.152482,0.150895,0.150013,0.138027,0.137016,0.125103,0.119084,0.113340,0.104710,0.094513,0.081846,0.072315,0.058953,0.045631,0.037104,0.027302,0.020467,0.013972,0.010915,0.008377,
0.137806,0.149174,0.147186,0.148270,0.135657,0.131540,0.125456,0.118823,0.108970,0.104578,0.090549,0.078145,0.068338,0.062519,0.049847,0.037973,0.029416,0.021633,0.016100,0.012113,0.009150,
0.156134,0.142377,0.144477,0.137206,0.132922,0.125447,0.125065,0.117068,0.105200,0.096750,0.087688,0.078256,0.072173,0.057411,0.050595,0.038541,0.030828,0.023178,0.016975,0.015239,0.010172,
0.137866,0.141742,0.134142,0.139804,0.129273,0.122707,0.123010,0.115829,0.099734,0.095985,0.087145,0.079925,0.070024,0.060202,0.049821,0.039305,0.031160,0.027332,0.019349,0.016484,0.012328,
0.137477,0.142784,0.130503,0.131450,0.121724,0.119157,0.114002,0.108106,0.103125,0.095541,0.085668,0.077041,0.069289,0.062613,0.054424,0.043463,0.038987,0.028265,0.021011,0.016003,0.014398,
0.129207,0.129870,0.124507,0.127571,0.113944,0.113740,0.109897,0.105641,0.096578,0.091434,0.081464,0.076554,0.069112,0.062593,0.053498,0.047422,0.041693,0.034392,0.027660,0.018508,0.015095,
0.112760,0.108296,0.118937,0.116250,0.110087,0.104270,0.103235,0.102005,0.094916,0.090759,0.082752,0.077254,0.070680,0.061277,0.057198,0.050034,0.044406,0.039811,0.031798,0.022020,0.013560,
0.088988,0.109878,0.110759,0.107261,0.101533,0.097943,0.101909,0.097683,0.090077,0.086691,0.082328,0.079262,0.069045,0.063215,0.063106,0.058998,0.047677,0.044809,0.037231,0.025864,0.014008,
0.087099,0.101003,0.111985,0.097701,0.094845,0.098479,0.092854,0.090038,0.089357,0.083620,0.083094,0.078533,0.073282,0.067885,0.074716,0.059155,0.059549,0.049221,0.038098,0.028213,0.013814,
0.073353,0.081721,0.098999,0.086234,0.084659,0.088606,0.093350,0.090476,0.086878,0.085736,0.087614,0.080882,0.079477,0.076405,0.074797,0.072663,0.059350,0.054434,0.037903,0.028183,0.013821,
0.053819,0.080006,0.077479,0.074051,0.073531,0.086937,0.072667,0.080229,0.086276,0.080120,0.082015,0.087018,0.082940,0.088568,0.083513,0.069544,0.065949,0.065201,0.049763,0.020457,0.007936,
nan,0.075423,0.052526,nan,0.057432,0.078501,0.064264,0.068870,0.061408,0.095973,0.056416,0.084101,0.100979,0.099459,0.061622,0.063000,0.092013,0.043295,0.050880,0.005130,0.000614,
nan,0.144411,0.265911,0.128649,0.149473,0.102273,0.162937,0.215857,0.131619,0.122419,0.102511,0.089150,0.119571,0.059445,0.066356,0.027015,0.014465,0.026233,0.006202,0.016093,0.006074,
0.116353,0.188358,0.161340,0.167912,0.162281,0.153392,0.138465,0.134844,0.131765,0.111076,0.096149,0.094656,0.067341,0.056102,0.045037,0.035571,0.021541,0.018084,0.008631,0.005749,0.005949,
0.166005,0.158610,0.161455,0.150561,0.151001,0.151222,0.149515,0.124070,0.111006,0.109943,0.096621,0.083746,0.076591,0.069986,0.052861,0.034425,0.027207,0.017416,0.011117,0.006973,0.004123,
0.193503,0.173789,0.164687,0.169308,0.155412,0.148638,0.138208,0.132844,0.129223,0.109222,0.098256,0.086920,0.073370,0.064069,0.045701,0.036095,0.024523,0.015317,0.009625,0.008078,0.006443,
0.165825,0.161168,0.151422,0.152053,0.154413,0.149170,0.140852,0.125758,0.120356,0.110570,0.100377,0.082552,0.072494,0.061500,0.050986,0.038823,0.023529,0.016641,0.012230,0.008725,0.005375,
0.183975,0.153733,0.153990,0.158656,0.148516,0.139299,0.141064,0.124245,0.110000,0.109236,0.099006,0.082238,0.076471,0.061692,0.050231,0.039260,0.027094,0.017478,0.011531,0.007970,0.004949,
0.177335,0.159825,0.155115,0.155823,0.141983,0.141946,0.129021,0.117496,0.115586,0.107336,0.095724,0.083346,0.071616,0.058758,0.048483,0.035113,0.025986,0.018667,0.012762,0.010108,0.005635,
0.147010,0.147328,0.142881,0.150027,0.145152,0.134112,0.132318,0.122753,0.110686,0.104317,0.087396,0.078143,0.069049,0.059702,0.048171,0.037480,0.026916,0.017710,0.012098,0.010319,0.007994,
0.159039,0.146099,0.139508,0.144933,0.139274,0.127478,0.128094,0.124936,0.106235,0.097543,0.087509,0.080152,0.071629,0.057072,0.050039,0.037535,0.027060,0.021504,0.014941,0.011412,0.009410,
0.132977,0.138364,0.142779,0.140965,0.132817,0.130565,0.122151,0.116808,0.105163,0.099386,0.091341,0.079837,0.069441,0.060150,0.047882,0.036936,0.031249,0.021855,0.014847,0.012802,0.009647,
0.133709,0.131164,0.139435,0.132869,0.124464,0.122574,0.116088,0.111932,0.105643,0.099787,0.087754,0.076608,0.068302,0.058116,0.049849,0.038713,0.030709,0.025974,0.017109,0.013117,0.010110,
0.137244,0.118568,0.129022,0.125457,0.117793,0.115688,0.111578,0.109382,0.098483,0.093821,0.081791,0.076709,0.068854,0.058938,0.048943,0.044592,0.035718,0.025871,0.019617,0.014268,0.011698,
0.142586,0.123877,0.125742,0.122044,0.120443,0.113596,0.106386,0.105943,0.099342,0.089823,0.084483,0.078027,0.066948,0.057490,0.049804,0.045709,0.035642,0.030121,0.023242,0.017769,0.013988,
0.130236,0.121245,0.117527,0.116931,0.113980,0.111153,0.103593,0.100374,0.093746,0.088091,0.081515,0.076146,0.067530,0.060478,0.053809,0.051216,0.039317,0.034746,0.028761,0.016859,0.014862,
0.125218,0.107755,0.116040,0.106169,0.107602,0.104794,0.097358,0.100959,0.091297,0.088288,0.083122,0.076194,0.067381,0.059777,0.058417,0.051660,0.042951,0.036226,0.030210,0.022410,0.013700,
0.127880,0.100277,0.106823,0.099609,0.100752,0.095481,0.096474,0.095688,0.089587,0.085444,0.080925,0.080029,0.068030,0.065940,0.065113,0.052653,0.047989,0.041795,0.034701,0.020727,0.013145,
nan,0.094096,0.092292,0.087782,0.091621,0.091213,0.090779,0.088611,0.081759,0.077709,0.082097,0.077321,0.071060,0.070877,0.067349,0.057279,0.055609,0.045554,0.038288,0.024278,0.010549,
nan,0.090699,0.080166,0.072361,0.078822,0.083599,0.071091,0.079514,0.083841,0.091026,0.072960,0.086030,0.073205,0.082668,0.076491,0.067190,0.067660,0.045662,0.039593,0.022845,0.010369,
nan,0.064053,0.040182,0.069473,0.064779,nan,0.043118,0.051737,0.065986,0.073377,0.078702,0.068243,0.054839,0.060223,0.041759,0.089594,0.096537,0.050462,0.047133,0.018299,0.000915,
nan,0.167116,0.156805,0.218425,0.132803,0.126513,0.117464,0.171937,0.078963,0.137612,0.103883,0.078170,0.075731,0.142329,0.049163,0.026698,0.019015,0.025290,0.007194,0.009095,0.005752,
0.135364,0.166773,0.178770,0.153011,0.166538,0.158973,0.142584,0.129845,0.124011,0.104507,0.103409,0.092113,0.081275,0.054868,0.047704,0.036483,0.025219,0.011738,0.010102,0.005777,0.006493,
0.203619,0.185221,0.155582,0.156030,0.158740,0.142814,0.137388,0.138612,0.127033,0.113756,0.102583,0.089442,0.083164,0.063185,0.046874,0.036432,0.025235,0.019945,0.008971,0.006551,0.006237,
0.147165,0.164152,0.158348,0.158831,0.153485,0.140313,0.140943,0.126026,0.125390,0.111504,0.093101,0.080748,0.073007,0.059816,0.055892,0.034011,0.025383,0.016925,0.010378,0.007767,0.006271,
0.139155,0.161207,0.163953,0.159215,0.148469,0.151332,0.136671,0.131376,0.118175,0.108807,0.098727,0.088255,0.077234,0.065564,0.048534,0.039873,0.026787,0.017011,0.011829,0.006650,0.006145,
0.169830,0.155723,0.159402,0.156410,0.146070,0.142568,0.135590,0.122872,0.117590,0.106293,0.097758,0.085002,0.073196,0.059579,0.046450,0.034110,0.023917,0.017628,0.013306,0.008223,0.006392,
0.144025,0.141373,0.153222,0.150554,0.143488,0.140678,0.131773,0.126502,0.116427,0.106699,0.094789,0.082269,0.071379,0.061955,0.045510,0.037646,0.027530,0.018410,0.010977,0.008683,0.005449,
0.174913,0.148202,0.155822,0.146794,0.139324,0.141712,0.131181,0.125856,0.109294,0.103497,0.092190,0.081218,0.072143,0.056528,0.047503,0.035380,0.025918,0.017425,0.012752,0.010211,0.007105,
0.128639,0.152466,0.144666,0.141150,0.130569,0.133961,0.125214,0.115787,0.107423,0.100513,0.092693,0.081724,0.069546,0.058486,0.047843,0.038084,0.028597,0.018407,0.011684,0.010267,0.007542,
0.149504,0.145696,0.139380,0.141184,0.129772,0.125705,0.116515,0.119454,0.110762,0.101379,0.087987,0.077805,0.069190,0.059521,0.047046,0.035933,0.028262,0.022517,0.014398,0.010661,0.009973,
0.127151,0.134584,0.138804,0.127493,0.128213,0.123301,0.116595,0.111468,0.102774,0.094311,0.084883,0.078316,0.069051,0.055766,0.045394,0.039346,0.032818,0.021726,0.015808,0.013110,0.009478,
0.134517,0.134840,0.136630,0.128674,0.122355,0.121384,0.113737,0.110159,0.100728,0.094028,0.085047,0.079241,0.066708,0.058296,0.048567,0.040376,0.032524,0.026284,0.017542,0.011899,0.010115,
0.134794,0.127933,0.128271,0.121776,0.116667,0.116855,0.110764,0.104316,0.097651,0.090641,0.082728,0.072968,0.065816,0.056745,0.048323,0.041265,0.033227,0.023917,0.021712,0.014236,0.012132,
0.138185,0.117904,0.117586,0.117414,0.112377,0.112332,0.103842,0.102591,0.094376,0.090516,0.079559,0.075488,0.065681,0.056034,0.052691,0.045687,0.034455,0.031575,0.022107,0.016322,0.012986,
0.129622,0.110904,0.110533,0.110069,0.104831,0.106726,0.100301,0.094060,0.090271,0.086001,0.078324,0.077186,0.068072,0.060239,0.055623,0.043440,0.038922,0.032267,0.027112,0.018174,0.013583,
0.130095,0.114867,0.104299,0.098430,0.097113,0.101790,0.091390,0.088224,0.087539,0.083140,0.076066,0.072724,0.066809,0.061664,0.058699,0.047499,0.044357,0.034656,0.026290,0.020402,0.012223,
0.198637,0.080280,0.094918,0.084901,0.086627,0.086761,0.085186,0.083249,0.080918,0.077179,0.076680,0.082266,0.068818,0.059808,0.065392,0.053020,0.047550,0.040883,0.033202,0.020967,0.008974,
0.101929,0.067611,0.078394,0.072598,0.088409,0.077327,0.080164,0.077058,0.077446,0.074517,0.073023,0.074438,0.070455,0.073770,0.068524,0.059052,0.058735,0.041210,0.033850,0.025881,0.013431,
nan,0.053899,nan,0.049514,0.052779,0.083043,nan,0.056264,nan,0.083609,0.052938,0.055840,0.063724,0.075070,0.046719,0.052126,0.067514,0.060162,0.016931,0.006497,0.018797,
nan,0.173884,0.131890,0.141009,0.168253,0.136088,0.118444,0.131807,0.146245,0.142020,0.109257,0.058025,0.062429,0.090153,0.038737,0.053475,0.032970,0.011257,0.009469,0.008348,0.001470,
0.155517,0.166310,0.173729,0.152964,0.134377,0.141344,0.164077,0.132208,0.114068,0.122617,0.093493,0.097861,0.070847,0.069547,0.043544,0.034835,0.029360,0.015501,0.006857,0.006648,0.005262,
0.125359,0.163745,0.156697,0.158434,0.159136,0.153027,0.142076,0.123937,0.122389,0.107038,0.100334,0.085848,0.072407,0.061533,0.049823,0.034638,0.020403,0.020962,0.008809,0.007249,0.007164,
0.163424,0.157220,0.161712,0.159101,0.150166,0.154357,0.139309,0.126197,0.129751,0.108929,0.104381,0.092598,0.074870,0.062967,0.056668,0.038568,0.028892,0.020169,0.010918,0.008437,0.004883,
0.184847,0.150131,0.160706,0.162112,0.144910,0.142178,0.144681,0.127680,0.117930,0.110284,0.101309,0.083531,0.075501,0.058878,0.043551,0.034327,0.022992,0.015095,0.009364,0.006568,0.004528,
0.172646,0.150915,0.157997,0.154787,0.149190,0.147616,0.138657,0.124640,0.111376,0.106397,0.093896,0.085893,0.068940,0.064145,0.049840,0.040724,0.026687,0.018838,0.011567,0.007550,0.005919,
0.168453,0.143719,0.148350,0.149761,0.145361,0.139604,0.133479,0.126130,0.112373,0.107273,0.095082,0.083511,0.076933,0.060889,0.045906,0.033485,0.024606,0.015746,0.012106,0.008648,0.005366,
0.172317,0.143614,0.152812,0.145251,0.138403,0.133556,0.127259,0.121682,0.110081,0.104954,0.093389,0.080166,0.071162,0.056141,0.048154,0.039072,0.026975,0.017908,0.012075,0.009177,0.005956,
0.179559,0.136734,0.151708,0.143536,0.137838,0.129357,0.125163,0.120182,0.115020,0.104330,0.090588,0.080174,0.071463,0.057419,0.046594,0.033016,0.028930,0.020948,0.012616,0.009761,0.005930,
0.139309,0.140319,0.142559,0.140371,0.133130,0.128692,0.123840,0.112501,0.106500,0.095494,0.086452,0.078086,0.067784,0.058846,0.047800,0.036702,0.026273,0.021427,0.013973,0.010475,0.007615,
0.160669,0.139835,0.136178,0.137412,0.126049,0.125916,0.116954,0.111387,0.105890,0.095350,0.086017,0.080175,0.066358,0.056699,0.046365,0.037452,0.030914,0.020911,0.011922,0.011219,0.007587,
0.132467,0.132117,0.128286,0.128890,0.123889,0.118611,0.115246,0.106170,0.105046,0.092952,0.084726,0.073710,0.066753,0.056127,0.045776,0.038448,0.028706,0.024325,0.016489,0.010989,0.009413,
0.150359,0.130570,0.124145,0.120286,0.117289,0.117192,0.106540,0.102079,0.099382,0.090717,0.082653,0.075687,0.065499,0.053973,0.048092,0.039837,0.030821,0.023495,0.018509,0.011938,0.009570,
0.124383,0.127555,0.120992,0.112592,0.108353,0.111738,0.101638,0.098504,0.094900,0.085712,0.079896,0.072305,0.065708,0.056203,0.049203,0.041253,0.030367,0.026371,0.022698,0.015401,0.010780,
0.109103,0.119298,0.111489,0.107533,0.103884,0.099734,0.094096,0.095567,0.087022,0.087260,0.076438,0.071377,0.063924,0.057703,0.051428,0.042107,0.035008,0.029424,0.022938,0.015152,0.012413,
0.099628,0.104352,0.101347,0.100758,0.094778,0.096698,0.089105,0.092595,0.081451,0.081398,0.073213,0.070931,0.066570,0.056654,0.052450,0.045088,0.039653,0.031101,0.023290,0.016421,0.011516,
0.082375,0.083588,0.082978,0.090406,0.085128,0.092291,0.085550,0.085848,0.078852,0.075636,0.069403,0.068910,0.068136,0.064922,0.058541,0.049901,0.041436,0.038252,0.026521,0.018945,0.010491,
0.067429,0.084291,0.084009,0.082702,0.072466,0.081894,0.068015,0.065883,0.068428,0.067027,0.067086,0.070359,0.067972,0.062512,0.062671,0.055861,0.046892,0.040637,0.029835,0.024115,0.015564,
nan,nan,nan,0.067177,0.127017,0.058342,0.075012,0.077955,0.067937,0.053912,0.060442,0.069106,0.064405,0.072407,0.056530,0.043342,0.055071,0.026865,0.023874,0.010121,0.005062,
nan,0.184204,0.173460,0.180810,0.151149,0.143230,0.170034,0.141332,0.146708,0.104370,0.092355,0.110201,0.080388,0.061928,0.062325,0.046972,0.032606,0.013221,0.006386,0.005082,0.002287,
0.179200,0.173851,0.161745,0.149074,0.158560,0.149667,0.142267,0.138966,0.126133,0.108099,0.107773,0.090197,0.090209,0.057822,0.059059,0.032749,0.030563,0.017792,0.008409,0.006689,0.004599,
0.176650,0.156834,0.166165,0.174133,0.151514,0.154028,0.145412,0.136188,0.117755,0.112951,0.098224,0.085326,0.071591,0.062917,0.049156,0.034423,0.020930,0.010363,0.009926,0.006750,0.007429,
0.184145,0.151811,0.170237,0.162000,0.158816,0.145735,0.131677,0.130802,0.126747,0.109278,0.100446,0.091580,0.074916,0.063632,0.056466,0.040562,0.024402,0.015909,0.008475,0.006769,0.004136,
0.200359,0.156732,0.161083,0.157200,0.145952,0.146089,0.138351,0.123664,0.119967,0.108634,0.093354,0.080951,0.073033,0.065910,0.047836,0.036965,0.023580,0.018422,0.013394,0.008425,0.004544,
0.190110,0.152179,0.161345,0.153643,0.145898,0.141552,0.133293,0.124447,0.111089,0.106525,0.100551,0.083423,0.077790,0.059498,0.050830,0.035524,0.024626,0.014599,0.008859,0.008526,0.005143,
0.164008,0.158258,0.161372,0.146366,0.144507,0.135853,0.130015,0.127787,0.113909,0.104307,0.094842,0.077776,0.066164,0.058739,0.047152,0.038634,0.026834,0.017251,0.009856,0.006911,0.007542,
0.141554,0.156177,0.143912,0.148402,0.140990,0.132206,0.128128,0.122109,0.117291,0.104475,0.093074,0.085676,0.072635,0.056999,0.046965,0.032914,0.023400,0.019683,0.011748,0.008138,0.006988,
0.134966,0.154384,0.136740,0.147399,0.133613,0.132854,0.123481,0.114775,0.107333,0.099619,0.091615,0.078703,0.067047,0.058270,0.048765,0.036719,0.025965,0.015450,0.013447,0.009882,0.007545,
0.146591,0.143169,0.139940,0.136840,0.131840,0.129292,0.121554,0.116580,0.112451,0.099175,0.086604,0.077471,0.072223,0.057736,0.044653,0.033830,0.028307,0.020501,0.010756,0.010912,0.006479,
0.138225,0.148002,0.134548,0.129097,0.127251,0.130867,0.116598,0.110282,0.108796,0.097259,0.089281,0.079089,0.065586,0.055492,0.047272,0.036301,0.028151,0.021603,0.013416,0.009213,0.007471,
0.126605,0.138778,0.131308,0.128822,0.119301,0.121999,0.113334,0.104194,0.102731,0.092694,0.084388,0.074416,0.066692,0.055493,0.044659,0.037957,0.026319,0.019823,0.014580,0.010346,0.007928,
0.119568,0.125543,0.121100,0.121800,0.115850,0.111301,0.108018,0.104917,0.095261,0.091305,0.080431,0.072960,0.065807,0.054311,0.047794,0.038331,0.029423,0.023321,0.016558,0.011746,0.006993,
0.104644,0.119720,0.115214,0.120805,0.114504,0.106252,0.102079,0.100239,0.088310,0.089389,0.079108,0.073363,0.062049,0.055575,0.048118,0.038302,0.030045,0.023388,0.018954,0.013443,0.009836,
0.116593,0.120156,0.107692,0.112021,0.101316,0.105310,0.098843,0.094828,0.089605,0.084980,0.073043,0.069354,0.063272,0.053328,0.049054,0.039083,0.031234,0.026183,0.020709,0.013225,0.011480,
0.105087,0.104506,0.100210,0.102016,0.094945,0.093955,0.093604,0.087171,0.086381,0.077631,0.070821,0.071949,0.062572,0.056944,0.050204,0.043255,0.034847,0.027325,0.019899,0.014232,0.008654,
0.089907,0.102283,0.089438,0.086778,0.086436,0.081661,0.085257,0.081730,0.078327,0.076814,0.065878,0.068740,0.066226,0.052413,0.052412,0.043507,0.038536,0.034577,0.025813,0.015770,0.010394,
0.089654,0.084581,0.083289,0.072616,0.073661,0.077295,0.080427,0.080490,0.070247,0.075375,0.065375,0.063872,0.056416,0.051847,0.047833,0.047794,0.044716,0.033376,0.024513,0.023479,0.016402,
nan,0.055161,0.084664,nan,0.053396,nan,0.084795,0.063825,0.057678,0.067211,0.050708,0.055290,0.083731,0.077669,0.051492,0.037963,0.037544,0.050566,0.014523,0.015742,0.011660,
nan,0.138443,0.160266,0.116816,0.134276,0.146158,0.135482,0.136735,0.124195,0.098431,0.137859,0.077655,0.080758,0.063309,0.058110,0.044730,0.035806,0.017251,0.023316,0.012385,0.003928,
0.161524,0.180752,0.166262,0.161881,0.154370,0.158757,0.140133,0.137640,0.131291,0.122109,0.112603,0.083060,0.085128,0.062253,0.061901,0.040419,0.024221,0.021311,0.009681,0.007816,0.004479,
0.199064,0.163195,0.165399,0.154820,0.155942,0.151733,0.134975,0.128211,0.123956,0.116337,0.097871,0.085876,0.073361,0.063238,0.041113,0.032937,0.025266,0.016257,0.007218,0.005283,0.004504,
0.169898,0.155696,0.167333,0.162290,0.153935,0.145499,0.147674,0.138897,0.119979,0.114642,0.097681,0.087994,0.075088,0.059299,0.045676,0.037357,0.024361,0.015352,0.009725,0.007202,nan,
0.142709,0.166225,0.159312,0.161065,0.156476,0.142823,0.143747,0.124029,0.111742,0.111632,0.100842,0.085704,0.074005,0.066014,0.049903,0.041306,0.026202,0.017314,0.012415,0.005276,0.006042,
0.155924,0.161912,0.146794,0.151632,0.148006,0.140731,0.139273,0.130940,0.120026,0.109130,0.099049,0.083633,0.071021,0.060759,0.044238,0.035239,0.024933,0.019321,0.011800,0.007823,0.005196,
0.147689,0.160925,0.144092,0.158952,0.143574,0.134467,0.129891,0.129317,0.112737,0.101439,0.088416,0.083985,0.075322,0.057978,0.046412,0.035161,0.023446,0.014507,0.010458,0.008323,0.005159,
0.131760,0.162006,0.147292,0.146080,0.139140,0.139240,0.127615,0.117297,0.113092,0.101570,0.095552,0.081548,0.070519,0.056513,0.048088,0.037779,0.026964,0.015494,0.010279,0.008822,0.005984,
0.133828,0.153941,0.147471,0.141202,0.136707,0.139165,0.123614,0.119083,0.117037,0.101022,0.087356,0.079767,0.072671,0.060776,0.043773,0.033589,0.027466,0.017821,0.009737,0.007918,0.007334,
0.139914,0.141320,0.137165,0.143358,0.132725,0.130209,0.121191,0.115136,0.108193,0.097564,0.092871,0.079875,0.065992,0.056326,0.047664,0.033728,0.028158,0.019960,0.012387,0.007751,0.007122,
0.134016,0.136139,0.134421,0.141316,0.130772,0.119430,0.118492,0.111236,0.104151,0.095883,0.086139,0.075982,0.067581,0.055962,0.044546,0.036347,0.025937,0.018163,0.012093,0.008691,0.007236,
0.122462,0.137339,0.126597,0.138500,0.123869,0.118387,0.111567,0.107467,0.100063,0.093631,0.083564,0.074253,0.066512,0.052458,0.044929,0.037216,0.027019,0.019852,0.014358,0.009833,0.006008,
0.124371,0.131060,0.126006,0.129055,0.118878,0.115673,0.111269,0.104081,0.096459,0.091363,0.083273,0.073336,0.063441,0.054637,0.047790,0.036700,0.025963,0.021515,0.015621,0.010191,0.009637,
0.109249,0.128254,0.115690,0.118734,0.108084,0.111092,0.105577,0.094560,0.094338,0.087146,0.076808,0.069605,0.060883,0.054323,0.046383,0.036481,0.028632,0.022196,0.016382,0.011849,0.008787,
0.116658,0.112499,0.117257,0.108263,0.101487,0.102571,0.098525,0.093022,0.085140,0.078465,0.075812,0.069323,0.059558,0.051949,0.045244,0.038104,0.029899,0.024658,0.018187,0.012371,0.010203,
0.084274,0.108175,0.106652,0.100143,0.096529,0.097764,0.092149,0.087447,0.078845,0.078839,0.071933,0.067190,0.061721,0.055026,0.048952,0.038450,0.032399,0.024838,0.018601,0.012414,0.009507,
0.086839,0.096906,0.091298,0.090952,0.088097,0.092059,0.087471,0.079034,0.075880,0.071509,0.067873,0.067036,0.059781,0.051098,0.044389,0.040876,0.034501,0.029922,0.022373,0.013900,0.007532,
nan,0.089270,0.084699,0.072783,0.074458,0.074243,0.082637,0.066989,0.066295,0.067912,0.059530,0.061299,0.059717,0.051677,0.052132,0.040338,0.034803,0.025663,0.023776,0.018171,0.008920,
nan,0.050458,0.053027,nan,nan,0.052618,0.077782,nan,0.044869,0.080107,0.052464,0.052907,0.040294,0.047696,0.048824,0.037757,0.044924,0.025175,0.015180,0.026719,0.008558,
nan,0.188451,0.163188,0.183378,0.183048,0.164654,0.167859,0.173025,0.134632,0.106353,0.096808,0.090869,0.071366,0.073443,0.060383,0.013709,0.021331,0.010716,0.007484,0.011132,0.009891,
0.176274,0.166855,0.172425,0.165596,0.161193,0.165434,0.134121,0.151028,0.115774,0.113273,0.101902,0.098869,0.076909,0.063966,0.050520,0.036094,0.032959,0.018894,0.012238,0.006840,0.005841,
0.166420,0.149962,0.157458,0.162238,0.152674,0.130349,0.152259,0.139603,0.126864,0.112173,0.092311,0.083469,0.079346,0.071465,0.052975,0.039865,0.026916,0.020976,0.010179,0.009946,0.005317,
0.176115,0.163962,0.160314,0.153860,0.154567,0.153899,0.139711,0.124927,0.122879,0.107355,0.095382,0.081953,0.070627,0.056390,0.043661,0.029942,0.024445,0.010520,0.010294,0.007885,0.006296,
0.206757,0.157984,0.153327,0.155499,0.148625,0.145373,0.137628,0.124182,0.122898,0.110082,0.101318,0.087217,0.078077,0.059842,0.048586,0.036639,0.024558,0.014509,0.008386,0.005176,0.006574,
0.140180,0.167656,0.152912,0.160108,0.145900,0.137643,0.133338,0.133174,0.113814,0.108656,0.088450,0.080872,0.075169,0.059936,0.047422,0.036519,0.027430,0.015750,0.008478,0.007579,0.003829,
0.156339,0.158474,0.153482,0.147072,0.147892,0.143281,0.130039,0.120636,0.115493,0.106696,0.099367,0.082377,0.070409,0.058763,0.049294,0.037625,0.025517,0.017598,0.009375,0.006341,nan,
0.164411,0.155948,0.149679,0.150692,0.145439,0.140544,0.130068,0.122001,0.114828,0.105533,0.089526,0.084441,0.071950,0.055739,0.045226,0.030627,0.025871,0.019389,0.010603,0.007706,0.005671,
0.160351,0.151361,0.142612,0.151354,0.137830,0.132169,0.125202,0.115473,0.111155,0.103767,0.092982,0.081558,0.066233,0.062735,0.048647,0.032891,0.022264,0.018845,0.011194,0.008491,0.004620,
0.144748,0.155660,0.144393,0.140717,0.132978,0.124682,0.123467,0.114797,0.107134,0.100090,0.087864,0.080494,0.069887,0.056009,0.043546,0.034814,0.027821,0.015589,0.012525,0.008203,0.006230,
0.146090,0.149938,0.138122,0.134249,0.129035,0.129524,0.119586,0.110280,0.105570,0.093070,0.088434,0.075990,0.064004,0.054097,0.043108,0.035551,0.027296,0.019058,0.011401,0.008023,0.005556,
0.122106,0.136240,0.136952,0.124990,0.121607,0.126562,0.113213,0.108503,0.097720,0.095926,0.084411,0.075905,0.067312,0.051740,0.046624,0.036387,0.024365,0.018593,0.012456,0.009517,0.007165,
0.127335,0.131270,0.131026,0.121620,0.114546,0.120083,0.110097,0.103535,0.098089,0.087646,0.079249,0.072736,0.061641,0.053790,0.043571,0.035037,0.024830,0.019506,0.014114,0.009082,0.004809,
0.125111,0.123979,0.124896,0.115456,0.111380,0.112367,0.102055,0.098103,0.094815,0.080755,0.077389,0.069462,0.059424,0.051089,0.044991,0.036699,0.028035,0.020659,0.013699,0.011506,0.009335,
0.123122,0.114494,0.112560,0.102889,0.103109,0.105615,0.099767,0.091201,0.088066,0.083179,0.071137,0.070560,0.060710,0.051792,0.045130,0.037528,0.027497,0.022601,0.015787,0.012767,0.009209,
0.111446,0.103369,0.107956,0.092031,0.095494,0.095957,0.094500,0.087809,0.081539,0.076861,0.068097,0.068719,0.055997,0.054053,0.042139,0.037676,0.028072,0.023318,0.015605,0.012554,0.006970,
0.099155,0.089126,0.094406,0.083551,0.086556,0.089913,0.082394,0.080346,0.069804,0.068376,0.065821,0.060127,0.049827,0.050315,0.045217,0.037132,0.031101,0.026918,0.019033,0.014436,0.008281,
nan,0.071564,0.092611,0.068857,0.072027,0.068960,0.066936,0.077601,0.065431,0.062771,0.063936,0.062467,0.055744,0.040901,0.044141,0.036199,0.034735,0.022293,0.020150,0.014775,0.007038,
nan,nan,0.062142,0.051048,nan,nan,0.048809,0.057440,0.052494,0.042115,0.057125,0.057025,0.058768,0.027121,0.041283,0.032652,0.041653,0.022435,0.013922,0.026796,0.019831,
nan,0.158954,0.148640,0.146764,0.186960,0.139332,0.127640,0.106334,0.108547,0.113756,0.120823,0.079265,0.110479,0.072802,0.036640,0.036754,0.040241,0.012966,0.006368,0.013688,0.006317,
0.175505,0.176925,0.168322,0.160972,0.176090,0.157838,0.139544,0.134351,0.124954,0.105618,0.100229,0.092417,0.079115,0.067775,0.048211,0.035565,0.022792,0.018340,0.008640,0.006119,0.003174,
0.151043,0.174485,0.169774,0.165185,0.157081,0.157135,0.151379,0.130918,0.125579,0.116892,0.111104,0.091623,0.083061,0.058174,0.052792,0.040736,0.027557,0.019488,0.011155,0.005916,0.003332,
0.178841,0.163628,0.155204,0.166519,0.157045,0.150708,0.134530,0.124788,0.120621,0.110098,0.103311,0.083176,0.072029,0.061905,0.055990,0.040667,0.027544,0.019203,0.008793,0.007167,0.004419,
0.145162,0.176183,0.162960,0.163452,0.151649,0.142419,0.140073,0.127603,0.119166,0.112578,0.097181,0.085459,0.071024,0.063578,0.046215,0.034109,0.022828,0.020324,0.012144,0.008290,0.004379,
0.156817,0.161263,0.155886,0.151054,0.142250,0.143303,0.135597,0.125063,0.112638,0.107778,0.100525,0.085844,0.076126,0.059292,0.045276,0.031794,0.023208,0.015858,0.009440,0.008737,0.004248,
0.150321,0.157809,0.156286,0.156235,0.148578,0.142563,0.129873,0.127411,0.119702,0.105011,0.090368,0.084878,0.072855,0.058572,0.047593,0.035999,0.023204,0.012090,0.010421,0.007304,0.005458,
0.159418,0.153447,0.157090,0.147268,0.140707,0.134261,0.130001,0.119691,0.115294,0.102273,0.092977,0.079437,0.066295,0.059991,0.047260,0.035465,0.025068,0.013990,0.008554,0.007544,0.005460,
0.125965,0.154575,0.153797,0.135957,0.135763,0.127688,0.127792,0.115936,0.112737,0.101692,0.087877,0.083524,0.070703,0.054923,0.046068,0.035806,0.024887,0.016939,0.009219,0.007625,0.005827,
0.176240,0.145036,0.145677,0.136081,0.130306,0.134420,0.121788,0.116477,0.108947,0.096619,0.089324,0.076361,0.066618,0.057712,0.043060,0.032682,0.029941,0.016400,0.008954,0.007170,0.006567,
0.146595,0.140931,0.138386,0.125776,0.123915,0.128364,0.117549,0.114016,0.102562,0.096734,0.085699,0.078968,0.066418,0.054865,0.045553,0.033853,0.023567,0.018699,0.009477,0.007510,0.005954,
0.139562,0.129553,0.128639,0.119638,0.122203,0.120587,0.117231,0.104633,0.104287,0.089989,0.084034,0.073442,0.067009,0.052926,0.044810,0.035273,0.022644,0.018177,0.011631,0.009013,0.005399,
0.172840,0.125621,0.123421,0.119607,0.119410,0.114816,0.107962,0.099240,0.096795,0.085258,0.079902,0.072301,0.060693,0.052921,0.044714,0.035101,0.024398,0.017622,0.012871,0.009657,0.006390,
0.122773,0.125988,0.119629,0.116719,0.112621,0.106622,0.104759,0.097667,0.090768,0.085156,0.076235,0.070419,0.060701,0.050390,0.042702,0.033736,0.027340,0.019353,0.012866,0.010413,0.007753,
nan,0.109420,0.109870,0.108807,0.109051,0.100208,0.097415,0.092636,0.081721,0.078882,0.072543,0.073364,0.059429,0.050323,0.041320,0.036678,0.026214,0.020504,0.013846,0.012538,0.007416,
nan,0.097019,0.102277,0.104772,0.090524,0.092004,0.088665,0.085662,0.083818,0.069348,0.066152,0.061615,0.058050,0.047132,0.042007,0.036661,0.029990,0.020613,0.015454,0.010822,0.008728,
nan,0.091769,0.096959,0.096752,0.090957,0.088616,0.082907,0.076776,0.073954,0.067253,0.064714,0.055307,0.057397,0.044888,0.041849,0.032292,0.027942,0.025017,0.017306,0.011721,0.009073,
nan,0.076216,0.082130,0.079700,0.075110,0.073551,0.071812,0.065992,0.069617,0.057818,0.057940,0.051486,0.049971,0.047478,0.045577,0.033266,0.030411,0.024310,0.018946,0.015346,0.009687,
nan,0.054616,0.028169,0.038420,0.048503,0.042302,0.050533,0.065167,0.080397,0.027886,0.056560,0.052140,0.037405,0.048759,0.031508,0.034959,0.025567,0.025176,0.003841,0.010612,0.012889,
nan,0.143123,0.193101,0.185138,0.170248,0.156192,0.128083,0.153084,0.125518,0.114606,0.098115,0.092213,0.065737,0.059635,0.051417,0.042163,0.035177,0.008619,0.010887,0.001204,0.006105,
0.179359,0.152223,0.158321,0.156574,0.150131,0.149737,0.135741,0.122966,0.115212,0.098885,0.108836,0.083770,0.075372,0.075868,0.054972,0.039824,0.027046,0.013886,0.007674,0.006231,0.004045,
0.173626,0.154951,0.165112,0.162502,0.162736,0.153474,0.137134,0.128579,0.127303,0.116675,0.099421,0.082694,0.083209,0.068087,0.051653,0.036089,0.025080,0.018811,0.008820,0.005543,0.002394,
0.162663,0.177891,0.155425,0.166288,0.151377,0.148287,0.143037,0.134348,0.118023,0.110519,0.103994,0.086320,0.080716,0.068434,0.049810,0.041215,0.025110,0.015113,0.009139,0.006320,0.003570,
0.201236,0.165872,0.165073,0.153991,0.147524,0.147092,0.137508,0.128346,0.116150,0.107185,0.098827,0.084885,0.078939,0.060385,0.053469,0.040038,0.025278,0.017229,0.012397,0.005137,0.002579,
0.181716,0.170896,0.161546,0.157624,0.156394,0.142478,0.126442,0.130255,0.117342,0.109844,0.094661,0.078352,0.068165,0.059602,0.046449,0.039946,0.026712,0.017435,0.009548,0.006345,0.003800,
0.165616,0.161830,0.160917,0.149933,0.147221,0.136757,0.133166,0.120425,0.112975,0.109067,0.101326,0.085734,0.069479,0.057771,0.048660,0.033449,0.025588,0.017004,0.008944,0.006005,nan,
0.147251,0.152018,0.151080,0.142816,0.138675,0.133875,0.131278,0.118522,0.119405,0.103529,0.089779,0.082343,0.072719,0.059094,0.043832,0.034443,0.027558,0.018907,0.010010,0.006815,0.006854,
0.138642,0.140403,0.137558,0.140161,0.135136,0.138812,0.125585,0.121008,0.113406,0.102163,0.091953,0.080082,0.072577,0.058298,0.044572,0.031315,0.025716,0.018972,0.009230,0.006913,0.005347,
0.124948,0.142009,0.133986,0.137841,0.132822,0.130508,0.121196,0.115680,0.106532,0.098419,0.088679,0.079947,0.066446,0.056411,0.046590,0.033111,0.024729,0.018465,0.010578,0.006494,0.006552,
0.145398,0.132230,0.128573,0.137530,0.135335,0.125424,0.119392,0.109593,0.105109,0.096292,0.087399,0.075638,0.067644,0.052364,0.046438,0.034951,0.021993,0.018704,0.010089,0.006996,0.005476,
nan,0.139750,0.131835,0.136540,0.131213,0.115073,0.112575,0.102936,0.099324,0.087514,0.082034,0.073845,0.062130,0.053765,0.043618,0.036698,0.024238,0.017283,0.010708,0.008514,0.004896,
0.127574,0.131268,0.126934,0.126353,0.124552,0.111622,0.107408,0.104413,0.098978,0.087906,0.081361,0.071275,0.060730,0.049970,0.044212,0.034750,0.023839,0.018432,0.011960,0.008766,0.006060,
0.149763,0.111369,0.117254,0.121794,0.115644,0.106457,0.099898,0.097072,0.089329,0.082737,0.076210,0.071596,0.058993,0.051702,0.041993,0.034666,0.026667,0.018748,0.012207,0.009978,0.006319,
nan,0.105943,0.113868,0.109178,0.107092,0.101681,0.099309,0.090886,0.083686,0.077942,0.071273,0.063037,0.058782,0.049012,0.038779,0.034894,0.025075,0.019760,0.012828,0.012072,0.006802,
nan,0.101533,0.104215,0.103510,0.096642,0.098461,0.092339,0.086753,0.074243,0.073587,0.069592,0.063006,0.056462,0.044916,0.042876,0.034165,0.026914,0.021027,0.015071,0.010034,0.007675,
nan,0.093859,0.093056,0.086485,0.086730,0.088597,0.082607,0.076634,0.074385,0.066798,0.065059,0.056732,0.054150,0.043901,0.041520,0.029887,0.027333,0.021829,0.015773,0.009765,0.010369,
nan,0.075575,0.075407,0.079627,0.070075,0.071949,0.065852,0.066491,0.060992,0.067446,0.057352,0.057457,0.048651,0.043031,0.043168,0.035182,0.026569,0.021680,0.018086,0.015051,0.010262,
nan,nan,nan,nan,nan,0.048172,0.046598,0.046373,0.046373,0.045118,0.047783,0.049048,0.038072,0.033258,0.043788,0.044055,0.028807,0.032208,nan,0.016236,0.008377,
nan,0.189952,0.137976,0.131397,0.181927,0.140712,0.121526,0.139211,0.112767,nan,0.070616,0.072064,0.086832,0.068783,0.044012,0.030327,0.018286,0.011920,0.011367,0.006323,nan,
0.146635,0.158491,0.172810,0.159406,0.155501,0.147498,0.147463,0.123418,0.123954,0.103330,0.097332,0.092291,0.079845,0.054337,0.055515,0.034430,0.019143,0.014461,0.009449,0.004469,nan,
0.161364,0.164052,0.162661,0.160104,0.158107,0.143047,0.144265,0.133944,0.129042,0.106477,0.096768,0.088040,0.075852,0.064154,0.048356,0.035876,0.019208,0.016222,0.007475,0.006541,nan,
0.174678,0.170814,0.151574,0.154668,0.153425,0.143482,0.147386,0.132896,0.128073,0.113050,0.102126,0.089780,0.067914,0.060720,0.047349,0.036481,0.024781,0.014495,0.007924,0.006677,nan,
0.180034,0.165701,0.161581,0.155875,0.153528,0.146957,0.137215,0.127190,0.115346,0.112102,0.102955,0.086904,0.081145,0.057691,0.048914,0.036599,0.025060,0.014389,0.008343,0.004824,0.004907,
0.197212,0.142478,0.162976,0.158249,0.148889,0.141423,0.142635,0.128970,0.117345,0.102923,0.095039,0.085946,0.078227,0.060403,0.046359,0.033757,0.021623,0.011041,0.007474,0.007464,0.005154,
0.189379,0.140940,0.149700,0.144827,0.142080,0.142274,0.133521,0.124408,0.121592,0.107830,0.090513,0.083409,0.074366,0.058641,0.048107,0.037192,0.022092,0.011952,0.009972,0.006470,0.004797,
0.167282,0.138328,0.146148,0.150866,0.136794,0.140655,0.126429,0.123054,0.112922,0.104228,0.094854,0.080993,0.067365,0.059379,0.048534,0.032646,0.023114,0.014527,0.008934,0.007622,0.004733,
0.151489,0.134774,0.150381,0.146573,0.140797,0.131901,0.129933,0.119382,0.115276,0.100689,0.092390,0.083131,0.068658,0.058219,0.049068,0.034595,0.023282,0.016031,0.010707,0.007774,0.005591,
0.157503,0.126267,0.141322,0.141656,0.139318,0.128198,0.121813,0.113873,0.106537,0.100382,0.088325,0.074243,0.067678,0.055136,0.042488,0.034492,0.024906,0.015925,0.011809,0.006673,0.003732,
nan,0.122897,0.136555,0.138965,0.130357,0.117895,0.115943,0.109594,0.106381,0.092664,0.087677,0.075371,0.068091,0.053083,0.042542,0.036768,0.022951,0.016845,0.010021,0.006859,0.005281,
0.144385,0.124127,0.127817,0.128225,0.124562,0.119823,0.112153,0.107129,0.099187,0.092757,0.083610,0.071839,0.062607,0.052841,0.045063,0.034078,0.024246,0.016166,0.010783,0.007675,0.004726,
0.121531,0.125137,0.118099,0.122894,0.115709,0.114117,0.109984,0.103304,0.090569,0.089304,0.079231,0.073315,0.060955,0.051119,0.042630,0.034502,0.024606,0.016844,0.010847,0.007695,0.005944,
nan,0.121238,0.113341,0.117223,0.108697,0.108813,0.107023,0.098813,0.090664,0.080450,0.076199,0.068714,0.059831,0.049382,0.041047,0.033751,0.024964,0.016059,0.011411,0.009661,0.006274,
0.116581,0.109865,0.107630,0.113641,0.101262,0.099155,0.097861,0.092264,0.087038,0.081815,0.074944,0.063266,0.057928,0.048095,0.041381,0.032762,0.025826,0.018867,0.012044,0.010724,0.006173,
nan,0.098051,0.103940,0.097809,0.094747,0.091814,0.090791,0.081263,0.079198,0.076636,0.069339,0.063626,0.055638,0.044719,0.040683,0.032782,0.023812,0.020217,0.014523,0.009392,0.007032,
nan,0.085710,0.083575,0.090336,0.084233,0.079807,0.080630,0.068312,0.071078,0.070008,0.061858,0.058678,0.049846,0.045464,0.038677,0.033763,0.025102,0.022250,0.014617,0.010119,0.007298,
nan,0.068433,0.069426,0.070812,0.069773,0.058934,0.063125,0.060404,0.066738,0.059372,0.057893,0.051931,0.044236,0.037869,0.038303,0.033583,0.026565,0.019489,0.017280,0.014463,0.010395,
nan,nan,nan,nan,nan,0.053841,0.049987,0.048895,0.069483,0.045857,0.042594,0.038107,0.042103,0.056697,0.044992,0.036609,0.037524,0.012667,0.015508,0.016743,0.011761,
nan,0.137522,0.137630,0.161204,0.119062,0.140635,0.148984,0.138717,0.117586,0.115464,0.103604,0.107485,0.077815,0.034078,0.050183,0.032535,0.010278,0.013612,0.013402,0.003636,nan,
0.205430,0.181302,0.163715,0.162146,0.152109,0.148352,0.149712,0.127161,0.121638,0.109178,0.087845,0.086268,0.068462,0.060129,0.054172,0.031327,0.024463,0.017280,0.009476,0.003775,nan,
0.186523,0.165695,0.171235,0.162091,0.155591,0.159714,0.137471,0.128457,0.120740,0.113042,0.095955,0.088591,0.069278,0.059167,0.044919,0.028765,0.020804,0.014595,0.007592,0.006405,0.012786,
0.187603,0.168349,0.164266,0.160538,0.151557,0.151480,0.140627,0.122353,0.120773,0.108789,0.097117,0.082562,0.069898,0.058050,0.045488,0.026754,0.023621,0.014654,0.010745,0.006134,0.006155,
0.171754,0.148722,0.168613,0.157640,0.155041,0.142685,0.131356,0.136330,0.121302,0.113566,0.095959,0.083196,0.070792,0.063398,0.047935,0.035726,0.022698,0.017635,0.011717,0.008008,0.004482,
0.171793,0.147427,0.149088,0.152439,0.147965,0.148291,0.128432,0.120599,0.119561,0.111768,0.098680,0.082911,0.065668,0.056061,0.041353,0.034668,0.025713,0.021547,0.010005,0.006480,0.004417,
0.209038,0.148183,0.154584,0.151922,0.144973,0.141285,0.137371,0.124554,0.115867,0.101055,0.100138,0.085541,0.071149,0.056478,0.046571,0.034848,0.025013,0.016237,0.009072,0.006181,0.002520,
0.244716,0.143201,0.149219,0.146444,0.141303,0.136839,0.133033,0.120711,0.115895,0.104338,0.089685,0.084071,0.071657,0.059085,0.044875,0.035726,0.027030,0.016604,0.008068,0.005476,0.005059,
0.172493,0.143361,0.145194,0.145667,0.140052,0.132441,0.123178,0.119629,0.107796,0.105155,0.089972,0.080824,0.072009,0.056224,0.043359,0.032720,0.025410,0.016950,0.007965,0.006047,0.004711,
0.153094,0.145142,0.138317,0.136532,0.134134,0.126470,0.118619,0.112082,0.113827,0.096770,0.093518,0.077314,0.067181,0.055245,0.042614,0.034929,0.027355,0.014429,0.008916,0.006659,0.005158,
0.148093,0.142012,0.133991,0.130097,0.130568,0.124588,0.119805,0.114866,0.102887,0.091879,0.085009,0.076637,0.065404,0.054720,0.045005,0.031316,0.023761,0.016312,0.009988,0.006764,0.005277,
nan,0.133429,0.127537,0.125681,0.122812,0.119887,0.117043,0.106977,0.093154,0.090950,0.084924,0.073878,0.064900,0.051532,0.045264,0.030626,0.025152,0.015191,0.010522,0.007242,0.005142,
nan,0.127030,0.122103,0.120891,0.117568,0.113958,0.108801,0.104268,0.096150,0.085653,0.078523,0.072439,0.059820,0.051357,0.044305,0.032271,0.025778,0.016646,0.010610,0.007739,0.006241,
0.129133,0.121023,0.114832,0.113089,0.111934,0.110266,0.100161,0.095644,0.088798,0.085514,0.080509,0.066066,0.060197,0.050023,0.039443,0.033019,0.024156,0.017354,0.011114,0.008060,0.005849,
nan,0.114087,0.108377,0.101827,0.110435,0.101570,0.097598,0.090433,0.083191,0.078109,0.074396,0.067128,0.058058,0.046512,0.042832,0.031960,0.024326,0.019054,0.011646,0.009902,0.008104,
0.103998,0.101340,0.101203,0.098082,0.091987,0.095383,0.090733,0.082713,0.077838,0.072611,0.066266,0.063610,0.053620,0.045228,0.039164,0.031962,0.023662,0.018956,0.013943,0.009809,0.007432,
nan,0.093219,0.088991,0.088845,0.088752,0.085528,0.082775,0.078980,0.072964,0.068999,0.062150,0.056533,0.053792,0.041509,0.039500,0.033192,0.024000,0.021312,0.013598,0.010392,0.008067,
nan,0.077337,0.070091,0.071268,0.067767,0.073002,0.073563,0.066598,0.061288,0.056006,0.060526,0.050470,0.046196,0.037501,0.038971,0.036158,0.026925,0.019166,0.016536,0.014158,0.005502,
nan,nan,nan,0.052248,0.057633,0.054422,0.048800,0.055258,0.036949,0.051243,0.038537,0.036175,0.037564,0.032779,0.029524,0.028173,0.037270,0.020429,0.010493,0.010306,0.014928,
nan,0.199503,0.163174,0.175878,0.130401,0.156255,0.120856,0.138115,0.134584,0.134503,0.085266,0.080938,0.062882,0.052740,0.041970,0.043364,0.015955,0.001239,0.012288,0.001226,nan,
0.181811,0.150660,0.164852,0.167981,0.151852,0.142545,0.143479,0.132789,0.121647,0.110879,0.106096,0.088779,0.066299,0.056374,0.048039,0.028322,0.022950,0.013074,0.008262,0.003565,nan,
0.185143,0.182974,0.157371,0.167667,0.160801,0.141958,0.143389,0.131262,0.125675,0.106874,0.095342,0.080386,0.069485,0.058531,0.050098,0.035961,0.024212,0.017313,0.009678,0.007237,0.005042,
0.159041,0.150049,0.163909,0.156845,0.157019,0.150974,0.141240,0.127171,0.117018,0.109311,0.102759,0.084862,0.078487,0.065382,0.055804,0.042905,0.026876,0.017960,0.008617,0.008120,0.003830,
0.159769,0.149517,0.154836,0.159730,0.146915,0.150934,0.138684,0.128922,0.114200,0.103790,0.097977,0.084795,0.083373,0.063953,0.050241,0.040912,0.024665,0.016652,0.011086,0.004722,0.002756,
0.153403,0.153851,0.162214,0.154986,0.154071,0.141633,0.140795,0.134078,0.119977,0.105114,0.089696,0.083818,0.076217,0.064351,0.048022,0.035210,0.024917,0.012519,0.007370,0.005571,0.004738,
0.142197,0.157990,0.155048,0.147710,0.146522,0.147984,0.133335,0.120135,0.123688,0.108550,0.091568,0.077297,0.075427,0.056716,0.048356,0.035635,0.022882,0.011622,0.008259,0.005826,0.004380,
0.148925,0.154095,0.149591,0.148641,0.144104,0.138298,0.126764,0.124180,0.116300,0.104076,0.096475,0.081716,0.072012,0.063329,0.048199,0.031435,0.022235,0.017153,0.009335,0.007924,0.004888,
0.168931,0.144253,0.143758,0.141002,0.140703,0.130632,0.125269,0.116564,0.112903,0.101216,0.093374,0.081050,0.066677,0.060432,0.045629,0.030768,0.025157,0.018401,0.009020,0.006231,0.004357,
0.150988,0.133583,0.142558,0.135325,0.131258,0.128387,0.123853,0.117893,0.107023,0.097028,0.086493,0.079845,0.067295,0.057124,0.045196,0.032001,0.024103,0.017395,0.009724,0.006706,0.004657,
0.135768,0.133943,0.133625,0.131750,0.129578,0.122682,0.119841,0.113237,0.102398,0.093964,0.087099,0.074667,0.065502,0.052051,0.047416,0.034426,0.023679,0.016712,0.008615,0.006204,0.005148,
0.147197,0.133156,0.127604,0.129173,0.124807,0.119156,0.115049,0.106914,0.098184,0.092661,0.081634,0.075036,0.061827,0.051790,0.046830,0.033052,0.023746,0.015838,0.010290,0.006487,0.004797,
0.122161,0.121382,0.120527,0.122053,0.119848,0.112117,0.105455,0.100479,0.094396,0.088078,0.080435,0.072360,0.060172,0.051967,0.041091,0.032947,0.024609,0.016343,0.010362,0.008141,0.006267,
0.115650,0.119965,0.116267,0.121378,0.113646,0.108949,0.108130,0.097351,0.088076,0.081542,0.076921,0.066509,0.059170,0.049452,0.038447,0.032757,0.024236,0.016787,0.011362,0.008284,0.005946,
nan,0.108817,0.106919,0.112414,0.103078,0.098884,0.097816,0.091390,0.085429,0.079649,0.072067,0.068570,0.056578,0.046273,0.042514,0.032393,0.024702,0.018327,0.011503,0.009256,0.007328,
0.088420,0.099556,0.097619,0.106032,0.100536,0.091041,0.086188,0.083791,0.076335,0.072152,0.067874,0.061762,0.054144,0.044753,0.039110,0.031776,0.022985,0.019119,0.012541,0.009904,0.006925,
nan,0.073161,0.095405,0.092738,0.087484,0.078347,0.072492,0.071553,0.072999,0.065645,0.059985,0.056505,0.053041,0.044840,0.038501,0.035658,0.024740,0.019435,0.014688,0.009505,0.007477,
nan,0.069106,0.093264,0.083684,0.065416,0.068179,0.058046,0.065813,0.059310,0.053881,0.053161,0.050387,0.047985,0.046829,0.035700,0.028787,0.028683,0.024945,0.014367,0.014123,0.010264,
nan,nan,0.053534,0.066942,0.051790,nan,0.054920,0.052472,0.050904,0.053568,0.048123,0.042518,0.040057,0.029601,0.028157,0.026944,0.024937,0.019732,0.012119,0.024051,0.004078,
nan,0.169348,0.148172,0.142558,0.147566,0.153407,0.157678,0.176322,0.141613,0.131319,0.097360,0.081437,0.079893,0.060221,0.041374,0.024370,0.022440,0.015542,0.010656,0.009050,nan,
0.186908,0.168614,0.157303,0.168705,0.153862,0.156421,0.137753,0.134359,0.123455,0.110846,0.099626,0.082043,0.074954,0.056658,0.044470,0.034753,0.024474,0.015800,0.007686,0.003641,0.001892,
0.177644,0.165982,0.154894,0.158931,0.147902,0.148946,0.140233,0.131467,0.134999,0.114780,0.104618,0.079155,0.078654,0.068625,0.050830,0.036986,0.029113,0.020211,0.008329,0.007255,0.003740,
0.129120,0.155712,0.165955,0.157860,0.158809,0.143254,0.135891,0.131071,0.125588,0.106174,0.104627,0.087774,0.075833,0.061672,0.046928,0.039661,0.025591,0.014800,0.008184,0.005991,0.003834,
0.142741,0.163962,0.164070,0.156311,0.148662,0.145829,0.135641,0.126545,0.120338,0.109789,0.102021,0.085744,0.078735,0.056515,0.050293,0.037021,0.022909,0.013616,0.008887,0.005813,0.004754,
0.162330,0.155784,0.156166,0.148720,0.147117,0.141004,0.134346,0.122228,0.114679,0.110615,0.101494,0.086443,0.070162,0.056997,0.041556,0.033346,0.022310,0.017863,0.009849,0.007220,0.005007,
0.154275,0.141458,0.150704,0.156725,0.147271,0.140710,0.127892,0.126794,0.117197,0.103549,0.098590,0.083520,0.071099,0.057858,0.046236,0.036404,0.025983,0.017011,0.008381,0.006026,0.002761,
0.146266,0.141997,0.146414,0.142266,0.145542,0.134313,0.131710,0.117777,0.116809,0.104458,0.094683,0.087287,0.069142,0.057146,0.048969,0.036903,0.025209,0.013977,0.008630,0.005555,0.004896,
0.160110,0.144901,0.140131,0.142303,0.135667,0.131258,0.126540,0.120254,0.109449,0.101936,0.090528,0.082479,0.068663,0.052521,0.046324,0.034828,0.022382,0.014865,0.010556,0.006495,0.004309,
0.133542,0.142719,0.141688,0.136111,0.134265,0.127878,0.121502,0.115384,0.108369,0.094811,0.088347,0.077507,0.068371,0.054564,0.045903,0.033265,0.025314,0.016953,0.010323,0.006563,0.004541,
0.132559,0.139082,0.133453,0.134620,0.132303,0.123878,0.121439,0.113493,0.100095,0.095705,0.086621,0.075356,0.067824,0.052535,0.047595,0.034853,0.020208,0.017012,0.009166,0.006755,0.004743,
0.122350,0.134868,0.130296,0.133505,0.126104,0.120948,0.114102,0.107424,0.100704,0.091762,0.081699,0.076640,0.059850,0.052537,0.042786,0.031954,0.023957,0.015312,0.009602,0.006636,0.004770,
0.114456,0.127733,0.128600,0.131054,0.119048,0.113087,0.111745,0.102435,0.094116,0.088305,0.083026,0.069137,0.062362,0.050948,0.040944,0.032255,0.024931,0.016235,0.009811,0.008240,0.005195,
0.126205,0.116462,0.119405,0.119563,0.110805,0.106219,0.101674,0.098441,0.088424,0.083517,0.075743,0.069773,0.059705,0.049155,0.040807,0.032463,0.023155,0.016844,0.011028,0.007497,0.005608,
0.140418,0.123269,0.114923,0.112797,0.105641,0.097418,0.098042,0.091520,0.085973,0.076515,0.075448,0.063857,0.056869,0.046802,0.040855,0.032319,0.023563,0.017862,0.011309,0.009212,0.006580,
0.097504,0.086444,0.102317,0.103781,0.093282,0.088834,0.092514,0.086806,0.080048,0.071646,0.066264,0.062088,0.055898,0.046200,0.038633,0.031181,0.023006,0.018548,0.012451,0.011326,0.007664,
0.113215,0.089824,0.092307,0.091734,0.080223,0.080298,0.082134,0.077873,0.067140,0.067105,0.062600,0.057483,0.051414,0.046017,0.036460,0.034308,0.025501,0.018777,0.015045,0.010428,0.006148,
nan,0.060686,0.079872,0.076015,0.074244,0.069265,0.070041,0.064282,0.055171,0.058495,0.056706,0.052257,0.043170,0.041199,0.034099,0.029614,0.028055,0.023810,0.016241,0.009966,0.008136,
nan,nan,0.048761,nan,0.055357,0.047224,0.033184,0.046316,0.046810,0.040999,0.048642,0.050176,0.026116,0.035742,0.031728,0.033118,0.028979,0.023357,0.005999,0.010766,0.010279,
nan,0.158937,0.150147,0.196725,0.161344,0.126427,0.126841,0.086937,0.103531,0.139212,0.101551,0.068722,0.090771,0.040882,0.054521,0.019139,0.021944,0.017917,0.013110,0.005582,nan,
0.167171,0.167852,0.161643,0.156515,0.156128,0.150734,0.143887,0.139513,0.122295,0.123735,0.098435,0.089965,0.070669,0.054191,0.049615,0.036143,0.024359,0.015005,0.009076,0.008733,0.007064,
0.144457,0.162645,0.165631,0.162723,0.152795,0.148518,0.147434,0.138215,0.124153,0.114391,0.106336,0.095309,0.087482,0.062127,0.054542,0.036623,0.023437,0.019325,0.009811,0.006456,0.003232,
0.170988,0.162021,0.161901,0.163182,0.153511,0.143830,0.147653,0.133365,0.124359,0.115569,0.100698,0.087606,0.068928,0.064737,0.048388,0.034861,0.021758,0.012886,0.008094,0.005644,0.004102,
0.144160,0.150461,0.156734,0.156505,0.153202,0.146494,0.133219,0.137525,0.119970,0.113763,0.098519,0.083129,0.073031,0.063214,0.047210,0.034453,0.021894,0.017444,0.010831,0.006392,0.004471,
0.142796,0.152862,0.158301,0.164416,0.151562,0.146487,0.136313,0.132845,0.122496,0.108299,0.090964,0.079323,0.070860,0.063752,0.047638,0.035556,0.026569,0.016084,0.010058,0.005144,0.005755,
0.173919,0.157929,0.150641,0.153684,0.153037,0.138208,0.139441,0.125492,0.121679,0.108775,0.092637,0.077897,0.075909,0.058274,0.049517,0.036499,0.023110,0.011983,0.007514,0.006533,0.004057,
0.159921,0.152894,0.145232,0.143974,0.140941,0.135677,0.125548,0.121203,0.111731,0.109743,0.092003,0.081873,0.075032,0.061281,0.042659,0.030837,0.023801,0.017555,0.008334,0.006246,0.003746,
0.147216,0.148570,0.142343,0.142906,0.139645,0.133140,0.132906,0.117933,0.113801,0.101340,0.092572,0.079309,0.069032,0.056792,0.042448,0.034178,0.024016,0.015415,0.008279,0.005949,0.004179,
0.165744,0.139844,0.139284,0.143353,0.134688,0.128822,0.123557,0.118497,0.103379,0.097001,0.093044,0.077086,0.071866,0.056773,0.041046,0.034455,0.025960,0.015730,0.008886,0.006640,0.004527,
0.126680,0.139559,0.136881,0.138315,0.124996,0.124255,0.119134,0.109980,0.103388,0.097230,0.084992,0.076511,0.062715,0.054072,0.042515,0.036255,0.022265,0.016299,0.009734,0.006009,0.004765,
0.139407,0.122825,0.129704,0.129593,0.121020,0.117707,0.115555,0.109876,0.094232,0.092452,0.084095,0.076837,0.062065,0.052440,0.043573,0.032742,0.023540,0.016840,0.010135,0.006511,0.004619,
0.142103,0.141227,0.126159,0.119680,0.116721,0.114261,0.109355,0.104162,0.096491,0.086393,0.080623,0.069200,0.061990,0.049927,0.041054,0.032418,0.023662,0.015996,0.009694,0.008147,0.005003,
0.128149,0.118240,0.120539,0.112781,0.114152,0.108385,0.103470,0.098774,0.090941,0.082312,0.076673,0.070762,0.061504,0.047598,0.040790,0.032181,0.021402,0.017877,0.010689,0.008472,0.005816,
0.163906,0.114921,0.113127,0.107290,0.103535,0.101015,0.094688,0.091390,0.083162,0.077942,0.070428,0.064327,0.057573,0.047191,0.041008,0.032158,0.024056,0.017319,0.012127,0.008123,0.006437,
nan,0.095556,0.102427,0.098705,0.093988,0.092387,0.084246,0.081876,0.073840,0.072177,0.069094,0.061208,0.055099,0.048150,0.039024,0.032895,0.024174,0.018705,0.012029,0.010914,0.006756,
0.098515,0.104507,0.091498,0.081922,0.082934,0.078979,0.077156,0.074820,0.070436,0.068104,0.063218,0.054778,0.050114,0.043510,0.036589,0.031535,0.025478,0.019412,0.014325,0.012028,0.007547,
nan,0.080869,0.083901,0.074081,0.078142,0.071732,0.056043,0.064631,0.061051,0.053856,0.056042,0.049153,0.040440,0.036517,0.033333,0.031198,0.025521,0.024621,0.015643,0.011323,0.007743,
nan,0.068168,0.106461,nan,0.045841,0.072435,0.041404,0.046093,0.024317,0.044719,0.042138,0.036816,0.033353,0.026459,0.027335,0.044254,0.023079,0.019526,0.015172,0.010737,0.004306,
nan,0.142368,0.143036,0.165825,0.148334,0.150673,0.119597,0.112724,0.123755,0.114282,0.127970,0.073048,0.088368,0.074245,0.061300,0.037829,0.049586,0.039397,0.008351,0.010942,nan,
0.170907,0.160555,0.156911,0.153820,0.143045,0.156644,0.142620,0.134468,0.122996,0.103468,0.107764,0.091811,0.089632,0.056163,0.060880,0.034923,0.023400,0.015078,0.008553,0.004660,0.004111,
0.157964,0.149198,0.169218,0.159751,0.174084,0.151693,0.145999,0.129419,0.126972,0.114172,0.101120,0.085489,0.083666,0.067023,0.046952,0.038482,0.023526,0.018685,0.006925,0.005215,0.005943,
0.151526,0.157690,0.162544,0.161165,0.146621,0.149197,0.143042,0.125232,0.117874,0.111597,0.097563,0.084373,0.071084,0.057320,0.046049,0.031931,0.024587,0.016671,0.009185,0.006509,0.006446,
0.177730,0.162783,0.165052,0.152703,0.148760,0.150746,0.140052,0.130810,0.114332,0.104815,0.096216,0.086511,0.078371,0.063270,0.051836,0.039600,0.024939,0.014428,0.009963,0.004976,0.003081,
0.159161,0.154723,0.154827,0.161189,0.156195,0.143130,0.136985,0.125694,0.117520,0.104177,0.103560,0.088981,0.076856,0.058297,0.046457,0.035143,0.021447,0.014445,0.008369,0.006335,0.004471,
0.132496,0.150144,0.149123,0.149414,0.151738,0.141023,0.127362,0.127890,0.117408,0.105137,0.097126,0.083906,0.071248,0.057446,0.043156,0.034300,0.024978,0.016798,0.009275,0.005891,0.004851,
0.150423,0.139056,0.149567,0.150380,0.142257,0.137263,0.133407,0.120008,0.116766,0.102606,0.099144,0.084193,0.068094,0.058934,0.050512,0.037000,0.024120,0.014129,0.007793,0.005848,0.003768,
0.167476,0.145957,0.147381,0.142768,0.136423,0.132790,0.127647,0.121951,0.110786,0.099190,0.093701,0.082546,0.066579,0.060264,0.048208,0.031109,0.023173,0.015748,0.009464,0.006378,0.005387,
0.125590,0.145390,0.141385,0.134606,0.129919,0.127133,0.121018,0.113001,0.103673,0.098659,0.085607,0.079402,0.067336,0.058740,0.044723,0.031681,0.027665,0.018314,0.008927,0.006524,0.005008,
0.138096,0.141131,0.131521,0.125497,0.124235,0.126727,0.122071,0.115820,0.101855,0.093628,0.085814,0.076976,0.063752,0.055978,0.045747,0.034006,0.023979,0.015012,0.009977,0.006119,0.003909,
0.140930,0.135665,0.131109,0.120819,0.128244,0.120276,0.114073,0.108479,0.099198,0.092511,0.084826,0.073768,0.062632,0.051236,0.044284,0.032520,0.023571,0.015631,0.010073,0.005913,0.005833,
0.131512,0.129447,0.122614,0.115702,0.120596,0.113102,0.106188,0.102462,0.095701,0.086207,0.079483,0.072683,0.063278,0.052568,0.041818,0.032432,0.024882,0.016569,0.009997,0.007898,0.004619,
0.128488,0.117288,0.115772,0.114273,0.111790,0.106430,0.100953,0.101214,0.089303,0.084648,0.076998,0.066067,0.059483,0.048444,0.041812,0.033084,0.022475,0.018143,0.009481,0.009032,0.005412,
0.076765,0.116920,0.111786,0.106881,0.104977,0.099586,0.092914,0.093114,0.086089,0.080713,0.072826,0.065009,0.057992,0.049348,0.039832,0.032868,0.025132,0.017987,0.012151,0.008240,0.006066,
0.128865,0.131978,0.104560,0.101853,0.096531,0.088922,0.091115,0.085582,0.079775,0.077805,0.065174,0.063843,0.053501,0.047841,0.038657,0.031950,0.025312,0.018227,0.012704,0.009569,0.009065,
0.091268,0.122695,0.097320,0.089877,0.086237,0.082572,0.078089,0.075207,0.070624,0.064307,0.062619,0.056171,0.049020,0.042418,0.035353,0.032895,0.025927,0.019605,0.013808,0.013020,0.007441,
nan,nan,0.072584,0.075854,0.073659,0.078604,0.071417,0.058643,0.066510,0.062416,0.049253,0.047661,0.046232,0.039120,0.035336,0.028810,0.024143,0.023889,0.014466,0.014090,0.008050,
nan,0.083368,nan,0.058339,0.073512,0.047100,nan,0.053252,0.044602,0.041634,0.038342,0.037328,0.035398,0.022711,0.037668,0.021312,0.025837,0.027083,0.019287,0.008478,0.009674,
nan,0.152638,0.207868,0.126620,0.144185,0.148370,0.147043,0.108924,0.108750,0.121446,0.123025,0.096750,0.088294,0.075010,0.036553,0.036713,0.024877,0.007947,0.006102,0.006436,nan,
0.170540,0.166679,0.167094,0.150840,0.149908,0.170262,0.150182,0.143326,0.126921,0.101556,0.103938,0.103660,0.089806,0.063278,0.047153,0.035938,0.031015,0.012089,0.011623,0.004377,0.003932,
0.180647,0.157371,0.166975,0.150275,0.150456,0.153310,0.137851,0.127173,0.119518,0.110778,0.092685,0.087486,0.068687,0.063680,0.052618,0.034551,0.022522,0.015912,0.007855,0.005987,0.002247,
0.169831,0.162369,0.164997,0.153958,0.157605,0.151070,0.137677,0.124139,0.122522,0.108909,0.100189,0.086878,0.074856,0.060961,0.054003,0.038942,0.023943,0.020174,0.007469,0.007754,0.004451,
0.157573,0.155372,0.156691,0.157405,0.155090,0.150728,0.134190,0.123509,0.124699,0.110023,0.103032,0.083106,0.079682,0.058303,0.043484,0.038268,0.023482,0.012803,0.008958,0.006176,0.004402,
0.144835,0.156872,0.152517,0.154642,0.150345,0.143661,0.138351,0.122663,0.120195,0.110052,0.094755,0.080720,0.070018,0.061887,0.043498,0.036341,0.024528,0.017193,0.010074,0.006482,0.004226,
0.163373,0.152823,0.153938,0.150731,0.141532,0.139223,0.137893,0.125019,0.122446,0.110521,0.094909,0.080269,0.071308,0.059070,0.048106,0.037251,0.023256,0.013703,0.007987,0.005736,0.004734,
0.164903,0.156127,0.143953,0.141049,0.144153,0.135044,0.130019,0.124597,0.107953,0.106297,0.089708,0.085645,0.074044,0.059652,0.042641,0.031665,0.025717,0.016229,0.008659,0.005991,0.003539,
0.141188,0.147489,0.142171,0.139424,0.131261,0.131669,0.130283,0.121979,0.109076,0.100949,0.090200,0.084695,0.069036,0.054395,0.046324,0.034671,0.025090,0.013930,0.007877,0.006555,0.004648,
0.142174,0.137162,0.137127,0.132647,0.135593,0.130506,0.125068,0.116400,0.108287,0.098576,0.088303,0.080766,0.068807,0.053622,0.046923,0.032328,0.023066,0.016471,0.010080,0.006509,0.004792,
0.145297,0.133826,0.136058,0.134076,0.134003,0.122858,0.118061,0.111822,0.101084,0.095625,0.088343,0.076913,0.065487,0.052455,0.046603,0.033675,0.024591,0.016420,0.009022,0.006238,0.004786,
0.139824,0.119400,0.128059,0.128672,0.121549,0.117891,0.112159,0.108114,0.101006,0.090781,0.082649,0.073184,0.063177,0.051378,0.044633,0.032527,0.024482,0.014824,0.010080,0.006748,0.005398,
0.128225,0.121218,0.122637,0.126532,0.117546,0.112951,0.110388,0.103191,0.094851,0.088233,0.079837,0.073025,0.063942,0.049634,0.041475,0.031184,0.024528,0.016790,0.010222,0.006385,0.005184,
0.111582,0.118952,0.112320,0.120432,0.109930,0.107553,0.107006,0.097139,0.090905,0.083328,0.075015,0.068301,0.060278,0.048420,0.042302,0.033580,0.023335,0.018519,0.010456,0.008604,0.006142,
0.096545,0.113422,0.111707,0.107447,0.102474,0.103638,0.100695,0.089001,0.087859,0.080356,0.073727,0.065461,0.058189,0.050027,0.039886,0.030555,0.024818,0.018093,0.012071,0.009084,0.005932,
0.107884,0.104834,0.095524,0.097775,0.097977,0.094231,0.090350,0.082631,0.081041,0.072553,0.069141,0.057825,0.054895,0.047699,0.038186,0.030698,0.025222,0.018314,0.012789,0.010794,0.006783,
0.090443,0.090158,0.088963,0.086359,0.083091,0.081990,0.081708,0.076656,0.073803,0.065460,0.059031,0.055550,0.049913,0.041590,0.036793,0.033559,0.025405,0.019952,0.014494,0.012229,0.008984,
nan,nan,0.074896,0.075398,0.074312,0.068138,0.060585,0.063185,0.061322,0.055625,0.053962,0.051050,0.046294,0.035438,0.032705,0.028730,0.025749,0.022914,0.016314,0.014126,0.010673,
nan,nan,nan,0.057196,nan,0.041135,0.036056,0.043895,0.054031,0.071949,0.041119,0.047332,0.041506,0.033568,0.025200,0.033190,0.025767,0.022635,0.019519,0.015055,0.009338,
nan,0.172635,0.131572,0.125001,0.138707,0.123491,0.132015,0.120367,0.138827,0.133924,0.118094,0.088905,0.073182,0.050057,0.053207,0.071182,0.007666,0.004047,0.013577,0.010453,nan,
0.159343,0.166926,0.164667,0.159764,0.162524,0.153605,0.135491,0.148584,0.118753,0.123576,0.102310,0.088793,0.086183,0.057871,0.049445,0.035845,0.025714,0.014100,0.011691,0.005354,0.003893,
0.210564,0.165509,0.159975,0.165144,0.162825,0.155427,0.138571,0.140931,0.120428,0.107747,0.103310,0.086034,0.074532,0.059663,0.051230,0.031543,0.020484,0.015169,0.008276,0.004856,0.004019,
0.185469,0.167262,0.163021,0.181422,0.153787,0.144092,0.139702,0.124449,0.132952,0.108051,0.103125,0.086472,0.074642,0.068457,0.055322,0.039549,0.027143,0.015624,0.009613,0.006788,0.002859,
0.147872,0.152852,0.160331,0.155470,0.152117,0.143143,0.131440,0.137544,0.119301,0.112087,0.098493,0.084368,0.071836,0.061372,0.047390,0.035054,0.025543,0.014563,0.008651,0.005765,0.004667,
0.169087,0.159945,0.158633,0.150912,0.150230,0.141803,0.129320,0.129840,0.121225,0.105626,0.095181,0.084659,0.077677,0.064310,0.049973,0.039333,0.022402,0.016322,0.009774,0.004503,0.003982,
0.141544,0.155474,0.155481,0.145289,0.144437,0.141133,0.131345,0.127235,0.116629,0.101760,0.095644,0.086669,0.072214,0.056491,0.044672,0.034133,0.023354,0.017147,0.009455,0.006682,0.004143,
0.161445,0.149210,0.155975,0.146099,0.140951,0.138016,0.133519,0.122185,0.114998,0.103161,0.097983,0.081744,0.067653,0.062147,0.048329,0.036551,0.023145,0.013329,0.007228,0.005727,0.004097,
0.131425,0.147208,0.147063,0.141916,0.139400,0.134499,0.127388,0.119862,0.110647,0.098076,0.093616,0.078467,0.069353,0.059923,0.043876,0.031060,0.023116,0.017448,0.008335,0.006096,0.003508,
0.177326,0.148561,0.139351,0.139507,0.132019,0.126638,0.121099,0.115417,0.104518,0.100232,0.090537,0.078814,0.069300,0.055844,0.042589,0.033741,0.023781,0.015667,0.009114,0.006192,0.004803,
0.147009,0.138823,0.134862,0.137458,0.122448,0.121717,0.119016,0.112860,0.103209,0.095699,0.083416,0.077627,0.067430,0.052665,0.048132,0.033493,0.023004,0.017194,0.009602,0.006574,0.005675,
0.116394,0.132536,0.129167,0.130393,0.122196,0.123215,0.115597,0.106649,0.100227,0.090900,0.083051,0.073484,0.064976,0.052444,0.046578,0.033981,0.023179,0.016144,0.009191,0.006747,0.004462,
0.131766,0.119775,0.124410,0.124012,0.116587,0.117993,0.110396,0.104121,0.094567,0.089092,0.081186,0.073950,0.062639,0.051110,0.041483,0.030418,0.024328,0.014597,0.011550,0.006255,0.006600,
0.119895,0.113573,0.116477,0.117733,0.114861,0.110906,0.105432,0.096810,0.092089,0.083848,0.077939,0.068789,0.060121,0.049459,0.042187,0.032455,0.023933,0.018552,0.010795,0.008764,0.005867,
0.121482,0.113438,0.107028,0.108268,0.106655,0.102523,0.098143,0.092819,0.084405,0.080251,0.074528,0.064583,0.058350,0.050188,0.040565,0.028831,0.024975,0.019127,0.011800,0.008753,0.007994,
0.097870,0.095396,0.096790,0.100852,0.097577,0.092743,0.090599,0.083107,0.078606,0.073030,0.066866,0.060574,0.052544,0.043706,0.038653,0.032324,0.025759,0.018036,0.013739,0.009699,0.007180,
0.099536,0.088463,0.086792,0.094933,0.087286,0.080471,0.082133,0.074575,0.068801,0.065573,0.062139,0.056125,0.048750,0.040141,0.035770,0.032556,0.025887,0.020466,0.014220,0.012438,0.010828,
nan,0.090572,0.082918,0.083851,0.075734,0.074883,0.072464,0.056455,0.063112,0.056781,0.051960,0.050105,0.046119,0.038654,0.036124,0.032065,0.027092,0.023350,0.016269,0.014253,0.015768,
nan,nan,0.068655,0.048077,0.056928,nan,0.040884,0.039018,0.050208,0.032593,0.046703,0.038208,0.038343,0.036100,0.024316,0.026265,0.017382,0.027430,0.016967,0.017384,0.012834,
nan,0.151439,0.172964,0.168001,0.162918,0.140152,0.134743,0.152389,0.102406,0.124801,0.114056,0.095962,0.075576,0.057135,0.039713,0.040731,0.007908,0.015846,0.005522,0.001736,nan,
0.197372,0.169445,0.150510,0.168742,0.159289,0.141047,0.147601,0.134990,0.139801,0.109556,0.102468,0.096974,0.070934,0.063200,0.047379,0.035327,0.023231,0.016094,0.009385,0.007928,0.003852,
0.137133,0.173697,nan,0.164436,0.156443,0.143031,0.142446,0.129435,0.125794,0.113370,0.096097,0.080572,0.073855,0.065165,0.050072,0.030582,0.024825,0.018279,0.007282,0.003941,0.004164,
0.143545,0.163946,0.160443,0.166069,0.152841,0.147083,0.141390,0.130135,0.123647,0.112885,0.104354,0.094087,0.076476,0.055485,0.051178,0.034314,0.022542,0.017078,0.007792,0.005034,0.003296,
0.191992,0.168935,0.156668,0.157052,0.152379,0.095341,0.138648,0.129045,0.116494,0.108072,0.100221,0.085498,0.072674,0.060716,0.050906,0.036842,0.023276,0.014941,0.009407,0.006819,0.005019,
0.163635,0.167854,0.156623,0.150861,0.061266,0.143720,0.138940,0.125361,0.112848,0.107212,0.099407,0.081129,0.074717,0.057552,0.046676,0.033899,0.022364,0.014636,0.009372,0.006972,0.004055,
0.212906,0.152588,0.151370,0.152423,0.145722,0.141093,0.140795,0.124168,0.122872,0.110874,0.093874,0.079572,0.070576,0.062571,0.046926,0.036060,0.024562,0.014676,0.009556,0.004865,0.005643,
0.137931,0.155275,0.148529,0.150156,0.142948,0.136239,0.131794,0.125620,0.112123,0.106579,0.090094,0.085774,0.072595,0.054605,0.046211,0.033971,0.024387,0.014981,0.009437,0.006124,0.003929,
0.158414,0.139654,0.142689,0.148464,0.131439,0.133933,0.128934,0.119427,0.106428,0.099658,0.090982,0.084099,0.069109,0.059123,0.048081,0.034600,0.024149,0.014529,0.008079,0.005907,0.004260,
0.108684,0.142554,0.139291,0.140022,0.132102,0.129068,0.123595,0.115441,0.106169,0.102201,0.084667,0.078837,0.066356,0.058803,0.044407,0.031024,0.023546,0.016495,0.008453,0.006519,0.004117,
0.117379,0.141729,0.133241,0.134437,0.131148,0.128022,0.118822,0.111177,0.103095,0.094631,0.086998,0.077440,0.062680,0.054248,0.044548,0.034161,0.025577,0.016009,0.010585,0.006838,0.004691,
0.107466,0.134754,0.126956,0.126732,0.126801,0.122914,0.114270,0.109096,0.099836,0.091655,0.083213,0.075108,0.063105,0.052641,0.044991,0.034627,0.023054,0.017133,0.009801,0.006801,0.004979,
0.113700,0.130352,0.121916,0.121600,0.122597,0.113053,0.113055,0.102975,0.096043,0.088508,0.080017,0.070597,0.062361,0.051207,0.044285,0.032145,0.024339,0.016186,0.010826,0.007529,0.005126,
0.095611,0.115061,0.121720,0.112409,0.114528,0.106331,0.108105,0.096216,0.092732,0.084140,0.078171,0.068450,0.061661,0.051606,0.042680,0.032822,0.023699,0.018052,0.010732,0.007556,0.006488,
0.093177,0.104724,0.107488,0.107445,0.110496,0.103503,0.098692,0.091709,0.088713,0.077170,0.075191,0.067255,0.056999,0.049448,0.042001,0.031748,0.024839,0.019196,0.011871,0.009546,0.006913,
0.085520,0.097185,0.097242,0.093689,0.098196,0.090379,0.093534,0.082194,0.080055,0.073051,0.064514,0.060619,0.054424,0.043187,0.038187,0.031977,0.026122,0.018651,0.013893,0.009685,0.009856,
nan,0.086052,0.091195,0.086105,0.093029,0.079587,0.079379,0.076242,0.071799,0.068236,0.058854,0.053725,0.051052,0.043150,0.036492,0.032514,0.027223,0.020511,0.016260,0.012274,0.009225,
nan,0.074696,0.069760,0.067075,0.071044,0.070618,0.075081,0.067468,0.062923,0.059148,0.057254,0.050553,0.045265,0.038873,0.038040,0.027556,0.025754,0.024220,0.017233,0.014174,0.015511,
nan,0.046030,0.046352,0.059970,0.046839,0.080508,0.047988,0.040406,0.048322,0.039244,0.033316,0.041622,0.040345,0.034973,0.027729,0.030048,0.027420,0.022061,0.010996,0.017120,0.018452,
nan,0.149986,0.183833,0.160173,0.126520,0.139129,0.156957,0.124385,0.110014,0.151616,0.108858,0.117218,0.071503,0.064753,0.038574,0.031915,0.028373,0.006404,0.014129,0.006556,nan,
0.151937,0.169373,0.168623,0.153053,0.159572,0.152059,0.138311,0.127322,0.127997,0.101878,0.100900,0.085500,0.084022,0.072204,0.044712,0.035207,0.031936,0.014243,0.006354,0.006475,0.005495,
0.155387,0.149926,0.155186,0.161713,0.154020,0.149111,0.144851,0.133534,0.118841,0.120528,0.099081,0.090979,0.080919,0.062655,0.047482,0.034095,0.027870,0.017354,0.009942,0.004042,0.004821,
0.168118,0.161263,0.157128,0.157831,0.162849,0.147980,0.143805,0.129443,0.125757,0.109294,0.093464,0.085005,0.076673,0.063356,0.047511,0.035278,0.021246,0.015188,0.006499,0.006975,0.004439,
0.116972,0.165563,0.158604,0.154682,0.152936,0.148994,0.135211,0.126615,0.118214,0.107802,0.104245,0.086732,0.076978,0.061960,0.047893,0.036842,0.026133,0.017404,0.007769,0.005690,0.003903,
0.146901,0.152312,0.164683,0.154726,0.150556,0.140751,0.136029,0.128797,0.123195,0.108270,0.093029,0.082076,0.075351,0.062299,0.049556,0.037534,0.023577,0.014787,0.009974,0.005328,0.004681,
0.096432,0.151404,0.154540,0.150375,0.143214,0.138614,0.133738,0.128076,0.117207,0.101814,0.097989,0.086406,0.072124,0.057005,0.044668,0.034547,0.021124,0.017404,0.008967,0.006121,0.003962,
0.154321,0.149326,0.147453,0.146660,0.136712,0.139092,0.133344,0.125097,0.113893,0.107348,0.094295,0.081462,0.068506,0.059294,0.047753,0.037912,0.023360,0.014706,0.008929,0.005707,0.004777,
0.118047,0.147382,0.144804,0.141315,0.137697,0.132918,0.126891,0.119060,0.108656,0.105614,0.091806,0.078658,0.072271,0.058507,0.044073,0.033539,0.024577,0.016738,0.008995,0.006096,0.003869,
0.134580,0.140884,0.141828,0.136979,0.134410,0.129415,0.123517,0.115587,0.108627,0.094650,0.088889,0.079103,0.068128,0.055686,0.048757,0.032215,0.024284,0.014936,0.009362,0.006335,0.004050,
0.105808,0.134507,0.137709,0.133645,0.130256,0.125520,0.120555,0.112835,0.103262,0.094709,0.086392,0.080360,0.065726,0.056096,0.044498,0.031694,0.024904,0.017048,0.009064,0.007591,0.004714,
0.138752,0.135169,0.127662,0.130400,0.123554,0.118528,0.116165,0.106344,0.097875,0.094720,0.085080,0.076622,0.063541,0.052981,0.043303,0.036008,0.023452,0.016253,0.010369,0.006836,0.005919,
0.099058,0.126808,0.120732,0.122883,0.118435,0.114831,0.109593,0.101817,0.098418,0.087831,0.081204,0.071300,0.063693,0.051926,0.041599,0.032165,0.023475,0.017374,0.010143,0.007383,0.005100,
0.083276,0.117841,0.117852,0.117490,0.110374,0.107126,0.100895,0.100367,0.091644,0.082168,0.078989,0.069049,0.060589,0.052015,0.041859,0.032859,0.024717,0.016578,0.011305,0.008697,0.005578,
0.089117,0.112920,0.110218,0.108794,0.101706,0.098101,0.096474,0.093006,0.086896,0.081522,0.070344,0.063981,0.058373,0.048710,0.039712,0.032108,0.024240,0.019846,0.012401,0.009155,0.007712,
nan,0.106678,0.106994,0.109023,0.097124,0.090824,0.084988,0.083773,0.080498,0.075286,0.070715,0.062782,0.053110,0.045487,0.038066,0.033020,0.025917,0.020397,0.012458,0.010692,0.008691,
0.079321,0.104668,0.108411,0.085520,0.083895,0.083040,0.075009,0.074270,0.071191,0.069934,0.064932,0.059011,0.049804,0.042083,0.038835,0.030093,0.027032,0.020096,0.016339,0.012075,0.009400,
0.051145,0.069756,0.074103,0.074865,0.075789,0.069982,0.062359,0.061432,0.059653,0.057427,0.055425,0.045543,0.046880,0.038679,0.037001,0.031396,0.026740,0.025862,0.018536,0.014816,0.009340,
nan,0.046399,nan,0.046693,nan,0.043666,0.051605,0.032871,0.045588,0.045422,0.046216,0.047107,0.033964,0.033571,0.032285,0.030038,0.029304,0.021397,0.017801,0.014328,0.011499,
nan,0.149804,0.143744,0.175818,0.125161,0.168839,0.140461,0.077198,0.126590,0.125840,0.112063,0.069758,0.065279,0.052830,0.031901,0.028390,0.012255,0.019823,0.011750,0.008742,nan,
0.162566,0.171862,0.172376,0.156526,0.145876,0.151707,0.138840,0.130415,0.123680,0.119832,0.097675,0.082135,0.069915,0.071753,0.056598,0.047876,0.025602,0.016177,0.009619,0.007543,0.004179,
0.175919,0.165923,0.170186,0.163784,0.151309,0.148771,0.140060,0.130759,0.125089,0.109130,0.103127,0.084533,0.076825,0.059811,0.051503,0.035601,0.025322,0.019323,0.007354,0.005513,0.004995,
0.119455,0.170959,0.161992,0.157436,0.153655,0.147731,0.138525,0.127336,0.125357,0.108524,0.096921,0.086143,0.072969,0.058783,0.048776,0.035048,0.023965,0.016830,0.009105,0.006280,0.003983,
0.136551,0.152088,0.167220,0.160473,0.158177,0.143489,0.138141,0.131297,0.123073,0.112801,0.100176,0.086730,0.068603,0.061392,0.051212,0.033592,0.022579,0.017072,0.009536,0.005923,0.004323,
0.110479,0.158994,0.153715,0.153723,0.145208,0.143676,0.143781,0.129015,0.114541,0.106377,0.097930,0.084364,0.076744,0.060829,0.048248,0.037092,0.021846,0.014182,0.007972,0.006212,0.004669,
0.125078,0.152349,0.154216,0.149865,0.141425,0.143060,0.156306,0.126054,0.117757,0.110046,0.094423,0.080767,0.070241,0.060836,0.048192,0.037602,0.023216,0.015489,0.010351,0.005982,0.004426,
0.110870,0.152116,0.152847,0.143776,0.140557,0.137254,0.131072,0.124001,0.116883,0.105629,0.093313,0.084325,0.071668,0.057662,0.044201,0.034795,0.023188,0.016106,0.009951,0.005900,0.003934,
0.146474,0.147415,0.145282,0.145323,0.139521,0.133453,0.130214,0.120655,0.103600,0.099865,0.093978,0.082497,0.068438,0.060101,0.047380,0.035806,0.023679,0.014702,0.008132,0.006583,0.004868,
0.120504,0.142172,0.142516,0.138469,0.132407,0.133225,0.123650,0.115935,0.105724,0.098495,0.090287,0.077393,0.069045,0.055312,0.044665,0.033992,0.024112,0.016441,0.009126,0.005854,0.004503,
0.135831,0.136238,0.135976,0.137844,0.127177,0.126629,0.118994,0.111486,0.104553,0.096217,0.087399,0.074928,0.066260,0.055742,0.045947,0.031993,0.023250,0.016216,0.008896,0.006865,0.004090,
0.077266,0.130292,0.133070,0.128717,0.120414,0.119024,0.112799,0.109255,0.100721,0.091120,0.081952,0.074376,0.064361,0.053849,0.045399,0.034696,0.026087,0.016686,0.010628,0.007114,0.005428,
0.124403,0.126593,0.122352,0.126267,0.112256,0.113475,0.107131,0.105518,0.096189,0.088529,0.082287,0.071117,0.063791,0.052242,0.041358,0.032762,0.023629,0.017702,0.010747,0.007636,0.006533,
0.108511,0.116151,0.115681,0.113505,0.108774,0.106885,0.101937,0.098607,0.091235,0.084979,0.074746,0.070247,0.060760,0.052936,0.041146,0.032996,0.024774,0.017273,0.011462,0.008362,0.005216,
0.102072,0.109978,0.107261,0.102515,0.104130,0.102084,0.094906,0.090677,0.085819,0.080846,0.073749,0.066037,0.058050,0.047176,0.040129,0.032693,0.024321,0.019784,0.012256,0.008969,0.007336,
0.076158,0.099449,0.094044,0.095234,0.092170,0.090813,0.087391,0.082550,0.079555,0.073126,0.067671,0.062700,0.055252,0.045217,0.039419,0.033022,0.025864,0.020046,0.014242,0.010887,0.008934,
nan,0.083578,0.089071,0.080679,0.080572,0.083760,0.078907,0.076931,0.071894,0.067573,0.060058,0.056299,0.048484,0.046083,0.038419,0.030000,0.026337,0.022203,0.015660,0.012272,0.011196,
0.074180,0.077149,0.073650,0.069633,0.068602,0.069352,0.064268,0.064745,0.058667,0.056770,0.056409,0.051384,0.048087,0.042453,0.036746,0.032290,0.026929,0.023915,0.020670,0.015530,0.012869,
nan,0.066429,0.042836,0.048751,0.045853,0.039669,0.057602,0.038041,0.039689,0.039785,0.046277,0.035041,0.043141,0.036145,0.055566,0.027977,0.022371,0.024542,0.018200,0.012095,0.010588,
nan,0.163014,0.198374,0.170362,0.121053,0.169763,0.115028,0.161231,0.096199,0.104413,0.125783,0.113234,0.057604,0.065427,0.054688,0.035696,0.028541,0.009248,0.010553,0.006123,nan,
0.129825,0.204435,0.167507,0.157269,0.171548,0.158810,0.155323,0.138532,0.122251,0.112261,0.098104,0.088625,0.071691,0.069962,0.058170,0.032706,0.024468,0.017213,0.011510,0.005315,0.003750,
0.129825,0.155900,0.163574,0.163379,0.153830,0.153720,0.144083,0.132149,0.118757,0.101367,0.103594,0.088578,0.079831,0.059933,0.053505,0.034675,0.025980,0.011335,0.009894,0.004488,0.002117,
0.176065,0.155696,0.162576,nan,0.154811,0.150259,0.140949,0.135667,0.128066,0.109599,0.103612,0.087676,0.076621,0.062810,0.050199,0.030941,0.023339,0.018552,0.008344,0.004105,0.003910,
0.160780,0.160172,0.165451,0.154610,0.153042,0.150188,0.138848,0.124558,0.116221,0.111477,0.098745,0.086358,0.073562,0.061492,0.050173,0.036869,0.022475,0.017118,0.007175,0.007251,0.003846,
0.150447,0.153739,0.156283,0.152845,0.140172,nan,0.134320,0.120372,0.121791,0.109866,0.098998,0.082130,0.074744,0.060686,0.047301,0.035085,0.025300,0.014432,0.009179,0.005913,0.004769,
0.154123,0.148559,0.160167,0.148597,0.143312,0.139716,0.135270,0.128118,0.117587,0.103864,0.097921,0.083476,0.075918,0.059918,0.046709,0.036641,0.023136,0.013882,0.008894,0.005751,0.005091,
0.158376,0.153336,0.148486,0.150362,0.142486,0.133310,0.133598,0.125324,0.112280,0.108176,0.093394,0.079689,0.067652,0.060770,0.045987,0.035822,0.023765,0.015953,0.010056,0.006105,0.004378,
0.155682,0.147585,0.145252,0.143569,0.134110,0.136476,0.126093,0.118203,0.109346,0.101382,0.090068,0.085436,0.071283,0.054794,0.044591,0.034229,0.023664,0.017531,0.010410,0.006042,0.004107,
0.159686,0.141585,0.143229,0.140637,0.132112,0.129182,0.124585,0.118108,0.106675,0.099007,0.089456,0.077652,0.068399,0.058161,0.045655,0.035148,0.022980,0.015181,0.008878,0.007324,0.004888,
0.113101,0.134687,0.141757,0.130245,0.130587,0.123996,0.116681,0.113041,0.105311,0.096442,0.083254,0.077990,0.068048,0.054783,0.045208,0.033511,0.024126,0.015705,0.009139,0.006604,0.005228,
0.127506,0.132496,0.135719,0.123321,0.127139,0.119483,0.115879,0.108589,0.099588,0.092570,0.084612,0.075283,0.064658,0.052301,0.045509,0.031715,0.025056,0.017653,0.009474,0.007202,0.004831,
0.117840,0.126766,0.129728,0.122531,0.123051,0.112923,0.109515,0.103745,0.095046,0.089617,0.080690,0.072107,0.063621,0.054384,0.043911,0.035392,0.025200,0.017374,0.012357,0.008247,0.005251,
0.113564,0.125127,0.122174,0.117782,0.110980,0.107970,0.102754,0.097202,0.089735,0.086228,0.076538,0.068699,0.060285,0.055768,0.042024,0.031829,0.024344,0.018224,0.011873,0.008817,0.006392,
0.113092,0.111881,0.109436,0.109404,0.108131,0.100809,0.097544,0.092933,0.087090,0.081591,0.074840,0.065934,0.057662,0.047423,0.040365,0.033638,0.024118,0.019097,0.012401,0.009738,0.007010,
0.119059,0.104248,0.105454,0.102059,0.095093,0.098641,0.089351,0.086285,0.081759,0.074307,0.069668,0.062707,0.055074,0.047838,0.039307,0.032335,0.027580,0.019977,0.013526,0.011710,0.008384,
0.085314,0.096625,0.087585,0.087119,0.082450,0.085711,0.078809,0.076755,0.075919,0.066329,0.063886,0.058497,0.050903,0.043326,0.040355,0.030717,0.025809,0.021464,0.017766,0.012924,0.009522,
0.065474,0.069197,0.071209,0.076047,0.080902,0.066608,0.060227,0.064543,0.059189,0.059389,0.053243,0.051630,0.047922,0.041707,0.038686,0.032719,0.029931,0.023839,0.019928,0.015284,0.012380,
nan,nan,nan,0.065604,0.042681,0.050498,0.058660,0.041882,0.044153,0.053637,0.061069,0.042348,0.037472,0.035984,0.034034,0.045400,0.026946,0.030109,0.032586,0.016057,0.017537,
nan,0.182734,0.182357,0.159362,0.121329,0.170128,0.154081,0.127336,0.115772,0.106104,0.063035,0.079469,0.063463,0.037017,0.053023,0.022318,0.015087,0.013057,0.012573,0.003597,nan,
0.165482,0.157236,0.159191,0.170122,0.152241,0.148518,0.147433,0.132612,0.123306,0.109306,0.110379,0.087465,0.068177,0.054865,0.045262,0.032614,0.028229,0.011611,0.009106,0.006236,0.007558,
0.200521,0.171264,0.164124,0.155309,0.157554,0.153650,0.144277,0.140365,0.128138,0.117254,0.099691,0.100582,0.079344,0.058297,0.048639,0.033664,0.025419,0.013904,0.008021,0.006582,0.004963,
0.193827,0.160779,0.157313,0.169565,0.155504,0.144062,0.144727,0.130220,0.122764,0.114655,0.097946,0.083414,0.079485,0.065051,0.048603,0.035403,0.025169,0.018034,0.007710,0.005098,0.003415,
0.150058,0.157855,0.157948,0.157075,0.152709,0.147360,0.138171,0.127901,0.122487,0.109973,0.096433,0.087461,0.074818,0.060148,0.050335,0.034660,0.024221,0.017911,0.007721,0.005214,0.003664,
0.190122,0.160941,0.157245,0.157194,0.145923,0.144252,0.135011,0.131376,0.118104,0.108538,0.099133,0.082650,0.071373,0.059944,0.050722,0.034132,0.022685,0.016825,0.008866,0.006820,0.004760,
0.152015,0.160787,0.152835,0.151386,0.146478,0.144873,nan,0.125602,0.115952,0.106866,0.096013,0.083143,0.072817,0.058577,0.045806,0.035479,0.023275,0.014058,0.008856,0.005888,0.004808,
0.137527,0.150860,0.147923,0.143741,0.140870,0.138822,0.130399,0.123639,0.114516,0.103632,0.093638,0.084392,0.072533,0.059442,0.046572,0.036818,0.023053,0.013149,0.009347,0.005847,0.004660,
0.127642,0.147151,0.143484,0.143130,0.140206,0.131862,0.128357,0.120028,0.109937,0.103986,0.092688,0.079441,0.070708,0.057642,0.045281,0.035224,0.022944,0.015438,0.009944,0.006448,0.003764,
0.159357,0.145939,0.134761,0.137920,0.136004,0.127616,0.120945,0.116953,0.108509,0.094829,0.089732,0.080820,0.068004,0.056851,0.045894,0.036250,0.024510,0.017057,0.010173,0.006403,0.004547,
0.146146,0.143495,0.128719,0.135212,0.128912,0.121759,0.119077,0.112418,0.104029,0.094498,0.085784,0.078074,0.065125,0.056747,0.044683,0.032139,0.023547,0.016766,0.009928,0.007086,0.005225,
0.106598,0.136419,0.125538,0.129672,0.125292,0.122224,0.113222,0.109955,0.099805,0.093297,0.085053,0.074771,0.066054,0.053387,0.046102,0.032803,0.023171,0.016634,0.009558,0.007312,0.005923,
0.130171,0.137084,0.121723,0.121857,0.118683,0.118169,0.109718,0.104350,0.098142,0.089322,0.079107,0.072539,0.063694,0.049937,0.044173,0.035100,0.026783,0.016936,0.010803,0.007925,0.006234,
0.111867,0.121476,0.118583,0.115620,0.112340,0.111305,0.106466,0.098767,0.095296,0.084755,0.078130,0.069768,0.060434,0.049139,0.042330,0.032421,0.024081,0.018933,0.012290,0.009797,0.006385,
0.107142,0.114279,0.113725,0.110801,0.104813,0.102849,0.099048,0.092854,0.088248,0.082419,0.073068,0.065849,0.058332,0.048824,0.040642,0.033344,0.024999,0.018693,0.013646,0.010350,0.008092,
0.128266,0.100785,0.105448,0.097025,0.095855,0.096203,0.092583,0.085385,0.079832,0.074833,0.069144,0.063241,0.052960,0.047280,0.040829,0.032165,0.027007,0.022080,0.014008,0.011383,0.008259,
0.090216,0.096242,0.091667,0.088900,0.082275,0.084158,0.084121,0.078006,0.073272,0.067512,0.059893,0.053094,0.051626,0.045748,0.041737,0.032333,0.026763,0.021553,0.017942,0.011813,0.011938,
0.063861,0.069004,0.079658,0.073941,0.072804,0.069976,0.063215,0.066697,0.060129,0.057687,0.058625,0.051617,0.045447,0.044368,0.035364,0.035517,0.026922,0.024701,0.020643,0.015349,0.012917,
nan,nan,nan,0.039955,0.043668,0.050466,0.043739,0.041989,0.059346,0.049825,0.050822,0.036522,0.037583,0.027306,0.033780,0.056561,0.022348,0.017000,0.014237,0.021129,0.014419,
nan,0.172770,0.125898,0.145544,0.154217,0.120274,0.129142,0.125678,0.130106,0.133849,0.112871,0.072663,0.073387,0.071786,0.023083,0.019561,0.008412,0.017096,0.006363,0.009019,nan,
0.154624,0.188723,0.167910,0.160882,0.151473,0.158994,0.133766,0.132412,0.115600,0.117041,0.106955,0.095037,0.077362,0.070966,0.053272,0.037857,0.023985,0.010597,0.011406,0.007377,0.002077,
0.142581,0.157485,0.160912,0.159914,0.158524,0.152500,0.143459,0.130463,0.125478,0.102105,0.097651,0.087837,0.075597,0.067143,0.050646,0.038478,0.026697,0.015940,0.009192,0.006217,0.005581,
0.126843,0.173511,0.163843,0.159948,0.146598,0.148301,0.141281,0.133060,0.121526,0.106375,0.101969,0.089806,0.076864,0.058372,0.051137,0.035525,0.026673,0.014852,0.009136,0.003780,0.003169,
0.149341,0.168635,0.156321,0.157854,nan,0.145617,0.137624,0.129564,0.126931,0.109921,0.102370,0.082592,0.077721,0.065834,0.049459,0.031364,0.024790,0.017756,0.008526,0.004337,0.003037,
0.121990,0.151496,0.156675,0.156143,0.146918,0.139776,0.137532,0.123654,0.117560,0.106365,0.098709,0.086182,0.071734,0.060994,0.050834,0.035412,0.023381,0.017121,0.007165,0.005541,0.004119,
0.135802,0.155924,0.151536,0.152345,0.147582,0.141637,0.135049,0.126894,0.118208,0.107493,0.094463,0.082238,0.070727,0.061043,0.049186,0.034999,0.022921,0.016032,0.008549,0.007162,0.004227,
0.159326,0.150515,0.151274,0.148985,0.144567,0.135931,0.131004,0.125205,0.112741,0.108158,0.093927,0.079459,0.071321,0.057423,0.045713,0.035494,0.024417,0.014329,0.008436,0.006114,0.004956,
0.145952,0.149008,0.150226,0.142453,0.138922,0.133941,0.126938,0.119332,0.106125,0.101639,0.092061,0.081712,0.070189,0.057289,0.044857,0.037296,0.021834,0.014542,0.009781,0.005945,0.005685,
0.126523,0.136640,0.150213,0.141316,0.137159,0.130805,0.122808,0.116983,0.107785,0.098762,0.090617,0.079304,0.069658,0.056552,0.044594,0.035445,0.022149,0.015992,0.010651,0.007208,0.004996,
0.147765,0.135926,0.146563,0.137851,0.132247,0.126968,0.120498,0.113678,0.101227,0.095741,0.086339,0.079193,0.066134,0.056151,0.046326,0.035008,0.024561,0.016312,0.010285,0.007115,0.004813,
0.133597,0.131437,0.138280,0.125451,0.125236,0.119157,0.116373,0.108616,0.101216,0.093628,0.084343,0.075311,0.064645,0.054829,0.043026,0.034478,0.025080,0.017612,0.010930,0.007590,0.004991,
0.110065,0.124339,0.128297,0.123007,0.120001,0.113973,0.110097,0.102139,0.098796,0.089284,0.082097,0.072557,0.069018,0.052469,0.045135,0.032119,0.023902,0.018139,0.010843,0.007986,0.005926,
0.103913,0.120062,0.121747,0.114948,0.111934,0.107868,0.103912,0.098110,0.091228,0.086636,0.077801,0.070437,0.060819,0.051941,0.041980,0.035171,0.025456,0.018890,0.011758,0.009377,0.006386,
0.114141,0.113046,0.113305,0.108988,0.105931,0.102169,0.099414,0.090779,0.086341,0.080131,0.072507,0.067131,0.058393,0.049722,0.041343,0.032769,0.026381,0.019427,0.013404,0.010754,0.007600,
0.105823,0.104633,0.099834,0.098055,0.096562,0.094561,0.089872,0.081725,0.080160,0.073670,0.069400,0.060535,0.056125,0.048361,0.041384,0.032436,0.026221,0.021593,0.015133,0.011751,0.009286,
0.087917,0.092169,0.087819,0.084256,0.083714,0.080781,0.078857,0.075880,0.069361,0.065625,0.066390,0.058150,0.051020,0.045940,0.041959,0.033887,0.026935,0.022310,0.016776,0.012801,0.012690,
nan,0.085008,0.071158,0.072728,0.068458,0.068589,0.069353,0.063001,0.062260,0.059733,0.055555,0.049279,0.044840,0.043406,0.037772,0.036011,0.025534,0.023560,0.018699,0.017791,0.012688,
nan,nan,0.061716,nan,0.042645,0.042232,0.112152,0.052747,0.057732,0.051208,0.044791,0.069043,0.043172,0.037266,0.034725,0.039468,0.025038,0.021360,0.025511,0.024129,0.016742,
nan,0.161112,0.158482,0.167191,0.154664,0.124656,0.175169,0.111672,0.120530,0.083295,0.125334,0.096898,0.060286,0.041040,0.046850,0.039533,0.008698,0.013252,0.007036,0.005459,nan,
0.176235,0.203724,0.163197,0.162537,0.149436,0.137843,0.129189,0.133653,0.127856,0.110214,0.105582,0.075724,0.077422,0.063173,0.052603,0.031840,0.024385,0.015046,0.006693,0.007907,0.006302,
0.193729,0.170678,0.163605,0.166010,0.152480,0.147938,0.137340,0.132271,0.125824,0.116470,0.099671,0.084657,0.071096,0.063338,0.050586,0.035990,0.024077,0.016252,0.009200,0.005810,0.004074,
0.186201,0.163216,0.163183,0.157295,0.153511,0.150666,0.139666,0.134673,0.119675,0.107282,0.100049,0.093431,0.077164,0.060870,0.049571,0.035241,0.024971,0.013907,0.008201,0.006631,0.004824,
0.162638,0.162250,0.161592,0.158562,0.150798,0.147367,0.142109,0.126480,0.119843,0.113484,0.098067,0.088303,0.078209,0.056989,0.052407,0.033438,0.025521,0.015201,0.008963,0.004643,0.004112,
0.180169,0.165667,0.160667,0.155926,0.150587,0.149130,0.136622,0.129906,0.121050,0.108849,0.098013,0.083346,0.077926,0.061584,0.049426,0.032012,0.024240,0.017839,0.009049,0.004900,0.002965,
0.164106,0.154336,0.157149,0.153823,0.146334,0.142001,nan,0.125274,0.114918,0.104910,0.098973,0.083539,0.072744,0.060060,0.049965,0.033324,0.023486,0.017204,0.008312,0.004952,0.003795,
0.152067,0.155620,0.149750,0.146833,0.145725,0.136253,0.130461,0.123308,0.114499,0.104238,0.093554,0.082335,0.071220,0.058334,0.047275,0.034596,0.022312,0.016789,0.009075,0.006900,0.003821,
0.154313,0.148757,0.147838,0.140998,0.141054,0.133624,0.125724,0.120046,0.109338,0.103266,0.091867,0.079842,0.070494,0.058383,0.046697,0.033983,0.024191,0.016165,0.009178,0.007381,0.004081,
0.151872,0.141399,0.144000,0.132139,0.135817,0.128325,0.126301,0.117243,0.107855,0.098959,0.090645,0.080529,0.067321,0.056982,0.044796,0.035731,0.023473,0.014852,0.009346,0.006750,0.005073,
0.113584,0.132479,0.132995,0.130521,0.132388,0.124995,0.121346,0.111920,0.105516,0.095402,0.087054,0.076239,0.067905,0.055348,0.044454,0.034454,0.022578,0.015482,0.010595,0.007847,0.005419,
0.129186,0.127311,0.130953,0.127109,0.126966,0.120630,0.116624,0.106801,0.102325,0.093690,0.084748,0.081674,0.064049,0.055161,0.044790,0.034701,0.024055,0.016223,0.011789,0.008773,0.006048,
0.134126,0.121970,0.122118,0.123539,0.121939,0.113591,0.110499,0.101523,0.095997,0.089407,0.080834,0.072549,0.063229,0.052950,0.045072,0.033886,0.024614,0.016921,0.011177,0.009603,0.005892,
0.126111,0.116190,0.118910,0.114809,0.114429,0.109480,0.102172,0.097403,0.091140,0.086426,0.077674,0.069628,0.061571,0.051964,0.042344,0.035027,0.025836,0.018716,0.012460,0.009006,0.007476,
nan,0.105176,0.113806,0.107887,0.105586,0.103125,0.095866,0.089489,0.085830,0.080011,0.076690,0.065644,0.057209,0.050484,0.042106,0.033278,0.025771,0.019953,0.012848,0.010547,0.008009,
0.081732,0.101968,0.100309,0.100336,0.094890,0.091481,0.088262,0.083254,0.079507,0.073269,0.070746,0.062304,0.055457,0.048815,0.042394,0.032894,0.026361,0.021441,0.016347,0.011981,0.009006,
nan,0.087858,0.095152,0.088750,0.085867,0.083983,0.077411,0.073118,0.073646,0.068341,0.062681,0.058856,0.051334,0.045376,0.042580,0.032902,0.027401,0.022112,0.017586,0.014178,0.013125,
0.073509,0.074789,0.073923,0.077108,0.073565,0.063361,0.068403,0.064448,0.059644,0.056585,0.052825,0.053860,0.045079,0.043555,0.038391,0.032941,0.026855,0.025157,0.019539,0.016513,0.012445,
nan,nan,nan,0.049664,0.061913,0.053767,0.050523,0.041521,0.060068,0.035447,0.040827,0.041114,0.046903,0.037379,0.036217,0.027418,0.031897,0.029444,0.020087,0.015478,0.015703,
nan,0.154627,0.166445,0.148144,0.192455,0.136865,0.127032,0.109398,0.129794,0.099974,0.083133,0.119822,0.066884,0.027166,0.045967,0.029650,0.036443,0.015970,0.002820,0.008226,nan,
0.167671,0.201165,0.156948,0.149608,0.155930,0.143724,0.146327,0.129251,0.119451,0.123866,0.113819,0.088224,0.075931,0.065894,0.050279,0.038870,0.025444,0.012136,0.012657,0.004949,0.001557,
0.146978,0.167148,0.161583,0.160486,0.158355,0.153582,0.145139,0.133944,0.125522,0.111440,0.106538,0.086894,0.075674,0.065932,0.048649,0.035681,0.024312,0.012322,0.009474,0.006816,0.004363,
0.164959,0.158604,0.162319,0.156495,0.156516,0.148977,0.141394,0.132258,0.124746,0.112997,0.097851,0.085078,0.073795,0.061793,0.051633,0.035582,0.024300,0.017148,0.009324,0.005502,0.004218,
0.142594,0.155151,0.160249,0.158180,0.148957,0.147947,0.137248,0.134518,0.119011,0.104447,0.098632,0.089907,0.073126,0.060789,0.048773,0.035423,0.025124,0.014609,0.008952,0.006279,0.004323,
0.130608,0.152539,0.155676,0.153895,0.150293,0.142957,0.138772,0.127503,0.120012,0.109653,0.097259,0.086656,0.075052,0.058260,0.050342,0.033696,0.025308,0.014002,0.007964,0.005287,0.004352,
0.138166,0.153388,0.149435,0.146609,0.148078,0.140413,0.134312,0.125360,0.119225,0.105531,0.095179,0.082891,0.074849,0.059489,0.050376,0.032942,0.024877,0.016250,0.008384,0.005350,0.003571,
0.139167,0.146998,0.153910,0.141847,0.143537,0.138159,0.130904,0.123471,0.112754,0.105414,0.095722,0.080853,0.072236,0.060060,0.049367,0.033009,0.022983,0.017766,0.008764,0.005082,0.003576,
0.122996,0.144128,0.146844,0.138443,0.138315,0.133721,0.128211,0.120331,0.111610,0.101346,0.094050,0.080292,0.069855,0.057138,0.047925,0.034559,0.023351,0.015981,0.009268,0.005341,0.003798,
0.113828,0.144185,0.140430,0.135512,0.132898,0.130184,0.123453,0.115890,0.109458,0.118590,0.088245,0.078792,0.069541,0.056712,0.045905,0.035047,0.023000,0.016680,0.009780,0.006666,0.004180,
0.134693,0.135754,0.132726,0.132113,0.127717,0.125400,0.118277,0.111081,0.104439,0.096704,0.086137,0.077872,0.066542,0.056141,0.045481,0.035424,0.024496,0.016422,0.009841,0.007462,0.004387,
0.121877,0.125723,0.130311,0.128448,0.121732,0.121684,0.115545,0.106663,0.100274,0.093638,0.085086,0.074938,0.065433,0.054388,0.044547,0.034564,0.024262,0.016300,0.010440,0.008347,0.005151,
0.114861,0.114914,0.123799,0.121874,0.115331,0.117190,0.111171,0.103274,0.096806,0.089991,0.081370,0.073086,0.063448,0.053473,0.043503,0.034883,0.024642,0.016913,0.012086,0.009445,0.006328,
0.114578,0.114594,0.116656,0.121587,0.111396,0.109729,0.107823,0.096669,0.092078,0.086313,0.078265,0.069260,0.061020,0.051719,0.043857,0.032983,0.025022,0.018517,0.013275,0.010059,0.007699,
0.085885,0.106767,0.104947,0.113963,0.104463,0.102176,0.097898,0.093734,0.088189,0.081003,0.073813,0.066809,0.059809,0.051086,0.041904,0.034352,0.026093,0.019045,0.014408,0.010955,0.010024,
0.107868,0.099712,0.097476,0.094958,0.096150,0.093073,0.093989,0.086019,0.080685,0.076102,0.070054,0.062030,0.057455,0.048057,0.041544,0.032933,0.027205,0.020191,0.014906,0.013106,0.010307,
0.081185,0.092966,0.077208,0.085059,0.095204,0.086384,0.083855,0.076792,0.072875,0.066096,0.065075,0.057240,0.051922,0.047366,0.040360,0.033915,0.026549,0.022830,0.018243,0.014428,0.011820,
0.066751,0.071728,0.073130,0.075577,0.069066,0.068018,0.063111,0.063781,0.061872,0.059541,0.055718,0.049815,0.052855,0.040684,0.036079,0.034576,0.028643,0.024005,0.020727,0.015623,0.015028,
nan,nan,nan,0.040511,0.052883,0.046280,0.043811,0.055890,0.098279,0.040748,0.046609,0.057164,0.030468,0.056478,0.032024,0.039153,0.029536,0.025974,0.025080,0.016268,0.019655,
nan,0.165197,0.235585,0.141518,0.146411,0.188441,0.194038,0.139004,0.122987,0.069628,0.101331,0.078651,0.081115,0.049323,0.042092,0.035787,0.028863,0.016715,0.005894,0.001854,nan,
0.185292,nan,0.165463,0.169534,0.146459,0.148393,0.138121,0.139438,0.111489,0.121138,0.097387,0.091662,0.070241,0.065089,0.045718,0.033752,0.025331,0.020460,0.009642,0.005296,0.004057,
0.186158,0.158512,0.129080,0.158112,0.147482,0.143727,0.138611,0.133419,0.119899,0.119250,0.103332,0.089974,0.078691,0.061258,0.050012,0.035185,0.026409,0.012756,0.010795,0.005877,0.004146,
0.158021,0.160511,0.160302,0.163427,0.153628,0.148888,0.141308,0.132973,0.122117,0.112348,0.106136,0.087328,0.074991,0.063207,0.049937,0.036220,0.026359,0.012656,0.010171,0.006520,0.004080,
0.197105,0.159957,0.158029,0.155894,0.160121,0.146498,0.138560,0.129533,0.121960,0.110541,0.102750,0.084629,0.073443,0.063512,0.048599,0.035038,0.025032,0.014001,0.008531,0.005916,0.003843,
0.199873,0.154788,0.156337,0.151612,0.149762,0.144412,0.137019,0.130061,0.118911,0.106260,0.097083,0.085620,0.071360,0.062194,0.049879,0.035014,0.025401,0.014882,0.009402,0.006062,0.003839,
0.164722,0.153248,0.154138,0.148885,0.145511,0.141187,0.134989,0.125201,0.118176,0.105376,0.097161,0.085370,0.072457,0.059376,0.048841,0.034702,0.024862,0.015540,0.008948,0.006398,0.004547,
0.164741,0.146925,0.146610,0.146519,0.139929,0.138518,0.130458,0.124178,0.115338,0.103942,0.094273,0.083297,0.071928,0.057356,0.048218,0.033510,0.026163,0.014236,0.008769,0.006180,0.005211,
0.176244,0.142121,0.143490,0.141362,0.137688,0.134987,0.126520,0.118315,0.110416,0.103225,0.092623,0.080550,0.071320,0.057732,0.048291,0.032984,0.024132,0.016150,0.008832,0.006203,0.004939,
0.171560,0.135652,0.142033,0.135721,0.132981,0.132170,0.123505,0.115505,0.107232,0.098812,0.091149,0.078645,0.068884,0.056028,0.047534,0.033216,0.024512,0.016252,0.009413,0.006400,0.004860,
0.125483,0.132213,0.138351,0.130191,0.127354,0.127448,0.119481,0.112829,0.105641,0.096648,0.087370,0.078102,0.068007,0.055606,0.046367,0.033645,0.023783,0.016690,0.010453,0.007239,0.004716,
0.123669,0.130232,0.132000,0.125655,0.122108,0.120969,0.113804,0.109221,0.101528,0.093609,0.083647,0.075383,0.065908,0.054640,0.045034,0.034149,0.024258,0.016667,0.011132,0.007102,0.005055,
0.095824,0.120718,0.123302,0.122626,0.117306,0.116088,0.109112,0.104716,0.098086,0.090141,0.081764,0.072485,0.063285,0.054204,0.044207,0.034496,0.025542,0.017362,0.012053,0.008157,0.005870,
0.115255,0.111403,0.116058,0.117903,0.107630,0.109051,0.104690,0.098240,0.092988,0.085260,0.078952,0.070390,0.060883,0.052252,0.044519,0.035131,0.025349,0.017818,0.013071,0.009749,0.006326,
0.113909,0.102253,0.110177,0.110033,0.102092,0.104127,0.097426,0.092267,0.087137,0.080135,0.074982,0.066671,0.059651,0.050307,0.042290,0.034832,0.026744,0.018736,0.014628,0.011322,0.007267,
0.125644,0.093435,0.097076,0.097923,0.093270,0.094013,0.089539,0.083539,0.082326,0.075575,0.070218,0.063603,0.055345,0.048183,0.040898,0.033458,0.027555,0.021165,0.015743,0.013065,0.009549,
0.067025,0.078424,0.087153,0.085359,0.088461,0.082800,0.080500,0.076117,0.073458,0.064858,0.063853,0.059322,0.054779,0.047312,0.041511,0.033603,0.027113,0.022831,0.017676,0.014986,0.011297,
nan,0.058377,0.072649,0.066514,0.063545,0.061381,0.064307,0.062285,0.059317,0.057158,0.053936,0.054742,0.049609,0.042330,0.038352,0.034277,0.029312,0.023929,0.020307,0.017978,0.014070,
nan,nan,nan,nan,nan,0.042774,0.042229,0.048691,0.060157,0.040093,0.047212,0.041747,0.042166,0.043628,0.033458,0.033948,0.026228,0.026023,0.023377,0.018064,0.015487,
0.169116,0.161102,0.151547,0.185255,0.143289,0.149382,0.126975,0.133800,0.105492,0.103522,0.091833,0.088600,0.072265,0.082165,0.054032,0.026056,0.021598,0.020407,0.006150,0.005704,nan,
0.189228,0.165619,0.168272,0.165986,0.162094,0.148538,0.142898,0.130162,0.129349,0.097957,0.099727,0.090160,0.071259,0.052334,0.050705,0.038385,0.029359,0.014811,0.006667,0.003605,0.005535,
0.188407,0.166930,0.163614,0.161445,0.154283,0.144690,0.144052,0.137048,0.116705,0.112609,0.102280,0.085806,0.068286,0.063111,0.050500,0.038376,0.027461,0.020304,0.007488,0.003737,0.003666,
0.188600,0.165525,0.161224,0.159403,0.148560,0.143684,0.141885,0.131916,0.115033,0.116909,0.095851,0.086904,0.073153,0.062558,0.050338,0.037789,0.026387,0.018019,0.008259,0.004471,0.004517,
0.188835,0.168884,0.158174,0.156352,0.151353,0.145809,0.138093,0.131114,0.117166,0.115295,0.099491,0.086882,0.073394,0.059636,0.050678,0.034965,0.026780,0.016154,0.010017,0.004416,0.004511,
0.176153,0.162679,0.152744,0.155640,0.146108,0.143859,0.137425,0.125800,0.118005,0.110897,0.100463,0.086164,0.073430,0.060463,0.048488,0.035908,0.027840,0.015590,0.009386,0.004414,0.004575,
0.173084,0.161395,0.152801,0.152047,0.142659,0.141767,0.134319,0.126130,0.117645,0.108745,0.098261,0.084577,0.071385,0.060740,0.047328,0.035476,0.027371,0.014575,0.009115,0.005059,0.004456,
0.151960,0.155986,0.149849,0.145856,0.140969,0.136271,0.131052,0.122679,0.114777,0.104698,0.094722,0.081194,0.068880,0.059851,0.047419,0.035114,0.026487,0.014416,0.009364,0.005714,0.004921,
0.150152,0.155102,0.146717,0.142744,0.137831,0.130668,0.126595,0.120356,0.111496,0.101451,0.092496,0.081093,0.067828,0.058329,0.047428,0.034634,0.026686,0.014279,0.009471,0.006267,0.005126,
0.153689,0.151796,0.142811,0.140214,0.132639,0.127858,0.122961,0.116440,0.108820,0.099220,0.090020,0.079967,0.067063,0.058234,0.046088,0.034375,0.026033,0.015287,0.009890,0.006427,0.005164,
0.145265,0.142309,0.135035,0.132454,0.129121,0.124665,0.118458,0.112533,0.104273,0.095831,0.087600,0.077159,0.066260,0.055354,0.045589,0.033870,0.026108,0.015753,0.010074,0.006828,0.005856,
0.132719,0.129952,0.129636,0.128393,0.123512,0.119973,0.114545,0.106693,0.100527,0.092531,0.084878,0.075159,0.065466,0.054594,0.045656,0.034009,0.026550,0.016806,0.011682,0.007375,0.005858,
0.141450,0.124339,0.126088,0.122284,0.115516,0.117079,0.108497,0.101788,0.097253,0.089283,0.081514,0.072474,0.063644,0.053436,0.044543,0.034376,0.025703,0.017573,0.011389,0.008045,0.005848,
0.117534,0.115855,0.121394,0.117790,0.108210,0.113580,0.102169,0.100159,0.092992,0.085961,0.078117,0.069189,0.061168,0.052472,0.043625,0.034453,0.025876,0.019074,0.011850,0.009148,0.007705,
0.107165,0.105694,0.114245,0.114035,0.100793,0.104632,0.097600,0.093390,0.084037,0.081649,0.073617,0.066141,0.059067,0.051482,0.042741,0.034352,0.026596,0.020874,0.013203,0.010343,0.007740,
0.090177,0.090040,0.103197,0.108615,0.089017,0.092275,0.089726,0.084229,0.077474,0.077694,0.067558,0.060536,0.055103,0.050156,0.041408,0.034345,0.028144,0.022574,0.015486,0.013236,0.009390,
0.074827,0.084344,0.088607,0.092122,0.079459,0.087632,0.078491,0.076025,0.071309,0.068235,0.061407,0.056954,0.050974,0.045731,0.040039,0.034462,0.028015,0.022957,0.016674,0.014899,0.009705,
0.040696,0.064695,0.065534,0.070331,0.082883,0.063784,0.059418,0.069796,0.056052,0.051649,0.052889,0.047856,0.045294,0.044608,0.041427,0.033073,0.029582,0.025329,0.021459,0.018760,0.013059,
nan,nan,nan,nan,nan,nan,nan,nan,nan,nan,0.038494,0.042410,0.035980,0.031969,0.033499,0.030843,0.026181,0.021987,0.023292,0.018495,0.019712,
