0.136609,0.162879,0.163807,0.122687,0.177773,0.142880,0.099063,0.118573,0.091204,0.098766,0.100279,0.084068,0.063543,0.039423,0.031163,0.025305,0.028258,0.013485,0.003868,0.003252,0.008670,
0.141811,0.163595,0.146913,0.120728,0.140726,0.136768,0.119916,0.112381,0.103991,0.099001,0.092690,0.075204,0.065259,0.056961,0.047410,0.028732,0.023335,0.012630,0.006606,0.004954,0.005129,
0.147988,0.166786,0.143880,0.133151,0.133688,0.128024,0.113072,0.117946,0.098081,0.100677,0.089111,0.077515,0.067293,0.057252,0.044961,0.027277,0.024246,0.012755,0.007241,0.004605,0.005742,
0.149791,0.164346,0.146835,0.128727,0.133529,0.126590,0.118061,0.111104,0.103286,0.104977,0.092865,0.074952,0.065423,0.058147,0.044612,0.029312,0.022834,0.013577,0.008259,0.005355,0.004536,
0.148851,0.156767,0.144522,0.124232,0.127447,0.120993,0.115947,0.107334,0.099525,0.100870,0.091519,0.074274,0.064292,0.057824,0.043998,0.029555,0.023271,0.014209,0.008992,0.006734,0.004988,
0.141414,0.142525,0.137934,0.120256,0.120235,0.117032,0.112387,0.107517,0.096673,0.094927,0.088736,0.070357,0.063898,0.054743,0.043313,0.030005,0.022467,0.014603,0.009440,0.007773,0.006077,
0.137287,0.137485,0.131565,0.123335,0.115731,0.112961,0.105954,0.104787,0.093835,0.090187,0.085555,0.067039,0.062368,0.053645,0.041426,0.031474,0.023495,0.015657,0.010970,0.009682,0.007976,
0.134366,0.128599,0.121871,0.114677,0.108136,0.112268,0.100680,0.100241,0.090679,0.083051,0.081523,0.064977,0.059510,0.051702,0.041618,0.031533,0.024716,0.017610,0.013480,0.012578,0.010580,
0.131496,0.123874,0.114758,0.108424,0.101411,0.105349,0.096704,0.094614,0.087212,0.079032,0.075617,0.061166,0.056854,0.049821,0.041258,0.032386,0.026097,0.020320,0.015777,0.015977,0.013514,
0.121640,0.115584,0.107187,0.102962,0.097642,0.098955,0.092547,0.088992,0.082320,0.075572,0.071761,0.060615,0.054831,0.048959,0.040906,0.034981,0.028288,0.025170,0.020300,0.022205,0.014726,
0.105575,0.107909,0.099116,0.096391,0.092016,0.092649,0.086734,0.083174,0.077354,0.071624,0.068375,0.059025,0.054108,0.049272,0.043087,0.038975,0.033083,0.034718,0.027779,0.030600,0.022463,
0.095688,0.100784,0.092133,0.088660,0.084953,0.085868,0.080559,0.077884,0.072983,0.068791,0.066148,0.057839,0.054200,0.051441,0.045782,0.043935,0.041437,0.045621,0.038871,0.042096,0.029525,
0.093497,0.093034,0.085507,0.080855,0.077764,0.079253,0.075684,0.073152,0.068881,0.065255,0.063789,0.056657,0.055633,0.054158,0.053095,0.051745,0.055961,0.062219,0.061531,0.062119,0.050122,
0.083398,0.082849,0.077496,0.072710,0.070534,0.071785,0.068449,0.067216,0.064996,0.062656,0.063870,0.058016,0.059301,0.061845,0.062868,0.067931,0.077905,0.088664,0.101168,0.091812,0.082151,
0.075417,0.075686,0.066439,0.065130,0.062647,0.064345,0.061653,0.062990,0.061995,0.062149,0.062502,0.063068,0.065004,0.071075,0.085512,0.094737,0.124406,0.134346,0.170396,0.135271,0.102737,
0.065592,0.055596,0.054588,0.054879,0.053044,0.059190,0.055993,0.057060,0.056938,0.065551,0.064486,0.067395,0.078531,0.093257,0.111207,0.143273,0.191594,0.224974,0.262355,0.216042,0.090315,
0.053126,0.041290,0.042202,0.044814,0.041914,0.047676,0.050839,0.053525,0.056538,0.062951,0.080315,0.078663,0.109920,0.131172,0.176893,0.247111,0.310412,0.381840,0.360542,0.251681,0.026107,
0.029402,0.025962,0.032428,0.034569,0.046877,0.040010,0.047624,0.048444,0.059527,0.073278,0.100460,0.100719,0.147367,0.185876,0.235639,0.380954,0.468755,0.534188,0.442914,0.043291,0.020916,
nan,nan,nan,nan,nan,nan,nan,nan,nan,nan,0.143215,0.131210,0.185995,0.281270,0.316819,0.615968,0.430559,0.507538,0.160612,0.036215,nan,
nan,nan,0.125752,0.160807,0.122211,0.165156,0.145402,0.100906,0.123033,0.090394,0.083958,0.091201,0.070855,0.067459,0.041684,0.027673,0.021614,0.011637,0.009966,0.005386,0.002967,
nan,0.132406,0.146229,0.138611,0.132152,0.134815,0.121340,0.119654,0.108488,0.101819,0.094001,0.079473,0.069604,0.061247,0.048913,0.033369,0.025379,0.012820,0.007046,0.003250,0.005813,
0.137904,0.139092,0.146514,0.133590,0.133422,0.129042,0.129995,0.117724,0.112138,0.096940,0.098247,0.076569,0.068244,0.057853,0.048087,0.033047,0.022551,0.013499,0.006681,0.004781,0.003502,
0.131683,0.135330,0.137044,0.133308,0.127649,0.125749,0.129000,0.115712,0.106556,0.092387,0.091525,0.075924,0.066934,0.052944,0.045381,0.034028,0.022947,0.013084,0.007415,0.006006,0.004135,
0.116751,0.132097,0.130678,0.132357,0.125060,0.123983,0.124967,0.111899,0.104596,0.091337,0.087945,0.071747,0.065042,0.050145,0.042927,0.033654,0.021982,0.013491,0.008152,0.006346,0.004334,
0.117240,0.130847,0.127809,0.128744,0.121147,0.123089,0.119312,0.107587,0.102711,0.089935,0.084330,0.072139,0.062938,0.049207,0.041148,0.033208,0.021814,0.015051,0.009813,0.007259,0.005268,
0.125134,0.124177,0.124730,0.119824,0.116350,0.117703,0.115088,0.104236,0.096985,0.085409,0.081201,0.069430,0.059614,0.047726,0.040665,0.032656,0.022770,0.016469,0.012035,0.008783,0.006387,
0.102363,0.119034,0.119156,0.115333,0.111737,0.111915,0.107300,0.098164,0.092701,0.082770,0.078149,0.069426,0.057881,0.047976,0.040027,0.033683,0.023877,0.019119,0.014209,0.011167,0.007401,
0.112335,0.110119,0.112768,0.110686,0.105945,0.105034,0.101294,0.092206,0.087222,0.078524,0.073476,0.065639,0.057247,0.047282,0.040443,0.033863,0.027088,0.022600,0.017660,0.014350,0.010732,
0.125264,0.103245,0.106305,0.103762,0.099240,0.098318,0.093683,0.088089,0.081663,0.075765,0.069397,0.062602,0.055200,0.047557,0.041100,0.035165,0.030306,0.028923,0.021413,0.018210,0.015260,
0.120169,0.097344,0.097362,0.098994,0.092986,0.091716,0.086877,0.082907,0.076602,0.071349,0.067097,0.061190,0.054534,0.047973,0.043636,0.038236,0.035253,0.035403,0.029523,0.025766,0.020425,
0.104347,0.092071,0.090704,0.090767,0.087304,0.085787,0.081956,0.077664,0.073458,0.068345,0.064947,0.060170,0.054019,0.050041,0.047921,0.045674,0.045383,0.046996,0.040247,0.038400,0.032573,
0.093712,0.081064,0.082479,0.083494,0.081092,0.077278,0.074719,0.072457,0.069377,0.063684,0.062084,0.059347,0.054683,0.054095,0.054056,0.055050,0.060825,0.063723,0.058547,0.056327,0.050247,
0.081855,0.072964,0.074398,0.075088,0.072892,0.070285,0.069021,0.066729,0.066635,0.061491,0.063553,0.060433,0.057241,0.060547,0.067048,0.072219,0.083753,0.095114,0.092720,0.088568,0.062432,
0.084920,0.064155,0.064308,0.066432,0.063785,0.061667,0.062895,0.060033,0.062523,0.060434,0.064845,0.063601,0.067491,0.074075,0.082909,0.099345,0.124061,0.140639,0.154957,0.144920,0.094906,
0.066586,0.061184,0.051047,0.057332,0.053767,0.053381,0.053422,0.054509,0.058437,0.061811,0.066711,0.071028,0.081729,0.094888,0.115614,0.149640,0.183661,0.221472,0.256039,0.205766,0.088088,
0.044031,0.047822,0.041321,0.039989,0.041226,0.046641,0.047249,0.052649,0.053417,0.067132,0.072482,0.082387,0.102257,0.125401,0.174423,0.225059,0.303014,0.341291,0.373539,0.213348,0.038905,
nan,0.024232,0.029515,0.030448,0.038550,0.038967,0.040460,0.050831,0.060057,0.066632,0.083224,0.115107,0.141820,0.190984,0.263204,0.359952,0.432702,0.490886,0.416138,0.138628,0.021879,
nan,nan,nan,nan,0.035940,0.038167,0.095195,0.059758,0.082739,0.095553,0.107805,0.103923,0.173831,0.243848,0.373671,0.502795,0.621215,0.590690,0.339506,0.030969,0.020938,
nan,0.127134,0.144218,0.135939,0.141561,0.145719,0.148483,0.160996,0.090668,0.099717,0.098076,0.083103,0.064900,0.057163,0.065650,0.025536,0.030585,0.014793,0.003649,0.002666,0.003696,
0.121999,0.139182,0.140053,0.142200,0.133568,0.129458,0.126317,0.116991,0.112104,0.098944,0.097835,0.077678,0.073108,0.064053,0.048017,0.033883,0.022830,0.015309,0.006772,0.005539,0.002882,
0.109052,0.137233,0.133611,0.134555,0.132009,0.129656,0.126363,0.115064,0.107724,0.093394,0.090635,0.077643,0.064278,0.049856,0.042897,0.036240,0.022029,0.012569,0.007069,0.005362,0.003438,
0.129980,0.140139,0.134364,0.131788,0.131023,0.125586,0.124532,0.113051,0.108247,0.094429,0.087674,0.075575,0.066523,0.050940,0.042176,0.032000,0.020673,0.014228,0.007885,0.005114,0.003954,
0.127075,0.138250,0.132286,0.126470,0.126513,0.124504,0.116427,0.110911,0.102312,0.093770,0.085734,0.075839,0.065658,0.053475,0.041434,0.031751,0.020970,0.015713,0.009348,0.005870,0.004613,
0.124376,0.132391,0.131061,0.123611,0.123878,0.120068,0.112107,0.107129,0.098886,0.094247,0.086300,0.071816,0.062462,0.052910,0.041034,0.032024,0.022648,0.015925,0.009968,0.007015,0.005023,
0.115412,0.126340,0.121649,0.122873,0.117840,0.114715,0.105937,0.102329,0.095636,0.090574,0.079869,0.068887,0.061235,0.050724,0.040521,0.031307,0.023581,0.016910,0.011892,0.008611,0.006288,
0.105736,0.120101,0.117648,0.117630,0.110309,0.112252,0.101286,0.097196,0.089513,0.084750,0.074257,0.067206,0.059560,0.049556,0.038834,0.032713,0.025491,0.019057,0.013299,0.009824,0.008600,
0.101932,0.114894,0.110596,0.111337,0.105723,0.105624,0.094824,0.094348,0.085513,0.078938,0.070647,0.065563,0.056733,0.048555,0.039623,0.032802,0.027847,0.021655,0.016629,0.013537,0.009061,
0.092957,0.108039,0.103912,0.105844,0.100826,0.099686,0.091732,0.086770,0.081786,0.075552,0.067438,0.063470,0.055572,0.047844,0.041049,0.035742,0.031491,0.025960,0.020906,0.018822,0.014927,
0.089997,0.102852,0.099551,0.097016,0.094970,0.092625,0.086601,0.082827,0.077836,0.071948,0.063659,0.061535,0.055003,0.047490,0.043155,0.038754,0.036260,0.032190,0.028100,0.025972,0.020774,
0.095026,0.092923,0.094643,0.089440,0.088032,0.084761,0.080675,0.076024,0.073937,0.068558,0.062387,0.059348,0.055043,0.049827,0.046971,0.045249,0.042461,0.041724,0.038940,0.037348,0.029009,
0.083775,0.086883,0.086712,0.082283,0.080247,0.079667,0.074908,0.071319,0.068487,0.065389,0.061189,0.057863,0.056283,0.052016,0.051995,0.055039,0.056343,0.056836,0.058334,0.056709,0.039450,
0.087273,0.079100,0.077861,0.073847,0.072951,0.072490,0.068831,0.065951,0.063980,0.063065,0.060263,0.058811,0.060110,0.059558,0.061527,0.070763,0.075571,0.084854,0.087255,0.079391,0.055353,
0.065572,0.067043,0.067016,0.067023,0.064599,0.063331,0.062748,0.060595,0.059950,0.060109,0.060251,0.062306,0.066766,0.071638,0.079254,0.087741,0.112721,0.130705,0.135894,0.117839,0.081540,
0.062912,0.057735,0.056067,0.053741,0.056821,0.057909,0.055007,0.053957,0.060080,0.058056,0.063634,0.067416,0.081244,0.088603,0.106164,0.137555,0.165005,0.198659,0.210478,0.165253,0.065105,
nan,0.042399,0.041784,0.043259,0.046758,0.047219,0.047746,0.050551,0.056804,0.062860,0.070507,0.080205,0.098432,0.117079,0.148635,0.199966,0.257057,0.293771,0.273125,0.177159,0.029654,
0.135665,0.031357,0.032924,0.030351,0.038538,0.041008,0.043156,0.051496,0.058894,0.071583,0.085396,0.109464,0.127177,0.185847,0.223369,0.292343,0.386770,0.368657,0.309292,0.109095,0.021647,
nan,nan,nan,0.026710,0.024685,0.038435,0.043237,0.052775,0.067472,0.085366,0.094352,0.106355,0.140955,0.240177,0.274291,0.387352,0.495992,0.506756,0.240849,0.031140,0.006113,
nan,0.124343,0.139361,0.121444,0.132016,0.111624,0.117860,0.121626,0.131508,0.108136,0.128517,0.092059,0.080222,0.057314,0.032480,0.039541,0.036808,0.008859,0.011707,0.002474,0.005829,
0.159645,0.147682,0.134407,0.140083,0.138480,0.127649,0.122448,0.131039,0.109068,0.095516,0.093959,0.073718,0.070046,0.053621,0.042189,0.031938,0.021541,0.011362,0.006789,0.005300,0.002046,
0.144513,0.142200,0.140299,0.132759,0.131000,0.124078,0.131958,0.113443,0.108493,0.097541,0.091470,0.081145,0.069230,0.056001,0.041913,0.031152,0.021274,0.012937,0.007033,0.005021,0.003099,
0.139355,0.138126,0.143787,0.136357,0.135339,0.129358,0.114650,0.110190,0.102892,0.097578,0.087227,0.075407,0.067765,0.054646,0.043735,0.031613,0.021190,0.015197,0.008436,0.004750,0.003839,
0.145433,0.131737,0.146597,0.133480,0.126473,0.124305,0.113630,0.109163,0.105798,0.095939,0.087744,0.073769,0.063066,0.052792,0.042148,0.031197,0.023235,0.014693,0.008744,0.005772,0.003894,
0.139598,0.126416,0.138545,0.126774,0.121071,0.121030,0.112001,0.105410,0.098333,0.089533,0.079458,0.071570,0.063626,0.050082,0.040612,0.031968,0.022788,0.015367,0.010334,0.006628,0.004989,
0.122187,0.125199,0.131754,0.120679,0.119910,0.116151,0.107471,0.101403,0.093321,0.085833,0.076177,0.071276,0.061518,0.049644,0.040046,0.031313,0.023714,0.016266,0.010580,0.007953,0.006661,
0.124170,0.116270,0.126104,0.114247,0.112988,0.109863,0.104813,0.096511,0.091265,0.083421,0.074236,0.069644,0.059365,0.049398,0.040797,0.032149,0.024960,0.018276,0.012147,0.010670,0.007927,
0.113127,0.111536,0.120290,0.107268,0.108047,0.105046,0.098617,0.092351,0.087428,0.081079,0.071776,0.065497,0.056330,0.047152,0.040925,0.034078,0.026697,0.021417,0.015317,0.014545,0.008947,
0.110360,0.107169,0.113772,0.102896,0.101426,0.097788,0.092920,0.087425,0.081834,0.076659,0.069175,0.061938,0.054519,0.046523,0.041270,0.035325,0.029788,0.023417,0.021846,0.019018,0.012517,
0.100163,0.100064,0.104130,0.097150,0.096446,0.091765,0.088247,0.082479,0.077317,0.072972,0.067179,0.060042,0.053961,0.047858,0.041665,0.037629,0.033851,0.029288,0.028333,0.023277,0.017437,
0.093115,0.094852,0.093838,0.091782,0.088838,0.085161,0.082476,0.077968,0.073336,0.069236,0.065612,0.058885,0.052655,0.048925,0.044987,0.042765,0.040448,0.038768,0.039452,0.033469,0.026831,
0.091348,0.088236,0.083099,0.084454,0.080821,0.077701,0.076735,0.071481,0.068078,0.067110,0.062381,0.059344,0.053943,0.052489,0.049781,0.049361,0.053125,0.052988,0.053231,0.045083,0.037378,
0.089214,0.076563,0.076859,0.074566,0.071975,0.070960,0.071370,0.065247,0.065160,0.062895,0.061235,0.060132,0.057670,0.057029,0.057286,0.064117,0.068255,0.073995,0.076711,0.068577,0.049510,
0.069155,0.067466,0.069013,0.064365,0.064021,0.062283,0.061797,0.058410,0.059631,0.059962,0.061973,0.063686,0.064340,0.066962,0.071965,0.081880,0.100040,0.108287,0.110343,0.094077,0.056225,
0.071111,0.051884,0.057824,0.054806,0.051726,0.056058,0.056606,0.053185,0.057198,0.058426,0.060437,0.068857,0.073750,0.079800,0.096719,0.110223,0.144374,0.161256,0.160721,0.122152,0.055364,
0.057393,0.039109,0.044158,0.041380,0.046988,0.049765,0.044940,0.054546,0.057129,0.060304,0.071917,0.084282,0.090473,0.121246,0.138348,0.160082,0.200298,0.231519,0.209807,0.133947,0.026322,
nan,0.031786,0.023360,0.043050,0.041327,0.037864,0.035626,0.050517,0.053333,0.070213,0.087721,0.099112,0.125692,0.150906,0.191221,0.242150,0.277767,0.290973,0.232217,0.072320,0.012049,
nan,nan,0.032404,0.027035,0.035055,0.029585,0.042064,0.059270,0.046320,0.065756,0.079105,0.087620,0.133037,0.178430,0.233796,0.316741,0.317587,0.303064,0.209045,0.025455,0.022490,
nan,0.147785,0.159218,0.161384,0.104258,0.185149,0.114767,0.105518,0.122830,0.098972,0.095653,0.087478,0.067353,0.071711,0.063796,0.030158,0.031295,0.022091,0.009227,0.001352,0.005693,
0.126880,0.145055,0.135154,0.126118,0.132769,0.131440,0.131025,0.120774,0.111630,0.092499,0.094175,0.087018,0.065462,0.049493,0.043439,0.033264,0.020475,0.012647,0.007355,0.004534,0.003317,
0.158159,0.135577,0.149227,0.141846,0.138192,0.136967,0.115467,0.115380,0.106503,0.099206,0.085843,0.075603,0.064049,0.051074,0.043901,0.031256,0.019335,0.015956,0.007488,0.004150,0.004269,
0.161611,0.131013,0.143151,0.137090,0.123780,0.124909,0.121554,0.111287,0.108675,0.099042,0.090012,0.075186,0.066633,0.053107,0.041953,0.030358,0.022110,0.013523,0.007586,0.004877,0.003470,
0.151114,0.134410,0.137624,0.129290,0.126638,0.128243,0.118129,0.107682,0.099823,0.091136,0.079866,0.074261,0.066594,0.052470,0.040522,0.033393,0.022330,0.014544,0.008401,0.005758,0.004155,
0.153097,0.132505,0.131403,0.123037,0.128592,0.120181,0.115352,0.105272,0.101180,0.091768,0.081232,0.073699,0.063300,0.051383,0.042730,0.030854,0.022506,0.014188,0.009257,0.006975,0.005947,
0.136281,0.123922,0.123025,0.120624,0.120165,0.118182,0.111062,0.102399,0.094776,0.086026,0.079781,0.071496,0.060500,0.047883,0.040803,0.033877,0.022478,0.016035,0.009665,0.008285,0.006113,
0.120995,0.118463,0.120199,0.118071,0.118558,0.109680,0.103761,0.098401,0.090046,0.085728,0.075151,0.066506,0.057309,0.047860,0.041338,0.033266,0.025294,0.017383,0.012794,0.010864,0.007428,
0.120322,0.107809,0.112212,0.113815,0.109963,0.104692,0.099077,0.091550,0.086728,0.081645,0.072988,0.064728,0.055318,0.047413,0.038969,0.032932,0.026929,0.019048,0.016350,0.013399,0.009444,
0.116901,0.102530,0.105963,0.104582,0.103514,0.095870,0.093398,0.086063,0.084149,0.077826,0.068828,0.063183,0.054680,0.046847,0.040240,0.033161,0.028131,0.022924,0.019614,0.016376,0.012869,
0.098655,0.093897,0.096901,0.099942,0.094939,0.088816,0.086838,0.080411,0.078991,0.072630,0.066655,0.060598,0.053776,0.046188,0.041913,0.036317,0.031689,0.029619,0.026959,0.021979,0.018536,
0.079760,0.090552,0.090253,0.091451,0.088769,0.083368,0.082040,0.076118,0.073930,0.068200,0.062308,0.058723,0.055707,0.046063,0.043958,0.038565,0.038143,0.036786,0.034168,0.028155,0.023738,
0.090033,0.081358,0.083558,0.084391,0.080435,0.077890,0.075534,0.070733,0.067892,0.064654,0.059554,0.057373,0.055175,0.048130,0.048607,0.045339,0.049254,0.051392,0.045659,0.042753,0.028580,
0.075149,0.075276,0.074178,0.074611,0.072888,0.070427,0.067631,0.066658,0.062964,0.062226,0.059208,0.057525,0.056374,0.055966,0.055569,0.058230,0.061966,0.066534,0.071841,0.057863,0.035528,
0.068861,0.063134,0.061050,0.064106,0.063296,0.061773,0.060773,0.059979,0.059740,0.059597,0.056006,0.059993,0.061435,0.065356,0.068303,0.075672,0.082404,0.091728,0.086819,0.070712,0.049272,
0.064844,0.054211,0.054998,0.052705,0.055262,0.054076,0.052055,0.054577,0.057943,0.053527,0.058996,0.065106,0.070844,0.078789,0.097093,0.103533,0.117929,0.121740,0.118672,0.089469,0.037264,
0.049256,0.041667,0.042757,0.041157,0.043281,0.045916,0.047723,0.048955,0.061203,0.054833,0.065704,0.070458,0.088422,0.099884,0.121909,0.143378,0.163575,0.159786,0.154846,0.088750,0.026844,
0.026955,0.031210,0.029527,0.029020,0.037779,0.037271,0.039083,0.051084,0.053900,0.067350,0.075988,0.088040,0.107137,0.152963,0.142746,0.169060,0.196370,0.192077,0.159222,0.063263,0.009639,
nan,nan,0.029919,0.021832,0.033151,0.049581,0.042756,0.033160,0.039571,0.061660,0.099133,0.127136,0.133381,0.194701,0.212516,0.289216,0.213781,0.243539,0.112772,0.014586,0.013617,
nan,0.103480,0.161174,0.140549,0.143219,0.142966,0.122758,0.117666,0.124737,0.108387,0.094384,0.070415,0.064267,0.063772,0.051004,0.035883,0.033806,0.011722,0.004259,0.003371,0.003670,
0.168178,0.139901,0.148191,0.137500,0.127042,0.123745,0.126909,0.105106,0.118261,0.094012,0.089769,0.086419,0.063958,0.058097,0.042974,0.033680,0.026010,0.012983,0.005005,0.004090,0.002526,
0.121624,0.131297,0.145490,0.146054,0.126961,0.125222,0.117522,0.114938,0.111942,0.102533,0.092923,0.075434,0.066515,0.057034,0.042892,0.031940,0.020225,0.014620,0.006866,0.004639,0.002166,
0.113880,0.136375,0.139670,0.127889,0.131432,0.131866,0.118262,0.112003,0.103298,0.092922,0.082118,0.075039,0.068122,0.053150,0.038615,0.030747,0.022253,0.013471,0.007823,0.005040,0.003562,
0.140212,0.131859,0.134619,0.132145,0.132747,0.124475,0.118797,0.110703,0.107357,0.096344,0.082831,0.077220,0.065174,0.050864,0.042630,0.030032,0.021472,0.013138,0.008222,0.005809,0.004528,
0.154779,0.131350,0.133285,0.131531,0.127902,0.119933,0.117405,0.106169,0.097820,0.091561,0.080996,0.073386,0.060123,0.050308,0.042323,0.033645,0.021113,0.014176,0.008150,0.006569,0.005628,
0.118991,0.129859,0.132867,0.123994,0.123113,0.113611,0.111852,0.100209,0.096062,0.089029,0.078923,0.068776,0.059856,0.047782,0.041918,0.033869,0.023472,0.016386,0.010917,0.008291,0.006319,
0.129249,0.127363,0.118500,0.117536,0.115884,0.108407,0.103324,0.096607,0.092547,0.085742,0.076635,0.068621,0.058927,0.047084,0.040197,0.031049,0.023914,0.016505,0.012681,0.010626,0.007628,
0.141746,0.121747,0.117532,0.111684,0.108826,0.104234,0.097569,0.092566,0.088288,0.082105,0.071961,0.065168,0.057358,0.048175,0.040960,0.031311,0.024848,0.019852,0.014680,0.012414,0.009361,
0.114667,0.112624,0.105513,0.107521,0.102107,0.099233,0.091656,0.088340,0.081773,0.075664,0.067468,0.061544,0.055354,0.045364,0.039130,0.032209,0.027239,0.022351,0.019413,0.015164,0.013168,
0.102423,0.108097,0.103179,0.098143,0.097182,0.092139,0.088011,0.084852,0.076039,0.072073,0.064437,0.060059,0.054927,0.044642,0.040344,0.033919,0.030388,0.027542,0.023155,0.019049,0.013803,
0.096212,0.096226,0.093179,0.090562,0.088289,0.085169,0.082207,0.078752,0.071190,0.066937,0.062173,0.058053,0.052893,0.047360,0.042936,0.038012,0.035575,0.035467,0.031294,0.026163,0.019870,
0.086496,0.087170,0.085025,0.082513,0.083093,0.077424,0.075511,0.072436,0.068505,0.064351,0.059881,0.055524,0.052598,0.050790,0.047407,0.046082,0.042927,0.041533,0.042048,0.033411,0.026114,
0.088981,0.076165,0.073236,0.081767,0.074559,0.070459,0.068072,0.067758,0.064685,0.060748,0.057869,0.055738,0.055015,0.052483,0.053403,0.054715,0.054793,0.052704,0.051490,0.042885,0.025700,
0.092416,0.068234,0.066347,0.066972,0.066021,0.063298,0.061666,0.063379,0.058372,0.058621,0.060081,0.057842,0.056766,0.060690,0.063874,0.071947,0.067553,0.069995,0.074343,0.054058,0.032072,
0.061490,0.053891,0.055109,0.055053,0.052529,0.052133,0.060354,0.056657,0.051558,0.057659,0.059837,0.063257,0.064505,0.070873,0.078516,0.080805,0.098275,0.096969,0.088367,0.064760,0.031525,
0.041997,0.038772,0.043634,0.043565,0.044315,0.047522,0.048074,0.051216,0.052866,0.058909,0.058250,0.069259,0.076201,0.087749,0.104276,0.111183,0.133357,0.117961,0.116214,0.059766,0.024216,
nan,0.025169,0.030194,0.032411,0.032450,0.031583,0.042603,0.051028,0.053787,0.062881,0.069886,0.086994,0.099004,0.101727,0.130900,0.154387,0.151537,0.152139,0.113478,0.047040,0.011474,
nan,0.034467,nan,0.022289,0.034549,0.022690,0.040097,0.039155,0.055271,0.089938,0.047308,0.076621,0.106942,0.121052,0.134701,0.145217,0.199259,0.144335,0.131808,0.017855,0.007585,
nan,0.145704,0.135450,0.106306,0.106416,0.140908,0.131000,0.155379,0.128600,0.093222,0.095695,0.121520,0.085529,0.064758,0.028643,0.040285,0.023202,0.015798,0.008312,0.004595,0.004183,
0.126214,0.135468,0.143293,0.146962,0.140665,0.139445,0.120610,0.113029,0.105497,0.100479,0.090270,0.075113,0.071015,0.052401,0.044684,0.038558,0.019178,0.013143,0.006844,0.004776,0.003023,
0.144435,0.148596,0.138727,0.130382,0.136690,0.132249,0.125750,0.110812,0.103808,0.093990,0.089596,0.077254,0.068324,0.051678,0.041618,0.030755,0.021192,0.012603,0.007624,0.004150,0.003199,
0.136628,0.147776,0.135632,0.140495,0.136454,0.128639,0.125080,0.113870,0.109805,0.098087,0.087302,0.078452,0.065206,0.053121,0.045977,0.032043,0.020294,0.013642,0.008098,0.004578,0.002772,
0.112634,0.146709,0.132062,0.132446,0.131305,0.123285,0.119954,0.109730,0.102484,0.092907,0.082658,0.073432,0.061698,0.050915,0.042727,0.034577,0.021697,0.012226,0.007730,0.005909,0.004833,
0.128004,0.136162,0.123777,0.127922,0.126310,0.120331,0.115475,0.105201,0.099121,0.091616,0.080635,0.072763,0.062273,0.051151,0.043343,0.033708,0.023151,0.015140,0.009464,0.007070,0.005213,
0.126352,0.130523,0.118663,0.119933,0.119612,0.116199,0.110603,0.100704,0.098526,0.092219,0.080616,0.071233,0.059685,0.051508,0.039590,0.031354,0.023643,0.014913,0.010746,0.008338,0.005651,
0.119859,0.121200,0.114919,0.114825,0.112189,0.110850,0.104208,0.100215,0.091577,0.085474,0.073186,0.066744,0.059561,0.049409,0.041724,0.030586,0.023399,0.017376,0.011611,0.009382,0.007367,
0.107314,0.111672,0.109717,0.111417,0.106557,0.101479,0.101540,0.095839,0.084503,0.079081,0.070958,0.063685,0.057221,0.044856,0.039278,0.029854,0.024386,0.017510,0.014263,0.011863,0.007650,
0.099889,0.109061,0.104579,0.104002,0.098814,0.095843,0.095911,0.088502,0.081643,0.074220,0.067707,0.062685,0.055533,0.045590,0.039051,0.030620,0.025706,0.022389,0.017269,0.012992,0.010077,
0.104858,0.097824,0.097016,0.098286,0.092419,0.091902,0.087858,0.082535,0.078179,0.070184,0.065275,0.058061,0.053128,0.045326,0.040645,0.035589,0.028724,0.026092,0.021385,0.018674,0.014849,
0.099039,0.090159,0.094129,0.090904,0.086450,0.083408,0.082306,0.076653,0.073486,0.067711,0.063317,0.054742,0.052815,0.045895,0.041282,0.040440,0.033377,0.028509,0.027374,0.022542,0.018770,
0.077229,0.084090,0.086753,0.081349,0.079454,0.080007,0.076655,0.072447,0.067180,0.063197,0.061587,0.055251,0.052883,0.047375,0.044043,0.042449,0.040369,0.035857,0.034101,0.027294,0.018755,
0.072968,0.075854,0.073924,0.073660,0.070886,0.072864,0.067714,0.066417,0.061027,0.062158,0.057755,0.055190,0.052718,0.049777,0.047902,0.048723,0.047124,0.044529,0.041842,0.034566,0.021136,
0.074288,0.063816,0.066444,0.064062,0.062893,0.065421,0.061717,0.060926,0.056786,0.058075,0.055340,0.054306,0.054462,0.056996,0.059143,0.060050,0.061694,0.059987,0.057786,0.040832,0.027204,
0.069562,0.054686,0.054145,0.058700,0.052535,0.054465,0.055057,0.054263,0.053930,0.055037,0.053018,0.054884,0.060415,0.065093,0.068641,0.074887,0.074131,0.077095,0.068098,0.047640,0.025030,
0.047564,0.044568,0.039243,0.050941,0.040814,0.050928,0.047965,0.049669,0.051563,0.053215,0.055592,0.059742,0.067713,0.082346,0.087358,0.091249,0.098094,0.089045,0.088485,0.047965,0.018994,
0.027170,0.022983,0.029066,0.029878,0.039332,0.038955,0.047864,0.043955,0.048427,0.049163,0.059678,0.069296,0.082758,0.094225,0.102085,0.123505,0.101130,0.111043,0.092112,0.035059,0.010012,
nan,0.060997,nan,0.039044,0.031004,0.033144,0.040876,0.028257,0.040036,0.060683,0.072570,0.087909,0.076063,0.110686,0.128474,0.137044,0.141719,0.104516,0.065705,0.019444,0.007362,
nan,0.146080,0.148888,0.151621,0.127562,0.134633,0.127398,0.103572,0.113036,0.092513,0.112558,0.074947,0.063301,0.069480,0.057093,0.037765,0.020085,0.013807,0.004372,0.001894,0.004022,
0.171377,0.145260,0.145615,0.144260,0.138868,0.131099,0.118558,0.123671,0.104582,0.097320,0.092980,0.068879,0.065527,0.055614,0.041724,0.032410,0.017461,0.012785,0.006767,0.003613,0.002940,
0.168824,0.151525,0.139672,0.136781,0.129834,0.129937,0.124836,0.115339,0.108611,0.096560,0.082774,0.073306,0.073076,0.054653,0.038449,0.030903,0.021323,0.012494,0.006714,0.004489,0.003671,
0.176753,0.146217,0.135544,0.134083,0.133158,0.122921,0.118507,0.111687,0.104057,0.092630,0.083571,0.077748,0.062791,0.054136,0.042469,0.031406,0.022650,0.013137,0.006868,0.005027,0.003796,
0.146895,0.140716,0.129500,0.133762,0.127772,0.124663,0.123809,0.109367,0.103750,0.096095,0.083196,0.075582,0.062397,0.053435,0.041695,0.035450,0.021742,0.014231,0.008216,0.005615,0.004823,
0.136021,0.129325,0.131236,0.128354,0.125187,0.120680,0.114086,0.106798,0.100531,0.095919,0.082961,0.073825,0.063760,0.052623,0.040867,0.032338,0.022815,0.014897,0.008726,0.007221,0.005119,
0.156580,0.131366,0.123743,0.124734,0.116179,0.112195,0.111068,0.106270,0.094312,0.088142,0.076699,0.068145,0.062051,0.048172,0.040768,0.029443,0.022987,0.015477,0.009180,0.007673,0.005292,
0.164868,0.118787,0.116481,0.118096,0.111088,0.106816,0.106171,0.101845,0.089603,0.083001,0.074472,0.067198,0.059268,0.046343,0.038440,0.029462,0.022837,0.015446,0.011010,0.009143,0.005953,
0.115691,0.115126,0.113580,0.109857,0.106565,0.103249,0.099550,0.093264,0.088650,0.078294,0.070856,0.062737,0.057689,0.045645,0.038008,0.029199,0.023773,0.019360,0.014138,0.010340,0.007991,
0.116541,0.106380,0.108171,0.104929,0.100648,0.099115,0.097002,0.087310,0.082670,0.074137,0.068453,0.058999,0.053929,0.045178,0.039067,0.031908,0.024678,0.021072,0.016021,0.012738,0.008857,
0.129870,0.106965,0.096799,0.096439,0.090391,0.091605,0.088977,0.080433,0.076684,0.069429,0.066491,0.057754,0.052853,0.046377,0.039323,0.034203,0.027228,0.021323,0.019685,0.015064,0.012543,
0.105105,0.097275,0.089203,0.088235,0.086250,0.085263,0.080339,0.076133,0.070752,0.067536,0.062996,0.056519,0.051941,0.043650,0.039739,0.035194,0.031839,0.026594,0.023718,0.020525,0.015040,
0.106374,0.086817,0.083261,0.082555,0.080584,0.078486,0.074665,0.071292,0.067483,0.062536,0.058846,0.054506,0.051847,0.043758,0.040767,0.039847,0.036125,0.029747,0.027989,0.021610,0.015899,
0.079806,0.075548,0.074428,0.073224,0.071952,0.069601,0.068116,0.065179,0.062606,0.058262,0.056986,0.051028,0.050355,0.049550,0.045466,0.045160,0.041658,0.039668,0.035089,0.029670,0.016950,
0.070471,0.064852,0.064937,0.064871,0.063452,0.061905,0.060500,0.058028,0.056614,0.054429,0.054705,0.052048,0.052659,0.051651,0.051364,0.051090,0.050871,0.048262,0.044828,0.034170,0.019581,
0.053132,0.048795,0.054468,0.053930,0.051972,0.052953,0.054975,0.052058,0.051496,0.050843,0.050319,0.051075,0.056746,0.058994,0.061275,0.065247,0.061881,0.060312,0.055380,0.037931,0.021752,
0.037644,0.039876,0.038178,0.042225,0.043708,0.043208,0.042051,0.046848,0.046767,0.049763,0.050834,0.057799,0.059912,0.063018,0.074147,0.075606,0.080970,0.065772,0.059998,0.035643,0.019254,
nan,0.033497,0.028029,0.031273,0.033238,0.037211,0.034026,0.049280,0.043946,0.047302,0.052310,0.067775,0.061109,0.081954,0.086141,0.098827,0.083199,0.088582,0.065165,0.036592,0.005931,
nan,0.026117,nan,0.019312,0.032676,0.028887,0.039721,0.052664,0.033434,0.051081,0.055667,0.079020,0.073231,0.100066,0.106262,0.072319,0.116585,0.076408,0.037112,0.026155,0.003081,
nan,0.148335,0.138534,0.154043,0.128153,0.118407,0.116136,0.106537,0.107489,0.083827,0.101403,0.092662,0.089042,0.065131,0.053302,0.022240,0.027415,0.020482,0.004816,0.005799,0.002175,
0.152684,0.135045,0.152013,0.134527,0.130174,0.129841,0.119008,0.117820,0.112276,0.100476,0.089598,0.080116,0.071660,0.050687,0.044414,0.029056,0.021970,0.014242,0.006079,0.003866,0.003386,
0.154483,0.145586,0.137980,0.147389,0.135882,0.129668,0.121972,0.114578,0.109928,0.092743,0.086343,0.079888,0.063676,0.055310,0.042296,0.033466,0.023563,0.011668,0.009107,0.004036,0.003749,
0.127924,0.149738,0.134265,0.137162,0.131014,0.127160,0.125704,0.110141,0.104448,0.099280,0.084905,0.073088,0.065704,0.051663,0.046896,0.032557,0.018651,0.012385,0.007297,0.005513,0.004441,
0.154659,0.131368,0.132986,0.132067,0.130395,0.124595,0.115586,0.112566,0.106117,0.099922,0.085567,0.075527,0.063288,0.054856,0.043923,0.034046,0.021657,0.014589,0.007468,0.005683,0.004163,
0.149917,0.135833,0.124553,0.123505,0.119925,0.120463,0.118234,0.108534,0.096910,0.091743,0.081603,0.071299,0.063432,0.050938,0.042178,0.029166,0.022900,0.012993,0.008673,0.006236,0.004885,
0.105926,0.127328,0.121845,0.117975,0.118849,0.114592,0.109334,0.109142,0.096222,0.088656,0.079572,0.068013,0.062511,0.048025,0.039931,0.029257,0.020806,0.014726,0.009075,0.007696,0.005658,
0.115372,0.114402,0.121678,0.111631,0.113134,0.111373,0.109055,0.097600,0.090605,0.080745,0.074511,0.065336,0.059338,0.046565,0.039586,0.029671,0.023577,0.016981,0.011538,0.008525,0.005031,
0.119715,0.110613,0.113022,0.110093,0.105268,0.104678,0.098853,0.090879,0.086711,0.077756,0.072078,0.063263,0.054491,0.046866,0.039430,0.031039,0.022537,0.017486,0.011486,0.009574,0.007102,
0.104993,0.105649,0.102994,0.102249,0.098317,0.098721,0.090621,0.085280,0.080602,0.073135,0.069887,0.060854,0.056544,0.045419,0.037884,0.032099,0.023498,0.017841,0.015680,0.011951,0.009133,
0.087539,0.097553,0.098947,0.097981,0.094745,0.091304,0.086275,0.081241,0.076657,0.072054,0.064638,0.059245,0.051756,0.043819,0.037585,0.031813,0.026579,0.020983,0.016351,0.014735,0.010873,
0.084416,0.089749,0.088429,0.091363,0.088216,0.087012,0.080166,0.076873,0.072404,0.066820,0.061830,0.057442,0.050063,0.043980,0.038042,0.034876,0.028648,0.022923,0.019801,0.015150,0.011475,
0.081134,0.081328,0.080402,0.082115,0.079530,0.079358,0.074152,0.070069,0.066254,0.062944,0.058248,0.053121,0.048412,0.045474,0.039379,0.034593,0.032241,0.027497,0.021254,0.019634,0.014588,
0.052743,0.073180,0.074542,0.073181,0.073916,0.071226,0.065917,0.064504,0.061451,0.058953,0.053814,0.051545,0.048437,0.045207,0.043702,0.038871,0.038650,0.034509,0.031665,0.025456,0.014391,
0.064559,0.063148,0.068498,0.065062,0.065497,0.061601,0.058357,0.058901,0.056416,0.053974,0.052027,0.049556,0.047481,0.046573,0.047847,0.046905,0.042256,0.041706,0.034579,0.026427,0.017253,
0.058475,0.054590,0.050617,0.053253,0.059878,0.050107,0.051477,0.053235,0.051894,0.049992,0.047425,0.050829,0.050566,0.051726,0.053665,0.053112,0.054160,0.048267,0.043827,0.030682,0.019200,
0.042119,0.053673,0.042989,0.040810,0.046960,0.041876,0.046000,0.047799,0.045977,0.048843,0.048664,0.050680,0.054569,0.056161,0.063323,0.067841,0.062728,0.061955,0.047322,0.029408,0.014588,
0.031635,0.024551,0.027439,0.030374,0.037163,0.031186,0.034190,0.039426,0.038536,0.048409,0.053856,0.056133,0.071934,0.067514,0.077873,0.079429,0.076682,0.058825,0.045868,0.031294,0.005726,
nan,nan,0.023028,0.026102,0.025637,0.043894,0.034016,0.040573,0.028381,0.041588,0.078844,0.066121,0.063124,0.082642,0.078303,0.072894,0.082391,0.049414,0.043304,0.015546,0.004305,
nan,0.146165,0.120011,0.156264,0.164601,0.152846,0.131959,0.107784,0.109845,0.107378,0.080158,0.073235,0.077672,0.070005,0.053167,0.034471,0.020495,0.013663,0.004897,0.003310,0.002236,
0.163923,0.152050,0.140715,0.133664,0.140755,0.134438,0.123339,0.111007,0.114642,0.105040,0.087350,0.078421,0.064362,0.061996,0.041307,0.037174,0.020864,0.013772,0.006792,0.003822,0.001885,
0.119703,0.151179,0.132188,0.135130,0.136316,0.126163,0.120524,0.117989,0.107709,0.098754,0.086384,0.080133,0.063839,0.050886,0.046112,0.026133,0.019464,0.013003,0.007418,0.004044,0.002110,
0.126312,0.127471,0.137484,0.139154,0.136490,0.126994,0.122800,0.116019,0.104252,0.097735,0.087382,0.078997,0.066199,0.057639,0.045572,0.037062,0.023901,0.014011,0.007819,0.005324,0.004096,
0.138390,0.138751,0.133941,0.129248,0.124874,0.125904,0.116509,0.114555,0.100399,0.100208,0.085365,0.075562,0.063677,0.052183,0.041471,0.031659,0.021775,0.011643,0.006925,0.006157,0.004603,
0.126224,0.124042,0.132819,0.123476,0.124339,0.121610,0.115791,0.112030,0.102414,0.091306,0.078696,0.069418,0.063168,0.048877,0.040765,0.030834,0.022253,0.013403,0.008883,0.005617,0.004184,
0.139617,0.118542,0.125592,0.121295,0.117952,0.117553,0.113373,0.101602,0.094297,0.084369,0.076246,0.069316,0.058936,0.047914,0.041352,0.031209,0.023943,0.015867,0.009288,0.006996,0.004886,
0.113990,0.124271,0.114117,0.118902,0.114498,0.110292,0.101552,0.094309,0.093224,0.083488,0.074857,0.065997,0.059831,0.046932,0.041030,0.029735,0.021679,0.015046,0.009934,0.007718,0.005712,
0.113004,0.112528,0.109156,0.109869,0.107217,0.101876,0.098234,0.090654,0.087171,0.077931,0.074429,0.062964,0.056531,0.047097,0.038017,0.030967,0.021762,0.015418,0.011992,0.010487,0.006989,
0.100264,0.103488,0.107222,0.101830,0.099221,0.096131,0.092168,0.088671,0.082495,0.077193,0.069238,0.061167,0.053431,0.043221,0.036514,0.030652,0.023322,0.018082,0.012848,0.009749,0.008382,
0.097680,0.097861,0.098414,0.097826,0.093383,0.089566,0.086238,0.082766,0.076355,0.069952,0.064821,0.055450,0.051086,0.044618,0.036503,0.032124,0.025586,0.017765,0.014083,0.012227,0.008502,
0.101832,0.095708,0.092469,0.090051,0.087448,0.083165,0.079228,0.076263,0.071595,0.066051,0.061131,0.054629,0.049170,0.043073,0.037112,0.031152,0.025512,0.020717,0.016998,0.012425,0.010904,
0.076907,0.080043,0.084419,0.084935,0.080392,0.075733,0.075145,0.071096,0.067144,0.061635,0.056080,0.052945,0.047858,0.041697,0.038716,0.033734,0.030703,0.025980,0.021294,0.016903,0.010935,
0.077976,0.076059,0.074298,0.075202,0.072276,0.068794,0.066159,0.066604,0.060838,0.056875,0.055222,0.050332,0.046469,0.042968,0.040303,0.037933,0.032863,0.027922,0.024461,0.018760,0.013468,
0.072147,0.061543,0.063767,0.065557,0.064372,0.060872,0.058590,0.059823,0.054508,0.052512,0.050544,0.048994,0.045027,0.044219,0.041875,0.040616,0.037900,0.035993,0.029697,0.021976,0.014082,
0.054969,0.050803,0.053714,0.057576,0.053839,0.052735,0.052657,0.053225,0.046263,0.051489,0.048499,0.046024,0.046586,0.045190,0.047776,0.045403,0.047505,0.037001,0.031200,0.023334,0.017034,
0.043873,0.033801,0.045616,0.043408,0.041256,0.045366,0.042691,0.041384,0.042918,0.047893,0.047793,0.052249,0.052451,0.047771,0.046535,0.054744,0.050720,0.048034,0.041168,0.023714,0.013936,
0.029226,0.029848,0.031985,0.030847,0.034263,0.033568,0.039222,0.033128,0.046534,0.040222,0.047244,0.046282,0.055641,0.055131,0.055657,0.056618,0.056702,0.047875,0.035122,0.020882,0.009993,
nan,nan,0.025531,0.015777,nan,0.035645,0.033172,0.018047,0.057279,0.050483,0.045060,0.058257,0.049544,0.053465,0.056710,0.071635,0.047387,0.034262,0.035997,0.022032,0.005687,
nan,0.136001,0.142411,0.113183,0.162353,0.127514,0.110120,0.151507,0.082857,0.100789,0.075375,0.108348,0.048997,0.058077,0.043452,0.048146,0.025233,0.012744,0.010849,0.003504,0.000331,
0.151462,0.153181,0.136996,0.139014,0.136024,0.133989,0.121462,0.106733,0.101348,0.093223,0.078378,0.075599,0.063480,0.051420,0.038974,0.027472,0.019593,0.011878,0.007434,0.003212,0.002337,
0.140558,0.134584,0.134488,0.147156,0.132060,0.128151,0.127484,0.112278,0.104520,0.091161,0.088948,0.079683,0.066465,0.052915,0.042006,0.036442,0.022408,0.014978,0.007009,0.004850,0.002706,
0.114153,0.145112,0.135817,0.129814,0.133175,0.130221,0.117441,0.116604,0.108392,0.100866,0.085424,0.076235,0.067547,0.050837,0.044424,0.034572,0.020542,0.013007,0.006737,0.004760,0.004011,
0.103177,0.147946,0.131626,0.126982,0.127549,0.125273,0.123681,0.114288,0.101066,0.092479,0.080658,0.072552,0.063727,0.051263,0.041122,0.029094,0.022484,0.013590,0.008408,0.005570,0.004219,
0.102038,0.138996,0.127561,0.129997,0.125196,0.123221,0.117000,0.106256,0.098564,0.091272,0.080757,0.073819,0.065142,0.048858,0.042370,0.031597,0.023127,0.015371,0.008348,0.006598,0.003739,
0.105988,0.128552,0.120961,0.120419,0.120030,0.113456,0.106851,0.100207,0.099640,0.087702,0.078313,0.069494,0.061324,0.049001,0.042224,0.030702,0.020805,0.012147,0.008103,0.005964,0.006076,
0.124979,0.115966,0.119078,0.114301,0.110844,0.104443,0.105326,0.095311,0.090991,0.082207,0.078786,0.065936,0.057803,0.047432,0.038742,0.029696,0.021158,0.014839,0.010293,0.007563,0.004944,
0.143108,0.114156,0.114000,0.113338,0.108574,0.103992,0.097096,0.091840,0.087591,0.081964,0.071293,0.062911,0.056385,0.044034,0.037552,0.029754,0.022807,0.016040,0.010275,0.007733,0.006591,
0.113336,0.106937,0.106718,0.107802,0.104415,0.097668,0.093190,0.087369,0.079462,0.073480,0.067680,0.059138,0.053703,0.046182,0.036770,0.030649,0.023075,0.015252,0.011463,0.009289,0.007261,
0.111950,0.098032,0.100134,0.097237,0.095408,0.091240,0.086107,0.082626,0.076036,0.069272,0.064480,0.059812,0.049856,0.043178,0.034731,0.028259,0.023796,0.016919,0.013175,0.009440,0.007941,
0.102099,0.091572,0.091518,0.090117,0.087170,0.085063,0.080939,0.078025,0.070626,0.065030,0.060065,0.054687,0.048087,0.040987,0.037598,0.032139,0.025918,0.018760,0.014538,0.011669,0.008045,
0.099698,0.086177,0.083276,0.082259,0.078375,0.078535,0.074099,0.071960,0.064641,0.061987,0.056390,0.052975,0.045696,0.042413,0.035908,0.031952,0.026742,0.022674,0.018742,0.013728,0.010222,
0.073364,0.076349,0.073974,0.073069,0.071140,0.070561,0.067579,0.064638,0.060704,0.056539,0.053169,0.050003,0.044736,0.041346,0.037321,0.033046,0.029159,0.025743,0.020639,0.017902,0.010771,
0.062310,0.064465,0.063837,0.064445,0.061345,0.062564,0.060395,0.056310,0.055764,0.052471,0.050196,0.045979,0.044373,0.040222,0.037734,0.036652,0.032683,0.028774,0.023710,0.017657,0.011024,
0.051808,0.052435,0.054204,0.053622,0.053925,0.051547,0.051110,0.048651,0.048648,0.048633,0.046828,0.046388,0.045161,0.042288,0.040982,0.038860,0.036695,0.033618,0.028503,0.018711,0.013941,
0.042291,0.038458,0.044173,0.048592,0.040939,0.041072,0.043726,0.042110,0.042723,0.045490,0.042175,0.045765,0.045933,0.043491,0.045285,0.045119,0.039395,0.038477,0.032058,0.021229,0.013015,
0.025919,0.021653,0.041269,0.035052,0.036328,0.031414,0.037124,0.035540,0.038648,0.043212,0.041577,0.040858,0.044406,0.052170,0.049810,0.047515,0.044336,0.040859,0.027183,0.016652,0.008633,
nan,0.016696,0.014750,nan,0.026146,0.030441,0.059613,0.034554,0.045229,0.037548,0.047822,0.053469,0.064118,0.046410,0.047870,0.051003,0.056023,0.041660,0.025517,0.023670,0.003546,
nan,0.168254,0.139021,0.138008,0.116869,0.121329,0.137923,0.140610,0.109742,0.076520,0.095453,0.070523,0.063491,0.067502,0.051670,0.028309,0.023012,0.021462,0.008146,0.005787,0.005120,
0.106799,0.133305,0.152212,0.143365,0.136248,0.121925,0.125352,0.124858,0.102129,0.098928,0.096572,0.076015,0.068735,0.054530,0.037289,0.031646,0.020790,0.014878,0.005171,0.004610,0.001583,
0.107575,0.149230,0.148001,0.137287,0.133637,0.126926,0.132778,0.111515,0.108976,0.105837,0.087723,0.076569,0.068889,0.058245,0.046268,0.037568,0.021766,0.014637,0.007410,0.006022,0.003241,
0.147296,0.143049,0.140036,0.132011,0.126548,0.129187,0.123805,0.117300,0.105526,0.102890,0.085948,0.076693,0.064036,0.052901,0.040337,0.030220,0.018992,0.011719,0.005886,0.004327,0.002936,
0.146591,0.139552,0.131477,0.132458,0.128320,0.122959,0.121745,0.112026,0.102393,0.093702,0.081626,0.072491,0.065090,0.053173,0.043096,0.031396,0.024034,0.014374,0.007780,0.005282,0.003315,
0.142947,0.135353,0.131271,0.126556,0.124197,0.115450,0.110869,0.107110,0.103446,0.089856,0.082767,0.072627,0.062877,0.049850,0.041748,0.030629,0.020603,0.012776,0.007408,0.005117,0.004338,
0.135041,0.132666,0.129158,0.123883,0.115348,0.110655,0.111814,0.099118,0.095180,0.087256,0.081112,0.068641,0.060833,0.048119,0.037882,0.028469,0.021189,0.014054,0.009619,0.006842,0.003818,
0.109572,0.119073,0.125931,0.120701,0.116407,0.110897,0.103136,0.099811,0.092717,0.084446,0.074716,0.066269,0.057922,0.049880,0.040434,0.031414,0.021678,0.014906,0.007916,0.007344,0.003908,
0.095955,0.110711,0.117706,0.107020,0.107764,0.104370,0.099542,0.093127,0.083667,0.077035,0.072717,0.063700,0.056641,0.046098,0.036909,0.028201,0.021090,0.014748,0.010506,0.007479,0.005968,
0.106940,0.104075,0.108847,0.101635,0.098008,0.096986,0.091638,0.088258,0.081233,0.074212,0.069327,0.061767,0.052568,0.043089,0.035552,0.029075,0.023655,0.014768,0.009726,0.009133,0.006263,
0.115163,0.096824,0.103386,0.096833,0.092573,0.091260,0.086596,0.082684,0.076646,0.070409,0.062695,0.056918,0.047654,0.043355,0.035818,0.028303,0.021274,0.015149,0.011596,0.008301,0.006980,
0.111743,0.090933,0.095524,0.089174,0.085797,0.085096,0.079824,0.075313,0.072710,0.066354,0.059788,0.053888,0.048135,0.041280,0.034516,0.029809,0.024488,0.019227,0.013093,0.010379,0.008812,
0.083880,0.084104,0.086977,0.079536,0.079959,0.077678,0.072237,0.069627,0.067196,0.061258,0.055421,0.051718,0.046591,0.040157,0.034438,0.028702,0.025249,0.019223,0.016016,0.012420,0.008252,
0.089921,0.073129,0.076255,0.073736,0.072384,0.069960,0.065453,0.062465,0.060357,0.055895,0.056640,0.049249,0.043802,0.039139,0.034910,0.030889,0.025624,0.022609,0.017679,0.014521,0.008497,
0.063911,0.065585,0.066309,0.061901,0.062616,0.061722,0.058666,0.056956,0.053540,0.052411,0.049817,0.044998,0.043952,0.039079,0.036278,0.030717,0.028857,0.023708,0.020418,0.014603,0.009761,
0.048429,0.049209,0.055236,0.047927,0.053986,0.051703,0.047975,0.049367,0.046276,0.046221,0.042599,0.041008,0.040909,0.038315,0.035991,0.033940,0.032610,0.029084,0.024536,0.014504,0.011144,
nan,0.037401,0.043330,0.038713,0.040706,0.042287,0.041314,0.039763,0.044179,0.040947,0.040445,0.039825,0.043547,0.041860,0.034132,0.040817,0.031171,0.031489,0.026391,0.018725,0.010585,
nan,0.035607,0.027549,0.029955,0.033326,0.035669,0.036089,0.033196,0.030119,0.034682,0.038951,0.037105,0.036460,0.039355,0.035469,0.038380,0.043067,0.039977,0.020329,0.015885,0.008826,
nan,0.018407,0.036383,0.025416,0.026803,nan,0.027220,0.024477,0.047673,0.025634,0.031851,0.036714,0.053040,0.040620,0.046680,0.039650,0.044798,0.033127,0.028513,0.013917,0.000125,
nan,0.152005,0.137044,0.141726,0.165803,0.150100,0.106055,0.148820,0.105158,0.120419,0.146069,0.082680,0.072636,0.071718,0.047814,0.032697,0.034021,0.005006,0.008952,0.002286,0.000279,
0.122488,0.149243,0.131063,0.141739,0.126145,0.141447,0.122661,0.110776,0.111292,0.095399,0.083742,0.071704,0.067928,0.058814,0.040802,0.030880,0.022678,0.010387,0.004807,0.004072,0.004654,
0.153496,0.137121,0.136700,0.137171,0.143632,0.128693,0.125231,0.119482,0.110870,0.099965,0.089443,0.078086,0.067856,0.052893,0.042371,0.035045,0.024313,0.010262,0.006488,0.003511,0.003993,
0.149130,0.142269,0.134927,0.139742,0.137711,0.131438,0.126326,0.115560,0.101380,0.094846,0.084748,0.076156,0.064776,0.054097,0.044408,0.034122,0.021959,0.012464,0.007663,0.005435,0.003436,
0.157397,0.128263,0.135119,0.129627,0.129812,0.122065,0.120285,0.110755,0.104165,0.095788,0.081251,0.075527,0.067393,0.051280,0.045415,0.031798,0.023515,0.013398,0.006264,0.005599,0.004061,
0.128695,0.126709,0.132837,0.128157,0.122622,0.113978,0.118137,0.105952,0.097681,0.089949,0.083364,0.070939,0.062495,0.050121,0.038000,0.028726,0.020862,0.014475,0.007955,0.005313,0.004081,
0.146499,0.124719,0.131218,0.121479,0.122341,0.117618,0.111754,0.104348,0.096226,0.086371,0.077747,0.070351,0.059334,0.050674,0.040723,0.032033,0.022371,0.012901,0.007442,0.005402,0.003640,
0.130561,0.123060,0.119027,0.112915,0.109580,0.110360,0.105603,0.096055,0.089077,0.082544,0.075588,0.068532,0.058239,0.046990,0.037359,0.027885,0.019833,0.014012,0.009771,0.007726,0.005302,
0.121651,0.111536,0.113814,0.109503,0.104509,0.102778,0.096904,0.095336,0.083650,0.079413,0.074274,0.063524,0.053743,0.046244,0.037204,0.030562,0.022822,0.012871,0.008436,0.006635,0.005133,
0.132663,0.105801,0.106181,0.102422,0.101063,0.097624,0.092565,0.087096,0.083239,0.074167,0.065781,0.060386,0.051044,0.044435,0.035713,0.027705,0.019974,0.015430,0.009968,0.007439,0.005926,
0.096495,0.097165,0.098293,0.095107,0.094581,0.090099,0.085225,0.082375,0.075841,0.070427,0.062117,0.058152,0.050610,0.041198,0.034485,0.028614,0.022023,0.014260,0.010767,0.007680,0.006478,
0.090143,0.089334,0.090536,0.087683,0.088592,0.083091,0.079255,0.077226,0.071101,0.066501,0.060754,0.054760,0.046506,0.041294,0.034131,0.027941,0.022231,0.016720,0.011409,0.009140,0.007311,
0.107645,0.082498,0.082296,0.081014,0.079723,0.077009,0.074012,0.071202,0.064134,0.062062,0.058573,0.051168,0.045175,0.039832,0.033099,0.028078,0.022321,0.017009,0.014072,0.010992,0.007398,
0.080602,0.073532,0.074472,0.071356,0.071758,0.069678,0.067796,0.065028,0.059954,0.057866,0.050159,0.048351,0.043285,0.037212,0.033486,0.027808,0.022523,0.019215,0.015156,0.012359,0.006964,
0.075053,0.064329,0.062749,0.061727,0.061960,0.060607,0.061151,0.057994,0.055115,0.051012,0.045666,0.044713,0.039018,0.037627,0.033618,0.027984,0.026029,0.021253,0.016808,0.011638,0.008448,
0.049680,0.060275,0.053863,0.052737,0.054170,0.050448,0.053066,0.051757,0.047818,0.045739,0.045982,0.039213,0.038726,0.037280,0.032738,0.031395,0.026038,0.024987,0.018324,0.014452,0.009092,
0.039710,0.039548,0.039913,0.039891,0.042244,0.040743,0.041087,0.046957,0.038635,0.041027,0.038967,0.040450,0.038007,0.033511,0.032744,0.031224,0.027504,0.027402,0.022876,0.016554,0.007689,
0.031757,0.020082,0.024971,0.028766,0.029754,0.031376,0.030857,0.033411,0.031999,0.037589,0.037477,0.033112,0.030775,0.033328,0.029040,0.026296,0.034478,0.025636,0.024608,0.014629,0.008100,
nan,0.016877,nan,0.024189,0.028685,0.018895,nan,0.029366,nan,0.040386,0.030713,0.044058,0.039549,0.031694,0.038523,0.041577,0.025751,0.046824,0.021819,0.011418,0.007773,
nan,0.146661,0.162991,0.138754,0.126291,0.100892,0.090846,0.110294,0.116076,0.087189,0.104564,0.069398,0.071107,0.039161,0.064811,0.029253,0.019878,0.008880,0.008953,0.006319,0.007226,
0.132567,0.158184,0.144245,0.137344,0.144191,0.132905,0.121595,0.123914,0.105431,0.092754,0.091596,0.085938,0.067797,0.052514,0.045745,0.031905,0.025995,0.015969,0.010014,0.003958,0.004215,
0.142018,0.152631,0.142404,0.132194,0.139320,0.136234,0.121840,0.111719,0.111676,0.102966,0.085996,0.079899,0.070914,0.053550,0.046597,0.033244,0.021320,0.011046,0.006088,0.003784,0.005805,
0.136189,0.135286,0.133100,0.130930,0.129169,0.123067,0.120935,0.117507,0.109281,0.097329,0.084319,0.076873,0.065096,0.055478,0.045270,0.031137,0.023483,0.015206,0.008121,0.005919,0.004013,
0.128206,0.131943,0.138184,0.133417,0.127781,0.119137,0.116734,0.109028,0.105660,0.094723,0.085596,0.074271,0.064197,0.048860,0.041198,0.029258,0.019374,0.012156,0.007261,0.004568,0.004207,
0.139914,0.123026,0.137310,0.122706,0.128061,0.121900,0.117061,0.104254,0.099905,0.087173,0.080640,0.068933,0.059894,0.050922,0.044724,0.031790,0.022743,0.013460,0.007696,0.005344,0.003641,
0.107237,0.124274,0.128219,0.119447,0.114993,0.116551,0.109101,0.100655,0.092961,0.088476,0.081063,0.069723,0.062984,0.050295,0.040373,0.028204,0.019572,0.012606,0.008309,0.005939,0.003669,
0.088934,0.111717,0.122656,0.114320,0.114913,0.108014,0.103356,0.097903,0.090934,0.083876,0.077682,0.064765,0.055436,0.045886,0.038988,0.029500,0.021633,0.013391,0.006877,0.005766,0.004262,
0.098006,0.108116,0.119829,0.108786,0.108488,0.101979,0.099427,0.094424,0.087810,0.077392,0.069049,0.064288,0.055234,0.045908,0.036050,0.026932,0.021560,0.014232,0.008926,0.006407,0.004751,
0.095085,0.104934,0.110416,0.101926,0.103325,0.093285,0.092744,0.089100,0.080509,0.073914,0.067318,0.061171,0.050634,0.042223,0.035101,0.028723,0.020328,0.011949,0.009057,0.006493,0.005137,
0.092714,0.103079,0.100731,0.096116,0.096411,0.092439,0.087017,0.081509,0.075865,0.071700,0.064943,0.056920,0.049393,0.043101,0.033941,0.027751,0.020214,0.014318,0.009518,0.006851,0.005733,
0.083079,0.091121,0.093635,0.089681,0.087656,0.083756,0.082176,0.076325,0.070116,0.065940,0.059630,0.053167,0.048123,0.039471,0.034524,0.027088,0.021029,0.016066,0.011143,0.008678,0.006002,
0.077781,0.083582,0.083078,0.083302,0.079197,0.078892,0.075347,0.070587,0.067441,0.061316,0.053984,0.051243,0.044343,0.038948,0.032738,0.025808,0.020949,0.016488,0.011828,0.008730,0.006272,
0.068372,0.074432,0.075866,0.076895,0.072285,0.070683,0.066505,0.064849,0.060335,0.054144,0.053774,0.045418,0.041747,0.036353,0.031152,0.026677,0.021626,0.016611,0.013732,0.010393,0.006891,
0.059578,0.068777,0.066031,0.066091,0.064272,0.062135,0.055249,0.058550,0.053128,0.050573,0.048617,0.041818,0.040276,0.034439,0.031317,0.025798,0.023668,0.018079,0.015500,0.009932,0.007205,
0.055120,0.052093,0.051858,0.053839,0.051290,0.053042,0.047825,0.048458,0.048942,0.045094,0.040665,0.039612,0.035784,0.033327,0.028839,0.027667,0.023592,0.020237,0.015104,0.013234,0.007466,
0.039324,0.044796,0.037176,0.044792,0.042177,0.041085,0.043859,0.039863,0.038812,0.037643,0.034691,0.034160,0.033568,0.032358,0.028690,0.025330,0.022948,0.023908,0.019584,0.013478,0.008511,
0.028011,0.032256,0.041787,0.028426,0.029034,0.037694,0.031790,0.028020,0.037032,0.031621,0.029579,0.028666,0.033618,0.031040,0.030232,0.032212,0.028771,0.024184,0.018166,0.013159,0.007647,
nan,nan,nan,0.039316,0.015363,0.023237,0.013931,0.016836,0.030578,0.021533,0.016160,0.033171,0.034268,0.029950,0.024681,0.042472,0.030652,0.033501,0.016796,0.014693,0.003918,
nan,0.143800,0.131718,0.122209,0.124038,0.113304,0.121693,0.156941,0.103435,0.099054,0.103786,0.079054,0.070760,0.055758,0.037769,0.033153,0.018104,0.015233,0.007855,0.005752,0.001802,
0.153760,0.141057,0.139491,0.153357,0.128515,0.138671,0.116882,0.116620,0.110648,0.106367,0.090756,0.074407,0.072492,0.056382,0.047550,0.034215,0.021992,0.013106,0.009490,0.005175,0.003076,
0.132304,0.124486,0.140678,0.142467,0.133016,0.124431,0.121351,0.119724,0.105428,0.099608,0.087360,0.074495,0.064098,0.046975,0.039337,0.029507,0.019236,0.010655,0.005699,0.003488,0.004698,
0.132815,0.129612,0.140375,0.133124,0.134578,0.135558,0.124190,0.114641,0.102281,0.100558,0.088568,0.077325,0.070702,0.058054,0.044937,0.033112,0.022720,0.013194,0.006830,0.004073,0.002270,
0.098612,0.136719,0.141337,0.132114,0.134648,0.124832,0.121790,0.110791,0.101930,0.089028,0.081330,0.073802,0.064189,0.051255,0.039514,0.031076,0.020896,0.015325,0.007749,0.004993,0.003463,
0.130512,0.128831,0.128807,0.126785,0.125662,0.121341,0.114798,0.106708,0.098176,0.092495,0.088397,0.073239,0.064646,0.049857,0.039446,0.029710,0.019198,0.010222,0.006594,0.004239,0.003783,
0.145008,0.119919,0.127754,0.122285,0.121758,0.111776,0.112941,0.100277,0.094416,0.088425,0.080807,0.065398,0.057201,0.051008,0.039867,0.030186,0.022755,0.013741,0.006856,0.005284,0.007945,
0.120102,0.118042,0.119753,0.117964,0.113725,0.104812,0.107084,0.099579,0.091754,0.081086,0.076453,0.069476,0.058930,0.046352,0.036711,0.027842,0.019432,0.013633,0.008158,0.006431,0.004722,
0.082705,0.120034,0.110882,0.112980,0.107516,0.103116,0.097396,0.094257,0.085020,0.082057,0.069608,0.064625,0.052956,0.044021,0.037719,0.029257,0.020080,0.011662,0.007899,0.006192,0.004670,
0.095646,0.112607,0.105156,0.107430,0.098817,0.099163,0.092404,0.086429,0.081501,0.075823,0.068009,0.060209,0.052925,0.043805,0.034045,0.026772,0.020064,0.012394,0.007467,0.006117,0.004415,
0.096795,0.099608,0.097367,0.098369,0.094577,0.092665,0.087312,0.083059,0.076140,0.069677,0.063479,0.057456,0.049321,0.040362,0.034945,0.026436,0.019434,0.014746,0.008872,0.006273,0.005043,
0.094374,0.095678,0.088208,0.091187,0.087358,0.086257,0.079573,0.078545,0.071470,0.065995,0.059711,0.052869,0.048930,0.040486,0.032996,0.025229,0.020198,0.013998,0.010247,0.007245,0.005321,
0.085129,0.089639,0.081868,0.084374,0.080558,0.078677,0.072372,0.071295,0.064453,0.061279,0.055487,0.050135,0.043390,0.036215,0.031739,0.025524,0.019739,0.014769,0.011427,0.007527,0.006330,
0.081592,0.080964,0.071601,0.076552,0.072069,0.070709,0.066038,0.063068,0.059870,0.055283,0.050994,0.046986,0.041524,0.036619,0.028900,0.025441,0.020666,0.014452,0.012143,0.009095,0.006373,
0.064822,0.065851,0.062633,0.067644,0.063188,0.059998,0.061588,0.053815,0.053068,0.050961,0.045530,0.041864,0.037938,0.032848,0.029605,0.023798,0.020514,0.017389,0.014699,0.008957,0.006565,
0.052798,0.055371,0.047805,0.053829,0.051899,0.049605,0.053130,0.044989,0.042768,0.042584,0.038461,0.039084,0.033937,0.031067,0.028545,0.023094,0.021721,0.016750,0.013675,0.010532,0.006682,
0.041126,0.044769,0.044585,0.042500,0.043827,0.039218,0.043411,0.038176,0.035725,0.038672,0.034707,0.032345,0.029407,0.030570,0.027640,0.026328,0.021992,0.019734,0.015393,0.013272,0.005728,
0.026895,0.031730,0.026291,0.029955,0.031804,0.033274,0.032043,0.038461,0.027118,0.028206,0.033396,0.033568,0.028240,0.030051,0.022579,0.029375,0.025429,0.021820,0.015550,0.012210,0.013231,
nan,0.027944,0.024943,nan,0.025927,nan,0.031344,0.023258,0.025167,0.025425,0.031658,0.023037,0.021859,0.033557,0.027770,0.019668,0.030853,0.036984,0.025279,0.014693,0.007526,
nan,0.142190,0.177937,0.123749,0.135718,0.145958,0.141471,0.123070,0.103478,0.070389,0.089489,0.088722,0.048527,0.042580,0.051706,0.023882,0.015149,0.001969,0.003038,0.003732,0.002429,
0.130341,0.136159,0.140612,0.131982,0.132910,0.124690,0.128298,0.127875,0.115416,0.093941,0.093402,0.086169,0.066219,0.057731,0.046447,0.034306,0.022605,0.013994,0.006230,0.003980,0.002775,
0.146848,0.145592,0.138997,0.137095,0.136395,0.129743,0.128398,0.118268,0.100534,0.098020,0.086111,0.072244,0.064752,0.051814,0.044832,0.032107,0.018763,0.010943,0.005967,0.004857,0.002401,
0.139945,0.150006,0.140493,0.138255,0.123534,0.121161,0.121987,0.116217,0.105831,0.099220,0.084475,0.075367,0.063447,0.053069,0.043756,0.031889,0.021411,0.010329,0.004923,0.004637,nan,
0.158306,0.135525,0.130695,0.126841,0.128651,0.122656,0.118100,0.106189,0.103207,0.094632,0.082398,0.074347,0.062609,0.053584,0.045293,0.033815,0.025035,0.013699,0.006448,0.004467,0.002925,
0.144820,0.131871,0.129768,0.125659,0.125610,0.115998,0.112195,0.110065,0.101940,0.092271,0.081312,0.069209,0.061273,0.050424,0.039336,0.029033,0.021945,0.013390,0.008791,0.005334,0.003440,
0.113201,0.129412,0.124782,0.124911,0.117248,0.113407,0.109170,0.101958,0.097527,0.085606,0.083497,0.071229,0.061921,0.050661,0.040103,0.028504,0.019193,0.011973,0.007063,0.005275,0.003417,
0.144434,0.120902,0.117096,0.119239,0.112424,0.109592,0.104379,0.101629,0.088504,0.085450,0.074944,0.066429,0.056607,0.048297,0.038156,0.029817,0.021023,0.011514,0.006555,0.005262,0.003816,
0.113236,0.110606,0.111380,0.112259,0.105238,0.104036,0.097557,0.091021,0.087082,0.078946,0.070358,0.062555,0.054162,0.044736,0.033803,0.028115,0.021333,0.013489,0.006840,0.005313,0.004516,
0.097611,0.106358,0.102959,0.104272,0.103814,0.097402,0.092620,0.089886,0.080778,0.073842,0.068947,0.061049,0.051083,0.044025,0.035685,0.026303,0.017685,0.012680,0.007351,0.005448,0.003384,
0.083508,0.102528,0.098090,0.099575,0.095067,0.089656,0.085887,0.083206,0.077285,0.071605,0.062890,0.055615,0.051558,0.041292,0.032505,0.027113,0.019453,0.013233,0.008636,0.005826,0.004653,
0.093333,0.095722,0.088695,0.092225,0.090624,0.082537,0.082108,0.074425,0.072955,0.064947,0.058410,0.054265,0.045189,0.039574,0.032618,0.024451,0.019501,0.013348,0.008629,0.006406,0.005794,
0.078817,0.086900,0.081121,0.082330,0.083471,0.074641,0.075943,0.066274,0.067170,0.060156,0.056456,0.048306,0.043767,0.037435,0.030449,0.024477,0.018996,0.013298,0.009337,0.006681,0.005541,
0.076170,0.078686,0.071982,0.073064,0.075360,0.064275,0.068794,0.061888,0.058667,0.056632,0.049172,0.045070,0.040383,0.034439,0.029344,0.023561,0.019167,0.013973,0.010220,0.008001,0.005094,
0.075680,0.068826,0.063423,0.063562,0.065568,0.057798,0.059345,0.058503,0.051374,0.049629,0.044031,0.042396,0.036653,0.032136,0.027858,0.023895,0.019208,0.014011,0.012966,0.008572,0.005517,
0.054845,0.053876,0.051537,0.049682,0.057400,0.046938,0.049028,0.051608,0.043328,0.041421,0.040515,0.036060,0.032768,0.030766,0.026848,0.020303,0.019958,0.015246,0.011723,0.008555,0.006208,
0.042432,0.048253,0.037587,0.038053,0.042465,0.038700,0.037470,0.043573,0.038194,0.034895,0.032410,0.032069,0.030409,0.026647,0.024065,0.024160,0.021140,0.017490,0.012695,0.013814,0.005188,
nan,0.032209,0.028004,0.026063,0.027913,0.031123,0.030777,0.027116,0.029351,0.034598,0.028894,0.029040,0.027867,0.025616,0.024460,0.026626,0.019801,0.020689,0.014476,0.008664,0.013096,
nan,0.016278,0.025843,nan,nan,0.023019,0.020542,nan,0.024180,0.025248,0.025018,0.022529,0.021376,0.028591,0.024612,0.031490,0.022307,0.015422,0.010849,0.011620,0.007166,
nan,0.117555,0.163099,0.127009,0.119646,0.116419,0.101967,0.158062,0.134881,0.107431,0.088066,0.059229,0.087241,0.060772,0.037521,0.030597,0.017838,0.023024,0.003147,0.005718,0.000000,
0.158623,0.148955,0.144985,0.149738,0.145846,0.130189,0.127702,0.116083,0.113694,0.101076,0.092147,0.085213,0.067712,0.054033,0.045451,0.032355,0.021195,0.014676,0.006139,0.003819,0.002572,
0.139792,0.144304,0.138684,0.136440,0.136254,0.128318,0.129246,0.114747,0.101810,0.104000,0.088576,0.083150,0.066009,0.057636,0.043002,0.035753,0.024816,0.016202,0.008130,0.005488,0.002633,
0.129908,0.137388,0.139642,0.134757,0.144244,0.127365,0.126461,0.120601,0.108069,0.094866,0.081097,0.072909,0.066172,0.049207,0.041216,0.028980,0.020622,0.010399,0.007502,0.004935,0.004066,
0.122775,0.143487,0.131927,0.132359,0.130104,0.125096,0.116986,0.111090,0.101433,0.093707,0.090062,0.074109,0.065395,0.048185,0.039138,0.029249,0.018740,0.011969,0.006307,0.004235,0.003785,
0.148257,0.136979,0.129338,0.130983,0.121048,0.117472,0.117841,0.103419,0.097028,0.088232,0.083546,0.071814,0.064601,0.054008,0.043910,0.031035,0.020968,0.010906,0.006031,0.004212,0.003338,
0.129318,0.128818,0.119137,0.123152,0.117577,0.113580,0.110670,0.103660,0.094276,0.088664,0.082685,0.067757,0.056234,0.045869,0.037496,0.028826,0.023555,0.013730,0.006666,0.005503,nan,
0.121368,0.122133,0.116880,0.117201,0.111760,0.110845,0.102543,0.101209,0.091402,0.083805,0.072576,0.068935,0.058507,0.046895,0.036952,0.026160,0.021771,0.014414,0.007005,0.004594,0.007163,
0.120890,0.111903,0.108475,0.109997,0.112463,0.103035,0.099734,0.093027,0.085389,0.080211,0.073515,0.063141,0.051845,0.046952,0.036911,0.027704,0.018262,0.010900,0.008097,0.005347,0.003773,
0.095478,0.105118,0.101986,0.104362,0.107219,0.094096,0.095347,0.086939,0.081347,0.074808,0.065070,0.058626,0.054123,0.042258,0.034655,0.027220,0.018422,0.010774,0.007006,0.005376,0.004176,
0.090172,0.096112,0.101048,0.097546,0.097364,0.089285,0.088798,0.079492,0.079251,0.070271,0.063112,0.057465,0.048145,0.042805,0.032271,0.025757,0.020055,0.012294,0.007406,0.005818,0.004485,
0.080691,0.089345,0.099057,0.089329,0.088370,0.083022,0.080716,0.073665,0.070561,0.065340,0.059478,0.052711,0.046318,0.037546,0.032954,0.024286,0.019369,0.012629,0.008188,0.006123,0.004423,
0.078050,0.087266,0.086515,0.083463,0.080729,0.077865,0.073171,0.072066,0.064372,0.061502,0.053280,0.050216,0.043429,0.036895,0.028585,0.024244,0.016780,0.012406,0.008375,0.006080,0.005343,
0.078514,0.078903,0.078474,0.071015,0.071990,0.071150,0.066465,0.063201,0.060714,0.053588,0.050597,0.044937,0.039848,0.034703,0.029688,0.022979,0.018171,0.013408,0.008994,0.006950,0.006073,
0.056977,0.072090,0.070484,0.061174,0.060808,0.060401,0.056604,0.052015,0.053879,0.047658,0.044500,0.041121,0.035880,0.031232,0.026238,0.021760,0.017759,0.012408,0.011394,0.007749,0.004525,
0.045593,0.058880,0.058502,0.049744,0.049375,0.049926,0.051873,0.044901,0.043426,0.042838,0.037332,0.035916,0.031691,0.028487,0.026163,0.021165,0.017961,0.013692,0.010305,0.007720,0.005847,
0.035914,0.042046,0.047396,0.035912,0.036380,0.037447,0.041206,0.038859,0.035089,0.033970,0.032524,0.031661,0.029383,0.025585,0.023141,0.021880,0.019174,0.015755,0.011024,0.011379,0.007140,
nan,0.030537,0.030424,0.029849,0.028221,0.028467,0.030516,0.031246,0.027718,0.023926,0.023524,0.027956,0.021140,0.020826,0.024086,0.022776,0.015518,0.023188,0.012629,0.008955,0.006543,
nan,nan,0.034583,0.023096,nan,nan,0.024876,0.023327,0.017786,0.020694,0.029991,0.018932,0.022879,0.023071,0.026565,0.015739,0.012792,0.013483,0.014159,0.010297,0.004460,
nan,0.145220,0.164200,0.133160,0.156555,0.160690,0.167227,0.097697,0.114231,0.102920,0.108048,0.092277,0.089102,0.037918,0.073712,0.035955,0.022137,0.015769,0.002664,0.006679,0.001013,
0.132595,0.144720,0.147743,0.144127,0.138469,0.132209,0.122711,0.115831,0.108699,0.097610,0.088175,0.083224,0.072013,0.053713,0.047263,0.038348,0.020596,0.014205,0.006892,0.002738,0.002089,
0.138242,0.136314,0.142671,0.132946,0.131829,0.130934,0.127957,0.119735,0.110171,0.100588,0.090691,0.079711,0.067387,0.058159,0.049994,0.034949,0.020263,0.016100,0.006937,0.004741,0.002816,
0.155348,0.153736,0.131983,0.130773,0.139120,0.132181,0.123988,0.113601,0.102099,0.094997,0.085584,0.076208,0.067464,0.057506,0.046668,0.035423,0.025189,0.015498,0.007855,0.004926,0.003311,
0.130961,0.130920,0.134941,0.131784,0.129167,0.119333,0.117899,0.111812,0.105821,0.092386,0.086501,0.070432,0.063107,0.050398,0.038684,0.030557,0.020983,0.015933,0.008617,0.004814,0.003208,
0.121613,0.129881,0.127903,0.129965,0.123954,0.120419,0.116942,0.108207,0.099880,0.094382,0.084323,0.073171,0.063628,0.051251,0.039236,0.027212,0.020740,0.011189,0.007650,0.005000,0.003301,
0.134137,0.129289,0.129099,0.123207,0.119480,0.111672,0.105199,0.105658,0.097927,0.086641,0.079296,0.073780,0.060319,0.052503,0.039461,0.028324,0.017618,0.011977,0.006595,0.005152,0.003088,
0.112031,0.120874,0.120461,0.118169,0.121609,0.107078,0.105385,0.097948,0.090288,0.083773,0.075606,0.065968,0.054916,0.045810,0.038583,0.029669,0.019586,0.010275,0.006901,0.005667,0.004160,
0.123361,0.119303,0.117908,0.111292,0.112539,0.102655,0.100554,0.092579,0.088367,0.079363,0.070218,0.062995,0.054724,0.043637,0.035550,0.028210,0.019860,0.010916,0.005774,0.005386,0.003758,
0.087001,0.111192,0.111690,0.108269,0.101450,0.100725,0.092860,0.089256,0.083538,0.075987,0.068094,0.058280,0.052109,0.046058,0.033584,0.024379,0.019995,0.011367,0.005861,0.005209,0.003586,
0.116614,0.105470,0.103895,0.098463,0.093529,0.091803,0.085149,0.081452,0.074273,0.070076,0.061603,0.058963,0.048650,0.039351,0.034294,0.025085,0.018423,0.012738,0.006804,0.005168,0.004167,
0.089582,0.096104,0.094622,0.090788,0.086990,0.083731,0.082102,0.075616,0.072165,0.064477,0.060774,0.053195,0.046929,0.038796,0.030691,0.024484,0.017250,0.011785,0.007836,0.005282,0.004468,
0.081969,0.082663,0.087972,0.081273,0.077229,0.076265,0.075668,0.067067,0.065435,0.059433,0.054580,0.049083,0.041989,0.037701,0.029799,0.024732,0.016736,0.011928,0.007625,0.005944,0.004887,
0.081360,0.076584,0.075637,0.075968,0.069010,0.068112,0.069295,0.061691,0.056756,0.055253,0.049555,0.044766,0.040632,0.032726,0.027669,0.021977,0.017711,0.011981,0.008349,0.006597,0.005513,
nan,0.066661,0.065658,0.067543,0.059342,0.057943,0.061822,0.057370,0.051362,0.048452,0.044067,0.040262,0.034870,0.031159,0.027142,0.019678,0.016917,0.011501,0.010262,0.006639,0.005056,
nan,0.052790,0.054783,0.055231,0.050435,0.045543,0.050336,0.049034,0.045156,0.039652,0.037063,0.035438,0.032353,0.026686,0.024399,0.020114,0.017733,0.012561,0.009423,0.007148,0.005738,
nan,0.040600,0.051610,0.044464,0.043450,0.038751,0.035913,0.036380,0.037397,0.035002,0.031233,0.029233,0.028588,0.024076,0.022826,0.018653,0.016688,0.015226,0.010462,0.010105,0.006876,
nan,0.032919,0.028653,0.030703,0.037337,0.026644,0.026333,0.024914,0.025410,0.027240,0.024264,0.021933,0.021537,0.023139,0.017237,0.017743,0.016027,0.015541,0.017284,0.009043,0.005065,
nan,0.025627,0.021097,0.022237,0.019790,0.016616,0.016925,0.027108,0.017510,0.021093,0.015114,0.015884,0.020409,0.016854,0.021469,0.017005,0.032298,0.011160,0.006792,0.007277,0.008949,
nan,0.160004,0.092623,0.123632,0.142593,0.115303,0.134161,0.115318,0.132226,0.086729,0.096503,0.067820,0.067916,0.051496,0.041018,0.028657,0.018735,0.011640,0.007085,0.004334,0.001011,
0.154951,0.134194,0.149108,0.138673,0.143723,0.131288,0.129599,0.113277,0.115021,0.104110,0.082453,0.083006,0.073547,0.058211,0.040350,0.032429,0.018788,0.013278,0.006037,0.004243,0.002505,
0.144659,0.137562,0.147091,0.137044,0.134251,0.134984,0.129652,0.116287,0.110801,0.095532,0.091466,0.083221,0.070764,0.052363,0.046453,0.033986,0.023416,0.011367,0.005982,0.003492,0.002884,
0.129914,0.133629,0.142191,0.137976,0.127224,0.120807,0.119517,0.112263,0.108290,0.102796,0.087989,0.077504,0.068850,0.054743,0.042961,0.032266,0.022270,0.012377,0.005632,0.004270,0.002770,
0.126697,0.140047,0.134962,0.134231,0.125291,0.123672,0.117926,0.105083,0.099852,0.088012,0.082495,0.073597,0.065501,0.054650,0.046639,0.033957,0.024463,0.013270,0.005551,0.004241,0.003345,
0.134510,0.141783,0.136743,0.127452,0.123910,0.117378,0.113699,0.107013,0.098639,0.093048,0.083059,0.065791,0.059314,0.050987,0.042764,0.032460,0.021108,0.011371,0.006545,0.004349,0.002885,
0.149344,0.134379,0.127579,0.122961,0.123904,0.112782,0.111354,0.103793,0.092543,0.089338,0.082596,0.070163,0.058185,0.045255,0.036442,0.029467,0.024054,0.013382,0.006217,0.004992,nan,
0.115034,0.132450,0.123860,0.114011,0.116882,0.110088,0.107047,0.099891,0.094756,0.083259,0.073617,0.069072,0.058231,0.045880,0.036047,0.025712,0.022528,0.013365,0.005920,0.003807,0.003398,
0.130934,0.121315,0.122575,0.115456,0.106434,0.104786,0.098919,0.094610,0.086545,0.080074,0.072278,0.061751,0.052969,0.047836,0.034790,0.025566,0.020108,0.012330,0.006513,0.004390,0.003591,
0.128033,0.111928,0.112306,0.101507,0.097946,0.095520,0.096188,0.085836,0.083616,0.073704,0.065339,0.062888,0.051388,0.042959,0.035812,0.025672,0.017859,0.012628,0.006213,0.004116,0.003352,
0.101124,0.098708,0.101090,0.094840,0.093561,0.089119,0.089218,0.081276,0.077210,0.070005,0.063331,0.056678,0.050024,0.039553,0.034652,0.025378,0.018152,0.013261,0.006764,0.004597,0.003736,
nan,0.092263,0.092327,0.089646,0.088063,0.082931,0.082914,0.076998,0.069254,0.066809,0.057452,0.052643,0.045744,0.039366,0.030520,0.024724,0.017710,0.011264,0.007814,0.005364,0.003920,
0.077207,0.083794,0.089679,0.083460,0.081513,0.076469,0.075243,0.071235,0.064787,0.059069,0.056018,0.047523,0.042169,0.036736,0.029403,0.024031,0.016629,0.011742,0.007063,0.005411,0.004317,
0.078885,0.074741,0.079322,0.074937,0.073421,0.071121,0.066232,0.064011,0.059508,0.054638,0.049170,0.045599,0.038419,0.033606,0.027133,0.020590,0.017090,0.011118,0.007945,0.006324,0.004757,
nan,0.065192,0.066552,0.066154,0.065029,0.061861,0.057584,0.054313,0.050782,0.049543,0.042698,0.039308,0.034759,0.030509,0.025574,0.019708,0.016202,0.010738,0.009010,0.006352,0.004539,
nan,0.053767,0.054469,0.053906,0.053136,0.052487,0.050044,0.045205,0.042260,0.040442,0.036294,0.033291,0.031840,0.026488,0.023444,0.018388,0.017190,0.012564,0.008687,0.007112,0.004557,
nan,0.039527,0.039475,0.040185,0.043500,0.038873,0.040512,0.038740,0.034286,0.032174,0.028109,0.027417,0.026630,0.023197,0.021451,0.018080,0.015267,0.012440,0.009350,0.008224,0.007563,
nan,0.029379,0.027475,0.027714,0.029319,0.035034,0.031000,0.028254,0.027835,0.025055,0.024986,0.027263,0.022638,0.018694,0.019160,0.017988,0.017227,0.011991,0.016470,0.010258,0.005637,
nan,nan,nan,nan,nan,0.020871,0.018362,0.023870,0.018759,0.026741,0.022593,0.018315,0.018569,0.012419,0.010348,0.028222,0.020314,0.009637,nan,0.009417,0.003915,
nan,0.123674,0.125488,0.139420,0.129133,0.128073,0.135126,0.097134,0.101982,nan,0.109290,0.089758,0.081985,0.060472,0.016813,0.038575,0.022245,0.011558,0.004053,0.002718,nan,
0.126996,0.136642,0.137468,0.136098,0.142279,0.141324,0.129209,0.113956,0.119307,0.098311,0.085756,0.071676,0.067348,0.053685,0.040568,0.032617,0.020620,0.012276,0.006240,0.004566,nan,
0.182508,0.149560,0.133283,0.147315,0.130739,0.133709,0.120750,0.116421,0.107833,0.104855,0.089153,0.079564,0.070483,0.055088,0.043320,0.036588,0.021482,0.010769,0.005396,0.003035,nan,
0.191515,0.148448,0.133563,0.136070,0.132801,0.126570,0.121008,0.118345,0.107242,0.101828,0.083552,0.075308,0.064238,0.051893,0.042168,0.028905,0.020567,0.011241,0.005205,0.004194,nan,
0.141867,0.142131,0.138044,0.132741,0.131597,0.122736,0.119104,0.113152,0.101805,0.097756,0.091095,0.076060,0.064790,0.049531,0.040604,0.029231,0.017143,0.009583,0.005740,0.004013,0.003063,
0.124795,0.140525,0.133349,0.127499,0.126642,0.117261,0.118469,0.109471,0.102052,0.088547,0.086918,0.074291,0.063419,0.053549,0.042090,0.027968,0.019401,0.010453,0.005882,0.004518,0.003000,
0.126056,0.132570,0.130515,0.127679,0.121952,0.118638,0.108371,0.099160,0.098223,0.086511,0.076268,0.073839,0.061822,0.051054,0.039234,0.028377,0.017535,0.011512,0.006324,0.004917,0.003123,
0.122569,0.123364,0.119191,0.119366,0.109877,0.108664,0.107910,0.099953,0.090460,0.084252,0.077423,0.065829,0.055502,0.049049,0.038936,0.028103,0.017930,0.010153,0.006922,0.004973,0.004051,
0.105585,0.116424,0.107140,0.105691,0.107353,0.099563,0.101024,0.091003,0.089718,0.077419,0.070025,0.065356,0.054901,0.045119,0.037667,0.027864,0.017958,0.010250,0.007213,0.004649,0.003429,
0.095204,0.108149,0.105895,0.102505,0.105279,0.094686,0.094169,0.088813,0.080959,0.074737,0.066888,0.059468,0.053486,0.042885,0.033985,0.027181,0.017400,0.010967,0.006408,0.004453,0.003537,
nan,0.101471,0.103367,0.096965,0.097255,0.092612,0.085678,0.082369,0.074576,0.070245,0.064493,0.056385,0.049909,0.040617,0.032683,0.026311,0.018366,0.011215,0.006633,0.004857,0.003196,
0.090990,0.090407,0.095602,0.089364,0.088782,0.086319,0.078994,0.075875,0.072606,0.064276,0.059167,0.052239,0.044631,0.039016,0.030400,0.024118,0.017360,0.010691,0.007443,0.004641,0.003567,
0.094951,0.083974,0.084921,0.080264,0.080692,0.077754,0.077545,0.069254,0.064185,0.060967,0.055126,0.049030,0.044279,0.035361,0.029198,0.022116,0.016274,0.010960,0.006777,0.005026,0.004067,
nan,0.073788,0.077034,0.072237,0.071843,0.069344,0.067403,0.065232,0.057842,0.053838,0.047915,0.045276,0.037669,0.033675,0.027754,0.021120,0.016861,0.010497,0.007507,0.006052,0.004454,
0.063440,0.062250,0.064618,0.061487,0.060830,0.059051,0.057662,0.057235,0.051783,0.047857,0.042418,0.038967,0.034549,0.030001,0.024882,0.019349,0.015061,0.010527,0.008615,0.006527,0.004420,
nan,0.051344,0.051663,0.049857,0.048973,0.045724,0.045669,0.046875,0.043566,0.041250,0.036932,0.033080,0.031950,0.026001,0.022561,0.018300,0.015821,0.011395,0.008240,0.006289,0.004525,
nan,0.036098,0.043982,0.037832,0.037014,0.036432,0.035651,0.037476,0.033727,0.031952,0.029593,0.028752,0.027219,0.022263,0.020363,0.016169,0.013864,0.012520,0.008827,0.007500,0.005622,
nan,0.024016,0.026173,0.031607,0.029463,0.019620,0.029260,0.025176,0.024934,0.027709,0.022125,0.023431,0.020532,0.019450,0.018258,0.015976,0.015642,0.016431,0.015658,0.011181,0.007457,
nan,nan,nan,nan,nan,0.022564,0.021763,0.022658,0.015746,0.019152,0.019850,0.015058,0.026870,0.023357,0.021948,0.012063,0.012800,0.016764,0.012354,0.009511,0.006780,
nan,0.163834,0.135820,0.140312,0.110639,0.121120,0.101443,0.121947,0.094111,0.096523,0.088784,0.080214,0.046465,0.051413,0.037705,0.034865,0.010927,0.007669,0.006339,0.006755,nan,
0.148345,0.149741,0.150309,0.134965,0.144893,0.131099,0.119396,0.122006,0.108833,0.092143,0.091965,0.079177,0.064235,0.050282,0.041607,0.030611,0.022145,0.010642,0.004837,0.002693,nan,
0.154554,0.143141,0.136513,0.141558,0.147132,0.127260,0.124166,0.119218,0.105615,0.099133,0.080593,0.074881,0.064723,0.050906,0.041782,0.026812,0.017849,0.008352,0.004955,0.003674,0.003053,
0.154325,0.142296,0.148058,0.133055,0.132609,0.130342,0.126285,0.111013,0.105706,0.092758,0.083964,0.071757,0.064164,0.049815,0.038256,0.030801,0.021272,0.011628,0.006404,0.004249,0.004181,
0.141143,0.138706,0.138986,0.131536,0.128241,0.119434,0.122913,0.113234,0.106467,0.092796,0.086269,0.070528,0.062240,0.050276,0.039230,0.030714,0.022028,0.016147,0.008036,0.004531,0.003132,
0.125243,0.124153,0.132112,0.132124,0.123012,0.116825,0.112673,0.108899,0.098864,0.096260,0.084908,0.069771,0.060170,0.049426,0.039287,0.029637,0.020496,0.012576,0.007046,0.004194,0.002791,
0.112591,0.119762,0.120474,0.122716,0.120443,0.114262,0.109494,0.104654,0.096138,0.087277,0.082259,0.070154,0.057658,0.045809,0.037231,0.028861,0.023577,0.013802,0.005740,0.004330,0.003053,
0.088793,0.118149,0.116719,0.114041,0.116832,0.106743,0.106566,0.096344,0.091801,0.082548,0.075125,0.069162,0.057286,0.045053,0.036201,0.028674,0.021734,0.011649,0.005419,0.003927,0.003595,
0.104536,0.107739,0.111700,0.111740,0.109454,0.103767,0.099488,0.095475,0.085793,0.077724,0.070014,0.057964,0.057456,0.045055,0.033972,0.026212,0.019945,0.010313,0.005208,0.004303,0.003019,
0.106391,0.106775,0.105158,0.103490,0.100418,0.098414,0.097287,0.086984,0.083873,0.074113,0.069079,0.060022,0.052160,0.044650,0.032872,0.026031,0.018746,0.010344,0.005402,0.004518,0.003311,
0.081910,0.101233,0.098350,0.096178,0.092214,0.091875,0.089370,0.082667,0.076654,0.071798,0.061867,0.056996,0.048040,0.041729,0.033011,0.023530,0.019292,0.011319,0.006234,0.004716,0.003275,
nan,0.096196,0.091198,0.087374,0.086619,0.083589,0.082316,0.079399,0.067281,0.065216,0.060432,0.050817,0.045593,0.038173,0.030941,0.022858,0.017581,0.009945,0.007613,0.005093,0.003619,
nan,0.082193,0.083794,0.077948,0.078157,0.076344,0.073309,0.071115,0.067464,0.060343,0.052566,0.049764,0.041696,0.035687,0.029473,0.021945,0.016313,0.010803,0.006792,0.004812,0.003769,
0.069175,0.074043,0.075454,0.068470,0.068989,0.067571,0.064941,0.061048,0.058741,0.053859,0.048827,0.043122,0.037603,0.033004,0.026195,0.020847,0.016555,0.010430,0.007166,0.005732,0.004052,
nan,0.064599,0.065273,0.059136,0.061307,0.060209,0.058090,0.053079,0.050046,0.045583,0.042776,0.038617,0.036618,0.029063,0.024229,0.019588,0.016487,0.010400,0.007941,0.005921,0.004754,
0.050354,0.050585,0.049670,0.047759,0.052668,0.050142,0.050777,0.046907,0.043547,0.039562,0.036977,0.032660,0.030633,0.025521,0.023206,0.017994,0.014477,0.010765,0.007782,0.006296,0.005006,
nan,0.038225,0.037361,0.042181,0.040258,0.043650,0.039137,0.036918,0.033265,0.032670,0.028540,0.027758,0.025276,0.023803,0.018194,0.017917,0.013709,0.012396,0.008760,0.006434,0.005986,
nan,0.034258,0.023289,0.028887,0.027543,0.028135,0.026096,0.028315,0.023259,0.021629,0.023725,0.020878,0.021085,0.020580,0.016835,0.018750,0.013240,0.014066,0.014282,0.009383,0.007557,
nan,nan,nan,0.020098,0.020791,0.019069,0.017528,0.021787,0.024705,0.032579,0.015834,0.016202,0.017390,0.018988,0.014217,0.012743,0.011250,0.011662,0.011547,0.028162,0.008650,
nan,0.133140,0.166106,0.144739,0.140814,0.127693,0.126570,0.141555,0.116777,0.108063,0.072719,0.108732,0.066301,0.053275,0.044936,0.032086,0.020864,0.012900,0.007270,0.004479,nan,
0.137399,0.142926,0.142701,0.135869,0.139382,0.132379,0.119674,0.109415,0.110048,0.094652,0.084338,0.069692,0.066964,0.052392,0.040951,0.028320,0.020768,0.011308,0.005166,0.003801,nan,
0.111238,0.142563,0.151061,0.133689,0.136459,0.132531,0.123793,0.120084,0.102664,0.102168,0.088914,0.071379,0.060435,0.047197,0.039145,0.028673,0.021623,0.014162,0.006947,0.003564,0.002717,
0.142374,0.139251,0.143282,0.133157,0.139534,0.127866,0.123658,0.114716,0.104338,0.092547,0.082538,0.075286,0.069678,0.058955,0.047396,0.036422,0.025384,0.013693,0.007695,0.005146,0.002875,
0.131202,0.130529,0.129416,0.132749,0.128633,0.124809,0.119491,0.107601,0.099217,0.089995,0.080909,0.076086,0.067564,0.054447,0.045033,0.032822,0.023305,0.013043,0.005440,0.004118,0.002823,
0.121221,0.131583,0.124811,0.129941,0.126242,0.120047,0.111923,0.109246,0.102861,0.089384,0.083609,0.074782,0.066072,0.052247,0.041593,0.029768,0.019996,0.010001,0.005434,0.003742,0.002988,
0.108262,0.123505,0.127033,0.120830,0.121796,0.115574,0.114251,0.100279,0.097794,0.088016,0.075664,0.075368,0.061986,0.051453,0.039420,0.027645,0.018559,0.011404,0.006223,0.004446,0.003238,
0.142920,0.117786,0.120399,0.115227,0.114520,0.107985,0.106266,0.100077,0.093059,0.083312,0.075378,0.065312,0.056353,0.050553,0.037078,0.027056,0.018128,0.010767,0.006652,0.004441,0.002556,
0.121820,0.114322,0.115547,0.110408,0.107327,0.104083,0.103308,0.089939,0.088491,0.078102,0.071779,0.062682,0.051058,0.048793,0.036966,0.025721,0.018023,0.012109,0.006525,0.003896,0.002882,
0.096283,0.103061,0.104370,0.102886,0.099804,0.096721,0.092816,0.088353,0.080093,0.076768,0.064403,0.061279,0.051149,0.044185,0.035002,0.026117,0.018168,0.011820,0.005310,0.003867,0.003299,
0.100856,0.099333,0.095394,0.095120,0.094036,0.089668,0.085826,0.083296,0.078131,0.069105,0.063728,0.053408,0.049126,0.038164,0.032878,0.023964,0.018799,0.011886,0.005361,0.004505,0.002805,
0.086960,0.089639,0.087017,0.091316,0.088406,0.084475,0.080442,0.075149,0.070888,0.066548,0.058679,0.053444,0.046236,0.038339,0.031859,0.024051,0.016883,0.010649,0.006458,0.005035,0.003601,
0.076223,0.083579,0.080801,0.085192,0.082731,0.081411,0.074199,0.069946,0.063160,0.058957,0.053373,0.048746,0.041446,0.035753,0.028255,0.022076,0.016845,0.010923,0.006923,0.004781,0.003570,
0.074131,0.072274,0.071391,0.076742,0.074865,0.072759,0.068473,0.064220,0.060557,0.054667,0.047998,0.043330,0.038503,0.033141,0.026042,0.020551,0.015850,0.010289,0.006736,0.005898,0.003553,
nan,0.064636,0.061608,0.067588,0.063162,0.062907,0.059148,0.054934,0.051894,0.048925,0.043175,0.039289,0.034298,0.029362,0.024195,0.019136,0.015568,0.010552,0.007792,0.005358,0.004818,
0.068930,0.050498,0.055043,0.054963,0.052895,0.051372,0.046452,0.043786,0.041013,0.039527,0.035138,0.031978,0.029965,0.026319,0.023201,0.018481,0.014765,0.010776,0.007729,0.006141,0.004463,
nan,0.039861,0.041446,0.042366,0.039497,0.038451,0.033035,0.034827,0.031179,0.030798,0.029580,0.029051,0.028028,0.023549,0.018069,0.018089,0.013468,0.011519,0.008733,0.006749,0.004676,
nan,0.022346,0.034837,0.028932,0.029582,0.022063,0.026372,0.026392,0.024341,0.026436,0.020975,0.020064,0.023076,0.020233,0.016002,0.015056,0.012032,0.014398,0.013899,0.007439,0.008330,
nan,nan,0.025932,0.019369,0.016118,nan,0.019066,0.028311,0.017137,0.016879,0.013399,0.016126,0.017812,0.018717,0.014077,0.014388,0.012296,0.010914,0.005579,0.010594,0.005829,
nan,0.128993,0.141019,0.125995,0.128026,0.133766,0.125490,0.117533,0.110371,0.101696,0.101992,0.053548,0.082018,0.044859,0.061426,0.036546,0.023015,0.008565,0.006371,0.006493,nan,
0.136277,0.141013,0.135921,0.137750,0.128687,0.126565,0.123978,0.118295,0.104277,0.091204,0.085970,0.075972,0.061357,0.053892,0.033681,0.030838,0.014532,0.010869,0.007453,0.003447,0.005267,
0.143218,0.147214,0.146253,0.136293,0.132723,0.128163,0.129587,0.114717,0.101929,0.098830,0.090699,0.078897,0.069006,0.058915,0.050673,0.035582,0.023309,0.013876,0.007864,0.005107,0.002397,
0.141468,0.136457,0.135220,0.141030,0.131215,0.121431,0.120537,0.111804,0.106181,0.105260,0.089645,0.078669,0.067175,0.054322,0.043497,0.030656,0.022975,0.013135,0.006186,0.004138,0.002508,
0.164116,0.137211,0.133666,0.134901,0.125396,0.124570,0.115895,0.111443,0.101122,0.100033,0.091125,0.073371,0.063634,0.050689,0.040658,0.029703,0.017708,0.010518,0.006137,0.003969,0.002692,
0.128483,0.130658,0.132963,0.125600,0.128316,0.116734,0.116732,0.106606,0.095367,0.094362,0.084723,0.073450,0.060747,0.051671,0.037137,0.027008,0.021227,0.012487,0.007279,0.004711,0.002860,
0.124953,0.127455,0.123664,0.121094,0.120664,0.115457,0.108306,0.103405,0.095169,0.084973,0.083270,0.070552,0.057066,0.044868,0.037394,0.029694,0.022484,0.013059,0.005720,0.004130,0.002779,
0.098823,0.119919,0.115146,0.122026,0.111964,0.109994,0.109126,0.095552,0.093340,0.082690,0.075578,0.067018,0.055801,0.043522,0.038351,0.029065,0.020216,0.011118,0.005136,0.004169,0.003062,
0.099461,0.112042,0.108940,0.108378,0.105697,0.102310,0.098336,0.095002,0.084025,0.079323,0.068642,0.066269,0.055591,0.044175,0.037970,0.027687,0.018393,0.009517,0.006238,0.004407,0.002880,
0.122161,0.104482,0.101681,0.106177,0.102888,0.098433,0.092824,0.087670,0.082389,0.072945,0.068018,0.057991,0.052726,0.041688,0.035814,0.027071,0.016156,0.010950,0.005920,0.003954,0.003015,
0.110258,0.096465,0.097591,0.101890,0.097121,0.093637,0.089061,0.084010,0.074732,0.070765,0.063935,0.056055,0.049075,0.040222,0.033560,0.024580,0.017238,0.012721,0.005669,0.004191,0.002993,
0.085503,0.089637,0.092865,0.094667,0.087864,0.085347,0.081431,0.076517,0.073227,0.064258,0.057714,0.053139,0.046410,0.038146,0.031138,0.023983,0.016555,0.010796,0.006413,0.004783,0.003300,
0.077923,0.083925,0.086209,0.086252,0.079193,0.075932,0.074396,0.068960,0.065531,0.060127,0.055449,0.047373,0.041519,0.036217,0.027538,0.021943,0.015601,0.011006,0.006434,0.004845,0.003071,
0.071027,0.070467,0.080239,0.076637,0.070665,0.066256,0.065338,0.061304,0.057962,0.053073,0.047847,0.043606,0.038810,0.032982,0.026794,0.020396,0.015517,0.010383,0.007109,0.005627,0.003926,
0.053524,0.061038,0.068658,0.064786,0.061501,0.055508,0.056634,0.055057,0.052306,0.047764,0.043567,0.037534,0.033139,0.028838,0.025022,0.018805,0.014851,0.010475,0.007422,0.005948,0.004056,
0.059825,0.053183,0.056110,0.052682,0.049891,0.048651,0.048880,0.047303,0.042632,0.039010,0.036067,0.034630,0.031420,0.027910,0.021440,0.018272,0.014298,0.010692,0.007612,0.006153,0.004393,
0.044167,0.037872,0.044415,0.040131,0.035286,0.039851,0.039204,0.036475,0.031328,0.029842,0.029980,0.027210,0.024875,0.022157,0.019731,0.017896,0.012888,0.012649,0.008705,0.006791,0.005006,
nan,0.039554,0.033875,0.026618,0.025949,0.030940,0.033767,0.022502,0.017317,0.023291,0.022292,0.025939,0.021227,0.020083,0.014677,0.016026,0.013248,0.010823,0.012613,0.007037,0.006350,
nan,nan,0.016565,nan,0.015633,0.023654,0.018843,0.020474,0.030921,0.022718,0.027160,0.014266,0.051442,0.010420,0.015312,0.019856,0.017179,0.010354,0.008806,0.005648,0.012060,
nan,0.149275,0.136268,0.148797,0.131243,0.135223,0.147897,0.128631,0.128416,0.117424,0.082048,0.091856,0.092005,0.045109,0.055649,0.030384,0.019552,0.009544,0.005099,0.004820,nan,
0.159448,0.144033,0.141582,0.150724,0.132143,0.128668,0.137278,0.122909,0.109615,0.096805,0.087145,0.069397,0.065262,0.053605,0.040604,0.030404,0.020012,0.013138,0.007627,0.004264,0.003955,
0.138098,0.148907,0.146508,0.137828,0.128406,0.123119,0.124529,0.121335,0.105569,0.096423,0.089153,0.081847,0.067071,0.057340,0.044603,0.034980,0.023221,0.013625,0.006861,0.004156,0.002998,
0.117436,0.137105,0.135277,0.138910,0.131962,0.123070,0.123540,0.120361,0.108455,0.099016,0.083452,0.076155,0.063681,0.050671,0.042356,0.026981,0.019875,0.009643,0.005133,0.003879,0.003465,
0.140831,0.128169,0.137058,0.130848,0.132021,0.120302,0.126085,0.109901,0.107205,0.092957,0.085783,0.068836,0.063727,0.050919,0.039727,0.030876,0.021472,0.015272,0.007124,0.004423,0.002870,
0.142131,0.130658,0.126051,0.124212,0.123630,0.124008,0.115948,0.111954,0.102168,0.091106,0.083869,0.068457,0.061866,0.052582,0.043325,0.032070,0.020674,0.010808,0.005995,0.003658,0.002740,
0.114142,0.120877,0.119629,0.125436,0.115604,0.112688,0.112387,0.102127,0.098604,0.087997,0.076687,0.072507,0.062668,0.051195,0.039472,0.027541,0.018982,0.010874,0.006035,0.003566,0.003130,
0.106972,0.117297,0.114798,0.115308,0.116532,0.110051,0.103929,0.099893,0.092641,0.083855,0.075109,0.065363,0.059060,0.048864,0.036633,0.026402,0.019638,0.011805,0.006403,0.004232,0.002545,
0.117868,0.111328,0.114246,0.112462,0.108835,0.104872,0.099777,0.090280,0.086501,0.078686,0.071851,0.060394,0.057532,0.047324,0.034061,0.026775,0.020202,0.011082,0.005542,0.003823,0.002831,
0.097100,0.109386,0.110744,0.107108,0.102590,0.097859,0.093675,0.090407,0.080964,0.074504,0.070167,0.059270,0.053611,0.043125,0.032108,0.026890,0.018159,0.009932,0.005277,0.004231,0.003098,
0.128614,0.096460,0.103448,0.098579,0.093377,0.088756,0.086280,0.081265,0.077868,0.072356,0.061838,0.056579,0.046443,0.040911,0.031462,0.026251,0.017780,0.010880,0.005932,0.003943,0.003208,
0.085745,0.089250,0.094726,0.089915,0.086497,0.081763,0.083278,0.074309,0.069805,0.064257,0.058503,0.054745,0.045549,0.039248,0.029803,0.024192,0.016281,0.011451,0.006663,0.004351,0.003053,
0.073916,0.085623,0.085377,0.083262,0.078039,0.076512,0.075329,0.071522,0.067121,0.060853,0.052552,0.047707,0.041833,0.036360,0.028473,0.021898,0.015358,0.010496,0.006223,0.004949,0.003347,
0.076106,0.072586,0.077595,0.074368,0.069662,0.070534,0.068037,0.063588,0.058425,0.053831,0.048905,0.044702,0.039316,0.032868,0.026544,0.020552,0.014959,0.010910,0.006641,0.005499,0.003966,
0.065452,0.065267,0.066788,0.063414,0.062260,0.063354,0.058852,0.052097,0.048525,0.045177,0.042120,0.039059,0.034372,0.029443,0.025450,0.019687,0.015192,0.010201,0.007528,0.006050,0.004210,
nan,0.054977,0.054950,0.053730,0.050663,0.051434,0.047611,0.041628,0.043239,0.039435,0.039336,0.033903,0.031089,0.026273,0.021266,0.017999,0.013771,0.010409,0.007872,0.005691,0.004664,
0.037240,0.039617,0.039557,0.038460,0.038954,0.038009,0.036415,0.034590,0.034453,0.030574,0.030667,0.026411,0.026215,0.021990,0.019585,0.016072,0.014745,0.011732,0.009068,0.006882,0.004923,
nan,0.029950,0.028640,0.023348,0.034397,0.027192,0.021926,0.026879,0.024617,0.020063,0.022639,0.020665,0.018103,0.018317,0.016021,0.014246,0.013180,0.013582,0.009352,0.009258,0.004983,
nan,0.018777,0.017136,nan,0.022061,0.021529,0.021464,0.019926,0.008679,0.018001,0.022755,0.016403,0.017882,0.017856,0.014393,0.015362,0.016185,0.012189,0.021239,0.009172,0.006620,
nan,0.135689,0.157439,0.138098,0.155749,0.147860,0.120536,0.136959,0.102542,0.083490,0.082898,0.071867,0.046981,0.052639,0.048719,0.047960,0.038009,0.007718,0.005215,0.001848,nan,
0.118724,0.149529,0.135029,0.140005,0.143817,0.125523,0.117866,0.114233,0.105345,0.093121,0.072251,0.080247,0.064838,0.056966,0.043220,0.029135,0.021222,0.012082,0.008223,0.003191,0.002147,
0.126327,0.142828,0.145945,0.135775,0.145748,0.135305,0.127335,0.113105,0.111756,0.099496,0.098259,0.081780,0.072482,0.052731,0.044938,0.034529,0.022153,0.011402,0.005966,0.004044,0.001873,
0.137559,0.141191,0.139957,0.136202,0.128293,0.133289,0.120357,0.111349,0.107526,0.092812,0.081894,0.069694,0.064653,0.050534,0.040246,0.034230,0.019377,0.011254,0.006662,0.004047,0.003296,
0.127760,0.140541,0.135444,0.124703,0.129675,0.119244,0.119082,0.110017,0.098311,0.091632,0.082042,0.077774,0.066851,0.053800,0.045541,0.033002,0.023338,0.011897,0.005643,0.004187,0.003465,
0.104308,0.124642,0.127780,0.132038,0.125022,0.117305,0.123839,0.109069,0.098026,0.090322,0.085472,0.076757,0.063637,0.051906,0.040275,0.028517,0.019024,0.010690,0.006104,0.003946,0.002551,
0.119271,0.122831,0.126886,0.122975,0.122534,0.114667,0.110376,0.103524,0.096220,0.086000,0.084726,0.072110,0.057779,0.044503,0.037568,0.028260,0.021826,0.013356,0.005946,0.004339,0.002976,
0.104673,0.120772,0.126441,0.120975,0.114245,0.110863,0.109493,0.096517,0.093145,0.081065,0.076572,0.067716,0.054489,0.048033,0.038114,0.028957,0.019406,0.010935,0.004921,0.004076,0.003068,
0.109107,0.111508,0.113711,0.113054,0.106777,0.102658,0.099044,0.094179,0.084332,0.079597,0.071628,0.063013,0.053176,0.047891,0.036694,0.025409,0.016794,0.011133,0.006186,0.004171,0.002871,
0.081046,0.109028,0.104094,0.105885,0.099714,0.095351,0.092215,0.085847,0.081510,0.076408,0.064790,0.060867,0.050242,0.044202,0.034822,0.024730,0.018387,0.011184,0.005360,0.003697,0.003048,
0.082014,0.102967,0.095208,0.096837,0.094395,0.093589,0.091542,0.083440,0.076588,0.068638,0.063330,0.059651,0.047785,0.042806,0.032909,0.024812,0.018697,0.010962,0.005626,0.004039,0.003297,
0.112816,0.097208,0.089852,0.088730,0.091700,0.084243,0.080917,0.076596,0.071172,0.065399,0.060164,0.050538,0.045857,0.039419,0.030790,0.024891,0.016744,0.010610,0.007022,0.004310,0.003275,
0.078364,0.086614,0.081998,0.080816,0.084492,0.078385,0.073013,0.067707,0.063500,0.058563,0.053475,0.048336,0.042594,0.034089,0.028851,0.022184,0.015980,0.010827,0.006434,0.005125,0.003640,
0.078109,0.079440,0.073365,0.069300,0.074600,0.070168,0.065146,0.061135,0.059317,0.055523,0.050536,0.045379,0.038025,0.033013,0.026605,0.021493,0.015061,0.010960,0.006741,0.005197,0.004149,
0.056246,0.068433,0.063740,0.064745,0.065068,0.058747,0.055213,0.057116,0.050505,0.046569,0.044405,0.039075,0.035658,0.029962,0.025839,0.019947,0.015504,0.010112,0.007784,0.006494,0.004154,
0.048796,0.057151,0.056050,0.051983,0.052538,0.047105,0.048595,0.047833,0.040308,0.037313,0.034617,0.032818,0.029565,0.026830,0.021893,0.018150,0.013892,0.010573,0.008108,0.006215,0.004716,
0.045426,0.042697,0.040108,0.037842,0.042554,0.036489,0.040973,0.035613,0.030336,0.031569,0.032543,0.028485,0.024500,0.022333,0.018965,0.015685,0.015328,0.010965,0.009457,0.006724,0.005714,
nan,nan,0.033049,0.025944,0.027707,0.024138,0.026548,0.025660,0.021844,0.021804,0.020228,0.022932,0.022208,0.017995,0.014844,0.017449,0.014128,0.012559,0.009699,0.007446,0.006577,
nan,0.027170,nan,0.018881,0.020035,0.018016,nan,0.020655,0.017392,0.020318,0.019884,0.018965,0.015058,0.016163,0.017817,0.024358,0.011938,0.016377,0.010266,0.009492,0.009596,
nan,0.141997,0.141529,0.131912,0.104814,0.127796,0.098755,0.072661,0.130413,0.087719,0.100595,0.078577,0.055286,0.061010,0.040169,0.027547,0.022800,0.017598,0.007170,0.007391,nan,
0.131944,0.142747,0.143581,0.139598,0.136618,0.136192,0.128513,0.111394,0.106120,0.097806,0.096001,0.085067,0.069543,0.055486,0.049962,0.031313,0.023667,0.012791,0.006169,0.003524,0.002386,
0.104683,0.139668,0.137546,0.149056,0.139790,0.128105,0.127964,0.118375,0.106322,0.100669,0.082496,0.077210,0.066579,0.053588,0.043264,0.034891,0.020264,0.009933,0.005042,0.002929,0.001382,
0.110220,0.146162,0.156456,0.135463,0.137579,0.124377,0.128034,0.114566,0.103390,0.097780,0.085234,0.078330,0.068399,0.057646,0.043906,0.030560,0.023697,0.013261,0.006432,0.004612,0.002729,
0.151534,0.135054,0.137163,0.134039,0.129947,0.123333,0.118427,0.114040,0.102441,0.098853,0.090372,0.072423,0.064768,0.050629,0.040603,0.030428,0.019043,0.011154,0.005806,0.003890,0.003188,
0.121183,0.131679,0.130366,0.125221,0.128311,0.114724,0.117922,0.106539,0.102978,0.093238,0.083240,0.070745,0.058301,0.052427,0.038666,0.032476,0.021417,0.013762,0.006738,0.004267,0.002674,
0.123198,0.123816,0.124975,0.123613,0.118114,0.116399,0.112741,0.102899,0.097803,0.088099,0.077013,0.071361,0.060559,0.052751,0.040146,0.028715,0.018587,0.009500,0.005870,0.003835,0.002500,
0.129130,0.123830,0.115110,0.117477,0.111861,0.107556,0.104618,0.098929,0.089041,0.084443,0.073007,0.066042,0.057115,0.045839,0.036808,0.026695,0.020080,0.012790,0.006555,0.004153,0.003319,
0.128112,0.107011,0.109436,0.110147,0.110104,0.105188,0.100279,0.091894,0.085422,0.082683,0.069836,0.065365,0.055290,0.044297,0.036578,0.027366,0.019625,0.010323,0.005249,0.003945,0.002928,
0.123825,0.101741,0.104418,0.102975,0.102801,0.098148,0.095798,0.086968,0.084278,0.073178,0.067778,0.058499,0.051928,0.041553,0.035514,0.025480,0.016599,0.011273,0.006323,0.004094,0.002559,
0.115593,0.099362,0.098214,0.099200,0.097562,0.090715,0.086303,0.080638,0.076600,0.069101,0.064312,0.053710,0.048146,0.038867,0.033272,0.024338,0.018308,0.011871,0.005291,0.003923,0.003045,
0.098728,0.090797,0.091630,0.093549,0.090445,0.083898,0.079738,0.076339,0.072254,0.065555,0.056981,0.052227,0.046016,0.037337,0.030622,0.023576,0.017130,0.010511,0.006778,0.004187,0.002899,
0.076559,0.084342,0.083483,0.085216,0.081652,0.075517,0.076589,0.071373,0.065503,0.059967,0.054830,0.049126,0.043542,0.035431,0.028992,0.022192,0.015759,0.010670,0.007048,0.004915,0.003988,
0.081276,0.075283,0.073182,0.078101,0.073668,0.068491,0.068265,0.065176,0.055922,0.052246,0.048939,0.043405,0.038598,0.032287,0.027153,0.020886,0.015516,0.010977,0.006686,0.005391,0.003062,
0.067100,0.069256,0.063226,0.067051,0.062589,0.061000,0.058597,0.056794,0.052305,0.048723,0.043391,0.039353,0.034638,0.030436,0.025251,0.018842,0.015693,0.010070,0.007491,0.006420,0.003934,
0.059862,0.053290,0.050972,0.052056,0.050489,0.052422,0.046818,0.044851,0.045638,0.040615,0.037228,0.034253,0.030280,0.027211,0.021306,0.018226,0.014275,0.010984,0.008080,0.007178,0.005539,
0.036692,0.052221,0.038818,0.043732,0.037021,0.041742,0.035060,0.040049,0.033115,0.032824,0.029553,0.029929,0.024939,0.022201,0.019434,0.017207,0.014690,0.011164,0.009466,0.007196,0.005709,
nan,nan,0.024375,0.033355,0.029741,0.027223,0.024778,0.025895,0.023032,0.025914,0.022840,0.021821,0.020407,0.019444,0.015965,0.016765,0.013271,0.012594,0.010039,0.007566,0.006143,
nan,nan,nan,0.018966,nan,0.022688,0.018628,0.016096,0.021254,0.033854,0.019899,0.030170,0.019945,0.013478,0.020690,0.013728,0.012324,0.013182,0.008527,0.009731,0.007365,
nan,0.144688,0.158450,0.160777,0.117481,0.125596,0.119085,0.155896,0.094536,0.070568,0.080213,0.076041,0.073652,0.044441,0.063378,0.032332,0.015427,0.008814,0.004119,0.002671,nan,
0.154011,0.148553,0.141029,0.140634,0.140862,0.129793,0.121647,0.124931,0.109793,0.099982,0.090872,0.086639,0.066807,0.050040,0.039823,0.031231,0.021616,0.013942,0.006294,0.003929,0.003218,
0.142922,0.157248,0.139488,0.135712,0.137541,0.130773,0.125289,0.117713,0.109072,0.101740,0.080823,0.074003,0.070418,0.050086,0.041243,0.032094,0.022043,0.011439,0.006096,0.003368,0.002274,
0.150015,0.136771,0.135222,0.155940,0.130942,0.124789,0.118927,0.115941,0.106033,0.101898,0.089906,0.079524,0.064038,0.056154,0.043278,0.031679,0.021492,0.013943,0.006076,0.003895,0.002248,
0.150596,0.140198,0.131950,0.132434,0.130427,0.122570,0.114509,0.113482,0.106552,0.093654,0.085652,0.070174,0.064753,0.050122,0.042099,0.029709,0.020838,0.011966,0.006196,0.004195,0.003560,
0.141445,0.131579,0.131291,0.128298,0.121872,0.120551,0.108227,0.110036,0.100987,0.088316,0.082698,0.074494,0.066185,0.052511,0.041588,0.030211,0.020522,0.010991,0.005573,0.003844,0.002826,
0.132834,0.129445,0.124524,0.123125,0.122936,0.113148,0.110491,0.103872,0.096406,0.086020,0.083150,0.072640,0.058722,0.046641,0.037937,0.027588,0.021410,0.012318,0.006831,0.004184,0.002728,
0.126256,0.120735,0.119249,0.112234,0.116247,0.111213,0.109635,0.095152,0.091521,0.079857,0.076326,0.067938,0.054569,0.048977,0.038077,0.027779,0.018810,0.010747,0.005234,0.003778,0.002963,
0.107648,0.123170,0.112058,0.111701,0.108071,0.102560,0.100122,0.093285,0.089138,0.078494,0.073350,0.060454,0.055133,0.047382,0.035231,0.026177,0.020211,0.011882,0.006002,0.004022,0.002918,
0.119436,0.111107,0.104276,0.107278,0.102549,0.096030,0.092038,0.085765,0.080478,0.074644,0.070551,0.058669,0.053318,0.043822,0.034856,0.026304,0.018022,0.010148,0.005822,0.004164,0.002953,
0.107674,0.099789,0.096187,0.100060,0.093859,0.090354,0.089169,0.083145,0.077679,0.070842,0.060576,0.056664,0.049473,0.040330,0.033429,0.025793,0.016433,0.011374,0.005736,0.003973,0.003471,
0.144773,0.096805,0.090375,0.090389,0.085528,0.086741,0.082246,0.077127,0.070902,0.064832,0.059483,0.052351,0.047262,0.038286,0.031977,0.023299,0.018091,0.011350,0.005438,0.004327,0.003044,
0.088183,0.085537,0.082082,0.084603,0.078059,0.078873,0.073016,0.070193,0.062963,0.060492,0.055330,0.050418,0.040873,0.035662,0.029333,0.021550,0.015781,0.010274,0.008008,0.004463,0.003443,
0.083770,0.077330,0.073898,0.075140,0.070371,0.070250,0.065177,0.064117,0.060323,0.054190,0.049178,0.043723,0.039167,0.033030,0.027244,0.021004,0.015722,0.011639,0.006756,0.005587,0.004111,
0.065452,0.066133,0.060888,0.063366,0.062208,0.062307,0.055877,0.055978,0.051008,0.047502,0.044833,0.040336,0.034491,0.030502,0.025231,0.018201,0.015830,0.009815,0.007425,0.006347,0.003924,
0.048006,0.053525,0.052773,0.053356,0.054394,0.049798,0.047565,0.046275,0.041288,0.039924,0.039307,0.034082,0.028849,0.025951,0.020674,0.018092,0.014447,0.011230,0.008351,0.006961,0.007317,
0.038242,0.042447,0.037142,0.042887,0.038410,0.035810,0.039546,0.037748,0.033266,0.031024,0.031408,0.027690,0.024834,0.023177,0.019350,0.018751,0.014703,0.011298,0.009944,0.006957,0.006134,
nan,0.033938,0.034946,0.035926,0.025750,0.022805,0.027724,0.024392,0.028310,0.023808,0.021657,0.024621,0.019176,0.016971,0.020938,0.014489,0.015737,0.012707,0.009714,0.008541,0.007020,
nan,nan,0.016699,0.018464,0.025219,nan,0.018808,0.020195,0.031071,0.013873,0.017031,0.011638,0.015723,0.015922,0.035546,0.017258,0.010084,0.012556,0.010899,0.007540,0.001533,
nan,0.140790,0.151249,0.132204,0.126323,0.142400,0.132810,0.103783,0.091012,0.111432,0.096613,0.087283,0.049296,0.056233,0.043151,0.017952,0.026622,0.011302,0.004260,0.003056,nan,
0.111712,0.147564,0.144100,0.145938,0.126556,0.134665,0.129098,0.111009,0.111271,0.101309,0.104306,0.072372,0.064882,0.054131,0.048934,0.031259,0.019817,0.013726,0.005560,0.004267,0.002263,
0.157180,0.142343,nan,0.139736,0.136472,0.133650,0.124057,0.119311,0.104861,0.100353,0.088705,0.077486,0.063497,0.052482,0.041586,0.030013,0.022689,0.013177,0.006771,0.003936,0.002151,
0.152395,0.141508,0.138884,0.136811,0.130365,0.119258,0.123295,0.119462,0.108704,0.098286,0.083130,0.072755,0.065888,0.051533,0.043498,0.031898,0.020320,0.011062,0.005014,0.003394,0.002096,
0.124413,0.136098,0.136609,0.129699,0.130778,0.124937,0.118339,0.111017,0.097021,0.092217,0.081209,0.071508,0.064217,0.052113,0.044142,0.033649,0.022629,0.011782,0.006786,0.004428,0.002354,
0.139855,0.134963,0.128893,0.129928,0.112940,0.119720,0.117620,0.106026,0.100353,0.095366,0.087108,0.073169,0.059861,0.050171,0.037925,0.029461,0.019073,0.011226,0.006995,0.004151,0.002812,
0.117907,0.135886,0.124483,0.123999,0.123205,0.117349,0.115753,0.103821,0.098496,0.087961,0.078556,0.070016,0.060362,0.052296,0.041066,0.030616,0.019493,0.011397,0.005448,0.003794,0.002896,
0.089454,0.123392,0.120106,0.120748,0.114527,0.108091,0.105043,0.098732,0.088105,0.083135,0.074120,0.066049,0.057178,0.045173,0.036457,0.026697,0.019558,0.012757,0.006334,0.004211,0.002461,
0.108324,0.115835,0.112949,0.114035,0.108286,0.100507,0.101964,0.093559,0.084579,0.080682,0.066828,0.064713,0.053436,0.045206,0.038329,0.026745,0.018463,0.010076,0.005469,0.004197,0.003021,
0.092606,0.109566,0.108664,0.104869,0.099922,0.101095,0.093619,0.087969,0.081786,0.075706,0.064887,0.059739,0.049706,0.045559,0.033767,0.024170,0.018514,0.011433,0.005760,0.004055,0.003438,
0.091914,0.103676,0.104318,0.097512,0.095386,0.092857,0.087808,0.082276,0.078411,0.068631,0.062995,0.056487,0.047980,0.040818,0.031571,0.026473,0.017162,0.010282,0.005854,0.004346,0.002906,
0.085057,0.093356,0.094653,0.091421,0.087354,0.084886,0.079456,0.079327,0.071140,0.065419,0.059686,0.053702,0.044287,0.038241,0.031943,0.024292,0.017253,0.011379,0.005739,0.004132,0.003247,
0.104072,0.087413,0.086193,0.081977,0.081053,0.076837,0.075951,0.070970,0.065479,0.059878,0.053033,0.048297,0.042068,0.035767,0.030611,0.021932,0.016439,0.010711,0.007247,0.004702,0.003417,
0.061041,0.079850,0.075366,0.073842,0.070545,0.068299,0.067851,0.061344,0.058696,0.054993,0.050287,0.044011,0.039429,0.033213,0.027858,0.021155,0.015796,0.011500,0.007508,0.005501,0.004256,
0.061231,0.065164,0.066857,0.063193,0.063726,0.057488,0.059500,0.052526,0.053191,0.047363,0.044357,0.041989,0.034673,0.030487,0.025198,0.019028,0.016079,0.010506,0.008062,0.005944,0.004082,
0.056058,0.054196,0.055142,0.050525,0.051773,0.049593,0.048059,0.043981,0.043363,0.041079,0.038134,0.034276,0.030304,0.027012,0.021735,0.018042,0.015348,0.011293,0.008184,0.007214,0.005516,
nan,0.039516,0.039631,0.040593,0.042247,0.039512,0.034848,0.035078,0.032997,0.031544,0.028066,0.027715,0.023987,0.021247,0.020772,0.018827,0.014718,0.011643,0.010641,0.007592,0.006581,
nan,0.023339,0.030282,0.026478,0.025493,0.039026,0.022833,0.025185,0.027379,0.028292,0.022836,0.020724,0.019556,0.019831,0.018112,0.015203,0.013619,0.011626,0.010297,0.008602,0.006729,
nan,0.026301,0.029523,0.027388,0.020945,0.013308,0.017656,0.022057,0.019004,0.015963,0.015165,0.017163,0.018795,0.014892,0.012103,0.013165,0.015137,0.012087,0.011634,0.008077,0.010541,
nan,0.144846,0.124113,0.183167,0.138223,0.118409,0.101880,0.084428,0.096604,0.090382,0.089178,0.080677,0.050004,0.052821,0.024965,0.035035,0.018602,0.017905,0.006538,0.003191,nan,
0.164060,0.138704,0.155331,0.143463,0.144259,0.131772,0.120361,0.108635,0.106176,0.103541,0.093609,0.083921,0.065828,0.060931,0.042216,0.035578,0.022817,0.015207,0.006624,0.004115,0.003239,
0.143913,0.141112,0.137272,0.137925,0.135104,0.124519,0.130342,0.113470,0.107188,0.095827,0.089644,0.076522,0.066769,0.055854,0.040601,0.035613,0.020995,0.013550,0.005717,0.004131,0.003158,
0.140807,0.139133,0.139844,0.138338,0.135184,0.129152,0.121208,0.113084,0.104538,0.095635,0.085429,0.077988,0.067245,0.053432,0.043933,0.030484,0.019575,0.010331,0.005986,0.003478,0.003003,
0.142675,0.138841,0.137364,0.130917,0.128889,0.125004,0.117768,0.112671,0.105714,0.095686,0.088687,0.075238,0.067175,0.054747,0.041747,0.028973,0.021314,0.011733,0.005777,0.003814,0.002212,
0.147814,0.137111,0.135183,0.132555,0.126435,0.128138,0.115316,0.112938,0.102949,0.092137,0.083028,0.067331,0.063379,0.051087,0.041413,0.031307,0.021079,0.012213,0.006031,0.004076,0.003034,
0.121593,0.125822,0.133008,0.124861,0.118526,0.112892,0.111226,0.103522,0.097012,0.086018,0.082653,0.073645,0.060127,0.049484,0.037402,0.028254,0.019327,0.010992,0.005927,0.004207,0.002461,
0.121629,0.124486,0.120829,0.118637,0.114261,0.110084,0.109057,0.098823,0.090844,0.086815,0.074973,0.066818,0.056994,0.049277,0.038888,0.028507,0.019011,0.009741,0.006046,0.003622,0.002949,
0.095984,0.114655,0.116295,0.111283,0.107447,0.105454,0.098977,0.091851,0.087362,0.080502,0.072087,0.062270,0.055467,0.045610,0.035046,0.026406,0.019778,0.012356,0.006098,0.004092,0.002685,
0.104742,0.104726,0.106483,0.104361,0.103663,0.098296,0.094653,0.090641,0.084595,0.071825,0.068128,0.061417,0.051434,0.042494,0.035988,0.025892,0.018042,0.010661,0.006068,0.004402,0.003149,
0.090687,0.098799,0.098134,0.097242,0.096616,0.090375,0.087305,0.083990,0.077127,0.070752,0.063649,0.058110,0.048108,0.042111,0.032891,0.024827,0.018223,0.011202,0.005858,0.004301,0.003288,
0.088003,0.091369,0.090753,0.088333,0.089777,0.084614,0.081882,0.074986,0.071883,0.065703,0.060947,0.052035,0.046224,0.038497,0.030591,0.024662,0.016755,0.011185,0.006225,0.004272,0.003242,
0.093519,0.082970,0.083454,0.080206,0.080997,0.078086,0.075118,0.068971,0.065645,0.060942,0.054353,0.048671,0.042712,0.035926,0.030046,0.022662,0.017045,0.011436,0.006349,0.004630,0.003399,
0.053642,0.074678,0.073783,0.072104,0.073815,0.070301,0.066904,0.063929,0.059273,0.054816,0.051622,0.045002,0.039426,0.033616,0.027569,0.021353,0.016014,0.010740,0.008461,0.004965,0.004007,
0.078554,0.071063,0.065603,0.061175,0.062403,0.061717,0.057382,0.057138,0.051627,0.048109,0.043837,0.038796,0.034098,0.031293,0.024991,0.019348,0.016074,0.011301,0.008126,0.006539,0.005059,
nan,0.051373,0.052676,0.049982,0.051001,0.050865,0.047120,0.047508,0.047456,0.039580,0.035214,0.034701,0.029360,0.026354,0.022147,0.019460,0.015466,0.011486,0.008848,0.006466,0.008251,
0.035144,0.039387,0.044704,0.037962,0.039630,0.039803,0.032704,0.038675,0.036662,0.031196,0.030501,0.028568,0.026451,0.023494,0.021151,0.016726,0.015390,0.011131,0.009951,0.007276,0.006119,
0.042535,0.020677,0.030412,0.028334,0.026072,0.032960,0.024263,0.024720,0.025216,0.029979,0.021734,0.023467,0.022614,0.018473,0.020627,0.016252,0.014007,0.011576,0.012529,0.008550,0.007367,
nan,0.022742,nan,0.018772,nan,0.022466,0.019641,0.018708,0.017297,0.017475,0.015425,0.020037,0.017241,0.017236,0.020770,0.014933,0.011096,0.012378,0.012082,0.008107,0.014796,
nan,0.141881,0.119658,0.155590,0.130299,0.119333,0.125317,0.126685,0.107289,0.079551,0.092883,0.112846,0.046436,0.042653,0.051444,0.030169,0.020670,0.003161,0.005899,0.003673,nan,
0.148797,0.142176,0.144989,0.136169,0.137767,0.130763,0.126152,0.113005,0.112919,0.100053,0.091754,0.078107,0.076536,0.055084,0.049911,0.033835,0.019093,0.013022,0.004639,0.003520,0.001572,
0.133540,0.143681,0.151239,0.135775,0.132580,0.136616,0.122204,0.122400,0.110832,0.091813,0.087166,0.076621,0.068524,0.054838,0.039858,0.033282,0.020502,0.013736,0.007322,0.003464,0.002126,
0.112651,0.143400,0.140860,0.134309,0.134614,0.125754,0.125738,0.113206,0.106118,0.098783,0.085675,0.079391,0.064445,0.051873,0.044226,0.032868,0.021837,0.011503,0.005521,0.003640,0.001845,
0.140660,0.141977,0.143177,0.130064,0.133406,0.121225,0.117289,0.111172,0.104090,0.095568,0.081078,0.070940,0.062788,0.050092,0.041130,0.030096,0.018888,0.011836,0.005482,0.003451,0.002212,
0.112456,0.130518,0.132424,0.128290,0.123635,0.119509,0.118255,0.107717,0.099102,0.090808,0.085053,0.071894,0.064274,0.049886,0.042279,0.030077,0.020978,0.011442,0.006083,0.004176,0.002372,
0.141382,0.126445,0.122660,0.123359,0.120517,0.119316,0.124767,0.102908,0.097760,0.088960,0.079868,0.069180,0.058926,0.050512,0.039750,0.031267,0.021566,0.012521,0.006201,0.004348,0.002908,
0.105939,0.122867,0.118155,0.118030,0.115835,0.109595,0.104025,0.099264,0.093485,0.082273,0.075571,0.068405,0.056821,0.045455,0.036722,0.027332,0.018561,0.011384,0.006528,0.003903,0.002788,
0.108607,0.115715,0.113481,0.109270,0.109185,0.104182,0.100486,0.094967,0.090764,0.079800,0.072942,0.063409,0.053896,0.047931,0.036319,0.026761,0.018719,0.010350,0.005794,0.004053,0.002523,
0.106497,0.108722,0.110173,0.102152,0.100457,0.099059,0.094440,0.088012,0.082195,0.074497,0.068779,0.057403,0.052022,0.043719,0.034069,0.025921,0.019907,0.011689,0.005817,0.004199,0.003039,
0.104079,0.099493,0.105063,0.094658,0.093571,0.093053,0.087183,0.083129,0.078121,0.070775,0.065841,0.055060,0.048632,0.040353,0.033483,0.024398,0.017057,0.011135,0.006318,0.004347,0.003313,
0.093062,0.093976,0.095835,0.089790,0.087099,0.085316,0.081144,0.078147,0.071878,0.066021,0.057766,0.052645,0.046550,0.039005,0.031457,0.025114,0.017151,0.010284,0.006199,0.004998,0.003462,
0.081758,0.083994,0.089636,0.082229,0.078467,0.078213,0.074681,0.071413,0.065824,0.061275,0.055387,0.048963,0.043026,0.036541,0.027827,0.023087,0.016956,0.011868,0.006523,0.004514,0.003485,
0.080251,0.072255,0.078945,0.072332,0.069152,0.070845,0.067202,0.063634,0.061398,0.054272,0.049879,0.046454,0.038726,0.032953,0.028398,0.021015,0.016274,0.011009,0.008318,0.005132,0.003675,
0.058717,0.065816,0.064693,0.064902,0.060465,0.061601,0.057837,0.054879,0.054000,0.047181,0.044356,0.039481,0.034055,0.031065,0.024241,0.019683,0.015849,0.011714,0.008261,0.006449,0.004784,
0.056491,0.056871,0.054457,0.050519,0.048792,0.050932,0.048447,0.044776,0.043707,0.038842,0.037156,0.036441,0.030874,0.027000,0.023270,0.019435,0.015578,0.012221,0.009088,0.007084,0.006329,
nan,0.042645,0.038926,0.037073,0.037852,0.038574,0.036614,0.037558,0.032898,0.032059,0.028855,0.028941,0.026493,0.023495,0.021155,0.017266,0.015593,0.011539,0.010964,0.007621,0.006989,
0.030615,0.034817,0.029359,0.030281,0.023573,0.023634,0.025208,0.025224,0.024970,0.025553,0.022394,0.022140,0.020810,0.020067,0.017300,0.016488,0.014467,0.012374,0.011518,0.009331,0.008044,
nan,0.019341,0.019710,0.018606,0.016999,0.015264,0.013964,0.018547,0.030540,0.037283,0.019302,0.016993,0.014523,0.017113,0.015918,0.015642,0.013331,0.012429,0.011053,0.010697,0.009504,
nan,0.134953,0.135103,0.129010,0.128507,0.125957,0.120025,0.101495,0.098977,0.086229,0.097189,0.060189,0.061467,0.056805,0.044031,0.014912,0.026239,0.005675,0.001967,0.002365,nan,
0.138664,0.150446,0.142994,0.139703,0.145849,0.138008,0.121702,0.127638,0.104536,0.103322,0.086363,0.078005,0.061085,0.053202,0.042101,0.035181,0.023797,0.010826,0.005369,0.003720,0.002764,
0.133043,0.146422,0.141011,0.143446,0.134826,0.130388,0.126372,0.116337,0.109434,0.099562,0.081161,0.078353,0.069232,0.055595,0.042062,0.031983,0.022309,0.011704,0.005325,0.003425,0.002357,
0.153961,0.143722,0.143276,nan,0.133335,0.125617,0.122610,0.120009,0.102369,0.098420,0.086651,0.076289,0.064868,0.051469,0.043432,0.031407,0.022919,0.011831,0.006459,0.004339,0.002481,
0.126874,0.139204,0.137024,0.133672,0.130434,0.126675,0.117260,0.110515,0.103350,0.092971,0.083357,0.072835,0.064845,0.053892,0.044809,0.030043,0.020384,0.011733,0.006403,0.003643,0.002617,
0.142923,0.130951,0.130368,0.130285,0.121863,nan,0.115526,0.110567,0.102228,0.094499,0.084670,0.069109,0.062559,0.049056,0.038367,0.028678,0.020632,0.011766,0.005821,0.003588,0.002246,
0.145759,0.132691,0.126690,0.123045,0.121836,0.113083,0.111830,0.103695,0.097310,0.087062,0.078763,0.071973,0.061272,0.050330,0.040540,0.029929,0.018569,0.010773,0.005572,0.003948,0.003061,
0.135503,0.126259,0.120950,0.114962,0.113925,0.109755,0.103795,0.107922,0.090052,0.084655,0.077475,0.066883,0.057198,0.049787,0.038959,0.029633,0.019748,0.011688,0.006018,0.004260,0.002769,
0.103310,0.119857,0.117361,0.108184,0.106068,0.106418,0.100252,0.093107,0.087192,0.079941,0.069448,0.063562,0.054265,0.043653,0.034732,0.026950,0.019308,0.011247,0.006755,0.004128,0.002791,
0.089940,0.111839,0.107757,0.103209,0.100060,0.098112,0.092704,0.089489,0.083326,0.074939,0.067166,0.059654,0.050995,0.045049,0.035090,0.025246,0.017230,0.010944,0.006310,0.004617,0.002717,
0.082771,0.104182,0.099006,0.098157,0.093418,0.091234,0.090838,0.082325,0.076098,0.071802,0.061171,0.056521,0.049283,0.040533,0.032849,0.024925,0.018488,0.011023,0.006074,0.004430,0.003147,
0.092199,0.090791,0.095091,0.090559,0.087379,0.084967,0.083572,0.075438,0.072424,0.066493,0.059681,0.052888,0.046497,0.037429,0.031842,0.023507,0.017770,0.011393,0.006358,0.004597,0.003524,
0.090873,0.086043,0.084254,0.083401,0.079804,0.077170,0.074436,0.070691,0.066066,0.060344,0.055879,0.049896,0.042896,0.037687,0.029664,0.023851,0.016266,0.011047,0.006977,0.005048,0.003863,
0.068574,0.076315,0.075112,0.074103,0.071697,0.069140,0.066940,0.065948,0.057500,0.055028,0.049437,0.045066,0.039522,0.034686,0.027436,0.020999,0.017384,0.011465,0.007084,0.005305,0.003699,
0.051465,0.064495,0.068965,0.064277,0.063954,0.061169,0.058650,0.056044,0.049786,0.047624,0.044408,0.040339,0.035178,0.029938,0.025013,0.020197,0.015590,0.011706,0.008945,0.005883,0.004311,
0.055326,0.056897,0.055104,0.052891,0.050303,0.051346,0.048489,0.047259,0.043159,0.040496,0.038480,0.033432,0.030521,0.027890,0.023695,0.019237,0.015390,0.012335,0.009424,0.007366,0.005545,
0.038257,0.036971,0.040399,0.039181,0.039368,0.040463,0.036633,0.036556,0.034038,0.032349,0.031345,0.029708,0.025168,0.022873,0.020568,0.017374,0.015730,0.012850,0.010467,0.008651,0.006489,
0.020501,0.027977,0.026467,0.025184,0.024871,0.023799,0.023162,0.024793,0.023913,0.022173,0.023165,0.021847,0.022902,0.019289,0.017389,0.015098,0.017027,0.012614,0.011668,0.011515,0.007370,
nan,nan,nan,0.048909,0.024273,0.011563,0.015663,0.027149,0.027811,0.018750,0.018595,0.015812,0.020375,0.011503,0.015780,0.014542,0.013216,0.011590,0.012159,0.011486,0.007186,
nan,0.144738,0.134112,0.115556,0.131449,0.126135,0.125249,0.117846,0.120612,0.094279,0.109210,0.071730,0.065593,0.062995,0.030394,0.034274,0.016197,0.017227,0.005805,0.004075,nan,
0.123042,0.157917,0.143898,0.139882,0.128017,0.133457,0.115307,0.118350,0.111102,0.086427,0.090595,0.076460,0.067579,0.054839,0.042990,0.028936,0.019728,0.015139,0.007215,0.003292,0.002163,
0.107131,0.138079,0.140972,0.140567,0.139547,0.132864,0.125072,0.118115,0.106509,0.097791,0.087839,0.078238,0.064317,0.053499,0.043147,0.032147,0.022007,0.013652,0.006099,0.004281,0.002956,
0.107594,0.138929,0.143299,0.135268,0.132711,0.128898,0.122921,0.117250,0.104710,0.095915,0.088645,0.077819,0.069175,0.054405,0.040032,0.034805,0.020391,0.012587,0.005661,0.003529,0.002375,
0.136603,0.131914,0.131423,0.135267,0.126621,0.126280,0.118540,0.110958,0.102219,0.095537,0.084466,0.076299,0.062119,0.053534,0.045752,0.030601,0.023476,0.011522,0.005780,0.003704,0.001996,
0.114208,0.129665,0.134760,0.124613,0.125499,0.120414,0.121251,0.109755,0.101008,0.089592,0.077162,0.069416,0.063230,0.051079,0.041358,0.030840,0.018957,0.012487,0.005773,0.003624,0.002530,
0.112390,0.125521,0.121570,0.120826,0.118732,0.118914,nan,0.104233,0.094334,0.089207,0.081330,0.067676,0.059629,0.046926,0.039685,0.029305,0.020522,0.010751,0.005820,0.003753,0.002291,
0.126186,0.117621,0.115521,0.119336,0.113050,0.111127,0.105316,0.098473,0.092899,0.083205,0.076259,0.067721,0.059230,0.048256,0.037977,0.028083,0.018204,0.010921,0.005942,0.004156,0.003087,
0.122106,0.114540,0.108597,0.113232,0.107960,0.102586,0.099445,0.094425,0.088079,0.076605,0.071606,0.063567,0.054593,0.047334,0.038205,0.027576,0.018747,0.010850,0.005758,0.004063,0.002757,
0.100258,0.108702,0.105384,0.108779,0.102875,0.098137,0.097291,0.088129,0.080875,0.072781,0.068149,0.060440,0.051541,0.042631,0.034199,0.026435,0.018908,0.011155,0.006849,0.004111,0.002805,
0.090713,0.103056,0.098851,0.099434,0.096493,0.091438,0.088151,0.083082,0.077250,0.070332,0.064189,0.056647,0.048726,0.041815,0.032732,0.024785,0.018213,0.011380,0.006465,0.004517,0.002949,
0.116902,0.095671,0.091656,0.091563,0.089173,0.085289,0.080493,0.077022,0.070174,0.067446,0.059799,0.053421,0.047282,0.038133,0.032190,0.024245,0.016899,0.011526,0.006830,0.004828,0.003271,
0.080910,0.083951,0.084413,0.083633,0.080503,0.079437,0.073956,0.070885,0.066288,0.060694,0.055109,0.050156,0.042926,0.035416,0.030254,0.023931,0.017450,0.010979,0.006514,0.005418,0.004047,
0.069659,0.078014,0.075294,0.073434,0.072912,0.071053,0.066393,0.063657,0.060225,0.055395,0.050351,0.045384,0.038466,0.032844,0.027746,0.021565,0.016047,0.012213,0.007330,0.005279,0.005132,
0.062872,0.068109,0.066115,0.063743,0.060920,0.062620,0.058501,0.053633,0.054462,0.048978,0.043770,0.039608,0.035367,0.030552,0.025449,0.020474,0.016278,0.011205,0.008775,0.005770,0.004595,
0.065128,0.053490,0.056972,0.055516,0.050923,0.049373,0.047139,0.044910,0.046280,0.039815,0.036632,0.034924,0.029864,0.027666,0.023390,0.019386,0.015380,0.012798,0.009898,0.008333,0.004796,
0.030237,0.041934,0.044433,0.042180,0.040240,0.039342,0.036772,0.033046,0.031558,0.033989,0.030781,0.029140,0.026259,0.023883,0.020378,0.017902,0.015673,0.012677,0.010830,0.009144,0.007505,
0.023951,0.022668,0.037818,0.027586,0.027901,0.026027,0.032918,0.025151,0.025701,0.029156,0.023826,0.022160,0.020068,0.020714,0.018993,0.016619,0.014305,0.012788,0.012942,0.011253,0.008083,
nan,nan,nan,0.023472,0.015954,0.019913,0.021388,0.008932,0.023769,0.023849,0.014718,0.019599,0.018973,0.021249,0.015661,0.018309,0.021989,0.014517,0.011926,0.010225,0.022021,
nan,0.122462,0.151566,0.138422,0.152273,0.122915,0.114066,0.118526,0.112738,0.080912,0.055427,0.085583,0.089267,0.045000,0.031546,0.033989,0.020970,0.014625,0.005329,0.004681,nan,
0.148308,0.137419,0.143330,0.139844,0.133706,0.128686,0.129883,0.118908,0.109923,0.097082,0.093257,0.083274,0.071014,0.054690,0.043532,0.037607,0.022043,0.011962,0.005695,0.004035,0.002767,
0.171773,0.147020,0.144589,0.138529,0.138861,0.128757,0.124214,0.113652,0.113133,0.096965,0.096313,0.076708,0.064363,0.052853,0.044663,0.031838,0.018434,0.012808,0.006029,0.003531,0.002418,
0.166754,0.135206,0.141010,0.136771,0.128436,0.127229,0.124589,0.114567,0.108764,0.095081,0.082885,0.078593,0.067133,0.054297,0.040267,0.031737,0.021476,0.012420,0.005555,0.003156,0.002500,
0.159122,0.136296,0.139931,0.128734,nan,0.121480,0.119450,0.114113,0.101739,0.094412,0.085445,0.076155,0.066309,0.052396,0.043058,0.032680,0.021097,0.011675,0.006021,0.003918,0.002395,
0.140704,0.129426,0.127039,0.128205,0.124018,0.117887,0.115994,0.107125,0.099656,0.092045,0.082759,0.073747,0.062194,0.051965,0.042412,0.029498,0.022192,0.011369,0.006046,0.003843,0.002089,
0.149987,0.123960,0.125651,0.126522,0.120520,0.115681,0.110952,0.103660,0.098035,0.087682,0.079874,0.067044,0.061229,0.047905,0.039998,0.028382,0.019156,0.012510,0.006278,0.003626,0.002568,
0.143826,0.115157,0.120302,0.121017,0.115757,0.108553,0.105288,0.101473,0.090281,0.084855,0.077459,0.065747,0.057097,0.046484,0.037859,0.028587,0.019180,0.011024,0.006373,0.003926,0.002389,
0.131135,0.110131,0.113835,0.114850,0.109415,0.106289,0.101705,0.093231,0.085636,0.079900,0.072105,0.064619,0.055311,0.045397,0.035224,0.026731,0.018974,0.011141,0.006216,0.004281,0.002753,
0.106823,0.103577,0.106643,0.104239,0.101269,0.097158,0.092297,0.089549,0.082279,0.074832,0.068230,0.059384,0.052811,0.044337,0.035141,0.025950,0.017781,0.010970,0.006118,0.004390,0.003108,
0.103422,0.096478,0.098659,0.098948,0.095251,0.092448,0.087637,0.083342,0.076969,0.071229,0.064292,0.057718,0.048518,0.041611,0.033110,0.026088,0.017265,0.010787,0.007170,0.004480,0.003203,
0.087549,0.089532,0.093507,0.092096,0.088150,0.086164,0.080714,0.077905,0.072094,0.066184,0.060554,0.053515,0.046307,0.038696,0.031828,0.024400,0.018145,0.011708,0.007583,0.004674,0.003756,
0.085058,0.083944,0.085298,0.083800,0.081584,0.078491,0.074840,0.070607,0.066824,0.061119,0.054896,0.049807,0.046407,0.035922,0.030017,0.023052,0.016859,0.011940,0.006877,0.005397,0.003733,
0.060173,0.076234,0.076245,0.075094,0.072343,0.071194,0.067114,0.062797,0.059261,0.054632,0.049549,0.045191,0.039092,0.033774,0.027678,0.023266,0.016305,0.011501,0.007605,0.006467,0.003998,
0.067053,0.070442,0.065285,0.062567,0.064479,0.062199,0.057385,0.055373,0.050756,0.048224,0.043979,0.040364,0.034810,0.030997,0.025963,0.020472,0.016535,0.011839,0.008566,0.006494,0.005391,
0.046578,0.052355,0.052384,0.051770,0.051415,0.051205,0.050372,0.046034,0.042730,0.040956,0.037929,0.034878,0.030483,0.027594,0.023170,0.019680,0.015727,0.012143,0.009308,0.006755,0.006786,
0.041911,0.041617,0.037165,0.041165,0.038890,0.041009,0.038266,0.035609,0.032562,0.031733,0.029954,0.029201,0.026130,0.022657,0.021053,0.017696,0.015275,0.013236,0.010595,0.010367,0.006431,
nan,0.039073,0.028168,0.025580,0.027859,0.026976,0.029953,0.023310,0.024961,0.023706,0.022719,0.021201,0.021108,0.018993,0.018662,0.018530,0.016551,0.013337,0.013640,0.011149,0.008063,
nan,nan,0.020614,nan,0.015840,0.015735,0.019151,0.018734,0.040347,0.019115,0.018898,0.019943,0.015946,0.024049,0.015491,0.017341,0.014966,0.014079,0.015520,0.009849,0.013555,
nan,0.150908,0.143874,0.133774,0.146052,0.118442,0.121133,0.103704,0.122975,0.097856,0.086550,0.079863,0.076799,0.048658,0.024072,0.036393,0.015997,0.008201,0.005869,0.002610,nan,
0.160983,0.105169,0.141502,0.140294,0.135524,0.129494,0.121227,0.121993,0.114961,0.092872,0.091941,0.078185,0.061535,0.057926,0.042545,0.031393,0.021634,0.010426,0.006483,0.003865,0.003076,
0.142316,0.139825,0.142210,0.138587,0.135862,0.134153,0.122916,0.116568,0.107164,0.100304,0.088029,0.078054,0.068359,0.055874,0.043035,0.030588,0.021892,0.013443,0.005342,0.003797,0.001926,
0.147360,0.135243,0.139890,0.135383,0.132989,0.127867,0.123657,0.114073,0.108082,0.094064,0.088202,0.076844,0.064481,0.050621,0.041810,0.031906,0.019466,0.013036,0.005974,0.003663,0.002566,
0.129599,0.130220,0.133867,0.133975,0.129471,0.126898,0.119346,0.113736,0.104974,0.094217,0.082677,0.075393,0.065462,0.051463,0.041008,0.031946,0.021017,0.012367,0.005518,0.003219,0.002464,
0.122184,0.126387,0.131848,0.130638,0.125075,0.123336,0.114362,0.108443,0.100064,0.090903,0.081177,0.073578,0.062739,0.050354,0.041034,0.031920,0.020730,0.011745,0.005809,0.003404,0.002432,
0.117952,0.121845,0.124683,0.125021,0.121239,0.114393,nan,0.105095,0.096723,0.089250,0.079498,0.070523,0.058187,0.050034,0.041825,0.029573,0.021409,0.011145,0.006065,0.003704,0.002342,
0.127648,0.119392,0.120063,0.116424,0.114358,0.109965,0.106332,0.098199,0.092676,0.083675,0.075448,0.065803,0.059344,0.048303,0.037598,0.027551,0.018959,0.011482,0.005867,0.003570,0.002478,
0.122837,0.112385,0.112976,0.111832,0.107710,0.104504,0.099788,0.094967,0.087790,0.080311,0.072465,0.064050,0.055831,0.044184,0.037284,0.027726,0.019010,0.011228,0.006322,0.003868,0.002809,
0.120099,0.108149,0.104654,0.104757,0.101697,0.098102,0.093426,0.087863,0.082036,0.075111,0.068942,0.060479,0.051072,0.044000,0.034611,0.025976,0.018372,0.010956,0.006610,0.004132,0.002929,
0.126027,0.097253,0.099791,0.097695,0.096226,0.091612,0.087948,0.083857,0.077445,0.071441,0.064721,0.054746,0.049671,0.041060,0.033058,0.024713,0.017696,0.011519,0.006685,0.004602,0.003308,
0.087451,0.091328,0.091406,0.090702,0.089614,0.085219,0.081325,0.077536,0.071847,0.065924,0.060329,0.053068,0.046146,0.039647,0.031187,0.024719,0.016982,0.010794,0.006795,0.004730,0.004382,
0.081660,0.082707,0.084777,0.082618,0.080711,0.078177,0.074512,0.070755,0.066013,0.060831,0.054859,0.049672,0.042546,0.036139,0.029903,0.023665,0.017276,0.011146,0.008000,0.005064,0.004021,
0.083249,0.074821,0.075984,0.074648,0.071450,0.071556,0.066577,0.063852,0.059222,0.055532,0.050118,0.045251,0.039105,0.034148,0.027966,0.023250,0.017099,0.011927,0.007743,0.006411,0.004225,
nan,0.065741,0.067708,0.065264,0.061947,0.063461,0.057495,0.054407,0.051359,0.048241,0.044286,0.040694,0.035414,0.031200,0.026053,0.020687,0.015864,0.012279,0.008434,0.007062,0.005435,
0.052570,0.055912,0.052865,0.055074,0.054076,0.050019,0.047396,0.046060,0.043312,0.039968,0.038911,0.034230,0.031037,0.026568,0.022868,0.019888,0.016239,0.012154,0.009890,0.008208,0.005909,
nan,0.036679,0.039303,0.046585,0.037785,0.037768,0.039698,0.034621,0.033983,0.032875,0.030187,0.027555,0.026149,0.024132,0.020959,0.018970,0.015397,0.013648,0.010581,0.008919,0.007061,
0.021719,0.029076,0.029946,0.027558,0.027202,0.032086,0.025201,0.025092,0.027659,0.024138,0.023877,0.025189,0.019064,0.021868,0.018779,0.017333,0.017275,0.012931,0.012457,0.011619,0.009342,
nan,nan,nan,0.022299,0.017674,0.021454,0.015772,0.023013,0.019606,0.016551,0.020297,0.022086,0.015585,0.020029,0.022282,0.020041,0.018098,0.013991,0.013739,0.013831,0.012594,
nan,0.166377,0.149173,0.126266,0.134996,0.124344,0.137926,0.107457,0.100452,0.110601,0.112677,0.064279,0.048499,0.062969,0.041442,0.036134,0.026885,0.006500,0.005634,0.003664,nan,
0.146021,0.167229,0.137980,0.135354,0.130415,0.133802,0.116056,0.116018,0.107081,0.093955,0.090377,0.079707,0.068493,0.050539,0.049652,0.030297,0.023125,0.011390,0.005635,0.003568,0.002926,
0.136043,0.141398,0.145270,0.137933,0.137391,0.131099,0.120495,0.117293,0.108227,0.095621,0.089395,0.076640,0.064220,0.053567,0.044427,0.033109,0.022460,0.012823,0.005950,0.003502,0.002577,
0.132449,0.141605,0.138371,0.136945,0.136169,0.127074,0.122891,0.115107,0.105407,0.098448,0.087560,0.076532,0.066380,0.053490,0.041559,0.030363,0.020866,0.013232,0.005606,0.003835,0.002263,
0.121881,0.135251,0.133147,0.132572,0.127979,0.124186,0.120086,0.112381,0.105169,0.092841,0.085519,0.075098,0.064032,0.051045,0.041613,0.031377,0.018613,0.013118,0.005969,0.003895,0.002540,
0.117135,0.131846,0.133586,0.126103,0.126501,0.119738,0.115977,0.110855,0.100644,0.090753,0.080813,0.073804,0.063397,0.050451,0.039522,0.030510,0.020741,0.012518,0.005398,0.003800,0.002556,
0.111248,0.125726,0.128300,0.120927,0.118928,0.116633,0.111070,0.103357,0.097001,0.088252,0.078062,0.071338,0.061854,0.049896,0.038842,0.029559,0.019886,0.012527,0.005210,0.003603,0.002446,
0.098751,0.117207,0.122200,0.114783,0.114844,0.110194,0.105231,0.099679,0.092835,0.084926,0.076697,0.068330,0.056540,0.047602,0.039256,0.029225,0.020451,0.011534,0.005900,0.003817,0.002465,
0.117290,0.116016,0.114998,0.108057,0.107769,0.104669,0.099708,0.094515,0.088791,0.078946,0.071518,0.062711,0.055183,0.045925,0.037242,0.027561,0.019974,0.011140,0.005869,0.003965,0.002663,
0.115998,0.106646,0.107501,0.104002,0.103092,0.098366,0.094533,0.089669,0.082543,0.066554,0.068140,0.060180,0.053579,0.043239,0.035321,0.026877,0.018885,0.011475,0.006095,0.004010,0.003082,
0.092707,0.101072,0.099131,0.096856,0.094615,0.093251,0.089096,0.083164,0.077821,0.071170,0.063087,0.056925,0.049241,0.041851,0.033420,0.025228,0.017996,0.010979,0.006366,0.004607,0.003037,
0.083092,0.092882,0.092317,0.089448,0.088393,0.085114,0.082166,0.078487,0.072030,0.066334,0.059908,0.053692,0.046317,0.038793,0.031606,0.023776,0.017652,0.011394,0.007037,0.005191,0.003361,
0.070912,0.086253,0.083674,0.081264,0.079840,0.078839,0.075496,0.071509,0.065730,0.061144,0.055517,0.049453,0.043026,0.036719,0.029655,0.023397,0.017264,0.011454,0.007428,0.005737,0.004804,
0.072551,0.075950,0.074462,0.072852,0.071142,0.069505,0.067116,0.064551,0.060154,0.054868,0.050318,0.045327,0.039445,0.034046,0.028109,0.022137,0.017002,0.011473,0.007808,0.005867,0.004568,
0.072352,0.064238,0.064709,0.062263,0.060937,0.059774,0.057734,0.055875,0.052375,0.049235,0.044713,0.040001,0.035445,0.030916,0.026133,0.021485,0.016508,0.012280,0.009184,0.007182,0.005176,
0.051671,0.057561,0.052600,0.052367,0.050522,0.047890,0.046931,0.046677,0.043044,0.040335,0.037458,0.034636,0.030498,0.028161,0.023629,0.020034,0.016262,0.012681,0.009916,0.007743,0.006671,
0.030314,0.037666,0.038147,0.037148,0.037427,0.036507,0.037654,0.034053,0.035001,0.034293,0.030952,0.028569,0.026508,0.023986,0.021942,0.018809,0.015946,0.014120,0.011102,0.008962,0.008653,
0.054589,0.028643,0.033794,0.035532,0.025332,0.024070,0.023412,0.024259,0.025103,0.025255,0.022214,0.023176,0.024028,0.019840,0.020270,0.019086,0.016195,0.014342,0.012517,0.011109,0.009265,
nan,nan,nan,0.016739,0.018543,0.020769,0.021339,0.018319,0.016207,0.018578,0.022341,0.025124,0.018180,0.020172,0.024765,0.016671,0.018205,0.017806,0.015158,0.011332,0.009753,
nan,0.138438,0.159668,0.137729,0.144758,0.137660,0.120649,0.106521,0.105078,0.090771,0.056503,0.078734,0.079613,0.052106,0.045953,0.024542,0.019349,0.004066,0.005921,0.007865,nan,
0.140120,nan,0.138667,0.141660,0.133644,0.129478,0.132065,0.111996,0.114694,0.098093,0.096576,0.079755,0.067047,0.053967,0.043824,0.024967,0.019283,0.010875,0.005345,0.003660,0.004816,
0.137014,0.139464,0.144731,0.138143,0.133092,0.128883,0.119053,0.117168,0.108072,0.095136,0.092327,0.080707,0.066019,0.052531,0.045842,0.030323,0.022904,0.011668,0.005931,0.004056,0.003454,
0.137892,0.136607,0.137571,0.143246,0.133218,0.131022,0.119386,0.114110,0.106149,0.093908,0.089704,0.077767,0.062691,0.052709,0.043861,0.031870,0.022742,0.011572,0.005443,0.003812,0.002705,
0.142928,0.136286,0.135060,0.131381,0.127929,0.124984,0.118652,0.111441,0.105040,0.094333,0.087062,0.076461,0.063579,0.051330,0.042337,0.031268,0.020664,0.012593,0.005156,0.003795,0.002067,
0.130823,0.133193,0.127635,0.126058,0.125841,0.123631,0.115352,0.108867,0.101921,0.092151,0.082191,0.072852,0.061716,0.049989,0.041488,0.029306,0.019723,0.012246,0.005275,0.003807,0.002174,
0.137094,0.128670,0.122164,0.121952,0.120882,0.115311,0.110793,0.104496,0.096747,0.087886,0.078773,0.070415,0.059917,0.047607,0.039904,0.030110,0.019489,0.012089,0.005783,0.003826,0.002523,
0.131318,0.120500,0.117244,0.116618,0.115283,0.110672,0.105828,0.100446,0.092802,0.084443,0.074773,0.067729,0.058476,0.047154,0.037915,0.027694,0.019684,0.012582,0.005470,0.003894,0.002447,
0.121652,0.109498,0.112358,0.112850,0.110664,0.104123,0.100327,0.095037,0.086820,0.080452,0.072588,0.065097,0.055145,0.044685,0.036085,0.027498,0.018578,0.012141,0.005800,0.004015,0.002560,
0.096286,0.105538,0.106327,0.104099,0.102909,0.099016,0.093729,0.089249,0.082599,0.075466,0.068753,0.060359,0.052120,0.043263,0.034986,0.026756,0.018287,0.012244,0.005813,0.004238,0.002814,
0.104389,0.098579,0.100451,0.097558,0.096834,0.092058,0.086712,0.083551,0.077153,0.070484,0.064393,0.057430,0.049432,0.041166,0.033643,0.025705,0.018143,0.011904,0.006115,0.004454,0.003274,
0.100936,0.087919,0.092586,0.090247,0.089583,0.084991,0.080326,0.077005,0.072143,0.065771,0.060159,0.053588,0.046960,0.039194,0.031962,0.024712,0.017895,0.011940,0.006543,0.004644,0.003640,
0.085742,0.081649,0.085681,0.081924,0.081841,0.077098,0.073508,0.070221,0.066205,0.060775,0.055669,0.049143,0.043069,0.037045,0.030490,0.023727,0.017189,0.011952,0.007321,0.005044,0.003949,
0.061139,0.073699,0.075923,0.073033,0.073632,0.070336,0.065663,0.063330,0.060011,0.055155,0.050151,0.045496,0.039286,0.034184,0.028151,0.022669,0.017261,0.011907,0.008270,0.005829,0.004034,
0.060072,0.063214,0.064464,0.064451,0.063823,0.060635,0.056945,0.055142,0.052679,0.048708,0.044579,0.040715,0.035878,0.030964,0.025910,0.021573,0.016982,0.012181,0.008853,0.006698,0.004829,
0.057034,0.049460,0.051914,0.053539,0.051084,0.049731,0.046957,0.046090,0.042715,0.041427,0.037607,0.035248,0.031547,0.027550,0.023909,0.019997,0.016471,0.012599,0.010298,0.007635,0.007255,
0.035014,0.037913,0.040441,0.039512,0.038081,0.038053,0.035145,0.034913,0.034327,0.031841,0.032553,0.029526,0.026113,0.022997,0.022288,0.018832,0.016014,0.013565,0.011034,0.009136,0.007369,
nan,0.023302,0.026283,0.023324,0.026796,0.028306,0.025035,0.025975,0.024017,0.023649,0.023195,0.023004,0.020485,0.019057,0.019098,0.018192,0.017743,0.014391,0.014067,0.012398,0.009368,
nan,nan,nan,nan,nan,0.019689,0.019785,0.020420,0.017880,0.018761,0.015460,0.015836,0.016953,0.017758,0.014717,0.017506,0.015554,0.012611,0.014103,0.011546,0.009438,
0.143009,0.174279,0.142532,0.122008,0.123662,0.120869,0.117688,0.114249,0.105754,0.077024,0.072049,0.060737,0.061735,0.071009,0.050353,0.039549,0.021334,0.017836,0.006456,0.007568,nan,
0.133327,0.143804,0.149171,0.132864,0.139512,0.130925,0.108890,0.115170,0.096091,0.091774,0.081560,0.072680,0.060926,0.056002,0.041946,0.033223,0.025158,0.012916,0.006117,0.005037,0.006134,
0.131310,0.145231,0.142068,0.139214,0.133090,0.129143,0.120438,0.114168,0.103775,0.097866,0.087801,0.075024,0.064129,0.054507,0.044082,0.029929,0.023204,0.010658,0.005501,0.003967,0.004472,
0.127082,0.137724,0.138214,0.135807,0.130348,0.126198,0.118429,0.111124,0.105423,0.095351,0.087385,0.075641,0.066074,0.051661,0.046672,0.029229,0.024326,0.012017,0.005941,0.003587,0.004345,
0.123391,0.132898,0.138547,0.132696,0.129500,0.125778,0.116004,0.109559,0.100152,0.092878,0.086035,0.073005,0.063958,0.050215,0.044939,0.028667,0.023724,0.011406,0.006060,0.003343,0.004134,
0.128870,0.127035,0.139038,0.130601,0.123840,0.120571,0.111879,0.105608,0.100554,0.088111,0.085635,0.073641,0.061686,0.049640,0.042460,0.029842,0.022116,0.012003,0.005881,0.003333,0.003200,
0.121448,0.119650,0.132072,0.126522,0.121702,0.116495,0.110442,0.104076,0.096835,0.085369,0.080965,0.071883,0.058522,0.048101,0.040357,0.028691,0.021110,0.012256,0.005532,0.003609,0.002819,
0.118730,0.114413,0.123018,0.120519,0.115409,0.108992,0.103197,0.099683,0.092933,0.082548,0.076849,0.067753,0.057809,0.046487,0.039302,0.027908,0.019789,0.011634,0.005595,0.003745,0.002748,
0.108679,0.108654,0.115737,0.112963,0.108464,0.103001,0.096694,0.093729,0.087827,0.079751,0.071919,0.064241,0.055419,0.044803,0.036948,0.027950,0.019092,0.011753,0.005652,0.003795,0.002843,
0.103749,0.103708,0.107981,0.107102,0.103711,0.097278,0.091710,0.087834,0.082556,0.075602,0.067975,0.061239,0.053471,0.042536,0.035235,0.026426,0.018468,0.011181,0.005893,0.004251,0.002991,
0.105125,0.096822,0.100101,0.098559,0.095461,0.091997,0.086286,0.082519,0.077311,0.070760,0.064351,0.057424,0.050121,0.040425,0.033268,0.026055,0.017909,0.011331,0.006093,0.004364,0.003180,
0.099831,0.088509,0.092074,0.090067,0.087733,0.084919,0.080135,0.076511,0.071314,0.066391,0.060069,0.053648,0.046513,0.038556,0.031276,0.024713,0.016943,0.011185,0.006418,0.004686,0.003440,
0.086202,0.078809,0.085465,0.083500,0.078860,0.077981,0.073240,0.070291,0.065728,0.060756,0.055599,0.049604,0.043391,0.036641,0.029800,0.023397,0.016840,0.011695,0.006808,0.004942,0.003916,
0.074421,0.069044,0.076366,0.074367,0.070788,0.070676,0.066834,0.063549,0.059135,0.055514,0.050943,0.045408,0.039933,0.034285,0.028565,0.022657,0.017025,0.012639,0.007576,0.005776,0.004384,
0.067801,0.063471,0.068022,0.064703,0.060203,0.062002,0.057721,0.055922,0.051383,0.048627,0.045105,0.040048,0.036006,0.031217,0.026295,0.021710,0.017282,0.012847,0.008518,0.006018,0.004896,
0.051219,0.054128,0.052728,0.051621,0.047851,0.051723,0.048095,0.046100,0.042965,0.039938,0.037996,0.033706,0.031110,0.026886,0.024414,0.020446,0.016897,0.013247,0.010375,0.007429,0.006586,
0.048941,0.039526,0.038372,0.038515,0.036581,0.038505,0.037160,0.034718,0.034423,0.030253,0.030653,0.029807,0.026184,0.024197,0.021637,0.019263,0.016532,0.013924,0.011580,0.009044,0.006619,
0.044081,0.024856,0.026971,0.024859,0.028239,0.023814,0.027475,0.021433,0.022003,0.022537,0.021887,0.022774,0.019061,0.020225,0.017678,0.017543,0.015437,0.014645,0.012797,0.011138,0.008514,
nan,nan,nan,nan,nan,nan,nan,nan,nan,nan,0.021678,0.020316,0.011706,0.014219,0.028274,0.016412,0.016133,0.021676,0.013857,0.015319,0.010673,
