0.263800,0.244745,0.333238,0.245921,0.200940,0.252178,0.159873,0.158899,0.376348,0.290878,0.206788,0.127722,0.379580,0.158938,0.120685,0.071871,0.067883,0.083869,0.016873,0.038051,0.012218,
0.467808,0.316925,0.368744,0.257892,0.218346,0.293189,0.350285,0.194964,0.385603,0.232015,0.160836,0.183471,0.230174,0.193410,0.105982,0.098543,0.160294,0.051597,0.048804,0.016010,0.013571,
0.460542,0.398860,0.302890,0.343122,0.249320,0.299044,0.462162,0.270567,0.228831,0.341573,0.156789,0.198417,0.207739,0.139574,0.112661,0.111525,0.114222,0.046557,0.041223,0.015574,0.008955,
0.434788,0.671812,0.282153,0.344027,0.265551,0.274356,0.361234,0.334276,0.197037,0.294854,0.152140,0.226546,0.187048,0.228902,0.146232,0.119978,0.099552,0.048277,0.043773,0.020465,0.011026,
0.335300,0.770386,0.281157,0.348500,0.229957,0.300263,0.298933,0.290256,0.196237,0.281581,0.155862,0.244382,0.162964,0.230096,0.177116,0.113672,0.098793,0.046165,0.041496,0.026759,0.014035,
0.182251,0.415684,0.279467,0.321128,0.233619,0.335314,0.282668,0.280534,0.246339,0.259738,0.173574,0.226480,0.164716,0.220483,0.174795,0.123740,0.091903,0.057592,0.044836,0.030920,0.018587,
0.225662,0.241983,0.242821,0.272136,0.208885,0.332740,0.266054,0.270630,0.267666,0.222202,0.209987,0.221785,0.171011,0.178602,0.168366,0.131639,0.090053,0.064129,0.051005,0.030338,0.018294,
0.205192,0.189107,0.202870,0.247889,0.187213,0.272723,0.315998,0.303913,0.240001,0.203861,0.220241,0.208128,0.203226,0.170578,0.194929,0.148325,0.091940,0.073015,0.064132,0.026988,0.011591,
0.210318,0.147477,0.217968,0.221637,0.234351,0.259803,0.410740,0.280316,0.239457,0.255920,0.254794,0.228417,0.189036,0.184531,0.190711,0.149822,0.104937,0.086247,0.090963,0.035590,0.014244,
0.243358,0.126372,0.212077,0.171851,0.210463,0.248798,0.400382,0.247708,0.242873,0.304053,0.226745,0.291447,0.212287,0.233105,0.223793,0.156604,0.131544,0.113209,0.090226,0.047856,0.020422,
0.197656,0.125758,0.233700,0.155448,0.190655,0.261467,0.293671,0.219496,0.267604,0.273761,0.255368,0.338568,0.244527,0.267582,0.240845,0.207997,0.162778,0.129695,0.093720,0.053522,0.028956,
0.139260,0.139626,0.248030,0.195757,0.201413,0.297106,0.309652,0.225705,0.300944,0.245172,0.354907,0.380504,0.233782,0.283844,0.267934,0.254397,0.215035,0.151716,0.116213,0.051438,0.019048,
0.076176,0.137339,0.242052,0.300888,0.199242,0.248801,0.227258,0.269221,0.337297,0.245521,0.432096,0.440316,0.341654,0.349884,0.322183,0.268296,0.230663,0.184107,0.142607,0.063054,0.009177,
0.124033,0.317128,0.179368,0.345406,0.241038,0.377435,0.268267,0.283769,0.337559,0.293949,0.503752,0.359906,0.447264,0.432116,0.412446,0.331346,0.283259,0.209582,0.112790,0.046985,0.029503,
0.206543,0.792259,0.199209,0.221191,0.218951,0.347819,0.321868,0.290171,0.283836,0.316273,0.486883,0.357494,0.469167,0.418444,0.483014,0.436105,0.350515,0.287079,0.099756,0.040680,0.013222,
0.105089,0.251226,0.264457,0.260546,0.283068,0.251359,0.359015,0.292132,0.380794,0.606964,0.478565,0.493764,0.598941,0.497900,0.531482,0.425246,0.423380,0.241336,0.078438,0.036659,0.033026,
2.054105,0.132562,0.116221,0.168748,0.346465,0.397214,0.390702,0.278505,0.302626,0.600410,0.541989,0.653696,0.569565,0.615429,0.810218,0.504260,0.581954,0.186629,0.061812,0.023389,0.010427,
0.598423,0.319569,0.412387,0.234871,0.269226,0.224397,0.385211,0.657530,0.400633,0.437333,0.522048,0.619295,0.527092,0.647892,0.690336,0.446076,0.192726,0.162699,0.025210,0.011517,0.010730,
nan,nan,nan,nan,nan,nan,nan,nan,nan,nan,0.430124,0.568008,0.578458,0.622346,0.375845,0.495547,0.162025,0.025975,0.009330,0.002869,nan,
nan,nan,0.197840,0.175962,0.206522,0.195862,0.246498,0.213095,0.807267,0.143058,0.719677,0.203616,0.078238,0.428869,0.047560,0.052361,0.059150,0.035003,0.022060,0.020782,0.018474,
nan,0.314162,0.327537,0.316035,0.254205,0.325878,0.343518,0.312839,0.194891,0.346598,0.183767,0.177002,0.175050,0.193859,0.103768,0.093674,0.075318,0.046474,0.048089,0.019712,0.007270,
0.236417,0.268139,0.314069,0.238575,0.264074,0.337331,0.290482,0.326414,0.190483,0.245144,0.199247,0.201397,0.190596,0.202943,0.103619,0.102216,0.084730,0.052956,0.034661,0.026272,0.009911,
0.271026,0.273243,0.336145,0.288695,0.245291,0.299163,0.309823,0.332277,0.272155,0.207916,0.246873,0.243860,0.175250,0.153549,0.107298,0.094288,0.083902,0.053515,0.043630,0.024386,0.014945,
0.180111,0.236379,0.264917,0.346678,0.264965,0.338777,0.325360,0.280221,0.265838,0.215033,0.240183,0.240254,0.184843,0.153429,0.119058,0.117249,0.076649,0.072503,0.039810,0.023276,0.014288,
0.182202,0.329886,0.265808,0.377965,0.277230,0.297720,0.293881,0.222660,0.210758,0.293604,0.232092,0.265493,0.180993,0.131097,0.122065,0.109970,0.078249,0.067758,0.055199,0.024600,0.015845,
0.565567,0.286608,0.261880,0.338974,0.308375,0.259985,0.247333,0.267747,0.198659,0.326449,0.241531,0.208183,0.200505,0.161977,0.123393,0.118989,0.088121,0.067938,0.058216,0.032124,0.025306,
0.594250,0.231303,0.274201,0.259021,0.318600,0.241831,0.236649,0.257501,0.213894,0.336683,0.281135,0.212322,0.183388,0.180816,0.137570,0.136205,0.093751,0.084762,0.054499,0.028163,0.028477,
0.174427,0.235513,0.313783,0.254359,0.322160,0.201655,0.219987,0.252400,0.218861,0.284532,0.249255,0.255530,0.197232,0.214837,0.209674,0.169743,0.109865,0.100360,0.059948,0.030590,0.022317,
0.274331,0.273881,0.269176,0.270086,0.326100,0.222331,0.203607,0.260300,0.289513,0.255085,0.255447,0.265020,0.253945,0.238786,0.204365,0.171487,0.151200,0.120599,0.062977,0.037107,0.019445,
0.084659,0.327280,0.267745,0.225354,0.274259,0.248322,0.227173,0.274326,0.332249,0.267387,0.293986,0.241642,0.285332,0.275307,0.271333,0.198634,0.195933,0.145804,0.090182,0.043334,0.018311,
0.061035,0.256242,0.350257,0.223886,0.245770,0.303341,0.271846,0.289048,0.349054,0.298006,0.397660,0.238486,0.322370,0.307179,0.317476,0.227904,0.276102,0.165627,0.093687,0.048527,0.020055,
0.843591,0.209887,0.427421,0.199902,0.252702,0.273032,0.282667,0.264342,0.303894,0.313946,0.441617,0.294305,0.398341,0.356176,0.342801,0.297341,0.284663,0.187961,0.104782,0.045071,0.024472,
0.238816,0.165928,0.415102,0.224731,0.294984,0.220396,0.336597,0.307606,0.277570,0.300091,0.368875,0.392035,0.401721,0.385642,0.393094,0.366487,0.294018,0.218906,0.104050,0.060871,0.013463,
0.096347,0.202330,0.257618,0.221691,0.396401,0.301237,0.376974,0.390162,0.305095,0.419803,0.365001,0.541620,0.515073,0.529244,0.461901,0.444030,0.353146,0.264172,0.108252,0.036140,0.025041,
0.037478,0.473423,0.346143,0.213572,0.248250,0.323859,0.393441,0.328195,0.335726,0.462422,0.470394,0.615477,0.665290,0.557974,0.617832,0.474794,0.372608,0.240579,0.125505,0.023047,0.014566,
0.222476,0.184865,0.236798,0.291827,0.263652,0.400014,0.532224,0.302642,0.400640,0.391599,0.591566,0.545834,0.624617,0.684754,0.664351,0.494577,0.380073,0.149684,0.053831,0.029933,0.012081,
nan,0.501063,0.265936,0.347531,0.372425,0.474923,0.735580,0.466259,0.352120,0.487476,1.084258,0.575361,0.724395,0.734404,0.637961,0.538563,0.222643,0.103043,0.031290,0.019672,0.010336,
nan,nan,nan,nan,0.239456,0.373692,0.283160,0.575717,0.450709,0.391707,0.733409,0.479853,0.756526,0.805250,0.596400,0.295933,0.214050,0.067819,0.007475,0.009095,0.022198,
nan,0.318773,0.394269,0.244573,0.191711,0.263191,0.396901,0.287382,0.315790,0.189066,0.113914,0.112261,0.131233,0.141713,0.130688,0.152251,0.035974,0.048611,0.038527,0.011470,0.010005,
0.414916,0.326567,0.382699,0.235003,0.397096,0.326144,0.253921,0.262072,0.224819,0.229140,0.214963,0.215183,0.187203,0.171041,0.074225,0.074031,0.096292,0.075149,0.040956,0.026047,0.007573,
0.433351,0.352171,0.346278,0.301521,0.290094,0.341217,0.335693,0.286848,0.281780,0.208372,0.216581,0.266147,0.160706,0.194035,0.117819,0.146237,0.077587,0.087888,0.064212,0.020327,0.025168,
0.301663,0.406032,0.312722,0.371781,0.292674,0.291927,0.253065,0.268358,0.245576,0.255689,0.213005,0.221009,0.206939,0.176255,0.128515,0.120815,0.069591,0.054262,0.039098,0.017901,0.012180,
0.305087,0.406782,0.275325,0.358034,0.301936,0.279714,0.306333,0.288813,0.246703,0.316576,0.235130,0.203981,0.207752,0.167012,0.130267,0.125371,0.068966,0.065291,0.070180,0.039105,0.014269,
0.210191,0.370414,0.214374,0.290963,0.276437,0.292035,0.270980,0.309310,0.257262,0.237254,0.201645,0.201305,0.191758,0.197969,0.148656,0.121880,0.081689,0.064656,0.047049,0.035753,0.016209,
0.258101,0.343619,0.193559,0.272575,0.255115,0.289507,0.245812,0.268200,0.288323,0.227520,0.184849,0.202723,0.219337,0.193840,0.180609,0.122830,0.103597,0.068684,0.043697,0.021332,0.016572,
0.131910,0.363624,0.195246,0.299707,0.254160,0.324912,0.243047,0.297506,0.284014,0.186341,0.207500,0.229460,0.264486,0.194791,0.173206,0.144424,0.116157,0.066161,0.051708,0.027568,0.015039,
0.330838,0.309736,0.211799,0.305884,0.249144,0.285320,0.272052,0.295023,0.284684,0.200843,0.249915,0.219959,0.276363,0.228123,0.176677,0.151152,0.149193,0.078301,0.068537,0.030020,0.016616,
0.266441,0.236690,0.236737,0.291224,0.223581,0.272086,0.288353,0.258487,0.288069,0.232789,0.312929,0.230135,0.302420,0.217902,0.212236,0.159316,0.193331,0.108780,0.078270,0.029652,0.018172,
0.277378,0.288977,0.254505,0.257145,0.234527,0.234092,0.361763,0.261426,0.311385,0.294004,0.355374,0.252563,0.326200,0.294671,0.245294,0.198011,0.203342,0.149671,0.095016,0.037280,0.015738,
0.101918,0.332232,0.222263,0.289660,0.275077,0.251513,0.378020,0.257802,0.295155,0.340523,0.324923,0.243259,0.355703,0.305367,0.302064,0.256867,0.189233,0.157551,0.085124,0.035017,0.025084,
0.265759,0.304496,0.264917,0.298722,0.273558,0.285662,0.380676,0.263508,0.270662,0.405593,0.362513,0.335258,0.396507,0.391396,0.326091,0.288460,0.201727,0.170219,0.115141,0.051163,0.018857,
0.508013,0.218276,0.186435,0.282704,0.262379,0.386808,0.371994,0.348437,0.300964,0.355014,0.343567,0.404533,0.401076,0.408606,0.426801,0.371455,0.249775,0.209181,0.086008,0.033383,0.017775,
0.183632,0.228488,0.350466,0.374167,0.253510,0.459487,0.263340,0.370997,0.345538,0.411098,0.402255,0.461772,0.426758,0.466938,0.505009,0.427273,0.319711,0.214652,0.076055,0.046841,0.018408,
0.232629,0.335440,0.201753,0.308760,0.338597,0.453819,0.291263,0.315212,0.517180,0.413521,0.482899,0.522527,0.482702,0.567686,0.551625,0.428813,0.409633,0.218705,0.082739,0.038169,0.022122,
nan,0.374665,0.194711,0.248321,0.285126,0.297654,0.470114,0.468642,0.549783,0.480491,0.465184,0.584447,0.599348,0.645390,0.695180,0.461855,0.312723,0.163229,0.058919,0.019979,0.027311,
0.157292,0.125151,0.177099,0.429455,0.422591,0.431490,0.425303,0.388692,0.606325,0.585147,0.680651,0.673348,0.758520,0.732242,0.601241,0.509736,0.305215,0.097645,0.040895,0.028842,0.021834,
nan,nan,nan,0.370399,0.562510,0.451084,0.614519,0.647854,0.355249,0.520405,0.330128,0.981300,0.611628,0.628009,0.506970,0.331121,0.089031,0.050155,0.017434,0.002240,0.002219,
nan,0.281487,0.242046,0.249672,0.131552,0.370680,0.339912,0.137349,0.246619,0.397511,0.195595,0.199851,0.186375,0.199236,0.072775,0.111239,0.042535,0.024189,0.021232,0.011796,0.015557,
0.302923,0.377657,0.324772,0.301244,0.286995,0.291045,0.336085,0.305750,0.240834,0.180234,0.203990,0.220954,0.195000,0.166096,0.091799,0.118790,0.073987,0.037118,0.023674,0.033116,0.038825,
0.601515,0.335634,0.305961,0.432643,0.330559,0.240175,0.302830,0.305290,0.241501,0.247404,0.191826,0.206311,0.216509,0.173269,0.132097,0.103290,0.070662,0.052160,0.049901,0.016629,0.007868,
0.437017,0.253486,0.257292,0.393044,0.319873,0.286755,0.286255,0.286769,0.245859,0.266433,0.248855,0.168446,0.191775,0.176360,0.129273,0.124318,0.080841,0.078638,0.070128,0.030263,0.009277,
0.259763,0.280415,0.247113,0.322107,0.281606,0.327382,0.244786,0.268275,0.248692,0.201441,0.185200,0.199122,0.184240,0.197920,0.159383,0.117156,0.095469,0.054218,0.040181,0.020525,0.010035,
0.190360,0.282808,0.232147,0.297845,0.247642,0.295627,0.293111,0.271025,0.249984,0.226819,0.212935,0.207203,0.228636,0.232413,0.168370,0.122999,0.106657,0.062102,0.038576,0.022915,0.012706,
0.127814,0.351174,0.240112,0.301179,0.210024,0.306530,0.256067,0.302730,0.213135,0.220763,0.226157,0.224648,0.251894,0.181444,0.153391,0.137489,0.089439,0.068163,0.039839,0.022095,0.014567,
0.220196,0.303238,0.230701,0.256196,0.196182,0.244993,0.255676,0.324464,0.255926,0.245630,0.215414,0.242327,0.221313,0.224268,0.179175,0.132331,0.105413,0.091751,0.068419,0.027718,0.014613,
0.147731,0.278982,0.221949,0.245194,0.220526,0.232260,0.224928,0.284056,0.269839,0.261585,0.231702,0.276971,0.243608,0.215592,0.163783,0.145838,0.153462,0.106035,0.069660,0.031196,0.013148,
0.273082,0.309966,0.298764,0.201835,0.231655,0.218201,0.215830,0.282900,0.288695,0.279692,0.261821,0.270398,0.298950,0.194335,0.235495,0.161732,0.147436,0.139974,0.066687,0.034247,0.016260,
0.177930,0.313912,0.308051,0.195572,0.256601,0.199456,0.229711,0.275921,0.265123,0.249280,0.264298,0.304788,0.277570,0.237253,0.233550,0.211096,0.156928,0.109731,0.077856,0.032282,0.025886,
0.233464,0.333558,0.322300,0.212910,0.211567,0.299943,0.280251,0.267095,0.239272,0.259467,0.293283,0.314328,0.311376,0.293113,0.260992,0.251197,0.205339,0.132691,0.070074,0.036769,0.020395,
0.068844,0.362487,0.317138,0.206241,0.254395,0.330381,0.261160,0.254291,0.281727,0.264148,0.290441,0.330655,0.328004,0.356635,0.308325,0.330083,0.248255,0.149072,0.093025,0.055720,0.019886,
0.357152,0.214073,0.290406,0.253685,0.236194,0.327206,0.298899,0.238154,0.319992,0.303076,0.370315,0.375467,0.429354,0.350435,0.351016,0.350609,0.287270,0.199991,0.081191,0.061872,0.043890,
0.220434,0.185163,0.303004,0.258134,0.297553,0.333492,0.353742,0.254375,0.377015,0.296996,0.486366,0.394049,0.491335,0.468806,0.432328,0.432597,0.261955,0.195281,0.095169,0.031240,0.020040,
0.272587,0.165652,0.240973,0.290578,0.496006,0.290849,0.240373,0.304114,0.370318,0.505942,0.466882,0.489974,0.587530,0.557918,0.502504,0.460067,0.317806,0.206081,0.076208,0.039356,0.027723,
2.476765,0.365468,0.392152,0.205163,0.329022,0.416434,0.305229,0.462534,0.349049,0.515092,0.491701,0.571724,0.617750,0.625710,0.593746,0.522689,0.269540,0.136496,0.060607,0.031104,0.009446,
nan,1.653813,0.331270,0.427828,0.511432,0.203740,0.310501,0.365239,0.395149,0.538718,0.543992,0.556988,0.463814,0.592107,0.585512,0.456803,0.206620,0.108599,0.025189,0.016451,0.004812,
nan,nan,0.389610,0.179288,0.103335,0.380385,1.436717,0.257707,0.456663,0.387610,0.832706,0.647110,0.682807,0.476698,0.406045,0.282200,0.092601,0.016368,0.017725,0.009753,0.000520,
nan,0.555496,0.218911,0.244808,0.200734,0.250989,0.718847,0.263678,0.484383,0.380842,0.395043,0.169508,0.098457,0.132550,0.069928,0.080971,0.049859,0.062640,0.037289,0.014649,0.004864,
0.865422,0.328438,0.300966,0.412003,0.363939,0.302807,0.310137,0.339131,0.270810,0.244152,0.189463,0.333093,0.235835,0.155512,0.154763,0.166536,0.086670,0.103192,0.127449,0.013272,0.016566,
0.933349,0.342936,0.259175,0.363432,0.349822,0.310497,0.245771,0.284600,0.291731,0.255144,0.219891,0.183480,0.230069,0.176634,0.134633,0.158151,0.074112,0.036095,0.056079,0.018681,0.014322,
0.331696,0.342589,0.255898,0.266409,0.339100,0.306329,0.259124,0.274835,0.258904,0.203154,0.189899,0.189549,0.225781,0.191373,0.160477,0.088119,0.086310,0.049679,0.032821,0.031243,0.012428,
0.329435,0.363016,0.319717,0.278550,0.244815,0.316415,0.263617,0.251710,0.261218,0.221254,0.230744,0.279918,0.178163,0.225872,0.193856,0.125008,0.097672,0.052078,0.053657,0.024369,0.008233,
0.307606,0.372081,0.322685,0.335371,0.322567,0.294346,0.249475,0.266760,0.293075,0.247210,0.245893,0.242313,0.194119,0.160985,0.163731,0.157919,0.077457,0.084295,0.038681,0.027158,0.016261,
0.210748,0.340424,0.286210,0.304519,0.299941,0.236612,0.269748,0.265165,0.311237,0.241284,0.239971,0.213351,0.211134,0.179321,0.171941,0.145341,0.086056,0.097097,0.054461,0.041062,0.013827,
0.170423,0.278615,0.312609,0.260531,0.239947,0.260621,0.238699,0.235955,0.307092,0.213289,0.221292,0.249392,0.227836,0.207586,0.153941,0.147207,0.103938,0.120480,0.050456,0.028710,0.011040,
0.208286,0.287773,0.306010,0.206905,0.253776,0.254222,0.320627,0.218976,0.293941,0.181483,0.290633,0.268767,0.217981,0.211587,0.213144,0.154685,0.112730,0.096853,0.068378,0.026770,0.015980,
0.169694,0.277605,0.255031,0.191277,0.268773,0.272946,0.334077,0.275122,0.267374,0.221238,0.257112,0.239010,0.237867,0.256586,0.219150,0.183355,0.184910,0.101723,0.075446,0.023693,0.019532,
0.098991,0.262850,0.297827,0.195118,0.313137,0.254940,0.383513,0.216035,0.288202,0.269564,0.269647,0.281299,0.271299,0.259676,0.195266,0.227223,0.179754,0.126828,0.068869,0.025675,0.017131,
0.235696,0.231662,0.223255,0.220197,0.322378,0.264116,0.338067,0.234085,0.328950,0.337725,0.355639,0.327017,0.309057,0.317771,0.249517,0.210754,0.192600,0.117593,0.089562,0.054388,0.016298,
0.652848,0.606535,0.228090,0.239669,0.387829,0.268045,0.255656,0.240251,0.312492,0.414724,0.366989,0.389141,0.382731,0.385695,0.299589,0.246421,0.216336,0.144956,0.090824,0.044604,0.014922,
0.621201,0.335524,0.243826,0.289979,0.366328,0.329990,0.260781,0.283263,0.317292,0.309703,0.298719,0.430149,0.356376,0.393721,0.353568,0.315387,0.238393,0.172426,0.109254,0.034527,0.026251,
0.565413,0.412009,0.192748,0.311939,0.259260,0.338689,0.297550,0.469012,0.443594,0.476986,0.395304,0.495937,0.423317,0.407567,0.439369,0.443955,0.293782,0.161792,0.084426,0.036253,0.024006,
0.164922,0.447056,0.242688,0.247647,0.297880,0.310549,0.279589,0.407761,0.371306,0.360910,0.458967,0.457073,0.460937,0.458165,0.457074,0.423748,0.272325,0.145709,0.086867,0.042184,0.024708,
0.094983,0.320913,0.211466,0.352807,0.353349,0.371698,0.365525,0.460554,0.542493,0.352678,0.532915,0.491401,0.547974,0.555717,0.615840,0.431193,0.257003,0.140393,0.097905,0.032875,0.013384,
0.113200,0.136185,0.239443,0.379449,0.391623,0.278488,0.366347,0.619334,0.312610,0.444087,0.594123,0.465510,0.563579,0.573239,0.491687,0.437483,0.230262,0.080995,0.024143,0.013725,0.003242,
nan,nan,0.118377,0.135531,0.133048,0.542482,0.174587,0.263431,0.754521,0.452263,0.464958,0.680129,1.132408,0.404681,0.450495,0.138179,0.141852,0.137285,0.010648,0.002432,0.001082,
nan,0.149433,0.189318,0.251333,0.240854,0.269417,0.475097,0.261342,0.196598,0.457053,0.136846,0.244892,0.294668,0.295787,0.138903,0.086964,0.056215,0.090002,0.190924,0.015696,0.007078,
0.267570,0.370658,0.323037,0.368491,0.282721,0.266959,0.344709,0.228973,0.176953,0.265199,0.237208,0.276455,0.247798,0.190736,0.088227,0.123796,0.079536,0.055947,0.027791,0.023202,0.012676,
0.572504,0.390765,0.328543,0.258471,0.358650,0.314830,0.241687,0.332895,0.281889,0.285619,0.200763,0.177522,0.182985,0.161514,0.117001,0.110007,0.087117,0.076719,0.055401,0.021148,0.008562,
0.549469,0.403379,0.321412,0.431590,0.256259,0.365164,0.246389,0.268893,0.247314,0.211785,0.259051,0.215677,0.168219,0.184120,0.181287,0.134012,0.096441,0.044745,0.051454,0.035433,0.007505,
0.367182,0.475798,0.284371,0.336289,0.328966,0.280218,0.232708,0.260999,0.288141,0.241939,0.258823,0.203189,0.198367,0.172974,0.157022,0.145980,0.077003,0.092090,0.043093,0.015656,0.015968,
0.380108,0.376217,0.234987,0.236526,0.269824,0.236359,0.288870,0.249150,0.302731,0.201566,0.235445,0.209628,0.196344,0.178892,0.154477,0.156790,0.074127,0.064026,0.053512,0.021234,0.019604,
0.196145,0.233699,0.216052,0.196592,0.278761,0.305964,0.230350,0.227747,0.232272,0.200205,0.220841,0.277756,0.180760,0.175221,0.180064,0.144752,0.089660,0.099048,0.045123,0.029988,0.013289,
0.217027,0.216242,0.216154,0.214727,0.285771,0.282978,0.300273,0.220360,0.249526,0.234290,0.343878,0.233158,0.176600,0.192718,0.218134,0.160853,0.128574,0.075305,0.054552,0.033917,0.014036,
0.132216,0.225197,0.276479,0.241145,0.262655,0.285921,0.284176,0.216313,0.262447,0.274013,0.227113,0.219537,0.215692,0.208758,0.206394,0.161641,0.163123,0.097804,0.053005,0.018069,0.017307,
0.281854,0.358539,0.313261,0.308143,0.291008,0.315168,0.271443,0.248980,0.216299,0.349993,0.234229,0.270748,0.312486,0.265275,0.171852,0.160361,0.174541,0.087297,0.054724,0.023644,0.014616,
0.244244,0.274960,0.222778,0.350523,0.247840,0.358407,0.220434,0.245427,0.249108,0.284642,0.293195,0.239875,0.368636,0.251423,0.212571,0.195043,0.149118,0.107474,0.092432,0.040857,0.027075,
0.258180,0.228554,0.198896,0.382817,0.254028,0.359117,0.214020,0.303381,0.318867,0.274193,0.272323,0.318506,0.327548,0.288696,0.259876,0.249214,0.195478,0.111699,0.090611,0.035305,0.019096,
0.137241,0.218239,0.266542,0.303828,0.234897,0.336774,0.258929,0.268540,0.332818,0.278279,0.371928,0.355300,0.258837,0.326967,0.278932,0.287197,0.217712,0.126624,0.087085,0.034711,0.010835,
0.469079,0.472797,0.263865,0.244086,0.358912,0.317103,0.252766,0.285728,0.373330,0.382951,0.396727,0.435006,0.356678,0.380844,0.310381,0.332165,0.283901,0.152352,0.072030,0.040544,0.026287,
0.128854,0.229386,0.328254,0.248504,0.373522,0.320335,0.336308,0.348990,0.276706,0.361503,0.389013,0.440186,0.393411,0.451352,0.416265,0.373438,0.297786,0.153875,0.062415,0.041281,0.017029,
0.226361,0.332732,0.208277,0.474008,0.267241,0.348417,0.369523,0.265613,0.370817,0.526478,0.409655,0.454479,0.447705,0.547052,0.399127,0.329335,0.257678,0.180761,0.123792,0.043193,0.008330,
0.149444,0.141161,0.288856,0.269946,0.466485,0.244911,0.386454,0.369695,0.410659,0.429630,0.506792,0.481573,0.526885,0.682558,0.406010,0.353969,0.249803,0.112683,0.069904,0.015852,0.021457,
nan,0.100334,0.383032,0.266359,0.389860,0.294618,0.246081,0.378753,0.674781,0.397920,0.473158,0.723226,0.641212,0.454942,0.514833,0.319487,0.182747,0.127781,0.034672,0.013903,0.001999,
nan,0.084491,nan,0.144635,0.097955,0.251637,0.380446,0.530724,0.326150,0.600307,0.418904,0.441981,0.829395,0.654810,0.892026,0.164315,0.105170,0.021246,0.061133,0.000301,0.000165,
nan,0.255397,0.368720,0.208263,0.466171,0.276545,0.290304,0.409363,0.274690,0.337240,0.200936,0.170580,0.092558,0.122721,0.101344,0.101708,0.060385,0.093453,0.073462,0.009722,0.005299,
0.535177,0.411683,0.272174,0.453962,0.319115,0.272680,0.351298,0.389720,0.255046,0.280509,0.162181,0.151798,0.180207,0.338978,0.114992,0.081811,0.069263,0.050220,0.086095,0.014437,0.007769,
0.235362,0.334693,0.280261,0.347785,0.283183,0.325395,0.296520,0.268348,0.288169,0.230107,0.263233,0.177562,0.263465,0.199338,0.161716,0.071589,0.079120,0.045237,0.032235,0.071538,0.014365,
0.395176,0.243626,0.360531,0.288580,0.319952,0.319124,0.228818,0.225533,0.270897,0.198066,0.245964,0.316585,0.169792,0.209837,0.117754,0.093204,0.084706,0.090431,0.036852,0.020184,0.007793,
0.178068,0.210482,0.291487,0.339097,0.269943,0.247312,0.288400,0.264770,0.334368,0.223244,0.233095,0.205000,0.179808,0.137290,0.153686,0.156541,0.081566,0.068865,0.033787,0.024606,0.013314,
0.114286,0.287193,0.246600,0.317641,0.309260,0.232446,0.276084,0.231267,0.249600,0.223608,0.201817,0.302487,0.160966,0.164826,0.154914,0.117305,0.094461,0.083847,0.039608,0.030848,0.010101,
0.169483,0.302318,0.219422,0.234526,0.330920,0.247534,0.312773,0.242153,0.215257,0.267497,0.308932,0.288511,0.171580,0.164639,0.196205,0.137374,0.126285,0.067614,0.042017,0.023537,0.013029,
0.508190,0.230005,0.256984,0.308361,0.310865,0.266686,0.269894,0.210094,0.243421,0.246798,0.237371,0.217514,0.177373,0.189174,0.200897,0.126976,0.142616,0.099042,0.044983,0.016715,0.015463,
0.172456,0.193540,0.349899,0.218823,0.200849,0.285941,0.238526,0.244161,0.252782,0.239807,0.250233,0.215892,0.255818,0.231282,0.154619,0.136296,0.127528,0.066582,0.048355,0.020722,0.010589,
0.273864,0.175653,0.352570,0.197737,0.269060,0.251209,0.219997,0.273681,0.275267,0.269620,0.238151,0.249032,0.216416,0.228933,0.179152,0.158399,0.119332,0.083004,0.080168,0.042260,0.019669,
0.351104,0.289762,0.347354,0.339267,0.251723,0.228798,0.230892,0.318029,0.267185,0.272287,0.253598,0.315019,0.248613,0.287096,0.223249,0.223655,0.172934,0.109456,0.076693,0.029247,0.022447,
0.306407,0.283245,0.266854,0.347911,0.280038,0.269087,0.255678,0.281232,0.236367,0.311704,0.291440,0.309305,0.332376,0.273491,0.240745,0.214514,0.187933,0.120525,0.085890,0.029361,0.013864,
0.155458,0.206303,0.286894,0.379204,0.309806,0.276931,0.215057,0.325459,0.261983,0.328741,0.286640,0.335759,0.375105,0.419436,0.295184,0.231553,0.217145,0.147025,0.062383,0.038681,0.031832,
0.254284,0.311055,0.387619,0.313647,0.317121,0.238969,0.339491,0.281691,0.270887,0.402230,0.348334,0.352833,0.328038,0.343799,0.380110,0.289041,0.240382,0.148822,0.067767,0.033626,0.009609,
0.329477,0.277382,0.376612,0.341218,0.277449,0.312790,0.355357,0.319791,0.342162,0.355518,0.382554,0.423034,0.371048,0.386824,0.328775,0.314190,0.234448,0.175819,0.100179,0.059900,0.022946,
0.153095,0.296181,0.260612,0.321004,0.413307,0.346191,0.366388,0.307117,0.490118,0.355777,0.403067,0.386747,0.371755,0.473313,0.423117,0.371537,0.233704,0.131639,0.071688,0.020743,0.009704,
0.095364,0.360650,0.454544,0.370446,0.393194,0.338522,0.370767,0.299117,0.375360,0.417415,0.405592,0.422870,0.501223,0.426384,0.353182,0.339582,0.189166,0.109705,0.047638,0.016423,0.019488,
0.236288,0.121253,0.259360,0.284866,0.276664,0.405511,0.514967,0.507086,0.517270,0.385510,0.471550,0.632811,0.491446,0.466566,0.454202,0.295640,0.158233,0.117687,0.027685,0.005109,0.002220,
nan,0.209596,nan,0.499881,0.179118,0.352075,0.540082,0.197028,0.308359,0.312649,0.345277,0.310099,0.553983,0.763975,0.433785,0.258242,0.169454,0.007081,0.000907,0.041012,0.000007,
nan,0.206093,0.367509,0.356197,0.257043,0.253962,0.188624,0.189759,0.276059,0.239190,0.298021,0.213976,0.124385,0.136246,0.132994,0.067886,0.043635,0.058746,0.015641,0.025711,0.009617,
0.231255,0.350975,0.330396,0.280016,0.491753,0.297909,0.245914,0.288614,0.320942,0.326483,0.209879,0.203464,0.203540,0.160373,0.127981,0.099226,0.097588,0.032005,0.053150,0.018449,0.013776,
0.280998,0.266072,0.404296,0.343628,0.280722,0.343771,0.247117,0.282354,0.269636,0.186382,0.238974,0.216585,0.184095,0.133411,0.169055,0.105640,0.101672,0.044226,0.031353,0.039843,0.009480,
0.208476,0.305940,0.281020,0.410761,0.275704,0.244112,0.303754,0.290047,0.269121,0.246961,0.217060,0.207415,0.216931,0.158160,0.152235,0.152082,0.097962,0.078609,0.029675,0.014604,0.016393,
0.491588,0.323149,0.264536,0.264929,0.292953,0.259472,0.307096,0.241093,0.211154,0.230960,0.204822,0.224396,0.160346,0.198380,0.157293,0.125843,0.095657,0.066935,0.070361,0.026002,0.021226,
0.275045,0.321086,0.264774,0.236278,0.255532,0.239698,0.351000,0.241028,0.194250,0.253330,0.285889,0.269357,0.151913,0.179388,0.199847,0.132564,0.083422,0.074362,0.042610,0.028372,0.010223,
0.375341,0.297980,0.287188,0.265807,0.194616,0.248182,0.283111,0.260994,0.214871,0.254045,0.275273,0.193482,0.173923,0.167502,0.171713,0.124624,0.113016,0.094470,0.039606,0.029520,0.011577,
0.203319,0.241062,0.240379,0.266856,0.208795,0.262222,0.244385,0.256891,0.257885,0.260224,0.279366,0.198126,0.217311,0.201799,0.144412,0.133394,0.113047,0.060508,0.037981,0.017417,0.010870,
0.148299,0.186042,0.255090,0.242926,0.264781,0.250213,0.266687,0.289293,0.215441,0.263966,0.223883,0.265564,0.220702,0.221435,0.139564,0.153122,0.107790,0.062979,0.063199,0.033210,0.023140,
0.167288,0.172679,0.286545,0.266898,0.269771,0.330169,0.263792,0.322137,0.202776,0.203272,0.231431,0.260571,0.278854,0.227403,0.174781,0.178570,0.190950,0.100544,0.062779,0.027372,0.015982,
0.266267,0.136023,0.227608,0.241979,0.344637,0.320878,0.271186,0.311272,0.268394,0.224167,0.235813,0.278361,0.251890,0.246215,0.207917,0.176778,0.134940,0.094927,0.083007,0.040721,0.012755,
0.114405,0.194648,0.254617,0.218361,0.273945,0.338016,0.316299,0.308454,0.242420,0.276219,0.268733,0.271164,0.284588,0.294104,0.311979,0.208768,0.167972,0.126425,0.066924,0.037648,0.011104,
0.137024,0.259204,0.215820,0.285188,0.280503,0.355325,0.308884,0.306667,0.242251,0.263152,0.343950,0.362401,0.252422,0.280312,0.304890,0.252795,0.176931,0.149440,0.063635,0.033269,0.024364,
0.321765,0.185659,0.399645,0.320840,0.345132,0.406852,0.337291,0.378678,0.254809,0.266288,0.347376,0.347203,0.275957,0.323996,0.301525,0.291169,0.193054,0.139356,0.096981,0.049424,0.015854,
0.159625,0.215518,0.254146,0.598816,0.262227,0.494833,0.323536,0.356482,0.302828,0.279024,0.392537,0.321750,0.302576,0.402862,0.322125,0.290159,0.215566,0.140512,0.063507,0.041817,0.013646,
0.138037,0.200698,0.225242,0.339394,0.327919,0.346703,0.328514,0.294929,0.321246,0.381219,0.380125,0.380427,0.374959,0.319755,0.354468,0.336087,0.196036,0.111206,0.053618,0.023306,0.017258,
0.104492,0.438466,0.230661,0.336327,0.470558,0.248586,0.388480,0.266021,0.309982,0.403985,0.324578,0.411238,0.386777,0.449153,0.347072,0.363201,0.195711,0.133356,0.045451,0.013893,0.008420,
nan,0.342926,0.361222,0.263164,0.603689,0.442302,0.544088,0.313301,0.428593,0.472073,0.544473,0.322113,0.520015,0.421583,0.306104,0.219778,0.196224,0.057929,0.012705,0.019026,0.007596,
nan,0.162272,nan,0.474425,0.145961,0.169616,0.245679,0.423928,0.320834,0.369028,0.450518,0.217181,0.509227,1.268041,0.252146,0.140688,0.048457,0.023591,0.011574,0.002512,0.000749,
nan,0.255030,0.411122,0.658850,0.277786,0.271630,0.182501,0.573222,0.259374,0.165824,0.169318,0.145911,0.140470,0.073232,0.049567,0.055748,0.041446,0.038557,0.010051,0.013970,0.009247,
0.285437,0.309143,0.360486,0.272533,0.349361,0.274235,0.225159,0.260980,0.397080,0.176630,0.252379,0.195852,0.222413,0.143846,0.085752,0.169360,0.108535,0.037406,0.044839,0.015453,0.006909,
0.200815,0.401929,0.310224,0.324055,0.346064,0.313305,0.271800,0.258952,0.310478,0.225047,0.239475,0.237587,0.172137,0.162394,0.121232,0.161934,0.071954,0.044158,0.044639,0.018608,0.007369,
0.268148,0.517072,0.314469,0.294128,0.282043,0.280965,0.270801,0.243633,0.319169,0.200271,0.205414,0.280107,0.180068,0.131893,0.163543,0.140345,0.073083,0.084515,0.028009,0.030988,0.016064,
0.330302,0.511758,0.353686,0.285015,0.263882,0.233440,0.376898,0.269139,0.213388,0.251049,0.240787,0.311643,0.168274,0.200126,0.156151,0.115698,0.058497,0.084389,0.046866,0.031574,0.009315,
0.443188,0.380377,0.312371,0.300885,0.221606,0.275069,0.259818,0.289323,0.205297,0.283243,0.220018,0.233429,0.158810,0.171780,0.167848,0.132928,0.115900,0.071384,0.028504,0.029553,0.013270,
0.270504,0.284215,0.227099,0.340087,0.413044,0.312086,0.255902,0.302846,0.251386,0.258528,0.259889,0.200671,0.190135,0.174057,0.153064,0.115892,0.109370,0.066071,0.033514,0.017212,0.010071,
0.315536,0.265705,0.233728,0.401037,0.414085,0.267179,0.309146,0.268667,0.249427,0.266286,0.201034,0.246500,0.207397,0.175315,0.120384,0.129275,0.085782,0.058320,0.050919,0.025188,0.020299,
0.225773,0.256451,0.315268,0.394442,0.317674,0.304036,0.254159,0.260089,0.278524,0.198281,0.205226,0.221980,0.249949,0.214223,0.159615,0.167731,0.149168,0.081922,0.057149,0.021962,0.028130,
0.309812,0.203294,0.351686,0.435735,0.268018,0.271645,0.217150,0.260190,0.283853,0.204944,0.245853,0.279075,0.205074,0.258872,0.192895,0.141243,0.119499,0.095472,0.052535,0.033101,0.028196,
0.302916,0.275224,0.345354,0.438013,0.272469,0.250395,0.294032,0.263246,0.226503,0.230229,0.252679,0.261101,0.208598,0.263783,0.263661,0.161238,0.137558,0.112888,0.077945,0.035773,0.014167,
0.217801,0.200289,0.285395,0.273652,0.355418,0.244583,0.286768,0.272496,0.250310,0.223622,0.295276,0.240619,0.232779,0.283363,0.275599,0.173383,0.163140,0.136761,0.054780,0.033865,0.029295,
0.077728,0.186976,0.369533,0.271109,0.413294,0.230817,0.289345,0.265031,0.272823,0.321915,0.299886,0.269595,0.256268,0.266517,0.235981,0.226141,0.172159,0.142521,0.078369,0.033149,0.012730,
0.111495,0.291327,0.248625,0.417515,0.328401,0.211492,0.264136,0.363444,0.293241,0.289828,0.254057,0.320384,0.320635,0.244370,0.283960,0.243936,0.200602,0.124388,0.060179,0.046210,0.015276,
0.297089,0.181763,0.279929,0.347905,0.407737,0.251654,0.363330,0.290438,0.287319,0.315601,0.439028,0.277206,0.377822,0.258646,0.279393,0.319230,0.171267,0.111871,0.061267,0.034989,0.018414,
0.551661,0.249870,0.467301,0.342557,0.233318,0.391597,0.293780,0.340867,0.355188,0.343820,0.349690,0.311947,0.372716,0.392155,0.397246,0.267900,0.187719,0.123064,0.067190,0.016736,0.025096,
0.312686,0.346424,0.904617,0.381265,0.449883,0.343214,0.435998,0.317161,0.321069,0.414503,0.415892,0.442762,0.409189,0.335136,0.334935,0.205487,0.231637,0.107161,0.040019,0.013536,0.009164,
1.870889,0.180566,0.382169,0.275006,0.442954,0.369628,0.327773,0.470268,0.346509,0.343169,0.408674,0.461283,0.434286,0.464865,0.308954,0.179548,0.196518,0.067962,0.018431,0.022106,0.008102,
nan,nan,0.768976,0.566635,0.218183,0.222238,0.354765,0.426509,0.284172,0.793379,0.313480,0.359777,0.276873,0.340342,0.335388,0.212205,0.130615,0.016973,0.020878,0.000343,0.000043,
nan,0.907075,0.275619,0.292292,0.721883,0.368622,0.393616,0.201320,0.229539,0.292525,0.205948,0.176143,0.118840,0.458635,0.070928,0.067549,0.077629,0.040895,0.020434,0.037823,0.004828,
0.449167,0.400195,0.367816,0.296495,0.398529,0.530282,0.256640,0.407928,0.286653,0.347953,0.157043,0.170860,0.218748,0.132736,0.138562,0.084930,0.070596,0.045464,0.023127,0.011843,0.012956,
0.536117,0.362795,0.257421,0.445964,0.344227,0.283451,0.254885,0.235792,0.245728,0.181444,0.269171,0.260881,0.182322,0.210446,0.117008,0.087164,0.087469,0.084555,0.035947,0.013391,0.005291,
0.228084,0.238015,0.381775,0.302221,0.310833,0.260942,0.388617,0.250584,0.239876,0.229637,0.229191,0.189964,0.194379,0.138999,0.169100,0.134118,0.109481,0.065242,0.040828,0.027750,0.032644,
0.243756,0.218380,0.465895,0.288025,0.247026,0.275665,0.259074,0.274313,0.226575,0.252510,0.230622,0.233437,0.169735,0.158427,0.212355,0.107738,0.080398,0.084523,0.036453,0.028776,0.006985,
0.461093,0.283638,0.441712,0.406427,0.388787,0.393704,0.266283,0.270914,0.270922,0.236772,0.251509,0.186279,0.185847,0.163843,0.138672,0.112371,0.093478,0.059351,0.046762,0.023630,0.008602,
0.451606,0.395174,0.330405,0.279665,0.258409,0.302612,0.290179,0.229343,0.238162,0.270758,0.194954,0.244528,0.180422,0.186101,0.145848,0.118496,0.100217,0.066823,0.047916,0.019749,0.008021,
0.440177,0.251020,0.262423,0.263866,0.236526,0.258295,0.232057,0.249677,0.271986,0.231982,0.189282,0.186429,0.205096,0.187738,0.134737,0.190739,0.119313,0.051935,0.043740,0.033708,0.010417,
0.638906,0.222708,0.217993,0.359501,0.236873,0.221728,0.208531,0.243720,0.241575,0.215536,0.230145,0.265855,0.219747,0.195525,0.168092,0.116165,0.126856,0.081568,0.037592,0.033708,0.046487,
0.154090,0.230772,0.230930,0.371166,0.249850,0.259440,0.306517,0.307943,0.223557,0.230072,0.236786,0.253418,0.214646,0.205914,0.249023,0.143818,0.134200,0.122465,0.065213,0.022414,0.012980,
0.181759,0.227727,0.267057,0.393880,0.281432,0.351229,0.341850,0.268516,0.253908,0.248936,0.254994,0.245332,0.220296,0.250304,0.289428,0.157704,0.141191,0.095735,0.063607,0.032078,0.017061,
0.233048,0.231486,0.263274,0.465803,0.258982,0.404219,0.332190,0.276816,0.308091,0.300404,0.324872,0.219093,0.307563,0.234106,0.234100,0.183122,0.132917,0.115519,0.058821,0.022115,0.012815,
0.306765,0.224949,0.356789,0.377605,0.288147,0.302562,0.300621,0.311346,0.282775,0.272710,0.310733,0.257822,0.313948,0.214467,0.213239,0.205991,0.178359,0.114535,0.055550,0.057476,0.012252,
0.584336,0.285260,0.315839,0.330820,0.352176,0.305608,0.274781,0.277989,0.337255,0.303793,0.323823,0.278636,0.313524,0.279796,0.232331,0.232654,0.170139,0.124009,0.064575,0.035147,0.014350,
0.456159,0.219048,0.263868,0.293114,0.412613,0.265386,0.285447,0.356303,0.322010,0.307718,0.295079,0.301661,0.374246,0.327078,0.290795,0.274780,0.174929,0.119607,0.055846,0.022036,0.015107,
0.981835,0.275331,0.401200,0.425996,0.252235,0.295842,0.262353,0.345713,0.294241,0.423526,0.310146,0.321792,0.320389,0.331718,0.351894,0.205653,0.198328,0.113235,0.056165,0.021933,0.009357,
0.125969,0.510464,0.285076,0.458406,0.242111,0.367178,0.344230,0.333073,0.385096,0.302611,0.297282,0.403306,0.297491,0.364986,0.282234,0.173714,0.163019,0.157560,0.026104,0.012171,0.008658,
0.076173,0.091481,0.143862,0.225082,0.347304,0.192578,0.356655,0.393975,0.339898,0.362444,0.287466,0.482390,0.396390,0.365421,0.354211,0.214690,0.242676,0.057932,0.023479,0.006617,0.007223,
nan,nan,0.139470,0.206956,nan,0.168201,0.238653,1.621996,0.588031,0.377809,0.818235,0.765174,0.533806,0.244740,0.192998,0.153450,0.144524,0.117314,0.006723,0.053170,0.000006,
nan,0.226293,0.240210,0.206007,0.165887,0.305211,0.421516,0.180705,0.244082,0.221417,0.242437,0.129306,0.206544,0.104571,0.123916,0.089442,0.032285,0.039130,0.032877,0.014716,0.011123,
0.540360,0.379447,0.334400,0.309816,0.294262,0.330741,0.354472,0.332385,0.310254,0.367584,0.182323,0.248183,0.148392,0.156367,0.148743,0.093186,0.072232,0.047554,0.029732,0.024087,0.008172,
0.367088,0.361837,0.324251,0.363505,0.260689,0.298752,0.343129,0.245786,0.263571,0.246324,0.261857,0.203580,0.143198,0.183085,0.131418,0.119096,0.081437,0.058228,0.035659,0.025412,0.014125,
0.278810,0.454093,0.521233,0.329799,0.277816,0.282700,0.313116,0.318197,0.243169,0.242867,0.270523,0.238501,0.169646,0.170794,0.197247,0.103465,0.078415,0.047142,0.061739,0.021496,0.006838,
0.261790,0.419191,0.356667,0.387201,0.361721,0.379387,0.257488,0.270232,0.225972,0.230302,0.202133,0.222504,0.172935,0.199179,0.164460,0.113869,0.080398,0.056247,0.034386,0.023566,0.009375,
0.281680,0.313010,0.227180,0.260379,0.301335,0.354643,0.287558,0.282355,0.208161,0.299825,0.247128,0.198438,0.191123,0.138912,0.175637,0.124767,0.101570,0.059744,0.035265,0.024026,0.007969,
0.470660,0.278654,0.242473,0.265937,0.286461,0.244945,0.243352,0.220349,0.318058,0.229383,0.198672,0.166222,0.208776,0.192384,0.123732,0.140406,0.107251,0.058645,0.035192,0.023478,0.009833,
0.205654,0.325482,0.250260,0.246636,0.238529,0.247418,0.275920,0.237590,0.261808,0.217199,0.199366,0.236118,0.183350,0.195496,0.136481,0.122354,0.123799,0.073870,0.051934,0.023933,0.018645,
0.141062,0.328600,0.244770,0.247333,0.249057,0.295851,0.334723,0.381590,0.205567,0.259461,0.257257,0.256283,0.196666,0.183953,0.175829,0.168544,0.109602,0.093577,0.035589,0.026381,0.007590,
0.182172,0.204309,0.230029,0.284243,0.271183,0.235655,0.276223,0.313226,0.258966,0.218054,0.255228,0.245108,0.201843,0.219592,0.242478,0.148304,0.107724,0.073820,0.052539,0.027335,0.017293,
0.165940,0.270581,0.224387,0.228131,0.273138,0.230001,0.240008,0.200486,0.290690,0.249693,0.289598,0.161223,0.279982,0.218709,0.232943,0.150796,0.121079,0.109911,0.049120,0.030103,0.015950,
0.240567,0.289284,0.216095,0.249024,0.301732,0.271407,0.314377,0.259965,0.340451,0.248911,0.239807,0.254720,0.248996,0.209488,0.174171,0.183792,0.136235,0.105311,0.060504,0.028591,0.011063,
0.464736,0.219830,0.262453,0.296544,0.346441,0.241117,0.357417,0.301047,0.294978,0.249767,0.335264,0.262475,0.233693,0.236295,0.199257,0.196927,0.122476,0.119296,0.047463,0.055674,0.015625,
0.112072,0.347504,0.460243,0.356840,0.542319,0.319595,0.319531,0.316930,0.263383,0.331892,0.308818,0.326232,0.304408,0.283122,0.258075,0.199038,0.150543,0.110281,0.069603,0.049414,0.014054,
0.101518,0.272274,0.260332,0.329483,0.279524,0.252196,0.268168,0.220281,0.269785,0.331338,0.313026,0.346694,0.242084,0.299956,0.264657,0.222083,0.136202,0.146372,0.072266,0.022681,0.011344,
0.154838,0.308498,0.390760,0.291590,0.416291,0.298383,0.323588,0.241060,0.314329,0.444296,0.354659,0.268379,0.285483,0.313436,0.281659,0.231478,0.133189,0.122104,0.049892,0.031027,0.006848,
0.191243,0.205224,0.408367,0.487362,0.262441,0.269864,0.246485,0.303223,0.314306,0.276501,0.272835,0.315231,0.332539,0.314694,0.301044,0.240417,0.190927,0.091055,0.033303,0.008890,0.009412,
0.118321,0.143421,0.265896,0.676778,0.764287,0.319356,0.418391,0.381312,0.552356,0.521860,0.289161,0.463661,0.294779,0.464520,0.291327,0.181044,0.251100,0.150930,0.031031,0.009661,0.006890,
nan,0.326494,0.710937,nan,0.170716,0.342956,0.262548,0.318421,0.162298,0.328171,0.281191,0.332929,0.769519,0.642794,0.424100,0.160058,0.086012,0.027808,0.022056,0.007327,0.007097,
nan,0.473696,0.139520,0.209958,0.201792,0.238786,0.342229,0.238730,0.328671,0.164013,0.209036,0.206595,0.070315,0.101497,0.068815,0.062180,0.108861,0.030814,0.020219,0.007037,0.017696,
1.228765,0.327883,0.353550,0.359057,0.380760,0.325903,0.343171,0.310809,0.248555,0.221812,0.243621,0.180405,0.272014,0.184428,0.113819,0.084442,0.076671,0.042049,0.047609,0.060094,0.020008,
0.202621,0.388702,0.363755,0.307791,0.258887,0.254529,0.231368,0.269771,0.268045,0.223293,0.189769,0.190955,0.161440,0.144336,0.160183,0.128374,0.105756,0.117394,0.036860,0.020926,0.008192,
0.219703,0.339440,0.369888,0.300574,0.268906,0.277491,0.333013,0.302572,0.268385,0.237973,0.232147,0.234322,0.181456,0.231610,0.137936,0.120188,0.062203,0.095308,0.033323,0.018928,0.010870,
0.184729,0.359467,0.275129,0.320977,0.329672,0.330424,0.277835,0.332769,0.238026,0.244178,0.263289,0.182907,0.218165,0.163214,0.190890,0.125802,0.082405,0.089042,0.042270,0.044013,0.008028,
0.191898,0.281276,0.317574,0.290156,0.298455,0.244293,0.262769,0.268015,0.268423,0.235002,0.233516,0.222749,0.176111,0.184145,0.128053,0.124377,0.097270,0.055186,0.036359,0.012979,0.008566,
0.455312,0.234891,0.325866,0.281253,0.264261,0.293288,0.318216,0.248498,0.276296,0.223591,0.182641,0.198959,0.209135,0.198384,0.167514,0.129887,0.088305,0.060056,0.044212,0.035472,0.009741,
0.726331,0.187179,0.247901,0.284077,0.276589,0.243108,0.358877,0.408460,0.201596,0.311353,0.235982,0.274948,0.206040,0.179590,0.157700,0.117939,0.096852,0.065957,0.036287,0.019812,0.016636,
0.128220,0.247911,0.246899,0.238801,0.314747,0.285151,0.223710,0.304256,0.237181,0.252914,0.223243,0.255244,0.191873,0.169178,0.222076,0.129590,0.105120,0.086088,0.052092,0.029261,0.051300,
0.125266,0.240180,0.259462,0.229437,0.299505,0.305138,0.217007,0.213510,0.276200,0.276878,0.284668,0.173942,0.233728,0.193379,0.181637,0.162323,0.104478,0.088477,0.044030,0.026223,0.018875,
0.193486,0.175480,0.333394,0.288627,0.319696,0.194285,0.331097,0.239175,0.344443,0.257149,0.255670,0.200409,0.241558,0.214525,0.157607,0.160989,0.106605,0.111982,0.058304,0.021418,0.031462,
0.194873,0.286534,0.206724,0.260169,0.294638,0.213598,0.272149,0.184689,0.273435,0.216663,0.288011,0.248178,0.222432,0.204517,0.176186,0.163427,0.137862,0.073483,0.065286,0.037745,0.016988,
0.243927,0.310901,0.257232,0.223895,0.297939,0.254218,0.260686,0.308689,0.273921,0.223588,0.250432,0.218289,0.304952,0.249022,0.197734,0.177737,0.121437,0.124566,0.069382,0.030320,0.015372,
0.110263,0.302176,0.248835,0.270662,0.261474,0.230511,0.265045,0.329844,0.278389,0.296428,0.285933,0.265617,0.264740,0.229150,0.227647,0.216435,0.140126,0.115350,0.066428,0.030369,0.014241,
0.619319,0.204800,0.335872,0.372566,0.414062,0.228839,0.292343,0.296994,0.332809,0.348381,0.313199,0.283173,0.269219,0.265940,0.236185,0.246785,0.113541,0.087857,0.065784,0.023994,0.009966,
1.411391,0.213814,0.337568,0.241514,0.414362,0.304360,0.224883,0.385481,0.423915,0.297924,0.334415,0.322841,0.237535,0.275212,0.250970,0.262090,0.151780,0.111407,0.083732,0.048209,0.005478,
nan,0.612542,0.269702,0.436595,0.228471,0.234860,0.256740,0.295113,0.298659,0.383412,0.287239,0.311683,0.331097,0.260726,0.310343,0.220164,0.170995,0.149681,0.041629,0.007640,0.005527,
nan,0.233301,0.178292,0.276966,0.196439,0.393036,0.244355,0.368876,0.535666,0.461720,0.433149,0.285222,0.312685,0.286138,0.392694,0.138331,0.159051,0.065499,0.024318,0.017805,0.004706,
nan,0.335860,0.171317,1.494377,0.817786,nan,0.176577,0.261376,0.315792,0.264213,0.183246,0.781001,0.464177,0.431619,0.103316,0.121862,0.111040,0.061272,0.256399,0.006561,0.000584,
nan,0.356372,0.395443,0.468040,0.354487,0.297796,0.482096,0.159982,0.145433,0.274955,0.102239,0.164097,0.129069,0.171307,0.091985,0.116455,0.092519,0.041616,0.118149,0.022736,0.005513,
0.192157,0.399676,0.401118,0.324543,0.399023,0.351888,0.210043,0.268524,0.352091,0.166613,0.215678,0.156579,0.181524,0.114324,0.167380,0.085077,0.055944,0.033862,0.029007,0.011468,0.022902,
0.233265,0.295028,0.491151,0.368463,0.341456,0.285646,0.294211,0.264451,0.358048,0.213812,0.211267,0.307385,0.179913,0.159687,0.173355,0.120450,0.088419,0.040272,0.028397,0.028361,0.014533,
0.242701,0.339288,0.241445,0.354827,0.322656,0.325689,0.278964,0.252189,0.272717,0.214808,0.215141,0.217564,0.162509,0.150588,0.213751,0.118283,0.111409,0.074066,0.043121,0.029069,0.015954,
0.430169,0.345308,0.324638,0.299104,0.279937,0.300495,0.292862,0.241598,0.216173,0.300500,0.239304,0.175106,0.163961,0.146641,0.184684,0.110897,0.109767,0.058746,0.032555,0.020005,0.007774,
0.384129,0.350082,0.359018,0.269614,0.275789,0.297451,0.303957,0.266507,0.289938,0.222770,0.177437,0.207888,0.186935,0.173914,0.124920,0.098968,0.092276,0.055377,0.035126,0.021215,0.010920,
0.276768,0.308381,0.306092,0.259038,0.270371,0.235375,0.294239,0.361071,0.268238,0.271650,0.212692,0.193160,0.174808,0.176229,0.139638,0.138706,0.116792,0.051021,0.041078,0.021497,0.011779,
0.368023,0.232094,0.306283,0.272422,0.275351,0.257127,0.248065,0.270278,0.220189,0.289163,0.203391,0.254351,0.244136,0.167920,0.154468,0.106951,0.098483,0.060379,0.040813,0.023805,0.014892,
0.119636,0.178629,0.315430,0.265381,0.412103,0.259113,0.210835,0.303399,0.303925,0.254015,0.253347,0.214538,0.210870,0.162740,0.185389,0.150681,0.114913,0.086269,0.039326,0.025908,0.010429,
0.134285,0.199402,0.396683,0.228017,0.396132,0.234459,0.322670,0.228755,0.270383,0.239412,0.245124,0.187595,0.211941,0.205365,0.134145,0.139884,0.114442,0.078400,0.060154,0.031526,0.014331,
0.203092,0.298943,0.297466,0.274104,0.287365,0.287486,0.290036,0.285454,0.267039,0.219808,0.240384,0.184486,0.215678,0.175331,0.165706,0.137192,0.109170,0.077924,0.063643,0.021570,0.009945,
0.113596,0.338167,0.355064,0.232888,0.320968,0.361079,0.236814,0.271524,0.266642,0.259659,0.233851,0.243852,0.208611,0.220896,0.182852,0.136333,0.119629,0.093257,0.038709,0.040173,0.013599,
0.451125,0.248152,0.329262,0.330158,0.290930,0.313462,0.242604,0.264077,0.256376,0.348529,0.293193,0.232511,0.227301,0.207424,0.181263,0.153098,0.140278,0.077609,0.069497,0.026579,0.017996,
0.187475,0.203543,0.257953,0.283366,0.312616,0.267096,0.302407,0.291617,0.316618,0.312864,0.288444,0.257833,0.311188,0.265960,0.257256,0.220223,0.150235,0.099002,0.051838,0.044972,0.013616,
0.147342,0.138805,0.182697,0.229792,0.329032,0.192276,0.325187,0.248200,0.325497,0.291031,0.268906,0.300927,0.254215,0.219630,0.249773,0.192848,0.152680,0.083389,0.064183,0.023298,0.007784,
0.111326,0.194799,0.378064,0.253275,0.332813,0.230342,0.259707,0.318327,0.302199,0.249018,0.238037,0.289524,0.274064,0.243269,0.213421,0.226807,0.125139,0.148550,0.077917,0.041696,0.053348,
0.107031,0.341683,0.354068,0.276295,0.310868,0.218805,0.420202,0.224303,0.328073,0.263113,0.353233,0.332952,0.372143,0.239606,0.307755,0.206361,0.132864,0.125836,0.048504,0.009656,0.003580,
0.107280,0.269871,0.666401,0.280006,0.351634,0.232354,0.306343,0.490617,0.260278,0.243487,0.219494,0.254010,0.396740,0.306471,0.173113,0.271032,0.142975,0.060220,0.070744,0.006579,0.006551,
nan,0.111067,nan,0.091695,0.168091,0.241504,nan,0.292456,nan,0.449666,0.257559,0.212096,0.312055,0.163593,0.537196,0.115720,0.069363,0.046781,0.034983,0.090254,0.000508,
nan,0.376199,0.202539,0.168531,0.243025,0.222208,0.146853,0.239815,0.324469,0.319407,0.128341,0.179892,0.153231,0.071241,0.165246,0.058693,0.045635,0.045961,0.032689,0.012276,0.074263,
0.358274,0.359157,0.348529,0.666826,0.429442,0.313739,0.312118,0.290601,0.250049,0.233610,0.282636,0.203123,0.231260,0.175159,0.136791,0.096934,0.078872,0.059243,0.036062,0.020381,0.006283,
0.467758,0.297324,0.306220,0.351692,0.360185,0.266881,0.253684,0.322563,0.284586,0.239054,0.292746,0.183649,0.201306,0.143511,0.123410,0.087475,0.060041,0.063379,0.024203,0.027458,0.003436,
0.234214,0.328743,0.319286,0.288743,0.346058,0.289318,0.240535,0.257156,0.255829,0.192052,0.196535,0.244229,0.174307,0.237855,0.164385,0.132372,0.120986,0.046269,0.046741,0.044057,0.023295,
0.172048,0.310551,0.344449,0.283110,0.347694,0.336313,0.233876,0.296619,0.273192,0.269104,0.273243,0.184808,0.170239,0.183976,0.147645,0.143011,0.094346,0.070183,0.029989,0.016109,0.009326,
0.280248,0.330891,0.311461,0.346494,0.265829,0.274570,0.276703,0.333833,0.250002,0.184644,0.204087,0.215524,0.214344,0.173187,0.180811,0.112499,0.102302,0.051843,0.041732,0.021380,0.005674,
0.245999,0.493361,0.271018,0.269839,0.319874,0.285858,0.243419,0.299396,0.200704,0.259742,0.273865,0.235152,0.185961,0.156689,0.157016,0.107206,0.076397,0.078810,0.048147,0.026830,0.013728,
0.545306,0.350142,0.233985,0.311841,0.341103,0.284983,0.219330,0.243151,0.271036,0.313227,0.235544,0.242114,0.182749,0.188483,0.144934,0.159106,0.128862,0.064523,0.031448,0.020431,0.015958,
0.811944,0.463251,0.296847,0.225150,0.320575,0.250335,0.335884,0.203318,0.245668,0.230799,0.199328,0.212698,0.171662,0.179392,0.157470,0.126283,0.098552,0.084316,0.043350,0.020725,0.007415,
0.214026,0.294556,0.327184,0.213989,0.334712,0.282186,0.270803,0.255961,0.254009,0.253830,0.226449,0.160608,0.176614,0.206663,0.137994,0.125968,0.088276,0.071358,0.053258,0.033848,0.024814,
0.314422,0.232195,0.465634,0.199210,0.293046,0.267449,0.236876,0.219940,0.264473,0.239264,0.210356,0.229900,0.224108,0.190505,0.152378,0.151810,0.125272,0.079247,0.043492,0.048909,0.016538,
0.196453,0.352356,0.355531,0.260403,0.303330,0.284967,0.268631,0.300316,0.228277,0.302611,0.255030,0.224141,0.215053,0.187188,0.164819,0.125149,0.129258,0.088640,0.045914,0.026182,0.018045,
0.132623,0.223299,0.326230,0.263481,0.310762,0.308688,0.242255,0.338114,0.305769,0.253481,0.324407,0.270756,0.273619,0.264427,0.213550,0.146981,0.141926,0.095408,0.065186,0.041720,0.019885,
0.269115,0.377954,0.369893,0.185286,0.333454,0.245006,0.281199,0.323903,0.307786,0.330610,0.186746,0.239984,0.245264,0.200840,0.189145,0.183541,0.163151,0.079306,0.041052,0.026564,0.012102,
0.159704,0.526451,0.402785,0.402366,0.276879,0.316103,0.232228,0.277842,0.286241,0.242538,0.256155,0.287661,0.281392,0.209831,0.207825,0.205615,0.131560,0.122623,0.061589,0.025611,0.009364,
0.076550,0.247809,0.357748,0.239893,0.283856,0.260378,0.309092,0.447317,0.270555,0.301259,0.330644,0.340455,0.291775,0.285033,0.280667,0.194263,0.139158,0.096859,0.069560,0.054176,0.043915,
0.120039,0.134977,0.318666,0.383525,0.257950,0.290232,0.362661,0.343905,0.413521,0.214145,0.304711,0.244519,0.321854,0.239285,0.281326,0.217859,0.154800,0.116537,0.040635,0.012121,0.004408,
0.473125,0.132399,0.190884,0.561510,0.624527,0.195444,0.281260,0.304263,0.291494,0.248711,0.374273,0.300606,0.397796,0.359014,0.239116,0.180957,0.124389,0.062982,0.065192,0.018237,0.002540,
nan,nan,nan,0.157271,0.096979,0.137232,0.313042,1.767305,0.170424,0.369730,0.576244,0.202585,0.304251,0.334176,0.210767,0.163700,0.129708,0.078004,0.014714,0.008648,0.001445,
nan,0.344809,0.237825,0.266681,0.745131,0.343727,0.169753,0.297545,0.279533,0.247593,0.108727,0.182081,0.116860,0.679650,0.077501,0.079540,0.225281,0.206523,0.025102,0.015372,0.002067,
0.258871,0.324193,0.272366,0.300954,0.330240,0.318179,0.209586,0.262255,0.211447,0.250232,0.239852,0.160876,0.140132,0.154594,0.134817,0.094288,0.151208,0.056307,0.026380,0.057042,0.007975,
0.300906,0.312603,0.289227,0.293878,0.312635,0.288272,0.264136,0.275426,0.253365,0.287698,0.250873,0.241328,0.184527,0.142080,0.186652,0.135751,0.078239,0.053238,0.038692,0.012053,0.016533,
0.339717,0.237896,0.307134,0.333695,0.270212,0.300045,0.330254,0.335516,0.211269,0.225521,0.250623,0.198880,0.165243,0.201191,0.176120,0.128348,0.061293,0.058843,0.042006,0.045470,0.007926,
0.175978,0.252277,0.318858,0.348490,0.315055,0.279864,0.274421,0.280412,0.272878,0.290228,0.197985,0.182352,0.189799,0.144126,0.145076,0.101007,0.093634,0.053788,0.043026,0.029686,0.008816,
0.132263,0.258631,0.322087,0.270861,0.399739,0.277427,0.265093,0.297653,0.293434,0.242853,0.219019,0.187645,0.183977,0.192669,0.137536,0.119286,0.084377,0.052887,0.038258,0.018407,0.010949,
0.171367,0.229070,0.330542,0.312868,0.280621,0.265189,0.207055,0.226750,0.192026,0.297542,0.204448,0.215254,0.207408,0.149424,0.159058,0.113248,0.095368,0.061677,0.036043,0.028530,0.010065,
0.154606,0.279433,0.279675,0.301174,0.305153,0.274903,0.259204,0.272628,0.294441,0.224352,0.265072,0.202036,0.137925,0.167509,0.157259,0.109627,0.079440,0.064018,0.051408,0.019320,0.007532,
0.226571,0.252601,0.344595,0.277781,0.292878,0.235061,0.263188,0.242900,0.237807,0.231634,0.205570,0.157643,0.201879,0.177188,0.170323,0.147755,0.105679,0.069719,0.035816,0.026482,0.022927,
0.201943,0.351253,0.367688,0.236265,0.242522,0.207982,0.280857,0.262619,0.242449,0.303434,0.187794,0.214736,0.187456,0.165539,0.146904,0.133917,0.091745,0.068899,0.054587,0.017460,0.018066,
0.097064,0.282197,0.288408,0.224621,0.226330,0.257892,0.240818,0.240390,0.221592,0.288304,0.232272,0.223141,0.195548,0.212874,0.166180,0.110105,0.092724,0.086176,0.049955,0.017491,0.012194,
0.224453,0.228701,0.295502,0.198272,0.223112,0.253362,0.216203,0.261324,0.343274,0.257362,0.241936,0.227408,0.210834,0.207026,0.177531,0.130965,0.108547,0.106412,0.061670,0.029542,0.021109,
0.191373,0.296398,0.301455,0.195602,0.285924,0.306916,0.256275,0.257881,0.314072,0.264521,0.246391,0.258614,0.264253,0.234638,0.186213,0.147543,0.164136,0.078236,0.052752,0.043591,0.023574,
0.070439,0.378026,0.233433,0.241036,0.273310,0.266405,0.284262,0.267780,0.284306,0.252472,0.243999,0.251608,0.241097,0.226280,0.194804,0.161756,0.142046,0.090409,0.044398,0.030417,0.012448,
0.078199,0.320939,0.335317,0.245947,0.363037,0.241761,0.278640,0.238359,0.296607,0.248645,0.170302,0.329815,0.207615,0.245660,0.237186,0.197983,0.124507,0.108379,0.054707,0.026427,0.009701,
0.079250,0.201457,0.257148,0.278860,0.371349,0.233183,0.246007,0.300702,0.275576,0.242575,0.293918,0.236227,0.222908,0.281946,0.296572,0.213143,0.133167,0.104157,0.093955,0.025384,0.071507,
0.173511,0.272824,0.309598,0.300972,0.255820,0.337302,0.217093,0.254413,0.264962,0.216479,0.274966,0.321185,0.236982,0.223791,0.196976,0.189908,0.136696,0.105436,0.043575,0.015334,0.007082,
0.673196,0.168242,0.143715,0.774865,0.296076,0.371568,0.381578,0.377306,0.358121,0.233572,0.446464,0.355575,0.143839,0.224378,0.238329,0.141991,0.087765,0.061373,0.048739,0.013537,0.002347,
nan,0.150785,0.300009,nan,0.275359,nan,0.516572,0.155271,0.468423,0.408137,0.265105,0.220589,0.120346,0.177801,0.325445,0.079450,0.311219,0.076434,0.099573,0.028050,0.005739,
nan,0.135786,0.816094,0.240597,0.249752,0.358075,0.158610,0.313592,0.184593,0.477797,0.136619,0.209081,0.096077,0.196168,0.210481,0.068913,0.029775,0.021675,0.038367,0.022127,0.008215,
0.177473,0.338934,0.314107,0.348953,0.254241,0.377000,0.208927,0.298637,0.313059,0.287952,0.175260,0.189596,0.156187,0.208322,0.136864,0.100933,0.070636,0.037084,0.026924,0.094314,0.008641,
0.316716,0.302592,0.274958,0.270945,0.311716,0.348592,0.368258,0.257720,0.253651,0.260553,0.260440,0.189336,0.286780,0.253682,0.112080,0.091742,0.090060,0.050252,0.028441,0.015039,0.009476,
0.267143,0.324856,0.371881,0.328776,0.368865,0.295018,0.282945,0.295089,0.265872,0.240542,0.234914,0.183504,0.155624,0.136183,0.175430,0.090348,0.065112,0.112315,0.036871,0.013942,nan,
0.379921,0.263490,0.299434,0.252836,0.267147,0.380198,0.262314,0.316137,0.215198,0.182816,0.215068,0.223653,0.199179,0.138499,0.157085,0.083625,0.087877,0.051091,0.030590,0.018061,0.006812,
0.277690,0.301762,0.316661,0.304825,0.270077,0.300748,0.235168,0.276456,0.259169,0.242815,0.242786,0.209791,0.175138,0.150373,0.131974,0.103917,0.099648,0.074243,0.038175,0.019609,0.006522,
0.322979,0.338994,0.300238,0.300920,0.309238,0.267369,0.242642,0.256393,0.289939,0.209886,0.240697,0.209208,0.196377,0.187031,0.143875,0.111956,0.077165,0.060487,0.033913,0.022674,0.019592,
0.216932,0.310278,0.260032,0.284954,0.309545,0.253802,0.251617,0.251240,0.200103,0.198736,0.212606,0.170864,0.212995,0.149006,0.121687,0.117216,0.113515,0.055078,0.029299,0.025329,0.009568,
0.259891,0.296154,0.237988,0.275822,0.289222,0.230292,0.281537,0.279023,0.264211,0.236294,0.189807,0.202147,0.207109,0.156817,0.136595,0.105011,0.093653,0.065677,0.044861,0.028520,0.016637,
0.156243,0.310259,0.258875,0.270617,0.317778,0.248413,0.237652,0.209959,0.211808,0.233278,0.240002,0.209231,0.165149,0.182414,0.165598,0.128731,0.106863,0.062090,0.046957,0.023069,0.014666,
0.089322,0.282410,0.385750,0.296296,0.304928,0.258589,0.247207,0.204163,0.356428,0.239707,0.233971,0.201993,0.194999,0.171630,0.127975,0.117541,0.104655,0.059781,0.053183,0.042155,0.012661,
0.176870,0.238655,0.322619,0.302638,0.299145,0.268871,0.223686,0.227689,0.212363,0.232345,0.230457,0.262147,0.217710,0.258634,0.162274,0.161036,0.100734,0.075220,0.073938,0.031829,0.029884,
0.305672,0.361580,0.384110,0.229868,0.306939,0.292367,0.264647,0.207574,0.247431,0.238012,0.274870,0.270800,0.207191,0.197261,0.162491,0.163600,0.137650,0.086367,0.055197,0.038199,0.021134,
0.188252,0.244824,0.265196,0.294325,0.271025,0.341739,0.285371,0.162825,0.291465,0.248593,0.224063,0.258947,0.196491,0.206314,0.188519,0.176292,0.192890,0.078304,0.038834,0.033923,0.013749,
0.215869,0.303446,0.267738,0.181629,0.322938,0.314991,0.285063,0.253459,0.280683,0.239360,0.320228,0.307801,0.243985,0.299881,0.223361,0.224546,0.139004,0.105984,0.059622,0.027513,0.012315,
0.150860,0.350998,0.258312,0.443448,0.228200,0.330298,0.260483,0.245822,0.277897,0.254321,0.352637,0.352187,0.298606,0.174824,0.190990,0.216456,0.164795,0.108748,0.063929,0.034212,0.053904,
0.228169,0.228842,0.153369,0.220007,0.502400,0.247581,0.262679,0.275209,0.288631,0.365709,0.325958,0.326366,0.206782,0.168281,0.218377,0.136266,0.092372,0.073943,0.048477,0.015774,0.007524,
nan,0.093773,0.427301,0.481079,0.244370,0.323584,0.206442,0.403333,0.337364,0.229439,0.233456,0.326371,0.475363,0.240377,0.163751,0.142772,0.169288,0.058495,0.052250,0.022257,0.006983,
nan,1.261153,4.020115,nan,nan,0.282336,0.169138,nan,0.111739,0.153826,0.189957,0.365445,0.086891,0.081794,0.089768,0.282175,0.117772,0.046134,0.018064,0.028225,0.001619,
nan,0.232010,0.295131,0.266140,0.275568,0.400732,0.284970,0.258610,0.305782,0.130523,0.108339,0.189758,0.188803,0.128824,0.063811,0.160870,0.059699,0.068161,0.018002,0.046416,0.007397,
0.315758,0.279362,0.410510,0.335108,0.269952,0.288633,0.390257,0.295291,0.262535,0.260074,0.306729,0.261862,0.227938,0.162259,0.103537,0.196838,0.060635,0.038855,0.029818,0.013756,0.007781,
0.268893,0.281582,0.280361,0.337777,0.368592,0.316920,0.261327,0.339729,0.209413,0.219209,0.240321,0.194541,0.146565,0.155669,0.131354,0.113157,0.110034,0.087475,0.058956,0.036934,0.010659,
0.461687,0.234132,0.310578,0.321680,0.325793,0.314718,0.240371,0.291983,0.271013,0.261837,0.236662,0.197580,0.180705,0.178123,0.234973,0.096457,0.106026,0.079367,0.039418,0.019236,0.014804,
0.209408,0.228254,0.285194,0.270910,0.401748,0.332988,0.258793,0.260233,0.298629,0.256662,0.172283,0.196114,0.178675,0.197001,0.107616,0.154289,0.068083,0.097117,0.023627,0.015311,0.006280,
0.249725,0.204356,0.245135,0.367842,0.289154,0.291905,0.224390,0.236372,0.205934,0.288868,0.233219,0.171418,0.186065,0.184010,0.168920,0.110244,0.098281,0.053998,0.035285,0.033088,0.008879,
0.325000,0.232635,0.255272,0.283688,0.305438,0.283120,0.272394,0.244048,0.285773,0.254880,0.278109,0.206896,0.188683,0.136704,0.121932,0.125016,0.089700,0.087478,0.054376,0.017822,nan,
0.198989,0.335147,0.213885,0.249715,0.322561,0.266816,0.279135,0.233910,0.260952,0.187217,0.225923,0.150225,0.199269,0.152046,0.147398,0.118455,0.091804,0.090240,0.043707,0.024872,0.007333,
0.255209,0.302176,0.216646,0.283635,0.287351,0.237571,0.244591,0.251425,0.229518,0.266284,0.240259,0.168715,0.205759,0.184147,0.162467,0.129127,0.076540,0.054578,0.054212,0.031748,0.066763,
0.217915,0.494199,0.262619,0.249340,0.284968,0.206939,0.243557,0.202484,0.344633,0.228646,0.227159,0.214654,0.165751,0.178891,0.141076,0.116162,0.096515,0.070290,0.048972,0.022743,0.018749,
0.138421,0.211745,0.245398,0.261105,0.298409,0.167353,0.214239,0.205597,0.266610,0.207129,0.203740,0.216952,0.193389,0.167409,0.161651,0.140881,0.099797,0.069050,0.057911,0.040616,0.009097,
0.176116,0.344632,0.265314,0.278653,0.332909,0.167887,0.221616,0.185588,0.320767,0.197063,0.232257,0.286336,0.226133,0.161448,0.171312,0.129593,0.093581,0.064204,0.071615,0.045290,0.013629,
0.269053,0.398321,0.341214,0.370107,0.284421,0.186659,0.222979,0.254881,0.335230,0.273500,0.230990,0.245085,0.211788,0.169413,0.172867,0.192416,0.143656,0.072520,0.045701,0.046011,0.023860,
0.165921,0.207228,0.255138,0.209734,0.265217,0.196883,0.271794,0.264746,0.237021,0.231742,0.267961,0.267140,0.256395,0.263727,0.194541,0.195072,0.183547,0.075011,0.038829,0.038076,0.020449,
0.262167,0.251419,0.376148,0.357586,0.257578,0.266766,0.283263,0.284632,0.239575,0.296951,0.293802,0.295560,0.277534,0.210757,0.180689,0.162099,0.138467,0.092051,0.060298,0.030682,0.009803,
0.100198,0.355457,0.280890,0.238684,0.300325,0.284769,0.235625,0.387998,0.273074,0.302007,0.279449,0.268377,0.242563,0.266414,0.212838,0.186308,0.141028,0.097266,0.050511,0.038476,0.020660,
0.139389,0.219803,0.328120,0.481769,0.443394,0.355272,0.258039,0.317321,0.338577,0.246873,0.267434,0.263290,0.271344,0.294510,0.218342,0.187887,0.156421,0.080879,0.056040,0.020517,0.009012,
nan,0.295895,0.449013,0.943162,0.233370,0.185671,0.268639,0.322174,0.289388,0.276087,0.433616,0.389417,0.269490,0.246553,0.196499,0.130349,0.184237,0.069975,0.042857,0.018184,0.017466,
nan,nan,0.147161,0.501717,nan,nan,0.224152,0.193550,0.128622,0.192392,0.102998,0.203359,0.461067,0.116948,0.131274,0.148515,0.105110,0.067953,0.029051,0.020620,0.012871,
nan,0.201086,0.550294,0.534490,0.657343,0.293733,0.330200,0.263539,0.178018,0.137223,0.174023,0.146507,0.139908,0.109423,0.050652,0.497137,0.051812,0.047194,0.018040,0.013769,0.007778,
0.356409,0.279159,0.329428,0.410955,0.318423,0.277485,0.295091,0.270914,0.246936,0.184037,0.224191,0.203740,0.225281,0.263142,0.188725,0.111243,0.080718,0.098272,0.063142,0.015136,0.007549,
0.294144,0.291263,0.366431,0.340043,0.277292,0.300839,0.239707,0.252680,0.319417,0.198898,0.274922,0.192281,0.196329,0.173372,0.153343,0.134085,0.144776,0.057226,0.034276,0.026544,0.013088,
0.251751,0.292183,0.312284,0.337932,0.296063,0.313170,0.296670,0.281242,0.245585,0.233033,0.264637,0.182405,0.197294,0.152507,0.235660,0.116052,0.094302,0.049960,0.034374,0.035127,0.008431,
0.188135,0.231992,0.249025,0.378130,0.254459,0.279013,0.299448,0.268759,0.273227,0.215006,0.183384,0.168420,0.178241,0.179670,0.123913,0.101945,0.076174,0.058774,0.040303,0.021668,0.009235,
0.215196,0.342537,0.280164,0.283263,0.338781,0.279340,0.228587,0.273788,0.304943,0.263965,0.248060,0.224565,0.187526,0.139535,0.141066,0.102735,0.071309,0.062826,0.055170,0.025331,0.013261,
0.241931,0.385668,0.215809,0.303398,0.320669,0.273080,0.263749,0.275985,0.248551,0.186052,0.228606,0.163567,0.205728,0.211344,0.123738,0.108423,0.086120,0.050182,0.034335,0.019574,0.017815,
0.168726,0.389173,0.204670,0.295179,0.282243,0.239662,0.267008,0.268821,0.237737,0.178226,0.202015,0.158826,0.180428,0.137847,0.155237,0.098928,0.082149,0.049981,0.032685,0.019759,0.009035,
0.182229,0.360732,0.222988,0.237166,0.249430,0.197068,0.257035,0.209652,0.221415,0.247119,0.209319,0.202036,0.193520,0.146173,0.119139,0.124901,0.080159,0.048517,0.039400,0.026762,0.015673,
0.202940,0.324810,0.189695,0.261822,0.284337,0.211607,0.239524,0.176836,0.315120,0.180818,0.184665,0.243225,0.208559,0.158363,0.161359,0.111839,0.108491,0.084953,0.038424,0.024174,0.012925,
0.226314,0.374958,0.213050,0.247569,0.312214,0.235172,0.215387,0.201981,0.249752,0.253230,0.229188,0.228813,0.233613,0.173316,0.181344,0.124424,0.096122,0.069441,0.043448,0.021262,0.009566,
0.348338,0.199721,0.243947,0.236233,0.243889,0.270757,0.219485,0.251539,0.308044,0.257157,0.210268,0.225446,0.205085,0.195614,0.162331,0.152399,0.084214,0.060060,0.066666,0.031691,0.020143,
0.227248,0.243603,0.210093,0.270535,0.354046,0.279322,0.268987,0.235151,0.214786,0.212349,0.225889,0.247796,0.200561,0.162219,0.164870,0.138157,0.147491,0.087988,0.050368,0.056669,0.021994,
0.195124,0.227569,0.360677,0.243327,0.282948,0.308192,0.275420,0.302198,0.253562,0.338239,0.238384,0.286727,0.266256,0.239484,0.224308,0.185930,0.158043,0.094991,0.036484,0.051431,0.016335,
nan,0.598647,0.300749,0.228094,0.290987,0.272406,0.294434,0.289131,0.223669,0.336989,0.321623,0.203410,0.229834,0.236065,0.225490,0.126676,0.178997,0.076286,0.062776,0.030519,0.016305,
nan,0.261454,0.222498,0.216384,0.267611,0.293982,0.302821,0.366950,0.267322,0.375726,0.309301,0.269150,0.238487,0.277485,0.241031,0.118693,0.117261,0.127982,0.052808,0.037596,0.014143,
nan,0.157033,0.590623,0.326220,0.192783,0.383597,0.304941,0.350632,0.271821,0.316217,0.224889,0.357772,0.227360,0.192956,0.168575,0.173230,0.216717,0.094118,0.047244,0.022689,0.017379,
nan,0.283851,0.286067,0.235096,0.191165,0.337038,0.485229,0.289483,0.339337,0.272656,0.311837,0.296473,0.140169,0.249084,0.132348,0.187004,0.084426,0.057993,0.045626,0.017053,0.011662,
nan,0.287507,0.270691,0.573289,0.179460,0.390243,0.169057,0.126164,0.150274,0.381157,0.036606,0.078837,0.358376,0.099279,0.097476,0.088813,0.127741,0.047681,0.014698,0.033115,0.012200,
nan,0.399754,0.192951,0.228529,0.569721,0.257024,0.334994,0.160323,0.234738,0.240929,0.300032,0.132540,0.200602,0.142763,0.065461,0.119390,0.147882,0.044600,0.031049,0.019600,0.006790,
0.319784,0.318599,0.387276,0.362337,0.295710,0.318023,0.273427,0.267964,0.282989,0.212656,0.277269,0.162041,0.128229,0.233644,0.148225,0.126101,0.061895,0.089053,0.042690,0.015957,0.003993,
0.811781,0.282471,0.307769,0.277146,0.348536,0.259946,0.244447,0.217016,0.318399,0.245133,0.174305,0.228086,0.168927,0.149309,0.171012,0.093624,0.093471,0.061184,0.030200,0.046276,0.069694,
0.693534,0.271960,0.259389,0.365373,0.395288,0.323540,0.289979,0.340909,0.186234,0.206735,0.244160,0.188029,0.160471,0.172804,0.150006,0.109073,0.073480,0.063906,0.051692,0.028490,0.009095,
0.228003,0.368650,0.301739,0.322680,0.300955,0.320082,0.242042,0.227869,0.239533,0.207643,0.165200,0.183891,0.200259,0.153584,0.140574,0.090650,0.081020,0.046523,0.030502,0.015520,0.005112,
0.193171,0.294786,0.341495,0.304570,0.310383,0.297281,0.300193,0.255208,0.216883,0.325715,0.215330,0.173952,0.173087,0.128234,0.131941,0.107830,0.098914,0.088160,0.054910,0.026342,0.004577,
0.200265,0.252067,0.302831,0.267069,0.309498,0.277429,0.206164,0.289156,0.240971,0.212455,0.239529,0.185855,0.189299,0.147953,0.126446,0.161606,0.085388,0.076365,0.042197,0.021714,nan,
0.353787,0.230685,0.298089,0.243385,0.277342,0.217318,0.248218,0.181361,0.200778,0.217553,0.221340,0.169019,0.213649,0.162789,0.128078,0.108630,0.105118,0.089532,0.035169,0.029099,0.011053,
0.097943,0.259919,0.275113,0.303670,0.268982,0.239599,0.265095,0.217798,0.297386,0.212737,0.205434,0.178996,0.197585,0.154084,0.132166,0.124324,0.077741,0.050869,0.046394,0.023150,0.014355,
0.566789,0.194567,0.319499,0.294583,0.329832,0.235091,0.249446,0.190951,0.207808,0.238986,0.215463,0.212558,0.229191,0.187455,0.168848,0.129369,0.093731,0.096792,0.042378,0.024816,0.011338,
0.127578,0.579192,0.240018,0.300876,0.350465,0.214867,0.243945,0.241397,0.251486,0.292529,0.212690,0.224102,0.205653,0.190139,0.151112,0.111383,0.085544,0.086444,0.051444,0.032837,0.009836,
nan,0.311894,0.286980,0.222164,0.330108,0.220669,0.254057,0.227074,0.193625,0.236929,0.206782,0.231055,0.147490,0.171035,0.132246,0.167482,0.101864,0.064845,0.070387,0.031946,0.023906,
0.315162,0.241852,0.267153,0.281582,0.357543,0.236626,0.241859,0.229295,0.248616,0.258729,0.279777,0.249160,0.235642,0.202801,0.179457,0.144610,0.120671,0.077408,0.066804,0.030945,0.018070,
0.070094,0.307964,0.238519,0.255007,0.272020,0.239895,0.265363,0.217495,0.263797,0.277968,0.312723,0.311591,0.212690,0.222395,0.187572,0.170834,0.129668,0.098407,0.038354,0.019985,0.019641,
nan,0.201844,0.248982,0.504009,0.311145,0.298741,0.259529,0.262436,0.258738,0.280418,0.251599,0.276493,0.230324,0.233828,0.208824,0.158893,0.122954,0.129211,0.050011,0.051006,0.009676,
nan,0.267069,0.290570,0.222586,0.272877,0.293036,0.228151,0.245884,0.348192,0.224550,0.248520,0.233809,0.147130,0.187079,0.209052,0.170769,0.095092,0.136748,0.059349,0.045306,0.016656,
nan,0.114266,0.249704,0.191269,0.296238,0.358078,0.308422,0.255957,0.331424,0.254447,0.260396,0.203868,0.161375,0.201435,0.161165,0.251179,0.151180,0.143459,0.032202,0.031985,0.012719,
nan,0.790835,0.206423,0.174894,0.265599,0.225465,0.354699,0.417596,0.175431,0.311847,0.238134,0.138606,0.245588,0.229083,0.160523,0.254167,0.221612,0.069448,0.045672,0.034956,0.011675,
nan,nan,nan,nan,nan,0.346759,0.135655,0.187626,0.346877,0.573430,0.212557,0.564637,0.136572,0.166819,0.461900,0.114859,0.137019,0.057166,nan,0.027893,0.015483,
nan,0.354211,0.276517,0.354110,0.351363,0.289254,1.291583,0.166267,0.120589,nan,0.174314,1.315771,0.110180,0.100117,0.068144,0.499874,0.042402,0.078423,0.013253,0.011553,nan,
0.908621,0.336658,0.359503,0.309515,0.337866,0.329148,0.233714,0.288245,0.282061,0.206640,0.213510,0.208664,0.158404,0.142044,0.133599,0.089347,0.094482,0.039476,0.047057,0.030534,nan,
0.771278,0.266239,0.379431,0.298220,0.357667,0.284977,0.276353,0.315517,0.307859,0.273634,0.317050,0.257814,0.179841,0.145079,0.108433,0.071231,0.089664,0.045467,0.024399,0.022924,nan,
0.645771,0.315026,0.292848,0.323814,0.422181,0.280391,0.322198,0.312627,0.235962,0.273538,0.224213,0.225083,0.186656,0.144384,0.161583,0.108055,0.054629,0.046476,0.031251,0.021431,nan,
0.450399,0.291936,0.395986,0.296782,0.254425,0.315453,0.256379,0.234331,0.262291,0.229309,0.226167,0.188476,0.216375,0.206564,0.127886,0.132466,0.058190,0.119063,0.021595,0.018792,0.010126,
0.411286,0.328824,0.344547,0.290413,0.342259,0.229467,0.249117,0.260791,0.282022,0.180097,0.250093,0.194968,0.216468,0.186547,0.156867,0.096027,0.087825,0.032197,0.023887,0.032329,0.011375,
0.258859,0.420048,0.325037,0.303293,0.267448,0.255286,0.270986,0.305513,0.244439,0.215621,0.247273,0.176594,0.169205,0.185378,0.116559,0.094306,0.094048,0.053062,0.057869,0.019734,0.016847,
0.203035,0.418208,0.289421,0.270791,0.209452,0.265136,0.303406,0.206357,0.263299,0.218874,0.263571,0.187758,0.148716,0.150897,0.154591,0.100934,0.071005,0.045551,0.034702,0.021920,0.011060,
0.225802,0.389058,0.257900,0.281566,0.290122,0.237251,0.295482,0.203975,0.217188,0.241431,0.211113,0.196573,0.182224,0.151235,0.152362,0.095800,0.066778,0.048250,0.042972,0.025144,0.027973,
0.163015,0.308342,0.215908,0.256073,0.235226,0.289438,0.314267,0.207518,0.237124,0.242018,0.239015,0.221019,0.187428,0.167164,0.136590,0.113251,0.098117,0.069242,0.051226,0.027385,0.008475,
nan,0.234666,0.358905,0.261640,0.238688,0.255732,0.254099,0.209822,0.204148,0.232100,0.169479,0.196170,0.172867,0.201270,0.159230,0.122624,0.096123,0.046477,0.047639,0.024926,0.010156,
0.169858,0.419716,0.238826,0.311014,0.212925,0.254136,0.244093,0.211709,0.222481,0.251155,0.240484,0.250565,0.177286,0.173554,0.151394,0.111914,0.107915,0.067543,0.090801,0.024156,0.020690,
0.124861,0.263260,0.357235,0.272700,0.285342,0.223798,0.253065,0.233006,0.253182,0.233482,0.377826,0.250821,0.248342,0.206531,0.159887,0.145419,0.094284,0.058932,0.058079,0.051950,0.029143,
nan,0.277662,0.298525,0.273391,0.331000,0.208535,0.227699,0.236037,0.239458,0.233724,0.247599,0.279314,0.178745,0.221202,0.172414,0.236080,0.117979,0.093852,0.043180,0.040463,0.020446,
0.305291,0.337655,0.415177,0.293243,0.262339,0.180190,0.247895,0.258134,0.224084,0.286037,0.261026,0.174265,0.188061,0.205973,0.168407,0.138891,0.112382,0.160655,0.048897,0.040608,0.015754,
nan,0.224555,0.228438,0.192671,0.302118,0.247122,0.222239,0.297995,0.193822,0.412132,0.267267,0.178614,0.195883,0.161354,0.184121,0.219190,0.129784,0.183575,0.059503,0.026566,0.015596,
nan,0.266679,0.247112,0.222911,0.238834,0.410662,0.272183,0.317049,0.166790,0.357978,0.325452,0.207235,0.222643,0.234652,0.140483,0.233648,0.127812,0.073541,0.042228,0.103625,0.018407,
nan,0.208835,0.498074,0.184849,0.452805,0.268323,0.135309,0.249786,0.298903,0.236873,0.204519,0.164354,0.140128,0.227673,0.154235,0.137604,0.161281,0.081791,0.036691,0.040569,0.017213,
nan,nan,nan,nan,nan,0.136823,0.291441,0.201683,0.192948,0.180308,0.114860,0.210063,0.133114,0.228903,0.361518,0.096239,0.135888,0.099579,0.060418,0.026451,0.007663,
nan,0.277124,0.358047,0.718599,0.157486,0.310611,0.278244,0.166415,0.274657,0.203683,0.133500,0.207648,0.216461,0.152738,0.075594,0.063241,0.083763,0.055756,0.015340,0.026746,nan,
0.666743,0.373927,0.330674,0.304132,0.502166,0.346504,0.351250,0.332605,0.332269,0.242837,0.143868,0.310040,0.125293,0.146649,0.109168,0.094531,0.064053,0.037785,0.036693,0.010210,nan,
0.465294,0.355674,0.280138,0.298776,0.293766,0.318993,0.236959,0.318077,0.313093,0.313559,0.213823,0.208437,0.182366,0.291836,0.160621,0.107179,0.064945,0.047009,0.030838,0.014456,0.006132,
0.247954,0.268590,0.326077,0.343713,0.238585,0.309482,0.241726,0.264283,0.274097,0.210656,0.215762,0.172416,0.137516,0.210479,0.167906,0.099745,0.093728,0.107934,0.044516,0.018394,0.012575,
0.231557,0.279713,0.340907,0.298779,0.321816,0.311302,0.219775,0.293410,0.214957,0.237338,0.191727,0.174336,0.167183,0.187316,0.147490,0.111640,0.074063,0.070562,0.033115,0.019415,0.009822,
0.483510,0.311844,0.303987,0.258744,0.268306,0.318043,0.270240,0.297971,0.271206,0.284820,0.209119,0.226321,0.177691,0.137184,0.113793,0.126102,0.095288,0.097122,0.032629,0.023541,0.006561,
0.249787,0.270943,0.271499,0.292396,0.238547,0.271614,0.282549,0.265993,0.193644,0.196184,0.198786,0.190909,0.186107,0.155599,0.126690,0.134243,0.097902,0.078047,0.035321,0.024895,0.006774,
0.308770,0.243125,0.258979,0.296083,0.252551,0.227559,0.246951,0.197126,0.206381,0.232826,0.189113,0.217186,0.180238,0.143966,0.123655,0.106281,0.114181,0.082080,0.029563,0.025229,0.016058,
0.458008,0.198036,0.268742,0.234190,0.240667,0.307666,0.309424,0.238772,0.245234,0.250859,0.186157,0.220819,0.150964,0.142877,0.126779,0.118174,0.087645,0.046840,0.050889,0.022216,0.011952,
0.133931,0.427815,0.313130,0.228163,0.249548,0.281870,0.203137,0.216380,0.235199,0.265021,0.229792,0.214988,0.131722,0.157319,0.136665,0.119802,0.090838,0.080724,0.036747,0.026052,0.025952,
0.272335,0.284516,0.267336,0.244978,0.229773,0.262995,0.241110,0.219749,0.249228,0.231967,0.217688,0.228961,0.160867,0.193218,0.168730,0.098662,0.091360,0.068383,0.049213,0.023277,0.011327,
nan,0.341839,0.357623,0.278785,0.303507,0.254187,0.225000,0.233885,0.226050,0.240086,0.331776,0.275099,0.209425,0.155696,0.163975,0.174995,0.111300,0.070705,0.108335,0.024978,0.022641,
nan,0.347689,0.188667,0.330029,0.252759,0.248531,0.247952,0.210332,0.256723,0.212077,0.252348,0.214762,0.194913,0.187237,0.134254,0.151422,0.097771,0.079169,0.044246,0.045721,0.016307,
0.108678,0.345877,0.279129,0.279217,0.291874,0.236802,0.270047,0.189503,0.227218,0.309177,0.333273,0.176434,0.198637,0.198862,0.179738,0.197198,0.120833,0.084353,0.049323,0.041599,0.015931,
nan,0.194372,0.220540,0.168317,0.264378,0.266243,0.239317,0.188355,0.258404,0.340822,0.247889,0.211592,0.178888,0.169369,0.177370,0.157412,0.121165,0.135077,0.056515,0.036913,0.053537,
0.303876,0.365223,0.352597,0.434406,0.226049,0.194382,0.269778,0.170887,0.257632,0.261207,0.238599,0.209252,0.184588,0.230227,0.165409,0.168362,0.125515,0.144993,0.082437,0.029003,0.014238,
nan,0.302319,0.279889,0.362571,0.292081,0.171974,0.212018,0.262396,0.297745,0.192164,0.228781,0.226603,0.283710,0.156417,0.158830,0.154427,0.120027,0.080304,0.061670,0.024606,0.154750,
nan,0.152711,0.809987,0.272837,0.310723,0.191274,0.190352,0.337781,0.280874,0.381514,0.364592,0.264650,0.217758,0.148823,0.144097,0.129767,0.090633,0.206529,0.035806,0.040481,0.092726,
nan,nan,nan,0.128636,0.234503,0.229102,2.343822,0.351679,0.280631,0.299155,0.170007,0.180396,0.316677,0.180453,0.276478,0.149524,0.124800,0.108186,0.099497,0.018515,0.027399,
nan,0.224692,0.460233,0.320186,0.128178,0.269412,0.307327,0.623453,0.282424,0.137783,0.185981,0.138988,0.115205,0.151766,0.055734,0.061214,0.069485,0.024908,0.033577,0.009214,nan,
0.383207,0.260212,0.280273,0.338892,0.255755,0.261946,0.386575,0.238725,0.406683,0.324434,0.357375,0.195806,0.198099,0.124284,0.143718,0.085243,0.077172,0.045440,0.045091,0.022138,nan,
0.303774,0.305046,0.285942,0.344680,0.369200,0.344736,0.276426,0.271608,0.228298,0.253907,0.251368,0.178736,0.234534,0.176461,0.149253,0.131487,0.083546,0.087131,0.025660,0.021181,0.012255,
1.292860,0.356330,0.335348,0.264173,0.386605,0.309207,0.315857,0.262945,0.249374,0.244643,0.204321,0.250372,0.169670,0.220646,0.242107,0.090609,0.103668,0.067013,0.039270,0.032378,0.011569,
0.349348,0.318731,0.350474,0.355803,0.380633,0.276997,0.245181,0.250538,0.235997,0.251749,0.194595,0.199192,0.166527,0.171304,0.118949,0.097556,0.067471,0.056815,0.036709,0.012335,0.005237,
0.204385,0.266995,0.274428,0.310540,0.273246,0.282519,0.301053,0.273166,0.254900,0.232162,0.260926,0.191284,0.218379,0.155409,0.142836,0.096612,0.100152,0.056511,0.040719,0.017297,0.016296,
0.194562,0.336702,0.254042,0.318168,0.277697,0.297126,0.252331,0.205438,0.219781,0.210922,0.227304,0.162107,0.198219,0.169931,0.126595,0.102848,0.108947,0.052306,0.050652,0.038442,0.013048,
0.716230,0.406664,0.229033,0.364861,0.240271,0.250085,0.343016,0.256064,0.254410,0.247311,0.263230,0.210972,0.179024,0.165699,0.138841,0.082604,0.078617,0.048810,0.039367,0.020080,0.010099,
0.266144,0.233038,0.236035,0.326203,0.228372,0.277187,0.256747,0.186867,0.240965,0.250661,0.201763,0.186909,0.181526,0.175692,0.128934,0.083222,0.089210,0.044533,0.044565,0.017650,0.014938,
0.264684,0.146681,0.245967,0.291660,0.242333,0.280586,0.219027,0.280905,0.220476,0.236068,0.206734,0.225837,0.180308,0.162260,0.137190,0.138460,0.112006,0.081187,0.036654,0.022458,0.012377,
0.357724,0.506200,0.355977,0.243339,0.271889,0.282493,0.219249,0.262488,0.333734,0.234971,0.248927,0.198692,0.173399,0.185996,0.159023,0.134951,0.086155,0.060646,0.043203,0.025055,0.011771,
0.184664,0.312224,0.286294,0.290667,0.218555,0.316765,0.301792,0.233608,0.273498,0.203544,0.242212,0.239444,0.206436,0.167008,0.165935,0.154592,0.101056,0.079815,0.049632,0.027702,0.011221,
0.318742,0.313073,0.193057,0.283654,0.257213,0.298611,0.267690,0.237902,0.259098,0.250521,0.309388,0.192344,0.162190,0.191295,0.142650,0.134513,0.101701,0.078238,0.061781,0.044623,0.016168,
0.133780,0.265067,0.237863,0.234334,0.343535,0.260835,0.269516,0.237171,0.276539,0.229501,0.193334,0.197003,0.165738,0.184848,0.149628,0.167813,0.152925,0.089251,0.051669,0.032692,0.026598,
nan,0.268223,0.196309,0.271406,0.324398,0.262885,0.288636,0.271081,0.237499,0.215984,0.187719,0.225096,0.234199,0.213921,0.181539,0.137680,0.104293,0.107318,0.069073,0.024853,0.066374,
0.255358,0.481802,0.354709,0.268613,0.323873,0.266378,0.329626,0.250375,0.198252,0.245426,0.279053,0.266686,0.221089,0.180877,0.212998,0.140863,0.131498,0.124368,0.095009,0.037389,0.018483,
nan,0.143828,0.254184,0.278479,0.301366,0.214093,0.132112,0.226017,0.273767,0.199179,0.255964,0.250349,0.198347,0.194419,0.155665,0.130375,0.086458,0.091319,0.097061,0.028362,0.019283,
nan,0.091527,0.138279,0.378310,0.160293,0.184096,0.260257,0.158136,0.168222,0.293631,0.391245,0.290421,0.184225,0.322806,0.141344,0.114676,0.218837,0.175797,0.075290,0.027036,0.022427,
nan,nan,0.522580,0.124291,0.664998,nan,0.149845,0.184767,0.193753,0.462352,0.275644,0.108445,0.423224,0.095661,0.293072,0.226331,0.541301,0.378311,0.015351,0.062966,0.020109,
nan,0.481527,0.301064,0.453779,0.644825,0.298454,0.212411,0.193125,0.188202,0.345018,0.398352,0.128112,0.332819,0.135694,0.063935,0.070647,0.107807,0.029048,0.008014,0.022743,nan,
0.467746,0.339930,0.258242,0.279934,0.519373,0.219191,0.196422,0.374607,0.270006,0.265435,0.170883,0.147353,0.280362,0.134724,0.147895,0.060031,0.077677,0.027816,0.026144,0.015364,0.062555,
0.246615,0.349227,0.358489,0.301511,0.320947,0.301260,0.325455,0.319569,0.236806,0.262063,0.183790,0.173484,0.176842,0.142217,0.153682,0.099470,0.115093,0.054355,0.057983,0.039699,0.007767,
0.220564,0.457472,0.384943,0.378938,0.358643,0.362353,0.294003,0.237004,0.260894,0.224127,0.240713,0.176321,0.178829,0.178516,0.183929,0.127157,0.062620,0.061946,0.051084,0.029300,0.017096,
0.542125,0.474783,0.281387,0.284875,0.285196,0.314614,0.270547,0.245702,0.237434,0.247481,0.241901,0.177446,0.191616,0.191369,0.134948,0.107785,0.067014,0.054145,0.037854,0.025947,0.008286,
0.175111,0.358461,0.301589,0.328406,0.261579,0.251746,0.276450,0.283282,0.275772,0.248986,0.194146,0.233616,0.200894,0.144599,0.156256,0.117986,0.073626,0.067331,0.032426,0.028639,0.009560,
0.174841,0.244386,0.318817,0.309838,0.284632,0.244730,0.266229,0.253078,0.214232,0.269631,0.222277,0.181187,0.150007,0.169610,0.141401,0.124563,0.090848,0.097727,0.031514,0.023515,0.007862,
0.242563,0.263187,0.320927,0.236248,0.245423,0.306440,0.333472,0.195080,0.223217,0.214425,0.212619,0.192102,0.159328,0.152461,0.119875,0.122384,0.096792,0.075872,0.032824,0.022538,0.016476,
0.191117,0.464187,0.328240,0.267111,0.378833,0.344675,0.229165,0.228155,0.192129,0.246095,0.190553,0.173106,0.160026,0.131614,0.120497,0.092308,0.076546,0.040301,0.051851,0.026060,0.010734,
0.217789,0.265937,0.264504,0.234890,0.327901,0.247845,0.238089,0.235881,0.254279,0.226138,0.215523,0.215893,0.175787,0.134409,0.136657,0.146073,0.079393,0.069344,0.047904,0.026152,0.014724,
0.193552,0.277271,0.294536,0.266317,0.280149,0.303671,0.283222,0.194447,0.257423,0.208748,0.287177,0.227382,0.177684,0.126866,0.130025,0.131016,0.090223,0.063617,0.048463,0.021200,0.011868,
0.156237,0.301747,0.314715,0.274775,0.274820,0.358142,0.234865,0.199211,0.222281,0.253397,0.260955,0.191116,0.180729,0.185902,0.155184,0.144795,0.153418,0.088065,0.046232,0.024112,0.017676,
0.161336,0.281335,0.352071,0.287149,0.238671,0.417109,0.264885,0.205461,0.240341,0.204124,0.233711,0.237879,0.175594,0.179134,0.146388,0.146947,0.107572,0.076754,0.067494,0.047304,0.043362,
0.118273,0.435901,0.390431,0.275117,0.252074,0.427993,0.254939,0.198494,0.255392,0.192724,0.224222,0.219603,0.185872,0.199783,0.159582,0.166536,0.108092,0.090489,0.062983,0.040601,0.026604,
0.204037,0.167791,0.211936,0.333229,0.251265,0.286574,0.273540,0.254481,0.278593,0.191054,0.329279,0.470375,0.210980,0.219933,0.146494,0.160234,0.088273,0.100375,0.053006,0.047328,0.025315,
0.060791,0.086622,0.299623,0.247029,0.213291,0.312941,0.315306,0.242815,0.294381,0.202209,0.279537,0.260363,0.200509,0.155148,0.189574,0.123211,0.118529,0.096006,0.087150,0.036753,0.021419,
0.133912,0.216914,0.503255,0.468212,0.236615,0.342136,0.368042,0.317781,0.237493,0.237287,0.417898,0.196048,0.237290,0.111034,0.164688,0.110348,0.167158,0.097115,0.129258,0.033318,0.023884,
nan,0.086261,0.265440,0.340304,0.225819,0.208593,0.212528,0.249642,0.202182,0.431316,0.177489,0.303157,0.242112,0.192306,0.141654,0.151676,0.282370,0.124399,0.168515,0.028939,0.024252,
nan,nan,0.593487,nan,0.066558,0.154946,0.803176,1.221389,0.213080,0.287800,0.214720,0.075354,0.078567,0.125857,0.674634,0.102199,0.085348,0.055156,0.237371,0.025106,0.040023,
nan,0.354074,0.491669,0.275135,0.163166,0.438715,0.729210,0.532907,0.197030,0.287645,0.209309,0.129431,0.130956,0.144571,0.066011,0.166968,0.081525,0.028362,0.020146,0.061337,nan,
0.634483,0.318518,0.468013,0.340002,0.523297,0.489087,0.221932,0.359367,0.317891,0.193839,0.169528,0.191826,0.161176,0.169291,0.109617,0.119907,0.099932,0.037305,0.062549,0.019308,0.008597,
0.699661,0.362099,0.346699,0.292940,0.336374,0.303406,0.266690,0.290978,0.273415,0.230247,0.256801,0.233577,0.238925,0.152630,0.101521,0.121009,0.107483,0.060675,0.025091,0.029754,0.008839,
0.288564,0.354251,0.307116,0.290421,0.307549,0.312957,0.239497,0.259226,0.220836,0.254783,0.203833,0.205348,0.161452,0.137479,0.150989,0.091839,0.047179,0.081526,0.046453,0.033568,0.012295,
0.785935,0.253528,0.299707,0.330207,0.320412,0.302312,0.278448,0.245440,0.267825,0.241895,0.177383,0.189442,0.172854,0.186137,0.147661,0.125849,0.073971,0.062137,0.068740,0.020421,0.015390,
0.185972,0.379900,0.320711,0.294785,0.318326,0.369857,0.291626,0.315165,0.252426,0.212880,0.220192,0.195459,0.140881,0.143502,0.143975,0.123861,0.088092,0.053150,0.032425,0.013761,0.016843,
0.230123,0.296227,0.352889,0.244214,0.255438,0.288033,0.293656,0.204328,0.244438,0.226957,0.232442,0.206982,0.182657,0.190518,0.127022,0.098510,0.077904,0.089496,0.038608,0.036149,0.045172,
0.154204,0.210154,0.265295,0.244401,0.316559,0.208934,0.234234,0.224280,0.243337,0.230695,0.200095,0.263257,0.162688,0.171545,0.128265,0.090114,0.088166,0.069628,0.034026,0.023110,0.018018,
0.219214,0.257888,0.267060,0.255659,0.329697,0.262895,0.307130,0.241274,0.220172,0.172515,0.229596,0.218038,0.146185,0.150994,0.130479,0.091148,0.102768,0.049029,0.041670,0.025553,0.016408,
0.156032,0.386297,0.288694,0.285181,0.245718,0.270362,0.269101,0.222263,0.371216,0.220461,0.247295,0.207741,0.187071,0.142179,0.119490,0.124022,0.102536,0.055427,0.052927,0.029170,0.012962,
0.227867,0.283287,0.268588,0.296032,0.253070,0.234141,0.248176,0.225769,0.212472,0.204656,0.293018,0.182952,0.192595,0.139287,0.174122,0.107373,0.081696,0.072548,0.034916,0.026607,0.010115,
0.105050,0.394400,0.247490,0.214721,0.317161,0.237769,0.346804,0.224253,0.282087,0.223541,0.244240,0.159771,0.171748,0.186841,0.194440,0.114954,0.137483,0.087041,0.047398,0.017182,0.014927,
0.125651,0.577395,0.409343,0.211731,0.308536,0.266973,0.266685,0.219285,0.278863,0.227336,0.188611,0.230151,0.160491,0.175516,0.142443,0.147692,0.088694,0.077225,0.047040,0.060349,0.013605,
0.101033,0.288481,0.219199,0.239892,0.293265,0.229555,0.238599,0.242990,0.240790,0.187142,0.279553,0.254754,0.268995,0.234791,0.173824,0.149362,0.167028,0.090396,0.051431,0.034427,0.052664,
0.095987,0.203657,0.258320,0.341137,0.284692,0.258432,0.252794,0.223339,0.247398,0.170388,0.254107,0.248314,0.218228,0.193895,0.163450,0.165334,0.098302,0.080679,0.060608,0.037713,0.020859,
nan,0.330340,0.237837,0.244119,0.275305,0.394429,0.243592,0.227853,0.352577,0.197530,0.223594,0.188113,0.155347,0.135886,0.210493,0.125204,0.108077,0.085535,0.072460,0.035196,0.024321,
0.256352,0.289380,0.319342,0.165963,0.277838,0.369970,0.280819,0.182542,0.245293,0.159149,0.219788,0.187872,0.181884,0.170120,0.214477,0.124584,0.189152,0.110206,0.078871,0.033780,0.030789,
nan,0.394190,0.128470,0.136765,0.209041,0.161223,0.298114,0.284684,0.179171,0.217041,0.116029,0.170856,0.207204,0.266575,0.140760,0.277069,0.203614,0.101682,0.164284,0.090276,0.036905,
nan,0.082981,0.199522,nan,0.420327,0.044811,0.194905,0.138451,0.073712,0.465335,0.138494,0.315921,0.142838,0.062067,0.099728,0.092702,0.082793,0.049847,0.021896,0.036933,0.023831,
nan,0.659129,0.245603,0.249020,0.455596,0.177791,0.454015,0.242879,0.213722,0.145253,0.156891,0.128746,0.118342,0.478535,0.112016,0.121836,0.055355,0.021210,0.082750,0.008708,nan,
0.563984,0.322426,0.291133,0.307184,0.344208,0.411691,0.356754,0.263660,0.243780,0.209679,0.245698,0.238619,0.145137,0.145038,0.138626,0.096430,0.101028,0.045683,0.029164,0.019539,0.010740,
0.334648,0.382007,0.350792,0.363375,0.422526,0.357918,0.264658,0.258522,0.328888,0.238452,0.240958,0.225682,0.186650,0.124004,0.127060,0.085065,0.082223,0.055433,0.022507,0.011307,0.006610,
0.265778,0.236074,0.285859,0.324018,0.250344,0.311159,0.264407,0.303302,0.277347,0.237217,0.209310,0.196753,0.190587,0.187459,0.145681,0.097830,0.102054,0.050586,0.046191,0.015794,0.012412,
0.318453,0.312497,0.288486,0.287045,0.319689,0.243010,0.251607,0.257986,0.242066,0.223576,0.199145,0.177312,0.168710,0.159073,0.136475,0.097190,0.079770,0.062955,0.034162,0.042330,0.005475,
0.505831,0.241077,0.298393,0.296338,0.361376,0.245084,0.295472,0.283705,0.277998,0.270670,0.191562,0.229242,0.176409,0.173737,0.121249,0.122389,0.057834,0.078378,0.023609,0.012513,0.018064,
0.198298,0.307414,0.269142,0.239846,0.256372,0.335043,0.288101,0.247026,0.231621,0.230440,0.252058,0.195187,0.141438,0.175141,0.138503,0.116274,0.084811,0.076254,0.027005,0.027093,0.008010,
0.161572,0.310529,0.244014,0.238258,0.279769,0.271029,0.238167,0.208966,0.240382,0.211877,0.220440,0.200416,0.156300,0.168969,0.141320,0.124848,0.090877,0.088175,0.027318,0.054812,0.029485,
1.642506,0.217397,0.196184,0.246049,0.223590,0.304764,0.246656,0.233099,0.205146,0.227326,0.223286,0.177037,0.161053,0.175512,0.134195,0.092294,0.073149,0.073033,0.038074,0.018173,0.009883,
0.132876,0.299777,0.183078,0.256950,0.251486,0.224965,0.198223,0.229020,0.267863,0.219444,0.203422,0.214703,0.158742,0.153170,0.122354,0.132235,0.116664,0.065539,0.040013,0.021838,0.017631,
0.245318,0.296235,0.221659,0.247877,0.296346,0.251451,0.335488,0.232273,0.230809,0.205577,0.247762,0.221423,0.192536,0.142890,0.143913,0.114313,0.093737,0.058185,0.046158,0.031938,0.014817,
0.047225,0.281704,0.321891,0.246655,0.286513,0.267653,0.284516,0.214205,0.234600,0.216757,0.243428,0.269466,0.186450,0.173432,0.167545,0.144753,0.164673,0.081464,0.040353,0.021664,0.015260,
0.119588,0.260048,0.190685,0.206222,0.300941,0.274788,0.241711,0.214400,0.229924,0.190786,0.262417,0.220691,0.163437,0.145310,0.171125,0.134015,0.114960,0.070200,0.055978,0.036523,0.016011,
0.704053,0.422551,0.266914,0.476260,0.323483,0.266251,0.276102,0.237454,0.288019,0.224349,0.216819,0.236320,0.195789,0.238975,0.182470,0.147587,0.129257,0.114223,0.055610,0.041799,0.024269,
0.171726,0.434551,0.234260,0.209649,0.277994,0.260028,0.227808,0.213338,0.286135,0.196469,0.254303,0.220268,0.181111,0.184274,0.137026,0.154745,0.106345,0.077359,0.061699,0.043410,0.018349,
0.067259,0.224197,0.151850,0.301342,0.284530,0.199115,0.323226,0.229183,0.273643,0.211343,0.309329,0.146708,0.151699,0.189938,0.218910,0.103302,0.111340,0.104379,0.061753,0.050245,0.020627,
0.076049,0.136725,0.253173,0.162786,0.170154,0.267007,0.329303,0.278497,0.295334,0.191323,0.309165,0.179594,0.173033,0.218242,0.181034,0.208115,0.150702,0.129570,0.083002,0.059119,0.044129,
nan,nan,0.279225,0.226923,0.310837,0.323138,0.225503,0.256050,0.422254,0.182611,0.302615,0.180315,0.236382,0.218565,0.163802,0.232101,0.120753,0.139898,0.080322,0.126963,0.051786,
nan,0.158157,nan,0.112620,0.163429,0.134178,nan,1.268089,0.160061,0.243466,0.380966,0.221759,0.141602,0.191337,0.131419,0.191838,0.070227,0.235639,0.045874,0.062831,0.043425,
nan,0.217159,0.208394,0.214183,0.269652,0.263215,0.249221,0.275001,0.476423,0.393423,0.186806,0.111899,0.386492,0.088877,0.081332,0.079405,0.070640,0.045694,0.023242,0.074781,nan,
0.289453,0.268673,0.271177,0.295063,0.307505,0.333974,0.329530,0.326963,0.258273,0.405050,0.274493,0.192932,0.239738,0.156352,0.099924,0.097367,0.073213,0.046039,0.027937,0.013986,0.007895,
0.315909,0.272072,0.342349,0.542256,0.385251,0.373353,0.252083,0.280152,0.275842,0.240649,0.227596,0.197911,0.221391,0.140664,0.128438,0.136268,0.118093,0.059856,0.043383,0.026201,0.006524,
0.269151,0.225715,0.282690,0.294633,0.332675,0.319180,0.259719,0.277592,0.207854,0.263659,0.262049,0.207997,0.191560,0.209213,0.207507,0.135012,0.075758,0.072291,0.039758,0.020723,0.021216,
0.264712,0.245387,0.304654,0.322599,0.301556,0.369586,0.274340,0.279406,0.223150,0.251715,0.230662,0.172880,0.187535,0.234969,0.158057,0.078143,0.064963,0.047229,0.026078,0.014802,0.043696,
0.481021,0.284144,0.292937,0.270749,0.281486,0.342773,0.281732,0.275498,0.265939,0.226908,0.200404,0.184828,0.171510,0.125551,0.185308,0.116416,0.083829,0.056144,0.044655,0.015613,0.009622,
0.986737,0.306937,0.221886,0.257673,0.317428,0.267922,0.277060,0.223056,0.224856,0.224299,0.232695,0.184879,0.166901,0.188518,0.114464,0.103539,0.075721,0.052490,0.044159,0.016696,0.051890,
0.250111,0.258893,0.224173,0.236455,0.275927,0.383145,0.276741,0.225886,0.230515,0.211693,0.184690,0.214821,0.160903,0.171625,0.130304,0.098539,0.089011,0.099494,0.034407,0.022685,0.008735,
0.364302,0.292769,0.227920,0.221107,0.283072,0.248593,0.267947,0.230841,0.233852,0.263574,0.221566,0.189386,0.159757,0.143515,0.133706,0.100073,0.078824,0.063475,0.032580,0.026914,0.014901,
0.353474,0.244462,0.230093,0.265837,0.266747,0.247382,0.255185,0.268718,0.248425,0.199099,0.235359,0.206477,0.169985,0.133570,0.137506,0.108955,0.093456,0.060591,0.043185,0.020720,0.011232,
0.251238,0.216941,0.203242,0.276735,0.240551,0.245861,0.230962,0.216027,0.220072,0.210369,0.218110,0.174307,0.208120,0.150552,0.133630,0.115183,0.092141,0.078966,0.049246,0.028064,0.017088,
0.384012,0.227219,0.257825,0.222849,0.247959,0.203339,0.273198,0.207654,0.233518,0.178559,0.258867,0.219565,0.168931,0.197608,0.149964,0.153852,0.155994,0.076683,0.034214,0.032884,0.012892,
0.139227,0.256145,0.267171,0.238098,0.259658,0.249929,0.428838,0.264420,0.279586,0.212160,0.232288,0.217679,0.188099,0.192688,0.173922,0.110633,0.108684,0.071506,0.051343,0.024393,0.014140,
0.225807,0.366600,0.243799,0.238547,0.272389,0.297108,0.352577,0.304425,0.285026,0.202179,0.201572,0.207664,0.216127,0.218132,0.181889,0.127063,0.114804,0.105517,0.062136,0.041267,0.018407,
0.860802,0.216966,0.210665,0.218600,0.330459,0.257239,0.295804,0.339447,0.216408,0.300638,0.314673,0.198711,0.158125,0.177824,0.189739,0.148485,0.110583,0.072010,0.063192,0.038384,0.029503,
0.233497,0.246062,0.253312,0.234813,0.379041,0.223388,0.247446,0.255030,0.250171,0.261631,0.348925,0.208845,0.245932,0.153349,0.208288,0.135202,0.140386,0.122544,0.074269,0.045257,0.043029,
0.149948,0.688452,0.298169,0.392338,0.412730,0.196797,0.198205,0.355855,0.249834,0.286638,0.324401,0.145466,0.217219,0.151909,0.191856,0.195296,0.137092,0.138823,0.088940,0.060652,0.032135,
nan,nan,0.368629,0.263526,0.324185,0.334270,0.316955,0.296025,0.173826,0.197130,0.342267,0.196387,0.237957,0.200518,0.201770,0.154230,0.119575,0.118053,0.067297,0.087173,0.035094,
nan,nan,nan,0.640553,nan,0.304997,0.975570,0.290031,0.188370,0.117949,0.076764,0.407178,0.116983,0.620482,0.166086,0.165231,0.232039,0.096987,0.060963,0.099730,0.033454,
nan,0.528565,0.325033,0.330095,0.484759,0.524529,0.155186,0.117118,0.258616,0.222119,0.223153,0.155915,0.257605,0.128461,0.166062,0.069858,0.049324,0.016028,0.056076,0.032126,nan,
0.242632,0.361685,0.333626,0.310612,0.333586,0.390036,0.290007,0.247716,0.318682,0.215085,0.218207,0.208464,0.163133,0.145982,0.159616,0.144806,0.086748,0.047308,0.038044,0.031629,0.007322,
0.240598,0.317204,0.355739,0.406792,0.291422,0.293542,0.234082,0.288834,0.267026,0.275934,0.265280,0.293172,0.222597,0.183796,0.141352,0.120137,0.078264,0.048677,0.022319,0.027071,0.026076,
0.490861,0.308779,0.272853,0.199600,0.347481,0.332179,0.318050,0.292396,0.229468,0.232931,0.192477,0.167103,0.160655,0.155242,0.174445,0.116693,0.084151,0.059655,0.047212,0.020338,0.008071,
0.263509,0.353615,0.283621,0.316830,0.261356,0.294151,0.247736,0.245530,0.258175,0.254342,0.181836,0.185249,0.175521,0.147461,0.124052,0.133845,0.073692,0.070643,0.078473,0.027719,0.018737,
0.446617,0.311431,0.256853,0.275177,0.287827,0.275375,0.257803,0.322904,0.270237,0.209913,0.219378,0.236542,0.160708,0.162930,0.131937,0.111876,0.071373,0.044892,0.049553,0.014383,0.006414,
0.205795,0.313992,0.249872,0.272427,0.314369,0.201941,0.290401,0.264660,0.246830,0.202087,0.253007,0.207184,0.153220,0.192309,0.136478,0.093137,0.084983,0.054485,0.027195,0.023619,0.015188,
0.171601,0.281694,0.251120,0.280787,0.284245,0.343920,0.309683,0.243444,0.232780,0.244147,0.198403,0.196370,0.147252,0.158361,0.122183,0.119985,0.070530,0.088653,0.031357,0.019266,0.039812,
0.153584,0.208185,0.304125,0.262313,0.309428,0.257154,0.251351,0.244502,0.212343,0.194976,0.210548,0.198795,0.173959,0.160040,0.122316,0.103992,0.095531,0.057982,0.033820,0.034578,0.025166,
0.197572,0.238449,0.315623,0.199938,0.307665,0.224892,0.225757,0.208781,0.212105,0.212947,0.229686,0.210046,0.173839,0.156526,0.141825,0.123849,0.086456,0.049558,0.034369,0.024050,0.029101,
0.178615,0.315897,0.311720,0.205040,0.275547,0.217320,0.303575,0.243517,0.244632,0.218122,0.296752,0.185776,0.199872,0.160688,0.149588,0.111732,0.092608,0.094640,0.063989,0.025711,0.012961,
0.365852,0.363840,0.178483,0.223299,0.296966,0.226026,0.330896,0.321030,0.272367,0.203721,0.253023,0.216270,0.187638,0.178935,0.154624,0.144586,0.113119,0.068248,0.031175,0.046079,0.016229,
0.153978,0.250898,0.367481,0.206770,0.218324,0.219433,0.333667,0.288122,0.252051,0.229703,0.244496,0.189292,0.197292,0.192703,0.176006,0.128308,0.122105,0.081794,0.054749,0.023020,0.019131,
0.316882,0.269405,0.267647,0.263361,0.277016,0.224095,0.312713,0.227235,0.221322,0.285372,0.301349,0.217406,0.190134,0.191084,0.180348,0.154194,0.109050,0.096545,0.061872,0.037470,0.019125,
0.364535,0.337398,0.189322,0.243229,0.234276,0.207128,0.202009,0.231606,0.215666,0.219167,0.188774,0.225289,0.249164,0.173862,0.167885,0.128638,0.104344,0.101881,0.076416,0.038461,0.058309,
0.113811,0.300009,0.336013,0.319422,0.203927,0.311879,0.285051,0.299890,0.241319,0.284430,0.222206,0.164498,0.272260,0.187173,0.176730,0.135279,0.124962,0.159301,0.083138,0.045561,0.032508,
0.202910,0.167277,0.182282,0.222080,0.245937,0.301861,0.257943,0.349655,0.237441,0.252817,0.216744,0.298470,0.174465,0.201707,0.202614,0.130489,0.113223,0.110434,0.113736,0.076847,0.039158,
nan,0.314069,0.191552,0.418510,0.214573,0.237608,0.328892,0.391678,0.211365,0.242097,0.197836,0.197304,0.224123,0.198515,0.192788,0.167975,0.196571,0.128782,0.082573,0.099807,0.034964,
nan,nan,0.294060,0.058373,0.262453,nan,0.524493,0.388742,0.160949,1.037890,0.161949,0.214216,0.138077,0.138435,0.129435,0.082696,0.168840,0.103485,0.050875,0.049556,0.033421,
nan,0.374368,0.329845,0.308969,0.191848,0.359497,0.210435,0.170715,0.303837,0.201363,0.121554,0.143118,0.253546,0.257878,0.156303,0.056441,0.051653,0.049618,0.021700,0.018245,nan,
0.648698,0.334782,0.585602,0.287121,0.279436,0.346824,0.203061,0.247164,0.313143,0.182968,0.175148,0.255718,0.192506,0.174755,0.144872,0.068922,0.079751,0.041992,0.025360,0.101771,0.012813,
0.277565,0.287184,nan,0.283349,0.340762,0.297980,0.244189,0.259019,0.307358,0.222935,0.235792,0.185682,0.194853,0.141733,0.104933,0.092809,0.112115,0.073658,0.041141,0.016943,0.007285,
0.340692,0.339307,0.331091,0.344777,0.349504,0.242118,0.264195,0.242604,0.239834,0.314886,0.225210,0.192434,0.193293,0.139973,0.139580,0.093402,0.096230,0.053163,0.031801,0.032214,0.007709,
0.251946,0.299602,0.294949,0.302310,0.296381,0.191413,0.269812,0.275557,0.278013,0.218435,0.185807,0.195202,0.175039,0.140833,0.166887,0.111936,0.074388,0.071349,0.032782,0.023609,0.009683,
0.364335,0.260470,0.288844,0.308648,0.266750,0.268771,0.296992,0.268085,0.279554,0.247441,0.240420,0.192835,0.201426,0.134700,0.140852,0.089694,0.074680,0.067662,0.032440,0.057261,0.021256,
0.375270,0.350311,0.268111,0.307842,0.271239,0.286507,0.270481,0.239129,0.241140,0.218178,0.242677,0.190449,0.149412,0.180260,0.105392,0.116185,0.093142,0.047419,0.035159,0.014154,0.006848,
0.214696,0.378320,0.268446,0.283646,0.331482,0.264620,0.251664,0.249405,0.208459,0.234218,0.182741,0.233803,0.161980,0.173413,0.110711,0.107582,0.088535,0.074845,0.033334,0.028661,0.017749,
0.146802,0.340513,0.315475,0.253673,0.265747,0.251239,0.288836,0.244350,0.266301,0.231605,0.241470,0.183584,0.149215,0.165333,0.144645,0.125013,0.085966,0.097362,0.030972,0.027616,0.028972,
0.362182,0.354981,0.221254,0.206382,0.241853,0.240316,0.290553,0.254963,0.237782,0.202844,0.217085,0.222899,0.153822,0.163347,0.130554,0.094709,0.102988,0.061146,0.042501,0.022899,0.060214,
0.397949,0.238447,0.222723,0.187847,0.241986,0.268807,0.292996,0.344013,0.244769,0.208516,0.263431,0.196753,0.190427,0.160529,0.160819,0.138726,0.098574,0.063034,0.045219,0.023463,0.012374,
0.289303,0.273091,0.194008,0.186431,0.207561,0.263985,0.271955,0.240294,0.250479,0.214495,0.247969,0.213143,0.173401,0.167749,0.177851,0.159773,0.074087,0.064385,0.063679,0.030609,0.023127,
0.168765,0.294367,0.252515,0.172379,0.271005,0.222356,0.289580,0.253359,0.218530,0.268757,0.216303,0.251174,0.203599,0.208596,0.166253,0.133958,0.128855,0.088493,0.039796,0.052714,0.019818,
0.087278,0.349153,0.228500,0.210410,0.203651,0.201878,0.377130,0.267221,0.291423,0.212789,0.236123,0.218759,0.196652,0.190669,0.179581,0.149847,0.103235,0.079726,0.065098,0.029206,0.021608,
0.220590,0.242172,0.232721,0.205599,0.210208,0.235785,0.300889,0.270820,0.212507,0.236138,0.217397,0.160746,0.244209,0.162771,0.203512,0.148255,0.115772,0.102969,0.065063,0.047892,0.031174,
0.234222,0.882004,0.228211,0.197069,0.216013,0.221314,0.303482,0.345607,0.215408,0.256789,0.213638,0.204887,0.200872,0.186463,0.205907,0.131231,0.129838,0.134445,0.097163,0.067308,0.056952,
nan,0.173338,0.235272,0.168096,0.318837,0.189516,0.194301,0.176593,0.205143,0.212984,0.224849,0.242539,0.213885,0.273298,0.145511,0.141164,0.144276,0.112046,0.108604,0.068036,0.044678,
nan,0.278599,0.924715,0.298010,0.266728,0.178414,0.277444,0.266151,0.582906,0.223712,0.464534,0.155958,0.227887,0.299463,0.170047,0.320398,0.139148,0.117911,0.155623,0.101156,0.085648,
nan,0.203305,0.173609,0.307356,0.319918,0.089334,0.134448,0.158792,0.132121,0.142768,0.133942,0.324281,0.406399,0.149586,0.159387,0.110650,0.104680,0.179008,0.083279,0.062675,0.040592,
nan,0.359475,0.152085,0.324549,0.393946,0.218875,0.403430,0.242527,0.463405,0.222435,0.176720,0.408307,0.075400,0.135349,0.126008,0.045179,0.075651,0.017523,0.013966,0.009336,nan,
0.791108,0.329180,0.314911,0.390124,0.413075,0.278022,0.310595,0.328462,0.309334,0.216281,0.228232,0.179541,0.237132,0.132605,0.117296,0.116824,0.078295,0.039657,0.049863,0.020718,0.008074,
0.402441,0.386069,0.379343,0.300028,0.394767,0.280935,0.300579,0.292720,0.250477,0.208476,0.210470,0.176369,0.234532,0.133543,0.105221,0.095429,0.066833,0.033150,0.021816,0.021422,0.014494,
0.262965,0.282851,0.280661,0.347234,0.392875,0.310956,0.273268,0.310257,0.246550,0.214796,0.223655,0.207024,0.201667,0.159643,0.126307,0.096064,0.060641,0.052898,0.030587,0.018716,0.009894,
0.685650,0.345993,0.278652,0.222894,0.275616,0.326469,0.240618,0.322619,0.237312,0.213792,0.224358,0.172624,0.217684,0.181078,0.160774,0.120198,0.060230,0.062526,0.040499,0.030271,0.031846,
0.284939,0.382244,0.271191,0.342945,0.305455,0.340048,0.278299,0.349115,0.273392,0.243342,0.206932,0.193055,0.163917,0.179078,0.169480,0.124831,0.076896,0.072568,0.051118,0.020967,0.015746,
1.139117,0.273892,0.349980,0.315301,0.340024,0.293855,0.287133,0.271313,0.261166,0.194262,0.234938,0.212254,0.174460,0.156994,0.114556,0.100363,0.060746,0.040963,0.037048,0.017420,0.060314,
0.376756,0.290275,0.312444,0.271669,0.252185,0.269692,0.266335,0.292387,0.240606,0.239485,0.227672,0.173843,0.155720,0.159869,0.114243,0.110869,0.088684,0.056823,0.031107,0.018215,0.014969,
0.239407,0.249124,0.249674,0.236944,0.268331,0.262358,0.280567,0.239744,0.243666,0.250449,0.215924,0.253266,0.176172,0.153782,0.141059,0.098822,0.081894,0.097720,0.039113,0.039369,0.018214,
0.148803,0.480455,0.246049,0.265829,0.248108,0.256644,0.277282,0.306315,0.317081,0.222337,0.217342,0.255307,0.171385,0.142696,0.128245,0.101546,0.082527,0.071115,0.055356,0.028775,0.032282,
0.286427,0.369593,0.311094,0.251346,0.278348,0.223296,0.272973,0.280351,0.252290,0.215469,0.254192,0.203310,0.201655,0.178430,0.133331,0.156244,0.113756,0.053026,0.037064,0.020715,0.044958,
0.261019,0.323614,0.265513,0.255191,0.273705,0.337882,0.261303,0.252494,0.261265,0.214114,0.261193,0.228735,0.185097,0.172060,0.159604,0.155022,0.104312,0.081034,0.056978,0.027889,0.016814,
0.093858,0.237191,0.338505,0.259868,0.247866,0.298951,0.353696,0.225240,0.260308,0.234533,0.236770,0.199754,0.201965,0.185604,0.155340,0.154075,0.129082,0.093682,0.053614,0.049648,0.023762,
0.071444,0.190607,0.207389,0.187433,0.228979,0.256531,0.349203,0.191549,0.252578,0.226716,0.225861,0.218951,0.200859,0.182437,0.202486,0.143140,0.105882,0.087438,0.049783,0.055927,0.029598,
0.143296,0.387567,0.189862,0.168498,0.227062,0.249859,0.352482,0.227227,0.220001,0.259264,0.209528,0.237612,0.230871,0.162411,0.191501,0.171167,0.135052,0.113464,0.074765,0.041091,0.024735,
nan,0.340922,0.269440,0.240598,0.249800,0.309856,0.310658,0.238606,0.211900,0.248044,0.237073,0.237643,0.235060,0.214456,0.168138,0.153419,0.113501,0.156373,0.087841,0.064675,0.034440,
0.443762,0.324637,0.281152,0.167092,0.187506,0.252027,0.206246,0.359269,0.191371,0.249970,0.213733,0.191859,0.157222,0.196963,0.159988,0.209286,0.159309,0.129828,0.128686,0.075981,0.031434,
0.082149,0.853441,0.322543,0.197735,0.218978,0.279117,0.214569,0.264985,0.427957,0.236774,0.245373,0.183829,0.269096,0.192103,0.386285,0.187356,0.211449,0.205687,0.126234,0.094945,0.056478,
nan,0.278862,nan,0.119657,nan,0.642489,0.278728,0.088804,0.119684,0.273950,0.188241,0.318572,0.100156,0.193754,0.130799,0.450101,0.144638,0.145175,0.084703,0.491256,0.063346,
nan,0.227733,0.268871,0.229236,0.266332,0.188030,0.339139,0.481726,0.111575,0.111945,0.090509,0.555993,0.277547,0.731244,0.083562,0.094300,0.096682,0.170371,0.061270,0.046411,nan,
0.340163,0.391387,0.310757,0.341732,0.243002,0.296705,0.309052,0.290566,0.282816,0.240979,0.246280,0.172368,0.175935,0.121253,0.130166,0.099468,0.061822,0.027914,0.035136,0.023705,0.011248,
0.334040,0.330015,0.411859,0.319941,0.272017,0.341340,0.262841,0.282504,0.350297,0.224138,0.242767,0.235869,0.167185,0.146720,0.117078,0.097621,0.066455,0.066844,0.040055,0.022260,0.005189,
0.207701,0.339884,0.325820,0.303128,0.340468,0.306742,0.290320,0.296545,0.279323,0.303972,0.265372,0.206085,0.163545,0.138628,0.138283,0.150982,0.141451,0.059102,0.031847,0.027815,0.018610,
0.244690,0.319507,0.303646,0.337689,0.234208,0.282056,0.275543,0.246847,0.277257,0.268992,0.188625,0.178798,0.181326,0.146304,0.139340,0.090079,0.071369,0.071773,0.037819,0.019268,0.011720,
0.451882,0.276097,0.338016,0.315113,0.304696,0.280169,0.335009,0.272101,0.264703,0.253341,0.267234,0.164216,0.185172,0.136466,0.175065,0.096578,0.074292,0.078141,0.037265,0.021707,0.032050,
0.343331,0.322630,0.270611,0.293915,0.310270,0.309856,0.141448,0.284426,0.218772,0.216360,0.203169,0.225798,0.179077,0.152386,0.147913,0.111212,0.070330,0.050475,0.041093,0.019422,0.013990,
0.742743,0.279124,0.275050,0.269900,0.262106,0.273849,0.255846,0.244172,0.234481,0.217040,0.211187,0.211871,0.171904,0.178265,0.115203,0.103521,0.116382,0.048007,0.031455,0.019225,0.026529,
0.284171,0.224686,0.296762,0.220750,0.253987,0.255829,0.308292,0.247888,0.263593,0.232756,0.216490,0.197127,0.163431,0.158620,0.117555,0.107062,0.073225,0.073936,0.034784,0.035829,0.014707,
0.214760,0.288137,0.386323,0.219690,0.265239,0.271183,0.276448,0.261794,0.235768,0.221082,0.232884,0.191384,0.178843,0.170326,0.145668,0.117044,0.103933,0.061433,0.043176,0.025023,0.024922,
0.460661,0.245205,0.330767,0.273471,0.252795,0.241458,0.280140,0.263051,0.266960,0.219042,0.219520,0.216635,0.193727,0.138851,0.138961,0.112770,0.113808,0.076689,0.057650,0.025482,0.033844,
0.096060,0.278798,0.219811,0.283179,0.291187,0.269467,0.310685,0.259340,0.258063,0.243506,0.209241,0.212969,0.200731,0.180387,0.156057,0.137260,0.110915,0.074002,0.043871,0.028697,0.024893,
0.526374,0.266357,0.269266,0.365323,0.255420,0.264207,0.257827,0.241769,0.297931,0.205667,0.236164,0.198889,0.187038,0.185486,0.149430,0.151799,0.120675,0.109013,0.061536,0.035770,0.025726,
0.074355,0.237464,0.292193,0.307390,0.323953,0.283594,0.205545,0.258886,0.232774,0.200502,0.306623,0.205784,0.231642,0.181030,0.203047,0.157212,0.136153,0.088965,0.053405,0.050941,0.036393,
0.112671,0.192565,0.405263,0.233615,0.266055,0.298706,0.261506,0.279496,0.284703,0.226844,0.253833,0.218493,0.221785,0.235752,0.140529,0.149813,0.136565,0.084611,0.084672,0.052845,0.039326,
0.190168,0.284866,0.337931,0.245029,0.313241,0.315954,0.188346,0.245271,0.256002,0.278553,0.246317,0.190515,0.191566,0.199323,0.167968,0.164850,0.136000,0.128595,0.068210,0.076408,0.028840,
nan,0.202674,0.347694,0.229472,0.179120,0.234856,0.248675,0.445091,0.273936,0.312628,0.351584,0.216917,0.222889,0.221765,0.223044,0.265786,0.189900,0.163457,0.092565,0.084785,0.050221,
0.276479,0.206150,0.247004,0.211347,0.377888,0.136049,0.341695,0.274754,0.161019,0.216574,0.266895,0.229003,0.235739,0.187272,0.206341,0.175805,0.209023,0.106447,0.134255,0.201649,0.141769,
nan,0.220798,0.258692,0.160142,0.088624,0.210350,0.192443,0.152269,0.105577,0.146296,0.165126,0.198187,0.433536,0.237174,0.122216,0.269424,0.107890,0.094284,0.075380,0.058680,0.042116,
nan,0.404328,0.409210,0.268755,0.157359,0.254780,0.795132,0.285458,0.134089,0.139348,0.232287,0.190452,0.225594,0.073082,0.068738,0.162603,0.043882,0.083362,0.020532,0.008131,nan,
0.177239,0.350370,0.331319,0.303198,0.245954,0.305450,0.244953,0.263912,0.294593,0.254499,0.230311,0.167931,0.166479,0.248672,0.121121,0.089401,0.101996,0.041559,0.036143,0.015312,0.010237,
0.452188,0.310693,0.320908,0.373352,0.342869,0.346545,0.271429,0.256499,0.283012,0.230854,0.239195,0.233091,0.177632,0.146578,0.129159,0.119993,0.096008,0.040535,0.031771,0.014742,0.007820,
0.417322,0.319355,0.298938,nan,0.345650,0.325701,0.280465,0.252542,0.291318,0.253326,0.202666,0.215026,0.240017,0.213994,0.110355,0.093989,0.093593,0.062706,0.058048,0.025722,0.012072,
0.205130,0.310113,0.316010,0.325056,0.307255,0.402304,0.274068,0.294271,0.250462,0.225182,0.219088,0.218519,0.231982,0.168835,0.105428,0.133585,0.066887,0.051114,0.040017,0.016755,0.026331,
0.338048,0.405043,0.312397,0.316545,0.312595,nan,0.277180,0.278072,0.285662,0.251508,0.206711,0.174689,0.210254,0.156900,0.149390,0.136663,0.059572,0.060784,0.035888,0.025818,0.028815,
0.245969,0.408817,0.286402,0.255099,0.276144,0.278585,0.288980,0.293114,0.261177,0.195069,0.198584,0.225327,0.186005,0.134640,0.143941,0.100142,0.076003,0.052525,0.051403,0.017086,0.014729,
1.162284,0.332501,0.231897,0.288236,0.254998,0.245841,0.292483,0.283108,0.232052,0.243712,0.234629,0.179156,0.153296,0.164314,0.105157,0.116927,0.077061,0.045375,0.035059,0.019025,0.016182,
0.223731,0.247100,0.214708,0.309690,0.244571,0.275506,0.275412,0.241939,0.270862,0.225346,0.217213,0.215309,0.191266,0.175764,0.111713,0.094238,0.103395,0.065797,0.032668,0.026655,0.019175,
0.403878,0.283666,0.221772,0.303054,0.228774,0.249339,0.251592,0.297582,0.237982,0.229720,0.194164,0.229248,0.159666,0.157361,0.147623,0.099375,0.080033,0.075402,0.050113,0.038509,0.014264,
0.099546,0.360627,0.312069,0.341106,0.252502,0.254577,0.242336,0.248487,0.245418,0.232923,0.244415,0.217825,0.179639,0.165473,0.128844,0.103436,0.117525,0.063214,0.034748,0.022732,0.024547,
0.365719,0.484394,0.302117,0.351249,0.272892,0.219441,0.257954,0.218927,0.218838,0.232651,0.226393,0.201329,0.209715,0.188798,0.156177,0.145471,0.108413,0.076099,0.062645,0.027251,0.023292,
0.141835,0.345594,0.307296,0.318957,0.339527,0.213859,0.236830,0.250743,0.227890,0.252322,0.226882,0.218216,0.197576,0.210483,0.184037,0.133596,0.105991,0.095945,0.068620,0.036480,0.015769,
0.135690,0.238328,0.222772,0.290401,0.230116,0.202898,0.221516,0.271440,0.258965,0.232483,0.249543,0.238471,0.225401,0.184761,0.218731,0.162256,0.141175,0.096701,0.058475,0.041017,0.028337,
0.203072,0.207168,0.474646,0.341321,0.266200,0.292804,0.204641,0.288092,0.218178,0.221997,0.208086,0.237152,0.204755,0.210281,0.152140,0.152289,0.143759,0.111309,0.070234,0.049511,0.055622,
0.144285,0.195555,0.380983,0.294644,0.313178,0.253649,0.218530,0.233140,0.297551,0.214807,0.256424,0.228829,0.217959,0.211661,0.184315,0.191749,0.150051,0.102404,0.083630,0.067614,0.035123,
0.183733,0.163803,0.264866,0.177050,0.197157,0.302864,0.208811,0.238830,0.220954,0.273544,0.257999,0.224261,0.195829,0.250870,0.196015,0.235715,0.206944,0.134012,0.110666,0.105465,0.045382,
0.758775,0.138679,0.283478,0.212904,0.144355,0.177109,0.300435,0.218020,0.266151,0.263939,0.235638,0.283560,0.213873,0.165180,0.179753,0.175034,0.221927,0.121671,0.085555,0.133296,0.082006,
nan,nan,nan,0.195401,0.304157,0.198293,0.091972,0.137674,0.173199,0.221681,0.314881,0.141012,0.373626,0.554418,0.575336,0.060155,0.247847,0.087582,0.130356,0.097804,0.051896,
nan,0.226809,0.458245,0.502595,0.281347,0.268503,0.451128,0.298666,0.153899,0.270766,0.141380,0.146297,0.193318,0.064099,0.091335,0.096083,0.033964,0.020522,0.020987,0.008894,nan,
0.332119,0.584209,0.337235,0.389340,0.362930,0.356771,0.251698,0.252284,0.262219,0.292831,0.181262,0.199576,0.173202,0.148983,0.097639,0.101602,0.121619,0.048317,0.040015,0.064763,0.006621,
0.432329,0.318996,0.339607,0.335294,0.369062,0.275911,0.269414,0.269665,0.287033,0.292181,0.220686,0.220951,0.158230,0.163903,0.175128,0.113301,0.069452,0.039979,0.036121,0.040923,0.009641,
0.476283,0.320257,0.267666,0.165804,0.334200,0.284974,0.275823,0.237719,0.295161,0.227276,0.193232,0.232444,0.217906,0.150207,0.104204,0.113624,0.090316,0.038163,0.029159,0.021714,0.008821,
0.235018,0.312309,0.310186,0.373274,0.333233,0.312057,0.240636,0.307639,0.256537,0.293767,0.258106,0.160873,0.225363,0.155596,0.131273,0.119008,0.098878,0.064318,0.029554,0.033273,0.007202,
0.200504,0.260001,0.251752,0.264249,0.309046,0.289863,0.269859,0.293693,0.281593,0.257179,0.189574,0.190944,0.200539,0.141741,0.150328,0.113650,0.080057,0.079975,0.041916,0.025663,0.016072,
0.233449,0.234050,0.259976,0.308592,0.286659,0.205999,nan,0.273603,0.224557,0.212266,0.240210,0.177740,0.174959,0.153476,0.150520,0.125659,0.070604,0.048237,0.052864,0.028156,0.024135,
0.102484,0.328591,0.246944,0.250980,0.227076,0.278800,0.299439,0.258555,0.250571,0.213733,0.207041,0.211663,0.175680,0.143487,0.159656,0.111394,0.067178,0.052267,0.052251,0.018788,0.017324,
0.284027,0.440900,0.219783,0.211029,0.224060,0.235009,0.233517,0.251019,0.241663,0.237140,0.234422,0.193519,0.169739,0.184380,0.116462,0.112239,0.101818,0.048196,0.035868,0.018948,0.015077,
0.136585,0.382793,0.243681,0.263447,0.224210,0.230739,0.258870,0.237521,0.224776,0.149808,0.223385,0.233918,0.193948,0.158660,0.144352,0.108287,0.100247,0.066408,0.040775,0.033329,0.019100,
0.433103,0.211403,0.297130,0.295783,0.255555,0.252298,0.262437,0.248679,0.247825,0.217944,0.248077,0.225598,0.198150,0.162325,0.144271,0.116787,0.089309,0.075860,0.045068,0.028276,0.021540,
0.571215,0.287735,0.175782,0.251704,0.305815,0.307135,0.261673,0.263878,0.256409,0.255096,0.225762,0.199107,0.210143,0.167559,0.149554,0.150774,0.120482,0.070853,0.055148,0.028677,0.021087,
0.227257,0.322319,0.247299,0.287148,0.311000,0.359466,0.226955,0.286504,0.218238,0.235710,0.198417,0.242062,0.207104,0.174156,0.188110,0.140911,0.119413,0.106206,0.048813,0.043005,0.024733,
0.231616,0.231525,0.306498,0.250606,0.263665,0.309069,0.295903,0.344127,0.247753,0.253696,0.218765,0.242637,0.211454,0.219420,0.203846,0.129273,0.117208,0.108412,0.082715,0.044771,0.026149,
0.144604,0.203398,0.346952,0.292060,0.450456,0.301141,0.290567,0.277213,0.296128,0.254128,0.265665,0.215391,0.227047,0.200878,0.155763,0.158856,0.159797,0.091910,0.075594,0.078451,0.038129,
0.069660,0.161748,0.255740,0.230468,0.281802,0.319445,0.321466,0.221145,0.391821,0.240561,0.170468,0.234460,0.188905,0.209299,0.185263,0.207166,0.152275,0.126317,0.071693,0.062409,0.050423,
0.103704,0.156054,0.165097,0.479604,0.241900,0.304347,0.238376,0.266156,0.340094,0.341059,0.239744,0.224931,0.284680,0.196525,0.182944,0.178367,0.200244,0.132396,0.103709,0.083737,0.070157,
0.111237,0.633605,0.204791,0.278436,0.337518,0.319805,0.257813,0.311786,0.213581,0.390587,0.200061,0.155305,0.220351,0.178134,0.173176,0.178825,0.224161,0.154380,0.145234,0.102128,0.066603,
nan,nan,nan,0.118181,0.286051,0.177391,0.130214,0.232721,0.108796,0.123607,0.125521,0.204387,0.134386,0.173959,0.173570,0.290031,0.146885,0.102257,0.070706,0.225587,0.045330,
nan,0.272761,0.568168,0.398533,0.355465,0.471916,0.276374,0.312759,0.115319,0.263033,0.157711,0.266238,0.129638,0.079151,0.149465,0.074454,0.047227,0.058562,0.030958,0.017274,nan,
0.650349,0.553735,0.273644,0.277174,0.381980,0.371267,0.371634,0.412938,0.429304,0.218998,0.175241,0.162679,0.150106,0.192756,0.114936,0.082133,0.053196,0.042973,0.067527,0.021262,0.032738,
0.518096,0.299020,0.288446,0.318508,0.351373,0.347066,0.285143,0.314409,0.297974,0.260918,0.206225,0.241885,0.226337,0.144920,0.126256,0.081147,0.076627,0.031220,0.032810,0.023017,0.009232,
0.514921,0.311360,0.348053,0.338853,0.281038,0.301770,0.287513,0.274825,0.266003,0.228034,0.254301,0.202631,0.136343,0.150396,0.129676,0.118986,0.102627,0.050860,0.026669,0.017780,0.006672,
0.293822,0.296820,0.296473,0.261087,nan,0.286739,0.267285,0.249107,0.293345,0.243772,0.196482,0.240568,0.204525,0.187145,0.098581,0.081703,0.089463,0.073622,0.037423,0.017124,0.011708,
0.259331,0.378046,0.301597,0.304071,0.290534,0.289065,0.290962,0.259316,0.265357,0.223116,0.232476,0.205396,0.220731,0.157500,0.103757,0.114712,0.083270,0.066130,0.028651,0.027065,0.014427,
0.138906,0.335904,0.291146,0.253477,0.256679,0.271497,0.288157,0.271813,0.259497,0.244647,0.186585,0.185488,0.204452,0.150974,0.134417,0.124308,0.091901,0.063766,0.040999,0.023512,0.018692,
0.167063,0.301563,0.278773,0.286245,0.254931,0.244960,0.301030,0.243017,0.276760,0.230698,0.218553,0.204885,0.189467,0.148699,0.154162,0.121260,0.082207,0.051796,0.046003,0.050807,0.017850,
0.393270,0.289866,0.231868,0.371452,0.241891,0.250478,0.276016,0.233243,0.192534,0.223828,0.266823,0.213279,0.177023,0.151141,0.149800,0.103205,0.078779,0.049702,0.048003,0.027274,0.017544,
0.174171,0.473821,0.209973,0.384398,0.262953,0.255033,0.274797,0.244791,0.251447,0.224454,0.233946,0.175725,0.211008,0.193458,0.122537,0.114394,0.101589,0.061712,0.041293,0.023359,0.012581,
0.307298,0.436754,0.228731,0.300398,0.290040,0.271370,0.281265,0.265146,0.233377,0.235567,0.233540,0.234217,0.173761,0.151060,0.161998,0.116530,0.096515,0.073282,0.058531,0.039232,0.015749,
0.882568,0.292429,0.200577,0.249001,0.276939,0.322488,0.232214,0.301746,0.205002,0.254552,0.237664,0.201290,0.226719,0.182289,0.142517,0.129158,0.101867,0.085107,0.060363,0.034732,0.016976,
0.278322,0.364417,0.253566,0.305750,0.266314,0.342188,0.304050,0.312193,0.213233,0.231630,0.212292,0.234671,0.193133,0.194492,0.168250,0.141491,0.147579,0.114130,0.059578,0.037848,0.016691,
0.879151,0.320733,0.236167,0.261849,0.255153,0.278490,0.341864,0.338511,0.249878,0.227269,0.222602,0.243711,0.200180,0.188477,0.207929,0.161306,0.130549,0.107068,0.069125,0.040513,0.024163,
0.537928,0.282951,0.194169,0.298265,0.282697,0.334733,0.227346,0.312452,0.359642,0.232276,0.238575,0.245116,0.207976,0.213821,0.160219,0.150136,0.136967,0.107436,0.090356,0.064518,0.036707,
0.163356,0.192659,0.234944,0.305952,0.208477,0.216944,0.422672,0.272568,0.304496,0.295203,0.265785,0.193777,0.219268,0.174616,0.192978,0.185976,0.150809,0.110937,0.103210,0.071617,0.088265,
0.108288,0.117207,0.321636,0.278189,0.327756,0.269097,0.240546,0.268857,0.332246,0.234840,0.237032,0.261101,0.237917,0.185709,0.216640,0.179452,0.216846,0.130674,0.101908,0.073196,0.067708,
nan,0.085323,0.489040,0.234121,0.198623,0.192797,0.308876,0.206171,0.213337,0.420188,0.211000,0.351655,0.203329,0.237380,0.216966,0.209590,0.191812,0.156190,0.109448,0.073788,0.141709,
nan,nan,0.572535,nan,0.095731,0.410442,0.121364,0.436573,0.234234,0.498817,0.136016,1.089226,0.187142,0.159888,0.224730,0.196734,0.122181,0.207457,0.094908,0.134445,0.057569,
nan,0.684438,0.253150,0.254700,0.196027,0.207783,0.205631,0.439929,0.217000,0.238051,0.155226,0.127409,0.181469,0.127899,0.053380,0.081206,0.061863,0.030808,0.019074,0.011077,nan,
0.289363,0.250643,0.424013,0.347653,0.358465,0.288569,0.251689,0.286077,0.253902,0.254696,0.178228,0.270045,0.196251,0.140946,0.080364,0.100826,0.072066,0.031875,0.066385,0.021983,0.006504,
0.346111,0.360964,0.340440,0.315369,0.362994,0.286481,0.330829,0.292740,0.295648,0.223726,0.215027,0.162763,0.169920,0.171750,0.108593,0.091229,0.071302,0.040066,0.043832,0.019856,0.008735,
0.293627,0.383032,0.335514,0.317956,0.319588,0.328177,0.237543,0.252807,0.294566,0.254589,0.239788,0.212940,0.162538,0.153543,0.189479,0.124019,0.066070,0.034320,0.044301,0.028517,0.009147,
0.446876,0.371709,0.355890,0.343889,0.324940,0.269058,0.286665,0.251235,0.275362,0.232568,0.216854,0.185311,0.178332,0.135473,0.117983,0.136148,0.072811,0.043928,0.026556,0.019824,0.008256,
0.341831,0.304129,0.309151,0.261557,0.253862,0.404600,0.239021,0.287132,0.249687,0.251974,0.231300,0.193671,0.207631,0.156775,0.107162,0.092225,0.077100,0.062412,0.030727,0.021079,0.010728,
0.356973,0.248280,0.273066,0.280672,0.285589,0.270322,nan,0.266338,0.231378,0.218509,0.244712,0.195091,0.189064,0.152476,0.108252,0.099763,0.084134,0.062997,0.032957,0.022218,0.011616,
0.244900,0.241555,0.334797,0.247932,0.314585,0.261306,0.261095,0.272573,0.250114,0.236384,0.210877,0.200870,0.188057,0.141568,0.122469,0.136273,0.104372,0.062216,0.035834,0.019496,0.014582,
0.239423,0.312753,0.301183,0.288425,0.261029,0.241819,0.270363,0.254851,0.230765,0.245070,0.226854,0.192065,0.190899,0.166586,0.148557,0.150008,0.091970,0.053645,0.046390,0.050546,0.012831,
0.401866,0.337772,0.280905,0.280422,0.258610,0.262845,0.282778,0.265748,0.239057,0.226294,0.232833,0.213943,0.182657,0.160506,0.148667,0.161253,0.081546,0.052893,0.046896,0.050802,0.023409,
0.115330,0.228227,0.271509,0.268244,0.261053,0.303309,0.260396,0.301820,0.210804,0.251552,0.231286,0.227864,0.203153,0.197365,0.139740,0.134914,0.088017,0.072331,0.045044,0.032182,0.016060,
0.551258,0.417443,0.285533,0.256661,0.221725,0.298645,0.301835,0.264182,0.253776,0.231080,0.214266,0.182009,0.204227,0.171286,0.155360,0.133632,0.106120,0.084293,0.048042,0.040387,0.024022,
0.219423,0.391356,0.306088,0.215867,0.184041,0.263687,0.347472,0.273650,0.311075,0.244572,0.212064,0.245322,0.217247,0.203548,0.164247,0.145052,0.095764,0.097673,0.066234,0.042211,0.031992,
0.493892,0.533929,0.282207,0.165240,0.234705,0.281391,0.251462,0.282324,0.255347,0.287635,0.237510,0.240536,0.196096,0.209231,0.190181,0.151520,0.122332,0.118810,0.068832,0.046185,0.028865,
nan,0.245464,0.225108,0.185655,0.250985,0.208015,0.325707,0.290482,0.270000,0.206528,0.269479,0.235170,0.190216,0.215564,0.184796,0.162024,0.147366,0.120437,0.078072,0.042367,0.057457,
4.121603,0.227341,0.216461,0.164283,0.216992,0.262079,0.332332,0.289110,0.250185,0.214964,0.247360,0.213242,0.191595,0.207093,0.205077,0.169141,0.157234,0.121518,0.093845,0.055992,0.041006,
nan,0.602696,0.197214,0.136642,0.375208,0.175307,0.210805,0.305213,0.291276,0.313081,0.268815,0.263267,0.231707,0.183199,0.227623,0.220909,0.196262,0.139071,0.103738,0.095507,0.071422,
0.255330,0.191648,0.434270,0.236826,0.318617,0.281077,0.345037,0.235388,0.256371,0.265000,0.331725,0.223525,0.214032,0.160170,0.225458,0.270551,0.188477,0.149085,0.122130,0.143109,0.106799,
nan,nan,nan,1.087599,0.253393,0.179504,0.164450,0.133256,0.189043,0.277966,0.231277,0.096422,0.429709,0.224467,0.198601,0.134004,0.105373,0.498664,0.072716,0.121796,0.053288,
nan,0.297986,0.301469,0.238328,0.244997,0.354268,0.233031,0.279005,0.204903,0.175708,0.155007,0.173604,0.180793,0.092001,0.071505,0.104346,0.033653,0.040538,0.148435,0.013232,nan,
0.310962,0.459606,0.376677,0.279068,0.314094,0.315419,0.362444,0.280386,0.272223,0.212697,0.181912,0.228413,0.182239,0.179487,0.089659,0.093280,0.064978,0.053781,0.020322,0.021533,0.006916,
0.244730,0.318932,0.434027,0.338142,0.311441,0.344214,0.267787,0.258253,0.300984,0.287101,0.178955,0.192731,0.156350,0.158215,0.112261,0.093763,0.101993,0.036733,0.045560,0.032752,0.016462,
0.318619,0.328228,0.312787,0.308147,0.341892,0.287661,0.351993,0.291166,0.294729,0.237249,0.184860,0.203679,0.183113,0.157365,0.112307,0.091165,0.074447,0.040596,0.041092,0.025067,0.007358,
0.271042,0.310708,0.320146,0.294815,0.329604,0.287427,0.278742,0.285535,0.245962,0.255574,0.246852,0.224015,0.140889,0.154497,0.176052,0.099902,0.073036,0.035768,0.049405,0.033946,0.008493,
0.344144,0.261509,0.310956,0.297265,0.307989,0.280572,0.288430,0.246943,0.278643,0.247395,0.215020,0.204969,0.163746,0.135259,0.122458,0.122283,0.083806,0.043402,0.037701,0.034197,0.009220,
0.176268,0.255559,0.310340,0.338015,0.298868,0.271514,0.290221,0.283003,0.261646,0.242205,0.220925,0.201895,0.193757,0.162518,0.110864,0.102702,0.070948,0.053822,0.030906,0.025515,0.008811,
0.311078,0.246036,0.285604,0.363315,0.269029,0.266171,0.265180,0.257770,0.255440,0.227954,0.239991,0.209063,0.170444,0.169317,0.118345,0.098653,0.076278,0.055896,0.032739,0.032951,0.012106,
0.243959,0.261766,0.311481,0.311064,0.262037,0.261591,0.288574,0.277225,0.232353,0.217572,0.236022,0.206327,0.191042,0.163321,0.100927,0.131839,0.078417,0.059179,0.037164,0.019694,0.017164,
0.159138,0.291412,0.317549,0.290112,0.286089,0.275218,0.263013,0.266471,0.220702,0.186263,0.238401,0.195328,0.204483,0.168619,0.133169,0.116658,0.088868,0.060274,0.049241,0.024339,0.016704,
0.271548,0.492967,0.326471,0.283713,0.300035,0.252626,0.262688,0.223023,0.253029,0.242986,0.207040,0.219423,0.181202,0.183290,0.146229,0.153208,0.094709,0.063497,0.053206,0.035336,0.023886,
0.246974,0.580760,0.285228,0.305911,0.265235,0.257113,0.283133,0.227431,0.281381,0.221224,0.219835,0.220872,0.198723,0.179324,0.156836,0.142991,0.097855,0.077848,0.049740,0.037940,0.023232,
0.297555,0.567393,0.271947,0.313746,0.261689,0.258659,0.277843,0.246640,0.265690,0.267590,0.229207,0.244910,0.217306,0.196440,0.161317,0.135469,0.113983,0.080549,0.062192,0.040043,0.024496,
0.278324,0.242692,0.216989,0.321529,0.248296,0.217053,0.273577,0.295179,0.275936,0.274970,0.245116,0.252196,0.204381,0.217158,0.186590,0.133957,0.117521,0.108647,0.077020,0.056124,0.031450,
0.203191,0.310097,0.437842,0.392505,0.392271,0.208762,0.364490,0.235957,0.248939,0.277325,0.324757,0.251747,0.206275,0.204304,0.203016,0.172244,0.119570,0.114185,0.093188,0.074934,0.069620,
0.106710,0.238690,0.344982,0.300507,0.238968,0.250410,0.238425,0.278922,0.202438,0.252600,0.251753,0.283234,0.232235,0.191041,0.207544,0.194220,0.161222,0.125643,0.095989,0.069157,0.049268,
0.361853,0.422077,0.253353,0.225129,0.342975,0.355224,0.184386,0.341076,0.288920,0.188578,0.249827,0.340252,0.248287,0.206675,0.202370,0.157484,0.204244,0.159887,0.133654,0.075599,0.115312,
0.744034,0.170768,0.190541,0.270014,0.289379,0.171281,0.255667,0.225750,0.279444,0.178082,0.227431,0.215432,0.321486,0.311919,0.248320,0.187147,0.168386,0.161286,0.144956,0.093230,0.064813,
nan,nan,nan,0.625384,0.197893,0.125901,0.183873,0.197467,0.196376,0.150830,0.172233,0.187577,0.238167,0.222042,0.206333,0.187899,0.117770,0.132233,0.112718,0.082682,0.055002,
nan,0.184574,0.283345,0.311483,0.196325,0.186344,0.225878,0.144291,0.351971,0.225399,0.131841,0.193598,0.138378,0.072537,0.052976,0.090341,0.180249,0.025541,0.023835,0.007821,nan,
0.370313,nan,0.336511,0.263656,0.329158,0.274283,0.220770,0.306915,0.287843,0.311627,0.214678,0.148617,0.195449,0.228424,0.095946,0.066516,0.066033,0.043994,0.038189,0.018763,0.009954,
0.276341,0.361395,0.252864,0.317117,0.330552,0.293499,0.261733,0.310762,0.327708,0.222036,0.185670,0.198435,0.185279,0.157500,0.090607,0.096381,0.070930,0.043277,0.035633,0.037479,0.005732,
0.341049,0.289845,0.334293,0.316588,0.332239,0.299340,0.269947,0.253485,0.264828,0.222760,0.181891,0.187471,0.183191,0.136774,0.109800,0.107159,0.093741,0.034439,0.030476,0.024440,0.016289,
0.498411,0.275635,0.296767,0.325718,0.310534,0.282902,0.298711,0.258361,0.305043,0.222269,0.179794,0.185193,0.180921,0.173375,0.109006,0.099597,0.095967,0.041100,0.032793,0.021812,0.017934,
0.409742,0.311263,0.269152,0.334553,0.310477,0.278181,0.255788,0.272971,0.267401,0.223283,0.197554,0.212526,0.158054,0.181282,0.160509,0.120429,0.081149,0.042518,0.032182,0.026240,0.012806,
0.603211,0.298600,0.222536,0.340752,0.300259,0.266032,0.236967,0.255501,0.249445,0.231880,0.214247,0.216395,0.144977,0.153010,0.150247,0.127051,0.079431,0.047297,0.035104,0.021955,0.010183,
0.374301,0.260514,0.203448,0.306769,0.305706,0.264113,0.264253,0.271753,0.251242,0.236176,0.215390,0.214390,0.152542,0.144787,0.153579,0.105500,0.085021,0.052391,0.032701,0.021274,0.026315,
0.190688,0.279784,0.211222,0.273204,0.285511,0.257571,0.253111,0.245369,0.242197,0.251108,0.230366,0.214735,0.161314,0.148857,0.154616,0.098240,0.088944,0.059974,0.031375,0.035459,0.016673,
0.140585,0.287829,0.263194,0.247265,0.230778,0.287322,0.257270,0.244611,0.248079,0.228872,0.242878,0.214697,0.196009,0.164377,0.138784,0.104942,0.102236,0.069797,0.037277,0.032822,0.015029,
0.157795,0.233635,0.256513,0.228019,0.194739,0.320400,0.270871,0.246543,0.257413,0.237135,0.233196,0.222830,0.213475,0.170303,0.134498,0.115612,0.111308,0.079569,0.046588,0.032561,0.016676,
0.144476,0.215884,0.318050,0.253749,0.209224,0.298640,0.314737,0.280554,0.265720,0.259645,0.249263,0.222192,0.191178,0.202375,0.143735,0.120622,0.121803,0.088343,0.051689,0.029018,0.017139,
0.247357,0.320319,0.258933,0.258947,0.225974,0.267073,0.358458,0.227667,0.276390,0.275352,0.257345,0.245592,0.205345,0.210837,0.163350,0.150660,0.121393,0.085155,0.064316,0.033842,0.026870,
0.069115,0.287209,0.219808,0.224553,0.287184,0.210719,0.347986,0.233585,0.268711,0.271374,0.237484,0.239346,0.207444,0.212728,0.180123,0.154962,0.129093,0.080415,0.070476,0.062560,0.031434,
0.256942,0.356921,0.356030,0.288103,0.333714,0.220650,0.279192,0.257082,0.285718,0.299153,0.245322,0.222334,0.210328,0.207895,0.201721,0.169397,0.123320,0.101264,0.117011,0.069983,0.059264,
0.128854,0.208863,0.559600,0.222367,0.260152,0.273933,0.332836,0.283709,0.176356,0.236058,0.236675,0.220660,0.211035,0.207546,0.205797,0.171730,0.153331,0.120038,0.093062,0.072112,0.044227,
0.065785,0.333754,0.363375,0.341325,0.335169,0.310771,0.246061,0.231157,0.253988,0.253135,0.293753,0.236730,0.201696,0.223992,0.219842,0.188245,0.171112,0.145455,0.124449,0.087206,0.083689,
nan,0.225401,0.404637,0.373946,0.188325,0.288706,0.243079,0.224428,0.186844,0.195887,0.336550,0.241990,0.244125,0.183455,0.234711,0.243932,0.204904,0.174712,0.124542,0.123175,0.195487,
nan,nan,nan,nan,nan,0.120442,0.227554,0.100830,0.207856,0.476320,0.203702,0.120942,0.147634,0.374217,0.192466,0.172793,0.188661,0.168867,0.229322,0.195465,0.082538,
0.457969,0.387354,0.546851,0.408562,0.288207,0.291755,0.217490,0.192512,0.367499,0.242964,0.111310,0.231079,0.145320,0.060873,0.076275,0.116753,0.553350,0.031704,0.027857,0.004524,nan,
0.375305,0.349084,0.386002,0.351956,0.293639,0.241808,0.278656,0.209198,0.338777,0.228445,0.167330,0.153938,0.202731,0.147618,0.088061,0.083579,0.186049,0.038634,0.020227,0.021473,0.015629,
0.275427,0.310892,0.341016,0.298701,0.335221,0.257898,0.295811,0.316702,0.284479,0.292020,0.182213,0.131747,0.184764,0.205222,0.095523,0.068676,0.118237,0.039817,0.028502,0.025266,0.013128,
0.207616,0.325129,0.343264,0.326108,0.288048,0.289402,0.315824,0.378438,0.320202,0.282237,0.194428,0.149397,0.164627,0.208393,0.128011,0.078442,0.107101,0.046748,0.026499,0.066542,0.013130,
0.264695,0.305888,0.310590,0.321045,0.319768,0.306862,0.282818,0.321864,0.278080,0.270781,0.198781,0.206992,0.148464,0.166127,0.153050,0.113500,0.069846,0.045322,0.026279,0.066582,0.009286,
0.378286,0.266390,0.296077,0.325746,0.291560,0.281103,0.268592,0.287447,0.295896,0.252242,0.196651,0.204697,0.172322,0.188242,0.127410,0.077273,0.072224,0.073169,0.031099,0.043510,0.007562,
0.419361,0.289528,0.312598,0.346488,0.297938,0.259281,0.273013,0.289972,0.270481,0.258580,0.224517,0.228865,0.168381,0.188212,0.111721,0.107921,0.088873,0.064232,0.029386,0.029410,0.008524,
0.435718,0.320811,0.299562,0.320476,0.238884,0.263896,0.276448,0.260101,0.251448,0.271096,0.201917,0.240628,0.173343,0.190256,0.127803,0.107886,0.080220,0.073657,0.026449,0.024249,0.010536,
0.497604,0.318430,0.280763,0.295677,0.240631,0.309206,0.288011,0.257222,0.246555,0.267468,0.220105,0.233174,0.202424,0.198060,0.160748,0.105173,0.074411,0.080376,0.028585,0.022730,0.012315,
0.136785,0.307799,0.302403,0.232500,0.251744,0.271589,0.293324,0.250938,0.260953,0.246933,0.219918,0.245243,0.193657,0.185162,0.164301,0.107196,0.079025,0.091002,0.032811,0.023252,0.017599,
0.196016,0.561363,0.331720,0.198591,0.251195,0.248743,0.307617,0.242957,0.268907,0.255151,0.242220,0.225548,0.201990,0.175334,0.151487,0.138006,0.093506,0.099806,0.036961,0.026025,0.018528,
0.197362,0.648907,0.320761,0.212548,0.243938,0.269493,0.308892,0.224708,0.293524,0.262228,0.234725,0.228178,0.218557,0.164436,0.160696,0.157626,0.117532,0.089538,0.043427,0.028420,0.025199,
0.271145,0.489980,0.393453,0.245246,0.210819,0.258506,0.269284,0.241098,0.307325,0.261173,0.257912,0.226060,0.207473,0.185324,0.165408,0.174329,0.148450,0.089400,0.061161,0.036702,0.031520,
0.083159,0.238906,0.343423,0.279125,0.221862,0.240990,0.304758,0.264373,0.300018,0.233620,0.262978,0.232980,0.230215,0.211938,0.164615,0.167287,0.148270,0.114215,0.082411,0.039420,0.027508,
0.126621,0.191788,0.444129,0.360972,0.269234,0.265319,0.368147,0.312832,0.273918,0.219324,0.239609,0.257834,0.218230,0.210702,0.186730,0.175127,0.133286,0.135733,0.112052,0.040682,0.042884,
0.166461,0.165323,0.406337,0.381131,0.234693,0.247014,0.301625,0.282413,0.227507,0.283455,0.247554,0.261528,0.267905,0.279071,0.205345,0.187536,0.164017,0.137851,0.109713,0.069477,0.043090,
0.045205,0.205076,0.286817,0.491835,0.262922,0.345285,0.286764,0.300325,0.277455,0.275664,0.201935,0.317059,0.239191,0.271481,0.209091,0.172734,0.174737,0.135872,0.139709,0.093099,0.048976,
0.067376,0.091524,0.170170,0.206333,0.152500,0.143976,0.175630,0.189665,0.387624,0.213060,0.396774,0.191407,0.221606,0.250210,0.234311,0.240140,0.217666,0.177105,0.148700,0.099995,0.072366,
nan,nan,nan,nan,nan,nan,nan,nan,nan,nan,1.496912,0.254069,0.361050,0.092721,0.220079,0.119696,0.271905,0.360568,0.182725,0.174299,0.104270,
