0.191763,0.102693,0.119749,0.088067,0.130177,0.135909,0.075347,0.119822,0.097376,0.047359,0.068717,0.052493,0.045224,0.026896,0.048488,0.008133,0.014101,0.007959,0.009011,0.001329,0.000576,
0.115881,0.093445,0.116345,0.090337,0.136750,0.109311,0.078947,0.103325,0.070411,0.058473,0.067386,0.051522,0.049963,0.026752,0.031148,0.014615,0.012407,0.009178,0.008785,0.003266,0.000905,
0.101638,0.089995,0.118288,0.104170,0.129714,0.110834,0.075918,0.079698,0.079280,0.061901,0.058923,0.052157,0.045396,0.032444,0.023497,0.013452,0.014136,0.010691,0.007739,0.003215,0.001707,
0.100607,0.085360,0.096958,0.104256,0.121935,0.102879,0.079564,0.079788,0.074510,0.065979,0.056126,0.052790,0.043616,0.031576,0.028528,0.014768,0.014832,0.010459,0.007338,0.003853,0.001993,
0.099500,0.082699,0.091380,0.100829,0.106013,0.092876,0.079326,0.071870,0.073799,0.062704,0.052157,0.054070,0.040341,0.032146,0.029232,0.016723,0.014391,0.012116,0.007879,0.004679,0.002108,
0.100701,0.096460,0.085099,0.093313,0.096723,0.090701,0.077588,0.065400,0.066835,0.057008,0.050431,0.048727,0.037119,0.030082,0.029809,0.019636,0.015764,0.012994,0.008743,0.005219,0.002665,
0.090255,0.089498,0.076957,0.088847,0.084059,0.081835,0.073473,0.061310,0.062883,0.052639,0.048965,0.045610,0.035289,0.030365,0.028799,0.020101,0.018232,0.014481,0.010406,0.006071,0.003276,
0.087014,0.084697,0.071893,0.079555,0.078061,0.074140,0.066734,0.057343,0.057529,0.049833,0.046243,0.043959,0.034830,0.031238,0.029459,0.024277,0.021645,0.017026,0.012044,0.006653,0.005043,
0.077391,0.076082,0.064339,0.069908,0.069216,0.062238,0.060949,0.051972,0.053723,0.048216,0.044588,0.042024,0.034662,0.033273,0.032969,0.026685,0.025391,0.019615,0.016069,0.008106,0.006619,
0.066556,0.071058,0.060317,0.063368,0.067005,0.055049,0.055013,0.048197,0.048512,0.046810,0.042614,0.040121,0.036877,0.036634,0.036059,0.031270,0.031710,0.024035,0.020129,0.009868,0.005476,
0.055329,0.062806,0.051535,0.056045,0.059547,0.049387,0.051253,0.048725,0.044872,0.044953,0.041927,0.042975,0.040366,0.041870,0.044068,0.040210,0.039241,0.033251,0.027389,0.015055,0.006547,
0.048258,0.052978,0.047706,0.050236,0.054135,0.045069,0.046780,0.048484,0.042538,0.043325,0.044758,0.047296,0.044096,0.048861,0.052811,0.054055,0.051677,0.045943,0.034484,0.018596,0.007704,
0.090366,0.047250,0.045128,0.045286,0.049358,0.042841,0.043201,0.048251,0.045592,0.042930,0.050139,0.050329,0.053960,0.058016,0.066459,0.068857,0.065302,0.062727,0.045970,0.023637,0.009643,
0.112645,0.035208,0.041967,0.043250,0.042433,0.039683,0.041728,0.046259,0.047344,0.040884,0.063765,0.059835,0.072961,0.077224,0.083493,0.098592,0.092226,0.090831,0.056239,0.028866,0.010383,
0.125699,0.036033,0.040524,0.043950,0.039545,0.039357,0.043808,0.046579,0.056452,0.052904,0.069993,0.071271,0.087750,0.100692,0.106393,0.128394,0.133731,0.120688,0.083084,0.028944,0.004852,
0.024670,0.034119,0.033089,0.040505,0.036598,0.039748,0.045330,0.043426,0.067344,0.073944,0.067856,0.096235,0.103558,0.130672,0.162349,0.182665,0.177517,0.156910,0.086693,0.024053,0.005467,
0.022685,0.056041,0.043728,0.031640,0.038086,0.049308,0.052911,0.050587,0.058417,0.110596,0.094531,0.139270,0.162471,0.169634,0.226272,0.243887,0.216681,0.174457,0.064792,0.013305,0.004665,
0.034666,0.030592,0.047847,0.031618,0.042702,0.048878,0.048580,0.059781,0.093047,0.086874,0.136401,0.136430,0.193613,0.246424,0.275376,0.307632,0.230267,0.110087,0.025484,0.006171,0.003299,
nan,nan,nan,nan,nan,nan,nan,nan,nan,nan,0.157312,0.192968,0.219863,0.296325,0.385085,0.224250,0.259220,0.025364,0.015576,0.007357,nan,
nan,nan,0.136808,0.077515,0.093194,0.133861,0.076234,0.081008,0.045914,0.059974,0.067812,0.055037,0.039987,0.023738,0.010026,0.036671,0.010249,0.005814,0.014513,0.002753,0.000805,
nan,0.109494,0.100913,0.109117,0.120217,0.105731,0.089940,0.079788,0.088151,0.072794,0.049540,0.062713,0.038181,0.041566,0.027188,0.015063,0.013441,0.009937,0.005998,0.004055,0.001899,
0.095529,0.120292,0.097285,0.102416,0.094161,0.097283,0.088545,0.082180,0.072105,0.070605,0.058504,0.052916,0.037744,0.035596,0.029790,0.017614,0.011206,0.010205,0.007064,0.004004,0.002071,
0.140711,0.119057,0.091172,0.098088,0.092914,0.090050,0.079863,0.072746,0.070550,0.066017,0.060777,0.049696,0.036358,0.035129,0.026701,0.019048,0.011652,0.010027,0.008518,0.004359,0.002429,
0.154646,0.112171,0.085386,0.094084,0.084363,0.083997,0.077824,0.069536,0.069176,0.060586,0.057934,0.045083,0.036930,0.033734,0.025438,0.019293,0.013422,0.010800,0.009191,0.005557,0.003180,
0.095913,0.100596,0.084428,0.090265,0.078521,0.080884,0.070592,0.070076,0.067016,0.056595,0.053739,0.044807,0.036783,0.033656,0.025981,0.021088,0.015437,0.013136,0.010362,0.006063,0.004198,
0.078358,0.091443,0.081138,0.078746,0.074314,0.076274,0.064702,0.066760,0.063318,0.055073,0.050025,0.044663,0.036070,0.032094,0.026490,0.022519,0.017108,0.015936,0.011529,0.006709,0.003828,
0.069543,0.081787,0.077030,0.073504,0.066725,0.072311,0.060707,0.064814,0.057797,0.054169,0.045146,0.041185,0.035476,0.033195,0.028343,0.024801,0.019647,0.018706,0.014285,0.008154,0.005756,
0.055569,0.069738,0.070824,0.069362,0.063153,0.065011,0.054646,0.061824,0.053973,0.050863,0.043080,0.040022,0.035589,0.036005,0.028249,0.028583,0.025246,0.022921,0.017687,0.010041,0.005679,
0.073033,0.061057,0.063752,0.062340,0.059103,0.059589,0.050952,0.054973,0.051805,0.047598,0.041782,0.040243,0.036292,0.038126,0.032513,0.033766,0.030862,0.028532,0.020802,0.012946,0.007151,
0.060148,0.053106,0.057418,0.055976,0.055430,0.054340,0.047147,0.050098,0.048313,0.044885,0.040854,0.042208,0.041202,0.041151,0.038500,0.041067,0.039437,0.035820,0.028054,0.016595,0.009592,
0.066891,0.046635,0.049503,0.050831,0.051185,0.049885,0.043950,0.046329,0.047181,0.044658,0.042355,0.044133,0.048912,0.046798,0.047921,0.052217,0.050171,0.048232,0.034277,0.021209,0.011358,
0.050942,0.041848,0.044618,0.044333,0.045502,0.046868,0.042820,0.045420,0.045288,0.047056,0.045607,0.048466,0.056360,0.057141,0.060232,0.069710,0.067874,0.061930,0.044141,0.025329,0.009722,
0.037849,0.039881,0.042779,0.043711,0.043386,0.043106,0.041190,0.046597,0.044985,0.054081,0.052560,0.055391,0.069021,0.073663,0.081658,0.093149,0.094409,0.087282,0.064954,0.030132,0.010490,
0.033863,0.036323,0.038149,0.041189,0.041762,0.040378,0.042708,0.052906,0.049096,0.058460,0.060459,0.072768,0.082636,0.098890,0.106199,0.131856,0.126736,0.110798,0.078824,0.030273,0.008102,
0.033754,0.032041,0.036616,0.044646,0.042392,0.041277,0.044603,0.055439,0.059402,0.068226,0.070646,0.097357,0.104477,0.124624,0.150433,0.173512,0.183316,0.151259,0.081909,0.016547,0.007830,
0.019419,0.032616,0.032719,0.041923,0.038230,0.045655,0.055231,0.055849,0.064562,0.077269,0.096062,0.113961,0.154768,0.159495,0.218569,0.219816,0.228052,0.166443,0.066560,0.013355,0.005610,
nan,0.030718,0.044272,0.044644,0.043941,0.047943,0.060284,0.086438,0.081940,0.085303,0.131158,0.134445,0.174907,0.231253,0.277390,0.291047,0.226459,0.105065,0.027920,0.007722,0.003395,
nan,nan,nan,nan,0.027624,0.072366,0.062065,0.087538,0.094451,0.137376,0.200604,0.200866,0.211500,0.255507,0.313103,0.354628,0.130105,0.097901,0.020425,0.006131,0.007590,
nan,0.088456,0.066767,0.086404,0.116128,0.086199,0.078744,0.118588,0.082780,0.061044,0.053343,0.050546,0.076041,0.042749,0.026496,0.015144,0.010372,0.020068,0.012522,0.009850,0.001117,
0.117866,0.149929,0.096136,0.109067,0.089080,0.106971,0.086449,0.081597,0.067928,0.063939,0.064830,0.055589,0.044707,0.030372,0.027660,0.017318,0.008942,0.011710,0.007722,0.003669,0.002067,
0.140607,0.136443,0.099580,0.102483,0.096581,0.078753,0.082423,0.074808,0.078389,0.066680,0.062295,0.051984,0.041060,0.034606,0.025083,0.018728,0.012394,0.008047,0.007702,0.004106,0.002493,
0.123819,0.119903,0.113558,0.097786,0.085964,0.083542,0.085384,0.077631,0.073651,0.063789,0.054121,0.048301,0.040162,0.033692,0.024933,0.019043,0.012708,0.010843,0.007294,0.004886,0.004542,
0.152042,0.106930,0.104882,0.091956,0.091332,0.085665,0.076546,0.077659,0.068946,0.062895,0.048510,0.043556,0.038411,0.033947,0.024849,0.021166,0.014013,0.013310,0.008521,0.004968,0.003742,
0.128883,0.108986,0.092886,0.080636,0.085403,0.080920,0.069652,0.072829,0.066047,0.059912,0.048488,0.045362,0.035947,0.034207,0.023469,0.019550,0.015968,0.013891,0.009745,0.005785,0.003482,
0.084476,0.102393,0.087973,0.080035,0.078926,0.077878,0.066096,0.067856,0.059573,0.056268,0.046507,0.043837,0.037088,0.033639,0.023961,0.022474,0.018701,0.015041,0.012399,0.006471,0.005090,
0.075796,0.098725,0.078718,0.071052,0.072212,0.069532,0.060710,0.062706,0.055882,0.051936,0.045641,0.040858,0.036111,0.030018,0.028588,0.023787,0.022093,0.016713,0.014300,0.007922,0.004666,
0.067095,0.089961,0.068290,0.065427,0.063940,0.060512,0.058924,0.055751,0.051519,0.046111,0.045887,0.041545,0.036206,0.030533,0.030695,0.027182,0.024478,0.020096,0.015079,0.009502,0.005643,
0.056850,0.073129,0.066815,0.059522,0.056872,0.057163,0.053943,0.053444,0.047266,0.043299,0.043522,0.042075,0.037079,0.032273,0.034425,0.033129,0.031141,0.026323,0.019726,0.012548,0.006122,
0.058989,0.071439,0.055409,0.053372,0.051716,0.050947,0.050124,0.049248,0.046348,0.041997,0.045625,0.043580,0.038962,0.038383,0.042017,0.039176,0.038208,0.036827,0.025283,0.013889,0.009800,
0.046682,0.058902,0.054621,0.051630,0.047335,0.048984,0.046001,0.044969,0.043976,0.044594,0.044775,0.046974,0.043104,0.048295,0.049048,0.049348,0.050483,0.046092,0.033708,0.020527,0.009725,
0.047774,0.048205,0.048262,0.048436,0.045575,0.043707,0.043536,0.043765,0.045834,0.047616,0.050527,0.051661,0.052609,0.059203,0.060039,0.065810,0.069248,0.060754,0.046893,0.025099,0.008501,
0.078374,0.046413,0.038971,0.044866,0.043140,0.039690,0.043429,0.046649,0.043445,0.051460,0.057342,0.058916,0.059924,0.072777,0.073269,0.091254,0.091780,0.079908,0.053926,0.026259,0.011318,
0.030825,0.051249,0.036763,0.039170,0.041748,0.041526,0.044140,0.050123,0.048968,0.058599,0.068936,0.072891,0.085738,0.092996,0.101716,0.117619,0.120154,0.102087,0.065312,0.025945,0.008022,
0.039830,0.032467,0.039242,0.033635,0.038830,0.043396,0.042780,0.048981,0.054879,0.071901,0.078922,0.087385,0.105964,0.126545,0.143761,0.155291,0.162925,0.115157,0.078935,0.026216,0.004759,
nan,0.034526,0.031657,0.038222,0.036736,0.050335,0.065520,0.056503,0.067346,0.082738,0.108934,0.122022,0.148694,0.154324,0.184608,0.214511,0.178022,0.146763,0.057739,0.012899,0.002729,
0.049136,0.035553,0.036870,0.042537,0.046434,0.048010,0.061349,0.079890,0.080380,0.094429,0.104349,0.142284,0.158814,0.200326,0.235567,0.261073,0.220167,0.115031,0.022842,0.007564,0.002402,
nan,nan,nan,0.027697,0.048847,0.039373,0.036580,0.072744,0.132345,0.124190,0.167672,0.156793,0.176109,0.239181,0.287840,0.219648,0.121819,0.035271,0.018147,0.006054,0.000588,
nan,0.120110,0.131670,0.096733,0.086098,0.119341,0.131072,0.132936,0.064772,0.083558,0.058294,0.051089,0.044015,0.028372,0.018129,0.015019,0.010500,0.018814,0.005147,0.010120,0.000648,
0.111708,0.143262,0.115250,0.103530,0.101133,0.079035,0.082751,0.073276,0.073181,0.066278,0.064346,0.040964,0.039187,0.040975,0.025748,0.016632,0.011682,0.006152,0.006808,0.003727,0.003006,
0.109664,0.107768,0.115949,0.097545,0.091379,0.095861,0.092193,0.079129,0.074101,0.066364,0.051416,0.045452,0.038948,0.034140,0.027727,0.018628,0.011094,0.010541,0.007635,0.004680,0.004348,
0.083099,0.104495,0.104205,0.095543,0.093163,0.090691,0.074712,0.080481,0.073279,0.066763,0.053616,0.044848,0.041287,0.033122,0.023557,0.020507,0.012532,0.010697,0.007330,0.004619,0.001962,
0.065762,0.106240,0.100638,0.089585,0.084524,0.077832,0.077729,0.080211,0.064519,0.061185,0.053960,0.048385,0.040113,0.032855,0.022581,0.020502,0.015981,0.011092,0.008585,0.005452,0.002776,
0.121659,0.095171,0.095001,0.088495,0.083004,0.084897,0.076028,0.075426,0.062607,0.055584,0.052322,0.041868,0.040674,0.026963,0.023597,0.022085,0.018231,0.011156,0.009162,0.005845,0.003262,
0.110275,0.088418,0.086672,0.080232,0.078503,0.078901,0.071624,0.067459,0.060423,0.051223,0.049983,0.042767,0.035372,0.027719,0.025935,0.023179,0.019038,0.013753,0.009850,0.005946,0.002969,
0.091623,0.075474,0.078772,0.075922,0.072425,0.068209,0.065030,0.061613,0.054336,0.051395,0.046839,0.043008,0.032440,0.030367,0.029996,0.022508,0.021342,0.017541,0.011885,0.007491,0.003941,
0.091151,0.065561,0.069436,0.069838,0.070658,0.068650,0.060971,0.054412,0.050011,0.049832,0.042820,0.041151,0.034748,0.032570,0.030582,0.024461,0.024381,0.022164,0.015128,0.009077,0.005196,
0.071612,0.061354,0.063147,0.061493,0.062260,0.060720,0.053743,0.050820,0.049091,0.048882,0.041053,0.040634,0.036745,0.035879,0.033514,0.029353,0.029474,0.027476,0.019024,0.011299,0.008424,
0.058152,0.058835,0.056079,0.056832,0.056938,0.055162,0.049906,0.046477,0.046766,0.045070,0.039878,0.042137,0.039024,0.038351,0.039162,0.037861,0.036759,0.033134,0.024726,0.015508,0.008132,
0.046730,0.054068,0.049257,0.052406,0.051548,0.047875,0.047354,0.044476,0.045623,0.044510,0.042400,0.045542,0.045846,0.045681,0.046418,0.046326,0.046354,0.042376,0.032673,0.015718,0.008408,
0.062104,0.052744,0.047871,0.047012,0.046559,0.046687,0.043997,0.045000,0.044380,0.045852,0.044389,0.049394,0.053111,0.051081,0.057284,0.060281,0.063120,0.053224,0.035343,0.020172,0.010765,
0.042514,0.036779,0.043314,0.043349,0.044575,0.043622,0.040695,0.047163,0.044474,0.047298,0.048838,0.058932,0.064315,0.067214,0.076533,0.079875,0.072509,0.072685,0.049277,0.024000,0.006546,
0.032774,0.037150,0.035022,0.039393,0.040777,0.044918,0.042189,0.050370,0.050331,0.057426,0.060396,0.065854,0.085544,0.083441,0.102267,0.104866,0.105915,0.093890,0.054315,0.023424,0.006227,
0.089326,0.034111,0.034982,0.037922,0.038107,0.041618,0.045470,0.055130,0.052371,0.060637,0.069769,0.088450,0.093084,0.119753,0.132034,0.141115,0.139350,0.107242,0.059094,0.015575,0.005129,
0.031440,0.030406,0.033912,0.043282,0.043531,0.039284,0.054862,0.058792,0.068176,0.081586,0.090406,0.109422,0.133118,0.152043,0.172751,0.179879,0.160519,0.112076,0.051018,0.011791,0.003854,
nan,0.038921,0.027642,0.035075,0.051044,0.047867,0.061677,0.062044,0.079329,0.088772,0.104800,0.133779,0.158160,0.186345,0.213839,0.202075,0.160760,0.083079,0.018975,0.007689,0.002389,
nan,nan,0.033602,0.052701,0.049411,0.043623,0.059202,0.087491,0.081453,0.088290,0.141889,0.180761,0.193021,0.191554,0.184107,0.205852,0.227649,0.070155,0.005034,0.003841,0.000119,
nan,0.122243,0.084711,0.086089,0.082472,0.130438,0.073034,0.071882,0.074264,0.105871,0.041745,0.055432,0.033412,0.049674,0.036150,0.015663,0.017083,0.009317,0.005903,0.001551,0.001678,
0.162755,0.102215,0.116418,0.107771,0.096902,0.080801,0.081507,0.075600,0.078655,0.072397,0.056619,0.049027,0.041494,0.032095,0.022762,0.018934,0.012965,0.009285,0.005708,0.003160,0.002066,
0.190095,0.098593,0.107336,0.101914,0.095577,0.088495,0.082559,0.079868,0.070072,0.070873,0.057568,0.044649,0.041249,0.034267,0.023550,0.021847,0.012632,0.010898,0.005867,0.003196,0.003842,
0.161975,0.104356,0.105423,0.095788,0.095083,0.087388,0.085141,0.085787,0.063327,0.063705,0.053188,0.049651,0.042802,0.031836,0.021589,0.019498,0.014613,0.010635,0.007749,0.004747,0.002355,
0.132600,0.098323,0.104387,0.100794,0.090808,0.091564,0.083897,0.068760,0.070211,0.057126,0.053629,0.041587,0.039311,0.027535,0.023972,0.021401,0.015396,0.010123,0.006984,0.004870,0.002880,
0.105852,0.097907,0.096709,0.093211,0.088835,0.078915,0.081340,0.068213,0.063942,0.060721,0.047030,0.047532,0.032902,0.029498,0.028189,0.020459,0.016584,0.011550,0.008957,0.004759,0.003062,
0.102026,0.092627,0.090100,0.085877,0.078255,0.074282,0.072265,0.066139,0.061585,0.059998,0.046752,0.042157,0.034885,0.030220,0.028562,0.018877,0.018076,0.014347,0.010016,0.006142,0.003720,
0.104371,0.086545,0.080256,0.074342,0.069180,0.067677,0.069593,0.059702,0.059187,0.050449,0.045967,0.040042,0.036639,0.030316,0.027301,0.021076,0.020039,0.017927,0.012541,0.007402,0.003722,
0.069099,0.077249,0.072880,0.065859,0.060025,0.059801,0.061581,0.055270,0.054527,0.047445,0.041805,0.042537,0.035579,0.031695,0.028470,0.027160,0.023799,0.021302,0.014892,0.010318,0.005800,
0.085317,0.072621,0.063732,0.062097,0.055699,0.053238,0.056206,0.052053,0.051351,0.044463,0.039982,0.038839,0.039152,0.033312,0.031756,0.030116,0.027012,0.025272,0.018604,0.011753,0.006127,
0.069789,0.062996,0.056815,0.054956,0.050533,0.048455,0.054796,0.048729,0.047253,0.043582,0.040986,0.041429,0.041893,0.035963,0.036711,0.034951,0.033732,0.032589,0.022396,0.012892,0.006347,
0.060630,0.056551,0.049903,0.050562,0.046658,0.046695,0.048729,0.046471,0.044537,0.043649,0.041618,0.040385,0.042766,0.043453,0.043070,0.044223,0.042754,0.037238,0.027530,0.015597,0.008255,
0.050378,0.052783,0.043956,0.047228,0.043931,0.046498,0.045725,0.044922,0.046382,0.043308,0.046170,0.048184,0.050177,0.053000,0.056463,0.060109,0.054205,0.051299,0.035533,0.018290,0.008594,
0.048429,0.043388,0.040093,0.042201,0.042658,0.041168,0.043671,0.046869,0.046732,0.047147,0.051403,0.055313,0.060010,0.068179,0.071884,0.076649,0.074373,0.063328,0.042368,0.020794,0.007381,
0.029464,0.034040,0.040159,0.039644,0.041126,0.045368,0.042941,0.051181,0.049218,0.058473,0.056829,0.064712,0.072328,0.081147,0.089981,0.098120,0.090572,0.076160,0.052418,0.019883,0.005759,
0.027940,0.067850,0.035090,0.035936,0.037455,0.042828,0.047509,0.055271,0.054881,0.058508,0.067645,0.079028,0.098586,0.095858,0.117595,0.124243,0.122562,0.094855,0.049853,0.015386,0.004862,
0.014897,0.028707,0.036191,0.040504,0.045607,0.044815,0.047971,0.066426,0.061562,0.082449,0.085517,0.093536,0.114375,0.135511,0.157389,0.162783,0.117569,0.084250,0.036123,0.008708,0.002736,
0.024693,0.028277,0.031504,0.029405,0.037399,0.047746,0.055326,0.073657,0.072718,0.085749,0.100305,0.130594,0.150476,0.158997,0.175762,0.189172,0.142813,0.057085,0.015390,0.007353,0.005464,
nan,nan,0.030064,0.033161,0.033939,0.049372,0.064103,0.052755,0.081339,0.102680,0.111681,0.111408,0.137456,0.200602,0.180087,0.160220,0.090164,0.035280,0.016934,0.001490,0.001675,
nan,0.171711,0.064114,0.083267,0.147553,0.139804,0.110606,0.054856,0.115179,0.074512,0.070891,0.091013,0.046133,0.049699,0.013675,0.016525,0.012083,0.013195,0.004656,0.007253,0.001360,
0.157067,0.102071,0.111478,0.093715,0.087150,0.107389,0.094702,0.080524,0.088226,0.070568,0.068935,0.057201,0.045981,0.034013,0.024631,0.014793,0.008683,0.010196,0.007377,0.006079,0.004272,
0.147484,0.112998,0.105979,0.099463,0.101116,0.093254,0.084428,0.092200,0.074776,0.075358,0.056475,0.051753,0.040580,0.031742,0.024996,0.019378,0.011315,0.009667,0.006701,0.004304,0.001575,
0.114001,0.107479,0.102057,0.105721,0.096323,0.090413,0.083925,0.070470,0.073726,0.065886,0.054893,0.041069,0.042606,0.028257,0.022401,0.019977,0.012335,0.008995,0.006727,0.004960,0.002212,
0.096682,0.096922,0.089474,0.095535,0.085955,0.083566,0.086299,0.080410,0.069317,0.066323,0.047916,0.049533,0.035619,0.029936,0.027295,0.021092,0.014766,0.010315,0.007992,0.004424,0.002316,
0.073734,0.094553,0.089925,0.091831,0.079150,0.076794,0.082061,0.069266,0.072755,0.061645,0.052880,0.041908,0.039593,0.030215,0.027683,0.016973,0.015952,0.012382,0.009303,0.005166,0.003501,
0.110646,0.085643,0.078953,0.083025,0.075626,0.070951,0.073087,0.065067,0.061729,0.053498,0.046015,0.042832,0.036429,0.029749,0.025591,0.019810,0.017935,0.014543,0.010736,0.006498,0.003282,
0.091827,0.078071,0.071238,0.080724,0.072729,0.067457,0.063938,0.061292,0.059177,0.050178,0.043545,0.042426,0.037035,0.032469,0.025568,0.022990,0.020631,0.016992,0.011862,0.009007,0.004386,
0.074787,0.075358,0.062873,0.071383,0.067871,0.061700,0.062926,0.056783,0.054669,0.047005,0.042404,0.040271,0.037765,0.032817,0.027461,0.025224,0.021949,0.018925,0.013742,0.008843,0.004208,
0.059880,0.068044,0.058218,0.063842,0.060981,0.055868,0.055443,0.051593,0.046801,0.043638,0.041811,0.039854,0.035968,0.034358,0.030479,0.028717,0.027326,0.022041,0.017222,0.009895,0.005333,
0.081259,0.056875,0.056258,0.059697,0.058106,0.051241,0.047733,0.049655,0.046954,0.043967,0.041362,0.039456,0.038327,0.039270,0.035846,0.034714,0.031683,0.027389,0.020105,0.011646,0.005112,
0.052891,0.055581,0.050474,0.051929,0.051216,0.047936,0.045724,0.045901,0.045767,0.045390,0.043909,0.042207,0.042101,0.043836,0.044987,0.044111,0.041467,0.035278,0.026725,0.012929,0.007617,
0.067222,0.044585,0.046757,0.051517,0.048910,0.041919,0.046204,0.044430,0.049827,0.045771,0.045495,0.048341,0.045031,0.055371,0.048545,0.052905,0.048241,0.041435,0.029995,0.016105,0.006521,
0.054369,0.044282,0.049753,0.039672,0.046609,0.040970,0.043490,0.044003,0.048835,0.044584,0.052453,0.049133,0.051545,0.065878,0.064228,0.066626,0.062087,0.051784,0.037079,0.015335,0.007172,
0.121822,0.036744,0.040682,0.043002,0.044832,0.042475,0.038716,0.047703,0.043527,0.051700,0.053916,0.059626,0.069832,0.080447,0.082069,0.084353,0.079279,0.064462,0.039827,0.016214,0.005968,
0.037336,0.029693,0.039219,0.037874,0.033744,0.046382,0.042710,0.047772,0.050886,0.062743,0.068012,0.075233,0.090063,0.093756,0.097755,0.104537,0.095607,0.074761,0.037474,0.008616,0.005065,
0.046711,0.038450,0.039514,0.043038,0.047127,0.044803,0.058336,0.053411,0.059828,0.066753,0.090305,0.099652,0.115030,0.113035,0.120275,0.123048,0.118178,0.072561,0.024705,0.009677,0.002971,
nan,0.029259,0.030416,0.036742,0.050301,0.050235,0.051879,0.063162,0.086788,0.076256,0.097256,0.115076,0.127626,0.134654,0.138360,0.124727,0.105558,0.056938,0.021678,0.004807,0.002259,
nan,0.048123,nan,0.038892,0.056444,0.037607,0.071219,0.095268,0.100792,0.161418,0.100437,0.120099,0.139027,0.142446,0.209174,0.093188,0.110585,0.023009,0.008876,0.007614,0.001114,
nan,0.075918,0.148615,0.152517,0.129813,0.126513,0.098148,0.064732,0.074613,0.085670,0.094263,0.043796,0.042464,0.049469,0.016820,0.041296,0.014565,0.013309,0.008937,0.003554,0.001427,
0.107684,0.102596,0.119781,0.102776,0.105141,0.087451,0.098723,0.086935,0.067639,0.077300,0.055567,0.044526,0.037738,0.031258,0.028702,0.018408,0.012165,0.010314,0.008085,0.005330,0.004440,
0.098155,0.099995,0.103720,0.106796,0.095261,0.089035,0.091220,0.076123,0.065613,0.063668,0.053798,0.049019,0.049079,0.033340,0.021685,0.019801,0.013212,0.007911,0.006861,0.003829,0.001967,
0.112288,0.091595,0.095324,0.098651,0.093952,0.087836,0.091994,0.081685,0.069028,0.061936,0.051290,0.049586,0.037492,0.029662,0.026014,0.018246,0.015721,0.009043,0.006207,0.004177,0.002185,
0.099625,0.101748,0.098127,0.097483,0.080813,0.083414,0.084931,0.072704,0.079059,0.062334,0.053957,0.043554,0.041474,0.032136,0.028562,0.015738,0.015320,0.011426,0.007963,0.004379,0.002715,
0.090700,0.091854,0.089058,0.077446,0.085422,0.083282,0.071544,0.070109,0.062975,0.054448,0.050578,0.044897,0.036107,0.027930,0.024651,0.019296,0.015729,0.013127,0.009362,0.005651,0.002817,
0.070377,0.084552,0.089170,0.074199,0.082878,0.075228,0.069849,0.066507,0.060811,0.053845,0.050731,0.043719,0.038391,0.030751,0.024098,0.022338,0.018960,0.013710,0.010088,0.007380,0.003300,
0.108654,0.073723,0.079525,0.073118,0.076511,0.064677,0.064740,0.061314,0.053583,0.050332,0.044111,0.043802,0.035159,0.030847,0.027075,0.021882,0.018553,0.016224,0.010366,0.007277,0.003278,
0.090069,0.062722,0.071829,0.067645,0.068341,0.058659,0.062383,0.054656,0.050940,0.048833,0.042232,0.042567,0.035047,0.031677,0.026483,0.024724,0.022589,0.016703,0.012932,0.007441,0.005046,
0.095917,0.059489,0.059516,0.063154,0.058662,0.057905,0.055788,0.050459,0.053512,0.047108,0.043331,0.039797,0.037184,0.034425,0.030499,0.028855,0.024959,0.020384,0.016759,0.008588,0.005289,
0.058856,0.052995,0.052741,0.054731,0.049794,0.055896,0.049648,0.045249,0.045569,0.043614,0.042245,0.040446,0.035236,0.036502,0.034108,0.036661,0.031629,0.025110,0.019541,0.010835,0.005214,
0.104006,0.044118,0.048720,0.048482,0.046964,0.051844,0.048000,0.044842,0.043653,0.040529,0.042289,0.040784,0.036772,0.042273,0.039626,0.041360,0.035410,0.028533,0.023839,0.012108,0.006575,
0.045673,0.042644,0.046491,0.041894,0.044954,0.046127,0.046928,0.042616,0.038702,0.042769,0.044284,0.044594,0.044365,0.046696,0.049494,0.045728,0.047254,0.037268,0.025883,0.014609,0.006567,
0.049180,0.037934,0.042318,0.038048,0.040347,0.043742,0.045632,0.041809,0.041903,0.046705,0.048128,0.053290,0.056127,0.054536,0.059630,0.056474,0.058171,0.047424,0.031595,0.013787,0.008387,
0.041388,0.040321,0.034837,0.035527,0.036939,0.047552,0.040389,0.043753,0.045574,0.049334,0.052245,0.061722,0.066642,0.066204,0.070179,0.068800,0.071002,0.055211,0.034674,0.014512,0.005119,
0.030285,0.035657,0.042886,0.035437,0.039777,0.049614,0.042182,0.041606,0.051065,0.060822,0.059966,0.067485,0.072916,0.084853,0.086212,0.086980,0.081869,0.067708,0.030209,0.009046,0.004590,
0.018921,0.039530,0.039055,0.038015,0.046101,0.046301,0.047021,0.050241,0.055776,0.069822,0.075529,0.080293,0.085213,0.104236,0.107722,0.105833,0.090576,0.058592,0.024977,0.008405,0.003437,
0.048583,0.024058,0.034759,0.048352,0.046334,0.045357,0.056771,0.061377,0.076849,0.074301,0.087541,0.093451,0.114129,0.110925,0.125941,0.107798,0.084462,0.047821,0.016181,0.003983,0.001105,
nan,0.059192,nan,0.035108,0.052367,0.049522,0.088279,0.060662,0.084222,0.049552,0.087621,0.109830,0.114735,0.120532,0.088033,0.081474,0.073169,0.036873,0.005794,0.001297,0.000658,
nan,0.119548,0.074175,0.114459,0.083029,0.086750,0.083420,0.095651,0.084484,0.067687,0.070206,0.037326,0.036221,0.042277,0.023780,0.012465,0.013513,0.011511,0.005392,0.005167,0.001353,
0.110601,0.097912,0.093883,0.110768,0.111856,0.081555,0.085085,0.082909,0.074465,0.053254,0.058564,0.050295,0.038806,0.031526,0.026590,0.019624,0.010771,0.011188,0.004986,0.002239,0.002640,
0.133720,0.100405,0.091732,0.106679,0.092025,0.091350,0.081453,0.079645,0.077255,0.062593,0.056042,0.045474,0.043180,0.026340,0.025473,0.017366,0.011234,0.009025,0.008357,0.004336,0.001149,
0.100614,0.097978,0.102923,0.100075,0.083481,0.089711,0.087167,0.078932,0.072864,0.067866,0.050802,0.047085,0.039627,0.028760,0.024680,0.018242,0.015326,0.009619,0.007646,0.004033,0.001957,
0.098109,0.080258,0.102004,0.084225,0.096673,0.088161,0.078090,0.073406,0.068923,0.058842,0.054999,0.043603,0.039548,0.028291,0.024423,0.019035,0.014303,0.011573,0.008435,0.004691,0.002874,
0.107664,0.077639,0.096574,0.097773,0.088030,0.076777,0.076393,0.068834,0.062950,0.055847,0.054531,0.044283,0.038528,0.030849,0.022959,0.020739,0.018310,0.010458,0.008413,0.006100,0.002945,
0.086385,0.077235,0.083959,0.091893,0.082592,0.069130,0.076780,0.065130,0.059624,0.055141,0.044286,0.045090,0.038419,0.032103,0.026304,0.019961,0.015552,0.014588,0.009127,0.006100,0.004558,
0.047657,0.077752,0.079571,0.077099,0.071510,0.065151,0.070688,0.057683,0.056629,0.057142,0.046036,0.042163,0.036693,0.029518,0.023523,0.021590,0.020208,0.013894,0.010625,0.005737,0.003667,
0.070834,0.069894,0.072358,0.066004,0.067364,0.061666,0.061798,0.052424,0.053827,0.050856,0.044186,0.037961,0.035417,0.033435,0.028704,0.024313,0.019130,0.015810,0.013815,0.007454,0.004012,
0.060410,0.059898,0.067151,0.059097,0.063255,0.057485,0.056105,0.052057,0.044805,0.042764,0.041151,0.039339,0.032144,0.032694,0.029732,0.027567,0.024414,0.019529,0.014566,0.008270,0.004856,
0.070165,0.053346,0.055931,0.054129,0.058533,0.053546,0.048736,0.048544,0.041439,0.042280,0.042575,0.036124,0.034579,0.033965,0.032531,0.031812,0.026730,0.020859,0.017640,0.009774,0.005398,
0.061430,0.049860,0.049856,0.048937,0.053038,0.048022,0.045277,0.043813,0.043314,0.043812,0.040007,0.037930,0.041662,0.039007,0.039507,0.032925,0.034607,0.029891,0.020135,0.012546,0.005937,
0.059907,0.043127,0.044395,0.043887,0.044796,0.045281,0.042406,0.042752,0.041517,0.041433,0.040091,0.044726,0.045413,0.041962,0.046219,0.039609,0.038499,0.034573,0.023713,0.011208,0.005603,
0.044238,0.041171,0.038670,0.038570,0.049993,0.043023,0.041690,0.041562,0.041181,0.044335,0.044718,0.045247,0.047924,0.048709,0.051676,0.048014,0.048021,0.039346,0.028396,0.012683,0.004807,
0.040050,0.032936,0.035686,0.041538,0.044152,0.043597,0.039125,0.044927,0.042546,0.047261,0.052892,0.051469,0.057226,0.061900,0.063813,0.059222,0.060150,0.045171,0.030227,0.008563,0.002398,
0.029297,0.034084,0.036518,0.034328,0.039050,0.044963,0.040007,0.049579,0.043979,0.051705,0.050583,0.062619,0.066979,0.072495,0.074612,0.080422,0.063109,0.055466,0.025351,0.010736,0.002836,
0.014974,0.034476,0.037346,0.034058,0.033415,0.044251,0.053329,0.043512,0.061013,0.056100,0.059787,0.076935,0.076322,0.084879,0.092400,0.083759,0.071500,0.047979,0.026640,0.007995,0.002253,
nan,0.059642,0.038008,0.048624,0.048633,0.046298,0.045194,0.048314,0.062106,0.069464,0.073553,0.095672,0.095507,0.105022,0.108125,0.096083,0.068790,0.041141,0.011676,0.003734,0.003548,
nan,0.046594,nan,0.037305,0.087794,0.036615,0.056788,0.047783,0.067733,0.064438,0.102840,0.110858,0.098151,0.079210,0.112775,0.090650,0.076898,0.039668,0.003088,0.001356,0.000017,
nan,0.136371,0.139101,0.108819,0.112060,0.100777,0.082141,0.102426,0.079785,0.067566,0.037770,0.056978,0.054591,0.033267,0.023463,0.023157,0.004029,0.022018,0.008421,0.000161,0.002951,
0.114469,0.125716,0.099138,0.093056,0.089317,0.100390,0.086086,0.097482,0.067025,0.076907,0.059791,0.045636,0.038317,0.038151,0.022857,0.018116,0.012093,0.007242,0.005964,0.003691,0.001972,
0.068871,0.106323,0.116473,0.110294,0.102733,0.089530,0.092216,0.083600,0.068709,0.067802,0.053234,0.043584,0.040427,0.031775,0.024270,0.019515,0.012078,0.008129,0.004554,0.004945,0.001700,
0.110273,0.088920,0.116004,0.087856,0.089015,0.084674,0.086991,0.079177,0.080176,0.072763,0.054396,0.046015,0.041276,0.036390,0.028437,0.016771,0.014031,0.010137,0.007551,0.004071,0.003186,
0.087153,0.093022,0.098603,0.103711,0.094473,0.080467,0.077818,0.077549,0.069503,0.059223,0.055077,0.044238,0.038158,0.030719,0.025188,0.018722,0.015184,0.010475,0.008139,0.004443,0.002442,
0.071464,0.087775,0.084031,0.089832,0.085126,0.073582,0.085931,0.071435,0.062491,0.058785,0.049239,0.047123,0.037385,0.032160,0.025406,0.019791,0.013991,0.012202,0.008319,0.004427,0.003239,
0.079152,0.083557,0.083527,0.084966,0.080250,0.072187,0.075082,0.061100,0.059982,0.061376,0.048226,0.045168,0.035771,0.028584,0.024491,0.020154,0.017347,0.012834,0.008953,0.005686,0.002580,
0.071955,0.079549,0.075018,0.078334,0.076940,0.069177,0.067582,0.059263,0.055048,0.051030,0.048454,0.039396,0.035821,0.031447,0.026181,0.020439,0.016073,0.012437,0.010785,0.006572,0.003959,
0.090874,0.068885,0.067929,0.072064,0.065130,0.068335,0.057534,0.056119,0.048342,0.047215,0.041124,0.039847,0.033124,0.029895,0.025480,0.024376,0.019207,0.016541,0.010992,0.006545,0.003152,
0.063941,0.072400,0.058034,0.062463,0.057434,0.058035,0.051203,0.050018,0.045877,0.045766,0.041204,0.035666,0.033653,0.032658,0.027249,0.026036,0.021440,0.015958,0.012730,0.008675,0.004283,
0.073096,0.058864,0.056690,0.056076,0.050841,0.052520,0.051419,0.048392,0.045088,0.043306,0.036892,0.035954,0.035680,0.034143,0.030884,0.027547,0.024948,0.021384,0.015601,0.009978,0.005517,
0.050241,0.051513,0.053418,0.050010,0.048312,0.047583,0.050510,0.046223,0.040324,0.043289,0.037444,0.039608,0.037464,0.034833,0.035453,0.030466,0.029594,0.024526,0.018169,0.009035,0.004549,
0.050009,0.048203,0.044326,0.043192,0.045826,0.042942,0.046572,0.042179,0.043179,0.039753,0.039844,0.040890,0.038130,0.037817,0.039196,0.035393,0.033822,0.028787,0.020477,0.012061,0.003897,
0.048235,0.041491,0.042661,0.041270,0.043303,0.042874,0.043212,0.041076,0.042902,0.042070,0.043461,0.041987,0.041964,0.044541,0.048639,0.044878,0.040811,0.035634,0.025967,0.010694,0.003074,
0.031101,0.036030,0.035952,0.035836,0.039480,0.045695,0.041879,0.042548,0.039700,0.045569,0.047492,0.046095,0.051047,0.054793,0.054819,0.058165,0.047468,0.039944,0.024129,0.010463,0.002113,
0.030903,0.031862,0.034136,0.031783,0.039162,0.042150,0.040426,0.039527,0.041690,0.046489,0.051816,0.052547,0.062691,0.065687,0.074007,0.067058,0.054122,0.040313,0.023103,0.011044,0.002160,
0.017935,0.030931,0.031654,0.045062,0.041314,0.036160,0.042731,0.040919,0.048276,0.063743,0.058570,0.066299,0.070776,0.075738,0.075922,0.081311,0.058113,0.042889,0.019436,0.006429,0.002088,
0.011078,0.034550,0.026571,0.041555,0.059228,0.038491,0.045451,0.055497,0.064845,0.067184,0.066128,0.075013,0.080633,0.093270,0.088695,0.075926,0.044311,0.043395,0.010974,0.004328,0.003331,
nan,nan,0.044176,0.044563,0.039936,0.042619,0.073490,0.056122,0.059859,0.053345,0.093112,0.099459,0.084822,0.121272,0.064517,0.066623,0.042722,0.040528,0.000799,0.001291,0.000033,
nan,0.166047,0.110138,0.123187,0.107334,0.070689,0.062290,0.082492,0.064771,0.060724,0.077637,0.071796,0.045724,0.047657,0.018858,0.029789,0.012014,0.010706,0.004591,0.003872,0.001228,
0.143191,0.116804,0.096723,0.109383,0.089170,0.104063,0.080133,0.077583,0.079621,0.078250,0.068033,0.047548,0.039682,0.030616,0.024143,0.021697,0.012825,0.008558,0.005089,0.003814,0.001782,
0.107445,0.087065,0.105772,0.093509,0.086957,0.095415,0.093625,0.083208,0.071510,0.077206,0.052163,0.054610,0.040110,0.029333,0.024895,0.017621,0.016069,0.008624,0.005213,0.003297,0.002865,
0.163511,0.107441,0.096734,0.113191,0.101299,0.094691,0.080791,0.071980,0.069833,0.059429,0.059734,0.045702,0.038892,0.030692,0.025463,0.018614,0.013666,0.012509,0.008075,0.004551,0.002382,
0.163373,0.111325,0.094295,0.095462,0.090705,0.079873,0.088451,0.077492,0.069500,0.060247,0.052407,0.047975,0.037785,0.032893,0.022572,0.018832,0.015930,0.009793,0.006956,0.004541,0.003631,
0.105574,0.104410,0.089819,0.090917,0.088632,0.077303,0.079272,0.065392,0.063120,0.063384,0.050382,0.046527,0.038430,0.028012,0.024862,0.019828,0.014884,0.011478,0.007806,0.005678,0.003206,
0.100120,0.097650,0.081417,0.073931,0.076934,0.080681,0.071525,0.065222,0.058984,0.054432,0.050936,0.044087,0.038212,0.033225,0.025379,0.018373,0.015583,0.010931,0.008529,0.005161,0.003457,
0.073394,0.083179,0.071571,0.071591,0.066085,0.074190,0.061704,0.058683,0.052848,0.049960,0.045776,0.039344,0.033519,0.030377,0.024190,0.021637,0.016333,0.014064,0.010067,0.005070,0.002580,
0.062084,0.075095,0.065780,0.065687,0.062315,0.061493,0.059820,0.055128,0.052130,0.048573,0.043236,0.037579,0.031706,0.029056,0.024260,0.021056,0.018761,0.014491,0.010005,0.006712,0.003644,
0.059970,0.061730,0.059681,0.060348,0.058450,0.054381,0.056646,0.055225,0.046802,0.044508,0.038430,0.035089,0.032808,0.029374,0.027645,0.023832,0.019610,0.016243,0.012383,0.005703,0.003263,
0.054654,0.053334,0.052276,0.054700,0.054459,0.054545,0.050124,0.048368,0.044777,0.044937,0.038496,0.036682,0.034452,0.031129,0.026688,0.025254,0.023298,0.019664,0.013029,0.010152,0.003167,
0.046304,0.050087,0.049756,0.048979,0.054590,0.047397,0.042415,0.043845,0.042124,0.040627,0.039707,0.035383,0.031890,0.032401,0.032556,0.027842,0.025443,0.020547,0.015574,0.008531,0.004135,
0.041134,0.040334,0.047858,0.046321,0.053567,0.041946,0.040109,0.039731,0.041081,0.038604,0.038676,0.037274,0.036649,0.035789,0.038252,0.033350,0.028646,0.025882,0.019048,0.010770,0.003812,
0.035116,0.041358,0.037779,0.039254,0.049204,0.038506,0.040669,0.039662,0.042007,0.043260,0.037795,0.040637,0.042844,0.042106,0.040592,0.038872,0.038552,0.029133,0.022082,0.010362,0.003120,
0.028330,0.037927,0.035233,0.036286,0.042708,0.040363,0.038481,0.038116,0.041402,0.041872,0.042111,0.044058,0.047691,0.046455,0.050733,0.047955,0.040241,0.033471,0.021125,0.008564,0.004026,
0.017904,0.030892,0.035886,0.035489,0.036493,0.046211,0.042200,0.040063,0.042625,0.052454,0.048617,0.049186,0.057663,0.056924,0.060344,0.056343,0.050042,0.034398,0.021607,0.009601,0.003316,
0.031640,0.030835,0.037740,0.044931,0.038279,0.040517,0.037223,0.050277,0.044377,0.052260,0.061220,0.061728,0.070411,0.078537,0.062436,0.068298,0.048981,0.034271,0.018572,0.005740,0.001990,
0.025170,0.034547,0.027755,0.051108,0.048209,0.042094,0.053744,0.048727,0.053111,0.055597,0.062929,0.071335,0.074156,0.070124,0.086754,0.059160,0.056175,0.027929,0.014170,0.004042,0.002610,
nan,nan,0.035267,0.059212,nan,0.061853,0.052766,0.054941,0.052178,0.043961,0.061591,0.090773,0.108263,0.096197,0.041983,0.060737,0.026056,0.025518,0.006839,0.002962,0.000960,
nan,0.108844,0.098259,0.133542,0.092954,0.160042,0.087621,0.049335,0.094755,0.060493,0.056907,0.035818,0.074989,0.031448,0.009968,0.012939,0.004354,0.004452,0.008347,0.005668,0.006967,
0.088166,0.097332,0.111434,0.096752,0.098763,0.089589,0.094294,0.078652,0.064765,0.074932,0.045466,0.048683,0.042710,0.033808,0.019447,0.015760,0.009492,0.011041,0.008679,0.002684,0.010132,
0.135896,0.116284,0.116395,0.096662,0.092855,0.090121,0.082753,0.083001,0.081770,0.066851,0.052914,0.048225,0.049032,0.030248,0.023553,0.021217,0.013556,0.007137,0.007140,0.003467,0.001676,
0.096621,0.112176,0.101173,0.096268,0.096326,0.087852,0.085984,0.083448,0.073292,0.062946,0.054498,0.047527,0.042089,0.032851,0.023659,0.017354,0.012780,0.009391,0.006129,0.004029,0.002589,
0.126245,0.091403,0.105323,0.086128,0.093598,0.085557,0.081573,0.068305,0.064605,0.063953,0.048225,0.046299,0.037303,0.029302,0.025011,0.018692,0.013305,0.010183,0.007186,0.003705,0.002318,
0.121952,0.086997,0.086830,0.082719,0.084373,0.086758,0.077611,0.070009,0.061861,0.060941,0.049816,0.046570,0.038499,0.032938,0.026529,0.019074,0.016494,0.012858,0.008710,0.005268,0.002103,
0.089068,0.075144,0.077974,0.082808,0.073663,0.073574,0.067746,0.064570,0.058260,0.053758,0.048522,0.043015,0.034154,0.029745,0.023022,0.018272,0.014576,0.011218,0.008385,0.004091,0.003091,
0.121358,0.079715,0.073090,0.073660,0.073055,0.062605,0.067763,0.062642,0.057562,0.055691,0.043558,0.040542,0.030184,0.027176,0.023021,0.019331,0.014894,0.013164,0.009834,0.006304,0.002954,
0.078520,0.068886,0.064446,0.065878,0.068226,0.059975,0.062261,0.061982,0.050827,0.049042,0.040471,0.036310,0.031622,0.029797,0.023817,0.021132,0.016690,0.012830,0.010167,0.005362,0.003935,
0.072301,0.059623,0.062283,0.064490,0.059305,0.059536,0.052861,0.050738,0.047380,0.045798,0.039706,0.037999,0.031953,0.028744,0.024128,0.022312,0.019532,0.015599,0.011115,0.007848,0.004586,
0.085615,0.060265,0.053128,0.057234,0.052194,0.050027,0.048166,0.047057,0.043797,0.039482,0.037856,0.035171,0.031077,0.028257,0.028692,0.023237,0.018783,0.015967,0.013081,0.007315,0.002845,
0.045565,0.050818,0.045072,0.051796,0.045494,0.046300,0.048129,0.043337,0.041588,0.040574,0.035211,0.035770,0.032697,0.031860,0.032022,0.026077,0.022628,0.018566,0.013977,0.008161,0.004468,
0.051825,0.045383,0.039766,0.042295,0.041532,0.045568,0.046347,0.041429,0.042929,0.040633,0.037474,0.035702,0.035038,0.034901,0.032121,0.030358,0.027002,0.023549,0.017790,0.009462,0.003618,
0.049440,0.041977,0.042650,0.038350,0.040610,0.041666,0.044251,0.040113,0.040241,0.039037,0.037728,0.038369,0.035444,0.038796,0.037578,0.034286,0.031946,0.025635,0.017533,0.009164,0.003033,
0.042334,0.031887,0.037527,0.036624,0.036489,0.039305,0.040607,0.039837,0.041098,0.043191,0.040690,0.041975,0.042900,0.044015,0.049464,0.043047,0.037160,0.026870,0.019269,0.008239,0.003790,
0.041966,0.036813,0.033941,0.039578,0.046292,0.040621,0.036941,0.041385,0.043176,0.043171,0.048126,0.047117,0.053573,0.048998,0.051020,0.047906,0.044518,0.030527,0.018201,0.008381,0.003251,
0.030446,0.031232,0.034113,0.038019,0.029841,0.041533,0.035384,0.052266,0.050017,0.047665,0.047103,0.047949,0.053214,0.058388,0.053664,0.046433,0.042160,0.027444,0.018014,0.006116,0.002015,
0.028661,0.022117,0.024927,0.038754,0.045249,0.044741,0.048232,0.048025,0.044752,0.053234,0.060253,0.055516,0.066908,0.062955,0.062222,0.058396,0.048668,0.030271,0.014369,0.003000,0.002127,
nan,0.025106,0.039856,nan,0.077636,0.052651,0.039732,0.047053,0.073394,0.052304,0.085100,0.072412,0.058580,0.055042,0.086524,0.059243,0.034232,0.046832,0.011685,0.001019,0.000263,
nan,0.099025,0.143326,0.102033,0.087201,0.051230,0.099742,0.082729,0.058616,0.096406,0.087348,0.069934,0.052125,0.030317,0.042741,0.011130,0.004839,0.004032,0.003355,0.003953,0.004410,
0.085954,0.112682,0.112252,0.099380,0.091822,0.089555,0.085885,0.088444,0.068012,0.071212,0.046066,0.050902,0.038705,0.029412,0.022878,0.017043,0.012149,0.005905,0.007364,0.004401,0.002254,
0.121385,0.110982,0.098178,0.102800,0.097931,0.106192,0.084348,0.090213,0.082424,0.073203,0.065308,0.045590,0.045152,0.032991,0.028924,0.018749,0.014624,0.012372,0.008152,0.004489,0.001392,
0.116689,0.097967,0.113765,0.098165,0.091836,0.080341,0.081901,0.078322,0.070220,0.064251,0.055538,0.047659,0.038104,0.029396,0.025667,0.016901,0.014000,0.008405,0.006541,0.002973,0.003265,
0.094323,0.098320,0.088116,0.087560,0.092787,0.090849,0.088314,0.075614,0.070246,0.066510,0.054455,0.046665,0.041573,0.031777,0.023070,0.019898,0.014759,0.009543,0.007990,0.005035,0.003696,
0.130071,0.093902,0.090506,0.082294,0.082680,0.077960,0.071216,0.070778,0.063132,0.058908,0.051183,0.045651,0.038502,0.030538,0.023994,0.018035,0.013801,0.010084,0.007199,0.003497,0.003716,
0.088983,0.079128,0.084148,0.080983,0.079631,0.072987,0.067447,0.067778,0.062789,0.056945,0.045804,0.041232,0.031562,0.030422,0.022788,0.020906,0.014442,0.011023,0.008572,0.005712,0.002544,
0.106988,0.067168,0.075144,0.079090,0.070429,0.070230,0.064149,0.064806,0.056929,0.053363,0.043141,0.039480,0.033741,0.030344,0.023279,0.019621,0.015473,0.012619,0.007675,0.004395,0.003054,
0.082709,0.069484,0.070029,0.071337,0.062946,0.059941,0.057914,0.054777,0.051078,0.046876,0.042010,0.039764,0.032143,0.028269,0.022934,0.021055,0.015724,0.011844,0.009810,0.005560,0.003134,
0.079010,0.069163,0.062538,0.062954,0.056166,0.057705,0.055433,0.051614,0.049257,0.041997,0.041001,0.036103,0.030567,0.027439,0.024822,0.021279,0.016411,0.014031,0.010434,0.007532,0.003516,
0.052881,0.050581,0.059094,0.060821,0.051279,0.053433,0.050569,0.046144,0.044313,0.040817,0.037918,0.034434,0.031002,0.028004,0.026495,0.022895,0.018412,0.015633,0.012098,0.006712,0.003290,
0.059807,0.050552,0.052509,0.053673,0.049451,0.048690,0.044111,0.044081,0.042928,0.041974,0.037067,0.033966,0.029976,0.029405,0.028460,0.024176,0.021074,0.018502,0.012555,0.008044,0.003523,
0.044659,0.040858,0.043914,0.052603,0.044581,0.043911,0.040589,0.041008,0.037670,0.041455,0.036637,0.035452,0.031386,0.032174,0.029940,0.028272,0.025727,0.018876,0.014224,0.007880,0.004040,
0.040414,0.038825,0.040331,0.039452,0.038899,0.041558,0.041390,0.036647,0.036228,0.038316,0.036408,0.036086,0.034898,0.038739,0.037420,0.031472,0.029519,0.022202,0.015224,0.007832,0.003488,
0.042631,0.034365,0.041834,0.035523,0.041935,0.035861,0.044096,0.039470,0.037664,0.038645,0.036822,0.037932,0.041415,0.040507,0.037497,0.034025,0.031653,0.022435,0.016417,0.006530,0.003986,
0.050938,0.031928,0.031388,0.032751,0.036361,0.034946,0.045159,0.036706,0.038320,0.037424,0.043339,0.039197,0.042062,0.048406,0.044903,0.038944,0.036722,0.025434,0.014772,0.007634,0.003287,
nan,0.029526,0.030197,0.048362,0.039002,0.041105,0.045367,0.035610,0.047357,0.042729,0.045954,0.051700,0.048279,0.048373,0.053275,0.040621,0.042792,0.029323,0.018452,0.006493,0.001957,
nan,0.030202,0.036521,0.042467,0.039990,0.042766,0.034390,0.045345,0.036776,0.049458,0.050428,0.055177,0.047609,0.051168,0.052876,0.045258,0.037821,0.024417,0.015230,0.002776,0.002408,
nan,0.017250,0.018806,0.027846,0.063448,nan,0.027400,0.028685,0.038759,0.068561,0.046600,0.047845,0.040817,0.051235,0.034680,0.039247,0.034290,0.061379,0.010726,0.000691,0.000004,
nan,0.078587,0.085713,0.107883,0.055434,0.077668,0.123726,0.059775,0.054272,0.062267,0.042211,0.038560,0.050366,0.026756,0.019256,0.025002,0.016040,0.009969,0.011744,0.003249,0.002312,
0.149453,0.122951,0.119371,0.103448,0.102848,0.088169,0.090623,0.070322,0.081482,0.060531,0.051315,0.046738,0.045385,0.035921,0.019634,0.023184,0.008876,0.008795,0.005525,0.002987,0.004301,
0.093750,0.105936,0.112805,0.121103,0.101352,0.091887,0.093834,0.073624,0.074158,0.071849,0.052778,0.047753,0.043430,0.033574,0.030922,0.015729,0.013263,0.008757,0.006278,0.003798,0.003222,
0.069724,0.092306,0.101158,0.086391,0.099342,0.091266,0.086174,0.073082,0.069407,0.067834,0.051996,0.048553,0.037304,0.031242,0.022394,0.017956,0.014157,0.009502,0.006393,0.004675,0.003128,
0.079042,0.089866,0.095094,0.089560,0.084021,0.087502,0.079185,0.074762,0.064474,0.063451,0.054288,0.048925,0.043205,0.032608,0.025465,0.019411,0.014513,0.011013,0.008218,0.004877,0.002318,
0.089432,0.093627,0.087841,0.085740,0.081968,0.078190,0.071581,0.067523,0.061205,0.056890,0.054560,0.043681,0.034762,0.028729,0.025549,0.016710,0.013175,0.011144,0.007702,0.004727,0.001846,
0.050521,0.080905,0.083842,0.078357,0.076133,0.076185,0.071214,0.069610,0.061948,0.056186,0.052146,0.039551,0.033518,0.029398,0.022068,0.019524,0.013691,0.011251,0.007653,0.003694,0.001562,
0.047528,0.080985,0.074388,0.073187,0.070802,0.066611,0.066445,0.058609,0.055020,0.053230,0.046449,0.041138,0.031970,0.026915,0.022089,0.018675,0.015962,0.010556,0.008324,0.005191,0.002599,
0.054434,0.062709,0.069339,0.068369,0.060718,0.062505,0.058691,0.055303,0.049521,0.044359,0.042169,0.038005,0.032353,0.026226,0.023494,0.019967,0.015153,0.011579,0.008029,0.004388,0.003105,
0.033059,0.057044,0.062306,0.063499,0.061704,0.057609,0.051600,0.050954,0.048872,0.044553,0.038024,0.033879,0.028615,0.028197,0.024667,0.019474,0.015113,0.013028,0.010603,0.005961,0.003534,
0.046628,0.063505,0.056352,0.055662,0.055598,0.051111,0.047423,0.047245,0.047585,0.043167,0.036969,0.032544,0.030239,0.025790,0.024960,0.020949,0.017264,0.015335,0.008879,0.006232,0.002762,
0.071231,0.048449,0.052138,0.050604,0.049382,0.044414,0.044100,0.045301,0.039703,0.037938,0.036281,0.032828,0.029488,0.029579,0.026949,0.021411,0.021524,0.015588,0.011819,0.007577,0.003992,
0.044549,0.044870,0.046335,0.045444,0.045765,0.041818,0.044245,0.042331,0.038655,0.036938,0.034185,0.033803,0.030957,0.033221,0.028506,0.029029,0.021938,0.017682,0.011141,0.006524,0.003957,
0.048155,0.035884,0.038672,0.046915,0.042632,0.041002,0.041137,0.041812,0.037479,0.035727,0.033989,0.035406,0.033775,0.033197,0.029804,0.028048,0.026086,0.018187,0.014053,0.007364,0.003582,
0.065801,0.044808,0.038750,0.039048,0.035253,0.039826,0.038642,0.038096,0.036246,0.034523,0.040992,0.035836,0.035217,0.035239,0.034518,0.030739,0.028696,0.020742,0.014636,0.006895,0.003891,
0.024657,0.031058,0.033115,0.031783,0.034294,0.032856,0.035114,0.041852,0.038469,0.040145,0.038727,0.040164,0.039363,0.036683,0.037779,0.033767,0.032164,0.024457,0.013823,0.007116,0.003105,
0.023968,0.032282,0.032245,0.033982,0.035750,0.044238,0.042016,0.041831,0.042230,0.033788,0.044626,0.042555,0.048503,0.043382,0.044068,0.036826,0.027055,0.022557,0.014279,0.008038,0.002864,
0.062305,0.024976,0.029119,0.029240,0.040600,0.035282,0.039137,0.038069,0.043630,0.048351,0.044508,0.056558,0.054608,0.041811,0.052551,0.034464,0.033258,0.027451,0.016469,0.003134,0.001186,
nan,0.039527,nan,0.032431,0.083077,0.040170,nan,0.052034,nan,0.090233,0.041582,0.042818,0.070048,0.044879,0.060032,0.039474,0.036149,0.013533,0.017010,0.000552,0.001210,
nan,0.095435,0.125330,0.118563,0.102623,0.129575,0.087277,0.061198,0.079783,0.063648,0.055222,0.057227,0.028096,0.032026,0.025911,0.015730,0.007722,0.008788,0.005453,0.004197,0.002250,
0.106650,0.119901,0.107531,0.101089,0.106412,0.098128,0.092191,0.091307,0.066658,0.066618,0.060735,0.049680,0.030511,0.029832,0.033406,0.020051,0.010667,0.008502,0.009006,0.003259,0.000549,
0.111133,0.094854,0.113691,0.100943,0.098935,0.094649,0.087497,0.077222,0.076521,0.061796,0.060374,0.047996,0.035980,0.029212,0.022056,0.017804,0.012394,0.010599,0.006079,0.003497,0.000370,
0.108754,0.102472,0.097083,0.096125,0.098667,0.090016,0.094972,0.074494,0.071780,0.062032,0.048439,0.047259,0.042950,0.031996,0.024070,0.021486,0.013446,0.010454,0.007093,0.003760,0.002129,
0.089594,0.090179,0.092780,0.089246,0.092543,0.084791,0.077252,0.075139,0.076388,0.066630,0.056283,0.046538,0.040728,0.027334,0.024313,0.016001,0.012256,0.009434,0.006080,0.003400,0.004309,
0.073527,0.084184,0.091163,0.088622,0.082883,0.080494,0.079493,0.072207,0.067405,0.059793,0.045977,0.044045,0.033873,0.032104,0.025761,0.017701,0.013565,0.009059,0.008558,0.003621,0.002599,
0.072286,0.084081,0.088640,0.076326,0.077839,0.073796,0.068397,0.065524,0.059822,0.055308,0.046058,0.043045,0.032263,0.030331,0.022641,0.017974,0.013269,0.010857,0.006972,0.005058,0.002229,
0.048463,0.074898,0.080240,0.069499,0.071551,0.069406,0.061364,0.063174,0.056930,0.050558,0.043799,0.040581,0.032287,0.027611,0.022648,0.019766,0.014013,0.010191,0.007146,0.004124,0.003064,
0.054709,0.071829,0.067568,0.067080,0.069458,0.063880,0.056758,0.057128,0.051890,0.046311,0.039858,0.036991,0.032384,0.027260,0.022073,0.017992,0.013950,0.012476,0.008472,0.005003,0.003327,
0.055537,0.058542,0.063848,0.060250,0.059136,0.055648,0.055201,0.053312,0.046738,0.045722,0.040241,0.034246,0.029204,0.025813,0.024169,0.021301,0.014902,0.010856,0.008898,0.005843,0.003076,
0.058311,0.053025,0.057350,0.054872,0.052972,0.051518,0.049608,0.047713,0.042348,0.040165,0.036063,0.033031,0.028112,0.026418,0.024132,0.019028,0.015543,0.013332,0.008950,0.005883,0.003352,
0.049570,0.054812,0.053583,0.049861,0.051388,0.050389,0.045511,0.044481,0.040340,0.038222,0.034662,0.032766,0.029645,0.030251,0.024616,0.020924,0.019121,0.015242,0.010001,0.006438,0.003041,
0.145387,0.050533,0.052548,0.047231,0.048836,0.046442,0.042608,0.039693,0.039451,0.035752,0.033515,0.032387,0.032019,0.029529,0.026217,0.024441,0.020000,0.015359,0.010715,0.006629,0.002987,
0.042176,0.041311,0.045210,0.045180,0.043009,0.043535,0.039896,0.037036,0.038918,0.035715,0.035979,0.032331,0.030476,0.029300,0.028703,0.024029,0.022896,0.016180,0.011693,0.007070,0.003706,
0.031413,0.037653,0.036514,0.041402,0.041543,0.039132,0.039382,0.035096,0.037576,0.037292,0.034762,0.034342,0.036321,0.031755,0.029366,0.026460,0.024054,0.018799,0.012462,0.006420,0.003287,
0.018519,0.033356,0.032836,0.041524,0.030142,0.041881,0.040904,0.034456,0.040924,0.035740,0.040193,0.032423,0.045249,0.035460,0.030991,0.031775,0.026461,0.021318,0.013508,0.006609,0.003066,
0.028669,0.042950,0.037016,0.031825,0.030509,0.042952,0.037806,0.038092,0.042925,0.041091,0.034892,0.045409,0.036089,0.037003,0.037552,0.038314,0.026356,0.017301,0.018299,0.008911,0.002510,
0.032869,0.061826,0.032706,0.030108,0.029022,0.030596,0.042299,0.046385,0.043131,0.044553,0.040393,0.047272,0.046505,0.040445,0.040631,0.033950,0.026638,0.016606,0.011342,0.005351,0.001047,
nan,nan,nan,0.050413,0.041669,0.055976,0.058499,0.026983,0.049698,0.062713,0.050915,0.044487,0.039380,0.035055,0.065691,0.032868,0.018993,0.009995,0.011095,0.002754,0.000980,
nan,0.130891,0.150751,0.112430,0.084224,0.097268,0.086366,0.067358,0.103152,0.088438,0.061550,0.071132,0.029319,0.036725,0.026387,0.014560,0.008788,0.011005,0.001248,0.002010,0.001123,
0.112022,0.109032,0.095646,0.099826,0.096391,0.084688,0.098811,0.086263,0.083716,0.063819,0.053523,0.047892,0.040227,0.030774,0.021596,0.017791,0.011078,0.009668,0.007350,0.003547,0.002163,
0.097529,0.106379,0.095582,0.097019,0.103491,0.087683,0.084219,0.089916,0.066017,0.073968,0.053964,0.051479,0.037726,0.037434,0.020412,0.015808,0.012701,0.008513,0.004477,0.002344,0.004146,
0.098914,0.092720,0.095338,0.091857,0.085187,0.089049,0.080831,0.076353,0.069247,0.070801,0.056706,0.052226,0.042034,0.032087,0.025056,0.018786,0.014304,0.008703,0.006413,0.003558,0.001942,
0.086775,0.094593,0.099827,0.094598,0.088280,0.084474,0.078851,0.079745,0.064786,0.061627,0.052612,0.041335,0.035079,0.028937,0.022525,0.017674,0.013534,0.012360,0.007373,0.004457,0.002763,
0.081834,0.097580,0.093960,0.083096,0.087910,0.081657,0.074144,0.074133,0.061470,0.057830,0.060248,0.045679,0.038709,0.031998,0.022349,0.018095,0.011713,0.009157,0.007452,0.003782,0.001864,
0.088754,0.084970,0.085478,0.084395,0.080133,0.076313,0.067387,0.068335,0.061732,0.057683,0.048528,0.040977,0.034456,0.028658,0.025092,0.016856,0.014479,0.011273,0.006730,0.003581,0.001699,
0.081773,0.084050,0.081034,0.075972,0.070412,0.069521,0.064598,0.061248,0.055233,0.049820,0.042370,0.042013,0.033989,0.027007,0.021115,0.018133,0.012676,0.009939,0.007285,0.004646,0.002452,
0.071438,0.069324,0.073441,0.068566,0.063792,0.061322,0.056972,0.058975,0.050353,0.049642,0.042413,0.035516,0.029921,0.025778,0.022231,0.019155,0.013016,0.009961,0.007475,0.005822,0.003072,
0.073680,0.069365,0.060361,0.060677,0.059227,0.059737,0.051974,0.050611,0.047559,0.042797,0.037603,0.033605,0.030562,0.026369,0.023843,0.017365,0.015186,0.011494,0.008443,0.004550,0.003665,
0.054025,0.063376,0.054281,0.056659,0.053903,0.053159,0.048091,0.048866,0.044431,0.040470,0.034738,0.031746,0.027932,0.027271,0.023349,0.017905,0.014780,0.014562,0.007621,0.005108,0.002923,
0.047845,0.048852,0.052878,0.051136,0.046717,0.049049,0.044119,0.040896,0.040930,0.036753,0.035064,0.031712,0.030588,0.027975,0.022970,0.022044,0.016848,0.013716,0.009992,0.006389,0.002909,
0.047470,0.046720,0.042072,0.045974,0.043017,0.045178,0.042193,0.037076,0.038494,0.036869,0.033315,0.030861,0.027796,0.025823,0.024506,0.020433,0.018551,0.013907,0.010269,0.005779,0.003236,
0.049428,0.046278,0.040377,0.040785,0.039433,0.040006,0.038019,0.034693,0.035400,0.034348,0.032603,0.030607,0.031200,0.028906,0.024503,0.022169,0.021605,0.014489,0.010203,0.006602,0.003500,
0.058849,0.039728,0.033934,0.036891,0.039086,0.036514,0.037644,0.032980,0.036506,0.033485,0.031765,0.031489,0.031043,0.031141,0.025559,0.027150,0.020125,0.016199,0.011920,0.005565,0.002626,
0.024143,0.034179,0.034902,0.040234,0.043531,0.038417,0.033743,0.034135,0.033772,0.038514,0.031182,0.031524,0.031510,0.037228,0.027852,0.027790,0.022556,0.017256,0.012319,0.006263,0.003439,
0.045517,0.027475,0.029102,0.029695,0.041064,0.041819,0.031809,0.031609,0.039235,0.033946,0.034329,0.035868,0.037054,0.036917,0.038140,0.032387,0.025251,0.019524,0.014571,0.008367,0.004342,
0.032690,0.026861,0.032074,0.031987,0.043128,0.029505,0.037652,0.034877,0.036317,0.034503,0.037272,0.038206,0.048793,0.034559,0.033583,0.032204,0.025123,0.020372,0.009992,0.004930,0.001887,
nan,0.071114,0.029591,nan,0.027631,nan,0.054835,0.048511,0.031807,0.031406,0.037458,0.034465,0.029701,0.021183,0.037938,0.034924,0.013740,0.016006,0.016727,0.004107,0.000047,
nan,0.101927,0.083520,0.087715,0.080806,0.063830,0.056961,0.065446,0.112710,0.044957,0.066662,0.039362,0.031574,0.043036,0.024043,0.009636,0.010158,0.004818,0.002274,0.001924,0.002239,
0.206753,0.094027,0.112212,0.102719,0.099498,0.097244,0.096362,0.084123,0.074536,0.091430,0.063979,0.051825,0.045871,0.030827,0.029268,0.015401,0.011290,0.011890,0.004677,0.005819,0.003294,
0.120730,0.111327,0.108141,0.094350,0.097251,0.087464,0.082442,0.077606,0.079833,0.062528,0.054187,0.045107,0.035978,0.030725,0.025301,0.016523,0.012260,0.009195,0.005440,0.003383,0.002677,
0.083601,0.098912,0.104337,0.101967,0.092233,0.092548,0.081691,0.081326,0.071153,0.069583,0.053817,0.050245,0.041990,0.033644,0.021767,0.017539,0.011685,0.007852,0.005900,0.003889,nan,
0.073645,0.102478,0.096681,0.087503,0.095549,0.084356,0.082509,0.072523,0.071768,0.057443,0.055668,0.049540,0.041169,0.034420,0.026970,0.018006,0.014164,0.009580,0.007212,0.004275,0.001753,
0.090470,0.100058,0.091093,0.090655,0.085511,0.082466,0.074448,0.073406,0.069286,0.062165,0.049296,0.044125,0.033124,0.026434,0.023254,0.019476,0.012658,0.009510,0.007054,0.003982,0.001872,
0.087341,0.102378,0.089664,0.090194,0.075100,0.077934,0.070644,0.070770,0.059586,0.052843,0.048855,0.041482,0.033518,0.029668,0.022510,0.018003,0.012576,0.009281,0.005958,0.004724,0.002253,
0.066471,0.082000,0.078854,0.072742,0.070825,0.065635,0.061794,0.060581,0.054978,0.053673,0.045512,0.037181,0.030194,0.026047,0.022639,0.018768,0.013087,0.008838,0.005821,0.004077,0.002526,
0.079520,0.067909,0.069694,0.065070,0.069005,0.066562,0.056739,0.059786,0.053645,0.045399,0.041824,0.035272,0.031602,0.029118,0.021191,0.019419,0.012073,0.009719,0.007492,0.003615,0.003017,
0.054717,0.074857,0.068266,0.059345,0.059402,0.058587,0.053985,0.050097,0.047414,0.041523,0.039018,0.032135,0.028555,0.023994,0.022637,0.018012,0.012712,0.011761,0.008139,0.004343,0.003476,
0.066287,0.061612,0.056184,0.053407,0.058279,0.053631,0.052930,0.045513,0.041767,0.040885,0.036087,0.033468,0.029227,0.025172,0.022284,0.017182,0.014399,0.011882,0.008695,0.005380,0.003421,
0.047027,0.056737,0.049139,0.050149,0.051542,0.045447,0.045452,0.039256,0.038563,0.037948,0.033763,0.032001,0.027976,0.025730,0.022301,0.020283,0.016058,0.011513,0.008789,0.006106,0.003288,
0.048372,0.056700,0.045969,0.044908,0.045971,0.041518,0.041024,0.037100,0.036431,0.034481,0.032089,0.029306,0.028076,0.027067,0.020606,0.019328,0.016579,0.013132,0.008576,0.005598,0.003234,
0.031811,0.040728,0.048804,0.040041,0.043602,0.039732,0.041744,0.038832,0.035607,0.040016,0.031420,0.029000,0.029478,0.027565,0.021104,0.022359,0.017700,0.013752,0.009827,0.006647,0.002764,
0.037889,0.037373,0.045560,0.036781,0.035245,0.040936,0.042880,0.032811,0.035231,0.034409,0.032036,0.029363,0.027456,0.032818,0.021613,0.024127,0.018300,0.016040,0.010811,0.004938,0.003057,
0.035294,0.035273,0.041632,0.037216,0.035500,0.035644,0.045802,0.037243,0.033092,0.036214,0.033404,0.034802,0.028760,0.034099,0.030410,0.027088,0.020807,0.016193,0.010256,0.005719,0.003801,
0.026682,0.037793,0.031455,0.040737,0.033422,0.037661,0.033929,0.038612,0.034608,0.031829,0.036758,0.033259,0.030988,0.028294,0.026678,0.026891,0.023023,0.016884,0.012702,0.007447,0.002989,
nan,0.037538,0.035064,0.038907,0.034731,0.044723,0.039757,0.030604,0.035979,0.042853,0.035478,0.039892,0.035744,0.028252,0.031408,0.030670,0.021500,0.016920,0.012775,0.008124,0.004874,
nan,0.026818,0.013024,nan,nan,0.033398,0.039964,nan,0.043396,0.035083,0.048906,0.047570,0.023823,0.024351,0.027119,0.033163,0.035702,0.015707,0.008871,0.004800,0.002503,
nan,0.109931,0.117492,0.121750,0.096351,0.107380,0.070475,0.051191,0.070936,0.049033,0.046294,0.030060,0.064355,0.060453,0.017914,0.015564,0.012672,0.007952,0.004798,0.009152,0.001013,
0.104636,0.106767,0.101916,0.096734,0.089165,0.108398,0.097576,0.098857,0.080454,0.067396,0.053490,0.047595,0.049518,0.033010,0.026447,0.023663,0.016174,0.008194,0.005603,0.005075,0.002209,
0.128029,0.091082,0.111564,0.099602,0.106093,0.092000,0.087076,0.079301,0.074888,0.068352,0.058750,0.043972,0.041263,0.032399,0.024045,0.020208,0.013551,0.008778,0.007411,0.004619,0.001926,
0.091647,0.113787,0.098613,0.098676,0.095667,0.091062,0.084552,0.072066,0.069037,0.068501,0.054936,0.048146,0.039671,0.025959,0.021806,0.016547,0.013357,0.009110,0.006458,0.003347,0.003175,
0.095154,0.105955,0.096300,0.092008,0.083711,0.083420,0.082138,0.077298,0.069381,0.060375,0.054588,0.046131,0.040892,0.031517,0.025652,0.017077,0.011645,0.008446,0.005557,0.003674,0.001851,
0.084504,0.092509,0.089982,0.098186,0.085743,0.086253,0.072733,0.078278,0.063197,0.059965,0.054675,0.041836,0.036067,0.031049,0.023006,0.016160,0.011730,0.009261,0.007314,0.002777,0.004176,
0.076702,0.089060,0.084012,0.072545,0.079836,0.075868,0.067057,0.063119,0.061981,0.051257,0.048403,0.041926,0.033903,0.026541,0.023953,0.017551,0.014000,0.010385,0.006178,0.003799,nan,
0.068283,0.091432,0.078823,0.074272,0.075177,0.069884,0.062237,0.067794,0.055208,0.050135,0.043624,0.038694,0.035546,0.028876,0.020516,0.017402,0.012841,0.010354,0.006646,0.003797,0.002308,
0.083044,0.085188,0.073637,0.070798,0.065980,0.065035,0.058487,0.054799,0.051219,0.046221,0.040695,0.034930,0.031117,0.028231,0.021824,0.018700,0.012229,0.009764,0.007854,0.004463,0.002672,
0.064944,0.065735,0.065550,0.065784,0.063404,0.053343,0.054896,0.049908,0.046953,0.044486,0.040272,0.033290,0.028694,0.024404,0.019972,0.016565,0.012961,0.009122,0.007598,0.004455,0.002446,
0.050106,0.065462,0.061371,0.057070,0.056624,0.047856,0.047425,0.041523,0.040458,0.039639,0.035861,0.032143,0.027766,0.025266,0.020613,0.016857,0.014146,0.011626,0.008805,0.005138,0.002471,
0.061923,0.058040,0.055933,0.048324,0.049692,0.052532,0.045310,0.043527,0.037288,0.035687,0.032990,0.029349,0.025845,0.025345,0.020750,0.018675,0.014850,0.010078,0.007186,0.005805,0.002990,
0.036572,0.051113,0.048210,0.042599,0.046617,0.044184,0.042179,0.042304,0.037000,0.037209,0.033029,0.029465,0.026981,0.024937,0.021050,0.017468,0.015683,0.013070,0.007631,0.005255,0.002536,
0.042757,0.045284,0.042765,0.041856,0.041454,0.044124,0.038288,0.041599,0.035249,0.032618,0.032831,0.026255,0.027539,0.033132,0.020319,0.018656,0.016071,0.012793,0.009065,0.005396,0.003221,
0.032554,0.040971,0.041148,0.034568,0.044499,0.039514,0.033854,0.040880,0.035089,0.036748,0.029862,0.028591,0.027793,0.027562,0.021635,0.022632,0.016260,0.014785,0.009917,0.004658,0.002756,
0.022603,0.031629,0.036500,0.029393,0.036214,0.034241,0.038861,0.038639,0.031928,0.036491,0.029920,0.028242,0.028569,0.026921,0.024366,0.024908,0.018102,0.014087,0.008619,0.005933,0.003533,
0.042144,0.027967,0.040861,0.034537,0.030001,0.034878,0.032787,0.033178,0.031193,0.038494,0.031407,0.031414,0.036004,0.026375,0.025810,0.021760,0.020825,0.016351,0.011968,0.007702,0.003941,
nan,0.029320,0.031379,0.034168,0.040031,0.052928,0.037302,0.032559,0.035310,0.040697,0.035993,0.029144,0.030547,0.033745,0.028678,0.023230,0.021859,0.017314,0.008226,0.008693,0.005736,
nan,nan,0.028855,0.022577,nan,nan,0.062202,0.047867,0.063574,0.044139,0.035104,0.026733,0.024939,0.023299,0.023867,0.021492,0.017712,0.012106,0.013441,0.001141,0.002653,
nan,0.125450,0.112065,0.096504,0.081955,0.058508,0.056031,0.075264,0.081744,0.095339,0.040201,0.050575,0.047657,0.024420,0.024036,0.013338,0.010051,0.009813,0.004135,0.003513,0.000200,
0.127450,0.120216,0.114288,0.104151,0.105530,0.086938,0.089814,0.089140,0.077152,0.078379,0.054668,0.059389,0.046801,0.028435,0.026768,0.018616,0.015508,0.009686,0.005811,0.003480,0.001922,
0.105234,0.125740,0.095307,0.103075,0.092317,0.097052,0.098582,0.082634,0.090852,0.067118,0.057707,0.047555,0.048379,0.032702,0.031123,0.022021,0.016556,0.013960,0.007274,0.004257,0.001664,
0.117045,0.106500,0.102512,0.092350,0.093085,0.086887,0.081797,0.080357,0.070894,0.065972,0.055756,0.046165,0.041112,0.030644,0.026582,0.022142,0.014300,0.009674,0.007273,0.003927,0.001977,
0.075753,0.107676,0.092295,0.100725,0.096551,0.086200,0.084000,0.080049,0.073808,0.065128,0.052106,0.045675,0.033034,0.024216,0.023012,0.017512,0.012404,0.011435,0.007284,0.003983,0.003081,
0.067602,0.101937,0.090656,0.083406,0.088083,0.082169,0.076859,0.065678,0.064279,0.059997,0.050518,0.043621,0.033351,0.030615,0.021774,0.016272,0.010980,0.009544,0.006635,0.004452,0.001770,
0.073631,0.098702,0.076352,0.083742,0.078632,0.072948,0.066793,0.075227,0.057406,0.054729,0.047284,0.040555,0.035649,0.029369,0.022798,0.018437,0.012745,0.008367,0.005367,0.004175,0.002068,
0.059266,0.087214,0.075553,0.083153,0.078514,0.073950,0.064027,0.060928,0.054086,0.051196,0.045969,0.037139,0.029878,0.025279,0.022800,0.018117,0.011654,0.008014,0.005426,0.004245,0.002461,
0.063422,0.076238,0.070093,0.071486,0.070685,0.057734,0.058846,0.053848,0.054886,0.048773,0.041499,0.035942,0.031173,0.024028,0.021216,0.018457,0.013061,0.008361,0.006942,0.003585,0.002610,
0.065096,0.069109,0.062541,0.057230,0.062477,0.054474,0.054238,0.047981,0.043931,0.042589,0.039134,0.033958,0.028950,0.025682,0.021699,0.014522,0.012280,0.009354,0.006437,0.004207,0.002574,
0.060845,0.057453,0.057203,0.052547,0.054718,0.057899,0.051057,0.046253,0.039743,0.039669,0.033965,0.032604,0.027022,0.025791,0.020816,0.017259,0.013872,0.010523,0.006285,0.004960,0.002545,
0.043834,0.053453,0.052392,0.049665,0.051836,0.051157,0.043089,0.045455,0.042248,0.038239,0.034703,0.029432,0.025883,0.024440,0.020082,0.016463,0.014031,0.010052,0.007097,0.004985,0.002659,
0.037464,0.042677,0.049507,0.046049,0.047401,0.043438,0.039736,0.041588,0.037843,0.036863,0.030174,0.029209,0.027316,0.023929,0.018791,0.016577,0.014315,0.013027,0.007200,0.005325,0.003124,
0.032948,0.039604,0.041384,0.040344,0.043506,0.037573,0.035653,0.036903,0.036313,0.035375,0.028688,0.027124,0.024752,0.031417,0.020844,0.017742,0.015642,0.011742,0.008607,0.005932,0.005232,
nan,0.036859,0.038181,0.035040,0.038270,0.034894,0.033412,0.034001,0.030308,0.034156,0.028037,0.029300,0.027343,0.024218,0.020653,0.020838,0.014941,0.012999,0.008730,0.005014,0.002888,
nan,0.029861,0.030686,0.038118,0.031683,0.033727,0.031825,0.031897,0.030782,0.033323,0.028142,0.028897,0.023162,0.022534,0.022948,0.020595,0.019109,0.013132,0.009589,0.005416,0.003198,
nan,0.065922,0.026758,0.037530,0.042776,0.030309,0.034120,0.033174,0.033829,0.031838,0.027239,0.028058,0.029127,0.028382,0.024776,0.018684,0.018517,0.014591,0.010694,0.007413,0.003395,
nan,0.033378,0.030440,0.051539,0.027833,0.031688,0.050886,0.039613,0.029722,0.027250,0.031011,0.030832,0.029105,0.024564,0.024645,0.023072,0.017620,0.014005,0.007979,0.006355,0.009231,
nan,0.025230,0.024176,0.032918,0.038772,0.043960,0.032332,0.043387,0.032606,0.021370,0.030872,0.034974,0.030198,0.020304,0.027427,0.029936,0.012824,0.014740,0.003482,0.004737,0.006504,
nan,0.130676,0.128596,0.124821,0.112328,0.083652,0.106910,0.077311,0.079242,0.069466,0.062344,0.043116,0.029225,0.027855,0.033110,0.017730,0.009178,0.008245,0.008672,0.004466,0.000858,
0.138559,0.096412,0.110997,0.101414,0.087909,0.100482,0.089362,0.089641,0.076808,0.076722,0.069963,0.050703,0.049531,0.030111,0.019497,0.023883,0.014339,0.007934,0.004924,0.004925,0.001212,
0.105699,0.110517,0.107174,0.096491,0.088023,0.096653,0.086806,0.085029,0.075650,0.070091,0.059223,0.043363,0.040167,0.034718,0.027129,0.015076,0.011540,0.009567,0.006291,0.003514,0.002514,
0.065221,0.113653,0.099109,0.097375,0.100459,0.092046,0.086365,0.079102,0.072805,0.064747,0.055592,0.051003,0.044635,0.036219,0.023980,0.018445,0.013348,0.008080,0.006382,0.003400,0.003231,
0.117435,0.104690,0.092282,0.093764,0.093217,0.087189,0.076926,0.076598,0.064901,0.060889,0.054709,0.049061,0.040609,0.033365,0.028569,0.016793,0.013955,0.008374,0.006274,0.003850,0.003362,
0.067297,0.098979,0.091477,0.088965,0.085167,0.079169,0.066335,0.080110,0.065189,0.056939,0.050391,0.042270,0.034240,0.026041,0.025540,0.018156,0.012190,0.010015,0.006822,0.003171,0.001423,
0.066734,0.089955,0.083437,0.087867,0.081838,0.076718,0.068834,0.066544,0.059863,0.057254,0.053454,0.041252,0.035267,0.026021,0.022862,0.016631,0.013003,0.009598,0.005989,0.003981,nan,
0.066309,0.079741,0.078124,0.073646,0.071645,0.064294,0.061889,0.062196,0.060310,0.049517,0.042516,0.040273,0.033558,0.029146,0.020827,0.016628,0.012786,0.009583,0.006150,0.003123,0.003716,
0.055971,0.072651,0.071044,0.060703,0.066823,0.063848,0.059516,0.053060,0.049212,0.049220,0.042939,0.032600,0.029125,0.028634,0.020188,0.016689,0.013092,0.008836,0.006409,0.003676,0.002660,
0.066306,0.063640,0.064725,0.056916,0.058774,0.061388,0.054390,0.051882,0.044213,0.042211,0.036897,0.033171,0.028991,0.025449,0.021872,0.015790,0.012324,0.009640,0.006607,0.004134,0.002330,
0.052608,0.056253,0.058597,0.054087,0.056174,0.051685,0.048332,0.049057,0.042670,0.040776,0.034181,0.031202,0.026883,0.025103,0.019015,0.016604,0.013374,0.010730,0.007335,0.003766,0.002592,
nan,0.050578,0.051802,0.047139,0.052668,0.044840,0.042943,0.043516,0.038358,0.038894,0.031332,0.031662,0.026558,0.022383,0.019223,0.016270,0.012604,0.009292,0.007134,0.004762,0.002570,
0.041755,0.047648,0.044962,0.046562,0.046224,0.043625,0.038085,0.037567,0.036575,0.035498,0.030739,0.028959,0.025370,0.026124,0.021220,0.015922,0.013616,0.009866,0.007115,0.004665,0.002813,
0.039005,0.057436,0.044933,0.041083,0.042930,0.040073,0.036005,0.035273,0.034454,0.035749,0.027349,0.027431,0.027498,0.025325,0.019039,0.017204,0.015411,0.011059,0.008119,0.005722,0.004254,
nan,0.039057,0.034224,0.036304,0.039222,0.037241,0.034164,0.032817,0.031895,0.028261,0.030462,0.028197,0.025288,0.020781,0.020242,0.018892,0.013857,0.013273,0.008297,0.005294,0.002996,
nan,0.030767,0.044373,0.032114,0.039112,0.033340,0.032386,0.034103,0.027638,0.026485,0.027468,0.028187,0.026812,0.024196,0.023586,0.019167,0.016148,0.012672,0.009208,0.005207,0.003086,
nan,0.025744,0.043880,0.032646,0.042530,0.032817,0.031920,0.030454,0.028683,0.027323,0.027137,0.031196,0.025936,0.022759,0.024385,0.021144,0.017293,0.015059,0.009296,0.007733,0.002940,
nan,0.028318,0.031553,0.050459,0.036366,0.028381,0.028529,0.032546,0.024316,0.028740,0.024800,0.026459,0.026073,0.024570,0.024117,0.019803,0.013825,0.013775,0.008500,0.005431,0.003841,
nan,nan,nan,nan,nan,0.030476,0.027169,0.031662,0.033331,0.030501,0.029417,0.026039,0.030590,0.023418,0.019083,0.018628,0.016458,0.009514,nan,0.005174,0.005287,
nan,0.113982,0.087502,0.121237,0.096812,0.123579,0.107471,0.067756,0.055006,nan,0.010060,0.049505,0.050439,0.037778,0.019105,0.027661,0.005102,0.006850,0.003807,0.004706,nan,
0.137837,0.134942,0.103733,0.125795,0.104997,0.091533,0.084819,0.075881,0.076907,0.069574,0.055878,0.042054,0.045703,0.031266,0.023972,0.015941,0.009072,0.010794,0.005096,0.003052,nan,
0.100532,0.095614,0.098972,0.097368,0.102552,0.085437,0.081760,0.087696,0.073755,0.061065,0.058896,0.054040,0.038082,0.030788,0.023683,0.017901,0.011625,0.010783,0.005205,0.002798,nan,
0.087699,0.100043,0.101259,0.106584,0.089029,0.087051,0.082411,0.079196,0.076518,0.069060,0.060017,0.049528,0.042377,0.028825,0.021920,0.016897,0.010800,0.007176,0.005337,0.003432,nan,
0.088785,0.096354,0.098776,0.088934,0.091858,0.086139,0.087548,0.070238,0.070329,0.060351,0.057700,0.046163,0.040450,0.030683,0.024571,0.015568,0.011193,0.008341,0.005671,0.002925,0.002095,
0.089583,0.092491,0.088108,0.086666,0.085854,0.079070,0.077798,0.072736,0.061982,0.057362,0.052499,0.043072,0.035600,0.034437,0.022176,0.016460,0.011133,0.008125,0.005983,0.003807,0.002030,
0.067829,0.084034,0.084814,0.086434,0.079397,0.082398,0.068638,0.065073,0.063289,0.055349,0.045185,0.040547,0.036832,0.028159,0.022767,0.017922,0.012617,0.007744,0.005265,0.003379,0.001771,
0.073495,0.075923,0.075471,0.073768,0.075574,0.068482,0.061630,0.061439,0.054715,0.050066,0.044117,0.038504,0.030846,0.026668,0.022527,0.017856,0.010680,0.008024,0.006245,0.004410,0.002014,
0.067080,0.069841,0.066442,0.068647,0.069322,0.065540,0.062407,0.053516,0.048896,0.044931,0.043246,0.034203,0.029171,0.024105,0.020810,0.017328,0.011706,0.007690,0.006678,0.003765,0.002601,
0.087054,0.062482,0.059749,0.062869,0.067703,0.056586,0.052776,0.053900,0.045366,0.044641,0.037560,0.036325,0.029972,0.025892,0.021251,0.014536,0.011285,0.008680,0.006834,0.003960,0.002551,
nan,0.054961,0.052471,0.057840,0.057763,0.050809,0.047004,0.046368,0.041829,0.039804,0.036407,0.031466,0.024275,0.024221,0.018279,0.016902,0.012997,0.009403,0.008248,0.003747,0.003212,
0.054319,0.053821,0.048603,0.050758,0.052180,0.047296,0.045417,0.040139,0.039240,0.038117,0.032065,0.032538,0.026015,0.021538,0.019011,0.016165,0.012067,0.009054,0.007256,0.004823,0.002615,
0.040389,0.043193,0.046434,0.042072,0.044740,0.044339,0.042244,0.038915,0.036733,0.035196,0.029465,0.028092,0.026238,0.025974,0.020857,0.015354,0.012910,0.012683,0.006884,0.004013,0.002813,
nan,0.040681,0.039237,0.039842,0.037609,0.038617,0.037642,0.042548,0.034145,0.028315,0.028145,0.029195,0.024909,0.021926,0.019519,0.015994,0.014639,0.011301,0.007864,0.005217,0.002751,
0.038012,0.032642,0.045320,0.036741,0.033684,0.035500,0.034231,0.035465,0.029941,0.029590,0.025384,0.026943,0.025034,0.022198,0.019836,0.018469,0.013623,0.011784,0.007955,0.005308,0.002964,
nan,0.024565,0.035482,0.034980,0.033110,0.033038,0.031387,0.034398,0.028226,0.029261,0.027636,0.022903,0.025059,0.023206,0.022560,0.016893,0.014615,0.012172,0.009269,0.004974,0.002956,
nan,0.031732,0.040783,0.037554,0.033310,0.030031,0.033060,0.028903,0.028100,0.027338,0.027163,0.024099,0.030555,0.025387,0.023649,0.019471,0.015328,0.013137,0.009768,0.006712,0.004795,
nan,0.019234,0.043851,0.051898,0.026995,0.028908,0.026968,0.029761,0.025770,0.029614,0.026963,0.024186,0.024242,0.020963,0.028543,0.020837,0.015525,0.013402,0.008678,0.006582,0.003987,
nan,nan,nan,nan,nan,0.016973,0.033877,0.041758,0.024307,0.025266,0.026179,0.017728,0.027625,0.020707,0.037230,0.020949,0.018797,0.012838,0.001760,0.006863,0.002879,
nan,0.107069,0.099408,0.155665,0.088991,0.082802,0.088157,0.098028,0.055844,0.068153,0.064659,0.037515,0.044151,0.041884,0.027394,0.011073,0.008901,0.002504,0.003995,0.001920,nan,
0.134366,0.091067,0.110488,0.108530,0.099999,0.099376,0.069156,0.071135,0.067870,0.063290,0.053424,0.039749,0.039438,0.035875,0.023699,0.017468,0.010039,0.006827,0.005369,0.003879,nan,
0.150301,0.107027,0.113078,0.101819,0.105505,0.094730,0.083305,0.083983,0.070808,0.069449,0.055071,0.045636,0.035189,0.032844,0.024224,0.016242,0.013791,0.007853,0.004109,0.003484,0.001213,
0.168115,0.107686,0.092717,0.097867,0.095005,0.096756,0.088801,0.075137,0.065846,0.065584,0.054030,0.043015,0.039361,0.031294,0.021838,0.014303,0.010395,0.010965,0.006120,0.003250,0.002460,
0.098214,0.094313,0.098568,0.095472,0.091371,0.089319,0.078836,0.084454,0.072785,0.065044,0.055994,0.047534,0.033271,0.025972,0.020677,0.016490,0.013328,0.010598,0.007424,0.004477,0.002710,
0.043814,0.084576,0.094000,0.097869,0.085819,0.080564,0.069259,0.070456,0.068264,0.061833,0.049149,0.043063,0.034592,0.024448,0.021244,0.017157,0.012182,0.010043,0.006453,0.003538,0.001763,
0.130373,0.076628,0.087631,0.076248,0.090057,0.074689,0.066504,0.067460,0.060240,0.056390,0.055081,0.041366,0.034393,0.027209,0.022266,0.015584,0.011965,0.009469,0.005750,0.003985,0.001462,
0.080925,0.075956,0.077702,0.073954,0.074392,0.072321,0.065330,0.055665,0.056370,0.052259,0.046751,0.039006,0.032165,0.028513,0.020206,0.018747,0.012377,0.008681,0.004800,0.002938,0.002427,
0.056754,0.067790,0.067528,0.071776,0.068679,0.064501,0.056279,0.055585,0.047554,0.045605,0.041884,0.034813,0.031409,0.025402,0.021803,0.015597,0.011875,0.007859,0.005916,0.003376,0.002354,
0.044833,0.070592,0.060137,0.063088,0.058551,0.057834,0.054158,0.049400,0.048840,0.041426,0.037469,0.034144,0.028935,0.025398,0.018272,0.015110,0.011363,0.008414,0.006070,0.003754,0.002792,
0.066261,0.054224,0.054917,0.053537,0.052241,0.050951,0.052708,0.044329,0.041492,0.041606,0.033058,0.035136,0.025140,0.022973,0.018417,0.014632,0.012625,0.008627,0.006326,0.003891,0.001964,
nan,0.050236,0.049412,0.050364,0.045080,0.045734,0.045237,0.045137,0.039565,0.037147,0.035783,0.028524,0.026571,0.027293,0.019039,0.016248,0.011561,0.008756,0.006284,0.004344,0.002846,
nan,0.052268,0.045027,0.044527,0.042572,0.041259,0.038353,0.039424,0.036445,0.031178,0.028393,0.029293,0.025238,0.023277,0.019724,0.014435,0.013717,0.011713,0.006911,0.004516,0.002983,
0.038391,0.041705,0.043632,0.037266,0.037971,0.039878,0.034053,0.034740,0.031386,0.032799,0.027528,0.029782,0.025273,0.019853,0.017488,0.015610,0.013017,0.010180,0.008546,0.005143,0.002370,
nan,0.041613,0.033547,0.037294,0.035735,0.033382,0.031158,0.036428,0.028827,0.032132,0.027392,0.024037,0.022713,0.023223,0.021044,0.019235,0.012201,0.011148,0.007730,0.005033,0.002638,
0.040921,0.035513,0.033909,0.030515,0.033330,0.035550,0.033762,0.036413,0.028583,0.031604,0.026496,0.023659,0.026394,0.024099,0.020056,0.016460,0.015412,0.011563,0.009372,0.006550,0.002591,
nan,0.035289,0.030392,0.027881,0.030392,0.030914,0.025016,0.036289,0.028261,0.026286,0.023272,0.028989,0.021774,0.023071,0.018571,0.021909,0.014713,0.011241,0.009783,0.006814,0.004112,
nan,0.044356,0.033671,0.031861,0.029329,0.029088,0.034451,0.038034,0.026204,0.027502,0.023714,0.022132,0.019661,0.027604,0.019969,0.020237,0.016007,0.014049,0.009651,0.005880,0.007210,
nan,nan,nan,0.025361,0.044424,0.024704,0.078143,0.026705,0.021765,0.072711,0.020331,0.024542,0.021756,0.022281,0.017210,0.020021,0.021994,0.011976,0.016114,0.003464,0.011628,
nan,0.100362,0.160737,0.098330,0.087544,0.083961,0.124184,0.119317,0.071100,0.040105,0.074718,0.035555,0.080602,0.029534,0.030181,0.007978,0.012918,0.006899,0.002676,0.003570,nan,
0.127051,0.110021,0.099622,0.094736,0.097798,0.086637,0.092433,0.079561,0.070913,0.073721,0.053646,0.052123,0.043946,0.026508,0.022326,0.018817,0.010915,0.006644,0.004938,0.003656,nan,
0.080288,0.115544,0.107365,0.100610,0.098087,0.089560,0.086697,0.075953,0.077468,0.066153,0.043846,0.050643,0.040062,0.028536,0.021512,0.014589,0.013215,0.007869,0.005648,0.004047,0.002140,
0.082891,0.091084,0.099514,0.089434,0.102736,0.084624,0.082493,0.078254,0.069646,0.063332,0.050669,0.051784,0.043775,0.032061,0.024697,0.022892,0.014670,0.008692,0.007455,0.004153,0.002251,
0.114904,0.097071,0.098884,0.099966,0.092627,0.090890,0.080844,0.074825,0.064964,0.059813,0.053687,0.049743,0.038546,0.032881,0.028765,0.015831,0.013354,0.007664,0.005499,0.003844,0.002071,
0.111925,0.096166,0.087637,0.082820,0.085526,0.079575,0.075298,0.074090,0.062293,0.059039,0.049219,0.044089,0.036978,0.033602,0.023019,0.017059,0.011541,0.008573,0.005906,0.002372,0.002283,
0.072102,0.088086,0.075832,0.082937,0.083999,0.072732,0.070323,0.064622,0.069084,0.052862,0.045277,0.041547,0.036861,0.029226,0.022424,0.018885,0.013616,0.007254,0.005549,0.003405,0.001564,
0.061254,0.073437,0.072582,0.075987,0.072502,0.074537,0.062285,0.056771,0.051241,0.054944,0.044864,0.036940,0.031711,0.029473,0.021635,0.015297,0.011023,0.008039,0.006722,0.004031,0.001967,
0.052003,0.070119,0.068878,0.067259,0.064036,0.061125,0.059663,0.055477,0.051418,0.045513,0.042581,0.035844,0.030197,0.025119,0.020997,0.017333,0.012381,0.008258,0.005663,0.003277,0.002119,
0.039832,0.054234,0.062459,0.062543,0.053876,0.054495,0.056416,0.048862,0.045655,0.045329,0.035876,0.036211,0.027379,0.025402,0.019685,0.016030,0.011997,0.008844,0.006086,0.003618,0.003385,
0.029357,0.058326,0.053286,0.055761,0.052892,0.049046,0.047579,0.047816,0.042066,0.040708,0.035782,0.031633,0.026063,0.023569,0.018707,0.014887,0.012349,0.008933,0.006341,0.003559,0.002332,
0.040525,0.053617,0.046984,0.052530,0.049373,0.048970,0.041571,0.039662,0.040820,0.035263,0.030559,0.029052,0.026029,0.022796,0.020067,0.015730,0.012278,0.008940,0.006356,0.004340,0.003020,
0.051237,0.041269,0.045415,0.049770,0.045706,0.045345,0.043459,0.041394,0.034443,0.034725,0.029768,0.029675,0.025967,0.022132,0.018402,0.014591,0.013239,0.010356,0.008409,0.004683,0.002724,
0.038060,0.041102,0.039637,0.045542,0.040977,0.039939,0.040718,0.040514,0.032631,0.034171,0.028806,0.027288,0.024059,0.021009,0.018401,0.014970,0.012381,0.009038,0.008129,0.004886,0.002967,
nan,0.043777,0.038863,0.038728,0.037619,0.035313,0.036936,0.033653,0.031265,0.029095,0.026346,0.026593,0.025273,0.022898,0.020403,0.018220,0.013505,0.010746,0.009769,0.004925,0.003442,
0.058805,0.039050,0.035119,0.028930,0.031929,0.033796,0.030145,0.030696,0.028692,0.025867,0.024874,0.028096,0.023234,0.021880,0.019220,0.018481,0.016448,0.010654,0.008731,0.007144,0.002508,
nan,0.030088,0.029696,0.031907,0.032869,0.027956,0.032566,0.028036,0.035191,0.036694,0.026207,0.024846,0.020798,0.022418,0.017700,0.017585,0.014696,0.011547,0.010044,0.006362,0.003717,
nan,0.026457,0.023034,0.026292,0.038391,0.027171,0.028751,0.040647,0.024962,0.028289,0.025099,0.022645,0.021633,0.023657,0.023236,0.015389,0.019230,0.013314,0.010224,0.007266,0.006798,
nan,nan,0.037364,0.025483,0.056114,nan,0.021562,0.028282,0.021222,0.028052,0.020764,0.030414,0.025319,0.022341,0.032802,0.013090,0.017743,0.014364,0.008294,0.004257,0.002892,
nan,0.105635,0.099175,0.080161,0.134891,0.088500,0.100816,0.100149,0.083895,0.059188,0.060222,0.061600,0.049838,0.032622,0.063156,0.017369,0.008383,0.010496,0.007801,0.003620,nan,
0.085762,0.130595,0.104692,0.091241,0.105654,0.078167,0.092131,0.085374,0.079886,0.076805,0.057722,0.049130,0.035024,0.034165,0.020543,0.017536,0.009261,0.005934,0.005740,0.002247,0.006365,
0.096927,0.098196,0.100861,0.106823,0.090833,0.090904,0.086105,0.074456,0.076238,0.065986,0.062941,0.044126,0.043267,0.034716,0.028228,0.019249,0.014561,0.012167,0.006941,0.003971,0.001120,
0.075212,0.107412,0.105804,0.111885,0.091320,0.091308,0.087889,0.084694,0.077106,0.060543,0.056845,0.049897,0.043594,0.035309,0.022455,0.020360,0.011371,0.007853,0.005708,0.002900,0.002120,
0.082556,0.108542,0.089351,0.093843,0.099165,0.083451,0.080176,0.071546,0.071439,0.066596,0.057515,0.045503,0.038048,0.030218,0.023715,0.016324,0.011891,0.007517,0.005102,0.003272,0.001677,
0.066694,0.089424,0.088842,0.085750,0.087042,0.083364,0.076475,0.069852,0.062639,0.057076,0.055468,0.043889,0.034540,0.030622,0.020298,0.015453,0.011175,0.009467,0.006085,0.004349,0.002603,
0.076873,0.080975,0.081838,0.084300,0.079131,0.078312,0.064305,0.068481,0.059415,0.055008,0.050184,0.041026,0.034853,0.026865,0.020889,0.014936,0.012054,0.010243,0.005946,0.003873,0.001517,
0.080145,0.079155,0.078612,0.077279,0.068685,0.065884,0.066077,0.060862,0.054330,0.049521,0.047893,0.038446,0.030594,0.027495,0.023452,0.018313,0.012381,0.007676,0.004565,0.003240,0.002032,
0.059339,0.071420,0.076517,0.076655,0.068846,0.062858,0.060230,0.057199,0.048314,0.047428,0.039880,0.038209,0.031220,0.026186,0.021668,0.015566,0.011628,0.007715,0.006047,0.003896,0.001996,
0.055985,0.064611,0.066474,0.067027,0.062336,0.061516,0.052213,0.051076,0.047005,0.042825,0.037071,0.033407,0.027307,0.024408,0.020144,0.015182,0.010575,0.008344,0.006073,0.003214,0.004280,
0.053509,0.064312,0.058798,0.056559,0.058990,0.055788,0.051297,0.045941,0.043492,0.039734,0.039470,0.032380,0.029144,0.024312,0.018813,0.014927,0.011577,0.009876,0.007067,0.003243,0.002471,
0.037846,0.048438,0.052018,0.053445,0.052675,0.049561,0.047767,0.045629,0.039215,0.037005,0.030719,0.029108,0.026929,0.022474,0.019031,0.014896,0.012047,0.009345,0.006399,0.003914,0.002859,
0.050155,0.050655,0.047449,0.048047,0.048114,0.043403,0.041617,0.039229,0.037377,0.035384,0.031081,0.028889,0.025838,0.021487,0.017457,0.014674,0.013053,0.010431,0.007349,0.004798,0.003263,
0.147544,0.039321,0.038028,0.043434,0.041918,0.042383,0.037236,0.032559,0.035763,0.031527,0.028036,0.027529,0.023117,0.021896,0.019130,0.014794,0.013182,0.009113,0.008173,0.005712,0.003064,
0.023326,0.034684,0.039704,0.042206,0.037600,0.041241,0.033460,0.032464,0.032798,0.029823,0.029347,0.029000,0.023292,0.023004,0.019725,0.017017,0.013062,0.010512,0.009259,0.005293,0.003388,
0.042709,0.028567,0.032885,0.033178,0.029418,0.028081,0.030614,0.027182,0.029404,0.026665,0.025567,0.023802,0.022762,0.021498,0.020164,0.018043,0.016615,0.010631,0.009727,0.008067,0.003347,
0.025529,0.025943,0.047053,0.033905,0.034422,0.027721,0.034208,0.027504,0.029415,0.028092,0.029686,0.024569,0.025885,0.021096,0.024741,0.017061,0.014243,0.011956,0.009663,0.006441,0.004290,
nan,0.028426,0.025742,0.041371,0.032221,0.032573,0.029570,0.030947,0.037179,0.023426,0.022414,0.026786,0.025671,0.023804,0.021148,0.018649,0.015862,0.013386,0.012237,0.007452,0.005855,
nan,nan,0.027055,nan,0.024487,0.023277,0.027270,0.034847,0.037554,0.024625,0.036391,0.041377,0.033349,0.020020,0.023924,0.015700,0.015204,0.010144,0.012872,0.009827,0.010479,
nan,0.080845,0.115161,0.081178,0.137751,0.097790,0.090071,0.094122,0.066561,0.039132,0.077009,0.039859,0.043721,0.021993,0.025433,0.012969,0.017764,0.007191,0.004530,0.005140,nan,
0.116810,0.107526,0.113241,0.105313,0.101134,0.103302,0.081560,0.082214,0.081803,0.063268,0.051462,0.048134,0.035436,0.026675,0.019929,0.014634,0.010245,0.009356,0.006066,0.002640,0.002537,
0.120510,0.102252,0.100273,0.103903,0.094841,0.095924,0.083530,0.095912,0.076204,0.070964,0.055295,0.048827,0.041411,0.033200,0.029519,0.019330,0.012351,0.009977,0.006578,0.003783,0.002193,
0.093914,0.100534,0.097380,0.106141,0.095350,0.094174,0.085426,0.077223,0.073943,0.070537,0.057137,0.046618,0.039486,0.028415,0.021074,0.014875,0.009790,0.007874,0.004986,0.002983,0.002061,
0.103625,0.091893,0.095818,0.090516,0.088361,0.086691,0.071325,0.086286,0.072043,0.061285,0.055713,0.044511,0.034487,0.026763,0.022458,0.015854,0.011900,0.009995,0.006301,0.004885,0.001878,
0.100113,0.093813,0.092516,0.096676,0.089171,0.081083,0.071693,0.070793,0.068665,0.058329,0.047008,0.039522,0.035667,0.031779,0.024974,0.018148,0.012073,0.008776,0.006041,0.002853,0.001375,
0.058239,0.091490,0.098604,0.088960,0.072497,0.073440,0.072294,0.063738,0.066073,0.056329,0.046532,0.040034,0.036017,0.029772,0.022553,0.018554,0.013202,0.008234,0.005641,0.003150,0.001649,
0.057717,0.068828,0.084641,0.082418,0.075501,0.069267,0.065212,0.063741,0.052236,0.049682,0.046267,0.035918,0.033178,0.028657,0.019759,0.014887,0.011400,0.008056,0.005544,0.003701,0.001605,
0.082551,0.060180,0.080783,0.070158,0.065866,0.067962,0.065863,0.053502,0.052256,0.046389,0.042381,0.035031,0.032190,0.026203,0.019722,0.017973,0.011223,0.008192,0.006063,0.003155,0.002296,
0.053409,0.064136,0.072881,0.062463,0.063642,0.059719,0.056091,0.055265,0.048358,0.044713,0.039159,0.034692,0.027658,0.024754,0.018245,0.016147,0.012102,0.007602,0.005483,0.003655,0.002460,
0.046157,0.056133,0.063737,0.059046,0.054691,0.051893,0.049479,0.048440,0.042738,0.039074,0.034362,0.032647,0.024836,0.024288,0.016985,0.015919,0.012055,0.008742,0.007495,0.003243,0.002896,
0.076409,0.050267,0.059351,0.051634,0.048242,0.044600,0.046219,0.042518,0.038153,0.038204,0.031792,0.031512,0.025920,0.023114,0.018690,0.014517,0.011421,0.009220,0.006623,0.004181,0.002306,
0.041011,0.048666,0.047185,0.047112,0.044601,0.042927,0.040591,0.037379,0.037689,0.035816,0.030233,0.027611,0.026449,0.021150,0.018466,0.014846,0.012400,0.009868,0.006610,0.004445,0.003372,
0.044588,0.041954,0.039676,0.040700,0.041180,0.037117,0.036568,0.033983,0.035487,0.030821,0.027484,0.029478,0.022052,0.022511,0.020054,0.014715,0.012612,0.010170,0.007411,0.005265,0.003532,
0.035482,0.049303,0.033239,0.034749,0.039299,0.033160,0.034245,0.032410,0.034325,0.027089,0.024570,0.024029,0.022915,0.021170,0.018662,0.016124,0.011670,0.011343,0.008404,0.005280,0.003140,
nan,0.028331,0.035798,0.041768,0.039967,0.031874,0.027392,0.030904,0.026506,0.033810,0.028087,0.026025,0.025584,0.021018,0.020186,0.015586,0.014938,0.012115,0.009253,0.007562,0.004963,
0.025013,0.029780,0.031719,0.027865,0.035625,0.037731,0.030748,0.025779,0.031669,0.032154,0.025457,0.026069,0.025477,0.021375,0.018204,0.020754,0.016082,0.012239,0.009336,0.007368,0.005086,
nan,0.032515,0.024929,0.027498,0.022138,0.030038,0.023717,0.024373,0.025436,0.021618,0.021462,0.024495,0.026081,0.024168,0.021141,0.018020,0.016008,0.013151,0.011518,0.008452,0.006549,
nan,0.016449,0.017824,nan,0.027706,0.025446,0.030239,0.025349,0.029801,0.031848,0.026447,0.027076,0.020264,0.019240,0.020316,0.019131,0.016161,0.010312,0.014610,0.006585,0.007918,
nan,0.153536,0.101202,0.105860,0.114336,0.099286,0.110731,0.056469,0.085225,0.060111,0.053453,0.056499,0.026604,0.057497,0.016569,0.016338,0.006230,0.003124,0.002450,0.005855,nan,
0.109183,0.105746,0.112711,0.090778,0.090636,0.078410,0.089517,0.085822,0.059896,0.069407,0.049736,0.051408,0.046206,0.036924,0.025938,0.017420,0.010570,0.006868,0.006844,0.002752,0.002014,
0.104651,0.112199,0.103019,0.095525,0.090160,0.088305,0.092410,0.077556,0.081322,0.071732,0.062523,0.046269,0.040285,0.032096,0.026639,0.019113,0.012673,0.008284,0.005236,0.003095,0.002070,
0.099455,0.119551,0.097274,0.101856,0.090186,0.099834,0.091194,0.076094,0.063309,0.065488,0.053480,0.048995,0.042252,0.034055,0.023992,0.018399,0.013230,0.009352,0.005922,0.003160,0.002738,
0.083006,0.113475,0.089869,0.084437,0.093419,0.087873,0.082470,0.076940,0.067918,0.061802,0.052454,0.052209,0.041187,0.033650,0.027808,0.015921,0.014121,0.008047,0.005992,0.003466,0.002361,
0.081429,0.092607,0.099378,0.097944,0.079796,0.080226,0.078653,0.070582,0.061234,0.058610,0.055633,0.046929,0.035048,0.033874,0.020295,0.014499,0.010708,0.007333,0.004627,0.004125,0.002019,
0.077288,0.079414,0.093635,0.085791,0.079838,0.080594,0.067241,0.063684,0.059282,0.053509,0.048930,0.043491,0.035442,0.026687,0.020960,0.015168,0.012251,0.010528,0.006350,0.003530,0.002322,
0.057565,0.077498,0.084775,0.075977,0.073292,0.070622,0.071486,0.059047,0.053955,0.051645,0.047389,0.038014,0.029968,0.029034,0.023068,0.016189,0.011900,0.007459,0.004737,0.003363,0.002046,
0.055759,0.074011,0.072176,0.069588,0.068117,0.062761,0.059403,0.058714,0.052327,0.047314,0.041936,0.036172,0.031744,0.024633,0.020662,0.016557,0.010962,0.008469,0.006557,0.003586,0.002158,
0.045573,0.063823,0.063449,0.060499,0.057403,0.057444,0.051812,0.050379,0.047031,0.046152,0.036930,0.035852,0.026050,0.026038,0.020107,0.014034,0.013085,0.009775,0.005537,0.003409,0.002513,
0.045721,0.058335,0.061230,0.051699,0.053093,0.057507,0.052707,0.051500,0.043062,0.039810,0.034711,0.034336,0.027105,0.024539,0.018537,0.015546,0.012628,0.008352,0.006702,0.003784,0.003514,
0.032653,0.053232,0.054940,0.048875,0.049807,0.050705,0.044649,0.041516,0.040233,0.039207,0.033579,0.030888,0.026293,0.022495,0.019743,0.016180,0.012318,0.009700,0.007003,0.003519,0.002555,
0.039917,0.043831,0.053378,0.049732,0.044679,0.043618,0.040180,0.038874,0.038919,0.032708,0.030327,0.029399,0.024828,0.020083,0.018772,0.015645,0.011971,0.009551,0.006685,0.004800,0.004050,
0.031366,0.036277,0.044612,0.043513,0.040859,0.040119,0.035889,0.038747,0.033802,0.033177,0.029912,0.026629,0.025085,0.021634,0.019873,0.014455,0.012645,0.011153,0.007956,0.004785,0.003462,
0.040830,0.045936,0.033094,0.040983,0.036751,0.035712,0.032593,0.035862,0.031189,0.032910,0.029146,0.026094,0.024091,0.021302,0.018528,0.017387,0.012256,0.011756,0.008972,0.006055,0.004433,
0.027234,0.034514,0.031757,0.034013,0.042048,0.032009,0.033524,0.033511,0.028519,0.030122,0.027047,0.022598,0.024722,0.023067,0.017871,0.018974,0.015729,0.012330,0.008631,0.006084,0.005213,
0.024009,0.029461,0.035735,0.029208,0.035360,0.039724,0.029599,0.028452,0.029387,0.033629,0.025015,0.023252,0.022371,0.024976,0.020029,0.016892,0.015822,0.013087,0.009834,0.008910,0.005433,
nan,nan,0.027354,0.023569,0.029292,0.026554,0.028528,0.025542,0.026204,0.026012,0.034174,0.027958,0.030703,0.019173,0.024837,0.021529,0.018028,0.012735,0.010410,0.009609,0.006559,
nan,0.038024,nan,0.030622,0.031491,0.020993,nan,0.046559,0.026836,0.034147,0.039278,0.016957,0.023285,0.023636,0.026940,0.018559,0.016191,0.032033,0.010125,0.010044,0.012977,
nan,0.107766,0.108051,0.148766,0.088287,0.103841,0.080653,0.074074,0.081980,0.077340,0.062294,0.056495,0.059212,0.029327,0.027446,0.012036,0.015266,0.008562,0.008223,0.001835,nan,
0.099286,0.102543,0.107822,0.101981,0.108999,0.099240,0.089985,0.095354,0.089659,0.072061,0.053554,0.056680,0.044726,0.040766,0.026859,0.020650,0.013277,0.007509,0.005472,0.003620,0.002114,
0.089815,0.124230,0.106938,0.097314,0.099141,0.100893,0.079588,0.084063,0.079417,0.069836,0.057730,0.045451,0.035601,0.031391,0.023389,0.014752,0.014006,0.009558,0.004885,0.003908,0.000502,
0.123645,0.099477,0.106878,0.089031,0.094835,0.088490,0.083435,0.077956,0.073010,0.066353,0.048828,0.050605,0.043910,0.029833,0.023097,0.020469,0.013680,0.008365,0.006136,0.004292,0.002110,
0.102958,0.090749,0.102282,0.101790,0.099994,0.082800,0.078030,0.070300,0.071114,0.063833,0.056342,0.046811,0.037526,0.029398,0.023021,0.018307,0.010961,0.008595,0.005947,0.003215,0.002063,
0.093931,0.094525,0.104860,0.091983,0.087454,0.086168,0.073783,0.073213,0.073309,0.060087,0.048660,0.041367,0.032941,0.025935,0.022040,0.017988,0.012858,0.009213,0.006518,0.004246,0.002144,
0.097133,0.086444,0.084706,0.083473,0.078024,0.074205,0.076241,0.067076,0.062635,0.056355,0.047185,0.037482,0.036498,0.032451,0.023842,0.016091,0.011903,0.008090,0.005645,0.003281,0.002052,
0.052291,0.080851,0.078860,0.074047,0.074789,0.069049,0.066148,0.062907,0.054306,0.050136,0.045984,0.039792,0.033731,0.028642,0.020372,0.017454,0.012033,0.009730,0.005841,0.003411,0.001461,
0.071134,0.066771,0.068020,0.065019,0.067025,0.067509,0.059857,0.054478,0.050253,0.050574,0.041705,0.040540,0.032220,0.025741,0.019299,0.016282,0.010906,0.007520,0.005085,0.003797,0.002170,
0.064364,0.061576,0.063638,0.060499,0.061634,0.061776,0.057065,0.054117,0.050770,0.040896,0.037731,0.034573,0.027742,0.024110,0.020187,0.015566,0.010304,0.008718,0.005723,0.003464,0.002387,
0.053898,0.054268,0.055820,0.057544,0.053694,0.051829,0.047077,0.044976,0.042963,0.041477,0.037064,0.030304,0.027162,0.023279,0.019119,0.014694,0.013768,0.008975,0.005699,0.003806,0.003412,
0.042300,0.055274,0.052192,0.050800,0.047853,0.045268,0.046112,0.043651,0.041434,0.037625,0.032391,0.030579,0.026285,0.022440,0.019763,0.014108,0.012849,0.008886,0.006164,0.003824,0.002819,
0.048041,0.048902,0.050262,0.045725,0.043301,0.041243,0.041127,0.042921,0.038245,0.035096,0.031835,0.029219,0.024960,0.020595,0.019062,0.014644,0.011475,0.009749,0.006852,0.004480,0.003183,
0.033990,0.043756,0.049179,0.043414,0.038424,0.039328,0.036431,0.037370,0.031418,0.033554,0.031360,0.025674,0.024668,0.021710,0.018965,0.014978,0.013561,0.010603,0.008510,0.005049,0.005725,
0.036669,0.039163,0.037795,0.039463,0.033286,0.034544,0.033605,0.032706,0.031981,0.030659,0.027675,0.025118,0.023623,0.021325,0.018982,0.017660,0.012657,0.011691,0.008706,0.006684,0.003777,
0.076286,0.030704,0.033376,0.032853,0.033017,0.029568,0.031085,0.027673,0.031551,0.028808,0.027302,0.026850,0.022892,0.025754,0.017309,0.017140,0.015263,0.012206,0.008484,0.007071,0.004837,
0.016692,0.037160,0.026741,0.028361,0.041291,0.030843,0.032856,0.032256,0.026819,0.029593,0.027200,0.024935,0.026875,0.022160,0.024188,0.018356,0.018029,0.013138,0.011144,0.008628,0.005969,
nan,nan,0.020820,0.028764,0.023527,0.030715,0.025077,0.026730,0.034597,0.026912,0.027203,0.029597,0.019965,0.020760,0.020830,0.021561,0.018414,0.015728,0.010180,0.008763,0.006896,
nan,nan,nan,0.029476,nan,0.025072,0.017393,0.027472,0.032220,0.037493,0.035962,0.020243,0.020231,0.019491,0.014947,0.014957,0.018291,0.023647,0.010980,0.007382,0.007119,
nan,0.123068,0.064755,0.082881,0.079292,0.096796,0.070071,0.077851,0.085130,0.071391,0.049037,0.064624,0.031480,0.040450,0.033541,0.046419,0.007459,0.003215,0.006273,0.002723,nan,
0.113210,0.111249,0.102875,0.102023,0.105435,0.093353,0.084838,0.104482,0.076684,0.086189,0.050251,0.047005,0.047698,0.032081,0.023096,0.020634,0.013483,0.007888,0.004538,0.004152,0.001224,
0.115377,0.106503,0.101737,0.105032,0.111790,0.092246,0.084180,0.088572,0.071505,0.072944,0.054895,0.055434,0.042488,0.025521,0.020873,0.015614,0.012288,0.007987,0.005489,0.002359,0.002291,
0.120156,0.102904,0.103895,0.084730,0.091242,0.087985,0.083713,0.087674,0.074213,0.064086,0.061857,0.047386,0.044993,0.029579,0.024841,0.019034,0.011246,0.009479,0.005492,0.003595,0.001439,
0.109483,0.088905,0.117795,0.094308,0.090584,0.086320,0.084752,0.084544,0.070976,0.061530,0.053782,0.046368,0.037586,0.028815,0.020751,0.016406,0.010447,0.008169,0.005465,0.003562,0.002261,
0.092846,0.081701,0.089260,0.088753,0.084883,0.083621,0.070783,0.071893,0.064765,0.057452,0.055958,0.048865,0.036314,0.030734,0.025501,0.015195,0.012395,0.007915,0.005146,0.002983,0.002138,
0.080685,0.076497,0.088250,0.075412,0.079696,0.077395,0.070301,0.064910,0.057384,0.054019,0.050823,0.044868,0.035704,0.030118,0.020678,0.015620,0.011412,0.009291,0.006385,0.003917,0.002184,
0.086809,0.064778,0.078721,0.078359,0.078597,0.072024,0.073633,0.060687,0.056139,0.049150,0.045920,0.037604,0.028629,0.027831,0.021732,0.016540,0.012761,0.007606,0.005493,0.003493,0.002173,
0.076568,0.066186,0.071738,0.076057,0.064212,0.066224,0.061484,0.058510,0.051140,0.047016,0.043790,0.035009,0.033431,0.025671,0.020843,0.015272,0.012190,0.008368,0.005879,0.003502,0.002149,
0.076966,0.055730,0.065939,0.069501,0.058330,0.055633,0.050839,0.048708,0.046692,0.043759,0.037310,0.034941,0.030500,0.025780,0.020271,0.016752,0.011230,0.008235,0.005965,0.003809,0.002333,
0.064005,0.056660,0.056742,0.061007,0.054025,0.053425,0.048880,0.047828,0.044066,0.043439,0.034464,0.030749,0.027508,0.023675,0.020544,0.015887,0.011002,0.009616,0.005981,0.003293,0.003824,
0.057754,0.048285,0.050550,0.056509,0.046291,0.052361,0.044402,0.043443,0.040347,0.035865,0.032765,0.031213,0.028500,0.022166,0.019482,0.015395,0.012877,0.009501,0.007320,0.004014,0.002375,
0.044624,0.041608,0.044020,0.048814,0.041162,0.044243,0.039097,0.037773,0.035921,0.038083,0.034626,0.029095,0.023530,0.021570,0.019834,0.014805,0.012479,0.009422,0.007269,0.004286,0.003040,
0.047865,0.038405,0.046585,0.040386,0.039472,0.039511,0.034201,0.036204,0.034392,0.033123,0.030059,0.027122,0.024518,0.020705,0.018926,0.014784,0.013504,0.011810,0.010148,0.005518,0.004053,
0.046502,0.038083,0.047286,0.034900,0.035946,0.034527,0.035285,0.034331,0.032192,0.031937,0.029606,0.027144,0.025342,0.023983,0.018339,0.016905,0.013495,0.011998,0.007743,0.005774,0.004598,
0.024136,0.029580,0.027720,0.041769,0.035562,0.032662,0.032899,0.028760,0.027950,0.030213,0.027419,0.024115,0.025338,0.020945,0.021798,0.016273,0.015046,0.012606,0.009016,0.007451,0.005176,
0.018237,0.039286,0.033144,0.030378,0.029224,0.028217,0.026003,0.025718,0.030767,0.024456,0.028337,0.023324,0.021526,0.020382,0.022833,0.019040,0.018088,0.013133,0.011823,0.009054,0.006091,
nan,0.028038,0.023364,0.032896,0.044780,0.036700,0.034878,0.025157,0.028637,0.022975,0.023128,0.022225,0.022138,0.018321,0.021359,0.021765,0.018196,0.016635,0.012690,0.010786,0.008865,
nan,nan,0.017799,0.053247,0.031188,nan,0.019655,0.033674,0.023434,0.020116,0.021703,0.022995,0.023086,0.016743,0.027676,0.017205,0.024747,0.018619,0.007540,0.011795,0.011461,
nan,0.108489,0.112997,0.118521,0.105318,0.084027,0.081739,0.083412,0.091819,0.047648,0.075230,0.054100,0.053362,0.029484,0.020156,0.006824,0.006941,0.008664,0.004879,0.002417,nan,
0.126743,0.110498,0.101259,0.093330,0.098232,0.094278,0.094470,0.074805,0.076025,0.067704,0.056506,0.048260,0.048292,0.028882,0.029747,0.021455,0.012866,0.009203,0.005752,0.003751,0.000808,
0.112563,0.109218,nan,0.108314,0.093103,0.086678,0.085468,0.081117,0.075724,0.060673,0.053845,0.043187,0.038917,0.033512,0.023437,0.015206,0.013478,0.008732,0.005767,0.003436,0.001264,
0.127006,0.096914,0.102803,0.102322,0.095934,0.090036,0.089014,0.075149,0.072735,0.069451,0.055304,0.048920,0.039700,0.030224,0.025369,0.015795,0.012340,0.010538,0.005493,0.002674,0.001131,
0.152404,0.101539,0.094443,0.094935,0.094850,0.111854,0.081478,0.075019,0.066618,0.061046,0.053851,0.045819,0.039186,0.034231,0.025643,0.018814,0.013685,0.008726,0.006698,0.003435,0.002338,
0.123663,0.090377,0.088195,0.082777,0.080353,0.077816,0.077428,0.072356,0.064342,0.062773,0.050854,0.043240,0.035378,0.028929,0.022701,0.016535,0.012875,0.008442,0.005888,0.004493,0.001827,
0.162756,0.084154,0.078914,0.086057,0.082014,0.078653,0.077859,0.068298,0.064563,0.056363,0.047214,0.037712,0.032418,0.032826,0.022057,0.016132,0.011860,0.008146,0.005015,0.003072,0.001502,
0.122942,0.073831,0.073755,0.076927,0.069817,0.070686,0.063327,0.062936,0.055179,0.050550,0.046653,0.039211,0.034833,0.028132,0.020340,0.015798,0.012597,0.010573,0.005927,0.004011,0.002009,
0.082890,0.068415,0.066577,0.069717,0.063756,0.063671,0.064705,0.061407,0.052922,0.049373,0.040546,0.037182,0.030848,0.027180,0.022152,0.016242,0.012000,0.007913,0.005570,0.003463,0.002152,
0.057181,0.066884,0.056174,0.064155,0.057871,0.062259,0.053801,0.051627,0.047222,0.045867,0.038633,0.035401,0.025657,0.025296,0.020671,0.015952,0.011986,0.009747,0.006015,0.004105,0.002207,
0.065074,0.056470,0.051059,0.055998,0.054959,0.053090,0.047448,0.047545,0.046350,0.040473,0.036253,0.031421,0.026587,0.023254,0.020065,0.016353,0.012310,0.008189,0.006685,0.004089,0.002591,
0.037825,0.048518,0.046216,0.049459,0.052022,0.045163,0.042392,0.044394,0.039344,0.038406,0.035225,0.031082,0.025351,0.021911,0.020844,0.016361,0.012905,0.010041,0.006645,0.004049,0.002737,
0.049567,0.050485,0.046885,0.045737,0.043978,0.043850,0.042974,0.037851,0.038115,0.033161,0.032877,0.028204,0.025374,0.021561,0.019917,0.015903,0.012663,0.010162,0.007449,0.005314,0.002690,
0.041340,0.041882,0.039749,0.042698,0.044147,0.038106,0.039327,0.034537,0.036103,0.034047,0.031175,0.027516,0.025438,0.022125,0.018853,0.014032,0.013101,0.011546,0.008182,0.005181,0.003790,
0.030887,0.037379,0.037531,0.036471,0.035355,0.032466,0.032910,0.031567,0.030150,0.029065,0.028060,0.027741,0.023093,0.023502,0.019060,0.016213,0.014294,0.012559,0.009369,0.007340,0.004438,
0.021994,0.034847,0.037636,0.035844,0.031847,0.028267,0.030916,0.033847,0.026438,0.027286,0.030102,0.024140,0.023090,0.021187,0.020511,0.016915,0.015805,0.013308,0.009812,0.007620,0.005636,
nan,0.050843,0.027683,0.031717,0.028495,0.025410,0.032530,0.029438,0.024025,0.034028,0.028822,0.026660,0.023860,0.019581,0.024508,0.019124,0.017303,0.013985,0.010585,0.009109,0.007518,
nan,0.032602,0.024214,0.031166,0.035465,0.025697,0.031281,0.038106,0.023258,0.028315,0.025304,0.023270,0.024423,0.026266,0.024019,0.020048,0.020193,0.015313,0.016894,0.010908,0.009220,
nan,0.036979,0.031990,0.016538,0.030010,0.042645,0.021463,0.023013,0.018521,0.026879,0.029316,0.026759,0.023519,0.024679,0.017154,0.023905,0.022302,0.019264,0.017973,0.017683,0.010513,
nan,0.108583,0.134983,0.142499,0.107379,0.084943,0.065236,0.076164,0.060057,0.075060,0.085624,0.064832,0.040102,0.018955,0.010893,0.012068,0.013152,0.006256,0.012684,0.002198,nan,
0.118851,0.108897,0.109750,0.109312,0.104356,0.098156,0.088873,0.073725,0.076198,0.071722,0.065456,0.042136,0.043640,0.036391,0.024024,0.021798,0.011030,0.011205,0.008235,0.004025,0.003096,
0.156406,0.123063,0.101639,0.106013,0.099577,0.089387,0.079796,0.078165,0.073792,0.068836,0.054173,0.049339,0.042543,0.033155,0.026037,0.024432,0.010398,0.007425,0.005051,0.002980,0.003502,
0.143550,0.098596,0.117874,0.102033,0.090413,0.095900,0.087125,0.083021,0.069373,0.065690,0.051751,0.043972,0.040766,0.034561,0.026057,0.015809,0.012068,0.007840,0.005145,0.003722,0.001999,
0.091593,0.095513,0.093253,0.096663,0.087433,0.084051,0.080690,0.068155,0.071350,0.062791,0.053173,0.048567,0.041782,0.030551,0.019398,0.020344,0.010908,0.007663,0.005574,0.003032,0.002493,
0.096909,0.092424,0.084732,0.087212,0.087246,0.086636,0.071618,0.071094,0.068471,0.058818,0.051198,0.044230,0.037175,0.029414,0.022204,0.015811,0.011553,0.008454,0.005435,0.003501,0.002180,
0.086852,0.084762,0.087010,0.082425,0.075873,0.076721,0.072542,0.067802,0.057990,0.053089,0.048933,0.044757,0.033891,0.029784,0.022619,0.015317,0.011422,0.008237,0.005129,0.003308,0.001964,
0.101422,0.072613,0.076058,0.078771,0.072645,0.071725,0.066259,0.050147,0.055742,0.053669,0.046956,0.038866,0.032517,0.028768,0.021018,0.016086,0.011874,0.008550,0.005559,0.003057,0.001759,
0.072705,0.066023,0.068867,0.069556,0.069506,0.067434,0.058750,0.058085,0.052241,0.051663,0.042456,0.035774,0.032823,0.025918,0.019583,0.017408,0.011836,0.009191,0.006143,0.003774,0.002440,
0.080130,0.059313,0.062847,0.060129,0.061132,0.055042,0.052120,0.053066,0.047602,0.042670,0.038539,0.036420,0.028892,0.026247,0.021235,0.016100,0.010709,0.009753,0.005529,0.003845,0.002513,
0.052806,0.058806,0.055600,0.053214,0.053693,0.052209,0.053023,0.046421,0.044112,0.040991,0.036924,0.032074,0.027580,0.022816,0.020013,0.016226,0.012889,0.009168,0.006102,0.004634,0.002802,
0.045737,0.059388,0.052335,0.046124,0.052049,0.050851,0.047869,0.040821,0.040411,0.039375,0.036784,0.030354,0.027225,0.022226,0.018937,0.016274,0.013826,0.009020,0.006904,0.004323,0.002783,
0.044711,0.045685,0.044662,0.040082,0.046528,0.044860,0.042034,0.039350,0.037734,0.034649,0.032776,0.029157,0.025905,0.021692,0.020057,0.016719,0.011378,0.011870,0.007252,0.004825,0.003039,
0.062597,0.040438,0.038906,0.038073,0.040303,0.039504,0.038874,0.038405,0.033591,0.032686,0.033458,0.027760,0.024773,0.022786,0.019626,0.014984,0.014334,0.010487,0.008324,0.006110,0.004008,
0.043368,0.045473,0.035506,0.035423,0.039013,0.037173,0.035466,0.035451,0.030604,0.029230,0.029813,0.025111,0.026456,0.023185,0.018627,0.016735,0.014234,0.013278,0.009995,0.007605,0.004665,
nan,0.040158,0.045636,0.031109,0.028615,0.038113,0.031181,0.033169,0.031562,0.030478,0.025730,0.029245,0.023461,0.021316,0.022195,0.017297,0.015619,0.014377,0.010722,0.007084,0.005818,
0.019082,0.028454,0.039580,0.038440,0.029465,0.027884,0.028675,0.033385,0.028153,0.031016,0.024962,0.027201,0.029109,0.023453,0.023287,0.018753,0.017379,0.014832,0.011094,0.008791,0.007905,
0.040094,0.030274,0.034384,0.040404,0.030109,0.031140,0.028109,0.026979,0.034518,0.024990,0.024541,0.025213,0.025102,0.019108,0.024026,0.020937,0.018221,0.015702,0.016309,0.012735,0.008491,
nan,0.027460,nan,0.036488,nan,0.024145,0.027758,0.019480,0.028281,0.042094,0.023161,0.025282,0.023060,0.022964,0.019930,0.018480,0.015813,0.017422,0.017444,0.013056,0.020078,
nan,0.117912,0.076317,0.107016,0.089703,0.096594,0.127064,0.061937,0.054994,0.138229,0.060827,0.059957,0.048520,0.037794,0.019885,0.022338,0.012345,0.006661,0.007184,0.002875,nan,
0.122564,0.105707,0.109574,0.101432,0.094551,0.103854,0.090472,0.083958,0.067648,0.073695,0.059318,0.054317,0.033681,0.031017,0.023312,0.014745,0.010869,0.010791,0.006815,0.003120,0.008983,
0.137398,0.102125,0.100542,0.100713,0.101853,0.089883,0.097450,0.079446,0.082189,0.075789,0.055625,0.044824,0.038403,0.030170,0.022096,0.019933,0.011492,0.007145,0.004935,0.003944,0.001493,
0.105701,0.098546,0.098126,0.093915,0.095406,0.090562,0.079098,0.075382,0.072792,0.064804,0.060061,0.048660,0.040286,0.030246,0.021042,0.015886,0.013131,0.009337,0.005087,0.002918,0.001971,
0.132170,0.092025,0.097557,0.097523,0.095034,0.086865,0.090255,0.084522,0.073874,0.064225,0.055275,0.044688,0.039392,0.032077,0.021804,0.016752,0.012503,0.009656,0.006396,0.002823,0.002239,
0.163518,0.099722,0.095177,0.087314,0.085303,0.080591,0.079830,0.070781,0.057195,0.058654,0.051022,0.046691,0.038374,0.031350,0.025165,0.017550,0.012435,0.008637,0.006193,0.003537,0.002213,
0.094764,0.080666,0.076624,0.086015,0.073228,0.078062,0.086738,0.067473,0.062259,0.057265,0.047573,0.038989,0.031686,0.028629,0.020850,0.015311,0.012929,0.009046,0.005956,0.003965,0.002159,
0.087507,0.079959,0.065562,0.077290,0.079801,0.072022,0.065434,0.062870,0.059121,0.050392,0.044999,0.040532,0.034275,0.027699,0.021536,0.016759,0.011528,0.008307,0.005414,0.003422,0.002514,
0.086078,0.075114,0.065477,0.067982,0.067562,0.062205,0.061718,0.058768,0.061428,0.048447,0.042918,0.035660,0.031010,0.025366,0.022844,0.016702,0.012843,0.008327,0.005529,0.003593,0.002009,
0.064668,0.057821,0.062195,0.062872,0.061580,0.056877,0.057508,0.050260,0.047820,0.045612,0.040448,0.033456,0.030562,0.023955,0.020338,0.014996,0.012575,0.008685,0.005829,0.003800,0.002643,
0.063943,0.055699,0.060104,0.059151,0.055649,0.054764,0.048812,0.048347,0.043693,0.041667,0.037797,0.030724,0.027603,0.023605,0.020533,0.016327,0.011156,0.009668,0.006565,0.004289,0.002553,
0.043967,0.050950,0.052208,0.052919,0.047616,0.048188,0.043509,0.044993,0.040669,0.036608,0.035462,0.031708,0.027526,0.022554,0.019897,0.016706,0.014182,0.009411,0.006426,0.004976,0.002976,
0.048777,0.049594,0.050342,0.047023,0.043516,0.042016,0.041313,0.041531,0.039139,0.035964,0.032920,0.029396,0.026630,0.022180,0.018763,0.017769,0.013694,0.010326,0.007387,0.005433,0.003816,
0.033588,0.041083,0.043341,0.046125,0.040817,0.040452,0.035303,0.040204,0.036192,0.030873,0.030607,0.027458,0.025744,0.023461,0.020700,0.015299,0.013261,0.012083,0.008252,0.005963,0.003546,
0.025834,0.038646,0.031726,0.038748,0.038567,0.035247,0.034078,0.037311,0.034445,0.028952,0.027788,0.029074,0.023279,0.022535,0.020101,0.017502,0.015461,0.013224,0.009869,0.007277,0.004464,
0.061083,0.037882,0.033348,0.032094,0.032383,0.034609,0.030582,0.028817,0.032255,0.028290,0.025780,0.026456,0.024917,0.022279,0.022258,0.016896,0.015464,0.014390,0.010127,0.009173,0.005714,
nan,0.020480,0.039060,0.028006,0.027735,0.037459,0.030093,0.033214,0.025819,0.027024,0.024759,0.024315,0.025646,0.025648,0.022363,0.020072,0.017451,0.015731,0.012789,0.008767,0.007060,
0.030515,0.031306,0.029349,0.032204,0.034627,0.024881,0.027419,0.028781,0.031468,0.034992,0.030084,0.023481,0.022491,0.032140,0.021070,0.019625,0.016775,0.016489,0.013525,0.009843,0.008863,
nan,0.028945,0.014799,0.020955,0.136272,0.026489,0.026956,0.020677,0.023587,0.025549,0.037790,0.021371,0.021747,0.021923,0.022626,0.020772,0.018847,0.015778,0.011235,0.015089,0.009126,
nan,0.092869,0.090972,0.061345,0.085526,0.084298,0.066653,0.110853,0.048134,0.081365,0.053010,0.028441,0.022609,0.029218,0.022553,0.013650,0.014249,0.006451,0.005859,0.004871,nan,
0.103746,0.081200,0.112398,0.107902,0.094590,0.085366,0.098503,0.075650,0.075378,0.068768,0.058372,0.052743,0.040480,0.035364,0.030507,0.018444,0.011010,0.008286,0.005463,0.005595,0.002971,
0.099359,0.101446,0.110233,0.093297,0.102431,0.083642,0.085847,0.080714,0.078831,0.072174,0.053448,0.050740,0.047161,0.032596,0.021858,0.016299,0.011658,0.008772,0.005625,0.003757,0.001641,
0.124936,0.103787,0.107668,nan,0.091262,0.088549,0.081351,0.084858,0.072793,0.064394,0.054184,0.049215,0.039413,0.032928,0.025959,0.016038,0.011410,0.008607,0.005717,0.003436,0.001685,
0.140670,0.102488,0.089755,0.092662,0.092725,0.090112,0.083621,0.071046,0.065994,0.065044,0.049872,0.046238,0.039113,0.030181,0.024291,0.017624,0.011406,0.008831,0.005080,0.003707,0.001708,
0.104004,0.093230,0.082780,0.091570,0.075005,nan,0.073653,0.076541,0.065611,0.058485,0.051933,0.045360,0.037693,0.029560,0.019858,0.017486,0.011452,0.007613,0.005004,0.003095,0.001962,
0.107824,0.094492,0.086512,0.082897,0.085399,0.077685,0.072084,0.067820,0.061253,0.055563,0.049476,0.043920,0.037109,0.029282,0.023838,0.015396,0.012494,0.008213,0.005646,0.003425,0.002272,
0.083122,0.086303,0.078883,0.077435,0.070178,0.068946,0.070402,0.072744,0.053602,0.051622,0.047222,0.038087,0.033752,0.029847,0.020866,0.015445,0.012235,0.008714,0.005505,0.003834,0.001996,
0.070411,0.075651,0.069774,0.070429,0.066354,0.065035,0.059667,0.056842,0.052872,0.049586,0.042473,0.037569,0.031798,0.025400,0.020547,0.016367,0.011608,0.009113,0.005860,0.003256,0.002638,
0.060807,0.074396,0.059755,0.062742,0.059855,0.058375,0.052981,0.051717,0.048454,0.045698,0.038362,0.035130,0.029832,0.025247,0.020958,0.015732,0.012740,0.008986,0.006335,0.004091,0.002432,
0.063606,0.058316,0.055035,0.055282,0.051962,0.051395,0.051181,0.049125,0.043775,0.039515,0.035050,0.031910,0.028083,0.023705,0.021678,0.016591,0.012536,0.008759,0.006232,0.003989,0.002932,
0.057162,0.050747,0.049141,0.049546,0.051377,0.046828,0.047274,0.044356,0.043013,0.037689,0.034755,0.030834,0.027454,0.023038,0.020764,0.016555,0.012696,0.010135,0.006736,0.004349,0.003291,
0.034270,0.046237,0.043452,0.045285,0.045700,0.042694,0.043560,0.039663,0.037883,0.033703,0.033340,0.029212,0.027157,0.022750,0.019649,0.017707,0.014866,0.010652,0.007920,0.005757,0.003561,
0.030948,0.043540,0.049029,0.038199,0.042566,0.040631,0.039546,0.034853,0.037557,0.032636,0.029843,0.029337,0.026007,0.023716,0.018979,0.017272,0.013257,0.011325,0.008760,0.006420,0.003900,
0.031744,0.037375,0.038220,0.033895,0.038282,0.036679,0.034515,0.032776,0.035088,0.030023,0.028175,0.028645,0.024875,0.021851,0.020795,0.017616,0.016395,0.013459,0.009978,0.007100,0.005118,
0.026145,0.031096,0.030384,0.031273,0.034572,0.033593,0.030854,0.031842,0.033005,0.026504,0.026747,0.027237,0.024500,0.023627,0.021871,0.017454,0.015229,0.015288,0.011540,0.007892,0.007048,
0.023550,0.031541,0.029554,0.045139,0.026700,0.037118,0.029552,0.033928,0.028785,0.030659,0.026704,0.026122,0.023920,0.023473,0.020503,0.020539,0.017204,0.016316,0.012743,0.011288,0.007798,
0.041093,0.019887,0.039613,0.024368,0.020610,0.029973,0.031481,0.025483,0.025499,0.026485,0.024469,0.025667,0.022063,0.025190,0.021363,0.020418,0.017564,0.016732,0.014470,0.013241,0.008805,
nan,nan,nan,0.046313,0.046321,0.018567,0.023099,0.042344,0.019342,0.095276,0.019526,0.022502,0.025157,0.019529,0.044225,0.023140,0.018763,0.014778,0.013874,0.014912,0.007899,
nan,0.122751,0.110155,0.092056,0.153009,0.106960,0.088482,0.083506,0.063192,0.055990,0.042877,0.052267,0.028723,0.019834,0.041780,0.009749,0.010804,0.008367,0.002841,0.001682,nan,
0.129574,0.133242,0.100649,0.091252,0.094332,0.092023,0.088303,0.091532,0.079720,0.079044,0.062749,0.048696,0.048192,0.035908,0.025736,0.013549,0.010020,0.008061,0.005142,0.003234,0.002483,
0.111836,0.109847,0.104986,0.102044,0.105381,0.098488,0.084355,0.093736,0.074702,0.071840,0.052260,0.048046,0.050730,0.033882,0.026867,0.021400,0.011475,0.009056,0.004666,0.003138,0.001607,
0.112902,0.103694,0.104031,0.127590,0.095243,0.087741,0.082648,0.082463,0.071719,0.063255,0.060133,0.046694,0.041742,0.031946,0.026683,0.020669,0.011965,0.007719,0.004768,0.003049,0.002596,
0.091867,0.108699,0.094885,0.094747,0.089941,0.086255,0.084021,0.074024,0.070234,0.061893,0.056715,0.046086,0.038397,0.030146,0.022517,0.016241,0.012540,0.009654,0.005930,0.003180,0.001741,
0.110091,0.092960,0.092011,0.091099,0.088216,0.081577,0.070928,0.072782,0.064239,0.059940,0.049865,0.045733,0.040746,0.029331,0.023782,0.017985,0.012198,0.008895,0.005848,0.003788,0.002045,
0.064560,0.087494,0.086423,0.085979,0.075488,0.086061,nan,0.066818,0.061123,0.057551,0.049331,0.042499,0.034683,0.030136,0.021035,0.016268,0.012090,0.007668,0.005698,0.003084,0.002086,
0.063632,0.079690,0.078933,0.076029,0.073873,0.071769,0.063971,0.063124,0.055580,0.051344,0.044686,0.042217,0.033329,0.027461,0.022265,0.014492,0.012411,0.008911,0.006010,0.003616,0.002441,
0.063597,0.074135,0.075889,0.072796,0.063678,0.062084,0.059357,0.057751,0.053406,0.045355,0.043518,0.034638,0.031195,0.026373,0.021734,0.015800,0.011708,0.008319,0.005667,0.003850,0.002261,
0.079319,0.062475,0.066234,0.063268,0.057681,0.056746,0.057811,0.053317,0.046548,0.039831,0.039797,0.035379,0.030245,0.025157,0.021783,0.016657,0.012238,0.009667,0.005877,0.003406,0.002628,
0.047950,0.057540,0.057987,0.060014,0.054851,0.051978,0.051823,0.046894,0.044993,0.040928,0.037493,0.032131,0.027676,0.023899,0.020360,0.015378,0.012956,0.009538,0.006656,0.004436,0.002605,
0.079983,0.050308,0.052098,0.052390,0.048979,0.049208,0.045799,0.043207,0.040726,0.037798,0.034841,0.031813,0.027568,0.022242,0.021249,0.017593,0.012567,0.009638,0.007323,0.004884,0.003504,
0.042536,0.049805,0.045062,0.045354,0.042844,0.046910,0.040126,0.040464,0.037922,0.034848,0.030879,0.028843,0.026651,0.022743,0.020266,0.017760,0.013881,0.009881,0.007444,0.005056,0.003690,
0.039588,0.042670,0.039915,0.041703,0.038858,0.042525,0.037349,0.036954,0.035032,0.033506,0.031847,0.030302,0.025222,0.023555,0.019907,0.018187,0.015275,0.012485,0.008624,0.006018,0.005043,
0.098497,0.036379,0.041629,0.035945,0.038818,0.035151,0.033281,0.033584,0.034160,0.029499,0.032218,0.027922,0.025567,0.022564,0.021324,0.018033,0.015003,0.013072,0.011306,0.006875,0.005714,
0.045322,0.038029,0.036585,0.032786,0.031123,0.037603,0.031845,0.029622,0.029047,0.030152,0.026986,0.026062,0.024395,0.023062,0.021501,0.018970,0.016233,0.015298,0.012333,0.008889,0.006523,
0.045711,0.029771,0.036506,0.027484,0.028696,0.030418,0.029589,0.027341,0.030513,0.029549,0.029518,0.024671,0.026506,0.022394,0.021910,0.019189,0.016954,0.016824,0.014360,0.009763,0.007852,
0.023735,0.025547,0.031475,0.027904,0.037378,0.028092,0.026539,0.033714,0.028409,0.025234,0.027898,0.024408,0.023520,0.027330,0.024524,0.025154,0.017439,0.016172,0.014569,0.012386,0.010225,
nan,nan,nan,0.020247,0.020866,0.027136,0.022573,0.026516,0.026302,0.028604,0.025629,0.033106,0.023776,0.019251,0.021860,0.020889,0.022607,0.016041,0.018875,0.008482,0.015159,
nan,0.116350,0.079623,0.129703,0.094095,0.094208,0.106006,0.081454,0.098931,0.054987,0.035816,0.047304,0.025858,0.044864,0.030965,0.006718,0.007518,0.004744,0.007267,0.001024,nan,
0.123905,0.075867,0.115322,0.110499,0.095567,0.098483,0.084220,0.083773,0.069079,0.069640,0.065689,0.043326,0.046211,0.032375,0.021854,0.018079,0.011104,0.009301,0.006180,0.003997,0.001094,
0.134208,0.107216,0.109791,0.105758,0.101861,0.091211,0.087752,0.080339,0.075039,0.064742,0.057009,0.046292,0.042125,0.033308,0.023087,0.017207,0.010287,0.010359,0.005874,0.003006,0.004190,
0.109015,0.113298,0.100429,0.099728,0.092269,0.093471,0.085404,0.081176,0.078688,0.069496,0.054334,0.046872,0.043488,0.030541,0.021335,0.017876,0.011229,0.008357,0.005008,0.003950,0.001239,
0.098404,0.093549,0.098699,0.096642,nan,0.084845,0.079773,0.077205,0.071093,0.062665,0.055300,0.046690,0.039739,0.031593,0.025912,0.018142,0.011290,0.007835,0.004786,0.003415,0.002656,
0.116208,0.096764,0.089796,0.093091,0.082382,0.081659,0.076955,0.070059,0.063764,0.060461,0.050063,0.043766,0.036351,0.029966,0.022536,0.015877,0.011910,0.009108,0.005644,0.003125,0.001844,
0.109864,0.086743,0.088098,0.085606,0.082716,0.079093,0.072056,0.068973,0.061216,0.055287,0.048177,0.042796,0.038178,0.028033,0.021881,0.018356,0.011817,0.008559,0.005893,0.003798,0.002234,
0.109025,0.080827,0.081775,0.079466,0.069774,0.067282,0.066487,0.066429,0.054571,0.051371,0.044251,0.039530,0.032986,0.027010,0.021297,0.015776,0.011913,0.008130,0.005697,0.003357,0.002117,
0.076263,0.073763,0.078014,0.072559,0.065977,0.064728,0.061762,0.054395,0.050657,0.049309,0.043650,0.037629,0.031153,0.026186,0.022080,0.014632,0.012757,0.010097,0.006078,0.003662,0.002644,
0.083777,0.061619,0.070609,0.065296,0.062273,0.059165,0.053997,0.053958,0.048638,0.046003,0.039508,0.033103,0.029932,0.024870,0.020749,0.015893,0.011975,0.009317,0.006518,0.004241,0.003043,
0.065092,0.060913,0.063111,0.055247,0.054435,0.051664,0.048028,0.046854,0.044396,0.041111,0.037409,0.032095,0.028585,0.024423,0.021652,0.016220,0.012544,0.009395,0.005969,0.004616,0.003084,
0.046705,0.055637,0.055461,0.052180,0.048748,0.049880,0.045399,0.042778,0.042245,0.037462,0.035236,0.031041,0.028457,0.023433,0.020436,0.015720,0.013485,0.010631,0.006737,0.004451,0.003158,
0.048524,0.042046,0.046460,0.045170,0.044356,0.044761,0.044657,0.039594,0.039240,0.037304,0.033310,0.030373,0.029514,0.022292,0.020695,0.017455,0.014077,0.010615,0.007737,0.005348,0.003287,
0.039331,0.041327,0.041675,0.041667,0.040420,0.040910,0.042486,0.037265,0.036006,0.033935,0.030906,0.029141,0.025318,0.023336,0.020701,0.018567,0.014914,0.011406,0.008778,0.005940,0.004283,
0.046293,0.033635,0.037937,0.035552,0.038295,0.039702,0.034326,0.037980,0.033234,0.031440,0.028805,0.027440,0.025574,0.023535,0.021440,0.018438,0.014608,0.013442,0.009553,0.007673,0.006252,
0.039498,0.034518,0.032658,0.031296,0.033065,0.035896,0.038277,0.032580,0.030607,0.028492,0.029817,0.026391,0.023991,0.022519,0.020868,0.019927,0.016519,0.016121,0.012949,0.008351,0.006937,
0.061350,0.041878,0.028906,0.041880,0.029513,0.031386,0.030213,0.032333,0.035776,0.024931,0.028276,0.029790,0.026618,0.024393,0.023717,0.019181,0.016941,0.015997,0.014453,0.010600,0.009594,
nan,0.021897,0.026302,0.031578,0.027598,0.028490,0.040331,0.028592,0.028876,0.029233,0.023892,0.032768,0.029578,0.022365,0.022927,0.021628,0.020548,0.017320,0.016844,0.014403,0.010270,
nan,nan,0.034621,nan,0.037801,0.030025,0.024819,0.054510,0.025849,0.025886,0.020189,0.023705,0.022498,0.022268,0.018413,0.021165,0.027171,0.019281,0.014633,0.015925,0.017178,
nan,0.148485,0.095565,0.107191,0.104845,0.082818,0.083749,0.065620,0.068461,0.066432,0.051466,0.039032,0.020355,0.036373,0.018119,0.011020,0.003578,0.006979,0.003258,0.002227,nan,
0.134012,0.160319,0.109528,0.107924,0.107292,0.102047,0.085284,0.080444,0.076261,0.065499,0.063209,0.045502,0.034110,0.035589,0.026150,0.019403,0.010781,0.005316,0.004500,0.003364,0.002586,
0.123459,0.110508,0.108543,0.103934,0.098581,0.094536,0.093158,0.078923,0.068535,0.077120,0.055783,0.048892,0.035331,0.032567,0.027881,0.019971,0.011518,0.008805,0.006089,0.004569,0.003431,
0.122747,0.107074,0.102938,0.097445,0.095634,0.086440,0.085936,0.083971,0.068441,0.066538,0.050377,0.047507,0.045191,0.033773,0.025466,0.020401,0.010825,0.008421,0.004509,0.003129,0.002071,
0.121671,0.106955,0.097919,0.095950,0.091827,0.088236,0.083374,0.078137,0.070562,0.060667,0.057785,0.044071,0.039364,0.029855,0.023005,0.017391,0.012017,0.007789,0.004370,0.003588,0.001734,
0.081468,0.104183,0.101661,0.090737,0.085632,0.080287,0.077046,0.071332,0.066494,0.059228,0.052559,0.044262,0.037433,0.031134,0.024026,0.016273,0.012373,0.007670,0.004761,0.003511,0.002777,
0.096271,0.090519,0.093381,0.086862,0.080354,0.075957,nan,0.065836,0.059252,0.059064,0.047964,0.042865,0.037234,0.028595,0.022103,0.015221,0.012203,0.008650,0.005427,0.003242,0.002136,
0.079256,0.082667,0.082543,0.078957,0.073410,0.070589,0.066165,0.062171,0.056549,0.051408,0.046018,0.040811,0.036180,0.027300,0.020839,0.017611,0.011588,0.008834,0.006154,0.003616,0.002345,
0.074248,0.074667,0.070577,0.073219,0.068413,0.063082,0.060617,0.057751,0.052871,0.049757,0.043367,0.037708,0.031853,0.025662,0.020130,0.017004,0.011750,0.008418,0.006467,0.003725,0.002518,
0.052875,0.073938,0.062757,0.065654,0.062100,0.058359,0.055624,0.050990,0.049358,0.045647,0.040698,0.035593,0.028917,0.025415,0.020190,0.015508,0.013051,0.008892,0.006558,0.003918,0.002692,
0.056625,0.067226,0.057093,0.055821,0.058325,0.052153,0.054839,0.047792,0.045136,0.041155,0.037692,0.032650,0.029659,0.024236,0.019723,0.016034,0.012373,0.009468,0.007592,0.004525,0.002987,
0.061019,0.062079,0.051405,0.049819,0.050603,0.048662,0.046494,0.045744,0.040954,0.039122,0.035151,0.031986,0.026486,0.024232,0.021052,0.016497,0.013262,0.010140,0.007508,0.005186,0.003878,
0.051514,0.047995,0.047345,0.046473,0.046087,0.045104,0.042377,0.040182,0.037848,0.035598,0.033772,0.030884,0.026849,0.023871,0.020582,0.017146,0.013953,0.010966,0.008087,0.005458,0.005525,
0.051076,0.042912,0.040484,0.041511,0.042279,0.039685,0.039303,0.037816,0.034953,0.032807,0.031223,0.028381,0.025916,0.023101,0.021026,0.018308,0.015057,0.011655,0.008580,0.006237,0.004374,
nan,0.036264,0.041941,0.040627,0.035808,0.034168,0.035927,0.036355,0.033086,0.030286,0.031522,0.028825,0.025569,0.023681,0.020955,0.019290,0.015828,0.013880,0.009931,0.006905,0.005840,
0.039952,0.029909,0.033665,0.036960,0.030494,0.032172,0.032571,0.031259,0.034390,0.030772,0.029256,0.031333,0.025913,0.024890,0.021489,0.019685,0.017045,0.014042,0.012331,0.008894,0.006937,
nan,0.032711,0.027813,0.026857,0.031272,0.028669,0.028935,0.028956,0.031911,0.030777,0.026895,0.029043,0.026711,0.025577,0.022581,0.021407,0.017320,0.017693,0.014014,0.012287,0.008023,
0.031570,0.027474,0.030707,0.025815,0.026121,0.027970,0.030744,0.034635,0.035552,0.027650,0.029073,0.025413,0.030002,0.025599,0.022576,0.021774,0.019827,0.017348,0.016396,0.013316,0.012288,
nan,nan,nan,0.024128,0.022992,0.022232,0.025460,0.050167,0.022069,0.027700,0.023853,0.020286,0.020420,0.021791,0.017748,0.020940,0.021516,0.018512,0.021741,0.015930,0.007798,
nan,0.150799,0.082474,0.069100,0.082018,0.124592,0.087176,0.074869,0.063918,0.044615,0.045501,0.063323,0.050523,0.059275,0.026725,0.009433,0.020855,0.007694,0.006053,0.000883,nan,
0.108113,0.121138,0.110990,0.096334,0.100400,0.084258,0.086557,0.076326,0.078841,0.060225,0.059819,0.055603,0.037296,0.036764,0.027350,0.015904,0.010417,0.009934,0.007160,0.005567,0.000799,
0.108326,0.110609,0.103127,0.099901,0.097344,0.089362,0.083324,0.085942,0.074171,0.066322,0.055363,0.044641,0.043707,0.034739,0.025301,0.014729,0.010477,0.007832,0.005005,0.003289,0.002646,
0.114161,0.100994,0.104327,0.109117,0.095976,0.092140,0.083674,0.076198,0.071131,0.068938,0.055500,0.045615,0.041232,0.032022,0.024966,0.018456,0.009982,0.009238,0.006489,0.003662,0.002818,
0.094004,0.098828,0.102717,0.095042,0.088599,0.086159,0.081075,0.078758,0.070270,0.066489,0.050793,0.045638,0.043766,0.033393,0.023626,0.018575,0.010693,0.008631,0.005265,0.003312,0.001736,
0.080089,0.093920,0.095028,0.091100,0.087667,0.082764,0.077597,0.073457,0.067185,0.057855,0.052670,0.043688,0.039414,0.029066,0.023043,0.017275,0.011503,0.007982,0.004577,0.003346,0.001920,
0.067974,0.098048,0.088172,0.081816,0.081645,0.075579,0.071657,0.066914,0.061533,0.054617,0.049282,0.042284,0.036410,0.029661,0.022970,0.016911,0.011543,0.007877,0.004577,0.003640,0.002290,
0.077306,0.083999,0.083500,0.075510,0.077728,0.068674,0.066457,0.063005,0.056503,0.053732,0.045879,0.039146,0.033406,0.029024,0.021855,0.016004,0.011812,0.007993,0.004977,0.003713,0.002495,
0.061922,0.077238,0.077215,0.070755,0.069000,0.063359,0.061567,0.057677,0.054189,0.048535,0.042685,0.038118,0.032852,0.026277,0.020732,0.016068,0.011471,0.008536,0.005634,0.003518,0.002412,
0.059838,0.068946,0.071629,0.061813,0.060720,0.057969,0.057427,0.053026,0.047720,0.038305,0.039558,0.035379,0.029591,0.026090,0.020484,0.016863,0.011437,0.009343,0.006360,0.003784,0.002803,
0.064676,0.056114,0.062947,0.056452,0.055551,0.053713,0.049450,0.047807,0.044076,0.041842,0.037833,0.032672,0.028630,0.024795,0.020798,0.016284,0.012196,0.009053,0.007604,0.004208,0.003107,
0.052747,0.047252,0.056265,0.053235,0.049594,0.048140,0.045716,0.044779,0.041307,0.038043,0.035023,0.030934,0.027896,0.024172,0.019913,0.015811,0.013109,0.009985,0.007978,0.005573,0.003517,
0.051614,0.049688,0.053998,0.047566,0.043971,0.044925,0.042100,0.042691,0.036762,0.036277,0.034569,0.030835,0.026593,0.024082,0.021707,0.016904,0.013427,0.010432,0.008620,0.006049,0.004131,
0.036811,0.035655,0.041762,0.043936,0.040490,0.038557,0.037169,0.038000,0.036785,0.035711,0.033332,0.029800,0.026391,0.023196,0.020905,0.017398,0.015139,0.012067,0.009418,0.006049,0.005492,
0.083740,0.038136,0.044348,0.037709,0.038561,0.037384,0.033043,0.033204,0.035225,0.032250,0.030289,0.027121,0.025081,0.024162,0.021261,0.019539,0.016680,0.014142,0.010634,0.007794,0.006165,
0.032450,0.030564,0.051847,0.033442,0.035232,0.039114,0.030168,0.030658,0.034790,0.030992,0.030494,0.027404,0.026099,0.023907,0.021803,0.019583,0.017868,0.015333,0.011150,0.009461,0.006991,
0.038354,0.038649,0.032906,0.027814,0.027487,0.031603,0.025203,0.030331,0.029817,0.032574,0.029763,0.025544,0.023821,0.023861,0.022308,0.021862,0.018411,0.017955,0.013213,0.010279,0.009462,
0.024792,0.046782,0.036514,0.059312,0.032240,0.031884,0.026977,0.027873,0.025297,0.033643,0.031933,0.028013,0.027213,0.028069,0.026094,0.022182,0.022971,0.019236,0.017446,0.012680,0.011309,
nan,nan,nan,0.020178,0.031622,0.027925,0.033068,0.025574,0.021096,0.030955,0.026079,0.027099,0.027158,0.027487,0.023354,0.035006,0.017856,0.020963,0.016690,0.018076,0.014172,
nan,0.122988,0.126757,0.140993,0.189966,0.137636,0.079940,0.074160,0.066604,0.056186,0.035570,0.036928,0.027000,0.012925,0.018186,0.018355,0.007413,0.004502,0.001547,0.000210,nan,
0.103554,nan,0.101230,0.108983,0.096878,0.101947,0.095454,0.090553,0.072236,0.077221,0.055109,0.054759,0.040302,0.027304,0.026114,0.012664,0.010435,0.009216,0.005899,0.001981,0.001868,
0.099954,0.112042,0.075472,0.099561,0.097876,0.091241,0.084313,0.075854,0.075174,0.067590,0.061907,0.052252,0.037780,0.034245,0.026171,0.018285,0.011030,0.009042,0.005850,0.004272,0.001721,
0.082294,0.113202,0.104350,0.088080,0.097167,0.090695,0.085392,0.083477,0.074543,0.066360,0.059867,0.044149,0.038743,0.031465,0.025223,0.016138,0.011298,0.008133,0.005343,0.003355,0.001873,
0.076831,0.108790,0.099155,0.094332,0.090529,0.085508,0.080288,0.078083,0.068636,0.063539,0.053811,0.044554,0.038046,0.030917,0.025374,0.017864,0.010267,0.007476,0.005609,0.003078,0.002581,
0.073713,0.099219,0.090456,0.087432,0.089226,0.080044,0.078488,0.070995,0.067349,0.061370,0.050947,0.043830,0.038555,0.030891,0.025154,0.017533,0.009757,0.007984,0.005845,0.003161,0.002664,
0.073454,0.090963,0.084908,0.079663,0.081941,0.075302,0.072488,0.067251,0.062524,0.055499,0.047989,0.042010,0.037208,0.028931,0.023320,0.018371,0.010344,0.007984,0.005774,0.003058,0.002490,
0.076534,0.084049,0.079325,0.073102,0.070967,0.071264,0.066871,0.062828,0.056339,0.051267,0.044831,0.039111,0.035308,0.027290,0.021810,0.017297,0.011290,0.007902,0.005577,0.003225,0.002546,
0.108189,0.070040,0.069232,0.064333,0.065536,0.064328,0.060097,0.056734,0.051573,0.048673,0.042945,0.036553,0.033399,0.027375,0.020994,0.017497,0.011162,0.008221,0.005689,0.003800,0.002680,
0.062240,0.062270,0.063534,0.060133,0.061359,0.058129,0.054617,0.053088,0.048982,0.045519,0.039729,0.035325,0.031016,0.025578,0.019841,0.016874,0.011804,0.008383,0.005996,0.004340,0.002525,
0.055654,0.058874,0.054022,0.054305,0.052797,0.053356,0.050154,0.048774,0.045111,0.041580,0.037857,0.033630,0.028486,0.026066,0.019345,0.016520,0.011745,0.008930,0.006580,0.004469,0.002648,
0.042549,0.052927,0.051973,0.049801,0.047701,0.048474,0.044917,0.044968,0.042655,0.038881,0.035815,0.031524,0.028445,0.024297,0.020458,0.016548,0.013065,0.009764,0.007319,0.004917,0.003232,
0.034392,0.046993,0.047694,0.045328,0.043112,0.045369,0.040722,0.041087,0.038955,0.036041,0.033556,0.029841,0.026879,0.024264,0.019999,0.017193,0.013727,0.010999,0.008383,0.005548,0.003714,
0.037285,0.043001,0.047903,0.041612,0.038736,0.042641,0.035998,0.036802,0.035514,0.034847,0.031121,0.028165,0.026328,0.024021,0.022165,0.017803,0.014564,0.011974,0.009348,0.006922,0.004031,
0.021078,0.034456,0.045224,0.035873,0.035091,0.035895,0.031735,0.035590,0.032030,0.034164,0.028961,0.027248,0.026311,0.024381,0.021719,0.019290,0.016541,0.013061,0.010271,0.007488,0.005572,
0.026091,0.033909,0.033148,0.032481,0.034249,0.028321,0.032995,0.033701,0.031121,0.031382,0.026317,0.027100,0.025261,0.024714,0.022812,0.020670,0.018195,0.014891,0.012044,0.009759,0.008694,
0.029589,0.028661,0.027484,0.038174,0.029794,0.031464,0.035819,0.024861,0.028980,0.026981,0.028409,0.028687,0.026911,0.024526,0.023515,0.021939,0.018968,0.019120,0.014581,0.010834,0.007690,
nan,0.028089,0.028785,0.038878,0.029359,0.032973,0.026822,0.026705,0.027264,0.029940,0.030419,0.028003,0.024553,0.024345,0.026438,0.023012,0.021816,0.018201,0.018229,0.013675,0.011575,
nan,nan,nan,nan,nan,0.019674,0.024342,0.030205,0.022775,0.035660,0.024967,0.031791,0.023430,0.027623,0.019060,0.022871,0.024674,0.022827,0.017028,0.014146,0.016515,
0.117426,0.093551,0.109188,0.084754,0.174292,0.127281,0.081381,0.079430,0.044861,0.056026,0.071932,0.063107,0.045729,0.020360,0.036673,0.011731,0.012524,0.008701,0.005657,0.002917,nan,
0.114478,0.111002,0.100110,0.100475,0.138628,0.117551,0.077698,0.075283,0.081283,0.058035,0.057292,0.055262,0.038741,0.034314,0.030908,0.009403,0.012485,0.007700,0.005127,0.001896,0.000596,
0.101319,0.104207,0.106093,0.106176,0.111323,0.097942,0.094214,0.085974,0.075578,0.065408,0.056854,0.053792,0.041120,0.026834,0.028953,0.010925,0.012056,0.008721,0.005767,0.001775,0.001319,
0.096067,0.094846,0.096036,0.099600,0.098306,0.088939,0.088841,0.073766,0.070818,0.062699,0.053330,0.054633,0.040091,0.029779,0.029725,0.012748,0.010744,0.008761,0.005585,0.003240,0.001070,
0.099415,0.085939,0.091022,0.094257,0.091870,0.085688,0.082330,0.074249,0.070215,0.062772,0.057670,0.048314,0.037796,0.030406,0.027706,0.014269,0.011667,0.010043,0.005626,0.003732,0.001425,
0.096880,0.077132,0.088812,0.089081,0.085878,0.081837,0.077172,0.075025,0.065938,0.059205,0.054883,0.045610,0.036204,0.028611,0.026281,0.015771,0.012120,0.008885,0.005708,0.003602,0.001439,
0.091019,0.069954,0.084999,0.083478,0.079647,0.077521,0.072040,0.068156,0.062539,0.057398,0.052432,0.042881,0.034805,0.029011,0.025797,0.014703,0.012031,0.008281,0.005789,0.003224,0.001417,
0.077823,0.068618,0.075803,0.078268,0.075793,0.069361,0.064731,0.062514,0.059409,0.052194,0.048947,0.039857,0.032894,0.029006,0.023891,0.015301,0.012404,0.008108,0.005717,0.003099,0.002111,
0.069298,0.065703,0.066927,0.072430,0.067629,0.062501,0.059493,0.057679,0.053121,0.048000,0.043680,0.037901,0.031818,0.027517,0.021130,0.015784,0.012420,0.007967,0.005986,0.003302,0.002438,
0.070054,0.060035,0.059912,0.067259,0.058598,0.056672,0.056081,0.052000,0.050298,0.045194,0.041027,0.035062,0.031258,0.026114,0.021041,0.017396,0.012544,0.008526,0.005963,0.003607,0.002673,
0.065695,0.053548,0.056113,0.060040,0.052101,0.050506,0.052125,0.048025,0.046221,0.041020,0.037763,0.032655,0.029447,0.024231,0.020024,0.017712,0.012929,0.008375,0.006179,0.004343,0.002911,
0.063316,0.048939,0.051267,0.054985,0.046018,0.047055,0.046700,0.044215,0.040890,0.039143,0.035584,0.031535,0.028036,0.025179,0.019391,0.017773,0.013222,0.008965,0.007113,0.005170,0.002434,
0.050667,0.043948,0.046352,0.050324,0.042217,0.042983,0.041066,0.042589,0.038650,0.037123,0.032658,0.030703,0.027230,0.024326,0.020176,0.017891,0.013733,0.009776,0.007511,0.006008,0.002876,
0.043872,0.039061,0.044847,0.045881,0.040282,0.038972,0.038315,0.040603,0.033447,0.034072,0.030426,0.031221,0.026298,0.024297,0.020595,0.018150,0.015572,0.011714,0.008848,0.006700,0.003708,
0.037419,0.046697,0.041858,0.033228,0.033770,0.034219,0.033664,0.035969,0.031554,0.032996,0.030746,0.030104,0.026116,0.024520,0.021820,0.018764,0.017606,0.013124,0.010067,0.007220,0.005594,
0.112993,0.034566,0.029404,0.031210,0.036172,0.028985,0.027941,0.032678,0.032155,0.033151,0.031218,0.028666,0.027448,0.024918,0.021985,0.020110,0.018288,0.014719,0.011568,0.008525,0.006574,
0.018563,0.033138,0.037521,0.034234,0.030184,0.027246,0.034435,0.034549,0.032193,0.026687,0.024830,0.024720,0.028085,0.025525,0.023065,0.022245,0.019457,0.017371,0.013686,0.010628,0.008384,
0.018509,0.054420,0.068085,0.021412,0.029246,0.027160,0.022781,0.023119,0.023445,0.026253,0.031028,0.026310,0.030648,0.029398,0.023373,0.024154,0.019835,0.019195,0.016237,0.013319,0.009948,
nan,nan,nan,nan,nan,nan,nan,nan,nan,nan,0.024193,0.026408,0.053187,0.018476,0.021096,0.018117,0.025174,0.020563,0.019504,0.015296,0.016759,
