0.368317,0.187901,0.342766,0.279687,0.308903,0.193358,0.222187,0.161864,0.173096,0.171428,0.223919,0.127656,0.121798,0.172864,0.058695,0.095550,0.101174,0.038680,0.036704,0.016497,0.015952,
0.236975,0.262976,0.257582,0.286625,0.295655,0.269176,0.225147,0.235589,0.198451,0.208299,0.180786,0.161531,0.113904,0.127966,0.090408,0.065670,0.054912,0.040820,0.022831,0.016563,0.011262,
0.243436,0.266782,0.261668,0.267404,0.265158,0.212013,0.239237,0.210817,0.187413,0.192187,0.153659,0.140364,0.118723,0.134358,0.078402,0.061856,0.054044,0.045838,0.030516,0.019760,0.010346,
0.265956,0.251131,0.258290,0.257243,0.250015,0.193699,0.255985,0.196329,0.176871,0.189717,0.173937,0.134075,0.122137,0.127664,0.075016,0.074232,0.054502,0.052302,0.026450,0.024108,0.012513,
0.231016,0.223081,0.242174,0.243314,0.226150,0.191969,0.231322,0.185246,0.158106,0.163916,0.136511,0.125882,0.121148,0.116175,0.079347,0.083379,0.059823,0.057744,0.044972,0.024648,0.014145,
0.230197,0.204149,0.216277,0.213720,0.218688,0.173744,0.218186,0.172349,0.144049,0.172790,0.123960,0.115155,0.113314,0.113018,0.077538,0.075549,0.062813,0.056678,0.039611,0.042948,0.019599,
0.228266,0.187559,0.189414,0.195288,0.191681,0.160594,0.183546,0.160774,0.130243,0.150370,0.108819,0.108906,0.112892,0.102903,0.075113,0.066501,0.069499,0.053406,0.040763,0.048394,0.021446,
0.214940,0.145948,0.169139,0.171085,0.153395,0.139865,0.156151,0.141865,0.122131,0.137884,0.104140,0.102158,0.104789,0.098218,0.077422,0.074935,0.070170,0.061231,0.049116,0.053143,0.028336,
0.259578,0.125702,0.134329,0.140432,0.130295,0.123672,0.142843,0.126385,0.111918,0.121794,0.101225,0.095271,0.098225,0.095822,0.081745,0.082453,0.082791,0.075503,0.059092,0.050403,0.034228,
0.211471,0.123602,0.114084,0.117774,0.117025,0.104853,0.130539,0.111893,0.106761,0.102475,0.095962,0.090818,0.088955,0.093820,0.092832,0.093937,0.096763,0.095209,0.076040,0.060380,0.033831,
0.152961,0.104206,0.099697,0.099958,0.100394,0.091322,0.124896,0.098488,0.109283,0.096902,0.092721,0.093372,0.092091,0.102051,0.106720,0.125096,0.122869,0.128110,0.102090,0.080391,0.050822,
0.122342,0.088138,0.094755,0.099619,0.094402,0.091977,0.127524,0.084438,0.114976,0.098697,0.098295,0.102845,0.105177,0.124257,0.132752,0.149058,0.166549,0.169957,0.133688,0.108222,0.072683,
0.080416,0.082449,0.084766,0.098368,0.086672,0.091494,0.132643,0.078077,0.118453,0.104949,0.105822,0.116634,0.132565,0.170628,0.175980,0.204738,0.217414,0.225003,0.178895,0.140916,0.090900,
0.070492,0.069774,0.074736,0.092176,0.074923,0.101654,0.140508,0.092882,0.116575,0.113923,0.132417,0.146485,0.175867,0.225544,0.237452,0.299813,0.289119,0.316032,0.256115,0.175115,0.096740,
0.065340,0.065566,0.075666,0.085215,0.075608,0.124511,0.112171,0.128825,0.128264,0.145190,0.164216,0.201220,0.271200,0.281870,0.342729,0.406857,0.445740,0.473534,0.385353,0.258465,0.123074,
0.081721,0.070899,0.078860,0.076756,0.096761,0.183645,0.125228,0.163081,0.141426,0.184154,0.219427,0.259117,0.372710,0.383903,0.479591,0.550142,0.654735,0.635110,0.560647,0.301044,0.135752,
0.058693,0.067358,0.095096,0.084021,0.129293,0.140444,0.136943,0.178652,0.208053,0.229796,0.303356,0.334201,0.426241,0.557297,0.678215,0.790691,0.953684,0.873380,0.683343,0.285366,0.124549,
0.048254,0.053805,0.058761,0.114139,0.094971,0.163738,0.224828,0.213222,0.418539,0.251470,0.419694,0.558890,0.533349,0.786385,1.007188,1.194686,1.305826,0.996255,0.494980,0.178555,0.112990,
nan,nan,nan,nan,nan,nan,nan,nan,nan,nan,0.222912,0.517419,0.697827,0.934512,1.275360,1.551914,1.141494,0.688709,0.297344,0.115384,nan,
nan,nan,0.440466,0.219317,0.243470,0.351885,0.248838,0.239935,0.262492,0.403897,0.247712,0.186271,0.085380,0.128121,0.084402,0.037169,0.044171,0.060327,0.042855,0.015067,0.006134,
nan,0.248043,0.292849,0.260738,0.258686,0.212110,0.250495,0.205172,0.196345,0.247028,0.147405,0.150086,0.133856,0.132664,0.093276,0.069718,0.051280,0.035473,0.027258,0.021763,0.013621,
0.293384,0.234819,0.262653,0.240379,0.262398,0.235328,0.238728,0.211705,0.175109,0.193143,0.165887,0.135820,0.138504,0.107962,0.106209,0.071766,0.050336,0.050379,0.029972,0.023536,0.012994,
0.311451,0.223929,0.242157,0.246941,0.235918,0.217009,0.191098,0.206568,0.159124,0.156859,0.167698,0.121941,0.132596,0.114387,0.088583,0.073908,0.053461,0.047146,0.038132,0.022629,0.015354,
0.181221,0.224191,0.226359,0.229911,0.221136,0.190860,0.177435,0.175441,0.150874,0.157114,0.161701,0.123139,0.121086,0.117544,0.077935,0.071305,0.058674,0.047386,0.029482,0.034853,0.016890,
0.130040,0.206439,0.188820,0.207635,0.220332,0.179905,0.183081,0.159176,0.146419,0.151375,0.146710,0.123582,0.109910,0.106827,0.085080,0.078673,0.059275,0.047300,0.033367,0.027043,0.020455,
0.180174,0.185163,0.170138,0.173221,0.191871,0.163240,0.167111,0.147813,0.144385,0.136126,0.134162,0.119291,0.100589,0.095365,0.090830,0.079205,0.063591,0.056880,0.043803,0.032452,0.027964,
0.209553,0.160364,0.154074,0.167162,0.177143,0.149292,0.146609,0.126597,0.131427,0.126420,0.118239,0.114254,0.099653,0.091045,0.094862,0.077983,0.068495,0.063803,0.051681,0.039112,0.034351,
0.097507,0.133398,0.130898,0.151475,0.146223,0.128543,0.138958,0.116367,0.115447,0.112574,0.106578,0.109517,0.097105,0.100292,0.094734,0.083572,0.080466,0.078821,0.061469,0.052096,0.026858,
0.178597,0.118035,0.113660,0.154142,0.127385,0.105365,0.126461,0.106223,0.101285,0.099567,0.102708,0.101618,0.094578,0.096454,0.097840,0.094931,0.097978,0.088842,0.076956,0.067261,0.047568,
0.102188,0.117332,0.102995,0.133562,0.121611,0.095235,0.109465,0.106483,0.101171,0.091712,0.106637,0.098452,0.106859,0.122618,0.109990,0.108763,0.126105,0.118980,0.092681,0.083803,0.050207,
0.097888,0.121291,0.087547,0.122037,0.109298,0.084153,0.104222,0.098474,0.098258,0.106958,0.113575,0.108829,0.116735,0.149975,0.140034,0.144782,0.161611,0.157559,0.135817,0.098329,0.062178,
0.072731,0.152723,0.092023,0.106584,0.098837,0.080949,0.105323,0.099105,0.112505,0.106125,0.128432,0.123531,0.144326,0.169580,0.180195,0.196634,0.229287,0.215395,0.187148,0.129825,0.070226,
0.078123,0.131623,0.093014,0.094726,0.092482,0.098069,0.112557,0.118410,0.131229,0.125165,0.156662,0.148767,0.193676,0.209815,0.244287,0.277784,0.308940,0.328946,0.255009,0.168348,0.103942,
0.147544,0.103943,0.099331,0.084257,0.082645,0.106633,0.114466,0.124291,0.174556,0.137812,0.174752,0.214991,0.251372,0.269041,0.318206,0.369701,0.452776,0.441706,0.362347,0.220306,0.127864,
0.049469,0.084657,0.100986,0.085688,0.086722,0.120329,0.139867,0.143084,0.175099,0.187478,0.216480,0.282381,0.320671,0.402041,0.445489,0.556730,0.644668,0.647621,0.460494,0.248619,0.116205,
0.263673,0.068811,0.084929,0.090519,0.132626,0.129572,0.180940,0.229410,0.201645,0.248786,0.296509,0.382585,0.396877,0.503582,0.607021,0.799635,0.909539,0.807540,0.535407,0.245876,0.121447,
nan,0.101652,0.070898,0.129934,0.125793,0.203219,0.216976,0.181245,0.247679,0.274876,0.457886,0.465451,0.587724,0.689574,0.917803,1.152068,1.150683,0.924531,0.462828,0.226934,0.120876,
nan,nan,nan,nan,0.106229,0.101388,0.203740,0.270269,0.340823,0.293048,0.429476,0.654040,0.637827,0.822712,1.117330,1.305967,1.205070,0.832337,0.444234,0.116204,0.058953,
nan,0.370907,0.236733,0.249939,0.223799,0.229628,0.218530,0.214309,0.222998,0.207768,0.170832,0.199603,0.083563,0.126470,0.054660,0.115039,0.041583,0.041594,0.035014,0.009355,0.013266,
0.258985,0.236592,0.238620,0.237446,0.269813,0.274038,0.250631,0.220564,0.188998,0.164870,0.159812,0.136429,0.128343,0.125798,0.114957,0.066007,0.056516,0.057070,0.022869,0.025155,0.014834,
0.290262,0.283982,0.249196,0.259166,0.233294,0.191695,0.209552,0.227093,0.172526,0.177330,0.182187,0.125693,0.123635,0.153498,0.083090,0.075856,0.055398,0.044777,0.030296,0.022820,0.014109,
0.261440,0.273754,0.239854,0.254787,0.211502,0.195096,0.204298,0.174316,0.170236,0.190938,0.152425,0.118726,0.120770,0.125395,0.087486,0.067950,0.068649,0.036930,0.029556,0.025681,0.023909,
0.348182,0.245202,0.207550,0.266109,0.230598,0.183946,0.188592,0.179049,0.166138,0.166703,0.145928,0.123808,0.111731,0.112407,0.097794,0.083513,0.062508,0.050983,0.034858,0.022527,0.023514,
0.295334,0.224069,0.199694,0.238680,0.209395,0.176785,0.170916,0.175959,0.163418,0.151417,0.142686,0.116135,0.104645,0.109597,0.085788,0.079281,0.067748,0.044610,0.041290,0.027095,0.024266,
0.205006,0.198812,0.183929,0.204421,0.195734,0.162616,0.161853,0.147088,0.157880,0.144884,0.123546,0.112159,0.101460,0.097841,0.093002,0.073661,0.065758,0.049343,0.048797,0.028018,0.021805,
0.113032,0.168116,0.165349,0.172739,0.160817,0.147322,0.152180,0.136298,0.137891,0.128199,0.126120,0.113210,0.100789,0.085459,0.083346,0.072188,0.075431,0.055527,0.051623,0.036000,0.027024,
0.234602,0.154133,0.139907,0.157454,0.133088,0.126273,0.132814,0.121330,0.128024,0.111878,0.113651,0.104592,0.094683,0.089758,0.085303,0.076507,0.083370,0.072277,0.057061,0.041611,0.033773,
0.111815,0.129561,0.123678,0.140126,0.120473,0.120225,0.128785,0.110739,0.109682,0.103407,0.100363,0.106586,0.091369,0.095578,0.089075,0.092384,0.109239,0.093780,0.074456,0.049039,0.033248,
0.088893,0.114266,0.101856,0.120652,0.110364,0.105611,0.118545,0.101271,0.095151,0.102822,0.123885,0.108420,0.104827,0.108368,0.096635,0.120759,0.136287,0.117765,0.105268,0.063809,0.046262,
0.087698,0.107125,0.100959,0.108668,0.098133,0.110687,0.098680,0.101235,0.094545,0.102880,0.117667,0.123789,0.133142,0.124107,0.130870,0.160437,0.175517,0.155405,0.129314,0.092919,0.057777,
0.072052,0.099277,0.088183,0.105423,0.091336,0.110673,0.093700,0.122833,0.101308,0.111013,0.118371,0.126466,0.148691,0.170013,0.167097,0.207175,0.220576,0.206950,0.163686,0.109543,0.075746,
0.066043,0.090142,0.093334,0.103440,0.104310,0.119656,0.099199,0.106443,0.122526,0.119942,0.127130,0.175247,0.183402,0.207283,0.224674,0.254420,0.299468,0.274491,0.226912,0.153772,0.080145,
0.553082,0.073973,0.102557,0.112912,0.114932,0.130057,0.113275,0.117636,0.163188,0.137129,0.146986,0.218476,0.230785,0.286847,0.327747,0.378564,0.419439,0.415547,0.335325,0.185291,0.098754,
0.072566,0.079496,0.085514,0.089637,0.128667,0.135773,0.145698,0.139104,0.203151,0.185419,0.213905,0.286037,0.325902,0.348309,0.448443,0.497946,0.610508,0.586414,0.426717,0.238016,0.115268,
nan,0.135796,0.093329,0.121470,0.110695,0.159708,0.148016,0.205627,0.247450,0.215509,0.278980,0.354918,0.404231,0.514454,0.649478,0.729243,0.751185,0.688818,0.501513,0.212595,0.109984,
0.109722,0.082126,0.155174,0.109007,0.095257,0.209747,0.149537,0.191300,0.227468,0.255292,0.361084,0.465268,0.566579,0.668588,0.817370,0.879312,0.967532,0.745970,0.399863,0.208346,0.095696,
nan,nan,nan,0.134721,0.166123,0.117296,0.201137,0.237734,0.177759,0.366114,0.588455,0.601938,0.522175,0.791879,0.972535,0.994283,0.934788,0.528225,0.222070,0.104130,0.038362,
nan,0.227183,0.174037,0.206031,0.181919,0.252248,0.259127,0.255308,0.268945,0.287779,0.099693,0.119210,0.152757,0.154980,0.186862,0.056629,0.088637,0.045526,0.031663,0.007535,0.005376,
0.203757,0.260921,0.241267,0.271522,0.262770,0.190228,0.208483,0.212630,0.190256,0.172345,0.193567,0.120791,0.135236,0.094360,0.077891,0.079317,0.058065,0.047303,0.025478,0.026518,0.011688,
0.281544,0.276350,0.246495,0.307114,0.224095,0.217760,0.199105,0.183915,0.193768,0.185779,0.169832,0.127010,0.130965,0.118122,0.081163,0.067127,0.071415,0.034619,0.021893,0.017219,0.012886,
0.381081,0.251407,0.226508,0.254453,0.266703,0.185216,0.214618,0.212958,0.191261,0.169772,0.162445,0.131703,0.106664,0.118082,0.086656,0.080617,0.063192,0.050296,0.029335,0.019979,0.016233,
0.398057,0.229182,0.221145,0.223658,0.229390,0.199351,0.205209,0.163619,0.180812,0.164907,0.157020,0.121850,0.103396,0.101788,0.090423,0.079117,0.061635,0.040376,0.044350,0.019583,0.015912,
0.260732,0.225038,0.193115,0.211918,0.209178,0.170674,0.191880,0.164503,0.178772,0.153694,0.134556,0.121159,0.108969,0.100193,0.090287,0.065860,0.064004,0.042089,0.042230,0.025909,0.018360,
0.178255,0.227473,0.191524,0.184131,0.197391,0.168531,0.159193,0.155962,0.149701,0.123236,0.127470,0.120159,0.105359,0.084467,0.080979,0.063175,0.073277,0.050595,0.038709,0.029282,0.018481,
0.154112,0.232333,0.189459,0.175086,0.161072,0.148157,0.146150,0.146261,0.120381,0.107888,0.110355,0.109199,0.096031,0.086917,0.088242,0.075657,0.078396,0.069959,0.051037,0.029999,0.022682,
0.113675,0.173487,0.175346,0.144103,0.133856,0.130538,0.130478,0.128057,0.108086,0.098584,0.107532,0.099799,0.099479,0.085549,0.091227,0.085898,0.088070,0.076268,0.057853,0.041794,0.025865,
0.161069,0.132062,0.135810,0.127014,0.112888,0.109026,0.108949,0.108281,0.098175,0.094341,0.098430,0.105174,0.106511,0.095946,0.093033,0.097308,0.091106,0.084019,0.073417,0.052839,0.034857,
0.224272,0.117954,0.118380,0.117291,0.096576,0.101832,0.102965,0.107391,0.098686,0.093105,0.093760,0.108005,0.110118,0.119433,0.122293,0.111199,0.128863,0.103008,0.097422,0.062583,0.041131,
0.099596,0.109955,0.097618,0.102948,0.096887,0.106562,0.100092,0.107232,0.111376,0.095258,0.103803,0.115698,0.119100,0.126744,0.133441,0.146141,0.160735,0.144318,0.123585,0.073786,0.054696,
0.070362,0.098160,0.098937,0.096953,0.097767,0.097792,0.088194,0.096611,0.118840,0.102292,0.116310,0.124560,0.136053,0.151123,0.177742,0.204309,0.185134,0.190253,0.161326,0.108551,0.057112,
0.139627,0.113180,0.103350,0.099517,0.099674,0.111565,0.105049,0.115446,0.115791,0.109547,0.140897,0.156969,0.150151,0.207112,0.228655,0.245578,0.264074,0.272227,0.219926,0.140459,0.089287,
0.084868,0.120898,0.099259,0.108009,0.125447,0.110771,0.104604,0.148540,0.127511,0.146525,0.200156,0.183111,0.198794,0.265361,0.289571,0.338843,0.351417,0.346320,0.289508,0.171172,0.073034,
0.112045,0.076877,0.075048,0.077528,0.113063,0.125968,0.117815,0.165711,0.134767,0.200590,0.214304,0.269506,0.274178,0.388260,0.395207,0.478361,0.490685,0.448480,0.339328,0.179285,0.091389,
0.075384,0.195632,0.127102,0.088717,0.169913,0.121456,0.184821,0.153539,0.154200,0.243361,0.300034,0.296468,0.438870,0.426554,0.588922,0.637484,0.597405,0.546440,0.387416,0.195552,0.108600,
nan,0.200192,0.121800,0.156364,0.120035,0.153660,0.149565,0.177669,0.240559,0.313141,0.292786,0.362994,0.534757,0.665275,0.698155,0.778712,0.701716,0.506493,0.340804,0.175852,0.104910,
nan,nan,0.363581,0.087078,0.555702,0.114762,0.135240,0.405328,0.182989,0.260050,0.341508,0.661360,0.429321,0.648701,0.865406,0.923356,0.573110,0.383417,0.273881,0.082991,0.092410,
nan,0.178864,0.287378,0.206751,0.306818,0.226374,0.228508,0.133199,0.350320,0.204591,0.237703,0.123029,0.109039,0.117666,0.120459,0.061427,0.048898,0.030973,0.021695,0.012976,0.034068,
0.348563,0.285643,0.263731,0.265689,0.227425,0.211865,0.195409,0.224534,0.198601,0.177270,0.181302,0.118256,0.160856,0.095156,0.100570,0.078265,0.052887,0.043140,0.033699,0.016817,0.013378,
0.166681,0.227797,0.223861,0.227057,0.281951,0.180675,0.218478,0.225528,0.188925,0.195802,0.141995,0.130149,0.108983,0.113844,0.087729,0.071495,0.055244,0.038492,0.027573,0.018990,0.026944,
0.175085,0.223444,0.220627,0.244321,0.235948,0.205253,0.206650,0.174243,0.190047,0.170482,0.168913,0.134041,0.114174,0.111319,0.087955,0.074265,0.058995,0.037172,0.032330,0.016305,0.012355,
0.182703,0.225233,0.228904,0.239647,0.219001,0.192585,0.193844,0.182847,0.179989,0.165434,0.144088,0.134869,0.119291,0.106336,0.085432,0.056378,0.066852,0.038025,0.030303,0.022826,0.016554,
0.177585,0.175707,0.236003,0.192629,0.194485,0.206933,0.163760,0.166752,0.159612,0.133902,0.134314,0.131934,0.120677,0.082097,0.080426,0.062510,0.064313,0.058040,0.039980,0.023946,0.015151,
0.177443,0.166902,0.217265,0.170441,0.169260,0.169425,0.163693,0.168227,0.151712,0.124400,0.115881,0.111487,0.098877,0.101263,0.089901,0.073047,0.066223,0.066649,0.046099,0.027061,0.019055,
0.164505,0.150825,0.173886,0.158127,0.145315,0.143103,0.156470,0.137667,0.129937,0.113752,0.109336,0.102784,0.105153,0.090535,0.092201,0.080287,0.068268,0.057052,0.046959,0.034676,0.022755,
0.104583,0.132647,0.147979,0.133863,0.134622,0.125339,0.125709,0.129872,0.120310,0.108037,0.100138,0.096579,0.100070,0.092961,0.093222,0.078326,0.078801,0.064950,0.055952,0.037917,0.032021,
0.141980,0.140883,0.126653,0.119820,0.107214,0.110906,0.105332,0.113065,0.109982,0.097079,0.101064,0.096012,0.090008,0.101393,0.102735,0.082289,0.098481,0.089713,0.076058,0.044094,0.035029,
0.121267,0.122059,0.111607,0.105637,0.111351,0.094141,0.098374,0.102000,0.098770,0.094467,0.101651,0.110474,0.106642,0.094447,0.111920,0.111522,0.104106,0.106901,0.083811,0.057396,0.045996,
0.086014,0.115589,0.103895,0.101997,0.098534,0.090763,0.094716,0.095704,0.096365,0.090754,0.110645,0.125594,0.112759,0.113083,0.136427,0.143208,0.140875,0.131139,0.111949,0.079408,0.050860,
0.108617,0.112202,0.095739,0.098541,0.088884,0.087822,0.094478,0.111004,0.101607,0.099781,0.121578,0.136061,0.122744,0.149226,0.176836,0.171125,0.174981,0.184777,0.140186,0.099786,0.059087,
0.184645,0.077620,0.081264,0.092269,0.087503,0.093934,0.106968,0.134210,0.092900,0.105485,0.145806,0.160896,0.163397,0.165344,0.208126,0.221952,0.251199,0.222043,0.182247,0.117356,0.063955,
0.088878,0.120912,0.083498,0.082479,0.092698,0.084713,0.094708,0.144457,0.106427,0.147956,0.162524,0.184571,0.257880,0.251436,0.296633,0.308654,0.333205,0.286170,0.217644,0.132908,0.077356,
0.100055,0.119528,0.092851,0.142369,0.097493,0.092885,0.123874,0.112660,0.143210,0.176146,0.211955,0.249048,0.291449,0.354689,0.369261,0.421190,0.422999,0.373099,0.282688,0.168185,0.098370,
0.049269,0.078600,0.085399,0.077426,0.161733,0.094682,0.119698,0.187039,0.190072,0.199279,0.275652,0.311618,0.381632,0.387604,0.504441,0.592289,0.579585,0.447830,0.287565,0.150218,0.077366,
0.030520,0.088993,0.169492,0.091453,0.124925,0.172767,0.202580,0.230779,0.276907,0.243805,0.360292,0.395611,0.448027,0.532037,0.693965,0.599481,0.636536,0.447818,0.262358,0.165120,0.082562,
nan,nan,0.105714,0.263498,0.121238,0.081020,0.095317,0.225345,0.292058,0.394122,0.493371,0.629733,0.656741,0.466236,0.541750,0.521437,0.405322,0.443990,0.280217,0.070913,0.019635,
nan,0.248308,0.178781,0.218648,0.319402,0.342943,0.286571,0.243307,0.225419,0.198584,0.126496,0.150334,0.167052,0.176694,0.078530,0.043932,0.060848,0.018410,0.028114,0.037360,0.023013,
0.171119,0.289590,0.255129,0.298522,0.228136,0.234152,0.219876,0.209516,0.211162,0.170505,0.163460,0.150455,0.136073,0.180022,0.071015,0.073982,0.056676,0.047618,0.024256,0.025159,0.011566,
0.226565,0.249983,0.241924,0.250946,0.234700,0.228637,0.216940,0.205121,0.216083,0.155306,0.183052,0.141749,0.118373,0.109532,0.078709,0.069934,0.056282,0.041810,0.031858,0.017766,0.010248,
0.221390,0.247330,0.265077,0.252007,0.221272,0.195802,0.217407,0.204389,0.190091,0.191208,0.147517,0.135302,0.125280,0.110890,0.086065,0.057147,0.058095,0.039512,0.038094,0.018898,0.013216,
0.172980,0.216149,0.229234,0.236223,0.211159,0.209899,0.237293,0.183760,0.161843,0.145936,0.139686,0.138350,0.128540,0.088033,0.082330,0.061066,0.065025,0.054125,0.033835,0.022597,0.015226,
0.253242,0.205699,0.193871,0.229361,0.184319,0.179667,0.201231,0.176553,0.176958,0.134888,0.128225,0.122207,0.099133,0.107851,0.091452,0.081355,0.063472,0.055375,0.032817,0.024139,0.015399,
0.221199,0.190737,0.177319,0.177450,0.164911,0.154627,0.169642,0.165737,0.158131,0.131811,0.117532,0.104016,0.102944,0.089045,0.083726,0.072089,0.063796,0.048496,0.039871,0.026962,0.019572,
0.164269,0.169812,0.175031,0.154991,0.158666,0.140545,0.141740,0.156996,0.138516,0.121142,0.121184,0.105915,0.100719,0.095038,0.077739,0.065239,0.069722,0.057480,0.043213,0.033281,0.024163,
0.145010,0.139639,0.149973,0.135016,0.152683,0.128472,0.137801,0.119591,0.114482,0.102435,0.107455,0.102707,0.098610,0.084080,0.097457,0.072549,0.080025,0.081478,0.055113,0.036976,0.023990,
0.105359,0.122344,0.123375,0.119717,0.140056,0.111128,0.120927,0.095715,0.097346,0.089915,0.092375,0.102108,0.087975,0.089739,0.091074,0.085170,0.080125,0.076825,0.066691,0.042067,0.032772,
0.182086,0.092668,0.105215,0.111165,0.126246,0.105902,0.114695,0.090964,0.088791,0.092916,0.093511,0.102325,0.094329,0.089876,0.110937,0.099044,0.100750,0.091129,0.084055,0.052691,0.034501,
0.098826,0.118908,0.092986,0.100705,0.100807,0.100166,0.107520,0.091234,0.101130,0.095366,0.098119,0.105516,0.113090,0.105652,0.135352,0.126456,0.128574,0.129782,0.094671,0.076909,0.041254,
0.074767,0.086996,0.086076,0.098640,0.110095,0.114784,0.095001,0.088915,0.104500,0.097971,0.102100,0.121676,0.140208,0.126535,0.158047,0.171473,0.183848,0.149393,0.132262,0.085107,0.046892,
0.146287,0.103481,0.084376,0.094951,0.094397,0.091868,0.105624,0.107330,0.097560,0.112130,0.117830,0.130097,0.161427,0.192961,0.188971,0.198223,0.221733,0.192028,0.148827,0.103331,0.051248,
0.328901,0.149977,0.089887,0.110092,0.096836,0.090564,0.107500,0.117436,0.106030,0.137114,0.151766,0.194546,0.215568,0.225864,0.240156,0.265937,0.277792,0.271501,0.185195,0.110686,0.082797,
0.074036,0.090285,0.079597,0.094890,0.132713,0.091027,0.117202,0.129086,0.108278,0.183451,0.186564,0.266229,0.270293,0.275216,0.318404,0.359374,0.382512,0.334383,0.218364,0.133603,0.075744,
0.063092,0.090956,0.089004,0.106050,0.099593,0.112336,0.147100,0.163669,0.177006,0.201628,0.272201,0.268342,0.336062,0.397284,0.370858,0.463518,0.426867,0.377105,0.261205,0.126052,0.066320,
nan,0.076054,0.209042,0.117210,0.075899,0.108809,0.199536,0.129853,0.223813,0.281212,0.413120,0.342666,0.368017,0.458665,0.461607,0.537558,0.479046,0.363801,0.202520,0.162754,0.067487,
nan,0.063630,nan,0.159832,0.116692,0.141895,0.156252,0.202932,0.363104,0.191487,0.218440,0.497768,0.392208,0.345143,0.611224,0.617973,0.893939,0.289265,0.175056,0.108253,0.021376,
nan,0.275696,0.335079,0.244487,0.219764,0.270638,0.205179,0.245171,0.223771,0.218730,0.080816,0.071863,0.131441,0.149648,0.223406,0.047409,0.034569,0.032399,0.024449,0.104765,0.004212,
0.265587,0.292177,0.239644,0.237493,0.266454,0.197410,0.207186,0.212737,0.195259,0.191350,0.153822,0.146081,0.093613,0.106790,0.091520,0.061530,0.083119,0.031588,0.023193,0.014758,0.011372,
0.336168,0.269788,0.262465,0.262456,0.229741,0.197673,0.209402,0.188738,0.188669,0.221164,0.168139,0.152896,0.124034,0.113214,0.094167,0.076985,0.059054,0.036922,0.023937,0.013977,0.014531,
0.236636,0.236242,0.237383,0.252712,0.213336,0.209890,0.235248,0.198894,0.177456,0.168552,0.160307,0.141136,0.132639,0.099155,0.084087,0.070931,0.057561,0.045436,0.029916,0.022638,0.012312,
0.317250,0.210481,0.216735,0.219629,0.196744,0.197688,0.215629,0.196327,0.199871,0.152628,0.147279,0.124944,0.107581,0.106140,0.097715,0.078819,0.056570,0.047630,0.039621,0.027080,0.013733,
0.278609,0.238145,0.201285,0.227986,0.201203,0.178144,0.183256,0.189792,0.179626,0.150906,0.137783,0.107532,0.101677,0.092186,0.090089,0.070064,0.059666,0.048199,0.036871,0.023496,0.016921,
0.181061,0.214715,0.190582,0.214648,0.181269,0.187217,0.164330,0.165947,0.151153,0.138493,0.140210,0.126787,0.117529,0.099424,0.073610,0.065803,0.066707,0.049790,0.039424,0.027429,0.022151,
0.176451,0.202031,0.165816,0.182428,0.156273,0.156177,0.150575,0.124654,0.126026,0.110418,0.111754,0.113399,0.095427,0.087110,0.096074,0.072616,0.074524,0.064098,0.044548,0.029911,0.017752,
0.149655,0.174235,0.148744,0.154612,0.127828,0.145596,0.136341,0.108663,0.107053,0.115015,0.095722,0.113187,0.087383,0.082669,0.088913,0.077596,0.070735,0.059074,0.053251,0.029227,0.022556,
0.099590,0.118851,0.133130,0.130472,0.116646,0.128803,0.109404,0.107717,0.103637,0.109655,0.098713,0.094217,0.094877,0.077951,0.097184,0.081632,0.081766,0.066510,0.063630,0.041371,0.025359,
0.107929,0.110007,0.126000,0.103019,0.102574,0.106922,0.106144,0.091471,0.102078,0.087953,0.094986,0.102077,0.093214,0.088818,0.111674,0.094814,0.108936,0.086426,0.072392,0.055447,0.035097,
0.095177,0.090471,0.121489,0.090052,0.098487,0.105862,0.104134,0.103460,0.088741,0.084602,0.103285,0.114251,0.113389,0.120697,0.121909,0.121840,0.116694,0.099050,0.089533,0.062242,0.035138,
0.084642,0.112564,0.119251,0.105345,0.092124,0.106126,0.094569,0.101051,0.088643,0.099361,0.098169,0.120224,0.130258,0.141891,0.139039,0.134797,0.157355,0.139727,0.114853,0.074619,0.040346,
0.098040,0.083391,0.129416,0.087674,0.090069,0.098758,0.098319,0.104883,0.100693,0.126689,0.128950,0.146783,0.148005,0.166470,0.167806,0.178782,0.198544,0.170982,0.130163,0.087308,0.054770,
0.341800,0.097880,0.092235,0.083923,0.100665,0.132932,0.092159,0.128867,0.116643,0.132945,0.148372,0.174451,0.173356,0.186898,0.191406,0.234424,0.245363,0.220123,0.158723,0.102725,0.067553,
0.067062,0.056077,0.092094,0.080287,0.100657,0.102503,0.102324,0.145845,0.150992,0.152084,0.193821,0.181246,0.242771,0.260166,0.261534,0.313095,0.326287,0.288262,0.189577,0.103493,0.079661,
0.072097,0.070300,0.120507,0.110645,0.089561,0.099545,0.147747,0.129329,0.210948,0.189052,0.233673,0.238918,0.285552,0.321085,0.381673,0.334347,0.370327,0.259735,0.218994,0.112110,0.053913,
0.050168,0.061553,0.162384,0.115394,0.102307,0.139838,0.154602,0.172045,0.208459,0.203151,0.238763,0.277761,0.401471,0.403703,0.417196,0.483303,0.316455,0.318033,0.200165,0.129014,0.042536,
nan,0.151650,nan,0.076244,0.141138,0.138927,0.168713,0.166942,0.268030,0.240039,0.317941,0.281499,0.675280,0.360715,0.454539,0.598935,0.447785,0.155371,0.199099,0.046949,0.036784,
nan,0.376049,0.244274,0.284458,0.195794,0.187459,0.213320,0.337039,0.189586,0.142428,0.113161,0.120780,0.104818,0.137983,0.089068,0.060157,0.039079,0.048274,0.019663,0.031740,0.014428,
0.257169,0.269287,0.243947,0.247971,0.242902,0.228069,0.221763,0.230907,0.208004,0.211983,0.158531,0.128148,0.133229,0.104915,0.111715,0.063593,0.064548,0.037506,0.025501,0.012364,0.018899,
0.160049,0.216292,0.255920,0.246149,0.251068,0.221124,0.238244,0.217729,0.200822,0.193260,0.150129,0.131107,0.115579,0.120344,0.085811,0.057258,0.064374,0.046329,0.039886,0.016111,0.013289,
0.173291,0.199326,0.258508,0.240227,0.214365,0.228634,0.229168,0.209081,0.180868,0.147145,0.143047,0.158314,0.125112,0.095144,0.093982,0.059913,0.060614,0.044795,0.032050,0.018838,0.014406,
0.131046,0.207754,0.219372,0.231682,0.232381,0.195365,0.201844,0.199618,0.180873,0.170207,0.154824,0.117972,0.110654,0.091709,0.093610,0.070550,0.069009,0.049157,0.035389,0.019337,0.015052,
0.181418,0.180717,0.200103,0.195304,0.199387,0.200888,0.179049,0.172038,0.165050,0.151443,0.147146,0.137933,0.119096,0.112329,0.074900,0.070323,0.070226,0.052998,0.032595,0.021698,0.016311,
0.206576,0.187170,0.172480,0.177421,0.173305,0.182592,0.167731,0.133294,0.136958,0.123595,0.115577,0.123654,0.096065,0.089461,0.087224,0.068471,0.066983,0.053581,0.037386,0.026250,0.019739,
0.169661,0.150870,0.160990,0.155859,0.146467,0.164161,0.156696,0.135237,0.127691,0.135947,0.114643,0.115889,0.097483,0.074760,0.084356,0.071896,0.062684,0.048467,0.045201,0.026019,0.015753,
0.110194,0.173925,0.146466,0.126474,0.132285,0.130829,0.122954,0.120410,0.119954,0.109326,0.099710,0.095368,0.091911,0.074155,0.088070,0.068282,0.063248,0.055039,0.046977,0.031744,0.020159,
0.126694,0.155261,0.123298,0.114441,0.118924,0.111406,0.125314,0.105721,0.103410,0.094617,0.092658,0.105742,0.084835,0.081165,0.092302,0.083154,0.086646,0.069816,0.056062,0.041443,0.021754,
0.114509,0.121917,0.100067,0.106392,0.112373,0.102871,0.103512,0.101747,0.105183,0.104704,0.089648,0.102017,0.090366,0.100200,0.094622,0.089374,0.081307,0.078098,0.062764,0.043954,0.031604,
0.086066,0.092010,0.095567,0.097260,0.111463,0.103345,0.095709,0.092090,0.102847,0.102700,0.091720,0.098123,0.105363,0.113487,0.106978,0.107416,0.120869,0.095171,0.088326,0.054789,0.033835,
0.065809,0.088790,0.102831,0.091109,0.091973,0.115230,0.082878,0.095271,0.102826,0.087443,0.109835,0.120396,0.107829,0.112382,0.127183,0.132866,0.142468,0.123496,0.092073,0.062949,0.031095,
0.074111,0.118281,0.099460,0.104385,0.101293,0.119450,0.079202,0.092395,0.104993,0.093609,0.108293,0.138681,0.130689,0.139049,0.156874,0.159048,0.171260,0.150697,0.115157,0.080258,0.049060,
0.066725,0.085371,0.135105,0.088496,0.122586,0.119991,0.097951,0.119063,0.114155,0.118628,0.137782,0.152586,0.166350,0.200770,0.210052,0.196120,0.236786,0.223644,0.142605,0.071153,0.051693,
0.600272,0.077926,0.094665,0.148056,0.143019,0.092096,0.113438,0.147823,0.125749,0.141876,0.183167,0.173568,0.218832,0.221756,0.248508,0.252364,0.250125,0.214283,0.154552,0.094711,0.073620,
0.265090,0.065058,0.112077,0.085871,0.121019,0.103115,0.143891,0.129024,0.175715,0.197072,0.227840,0.212519,0.273721,0.297157,0.291685,0.319782,0.347925,0.228326,0.209878,0.090262,0.040661,
nan,0.089034,0.069906,0.098376,0.100309,0.138910,0.185744,0.194059,0.170691,0.280589,0.221030,0.289304,0.280066,0.347176,0.403970,0.423992,0.398810,0.261733,0.155327,0.090959,0.032915,
nan,0.124208,nan,0.067582,0.085652,0.066835,0.137075,0.115327,0.117502,0.142522,0.236458,0.283878,0.260447,0.299747,0.461597,0.250899,0.260645,0.165702,0.152121,0.066225,0.049059,
nan,0.251750,0.138732,0.275139,0.224395,0.247051,0.219801,0.081711,0.245512,0.199115,0.120868,0.119849,0.183735,0.152629,0.090343,0.052021,0.046564,0.034127,0.019309,0.009345,0.016734,
0.282565,0.209723,0.254262,0.251925,0.248365,0.185209,0.201119,0.211278,0.195146,0.160597,0.173177,0.128513,0.119724,0.120795,0.094310,0.069291,0.057385,0.038929,0.021963,0.017888,0.023552,
0.225204,0.229420,0.282892,0.284201,0.213733,0.222477,0.232443,0.192732,0.183559,0.188262,0.152063,0.148058,0.168853,0.097459,0.081874,0.060716,0.043038,0.035866,0.019489,0.018303,0.014284,
0.359341,0.247076,0.218969,0.227563,0.238029,0.213691,0.217947,0.212345,0.196609,0.164909,0.165097,0.110515,0.125586,0.117833,0.091471,0.072133,0.055217,0.042228,0.041933,0.035539,0.012358,
0.207723,0.211901,0.214550,0.211116,0.213456,0.206811,0.203566,0.179762,0.177102,0.178146,0.143958,0.136702,0.119401,0.114560,0.089424,0.069145,0.053519,0.056175,0.029102,0.019405,0.018194,
0.130752,0.176153,0.181648,0.189921,0.180201,0.198136,0.190944,0.160247,0.158236,0.136309,0.122531,0.127969,0.111145,0.098362,0.084164,0.061527,0.063389,0.037551,0.031161,0.022003,0.017857,
0.128082,0.171417,0.167687,0.166089,0.165661,0.163944,0.167462,0.170866,0.149217,0.143198,0.128117,0.129627,0.104023,0.079409,0.076166,0.080359,0.055527,0.046230,0.039955,0.025588,0.015267,
0.089779,0.191684,0.146918,0.161128,0.165000,0.153112,0.139311,0.136798,0.123105,0.115032,0.108439,0.104793,0.091063,0.073704,0.084177,0.059712,0.063053,0.050040,0.038600,0.027970,0.016422,
0.106101,0.123954,0.125870,0.146030,0.142028,0.133373,0.131853,0.119354,0.115312,0.108950,0.097107,0.098502,0.094676,0.082401,0.076814,0.077367,0.074327,0.053954,0.042188,0.030471,0.019406,
0.122195,0.150533,0.118025,0.129859,0.129079,0.110022,0.109375,0.097667,0.102245,0.107902,0.095864,0.096342,0.090688,0.082847,0.077206,0.076565,0.067730,0.064706,0.051904,0.037080,0.024776,
0.097835,0.106169,0.107168,0.116754,0.115116,0.109082,0.096991,0.103539,0.092483,0.091145,0.098172,0.092309,0.095918,0.088535,0.086469,0.095557,0.091865,0.075327,0.058081,0.041495,0.026226,
0.091450,0.096318,0.100243,0.108016,0.111405,0.096441,0.085401,0.098633,0.091599,0.085872,0.095244,0.100874,0.098181,0.088010,0.096057,0.091195,0.092071,0.091477,0.072705,0.048402,0.029888,
0.086075,0.094438,0.089778,0.115094,0.098031,0.102338,0.102190,0.109849,0.081078,0.086750,0.090241,0.114366,0.101460,0.128592,0.103796,0.113955,0.131702,0.108759,0.078509,0.058265,0.027962,
0.068676,0.116205,0.097540,0.076722,0.092832,0.095429,0.088341,0.106274,0.097257,0.105818,0.114102,0.133312,0.127238,0.129597,0.142587,0.149171,0.149926,0.135906,0.118590,0.072916,0.044085,
0.064163,0.115862,0.091941,0.082888,0.109945,0.095627,0.137124,0.110197,0.116679,0.143842,0.161048,0.133396,0.156385,0.172760,0.174027,0.171445,0.173439,0.155086,0.120246,0.080499,0.040151,
0.079986,0.069288,0.097079,0.115774,0.117068,0.119261,0.123086,0.112642,0.129538,0.183197,0.173620,0.170162,0.180387,0.233433,0.195659,0.231501,0.236294,0.193042,0.137008,0.075815,0.049316,
0.053661,0.231506,0.080386,0.166118,0.149023,0.108267,0.128987,0.164738,0.158610,0.174015,0.171137,0.194302,0.233008,0.240656,0.250613,0.290347,0.260522,0.227228,0.168764,0.090256,0.054041,
0.101030,0.071238,0.095327,0.104694,0.121325,0.107569,0.149762,0.162561,0.252253,0.216236,0.251624,0.217784,0.283675,0.320070,0.286918,0.305489,0.329285,0.218074,0.138307,0.105162,0.021343,
nan,nan,0.062996,0.134636,0.114004,0.066040,0.136726,0.134686,0.177097,0.155977,0.339679,0.288141,0.166541,0.339590,0.374425,0.515852,0.304948,0.268935,0.062747,0.077690,0.016425,
nan,0.324817,0.309905,0.192067,0.303325,0.257258,0.191495,0.175648,0.257586,0.138740,0.156285,0.104798,0.175903,0.127813,0.102121,0.049757,0.036933,0.037126,0.019347,0.047685,0.009575,
0.182918,0.229101,0.258884,0.262184,0.230077,0.242700,0.197735,0.201138,0.217921,0.187392,0.165374,0.167044,0.104081,0.129557,0.085488,0.071031,0.053695,0.033771,0.033029,0.017309,0.009608,
0.307171,0.267585,0.212341,0.222589,0.241883,0.255629,0.243385,0.208263,0.187248,0.159485,0.168389,0.140378,0.120004,0.109925,0.097086,0.068237,0.064127,0.043796,0.028320,0.021950,0.012240,
0.173924,0.210972,0.210512,0.236392,0.224245,0.232084,0.242074,0.205890,0.203272,0.176209,0.160308,0.130484,0.129992,0.087783,0.094188,0.065582,0.068876,0.046863,0.030767,0.016907,0.014042,
0.175321,0.208427,0.216778,0.212419,0.194250,0.220925,0.194049,0.183559,0.167215,0.143465,0.149499,0.117734,0.114327,0.111525,0.073216,0.071551,0.071820,0.041233,0.030218,0.019934,0.025241,
0.186481,0.214681,0.218369,0.201526,0.181942,0.172918,0.176425,0.186392,0.161444,0.148428,0.125567,0.138448,0.105322,0.093981,0.077428,0.071917,0.054139,0.053945,0.033940,0.025260,0.014837,
0.119805,0.192235,0.182958,0.185379,0.174290,0.168979,0.169656,0.144283,0.136470,0.129170,0.121769,0.114012,0.103986,0.078845,0.080796,0.070491,0.058199,0.047931,0.035330,0.021201,0.015016,
0.133811,0.171553,0.161388,0.166035,0.156965,0.139335,0.150935,0.118219,0.135737,0.128676,0.111049,0.100861,0.096224,0.089445,0.072264,0.069843,0.062874,0.042536,0.034389,0.025321,0.015514,
0.123557,0.176288,0.143975,0.139350,0.144470,0.132649,0.117110,0.113100,0.125227,0.116397,0.104329,0.096096,0.090365,0.077595,0.072174,0.065237,0.064873,0.052863,0.042777,0.032923,0.019604,
0.117984,0.135317,0.134770,0.103460,0.138437,0.123186,0.111296,0.107595,0.103188,0.099103,0.090382,0.087642,0.093612,0.080881,0.081690,0.077553,0.073623,0.056120,0.044832,0.033776,0.020032,
0.110724,0.125221,0.100928,0.098044,0.126195,0.104278,0.110006,0.114689,0.091762,0.085268,0.090984,0.094771,0.085791,0.086812,0.077393,0.078478,0.069211,0.071441,0.057076,0.037582,0.024058,
0.213278,0.093816,0.100779,0.113853,0.110910,0.102386,0.119936,0.108142,0.089600,0.087044,0.101411,0.097445,0.097624,0.097731,0.085407,0.091576,0.096136,0.088158,0.059788,0.039403,0.024116,
0.067730,0.082815,0.095061,0.095424,0.090626,0.121258,0.092760,0.096218,0.100418,0.095371,0.134216,0.096141,0.098272,0.099354,0.109672,0.109851,0.098107,0.096394,0.074575,0.054802,0.027908,
0.085709,0.075838,0.082870,0.126046,0.089042,0.094219,0.125587,0.099231,0.111782,0.111387,0.115576,0.107493,0.115809,0.129810,0.149951,0.122147,0.119149,0.111298,0.106492,0.063545,0.036174,
0.133666,0.073839,0.078996,0.117678,0.126440,0.086476,0.091341,0.114569,0.104923,0.129521,0.103887,0.131511,0.142401,0.140116,0.161390,0.147301,0.139368,0.145778,0.103531,0.069735,0.033920,
0.059704,0.110576,0.118614,0.082136,0.128812,0.127528,0.113001,0.105283,0.128489,0.128367,0.139126,0.144494,0.147300,0.208398,0.205301,0.195232,0.200293,0.159931,0.136246,0.073651,0.050335,
0.076060,0.072809,0.088695,0.094345,0.118146,0.105607,0.151406,0.129758,0.153061,0.169999,0.186952,0.164023,0.204756,0.221076,0.176175,0.271900,0.226035,0.204751,0.136472,0.089080,0.042641,
0.062518,0.058105,0.092752,0.100918,0.100607,0.094666,0.104512,0.228966,0.148034,0.166686,0.228503,0.227573,0.256152,0.235917,0.260423,0.279516,0.223161,0.235213,0.106311,0.074606,0.022808,
nan,nan,0.071791,0.080301,nan,0.118791,0.277985,0.199225,0.156644,0.221653,0.206479,0.191305,0.282237,0.213674,0.165480,0.173903,0.216934,0.115446,0.302599,0.041085,0.008787,
nan,0.239952,0.326444,0.216199,0.141262,0.290026,0.243117,0.129249,0.111270,0.180969,0.194156,0.115225,0.049224,0.101027,0.067208,0.078374,0.047226,0.054741,0.022534,0.012629,0.014147,
0.311752,0.273820,0.263687,0.248335,0.238161,0.230410,0.214933,0.224480,0.191140,0.185920,0.210152,0.160987,0.128434,0.106043,0.070133,0.068167,0.049248,0.039348,0.029034,0.014018,0.023618,
0.192364,0.236576,0.258095,0.243968,0.248935,0.202855,0.230695,0.212843,0.197785,0.169267,0.146708,0.159400,0.120375,0.110016,0.098912,0.067610,0.059410,0.040109,0.032252,0.017554,0.012121,
0.202381,0.230032,0.248307,0.244058,0.221934,0.219048,0.228027,0.189402,0.170751,0.180086,0.161811,0.135212,0.132349,0.108519,0.084178,0.076374,0.056552,0.038220,0.030056,0.019227,0.009302,
0.238613,0.234695,0.224478,0.229334,0.208383,0.184897,0.182604,0.192226,0.166035,0.142011,0.130922,0.139094,0.118907,0.101099,0.080571,0.059740,0.061727,0.040393,0.031222,0.019598,0.013250,
0.219914,0.195030,0.202682,0.207065,0.198215,0.192551,0.174070,0.169915,0.164401,0.145827,0.137215,0.125227,0.109288,0.087062,0.080602,0.081246,0.062947,0.041811,0.031022,0.022966,0.014639,
0.230955,0.175908,0.186811,0.181337,0.186230,0.165837,0.170491,0.136380,0.140095,0.129637,0.121765,0.111190,0.111118,0.088398,0.078334,0.066440,0.056739,0.036836,0.035240,0.021332,0.014280,
0.172003,0.154740,0.177218,0.148705,0.157453,0.161393,0.139606,0.143769,0.140281,0.139778,0.114194,0.104090,0.092717,0.084996,0.076596,0.058756,0.062475,0.049088,0.037736,0.024471,0.015546,
0.128428,0.128611,0.143269,0.125628,0.145378,0.134067,0.124222,0.123123,0.113603,0.101339,0.103370,0.089506,0.094945,0.081452,0.076250,0.082820,0.061014,0.055052,0.039442,0.023984,0.026835,
0.105592,0.116898,0.120802,0.120729,0.121946,0.108507,0.111408,0.128162,0.103239,0.095870,0.094123,0.096187,0.084241,0.087665,0.070017,0.068479,0.062924,0.054999,0.046134,0.033092,0.018652,
0.122679,0.141260,0.139693,0.112783,0.107348,0.092854,0.091922,0.096005,0.104984,0.091319,0.087646,0.094461,0.088730,0.072121,0.081948,0.063410,0.070644,0.079352,0.050352,0.037044,0.022546,
0.169008,0.168921,0.103467,0.103865,0.094044,0.094689,0.085103,0.094584,0.098077,0.105893,0.110136,0.078307,0.093650,0.085090,0.093624,0.080672,0.072370,0.067995,0.060285,0.042259,0.021560,
0.192901,0.093046,0.088434,0.101102,0.088607,0.087265,0.079972,0.104546,0.102752,0.103735,0.081634,0.096854,0.096531,0.101469,0.109208,0.097539,0.092113,0.084249,0.069277,0.048415,0.026104,
0.075158,0.074197,0.091312,0.120882,0.090257,0.084368,0.087607,0.101472,0.091709,0.105426,0.098571,0.095373,0.105200,0.098429,0.118552,0.104463,0.104206,0.104461,0.074638,0.052859,0.036538,
0.057483,0.071892,0.085284,0.120692,0.100358,0.093890,0.096458,0.105120,0.082706,0.107421,0.128276,0.102568,0.112527,0.169432,0.131297,0.145594,0.122967,0.133849,0.104889,0.059114,0.043399,
0.185590,0.172314,0.072380,0.094727,0.077010,0.103490,0.136303,0.095374,0.102331,0.126100,0.142215,0.111036,0.157302,0.157189,0.154171,0.168950,0.177185,0.151844,0.109809,0.066785,0.031121,
0.069982,0.093744,0.070597,0.095012,0.121749,0.098157,0.173812,0.142789,0.102539,0.171901,0.149190,0.140346,0.166778,0.178348,0.195186,0.171565,0.194990,0.190052,0.129433,0.110235,0.053870,
0.093186,0.120265,0.148123,0.078422,0.154340,0.105303,0.204576,0.102962,0.160124,0.195565,0.130187,0.215483,0.206482,0.181996,0.230148,0.153035,0.171703,0.152280,0.103988,0.045129,0.019162,
nan,0.086235,0.607324,nan,0.126348,0.069386,0.075649,0.164746,0.285293,0.152729,0.160341,0.196931,0.172905,0.297508,0.126668,0.124010,0.144432,0.131154,0.041128,0.045731,0.075882,
nan,0.304760,0.109586,0.190562,0.215451,0.303204,0.313704,0.138742,0.203676,0.086576,0.174509,0.150742,0.089586,0.054762,0.095995,0.095016,0.052447,0.059953,0.023865,0.013924,0.010507,
0.402100,0.226114,0.263870,0.238489,0.251960,0.196443,0.215903,0.188260,0.221575,0.198981,0.170075,0.147388,0.137841,0.102592,0.083178,0.080756,0.049243,0.044654,0.022618,0.013283,0.010260,
0.422466,0.235095,0.226575,0.279703,0.223807,0.246235,0.229880,0.229916,0.224306,0.187696,0.156723,0.149932,0.139088,0.102702,0.090792,0.068009,0.058083,0.043820,0.041662,0.017964,0.013422,
0.263985,0.220855,0.221039,0.235321,0.211323,0.231257,0.216424,0.198823,0.191377,0.161529,0.157452,0.126570,0.112081,0.108257,0.083385,0.073116,0.044239,0.051138,0.033871,0.022165,0.011564,
0.208817,0.191521,0.242898,0.230744,0.204723,0.207313,0.194711,0.205026,0.179258,0.153446,0.136296,0.137794,0.118780,0.099451,0.074667,0.072396,0.060543,0.043181,0.029553,0.024032,0.013306,
0.127255,0.179977,0.185760,0.190024,0.202642,0.180971,0.184519,0.170562,0.164148,0.157257,0.125851,0.114699,0.117874,0.085904,0.079814,0.066197,0.051390,0.042286,0.034670,0.019390,0.012355,
0.203243,0.162115,0.173136,0.185091,0.177547,0.171899,0.165297,0.152423,0.143483,0.146568,0.115712,0.112252,0.093566,0.084283,0.073155,0.068160,0.057577,0.037974,0.031599,0.021004,0.013486,
0.141989,0.152547,0.156938,0.162747,0.166812,0.146924,0.142102,0.141777,0.140155,0.118920,0.111567,0.095034,0.099862,0.090002,0.069814,0.079458,0.054291,0.047097,0.037962,0.024208,0.017231,
0.237185,0.131745,0.139442,0.158788,0.132689,0.116367,0.119363,0.132668,0.105178,0.111243,0.096434,0.096948,0.095448,0.087809,0.069069,0.062964,0.057044,0.045771,0.042616,0.028117,0.018568,
0.121441,0.104134,0.130959,0.123915,0.108900,0.102922,0.098616,0.111081,0.106136,0.098544,0.099811,0.091910,0.082823,0.075295,0.072682,0.058078,0.050822,0.053015,0.038934,0.028787,0.021222,
0.095975,0.101614,0.111054,0.114837,0.110165,0.096892,0.090932,0.096122,0.094784,0.102140,0.096643,0.078840,0.081115,0.067529,0.071452,0.067281,0.059136,0.065021,0.049594,0.035852,0.020605,
0.127817,0.087794,0.111027,0.119392,0.088289,0.096046,0.088183,0.089777,0.090419,0.089739,0.077571,0.088215,0.087430,0.090968,0.093405,0.076687,0.067436,0.063790,0.050550,0.036963,0.019662,
0.134864,0.086658,0.144913,0.107595,0.097847,0.094443,0.086987,0.102741,0.082674,0.085967,0.089255,0.082069,0.075614,0.087222,0.097347,0.082247,0.073939,0.086834,0.058954,0.055053,0.024214,
0.243407,0.091496,0.081993,0.099640,0.092101,0.101800,0.090795,0.101866,0.096887,0.087449,0.091910,0.087695,0.100774,0.104222,0.103513,0.108634,0.106266,0.090877,0.063161,0.043003,0.032433,
0.074780,0.069536,0.071926,0.086447,0.104888,0.098649,0.083770,0.113189,0.139755,0.112799,0.114273,0.092671,0.107246,0.131109,0.108268,0.134814,0.121800,0.114307,0.090419,0.051529,0.036057,
0.368929,0.107381,0.064172,0.103087,0.097488,0.098764,0.120567,0.136991,0.147177,0.138422,0.157276,0.154360,0.125569,0.132462,0.144009,0.153760,0.131248,0.120019,0.096993,0.063062,0.026854,
nan,0.074857,0.118294,0.084179,0.115859,0.101301,0.100041,0.175690,0.181413,0.135741,0.198436,0.175436,0.189606,0.171375,0.189554,0.143523,0.135910,0.141040,0.108401,0.098959,0.036162,
nan,0.094581,0.093957,0.087930,0.172153,0.133844,0.133619,0.164411,0.180610,0.159985,0.138184,0.181203,0.190371,0.192052,0.194879,0.172502,0.164198,0.125072,0.096095,0.044734,0.020303,
nan,0.099058,0.549908,0.076830,0.153400,nan,0.066592,0.367982,0.112665,0.070213,0.226877,0.136331,0.290236,0.198408,0.174865,0.225464,0.177042,0.106126,0.109800,0.034495,0.015338,
nan,0.235893,0.274324,0.332746,0.307846,0.257701,0.271946,0.150457,0.138763,0.193715,0.149387,0.096550,0.119522,0.084031,0.066302,0.081782,0.097159,0.051406,0.024191,0.016429,0.011537,
0.285321,0.224180,0.249187,0.242217,0.268075,0.202080,0.208498,0.215294,0.207369,0.191062,0.159553,0.126994,0.114831,0.108417,0.071794,0.054898,0.081829,0.040110,0.038335,0.012027,0.013025,
0.212701,0.226931,0.252445,0.276699,0.242223,0.260333,0.263466,0.183832,0.209429,0.185949,0.171521,0.132070,0.116462,0.101776,0.086975,0.066379,0.060038,0.040990,0.028147,0.018428,0.012634,
0.317590,0.197988,0.259742,0.250335,0.224705,0.200778,0.210100,0.201618,0.193097,0.166579,0.145854,0.124348,0.117529,0.112321,0.080226,0.075097,0.068452,0.040567,0.032239,0.018152,0.015464,
0.246351,0.201928,0.193753,0.206275,0.226381,0.197251,0.189900,0.187371,0.160407,0.169205,0.144543,0.143540,0.118676,0.094856,0.077915,0.062273,0.056420,0.035130,0.031694,0.017851,0.018058,
0.212797,0.173747,0.192656,0.194133,0.191514,0.185501,0.197348,0.169635,0.165873,0.143557,0.129544,0.124012,0.110297,0.084367,0.081991,0.069818,0.062013,0.035538,0.034900,0.021572,0.011995,
0.152280,0.156441,0.193677,0.180480,0.191486,0.171594,0.159147,0.157829,0.151990,0.131521,0.126307,0.110895,0.098069,0.090086,0.087195,0.071798,0.063859,0.041597,0.027668,0.024046,0.013485,
0.180452,0.157369,0.161307,0.154460,0.162396,0.140573,0.136124,0.141228,0.119550,0.131078,0.115270,0.103506,0.100087,0.080627,0.067389,0.061618,0.067209,0.042461,0.035157,0.021828,0.016503,
0.164496,0.153188,0.130858,0.139415,0.134547,0.128863,0.118161,0.121407,0.116102,0.108543,0.108135,0.091321,0.084463,0.080130,0.067528,0.052346,0.050082,0.042774,0.032532,0.026255,0.024747,
0.109772,0.135033,0.112528,0.140241,0.115983,0.115430,0.101919,0.099811,0.111587,0.104941,0.089441,0.081962,0.087684,0.069700,0.065096,0.060071,0.050398,0.060913,0.041508,0.026910,0.019198,
0.097073,0.103244,0.102039,0.113306,0.119813,0.102995,0.088034,0.113426,0.087997,0.089681,0.075090,0.086638,0.081763,0.073472,0.074232,0.066985,0.052190,0.048731,0.042560,0.028989,0.015035,
0.082782,0.091858,0.092210,0.106995,0.121781,0.090532,0.082487,0.107215,0.082444,0.083804,0.087038,0.076884,0.068148,0.075487,0.084399,0.075340,0.057199,0.057854,0.050763,0.029400,0.021794,
0.056585,0.121748,0.084648,0.146578,0.104145,0.094075,0.080233,0.088194,0.093716,0.088045,0.078473,0.091613,0.077100,0.076365,0.083430,0.076160,0.078540,0.074088,0.048220,0.036598,0.023590,
0.090995,0.097877,0.099986,0.120423,0.117181,0.098388,0.081848,0.091988,0.091186,0.097732,0.088693,0.086526,0.094836,0.096205,0.093655,0.089750,0.101662,0.073286,0.061609,0.039054,0.027189,
0.063001,0.077442,0.087907,0.099080,0.102462,0.097048,0.075008,0.091158,0.097782,0.111727,0.084283,0.130342,0.112361,0.110536,0.134088,0.114635,0.101598,0.099740,0.096766,0.040224,0.033770,
0.057133,0.071901,0.084126,0.069406,0.082981,0.108980,0.086669,0.090208,0.113833,0.129431,0.119548,0.114403,0.140217,0.148488,0.139548,0.138611,0.102986,0.110207,0.094127,0.049902,0.022418,
0.087185,0.278546,0.115535,0.106794,0.129681,0.117518,0.093184,0.123628,0.103027,0.150711,0.123444,0.126744,0.148088,0.143693,0.128070,0.137031,0.120236,0.145271,0.084690,0.080210,0.028669,
0.077903,0.068485,0.101830,0.080720,0.112374,0.090942,0.169337,0.141963,0.137628,0.136561,0.127242,0.192414,0.166681,0.180745,0.193703,0.217571,0.134806,0.116355,0.070323,0.074522,0.025614,
nan,0.070581,nan,0.062130,0.192686,0.076075,nan,0.285465,nan,0.135174,0.129024,0.363086,0.151039,0.348775,0.158692,0.192497,0.139312,0.112376,0.131432,0.021949,0.010464,
nan,0.546349,0.281431,0.246314,0.316307,0.164257,0.230126,0.247620,0.217103,0.251941,0.148518,0.123999,0.111797,0.082595,0.090171,0.086704,0.047851,0.036697,0.031781,0.012678,0.007401,
0.199969,0.271787,0.251586,0.226955,0.228661,0.225988,0.209301,0.218405,0.180455,0.175842,0.158179,0.138959,0.121702,0.099405,0.101406,0.066962,0.054094,0.044414,0.031562,0.019038,0.009249,
0.342342,0.242084,0.239696,0.228972,0.208307,0.231099,0.237968,0.194543,0.185840,0.160540,0.131355,0.141476,0.153653,0.084454,0.086972,0.065574,0.054879,0.041060,0.024879,0.019801,0.009610,
0.349797,0.243363,0.218714,0.225738,0.246190,0.229186,0.196664,0.206632,0.181016,0.166554,0.148909,0.144193,0.130091,0.113781,0.082730,0.067220,0.064889,0.043806,0.026568,0.023070,0.011044,
0.220212,0.284388,0.218623,0.212920,0.213061,0.212848,0.185747,0.187732,0.188507,0.171683,0.144314,0.117872,0.120156,0.090962,0.075303,0.071417,0.058066,0.039878,0.025965,0.020345,0.016788,
0.186045,0.246990,0.197619,0.203081,0.191841,0.188860,0.191480,0.170983,0.152321,0.144039,0.127097,0.123565,0.110048,0.089720,0.074204,0.069260,0.055371,0.041151,0.027839,0.017232,0.011476,
0.125032,0.183201,0.189755,0.163394,0.170928,0.168793,0.162209,0.149926,0.134797,0.142646,0.126466,0.119309,0.105743,0.089049,0.073979,0.063560,0.047392,0.038166,0.038125,0.020323,0.014072,
0.124840,0.149998,0.153910,0.157145,0.169232,0.146856,0.135367,0.138771,0.132553,0.118094,0.118340,0.096937,0.096197,0.082079,0.074944,0.066205,0.051197,0.040996,0.028602,0.021614,0.016077,
0.102766,0.149817,0.154699,0.144199,0.139330,0.126564,0.121337,0.109159,0.125802,0.111918,0.100921,0.091269,0.087811,0.088708,0.063743,0.056043,0.045775,0.043631,0.038399,0.021669,0.015610,
0.136526,0.124734,0.125962,0.124063,0.117645,0.113438,0.105331,0.112742,0.096990,0.095226,0.080991,0.087371,0.082227,0.070066,0.060528,0.057099,0.047446,0.051087,0.033233,0.026666,0.014995,
0.126302,0.103576,0.118133,0.102018,0.112674,0.101518,0.098088,0.086983,0.095330,0.085673,0.083261,0.073397,0.066487,0.068400,0.069612,0.062007,0.051976,0.044722,0.045256,0.028182,0.017821,
0.092847,0.096374,0.107675,0.090021,0.100180,0.095480,0.091539,0.090432,0.080920,0.100801,0.076270,0.079464,0.069087,0.066459,0.078513,0.067374,0.052222,0.050571,0.049390,0.027879,0.021420,
0.095186,0.128136,0.088937,0.091520,0.102330,0.092664,0.093988,0.091300,0.079975,0.087566,0.079935,0.081785,0.098102,0.069988,0.075212,0.072232,0.065849,0.064784,0.044142,0.031955,0.018987,
0.066704,0.087904,0.162659,0.083274,0.121121,0.101404,0.089918,0.086010,0.077995,0.091889,0.075639,0.091900,0.089816,0.103039,0.084444,0.082659,0.086796,0.076896,0.062088,0.040957,0.022391,
0.111238,0.076582,0.109173,0.119925,0.109217,0.082259,0.083104,0.095996,0.089604,0.092193,0.109644,0.092838,0.109305,0.113707,0.112886,0.114905,0.081168,0.077538,0.073093,0.037793,0.023883,
0.083535,0.103209,0.119693,0.116931,0.118437,0.086267,0.092935,0.112351,0.089866,0.090739,0.143283,0.101615,0.125937,0.106474,0.099620,0.110446,0.095563,0.102267,0.076315,0.046391,0.019353,
0.086704,0.200312,0.137646,0.101206,0.152464,0.091883,0.108508,0.107772,0.095695,0.121328,0.133797,0.134956,0.159200,0.146385,0.149057,0.143114,0.120642,0.114498,0.066849,0.069747,0.045801,
0.174426,0.089524,0.073430,0.245481,0.081005,0.077528,0.099373,0.094137,0.127924,0.110455,0.182517,0.138492,0.150943,0.137360,0.169672,0.094738,0.145117,0.107935,0.077663,0.068905,0.050922,
nan,nan,nan,0.075503,0.074412,0.092190,0.177067,0.171938,0.228478,0.122689,0.137148,0.171899,0.154962,0.145952,0.090744,0.240983,0.108869,0.096840,0.042029,0.048443,0.012436,
nan,0.356646,0.246185,0.346601,0.251225,0.341718,0.345240,0.234198,0.196553,0.199626,0.125640,0.149861,0.092011,0.069845,0.149868,0.111731,0.039811,0.055602,0.013534,0.020297,0.011167,
0.301273,0.237111,0.272058,0.227731,0.234938,0.225019,0.226807,0.214613,0.218329,0.219204,0.169708,0.183655,0.153007,0.106617,0.083481,0.077288,0.057763,0.042175,0.026026,0.017970,0.021690,
0.213718,0.214597,0.260617,0.250590,0.250114,0.229482,0.260390,0.195350,0.186216,0.183296,0.154437,0.135870,0.106237,0.092835,0.084172,0.067327,0.063610,0.033497,0.025902,0.018062,0.064479,
0.272094,0.230368,0.223444,0.224775,0.226633,0.219096,0.189137,0.178305,0.173280,0.172098,0.148857,0.131060,0.140068,0.124091,0.083055,0.062955,0.060058,0.040325,0.022893,0.022750,0.015963,
0.204474,0.207819,0.203348,0.210441,0.188403,0.204346,0.210063,0.187426,0.171675,0.154152,0.150876,0.140146,0.127024,0.091117,0.080615,0.070012,0.051315,0.037627,0.037813,0.022823,0.013025,
0.157647,0.208724,0.221471,0.176826,0.178347,0.183048,0.193981,0.162151,0.152798,0.151382,0.127040,0.123147,0.113659,0.091824,0.084969,0.071659,0.061657,0.033072,0.025347,0.019683,0.010225,
0.134612,0.209093,0.186926,0.198191,0.187556,0.159115,0.154249,0.159666,0.144126,0.126815,0.123399,0.108356,0.092209,0.094675,0.071497,0.068180,0.056249,0.042777,0.027513,0.027224,0.012093,
0.104117,0.195913,0.172660,0.167511,0.155139,0.145800,0.147532,0.130041,0.139674,0.121205,0.118566,0.099754,0.096490,0.095567,0.067237,0.055064,0.054712,0.041159,0.033096,0.022537,0.015961,
0.104799,0.154529,0.126825,0.133375,0.143941,0.129331,0.130994,0.127262,0.105207,0.109903,0.096005,0.089463,0.081079,0.081828,0.063305,0.053195,0.040498,0.039480,0.031126,0.023882,0.022210,
0.109408,0.138646,0.112330,0.112887,0.130729,0.121466,0.109953,0.098917,0.098219,0.093960,0.087544,0.071565,0.080026,0.063834,0.063033,0.060755,0.048277,0.042628,0.031654,0.027065,0.016184,
0.113717,0.118004,0.096825,0.105398,0.111869,0.111952,0.093795,0.102441,0.088259,0.101291,0.083797,0.075852,0.067075,0.068596,0.058560,0.061707,0.048445,0.038124,0.045351,0.022337,0.014358,
0.085941,0.103075,0.093469,0.104343,0.096925,0.097164,0.091356,0.094942,0.085221,0.082190,0.075218,0.082666,0.098233,0.062084,0.075462,0.073340,0.054598,0.052432,0.053912,0.026741,0.021596,
0.087142,0.090057,0.087997,0.101035,0.092051,0.088009,0.081725,0.094333,0.083191,0.083388,0.074635,0.080744,0.074763,0.079146,0.063317,0.071554,0.066304,0.059201,0.040536,0.028094,0.017681,
0.115046,0.109937,0.085393,0.095265,0.092594,0.081870,0.092034,0.101830,0.109329,0.080482,0.090557,0.084261,0.080165,0.091985,0.086451,0.082619,0.080496,0.055972,0.052362,0.033492,0.020203,
0.135515,0.096858,0.087413,0.091491,0.100042,0.081133,0.099607,0.116928,0.095819,0.087722,0.108753,0.096983,0.100801,0.083363,0.087776,0.082245,0.066385,0.075894,0.063340,0.036172,0.018609,
0.090340,0.075555,0.085441,0.130558,0.126736,0.089322,0.118938,0.109598,0.095034,0.122957,0.106737,0.099359,0.113873,0.113111,0.119193,0.094963,0.112857,0.112820,0.066365,0.046867,0.020980,
0.069487,0.098393,0.074587,0.084266,0.169909,0.092645,0.091344,0.125359,0.119451,0.105992,0.115529,0.099861,0.136786,0.100764,0.119259,0.128982,0.078953,0.077120,0.060728,0.059014,0.050115,
0.034310,0.068439,0.069267,0.084829,0.125933,0.093893,0.112308,0.109468,0.090457,0.114895,0.135697,0.137677,0.151358,0.134670,0.109015,0.109585,0.133508,0.123070,0.058775,0.040668,0.030290,
nan,0.106233,0.066453,nan,0.071896,nan,0.060128,0.102488,0.070955,0.307894,0.091678,0.192973,0.124298,0.069015,0.139344,0.082605,0.106420,0.067895,0.089000,0.026432,0.037831,
nan,0.331538,0.283432,0.231945,0.168979,0.210058,0.320230,0.306043,0.116574,0.107234,0.140494,0.168979,0.095114,0.174399,0.051567,0.050870,0.097757,0.076118,0.018149,0.031384,0.009563,
0.497294,0.239875,0.238370,0.247507,0.225494,0.216027,0.232807,0.219617,0.211447,0.177463,0.167233,0.162811,0.175461,0.147736,0.089051,0.073341,0.064448,0.037076,0.027641,0.017745,0.008750,
0.283038,0.279420,0.230928,0.251190,0.249277,0.206033,0.233288,0.217278,0.205904,0.168607,0.163967,0.125369,0.115698,0.103385,0.091554,0.073497,0.052507,0.037139,0.029826,0.018820,0.008510,
0.144203,0.237340,0.232978,0.232319,0.216203,0.245123,0.189277,0.188450,0.188456,0.164569,0.148501,0.124368,0.125943,0.092858,0.075942,0.066512,0.047126,0.040997,0.027290,0.013217,nan,
0.295237,0.249439,0.227778,0.225794,0.209796,0.219509,0.200816,0.173007,0.166911,0.162496,0.142897,0.147345,0.108882,0.102035,0.078958,0.072590,0.059584,0.037146,0.028003,0.016516,0.011450,
0.174483,0.215116,0.181119,0.214233,0.206811,0.183708,0.182004,0.178005,0.160716,0.139353,0.130303,0.124984,0.107064,0.085272,0.074589,0.074829,0.055971,0.037313,0.030458,0.017963,0.012823,
0.186002,0.201443,0.169055,0.191008,0.183338,0.159975,0.161311,0.149270,0.146848,0.128510,0.130955,0.109328,0.097890,0.083404,0.072875,0.060259,0.048782,0.039283,0.033953,0.019525,0.014080,
0.205077,0.160080,0.148275,0.163009,0.177380,0.157171,0.149170,0.139408,0.120474,0.119027,0.110985,0.095912,0.083809,0.080482,0.069719,0.051775,0.042797,0.034476,0.024496,0.021778,0.018050,
0.208457,0.159601,0.138611,0.144736,0.143012,0.156365,0.120568,0.116459,0.108939,0.110432,0.094231,0.093468,0.079475,0.067344,0.059987,0.052073,0.040815,0.041249,0.035853,0.019978,0.013543,
0.144220,0.135259,0.124872,0.127798,0.112386,0.127150,0.098701,0.107168,0.098574,0.105195,0.092546,0.077065,0.074204,0.062964,0.059350,0.056323,0.042680,0.039609,0.030828,0.020622,0.013991,
0.099293,0.102260,0.111479,0.113648,0.117398,0.094931,0.094424,0.098307,0.086238,0.083707,0.076890,0.074258,0.080376,0.060135,0.061156,0.073676,0.048255,0.038214,0.047349,0.024202,0.016008,
0.089896,0.118061,0.087053,0.106491,0.106145,0.096485,0.093079,0.096385,0.094597,0.085265,0.067630,0.082071,0.074206,0.060297,0.069881,0.063444,0.047550,0.046911,0.035940,0.023545,0.017739,
0.257855,0.085659,0.085224,0.111800,0.085418,0.086220,0.090217,0.093464,0.102681,0.094518,0.085272,0.082658,0.070408,0.083689,0.060992,0.062016,0.054399,0.055557,0.034708,0.024398,0.018225,
0.076700,0.080603,0.084718,0.121684,0.087134,0.097428,0.094737,0.080879,0.087623,0.106856,0.099232,0.075666,0.086321,0.067126,0.084079,0.076143,0.064808,0.057999,0.050447,0.031129,0.022687,
0.111953,0.100245,0.071660,0.100937,0.090569,0.090465,0.095701,0.075093,0.076736,0.106370,0.111260,0.086207,0.082455,0.088594,0.081208,0.078024,0.080586,0.067005,0.053542,0.032352,0.017088,
0.074620,0.101695,0.081972,0.125584,0.090055,0.085470,0.101849,0.071369,0.078591,0.125937,0.098833,0.092495,0.112397,0.112778,0.098525,0.105678,0.102491,0.068782,0.061216,0.040198,0.030336,
0.056611,0.077916,0.070850,0.068266,0.114582,0.081778,0.122621,0.091577,0.126598,0.124361,0.138114,0.100695,0.107072,0.104080,0.109360,0.097925,0.081061,0.070335,0.059802,0.035012,0.045325,
nan,0.080886,0.095262,0.063310,0.092448,0.141144,0.187818,0.107682,0.113557,0.168626,0.141055,0.153759,0.166528,0.091834,0.093914,0.089163,0.104718,0.125498,0.054402,0.065624,0.037853,
nan,0.091298,0.057775,nan,nan,0.071458,0.104836,nan,0.051783,0.185479,0.080680,0.081025,0.261165,0.054657,0.289622,0.067764,0.088414,0.078072,0.785556,0.038076,0.016553,
nan,0.268583,0.213507,0.296886,0.213875,0.180473,0.157517,0.139813,0.316319,0.129376,0.163520,0.107431,0.119296,0.164127,0.067499,0.131726,0.063628,0.075758,0.018066,0.028171,0.004586,
0.284558,0.261406,0.247085,0.251896,0.238337,0.238676,0.224465,0.204669,0.191830,0.180717,0.172050,0.143933,0.129887,0.122726,0.076116,0.088275,0.054109,0.043096,0.025231,0.015280,0.012580,
0.261769,0.260070,0.261961,0.237543,0.273580,0.216049,0.192758,0.204808,0.224712,0.183632,0.171908,0.146767,0.128208,0.095210,0.083654,0.073827,0.052631,0.042447,0.031776,0.018793,0.015375,
0.213175,0.251762,0.222236,0.213464,0.221929,0.224790,0.207517,0.217479,0.202558,0.183971,0.157225,0.124708,0.122425,0.091374,0.086337,0.072848,0.059707,0.040871,0.023742,0.019658,0.014100,
0.288001,0.227253,0.204445,0.228106,0.204863,0.195938,0.218756,0.180805,0.166184,0.166599,0.140963,0.128228,0.116699,0.096279,0.072228,0.067481,0.048695,0.034602,0.028845,0.018101,0.018997,
0.169180,0.196912,0.209211,0.210386,0.206497,0.181488,0.185975,0.175591,0.148792,0.139228,0.137777,0.119966,0.111900,0.103699,0.077982,0.068970,0.065717,0.034688,0.022298,0.018523,0.010071,
0.144329,0.174321,0.185366,0.194493,0.180640,0.174517,0.171106,0.144659,0.146142,0.135861,0.133089,0.118474,0.100755,0.083663,0.073378,0.064832,0.048622,0.041999,0.031122,0.019255,nan,
0.103356,0.168805,0.176836,0.168245,0.164071,0.168141,0.137517,0.143078,0.126750,0.123362,0.096502,0.093717,0.089634,0.086140,0.072194,0.052705,0.050361,0.041271,0.033189,0.018977,0.010841,
0.154497,0.140659,0.150445,0.131278,0.131908,0.129422,0.112133,0.116834,0.114302,0.105176,0.109834,0.083885,0.079318,0.070903,0.061787,0.053137,0.038104,0.037320,0.029499,0.027254,0.012508,
0.113027,0.146812,0.119807,0.115077,0.113741,0.107800,0.109319,0.108909,0.104253,0.097209,0.084071,0.073877,0.071896,0.068058,0.063865,0.064799,0.040705,0.033505,0.029475,0.019627,0.014522,
0.095782,0.123251,0.101606,0.095686,0.096054,0.110608,0.105251,0.106860,0.092769,0.078173,0.072073,0.072569,0.078176,0.064429,0.057510,0.053815,0.051543,0.036752,0.034440,0.023853,0.011456,
0.085547,0.094287,0.100564,0.086954,0.089956,0.096383,0.100671,0.094243,0.083773,0.100389,0.081538,0.076296,0.072490,0.066321,0.062138,0.061837,0.046556,0.042930,0.046361,0.023741,0.021153,
0.084230,0.098022,0.098938,0.076364,0.096034,0.082382,0.099196,0.078342,0.076535,0.086854,0.084893,0.075676,0.072827,0.075472,0.064970,0.055658,0.061250,0.041850,0.033547,0.023352,0.015257,
0.065962,0.083527,0.106437,0.082817,0.089006,0.077527,0.092850,0.074893,0.077731,0.074696,0.093399,0.095327,0.088001,0.078859,0.075275,0.056337,0.067146,0.055777,0.042056,0.031242,0.014991,
0.154503,0.081507,0.091844,0.095811,0.080582,0.076177,0.081336,0.074848,0.100740,0.090932,0.107369,0.079011,0.092301,0.094186,0.082089,0.069322,0.073426,0.063465,0.052881,0.031042,0.016602,
0.058394,0.198171,0.124355,0.112624,0.094919,0.086618,0.092496,0.102832,0.094325,0.111389,0.095429,0.091109,0.095257,0.092278,0.087328,0.097979,0.065595,0.049937,0.057038,0.030910,0.034934,
0.179482,0.072925,0.132009,0.121594,0.128925,0.116165,0.108102,0.089445,0.103454,0.099194,0.143669,0.085736,0.103295,0.083073,0.102823,0.082006,0.088593,0.071527,0.047472,0.030945,0.051844,
nan,0.094119,0.119210,0.099574,0.110289,0.085125,0.087808,0.064884,0.100982,0.106922,0.133092,0.094422,0.105309,0.078852,0.143717,0.094770,0.101835,0.092161,0.069279,0.073835,0.042511,
nan,nan,0.079018,0.130891,nan,nan,0.101464,0.086368,0.343413,0.176589,0.211145,0.071786,0.120853,0.090457,0.055921,0.073213,0.097858,0.047212,0.034174,0.056944,0.106600,
nan,0.231655,0.250751,0.317667,0.321218,0.202555,0.118080,0.165141,0.194482,0.159841,0.147752,0.131653,0.133353,0.160801,0.059614,0.095287,0.057012,0.030405,0.011551,0.004644,0.012375,
0.211039,0.251697,0.249290,0.254571,0.268475,0.238740,0.215222,0.207731,0.222588,0.166809,0.153251,0.152387,0.128259,0.095768,0.123051,0.064264,0.056971,0.052638,0.026740,0.019749,0.015487,
0.306126,0.257573,0.231803,0.221000,0.253045,0.253118,0.227720,0.195024,0.222434,0.172063,0.157455,0.143458,0.117765,0.106869,0.089531,0.089856,0.079852,0.036815,0.026630,0.016562,0.011636,
0.239649,0.255719,0.219535,0.233633,0.200354,0.214686,0.215140,0.192985,0.173783,0.170977,0.140658,0.144095,0.135097,0.101326,0.087650,0.064899,0.067388,0.043075,0.027888,0.023580,0.011612,
0.231507,0.210545,0.230953,0.223494,0.215886,0.200245,0.194527,0.191940,0.173199,0.156305,0.133177,0.122313,0.109977,0.090894,0.083864,0.061696,0.048266,0.043173,0.033980,0.023761,0.009997,
0.230622,0.191349,0.207891,0.208744,0.215858,0.192329,0.180925,0.161329,0.165504,0.132494,0.137214,0.123797,0.105805,0.087111,0.067664,0.063574,0.047407,0.036601,0.029872,0.019730,0.015859,
0.176648,0.163632,0.210538,0.179364,0.183179,0.183020,0.156462,0.144930,0.145065,0.134461,0.119952,0.107493,0.098602,0.089103,0.073278,0.055620,0.046610,0.038528,0.034293,0.020931,0.012864,
0.126603,0.152564,0.187915,0.151656,0.151574,0.142644,0.137547,0.134018,0.127904,0.133914,0.106809,0.098076,0.086723,0.083510,0.070749,0.049164,0.041142,0.033986,0.022609,0.022794,0.014564,
0.121897,0.137757,0.183398,0.131560,0.133415,0.129615,0.125527,0.120199,0.108521,0.108705,0.094438,0.086509,0.078793,0.064919,0.059663,0.055610,0.040708,0.036541,0.029039,0.021111,0.011304,
0.099359,0.112964,0.142742,0.105175,0.128001,0.125282,0.115775,0.116174,0.097381,0.091799,0.083187,0.080978,0.072188,0.073026,0.056234,0.051884,0.045068,0.033164,0.024904,0.019130,0.012506,
0.188783,0.109071,0.118425,0.099533,0.104624,0.098920,0.111787,0.099880,0.084287,0.094112,0.078125,0.080698,0.076694,0.059187,0.055077,0.052743,0.045527,0.035431,0.041299,0.029703,0.012301,
0.090454,0.098023,0.098031,0.088137,0.093119,0.088423,0.094059,0.088834,0.083588,0.079293,0.086953,0.070428,0.078510,0.070141,0.057808,0.050994,0.043551,0.043702,0.035685,0.023931,0.014109,
0.094433,0.086439,0.090667,0.084826,0.087843,0.084373,0.083284,0.103450,0.095040,0.072245,0.078256,0.091115,0.083767,0.061694,0.062248,0.056788,0.052756,0.040209,0.036499,0.021141,0.014281,
0.073883,0.086344,0.071313,0.097426,0.103327,0.080219,0.097120,0.100947,0.099795,0.076359,0.110850,0.081576,0.080851,0.087527,0.070628,0.061132,0.060621,0.044961,0.037173,0.029894,0.016777,
nan,0.081592,0.091010,0.071470,0.097227,0.077013,0.100760,0.080061,0.074380,0.099296,0.092312,0.083638,0.084257,0.089598,0.067336,0.078026,0.069359,0.054350,0.045264,0.031752,0.022056,
nan,0.106529,0.088496,0.081593,0.115787,0.080384,0.103887,0.089983,0.071761,0.107326,0.132129,0.084606,0.086200,0.084794,0.070950,0.070687,0.062211,0.051443,0.050251,0.026774,0.045066,
nan,0.070460,0.124252,0.091735,0.086026,0.138606,0.076386,0.087639,0.088720,0.100052,0.114026,0.088254,0.095971,0.085184,0.108471,0.070557,0.072054,0.061029,0.042223,0.034257,0.049755,
nan,0.069891,0.126217,0.076945,0.126146,0.092116,0.086463,0.103488,0.101379,0.097599,0.113657,0.090661,0.073890,0.101182,0.085693,0.105051,0.076742,0.089614,0.077586,0.032082,0.040572,
nan,0.065241,0.058326,0.070461,0.077646,0.053087,0.124227,0.179307,0.081633,0.179154,0.111047,0.070587,0.072059,0.553387,0.079061,0.088234,0.038252,0.041236,0.030393,0.034632,0.223074,
nan,0.323827,0.331578,0.284067,0.342067,0.301789,0.226749,0.179898,0.228053,0.292960,0.160742,0.120964,0.106886,0.066812,0.114945,0.073508,0.059917,0.021814,0.027386,0.015467,0.007787,
0.333460,0.218990,0.295459,0.265865,0.241681,0.241078,0.227597,0.217293,0.250897,0.192309,0.143495,0.156636,0.123073,0.101188,0.093400,0.072801,0.047488,0.041127,0.046727,0.013382,0.010547,
0.236744,0.237863,0.232894,0.232989,0.254945,0.221513,0.237542,0.185837,0.202188,0.183053,0.124487,0.144503,0.150579,0.111804,0.090804,0.060753,0.056532,0.042626,0.024514,0.015328,0.016155,
0.348835,0.232711,0.257425,0.246699,0.212344,0.229799,0.213234,0.196855,0.169643,0.174543,0.156495,0.142221,0.123304,0.119376,0.076171,0.064001,0.054209,0.039246,0.020625,0.023547,0.010130,
0.277832,0.217820,0.224894,0.214522,0.230582,0.184228,0.214653,0.188484,0.171728,0.157744,0.144872,0.145552,0.126572,0.097817,0.080792,0.075257,0.053328,0.039643,0.030314,0.013465,0.015735,
0.153469,0.202085,0.228904,0.206115,0.187526,0.202427,0.175759,0.174635,0.163775,0.144904,0.143025,0.108758,0.106257,0.092849,0.078865,0.067016,0.056890,0.035549,0.021763,0.017906,0.014214,
0.106261,0.210993,0.206424,0.177615,0.182343,0.163645,0.165815,0.158793,0.133666,0.126298,0.130269,0.123565,0.095159,0.084967,0.069651,0.059848,0.048350,0.038429,0.028892,0.015728,nan,
0.114280,0.198002,0.167556,0.137855,0.160015,0.147758,0.136789,0.137734,0.142134,0.128165,0.111437,0.094343,0.083413,0.070328,0.068386,0.053030,0.041945,0.038560,0.028388,0.015106,0.009505,
0.083889,0.190487,0.133627,0.130019,0.138706,0.146179,0.124992,0.126047,0.104207,0.106687,0.102786,0.090400,0.073778,0.074040,0.063032,0.059336,0.040341,0.032914,0.025265,0.024771,0.010176,
0.117455,0.129240,0.123603,0.121366,0.112340,0.122049,0.112350,0.113396,0.095483,0.090533,0.079968,0.078373,0.079254,0.065117,0.058061,0.058578,0.038811,0.037207,0.027135,0.018230,0.012118,
0.105882,0.099485,0.103764,0.111723,0.106185,0.105064,0.097344,0.088944,0.093636,0.083866,0.084271,0.073634,0.079603,0.063649,0.057252,0.047927,0.039750,0.033693,0.035500,0.018355,0.016698,
nan,0.093815,0.099909,0.111664,0.116214,0.093061,0.100078,0.106855,0.096587,0.078861,0.075682,0.075803,0.070655,0.062430,0.049884,0.048692,0.045159,0.034359,0.031533,0.027713,0.013921,
0.095870,0.089497,0.100167,0.095566,0.110966,0.084765,0.104084,0.083481,0.092697,0.078076,0.085587,0.093147,0.082029,0.072870,0.063719,0.056566,0.046571,0.032825,0.035118,0.018072,0.014288,
0.062594,0.083340,0.081458,0.085286,0.099562,0.078457,0.098251,0.081505,0.074864,0.089574,0.092377,0.072740,0.078259,0.089729,0.061153,0.057755,0.055580,0.045536,0.031781,0.034838,0.017306,
nan,0.077648,0.071228,0.076173,0.080241,0.074380,0.118932,0.097443,0.082596,0.093897,0.103794,0.077354,0.071258,0.071897,0.062255,0.058007,0.056762,0.053523,0.041559,0.031428,0.020880,
nan,0.055271,0.071636,0.068285,0.120457,0.078285,0.108157,0.083131,0.106832,0.086992,0.075352,0.084516,0.079956,0.065399,0.074959,0.062204,0.054267,0.051017,0.040882,0.036252,0.028534,
nan,0.064240,0.068836,0.086488,0.083965,0.070367,0.114298,0.092211,0.075997,0.101844,0.095167,0.079610,0.066421,0.075898,0.091770,0.111043,0.063609,0.068634,0.047098,0.030050,0.017611,
nan,0.092509,0.095511,0.221476,0.125485,0.089230,0.104376,0.120898,0.102653,0.110238,0.089380,0.130144,0.078676,0.098188,0.103675,0.136757,0.078959,0.054916,0.049906,0.029065,0.037426,
nan,nan,nan,nan,nan,0.065536,0.084177,0.119443,0.164293,0.118040,0.107382,0.120328,0.067117,0.043097,0.270627,0.059853,0.052739,0.108886,nan,0.057868,0.014122,
nan,0.306203,0.145772,0.253899,0.200201,0.188151,0.251916,0.183562,0.167161,nan,0.192264,0.194599,0.094866,0.177949,0.077800,0.059694,0.072620,0.024483,0.072412,0.011946,nan,
0.151732,0.237358,0.252777,0.282813,0.241859,0.260250,0.266514,0.186163,0.187272,0.190597,0.191683,0.133299,0.113117,0.088025,0.086871,0.058954,0.044995,0.029224,0.023846,0.013783,nan,
0.267496,0.263166,0.277794,0.249670,0.224443,0.237535,0.218656,0.191266,0.199668,0.169267,0.144845,0.134539,0.140313,0.103182,0.091853,0.068481,0.056167,0.043688,0.024311,0.020263,nan,
0.196549,0.265529,0.205109,0.237891,0.212938,0.209192,0.216621,0.197498,0.213384,0.172056,0.151414,0.127966,0.120160,0.106391,0.073350,0.058138,0.054613,0.036859,0.022750,0.013351,nan,
0.220496,0.229879,0.246013,0.220163,0.227585,0.206951,0.209617,0.164920,0.168296,0.168692,0.141248,0.130514,0.111894,0.105391,0.075151,0.064516,0.047192,0.028704,0.020577,0.016672,0.021408,
0.300436,0.187690,0.199611,0.190138,0.201892,0.180429,0.186380,0.164559,0.150916,0.141547,0.139325,0.111235,0.097805,0.089419,0.073446,0.058189,0.060228,0.039826,0.022163,0.019493,0.013617,
0.186665,0.157815,0.170622,0.173660,0.173358,0.168913,0.155556,0.146524,0.148104,0.141268,0.111549,0.105283,0.099000,0.095279,0.072533,0.054099,0.045476,0.034251,0.033779,0.019627,0.011880,
0.134721,0.138936,0.159083,0.157510,0.147323,0.158973,0.143068,0.141662,0.122513,0.141942,0.114663,0.096885,0.084365,0.087578,0.068429,0.050394,0.039912,0.030810,0.024371,0.024796,0.012460,
0.108326,0.136088,0.142056,0.149638,0.130297,0.128943,0.129024,0.124695,0.108404,0.096510,0.098531,0.092469,0.073148,0.077854,0.066139,0.058423,0.036371,0.036327,0.031214,0.022479,0.012605,
0.086308,0.142870,0.111595,0.137665,0.135484,0.115909,0.107492,0.102926,0.102585,0.101572,0.082822,0.076663,0.084260,0.063966,0.051996,0.057530,0.037170,0.028296,0.026962,0.019255,0.013681,
nan,0.142928,0.115280,0.112926,0.115055,0.108224,0.100178,0.101412,0.105152,0.081431,0.080967,0.075760,0.066698,0.062782,0.053904,0.046999,0.040076,0.032461,0.029999,0.021220,0.012481,
0.090512,0.106155,0.092433,0.090067,0.092246,0.093313,0.080894,0.098317,0.100712,0.089817,0.081009,0.085367,0.087340,0.064082,0.056596,0.046336,0.041174,0.037551,0.031187,0.021760,0.016364,
0.058926,0.086825,0.084536,0.091711,0.083053,0.083914,0.084251,0.100176,0.070703,0.078068,0.076034,0.074009,0.072539,0.067254,0.057736,0.065247,0.043591,0.033846,0.030942,0.021843,0.018178,
nan,0.071976,0.101647,0.079740,0.080192,0.076045,0.082283,0.073387,0.078932,0.086032,0.089297,0.079276,0.068884,0.083773,0.050657,0.052958,0.051255,0.051907,0.028060,0.025013,0.019791,
0.088123,0.080224,0.084816,0.085811,0.087993,0.072328,0.076572,0.099855,0.097874,0.078261,0.083566,0.081860,0.083171,0.061139,0.064218,0.057599,0.055734,0.043532,0.037072,0.034105,0.019011,
nan,0.085601,0.077741,0.130734,0.092985,0.076525,0.092223,0.076667,0.106001,0.085018,0.078820,0.079330,0.078507,0.068148,0.067679,0.074509,0.050905,0.057372,0.033413,0.040301,0.025388,
nan,0.057718,0.110796,0.072138,0.098514,0.079185,0.109908,0.078413,0.113361,0.104855,0.099136,0.095663,0.082201,0.067871,0.083916,0.114931,0.072902,0.056507,0.046685,0.028378,0.020590,
nan,0.081746,0.128595,0.193761,0.104109,0.102181,0.149961,0.061834,0.117706,0.100244,0.069314,0.133463,0.122940,0.072192,0.087827,0.107056,0.052548,0.048650,0.035373,0.033824,0.021779,
nan,nan,nan,nan,nan,0.131916,0.143311,0.058331,0.066772,0.082459,0.070932,0.058877,0.066017,0.051038,0.107271,0.068985,0.053503,0.068035,0.022044,0.040501,0.024002,
nan,0.276019,0.219999,0.382839,0.291763,0.226264,0.203782,0.265747,0.158412,0.184213,0.187917,0.120038,0.159902,0.065463,0.042194,0.111532,0.106373,0.024448,0.011671,0.022885,nan,
0.352593,0.246769,0.226265,0.269729,0.224753,0.242406,0.218478,0.193708,0.165422,0.204611,0.174823,0.130541,0.111917,0.111693,0.073937,0.055111,0.045889,0.037503,0.027427,0.011845,nan,
0.257824,0.282234,0.221776,0.217731,0.238972,0.223214,0.214758,0.204907,0.224141,0.192826,0.154586,0.125299,0.104340,0.088547,0.068207,0.069277,0.054521,0.027166,0.025591,0.015620,0.009477,
0.218117,0.214829,0.264231,0.209684,0.214473,0.213502,0.212453,0.198707,0.187919,0.182422,0.144013,0.125846,0.121480,0.094580,0.083873,0.068930,0.052918,0.046542,0.025838,0.017060,0.014684,
0.199102,0.215576,0.211738,0.225951,0.202076,0.204790,0.188454,0.203010,0.170733,0.155494,0.143151,0.126267,0.108801,0.084846,0.078625,0.066258,0.048757,0.039125,0.034055,0.026551,0.009718,
0.294086,0.212755,0.195602,0.195002,0.196759,0.203440,0.174606,0.182674,0.156418,0.136145,0.140536,0.126039,0.100438,0.079479,0.071292,0.067923,0.053474,0.032889,0.028192,0.021233,0.011563,
0.139512,0.176914,0.149348,0.185727,0.167086,0.168494,0.150222,0.158020,0.140554,0.139806,0.122727,0.117568,0.091070,0.078109,0.070632,0.062376,0.045893,0.035857,0.027785,0.015074,0.013607,
0.155972,0.140680,0.136297,0.172567,0.158517,0.145381,0.153813,0.139375,0.131933,0.127119,0.099716,0.101833,0.086151,0.071391,0.065743,0.054754,0.041503,0.035189,0.023336,0.013957,0.010815,
0.089311,0.109864,0.121980,0.147088,0.151259,0.127484,0.119686,0.128106,0.112279,0.108780,0.090692,0.086561,0.075711,0.075246,0.057184,0.063743,0.039774,0.036121,0.026809,0.016954,0.009755,
0.106214,0.122911,0.115190,0.117563,0.119581,0.117649,0.119239,0.105368,0.104037,0.094342,0.085488,0.078223,0.083728,0.063113,0.054222,0.051425,0.037870,0.030862,0.022709,0.017995,0.011746,
0.086083,0.092968,0.090140,0.103542,0.101294,0.097102,0.104098,0.097649,0.098530,0.095496,0.077873,0.083338,0.073393,0.064483,0.055563,0.045329,0.037094,0.030501,0.029462,0.019374,0.012306,
nan,0.112173,0.085062,0.092118,0.095917,0.085097,0.093963,0.092920,0.074501,0.081322,0.083705,0.078671,0.079879,0.063675,0.054215,0.047153,0.038969,0.033949,0.027105,0.023158,0.015020,
nan,0.091106,0.084210,0.082744,0.090923,0.078714,0.085147,0.085694,0.086998,0.078604,0.080275,0.077937,0.070914,0.071395,0.054323,0.067405,0.043768,0.031693,0.029222,0.020915,0.019138,
0.069092,0.087306,0.087181,0.095879,0.079699,0.075816,0.078745,0.084417,0.085071,0.074215,0.072737,0.071476,0.071674,0.068748,0.054917,0.061697,0.048566,0.045498,0.026535,0.028871,0.014007,
nan,0.073418,0.096938,0.078587,0.072347,0.082783,0.102015,0.073236,0.073852,0.082196,0.079156,0.075323,0.061151,0.071478,0.072635,0.055450,0.049799,0.042618,0.033804,0.031963,0.019017,
0.083073,0.064827,0.074941,0.071868,0.074662,0.074547,0.092878,0.118298,0.073587,0.089371,0.067142,0.081508,0.087138,0.062991,0.063210,0.066399,0.046797,0.055765,0.032284,0.040500,0.021390,
nan,0.099353,0.104323,0.079913,0.123585,0.077819,0.098394,0.083309,0.071372,0.081388,0.088875,0.075162,0.077917,0.062713,0.058794,0.106098,0.080252,0.064134,0.046756,0.028446,0.018970,
nan,0.085249,0.087309,0.103716,0.092324,0.069750,0.090001,0.115951,0.128577,0.121533,0.076012,0.096675,0.112918,0.069348,0.093940,0.066085,0.073673,0.050733,0.029972,0.025669,0.020325,
nan,nan,nan,0.079885,0.065885,0.109744,0.119780,0.090842,0.036746,0.257578,0.067250,0.119724,0.072884,0.052365,0.058978,0.126179,0.063206,0.039886,0.045062,0.024930,0.036624,
nan,0.165379,0.214182,0.210464,0.301617,0.192697,0.183288,0.182471,0.200616,0.136585,0.190399,0.149901,0.114802,0.098107,0.113778,0.077237,0.056328,0.024846,0.020064,0.032474,nan,
0.278496,0.230950,0.234962,0.224390,0.278682,0.226711,0.206901,0.199144,0.203395,0.168622,0.157973,0.133922,0.115981,0.095290,0.083769,0.049806,0.071525,0.028787,0.025890,0.011539,nan,
0.197979,0.259129,0.248337,0.232611,0.230951,0.217579,0.208684,0.204058,0.206725,0.162848,0.153359,0.127534,0.114285,0.096557,0.093108,0.080711,0.058061,0.043901,0.028513,0.020408,0.016989,
0.264819,0.218069,0.235797,0.233144,0.219621,0.216883,0.206803,0.187176,0.184041,0.178273,0.152655,0.133193,0.121885,0.108428,0.100313,0.063456,0.068479,0.040993,0.024423,0.027493,0.012209,
0.235853,0.206780,0.210336,0.218324,0.221208,0.218329,0.202122,0.196909,0.169219,0.158004,0.138798,0.127252,0.118157,0.104873,0.078052,0.072284,0.051485,0.041119,0.030214,0.017824,0.011108,
0.246573,0.184196,0.177678,0.210716,0.183961,0.192217,0.174689,0.172075,0.158887,0.145575,0.146373,0.106189,0.103235,0.096550,0.071712,0.061038,0.061481,0.036573,0.020599,0.011757,0.011963,
0.167918,0.156066,0.186957,0.191186,0.171174,0.157073,0.171465,0.139833,0.142613,0.147808,0.105561,0.109566,0.095180,0.093983,0.068942,0.054974,0.045860,0.034739,0.027171,0.018444,0.012214,
0.159052,0.151428,0.149880,0.162281,0.158573,0.158229,0.140421,0.153709,0.125237,0.129286,0.114059,0.090003,0.083536,0.079630,0.064841,0.048009,0.036271,0.038508,0.028064,0.020747,0.013360,
0.149384,0.123665,0.119423,0.138243,0.134999,0.133270,0.133366,0.118822,0.116314,0.106300,0.098422,0.088322,0.080471,0.076484,0.063808,0.048614,0.041140,0.030092,0.025030,0.018287,0.009116,
0.150585,0.105399,0.111092,0.120264,0.122124,0.102776,0.112436,0.110186,0.111803,0.100955,0.085112,0.087681,0.075842,0.059551,0.060588,0.050787,0.038856,0.029582,0.023177,0.018412,0.011538,
0.107438,0.102100,0.113628,0.123807,0.105963,0.091062,0.091214,0.108232,0.087716,0.085611,0.081686,0.076950,0.072773,0.056810,0.054578,0.046960,0.037551,0.030532,0.025253,0.017354,0.013297,
0.104284,0.085428,0.129453,0.129669,0.102364,0.093637,0.088545,0.096162,0.092787,0.087551,0.076497,0.078092,0.092358,0.063965,0.048333,0.046235,0.038862,0.033432,0.033708,0.023862,0.008914,
0.089304,0.100061,0.081172,0.127536,0.092916,0.094659,0.085939,0.089563,0.086154,0.077207,0.080325,0.079479,0.068413,0.062626,0.063263,0.064278,0.050129,0.030665,0.026515,0.024607,0.018369,
0.067164,0.091754,0.074429,0.122635,0.098201,0.081869,0.097046,0.075201,0.075171,0.074366,0.089780,0.073490,0.063142,0.078421,0.051295,0.059104,0.050739,0.042097,0.026524,0.025068,0.012637,
nan,0.087104,0.072321,0.081848,0.105295,0.076172,0.103505,0.079542,0.082749,0.071186,0.073719,0.068705,0.074853,0.066343,0.074264,0.058520,0.052200,0.044498,0.032438,0.029438,0.022673,
0.058296,0.095908,0.061396,0.076561,0.088946,0.075736,0.111218,0.089586,0.081523,0.081219,0.083339,0.082415,0.091085,0.059977,0.059712,0.072971,0.050859,0.057626,0.031656,0.035833,0.028826,
nan,0.144135,0.064726,0.098769,0.084841,0.094319,0.113229,0.093681,0.094325,0.088451,0.094139,0.093851,0.088042,0.067978,0.083382,0.067968,0.077995,0.067832,0.050412,0.026990,0.018371,
nan,0.264116,0.058396,0.066536,0.127035,0.068483,0.110398,0.118501,0.112299,0.093748,0.083946,0.085264,0.146061,0.081929,0.067598,0.128533,0.072486,0.046826,0.032675,0.041353,0.018213,
nan,nan,0.088621,0.055525,0.059467,nan,0.051805,0.105186,0.055573,0.080698,0.036981,0.071850,0.077969,0.056243,0.054480,0.062159,0.061868,0.071479,0.026761,0.023454,0.013640,
nan,0.250284,0.211495,0.319936,0.178498,0.312362,0.227207,0.263994,0.253525,0.131951,0.231940,0.079655,0.068688,0.150842,0.069138,0.045596,0.077678,0.020878,0.023984,0.015787,nan,
0.243230,0.276474,0.273019,0.253686,0.237291,0.222290,0.218432,0.205175,0.195347,0.207669,0.145516,0.129817,0.125829,0.098587,0.069744,0.061332,0.068101,0.030316,0.061318,0.010218,0.004398,
0.247553,0.248200,0.250819,0.245754,0.259927,0.219856,0.188803,0.208413,0.189553,0.182668,0.150995,0.146256,0.127819,0.107481,0.097079,0.070157,0.077323,0.044377,0.025546,0.016703,0.010081,
0.298666,0.263154,0.217963,0.251877,0.217058,0.227468,0.242342,0.202723,0.168430,0.182039,0.152869,0.142960,0.118083,0.112566,0.076501,0.067881,0.047754,0.036994,0.019616,0.015788,0.008279,
0.151703,0.227749,0.186392,0.223975,0.221617,0.208443,0.205381,0.162442,0.188105,0.166268,0.146457,0.135205,0.111057,0.103069,0.076485,0.060832,0.043354,0.027579,0.023506,0.017193,0.018802,
0.168469,0.203395,0.188290,0.208338,0.181613,0.164403,0.179882,0.172077,0.156037,0.146989,0.138555,0.121849,0.095994,0.084154,0.062777,0.064059,0.047670,0.029891,0.029026,0.025197,0.011815,
0.155885,0.205814,0.164683,0.186193,0.173104,0.164897,0.165523,0.176001,0.143361,0.136390,0.123909,0.114258,0.098410,0.081944,0.070357,0.064032,0.045762,0.034380,0.025413,0.015898,0.006417,
0.138013,0.155438,0.157187,0.169421,0.159458,0.154064,0.153506,0.129389,0.130404,0.113473,0.117936,0.099211,0.083327,0.078514,0.067715,0.051567,0.038904,0.031860,0.020786,0.014767,0.010526,
0.099621,0.126538,0.178543,0.153856,0.171639,0.114836,0.120285,0.128640,0.112953,0.114138,0.090454,0.094311,0.081760,0.069157,0.058069,0.054923,0.035919,0.027734,0.030165,0.019934,0.011785,
0.110415,0.106078,0.152105,0.125828,0.123234,0.117653,0.094154,0.111829,0.105661,0.090726,0.089443,0.073343,0.080394,0.060216,0.056602,0.047225,0.035595,0.032471,0.025610,0.017789,0.010017,
0.091592,0.097786,0.116964,0.104308,0.110939,0.109518,0.102145,0.109172,0.091744,0.085275,0.092181,0.076548,0.080131,0.060996,0.054466,0.048020,0.035261,0.030318,0.023793,0.016458,0.012694,
0.076486,0.087500,0.109005,0.094632,0.105848,0.096670,0.092856,0.089301,0.102745,0.079081,0.082219,0.078224,0.068087,0.063969,0.055590,0.047939,0.034430,0.032227,0.031785,0.017561,0.013478,
0.064961,0.090542,0.079666,0.093113,0.105914,0.096497,0.093181,0.082133,0.080362,0.072779,0.079798,0.083115,0.063652,0.065329,0.055087,0.052780,0.045742,0.030322,0.024696,0.029596,0.022259,
0.198703,0.086096,0.093424,0.092471,0.085248,0.103779,0.093100,0.089290,0.092440,0.072890,0.072825,0.070807,0.064484,0.060461,0.066983,0.056528,0.041794,0.041910,0.025733,0.019067,0.012685,
0.062263,0.086171,0.084123,0.099724,0.104902,0.101918,0.095761,0.091487,0.084294,0.074353,0.076242,0.098701,0.077399,0.056486,0.058834,0.052705,0.055568,0.045421,0.028852,0.031159,0.032754,
0.592689,0.037274,0.072392,0.101472,0.157051,0.080954,0.110937,0.081638,0.084762,0.088463,0.075741,0.106045,0.070716,0.075598,0.067994,0.062816,0.053967,0.046144,0.040131,0.032346,0.021551,
0.070930,0.094747,0.084469,0.076132,0.070440,0.060593,0.083180,0.083880,0.089074,0.077070,0.077371,0.086616,0.065468,0.095453,0.064505,0.090472,0.063785,0.044299,0.070813,0.027592,0.023284,
nan,0.330759,0.219523,0.086166,0.099988,0.078991,0.169117,0.099595,0.060361,0.072888,0.071681,0.110929,0.059581,0.099078,0.081349,0.055848,0.101976,0.064699,0.048638,0.049179,0.027434,
nan,nan,0.070002,nan,0.094195,0.076931,0.061591,0.053353,0.093497,0.062530,0.237416,0.528576,0.043098,0.116467,0.062192,0.114719,0.039352,0.050341,0.025540,0.029277,0.026001,
nan,0.248996,0.315919,0.292966,0.210605,0.111173,0.184944,0.171301,0.219912,0.302557,0.187010,0.086590,0.101907,0.149470,0.061682,0.072705,0.088961,0.042268,0.019735,0.013219,nan,
0.141448,0.221452,0.251132,0.260176,0.273142,0.205754,0.221155,0.217543,0.189199,0.178366,0.181102,0.146950,0.101498,0.117085,0.100802,0.073577,0.054083,0.031049,0.021153,0.018838,0.011795,
0.195489,0.236683,0.258582,0.229671,0.237061,0.242360,0.212603,0.230124,0.214113,0.186803,0.159090,0.176624,0.119654,0.101885,0.092901,0.072522,0.059967,0.039953,0.021892,0.014453,0.008757,
0.259137,0.214967,0.216360,0.239092,0.226259,0.204875,0.225606,0.203728,0.203893,0.167922,0.145549,0.137167,0.131452,0.102423,0.072005,0.054632,0.051293,0.038621,0.021087,0.017521,0.011654,
0.268721,0.207000,0.209155,0.215462,0.216481,0.210254,0.187604,0.202681,0.176451,0.163215,0.145860,0.121584,0.108146,0.092994,0.073976,0.062858,0.059480,0.035203,0.032021,0.027099,0.009416,
0.214677,0.183110,0.203114,0.194295,0.195908,0.203011,0.179244,0.175606,0.159575,0.141979,0.131302,0.112408,0.100826,0.094724,0.080607,0.068398,0.049937,0.035103,0.024291,0.012209,0.009707,
0.254370,0.161748,0.212069,0.201163,0.184303,0.171438,0.178476,0.147092,0.151172,0.148725,0.107011,0.106472,0.092613,0.088123,0.065393,0.056047,0.047530,0.032783,0.025048,0.018853,0.011175,
0.165024,0.168695,0.194757,0.172140,0.184498,0.166912,0.133626,0.144121,0.135080,0.127407,0.118566,0.095216,0.089986,0.084275,0.066059,0.051221,0.038605,0.037748,0.025727,0.017385,0.008739,
0.096896,0.132096,0.143528,0.139272,0.131378,0.125178,0.136108,0.117845,0.115194,0.101353,0.095877,0.083445,0.085920,0.073788,0.058004,0.057311,0.040691,0.029570,0.022717,0.018323,0.008978,
0.136470,0.101791,0.131847,0.121416,0.130253,0.115568,0.104762,0.118675,0.097535,0.096480,0.097168,0.078913,0.080601,0.063402,0.057897,0.047979,0.038979,0.027215,0.027591,0.018766,0.010988,
0.088495,0.091674,0.114332,0.120742,0.117115,0.099704,0.102885,0.093075,0.101573,0.085010,0.091366,0.073810,0.069212,0.061892,0.053370,0.051803,0.035547,0.031431,0.024613,0.015768,0.013257,
0.099013,0.091271,0.115785,0.108422,0.107314,0.093544,0.093434,0.084307,0.079446,0.076248,0.080902,0.081350,0.071706,0.065396,0.052278,0.044978,0.038105,0.031287,0.027053,0.016971,0.012239,
0.071022,0.087166,0.127001,0.098474,0.108377,0.087749,0.107856,0.095552,0.084986,0.076747,0.066850,0.080148,0.059526,0.064472,0.063881,0.053464,0.054339,0.029859,0.027496,0.024609,0.017816,
0.073955,0.076041,0.114368,0.090736,0.116486,0.089764,0.116457,0.085478,0.088031,0.074490,0.077736,0.074056,0.077419,0.056683,0.071640,0.051363,0.044376,0.038752,0.027598,0.024371,0.015998,
0.097902,0.085682,0.077117,0.082970,0.085506,0.075669,0.124475,0.075432,0.081057,0.086875,0.065719,0.100012,0.071303,0.064449,0.057559,0.056426,0.055682,0.044908,0.028551,0.023262,0.023022,
nan,0.098640,0.067073,0.094663,0.121059,0.084098,0.126040,0.077821,0.079034,0.063988,0.077462,0.073181,0.056865,0.066044,0.062736,0.076202,0.055138,0.040417,0.040309,0.040835,0.021034,
0.088253,0.135572,0.067606,0.067448,0.092798,0.098465,0.145588,0.083945,0.067801,0.075840,0.095555,0.093974,0.072776,0.075772,0.058322,0.059621,0.077730,0.056025,0.057221,0.029975,0.029487,
nan,0.076131,0.070844,0.095155,0.129524,0.077854,0.071260,0.099708,0.066797,0.071063,0.145176,0.107808,0.086657,0.079041,0.064168,0.076335,0.079615,0.061881,0.073252,0.035717,0.021647,
nan,0.167819,0.079221,nan,0.240204,0.075742,0.098638,0.053407,0.033783,0.188634,0.149542,0.071649,0.050379,0.054598,0.072859,0.079458,0.056736,0.111915,0.035570,0.027241,0.021176,
nan,0.202695,0.187045,0.215346,0.246469,0.244555,0.243909,0.285772,0.187835,0.259671,0.195859,0.113433,0.121540,0.197374,0.059279,0.031552,0.087804,0.031372,0.010391,0.028541,nan,
0.192670,0.268405,0.243971,0.247679,0.263759,0.197129,0.199901,0.229587,0.194813,0.183445,0.142984,0.166329,0.129616,0.107708,0.078804,0.078617,0.047350,0.036223,0.024081,0.016040,0.011612,
0.363344,0.248184,0.247248,0.219867,0.248404,0.202098,0.234982,0.200118,0.193486,0.174911,0.151373,0.139632,0.153921,0.100123,0.098309,0.065009,0.060993,0.041644,0.023908,0.018920,0.011193,
0.203575,0.245701,0.219175,0.227811,0.231333,0.230245,0.218091,0.207067,0.188191,0.179322,0.141343,0.118060,0.120408,0.099426,0.086879,0.070754,0.053809,0.037742,0.025388,0.014680,0.014238,
0.291844,0.230908,0.227183,0.246399,0.203721,0.212726,0.204974,0.195145,0.172546,0.165832,0.142038,0.133544,0.119066,0.098073,0.091453,0.064237,0.056156,0.042815,0.029372,0.023477,0.011278,
0.166043,0.243196,0.222053,0.215402,0.174688,0.172671,0.198860,0.176676,0.161622,0.143512,0.134329,0.124336,0.099433,0.091668,0.068313,0.062801,0.046353,0.035529,0.023741,0.026779,0.010968,
0.272001,0.238319,0.184984,0.186667,0.200808,0.192041,0.163957,0.168312,0.142607,0.127690,0.127748,0.112205,0.103325,0.085160,0.066938,0.056715,0.049867,0.031148,0.026966,0.017202,0.007186,
0.107844,0.201948,0.156319,0.151927,0.150646,0.149054,0.147668,0.139440,0.130877,0.116489,0.128234,0.093856,0.086011,0.075441,0.071010,0.056886,0.039460,0.032453,0.022923,0.015496,0.010612,
0.130592,0.160689,0.147078,0.136126,0.143226,0.137280,0.117417,0.131664,0.130546,0.105843,0.093374,0.089176,0.076636,0.078797,0.059481,0.047082,0.035484,0.027400,0.024708,0.016994,0.010149,
0.086071,0.119908,0.127442,0.118272,0.120979,0.107806,0.131034,0.100902,0.101389,0.107311,0.091471,0.085002,0.073205,0.064850,0.059584,0.050289,0.037341,0.028389,0.020576,0.015861,0.011078,
0.093681,0.104079,0.125380,0.104001,0.116918,0.110274,0.110674,0.097121,0.094699,0.083306,0.085172,0.086716,0.074085,0.060803,0.052655,0.047319,0.040667,0.026607,0.027055,0.016321,0.011571,
0.051700,0.097995,0.122813,0.103792,0.103976,0.100886,0.101512,0.094348,0.087665,0.078255,0.079980,0.083564,0.067913,0.057502,0.053620,0.044893,0.036870,0.029647,0.030894,0.016536,0.011520,
0.111653,0.082304,0.091597,0.089098,0.090475,0.086911,0.089976,0.083985,0.087060,0.072662,0.072880,0.074885,0.061506,0.063094,0.061192,0.064876,0.056897,0.031455,0.027483,0.026990,0.022807,
0.063624,0.088561,0.116700,0.096064,0.089101,0.078255,0.080648,0.080350,0.089153,0.073929,0.071369,0.075212,0.089839,0.053954,0.066849,0.053741,0.045355,0.037368,0.026054,0.023419,0.032157,
0.054565,0.069703,0.094079,0.085035,0.103680,0.082034,0.084643,0.081183,0.088569,0.076649,0.084229,0.080643,0.059304,0.058635,0.063197,0.056370,0.047663,0.050668,0.030657,0.020019,0.014817,
0.057397,0.109350,0.087748,0.081680,0.104135,0.069870,0.081869,0.082329,0.093294,0.087182,0.101948,0.106260,0.060671,0.067408,0.057237,0.077132,0.054179,0.036850,0.039539,0.034748,0.045959,
0.056445,0.070472,0.058895,0.088219,0.108860,0.093275,0.098594,0.083402,0.097459,0.074886,0.078556,0.084812,0.086589,0.076620,0.088833,0.063086,0.095179,0.060652,0.037178,0.044861,0.023526,
nan,nan,0.067412,0.064832,0.135365,0.079003,0.073958,0.131598,0.070162,0.088994,0.084703,0.087359,0.108989,0.068700,0.069334,0.046432,0.061097,0.057804,0.072757,0.042617,0.023619,
nan,0.147635,nan,0.080268,0.072559,0.314747,nan,0.090917,0.057591,0.068177,0.048729,0.069768,0.046634,0.043306,0.047155,0.049533,0.070470,0.040304,0.038369,0.064943,0.016751,
nan,0.197666,0.189397,0.279658,0.195597,0.268037,0.249319,0.206246,0.213917,0.166182,0.087562,0.292282,0.069732,0.096639,0.171692,0.045830,0.087419,0.019433,0.012320,0.026208,nan,
0.354549,0.248935,0.253526,0.283804,0.252708,0.232503,0.226461,0.187812,0.202975,0.191445,0.190963,0.151290,0.184676,0.150266,0.088488,0.072856,0.048360,0.047248,0.021193,0.013542,0.011189,
0.218724,0.250839,0.248120,0.159719,0.236088,0.260681,0.218854,0.194351,0.226732,0.183403,0.147839,0.133767,0.118146,0.094339,0.074936,0.067245,0.046797,0.039480,0.033890,0.014381,0.008456,
0.328828,0.221365,0.221212,0.245083,0.242575,0.218202,0.199176,0.185104,0.189959,0.170108,0.137233,0.137552,0.111185,0.097888,0.089512,0.059640,0.059407,0.042097,0.021488,0.015734,0.011668,
0.188168,0.239994,0.232724,0.239126,0.208877,0.221160,0.190475,0.173980,0.189192,0.168330,0.136530,0.129966,0.100464,0.106970,0.069890,0.065588,0.045605,0.030066,0.023474,0.016746,0.006540,
0.189986,0.245965,0.207165,0.204921,0.214559,0.188696,0.185725,0.165215,0.159701,0.146361,0.123871,0.125889,0.097540,0.084377,0.074860,0.059397,0.047452,0.029840,0.025895,0.017992,0.014517,
0.195408,0.229425,0.198451,0.173281,0.175794,0.169521,0.172164,0.153560,0.155909,0.146600,0.111296,0.109991,0.090952,0.088970,0.068375,0.059075,0.049754,0.035949,0.020703,0.015218,0.009247,
0.168080,0.168077,0.171224,0.159472,0.168434,0.165539,0.140981,0.153664,0.138891,0.124937,0.114903,0.094925,0.096821,0.076659,0.062498,0.045564,0.042120,0.033515,0.024298,0.014960,0.008114,
0.116306,0.168004,0.141491,0.136365,0.138467,0.138422,0.114991,0.116958,0.112408,0.129744,0.100247,0.091409,0.078298,0.069434,0.057017,0.052954,0.036653,0.030546,0.024069,0.017876,0.009942,
0.093604,0.128039,0.120788,0.123082,0.128633,0.115800,0.116920,0.107318,0.103929,0.092517,0.095221,0.076050,0.078207,0.063207,0.059100,0.045092,0.039234,0.028214,0.024305,0.018647,0.011270,
0.091439,0.106002,0.098398,0.103957,0.129320,0.099848,0.101633,0.102154,0.094869,0.083539,0.084937,0.077384,0.077041,0.064104,0.053239,0.045752,0.040479,0.030178,0.025307,0.015809,0.011340,
0.154049,0.104604,0.089022,0.093580,0.124860,0.089726,0.093861,0.083890,0.087280,0.078991,0.069088,0.082573,0.069101,0.072854,0.055573,0.043964,0.040184,0.033360,0.032417,0.016969,0.011927,
0.112288,0.108688,0.106328,0.085721,0.120245,0.092422,0.081205,0.091258,0.089624,0.076097,0.077234,0.074037,0.078132,0.059622,0.060923,0.054730,0.048562,0.031968,0.030280,0.019469,0.013158,
0.211382,0.083344,0.091152,0.071919,0.087629,0.089340,0.079664,0.085025,0.084753,0.075191,0.079141,0.083759,0.070206,0.056977,0.065847,0.056379,0.047439,0.037003,0.023899,0.029828,0.042672,
0.060615,0.072574,0.097815,0.067324,0.089442,0.075556,0.078135,0.078080,0.076925,0.074823,0.081644,0.075871,0.057213,0.061563,0.058572,0.057525,0.044256,0.049959,0.031496,0.022538,0.025146,
0.082369,0.086364,0.090528,0.113125,0.090666,0.088506,0.075359,0.093547,0.067980,0.086033,0.079402,0.081796,0.093644,0.093239,0.057912,0.066798,0.069536,0.043417,0.034667,0.025016,0.018578,
0.098356,0.101789,0.065372,0.067595,0.078918,0.096784,0.092302,0.074016,0.063512,0.126228,0.066929,0.080379,0.084089,0.070402,0.094390,0.051069,0.067140,0.079527,0.038265,0.044846,0.067222,
nan,nan,0.126939,0.071824,0.087776,0.082006,0.086219,0.122658,0.108627,0.091861,0.073837,0.071586,0.085937,0.085017,0.079073,0.073694,0.069654,0.051364,0.047609,0.064397,0.035741,
nan,nan,nan,0.099796,nan,0.050222,0.083024,0.099426,0.121346,0.081154,0.079971,0.104014,0.052477,0.294197,0.126279,0.049849,0.135537,0.037204,0.026235,0.036449,0.025299,
nan,0.246813,0.249678,0.361543,0.260439,0.279442,0.193629,0.268790,0.170169,0.101219,0.263792,0.107014,0.176701,0.059644,0.064762,0.039121,0.027098,0.016714,0.050388,0.016678,nan,
0.179404,0.275574,0.230712,0.223673,0.244898,0.225433,0.208725,0.199891,0.193751,0.171040,0.166860,0.175749,0.139556,0.132368,0.101287,0.069280,0.057937,0.043162,0.026008,0.019099,0.013639,
0.243743,0.257603,0.243461,0.236173,0.228618,0.194811,0.215994,0.196114,0.227001,0.183991,0.151553,0.132653,0.109458,0.098898,0.078698,0.064687,0.056301,0.055441,0.019890,0.018270,0.008736,
0.280025,0.231844,0.234190,0.223357,0.217824,0.210979,0.226717,0.225884,0.189376,0.167166,0.165312,0.152645,0.127905,0.114014,0.082435,0.063962,0.071873,0.037110,0.023883,0.013755,0.009539,
0.227615,0.247391,0.230768,0.223817,0.209582,0.204162,0.204728,0.201612,0.187477,0.167369,0.144955,0.117531,0.113517,0.096145,0.069756,0.060596,0.052908,0.042664,0.026838,0.023386,0.013821,
0.287765,0.223247,0.212733,0.185949,0.205388,0.187458,0.174144,0.191195,0.161121,0.141928,0.142207,0.131819,0.103445,0.091669,0.081184,0.062586,0.051657,0.038129,0.027845,0.015673,0.012581,
0.166140,0.198309,0.191514,0.186609,0.196563,0.177541,0.169432,0.164121,0.154112,0.137700,0.126818,0.102180,0.099673,0.084240,0.059963,0.053962,0.051757,0.030031,0.024333,0.021561,0.009037,
0.181271,0.176096,0.173101,0.163674,0.166289,0.163204,0.143804,0.137041,0.126043,0.109646,0.120450,0.098917,0.097024,0.077582,0.063736,0.057304,0.040540,0.031987,0.023559,0.016700,0.011273,
0.120746,0.151662,0.151137,0.144616,0.145170,0.127807,0.126789,0.122970,0.113851,0.100225,0.096179,0.086731,0.080806,0.075396,0.060564,0.046579,0.038749,0.030849,0.023480,0.014875,0.008236,
0.108936,0.134937,0.125933,0.122461,0.130944,0.113564,0.113573,0.099573,0.102292,0.101449,0.095638,0.090313,0.080251,0.065774,0.062188,0.046713,0.041239,0.026903,0.027596,0.018289,0.010312,
0.080000,0.116422,0.109458,0.106600,0.114155,0.108619,0.109105,0.096348,0.099393,0.084231,0.087635,0.073701,0.081579,0.063270,0.053029,0.044713,0.036626,0.033937,0.026595,0.016543,0.011685,
0.073774,0.098625,0.099102,0.100189,0.105590,0.099537,0.096854,0.096152,0.093205,0.081421,0.080691,0.082821,0.068415,0.064564,0.060772,0.044198,0.042904,0.031543,0.033929,0.015775,0.012424,
0.091756,0.095673,0.077891,0.091877,0.091099,0.084827,0.090642,0.080398,0.082829,0.074420,0.073765,0.070542,0.070823,0.058378,0.062775,0.057379,0.043177,0.032697,0.029868,0.017676,0.013139,
0.055746,0.091001,0.087618,0.099002,0.091064,0.083121,0.088587,0.076228,0.079336,0.082948,0.075386,0.070909,0.061286,0.062042,0.060888,0.050778,0.044903,0.041171,0.027135,0.035734,0.015054,
0.078359,0.068385,0.075458,0.089578,0.072078,0.087662,0.086480,0.074652,0.075325,0.085249,0.065917,0.078899,0.068961,0.070303,0.059715,0.051163,0.047452,0.051013,0.029459,0.023410,0.031473,
0.058729,0.070671,0.084611,0.080385,0.084400,0.083209,0.086596,0.066668,0.063647,0.107078,0.069496,0.075247,0.081903,0.073083,0.072854,0.077301,0.058617,0.049031,0.035522,0.025632,0.017333,
0.186231,0.122392,0.070664,0.071645,0.074465,0.080734,0.088749,0.077454,0.081457,0.076937,0.116115,0.067472,0.092176,0.090138,0.074960,0.049105,0.072101,0.063672,0.068759,0.036587,0.025976,
nan,0.080018,0.073243,0.105557,0.093922,0.096728,0.102202,0.067615,0.091924,0.062006,0.123267,0.083710,0.064279,0.068690,0.056554,0.066793,0.101387,0.046730,0.042207,0.035896,0.031031,
nan,nan,0.045832,0.061540,0.072049,nan,0.052376,0.099626,0.070951,0.052688,0.069634,0.090915,0.074061,0.077395,0.037544,0.133806,0.048588,0.048154,0.039631,0.052056,0.020738,
nan,0.181747,0.241461,0.212744,0.213411,0.232786,0.158516,0.203136,0.194469,0.172532,0.223367,0.139799,0.086313,0.101293,0.066520,0.052802,0.071061,0.055036,0.063178,0.012912,nan,
0.221015,0.253091,0.237558,0.253461,0.249313,0.231501,0.214697,0.256795,0.181371,0.179046,0.191846,0.147031,0.121613,0.110645,0.082710,0.070027,0.057468,0.042871,0.019700,0.016598,0.015475,
0.200556,0.215526,nan,0.256914,0.234504,0.227863,0.204917,0.188610,0.182350,0.193158,0.148297,0.135796,0.127108,0.092378,0.094964,0.066779,0.049158,0.044396,0.018739,0.013296,0.014051,
0.162788,0.264489,0.226495,0.260007,0.239245,0.232781,0.229228,0.205749,0.194575,0.170655,0.135801,0.141503,0.117129,0.104842,0.088670,0.062087,0.057624,0.037436,0.019654,0.018259,0.009342,
0.229318,0.268942,0.217374,0.218504,0.221334,0.163400,0.195909,0.193957,0.177438,0.170578,0.125165,0.123013,0.123467,0.099710,0.093782,0.062375,0.053111,0.035329,0.027627,0.015447,0.010700,
0.220724,0.224837,0.213382,0.200561,0.114217,0.188217,0.179669,0.172995,0.147241,0.148766,0.133901,0.119525,0.101793,0.093143,0.065658,0.056600,0.040998,0.029257,0.025684,0.018096,0.011165,
0.153457,0.205429,0.212878,0.197380,0.186370,0.173779,0.160467,0.159877,0.148305,0.142031,0.108265,0.112496,0.088793,0.078352,0.067665,0.058303,0.043028,0.031236,0.020513,0.013761,0.007625,
0.151291,0.163399,0.190898,0.169057,0.156930,0.148501,0.139227,0.148526,0.128634,0.122072,0.120303,0.096383,0.102160,0.078289,0.058423,0.051344,0.049515,0.033157,0.022237,0.017535,0.008834,
0.110788,0.135213,0.139647,0.139742,0.138600,0.131380,0.142411,0.139517,0.115248,0.117078,0.096470,0.093679,0.074363,0.075629,0.059706,0.052516,0.036966,0.028697,0.026123,0.014558,0.009823,
0.100935,0.119645,0.130223,0.130407,0.117301,0.116577,0.120517,0.108101,0.106633,0.100257,0.099276,0.086291,0.075374,0.065211,0.059112,0.046083,0.037130,0.027713,0.025832,0.017419,0.009734,
0.097015,0.117936,0.130411,0.109417,0.117222,0.102870,0.108943,0.107156,0.091782,0.089432,0.080721,0.076107,0.073118,0.065883,0.061953,0.041043,0.042855,0.026934,0.022599,0.020544,0.010495,
0.088124,0.089096,0.115404,0.096951,0.100415,0.094442,0.084258,0.089719,0.089153,0.078646,0.080862,0.079947,0.065943,0.064907,0.060053,0.045635,0.039293,0.032382,0.038792,0.017705,0.013106,
0.108037,0.093178,0.084912,0.087534,0.091041,0.091002,0.077625,0.079506,0.084213,0.074939,0.071379,0.070755,0.077746,0.062179,0.064339,0.056030,0.046302,0.033627,0.044202,0.019730,0.014833,
0.068831,0.086979,0.086831,0.084918,0.084979,0.089405,0.086335,0.077339,0.075792,0.087279,0.069957,0.071369,0.059616,0.058773,0.058294,0.056367,0.040684,0.048736,0.028574,0.021176,0.015768,
0.050537,0.136522,0.077856,0.107870,0.081109,0.093393,0.086806,0.085579,0.081054,0.077845,0.068370,0.069684,0.070130,0.082269,0.059199,0.055003,0.050561,0.047553,0.035041,0.022585,0.037162,
0.134050,0.103584,0.091734,0.095656,0.078782,0.100169,0.086876,0.104874,0.082762,0.070776,0.102140,0.060270,0.094459,0.086187,0.065331,0.060191,0.063530,0.050943,0.036517,0.031757,0.021881,
nan,0.084021,0.088321,0.074779,0.070971,0.080493,0.084488,0.111127,0.080189,0.077907,0.104002,0.078667,0.073408,0.087583,0.064676,0.064950,0.094624,0.058712,0.045943,0.036816,0.019979,
nan,0.057425,0.188599,0.075235,0.074725,0.062433,0.085021,0.081567,0.067275,0.083686,0.101834,0.069259,0.097375,0.098044,0.075366,0.073329,0.073974,0.070194,0.074406,0.040513,0.029847,
nan,0.070484,0.092809,0.045269,0.071362,0.061565,0.057631,0.142119,0.056414,0.042777,0.045879,0.121224,0.105208,0.094938,0.067291,0.056427,0.074923,0.061488,0.073799,0.042336,0.025541,
nan,0.276001,0.325401,0.359346,0.216290,0.199264,0.128368,0.091284,0.148290,0.191925,0.166691,0.186507,0.186879,0.229817,0.068952,0.077946,0.042483,0.037352,0.019980,0.029079,nan,
0.229651,0.255091,0.290820,0.241345,0.288306,0.248965,0.245888,0.213679,0.210814,0.183630,0.176961,0.157246,0.111065,0.089585,0.114886,0.067449,0.048988,0.038924,0.023050,0.013341,0.010573,
0.181627,0.256103,0.233924,0.224220,0.272825,0.234006,0.208597,0.212298,0.201142,0.179410,0.164395,0.139574,0.108296,0.101832,0.078136,0.051289,0.054490,0.032185,0.027771,0.012873,0.009498,
0.209507,0.274244,0.245612,0.241573,0.243792,0.225484,0.214087,0.203031,0.173154,0.175558,0.144258,0.133712,0.124937,0.095109,0.093163,0.074821,0.059057,0.033780,0.024779,0.017320,0.007397,
0.198459,0.210514,0.234963,0.217690,0.210461,0.221118,0.195779,0.170878,0.172695,0.166187,0.138754,0.129250,0.107622,0.105616,0.076630,0.054228,0.054982,0.046586,0.020098,0.016879,0.010470,
0.180477,0.197989,0.231618,0.213019,0.210331,0.203931,0.184119,0.197908,0.157260,0.150892,0.124287,0.125945,0.100550,0.097727,0.076342,0.061541,0.051163,0.039220,0.029194,0.019125,0.011978,
0.115956,0.188422,0.196697,0.181051,0.172989,0.165453,0.166030,0.162196,0.153471,0.136313,0.123224,0.108308,0.103398,0.091328,0.067124,0.054991,0.041852,0.031787,0.024835,0.014202,0.011217,
0.167042,0.165423,0.177379,0.163780,0.172363,0.166636,0.146063,0.153591,0.127733,0.124561,0.119070,0.101013,0.100500,0.073535,0.063021,0.053883,0.049633,0.031069,0.021306,0.016179,0.008350,
0.143521,0.150018,0.167965,0.135774,0.151875,0.131133,0.127465,0.118475,0.118827,0.118098,0.096847,0.092847,0.077722,0.070464,0.060890,0.044319,0.035834,0.030043,0.021684,0.020058,0.009016,
0.103226,0.124408,0.138848,0.114567,0.129437,0.110967,0.104704,0.122694,0.106834,0.094770,0.097048,0.086397,0.079047,0.065621,0.057654,0.048946,0.036530,0.027827,0.023643,0.016340,0.010066,
0.093544,0.099064,0.107896,0.103809,0.105670,0.101373,0.105305,0.096749,0.096198,0.088110,0.084631,0.078465,0.077779,0.063457,0.058257,0.047023,0.041955,0.030732,0.023354,0.020698,0.015052,
0.086622,0.106319,0.096776,0.102167,0.099932,0.103355,0.095085,0.082538,0.086473,0.078310,0.077793,0.082045,0.070985,0.063765,0.054422,0.044662,0.037968,0.036231,0.030065,0.019289,0.013229,
0.076700,0.082040,0.102570,0.108847,0.095666,0.088596,0.091405,0.087666,0.081409,0.087835,0.074154,0.070539,0.071558,0.065553,0.069252,0.051816,0.047111,0.039282,0.046706,0.018929,0.013959,
0.067729,0.115632,0.081906,0.077466,0.097089,0.096360,0.078824,0.092029,0.076848,0.079968,0.078511,0.069542,0.065683,0.058852,0.056672,0.060267,0.040965,0.040826,0.035377,0.029213,0.017858,
0.084540,0.086780,0.075590,0.076033,0.081959,0.102583,0.081074,0.096268,0.070626,0.079133,0.086166,0.075883,0.079918,0.076154,0.061305,0.055066,0.049702,0.045705,0.030468,0.028751,0.022695,
nan,0.097412,0.066033,0.089659,0.085715,0.087278,0.098240,0.087861,0.085583,0.086306,0.078773,0.083081,0.082833,0.075836,0.069593,0.061153,0.055978,0.054352,0.044113,0.028833,0.034737,
0.070527,0.126751,0.079414,0.098699,0.097923,0.137542,0.081865,0.076174,0.082670,0.077193,0.086579,0.087915,0.094275,0.080438,0.071881,0.074458,0.105971,0.055532,0.043018,0.033006,0.026199,
0.045314,0.054871,0.067814,0.080559,0.196363,0.074355,0.078724,0.083469,0.128024,0.088308,0.095341,0.075220,0.070202,0.083521,0.078724,0.068852,0.061525,0.074667,0.069051,0.044452,0.029365,
nan,0.041509,nan,0.055057,nan,0.092735,0.070106,0.279770,0.102523,0.081940,0.145845,0.061602,0.059058,0.101774,0.045827,0.061798,0.054424,0.064171,0.043031,0.028722,0.018634,
nan,0.276772,0.305395,0.326089,0.288577,0.314696,0.183849,0.281986,0.114006,0.149980,0.223830,0.175928,0.111962,0.080582,0.072363,0.082850,0.028761,0.028917,0.031485,0.017087,nan,
0.252497,0.222576,0.254889,0.231714,0.249102,0.238623,0.205040,0.196980,0.214232,0.208377,0.154890,0.142789,0.151483,0.112340,0.071106,0.069973,0.048958,0.045119,0.023445,0.017703,0.015195,
0.239218,0.272389,0.250448,0.220978,0.232773,0.207431,0.234353,0.195063,0.193908,0.188657,0.157178,0.152788,0.137402,0.114651,0.086326,0.066318,0.044975,0.047456,0.022578,0.033325,0.010984,
0.204040,0.220598,0.237673,0.234692,0.240279,0.209493,0.203525,0.200936,0.204380,0.160465,0.149176,0.135103,0.114543,0.100460,0.075641,0.066513,0.052995,0.048894,0.023604,0.015175,0.009423,
0.135597,0.209374,0.241909,0.232089,0.215470,0.202620,0.201281,0.200172,0.187699,0.166463,0.142468,0.135954,0.121327,0.098323,0.083278,0.053591,0.055013,0.033830,0.022824,0.020240,0.007712,
0.139641,0.174975,0.204766,0.199154,0.195886,0.187235,0.181415,0.175041,0.169252,0.152802,0.131307,0.116592,0.102232,0.094871,0.085633,0.062273,0.050971,0.032063,0.027907,0.014811,0.009110,
0.176300,0.153030,0.222134,0.190701,0.177784,0.178117,0.303850,0.161890,0.151507,0.142731,0.117388,0.105833,0.107798,0.079969,0.077762,0.055486,0.040898,0.030978,0.030380,0.017456,0.008052,
0.136622,0.135165,0.181812,0.166835,0.170989,0.147797,0.147037,0.143483,0.136078,0.120721,0.110545,0.103002,0.088228,0.078969,0.058028,0.051849,0.047061,0.027915,0.022148,0.014580,0.009707,
0.123634,0.112284,0.157101,0.149723,0.140943,0.126367,0.137757,0.129718,0.135584,0.116795,0.096900,0.094479,0.080945,0.071085,0.060660,0.047659,0.040354,0.030088,0.020793,0.015580,0.008722,
0.107173,0.107832,0.136201,0.126927,0.124792,0.119063,0.116527,0.106039,0.104922,0.101085,0.094422,0.078519,0.080117,0.067765,0.053168,0.050141,0.036184,0.029894,0.021173,0.019891,0.010176,
0.143216,0.098735,0.113832,0.113247,0.113518,0.114701,0.101706,0.092185,0.095253,0.084966,0.084475,0.075293,0.075549,0.062353,0.061388,0.045561,0.037530,0.029532,0.024570,0.017971,0.009994,
0.066410,0.089424,0.107414,0.097373,0.107024,0.094223,0.089437,0.093857,0.092211,0.094851,0.073318,0.073087,0.068929,0.064029,0.059865,0.049317,0.039568,0.036892,0.023377,0.022656,0.014870,
0.141066,0.089375,0.091203,0.100202,0.104283,0.097097,0.089063,0.095637,0.078886,0.078728,0.080006,0.070810,0.071258,0.061648,0.066582,0.051020,0.042893,0.037289,0.037424,0.018930,0.015235,
0.081677,0.080709,0.079410,0.087753,0.102453,0.100584,0.082206,0.082328,0.078970,0.079630,0.075962,0.070327,0.068563,0.063577,0.063638,0.059669,0.045611,0.041255,0.045899,0.022974,0.014829,
0.058906,0.135271,0.096771,0.087843,0.119275,0.104580,0.074851,0.089713,0.087884,0.085901,0.073450,0.074286,0.083883,0.078975,0.071155,0.056213,0.047837,0.049444,0.036046,0.027151,0.019371,
0.054771,0.082355,0.064702,0.068945,0.092362,0.111398,0.081585,0.078161,0.112570,0.077240,0.075773,0.074923,0.096294,0.068083,0.064677,0.063650,0.056796,0.052415,0.045878,0.030812,0.027501,
nan,0.061573,0.066847,0.129323,0.084858,0.092443,0.096023,0.061764,0.110747,0.082159,0.074596,0.079459,0.087374,0.090960,0.080053,0.067272,0.084658,0.076732,0.049014,0.033502,0.037234,
0.215549,0.069432,0.089283,0.077159,0.071372,0.077202,0.098431,0.059129,0.093950,0.104729,0.085194,0.096705,0.115715,0.085105,0.081602,0.071345,0.064346,0.070193,0.062129,0.041849,0.040105,
nan,0.091256,0.058126,0.041104,0.054305,0.059392,0.091281,0.075615,0.080859,0.099908,0.061241,0.153945,0.050946,0.051886,0.121101,0.071162,0.076724,0.044358,0.040492,0.066295,0.061698,
nan,0.194257,0.228433,0.382374,0.371453,0.161317,0.168844,0.238036,0.211885,0.170817,0.102391,0.103263,0.304812,0.094776,0.079162,0.068112,0.035329,0.032955,0.014613,0.023210,nan,
0.234978,0.273661,0.251909,0.252212,0.277910,0.235796,0.198213,0.219449,0.222580,0.174257,0.178493,0.137973,0.131312,0.107196,0.098486,0.053544,0.047672,0.039451,0.030012,0.017712,0.015693,
0.246389,0.264767,0.246675,0.256322,0.235083,0.218877,0.216178,0.219108,0.231059,0.172642,0.157339,0.149193,0.133565,0.097290,0.084365,0.076035,0.060927,0.046709,0.028119,0.017994,0.008131,
0.195369,0.229189,0.257641,nan,0.226397,0.220222,0.222791,0.200429,0.183014,0.173541,0.147436,0.139127,0.121593,0.091077,0.099373,0.063238,0.073561,0.039446,0.019507,0.011621,0.009601,
0.158121,0.247212,0.236543,0.229815,0.226264,0.179113,0.192045,0.202802,0.175146,0.170288,0.134270,0.131668,0.116825,0.098267,0.076317,0.069746,0.055674,0.037384,0.024158,0.015904,0.008538,
0.168944,0.229184,0.252777,0.213990,0.175370,nan,0.184573,0.169703,0.161659,0.156063,0.128804,0.119350,0.100166,0.097949,0.079708,0.056563,0.044087,0.034673,0.034314,0.020105,0.013786,
0.119204,0.189451,0.214760,0.191540,0.198982,0.166955,0.168838,0.161963,0.146636,0.140662,0.127675,0.120549,0.099084,0.087461,0.069103,0.058569,0.049875,0.032371,0.020541,0.015278,0.010982,
0.127106,0.160755,0.181422,0.156075,0.153774,0.154508,0.156683,0.147092,0.130703,0.125398,0.111295,0.097648,0.094586,0.074056,0.064744,0.051519,0.038142,0.034081,0.028745,0.016906,0.007939,
0.127591,0.127577,0.143115,0.140632,0.136495,0.133605,0.130093,0.121643,0.117561,0.115216,0.101941,0.097086,0.084112,0.070771,0.059410,0.055889,0.044294,0.028745,0.020967,0.014913,0.009765,
0.107031,0.107195,0.128074,0.128318,0.115477,0.120197,0.108950,0.108860,0.107678,0.100947,0.090139,0.086650,0.073810,0.070294,0.055408,0.045829,0.036034,0.032079,0.022200,0.017512,0.009242,
0.105417,0.093639,0.113081,0.115410,0.107577,0.102790,0.107950,0.103009,0.091420,0.086852,0.083730,0.075857,0.078367,0.063594,0.055217,0.046787,0.039726,0.028825,0.021398,0.016864,0.011358,
0.102143,0.082944,0.100589,0.100731,0.099389,0.092935,0.096575,0.099551,0.090355,0.087071,0.080300,0.075929,0.070970,0.068986,0.064256,0.046010,0.041289,0.032124,0.025594,0.017554,0.019236,
0.137370,0.082052,0.113658,0.089003,0.095405,0.085403,0.086355,0.095281,0.081673,0.085382,0.078600,0.075369,0.071884,0.064023,0.060970,0.052196,0.045339,0.040355,0.026613,0.021284,0.019099,
0.072487,0.079056,0.098065,0.096180,0.086680,0.078554,0.090197,0.080178,0.088217,0.080915,0.078944,0.082743,0.072039,0.066253,0.072287,0.061035,0.048347,0.039146,0.041229,0.025084,0.016731,
0.055690,0.071697,0.099044,0.090970,0.099966,0.070574,0.086697,0.088984,0.095010,0.075030,0.076532,0.078090,0.080805,0.060822,0.069124,0.056230,0.048495,0.050072,0.044828,0.025772,0.018072,
0.153308,0.063371,0.085966,0.109672,0.093068,0.095323,0.103407,0.093168,0.101716,0.084175,0.074965,0.092113,0.081122,0.075539,0.079011,0.066216,0.060009,0.056688,0.034846,0.038772,0.022949,
0.058804,0.063704,0.098042,0.080941,0.113150,0.096403,0.091036,0.085221,0.078404,0.093799,0.069883,0.088800,0.078872,0.087728,0.071195,0.076279,0.081984,0.066717,0.050200,0.038396,0.026904,
0.075362,0.233746,0.102824,0.109946,0.092050,0.081827,0.140895,0.072794,0.083134,0.096241,0.093368,0.126980,0.072345,0.102024,0.093163,0.067508,0.066554,0.079831,0.055254,0.056274,0.033730,
nan,nan,nan,0.057510,0.075843,0.068254,0.048622,0.244026,0.149393,0.148712,0.066167,0.103249,0.094148,0.065335,0.093207,0.042632,0.071561,0.064413,0.060388,0.040963,0.106914,
nan,0.239053,0.271375,0.335304,0.240015,0.207535,0.231058,0.309605,0.194639,0.202057,0.231729,0.124981,0.131240,0.078357,0.062412,0.046741,0.057877,0.023544,0.064283,0.012294,nan,
0.244290,0.274296,0.249950,0.257434,0.250005,0.218550,0.232021,0.179672,0.219010,0.171437,0.187034,0.140456,0.096471,0.126181,0.074577,0.077156,0.070982,0.042437,0.015640,0.014896,0.014033,
0.246971,0.247693,0.247494,0.243273,0.241856,0.229193,0.226064,0.184489,0.189537,0.181788,0.161000,0.148539,0.125511,0.118043,0.092407,0.068675,0.045514,0.035850,0.018080,0.019144,0.013194,
0.345470,0.244357,0.279133,0.223250,0.241240,0.215594,0.217358,0.187765,0.185723,0.166172,0.166160,0.134204,0.110988,0.101239,0.081298,0.059662,0.048026,0.029239,0.023671,0.020241,0.011080,
0.274260,0.222315,0.251891,0.228382,0.205135,0.221123,0.202466,0.192133,0.182538,0.155467,0.143970,0.129993,0.122607,0.095694,0.081008,0.069744,0.054569,0.044793,0.026048,0.014036,0.011000,
0.134601,0.238081,0.208520,0.206361,0.211028,0.191717,0.176754,0.182445,0.169491,0.148639,0.134216,0.122262,0.109187,0.088601,0.073919,0.056135,0.052098,0.034201,0.022941,0.013578,0.007610,
0.193392,0.223459,0.189309,0.178778,0.171606,0.178224,nan,0.161147,0.152633,0.137896,0.122513,0.110956,0.092056,0.088033,0.074379,0.056072,0.046204,0.036318,0.028765,0.017343,0.010630,
0.175072,0.174374,0.179483,0.162356,0.155497,0.154705,0.144508,0.142772,0.138080,0.128559,0.108909,0.100429,0.096749,0.076845,0.067897,0.054860,0.047487,0.032835,0.023208,0.016771,0.010786,
0.114079,0.147621,0.156747,0.141028,0.144833,0.131396,0.136173,0.128007,0.121579,0.101696,0.101908,0.096275,0.088514,0.074959,0.067685,0.049206,0.039065,0.033494,0.030885,0.016389,0.008009,
0.121867,0.111115,0.129149,0.114006,0.120948,0.109629,0.116435,0.115793,0.102231,0.083898,0.091137,0.093960,0.072908,0.063669,0.059411,0.056610,0.040539,0.031219,0.020559,0.015953,0.010177,
0.083166,0.102723,0.112502,0.113771,0.108019,0.102020,0.105460,0.099184,0.095039,0.091899,0.084059,0.076484,0.075919,0.067138,0.052908,0.047769,0.039428,0.032424,0.023685,0.016951,0.009680,
0.090925,0.090420,0.096889,0.092038,0.098007,0.094616,0.098221,0.090155,0.083993,0.084780,0.081883,0.076222,0.075830,0.063930,0.069460,0.048039,0.037895,0.030504,0.028544,0.018863,0.012385,
0.082783,0.079017,0.085934,0.088628,0.089842,0.086011,0.095774,0.091280,0.089691,0.079704,0.075351,0.079470,0.074592,0.067318,0.061931,0.046493,0.044053,0.034439,0.027617,0.021441,0.022019,
0.163823,0.082126,0.084194,0.088344,0.092367,0.081952,0.095446,0.090670,0.087861,0.076407,0.085785,0.078069,0.080388,0.075929,0.065415,0.064058,0.050875,0.044922,0.031190,0.025500,0.018410,
0.064245,0.071087,0.087595,0.091820,0.070374,0.085614,0.075909,0.093711,0.096258,0.077582,0.082772,0.073255,0.079859,0.064450,0.072078,0.060255,0.051445,0.047843,0.038701,0.036526,0.020841,
0.061653,0.199489,0.062668,0.072705,0.109295,0.091768,0.069954,0.099931,0.100210,0.080794,0.080705,0.096118,0.082606,0.075182,0.082941,0.061020,0.063303,0.050586,0.043133,0.046734,0.019235,
0.136107,0.081047,0.149170,0.105294,0.099848,0.119289,0.079336,0.105944,0.096048,0.083728,0.085715,0.081162,0.118613,0.067233,0.070559,0.080923,0.084622,0.067852,0.051144,0.044583,0.038861,
0.445344,0.089485,0.074076,0.062317,0.103875,0.066749,0.080946,0.072837,0.117431,0.092834,0.114358,0.097672,0.079738,0.081056,0.071783,0.095718,0.069050,0.079886,0.067427,0.046562,0.038785,
nan,nan,nan,0.053047,0.106780,0.170704,0.078410,0.095123,0.080039,0.174953,0.059371,0.153971,0.103378,0.105650,0.105380,0.087583,0.077684,0.061512,0.072653,0.068794,0.048846,
nan,0.252587,0.270701,0.235291,0.225680,0.215572,0.220776,0.206471,0.210487,0.261354,0.182118,0.195516,0.174279,0.108311,0.052184,0.046480,0.029217,0.038349,0.022347,0.011108,nan,
0.340889,0.304536,0.242514,0.246123,0.236439,0.240692,0.188229,0.189810,0.195693,0.208539,0.132217,0.130612,0.127323,0.122222,0.101148,0.065566,0.046372,0.023740,0.025410,0.023450,0.008881,
0.323331,0.242599,0.261063,0.236271,0.242528,0.244293,0.204402,0.203954,0.188860,0.178532,0.177523,0.163584,0.117240,0.102583,0.090579,0.061261,0.054495,0.044945,0.023112,0.017618,0.014211,
0.271270,0.237973,0.244827,0.247344,0.268872,0.207188,0.208315,0.189615,0.191503,0.174596,0.156861,0.151817,0.113212,0.101290,0.079310,0.062636,0.042834,0.058119,0.023511,0.019110,0.007024,
0.252415,0.235164,0.233372,0.205171,nan,0.202507,0.193406,0.198852,0.181743,0.165484,0.145967,0.132500,0.112001,0.083217,0.084471,0.058498,0.064481,0.033814,0.022184,0.011750,0.008571,
0.201098,0.184341,0.209810,0.193299,0.200729,0.182285,0.184771,0.176602,0.162034,0.158622,0.129977,0.130341,0.116369,0.092947,0.077965,0.067815,0.045077,0.039212,0.027348,0.014902,0.010004,
0.129845,0.179910,0.172584,0.185813,0.178873,0.176301,0.167930,0.166651,0.147328,0.132263,0.121093,0.111454,0.096934,0.087485,0.072069,0.049807,0.047473,0.034849,0.020986,0.014937,0.007602,
0.137548,0.174960,0.157977,0.166426,0.163671,0.151065,0.149697,0.152848,0.134807,0.127845,0.118488,0.101547,0.089934,0.079696,0.068793,0.055024,0.044250,0.035416,0.025056,0.013769,0.011090,
0.169312,0.146556,0.143771,0.133408,0.139134,0.132045,0.129972,0.120601,0.124989,0.113795,0.104600,0.094453,0.087448,0.069535,0.059985,0.051462,0.043162,0.034535,0.023262,0.018150,0.011005,
0.106714,0.140243,0.144198,0.111004,0.123309,0.115366,0.115663,0.117919,0.104817,0.103052,0.091402,0.087670,0.076553,0.072798,0.066214,0.050090,0.038020,0.034258,0.031634,0.016767,0.011270,
0.104394,0.103630,0.128357,0.095510,0.101264,0.106832,0.101419,0.104604,0.093815,0.092609,0.085724,0.078824,0.077082,0.062653,0.056452,0.059839,0.040334,0.035705,0.024699,0.015732,0.011363,
0.145551,0.091633,0.110056,0.099490,0.092464,0.097114,0.100587,0.100960,0.092412,0.088394,0.082922,0.079264,0.070120,0.068595,0.060374,0.050803,0.042486,0.036498,0.024714,0.016953,0.011745,
0.070176,0.088616,0.093358,0.090627,0.091468,0.083903,0.096978,0.088931,0.086725,0.084496,0.081262,0.082567,0.075508,0.066644,0.069546,0.051288,0.040446,0.035383,0.031099,0.019879,0.013563,
0.109509,0.067421,0.082590,0.080368,0.102632,0.081509,0.081894,0.085700,0.093627,0.085620,0.082436,0.079725,0.082124,0.072061,0.060580,0.058404,0.052752,0.039542,0.034077,0.029206,0.021163,
0.074469,0.079815,0.076431,0.089403,0.092589,0.076959,0.077614,0.087700,0.079409,0.080666,0.076148,0.095656,0.071438,0.075935,0.079436,0.067858,0.056271,0.051788,0.040881,0.028851,0.031632,
0.066357,0.109810,0.096138,0.078937,0.097954,0.079612,0.079321,0.078525,0.109448,0.079799,0.089142,0.084107,0.088866,0.081861,0.070407,0.068836,0.060777,0.060331,0.049027,0.042123,0.025672,
0.117408,0.100962,0.069908,0.070726,0.084210,0.107233,0.087596,0.077891,0.089173,0.074632,0.083890,0.102063,0.086805,0.102266,0.086738,0.087204,0.083311,0.066273,0.053716,0.046534,0.055166,
nan,0.038411,0.082918,0.073565,0.063063,0.073849,0.069711,0.081537,0.134677,0.099864,0.085497,0.152234,0.079475,0.078898,0.095323,0.073875,0.077441,0.084425,0.054382,0.040801,0.048477,
nan,nan,0.108427,nan,0.054763,0.060743,0.065891,0.060722,0.056512,0.065194,0.102539,0.251635,0.063678,0.181735,0.101146,0.065116,0.137467,0.051991,0.055649,0.042705,0.087193,
nan,0.298539,0.192809,0.223442,0.164905,0.225237,0.274020,0.184375,0.165801,0.311457,0.117303,0.124660,0.142433,0.093603,0.058029,0.086433,0.054755,0.026159,0.014572,0.021960,nan,
0.258117,0.307978,0.231356,0.258751,0.239017,0.237900,0.216133,0.206665,0.201989,0.171989,0.159715,0.132420,0.110585,0.123632,0.097244,0.055825,0.048495,0.037811,0.027467,0.017419,0.019633,
0.280233,0.262910,0.277038,0.242728,0.243979,0.217764,0.218937,0.197368,0.210466,0.175785,0.166494,0.132869,0.120593,0.097423,0.086958,0.064756,0.048005,0.042283,0.025108,0.018435,0.011245,
0.190398,0.240403,0.251492,0.238891,0.229439,0.214266,0.211263,0.199679,0.190271,0.171218,0.158603,0.143531,0.119005,0.109715,0.095438,0.071805,0.049557,0.039675,0.020520,0.027160,0.011968,
0.160061,0.231481,0.208767,0.226247,0.223704,0.216922,0.215653,0.186720,0.172583,0.150080,0.165279,0.128558,0.102666,0.101511,0.077111,0.056812,0.041759,0.051092,0.021660,0.020480,0.008728,
0.200854,0.212184,0.203709,0.204637,0.206490,0.185585,0.186246,0.171482,0.169817,0.154331,0.135384,0.133807,0.103851,0.080803,0.076305,0.062423,0.050104,0.039479,0.020318,0.014164,0.008902,
0.181700,0.183020,0.194078,0.185220,0.182014,0.172238,nan,0.165514,0.154757,0.138868,0.123784,0.120779,0.104593,0.086817,0.072531,0.066480,0.044112,0.039053,0.023623,0.015344,0.009403,
0.134831,0.161570,0.175564,0.164259,0.163949,0.156740,0.148517,0.140956,0.135679,0.123920,0.113244,0.102475,0.087857,0.077339,0.069748,0.052098,0.039397,0.033232,0.021713,0.016116,0.008765,
0.099340,0.143449,0.143464,0.146785,0.140749,0.141407,0.128599,0.131545,0.122654,0.113990,0.103757,0.094053,0.079118,0.076768,0.065542,0.049100,0.042473,0.030941,0.023363,0.015026,0.009828,
0.105781,0.122444,0.118430,0.118234,0.117587,0.122750,0.115452,0.113706,0.107240,0.103761,0.092330,0.091814,0.079394,0.070655,0.061807,0.048867,0.040937,0.034076,0.022867,0.020338,0.011073,
0.080418,0.107583,0.106485,0.109611,0.104984,0.109174,0.105489,0.105734,0.093085,0.098061,0.084127,0.076916,0.076523,0.069208,0.060947,0.055610,0.040193,0.038185,0.029518,0.020046,0.013218,
0.192164,0.100973,0.106952,0.097263,0.090937,0.098088,0.094229,0.094038,0.092109,0.093532,0.084071,0.084898,0.079277,0.067778,0.056785,0.056615,0.041779,0.038156,0.027825,0.019492,0.016019,
0.095190,0.093080,0.101994,0.086709,0.083564,0.098964,0.086349,0.087915,0.085126,0.091888,0.085645,0.076342,0.076283,0.069573,0.070508,0.056583,0.042984,0.042232,0.027272,0.020013,0.014977,
0.059240,0.096583,0.079313,0.083825,0.077758,0.093448,0.086194,0.082186,0.078678,0.082549,0.080907,0.082831,0.077940,0.072499,0.067708,0.061775,0.047161,0.042197,0.033607,0.021544,0.017857,
nan,0.078831,0.073104,0.098534,0.071112,0.084973,0.095989,0.079992,0.089480,0.091283,0.095121,0.080780,0.086517,0.079659,0.078538,0.069396,0.063009,0.050028,0.044027,0.034144,0.018952,
0.066996,0.103842,0.087021,0.071504,0.071911,0.070831,0.088758,0.092784,0.076905,0.092086,0.106006,0.085042,0.081926,0.090124,0.079610,0.072224,0.056000,0.058291,0.057571,0.039681,0.028614,
nan,0.063268,0.111766,0.062704,0.082456,0.097796,0.092295,0.087100,0.085085,0.089134,0.105332,0.100403,0.085177,0.078664,0.081885,0.077885,0.078249,0.072215,0.055750,0.052270,0.033771,
0.046497,0.064725,0.053910,0.066459,0.067471,0.098368,0.063661,0.092853,0.090391,0.093465,0.106316,0.102098,0.077682,0.081626,0.090765,0.067926,0.081226,0.077006,0.065204,0.049619,0.042816,
nan,nan,nan,0.073425,0.063865,0.071067,0.067820,0.101566,0.055582,0.090659,0.072357,0.087384,0.081079,0.060605,0.064344,0.064445,0.064471,0.093004,0.057398,0.050875,0.073850,
nan,0.269398,0.318181,0.195598,0.322571,0.236355,0.374729,0.241220,0.238734,0.144636,0.185144,0.187182,0.089254,0.089609,0.053952,0.034233,0.044619,0.063539,0.034972,0.013081,nan,
0.268983,0.307454,0.244072,0.256692,0.257544,0.257917,0.221855,0.228784,0.207455,0.192517,0.170498,0.136595,0.136626,0.122264,0.081216,0.079366,0.066289,0.045114,0.026430,0.020430,0.017493,
0.279372,0.273899,0.263173,0.240515,0.250834,0.219843,0.220833,0.202199,0.195972,0.188987,0.162472,0.149035,0.106271,0.117669,0.094704,0.062650,0.058009,0.034379,0.023640,0.017103,0.015244,
0.208575,0.296708,0.234087,0.225023,0.232446,0.218989,0.211433,0.203676,0.193198,0.170332,0.169880,0.137083,0.114952,0.089724,0.082120,0.059535,0.046103,0.040507,0.028556,0.016911,0.011861,
0.198736,0.285749,0.222620,0.216459,0.227181,0.209041,0.199539,0.184237,0.177052,0.167714,0.160565,0.131533,0.113832,0.100452,0.080637,0.067060,0.046049,0.044071,0.022553,0.029883,0.009782,
0.189505,0.253286,0.215199,0.210856,0.205110,0.189565,0.184096,0.185069,0.168397,0.145394,0.149551,0.119020,0.097626,0.098357,0.073231,0.067058,0.044389,0.046616,0.021744,0.021268,0.008489,
0.120773,0.215647,0.190577,0.185148,0.182499,0.182743,0.167769,0.166589,0.147111,0.141079,0.134709,0.120537,0.100999,0.083246,0.065584,0.057623,0.046077,0.033704,0.022599,0.017579,0.008259,
0.193286,0.190353,0.161082,0.162691,0.168445,0.159447,0.151178,0.148253,0.142846,0.124787,0.111523,0.120054,0.099459,0.080558,0.061127,0.055095,0.047818,0.034154,0.021421,0.015436,0.008820,
0.179760,0.157518,0.144702,0.142587,0.144851,0.133847,0.135681,0.129442,0.126103,0.111939,0.105693,0.096368,0.084466,0.075803,0.067389,0.048895,0.040978,0.031481,0.022434,0.014789,0.009920,
0.108872,0.135673,0.134817,0.125056,0.128624,0.115639,0.120955,0.119299,0.102436,0.113035,0.096053,0.086193,0.078627,0.073242,0.060698,0.046158,0.037792,0.031265,0.021932,0.017169,0.010040,
0.089186,0.126500,0.120849,0.114488,0.115026,0.107329,0.109908,0.098349,0.103722,0.096643,0.090175,0.084785,0.079181,0.068820,0.059829,0.047876,0.037548,0.031129,0.023894,0.018979,0.012375,
0.081849,0.136443,0.103512,0.095495,0.114245,0.096570,0.096421,0.093603,0.095569,0.086714,0.087024,0.081588,0.078898,0.070212,0.061095,0.052906,0.045008,0.039823,0.026783,0.019684,0.014295,
0.075195,0.159661,0.088495,0.084047,0.131823,0.095334,0.091815,0.096356,0.089811,0.089799,0.083969,0.081159,0.079612,0.070940,0.062145,0.058673,0.051240,0.043032,0.031500,0.023659,0.016924,
0.100291,0.109743,0.114286,0.078703,0.099076,0.086268,0.093732,0.085782,0.093352,0.093461,0.091715,0.080129,0.076400,0.069619,0.070246,0.061574,0.049247,0.043814,0.036629,0.027739,0.018052,
0.089309,0.103011,0.073951,0.069232,0.086245,0.110712,0.078945,0.077485,0.109843,0.093432,0.094419,0.085910,0.071979,0.083354,0.078588,0.068829,0.051521,0.050497,0.046615,0.027254,0.019190,
0.069843,0.071723,0.067575,0.097009,0.077543,0.116188,0.098104,0.081804,0.094016,0.103276,0.104178,0.089736,0.079504,0.074751,0.077672,0.075463,0.064727,0.060993,0.051407,0.038089,0.026420,
0.051134,0.074012,0.069945,0.065073,0.097719,0.086652,0.092425,0.091006,0.081092,0.107099,0.101868,0.099297,0.093286,0.092755,0.093484,0.076027,0.074610,0.067690,0.068482,0.043559,0.030534,
0.051590,0.403487,0.064499,0.083833,0.072519,0.094261,0.079156,0.123907,0.071393,0.122610,0.094318,0.095593,0.090679,0.083339,0.099748,0.092839,0.084184,0.081074,0.070642,0.069558,0.041996,
nan,nan,nan,0.109440,0.108983,0.076724,0.051152,0.148773,0.088794,0.047649,0.115391,0.057388,0.091812,0.128740,0.097802,0.120318,0.075270,0.094161,0.115184,0.072546,0.042260,
nan,0.212035,0.231389,0.216272,0.322068,0.169380,0.209053,0.322239,0.112244,0.149347,0.154353,0.164361,0.170244,0.335524,0.114818,0.038649,0.032860,0.070761,0.012218,0.013131,nan,
0.306661,nan,0.255457,0.262211,0.242046,0.232404,0.214380,0.215070,0.218095,0.246928,0.185825,0.148295,0.106584,0.105818,0.075767,0.062331,0.056511,0.034119,0.025263,0.018221,0.008785,
0.229809,0.256209,0.345634,0.248811,0.229018,0.241635,0.212105,0.206664,0.198724,0.168281,0.156053,0.120256,0.116907,0.122877,0.082491,0.071419,0.063503,0.041403,0.026994,0.022926,0.015806,
0.364074,0.253278,0.228481,0.235844,0.239350,0.214537,0.214515,0.194801,0.188605,0.164684,0.155120,0.130279,0.110019,0.119533,0.092390,0.068987,0.062426,0.032989,0.021775,0.018154,0.014524,
0.257964,0.242078,0.227324,0.219732,0.243452,0.203172,0.204184,0.186962,0.179664,0.154962,0.146695,0.129737,0.108078,0.103324,0.081184,0.070847,0.056736,0.032725,0.024649,0.015085,0.010276,
0.275705,0.233168,0.218391,0.196526,0.204787,0.205574,0.190016,0.177744,0.158508,0.150364,0.148294,0.122872,0.103612,0.090909,0.073279,0.064597,0.046201,0.035620,0.025226,0.018998,0.008977,
0.304947,0.201602,0.207645,0.188079,0.187551,0.174144,0.164623,0.166985,0.153721,0.132872,0.135796,0.112812,0.090640,0.089524,0.067552,0.065139,0.041169,0.041374,0.023088,0.016528,0.009098,
0.111063,0.163896,0.187311,0.170902,0.154922,0.147727,0.154357,0.149720,0.133511,0.125522,0.126741,0.099269,0.085913,0.084339,0.062446,0.056643,0.038417,0.033271,0.021241,0.015490,0.010694,
0.091470,0.149379,0.158738,0.155734,0.131534,0.128513,0.132752,0.130210,0.120061,0.115718,0.109080,0.099654,0.085105,0.074932,0.059013,0.052526,0.042580,0.033497,0.020553,0.016765,0.011271,
0.201513,0.122467,0.129203,0.135223,0.112257,0.113683,0.115677,0.116652,0.108186,0.105427,0.097450,0.091960,0.082249,0.068362,0.061409,0.049150,0.045382,0.029133,0.023013,0.014912,0.012305,
0.140832,0.107884,0.107356,0.123403,0.100795,0.102402,0.103660,0.102030,0.101040,0.097974,0.089665,0.086339,0.077128,0.069771,0.062768,0.047442,0.045989,0.031769,0.024300,0.015500,0.011806,
0.080276,0.092179,0.098177,0.110775,0.091579,0.096674,0.092044,0.091542,0.099076,0.095381,0.086793,0.083121,0.075700,0.068691,0.062053,0.049747,0.043959,0.033943,0.026994,0.017921,0.013914,
0.093031,0.082945,0.097293,0.104610,0.087395,0.097752,0.084223,0.088116,0.093171,0.084757,0.085369,0.082482,0.078254,0.074036,0.063775,0.050814,0.046856,0.041120,0.028920,0.020019,0.018227,
0.066509,0.084540,0.100117,0.094474,0.105340,0.097687,0.080455,0.088070,0.088813,0.082147,0.086822,0.083500,0.075800,0.076123,0.069899,0.061023,0.051805,0.046964,0.034904,0.025556,0.019175,
0.086757,0.085370,0.115797,0.082144,0.104070,0.080562,0.080583,0.084626,0.085418,0.080917,0.084409,0.080497,0.081731,0.077526,0.074684,0.070643,0.060530,0.045656,0.047297,0.029357,0.022385,
0.047655,0.099735,0.121777,0.067504,0.082050,0.081040,0.079221,0.086861,0.095430,0.075983,0.088413,0.090052,0.096828,0.084127,0.075625,0.078597,0.070122,0.054120,0.055524,0.033399,0.032607,
0.075480,0.150975,0.118147,0.096427,0.078148,0.086158,0.080024,0.108076,0.089368,0.086382,0.078092,0.102115,0.086118,0.092087,0.079813,0.083798,0.078640,0.063710,0.060291,0.041051,0.041692,
nan,0.355671,0.105872,0.106684,0.065050,0.087238,0.115937,0.078921,0.092660,0.094278,0.081995,0.099751,0.107821,0.126399,0.115870,0.090952,0.090962,0.079897,0.072599,0.054452,0.034867,
nan,nan,nan,nan,nan,0.057909,0.126233,0.054950,0.054033,0.142425,0.136685,0.053495,0.110201,0.122452,0.100513,0.076015,0.107753,0.077385,0.117813,0.055428,0.080226,
0.257892,0.292875,0.198939,0.287920,0.273136,0.278944,0.250656,0.258379,0.191745,0.205219,0.170615,0.203819,0.077510,0.099077,0.144274,0.071805,0.023424,0.032473,0.013877,0.012740,nan,
0.248662,0.261209,0.263031,0.233696,0.254133,0.242155,0.249240,0.205768,0.198897,0.197832,0.196587,0.163481,0.102961,0.134361,0.084019,0.075734,0.049340,0.030513,0.029929,0.014470,0.027392,
0.245392,0.261268,0.248562,0.254393,0.232600,0.252463,0.220120,0.215258,0.226184,0.235930,0.185175,0.163581,0.101168,0.115686,0.090748,0.079009,0.051808,0.030880,0.037874,0.013895,0.021567,
0.289757,0.226242,0.243764,0.238163,0.219425,0.229892,0.205979,0.192607,0.209654,0.203699,0.148958,0.136901,0.095232,0.107712,0.092600,0.066764,0.054456,0.037487,0.041089,0.017163,0.017198,
0.288540,0.208423,0.232373,0.229011,0.222443,0.206880,0.201192,0.183875,0.190379,0.172062,0.145312,0.124925,0.099039,0.098078,0.089803,0.059622,0.057899,0.032453,0.042618,0.016190,0.014912,
0.235615,0.194645,0.221027,0.224103,0.200206,0.192016,0.193064,0.170919,0.166491,0.152836,0.133283,0.125358,0.098732,0.102886,0.077554,0.056974,0.062251,0.032401,0.041225,0.016076,0.015768,
0.195012,0.179923,0.193901,0.210797,0.176870,0.171748,0.169509,0.156206,0.149489,0.137341,0.126301,0.120103,0.093787,0.091797,0.072949,0.051573,0.062002,0.036279,0.031247,0.015902,0.013965,
0.154124,0.162368,0.166022,0.185577,0.152371,0.150483,0.148388,0.148469,0.136655,0.123924,0.119308,0.107916,0.085107,0.088337,0.068683,0.056600,0.050768,0.034250,0.026815,0.015271,0.014375,
0.109572,0.140356,0.146641,0.160970,0.143961,0.134187,0.133635,0.128439,0.122146,0.111690,0.108973,0.093795,0.079138,0.078922,0.064009,0.054214,0.040350,0.038154,0.023127,0.014904,0.014801,
0.110447,0.119141,0.129853,0.151071,0.129037,0.123001,0.112856,0.113778,0.111502,0.105489,0.103207,0.087400,0.074539,0.075116,0.062752,0.053370,0.037204,0.035847,0.025835,0.016240,0.015481,
0.105433,0.101949,0.100915,0.130832,0.114993,0.114631,0.097625,0.105762,0.100639,0.098631,0.093602,0.085078,0.073018,0.066753,0.062505,0.050667,0.037223,0.034120,0.025841,0.016156,0.009961,
0.103531,0.091497,0.095759,0.133144,0.103051,0.120100,0.086907,0.103107,0.091906,0.091767,0.092204,0.084307,0.076674,0.065072,0.061367,0.051367,0.037519,0.035391,0.026528,0.017746,0.011485,
0.104259,0.088419,0.083910,0.116517,0.105231,0.106610,0.078532,0.103751,0.088911,0.091169,0.092289,0.083572,0.078149,0.066338,0.064678,0.055316,0.040770,0.035541,0.028491,0.019412,0.014320,
0.088677,0.089845,0.100020,0.105714,0.104550,0.091416,0.093322,0.092817,0.089358,0.088170,0.089437,0.084307,0.085240,0.074921,0.066370,0.060195,0.046414,0.042229,0.036187,0.023835,0.015937,
0.058317,0.074233,0.154505,0.093756,0.097934,0.104588,0.102948,0.077101,0.098379,0.087324,0.084417,0.078518,0.094401,0.075499,0.073252,0.068422,0.053127,0.057206,0.042396,0.028112,0.017803,
0.065527,0.078983,0.082922,0.073014,0.072739,0.116513,0.096864,0.067067,0.125405,0.091054,0.098972,0.095482,0.089962,0.080996,0.075372,0.080465,0.065001,0.057387,0.050987,0.032592,0.024337,
0.042967,0.056362,0.082325,0.188436,0.100301,0.097155,0.094061,0.063913,0.078773,0.071689,0.084994,0.085113,0.079579,0.106706,0.086374,0.078457,0.080651,0.062749,0.065423,0.043858,0.031873,
0.094369,0.086347,0.122057,0.056935,0.144441,0.073225,0.150700,0.147896,0.094906,0.086556,0.079297,0.136998,0.096211,0.067611,0.088171,0.082573,0.082599,0.073358,0.069066,0.054246,0.037165,
nan,nan,nan,nan,nan,nan,nan,nan,nan,nan,0.214310,0.061527,0.168165,0.052521,0.155479,0.069896,0.057962,0.082989,0.086721,0.056990,0.092819,
