0.024816,0.152712,0.117171,0.123573,0.134813,0.156928,0.129121,0.127932,0.135316,0.124693,0.095017,0.097218,0.068549,0.056362,0.040233,0.034264,0.037616,0.010845,0.005405,0.004400,0.003341,
0.165363,0.159976,0.129218,0.140108,0.138313,0.138662,0.128007,0.129175,0.123392,0.116357,0.097082,0.087057,0.082026,0.046259,0.044567,0.037782,0.026851,0.013740,0.007984,0.005740,0.003962,
0.162275,0.156464,0.134775,0.147861,0.140801,0.150015,0.129991,0.122266,0.112859,0.102967,0.092545,0.083447,0.079389,0.057565,0.044459,0.037357,0.024830,0.013580,0.007444,0.004845,0.004219,
0.160708,0.153880,0.142655,0.146086,0.139747,0.147268,0.127505,0.124481,0.110485,0.099845,0.092494,0.081284,0.076138,0.057200,0.044504,0.035995,0.023575,0.015111,0.007404,0.004877,0.004625,
0.149799,0.159408,0.139456,0.142784,0.136073,0.140656,0.125691,0.117235,0.112234,0.098728,0.093128,0.078795,0.070264,0.054527,0.045785,0.034784,0.023532,0.015245,0.007996,0.005830,0.005724,
0.155390,0.153352,0.135686,0.136210,0.132886,0.135876,0.125552,0.111507,0.110584,0.096683,0.091038,0.076885,0.069807,0.052836,0.045737,0.034859,0.022616,0.017094,0.008826,0.006677,0.005846,
0.151336,0.143085,0.130276,0.131644,0.127419,0.126487,0.122583,0.108497,0.107519,0.092420,0.087811,0.072791,0.068068,0.051806,0.045193,0.034145,0.024241,0.017633,0.010512,0.008370,0.007763,
0.134530,0.135558,0.125293,0.123994,0.123160,0.119540,0.117781,0.102810,0.099784,0.089841,0.086843,0.071106,0.065177,0.049388,0.044048,0.033712,0.024237,0.019160,0.012257,0.010552,0.010382,
0.133629,0.126862,0.121871,0.118421,0.118542,0.114096,0.113156,0.099851,0.094067,0.085158,0.081466,0.070688,0.062288,0.049433,0.043645,0.034733,0.025277,0.022108,0.015331,0.014000,0.013602,
0.128208,0.121590,0.115160,0.112087,0.114349,0.108601,0.104874,0.094989,0.089779,0.081384,0.077592,0.068564,0.060678,0.049488,0.042813,0.036684,0.027750,0.025684,0.020120,0.018123,0.018539,
0.119570,0.117988,0.108898,0.106418,0.107758,0.103057,0.098721,0.090064,0.084991,0.079134,0.073225,0.065326,0.060024,0.051454,0.045235,0.040352,0.033331,0.032057,0.030000,0.024482,0.025607,
0.125579,0.110405,0.101396,0.099351,0.099634,0.097286,0.092099,0.085388,0.080820,0.077017,0.070936,0.063339,0.059423,0.052047,0.047903,0.046115,0.040385,0.041884,0.042361,0.036871,0.033554,
0.106280,0.101612,0.095036,0.092462,0.090898,0.090225,0.084853,0.079879,0.075748,0.073776,0.068761,0.062964,0.061047,0.056609,0.054153,0.054726,0.054341,0.056883,0.063976,0.057872,0.047380,
0.096893,0.091116,0.090697,0.087143,0.082034,0.084247,0.076616,0.075806,0.071608,0.070897,0.066162,0.063461,0.065113,0.064321,0.061212,0.067137,0.075813,0.081982,0.095462,0.090528,0.072066,
0.088782,0.078549,0.076350,0.079168,0.070735,0.074749,0.067638,0.068775,0.067677,0.066829,0.066248,0.065651,0.069895,0.077166,0.078048,0.089030,0.115762,0.130005,0.146654,0.159432,0.092452,
0.078249,0.070317,0.064346,0.061850,0.060232,0.061565,0.059026,0.062362,0.065130,0.063849,0.065459,0.070187,0.077850,0.098214,0.108242,0.134055,0.177956,0.237959,0.238290,0.230058,0.086729,
0.059218,0.050880,0.052283,0.045808,0.053411,0.047576,0.050762,0.056934,0.066240,0.066836,0.077499,0.087540,0.104624,0.117033,0.158871,0.210705,0.289203,0.339960,0.389131,0.247263,0.025411,
0.068942,0.026597,0.032510,0.031901,0.032707,0.033974,0.051992,0.051720,0.059719,0.069108,0.080574,0.095813,0.143500,0.188730,0.244556,0.331692,0.486922,0.499148,0.470461,0.039044,0.014974,
nan,nan,nan,nan,nan,nan,nan,nan,nan,nan,0.141948,0.148450,0.163018,0.262911,0.336670,0.662281,0.523430,0.652303,0.184521,0.022965,nan,
nan,nan,0.122342,0.134554,0.131962,0.144738,0.152572,0.140395,0.122685,0.122983,0.109322,0.093232,0.098247,0.065689,0.036706,0.053267,0.033539,0.011700,0.015131,0.005598,0.003940,
nan,0.159956,0.146507,0.146261,0.141143,0.160971,0.134957,0.125367,0.106235,0.098537,0.096565,0.081736,0.070989,0.067892,0.044684,0.034717,0.024652,0.014261,0.007324,0.003766,0.003882,
0.123550,0.158915,0.148946,0.142160,0.139956,0.143828,0.129391,0.121044,0.108257,0.102797,0.097717,0.083396,0.067714,0.057700,0.047365,0.033515,0.025153,0.014568,0.006834,0.004265,0.003321,
0.127436,0.154692,0.148612,0.142018,0.138316,0.138134,0.129135,0.117393,0.106751,0.103509,0.094298,0.082291,0.068217,0.056601,0.046033,0.034188,0.022881,0.014626,0.007387,0.004842,0.005723,
0.133797,0.150233,0.147500,0.139596,0.137143,0.133926,0.126990,0.114015,0.106568,0.101938,0.088780,0.080226,0.069711,0.056486,0.044278,0.033758,0.020422,0.014592,0.007935,0.005682,0.006161,
0.125945,0.145996,0.143981,0.133786,0.131104,0.130470,0.123312,0.111312,0.103485,0.096463,0.085723,0.076799,0.067960,0.055662,0.043227,0.034491,0.022029,0.014761,0.008933,0.007177,0.007511,
0.127747,0.139937,0.138790,0.129297,0.126822,0.126026,0.117396,0.107758,0.099453,0.094573,0.084576,0.075522,0.066910,0.053963,0.042266,0.033327,0.022574,0.016688,0.010379,0.008610,0.008292,
0.127554,0.135386,0.133238,0.123830,0.120739,0.121688,0.113760,0.104093,0.096764,0.092821,0.079599,0.071560,0.064337,0.053927,0.042912,0.033923,0.024814,0.018741,0.013053,0.010746,0.008429,
0.115075,0.128737,0.128613,0.119129,0.115059,0.115491,0.108711,0.099804,0.093025,0.089020,0.075956,0.068211,0.061515,0.051379,0.042947,0.034827,0.026472,0.020960,0.017088,0.013738,0.011853,
0.108531,0.120770,0.120697,0.112583,0.108549,0.109746,0.104333,0.095492,0.089080,0.086072,0.072730,0.066537,0.058953,0.050811,0.044315,0.035601,0.029313,0.025701,0.021348,0.018401,0.016552,
0.104645,0.112900,0.113684,0.105714,0.104346,0.102620,0.098785,0.091653,0.085167,0.081083,0.071250,0.066016,0.057526,0.050618,0.045678,0.038622,0.034765,0.031135,0.027832,0.025665,0.023671,
0.101891,0.104389,0.106782,0.098973,0.098139,0.094100,0.091670,0.087504,0.080336,0.077376,0.068725,0.065593,0.057587,0.052527,0.049253,0.043075,0.042576,0.042165,0.037545,0.037695,0.030806,
0.087448,0.096385,0.097932,0.091641,0.092121,0.088463,0.085351,0.083318,0.075840,0.073824,0.065997,0.063913,0.057850,0.056693,0.054808,0.051564,0.053938,0.057489,0.056905,0.056816,0.047601,
0.078839,0.085467,0.088294,0.082203,0.083708,0.080425,0.079169,0.077712,0.070841,0.071459,0.064762,0.062425,0.060067,0.062220,0.062809,0.065355,0.074825,0.086974,0.087460,0.092997,0.070715,
0.080094,0.075245,0.079590,0.074231,0.075088,0.072180,0.071312,0.069246,0.066382,0.068902,0.065053,0.063206,0.066017,0.071119,0.079039,0.090621,0.110307,0.133656,0.148914,0.138372,0.089750,
0.063946,0.061055,0.062962,0.061833,0.063223,0.062770,0.065824,0.062163,0.063627,0.062746,0.065552,0.068091,0.075323,0.088495,0.104319,0.138073,0.168946,0.221475,0.233337,0.209899,0.089664,
0.043435,0.049334,0.048262,0.050842,0.049203,0.050274,0.053426,0.054865,0.065510,0.067085,0.069280,0.081160,0.097574,0.120804,0.150606,0.216507,0.269762,0.333943,0.357711,0.216933,0.033115,
nan,0.055496,0.041034,0.029049,0.043482,0.047935,0.041994,0.053216,0.060265,0.066948,0.080237,0.099242,0.134571,0.170079,0.233550,0.325370,0.452044,0.453591,0.427921,0.142554,0.014302,
nan,nan,nan,nan,0.176124,0.034307,0.050309,0.088274,0.063295,0.090052,0.095263,0.133962,0.198888,0.194984,0.313657,0.470894,0.439130,0.487678,0.372216,0.021030,0.024453,
nan,0.164820,0.151122,0.140173,0.153520,0.146558,0.127789,0.138199,0.105425,0.102703,0.091706,0.097674,0.134526,0.062113,0.041781,0.033084,0.033332,0.021115,0.005644,0.005433,0.005939,
0.144948,0.148697,0.156886,0.148265,0.141488,0.140781,0.130197,0.118865,0.111257,0.106434,0.100292,0.085514,0.072623,0.055529,0.049042,0.035547,0.023691,0.014523,0.006829,0.004382,0.003169,
0.165285,0.150176,0.156621,0.151828,0.140382,0.140766,0.126730,0.124200,0.111477,0.105254,0.089685,0.080119,0.070449,0.059247,0.043860,0.035011,0.019588,0.013874,0.006605,0.004635,0.005164,
0.168278,0.147408,0.152552,0.143930,0.138648,0.138960,0.127303,0.117841,0.106705,0.102072,0.089885,0.082148,0.069261,0.057540,0.044278,0.034539,0.020542,0.013553,0.007259,0.005217,0.004038,
0.162401,0.149384,0.147400,0.137240,0.136791,0.130215,0.128719,0.116152,0.107931,0.100048,0.089810,0.077508,0.068788,0.055041,0.043202,0.034762,0.023404,0.015610,0.008040,0.006192,0.004078,
0.152312,0.146738,0.141778,0.140676,0.128386,0.127359,0.122382,0.117277,0.105482,0.103520,0.087097,0.074286,0.067900,0.054173,0.043500,0.033405,0.024269,0.016304,0.009161,0.007317,0.005072,
0.159552,0.142501,0.134316,0.135651,0.123902,0.124299,0.119364,0.115923,0.104878,0.095796,0.083294,0.075711,0.061497,0.052705,0.043943,0.033043,0.024061,0.016290,0.010873,0.008602,0.006911,
0.159941,0.139103,0.128657,0.128869,0.117836,0.119303,0.113323,0.108516,0.100846,0.092314,0.080999,0.075159,0.061197,0.052440,0.043933,0.033166,0.025145,0.017516,0.012647,0.010211,0.008531,
0.150329,0.128553,0.122849,0.122401,0.113411,0.114129,0.108023,0.102939,0.095810,0.088913,0.077900,0.071801,0.059395,0.051378,0.044283,0.033971,0.026824,0.020512,0.015884,0.013561,0.011410,
0.150060,0.121695,0.115949,0.115349,0.108106,0.108027,0.102066,0.097219,0.089275,0.082159,0.075842,0.069160,0.057994,0.051640,0.043365,0.035851,0.029213,0.024430,0.019707,0.018396,0.016239,
0.140585,0.110562,0.109881,0.108439,0.102243,0.102685,0.096728,0.092071,0.084345,0.078094,0.072618,0.065724,0.056316,0.051893,0.043275,0.038858,0.033972,0.030676,0.026436,0.024626,0.019963,
0.125528,0.104655,0.101924,0.102529,0.097558,0.096609,0.092124,0.087974,0.080802,0.075198,0.069407,0.063984,0.056981,0.052875,0.046529,0.043573,0.040324,0.039739,0.038052,0.036726,0.028143,
0.127851,0.096893,0.094803,0.094362,0.090695,0.088816,0.087043,0.080048,0.076132,0.071236,0.067296,0.063012,0.057506,0.054973,0.052756,0.050456,0.052926,0.052229,0.057800,0.051486,0.036055,
0.108256,0.087999,0.086293,0.086024,0.083891,0.081850,0.080295,0.074733,0.071026,0.069508,0.065257,0.062982,0.061002,0.061236,0.062754,0.063558,0.072042,0.079152,0.085599,0.071519,0.060067,
0.088831,0.078457,0.075793,0.073605,0.075481,0.074516,0.073176,0.067173,0.066064,0.065584,0.063272,0.064229,0.065980,0.068223,0.077857,0.085781,0.107508,0.117412,0.130225,0.116415,0.090000,
0.074019,0.067749,0.062484,0.062272,0.062707,0.063609,0.067183,0.059069,0.060928,0.063580,0.066373,0.068733,0.076055,0.087993,0.098626,0.124066,0.151165,0.185506,0.197457,0.152283,0.079068,
nan,0.051524,0.044560,0.048448,0.055734,0.053672,0.054054,0.051115,0.058999,0.064269,0.067022,0.080591,0.097419,0.118377,0.142798,0.191665,0.237456,0.271058,0.247779,0.188492,0.028778,
0.026857,0.034943,0.029690,0.037584,0.044476,0.052865,0.046051,0.047312,0.057615,0.070937,0.079000,0.095126,0.127114,0.162697,0.201200,0.277164,0.337724,0.352379,0.331309,0.106266,0.013892,
nan,nan,nan,0.024141,0.033963,0.023622,0.031780,0.050966,0.072450,0.079184,0.084733,0.092335,0.134447,0.208707,0.241559,0.340368,0.383423,0.453456,0.276926,0.025397,0.005430,
nan,0.109306,0.138261,0.144720,0.113347,0.153504,0.109671,0.163527,0.094681,0.098989,0.100024,0.072499,0.080210,0.055921,0.036661,0.027430,0.031278,0.007061,0.007161,0.003085,0.001767,
0.192157,0.163594,0.154881,0.150344,0.147897,0.141926,0.123741,0.129512,0.116960,0.100252,0.092545,0.079476,0.068204,0.057646,0.044149,0.035854,0.023521,0.014885,0.007802,0.003193,0.004152,
0.162499,0.159413,0.154099,0.138387,0.146124,0.135411,0.134143,0.123108,0.109563,0.103336,0.090595,0.085790,0.071727,0.058012,0.046307,0.035583,0.020855,0.013439,0.006445,0.004386,0.003087,
0.158209,0.158010,0.151006,0.151458,0.134574,0.133095,0.125122,0.119855,0.115264,0.107931,0.088897,0.078073,0.069401,0.054369,0.044012,0.033119,0.023857,0.014924,0.006927,0.005556,0.004158,
0.141566,0.152524,0.150349,0.147408,0.131745,0.131695,0.125737,0.124096,0.108076,0.102689,0.087337,0.081181,0.066169,0.055979,0.045741,0.031520,0.022804,0.014614,0.007835,0.006184,0.004299,
0.144475,0.146934,0.149806,0.140751,0.128147,0.127664,0.121218,0.116496,0.104325,0.099069,0.086905,0.083204,0.064632,0.056522,0.044588,0.032054,0.023177,0.014049,0.009299,0.006649,0.005538,
0.129262,0.137429,0.140253,0.133146,0.126022,0.121136,0.113618,0.108324,0.101615,0.093356,0.084551,0.075392,0.065914,0.055303,0.044421,0.032465,0.024937,0.015513,0.010581,0.007746,0.006727,
0.132893,0.132912,0.135425,0.126786,0.123906,0.113927,0.108835,0.105065,0.099345,0.089056,0.081744,0.071026,0.062285,0.052532,0.042787,0.034193,0.025145,0.018175,0.013261,0.010653,0.007807,
0.121590,0.125174,0.126842,0.121965,0.117670,0.110300,0.106806,0.097573,0.093506,0.084609,0.079841,0.070068,0.060161,0.052436,0.041332,0.035021,0.026095,0.019713,0.015137,0.013451,0.011010,
0.105219,0.121323,0.118790,0.114886,0.111463,0.105221,0.102575,0.094697,0.091118,0.081758,0.075162,0.067120,0.059350,0.051041,0.043309,0.036373,0.027857,0.022715,0.020381,0.017817,0.014148,
0.114634,0.115395,0.111291,0.107774,0.105532,0.099621,0.095043,0.089206,0.085380,0.078183,0.072944,0.064744,0.058345,0.051479,0.044836,0.036637,0.033157,0.028653,0.027476,0.021852,0.016529,
0.105994,0.107054,0.104786,0.100364,0.099598,0.094426,0.091049,0.083923,0.081673,0.074350,0.069218,0.062915,0.057520,0.052183,0.047180,0.040955,0.040563,0.037415,0.035890,0.029925,0.022663,
0.099776,0.096971,0.097566,0.095025,0.091392,0.087010,0.084258,0.080761,0.077109,0.072154,0.066658,0.061488,0.056991,0.056553,0.053203,0.050089,0.049614,0.050189,0.051928,0.044716,0.036654,
0.087329,0.088524,0.087789,0.086890,0.082858,0.079948,0.077342,0.074876,0.071183,0.067527,0.065565,0.061941,0.058024,0.059883,0.059308,0.060170,0.064603,0.066961,0.075650,0.060434,0.054167,
0.071858,0.076681,0.078876,0.074703,0.072973,0.070025,0.068718,0.068148,0.065741,0.066389,0.065185,0.063064,0.063648,0.069226,0.077189,0.077651,0.087693,0.096191,0.100200,0.085176,0.057402,
0.070153,0.064356,0.063389,0.063154,0.062769,0.060046,0.061662,0.062328,0.064163,0.061200,0.065654,0.067740,0.072714,0.087543,0.092613,0.108997,0.119507,0.143365,0.152960,0.111970,0.063076,
0.051827,0.055448,0.048890,0.049575,0.049208,0.047852,0.052113,0.051037,0.054346,0.062886,0.066171,0.070826,0.087203,0.107065,0.124053,0.156318,0.192371,0.221357,0.186226,0.135512,0.026880,
nan,0.030075,0.035565,0.038503,0.034585,0.039072,0.045509,0.053408,0.057348,0.057013,0.074607,0.094831,0.109243,0.145421,0.171754,0.202783,0.271589,0.250326,0.212577,0.076766,0.010216,
nan,nan,0.024795,0.060897,0.020516,0.052002,0.035077,0.069576,0.052072,0.067050,0.081380,0.101304,0.161691,0.181347,0.256803,0.267267,0.308383,0.340538,0.219891,0.019780,0.026432,
nan,0.138249,0.101703,0.160613,0.175062,0.194739,0.166520,0.131614,0.103519,0.111545,0.118428,0.105072,0.067129,0.071558,0.045056,0.041875,0.034879,0.024433,0.005739,0.004506,0.002622,
0.181949,0.153748,0.153940,0.149057,0.134110,0.145976,0.130507,0.120321,0.104827,0.103681,0.093045,0.086458,0.071584,0.059672,0.050745,0.032315,0.017797,0.011335,0.006479,0.004420,0.003380,
0.163583,0.148804,0.151546,0.152745,0.135315,0.129579,0.129879,0.119215,0.115320,0.111020,0.091366,0.081462,0.069766,0.056660,0.045523,0.032810,0.023765,0.013033,0.006719,0.004737,0.003081,
0.152640,0.154734,0.149328,0.147202,0.139067,0.133212,0.130644,0.127141,0.110270,0.099526,0.089931,0.081763,0.067628,0.057321,0.044597,0.031986,0.022230,0.013431,0.007152,0.005002,0.003581,
0.152637,0.144990,0.149356,0.140774,0.137036,0.130615,0.120823,0.115603,0.108241,0.101558,0.085904,0.082951,0.069034,0.056710,0.043705,0.033363,0.024199,0.013152,0.008093,0.005422,0.004608,
0.137218,0.143572,0.140967,0.133787,0.138761,0.126918,0.118891,0.112974,0.106696,0.092539,0.088103,0.074961,0.066171,0.054837,0.044801,0.033698,0.023751,0.014314,0.008906,0.006257,0.005423,
0.128961,0.142455,0.141805,0.129987,0.132782,0.121924,0.117989,0.106869,0.102859,0.093574,0.086560,0.074107,0.063370,0.053980,0.042265,0.034095,0.023605,0.015867,0.010427,0.007838,0.006545,
0.135844,0.133647,0.131294,0.124998,0.124768,0.117850,0.113431,0.104217,0.098017,0.087330,0.081432,0.072000,0.063175,0.052852,0.043383,0.033810,0.024271,0.016669,0.012086,0.009516,0.008600,
0.154006,0.125271,0.125342,0.120969,0.117360,0.111361,0.105521,0.100563,0.094763,0.085485,0.077514,0.068830,0.060559,0.052385,0.043730,0.033470,0.025390,0.019135,0.015703,0.013103,0.009135,
0.131744,0.122931,0.118643,0.114051,0.110976,0.104241,0.100924,0.097144,0.091500,0.082893,0.075050,0.065985,0.058878,0.051807,0.043028,0.034020,0.029372,0.023948,0.018319,0.015988,0.010977,
0.099935,0.118957,0.112788,0.107422,0.106057,0.098419,0.097510,0.091487,0.086557,0.079785,0.072202,0.063854,0.058018,0.051463,0.044183,0.036704,0.031166,0.028854,0.023371,0.021331,0.016755,
0.103260,0.109464,0.105823,0.102457,0.096565,0.092782,0.090591,0.087454,0.081399,0.074693,0.070856,0.062637,0.054569,0.052582,0.046025,0.041894,0.034992,0.033911,0.032735,0.028775,0.021639,
0.091066,0.103749,0.095020,0.094280,0.090712,0.086897,0.083227,0.082955,0.076408,0.070376,0.068201,0.062801,0.056917,0.053599,0.050018,0.046363,0.044745,0.041605,0.043720,0.035182,0.026062,
0.090323,0.091304,0.087775,0.085352,0.082853,0.078887,0.076883,0.076888,0.071370,0.066718,0.066044,0.061973,0.060758,0.058410,0.056546,0.053753,0.058166,0.057718,0.059978,0.053552,0.035736,
0.075150,0.082672,0.074660,0.075266,0.071380,0.070244,0.073210,0.069704,0.065250,0.063882,0.064287,0.062662,0.062412,0.062151,0.068904,0.071259,0.075122,0.088839,0.075315,0.062987,0.047619,
0.062614,0.067457,0.061684,0.064191,0.060961,0.062846,0.061670,0.062051,0.062548,0.060849,0.066144,0.064587,0.065989,0.075763,0.084859,0.098055,0.110128,0.111319,0.108464,0.087626,0.041729,
0.052441,0.050472,0.047483,0.048848,0.049981,0.052401,0.053718,0.057438,0.057464,0.057386,0.069644,0.069052,0.082505,0.094367,0.108796,0.128190,0.133709,0.155647,0.148902,0.085328,0.021258,
0.119798,0.030142,0.030058,0.034054,0.037626,0.040991,0.050378,0.046297,0.059116,0.060470,0.069782,0.085505,0.098064,0.125203,0.151854,0.164451,0.194703,0.199205,0.161828,0.058440,0.010675,
nan,nan,0.026713,0.019314,0.024997,0.033396,0.032126,0.045538,0.051247,0.064273,0.074742,0.082956,0.138528,0.127946,0.175684,0.213250,0.243124,0.209534,0.151334,0.016097,0.002990,
nan,0.148113,0.153745,0.161328,0.140624,0.128373,0.138397,0.107694,0.114975,0.092726,0.089499,0.084652,0.079836,0.051291,0.066214,0.035760,0.031503,0.017982,0.016108,0.004854,0.003039,
0.146037,0.151200,0.146356,0.144294,0.149617,0.133978,0.134871,0.125751,0.118230,0.105854,0.090775,0.074479,0.074570,0.058951,0.041777,0.038610,0.021629,0.011895,0.004745,0.004809,0.003714,
0.123542,0.154037,0.150334,0.154399,0.144100,0.136971,0.130320,0.128023,0.110014,0.100303,0.087014,0.078866,0.066815,0.055298,0.044211,0.031296,0.022539,0.016440,0.006840,0.005439,0.003326,
0.125185,0.147823,0.155603,0.137908,0.141268,0.134351,0.123925,0.116392,0.109641,0.107634,0.091388,0.084414,0.072839,0.055675,0.048225,0.033523,0.022380,0.013333,0.006742,0.005348,0.004384,
0.122535,0.158836,0.144493,0.142497,0.143861,0.132435,0.125721,0.115756,0.110706,0.097546,0.091210,0.078432,0.067523,0.056522,0.047095,0.033231,0.022860,0.014050,0.008170,0.005524,0.004412,
0.126098,0.147554,0.144800,0.134398,0.137377,0.127761,0.121957,0.111678,0.105610,0.092778,0.088994,0.074363,0.066808,0.057670,0.043188,0.032924,0.024279,0.014646,0.009147,0.006308,0.005006,
0.121572,0.136996,0.136695,0.129969,0.127856,0.118241,0.116321,0.110258,0.100630,0.092791,0.084123,0.075249,0.064550,0.054268,0.044534,0.033871,0.022423,0.015245,0.010469,0.007616,0.006592,
0.127997,0.133979,0.129770,0.130879,0.123908,0.111746,0.110455,0.106085,0.098994,0.094096,0.079724,0.070365,0.061722,0.052252,0.041827,0.030991,0.024363,0.017367,0.012042,0.010486,0.006442,
0.114018,0.125578,0.124151,0.124405,0.117795,0.108034,0.106419,0.101788,0.096611,0.088181,0.077166,0.068231,0.060638,0.052520,0.042562,0.033063,0.025961,0.020118,0.013953,0.011963,0.008113,
0.101133,0.118185,0.116486,0.115952,0.111094,0.105422,0.100790,0.096685,0.091305,0.082425,0.075135,0.066987,0.056133,0.051542,0.042514,0.036092,0.026882,0.021056,0.017873,0.014294,0.010812,
0.110780,0.108684,0.109776,0.111759,0.103509,0.100866,0.095825,0.090860,0.086514,0.077827,0.071776,0.065841,0.056250,0.050702,0.042250,0.036349,0.029532,0.025397,0.021817,0.020449,0.012788,
0.084886,0.100875,0.100185,0.104391,0.097035,0.096477,0.089415,0.084748,0.082162,0.074249,0.068832,0.063260,0.056293,0.051833,0.044647,0.038858,0.034381,0.031393,0.028104,0.023579,0.018149,
0.106767,0.093332,0.093121,0.094376,0.089562,0.087897,0.085560,0.081426,0.075583,0.072435,0.066509,0.061720,0.055512,0.052172,0.047995,0.043309,0.041484,0.038358,0.036431,0.030819,0.023752,
0.064240,0.086005,0.086824,0.084769,0.080092,0.079251,0.078130,0.075060,0.070437,0.067221,0.064153,0.060858,0.055101,0.054191,0.053667,0.051158,0.051337,0.050406,0.045964,0.038658,0.024262,
0.077055,0.072990,0.073030,0.074961,0.070796,0.072691,0.070094,0.067915,0.065043,0.062441,0.060812,0.059621,0.060992,0.059462,0.063526,0.061037,0.065809,0.067930,0.068980,0.052366,0.033302,
0.060781,0.063510,0.062078,0.064701,0.062049,0.061015,0.060134,0.060205,0.060137,0.059101,0.060218,0.061196,0.067627,0.070763,0.075338,0.079870,0.081051,0.093769,0.082605,0.061203,0.031126,
0.049008,0.061299,0.047829,0.050156,0.048556,0.048831,0.052890,0.048364,0.052738,0.055753,0.063231,0.067511,0.070224,0.087676,0.098638,0.104244,0.119296,0.115098,0.109092,0.059483,0.018499,
nan,0.025700,0.039047,0.037508,0.043045,0.040501,0.043744,0.048272,0.047122,0.059724,0.063411,0.081536,0.088639,0.105728,0.124883,0.144572,0.133348,0.135179,0.104776,0.055054,0.010717,
nan,0.010871,nan,0.021252,0.034529,0.039659,0.019834,0.039079,0.033546,0.045510,0.054051,0.098971,0.097178,0.127696,0.158085,0.151793,0.164425,0.134484,0.100959,0.023600,0.012147,
nan,0.169272,0.156385,0.143066,0.161694,0.183227,0.118018,0.121228,0.140451,0.113724,0.091470,0.099675,0.083933,0.043204,0.068375,0.017349,0.040721,0.012046,0.006656,0.002819,0.004235,
0.174095,0.153796,0.161339,0.145689,0.133092,0.134680,0.129627,0.121584,0.110637,0.100040,0.089700,0.086927,0.067482,0.059096,0.048117,0.031237,0.020973,0.013449,0.006114,0.003768,0.001918,
0.161126,0.161681,0.154231,0.145147,0.137926,0.139398,0.130507,0.120513,0.113520,0.104369,0.093248,0.087820,0.066048,0.057468,0.048019,0.035304,0.021777,0.011807,0.005711,0.004245,0.005266,
0.128064,0.148509,0.148835,0.143582,0.145988,0.136806,0.130968,0.117594,0.112088,0.096087,0.090212,0.079550,0.070355,0.056260,0.044630,0.034412,0.023122,0.012335,0.007207,0.004737,0.003075,
0.129656,0.137866,0.144994,0.135572,0.137816,0.128765,0.126262,0.114122,0.106745,0.093916,0.089615,0.075717,0.065456,0.058391,0.041149,0.032134,0.023584,0.015253,0.008231,0.005600,0.004517,
0.133505,0.138053,0.139612,0.137828,0.132470,0.120313,0.120071,0.116339,0.106847,0.100071,0.086014,0.077013,0.067373,0.054153,0.044524,0.033081,0.022717,0.013903,0.008654,0.006415,0.005172,
0.123573,0.135737,0.133623,0.135139,0.128483,0.120340,0.114692,0.109542,0.105580,0.097410,0.080881,0.072734,0.063287,0.054174,0.043111,0.031859,0.023822,0.016467,0.009993,0.007594,0.004995,
0.127538,0.127034,0.128802,0.125437,0.123855,0.121263,0.110650,0.104611,0.101859,0.089351,0.081862,0.072276,0.061405,0.055025,0.043662,0.033029,0.023359,0.017689,0.010682,0.009578,0.005559,
0.135185,0.123812,0.126648,0.118453,0.116125,0.114401,0.107856,0.099445,0.095142,0.085651,0.079679,0.071111,0.057540,0.051529,0.040974,0.033990,0.024186,0.017910,0.013416,0.010160,0.007277,
0.132919,0.113974,0.116906,0.112894,0.110915,0.105958,0.103706,0.096449,0.089719,0.083403,0.074980,0.067224,0.058208,0.051212,0.040653,0.033330,0.024942,0.019862,0.015774,0.015068,0.009202,
0.104447,0.107008,0.109720,0.106508,0.106469,0.099355,0.096536,0.091469,0.083115,0.078258,0.072042,0.064219,0.055903,0.050402,0.041783,0.035045,0.027229,0.024167,0.018970,0.017240,0.014364,
0.109408,0.103830,0.103508,0.101543,0.097537,0.092736,0.092647,0.087252,0.080093,0.074810,0.068851,0.063347,0.054550,0.049630,0.044009,0.036924,0.032664,0.026717,0.023761,0.019074,0.014400,
0.086622,0.093868,0.095950,0.095028,0.091790,0.085928,0.084147,0.079977,0.075995,0.070464,0.064364,0.060418,0.055568,0.049878,0.046485,0.039662,0.038441,0.033230,0.030712,0.025352,0.017572,
0.080192,0.080394,0.088385,0.086408,0.081876,0.080328,0.079540,0.075367,0.070658,0.065773,0.061241,0.059363,0.055621,0.053012,0.050107,0.047440,0.043965,0.045818,0.036921,0.032653,0.021782,
0.084654,0.074980,0.076481,0.075401,0.073719,0.071066,0.069348,0.067958,0.065475,0.060895,0.059736,0.059766,0.056899,0.053732,0.056439,0.060346,0.056206,0.053836,0.051609,0.039462,0.026781,
0.064232,0.061441,0.062893,0.062090,0.063052,0.060190,0.061106,0.058538,0.058247,0.057450,0.056718,0.060611,0.060048,0.060974,0.069403,0.069437,0.069242,0.076684,0.061832,0.047054,0.024754,
0.053273,0.043919,0.054810,0.046994,0.048648,0.047040,0.050459,0.052057,0.051900,0.052338,0.059188,0.062150,0.070255,0.076024,0.079557,0.084075,0.092749,0.073893,0.082181,0.040659,0.019410,
0.026257,0.047944,0.033885,0.032865,0.035303,0.034172,0.043855,0.046611,0.048636,0.051148,0.055408,0.061219,0.072531,0.094565,0.099630,0.102260,0.095179,0.099453,0.078967,0.041596,0.007128,
nan,0.020404,nan,0.019892,0.023561,0.030759,0.036345,0.030555,0.042405,0.037943,0.049142,0.091782,0.090431,0.092957,0.133605,0.137981,0.146637,0.084457,0.047215,0.010457,0.012655,
nan,0.188296,0.147215,0.138587,0.148444,0.084790,0.127643,0.125400,0.127880,0.115822,0.106359,0.082440,0.074969,0.067903,0.025459,0.037509,0.016441,0.017453,0.006478,0.002624,0.005464,
0.128057,0.154919,0.145222,0.152424,0.137098,0.131761,0.122908,0.121251,0.116163,0.110332,0.090103,0.090266,0.065055,0.056575,0.041898,0.034872,0.019685,0.011883,0.005636,0.003901,0.002717,
0.124819,0.150325,0.147138,0.145414,0.146641,0.131920,0.125213,0.122086,0.114799,0.110030,0.097674,0.081216,0.072747,0.057000,0.047955,0.030888,0.021022,0.013670,0.005852,0.004598,0.001915,
0.155111,0.139731,0.144722,0.142174,0.137658,0.133911,0.130827,0.118182,0.112611,0.096922,0.091342,0.079690,0.068787,0.059366,0.043957,0.030562,0.022230,0.013952,0.007455,0.004892,0.003743,
0.139569,0.140732,0.139473,0.143021,0.135468,0.123762,0.122372,0.122111,0.108332,0.103921,0.086467,0.078737,0.072079,0.058743,0.044476,0.033230,0.023723,0.013821,0.007369,0.004835,0.004027,
0.146906,0.138179,0.139398,0.135209,0.136132,0.128703,0.118634,0.111173,0.107185,0.103145,0.085471,0.076131,0.065038,0.053983,0.043863,0.032931,0.022588,0.015330,0.008959,0.006312,0.004160,
0.141742,0.133234,0.136927,0.135140,0.125342,0.127055,0.117907,0.111131,0.104920,0.093145,0.084966,0.073357,0.063601,0.056117,0.044820,0.031506,0.022707,0.015842,0.008423,0.007945,0.006151,
0.120957,0.125110,0.131940,0.134380,0.124385,0.114792,0.112979,0.107129,0.100014,0.091181,0.083099,0.072514,0.060055,0.050600,0.041016,0.031835,0.022760,0.015797,0.011112,0.007488,0.004945,
0.118949,0.120606,0.125810,0.126438,0.117727,0.111480,0.109274,0.101255,0.092432,0.087275,0.077226,0.068226,0.059581,0.051129,0.041087,0.033371,0.022800,0.016783,0.011749,0.010831,0.007615,
0.124596,0.115284,0.120269,0.116695,0.110541,0.105956,0.102324,0.096457,0.089108,0.081299,0.074031,0.067221,0.057025,0.049027,0.040381,0.033982,0.025164,0.019967,0.014134,0.012582,0.010737,
0.123798,0.107134,0.115461,0.104571,0.105171,0.100703,0.099489,0.092081,0.085273,0.077914,0.069591,0.065357,0.055629,0.049350,0.040764,0.034656,0.027515,0.021131,0.016765,0.013928,0.009835,
0.109968,0.104345,0.105491,0.098955,0.097959,0.096754,0.091853,0.085779,0.080602,0.073384,0.067110,0.061477,0.054664,0.048960,0.042404,0.035109,0.030081,0.024036,0.021198,0.017002,0.011756,
0.106331,0.103432,0.095775,0.090525,0.091601,0.088429,0.085346,0.079724,0.074617,0.068324,0.064213,0.061290,0.053215,0.048119,0.043816,0.039127,0.033326,0.030486,0.024093,0.020990,0.014598,
0.102404,0.086764,0.087051,0.084066,0.084597,0.081206,0.079967,0.073149,0.069981,0.065613,0.061316,0.059340,0.053810,0.048810,0.047058,0.045676,0.041297,0.037595,0.032328,0.027833,0.017641,
0.090892,0.075310,0.073656,0.073461,0.074817,0.072138,0.072602,0.064585,0.064238,0.059337,0.058886,0.056667,0.055028,0.052502,0.052693,0.050706,0.049113,0.046393,0.041266,0.030608,0.020415,
0.068669,0.062651,0.059912,0.063568,0.063509,0.064661,0.060137,0.058812,0.056395,0.057158,0.057872,0.054197,0.056393,0.055655,0.059053,0.058391,0.057188,0.053510,0.051753,0.037287,0.018429,
0.042343,0.043843,0.042991,0.047953,0.048937,0.051191,0.048384,0.050524,0.050979,0.052227,0.053968,0.054970,0.058720,0.059799,0.066442,0.068354,0.066729,0.067563,0.059515,0.031327,0.016459,
nan,0.029523,0.032130,0.035197,0.037683,0.041327,0.039116,0.040577,0.045577,0.056717,0.053170,0.068099,0.064191,0.075850,0.085484,0.092691,0.085809,0.082102,0.057761,0.032325,0.009469,
nan,0.030913,nan,0.021770,0.025245,0.040524,0.038979,0.021738,0.060894,0.047384,0.073762,0.055446,0.085108,0.064721,0.065760,0.102243,0.107419,0.078627,0.051010,0.016262,0.009367,
nan,0.150935,0.187077,0.169299,0.124047,0.123879,0.144307,0.138239,0.101418,0.085654,0.115311,0.088549,0.084764,0.049448,0.035292,0.045266,0.034979,0.009922,0.004987,0.002199,0.003879,
0.149701,0.169238,0.157961,0.146887,0.143450,0.132859,0.131396,0.132018,0.111870,0.113411,0.090996,0.074934,0.069103,0.062786,0.043106,0.031323,0.023443,0.013693,0.006848,0.003570,0.002753,
0.157858,0.146590,0.151224,0.140045,0.152399,0.136463,0.127634,0.118787,0.113956,0.101759,0.086523,0.085649,0.071854,0.058324,0.041588,0.033798,0.022528,0.012877,0.006404,0.004911,0.004558,
0.129575,0.142416,0.149195,0.142775,0.139243,0.129447,0.123150,0.117064,0.111579,0.101084,0.092679,0.079308,0.068784,0.057194,0.046657,0.034179,0.025768,0.015540,0.007290,0.004235,0.003863,
0.155793,0.138236,0.148134,0.142824,0.140617,0.130806,0.122164,0.116604,0.111671,0.101898,0.086895,0.078537,0.067814,0.057933,0.051668,0.035374,0.023196,0.013988,0.008281,0.005812,0.004229,
0.140579,0.133187,0.146739,0.140506,0.134328,0.130120,0.124851,0.115538,0.107512,0.097548,0.087950,0.076768,0.064550,0.056155,0.043917,0.031086,0.022495,0.013663,0.007569,0.006087,0.005189,
0.134664,0.130596,0.139141,0.131416,0.129445,0.118913,0.114241,0.110524,0.103836,0.095700,0.083970,0.075749,0.060877,0.052505,0.043169,0.033041,0.022547,0.015000,0.008973,0.006377,0.004322,
0.126265,0.128461,0.127251,0.123369,0.118755,0.116347,0.115710,0.105151,0.095682,0.088362,0.080990,0.070791,0.060376,0.050722,0.041238,0.033051,0.022161,0.015798,0.009982,0.008375,0.006229,
0.119477,0.127286,0.119108,0.117842,0.117275,0.113220,0.109482,0.102199,0.091733,0.083990,0.077681,0.070505,0.058662,0.052192,0.041300,0.032998,0.024135,0.017534,0.011201,0.009881,0.006799,
0.113082,0.123919,0.116337,0.113040,0.114458,0.106790,0.103443,0.095028,0.090384,0.080599,0.072424,0.067048,0.057778,0.050337,0.039716,0.032065,0.024082,0.017427,0.012416,0.010432,0.008188,
0.126873,0.117758,0.108549,0.108771,0.104366,0.103727,0.096524,0.091876,0.084203,0.077115,0.071588,0.063735,0.056364,0.047784,0.040625,0.031981,0.025549,0.019465,0.015377,0.012039,0.008369,
0.120347,0.104563,0.101722,0.102925,0.097846,0.095218,0.089662,0.085403,0.078920,0.074416,0.068301,0.061905,0.053475,0.045974,0.039902,0.033944,0.027914,0.023073,0.018046,0.013569,0.010506,
0.093000,0.093612,0.095313,0.095372,0.091206,0.088061,0.084903,0.080207,0.075420,0.069602,0.064916,0.058630,0.051984,0.047640,0.040973,0.038049,0.031908,0.026980,0.021734,0.018550,0.013076,
0.096520,0.093254,0.086344,0.086847,0.082368,0.079842,0.074925,0.073387,0.070063,0.064923,0.062386,0.055735,0.052444,0.046014,0.042914,0.039247,0.037976,0.029695,0.028288,0.021478,0.014906,
0.086605,0.073217,0.075117,0.074844,0.073979,0.071603,0.068530,0.066875,0.063870,0.061009,0.058690,0.053950,0.050621,0.048020,0.047289,0.043403,0.038342,0.039651,0.032203,0.026773,0.015921,
0.059580,0.058231,0.062480,0.064714,0.061906,0.059627,0.059997,0.057569,0.057496,0.056755,0.053891,0.053677,0.051019,0.051475,0.051458,0.048978,0.047562,0.040910,0.039121,0.027197,0.015260,
0.052955,0.040226,0.047887,0.056492,0.048208,0.056629,0.049025,0.051291,0.050765,0.048602,0.049201,0.053076,0.054004,0.057000,0.056564,0.057150,0.057491,0.056921,0.047111,0.027246,0.013094,
0.029134,0.032387,0.034266,0.038273,0.047748,0.041797,0.040557,0.040005,0.046990,0.048391,0.046007,0.053193,0.057522,0.058370,0.062017,0.068629,0.068872,0.062764,0.045561,0.022310,0.012384,
nan,nan,0.015819,0.018592,0.021162,0.025746,0.025500,0.035175,0.045017,0.046867,0.058138,0.044554,0.052660,0.077583,0.075440,0.055510,0.079275,0.048693,0.035182,0.022387,0.012131,
nan,0.195999,0.140128,0.156128,0.111226,0.133807,0.116843,0.136384,0.115727,0.104498,0.095648,0.099878,0.059289,0.073070,0.059586,0.031016,0.021888,0.018569,0.011199,0.002473,0.001520,
0.141262,0.147328,0.154872,0.147558,0.155077,0.142421,0.140424,0.121691,0.114811,0.093266,0.090319,0.084673,0.069048,0.051299,0.046281,0.030700,0.020222,0.015215,0.005833,0.004603,0.002902,
0.131444,0.138876,0.151343,0.143609,0.140003,0.139884,0.138687,0.121680,0.116134,0.099556,0.088892,0.083541,0.071931,0.062322,0.046099,0.034528,0.021083,0.013877,0.006967,0.004652,0.002741,
0.142026,0.158204,0.149761,0.141735,0.143154,0.126983,0.129235,0.119140,0.113361,0.105806,0.089705,0.082661,0.070416,0.061163,0.045597,0.036054,0.023406,0.013185,0.006760,0.004727,0.003612,
0.141566,0.158296,0.147151,0.145950,0.143224,0.131264,0.126899,0.118206,0.112644,0.102902,0.088538,0.077692,0.066952,0.053017,0.041097,0.031716,0.019710,0.012700,0.007441,0.004577,0.003169,
0.138180,0.155352,0.133772,0.135130,0.130857,0.125001,0.119256,0.115130,0.107105,0.098572,0.085418,0.075531,0.061765,0.055423,0.042443,0.029803,0.023275,0.014531,0.006728,0.006591,0.005000,
0.136557,0.144587,0.133207,0.128177,0.129237,0.120348,0.121424,0.110275,0.098665,0.092804,0.084260,0.074104,0.061570,0.052515,0.041795,0.033198,0.020650,0.014334,0.009528,0.006614,0.004895,
0.155222,0.141749,0.132247,0.129106,0.126099,0.117524,0.114775,0.104219,0.096563,0.087890,0.081398,0.073004,0.061035,0.054671,0.042352,0.033079,0.022531,0.015023,0.009111,0.008054,0.004989,
0.130766,0.124971,0.122748,0.122329,0.115627,0.114637,0.106689,0.100290,0.094760,0.087278,0.077529,0.070271,0.058938,0.050679,0.039480,0.031361,0.022260,0.015305,0.010316,0.009118,0.006508,
0.118127,0.115042,0.115684,0.116138,0.109829,0.107032,0.100634,0.096696,0.088355,0.081961,0.074769,0.066554,0.057006,0.046814,0.040432,0.031122,0.024539,0.017228,0.011262,0.008397,0.006323,
0.099090,0.109417,0.110513,0.106254,0.104988,0.100452,0.094695,0.091125,0.083840,0.078261,0.071709,0.063929,0.053367,0.047103,0.040331,0.031779,0.024144,0.018917,0.013728,0.010063,0.008986,
0.107360,0.103818,0.104317,0.100887,0.099648,0.095152,0.089878,0.086483,0.081278,0.073472,0.067003,0.061240,0.053082,0.047733,0.038328,0.033685,0.026991,0.020718,0.015507,0.012682,0.010231,
0.088371,0.095218,0.092619,0.093635,0.090007,0.088393,0.081597,0.081031,0.074579,0.068863,0.064470,0.057888,0.052787,0.045525,0.039224,0.033757,0.029209,0.023832,0.018324,0.015311,0.011270,
0.089751,0.086777,0.084924,0.082670,0.083759,0.080997,0.075819,0.077284,0.071053,0.063511,0.061346,0.057253,0.050334,0.045321,0.041155,0.036520,0.031392,0.026751,0.023397,0.018525,0.012144,
0.081691,0.075700,0.074839,0.076351,0.072383,0.071727,0.071474,0.065677,0.062970,0.060662,0.056564,0.052757,0.049177,0.046515,0.041913,0.039323,0.033389,0.032117,0.027202,0.021275,0.013632,
0.090698,0.064622,0.063338,0.062858,0.060411,0.059535,0.059529,0.058228,0.057468,0.053301,0.052270,0.048173,0.049159,0.046296,0.044381,0.041374,0.041448,0.035003,0.030768,0.021603,0.012491,
0.053258,0.039715,0.047591,0.050425,0.046296,0.047043,0.049156,0.047629,0.049036,0.048745,0.047753,0.048763,0.046319,0.049408,0.048948,0.046181,0.048661,0.043982,0.040141,0.022464,0.009764,
0.036184,0.033688,0.034094,0.037305,0.034594,0.033289,0.041916,0.040155,0.044694,0.042555,0.045535,0.050536,0.052958,0.050548,0.051578,0.046835,0.056394,0.041935,0.033888,0.020322,0.009263,
nan,nan,0.019196,0.022886,nan,0.041200,0.029303,0.043138,0.039276,0.032302,0.045621,0.045771,0.048655,0.062296,0.048339,0.066788,0.057140,0.030184,0.034920,0.018784,0.035961,
nan,0.138216,0.146082,0.142749,0.124533,0.152532,0.131164,0.127871,0.122303,0.086338,0.084355,0.097502,0.069097,0.082884,0.056498,0.025738,0.019901,0.017409,0.007001,0.003822,0.002116,
0.145764,0.149771,0.142970,0.148352,0.145640,0.128830,0.115080,0.126160,0.111890,0.106427,0.090063,0.086844,0.064227,0.060315,0.044474,0.028442,0.022649,0.012711,0.006091,0.003822,0.004333,
0.135588,0.163082,0.148401,0.143787,0.137947,0.131807,0.129748,0.118953,0.111947,0.102532,0.093317,0.081827,0.070827,0.058591,0.049326,0.035176,0.024683,0.014725,0.006856,0.004420,0.003527,
0.141784,0.159164,0.152416,0.147508,0.140253,0.139040,0.124790,0.115711,0.111443,0.099377,0.091745,0.079884,0.074162,0.057708,0.044922,0.033952,0.022939,0.012589,0.006688,0.004135,0.003952,
0.148536,0.145162,0.144167,0.137812,0.135560,0.127766,0.123549,0.124313,0.109853,0.099435,0.090434,0.076616,0.065202,0.056802,0.043632,0.030351,0.020992,0.014353,0.007310,0.005429,0.004192,
0.143130,0.144515,0.140318,0.138310,0.134357,0.123837,0.125447,0.112047,0.105459,0.096548,0.085973,0.076720,0.064685,0.053766,0.045497,0.033395,0.023373,0.014578,0.008479,0.005427,0.003267,
0.130383,0.139831,0.135753,0.134912,0.125510,0.125056,0.117804,0.111294,0.101109,0.091977,0.083942,0.077571,0.065931,0.054970,0.041417,0.033171,0.021388,0.013264,0.007505,0.006083,0.004727,
0.120343,0.134653,0.129915,0.124932,0.121422,0.119791,0.110190,0.104883,0.099475,0.091861,0.080710,0.072266,0.060241,0.050228,0.039612,0.031244,0.021336,0.015925,0.009113,0.007767,0.005053,
0.125941,0.126159,0.126121,0.117700,0.116898,0.113093,0.106414,0.102912,0.094033,0.084870,0.078797,0.069835,0.057671,0.048956,0.041477,0.032392,0.023128,0.014340,0.009050,0.007732,0.006365,
0.136408,0.121394,0.119465,0.109961,0.108673,0.110115,0.100872,0.095385,0.090063,0.080887,0.073891,0.068538,0.057576,0.049691,0.039255,0.029249,0.022368,0.015059,0.010986,0.008578,0.006174,
0.097559,0.111516,0.106855,0.110442,0.103187,0.102030,0.094703,0.091080,0.084688,0.076938,0.071422,0.062717,0.054983,0.046365,0.037505,0.031181,0.024715,0.017845,0.012107,0.009306,0.007064,
0.100772,0.106843,0.101284,0.102015,0.095959,0.095301,0.090223,0.085826,0.080189,0.074501,0.069276,0.062093,0.053349,0.045799,0.037807,0.032335,0.025102,0.019142,0.014926,0.010677,0.008905,
0.105640,0.098898,0.096219,0.094823,0.089463,0.088006,0.084511,0.079337,0.076038,0.069350,0.064572,0.058000,0.050891,0.043413,0.037127,0.032115,0.026381,0.020125,0.016642,0.012886,0.009227,
0.097818,0.084344,0.086699,0.088446,0.082493,0.079067,0.077314,0.071075,0.068705,0.066439,0.059011,0.053105,0.050319,0.044358,0.036820,0.033394,0.027300,0.023034,0.018473,0.015754,0.010413,
0.071327,0.075760,0.084320,0.074296,0.072830,0.071630,0.069430,0.065657,0.063047,0.059479,0.053575,0.050550,0.047528,0.042606,0.039545,0.034001,0.028902,0.026586,0.019957,0.016975,0.011736,
0.059918,0.060986,0.065554,0.061048,0.059416,0.060040,0.058101,0.055136,0.054585,0.053322,0.050554,0.048429,0.045808,0.043718,0.042091,0.035099,0.035127,0.030622,0.029314,0.017290,0.010894,
0.048228,0.050150,0.052601,0.047517,0.049457,0.048452,0.050200,0.048423,0.044325,0.044078,0.042981,0.046157,0.044632,0.042417,0.042270,0.039650,0.037122,0.036163,0.029608,0.019193,0.007965,
0.033133,0.044738,0.032611,0.030523,0.032096,0.033814,0.033227,0.041906,0.040861,0.039168,0.041487,0.042503,0.042207,0.047376,0.044795,0.042479,0.043428,0.033418,0.026592,0.018765,0.008890,
nan,0.021288,0.025100,nan,0.025667,0.034692,0.016144,0.027876,0.025277,0.039215,0.034549,0.042113,0.055477,0.033812,0.036425,0.041735,0.047276,0.032221,0.028033,0.010556,0.001773,
nan,0.139427,0.158998,0.150979,0.114713,0.123850,0.145548,0.149803,0.123140,0.118494,0.104750,0.077574,0.085813,0.057934,0.049357,0.040773,0.032098,0.011027,0.003963,0.003487,0.003295,
0.184484,0.142649,0.143428,0.149825,0.142315,0.134711,0.131511,0.116294,0.112566,0.104894,0.091580,0.080398,0.064679,0.052617,0.046350,0.038271,0.017390,0.013076,0.005791,0.003946,0.004773,
0.142383,0.150373,0.151984,0.146616,0.148156,0.136420,0.126663,0.121111,0.115229,0.101752,0.094144,0.080227,0.071894,0.059803,0.049300,0.032684,0.026411,0.014154,0.005992,0.004665,0.002880,
0.162676,0.148025,0.148217,0.143627,0.142871,0.134014,0.133427,0.123011,0.112419,0.104995,0.092345,0.078533,0.066432,0.056877,0.041414,0.032139,0.019828,0.011861,0.007406,0.004977,0.003799,
0.122104,0.147424,0.143894,0.139130,0.138119,0.125927,0.121734,0.114102,0.107050,0.100637,0.084898,0.075670,0.061666,0.057049,0.045360,0.031849,0.024596,0.014152,0.006994,0.005263,0.004226,
0.136824,0.141520,0.142509,0.137940,0.133468,0.127741,0.123157,0.112665,0.104683,0.097673,0.088879,0.076426,0.066058,0.054201,0.042502,0.032858,0.021622,0.012213,0.006666,0.005421,0.006264,
0.142079,0.134807,0.132868,0.130691,0.125822,0.125731,0.115846,0.108711,0.103919,0.094896,0.085744,0.073248,0.061228,0.053026,0.038479,0.031802,0.020348,0.014267,0.008248,0.006170,0.004176,
0.119558,0.130213,0.128364,0.125683,0.120187,0.119251,0.114692,0.106927,0.097869,0.088715,0.079623,0.071717,0.059454,0.052819,0.042884,0.032183,0.022930,0.013531,0.007670,0.006833,0.005540,
0.133877,0.122283,0.120049,0.124002,0.115197,0.113691,0.106528,0.101322,0.092288,0.083633,0.077945,0.071456,0.060373,0.048718,0.039050,0.029695,0.020877,0.014166,0.009036,0.006860,0.004808,
0.124738,0.120013,0.117801,0.118141,0.110479,0.108703,0.101295,0.096472,0.088644,0.080111,0.077630,0.067220,0.055717,0.046124,0.038261,0.031430,0.022025,0.014971,0.009254,0.007816,0.005276,
0.114551,0.110719,0.114179,0.106904,0.104979,0.102439,0.095885,0.091297,0.086613,0.079388,0.070569,0.062558,0.054853,0.048105,0.038099,0.030471,0.022829,0.016590,0.011857,0.008164,0.006159,
0.098479,0.101642,0.104310,0.100221,0.100451,0.095750,0.089682,0.082046,0.080324,0.075591,0.066258,0.059900,0.053210,0.044478,0.035946,0.029943,0.023623,0.016776,0.011835,0.009283,0.008278,
0.110811,0.091793,0.096005,0.092437,0.093218,0.087583,0.082734,0.079496,0.075347,0.068999,0.061946,0.058085,0.051507,0.043063,0.036078,0.030680,0.023970,0.018745,0.014333,0.011404,0.008379,
0.080194,0.085450,0.086856,0.083270,0.083084,0.080217,0.074645,0.073196,0.069184,0.063085,0.057776,0.053580,0.047595,0.043089,0.035995,0.030794,0.024237,0.021265,0.015979,0.012407,0.008078,
0.080328,0.071786,0.074790,0.073138,0.071629,0.069356,0.063860,0.066526,0.059789,0.058343,0.052661,0.048733,0.045252,0.040410,0.037807,0.031261,0.026915,0.021746,0.018059,0.014159,0.010504,
0.075280,0.069476,0.064792,0.060503,0.062516,0.057943,0.054829,0.058208,0.051161,0.052467,0.047175,0.044901,0.040918,0.037893,0.035544,0.033618,0.028108,0.026709,0.021788,0.014611,0.010052,
nan,0.045746,0.051664,0.044445,0.050809,0.043868,0.045591,0.047181,0.048577,0.043480,0.040309,0.042926,0.038134,0.041109,0.036400,0.036296,0.030129,0.031712,0.023276,0.015421,0.007291,
nan,0.032518,0.038692,0.028425,0.040650,0.041742,0.031762,0.032607,0.033257,0.036040,0.041685,0.036777,0.036914,0.040220,0.042406,0.035723,0.032360,0.029051,0.020718,0.017929,0.007572,
nan,0.033304,0.022118,0.035643,0.018591,nan,0.028448,0.026008,0.026694,0.066746,0.033219,0.040281,0.052819,0.043540,0.026785,0.035948,0.035131,0.025227,0.017388,0.011270,0.005475,
nan,0.174640,0.173264,0.167097,0.154186,0.111481,0.100044,0.144416,0.101050,0.104855,0.103467,0.059251,0.096114,0.060302,0.028783,0.051466,0.023812,0.006220,0.008133,0.005448,0.008540,
0.158801,0.166598,0.163139,0.145608,0.134476,0.132307,0.119824,0.123827,0.115154,0.105223,0.095815,0.087391,0.070251,0.059761,0.042997,0.032220,0.022952,0.013281,0.006262,0.003120,0.002685,
0.174773,0.161047,0.154166,0.148888,0.143609,0.132444,0.138322,0.120811,0.113816,0.111106,0.092400,0.082394,0.068063,0.060773,0.047186,0.034705,0.022265,0.014808,0.006686,0.004108,0.003996,
0.135926,0.142610,0.146694,0.145938,0.142657,0.131920,0.125633,0.121813,0.114823,0.104388,0.088893,0.079752,0.068894,0.057430,0.041578,0.029532,0.022842,0.013201,0.006667,0.003869,0.003069,
0.166941,0.139275,0.142769,0.144609,0.132902,0.134333,0.127751,0.118060,0.108678,0.094603,0.089941,0.080586,0.068909,0.056979,0.045227,0.033865,0.024267,0.014264,0.006531,0.004402,0.003611,
0.148464,0.137015,0.138793,0.137986,0.129794,0.128875,0.120344,0.114611,0.109436,0.095967,0.087002,0.076571,0.065163,0.055751,0.042004,0.032467,0.020253,0.012678,0.007910,0.004775,0.003385,
0.136448,0.134010,0.131534,0.132740,0.124159,0.125710,0.117228,0.110046,0.101305,0.092638,0.081777,0.075613,0.062128,0.053036,0.044118,0.034290,0.023042,0.014435,0.006979,0.006251,0.003874,
0.110617,0.128093,0.130555,0.127852,0.122121,0.121969,0.111620,0.104778,0.096374,0.087710,0.083223,0.075152,0.061232,0.051006,0.039721,0.029790,0.021608,0.014172,0.008243,0.006286,0.004471,
0.124148,0.125503,0.124428,0.116789,0.116205,0.115402,0.106130,0.100474,0.094311,0.086005,0.079389,0.069251,0.057802,0.047223,0.041581,0.030207,0.022089,0.012858,0.008021,0.005632,0.004102,
0.096974,0.117895,0.116366,0.113445,0.110467,0.109032,0.099052,0.093115,0.093207,0.084051,0.074043,0.064800,0.057898,0.050680,0.038010,0.029232,0.020740,0.015167,0.009442,0.006309,0.006417,
0.131266,0.109828,0.111005,0.107835,0.106667,0.101423,0.095447,0.088476,0.086083,0.077379,0.069631,0.064883,0.055448,0.044226,0.036119,0.030212,0.022548,0.014672,0.008994,0.007771,0.005773,
0.126952,0.108919,0.104391,0.099319,0.097212,0.095750,0.089512,0.085386,0.079294,0.072339,0.066611,0.059898,0.052977,0.045172,0.035469,0.028272,0.022448,0.015740,0.011341,0.008257,0.007676,
0.094215,0.093925,0.095923,0.091004,0.089769,0.087379,0.082517,0.081173,0.072841,0.067092,0.062468,0.054761,0.048879,0.043157,0.035760,0.029199,0.022366,0.016848,0.011934,0.010219,0.007374,
0.086426,0.086091,0.088075,0.081578,0.082532,0.079769,0.076826,0.073042,0.066442,0.063582,0.056429,0.052484,0.046447,0.040484,0.034873,0.028287,0.021961,0.018181,0.014691,0.010996,0.006862,
0.069138,0.074752,0.076330,0.071817,0.073503,0.073466,0.069007,0.063382,0.061699,0.057276,0.052058,0.049836,0.042703,0.039202,0.034403,0.029543,0.024233,0.019720,0.016338,0.011559,0.009507,
0.059633,0.061441,0.064182,0.059729,0.061800,0.057677,0.059402,0.054730,0.053298,0.048636,0.048238,0.044613,0.039678,0.037937,0.032116,0.029471,0.023865,0.023665,0.018352,0.012178,0.008077,
0.046673,0.045795,0.047551,0.044762,0.052526,0.046396,0.045629,0.041163,0.044581,0.040959,0.042020,0.040847,0.035867,0.036412,0.036296,0.029376,0.027729,0.025389,0.018907,0.012721,0.007256,
0.038617,0.033559,0.031732,0.034138,0.032161,0.033204,0.043602,0.034011,0.031663,0.036061,0.033581,0.034754,0.036808,0.033901,0.030852,0.035933,0.034540,0.025345,0.018661,0.016807,0.005807,
nan,0.049654,nan,0.023711,0.022192,0.021358,nan,0.030770,nan,0.026752,0.026952,0.027931,0.041384,0.036658,0.026146,0.026181,0.020398,0.022424,0.016262,0.012096,0.004384,
nan,0.194893,0.179572,0.147668,0.138114,0.153931,0.120221,0.128752,0.106872,0.106136,0.095535,0.085163,0.076413,0.058835,0.038269,0.030571,0.023098,0.018599,0.007385,0.003521,0.002333,
0.149701,0.150511,0.142751,0.144783,0.150410,0.131897,0.137020,0.117242,0.110482,0.109414,0.097398,0.077418,0.067379,0.057337,0.054487,0.033010,0.020267,0.015269,0.006060,0.003549,0.005029,
0.145685,0.144456,0.146252,0.144495,0.145223,0.137042,0.130521,0.121262,0.119606,0.100035,0.085299,0.080771,0.072157,0.056834,0.042277,0.032208,0.021371,0.008900,0.005030,0.003225,0.002715,
0.145680,0.144210,0.152777,0.143686,0.136153,0.129532,0.124332,0.120671,0.110113,0.101239,0.093906,0.079649,0.070361,0.059366,0.048867,0.035132,0.023962,0.015345,0.007544,0.005177,0.003367,
0.160328,0.138420,0.138577,0.139311,0.133789,0.133214,0.129961,0.118943,0.108851,0.102986,0.089221,0.081113,0.063019,0.055681,0.041833,0.028270,0.019297,0.012246,0.005979,0.004827,0.004508,
0.154191,0.141137,0.138976,0.138163,0.132559,0.130943,0.120391,0.112904,0.103552,0.094319,0.086418,0.075152,0.063492,0.055497,0.042811,0.033276,0.022534,0.013289,0.007087,0.005075,0.003568,
0.162269,0.132501,0.136798,0.131663,0.130619,0.129303,0.116965,0.110582,0.099447,0.095457,0.085733,0.076386,0.062973,0.053722,0.039306,0.029778,0.019181,0.012913,0.007739,0.005786,0.003912,
0.155806,0.128077,0.126162,0.124572,0.118895,0.120253,0.110771,0.105702,0.098525,0.088313,0.081219,0.072160,0.060892,0.049920,0.042268,0.032792,0.021100,0.012616,0.006799,0.005633,0.004864,
0.126449,0.127978,0.125855,0.121214,0.118337,0.115501,0.104987,0.099427,0.098292,0.087260,0.077544,0.067108,0.059599,0.050014,0.038251,0.028309,0.020604,0.014293,0.007935,0.005678,0.003444,
0.114462,0.119821,0.119256,0.113525,0.110417,0.108572,0.102130,0.095757,0.088579,0.080512,0.074765,0.067703,0.056987,0.047246,0.037153,0.031067,0.021292,0.012399,0.008661,0.006031,0.004608,
0.145023,0.108448,0.111754,0.105885,0.103616,0.098909,0.094796,0.092179,0.084076,0.076822,0.070775,0.061908,0.054934,0.046765,0.035450,0.028604,0.021467,0.014896,0.009260,0.006378,0.005415,
0.106266,0.099030,0.101934,0.099797,0.097578,0.093836,0.089966,0.085257,0.079840,0.073502,0.064872,0.058830,0.051742,0.042859,0.035423,0.028307,0.020384,0.015460,0.010087,0.007089,0.007089,
0.108048,0.097408,0.095558,0.093588,0.091293,0.088061,0.085473,0.077473,0.073425,0.067811,0.061096,0.056156,0.047071,0.043425,0.034152,0.027197,0.020445,0.014514,0.011724,0.008899,0.006255,
0.092835,0.088697,0.084584,0.085187,0.081682,0.082644,0.077430,0.071126,0.068359,0.061991,0.059083,0.050876,0.045904,0.039779,0.034161,0.028303,0.021022,0.015269,0.012568,0.009728,0.006298,
0.079178,0.076481,0.073888,0.073842,0.070466,0.069828,0.066901,0.065282,0.060032,0.056539,0.050494,0.048162,0.041616,0.038844,0.031919,0.026643,0.020755,0.017945,0.013804,0.009521,0.007734,
0.071388,0.065269,0.061697,0.063537,0.057696,0.062452,0.055172,0.056345,0.052235,0.048682,0.044562,0.043369,0.037285,0.033503,0.033093,0.027396,0.022680,0.020384,0.015712,0.011586,0.007223,
0.091684,0.049933,0.047523,0.049251,0.043930,0.053160,0.042871,0.044458,0.044129,0.038931,0.039363,0.038469,0.037515,0.030613,0.030114,0.026440,0.024459,0.019122,0.016018,0.010289,0.007147,
0.032031,0.032395,0.027673,0.032838,0.027001,0.033420,0.031372,0.030626,0.034508,0.034566,0.030566,0.036773,0.032986,0.028863,0.026912,0.024258,0.024999,0.019014,0.015562,0.014439,0.006347,
nan,nan,nan,0.019963,0.025786,0.033999,0.019374,0.033253,0.020837,0.025575,0.042337,0.026072,0.029327,0.020867,0.032083,0.021110,0.032034,0.019722,0.035033,0.012435,0.003288,
nan,0.169886,0.166867,0.159727,0.178160,0.111674,0.119553,0.121075,0.123323,0.110588,0.101221,0.086882,0.064932,0.057656,0.058176,0.031485,0.016671,0.011572,0.003365,0.004422,0.005190,
0.163503,0.147520,0.147366,0.144938,0.143173,0.131788,0.138793,0.125312,0.121264,0.109105,0.097117,0.091085,0.074328,0.063145,0.048615,0.039710,0.022925,0.016503,0.005695,0.005251,0.003412,
0.166568,0.142777,0.154588,0.145372,0.141614,0.133229,0.126884,0.124418,0.110732,0.101619,0.093217,0.078521,0.065787,0.056489,0.040651,0.032530,0.017899,0.011320,0.006081,0.003506,0.005120,
0.146241,0.151412,0.140082,0.143328,0.134149,0.133407,0.127503,0.119965,0.116217,0.100997,0.094266,0.079735,0.067873,0.060675,0.047842,0.034117,0.022210,0.012006,0.006678,0.004588,0.002959,
0.130773,0.147962,0.148101,0.141712,0.137361,0.132822,0.125210,0.117486,0.109447,0.096523,0.086573,0.073787,0.064695,0.053017,0.045251,0.031723,0.024441,0.013918,0.006479,0.004964,0.003589,
0.107822,0.131843,0.140443,0.132748,0.134442,0.129318,0.118614,0.113462,0.104226,0.099556,0.088192,0.080508,0.068343,0.057851,0.043053,0.033330,0.020864,0.010713,0.006141,0.004540,0.003708,
0.126408,0.134128,0.139257,0.132709,0.124236,0.124845,0.116878,0.109803,0.104310,0.093110,0.082495,0.074036,0.060798,0.050621,0.042765,0.033196,0.024232,0.014254,0.006485,0.005552,0.002958,
0.122526,0.125904,0.134447,0.127563,0.123247,0.120407,0.109632,0.107030,0.099631,0.090142,0.081211,0.073613,0.061012,0.052960,0.040110,0.028031,0.019662,0.012700,0.007911,0.005565,0.004038,
0.133990,0.118788,0.124484,0.120783,0.112238,0.112305,0.107765,0.099399,0.092684,0.086576,0.078450,0.068966,0.058821,0.049656,0.039877,0.031213,0.020188,0.012470,0.007399,0.005796,0.003680,
0.118288,0.119922,0.120190,0.112703,0.109216,0.105744,0.103112,0.095851,0.089928,0.082839,0.072524,0.064950,0.057323,0.047457,0.036386,0.027501,0.022801,0.013449,0.007340,0.005673,0.003862,
0.112182,0.117164,0.111937,0.108430,0.103515,0.100171,0.097018,0.089153,0.086570,0.076259,0.070076,0.062730,0.054211,0.044755,0.036297,0.027723,0.020151,0.013456,0.008268,0.005833,0.004696,
0.108891,0.110856,0.104080,0.101820,0.095380,0.097178,0.090840,0.084835,0.080443,0.070531,0.066580,0.057578,0.050364,0.043808,0.035280,0.027895,0.019500,0.013359,0.009725,0.006562,0.006321,
0.096103,0.101443,0.094155,0.094492,0.088071,0.088032,0.082855,0.080108,0.073278,0.069024,0.061464,0.055473,0.047300,0.041169,0.033755,0.027339,0.019768,0.013262,0.010488,0.007809,0.005360,
0.090639,0.090750,0.085335,0.087101,0.079704,0.079674,0.076594,0.071722,0.067203,0.063002,0.056033,0.052085,0.044293,0.039715,0.032357,0.026650,0.018783,0.014245,0.010359,0.008366,0.005654,
0.082593,0.078616,0.073708,0.076941,0.069849,0.070166,0.067023,0.063194,0.060912,0.053702,0.051699,0.046416,0.041685,0.036539,0.031040,0.024137,0.019542,0.016308,0.012371,0.008586,0.007021,
0.069049,0.063976,0.060613,0.065612,0.059421,0.057454,0.059699,0.051604,0.051614,0.046629,0.044361,0.041389,0.037644,0.032356,0.029643,0.026031,0.019965,0.016406,0.013529,0.009940,0.005495,
0.045557,0.050659,0.044464,0.047872,0.045988,0.044961,0.045985,0.043576,0.040055,0.039408,0.034577,0.036904,0.030615,0.031083,0.027409,0.025029,0.022021,0.016708,0.014616,0.009317,0.006969,
0.036915,0.037207,0.027529,0.032439,0.032555,0.029276,0.032403,0.030188,0.028688,0.029076,0.029421,0.028173,0.029607,0.023984,0.025939,0.025823,0.022323,0.017218,0.015580,0.010290,0.005805,
nan,0.018008,0.024216,nan,0.024264,nan,0.025440,0.025253,0.022517,0.027740,0.026549,0.024338,0.024213,0.023134,0.021576,0.024512,0.019472,0.016998,0.010069,0.016153,0.005474,
nan,0.161561,0.146286,0.160578,0.132999,0.149192,0.119017,0.124558,0.114648,0.094293,0.105435,0.072790,0.056594,0.046068,0.041566,0.041574,0.023586,0.006426,0.005649,0.002249,0.001677,
0.173462,0.153532,0.143840,0.143978,0.146489,0.139769,0.131062,0.124954,0.118324,0.110228,0.090271,0.082028,0.074462,0.061827,0.047287,0.035784,0.029901,0.016314,0.006783,0.004797,0.002550,
0.137882,0.155755,0.155698,0.148660,0.143570,0.133244,0.129250,0.115374,0.111584,0.097943,0.085741,0.081562,0.069399,0.056257,0.043667,0.030772,0.022616,0.013032,0.007160,0.004187,0.004385,
0.143535,0.148654,0.145243,0.140916,0.142079,0.137349,0.127153,0.124111,0.113079,0.100699,0.091102,0.079533,0.067821,0.055405,0.042312,0.030779,0.020356,0.012117,0.006405,0.003689,nan,
0.125160,0.138238,0.139736,0.137173,0.135233,0.131764,0.126891,0.113233,0.108355,0.099697,0.090301,0.078623,0.068345,0.058022,0.043853,0.033649,0.022117,0.013154,0.007014,0.004134,0.002905,
0.144704,0.141831,0.141524,0.136673,0.132405,0.130374,0.121594,0.111882,0.107751,0.096400,0.085967,0.075175,0.060334,0.052878,0.039459,0.032587,0.019459,0.015071,0.008005,0.005113,0.002967,
0.131657,0.129948,0.135005,0.130885,0.127398,0.124103,0.112526,0.109571,0.101817,0.090697,0.084284,0.077005,0.063914,0.054679,0.040425,0.029923,0.018271,0.011344,0.007124,0.005384,0.003894,
0.130229,0.136599,0.129577,0.121350,0.117276,0.120891,0.113135,0.101878,0.098051,0.092228,0.082842,0.071461,0.058672,0.049108,0.044142,0.031741,0.020418,0.011043,0.005958,0.004530,0.003792,
0.126153,0.124607,0.125409,0.119901,0.116530,0.111140,0.106376,0.102843,0.095507,0.087929,0.076356,0.069776,0.062904,0.049272,0.037255,0.029562,0.021855,0.014212,0.006674,0.004411,0.003566,
0.125738,0.115904,0.113633,0.115053,0.107274,0.106067,0.102839,0.095834,0.088713,0.079609,0.075395,0.066067,0.054815,0.046640,0.038526,0.027541,0.020618,0.014311,0.007946,0.004997,0.004151,
0.119457,0.109487,0.107459,0.107861,0.106457,0.101404,0.097391,0.089053,0.083878,0.077983,0.068819,0.060691,0.055208,0.044744,0.034963,0.028272,0.019457,0.012335,0.007619,0.005378,0.003965,
0.121849,0.104779,0.099971,0.101790,0.098471,0.091949,0.093132,0.084264,0.080857,0.073731,0.066040,0.059463,0.048523,0.044470,0.034141,0.025717,0.019727,0.012230,0.008476,0.005907,0.005194,
0.106232,0.098800,0.093376,0.092565,0.092597,0.083808,0.084759,0.077988,0.075302,0.066555,0.062614,0.054892,0.047429,0.041298,0.033179,0.026584,0.018769,0.012310,0.009351,0.006831,0.005478,
0.090651,0.092508,0.084812,0.084196,0.084819,0.076262,0.077201,0.070270,0.067565,0.059770,0.056305,0.051254,0.043891,0.038801,0.032262,0.025308,0.017852,0.013648,0.008906,0.007462,0.005288,
0.074328,0.079945,0.071154,0.073982,0.073875,0.067718,0.066733,0.066540,0.057469,0.055075,0.049828,0.046606,0.040854,0.034393,0.029609,0.023832,0.019159,0.014241,0.010321,0.007639,0.005428,
0.060147,0.066415,0.058281,0.057443,0.061279,0.057268,0.053879,0.055510,0.048749,0.047129,0.045586,0.039878,0.035073,0.031865,0.028475,0.023351,0.018525,0.015152,0.012653,0.008645,0.005289,
0.048053,0.055492,0.048282,0.047328,0.048116,0.049166,0.039365,0.042506,0.043288,0.037501,0.034303,0.037249,0.031652,0.026490,0.023820,0.023180,0.018840,0.015418,0.010871,0.009453,0.007015,
nan,0.039359,0.032515,0.032041,0.035001,0.038985,0.032511,0.029249,0.031333,0.031347,0.032810,0.028098,0.023664,0.025106,0.024792,0.021022,0.020947,0.015467,0.013595,0.008422,0.007953,
nan,0.019551,0.034433,nan,nan,0.035067,0.018661,nan,0.035138,0.023312,0.018853,0.024338,0.028882,0.025057,0.033715,0.014073,0.013631,0.019537,0.015167,0.006899,0.004952,
nan,0.140483,0.138989,0.157090,0.128567,0.149775,0.144399,0.143035,0.123436,0.088818,0.083236,0.083807,0.091094,0.060340,0.030792,0.029327,0.035947,0.010324,0.004241,0.004463,0.003723,
0.153922,0.157678,0.152598,0.145327,0.143894,0.143778,0.134129,0.120961,0.117465,0.102879,0.091294,0.091130,0.072128,0.063485,0.047486,0.040956,0.026556,0.014590,0.008441,0.004450,0.002208,
0.173241,0.155982,0.151703,0.142202,0.142884,0.136224,0.129153,0.119800,0.112609,0.103873,0.092266,0.080150,0.069494,0.060295,0.048709,0.036574,0.027774,0.016185,0.005752,0.004552,0.003132,
0.173369,0.146149,0.149261,0.146024,0.139449,0.134522,0.131147,0.124369,0.107553,0.099857,0.089827,0.081386,0.061628,0.054310,0.039796,0.027935,0.020361,0.012255,0.006144,0.004078,0.003201,
0.178480,0.150504,0.145090,0.139235,0.137869,0.134063,0.122646,0.116853,0.111980,0.101845,0.093395,0.082389,0.068481,0.057405,0.042286,0.030680,0.020700,0.010077,0.004985,0.004660,0.004427,
0.135704,0.141778,0.142522,0.135238,0.133814,0.131468,0.119729,0.115240,0.104695,0.096606,0.084079,0.078344,0.066021,0.056867,0.045420,0.034182,0.022618,0.012408,0.005576,0.004244,0.003170,
0.124232,0.136326,0.140430,0.127142,0.122544,0.127032,0.117014,0.107631,0.100719,0.092208,0.085089,0.072822,0.063098,0.049922,0.041014,0.033085,0.023286,0.013128,0.006491,0.004792,nan,
0.127292,0.130579,0.130199,0.126958,0.122486,0.115135,0.110825,0.106492,0.101505,0.091593,0.081126,0.073735,0.063359,0.051526,0.037525,0.026935,0.021703,0.013175,0.006664,0.004645,0.002343,
0.127928,0.129677,0.122780,0.118919,0.118434,0.112784,0.110070,0.102568,0.092889,0.083785,0.080549,0.069057,0.057668,0.051057,0.041177,0.028148,0.019051,0.012377,0.007366,0.004878,0.003312,
0.130029,0.122583,0.115424,0.114430,0.113081,0.106987,0.103878,0.092476,0.091146,0.082541,0.072059,0.064991,0.056932,0.045504,0.034450,0.029278,0.020495,0.011511,0.007184,0.004681,0.003222,
0.118022,0.114910,0.111852,0.105560,0.105931,0.097801,0.100829,0.090416,0.086502,0.076352,0.071241,0.061732,0.051729,0.046359,0.035315,0.026665,0.020447,0.012219,0.006998,0.005463,0.004238,
0.109288,0.103822,0.103165,0.097904,0.099644,0.090711,0.090331,0.086264,0.079108,0.072260,0.066320,0.058538,0.050223,0.042328,0.035029,0.026104,0.018038,0.011725,0.007642,0.005676,0.005908,
0.103927,0.099010,0.096066,0.089863,0.092274,0.087889,0.082846,0.081922,0.072171,0.067419,0.062022,0.055219,0.047291,0.040798,0.032169,0.026552,0.017737,0.011781,0.008414,0.006309,0.004178,
0.089031,0.088428,0.087255,0.081827,0.082554,0.082366,0.074297,0.072223,0.067431,0.059602,0.057087,0.049102,0.043526,0.037165,0.030913,0.023899,0.017488,0.012637,0.008588,0.006569,0.004456,
0.076563,0.079041,0.079546,0.070212,0.070668,0.071361,0.067353,0.060742,0.060911,0.053644,0.049226,0.046277,0.038182,0.033894,0.028842,0.023314,0.017848,0.013846,0.009614,0.007155,0.005031,
0.062490,0.066181,0.065235,0.056205,0.058487,0.059968,0.059255,0.048757,0.051164,0.049196,0.042695,0.039946,0.035748,0.028697,0.027281,0.021934,0.017128,0.013527,0.010326,0.007863,0.004337,
0.059762,0.050074,0.054665,0.041849,0.042009,0.045382,0.045588,0.043056,0.036980,0.037261,0.035386,0.034645,0.030581,0.026186,0.022679,0.021773,0.017520,0.013330,0.009886,0.008817,0.005995,
nan,0.029531,0.035136,0.034348,0.028239,0.026766,0.030858,0.036139,0.034144,0.027943,0.026075,0.026335,0.022551,0.023984,0.021123,0.019441,0.016757,0.014298,0.013157,0.007305,0.010167,
nan,nan,0.024735,0.022741,nan,nan,0.019550,0.022683,0.019245,0.024192,0.019138,0.026416,0.016747,0.025145,0.018061,0.013787,0.017556,0.009380,0.004608,0.006695,0.006328,
nan,0.144332,0.141094,0.122334,0.113734,0.161014,0.126860,0.135023,0.082422,0.083866,0.089685,0.074374,0.079494,0.040120,0.036519,0.026160,0.009769,0.011458,0.008258,0.005695,0.007714,
0.140413,0.142130,0.161157,0.161433,0.139037,0.133240,0.134014,0.126498,0.114016,0.104144,0.091999,0.082789,0.075945,0.062424,0.050136,0.036212,0.025014,0.013690,0.005512,0.004646,0.003103,
0.147138,0.149656,0.146373,0.147371,0.135110,0.132729,0.135660,0.121311,0.120119,0.110233,0.094705,0.083577,0.075326,0.066266,0.048851,0.033558,0.027130,0.018361,0.006848,0.004242,0.002781,
0.164496,0.150553,0.144364,0.144425,0.138866,0.138736,0.129076,0.120790,0.108751,0.095041,0.087988,0.075755,0.065052,0.061685,0.046692,0.033724,0.025704,0.015733,0.006659,0.004456,0.003183,
0.176133,0.152155,0.148204,0.138348,0.136619,0.132783,0.126144,0.118846,0.110303,0.100608,0.087904,0.076788,0.063571,0.055284,0.043085,0.030580,0.021427,0.013419,0.007284,0.003902,0.003263,
0.152112,0.150745,0.145000,0.133493,0.128174,0.128987,0.118157,0.111804,0.102659,0.095745,0.090475,0.079709,0.063881,0.054783,0.038760,0.029941,0.019296,0.012427,0.007463,0.004866,0.002991,
0.140317,0.147541,0.139453,0.131409,0.124813,0.120488,0.120042,0.108497,0.105312,0.095039,0.081743,0.075605,0.065043,0.054183,0.042395,0.029728,0.018614,0.010723,0.006765,0.005033,0.003485,
0.128144,0.138581,0.136303,0.126482,0.125658,0.118543,0.112393,0.108431,0.095963,0.092169,0.083216,0.070199,0.058815,0.050090,0.042663,0.031168,0.019696,0.009703,0.005886,0.004357,0.003390,
0.125347,0.120207,0.124056,0.118383,0.118328,0.113849,0.109866,0.096814,0.096127,0.084905,0.075481,0.071346,0.061239,0.047175,0.038877,0.030698,0.020871,0.012140,0.006172,0.004678,0.003094,
0.125115,0.120474,0.120808,0.112853,0.110717,0.103686,0.103581,0.097728,0.090469,0.080764,0.074186,0.062826,0.056622,0.047847,0.034177,0.025891,0.021540,0.012267,0.006303,0.004774,0.003302,
0.101621,0.110099,0.115154,0.107933,0.104183,0.100483,0.093961,0.093442,0.084378,0.078466,0.069220,0.063809,0.052222,0.044056,0.036877,0.025827,0.018914,0.012284,0.006139,0.005560,0.003630,
0.118523,0.105718,0.105735,0.102086,0.096892,0.094730,0.089541,0.085449,0.080975,0.070858,0.067804,0.057483,0.050206,0.042736,0.033806,0.026576,0.017583,0.011768,0.007226,0.005115,0.004533,
0.080704,0.097442,0.099551,0.094699,0.087493,0.087743,0.086916,0.075524,0.074355,0.066531,0.060386,0.055107,0.046782,0.040789,0.032287,0.026306,0.017128,0.011671,0.007793,0.006052,0.004514,
0.097450,0.091062,0.089693,0.087163,0.077817,0.079499,0.078773,0.070280,0.065895,0.061713,0.056396,0.049646,0.043631,0.035898,0.030243,0.022477,0.017172,0.012346,0.007893,0.006161,0.004647,
nan,0.077713,0.078573,0.077200,0.069382,0.067147,0.068292,0.063587,0.057255,0.054092,0.049729,0.045890,0.039509,0.033540,0.028409,0.022809,0.017237,0.013888,0.008887,0.006467,0.004673,
nan,0.064144,0.065486,0.066857,0.058509,0.054033,0.055148,0.053857,0.052581,0.045477,0.041569,0.038117,0.037639,0.029148,0.024570,0.020760,0.016103,0.012241,0.009175,0.006875,0.004379,
nan,0.047933,0.048305,0.051496,0.048952,0.043136,0.038007,0.038680,0.039501,0.038568,0.035260,0.030721,0.029934,0.025895,0.022108,0.020696,0.015361,0.013384,0.008887,0.008023,0.006811,
nan,0.029796,0.038597,0.037304,0.039931,0.030667,0.032733,0.027179,0.025143,0.026926,0.030285,0.026155,0.023417,0.021169,0.018723,0.016927,0.015202,0.012161,0.010307,0.007069,0.005600,
nan,0.017679,0.012457,0.018275,0.020579,0.028111,0.022576,0.029620,0.021124,0.018377,0.015134,0.022759,0.020952,0.016217,0.016940,0.018219,0.018598,0.013023,0.004853,0.009838,0.004188,
nan,0.150140,0.181644,0.149901,0.137144,0.136186,0.113450,0.119007,0.118148,0.114658,0.085643,0.089977,0.071023,0.058617,0.052286,0.037207,0.014438,0.009709,0.006571,0.006016,0.002007,
0.141006,0.144123,0.146182,0.143394,0.139248,0.134940,0.145210,0.118285,0.114061,0.111821,0.098044,0.081729,0.069471,0.056410,0.045600,0.031698,0.026577,0.012103,0.004963,0.005666,0.002985,
0.188288,0.149763,0.143068,0.147077,0.147346,0.134106,0.130401,0.122701,0.120160,0.108317,0.093530,0.081748,0.071449,0.053631,0.048581,0.034879,0.019250,0.010415,0.004828,0.003759,0.002900,
0.160756,0.148401,0.141746,0.144127,0.140072,0.134206,0.127852,0.119096,0.114001,0.104476,0.095326,0.081035,0.071282,0.058952,0.046684,0.035223,0.021942,0.012162,0.006122,0.004249,0.002135,
0.144041,0.151055,0.151476,0.140972,0.135527,0.131948,0.124464,0.118064,0.107428,0.095231,0.086338,0.076371,0.068751,0.061933,0.043256,0.033613,0.021194,0.012951,0.006712,0.003859,0.002920,
0.158909,0.147170,0.144706,0.133384,0.129183,0.129433,0.119497,0.114240,0.108606,0.093752,0.083518,0.075388,0.061866,0.052156,0.045422,0.035342,0.023523,0.014171,0.006113,0.004199,0.002838,
0.152562,0.140927,0.134517,0.133538,0.132894,0.120265,0.119692,0.111622,0.100637,0.094804,0.087312,0.075682,0.061358,0.049888,0.041444,0.033424,0.022623,0.012359,0.005778,0.004543,nan,
0.146238,0.131679,0.131785,0.131688,0.121477,0.121938,0.113251,0.104228,0.100216,0.089270,0.079012,0.076149,0.065681,0.049441,0.037002,0.029210,0.023035,0.013566,0.005894,0.004029,0.003283,
0.133602,0.130317,0.125661,0.121922,0.113446,0.112379,0.108145,0.102275,0.094184,0.087242,0.078548,0.065634,0.057719,0.050896,0.037337,0.026785,0.021725,0.013424,0.006174,0.003849,0.002995,
0.121964,0.117749,0.120275,0.117785,0.109882,0.105886,0.102073,0.097580,0.090241,0.082588,0.073711,0.065111,0.054766,0.048221,0.037788,0.026254,0.019677,0.013174,0.006169,0.004249,0.002900,
0.122100,0.115428,0.111200,0.112497,0.104061,0.100190,0.099845,0.089430,0.085945,0.075758,0.071095,0.059977,0.053504,0.044687,0.036513,0.026038,0.017508,0.012786,0.006290,0.004255,0.003470,
nan,0.107741,0.108045,0.104429,0.099399,0.093827,0.091553,0.083939,0.077495,0.071271,0.065167,0.059531,0.050264,0.042752,0.033096,0.027131,0.017994,0.011521,0.006801,0.005182,0.003929,
0.105777,0.100531,0.094793,0.097938,0.092075,0.086748,0.082069,0.078715,0.075142,0.065418,0.062671,0.053547,0.046512,0.039267,0.032128,0.025122,0.017378,0.011159,0.007275,0.005385,0.003962,
0.099306,0.089370,0.087775,0.088952,0.085875,0.079393,0.075592,0.071788,0.067752,0.061285,0.055069,0.050599,0.043575,0.036080,0.029823,0.023394,0.016726,0.011635,0.007168,0.005500,0.004330,
nan,0.083117,0.074251,0.077708,0.073286,0.071486,0.064718,0.061195,0.059094,0.055824,0.049285,0.044222,0.040057,0.033381,0.027574,0.021756,0.016598,0.012238,0.008074,0.006743,0.004437,
nan,0.067037,0.061750,0.062950,0.062196,0.062286,0.060114,0.052522,0.047145,0.044898,0.042119,0.039420,0.033815,0.027947,0.024248,0.020521,0.016049,0.011321,0.008239,0.006828,0.003874,
nan,0.048922,0.047628,0.046566,0.046009,0.048854,0.045035,0.042570,0.040872,0.035679,0.031001,0.031761,0.028154,0.024680,0.020741,0.019160,0.014184,0.012811,0.008354,0.006515,0.006051,
nan,0.029546,0.029583,0.031761,0.032987,0.030494,0.032898,0.029569,0.031593,0.028165,0.026140,0.024139,0.022400,0.021773,0.020030,0.019509,0.015539,0.012122,0.008777,0.008087,0.006168,
nan,nan,nan,nan,nan,0.017436,0.017387,0.016859,0.016542,0.020825,0.014864,0.016385,0.015228,0.019272,0.012010,0.015689,0.017993,0.015982,nan,0.014008,0.005068,
nan,0.167046,0.149346,0.142743,0.167548,0.132735,0.135341,0.130998,0.095078,nan,0.071265,0.085114,0.090307,0.073040,0.043995,0.026162,0.018793,0.008773,0.005211,0.001441,nan,
0.164273,0.172151,0.164986,0.143472,0.151714,0.131593,0.128405,0.127116,0.110159,0.110101,0.089935,0.087977,0.067637,0.055298,0.046113,0.034238,0.016641,0.013373,0.003940,0.003128,nan,
0.137271,0.156244,0.146371,0.145566,0.141468,0.135895,0.129015,0.131720,0.116615,0.099890,0.089115,0.082813,0.064565,0.058305,0.046389,0.034432,0.023058,0.010835,0.006169,0.003100,nan,
0.191248,0.150595,0.155470,0.142414,0.133426,0.134844,0.132163,0.121615,0.109273,0.102465,0.093041,0.081348,0.067735,0.056038,0.040841,0.030516,0.021298,0.011079,0.005322,0.003197,nan,
0.176757,0.146886,0.149525,0.137081,0.140843,0.134153,0.120332,0.115541,0.110168,0.102683,0.092480,0.081742,0.070263,0.056378,0.043696,0.030449,0.019869,0.009481,0.005050,0.004119,0.003675,
0.161928,0.146037,0.138076,0.139640,0.135692,0.126232,0.123708,0.113256,0.103864,0.096507,0.090435,0.079927,0.066869,0.055456,0.040567,0.031437,0.018351,0.009727,0.005822,0.004456,0.002961,
0.141968,0.142426,0.138577,0.132044,0.126627,0.124030,0.117138,0.110341,0.102378,0.096119,0.082213,0.072650,0.065415,0.055610,0.043368,0.029110,0.018303,0.011283,0.006303,0.004548,0.003359,
0.130638,0.139967,0.130360,0.130515,0.119765,0.118401,0.115921,0.104279,0.097867,0.089534,0.084020,0.070292,0.058486,0.054122,0.042121,0.029296,0.017869,0.009713,0.006791,0.004059,0.003417,
0.128498,0.132020,0.122620,0.124241,0.120761,0.109782,0.109968,0.099397,0.098397,0.085899,0.073770,0.069868,0.058796,0.045888,0.040304,0.029545,0.018864,0.011373,0.006323,0.004459,0.002654,
0.152766,0.130027,0.116380,0.117204,0.112480,0.105140,0.102816,0.099351,0.088735,0.083975,0.074635,0.062781,0.057597,0.046699,0.035375,0.027351,0.019234,0.011630,0.006244,0.004289,0.002907,
nan,0.117518,0.111676,0.109232,0.104346,0.101123,0.095155,0.090660,0.083411,0.076142,0.070730,0.061946,0.051683,0.045853,0.033568,0.028484,0.018358,0.010577,0.006624,0.004770,0.003230,
0.112108,0.106370,0.105230,0.103254,0.097840,0.096598,0.090767,0.082934,0.080050,0.070813,0.065783,0.058279,0.050035,0.042250,0.033500,0.025909,0.017850,0.010123,0.006596,0.004261,0.003926,
0.102816,0.096180,0.096090,0.095597,0.090252,0.087592,0.085464,0.078136,0.071934,0.068863,0.060761,0.054372,0.047122,0.038051,0.031611,0.023093,0.017492,0.010055,0.006816,0.004888,0.003824,
nan,0.087604,0.084761,0.085647,0.081737,0.080768,0.077613,0.073013,0.066479,0.061058,0.055337,0.051194,0.042994,0.036474,0.029878,0.023190,0.016869,0.010588,0.006753,0.005125,0.004125,
0.080526,0.073049,0.076012,0.074160,0.072155,0.070706,0.066737,0.064972,0.060703,0.054458,0.047869,0.043848,0.040855,0.031720,0.026376,0.021685,0.016045,0.012035,0.007490,0.006211,0.004320,
nan,0.063873,0.060762,0.062488,0.057379,0.059553,0.054199,0.052637,0.051522,0.046481,0.042053,0.040948,0.032446,0.029818,0.024144,0.020480,0.015245,0.010844,0.007617,0.006789,0.004473,
nan,0.046485,0.041169,0.044862,0.042640,0.045113,0.042214,0.036527,0.036500,0.035097,0.033552,0.030355,0.027886,0.024726,0.021389,0.017799,0.013873,0.011346,0.008545,0.005786,0.005218,
nan,0.027708,0.026398,0.024805,0.025847,0.023305,0.025152,0.025566,0.026648,0.025058,0.023519,0.020809,0.019970,0.021207,0.020268,0.015242,0.019977,0.011753,0.008627,0.007023,0.005401,
nan,nan,nan,nan,nan,0.030219,0.020039,0.029768,0.019485,0.016551,0.014344,0.017883,0.016518,0.013819,0.011182,0.015656,0.017930,0.012672,0.004409,0.007595,0.004681,
nan,0.130476,0.136955,0.107945,0.135459,0.127487,0.144963,0.113960,0.103970,0.099537,0.087847,0.076628,0.064348,0.066299,0.042491,0.034475,0.033447,0.006905,0.008244,0.003617,nan,
0.159188,0.151455,0.147551,0.148748,0.140458,0.135896,0.124801,0.120813,0.117495,0.099279,0.087157,0.082141,0.071690,0.059747,0.043294,0.026643,0.018037,0.011968,0.005471,0.003890,nan,
0.155817,0.143592,0.148037,0.141533,0.148237,0.136958,0.130738,0.117070,0.111338,0.101437,0.089980,0.078355,0.069601,0.053627,0.036797,0.028746,0.019985,0.010053,0.005010,0.003351,0.004121,
0.158191,0.148969,0.149387,0.143407,0.140367,0.139350,0.128786,0.120897,0.108697,0.097205,0.092064,0.077146,0.061815,0.051794,0.040067,0.027348,0.021595,0.011953,0.007151,0.004070,0.003124,
0.149322,0.149557,0.141136,0.138674,0.136067,0.134893,0.129689,0.120153,0.111536,0.103192,0.085160,0.078180,0.060892,0.054799,0.042918,0.033730,0.020127,0.013505,0.006896,0.004047,0.003363,
0.179800,0.147247,0.139822,0.137692,0.134337,0.125332,0.123077,0.111624,0.110101,0.094789,0.086846,0.074758,0.062290,0.051664,0.040162,0.032919,0.023315,0.015289,0.006660,0.004066,0.002499,
0.155733,0.144546,0.128848,0.134705,0.127887,0.122431,0.118899,0.111574,0.099883,0.095809,0.087861,0.077478,0.063257,0.047749,0.040989,0.033859,0.023039,0.012259,0.006031,0.004334,0.002607,
0.152570,0.136164,0.126895,0.126778,0.122076,0.112248,0.116359,0.102497,0.102454,0.087754,0.078979,0.074013,0.062417,0.048056,0.038799,0.030398,0.021367,0.011497,0.004833,0.003672,0.003067,
0.127329,0.125960,0.124733,0.120475,0.116502,0.113115,0.107158,0.104561,0.095675,0.089447,0.077822,0.064695,0.061213,0.048375,0.036033,0.029079,0.021613,0.011773,0.005831,0.003918,0.002649,
0.121220,0.115628,0.115764,0.114095,0.109043,0.110057,0.101786,0.094245,0.089814,0.080472,0.074544,0.064705,0.055521,0.048402,0.035080,0.026862,0.020351,0.011120,0.005455,0.004992,0.003300,
0.118878,0.114257,0.108606,0.108271,0.104280,0.101002,0.098500,0.088054,0.083399,0.077360,0.070298,0.063038,0.052470,0.045821,0.035063,0.025067,0.018809,0.011020,0.005736,0.004767,0.002877,
nan,0.103988,0.102674,0.100542,0.097144,0.093433,0.090736,0.085985,0.078372,0.071841,0.067105,0.058090,0.050060,0.041661,0.033522,0.025219,0.018215,0.010227,0.006237,0.004390,0.003970,
nan,0.097114,0.092957,0.091408,0.088010,0.085361,0.081489,0.079229,0.075167,0.066675,0.059871,0.054733,0.047870,0.038395,0.032262,0.024187,0.017771,0.010403,0.006822,0.004469,0.003543,
0.091141,0.086577,0.083605,0.082751,0.078650,0.075966,0.073757,0.069555,0.068041,0.062083,0.055095,0.047862,0.044175,0.036457,0.029863,0.022905,0.017621,0.011197,0.006589,0.005347,0.003759,
nan,0.075355,0.071573,0.071473,0.070742,0.067123,0.065574,0.059278,0.060184,0.052141,0.048785,0.044895,0.039673,0.032323,0.026393,0.020917,0.015554,0.011353,0.006942,0.005803,0.004271,
0.065385,0.061453,0.060365,0.056742,0.059590,0.058818,0.055220,0.054164,0.048442,0.046610,0.041336,0.036235,0.033216,0.030128,0.023309,0.020102,0.014023,0.010793,0.007350,0.006732,0.004803,
nan,0.045289,0.037357,0.050576,0.045969,0.044765,0.047598,0.041881,0.040527,0.037174,0.034035,0.030913,0.027120,0.023340,0.019650,0.018262,0.015355,0.011040,0.008349,0.006220,0.004740,
nan,0.029041,0.022886,0.029845,0.032804,0.033682,0.029973,0.029214,0.024560,0.023947,0.022203,0.023617,0.018585,0.018878,0.016177,0.015191,0.016634,0.011921,0.008793,0.006285,0.004275,
nan,nan,nan,0.017804,0.020879,0.019869,0.018274,0.015845,0.023666,0.019236,0.015481,0.016057,0.016587,0.012222,0.017462,0.014598,0.010578,0.011000,0.007576,0.008795,0.004418,
nan,0.163473,0.135864,0.173214,0.120072,0.149494,0.128579,0.109899,0.108460,0.109220,0.090561,0.092485,0.071544,0.032028,0.065574,0.033102,0.006431,0.011802,0.001649,0.003093,nan,
0.161720,0.156408,0.155019,0.150020,0.143087,0.128895,0.125739,0.118474,0.109400,0.109302,0.090648,0.077093,0.069390,0.058342,0.043489,0.027698,0.018071,0.011861,0.005482,0.003104,nan,
0.170680,0.154409,0.140363,0.147459,0.140978,0.136023,0.128296,0.123528,0.112142,0.101722,0.085245,0.078178,0.070934,0.055247,0.041465,0.032986,0.022069,0.013158,0.007255,0.004022,0.003684,
0.152719,0.148495,0.151273,0.140765,0.143203,0.133028,0.128034,0.119477,0.106962,0.096278,0.084918,0.075939,0.066652,0.061980,0.048799,0.035443,0.025677,0.015515,0.006761,0.004052,0.002511,
0.159841,0.143674,0.146619,0.145463,0.136223,0.134047,0.122486,0.116552,0.108403,0.096027,0.087019,0.080345,0.071753,0.063826,0.042768,0.032685,0.021791,0.012677,0.005707,0.003505,0.001987,
0.163129,0.134164,0.139714,0.142388,0.136117,0.128825,0.120060,0.115907,0.108373,0.096300,0.083832,0.077672,0.066493,0.057125,0.044739,0.032685,0.020525,0.010873,0.005148,0.003681,0.003172,
0.169506,0.135616,0.139310,0.132511,0.125951,0.120767,0.118122,0.106702,0.106034,0.096023,0.083456,0.075051,0.064599,0.055099,0.043261,0.029475,0.018098,0.011096,0.005716,0.004696,0.003093,
0.145607,0.133902,0.129487,0.126013,0.123758,0.121055,0.109798,0.107132,0.099769,0.091477,0.081343,0.069782,0.062515,0.053161,0.040287,0.027164,0.018307,0.012666,0.006265,0.003867,0.003273,
0.141245,0.132168,0.120440,0.120983,0.114794,0.114917,0.112405,0.099077,0.096689,0.084644,0.079759,0.066918,0.058398,0.052902,0.038026,0.026747,0.020266,0.013037,0.006555,0.003751,0.002385,
0.132494,0.117244,0.117566,0.114200,0.107924,0.104481,0.103034,0.096844,0.087239,0.082353,0.072381,0.066845,0.053987,0.048237,0.036757,0.025683,0.019929,0.012215,0.005525,0.003542,0.003321,
0.108903,0.110751,0.108921,0.107244,0.103550,0.097844,0.093977,0.091393,0.086141,0.073316,0.070434,0.060314,0.053096,0.043689,0.035775,0.025096,0.018663,0.011521,0.005239,0.004840,0.002955,
0.113283,0.104818,0.095998,0.103309,0.095647,0.096779,0.087202,0.083758,0.079454,0.074625,0.064837,0.059198,0.050596,0.042009,0.034882,0.026047,0.018416,0.010444,0.006590,0.004313,0.003188,
0.111042,0.092043,0.100113,0.094391,0.091711,0.088762,0.086754,0.077822,0.074849,0.066932,0.060643,0.055584,0.046239,0.038445,0.032098,0.023788,0.017968,0.010753,0.006404,0.004533,0.003619,
0.093220,0.084047,0.086114,0.087343,0.084994,0.080397,0.078336,0.073413,0.067488,0.060672,0.053901,0.049096,0.044427,0.036623,0.028923,0.023153,0.016528,0.010572,0.007128,0.004917,0.003727,
nan,0.072638,0.074077,0.077537,0.074099,0.069489,0.067636,0.062800,0.059242,0.055401,0.050353,0.045896,0.039213,0.032177,0.026235,0.021063,0.015166,0.010983,0.006903,0.005834,0.004260,
0.063451,0.058379,0.070717,0.067919,0.061017,0.055993,0.054139,0.049248,0.047763,0.045624,0.041693,0.037759,0.033342,0.029481,0.023399,0.020595,0.014472,0.010275,0.006793,0.006447,0.004826,
nan,0.049521,0.049440,0.048723,0.049160,0.040821,0.036053,0.038097,0.037469,0.035882,0.032656,0.031125,0.026395,0.023887,0.021096,0.016715,0.016036,0.010922,0.008796,0.006496,0.004869,
nan,0.023167,0.043755,0.036552,0.033201,0.024070,0.023672,0.026353,0.028552,0.029329,0.022411,0.025338,0.022538,0.018346,0.016249,0.015129,0.014014,0.011891,0.008889,0.005855,0.005040,
nan,nan,0.018313,0.014149,0.025793,nan,0.020907,0.024842,0.018036,0.013381,0.013143,0.020313,0.014962,0.012620,0.011825,0.013406,0.009951,0.009397,0.009806,0.007297,0.004155,
nan,0.168248,0.144543,0.156089,0.151042,0.159537,0.118710,0.099134,0.138184,0.103781,0.097978,0.065774,0.064480,0.078064,0.035870,0.027596,0.019292,0.019570,0.009323,0.003493,nan,
0.151295,0.161644,0.154742,0.148710,0.145054,0.132506,0.127971,0.125735,0.116786,0.102046,0.090980,0.079879,0.060400,0.052642,0.042725,0.035200,0.017592,0.008231,0.004510,0.002992,0.003145,
0.154321,0.147135,0.157879,0.139163,0.135866,0.135026,0.126926,0.116593,0.109132,0.099756,0.097399,0.088456,0.074438,0.063017,0.054507,0.039989,0.025822,0.016778,0.006826,0.004160,0.002649,
0.172058,0.151344,0.149261,0.149645,0.139765,0.135566,0.125272,0.117666,0.113128,0.103425,0.093615,0.083673,0.069449,0.056755,0.045601,0.033115,0.022446,0.011940,0.005659,0.003491,0.002721,
0.132268,0.145113,0.139919,0.142075,0.137888,0.130005,0.122318,0.115838,0.112649,0.102164,0.093262,0.081948,0.066388,0.054317,0.041613,0.028821,0.021311,0.010398,0.005121,0.004230,0.003320,
0.127776,0.145555,0.139096,0.136140,0.134199,0.126517,0.125726,0.113043,0.101369,0.095418,0.091721,0.079021,0.063276,0.051705,0.038549,0.030927,0.019362,0.013384,0.007090,0.003824,0.002829,
0.147395,0.138204,0.132211,0.131720,0.127455,0.122933,0.117837,0.110481,0.102551,0.091900,0.087373,0.076618,0.063145,0.048834,0.041224,0.032831,0.023251,0.012655,0.006226,0.004171,0.001916,
0.154472,0.134655,0.130508,0.123715,0.118324,0.117513,0.114393,0.106108,0.103587,0.089046,0.080415,0.074083,0.060880,0.045688,0.040606,0.032576,0.019549,0.009934,0.004560,0.003750,0.003580,
0.125419,0.120206,0.129221,0.123870,0.116650,0.109765,0.105894,0.103145,0.092162,0.087428,0.076462,0.070043,0.059474,0.046531,0.039469,0.029872,0.018895,0.010518,0.005401,0.003924,0.002600,
0.124911,0.120999,0.118082,0.116440,0.109843,0.109755,0.100357,0.094405,0.088961,0.079918,0.074466,0.065367,0.055430,0.046337,0.037467,0.027078,0.018583,0.012101,0.006191,0.003738,0.004092,
0.124588,0.108505,0.114660,0.108944,0.103753,0.101454,0.097000,0.090012,0.082858,0.077240,0.070780,0.062902,0.054651,0.044819,0.036091,0.026056,0.016941,0.012706,0.005781,0.004445,0.002747,
0.092272,0.107919,0.106696,0.102809,0.098600,0.092940,0.092043,0.085838,0.082915,0.071598,0.065103,0.058830,0.047744,0.042313,0.032944,0.026661,0.016862,0.010767,0.005898,0.004749,0.003248,
0.086462,0.096013,0.097089,0.096578,0.090367,0.085772,0.083014,0.079005,0.074454,0.067803,0.061299,0.053341,0.047067,0.038697,0.030469,0.023620,0.017185,0.010841,0.006471,0.004507,0.003583,
0.089482,0.081991,0.084827,0.084782,0.079516,0.077128,0.074208,0.070188,0.065168,0.061417,0.055861,0.050328,0.045051,0.035255,0.029966,0.022688,0.015913,0.010658,0.006324,0.005119,0.003653,
0.075514,0.076950,0.081962,0.076084,0.068751,0.065881,0.066209,0.063134,0.059883,0.054816,0.050440,0.044135,0.036970,0.034326,0.025719,0.021909,0.014780,0.010760,0.007334,0.005351,0.003952,
0.064394,0.059420,0.064375,0.061395,0.057054,0.054440,0.057229,0.054608,0.050946,0.045597,0.040941,0.037809,0.033177,0.028094,0.023897,0.019899,0.014644,0.010374,0.006655,0.007048,0.004405,
0.042508,0.046387,0.048453,0.047626,0.041912,0.045401,0.045519,0.042621,0.036310,0.032919,0.030990,0.028962,0.029268,0.022420,0.018580,0.017640,0.015490,0.010097,0.008710,0.006462,0.005073,
nan,0.022164,0.035347,0.032192,0.026286,0.037201,0.035838,0.024158,0.026035,0.024587,0.024012,0.022243,0.021817,0.017877,0.015405,0.014910,0.013937,0.011674,0.009742,0.005615,0.005408,
nan,nan,0.024881,nan,0.030720,0.020024,0.014026,0.019997,0.017116,0.019061,0.014964,0.018707,0.012202,0.012680,0.014816,0.013024,0.012448,0.010845,0.008187,0.006654,0.005533,
nan,0.151910,0.155127,0.139066,0.142177,0.142966,0.120574,0.132189,0.103266,0.098010,0.071587,0.088151,0.074826,0.060525,0.039129,0.046269,0.006776,0.011327,0.003379,0.002987,nan,
0.140102,0.147018,0.153749,0.144360,0.142019,0.133981,0.122187,0.117575,0.106031,0.094816,0.096150,0.084272,0.063701,0.061160,0.046328,0.035083,0.019641,0.011801,0.005303,0.004195,0.004086,
0.167161,0.144911,0.141916,0.149771,0.140820,0.125865,0.138552,0.124361,0.119883,0.104597,0.093852,0.081797,0.071143,0.063399,0.047549,0.034408,0.024971,0.014086,0.005066,0.003899,0.003307,
0.144245,0.143803,0.144199,0.143099,0.136935,0.136693,0.136947,0.122154,0.110178,0.102579,0.096069,0.078966,0.067189,0.057430,0.043189,0.031398,0.019356,0.010096,0.004871,0.003411,0.002177,
0.148376,0.140814,0.146107,0.144504,0.143229,0.131541,0.122137,0.119817,0.108573,0.100462,0.084711,0.075102,0.061566,0.055677,0.042558,0.033250,0.022165,0.012873,0.006359,0.003775,0.003061,
0.144661,0.137760,0.147352,0.137100,0.127960,0.130703,0.122517,0.116290,0.108840,0.097402,0.083262,0.074838,0.064946,0.055257,0.045768,0.033967,0.021646,0.012078,0.005658,0.003795,0.002696,
0.120895,0.131234,0.137553,0.137476,0.127181,0.122914,0.120016,0.109715,0.106252,0.096145,0.082729,0.073993,0.064642,0.055433,0.042341,0.030091,0.018216,0.010402,0.005596,0.003883,0.002952,
0.125107,0.124287,0.133601,0.128539,0.121274,0.117944,0.110623,0.107685,0.095830,0.093068,0.079725,0.069888,0.064343,0.052582,0.038077,0.025941,0.021103,0.012880,0.005978,0.003878,0.002992,
0.121252,0.117701,0.127200,0.121272,0.113437,0.113265,0.112541,0.098027,0.094476,0.083931,0.078456,0.064860,0.059877,0.049882,0.035928,0.027853,0.021435,0.012336,0.005676,0.003403,0.002655,
0.120602,0.120311,0.118129,0.116133,0.110262,0.104698,0.102383,0.097484,0.088034,0.080428,0.077242,0.064012,0.056649,0.048352,0.034278,0.027367,0.019625,0.010347,0.005922,0.003986,0.002797,
0.102510,0.115677,0.112162,0.109506,0.103368,0.098440,0.096218,0.089625,0.085465,0.081340,0.068511,0.063016,0.052399,0.044821,0.033759,0.027671,0.018158,0.010650,0.005850,0.004097,0.002863,
0.108775,0.103508,0.104437,0.101011,0.093848,0.091670,0.088362,0.084098,0.077797,0.071542,0.065444,0.061066,0.049274,0.043146,0.032510,0.026747,0.016955,0.011359,0.005975,0.004322,0.002923,
0.087121,0.094316,0.095584,0.090808,0.087388,0.086509,0.086611,0.079637,0.077294,0.069430,0.060899,0.053345,0.047970,0.040074,0.031590,0.024135,0.015960,0.011351,0.006027,0.004695,0.003606,
0.088173,0.084495,0.086470,0.083162,0.079036,0.079052,0.077478,0.070267,0.067472,0.062086,0.055948,0.051177,0.044467,0.035352,0.029431,0.022814,0.015573,0.010880,0.006453,0.004785,0.003708,
0.074602,0.073977,0.074982,0.070721,0.069955,0.071517,0.066057,0.060624,0.057514,0.052502,0.047297,0.043538,0.038433,0.033888,0.025851,0.022859,0.014544,0.010696,0.007504,0.005715,0.004007,
nan,0.056486,0.063966,0.055390,0.059353,0.058849,0.053001,0.048739,0.048325,0.045350,0.042689,0.039202,0.034216,0.027987,0.024175,0.019164,0.014996,0.010229,0.006775,0.006425,0.005242,
0.046277,0.050671,0.047475,0.041158,0.049279,0.043139,0.041612,0.037863,0.039682,0.034345,0.032223,0.031077,0.026063,0.022418,0.019133,0.017393,0.015262,0.010580,0.007755,0.006847,0.004861,
nan,0.033684,0.032020,0.024857,0.035322,0.027269,0.022516,0.028255,0.025443,0.024540,0.024947,0.025250,0.018142,0.021123,0.020301,0.013938,0.011105,0.012318,0.010686,0.006714,0.005145,
nan,0.017844,0.044334,nan,0.026289,0.050177,0.017220,0.019026,0.023999,0.012012,0.015924,0.014139,0.016199,0.014933,0.010535,0.015268,0.012866,0.009120,0.008573,0.007352,0.006819,
nan,0.149122,0.156697,0.171932,0.179328,0.175872,0.129472,0.112380,0.078008,0.096757,0.085111,0.095810,0.107286,0.051109,0.046385,0.031222,0.005632,0.007713,0.000786,0.007837,nan,
0.188823,0.146534,0.142742,0.141842,0.150405,0.131448,0.129316,0.117653,0.126213,0.102855,0.096033,0.081174,0.068131,0.060717,0.044407,0.032128,0.025077,0.014291,0.006700,0.003804,0.003250,
0.161450,0.155382,0.149503,0.142034,0.150054,0.140841,0.130464,0.124935,0.120622,0.103774,0.088183,0.082311,0.070703,0.058428,0.046088,0.032575,0.021188,0.011609,0.006139,0.003219,0.002565,
0.152610,0.140258,0.144319,0.144258,0.135660,0.133801,0.126924,0.120618,0.111468,0.095284,0.088819,0.078496,0.063188,0.053488,0.042295,0.029527,0.021208,0.013051,0.007629,0.004081,0.002644,
0.151817,0.143030,0.155261,0.136236,0.137813,0.136651,0.125130,0.118180,0.109196,0.097930,0.086211,0.085732,0.070150,0.062931,0.044628,0.033448,0.022207,0.013734,0.005178,0.003325,0.002684,
0.125004,0.133324,0.139639,0.140956,0.136776,0.126889,0.125124,0.115167,0.102723,0.095374,0.092404,0.079626,0.065252,0.055812,0.041413,0.030880,0.019322,0.010113,0.006003,0.003944,0.002748,
0.102963,0.132353,0.135494,0.134592,0.125236,0.128407,0.116942,0.111535,0.103049,0.090281,0.086213,0.076774,0.063493,0.047836,0.040101,0.033472,0.021282,0.014012,0.006414,0.003960,0.002271,
0.113633,0.126268,0.127107,0.127199,0.120016,0.119804,0.114135,0.104884,0.101115,0.089018,0.084555,0.072961,0.059921,0.049039,0.041852,0.031246,0.019174,0.010272,0.005470,0.003798,0.003116,
0.128279,0.127387,0.120254,0.122245,0.116999,0.109878,0.106444,0.101573,0.091998,0.085140,0.076336,0.068568,0.058209,0.050768,0.039322,0.027925,0.018186,0.012199,0.006474,0.003617,0.003087,
0.105848,0.117499,0.115822,0.115507,0.106676,0.104737,0.101163,0.094965,0.089033,0.083062,0.071612,0.065590,0.053551,0.049352,0.036066,0.025849,0.020318,0.011801,0.005231,0.003759,0.002512,
0.109053,0.111642,0.111342,0.107898,0.101344,0.102373,0.098654,0.090890,0.087689,0.075901,0.070288,0.063696,0.052610,0.046676,0.036022,0.025960,0.018804,0.010837,0.005831,0.004166,0.003480,
0.088954,0.107629,0.104236,0.098912,0.098524,0.095880,0.091740,0.084326,0.080634,0.073245,0.065836,0.056786,0.049741,0.042825,0.033456,0.027084,0.017872,0.010201,0.006129,0.004102,0.003135,
0.102071,0.099563,0.099158,0.090880,0.090283,0.088347,0.082254,0.076336,0.071111,0.067170,0.061044,0.054796,0.049004,0.038892,0.031706,0.025264,0.016795,0.011715,0.006197,0.004538,0.003209,
0.079869,0.090127,0.086257,0.081298,0.084912,0.079390,0.073154,0.072142,0.070044,0.061801,0.056377,0.050193,0.042643,0.036764,0.029244,0.023909,0.016151,0.010864,0.006375,0.004584,0.004526,
0.072096,0.079069,0.073931,0.068683,0.075026,0.067043,0.065860,0.065681,0.060093,0.053183,0.049046,0.044913,0.038462,0.032247,0.026626,0.022621,0.014713,0.010859,0.007203,0.005184,0.003838,
0.064515,0.064183,0.063924,0.058249,0.061496,0.054468,0.056886,0.054134,0.048156,0.042853,0.040748,0.038933,0.034331,0.028546,0.023266,0.019594,0.014625,0.010545,0.006929,0.006510,0.005460,
0.058964,0.050499,0.044366,0.045575,0.045625,0.040120,0.043257,0.042412,0.037111,0.038121,0.035042,0.031360,0.025302,0.025149,0.022238,0.017086,0.014565,0.011044,0.007424,0.007839,0.005543,
nan,nan,0.028764,0.037999,0.030644,0.026340,0.027324,0.026163,0.024910,0.026665,0.026855,0.020585,0.020568,0.019108,0.017307,0.016149,0.011576,0.012434,0.010523,0.007538,0.005811,
nan,0.016163,nan,0.039566,0.015171,0.023714,nan,0.015315,0.016244,0.013060,0.023965,0.013883,0.015391,0.038394,0.018798,0.011753,0.011703,0.018604,0.012224,0.011807,0.008022,
nan,0.152531,0.193060,0.132810,0.149935,0.153585,0.121328,0.120410,0.104968,0.128525,0.089543,0.055382,0.074455,0.048893,0.046109,0.032426,0.028543,0.010146,0.007001,0.005033,nan,
0.157300,0.153090,0.150017,0.153474,0.144127,0.138942,0.130069,0.125163,0.119962,0.105889,0.093903,0.086475,0.075713,0.056969,0.045745,0.034403,0.023679,0.015223,0.006791,0.003643,0.001659,
0.158164,0.141237,0.148700,0.140607,0.138858,0.135693,0.128914,0.126433,0.110677,0.109949,0.090227,0.078429,0.069280,0.058152,0.046557,0.033694,0.021684,0.010092,0.005437,0.003292,0.002325,
0.180904,0.142906,0.144855,0.144689,0.145272,0.139235,0.123272,0.116928,0.105553,0.099430,0.091038,0.079502,0.066662,0.058953,0.046777,0.032020,0.024182,0.013264,0.005854,0.003168,0.002777,
0.169152,0.143794,0.143740,0.146255,0.128036,0.133124,0.123381,0.118547,0.114964,0.099970,0.092810,0.081500,0.064432,0.054031,0.041902,0.028950,0.022151,0.010242,0.004969,0.003828,0.002408,
0.144870,0.147553,0.137902,0.139099,0.131829,0.127794,0.122179,0.109087,0.109260,0.099230,0.086648,0.076081,0.061839,0.053814,0.043998,0.032010,0.021450,0.013680,0.005701,0.003517,0.003094,
0.172457,0.144623,0.130762,0.129950,0.126833,0.122950,0.121524,0.110860,0.108011,0.095468,0.083557,0.073351,0.064700,0.055491,0.043327,0.030702,0.018742,0.010434,0.005708,0.004333,0.002895,
0.135484,0.135497,0.128968,0.127202,0.119921,0.114384,0.111441,0.106729,0.095622,0.091734,0.078186,0.074223,0.064345,0.050631,0.037916,0.028029,0.019867,0.011741,0.005848,0.004058,0.002612,
0.115296,0.128875,0.123475,0.118338,0.115807,0.110393,0.110290,0.100369,0.093295,0.088050,0.078115,0.070157,0.059313,0.046244,0.037342,0.030582,0.018730,0.010149,0.004773,0.003482,0.003026,
0.116805,0.119597,0.116472,0.112803,0.110781,0.107589,0.103030,0.096021,0.090706,0.079901,0.074450,0.063803,0.055090,0.045935,0.037564,0.027107,0.018742,0.012516,0.005970,0.003817,0.002881,
0.106297,0.110652,0.109046,0.104580,0.104369,0.100787,0.095625,0.088523,0.084549,0.077283,0.071039,0.061836,0.052958,0.043768,0.035861,0.025532,0.018486,0.011459,0.005447,0.003910,0.003254,
0.114918,0.104152,0.102503,0.099983,0.098643,0.094631,0.090754,0.085729,0.079846,0.074271,0.064430,0.058554,0.050856,0.039971,0.033545,0.024581,0.017998,0.010362,0.006094,0.004179,0.003146,
0.098438,0.098962,0.094449,0.092030,0.091399,0.085811,0.085061,0.080741,0.074889,0.067500,0.061126,0.054961,0.048975,0.038352,0.031734,0.024104,0.017098,0.011723,0.006275,0.004427,0.003252,
0.084565,0.089123,0.085137,0.085603,0.081878,0.078416,0.078472,0.071453,0.066306,0.058998,0.055677,0.049720,0.042629,0.037104,0.029338,0.023457,0.016469,0.010791,0.006570,0.005028,0.003428,
0.066773,0.073526,0.077175,0.074945,0.070665,0.069424,0.067183,0.060458,0.059043,0.055385,0.049008,0.044883,0.038817,0.032726,0.026644,0.022634,0.014864,0.011290,0.006844,0.005207,0.004522,
0.062545,0.067058,0.058270,0.062083,0.057247,0.058150,0.054373,0.051641,0.052047,0.046727,0.041608,0.037256,0.034350,0.030562,0.024312,0.020039,0.014584,0.010809,0.007067,0.006317,0.004751,
0.048249,0.052781,0.041878,0.046359,0.041601,0.045709,0.040460,0.040274,0.038810,0.035464,0.031748,0.030937,0.026746,0.024577,0.022557,0.018021,0.013972,0.011585,0.007501,0.007009,0.005404,
nan,nan,0.029684,0.031565,0.025250,0.031160,0.023375,0.032862,0.023791,0.024325,0.022368,0.022041,0.020559,0.017574,0.015740,0.014810,0.012002,0.013599,0.009560,0.007841,0.006955,
nan,nan,nan,0.017259,nan,0.021084,0.014588,0.014432,0.019148,0.017502,0.017684,0.017811,0.016098,0.013839,0.013034,0.012914,0.012962,0.012634,0.007713,0.007117,0.006569,
nan,0.175755,0.138501,0.140068,0.119555,0.143669,0.124649,0.135934,0.115837,0.102666,0.106967,0.097378,0.043311,0.071018,0.036723,0.045587,0.016601,0.019989,0.004946,0.003519,nan,
0.150742,0.150272,0.150990,0.149583,0.142385,0.132836,0.131538,0.120854,0.113541,0.117028,0.094576,0.083109,0.081167,0.067143,0.048263,0.036623,0.024811,0.014254,0.007332,0.004286,0.002579,
0.148767,0.152918,0.147393,0.150970,0.142787,0.135838,0.133894,0.122857,0.112049,0.098253,0.091558,0.084027,0.067531,0.054571,0.041293,0.030638,0.021209,0.011579,0.005225,0.003974,0.004165,
0.150731,0.158403,0.149448,0.163044,0.141969,0.133595,0.128813,0.114480,0.112518,0.104486,0.091999,0.082012,0.073646,0.059682,0.044799,0.034563,0.023528,0.013284,0.006117,0.004270,0.002130,
0.140299,0.149838,0.142366,0.141459,0.141155,0.130831,0.129125,0.119431,0.109779,0.100157,0.087130,0.078002,0.064981,0.057961,0.043264,0.029241,0.022578,0.012276,0.006380,0.003953,0.002569,
0.143522,0.136879,0.138592,0.136282,0.130085,0.128398,0.124703,0.116319,0.105223,0.096018,0.086166,0.077474,0.067712,0.057531,0.042905,0.032298,0.019171,0.010761,0.005384,0.003229,0.003576,
0.143822,0.134835,0.137741,0.132580,0.128482,0.125225,0.115719,0.111631,0.103081,0.091236,0.086981,0.076034,0.061384,0.049651,0.038949,0.030288,0.021265,0.013652,0.006514,0.003693,0.002563,
0.140931,0.131698,0.129605,0.123617,0.124699,0.116227,0.115350,0.102110,0.098999,0.086772,0.082939,0.072273,0.059045,0.052145,0.043012,0.030818,0.018973,0.010692,0.005982,0.003685,0.002901,
0.119440,0.130181,0.122029,0.122331,0.115630,0.113014,0.107936,0.100627,0.096207,0.083074,0.080582,0.065812,0.058854,0.050267,0.036544,0.026168,0.019039,0.012598,0.005828,0.003660,0.002913,
0.115609,0.118495,0.116924,0.114720,0.112048,0.106127,0.101142,0.093758,0.088573,0.081613,0.077053,0.064593,0.058065,0.047482,0.034778,0.029031,0.019950,0.010754,0.005729,0.003695,0.002850,
0.112218,0.113394,0.108854,0.109450,0.105221,0.102611,0.098628,0.090660,0.086840,0.078827,0.068466,0.062597,0.055230,0.044666,0.037929,0.025927,0.018072,0.011817,0.006025,0.003870,0.002400,
0.078253,0.105018,0.100573,0.103102,0.097448,0.096989,0.091143,0.085360,0.079218,0.072428,0.065712,0.058288,0.052292,0.041620,0.035066,0.026254,0.018388,0.011563,0.005556,0.004177,0.003206,
0.123258,0.100339,0.094714,0.093944,0.089905,0.087998,0.082818,0.079249,0.074625,0.067401,0.062360,0.056515,0.046541,0.039044,0.031549,0.023183,0.016992,0.010546,0.006401,0.004560,0.003289,
0.091048,0.090687,0.084035,0.084863,0.080537,0.079658,0.074383,0.072338,0.068048,0.061184,0.054741,0.050864,0.043374,0.037546,0.029433,0.022997,0.016431,0.011141,0.006581,0.005138,0.003543,
0.096067,0.078076,0.072335,0.074341,0.069206,0.069280,0.064847,0.064676,0.057819,0.054600,0.050422,0.045500,0.038695,0.032964,0.026369,0.021492,0.015061,0.010923,0.007395,0.005354,0.003749,
0.051438,0.060563,0.059619,0.061798,0.060417,0.057689,0.054610,0.053445,0.047340,0.046449,0.041463,0.037954,0.031744,0.030664,0.026609,0.020555,0.014778,0.011321,0.007542,0.006126,0.004733,
0.041627,0.047003,0.044068,0.049028,0.045422,0.042308,0.043478,0.038380,0.038294,0.034325,0.032107,0.031864,0.028253,0.023201,0.020869,0.018767,0.013983,0.011654,0.007813,0.006739,0.007635,
nan,0.031882,0.029002,0.031099,0.028226,0.024859,0.029500,0.024929,0.026041,0.024083,0.025892,0.022358,0.019437,0.019923,0.018048,0.015213,0.013359,0.014432,0.009870,0.007330,0.007877,
nan,nan,0.058935,0.025806,0.020839,nan,0.023511,0.016511,0.015834,0.020752,0.017174,0.015288,0.015690,0.018675,0.012224,0.011391,0.012822,0.012984,0.010474,0.007468,0.006365,
nan,0.141995,0.147778,0.129008,0.132530,0.140397,0.129745,0.120639,0.115398,0.110790,0.095247,0.087451,0.077361,0.065129,0.047407,0.023301,0.017857,0.011475,0.007804,0.005073,nan,
0.157019,0.148678,0.151081,0.151990,0.141204,0.150597,0.136960,0.126655,0.112445,0.101609,0.093891,0.086112,0.063617,0.052800,0.046903,0.032909,0.024931,0.013547,0.006007,0.004330,0.006305,
0.146083,0.151074,nan,0.143943,0.140135,0.136220,0.126169,0.121120,0.112224,0.104235,0.092418,0.081164,0.070120,0.057016,0.048634,0.033269,0.019858,0.013740,0.005032,0.003084,0.003382,
0.158120,0.150929,0.148943,0.145599,0.138943,0.131842,0.132120,0.125201,0.111034,0.102781,0.095608,0.079941,0.069112,0.055230,0.046712,0.033834,0.022358,0.011788,0.005384,0.003579,0.002848,
0.152976,0.145734,0.144115,0.143166,0.136318,0.125643,0.125266,0.116921,0.110918,0.095444,0.088449,0.081684,0.064198,0.057133,0.045650,0.030331,0.023342,0.012679,0.006424,0.003409,0.002576,
0.144349,0.143025,0.138934,0.130928,0.104982,0.124786,0.123061,0.113090,0.103102,0.099060,0.089913,0.079486,0.063345,0.053128,0.041854,0.029939,0.020742,0.012425,0.005178,0.003615,0.003120,
0.120994,0.136724,0.132964,0.135350,0.128408,0.125216,0.125689,0.111182,0.108498,0.095991,0.083099,0.075252,0.064278,0.054440,0.043606,0.031660,0.020044,0.011008,0.005360,0.003567,0.002714,
0.123441,0.127396,0.128872,0.128339,0.119671,0.116263,0.112953,0.106534,0.096560,0.090494,0.078135,0.075124,0.063597,0.048911,0.039491,0.031019,0.019816,0.012640,0.006563,0.004460,0.002729,
0.114765,0.124081,0.124448,0.122982,0.117681,0.112443,0.108302,0.103184,0.091420,0.085462,0.075014,0.068897,0.057938,0.049841,0.039805,0.029501,0.018413,0.010242,0.005600,0.004078,0.002866,
0.116660,0.120015,0.118744,0.116196,0.111644,0.108763,0.103988,0.095236,0.091092,0.083854,0.070867,0.064810,0.053406,0.048966,0.035948,0.026589,0.019642,0.012317,0.005603,0.003641,0.003243,
0.115655,0.114181,0.110932,0.108890,0.104595,0.101912,0.095862,0.091555,0.084052,0.076371,0.069268,0.062797,0.052534,0.044715,0.034989,0.026914,0.018566,0.010336,0.006028,0.003988,0.002653,
0.110834,0.105204,0.104929,0.101348,0.099633,0.093478,0.089541,0.086079,0.081095,0.072785,0.066144,0.058961,0.048991,0.042085,0.034722,0.026183,0.017598,0.012133,0.006005,0.003925,0.003155,
0.082256,0.096700,0.095446,0.095099,0.093793,0.086405,0.084785,0.079022,0.073225,0.066491,0.060429,0.054381,0.047613,0.039315,0.033481,0.023797,0.017467,0.010338,0.006601,0.004692,0.003765,
0.073262,0.087062,0.087877,0.085159,0.085817,0.077420,0.077928,0.071153,0.066506,0.063456,0.055327,0.050766,0.043126,0.036914,0.030203,0.022270,0.016742,0.010841,0.006461,0.005044,0.003490,
0.062323,0.079294,0.078374,0.073414,0.072971,0.068138,0.067078,0.060648,0.060141,0.053861,0.049110,0.045158,0.039349,0.034021,0.028305,0.022147,0.015593,0.011740,0.006606,0.005770,0.004035,
0.061804,0.064410,0.061597,0.060210,0.062406,0.054672,0.056283,0.051258,0.049473,0.043541,0.044339,0.037950,0.033900,0.027838,0.025176,0.020300,0.015967,0.011275,0.007788,0.006336,0.004792,
nan,0.045699,0.045712,0.041900,0.048978,0.041247,0.040217,0.039890,0.035921,0.036497,0.035316,0.029442,0.026986,0.024117,0.021952,0.018868,0.013975,0.010905,0.008743,0.006615,0.005634,
nan,0.023105,0.032605,0.030541,0.030519,0.026876,0.026619,0.028241,0.025058,0.026469,0.020974,0.023216,0.020740,0.021931,0.019208,0.016050,0.014758,0.012020,0.012060,0.007809,0.006828,
nan,0.025394,0.020689,0.021506,0.015399,0.019131,0.019156,0.020867,0.020920,0.017687,0.022043,0.024806,0.016865,0.017145,0.011290,0.016099,0.012924,0.011335,0.006926,0.007726,0.003913,
nan,0.156224,0.138339,0.157519,0.135523,0.149034,0.146426,0.111177,0.082127,0.127860,0.097259,0.092045,0.082981,0.052787,0.072186,0.024863,0.015256,0.011841,0.004171,0.000858,nan,
0.122937,0.149497,0.159630,0.146323,0.142813,0.140622,0.134295,0.127808,0.113250,0.102957,0.095724,0.084841,0.068709,0.057560,0.047962,0.038768,0.024707,0.017613,0.004879,0.005247,0.002057,
0.154007,0.150083,0.156619,0.143486,0.141524,0.133682,0.130121,0.120898,0.113882,0.096908,0.091090,0.078365,0.066052,0.058672,0.048737,0.033393,0.022287,0.014126,0.005750,0.003239,0.002850,
0.137893,0.138033,0.144226,0.146103,0.139262,0.132539,0.130251,0.122887,0.112844,0.097066,0.088605,0.079465,0.067612,0.055007,0.042008,0.029900,0.020244,0.011576,0.005155,0.003322,0.003241,
0.134175,0.137441,0.141597,0.137488,0.130581,0.130279,0.121878,0.116679,0.110485,0.101191,0.091154,0.080173,0.066609,0.056995,0.043761,0.031301,0.020993,0.011909,0.005243,0.003502,0.002215,
0.149144,0.137864,0.139097,0.139970,0.133399,0.127874,0.121989,0.118160,0.107432,0.095775,0.082115,0.074642,0.064567,0.058026,0.042290,0.030986,0.021662,0.012640,0.006009,0.003632,0.002560,
0.075020,0.133681,0.133422,0.135624,0.125371,0.119668,0.116314,0.114155,0.103238,0.090921,0.087845,0.076244,0.062639,0.051620,0.040553,0.029780,0.019030,0.011630,0.005623,0.003362,0.003838,
0.132707,0.130860,0.133929,0.128620,0.121642,0.118912,0.117994,0.101101,0.098306,0.090700,0.082287,0.070315,0.061189,0.052575,0.041395,0.030457,0.019432,0.010977,0.005530,0.003652,0.003473,
0.130731,0.125992,0.125673,0.119838,0.120181,0.113831,0.108244,0.099721,0.094363,0.091528,0.078323,0.069480,0.059980,0.048032,0.036609,0.028095,0.020039,0.011552,0.005752,0.004095,0.003100,
0.120425,0.119182,0.116857,0.114120,0.113256,0.105261,0.100141,0.097242,0.092004,0.077695,0.074807,0.065814,0.055671,0.046536,0.037577,0.028258,0.018108,0.010586,0.006123,0.004036,0.002903,
0.106708,0.111961,0.108614,0.107122,0.107633,0.098396,0.097583,0.091288,0.084996,0.078504,0.069463,0.064922,0.052632,0.046063,0.035804,0.025800,0.019504,0.011639,0.005795,0.003638,0.002887,
0.083859,0.107649,0.104233,0.098825,0.101295,0.093682,0.092437,0.084050,0.079172,0.073075,0.067027,0.058378,0.051496,0.042570,0.032213,0.026750,0.017786,0.011378,0.006461,0.004211,0.002994,
0.093678,0.096463,0.094141,0.093325,0.092164,0.087353,0.083773,0.080726,0.074483,0.067942,0.060324,0.055384,0.047188,0.039668,0.032120,0.024305,0.017783,0.011415,0.006334,0.004495,0.003435,
0.075114,0.090462,0.086973,0.084292,0.082784,0.080497,0.074282,0.072049,0.067222,0.060519,0.056658,0.050917,0.043244,0.036772,0.030665,0.023449,0.016814,0.010398,0.006945,0.005186,0.003840,
0.066633,0.082187,0.075359,0.074310,0.073452,0.069613,0.065397,0.063392,0.058318,0.054941,0.049913,0.044357,0.039599,0.034377,0.025866,0.022888,0.015829,0.011540,0.006947,0.006018,0.003822,
nan,0.063022,0.065589,0.060827,0.060429,0.057987,0.052702,0.053765,0.049262,0.046314,0.042867,0.038240,0.033083,0.028746,0.025571,0.021034,0.015561,0.012407,0.007532,0.006229,0.005355,
0.038048,0.048204,0.050362,0.043148,0.046815,0.045057,0.040695,0.038695,0.039959,0.033684,0.034291,0.030044,0.028112,0.024816,0.021902,0.018915,0.015296,0.011425,0.008637,0.006541,0.006051,
0.044764,0.042192,0.030583,0.030466,0.030759,0.031707,0.027960,0.023969,0.029333,0.023528,0.025652,0.023564,0.020290,0.017808,0.019017,0.016664,0.014924,0.013135,0.011445,0.008601,0.006847,
nan,0.024503,nan,0.015943,nan,0.016112,0.016981,0.021182,0.013207,0.022200,0.015604,0.017015,0.014653,0.014174,0.012001,0.025221,0.012435,0.014541,0.009057,0.009763,0.012465,
nan,0.145623,0.167267,0.132959,0.137284,0.163807,0.120603,0.109913,0.084912,0.129719,0.100130,0.078767,0.072414,0.072956,0.025219,0.037378,0.015634,0.011898,0.006146,0.002041,nan,
0.170157,0.153565,0.148530,0.151123,0.145254,0.142526,0.132813,0.118529,0.108144,0.108687,0.083298,0.081765,0.065238,0.063764,0.044439,0.034762,0.021554,0.013935,0.005303,0.003811,0.003290,
0.128083,0.152522,0.150376,0.146682,0.141112,0.132961,0.134215,0.120857,0.120421,0.105157,0.092501,0.083952,0.067069,0.064670,0.048533,0.034018,0.023041,0.010997,0.006231,0.003616,0.002515,
0.133753,0.148054,0.147123,0.145616,0.143337,0.140547,0.125536,0.119752,0.109759,0.103396,0.087936,0.080496,0.071198,0.059887,0.044162,0.033247,0.022078,0.012825,0.005366,0.003060,0.003516,
0.134601,0.151700,0.142960,0.145754,0.153687,0.133056,0.124106,0.119415,0.108088,0.101261,0.090471,0.078805,0.065460,0.055174,0.042661,0.031638,0.020959,0.010933,0.006007,0.003355,0.002883,
0.127448,0.147774,0.141640,0.136774,0.130392,0.127466,0.122766,0.114818,0.104438,0.096071,0.089592,0.082089,0.066042,0.056921,0.044671,0.029700,0.022863,0.011808,0.005131,0.003180,0.001846,
0.139467,0.139407,0.136852,0.132790,0.127034,0.120189,0.135833,0.110689,0.105721,0.096891,0.084225,0.074821,0.060485,0.054055,0.042436,0.030899,0.021017,0.011809,0.005629,0.003544,0.002150,
0.121408,0.132598,0.130736,0.125073,0.125233,0.118373,0.111215,0.105325,0.100721,0.089961,0.079818,0.074739,0.061402,0.049249,0.038842,0.030322,0.019296,0.011769,0.005870,0.003633,0.002944,
0.143432,0.123966,0.120521,0.120306,0.118612,0.111085,0.112061,0.102776,0.103448,0.084511,0.079215,0.067647,0.056563,0.049513,0.040644,0.030017,0.018811,0.011306,0.006028,0.004021,0.003520,
0.113024,0.114995,0.118215,0.114707,0.111973,0.105028,0.102500,0.097050,0.090022,0.082294,0.075229,0.063446,0.056949,0.046683,0.036189,0.028568,0.018830,0.010870,0.005613,0.003968,0.002956,
0.117339,0.113358,0.112161,0.108116,0.105759,0.102029,0.096877,0.090922,0.086688,0.078022,0.071381,0.060318,0.053805,0.044352,0.036206,0.025620,0.018807,0.011590,0.006275,0.003958,0.003176,
0.104576,0.102433,0.102588,0.099212,0.098779,0.095619,0.088845,0.086192,0.079615,0.072245,0.064727,0.058272,0.051103,0.043893,0.034297,0.026152,0.018405,0.011065,0.006283,0.004377,0.002974,
0.089297,0.096608,0.095231,0.093468,0.091495,0.088355,0.082600,0.079135,0.073770,0.069077,0.060795,0.055415,0.047549,0.039896,0.031753,0.025154,0.017084,0.012846,0.006459,0.004406,0.003725,
0.083104,0.088482,0.086310,0.084079,0.081798,0.081206,0.075236,0.071332,0.067643,0.062166,0.054996,0.051612,0.043713,0.037274,0.029792,0.023233,0.016900,0.010575,0.007092,0.005112,0.003845,
0.072276,0.076096,0.074172,0.073319,0.070117,0.071850,0.066971,0.061637,0.060095,0.053282,0.051895,0.044470,0.038694,0.032375,0.026679,0.022222,0.016268,0.011887,0.007312,0.006202,0.004548,
0.055362,0.063347,0.062609,0.061472,0.057362,0.062214,0.055850,0.051244,0.050979,0.045957,0.042340,0.038215,0.034469,0.029506,0.026139,0.021242,0.015993,0.011950,0.007639,0.006618,0.005215,
nan,0.048832,0.044778,0.052665,0.042133,0.043990,0.042659,0.039800,0.038347,0.035981,0.032963,0.030669,0.026364,0.025789,0.021994,0.019976,0.015833,0.012245,0.008987,0.006877,0.005886,
0.016445,0.028137,0.030674,0.030767,0.025733,0.031671,0.027935,0.028783,0.030385,0.023122,0.025655,0.020933,0.020530,0.019291,0.019318,0.017178,0.013648,0.013613,0.009228,0.008081,0.006953,
nan,0.019179,0.020062,0.015639,0.017760,0.024963,0.021172,0.020474,0.017236,0.014723,0.013653,0.027257,0.016344,0.011767,0.014405,0.013697,0.013591,0.013108,0.014584,0.008878,0.006367,
nan,0.141452,0.161689,0.130888,0.113052,0.127642,0.101032,0.127013,0.136791,0.106904,0.101206,0.084596,0.038212,0.059492,0.050054,0.024828,0.024276,0.007353,0.001692,0.002521,nan,
0.145654,0.140639,0.154205,0.148748,0.139907,0.127195,0.128744,0.125158,0.116431,0.107050,0.087533,0.085048,0.077524,0.057087,0.044315,0.029344,0.018775,0.012724,0.006106,0.003407,0.002062,
0.152943,0.149598,0.147723,0.139470,0.140836,0.133394,0.123528,0.124833,0.111168,0.110498,0.098898,0.081870,0.072954,0.056896,0.049848,0.038026,0.025180,0.013888,0.005528,0.004160,0.001892,
0.143939,0.150869,0.144078,nan,0.141996,0.132794,0.128089,0.118840,0.111299,0.097424,0.088670,0.083693,0.069248,0.059085,0.046362,0.034192,0.021291,0.012532,0.005550,0.002859,0.002562,
0.149483,0.143995,0.148942,0.140930,0.135247,0.141347,0.125185,0.117376,0.106791,0.096466,0.087630,0.076666,0.066087,0.053334,0.042454,0.030919,0.020843,0.012852,0.005281,0.003517,0.002619,
0.130731,0.137675,0.141064,0.141058,0.131751,nan,0.123562,0.114040,0.110060,0.098225,0.086885,0.076377,0.063384,0.053422,0.041759,0.028987,0.020192,0.011327,0.005990,0.003802,0.002675,
0.145576,0.132934,0.137980,0.130121,0.129202,0.122998,0.117385,0.112887,0.102786,0.092238,0.085202,0.076733,0.064691,0.055798,0.042041,0.029421,0.020743,0.011858,0.005133,0.003424,0.002484,
0.146334,0.129622,0.129286,0.124129,0.125694,0.116043,0.114643,0.110984,0.096545,0.091635,0.082254,0.070277,0.061121,0.051227,0.041263,0.030363,0.020307,0.011872,0.005626,0.003468,0.002307,
0.113931,0.124884,0.125358,0.119176,0.118138,0.111270,0.106474,0.100935,0.094283,0.086853,0.075699,0.070544,0.059940,0.047194,0.038297,0.030153,0.019646,0.011955,0.006120,0.003967,0.002984,
0.132085,0.116337,0.118801,0.112463,0.109747,0.109136,0.103114,0.097114,0.090304,0.082316,0.073135,0.065069,0.054396,0.049044,0.036990,0.026964,0.018329,0.011111,0.006307,0.004066,0.003340,
0.095213,0.106199,0.110495,0.107766,0.104332,0.101768,0.096186,0.091342,0.084331,0.076047,0.068111,0.062498,0.055036,0.045004,0.035535,0.027865,0.018448,0.010134,0.005957,0.004064,0.003248,
0.105329,0.097998,0.103361,0.101671,0.096809,0.095853,0.091702,0.084749,0.080798,0.073324,0.065616,0.059056,0.051208,0.042079,0.035032,0.024332,0.018218,0.012349,0.006148,0.004218,0.003416,
0.108289,0.091552,0.096265,0.093188,0.090494,0.087463,0.084453,0.078512,0.073900,0.067478,0.061182,0.055693,0.047895,0.040623,0.032041,0.025639,0.017401,0.011213,0.007027,0.004457,0.003482,
0.092114,0.082580,0.084255,0.085742,0.079702,0.079289,0.076997,0.072359,0.066929,0.062779,0.056751,0.050091,0.044040,0.038965,0.029932,0.023438,0.016652,0.012039,0.007041,0.005326,0.004046,
0.082469,0.073088,0.075838,0.074444,0.070842,0.068601,0.066467,0.063404,0.059604,0.054507,0.050098,0.044028,0.039760,0.033419,0.027764,0.022213,0.016577,0.010844,0.007906,0.005721,0.004631,
0.056365,0.066209,0.064870,0.061073,0.057050,0.058805,0.054687,0.052899,0.048733,0.044531,0.042480,0.037114,0.034741,0.029495,0.024974,0.021615,0.015980,0.012771,0.007663,0.006951,0.005705,
0.037172,0.045239,0.051061,0.046364,0.046752,0.041390,0.041342,0.039507,0.038563,0.034251,0.033524,0.030718,0.026666,0.027190,0.022655,0.019945,0.015767,0.012069,0.010009,0.006760,0.006756,
0.027710,0.029121,0.030618,0.031763,0.030673,0.030140,0.030539,0.026871,0.027222,0.024304,0.022731,0.021328,0.019594,0.020859,0.017431,0.015362,0.014335,0.012834,0.010046,0.008231,0.006143,
nan,nan,nan,0.018684,0.022312,0.019652,0.018669,0.026297,0.016781,0.019626,0.016919,0.017135,0.013751,0.014259,0.017255,0.012736,0.015963,0.011653,0.011365,0.007639,0.007147,
nan,0.139226,0.167510,0.155995,0.173533,0.149251,0.124323,0.116726,0.115625,0.082470,0.096258,0.081027,0.074250,0.053642,0.042941,0.046268,0.015459,0.016169,0.006522,0.003164,nan,
0.149749,0.151885,0.154427,0.150138,0.147453,0.133245,0.123604,0.118817,0.111913,0.100876,0.094612,0.076145,0.071416,0.057801,0.043294,0.032737,0.021575,0.011931,0.005650,0.004015,0.004151,
0.150440,0.147695,0.149336,0.143381,0.146300,0.132537,0.128777,0.120733,0.113255,0.107656,0.094013,0.080181,0.067691,0.057619,0.048661,0.031641,0.022306,0.013661,0.006130,0.003477,0.005309,
0.145517,0.145068,0.146505,0.143954,0.136356,0.135533,0.133225,0.119802,0.112997,0.100630,0.091692,0.077472,0.067113,0.059720,0.049029,0.032806,0.023413,0.012527,0.005525,0.003963,0.002652,
0.125729,0.140719,0.143554,0.143177,0.136554,0.129641,0.119841,0.117885,0.108312,0.102160,0.090934,0.080543,0.069401,0.058345,0.043161,0.033373,0.022325,0.013088,0.005100,0.003652,0.002883,
0.126409,0.139015,0.140360,0.138164,0.131607,0.127229,0.123966,0.115324,0.106591,0.095617,0.085602,0.075449,0.064406,0.054488,0.044045,0.030746,0.021807,0.012639,0.005387,0.003409,0.002541,
0.131147,0.131768,0.138858,0.130522,0.129563,0.126249,nan,0.110895,0.104392,0.095645,0.086099,0.075708,0.061593,0.052162,0.040994,0.028437,0.019580,0.011880,0.005878,0.003738,0.002320,
0.109028,0.127789,0.131481,0.125398,0.121422,0.116747,0.111824,0.105467,0.099195,0.089689,0.081992,0.074722,0.062331,0.052147,0.038928,0.029261,0.019642,0.010969,0.005146,0.003539,0.002580,
0.104765,0.121311,0.125222,0.119865,0.114715,0.113106,0.108841,0.102238,0.094907,0.081705,0.077910,0.067811,0.058571,0.049711,0.039594,0.029536,0.019317,0.011378,0.005447,0.003532,0.002609,
0.101641,0.120856,0.117766,0.114062,0.111138,0.106235,0.103004,0.096208,0.091008,0.075899,0.074257,0.066201,0.056319,0.045917,0.037480,0.029117,0.019442,0.012104,0.005666,0.003867,0.002943,
0.105595,0.115201,0.110805,0.107431,0.103454,0.100269,0.097035,0.091484,0.085388,0.077764,0.070350,0.062734,0.052719,0.046239,0.034789,0.026022,0.018298,0.011485,0.006283,0.004298,0.002825,
0.093201,0.106308,0.107861,0.100044,0.098025,0.095244,0.090073,0.085732,0.079204,0.073970,0.065525,0.059389,0.052142,0.041875,0.035366,0.025614,0.018311,0.010714,0.006275,0.004675,0.003442,
0.094475,0.096779,0.099806,0.093003,0.089206,0.087464,0.082759,0.079853,0.073875,0.067521,0.061442,0.055608,0.048006,0.039112,0.032352,0.024779,0.018026,0.011383,0.006606,0.004561,0.003844,
0.081407,0.084298,0.089391,0.084433,0.082391,0.079178,0.075653,0.071798,0.067515,0.061138,0.056828,0.050002,0.044447,0.035936,0.030597,0.023741,0.016669,0.012727,0.007526,0.004983,0.004498,
0.064662,0.076489,0.075756,0.074119,0.072285,0.069195,0.065852,0.062332,0.060995,0.055031,0.049713,0.044606,0.039126,0.033795,0.028013,0.022400,0.016377,0.011282,0.008290,0.005791,0.005131,
0.051662,0.059278,0.061307,0.061387,0.060519,0.057618,0.056827,0.053037,0.050178,0.046975,0.041494,0.037739,0.034548,0.030249,0.024911,0.021456,0.016412,0.012459,0.008206,0.006628,0.005712,
0.047569,0.047029,0.050820,0.049107,0.044618,0.046348,0.040796,0.040338,0.040973,0.036678,0.033382,0.030073,0.028125,0.024748,0.023314,0.019048,0.015856,0.012111,0.009428,0.007856,0.006589,
0.023916,0.027885,0.033625,0.031407,0.027599,0.031123,0.029745,0.029798,0.025338,0.024810,0.025449,0.023618,0.019057,0.019794,0.018858,0.016736,0.013687,0.012094,0.011632,0.008882,0.006700,
nan,nan,nan,0.023336,0.021568,0.022097,0.015292,0.034888,0.037358,0.027473,0.021804,0.016977,0.015341,0.016503,0.016581,0.013766,0.011691,0.012944,0.010383,0.007380,0.008052,
nan,0.148434,0.145948,0.140590,0.134868,0.161500,0.126889,0.107816,0.092353,0.108844,0.102343,0.072203,0.059444,0.052459,0.037914,0.023725,0.015730,0.007029,0.003199,0.006329,nan,
0.146431,0.135297,0.153917,0.148052,0.140329,0.135026,0.135638,0.126565,0.115868,0.097358,0.086755,0.089116,0.073054,0.060637,0.043276,0.028733,0.019740,0.010021,0.006059,0.002859,0.003201,
0.133856,0.150140,0.149048,0.147983,0.143236,0.141854,0.131408,0.121506,0.115000,0.105355,0.088691,0.083289,0.067114,0.056846,0.043927,0.033507,0.022205,0.013725,0.005120,0.004427,0.002626,
0.133297,0.146188,0.144670,0.147541,0.138454,0.135975,0.127997,0.120947,0.113690,0.102655,0.089654,0.081048,0.070493,0.061718,0.046610,0.034369,0.024280,0.012693,0.005402,0.003776,0.002068,
0.139579,0.145362,0.146772,0.142292,nan,0.133697,0.123801,0.118136,0.109992,0.096507,0.090649,0.080601,0.068934,0.058058,0.044925,0.032313,0.022075,0.011889,0.005876,0.003251,0.002146,
0.141701,0.140767,0.144484,0.136333,0.134228,0.127388,0.122970,0.112811,0.107551,0.095556,0.085541,0.076078,0.067287,0.056184,0.043146,0.032252,0.020696,0.012321,0.005404,0.003421,0.002974,
0.136233,0.139087,0.138366,0.132306,0.126193,0.122028,0.116875,0.112222,0.103710,0.092165,0.083184,0.074559,0.062701,0.053613,0.040580,0.030752,0.020987,0.012267,0.005534,0.003623,0.002572,
0.154206,0.129300,0.131383,0.128407,0.122172,0.117855,0.113352,0.108616,0.098096,0.091845,0.082534,0.072201,0.060086,0.051495,0.041391,0.028225,0.020374,0.012068,0.005891,0.003782,0.002536,
0.115844,0.126055,0.124261,0.120573,0.116755,0.111855,0.108850,0.100220,0.092982,0.086495,0.077320,0.070227,0.059235,0.049152,0.037988,0.028263,0.018955,0.011529,0.005689,0.003687,0.002846,
0.105339,0.122101,0.118126,0.115648,0.110587,0.109198,0.100886,0.097948,0.090487,0.082436,0.075396,0.062946,0.057608,0.047309,0.037132,0.027912,0.017768,0.010988,0.006027,0.003614,0.002845,
0.101836,0.117521,0.112185,0.107165,0.105980,0.101707,0.096373,0.091346,0.085047,0.077899,0.070073,0.063731,0.053029,0.045377,0.036715,0.027502,0.018657,0.011104,0.006309,0.004083,0.003460,
0.090722,0.107780,0.103354,0.101359,0.098820,0.095369,0.089952,0.085615,0.080499,0.072846,0.066143,0.059434,0.051416,0.043033,0.033821,0.026431,0.019004,0.011368,0.006214,0.004402,0.003089,
0.090944,0.096268,0.094443,0.093032,0.092618,0.087587,0.084250,0.078359,0.074635,0.068039,0.062336,0.055001,0.052482,0.039459,0.033176,0.023467,0.018455,0.011709,0.006873,0.004771,0.003886,
0.080728,0.090972,0.087149,0.085245,0.083016,0.080509,0.076954,0.072504,0.068505,0.062658,0.055985,0.050134,0.043955,0.037541,0.030585,0.024336,0.017011,0.011754,0.007191,0.005142,0.004148,
0.070510,0.078557,0.073719,0.074473,0.071855,0.069820,0.067188,0.063428,0.060780,0.055104,0.050075,0.044266,0.039769,0.033762,0.028136,0.022546,0.016589,0.011969,0.007649,0.006179,0.004741,
0.055936,0.065153,0.061531,0.062901,0.060350,0.058603,0.056616,0.052618,0.050871,0.047379,0.042428,0.038723,0.033706,0.030216,0.025542,0.021527,0.016286,0.012072,0.008870,0.006536,0.006160,
0.042800,0.050496,0.047814,0.047537,0.043975,0.045530,0.041343,0.041049,0.037592,0.038091,0.034419,0.031391,0.029016,0.025286,0.022511,0.018300,0.015677,0.012713,0.009145,0.008549,0.006802,
nan,0.032675,0.028776,0.028521,0.027359,0.029056,0.029546,0.026528,0.027532,0.027335,0.025738,0.022049,0.021460,0.019542,0.017831,0.016438,0.014111,0.012710,0.011816,0.009496,0.007639,
nan,nan,0.021581,nan,0.023296,0.022959,0.033886,0.018189,0.017855,0.021496,0.021191,0.018923,0.017441,0.015105,0.014348,0.018123,0.012620,0.012809,0.013912,0.008991,0.008458,
nan,0.151346,0.157960,0.147818,0.135037,0.134512,0.105948,0.119097,0.099645,0.089694,0.064049,0.080352,0.063160,0.038815,0.055740,0.032772,0.015667,0.010354,0.006958,0.001871,nan,
0.174691,0.153678,0.148988,0.148953,0.141794,0.139428,0.125042,0.120916,0.115377,0.102942,0.092478,0.088354,0.073894,0.056272,0.046614,0.035192,0.024387,0.010846,0.006370,0.003531,0.002507,
0.159600,0.149112,0.151313,0.144553,0.141295,0.135229,0.127509,0.122202,0.108302,0.102576,0.089884,0.079007,0.072314,0.059766,0.046100,0.035199,0.018670,0.012464,0.005549,0.003183,0.002766,
0.158549,0.153564,0.148037,0.143070,0.141288,0.131609,0.126338,0.118740,0.112896,0.106091,0.093112,0.081854,0.066710,0.054430,0.047486,0.032031,0.020996,0.013588,0.005725,0.004017,0.004640,
0.137699,0.149345,0.147242,0.144480,0.135883,0.131983,0.125754,0.117534,0.110371,0.098447,0.089673,0.078411,0.066194,0.059436,0.046811,0.032823,0.022828,0.012144,0.005189,0.003629,0.001990,
0.130624,0.148388,0.140340,0.136290,0.130736,0.129865,0.120656,0.115138,0.105964,0.096570,0.088699,0.077073,0.066264,0.056709,0.044337,0.031320,0.022305,0.011348,0.005585,0.003611,0.002153,
0.129471,0.141770,0.133887,0.131157,0.130036,0.121043,nan,0.110989,0.102859,0.093050,0.084243,0.073686,0.065761,0.053107,0.041798,0.031468,0.019940,0.012481,0.005588,0.003220,0.002724,
0.114266,0.137254,0.128836,0.127322,0.122230,0.118428,0.113449,0.104989,0.099868,0.090594,0.082179,0.072111,0.060594,0.051996,0.039772,0.030253,0.020421,0.012201,0.005258,0.003650,0.002996,
0.127764,0.128455,0.124842,0.121486,0.118120,0.114076,0.107483,0.102139,0.094793,0.087258,0.078064,0.069471,0.058509,0.049487,0.039303,0.028029,0.019530,0.012285,0.005941,0.003705,0.002589,
0.109852,0.120461,0.118232,0.116131,0.114052,0.107855,0.102534,0.097020,0.090248,0.082033,0.075092,0.065745,0.056288,0.046762,0.037096,0.027484,0.019535,0.011837,0.006203,0.003936,0.002726,
0.098518,0.111925,0.111907,0.109748,0.107302,0.101280,0.096272,0.091501,0.085240,0.078489,0.070254,0.061633,0.054271,0.044294,0.035535,0.027083,0.018793,0.011239,0.006036,0.004013,0.002826,
0.106646,0.104734,0.105924,0.102195,0.100869,0.094834,0.091785,0.086390,0.080643,0.073465,0.066771,0.064242,0.050531,0.043845,0.034589,0.025753,0.017715,0.011313,0.006415,0.004382,0.003325,
0.096202,0.098190,0.095095,0.092901,0.092640,0.088382,0.084440,0.079342,0.075435,0.068404,0.061643,0.054960,0.047413,0.040308,0.033245,0.024981,0.018208,0.011055,0.006896,0.004927,0.003940,
0.079054,0.086003,0.086361,0.084982,0.082113,0.079467,0.077242,0.071444,0.067911,0.062632,0.056355,0.050382,0.044103,0.037568,0.030554,0.024205,0.017678,0.011452,0.007285,0.005212,0.004653,
nan,0.074259,0.074153,0.072800,0.072352,0.069140,0.067342,0.063227,0.059352,0.054762,0.050506,0.045164,0.039625,0.034128,0.028394,0.022206,0.016652,0.012876,0.007628,0.005920,0.004613,
0.055553,0.065574,0.060427,0.062937,0.059277,0.056692,0.056218,0.052995,0.050537,0.045856,0.042582,0.038008,0.035017,0.030391,0.025522,0.021009,0.016576,0.012044,0.009049,0.007260,0.005043,
nan,0.046417,0.042661,0.045353,0.043412,0.045808,0.042342,0.040532,0.038600,0.037655,0.033654,0.030638,0.028024,0.025299,0.022496,0.018831,0.015564,0.012689,0.009561,0.008198,0.005849,
0.026095,0.027985,0.031603,0.027601,0.026395,0.028370,0.028398,0.028457,0.026524,0.025687,0.025288,0.023375,0.021594,0.019761,0.018840,0.017390,0.015326,0.012634,0.011111,0.008892,0.009747,
nan,nan,nan,0.020634,0.019970,0.020404,0.018056,0.020245,0.026127,0.018048,0.015062,0.016845,0.016858,0.014392,0.018745,0.020982,0.016135,0.013486,0.011546,0.012501,0.007934,
nan,0.159261,0.153828,0.180824,0.153785,0.158342,0.127537,0.115085,0.137827,0.078981,0.112822,0.081604,0.091828,0.062256,0.041216,0.025493,0.017669,0.007021,0.004196,0.002279,nan,
0.158019,0.194755,0.149276,0.150236,0.142828,0.143408,0.131247,0.124312,0.108102,0.103456,0.094817,0.082205,0.070695,0.059422,0.049528,0.033262,0.022251,0.013643,0.004358,0.003164,0.003233,
0.164823,0.154704,0.154615,0.147657,0.143044,0.135686,0.130899,0.121495,0.112786,0.102133,0.088975,0.085199,0.071873,0.057645,0.043132,0.033298,0.020083,0.010700,0.005883,0.003278,0.003105,
0.153108,0.149128,0.149993,0.141486,0.139502,0.133690,0.128934,0.120990,0.111235,0.102467,0.087712,0.078167,0.067578,0.059196,0.043226,0.034151,0.020886,0.011741,0.005464,0.003314,0.002515,
0.158201,0.144616,0.142537,0.140260,0.136401,0.131732,0.125935,0.117096,0.110608,0.102186,0.090392,0.079554,0.065041,0.055666,0.045563,0.031345,0.021569,0.012756,0.005329,0.003489,0.003801,
0.147082,0.140602,0.143238,0.138198,0.134448,0.126500,0.121801,0.114303,0.107046,0.097671,0.087531,0.076180,0.064312,0.056817,0.044986,0.031998,0.022210,0.013049,0.005502,0.003663,0.002698,
0.145890,0.134747,0.137022,0.134139,0.128252,0.122168,0.117969,0.111651,0.104011,0.092906,0.085303,0.073764,0.063558,0.055280,0.042845,0.031814,0.021559,0.011172,0.005616,0.003684,0.002044,
0.138637,0.135377,0.132223,0.126018,0.126513,0.118988,0.112393,0.106337,0.098977,0.091235,0.081642,0.071429,0.063338,0.051907,0.041391,0.030217,0.020702,0.011255,0.005859,0.003440,0.002248,
0.129583,0.127493,0.125298,0.120818,0.118667,0.113379,0.107056,0.101875,0.096619,0.086405,0.078162,0.069488,0.059663,0.049812,0.039118,0.029027,0.020367,0.011612,0.005881,0.003606,0.002881,
0.140534,0.120815,0.119457,0.113279,0.113286,0.106158,0.103734,0.097213,0.090374,0.086187,0.073760,0.066351,0.056978,0.047630,0.036957,0.027899,0.019208,0.012094,0.005612,0.003853,0.002936,
0.120357,0.114620,0.111047,0.106219,0.107389,0.101156,0.097237,0.092095,0.085335,0.077814,0.069977,0.061990,0.053074,0.045485,0.035892,0.026537,0.018482,0.011972,0.006330,0.004344,0.003161,
0.108059,0.110196,0.102184,0.100171,0.099991,0.095281,0.090581,0.085993,0.079945,0.073346,0.066614,0.059380,0.051192,0.042117,0.034675,0.026406,0.018372,0.011708,0.006472,0.004724,0.003798,
0.104525,0.097300,0.095871,0.093809,0.091197,0.088546,0.083031,0.081017,0.074469,0.068320,0.061742,0.054843,0.048307,0.040821,0.031904,0.025318,0.017719,0.011549,0.006754,0.005060,0.004036,
0.090785,0.089486,0.085355,0.085313,0.082856,0.079291,0.075550,0.072632,0.067739,0.062601,0.056458,0.050837,0.044211,0.037687,0.030955,0.023778,0.017288,0.011568,0.007665,0.005486,0.004208,
0.079346,0.077125,0.073702,0.074170,0.072132,0.070364,0.066093,0.063576,0.058848,0.054849,0.049806,0.045444,0.040139,0.034247,0.028313,0.022610,0.016977,0.011521,0.007948,0.006242,0.004767,
0.060030,0.064547,0.061366,0.062071,0.059654,0.057401,0.055016,0.052634,0.049359,0.045948,0.042475,0.039431,0.034245,0.030241,0.025836,0.021249,0.016111,0.012457,0.008869,0.007062,0.006378,
0.038315,0.050883,0.044922,0.043612,0.044076,0.043091,0.042318,0.039541,0.038655,0.036177,0.034589,0.030191,0.028469,0.025136,0.022118,0.018683,0.016855,0.012750,0.010372,0.008079,0.006660,
0.017713,0.022183,0.031142,0.029639,0.033970,0.028818,0.028579,0.028570,0.025426,0.024624,0.024071,0.021899,0.021526,0.019385,0.019178,0.016535,0.014855,0.012638,0.011712,0.009306,0.008285,
nan,nan,nan,0.024696,0.018806,0.014524,0.016028,0.023204,0.019736,0.018888,0.018524,0.029376,0.016519,0.021282,0.013688,0.016137,0.011381,0.013365,0.011264,0.010371,0.009135,
nan,0.156715,0.163644,0.150388,0.126744,0.158111,0.127157,0.100595,0.095170,0.086494,0.063783,0.073100,0.064706,0.060274,0.028351,0.041946,0.018057,0.006400,0.002667,0.003797,nan,
0.161003,nan,0.152414,0.142708,0.145956,0.143649,0.124743,0.126497,0.107004,0.107354,0.099765,0.082914,0.071085,0.054705,0.042142,0.033377,0.021053,0.013326,0.007148,0.003632,0.003160,
0.125066,0.147120,0.149725,0.146358,0.140104,0.137409,0.125647,0.124213,0.113033,0.104020,0.095209,0.081034,0.067864,0.058670,0.047139,0.032393,0.022263,0.013086,0.005597,0.003314,0.002774,
0.133172,0.147863,0.146001,0.152483,0.141360,0.133495,0.127673,0.121613,0.110890,0.100540,0.090219,0.081723,0.069462,0.058084,0.045075,0.032970,0.020813,0.012824,0.005673,0.003166,0.002577,
0.133659,0.143354,0.145817,0.141758,0.140684,0.130599,0.124830,0.117826,0.107131,0.098825,0.086427,0.079022,0.068119,0.056875,0.043306,0.032238,0.019631,0.011542,0.005629,0.003283,0.002456,
0.129002,0.138336,0.138819,0.137341,0.132644,0.128625,0.121811,0.112962,0.106175,0.096629,0.085251,0.077563,0.065751,0.054069,0.041567,0.031402,0.019842,0.011112,0.005305,0.003198,0.002194,
0.110499,0.133266,0.134015,0.132655,0.130489,0.123429,0.117929,0.110821,0.103156,0.094895,0.084058,0.074381,0.062704,0.052793,0.042593,0.030712,0.020058,0.012094,0.005570,0.003525,0.002292,
0.104534,0.129595,0.130076,0.126316,0.123258,0.118125,0.113424,0.107485,0.099744,0.090106,0.082043,0.072288,0.060140,0.052180,0.041325,0.030604,0.020136,0.012025,0.005521,0.003665,0.002480,
0.102911,0.125262,0.123343,0.121224,0.118721,0.113755,0.108618,0.101576,0.093987,0.086914,0.078754,0.068836,0.058965,0.050099,0.039459,0.029897,0.020075,0.011944,0.005522,0.003914,0.002556,
0.093137,0.118874,0.115678,0.116223,0.111928,0.107600,0.101820,0.096612,0.090375,0.082548,0.075132,0.065629,0.056612,0.047554,0.038069,0.028838,0.019762,0.011246,0.005945,0.004021,0.002574,
0.101034,0.110620,0.108850,0.109482,0.104405,0.101461,0.096503,0.091347,0.085275,0.077837,0.070670,0.063020,0.054399,0.045773,0.036286,0.027817,0.019247,0.011684,0.006039,0.004361,0.002682,
0.088594,0.101189,0.102538,0.102168,0.098077,0.093441,0.090791,0.086411,0.079779,0.073152,0.066417,0.059354,0.051367,0.043329,0.034389,0.026288,0.018515,0.011420,0.006522,0.004481,0.002985,
0.084628,0.093357,0.094993,0.093933,0.090685,0.087344,0.083780,0.079528,0.074326,0.068213,0.061831,0.054844,0.048090,0.040925,0.032707,0.024988,0.018110,0.011657,0.006849,0.004863,0.003421,
0.081311,0.084738,0.087450,0.085186,0.082444,0.079254,0.076755,0.072410,0.067883,0.062212,0.056712,0.050702,0.044152,0.037760,0.031331,0.024197,0.017441,0.012002,0.007591,0.005289,0.003756,
0.062554,0.073369,0.075492,0.073026,0.072234,0.069901,0.066696,0.063634,0.059226,0.055021,0.050413,0.045178,0.039706,0.033918,0.028547,0.023009,0.016882,0.012353,0.008005,0.006568,0.004963,
0.058928,0.060839,0.061014,0.058988,0.060336,0.056697,0.054735,0.052374,0.050649,0.046496,0.042562,0.038707,0.034340,0.029877,0.025236,0.021082,0.016419,0.012712,0.009326,0.007238,0.005238,
0.037582,0.042832,0.043036,0.044755,0.044064,0.041762,0.044429,0.041413,0.038734,0.035496,0.034507,0.031871,0.027963,0.026058,0.022377,0.018749,0.016142,0.013046,0.010046,0.008375,0.007470,
nan,0.027965,0.026212,0.026119,0.027148,0.029387,0.028685,0.026979,0.027493,0.024922,0.024811,0.022918,0.021945,0.020040,0.018216,0.017391,0.014841,0.013390,0.011997,0.010450,0.007848,
nan,nan,nan,nan,nan,0.020061,0.024020,0.019325,0.020203,0.013886,0.015036,0.015061,0.016361,0.015383,0.017653,0.013242,0.014285,0.012447,0.012026,0.012968,0.013663,
0.156662,0.163036,0.134974,0.151294,0.152983,0.132841,0.125310,0.110197,0.121646,0.119238,0.105326,0.073854,0.062031,0.035028,0.054736,0.038368,0.014543,0.006471,0.004145,0.005393,nan,
0.162576,0.151494,0.148199,0.149734,0.132028,0.154333,0.126781,0.120979,0.122423,0.100116,0.096291,0.076533,0.073110,0.058006,0.045325,0.040494,0.021436,0.008703,0.004698,0.004325,0.003226,
0.153981,0.158708,0.149259,0.143844,0.144491,0.146604,0.129119,0.123909,0.109378,0.102615,0.099264,0.081434,0.078479,0.057363,0.044866,0.038119,0.023089,0.011087,0.005356,0.003735,0.002922,
0.148799,0.155127,0.143965,0.144838,0.139877,0.141283,0.126967,0.120821,0.108604,0.102438,0.096371,0.079732,0.075233,0.057451,0.043741,0.034592,0.022483,0.011658,0.005777,0.003531,0.003000,
0.152028,0.154927,0.137129,0.141602,0.137066,0.133607,0.125144,0.119379,0.108189,0.100072,0.094615,0.079062,0.069959,0.056159,0.045648,0.033925,0.021443,0.013353,0.005394,0.003652,0.002868,
0.142787,0.152902,0.130079,0.135736,0.133206,0.127141,0.121524,0.115630,0.104647,0.096273,0.089740,0.076999,0.067159,0.057102,0.044426,0.032450,0.022509,0.014362,0.005541,0.003662,0.002825,
0.143462,0.148507,0.129072,0.131072,0.127964,0.124916,0.117960,0.110081,0.100944,0.092168,0.084935,0.075426,0.066359,0.054629,0.041930,0.031263,0.021189,0.013006,0.005528,0.003642,0.002546,
0.158394,0.143167,0.123836,0.128204,0.123074,0.119352,0.113039,0.106583,0.098603,0.089774,0.081280,0.071746,0.062959,0.052423,0.040839,0.030157,0.020087,0.012312,0.005401,0.003610,0.002520,
0.153821,0.129938,0.118710,0.120599,0.117447,0.113589,0.108294,0.101753,0.094981,0.086266,0.077916,0.069502,0.059830,0.049707,0.039260,0.029427,0.019307,0.011765,0.006014,0.003683,0.002400,
0.147722,0.122616,0.115927,0.114097,0.111745,0.108043,0.102045,0.097004,0.090004,0.082474,0.074672,0.066155,0.056513,0.047886,0.037313,0.028597,0.018521,0.011974,0.005972,0.003945,0.002528,
0.129064,0.115435,0.112216,0.108009,0.106406,0.101622,0.096380,0.091741,0.085047,0.077926,0.070836,0.062358,0.053666,0.045442,0.035732,0.028090,0.018377,0.011722,0.006140,0.004174,0.003102,
0.110642,0.105220,0.104662,0.099732,0.098686,0.096736,0.090008,0.085255,0.079480,0.073284,0.066597,0.059159,0.051008,0.043358,0.034887,0.026828,0.018026,0.011661,0.006291,0.004720,0.003938,
0.108113,0.096465,0.096428,0.091385,0.091407,0.090259,0.083204,0.078155,0.073269,0.068215,0.062199,0.055191,0.048105,0.040614,0.032948,0.026050,0.017671,0.012008,0.006831,0.005197,0.004265,
0.096976,0.087370,0.085004,0.082366,0.082654,0.081003,0.075771,0.071096,0.067318,0.062711,0.056809,0.051077,0.044257,0.037934,0.031082,0.024708,0.017688,0.011992,0.007582,0.005953,0.004387,
0.079677,0.075120,0.073811,0.074512,0.074502,0.071519,0.068965,0.062506,0.059229,0.055190,0.050381,0.045593,0.039341,0.034293,0.028641,0.023054,0.017485,0.012100,0.008338,0.006315,0.004704,
0.061903,0.062058,0.057587,0.062075,0.059550,0.057381,0.057520,0.051238,0.048394,0.046643,0.042684,0.039633,0.035139,0.030157,0.025826,0.021098,0.016452,0.012733,0.008888,0.006950,0.006636,
0.041671,0.045594,0.043802,0.046632,0.048306,0.047419,0.042072,0.039052,0.036010,0.036614,0.033027,0.032181,0.028218,0.025024,0.022061,0.019713,0.016276,0.013093,0.010935,0.009316,0.006832,
0.013248,0.034207,0.026461,0.023956,0.028400,0.027588,0.024461,0.029948,0.024074,0.024629,0.026020,0.021803,0.022944,0.022343,0.018332,0.016559,0.015608,0.013679,0.011442,0.009773,0.007938,
nan,nan,nan,nan,nan,nan,nan,nan,nan,nan,0.018085,0.018353,0.016361,0.016494,0.015877,0.019826,0.014695,0.017395,0.013202,0.012763,0.008220,
