0.228866,0.122045,0.282936,0.168758,0.172508,0.253055,0.136058,0.113798,0.160098,0.113669,0.091536,0.097947,0.168632,0.059601,0.042112,0.031788,0.041959,0.033833,0.008893,0.007478,0.003109,
0.197407,0.168869,0.211138,0.171320,0.179190,0.176665,0.127983,0.102160,0.144653,0.112543,0.112631,0.096315,0.073321,0.069110,0.073423,0.036420,0.027704,0.025652,0.013747,0.003871,0.006444,
0.159566,0.188358,0.221590,0.172614,0.163737,0.185252,0.122067,0.112500,0.132309,0.108995,0.102139,0.091132,0.058637,0.070086,0.059345,0.036109,0.036328,0.025211,0.017275,0.005320,0.006459,
0.102307,0.182057,0.184321,0.166529,0.165377,0.191170,0.118103,0.108916,0.107932,0.115836,0.087754,0.086375,0.062966,0.070888,0.063629,0.039440,0.043425,0.026150,0.016007,0.007910,0.005746,
0.100942,0.159816,0.166745,0.158881,0.154970,0.179126,0.128212,0.111562,0.102219,0.120387,0.087837,0.072445,0.073464,0.075925,0.074692,0.045293,0.045026,0.026319,0.017706,0.009548,0.005069,
0.117968,0.133881,0.130157,0.137742,0.147143,0.161507,0.122725,0.108379,0.096511,0.110156,0.092751,0.071855,0.075317,0.075295,0.066042,0.048887,0.044920,0.028594,0.018409,0.011685,0.006028,
0.120107,0.125326,0.115249,0.125273,0.145497,0.142104,0.123170,0.103532,0.086885,0.096512,0.089485,0.087064,0.075948,0.073291,0.064084,0.055642,0.047716,0.033115,0.020708,0.016607,0.008276,
0.186922,0.104687,0.094595,0.108522,0.134490,0.119556,0.118972,0.094983,0.092111,0.092064,0.093244,0.090855,0.080654,0.070355,0.064464,0.061147,0.057443,0.038096,0.024070,0.020128,0.007340,
0.195806,0.094462,0.086637,0.102230,0.123266,0.102240,0.123178,0.102996,0.082233,0.089031,0.099464,0.094517,0.087239,0.074940,0.066975,0.069724,0.064533,0.044962,0.029840,0.024995,0.008304,
0.177846,0.094989,0.073582,0.095686,0.108290,0.092895,0.110033,0.114252,0.082815,0.086725,0.101797,0.100964,0.097500,0.096360,0.076781,0.081815,0.088476,0.052594,0.035766,0.028514,0.010149,
0.064735,0.103452,0.069738,0.087665,0.095621,0.091387,0.106141,0.112797,0.089352,0.080017,0.083500,0.111612,0.106313,0.115405,0.094162,0.101873,0.101789,0.061702,0.048379,0.026365,0.014757,
0.077819,0.117445,0.064421,0.085126,0.090123,0.085086,0.096991,0.102148,0.114462,0.106945,0.089258,0.131559,0.128070,0.137837,0.116862,0.145439,0.130713,0.083181,0.059802,0.028397,0.016227,
0.088689,0.123186,0.069356,0.084645,0.099213,0.095459,0.107309,0.095793,0.137188,0.118443,0.086379,0.126430,0.147493,0.165203,0.144305,0.180241,0.161003,0.107840,0.079457,0.034511,0.012299,
0.071424,0.062215,0.072114,0.089766,0.090785,0.114619,0.125858,0.090244,0.166471,0.147460,0.137705,0.156060,0.170668,0.207580,0.179105,0.222050,0.190282,0.138750,0.085512,0.039647,0.017621,
0.059319,0.050293,0.077937,0.135782,0.097473,0.110704,0.140708,0.105502,0.164215,0.167128,0.162260,0.196988,0.238744,0.266235,0.255315,0.287745,0.244855,0.181586,0.090579,0.043785,0.012222,
0.065169,0.066166,0.076970,0.068874,0.121662,0.142625,0.102960,0.166846,0.146963,0.131582,0.213207,0.250960,0.293452,0.282245,0.337061,0.348006,0.287458,0.217865,0.084546,0.031079,0.013426,
0.047123,0.101123,0.122583,0.123873,0.135194,0.215925,0.110892,0.223899,0.171570,0.154991,0.227911,0.319499,0.397636,0.374247,0.423077,0.432353,0.328305,0.187380,0.060012,0.016942,0.009705,
0.038369,0.074794,0.051775,0.098581,0.111468,0.123778,0.165790,0.327124,0.170746,0.268100,0.311816,0.402287,0.368367,0.454257,0.481223,0.488703,0.307570,0.092149,0.028393,0.012577,0.007971,
nan,nan,nan,nan,nan,nan,nan,nan,nan,nan,0.320184,0.298297,0.567515,0.409585,0.387665,0.303837,0.281609,0.024315,0.014966,0.000825,nan,
nan,nan,0.090323,0.146421,0.208588,0.113065,0.086548,0.166364,0.129018,0.168165,0.145564,0.101983,0.051162,0.043791,0.087568,0.043696,0.039734,0.044701,0.005093,0.009310,0.005223,
nan,0.220821,0.165862,0.151784,0.158345,0.163049,0.127563,0.139470,0.113822,0.118625,0.131056,0.072756,0.073099,0.068480,0.063904,0.060580,0.037741,0.022810,0.013322,0.006751,0.007316,
0.145525,0.185485,0.156082,0.163180,0.171475,0.137066,0.150102,0.134096,0.121329,0.111302,0.098893,0.075350,0.071155,0.067006,0.066273,0.062700,0.036144,0.022441,0.014078,0.008041,0.007741,
0.130293,0.170832,0.141411,0.154304,0.170533,0.142398,0.147101,0.131740,0.128877,0.093839,0.110526,0.092854,0.082988,0.064859,0.068044,0.051020,0.036251,0.023814,0.014209,0.010033,0.007889,
0.115348,0.156903,0.142715,0.141704,0.162681,0.143113,0.132411,0.130521,0.141532,0.094925,0.104268,0.096611,0.075163,0.064597,0.059777,0.046908,0.039072,0.027197,0.015510,0.012472,0.007273,
0.102803,0.153376,0.127659,0.134774,0.150859,0.133026,0.122977,0.114784,0.129867,0.089270,0.102975,0.093166,0.070943,0.074497,0.057335,0.053758,0.042284,0.033057,0.019630,0.013604,0.006865,
0.117149,0.141428,0.120082,0.122940,0.141833,0.127458,0.106704,0.104475,0.121692,0.089505,0.096634,0.088023,0.071606,0.077689,0.059462,0.055184,0.049201,0.037632,0.022925,0.015010,0.006718,
0.124761,0.143061,0.116270,0.113944,0.130540,0.108808,0.100677,0.097695,0.108538,0.086299,0.089534,0.084109,0.078676,0.083743,0.065461,0.060680,0.054391,0.042319,0.026278,0.015513,0.008507,
0.077619,0.120531,0.106285,0.104746,0.111491,0.089747,0.096169,0.085124,0.094450,0.085002,0.084720,0.092790,0.076282,0.089810,0.076526,0.069580,0.066020,0.046948,0.032180,0.018278,0.010133,
0.100598,0.100267,0.105427,0.097654,0.107636,0.083049,0.089249,0.083056,0.088251,0.080780,0.083298,0.094146,0.092755,0.086177,0.087870,0.078818,0.070285,0.055256,0.039282,0.020580,0.010393,
0.093764,0.099593,0.092099,0.089777,0.089582,0.075196,0.081763,0.081560,0.092174,0.088041,0.084908,0.092477,0.116087,0.099976,0.108697,0.096793,0.087037,0.074400,0.048356,0.023327,0.012932,
0.059849,0.088758,0.105130,0.090051,0.088945,0.077033,0.082618,0.087724,0.097869,0.100299,0.094551,0.106439,0.131481,0.124163,0.120664,0.121110,0.105386,0.092383,0.062852,0.031247,0.016834,
0.111059,0.087466,0.094552,0.089376,0.086139,0.081437,0.084247,0.090346,0.106472,0.114419,0.101193,0.133047,0.153473,0.161858,0.156361,0.158700,0.135428,0.115757,0.068503,0.032135,0.014640,
0.047913,0.148895,0.090516,0.087217,0.073441,0.085206,0.093967,0.102664,0.118752,0.121279,0.121966,0.165652,0.177152,0.205277,0.197344,0.198563,0.183497,0.141634,0.079942,0.028945,0.014352,
0.107237,0.096555,0.079498,0.092844,0.081262,0.084639,0.096746,0.108862,0.125058,0.144727,0.151767,0.189685,0.201498,0.238469,0.255860,0.259719,0.264412,0.177967,0.098435,0.026944,0.014845,
0.047996,0.103938,0.084544,0.097929,0.108224,0.091441,0.120543,0.161778,0.148337,0.165962,0.212027,0.234436,0.266107,0.305765,0.331071,0.301258,0.331255,0.187161,0.096296,0.020976,0.011392,
0.065096,0.111090,0.164282,0.066465,0.080661,0.114577,0.133814,0.169857,0.181387,0.171063,0.271244,0.264659,0.332485,0.384536,0.420410,0.413476,0.351288,0.194667,0.043767,0.023549,0.009949,
nan,0.073633,0.119122,0.089487,0.110880,0.113112,0.152971,0.152787,0.216904,0.305936,0.247903,0.340012,0.425985,0.416288,0.448849,0.505657,0.278908,0.109901,0.031060,0.011202,0.008414,
nan,nan,nan,nan,0.104583,0.349952,0.264215,0.164338,0.268521,0.263576,0.267918,0.304240,0.522258,0.630531,0.427429,0.392594,0.133996,0.030663,0.022225,0.007898,0.001611,
nan,0.225351,0.153708,0.130097,0.154060,0.143558,0.161375,0.135257,0.101928,0.155683,0.118137,0.086377,0.048776,0.043080,0.061378,0.053808,0.028143,0.022636,0.013426,0.009682,0.009361,
0.177076,0.150012,0.153972,0.158937,0.166740,0.137006,0.153159,0.143784,0.117526,0.122283,0.092113,0.086903,0.067449,0.068406,0.060563,0.036654,0.034913,0.017009,0.015628,0.009264,0.007577,
0.204969,0.161134,0.154818,0.160466,0.143317,0.151332,0.150932,0.133113,0.136826,0.107568,0.108359,0.106903,0.084351,0.064281,0.060716,0.042503,0.033481,0.022445,0.012935,0.010589,0.004920,
0.205746,0.172166,0.140771,0.145581,0.147039,0.148476,0.141529,0.134264,0.143723,0.106857,0.106161,0.081478,0.069339,0.069834,0.050661,0.042767,0.036372,0.029478,0.017201,0.010182,0.004889,
0.200529,0.179620,0.124154,0.146559,0.148110,0.136204,0.122471,0.125487,0.122771,0.106011,0.104123,0.081875,0.077210,0.064055,0.059779,0.053858,0.035099,0.032633,0.018202,0.011243,0.006577,
0.197430,0.137074,0.123158,0.144337,0.128538,0.121521,0.118477,0.127191,0.116052,0.105619,0.091383,0.091147,0.073171,0.062270,0.062136,0.054969,0.040808,0.027057,0.017481,0.014286,0.006494,
0.153504,0.123048,0.110196,0.133388,0.126341,0.107700,0.112493,0.120582,0.103260,0.103331,0.089491,0.085018,0.063900,0.068581,0.058952,0.059276,0.041832,0.030705,0.025094,0.013844,0.007748,
0.141244,0.114426,0.107454,0.120937,0.124055,0.102594,0.095385,0.104885,0.092377,0.091071,0.088972,0.081150,0.075172,0.072411,0.064433,0.064452,0.049551,0.042175,0.025868,0.015008,0.007374,
0.145127,0.111794,0.102487,0.108534,0.111235,0.102835,0.093440,0.097490,0.091654,0.084862,0.087630,0.086345,0.074505,0.073918,0.075439,0.066854,0.055209,0.046813,0.029960,0.018200,0.011126,
0.100152,0.105320,0.093518,0.098846,0.102741,0.095200,0.096808,0.090889,0.091415,0.085210,0.091490,0.089532,0.092071,0.090340,0.088330,0.083059,0.066279,0.062018,0.039134,0.020709,0.009233,
0.077340,0.086272,0.081706,0.091411,0.106658,0.085294,0.098609,0.087003,0.094906,0.084544,0.097825,0.095296,0.096206,0.109963,0.095356,0.097834,0.089130,0.080081,0.047138,0.023706,0.008693,
0.108096,0.087732,0.074902,0.088896,0.112977,0.088799,0.095925,0.089810,0.093307,0.116306,0.103813,0.107934,0.108677,0.138471,0.120387,0.124100,0.104814,0.097485,0.055877,0.026571,0.014759,
0.082931,0.088901,0.067972,0.081400,0.097310,0.100563,0.094089,0.091974,0.102074,0.128728,0.111990,0.134104,0.130516,0.168019,0.155657,0.150985,0.138884,0.115212,0.072555,0.031586,0.007875,
0.096555,0.085666,0.081226,0.091147,0.097818,0.111400,0.085281,0.093973,0.106530,0.150590,0.137755,0.159971,0.163491,0.202456,0.195306,0.195811,0.172769,0.162110,0.088138,0.030289,0.011910,
0.041526,0.154989,0.108332,0.108621,0.096126,0.107137,0.119645,0.109237,0.130729,0.178179,0.159786,0.164486,0.204471,0.239750,0.250811,0.249497,0.231372,0.188797,0.094178,0.034950,0.010341,
0.111575,0.082968,0.081565,0.114977,0.115024,0.106655,0.122542,0.130041,0.148491,0.170893,0.215512,0.215357,0.271907,0.292696,0.316919,0.295547,0.269852,0.179387,0.078491,0.023798,0.009432,
nan,0.113133,0.103781,0.136057,0.112817,0.111151,0.120543,0.143816,0.192731,0.244238,0.206980,0.265672,0.333852,0.362751,0.381642,0.400198,0.287055,0.185354,0.062857,0.017951,0.009825,
0.047972,0.154252,0.100610,0.139027,0.088663,0.157770,0.163084,0.270891,0.168641,0.274737,0.303038,0.379694,0.410584,0.383145,0.442819,0.367155,0.300606,0.079807,0.023955,0.014043,0.008323,
nan,nan,nan,0.100917,0.095777,0.098946,0.101806,0.172573,0.188624,0.290014,0.359930,0.334183,0.543096,0.417994,0.477563,0.364027,0.119952,0.071670,0.008098,0.008020,0.000046,
nan,0.191069,0.219755,0.161878,0.152100,0.137839,0.175033,0.178137,0.068631,0.152943,0.082687,0.098165,0.036778,0.074383,0.094917,0.056409,0.052861,0.020460,0.024874,0.015343,0.011320,
0.322495,0.153483,0.166103,0.190000,0.146709,0.155793,0.158465,0.131745,0.135693,0.131487,0.099705,0.087978,0.079295,0.058557,0.051620,0.034261,0.030470,0.022676,0.014721,0.006070,0.005808,
0.139200,0.160419,0.140837,0.157549,0.176173,0.161382,0.139088,0.141736,0.108181,0.098955,0.119174,0.084026,0.079573,0.069887,0.053307,0.040306,0.035701,0.028290,0.016355,0.011153,0.005198,
0.135375,0.148894,0.170110,0.175370,0.153261,0.130148,0.136479,0.137362,0.143637,0.116874,0.105714,0.093234,0.074762,0.058029,0.063479,0.052598,0.033792,0.029335,0.014710,0.011900,0.005794,
0.148045,0.139713,0.163547,0.158597,0.167005,0.140312,0.145402,0.132237,0.119931,0.128683,0.101163,0.093037,0.064722,0.066500,0.055356,0.057795,0.044432,0.024855,0.020754,0.011525,0.004033,
0.139966,0.172188,0.141553,0.147556,0.147814,0.143889,0.129771,0.122182,0.117342,0.109920,0.096204,0.086882,0.077893,0.072327,0.054641,0.058119,0.038693,0.029616,0.023003,0.009505,0.005936,
0.164343,0.151920,0.123146,0.135890,0.130286,0.129654,0.137575,0.105898,0.105569,0.098540,0.089927,0.081821,0.066918,0.066298,0.063521,0.054204,0.042888,0.033570,0.020791,0.014460,0.006191,
0.116505,0.099516,0.104351,0.117337,0.128655,0.124539,0.122336,0.100018,0.107050,0.093480,0.088198,0.077981,0.077428,0.064894,0.072579,0.055066,0.045615,0.039524,0.026448,0.015622,0.007472,
0.114137,0.105843,0.092796,0.102586,0.118795,0.111626,0.101651,0.090740,0.100866,0.095107,0.086074,0.078416,0.073871,0.067673,0.073894,0.061807,0.058412,0.055360,0.033717,0.017812,0.008836,
0.169504,0.086905,0.084881,0.093315,0.090607,0.096844,0.087721,0.099765,0.092707,0.090059,0.097011,0.077262,0.083467,0.074858,0.080517,0.081994,0.068505,0.059586,0.042771,0.015955,0.011174,
0.090047,0.081302,0.082598,0.091217,0.101020,0.077334,0.084851,0.087425,0.091572,0.091117,0.103753,0.081104,0.085394,0.094090,0.102748,0.099370,0.084889,0.070771,0.049615,0.021854,0.011315,
0.087958,0.066660,0.078130,0.102733,0.086864,0.087231,0.095340,0.085341,0.111522,0.090455,0.116304,0.101872,0.110856,0.109254,0.115314,0.122445,0.118224,0.075613,0.061480,0.027069,0.011095,
0.094418,0.057015,0.071024,0.095172,0.090465,0.079190,0.103663,0.098331,0.108107,0.100575,0.117884,0.139130,0.140922,0.140210,0.151435,0.146515,0.125363,0.103806,0.079106,0.029536,0.014282,
0.082365,0.079736,0.076124,0.072903,0.092716,0.083291,0.100981,0.094117,0.132291,0.128874,0.130572,0.156382,0.163329,0.185845,0.175553,0.179567,0.169439,0.131884,0.083102,0.030546,0.011189,
0.039858,0.075774,0.075238,0.087955,0.078871,0.085046,0.108763,0.117253,0.114558,0.165207,0.154677,0.196467,0.197886,0.208106,0.234100,0.238597,0.207935,0.159582,0.083411,0.022552,0.010356,
0.145582,0.077743,0.101874,0.105977,0.091919,0.139594,0.112957,0.160428,0.149352,0.169955,0.220432,0.238105,0.238840,0.278116,0.246020,0.282553,0.266123,0.164946,0.064504,0.023457,0.010409,
0.089130,0.096913,0.075790,0.088962,0.098884,0.131674,0.138501,0.130182,0.196756,0.194884,0.211079,0.302740,0.282315,0.327647,0.345476,0.346879,0.257610,0.136558,0.044969,0.020088,0.007790,
nan,0.063598,0.134415,0.195310,0.151547,0.142506,0.190099,0.174082,0.190651,0.253853,0.289734,0.290655,0.363428,0.406059,0.375941,0.331221,0.222766,0.092090,0.043797,0.008024,0.010109,
nan,nan,0.100393,0.066426,0.113435,0.058238,0.121625,0.136902,0.150259,0.205812,0.323279,0.296091,0.355175,0.333851,0.322422,0.175152,0.179541,0.053777,0.009263,0.003532,0.000357,
nan,0.197734,0.207225,0.124377,0.301968,0.132203,0.099326,0.125540,0.163647,0.085629,0.083922,0.110722,0.068163,0.050517,0.073942,0.043380,0.031855,0.019069,0.013499,0.009196,0.009582,
0.135687,0.163378,0.144140,0.158496,0.148776,0.148989,0.127853,0.165741,0.133171,0.104200,0.112274,0.109756,0.081963,0.075185,0.069898,0.065151,0.036362,0.022361,0.013309,0.012074,0.003251,
0.213445,0.167060,0.193664,0.178518,0.153565,0.122610,0.157700,0.132863,0.157054,0.122988,0.110647,0.105432,0.082457,0.051715,0.059849,0.047662,0.029654,0.037103,0.013064,0.007810,0.006317,
0.141036,0.159476,0.178326,0.144824,0.186445,0.157643,0.159262,0.125800,0.138503,0.129575,0.106655,0.104690,0.069639,0.068971,0.055854,0.049076,0.042897,0.021676,0.022096,0.011205,0.004103,
0.145044,0.138747,0.169824,0.150483,0.162656,0.159533,0.134959,0.123693,0.118984,0.101221,0.099839,0.081457,0.078216,0.073496,0.061662,0.043862,0.034244,0.024657,0.023488,0.008888,0.005503,
0.196358,0.129087,0.161525,0.134577,0.152706,0.152445,0.128461,0.110463,0.105996,0.099466,0.093021,0.079796,0.069901,0.061998,0.057297,0.050758,0.038186,0.026078,0.020793,0.013050,0.006823,
0.094876,0.119212,0.149537,0.118544,0.128049,0.132705,0.113882,0.122281,0.106658,0.102936,0.097270,0.083774,0.070767,0.058819,0.064971,0.048679,0.040574,0.037776,0.022666,0.011696,0.005779,
0.064088,0.109956,0.133383,0.104888,0.109631,0.108434,0.094128,0.105861,0.092043,0.093653,0.085870,0.074652,0.066927,0.056949,0.061372,0.070330,0.049120,0.040050,0.025659,0.016601,0.008564,
0.075807,0.105202,0.108119,0.094981,0.112193,0.097341,0.090595,0.093956,0.092424,0.089843,0.099681,0.071256,0.078958,0.072018,0.064598,0.076522,0.058588,0.042609,0.029006,0.014973,0.008844,
0.142567,0.089373,0.097377,0.096320,0.108897,0.091880,0.088420,0.086963,0.090810,0.097545,0.094815,0.079545,0.091852,0.084845,0.079772,0.084005,0.067358,0.052984,0.038585,0.020961,0.010417,
0.058234,0.077738,0.089521,0.090532,0.110316,0.089446,0.092757,0.083030,0.101493,0.098162,0.098526,0.086982,0.104825,0.080971,0.104236,0.087675,0.091608,0.062838,0.047553,0.022058,0.010038,
0.064309,0.066596,0.088385,0.090649,0.088491,0.086799,0.078004,0.097732,0.086825,0.093137,0.103000,0.108266,0.115067,0.103182,0.115530,0.112119,0.102024,0.081739,0.058685,0.023808,0.011281,
0.140049,0.069275,0.080179,0.080900,0.086523,0.089153,0.094454,0.100720,0.089524,0.118301,0.123139,0.123487,0.124607,0.122165,0.130217,0.138208,0.123778,0.101031,0.063027,0.027998,0.008730,
0.066686,0.061696,0.084884,0.129989,0.091541,0.101383,0.088472,0.103330,0.090222,0.109036,0.132795,0.137626,0.155401,0.158859,0.160280,0.159787,0.156158,0.120773,0.069746,0.032460,0.010949,
0.076000,0.049889,0.122534,0.103823,0.101885,0.092353,0.102228,0.104097,0.114664,0.163490,0.149931,0.172557,0.193023,0.207977,0.238387,0.212919,0.186887,0.122617,0.070060,0.033158,0.007561,
0.037253,0.062976,0.115083,0.082499,0.119594,0.095822,0.118599,0.146886,0.134494,0.143983,0.185422,0.224859,0.241857,0.248384,0.286863,0.252324,0.229276,0.145469,0.062427,0.024002,0.008445,
0.090134,0.078500,0.083445,0.101345,0.084716,0.137740,0.115276,0.116778,0.196659,0.189283,0.226112,0.257272,0.302396,0.362998,0.326770,0.282955,0.231350,0.129826,0.053609,0.023588,0.005679,
0.079437,0.090724,0.086484,0.086811,0.126740,0.163952,0.175565,0.131265,0.180753,0.245161,0.259948,0.265567,0.314387,0.351872,0.351988,0.321641,0.199633,0.098489,0.028697,0.009471,0.003704,
nan,nan,0.074167,0.124933,0.083815,0.117297,0.208158,0.119226,0.276398,0.238354,0.316041,0.163337,0.393442,0.368460,0.318138,0.210903,0.185403,0.025541,0.007222,0.000884,0.000226,
nan,0.173320,0.195235,0.189888,0.119453,0.217089,0.119961,0.154816,0.189660,0.105402,0.108910,0.058236,0.038556,0.081889,0.048139,0.113071,0.039541,0.015898,0.006806,0.004613,0.006725,
0.144036,0.186328,0.184183,0.170758,0.209689,0.183509,0.151302,0.143609,0.100580,0.110101,0.091925,0.097566,0.087507,0.060705,0.047641,0.036261,0.032060,0.034732,0.018381,0.009661,0.004211,
0.103892,0.141534,0.203838,0.145558,0.185312,0.157581,0.150081,0.129781,0.135099,0.121461,0.110375,0.081239,0.071505,0.071439,0.050881,0.046125,0.038857,0.020729,0.029785,0.009995,0.008877,
0.141800,0.139535,0.171037,0.133910,0.173848,0.159773,0.151799,0.134373,0.112760,0.105263,0.095063,0.093566,0.083128,0.077002,0.052079,0.048927,0.037383,0.022576,0.017532,0.008756,0.005186,
0.165407,0.135544,0.156287,0.150722,0.148883,0.149687,0.136206,0.122115,0.122507,0.110150,0.101703,0.080265,0.072284,0.063302,0.057162,0.048103,0.036711,0.023526,0.019380,0.012038,0.005202,
0.169310,0.132725,0.131798,0.133240,0.115814,0.139751,0.120335,0.127520,0.105535,0.107792,0.087871,0.082230,0.070089,0.057485,0.055297,0.043393,0.036539,0.033588,0.019303,0.009912,0.005555,
0.197604,0.118060,0.116721,0.110621,0.120272,0.128615,0.103964,0.112509,0.086710,0.098209,0.084589,0.075248,0.068463,0.062523,0.061906,0.056758,0.052884,0.027950,0.023027,0.015435,0.005846,
0.129169,0.124163,0.098169,0.102154,0.109816,0.110104,0.104066,0.096036,0.084144,0.104183,0.104868,0.075690,0.075642,0.075317,0.058320,0.063996,0.047945,0.035635,0.026569,0.013761,0.007227,
0.093856,0.094033,0.092987,0.097437,0.095359,0.086709,0.090396,0.093063,0.078711,0.090366,0.090388,0.081134,0.080736,0.069858,0.067833,0.072808,0.051370,0.041230,0.030002,0.018059,0.010152,
0.087649,0.090452,0.080982,0.091519,0.083653,0.091129,0.084132,0.082432,0.081142,0.081797,0.086013,0.081345,0.082320,0.068515,0.093195,0.075929,0.065574,0.052940,0.038318,0.017136,0.007812,
0.192713,0.082884,0.085473,0.083784,0.089268,0.094453,0.089838,0.079343,0.084369,0.083480,0.093762,0.087401,0.103243,0.083599,0.088020,0.077217,0.083233,0.060592,0.042417,0.021031,0.010037,
0.055703,0.090167,0.076855,0.081993,0.105407,0.098254,0.087463,0.081864,0.087162,0.095342,0.096569,0.099607,0.111327,0.104183,0.103416,0.090567,0.083658,0.077184,0.049828,0.025609,0.006405,
0.056231,0.087632,0.071291,0.088225,0.110604,0.084125,0.097192,0.085398,0.085643,0.113492,0.103382,0.121854,0.120540,0.139183,0.129834,0.115677,0.110716,0.093000,0.060676,0.026396,0.013582,
0.053137,0.070280,0.070150,0.082273,0.115224,0.087583,0.094971,0.094405,0.129046,0.119846,0.103923,0.137810,0.131538,0.154956,0.181022,0.166158,0.135612,0.115724,0.056617,0.030222,0.010331,
0.053716,0.107574,0.072301,0.080793,0.094881,0.099544,0.105083,0.109953,0.135177,0.128908,0.151854,0.179621,0.174805,0.182469,0.206653,0.185495,0.155955,0.122220,0.058261,0.024007,0.008127,
0.102184,0.054658,0.082369,0.072287,0.126656,0.095204,0.111124,0.108559,0.156844,0.152366,0.189831,0.192615,0.219339,0.245703,0.271355,0.230513,0.183650,0.135896,0.062642,0.030352,0.010087,
0.075997,0.130810,0.156289,0.075534,0.094097,0.113237,0.121547,0.120922,0.167188,0.155289,0.223397,0.249161,0.269121,0.258898,0.253602,0.271749,0.204895,0.115499,0.035563,0.020247,0.009000,
nan,0.083070,0.091966,0.081799,0.146775,0.114489,0.120494,0.146651,0.165987,0.194287,0.213378,0.327319,0.258687,0.362517,0.312634,0.225823,0.159583,0.037660,0.027787,0.009188,0.003495,
nan,0.429063,nan,0.046287,0.089698,0.067902,0.130492,0.126578,0.276853,0.233482,0.158806,0.204378,0.323054,0.271375,0.299446,0.130688,0.084310,0.053126,0.008738,0.004280,0.001209,
nan,0.147540,0.159947,0.134464,0.148885,0.122197,0.221110,0.285315,0.102800,0.087578,0.069553,0.078509,0.089891,0.037707,0.037486,0.026421,0.034125,0.017527,0.012536,0.012723,0.003630,
0.091971,0.157994,0.205830,0.159482,0.152044,0.132773,0.177343,0.133571,0.144472,0.093496,0.125436,0.110328,0.061104,0.067459,0.060152,0.041414,0.031027,0.029177,0.012078,0.010590,0.004256,
0.159027,0.188380,0.184679,0.129728,0.171206,0.175737,0.147790,0.133897,0.149074,0.124800,0.100691,0.097640,0.066666,0.069886,0.051442,0.047907,0.046942,0.018941,0.011902,0.012232,0.004491,
0.249821,0.178614,0.147540,0.159116,0.159676,0.145506,0.139527,0.127095,0.119119,0.110743,0.093092,0.091519,0.071146,0.062874,0.062242,0.037403,0.030851,0.026785,0.020370,0.016115,0.003744,
0.285201,0.166030,0.137673,0.117795,0.132137,0.143111,0.122688,0.138689,0.113563,0.108563,0.103042,0.085153,0.075052,0.059861,0.056140,0.039218,0.039775,0.028322,0.020357,0.008833,0.006899,
0.297046,0.129974,0.150761,0.120312,0.118602,0.138227,0.114765,0.109970,0.097507,0.102591,0.092791,0.074275,0.071219,0.065119,0.064868,0.046794,0.046524,0.026949,0.017209,0.011661,0.005438,
0.194666,0.119815,0.136421,0.106094,0.131596,0.115145,0.114359,0.097103,0.093203,0.100968,0.100495,0.088226,0.076894,0.071247,0.056297,0.055604,0.041245,0.030697,0.026265,0.012441,0.005607,
0.219307,0.091618,0.111516,0.117092,0.126302,0.115205,0.109162,0.092260,0.086469,0.083640,0.088132,0.081774,0.071898,0.059398,0.068604,0.054408,0.046533,0.034782,0.022786,0.014551,0.009229,
0.129107,0.091929,0.107871,0.095568,0.132326,0.109479,0.097882,0.089317,0.094936,0.083932,0.080316,0.075601,0.078611,0.064632,0.076006,0.055660,0.056735,0.038874,0.029506,0.014452,0.008007,
0.180153,0.074445,0.114578,0.091793,0.125170,0.101824,0.087634,0.086333,0.085302,0.094884,0.079881,0.073422,0.084660,0.077399,0.063571,0.061190,0.064811,0.047492,0.032588,0.016982,0.011096,
0.110169,0.081537,0.105088,0.083750,0.103767,0.086478,0.085346,0.094569,0.085542,0.093710,0.075306,0.090954,0.091011,0.091380,0.077976,0.072312,0.066864,0.049882,0.042577,0.020672,0.009008,
0.083831,0.087832,0.086407,0.085300,0.078931,0.081060,0.099284,0.087991,0.097105,0.097240,0.091289,0.108335,0.094197,0.102487,0.103288,0.100354,0.088506,0.068495,0.044648,0.022919,0.009449,
0.063708,0.083593,0.069347,0.089419,0.100918,0.088303,0.103237,0.090900,0.085291,0.107663,0.096380,0.118996,0.112503,0.121348,0.121594,0.119443,0.104323,0.085325,0.046541,0.028569,0.009709,
0.076294,0.087736,0.065124,0.086026,0.103418,0.094713,0.111720,0.101518,0.102865,0.128217,0.114273,0.134137,0.144659,0.146276,0.160286,0.142760,0.120847,0.101727,0.055042,0.023242,0.015021,
0.045881,0.069698,0.076170,0.112910,0.096313,0.106152,0.106614,0.118259,0.096591,0.152347,0.127767,0.161561,0.191277,0.168694,0.198663,0.178124,0.157124,0.097359,0.062960,0.022356,0.014032,
0.038558,0.068222,0.058776,0.115755,0.091916,0.132536,0.108301,0.110035,0.146635,0.171149,0.161841,0.188538,0.200479,0.221448,0.219008,0.191989,0.183634,0.092048,0.046771,0.024308,0.007562,
0.067626,0.101749,0.174166,0.098430,0.089681,0.128767,0.133373,0.120817,0.178076,0.159183,0.237870,0.220557,0.271530,0.238079,0.255293,0.223669,0.155423,0.099370,0.031521,0.016474,0.009001,
0.074966,0.079216,0.084021,0.115043,0.068651,0.115985,0.159440,0.204964,0.200851,0.185594,0.203945,0.283069,0.253617,0.263208,0.225408,0.228611,0.148168,0.060583,0.032466,0.008131,0.004096,
nan,0.100017,nan,0.057502,0.114634,0.109318,0.296179,0.836042,0.144450,0.177685,0.159156,0.195425,0.239142,0.385754,0.256530,0.221713,0.086907,0.043116,0.049906,0.006648,0.002748,
nan,0.098375,0.200224,0.163597,0.150528,0.159974,0.093014,0.116129,0.081543,0.155949,0.076803,0.078993,0.057289,0.075436,0.036448,0.035320,0.046610,0.022265,0.017318,0.009496,0.002484,
0.239040,0.160634,0.192563,0.186614,0.219752,0.156096,0.174268,0.118127,0.130953,0.131521,0.119857,0.063690,0.095824,0.055534,0.047917,0.035682,0.031842,0.049795,0.013636,0.005948,0.005645,
0.261303,0.195306,0.166688,0.151747,0.166687,0.156830,0.149885,0.119888,0.118253,0.100170,0.099382,0.090945,0.090615,0.065781,0.062180,0.041682,0.038017,0.022762,0.012693,0.008494,0.005093,
0.222593,0.169417,0.176023,0.129252,0.144653,0.143471,0.150687,0.151676,0.125020,0.121141,0.108295,0.088285,0.079925,0.058527,0.055446,0.042756,0.035825,0.025165,0.016942,0.009435,0.005453,
0.206481,0.177503,0.188926,0.143805,0.137308,0.134552,0.127188,0.115635,0.105521,0.102711,0.095098,0.081199,0.071173,0.067034,0.062146,0.037774,0.033084,0.029155,0.018027,0.009167,0.004679,
0.202730,0.179308,0.151769,0.140737,0.153922,0.129183,0.118314,0.112029,0.098045,0.106129,0.108571,0.088127,0.068028,0.073123,0.054805,0.053880,0.036052,0.028472,0.021327,0.010916,0.006252,
0.218797,0.143182,0.136396,0.125118,0.120122,0.126807,0.111361,0.100654,0.098166,0.088280,0.094118,0.085256,0.069610,0.057832,0.062493,0.046452,0.041029,0.029255,0.020761,0.011485,0.006185,
0.153128,0.123957,0.117368,0.115966,0.116211,0.122214,0.091993,0.090635,0.098796,0.104268,0.084705,0.075678,0.071126,0.058578,0.061649,0.050959,0.043859,0.031289,0.024443,0.012853,0.009983,
0.094050,0.101840,0.106764,0.109245,0.103672,0.112172,0.098863,0.094307,0.087313,0.096549,0.078129,0.076033,0.078597,0.068887,0.060964,0.052703,0.053352,0.040756,0.029111,0.015264,0.009320,
0.082063,0.099791,0.091889,0.098673,0.084953,0.103318,0.108736,0.081934,0.104740,0.089386,0.083018,0.084240,0.080352,0.071377,0.067493,0.062748,0.052566,0.043036,0.030391,0.017766,0.010122,
0.163962,0.104152,0.075949,0.097950,0.090723,0.106183,0.090937,0.085967,0.091584,0.080526,0.093339,0.079388,0.079177,0.077794,0.078460,0.091226,0.067825,0.053875,0.032491,0.017258,0.008261,
0.047391,0.084825,0.096252,0.084193,0.078805,0.110545,0.097329,0.091769,0.074710,0.090111,0.097352,0.090320,0.095133,0.084992,0.098888,0.090601,0.078767,0.061365,0.043338,0.022371,0.014046,
0.053913,0.089386,0.074553,0.101835,0.075609,0.114177,0.093238,0.098954,0.073361,0.106041,0.106412,0.101880,0.106872,0.107676,0.112574,0.114381,0.086611,0.076060,0.041671,0.021652,0.012957,
0.072918,0.074176,0.067691,0.082054,0.096975,0.098025,0.099033,0.104314,0.087881,0.119191,0.109018,0.108841,0.123038,0.129612,0.130660,0.128533,0.111285,0.079479,0.052697,0.020687,0.007431,
0.053275,0.058427,0.070531,0.132075,0.101429,0.093376,0.101785,0.106766,0.108257,0.109662,0.139587,0.135386,0.162389,0.164826,0.162040,0.152761,0.126603,0.087339,0.051291,0.024249,0.015216,
0.052892,0.091391,0.113459,0.078567,0.136667,0.097713,0.125409,0.114886,0.107881,0.136660,0.138964,0.189988,0.187547,0.196877,0.160665,0.181234,0.136876,0.094062,0.041361,0.018477,0.006268,
0.036581,0.076191,0.077746,0.194604,0.092444,0.135089,0.121813,0.124055,0.144314,0.155418,0.166347,0.183637,0.197542,0.218532,0.221557,0.178738,0.144906,0.089414,0.034645,0.011143,0.005138,
nan,0.116127,0.096290,0.115318,0.143081,0.111151,0.136645,0.146474,0.137766,0.162160,0.213800,0.175642,0.274090,0.225276,0.261991,0.145924,0.126175,0.066926,0.032001,0.004947,0.017837,
nan,0.108601,nan,0.102984,0.238591,0.226048,0.119374,0.226726,0.365418,0.356974,0.359476,0.200844,0.209220,0.243518,0.214352,0.160041,0.104900,0.047094,0.010400,0.014224,0.000212,
nan,0.167546,0.135189,0.180369,0.132675,0.134288,0.181468,0.114510,0.109216,0.151079,0.106728,0.084478,0.076641,0.080980,0.035001,0.028765,0.024043,0.011416,0.014556,0.018743,0.007881,
0.151464,0.210824,0.208797,0.131393,0.178099,0.126410,0.169718,0.146769,0.144336,0.108543,0.118770,0.094984,0.084481,0.061296,0.051177,0.045860,0.030196,0.022016,0.011569,0.008496,0.005733,
0.160382,0.179392,0.150666,0.163085,0.159746,0.160598,0.156882,0.134248,0.132828,0.097076,0.088365,0.091825,0.078387,0.066781,0.054947,0.052187,0.027060,0.021543,0.021129,0.007198,0.004343,
0.152098,0.176924,0.198993,0.167678,0.136290,0.133566,0.148670,0.122014,0.124713,0.116565,0.104390,0.090340,0.080536,0.062621,0.051835,0.037172,0.043498,0.025245,0.019453,0.009104,0.008562,
0.146184,0.176292,0.168260,0.171745,0.139250,0.158126,0.130628,0.129852,0.098604,0.110670,0.104224,0.079620,0.071822,0.068613,0.056648,0.053974,0.040942,0.030162,0.015376,0.010314,0.006197,
0.216141,0.134551,0.147459,0.150438,0.132409,0.141565,0.115992,0.107305,0.109357,0.097998,0.099431,0.079012,0.068278,0.057716,0.057466,0.045302,0.038782,0.025479,0.019925,0.010055,0.006755,
0.106001,0.135015,0.139701,0.129996,0.111532,0.142576,0.105586,0.097263,0.102496,0.105547,0.090397,0.083295,0.067232,0.055348,0.059844,0.046672,0.039133,0.030404,0.023267,0.011985,0.006806,
0.160124,0.111286,0.146151,0.119833,0.113968,0.119900,0.112261,0.096008,0.092464,0.092351,0.080821,0.082256,0.071487,0.065676,0.052277,0.047753,0.046107,0.034000,0.025894,0.011629,0.006072,
0.107146,0.120769,0.134729,0.125305,0.091830,0.110072,0.101492,0.088238,0.093921,0.093551,0.085645,0.074682,0.075386,0.062871,0.060602,0.057839,0.042648,0.037669,0.024989,0.011380,0.005799,
0.128734,0.106006,0.123624,0.116526,0.099280,0.091951,0.087235,0.088356,0.066819,0.075591,0.083527,0.069969,0.079527,0.064936,0.065156,0.063477,0.053264,0.039147,0.027867,0.018633,0.010171,
0.074692,0.092585,0.129602,0.111429,0.099291,0.083468,0.078867,0.084723,0.081021,0.080362,0.087414,0.086827,0.084229,0.079020,0.077507,0.075801,0.063116,0.042808,0.033753,0.017737,0.009395,
0.223627,0.107621,0.119721,0.100748,0.099523,0.078294,0.091065,0.094272,0.082799,0.072902,0.090340,0.093061,0.079572,0.087159,0.086422,0.075568,0.070819,0.063878,0.035052,0.019089,0.010125,
0.054565,0.099764,0.103447,0.083546,0.114901,0.069655,0.091689,0.088107,0.080979,0.084424,0.102526,0.098175,0.096072,0.101477,0.103705,0.098581,0.077055,0.071566,0.039023,0.020170,0.007387,
0.043445,0.125701,0.068691,0.090662,0.122386,0.081434,0.097506,0.111933,0.088343,0.099391,0.126766,0.117906,0.130580,0.148054,0.124720,0.120614,0.091836,0.081735,0.041529,0.025391,0.010703,
0.075022,0.087032,0.091288,0.068011,0.108022,0.096897,0.104608,0.103759,0.104901,0.111322,0.129030,0.144971,0.138662,0.137134,0.135111,0.127588,0.116892,0.071341,0.041693,0.019426,0.010442,
0.034812,0.077121,0.079837,0.071295,0.092754,0.103618,0.107003,0.101765,0.128757,0.107592,0.124455,0.149619,0.159139,0.192712,0.155072,0.168911,0.122808,0.084136,0.042037,0.017266,0.006138,
0.053721,0.046015,0.123233,0.140972,0.092879,0.110836,0.131938,0.115733,0.139886,0.172606,0.146568,0.174669,0.192018,0.188598,0.159546,0.148080,0.127611,0.088003,0.035005,0.016042,0.002903,
0.069317,0.146298,0.088622,0.115937,0.138953,0.127512,0.130613,0.125473,0.136021,0.176566,0.171039,0.213133,0.210830,0.213280,0.190351,0.170831,0.106946,0.051293,0.020246,0.016184,0.014032,
nan,nan,0.051780,0.064553,0.233181,0.236390,0.085531,0.138073,0.130799,0.126679,0.399553,0.342929,0.257597,0.186370,0.171415,0.171421,0.107249,0.036923,0.001557,0.001954,0.000718,
nan,0.172241,0.162096,0.189687,0.108176,0.152186,0.112216,0.169785,0.146719,0.111517,0.268741,0.106261,0.132316,0.051948,0.058406,0.034600,0.043592,0.030784,0.006974,0.010377,0.006799,
0.156690,0.147005,0.168723,0.131999,0.166947,0.148193,0.136027,0.121970,0.149751,0.139556,0.116271,0.110487,0.070464,0.068443,0.055321,0.050033,0.023772,0.017433,0.012654,0.013303,0.005681,
0.120482,0.174859,0.196830,0.145817,0.156702,0.142595,0.158828,0.149815,0.130740,0.119621,0.099025,0.090052,0.066137,0.069649,0.052831,0.037905,0.034695,0.023739,0.025152,0.026079,0.005052,
0.150472,0.192278,0.178347,0.166676,0.161996,0.173533,0.128657,0.119180,0.108482,0.112320,0.104856,0.086488,0.077078,0.076381,0.055236,0.045176,0.037259,0.028274,0.017875,0.010052,0.004011,
0.164285,0.157498,0.147987,0.148319,0.150003,0.145469,0.121874,0.119600,0.122041,0.112145,0.102301,0.083231,0.069432,0.065103,0.060915,0.041482,0.028568,0.026377,0.016206,0.008474,0.003729,
0.170264,0.173547,0.122850,0.149709,0.128274,0.162135,0.113155,0.108472,0.103699,0.106615,0.095354,0.097855,0.067162,0.055442,0.070560,0.048945,0.037252,0.025439,0.021315,0.010755,0.006078,
0.127668,0.139031,0.129257,0.132789,0.132738,0.144345,0.123141,0.103399,0.103159,0.096620,0.089385,0.080859,0.066951,0.063824,0.055303,0.047182,0.037279,0.030595,0.019063,0.012028,0.007179,
0.111276,0.120243,0.107197,0.125503,0.131280,0.114638,0.106908,0.100730,0.097327,0.087445,0.088035,0.074394,0.072278,0.058688,0.057500,0.049287,0.032598,0.030286,0.021189,0.009988,0.006597,
0.161344,0.107626,0.086487,0.107074,0.126265,0.092356,0.089817,0.090792,0.079988,0.086634,0.074719,0.069639,0.068990,0.065209,0.053516,0.058131,0.047242,0.033624,0.025191,0.014392,0.010649,
0.075796,0.089039,0.083185,0.095310,0.101613,0.087421,0.096358,0.081757,0.092522,0.081514,0.082655,0.079844,0.068993,0.069001,0.066067,0.060892,0.052109,0.036144,0.027299,0.011870,0.007074,
0.077936,0.090419,0.080728,0.090208,0.100087,0.087205,0.092654,0.089327,0.084681,0.078263,0.080387,0.079795,0.071504,0.074864,0.068609,0.059661,0.062573,0.051997,0.029546,0.019191,0.006821,
0.127358,0.089559,0.106271,0.093179,0.103988,0.093693,0.087160,0.078743,0.075199,0.083391,0.087501,0.089644,0.078955,0.087590,0.086545,0.075118,0.060213,0.054025,0.030540,0.017470,0.011820,
0.063427,0.095413,0.121298,0.105974,0.086626,0.107302,0.096342,0.074850,0.098292,0.089389,0.103107,0.089839,0.105613,0.102115,0.099942,0.088684,0.074893,0.060233,0.034085,0.022126,0.008369,
0.072310,0.105862,0.130963,0.100303,0.083665,0.109174,0.095705,0.078232,0.099007,0.107050,0.090798,0.092783,0.114241,0.108555,0.101340,0.094396,0.086326,0.075750,0.033582,0.020620,0.009006,
0.073448,0.092132,0.080044,0.137707,0.105409,0.126708,0.103967,0.097949,0.118443,0.106001,0.105748,0.120293,0.146041,0.165050,0.120820,0.136641,0.101361,0.066986,0.041312,0.021006,0.008902,
0.056728,0.062784,0.057180,0.126860,0.135884,0.099607,0.096177,0.107904,0.133999,0.145021,0.121404,0.143038,0.163474,0.148515,0.128781,0.127294,0.096069,0.083365,0.038001,0.016338,0.008165,
0.264149,0.070891,0.064582,0.106278,0.110625,0.098501,0.106338,0.127813,0.163466,0.138405,0.142509,0.151226,0.180233,0.183278,0.151449,0.131770,0.122538,0.062463,0.033419,0.017751,0.003305,
0.150967,0.087827,0.119487,0.105766,0.086827,0.119477,0.089236,0.132533,0.187983,0.122669,0.217834,0.183138,0.193884,0.174755,0.199658,0.121297,0.110067,0.065159,0.013194,0.017185,0.001760,
nan,nan,0.053407,0.054807,nan,0.138186,0.207301,0.123240,0.131154,0.108465,0.099931,0.232847,0.528176,0.141207,0.162810,0.088307,0.154213,0.072759,0.009256,0.003045,0.000088,
nan,0.258736,0.191136,0.266528,0.143347,0.247489,0.085416,0.094560,0.086976,0.424970,0.043220,0.118908,0.040224,0.052406,0.037081,0.096190,0.042664,0.016470,0.012798,0.006740,0.008257,
0.199741,0.221707,0.184554,0.138120,0.154137,0.152998,0.132284,0.158581,0.123687,0.142312,0.092844,0.108652,0.080945,0.064655,0.052505,0.036801,0.057854,0.017554,0.012864,0.006284,0.006164,
0.174538,0.221039,0.177613,0.156068,0.143183,0.150544,0.144576,0.136730,0.133077,0.137421,0.116306,0.090784,0.078196,0.073412,0.055114,0.040118,0.028101,0.022516,0.018673,0.008011,0.003765,
0.151721,0.166418,0.161261,0.151894,0.140375,0.153902,0.139711,0.144480,0.109769,0.109832,0.102230,0.083288,0.072386,0.065297,0.058865,0.041771,0.036861,0.030027,0.013644,0.009497,0.004486,
0.128437,0.169922,0.157749,0.165355,0.142052,0.154805,0.127217,0.104571,0.103313,0.115292,0.100024,0.085016,0.068483,0.052614,0.053151,0.045200,0.030446,0.024628,0.016902,0.007614,0.005696,
0.220636,0.145686,0.148443,0.152715,0.140929,0.150028,0.133097,0.100981,0.103379,0.099552,0.094579,0.086444,0.066166,0.063008,0.053969,0.042409,0.039714,0.034391,0.022917,0.012833,0.006247,
0.223967,0.149722,0.140878,0.129822,0.132394,0.111172,0.114445,0.113260,0.106855,0.097510,0.086504,0.086640,0.069166,0.064536,0.048536,0.044792,0.033175,0.026600,0.020373,0.009917,0.008167,
0.127364,0.122860,0.126013,0.111768,0.117123,0.098444,0.124077,0.095480,0.087242,0.096081,0.086596,0.066057,0.067869,0.059301,0.048875,0.051162,0.041984,0.032548,0.023428,0.013296,0.006088,
0.122843,0.103914,0.114640,0.110387,0.093181,0.104410,0.100460,0.082953,0.089332,0.078420,0.083670,0.072415,0.069102,0.060947,0.056700,0.059461,0.041573,0.032439,0.020643,0.012481,0.014382,
0.112019,0.106755,0.097914,0.099429,0.103063,0.095875,0.087945,0.090420,0.078474,0.078167,0.074040,0.080033,0.067123,0.069646,0.056368,0.052110,0.050816,0.040210,0.026595,0.013632,0.006168,
0.096487,0.086076,0.094299,0.089931,0.093652,0.088048,0.080263,0.080535,0.081768,0.076537,0.082143,0.089868,0.063920,0.073208,0.066571,0.058922,0.056752,0.045699,0.027060,0.015524,0.007724,
0.054972,0.095355,0.075073,0.081999,0.113704,0.084332,0.092179,0.075791,0.092845,0.091311,0.081410,0.079009,0.093764,0.083646,0.072316,0.075221,0.056069,0.046385,0.029509,0.017814,0.007582,
0.114270,0.087103,0.080745,0.103451,0.092582,0.091266,0.103738,0.081190,0.085189,0.102794,0.090639,0.083580,0.089544,0.091271,0.090897,0.074428,0.067908,0.064029,0.027563,0.023195,0.008777,
0.057228,0.098200,0.075284,0.111329,0.111584,0.104808,0.107034,0.085391,0.096529,0.112637,0.092674,0.098068,0.122299,0.115212,0.098784,0.091932,0.086241,0.049814,0.034486,0.014373,0.010378,
0.093860,0.105158,0.158068,0.098384,0.098178,0.094835,0.103500,0.098720,0.106268,0.102446,0.103711,0.104403,0.122564,0.115500,0.129261,0.104185,0.072871,0.060365,0.038872,0.021719,0.008691,
0.097980,0.047131,0.081009,0.114592,0.122104,0.104842,0.119404,0.097686,0.111466,0.127569,0.111227,0.114558,0.131937,0.131745,0.134900,0.102785,0.105602,0.077343,0.039127,0.016661,0.006972,
0.082079,0.058272,0.097827,0.096471,0.094482,0.106886,0.096513,0.111504,0.133700,0.133300,0.118949,0.178381,0.131886,0.167878,0.140320,0.135964,0.080414,0.073379,0.025613,0.016097,0.003840,
0.093250,0.093613,0.093036,0.088825,0.173471,0.104336,0.083328,0.121225,0.163914,0.150045,0.119456,0.152087,0.157505,0.139957,0.156042,0.139901,0.099430,0.043203,0.023391,0.009262,0.001375,
nan,0.165290,0.087341,nan,0.120231,0.202494,0.071283,0.292863,0.127161,0.103618,0.200474,0.156954,0.131064,0.150716,0.101012,0.079884,0.082225,0.040062,0.004028,0.001141,0.003501,
nan,0.146172,0.205736,0.202374,0.122293,0.117040,0.126533,0.100822,0.105211,0.130228,0.107623,0.089798,0.047537,0.072279,0.071134,0.029958,0.044724,0.021412,0.013754,0.005896,0.003953,
0.178076,0.253186,0.165356,0.193958,0.147658,0.170132,0.143120,0.128637,0.130184,0.123458,0.113552,0.069437,0.078825,0.073207,0.048984,0.032511,0.034571,0.030107,0.010630,0.010898,0.028447,
0.197807,0.168360,0.191492,0.170565,0.169739,0.128236,0.148580,0.129628,0.140234,0.120850,0.105932,0.099258,0.088157,0.055871,0.054289,0.036301,0.041275,0.022418,0.015533,0.008774,0.013998,
0.185864,0.155650,0.175559,0.171944,0.153870,0.141695,0.124789,0.126368,0.132980,0.114469,0.102616,0.095983,0.067475,0.067301,0.049683,0.044769,0.041750,0.026787,0.013923,0.007579,0.003196,
0.191775,0.157321,0.158590,0.153602,0.144089,0.155727,0.123357,0.115946,0.110634,0.116378,0.099014,0.096744,0.070666,0.057110,0.057609,0.040689,0.034978,0.021500,0.020623,0.009723,0.006378,
0.159856,0.123593,0.165626,0.137919,0.140410,0.123501,0.133605,0.109022,0.120902,0.111395,0.093513,0.080258,0.062393,0.060170,0.058843,0.050586,0.035621,0.024411,0.013447,0.009602,0.005494,
0.188865,0.129539,0.126854,0.138296,0.121539,0.109370,0.125840,0.105878,0.098376,0.097047,0.080864,0.069402,0.066441,0.053867,0.051642,0.038953,0.030695,0.031891,0.022276,0.010462,0.005044,
0.085761,0.128992,0.121119,0.116542,0.111577,0.110055,0.115889,0.087149,0.090523,0.077367,0.087840,0.069730,0.072485,0.060995,0.054051,0.061078,0.036645,0.025820,0.017173,0.008598,0.005263,
0.108531,0.098259,0.110559,0.101259,0.111504,0.092195,0.097006,0.090847,0.087600,0.083096,0.069076,0.073033,0.070829,0.063489,0.051417,0.047897,0.046570,0.032166,0.023051,0.012871,0.005966,
0.103581,0.096407,0.100539,0.095399,0.101714,0.093154,0.078232,0.082873,0.086573,0.081138,0.074304,0.081507,0.067951,0.063622,0.058500,0.048389,0.047582,0.038242,0.021789,0.011779,0.007009,
0.070984,0.085153,0.089193,0.090400,0.099305,0.089834,0.084790,0.079464,0.085979,0.086175,0.067755,0.070605,0.080308,0.081131,0.058741,0.063268,0.047433,0.039730,0.025313,0.013512,0.006699,
0.160228,0.077604,0.093519,0.083342,0.106644,0.083387,0.091781,0.082853,0.071272,0.090028,0.083375,0.085441,0.067583,0.076903,0.071656,0.073576,0.051490,0.043297,0.022818,0.016794,0.007646,
0.135529,0.094399,0.085959,0.097019,0.082952,0.086451,0.094746,0.109097,0.085688,0.083809,0.076593,0.082620,0.082813,0.092013,0.084984,0.061930,0.072359,0.053004,0.026359,0.018484,0.009167,
0.028873,0.111722,0.093625,0.100660,0.095795,0.097715,0.089145,0.110827,0.093409,0.093825,0.085257,0.084060,0.105256,0.097595,0.096618,0.091812,0.066272,0.046752,0.032328,0.014181,0.011069,
0.043998,0.113535,0.105355,0.135842,0.104660,0.088671,0.104120,0.133862,0.094923,0.108066,0.096974,0.093212,0.101892,0.104207,0.105803,0.081746,0.085779,0.059976,0.041448,0.019381,0.008787,
0.026787,0.078866,0.130804,0.072441,0.104576,0.107960,0.108271,0.117691,0.111899,0.126666,0.106338,0.112349,0.122351,0.124110,0.106498,0.123967,0.085150,0.061735,0.040784,0.020494,0.005000,
nan,0.065775,0.095858,0.143303,0.133849,0.135804,0.090866,0.128299,0.112710,0.132865,0.124833,0.143439,0.120853,0.121358,0.134926,0.117191,0.092687,0.058871,0.029094,0.014533,0.004396,
nan,0.121679,0.109268,0.134147,0.183565,0.113928,0.119501,0.131514,0.125679,0.140023,0.137132,0.125644,0.123488,0.208952,0.118031,0.105857,0.079552,0.049192,0.026904,0.008376,0.001514,
nan,0.133022,0.066204,0.059619,0.051778,nan,0.091436,0.106437,0.244210,0.072865,0.135856,0.075832,0.120467,0.155996,0.137859,0.147721,0.114337,0.030517,0.006190,0.005553,0.000178,
nan,0.343390,0.239624,0.154183,0.139337,0.217470,0.085675,0.086846,0.134614,0.083823,0.085011,0.123314,0.048271,0.094385,0.066915,0.052107,0.046231,0.020885,0.008848,0.005510,0.004145,
0.141831,0.169270,0.176664,0.164256,0.175286,0.160280,0.166539,0.137365,0.133008,0.095906,0.080975,0.077459,0.059023,0.066362,0.042739,0.043521,0.043112,0.019819,0.012286,0.011247,0.003815,
0.256665,0.141362,0.178243,0.158253,0.156087,0.164282,0.134267,0.121191,0.133378,0.116235,0.104432,0.095300,0.092797,0.066799,0.053021,0.052718,0.027387,0.034715,0.018530,0.007366,0.003768,
0.258081,0.160192,0.178074,0.173131,0.157652,0.152863,0.124381,0.113997,0.111117,0.120528,0.100243,0.091563,0.071331,0.062684,0.067263,0.043353,0.034153,0.025238,0.015154,0.008533,0.003834,
0.189703,0.110441,0.162795,0.162925,0.145099,0.143899,0.155317,0.110187,0.110704,0.101836,0.096321,0.098654,0.065120,0.056319,0.055053,0.043930,0.035350,0.030440,0.021894,0.011964,0.003979,
0.128139,0.095942,0.136560,0.153296,0.127296,0.122503,0.114138,0.118781,0.103349,0.103666,0.084816,0.081041,0.066850,0.060303,0.045018,0.043589,0.027963,0.023763,0.018123,0.011094,0.005467,
0.214405,0.103219,0.129814,0.129384,0.134714,0.121590,0.120791,0.095341,0.096797,0.090134,0.095698,0.069475,0.070800,0.065826,0.052029,0.047775,0.031253,0.031610,0.018776,0.008666,0.006675,
0.114378,0.106331,0.100881,0.128411,0.116268,0.106259,0.101906,0.093144,0.096791,0.085599,0.076359,0.073954,0.072810,0.060056,0.046057,0.040098,0.035432,0.026510,0.019167,0.013260,0.008852,
0.093479,0.131206,0.108153,0.107314,0.095192,0.095061,0.095807,0.088992,0.087170,0.081766,0.077012,0.067993,0.059140,0.057662,0.056133,0.044413,0.039922,0.026753,0.021080,0.009683,0.006801,
0.083158,0.098453,0.097214,0.087937,0.090644,0.086275,0.088315,0.082066,0.081684,0.082838,0.066089,0.077438,0.067086,0.070272,0.051074,0.053058,0.044129,0.038155,0.021794,0.012837,0.005915,
0.063346,0.077125,0.084771,0.079182,0.086392,0.076501,0.083505,0.095565,0.071418,0.080043,0.079161,0.064118,0.079405,0.075668,0.065276,0.059666,0.042668,0.037783,0.021399,0.013359,0.007862,
0.080364,0.079745,0.077898,0.080602,0.088480,0.082863,0.079730,0.094551,0.087987,0.075794,0.078593,0.072303,0.069480,0.077314,0.066147,0.055244,0.053714,0.039343,0.020507,0.015850,0.007339,
0.052234,0.078585,0.099387,0.073308,0.084383,0.080325,0.077481,0.103778,0.099426,0.079951,0.085007,0.071080,0.077474,0.089488,0.084179,0.075637,0.062056,0.040980,0.027435,0.017284,0.009220,
0.073369,0.078728,0.079463,0.080865,0.102385,0.089260,0.087057,0.097534,0.089206,0.086947,0.090062,0.081566,0.090349,0.083239,0.084660,0.076805,0.059904,0.047359,0.029133,0.014878,0.011420,
0.059820,0.102332,0.085568,0.093548,0.087400,0.077672,0.098130,0.088376,0.089756,0.097364,0.097894,0.088978,0.099169,0.091164,0.099883,0.074508,0.071160,0.058184,0.041732,0.014565,0.008340,
0.050305,0.091538,0.092277,0.095616,0.113924,0.076099,0.099976,0.111913,0.080255,0.121859,0.087885,0.103998,0.089582,0.109384,0.109783,0.118332,0.066765,0.057833,0.034315,0.023558,0.006934,
0.028379,0.075983,0.133441,0.124142,0.076457,0.087838,0.130112,0.112729,0.083182,0.114217,0.097515,0.123017,0.132035,0.118833,0.135691,0.086551,0.082668,0.051290,0.022380,0.011212,0.009301,
0.049697,0.060409,0.067168,0.092251,0.112623,0.091284,0.123834,0.108659,0.151190,0.120108,0.120272,0.167303,0.122766,0.122190,0.110211,0.131204,0.075678,0.048790,0.026682,0.009684,0.002927,
nan,0.060957,nan,0.379632,0.104296,0.113678,nan,0.211334,nan,0.092428,0.128300,0.148274,0.111244,0.163520,0.128055,0.071642,0.074579,0.037172,0.039573,0.004275,0.000016,
nan,0.169569,0.107592,0.128796,0.241084,0.077961,0.139840,0.094301,0.112169,0.089178,0.136392,0.075248,0.076362,0.076536,0.042808,0.039898,0.022068,0.047145,0.025386,0.019647,0.000883,
0.186825,0.188474,0.185107,0.162382,0.217359,0.162413,0.167217,0.136012,0.137653,0.081094,0.108547,0.086727,0.098637,0.053279,0.058381,0.035373,0.032899,0.018135,0.017752,0.008557,0.004641,
0.176168,0.177265,0.195016,0.148194,0.146972,0.153198,0.147512,0.142347,0.119238,0.120407,0.100978,0.081529,0.085561,0.079528,0.049672,0.036936,0.029355,0.021034,0.016537,0.006425,0.002565,
0.186718,0.137699,0.177580,0.158286,0.146196,0.169774,0.130922,0.119090,0.108072,0.112899,0.108737,0.105100,0.079579,0.062210,0.053271,0.045436,0.031624,0.020985,0.015824,0.009676,0.003607,
0.124457,0.173738,0.150016,0.163942,0.137687,0.131896,0.126943,0.124158,0.127988,0.119737,0.099476,0.087924,0.072414,0.057033,0.052749,0.038893,0.033830,0.027137,0.014870,0.007790,0.003929,
0.150056,0.155841,0.139167,0.146411,0.148481,0.135964,0.126721,0.113904,0.108273,0.104866,0.089861,0.079388,0.073486,0.057731,0.058067,0.043637,0.031008,0.028603,0.016496,0.009092,0.004593,
0.146235,0.137492,0.130791,0.125296,0.130549,0.113123,0.109365,0.101104,0.097594,0.089976,0.084083,0.076864,0.069367,0.054940,0.046969,0.049544,0.032917,0.023030,0.017416,0.010574,0.004608,
0.264258,0.107281,0.127472,0.133723,0.112579,0.111516,0.108456,0.087442,0.097922,0.082549,0.080208,0.065409,0.058984,0.065466,0.045120,0.041331,0.039028,0.025075,0.014863,0.011016,0.006870,
0.103065,0.086191,0.104410,0.124720,0.099119,0.101962,0.093953,0.095327,0.086006,0.086808,0.065216,0.081363,0.068595,0.061545,0.055591,0.049823,0.033643,0.034389,0.023620,0.009396,0.005737,
0.100551,0.125726,0.089190,0.093147,0.096830,0.095008,0.086786,0.085772,0.074219,0.074754,0.075332,0.061893,0.074159,0.067342,0.056016,0.045413,0.041994,0.031503,0.020079,0.013608,0.006156,
0.064907,0.095199,0.082622,0.115414,0.110475,0.085929,0.085793,0.095079,0.084023,0.066948,0.076641,0.071369,0.062797,0.069030,0.055357,0.056769,0.043261,0.035303,0.019172,0.010015,0.007468,
0.089331,0.097396,0.082589,0.104364,0.105359,0.094445,0.105496,0.096492,0.087713,0.066042,0.072187,0.068312,0.068355,0.078257,0.069650,0.054574,0.053907,0.043328,0.020274,0.011555,0.007044,
0.202752,0.076231,0.072166,0.092727,0.108998,0.101107,0.087184,0.105996,0.071948,0.085888,0.073869,0.074543,0.076445,0.068126,0.070519,0.064007,0.054373,0.035339,0.026373,0.015412,0.010608,
0.074371,0.065689,0.093862,0.088352,0.125118,0.091306,0.089895,0.089640,0.083690,0.098392,0.090887,0.081570,0.085110,0.071901,0.093144,0.063602,0.052752,0.046420,0.026274,0.015981,0.011836,
0.048548,0.085024,0.065729,0.092157,0.118352,0.109152,0.100071,0.083672,0.100074,0.104643,0.095168,0.084629,0.088154,0.081203,0.090287,0.083479,0.062293,0.046252,0.039530,0.013811,0.009764,
0.032243,0.082133,0.120959,0.085592,0.090265,0.086277,0.080822,0.106949,0.121757,0.101649,0.097674,0.104933,0.134121,0.108463,0.099055,0.081350,0.063642,0.051665,0.026680,0.017453,0.014945,
0.046028,0.092190,0.085471,0.168840,0.084997,0.121688,0.082537,0.110068,0.127190,0.096314,0.103613,0.128626,0.116327,0.134910,0.122842,0.086776,0.081996,0.046894,0.031201,0.010694,0.007645,
0.110771,0.082518,0.104130,0.089355,0.121289,0.098342,0.089165,0.082275,0.118960,0.104285,0.091728,0.112843,0.119011,0.134351,0.133127,0.070860,0.084632,0.042555,0.015329,0.014314,0.004174,
nan,nan,nan,0.261898,0.141241,0.077051,0.100448,0.147598,0.103989,0.154813,0.091398,0.118249,0.130620,0.107262,0.077366,0.060529,0.054547,0.024857,0.027957,0.004348,0.000276,
nan,0.173047,0.165715,0.173898,0.171351,0.167665,0.137044,0.110924,0.210816,0.091630,0.109121,0.080176,0.050871,0.095459,0.073845,0.058283,0.019127,0.014228,0.022414,0.004921,0.007461,
0.260906,0.182275,0.199357,0.141220,0.158447,0.147768,0.172496,0.122995,0.160112,0.108860,0.080483,0.091422,0.082778,0.065535,0.067135,0.039696,0.028840,0.026019,0.018281,0.013504,0.003820,
0.172197,0.153275,0.193320,0.163445,0.187566,0.159803,0.139027,0.142758,0.106160,0.106075,0.095596,0.075246,0.070849,0.055663,0.060333,0.036379,0.030892,0.020680,0.013673,0.007749,0.000417,
0.174708,0.156078,0.157222,0.166440,0.153033,0.160492,0.128641,0.145416,0.114894,0.103830,0.115722,0.108848,0.077480,0.067289,0.050908,0.044848,0.035942,0.026701,0.015434,0.010571,0.007020,
0.100830,0.155210,0.140221,0.159146,0.145383,0.147200,0.126421,0.108758,0.105838,0.100063,0.097958,0.084379,0.067577,0.064968,0.058120,0.044868,0.035087,0.020900,0.019150,0.010274,0.006216,
0.102745,0.141089,0.124291,0.130172,0.156424,0.112948,0.122388,0.115081,0.108903,0.091597,0.080650,0.087189,0.071035,0.063282,0.051552,0.038731,0.026761,0.025731,0.017413,0.008397,0.006307,
0.112418,0.124462,0.127072,0.145374,0.126202,0.111184,0.125243,0.101246,0.096069,0.087864,0.088421,0.066880,0.073079,0.056445,0.049393,0.051719,0.029563,0.027471,0.016819,0.007767,0.009694,
0.101431,0.108386,0.117526,0.107325,0.098801,0.112755,0.118302,0.106039,0.095043,0.086827,0.072239,0.066766,0.067922,0.061042,0.045459,0.046007,0.034733,0.028219,0.017559,0.010824,0.005437,
0.143112,0.095815,0.101656,0.113955,0.095920,0.100359,0.088045,0.087256,0.075941,0.085797,0.071865,0.073400,0.068254,0.058333,0.054576,0.042286,0.036128,0.026948,0.017346,0.011765,0.005851,
0.089664,0.093879,0.082140,0.102884,0.094277,0.095810,0.089024,0.113291,0.081590,0.067920,0.076994,0.067655,0.059519,0.061130,0.049499,0.044785,0.041220,0.030973,0.017911,0.009645,0.005993,
0.105675,0.126857,0.088153,0.089760,0.082740,0.090002,0.086601,0.101609,0.072134,0.067603,0.068849,0.065081,0.063207,0.070564,0.053869,0.052124,0.036867,0.032946,0.018952,0.011673,0.007635,
0.052797,0.079170,0.087571,0.074070,0.076611,0.085569,0.089578,0.102735,0.071616,0.076668,0.069392,0.067632,0.061434,0.067005,0.060788,0.058430,0.044777,0.032775,0.023732,0.014362,0.008194,
0.117207,0.086299,0.083824,0.075489,0.073392,0.078779,0.093863,0.084586,0.103140,0.095083,0.084745,0.074563,0.073157,0.065248,0.069902,0.058194,0.050452,0.033296,0.024367,0.011745,0.009777,
0.162698,0.070565,0.071287,0.086383,0.071677,0.080403,0.093758,0.078596,0.100420,0.081472,0.072595,0.084890,0.080334,0.075130,0.073547,0.063297,0.055771,0.039249,0.025732,0.015023,0.007788,
0.072795,0.094370,0.070563,0.096507,0.091799,0.090902,0.094637,0.079311,0.088646,0.083488,0.065974,0.095015,0.090828,0.102984,0.084338,0.068764,0.056141,0.045626,0.035793,0.014131,0.006449,
0.051854,0.086244,0.103065,0.080246,0.114995,0.095755,0.096603,0.086490,0.123942,0.091095,0.085423,0.100288,0.115385,0.095360,0.101539,0.084643,0.063322,0.046116,0.025377,0.015968,0.011468,
0.069407,0.105081,0.060142,0.087826,0.126089,0.094583,0.110469,0.125077,0.126132,0.101340,0.113773,0.123978,0.140706,0.099760,0.107383,0.076550,0.062187,0.040170,0.025483,0.016769,0.006995,
0.192482,0.045055,0.068909,0.099833,0.124822,0.111410,0.111431,0.113166,0.112237,0.104045,0.105177,0.106165,0.123842,0.089414,0.079549,0.072771,0.081730,0.053471,0.017757,0.008218,0.027383,
nan,0.099035,0.047576,nan,0.107384,nan,0.099693,0.073351,0.085254,0.172767,0.157419,0.071338,0.085355,0.049002,0.096999,0.084699,0.033876,0.030942,0.029979,0.003195,0.006320,
nan,0.182429,0.190347,0.131738,0.169943,0.162686,0.141666,0.126678,0.106136,0.102637,0.088831,0.188829,0.043654,0.054186,0.063985,0.048426,0.024320,0.016455,0.006469,0.002407,0.002630,
0.119724,0.136755,0.160677,0.176914,0.168136,0.145655,0.165175,0.168891,0.154575,0.113661,0.111314,0.109577,0.077259,0.070454,0.064272,0.046855,0.030979,0.031696,0.012315,0.012140,0.002839,
0.111954,0.174511,0.176970,0.168310,0.168360,0.152187,0.132619,0.122957,0.138430,0.120939,0.112863,0.094876,0.068464,0.064654,0.047105,0.034856,0.039947,0.028676,0.012148,0.006886,0.008024,
0.144378,0.180684,0.150999,0.178481,0.154952,0.141889,0.152244,0.125386,0.134101,0.126380,0.096118,0.094024,0.057157,0.059739,0.059643,0.052089,0.035492,0.022284,0.013246,0.006581,nan,
0.151615,0.191593,0.143771,0.148632,0.168919,0.139360,0.138994,0.114393,0.117940,0.110055,0.090053,0.079418,0.071007,0.051859,0.051385,0.044939,0.031395,0.029879,0.018833,0.012448,0.003317,
0.302395,0.175011,0.140054,0.137135,0.147671,0.133794,0.121336,0.115270,0.109356,0.101445,0.094449,0.072845,0.061838,0.056219,0.049009,0.044089,0.034888,0.029800,0.016527,0.011023,0.005104,
0.131085,0.173317,0.120408,0.115383,0.111037,0.129176,0.125670,0.113221,0.103511,0.087561,0.087280,0.071360,0.067452,0.058954,0.044266,0.045305,0.029546,0.020040,0.013856,0.010421,0.004883,
0.155634,0.120570,0.106442,0.113521,0.110394,0.107169,0.096675,0.100727,0.075868,0.096784,0.072810,0.066055,0.057830,0.051494,0.052544,0.039119,0.030779,0.022357,0.015057,0.009609,0.007120,
0.085880,0.105247,0.098911,0.093233,0.105116,0.102649,0.096735,0.094173,0.087536,0.071575,0.078863,0.062313,0.066404,0.059354,0.050394,0.040877,0.032548,0.034935,0.016280,0.007875,0.006227,
0.068712,0.094429,0.090954,0.086189,0.084850,0.086602,0.083895,0.094416,0.078659,0.072194,0.077344,0.063829,0.059475,0.060569,0.049606,0.041946,0.033906,0.033797,0.017928,0.010445,0.006260,
0.108253,0.086294,0.079993,0.080274,0.073148,0.087010,0.093705,0.080743,0.083442,0.078394,0.064322,0.068271,0.064348,0.059867,0.050505,0.046874,0.037326,0.029103,0.018181,0.010076,0.006623,
0.067393,0.101813,0.089539,0.080562,0.067782,0.081956,0.080080,0.085609,0.077295,0.078536,0.094838,0.071348,0.063958,0.057599,0.057250,0.051126,0.044396,0.029558,0.023499,0.012186,0.008869,
0.063699,0.070606,0.090800,0.076571,0.066627,0.080007,0.068459,0.066844,0.076027,0.074698,0.073906,0.077978,0.068215,0.068279,0.064162,0.050876,0.040048,0.029548,0.020735,0.011564,0.007998,
0.110878,0.086845,0.089365,0.073808,0.065532,0.072724,0.104197,0.070458,0.089996,0.089719,0.070949,0.070830,0.074473,0.083822,0.077544,0.062301,0.046296,0.039906,0.024146,0.015360,0.006670,
0.058552,0.103632,0.084663,0.083760,0.063791,0.094046,0.092543,0.085487,0.080176,0.106514,0.081910,0.083527,0.098706,0.088324,0.081457,0.071290,0.048904,0.035815,0.028111,0.013786,0.005984,
0.051275,0.145627,0.076348,0.069910,0.084210,0.101383,0.089962,0.085258,0.093008,0.098723,0.084044,0.100566,0.111676,0.072833,0.085502,0.077546,0.049483,0.052881,0.027245,0.014993,0.008191,
0.054763,0.119565,0.098910,0.146911,0.112543,0.076334,0.095471,0.100818,0.090545,0.103823,0.099960,0.086198,0.108038,0.071055,0.116487,0.066041,0.073282,0.043790,0.027878,0.011114,0.007868,
nan,0.048671,0.067316,0.109594,0.123592,0.075312,0.079133,0.113976,0.085320,0.151471,0.125647,0.077569,0.100633,0.083897,0.090353,0.075562,0.046283,0.031926,0.033060,0.019283,0.005760,
nan,0.097594,0.071040,nan,nan,0.095898,0.118848,nan,0.163482,0.161699,0.084254,0.097500,0.068230,0.053697,0.073185,0.047339,0.043220,0.039299,0.009556,0.012860,0.001734,
nan,0.180741,0.181601,0.195470,0.173156,0.175942,0.210520,0.127763,0.115133,0.117018,0.159598,0.098783,0.095594,0.129450,0.039381,0.050121,0.026448,0.012704,0.009213,0.012502,0.004288,
0.182557,0.196210,0.166534,0.185707,0.188284,0.132876,0.174963,0.133684,0.131427,0.115325,0.138817,0.077619,0.086834,0.062988,0.058444,0.035799,0.030841,0.022467,0.023284,0.031086,0.005763,
0.150942,0.131172,0.167023,0.187773,0.137785,0.166292,0.136500,0.121875,0.127792,0.112182,0.111815,0.103915,0.079108,0.061426,0.057114,0.050812,0.031622,0.026866,0.022688,0.010616,0.011911,
0.148673,0.183115,0.144601,0.159545,0.153527,0.153362,0.124846,0.138400,0.115960,0.126252,0.093141,0.079618,0.069441,0.053094,0.050736,0.039096,0.026579,0.024260,0.013021,0.009961,0.003873,
0.167820,0.195317,0.145546,0.158376,0.150965,0.134728,0.133926,0.119379,0.121987,0.112751,0.096014,0.095509,0.074114,0.065614,0.053759,0.035541,0.032758,0.024064,0.012301,0.007361,0.005726,
0.165115,0.171004,0.127132,0.126457,0.129816,0.127424,0.131192,0.122905,0.103478,0.085994,0.075215,0.082115,0.072905,0.067358,0.048299,0.040340,0.025130,0.027564,0.017684,0.006567,0.006512,
0.132049,0.154879,0.125183,0.123153,0.123540,0.123591,0.113026,0.095695,0.104613,0.095839,0.083101,0.071059,0.074564,0.057247,0.047986,0.044233,0.029077,0.026577,0.016143,0.007812,nan,
0.173117,0.139314,0.116883,0.110290,0.104438,0.114858,0.109020,0.101540,0.088539,0.091674,0.079746,0.068553,0.066285,0.064644,0.048957,0.038343,0.036948,0.028561,0.015634,0.009250,0.003677,
0.121186,0.103870,0.104279,0.105430,0.095670,0.104488,0.085218,0.095656,0.077523,0.079650,0.071021,0.066696,0.059492,0.048509,0.048491,0.042883,0.026068,0.024891,0.018914,0.009669,0.004606,
0.078724,0.084874,0.108070,0.097135,0.098648,0.105247,0.083072,0.093528,0.080605,0.076224,0.064979,0.062072,0.065444,0.054272,0.045570,0.040275,0.036551,0.025664,0.016793,0.010225,0.005602,
0.067575,0.076787,0.080510,0.101554,0.086968,0.079529,0.069262,0.076820,0.071307,0.069461,0.079181,0.067009,0.051572,0.052832,0.050348,0.045453,0.039810,0.027861,0.019208,0.009566,0.007769,
0.064458,0.090473,0.082493,0.098381,0.080830,0.097986,0.078442,0.060305,0.078170,0.068937,0.070661,0.072762,0.069243,0.054964,0.052937,0.053613,0.041047,0.029784,0.016666,0.011816,0.007928,
0.060964,0.082923,0.088125,0.080669,0.073804,0.090768,0.076464,0.076309,0.082441,0.082150,0.064171,0.066554,0.057310,0.069561,0.056474,0.045963,0.043466,0.026545,0.019616,0.013203,0.009801,
0.104605,0.076084,0.099607,0.082356,0.079175,0.086602,0.079092,0.087746,0.077186,0.082435,0.088773,0.072249,0.072955,0.075236,0.069401,0.069944,0.039629,0.035637,0.024466,0.014123,0.008334,
0.162709,0.079301,0.079380,0.077153,0.066419,0.074950,0.101659,0.077240,0.090151,0.075111,0.082683,0.078511,0.080235,0.093045,0.067997,0.067905,0.044715,0.032650,0.026010,0.013118,0.007594,
0.061123,0.113502,0.090039,0.089946,0.077680,0.075237,0.082699,0.086860,0.091826,0.074662,0.070128,0.088379,0.070700,0.079678,0.097184,0.066318,0.048210,0.041804,0.024305,0.013619,0.007812,
0.069305,0.069375,0.087212,0.125486,0.133968,0.103738,0.100810,0.069181,0.094352,0.079027,0.080440,0.088746,0.099726,0.072494,0.074033,0.063335,0.062617,0.050675,0.024636,0.011095,0.006890,
nan,0.061383,0.090489,0.085580,0.206791,0.091012,0.066471,0.079857,0.086321,0.070883,0.076582,0.129700,0.076511,0.072158,0.096372,0.070764,0.063407,0.033065,0.032639,0.016699,0.007408,
nan,nan,0.060988,0.129277,nan,nan,0.220960,0.064463,0.150809,0.049726,0.083929,0.092031,0.094909,0.078384,0.056058,0.055448,0.077302,0.040435,0.031919,0.013462,0.003082,
nan,0.174499,0.252146,0.189871,0.174965,0.119109,0.194462,0.183731,0.125527,0.064321,0.110089,0.071155,0.040822,0.076703,0.051185,0.074674,0.013502,0.025756,0.003459,0.005334,0.001923,
0.220086,0.217128,0.164198,0.152394,0.161366,0.136249,0.163255,0.128029,0.143441,0.133211,0.116432,0.118989,0.072659,0.073820,0.051567,0.045749,0.034708,0.021338,0.019424,0.007824,0.005129,
0.279773,0.168746,0.185528,0.179231,0.153985,0.174443,0.144180,0.127860,0.120279,0.122950,0.110934,0.101237,0.101356,0.061847,0.050270,0.040425,0.039275,0.023400,0.015530,0.006554,0.004943,
0.178010,0.201259,0.169610,0.141022,0.148931,0.178738,0.133240,0.116343,0.112834,0.103060,0.099598,0.092757,0.080696,0.058901,0.052017,0.041149,0.035220,0.020822,0.018003,0.011349,0.004353,
0.171684,0.164226,0.145435,0.161125,0.166198,0.134261,0.135017,0.119987,0.117957,0.110512,0.094208,0.074519,0.060866,0.054925,0.054862,0.050995,0.033448,0.022779,0.019126,0.008739,0.006210,
0.142938,0.165459,0.139703,0.130982,0.132515,0.133626,0.134979,0.118210,0.111062,0.104112,0.093247,0.083760,0.067541,0.053653,0.049807,0.042958,0.028826,0.021793,0.015132,0.012165,0.005032,
0.231465,0.142358,0.138505,0.127266,0.121599,0.131168,0.109620,0.097533,0.093928,0.087775,0.087777,0.067822,0.058987,0.053621,0.046294,0.038796,0.029931,0.019990,0.014205,0.011607,0.005173,
0.114533,0.151786,0.121045,0.105199,0.113156,0.115871,0.104242,0.102703,0.093590,0.075362,0.076779,0.066639,0.065902,0.062003,0.047273,0.035393,0.028903,0.018859,0.015452,0.009842,0.006212,
0.147935,0.109847,0.099831,0.104124,0.104325,0.103429,0.091600,0.092944,0.080319,0.077041,0.074338,0.063593,0.066587,0.050035,0.044874,0.042419,0.029133,0.029456,0.013937,0.009823,0.005424,
0.085514,0.079500,0.101463,0.101185,0.090165,0.091626,0.079332,0.074625,0.074202,0.067936,0.067869,0.058673,0.058827,0.059147,0.047095,0.036651,0.036829,0.025553,0.013931,0.008616,0.006154,
0.113915,0.096559,0.094969,0.091405,0.093442,0.097255,0.091377,0.071915,0.081013,0.075618,0.073189,0.071151,0.062031,0.053999,0.054145,0.040227,0.036477,0.026302,0.017244,0.008731,0.007261,
0.055058,0.077303,0.103880,0.091658,0.088279,0.080035,0.082998,0.076196,0.080053,0.067678,0.071471,0.060477,0.064707,0.057976,0.046953,0.052324,0.039431,0.027348,0.018294,0.010906,0.007073,
0.074965,0.090141,0.089591,0.094317,0.088055,0.080073,0.106052,0.079851,0.068629,0.085179,0.067390,0.077319,0.056024,0.068170,0.057559,0.043347,0.032799,0.025309,0.017849,0.014515,0.007405,
0.140989,0.069535,0.089347,0.104768,0.068854,0.092165,0.105563,0.086277,0.067281,0.074857,0.067650,0.073718,0.078277,0.069468,0.055762,0.053973,0.040497,0.032984,0.021770,0.014562,0.005342,
nan,0.105043,0.071877,0.085317,0.108972,0.081856,0.116632,0.099133,0.067160,0.069973,0.080027,0.074813,0.068342,0.077952,0.069725,0.066809,0.040365,0.033731,0.023032,0.013226,0.007575,
nan,0.083815,0.102524,0.085228,0.082939,0.072573,0.127365,0.094583,0.092091,0.095898,0.079641,0.087083,0.072749,0.082450,0.075595,0.073220,0.058842,0.041326,0.021775,0.014678,0.008633,
nan,0.067750,0.073877,0.065788,0.068866,0.109622,0.122907,0.102646,0.089768,0.083615,0.098605,0.088170,0.088525,0.067149,0.071792,0.048004,0.048848,0.049035,0.021693,0.011451,0.007318,
nan,0.114403,0.097149,0.080809,0.049258,0.094818,0.090480,0.077659,0.088397,0.125076,0.072597,0.073687,0.076291,0.101994,0.068292,0.045841,0.061296,0.043384,0.031671,0.010668,0.011852,
nan,0.133825,0.092911,0.047850,0.101044,0.082049,0.102912,0.086868,0.049760,0.072221,0.343102,0.093748,0.079031,0.036828,0.041022,0.041433,0.020322,0.022556,0.024540,0.012294,0.015030,
nan,0.128317,0.134339,0.151154,0.168830,0.142020,0.171354,0.108808,0.130615,0.130498,0.085432,0.094987,0.155014,0.085322,0.041282,0.050820,0.035474,0.028892,0.018327,0.006743,0.004691,
0.082533,0.180459,0.231060,0.144250,0.166075,0.166152,0.155414,0.126485,0.156603,0.139724,0.123000,0.091744,0.078723,0.063281,0.049849,0.041190,0.037428,0.028485,0.021198,0.008017,0.002797,
0.150836,0.202652,0.176797,0.174683,0.152278,0.147847,0.150813,0.138563,0.128428,0.106445,0.098723,0.094771,0.079444,0.082886,0.047302,0.035069,0.032176,0.028163,0.014014,0.008137,0.003455,
0.113657,0.180698,0.157464,0.183195,0.146537,0.139421,0.136926,0.134333,0.118501,0.107275,0.112794,0.097808,0.068922,0.056554,0.053768,0.043808,0.038631,0.020183,0.015474,0.010085,0.006061,
0.144480,0.170357,0.153586,0.142206,0.128044,0.139170,0.146939,0.128545,0.106846,0.101077,0.085626,0.083281,0.074015,0.059482,0.048808,0.048772,0.027813,0.026384,0.012625,0.008858,0.002424,
0.097936,0.144209,0.143473,0.138100,0.130776,0.123907,0.118633,0.112087,0.098954,0.091142,0.089733,0.068635,0.063132,0.057875,0.053000,0.037815,0.028109,0.027822,0.015744,0.007959,0.004625,
0.186915,0.143066,0.135055,0.121756,0.122962,0.121893,0.115764,0.112692,0.089654,0.107963,0.080528,0.070523,0.071451,0.062205,0.053109,0.034911,0.030141,0.026957,0.015290,0.008066,nan,
0.122686,0.123462,0.126689,0.129997,0.111071,0.124864,0.097870,0.106783,0.099948,0.083602,0.080888,0.075624,0.072724,0.057683,0.043617,0.046454,0.035648,0.025578,0.014216,0.008254,0.006651,
0.100838,0.133571,0.113452,0.121567,0.094257,0.102418,0.081696,0.083096,0.076995,0.075668,0.069983,0.061707,0.055164,0.057342,0.044232,0.037117,0.029294,0.029397,0.016340,0.007299,0.005225,
0.133868,0.123831,0.093706,0.095704,0.085276,0.090330,0.101292,0.078855,0.074628,0.077217,0.078205,0.064391,0.061785,0.047656,0.046941,0.036395,0.035380,0.022477,0.014265,0.010007,0.007496,
0.084766,0.075545,0.096413,0.092613,0.072041,0.089183,0.100534,0.078416,0.075010,0.072433,0.070230,0.068969,0.068600,0.054838,0.043580,0.044270,0.032201,0.024153,0.017158,0.011368,0.007964,
nan,0.088985,0.092709,0.083669,0.073975,0.091252,0.105897,0.077407,0.065843,0.074825,0.065520,0.071355,0.051880,0.055699,0.049633,0.041964,0.034415,0.033357,0.016435,0.012266,0.006233,
0.074030,0.096663,0.119636,0.074554,0.077437,0.090837,0.102378,0.088094,0.063622,0.069354,0.071151,0.072026,0.061795,0.056474,0.055329,0.045839,0.033249,0.029354,0.016319,0.013774,0.006123,
0.046816,0.070041,0.088500,0.082778,0.078671,0.103712,0.113257,0.082533,0.071889,0.064517,0.071404,0.069540,0.061569,0.070100,0.053712,0.054875,0.037662,0.026760,0.020636,0.013828,0.007273,
nan,0.054909,0.079732,0.088566,0.068833,0.079052,0.102047,0.070482,0.076876,0.076007,0.080801,0.079631,0.073530,0.069095,0.066371,0.061060,0.046713,0.031111,0.021375,0.014398,0.008003,
nan,0.085109,0.096806,0.086201,0.068380,0.099449,0.115900,0.076800,0.074692,0.081203,0.070069,0.063447,0.065221,0.057730,0.067554,0.054501,0.066357,0.043939,0.021015,0.013284,0.007543,
nan,0.137303,0.120053,0.088277,0.072062,0.099555,0.114986,0.076875,0.058691,0.078008,0.063184,0.074046,0.069208,0.065356,0.066103,0.037657,0.044177,0.045607,0.022356,0.013736,0.007910,
nan,0.048465,0.095318,0.064055,0.125872,0.072434,0.073866,0.103465,0.099966,0.092509,0.079635,0.120757,0.057090,0.064138,0.052377,0.046850,0.042593,0.038852,0.025875,0.015830,0.006011,
nan,nan,nan,nan,nan,0.091477,0.070158,0.127087,0.062499,0.067061,0.172753,0.231937,0.075660,0.053075,0.059376,0.034181,0.050642,0.021159,nan,0.032612,0.006482,
nan,0.170386,0.152894,0.191188,0.104328,0.240548,0.208305,0.198707,0.063962,nan,0.033979,0.330255,0.093072,0.039151,0.041388,0.033148,0.054123,0.081718,0.012528,0.016686,nan,
0.244764,0.228054,0.195094,0.143468,0.179339,0.146787,0.157336,0.125335,0.125364,0.146083,0.112866,0.089338,0.087870,0.061518,0.059357,0.056116,0.034556,0.034876,0.012498,0.007445,nan,
0.210209,0.194431,0.144190,0.177984,0.204741,0.155918,0.155621,0.127735,0.130737,0.092267,0.109303,0.094908,0.077041,0.070001,0.061399,0.043432,0.025528,0.019230,0.016255,0.004991,nan,
0.288969,0.158488,0.172361,0.159625,0.169785,0.160043,0.162537,0.119698,0.127180,0.135665,0.107122,0.091714,0.073471,0.055446,0.057430,0.055400,0.028713,0.021588,0.010197,0.005648,nan,
0.156657,0.150942,0.155303,0.152490,0.156963,0.149483,0.146580,0.113906,0.120810,0.107026,0.094249,0.089653,0.073276,0.064493,0.047987,0.031315,0.031463,0.022698,0.015332,0.012458,0.006264,
0.090762,0.145612,0.162297,0.142709,0.139671,0.142276,0.130019,0.119289,0.113580,0.085171,0.093362,0.084402,0.073596,0.062280,0.040655,0.051375,0.023352,0.022898,0.014594,0.008932,0.005284,
0.130717,0.124365,0.135624,0.135234,0.128670,0.128194,0.109592,0.109453,0.099441,0.086097,0.079744,0.074841,0.067539,0.046480,0.045887,0.037216,0.025128,0.019651,0.014404,0.011830,0.005456,
0.146738,0.120210,0.114288,0.126827,0.111333,0.118042,0.101166,0.088185,0.083630,0.087990,0.073979,0.068909,0.056597,0.059836,0.047210,0.035349,0.027632,0.022263,0.014852,0.010196,0.005439,
0.161090,0.130519,0.095468,0.105876,0.106735,0.103644,0.107794,0.077642,0.082462,0.081809,0.072653,0.065272,0.066175,0.048064,0.044901,0.040277,0.025923,0.022751,0.015747,0.009160,0.004998,
0.048300,0.115109,0.088886,0.093072,0.091332,0.098670,0.094477,0.094478,0.079028,0.079876,0.075912,0.068365,0.067719,0.051800,0.050177,0.034074,0.034687,0.027444,0.014849,0.009771,0.002717,
nan,0.139295,0.083223,0.082868,0.093385,0.085019,0.095981,0.081723,0.064618,0.070432,0.068527,0.066949,0.055932,0.054625,0.044666,0.044926,0.031957,0.024985,0.017723,0.008062,0.008516,
0.063130,0.091347,0.077102,0.084404,0.103496,0.089845,0.098105,0.083530,0.059307,0.075547,0.069893,0.073199,0.052481,0.051296,0.051349,0.046498,0.029147,0.032333,0.018760,0.010806,0.006782,
0.064801,0.116940,0.077703,0.080075,0.102091,0.082343,0.093741,0.070114,0.071651,0.063847,0.051731,0.066764,0.064761,0.054926,0.051441,0.041439,0.032828,0.024679,0.017168,0.008862,0.008569,
nan,0.077995,0.083618,0.091039,0.100040,0.082851,0.087786,0.073892,0.061826,0.071699,0.068329,0.073667,0.071593,0.061612,0.056782,0.051764,0.037215,0.026582,0.019394,0.014937,0.006416,
0.070534,0.070624,0.095403,0.090831,0.092582,0.073047,0.071073,0.069538,0.069628,0.071725,0.067173,0.066804,0.057331,0.061227,0.058869,0.061665,0.053747,0.032798,0.020973,0.013438,0.008682,
nan,0.091519,0.091872,0.076663,0.080379,0.082377,0.088173,0.058835,0.074684,0.075893,0.073597,0.079391,0.059223,0.064576,0.062154,0.047680,0.055795,0.036161,0.023664,0.012968,0.009665,
nan,0.085527,0.072856,0.085547,0.085155,0.098308,0.121701,0.084947,0.083694,0.071055,0.070895,0.073412,0.068099,0.090745,0.075411,0.045951,0.042128,0.047271,0.025210,0.017625,0.006291,
nan,0.074469,0.105923,0.075882,0.085741,0.062741,0.154871,0.064947,0.082207,0.086504,0.097068,0.064682,0.077796,0.065636,0.051420,0.080280,0.046242,0.032432,0.027912,0.018106,0.006854,
nan,nan,nan,nan,nan,0.032273,0.064821,0.085552,0.083689,0.088272,0.052680,0.064796,0.047467,0.186176,0.043422,0.033007,0.048191,0.100467,0.008126,0.013320,0.009280,
nan,0.238006,0.154694,0.221683,0.161866,0.176904,0.157353,0.143114,0.105002,0.092316,0.109592,0.088928,0.063859,0.078001,0.085707,0.038300,0.035010,0.016831,0.014010,0.007760,nan,
0.191790,0.172429,0.186342,0.153161,0.162171,0.163881,0.152720,0.120224,0.142520,0.127811,0.092263,0.093725,0.072717,0.064484,0.050001,0.048948,0.027858,0.017358,0.011391,0.005289,nan,
0.160181,0.185572,0.178014,0.165539,0.156499,0.153997,0.132579,0.135065,0.145464,0.130535,0.088787,0.085549,0.061228,0.057572,0.044255,0.031075,0.032773,0.026216,0.013610,0.007946,0.005797,
0.125483,0.192655,0.187538,0.159557,0.174731,0.180708,0.136307,0.134263,0.118137,0.122009,0.090494,0.091819,0.066312,0.051817,0.059146,0.038564,0.028208,0.021412,0.013066,0.011765,0.003572,
0.194172,0.185116,0.163280,0.150118,0.131936,0.132884,0.138297,0.130080,0.112371,0.107046,0.091928,0.076903,0.060271,0.053148,0.047035,0.054273,0.034953,0.023297,0.019261,0.008521,0.004917,
0.082778,0.142595,0.129315,0.141983,0.145838,0.143288,0.117839,0.119477,0.121027,0.105279,0.090611,0.075990,0.064461,0.057638,0.055868,0.042450,0.033749,0.027172,0.014528,0.010622,0.005260,
0.111286,0.129972,0.114559,0.132653,0.124945,0.131465,0.116675,0.109656,0.096936,0.090211,0.092723,0.072204,0.068785,0.060125,0.056095,0.036320,0.027326,0.026958,0.014151,0.008449,0.004024,
0.078532,0.121760,0.125983,0.118454,0.118891,0.113154,0.107234,0.092918,0.100528,0.082999,0.073094,0.077150,0.067564,0.049808,0.040477,0.047514,0.030319,0.020552,0.012582,0.008394,0.006293,
0.180240,0.112244,0.124474,0.099906,0.102689,0.108289,0.089949,0.089720,0.087183,0.087659,0.075008,0.059197,0.058977,0.050682,0.041786,0.038734,0.031094,0.026626,0.013611,0.007855,0.005185,
0.082377,0.111445,0.112562,0.091933,0.103215,0.097610,0.084235,0.082479,0.072426,0.070089,0.070825,0.064510,0.062728,0.053835,0.048603,0.036592,0.031198,0.020763,0.020827,0.009345,0.006387,
0.065024,0.083581,0.102501,0.082062,0.096203,0.080589,0.085742,0.089117,0.070242,0.080389,0.065664,0.069680,0.053692,0.049358,0.042878,0.043127,0.032418,0.025484,0.016920,0.009661,0.007254,
nan,0.115874,0.108408,0.073504,0.089820,0.067163,0.086881,0.084412,0.077516,0.067625,0.065732,0.070566,0.049649,0.059721,0.045174,0.037339,0.031931,0.029688,0.026799,0.011762,0.008710,
nan,0.055903,0.087065,0.077892,0.091772,0.068101,0.074668,0.080964,0.069148,0.075597,0.064560,0.061806,0.066126,0.057352,0.053641,0.041607,0.030405,0.023222,0.022024,0.010807,0.008673,
0.060649,0.086899,0.092682,0.084752,0.095146,0.067136,0.080779,0.066906,0.070806,0.079716,0.051692,0.055314,0.069336,0.059189,0.053418,0.051725,0.034431,0.027567,0.016453,0.016992,0.005448,
nan,0.087254,0.065662,0.095779,0.075546,0.096455,0.120054,0.067059,0.071622,0.072424,0.067267,0.067171,0.062633,0.056561,0.053917,0.061879,0.054341,0.033161,0.019617,0.012993,0.009266,
0.077868,0.082994,0.055873,0.081398,0.085304,0.070029,0.086359,0.072429,0.061593,0.060594,0.071877,0.061878,0.068892,0.071529,0.056312,0.045357,0.057323,0.033267,0.023233,0.013398,0.007191,
nan,0.077875,0.065264,0.097697,0.089462,0.068904,0.119983,0.055748,0.069736,0.071903,0.073195,0.060992,0.061822,0.058466,0.062207,0.052951,0.053906,0.040608,0.036194,0.016164,0.008240,
nan,0.271587,0.092813,0.075957,0.089654,0.135066,0.106724,0.062561,0.074562,0.078626,0.060166,0.060984,0.055227,0.047633,0.057187,0.056641,0.049501,0.030127,0.050401,0.017040,0.009127,
nan,nan,nan,0.074657,0.133142,0.062022,0.063372,0.039145,0.094416,0.084275,0.073814,0.047153,0.078152,0.067548,0.031684,0.038595,0.027668,0.038094,0.014617,0.010305,0.008960,
nan,0.231230,0.169700,0.180307,0.171342,0.160423,0.146880,0.079210,0.243824,0.075455,0.081698,0.091348,0.050252,0.054200,0.036061,0.028594,0.022956,0.011349,0.013795,0.004525,nan,
0.181897,0.140479,0.190130,0.166908,0.158102,0.136133,0.154345,0.125324,0.117901,0.105125,0.111586,0.080224,0.085517,0.056621,0.055405,0.028297,0.049664,0.020437,0.009096,0.008157,nan,
0.222568,0.170796,0.215760,0.157266,0.162942,0.153578,0.133503,0.115668,0.102344,0.125305,0.102661,0.085111,0.089249,0.065518,0.060723,0.042897,0.041976,0.027921,0.015702,0.007432,0.004490,
0.232299,0.176440,0.148665,0.142217,0.159218,0.148495,0.145569,0.123039,0.120208,0.101991,0.103493,0.077537,0.079756,0.058547,0.052443,0.042926,0.033619,0.023158,0.016219,0.010143,0.003915,
0.102400,0.136274,0.147490,0.157797,0.139623,0.158828,0.135543,0.126154,0.101923,0.095385,0.101919,0.086166,0.078314,0.058362,0.049616,0.046668,0.029370,0.023516,0.012634,0.008364,0.008351,
0.190328,0.133647,0.154353,0.152306,0.149979,0.149150,0.112562,0.115420,0.104874,0.086873,0.083516,0.084775,0.069200,0.064144,0.043773,0.040869,0.022622,0.023160,0.012712,0.007312,0.005610,
0.094742,0.114477,0.145163,0.130922,0.127622,0.116670,0.104814,0.108754,0.122002,0.088093,0.079373,0.079886,0.063275,0.047597,0.048461,0.040186,0.024099,0.022757,0.012834,0.010097,0.003804,
0.081527,0.095838,0.122410,0.111314,0.114377,0.121997,0.092729,0.099574,0.083203,0.081180,0.069403,0.067733,0.067645,0.055615,0.044023,0.032874,0.035471,0.023249,0.013390,0.011492,0.006738,
0.105049,0.102479,0.105354,0.100596,0.110754,0.101684,0.090980,0.093242,0.081345,0.072098,0.069189,0.060596,0.058045,0.047715,0.043995,0.038560,0.032710,0.019843,0.014582,0.008255,0.005614,
0.136251,0.103225,0.095495,0.090330,0.099915,0.074584,0.094559,0.095520,0.073422,0.077617,0.063818,0.066361,0.064061,0.047391,0.044344,0.035545,0.031236,0.022250,0.013141,0.009787,0.006048,
0.072147,0.118352,0.088757,0.091109,0.099601,0.068487,0.088000,0.079585,0.082609,0.064175,0.069146,0.068298,0.056154,0.053562,0.041507,0.046456,0.031919,0.025028,0.012885,0.010257,0.006885,
0.079180,0.079176,0.084967,0.085656,0.090020,0.076563,0.083477,0.074452,0.072734,0.079694,0.060325,0.061603,0.055752,0.055215,0.047525,0.039185,0.036603,0.028928,0.029184,0.010638,0.005984,
0.067342,0.069610,0.093523,0.071738,0.090190,0.078456,0.081380,0.068232,0.084763,0.075118,0.064910,0.053234,0.057137,0.055621,0.051623,0.041646,0.025981,0.023595,0.022970,0.011929,0.007911,
0.044934,0.081407,0.130173,0.088701,0.081888,0.074357,0.079267,0.073679,0.063601,0.062751,0.077030,0.056123,0.061912,0.062489,0.047138,0.051599,0.035154,0.027640,0.016358,0.013296,0.008064,
nan,0.067435,0.102305,0.070002,0.079845,0.082509,0.083469,0.071822,0.075160,0.069778,0.069995,0.061157,0.055100,0.049907,0.049793,0.057540,0.053685,0.034135,0.019949,0.014934,0.008038,
0.079522,0.081384,0.086559,0.109043,0.128025,0.078006,0.084418,0.069524,0.079367,0.066981,0.063608,0.057780,0.057524,0.061389,0.064312,0.048460,0.052239,0.034343,0.024224,0.013313,0.008421,
nan,0.112626,0.124618,0.086156,0.068492,0.088535,0.077141,0.074073,0.068774,0.105279,0.078507,0.116166,0.064101,0.057939,0.063251,0.043140,0.055247,0.029649,0.045675,0.014254,0.014158,
nan,0.063600,0.060964,0.085809,0.056076,0.072536,0.057307,0.066111,0.063458,0.063276,0.064366,0.086010,0.063317,0.067216,0.053739,0.055987,0.046944,0.048757,0.052768,0.021819,0.011407,
nan,nan,0.082524,0.053424,0.096609,nan,0.096087,0.126954,0.044849,0.068576,0.029091,0.274419,0.072191,0.062990,0.103989,0.062828,0.168337,0.023010,0.016473,0.007293,0.016365,
nan,0.284042,0.194585,0.138538,0.141851,0.097573,0.122550,0.093113,0.134784,0.089398,0.128461,0.127288,0.098398,0.052300,0.045014,0.053770,0.027546,0.027211,0.006452,0.003101,nan,
0.137521,0.193604,0.175444,0.180122,0.168585,0.170316,0.126275,0.163562,0.132360,0.101420,0.094668,0.078259,0.069462,0.059397,0.046902,0.042298,0.026323,0.019273,0.010395,0.012048,0.008843,
0.189260,0.206836,0.180386,0.198044,0.156082,0.158995,0.146994,0.138141,0.123226,0.112501,0.109868,0.099233,0.087763,0.071529,0.056060,0.050643,0.031844,0.018699,0.020218,0.007879,0.012345,
0.180433,0.164513,0.163499,0.154310,0.156767,0.153312,0.135579,0.123284,0.129472,0.120602,0.111783,0.098895,0.073691,0.053937,0.052619,0.040915,0.032916,0.020165,0.014331,0.010083,0.002851,
0.202131,0.137401,0.161514,0.164964,0.147620,0.147720,0.137965,0.122753,0.115648,0.102836,0.088297,0.083998,0.071781,0.062372,0.048196,0.034043,0.031123,0.021755,0.015134,0.012693,0.004691,
0.157897,0.124740,0.144391,0.136006,0.127550,0.133995,0.128059,0.122751,0.114540,0.110303,0.086478,0.078676,0.063643,0.059780,0.038753,0.041208,0.025482,0.021771,0.013972,0.011152,0.006090,
0.095351,0.113938,0.138245,0.121700,0.124485,0.126171,0.118183,0.106722,0.093546,0.092491,0.091196,0.078115,0.066993,0.058344,0.052178,0.037485,0.028349,0.028323,0.013888,0.006751,0.003795,
0.080594,0.099370,0.124059,0.130831,0.125214,0.108245,0.103777,0.100166,0.090202,0.094861,0.066187,0.078711,0.065127,0.049084,0.043044,0.038621,0.029781,0.020353,0.012631,0.010933,0.005775,
0.131526,0.078094,0.108179,0.119508,0.102188,0.094054,0.095447,0.099888,0.089853,0.080937,0.080909,0.062632,0.060004,0.049893,0.039323,0.042691,0.025966,0.023049,0.015060,0.009398,0.004498,
0.092427,0.096628,0.092733,0.111003,0.114066,0.083345,0.089804,0.078010,0.076972,0.082096,0.066098,0.077796,0.063856,0.055040,0.040625,0.036937,0.029107,0.027051,0.016521,0.008122,0.008928,
0.091248,0.078370,0.083136,0.104042,0.101803,0.091455,0.084928,0.081443,0.073008,0.069814,0.064989,0.060720,0.068031,0.051607,0.039829,0.044084,0.028381,0.022106,0.015290,0.007516,0.007094,
0.202369,0.104620,0.079559,0.093226,0.098982,0.081547,0.089814,0.079760,0.080989,0.072012,0.070075,0.061103,0.055484,0.055897,0.041806,0.041954,0.029004,0.028886,0.015220,0.010909,0.006871,
0.042560,0.120238,0.083385,0.077142,0.096675,0.084066,0.090010,0.077924,0.077799,0.063427,0.069501,0.055479,0.056025,0.057335,0.041145,0.043337,0.029843,0.023892,0.017243,0.011586,0.016333,
0.088008,0.096182,0.082257,0.084544,0.092995,0.088394,0.097359,0.076552,0.081631,0.070336,0.063965,0.057535,0.061457,0.054406,0.046539,0.048262,0.038509,0.029474,0.019487,0.011417,0.007201,
0.110883,0.066149,0.080110,0.086219,0.081535,0.070723,0.074921,0.072806,0.060751,0.065959,0.074591,0.062518,0.055973,0.050706,0.054061,0.062462,0.045723,0.043070,0.018273,0.016756,0.013278,
0.039164,0.077986,0.080355,0.084818,0.078073,0.084879,0.118622,0.072924,0.067236,0.078380,0.074062,0.075778,0.060882,0.052473,0.056050,0.051103,0.039352,0.044336,0.027172,0.014630,0.009063,
0.092911,0.105144,0.087393,0.093857,0.134335,0.081498,0.067287,0.085694,0.066305,0.091958,0.066868,0.068027,0.068512,0.047019,0.067232,0.049627,0.049411,0.033703,0.035384,0.017207,0.010373,
nan,0.052281,0.137626,0.086479,0.077031,0.112270,0.105279,0.071714,0.104878,0.102449,0.069689,0.066777,0.072949,0.070866,0.072156,0.061822,0.052110,0.060796,0.040277,0.029833,0.011933,
nan,nan,0.072991,nan,0.082114,0.052467,0.090144,0.037504,0.052854,0.108530,0.075060,0.041640,0.054833,0.041686,0.053335,0.036233,0.036169,0.044163,0.244556,0.014812,0.015437,
nan,0.164983,0.436982,0.160428,0.156547,0.190586,0.107979,0.197230,0.098591,0.119469,0.071719,0.095519,0.081287,0.034732,0.090303,0.041888,0.037447,0.024433,0.010019,0.010678,nan,
0.130495,0.186590,0.180968,0.175384,0.187081,0.126650,0.162923,0.135921,0.139594,0.102357,0.104225,0.084377,0.071811,0.090074,0.045320,0.049004,0.027209,0.019702,0.011663,0.010194,0.009477,
0.121484,0.178652,0.182859,0.172468,0.148695,0.147966,0.179352,0.127090,0.136027,0.106010,0.113469,0.084434,0.080559,0.060911,0.049656,0.034878,0.027722,0.024696,0.017683,0.009403,0.006728,
0.105790,0.135669,0.162167,0.169853,0.163182,0.142182,0.155176,0.124347,0.126652,0.116570,0.105567,0.084830,0.068479,0.056421,0.049204,0.061500,0.029751,0.020338,0.011320,0.007469,0.004618,
0.163423,0.146924,0.155067,0.149926,0.144100,0.148342,0.120033,0.125826,0.111120,0.106508,0.093928,0.085591,0.069495,0.052424,0.050535,0.046767,0.032098,0.020614,0.018494,0.008959,0.004785,
0.126441,0.148537,0.151334,0.134373,0.148059,0.144785,0.116056,0.133695,0.113690,0.103304,0.086525,0.069235,0.067050,0.060649,0.052093,0.040514,0.028572,0.021283,0.013166,0.006433,0.003806,
0.093605,0.120180,0.137255,0.142801,0.125254,0.116204,0.120506,0.105729,0.110047,0.084464,0.078512,0.073203,0.071596,0.045879,0.050442,0.039310,0.022992,0.026065,0.016166,0.009126,0.004451,
0.120287,0.109773,0.124927,0.122994,0.127413,0.101734,0.102423,0.107380,0.088645,0.089217,0.068404,0.069848,0.061407,0.054376,0.041837,0.030818,0.026283,0.022668,0.013111,0.011939,0.003552,
0.088870,0.104719,0.128673,0.105420,0.118098,0.099539,0.097301,0.084954,0.083802,0.073041,0.075636,0.058956,0.065245,0.050711,0.044501,0.036385,0.040653,0.019206,0.012631,0.010000,0.005088,
0.114769,0.086318,0.101419,0.104128,0.091935,0.090945,0.092814,0.087972,0.084253,0.077380,0.084719,0.068033,0.065575,0.050584,0.043474,0.039417,0.030609,0.027453,0.014308,0.009000,0.006149,
0.099920,0.082049,0.084670,0.104430,0.088103,0.082976,0.095926,0.082443,0.081676,0.077041,0.064224,0.059347,0.053026,0.050991,0.039052,0.041252,0.033128,0.025358,0.017420,0.008157,0.006476,
0.101994,0.091745,0.085002,0.099742,0.079838,0.085100,0.093244,0.068417,0.086585,0.070300,0.063783,0.054756,0.055488,0.054678,0.044287,0.040802,0.032299,0.026677,0.020085,0.009361,0.007810,
0.059455,0.080226,0.088050,0.102340,0.077260,0.078360,0.080049,0.080883,0.072796,0.066354,0.063549,0.057006,0.057496,0.054729,0.048651,0.041077,0.025258,0.028980,0.025382,0.011787,0.007244,
0.061653,0.069668,0.074674,0.068693,0.070005,0.074419,0.081020,0.069945,0.069173,0.066655,0.074397,0.060780,0.068146,0.044759,0.046838,0.043961,0.028980,0.028596,0.017272,0.011075,0.007444,
0.071158,0.048911,0.073350,0.080046,0.088986,0.067454,0.087966,0.079256,0.082311,0.075286,0.066021,0.071898,0.055821,0.054050,0.052856,0.071261,0.043983,0.046327,0.020009,0.018509,0.012934,
nan,0.107789,0.125456,0.095617,0.073811,0.079364,0.085491,0.090246,0.080106,0.080339,0.063492,0.066054,0.068394,0.064245,0.064195,0.048533,0.042068,0.045036,0.026162,0.015139,0.008979,
0.076880,0.101996,0.072941,0.115710,0.113185,0.079589,0.092822,0.086618,0.086883,0.076153,0.067951,0.071409,0.066859,0.064290,0.067659,0.057355,0.051447,0.034439,0.036042,0.018185,0.010049,
nan,0.054501,0.132023,0.126417,0.095780,0.088623,0.113143,0.094438,0.076850,0.100100,0.100093,0.060953,0.075823,0.074515,0.059054,0.045448,0.080514,0.063344,0.043473,0.041610,0.013630,
nan,0.084420,0.046982,nan,0.112574,0.031614,0.043667,0.084541,0.106650,0.096839,0.060499,0.059863,0.060399,0.054204,0.039807,0.049775,0.180682,0.032668,0.028407,0.035464,0.018988,
nan,0.130400,0.254280,0.124897,0.103720,0.145895,0.122610,0.113982,0.087691,0.079210,0.116842,0.107519,0.081706,0.078990,0.038572,0.028606,0.026736,0.010995,0.006709,0.003133,nan,
0.161219,0.210915,0.178242,0.171301,0.152486,0.182349,0.154574,0.141831,0.131598,0.105006,0.112078,0.079217,0.070975,0.066493,0.045686,0.038369,0.027573,0.024705,0.013964,0.007087,0.004041,
0.129636,0.183065,0.157790,0.176648,0.159532,0.163998,0.143587,0.141649,0.126916,0.109113,0.111662,0.105868,0.089943,0.069668,0.048220,0.034853,0.033646,0.023227,0.015975,0.013910,0.003033,
0.151835,0.176246,0.159936,0.161972,0.143971,0.175602,0.150973,0.133021,0.118465,0.115296,0.087522,0.095273,0.067257,0.050308,0.066571,0.033681,0.034689,0.021978,0.017099,0.007996,0.005177,
0.190436,0.148239,0.172566,0.156558,0.140745,0.183389,0.132658,0.131675,0.114485,0.099953,0.092809,0.098786,0.076048,0.062110,0.048765,0.050002,0.031211,0.020807,0.013828,0.007327,0.004041,
0.202745,0.115898,0.161428,0.148727,0.131805,0.132788,0.139075,0.127695,0.099862,0.091183,0.099000,0.081835,0.061481,0.060397,0.041895,0.037876,0.025100,0.019826,0.011454,0.007805,0.006425,
0.227771,0.116729,0.149886,0.131953,0.135361,0.101130,0.113153,0.108363,0.100507,0.086807,0.089167,0.082672,0.066681,0.059432,0.047482,0.042274,0.025578,0.032463,0.013696,0.009504,0.003934,
0.179817,0.117561,0.132659,0.115541,0.121506,0.115886,0.103379,0.091377,0.085861,0.099148,0.074760,0.073908,0.061113,0.055292,0.044409,0.035358,0.023992,0.020408,0.013391,0.007546,0.005019,
0.069773,0.104401,0.105200,0.111176,0.099101,0.099733,0.097451,0.094091,0.079161,0.084362,0.069495,0.062959,0.053807,0.042464,0.041781,0.039524,0.027528,0.019810,0.014432,0.009293,0.005008,
0.174713,0.097253,0.107547,0.097109,0.099987,0.097170,0.083925,0.094135,0.083549,0.071281,0.069575,0.065726,0.062751,0.045574,0.043903,0.032103,0.033205,0.021492,0.013128,0.008151,0.006556,
0.061559,0.101396,0.113382,0.098343,0.094868,0.078613,0.087837,0.080268,0.082893,0.082164,0.060194,0.067592,0.053734,0.047582,0.040762,0.040887,0.030112,0.022980,0.015530,0.009482,0.006978,
0.101958,0.078114,0.121993,0.099944,0.081524,0.079729,0.079627,0.076195,0.076620,0.072925,0.065148,0.057561,0.061493,0.053219,0.040779,0.040901,0.037741,0.022794,0.016962,0.008863,0.010960,
0.048314,0.086068,0.089467,0.093844,0.068739,0.068304,0.087260,0.069987,0.083061,0.063914,0.073463,0.060435,0.057606,0.055344,0.047058,0.042739,0.029394,0.030001,0.021136,0.012098,0.006948,
0.100286,0.129616,0.088880,0.130841,0.080675,0.062884,0.085483,0.070861,0.092060,0.073537,0.060857,0.061305,0.050025,0.048535,0.048622,0.047065,0.035170,0.027415,0.016950,0.013140,0.021380,
0.054645,0.096814,0.101597,0.066196,0.070051,0.061450,0.067970,0.066809,0.084794,0.080740,0.058744,0.069766,0.066606,0.052451,0.056032,0.055248,0.041340,0.036296,0.029485,0.015865,0.010920,
0.033516,0.077763,0.080227,0.085612,0.067836,0.054392,0.082383,0.069442,0.089281,0.079596,0.063021,0.069542,0.067032,0.068214,0.060562,0.051632,0.050824,0.040775,0.038682,0.020021,0.014828,
0.047644,0.070607,0.086279,0.088111,0.073027,0.077950,0.082496,0.065124,0.081880,0.090490,0.073437,0.086930,0.067312,0.052689,0.046302,0.063777,0.043944,0.042249,0.035523,0.018829,0.010964,
nan,nan,0.065949,0.236381,0.106029,0.090914,0.076699,0.094461,0.085177,0.067426,0.067842,0.052665,0.065101,0.057061,0.048338,0.047637,0.067314,0.044441,0.033613,0.029861,0.029125,
nan,0.035289,nan,0.068530,0.056181,0.064170,nan,0.054942,0.161288,0.063408,0.050905,0.236081,0.052764,0.244270,0.073087,0.047128,0.039114,0.035947,0.083495,0.017361,0.040616,
nan,0.154655,0.179229,0.163592,0.449545,0.108851,0.132162,0.151911,0.101152,0.055283,0.213002,0.136604,0.039635,0.089523,0.045683,0.034893,0.035174,0.015828,0.013764,0.005996,nan,
0.139548,0.198726,0.195500,0.177229,0.177301,0.169028,0.147757,0.148833,0.136382,0.126019,0.105441,0.116708,0.095389,0.053291,0.077244,0.036122,0.037187,0.016975,0.014111,0.010374,0.007102,
0.215582,0.172233,0.157186,0.147155,0.167781,0.151417,0.137699,0.116292,0.136417,0.101369,0.098889,0.094676,0.074224,0.058785,0.066108,0.038516,0.027152,0.021342,0.015478,0.006867,0.004297,
0.141809,0.174228,0.193832,0.166023,0.148364,0.154452,0.140106,0.120116,0.118387,0.119874,0.091734,0.098695,0.078993,0.063826,0.054193,0.044815,0.034605,0.025469,0.020911,0.011681,0.003233,
0.146881,0.160942,0.174409,0.168288,0.131737,0.141574,0.134908,0.124169,0.107620,0.107042,0.091265,0.074746,0.069562,0.059647,0.051279,0.036034,0.033280,0.018219,0.016536,0.006544,0.005827,
0.189978,0.138422,0.160041,0.149707,0.152424,0.148911,0.124048,0.117172,0.124061,0.111782,0.085027,0.077483,0.062837,0.059971,0.051043,0.039320,0.029761,0.020287,0.015853,0.008473,0.009023,
0.131328,0.120958,0.134397,0.125148,0.131783,0.122820,0.117522,0.106435,0.107714,0.088966,0.082213,0.075509,0.074904,0.053239,0.050548,0.037466,0.021317,0.027552,0.015899,0.009924,0.005506,
0.130605,0.105624,0.124543,0.113389,0.112124,0.104407,0.100397,0.107156,0.088564,0.098194,0.069367,0.064926,0.062586,0.048603,0.040209,0.031849,0.025292,0.021159,0.013989,0.008760,0.003573,
0.064160,0.091536,0.115378,0.099052,0.099919,0.100568,0.101080,0.099366,0.079414,0.085693,0.079119,0.060778,0.058014,0.050202,0.043305,0.041114,0.032116,0.018922,0.013062,0.010951,0.006053,
0.108348,0.124673,0.108712,0.095766,0.095617,0.090229,0.088072,0.091043,0.094898,0.076616,0.068520,0.072849,0.061453,0.053499,0.040239,0.036631,0.026634,0.022002,0.017002,0.010009,0.004749,
0.098718,0.076572,0.091084,0.103644,0.082743,0.084034,0.087700,0.077562,0.080682,0.083123,0.063626,0.059045,0.059740,0.050142,0.040213,0.037892,0.030290,0.021826,0.014206,0.010798,0.007077,
0.100906,0.074489,0.079000,0.096776,0.082632,0.075929,0.099281,0.080286,0.067603,0.065996,0.071378,0.059157,0.057817,0.057274,0.041706,0.043492,0.037341,0.021960,0.020664,0.010218,0.006939,
0.103471,0.077076,0.125284,0.096229,0.089133,0.068953,0.081153,0.071069,0.085158,0.073255,0.063579,0.061755,0.065920,0.052320,0.047563,0.037085,0.028682,0.026749,0.018857,0.010596,0.006445,
0.110420,0.070834,0.102809,0.103402,0.075650,0.090376,0.076235,0.078232,0.078647,0.087643,0.054700,0.076754,0.057996,0.053133,0.050448,0.045194,0.036008,0.028621,0.019923,0.014963,0.018601,
0.055039,0.119185,0.090766,0.097283,0.084794,0.081243,0.077533,0.091177,0.063206,0.093451,0.064364,0.069897,0.066471,0.061135,0.053428,0.056095,0.040643,0.037104,0.025943,0.013407,0.009094,
0.064105,0.071778,0.058601,0.146512,0.072785,0.068143,0.087319,0.077899,0.087877,0.079990,0.072271,0.077084,0.061610,0.050433,0.047822,0.054734,0.037119,0.040659,0.037919,0.023697,0.014504,
0.116082,0.060018,0.075282,0.083909,0.085321,0.058086,0.069892,0.073937,0.083110,0.075826,0.065841,0.069056,0.065408,0.056440,0.044549,0.047133,0.056264,0.042651,0.036254,0.030328,0.013884,
nan,nan,0.067329,0.068876,0.075974,0.078222,0.069355,0.064297,0.083110,0.065198,0.066961,0.077391,0.075909,0.052630,0.056946,0.054042,0.053963,0.034719,0.033880,0.025323,0.019238,
nan,nan,nan,0.059489,nan,0.068400,0.053089,0.143917,0.071663,0.064874,0.049091,0.048433,0.094922,0.039834,0.055257,0.045704,0.036536,0.040604,0.013456,0.030637,0.014801,
nan,0.158321,0.244734,0.130306,0.192868,0.108613,0.133275,0.241155,0.160860,0.110251,0.128566,0.106513,0.057882,0.026017,0.032927,0.023081,0.019941,0.021441,0.042445,0.003817,nan,
0.144403,0.179027,0.149246,0.194016,0.177442,0.144285,0.166642,0.155795,0.120110,0.112781,0.112002,0.088169,0.065525,0.077476,0.048739,0.037044,0.027396,0.035446,0.012240,0.007862,0.013556,
0.156549,0.172559,0.166900,0.180413,0.165793,0.169972,0.133017,0.117427,0.150374,0.126397,0.102518,0.095702,0.070537,0.068223,0.057106,0.037240,0.034484,0.023340,0.013534,0.005990,0.005207,
0.107426,0.142692,0.164898,0.195226,0.154302,0.141443,0.142544,0.124188,0.136678,0.118993,0.098234,0.109035,0.080776,0.060486,0.061034,0.050067,0.034353,0.020619,0.013654,0.007863,0.010927,
0.106062,0.142293,0.164295,0.162136,0.144995,0.163789,0.115946,0.123146,0.111046,0.115650,0.111206,0.093361,0.076252,0.055648,0.052096,0.051255,0.034464,0.019034,0.012695,0.008127,0.004110,
0.097353,0.144996,0.143835,0.136183,0.145149,0.134331,0.117278,0.115510,0.105735,0.093048,0.085549,0.083077,0.069645,0.057645,0.046331,0.043924,0.030767,0.021882,0.012014,0.006995,0.005507,
0.148548,0.135409,0.122128,0.117897,0.115120,0.125976,0.109917,0.126902,0.099719,0.091771,0.100854,0.079278,0.063374,0.061975,0.039900,0.043509,0.025314,0.026502,0.014550,0.009636,0.005560,
0.171141,0.117737,0.105053,0.129017,0.112646,0.111694,0.108879,0.088211,0.087645,0.087876,0.076607,0.080604,0.054861,0.058369,0.048178,0.032673,0.023690,0.028772,0.013241,0.007390,0.004672,
0.077956,0.108784,0.096617,0.122804,0.100888,0.101412,0.097274,0.100118,0.085956,0.073403,0.072827,0.062779,0.062168,0.048787,0.040529,0.033161,0.028583,0.021151,0.013740,0.009900,0.003993,
0.058551,0.079868,0.086694,0.103249,0.085666,0.088517,0.101174,0.071773,0.087181,0.075498,0.078322,0.064957,0.071681,0.050914,0.042876,0.035330,0.030809,0.019904,0.012804,0.009612,0.007896,
0.152922,0.094307,0.093985,0.085621,0.088456,0.080091,0.096843,0.084402,0.074463,0.086323,0.075887,0.063693,0.059053,0.049046,0.040302,0.037055,0.030054,0.024812,0.016110,0.008659,0.007357,
0.076953,0.075627,0.095540,0.081845,0.086024,0.080989,0.075485,0.077024,0.077746,0.073720,0.069554,0.058161,0.061693,0.053939,0.042508,0.038699,0.044700,0.022083,0.015505,0.011403,0.008761,
0.068636,0.071343,0.082390,0.077048,0.091480,0.079705,0.063373,0.085758,0.073921,0.091161,0.057422,0.077527,0.056800,0.051196,0.043881,0.042649,0.030402,0.024967,0.018234,0.010257,0.008264,
0.104661,0.082508,0.117312,0.069890,0.085605,0.079331,0.068070,0.076679,0.071303,0.087486,0.062151,0.063605,0.064894,0.053984,0.051803,0.048695,0.035833,0.031297,0.020761,0.013919,0.010212,
0.212977,0.098791,0.136516,0.070158,0.102500,0.077589,0.087001,0.074510,0.077674,0.069299,0.057057,0.068731,0.060577,0.056849,0.055410,0.059713,0.041529,0.034241,0.020792,0.014179,0.011779,
0.097520,0.110166,0.118246,0.095575,0.075051,0.076233,0.071469,0.079140,0.079966,0.073170,0.067420,0.068165,0.066080,0.051304,0.041723,0.050311,0.040979,0.036471,0.038777,0.017013,0.018430,
0.154230,0.099828,0.068663,0.078127,0.083288,0.093902,0.078449,0.062571,0.069991,0.066018,0.073558,0.080627,0.065550,0.056166,0.057741,0.044406,0.047394,0.043006,0.032223,0.032796,0.029199,
nan,0.076762,0.063543,0.122518,0.109778,0.053524,0.072486,0.142921,0.072665,0.110657,0.064831,0.094581,0.075892,0.045976,0.057641,0.052021,0.055874,0.035991,0.033539,0.030994,0.026161,
nan,nan,0.471457,0.029651,0.098887,nan,0.065504,0.127761,0.131963,0.038759,0.068459,0.040811,0.066121,0.054467,0.039882,0.060565,0.030947,0.045467,0.049677,0.032422,0.016698,
nan,0.138029,0.173967,0.135544,0.173775,0.139080,0.185480,0.144893,0.103093,0.111468,0.089678,0.082009,0.111193,0.047108,0.108544,0.022145,0.022188,0.021988,0.027400,0.001452,nan,
0.167190,0.189514,0.180404,0.155556,0.138519,0.129110,0.140251,0.134720,0.163391,0.125833,0.129394,0.089472,0.058830,0.068147,0.049438,0.050236,0.031848,0.022668,0.017981,0.006652,0.004715,
0.159786,0.222861,nan,0.167235,0.163033,0.147536,0.150599,0.132058,0.122426,0.127664,0.084953,0.089417,0.083574,0.071303,0.049156,0.048149,0.026657,0.017779,0.018221,0.007737,0.005124,
0.245731,0.159521,0.175466,0.178433,0.151061,0.173173,0.144907,0.117809,0.113900,0.108918,0.102109,0.091012,0.075637,0.061985,0.048571,0.033967,0.022821,0.021358,0.015112,0.006187,0.009550,
0.118557,0.194570,0.156466,0.152300,0.152686,0.133443,0.132008,0.134165,0.115349,0.105060,0.082883,0.084416,0.065808,0.053275,0.058517,0.034801,0.031589,0.022750,0.013595,0.008869,0.003908,
0.103131,0.215092,0.125397,0.120243,0.131789,0.132995,0.123527,0.125913,0.112987,0.111762,0.091406,0.083501,0.062537,0.057939,0.046589,0.037062,0.031609,0.019729,0.019665,0.007515,0.008385,
0.175050,0.143213,0.125443,0.140826,0.122197,0.130692,0.106644,0.102734,0.094837,0.092145,0.081328,0.068691,0.075032,0.052636,0.047671,0.034830,0.025069,0.019819,0.012188,0.006637,0.004992,
0.110786,0.159704,0.107281,0.114265,0.110900,0.115523,0.100409,0.102714,0.073751,0.090576,0.070670,0.069142,0.062558,0.045759,0.044214,0.038082,0.024613,0.025623,0.015957,0.009961,0.005624,
0.067268,0.112604,0.097440,0.101809,0.098722,0.089974,0.108835,0.103823,0.087814,0.078970,0.075960,0.062897,0.057929,0.047175,0.045585,0.033005,0.023265,0.019207,0.013068,0.008867,0.005267,
0.074404,0.092628,0.092104,0.096677,0.099143,0.083963,0.088891,0.084979,0.084412,0.080556,0.069010,0.066110,0.054986,0.051162,0.045514,0.038493,0.031779,0.021295,0.014767,0.009540,0.005191,
0.105222,0.072601,0.089891,0.090139,0.089800,0.082291,0.075137,0.073602,0.089729,0.078756,0.068025,0.062829,0.056854,0.045598,0.038803,0.040130,0.027315,0.022538,0.018056,0.010922,0.008109,
0.057514,0.078004,0.094310,0.081135,0.080924,0.076856,0.073571,0.083593,0.065556,0.077853,0.067271,0.061118,0.056777,0.052974,0.051114,0.036438,0.035771,0.030219,0.018290,0.010294,0.009649,
0.102331,0.087522,0.074141,0.077592,0.075798,0.075571,0.081476,0.072125,0.068666,0.072787,0.063626,0.074850,0.054090,0.053176,0.045834,0.040381,0.038856,0.021920,0.020010,0.012175,0.006402,
0.075047,0.070797,0.093356,0.086401,0.070984,0.067675,0.086548,0.073669,0.067039,0.086024,0.069067,0.062143,0.065706,0.054396,0.048577,0.044011,0.036638,0.028681,0.019516,0.011245,0.010166,
0.036873,0.079537,0.069063,0.077386,0.087590,0.068198,0.079927,0.079750,0.062704,0.072824,0.089530,0.059995,0.068751,0.054521,0.060945,0.055350,0.042751,0.032769,0.025979,0.016085,0.013463,
0.047428,0.082483,0.103416,0.099497,0.082890,0.107041,0.074621,0.089366,0.060361,0.079301,0.077271,0.064426,0.065842,0.056833,0.044439,0.045266,0.044233,0.033473,0.026501,0.017245,0.013799,
nan,0.095636,0.059683,0.112175,0.083517,0.071059,0.083043,0.076557,0.060864,0.066015,0.095498,0.090438,0.068930,0.058566,0.068906,0.044548,0.045731,0.041966,0.035945,0.026597,0.030321,
nan,0.042903,0.060792,0.077889,0.113777,0.058370,0.054590,0.067934,0.068447,0.075170,0.121944,0.095281,0.070625,0.070409,0.057264,0.059520,0.041085,0.048007,0.037645,0.044014,0.035613,
nan,0.106219,0.075083,0.052833,0.059126,0.050522,0.017668,0.071262,0.034349,0.091296,0.055599,0.069451,0.067742,0.077547,0.069783,0.128306,0.038670,0.035346,0.030256,0.032763,0.029227,
nan,0.133187,0.189595,0.120797,0.084834,0.129615,0.111278,0.080231,0.160836,0.099837,0.113985,0.078352,0.100485,0.044823,0.069520,0.026952,0.022599,0.019454,0.011878,0.010562,nan,
0.190313,0.212453,0.189523,0.163689,0.183813,0.155648,0.165577,0.151102,0.122680,0.118494,0.110383,0.096490,0.095059,0.060177,0.049209,0.035719,0.031951,0.028415,0.009433,0.010574,0.002351,
0.130200,0.178486,0.188260,0.190576,0.153292,0.150098,0.148590,0.139028,0.130029,0.113964,0.103375,0.087434,0.081823,0.059929,0.056565,0.039409,0.029136,0.016786,0.014326,0.009339,0.008140,
0.152084,0.196840,0.170881,0.169283,0.155694,0.161535,0.161797,0.126546,0.124347,0.108649,0.101673,0.083844,0.079063,0.067574,0.060573,0.035903,0.029539,0.026644,0.018260,0.007306,0.006551,
0.212516,0.179250,0.138122,0.130821,0.145582,0.146468,0.132312,0.120006,0.109609,0.107566,0.095274,0.087207,0.078942,0.053365,0.050151,0.054912,0.028572,0.020323,0.015366,0.007845,0.003405,
0.139108,0.143689,0.155496,0.144663,0.147413,0.136772,0.124573,0.119942,0.113001,0.098898,0.093654,0.088901,0.082033,0.052988,0.056462,0.037053,0.032298,0.021358,0.013321,0.008043,0.004981,
0.087837,0.140169,0.127474,0.132005,0.126688,0.117622,0.113955,0.126519,0.108573,0.095528,0.097046,0.081301,0.061884,0.061352,0.044114,0.035801,0.028799,0.020394,0.015394,0.006997,0.006458,
0.095562,0.106254,0.129359,0.117622,0.109825,0.124715,0.109684,0.110086,0.088105,0.092506,0.077060,0.074427,0.069766,0.052764,0.051047,0.038278,0.024606,0.026305,0.014393,0.010963,0.006284,
0.145966,0.119446,0.107001,0.124909,0.106125,0.095202,0.095720,0.091230,0.090858,0.082266,0.074650,0.065664,0.062129,0.049036,0.039745,0.035276,0.025252,0.022573,0.015195,0.007412,0.006180,
0.046250,0.094445,0.096723,0.097321,0.103327,0.086622,0.083738,0.086939,0.091471,0.087269,0.073500,0.064116,0.061034,0.053996,0.044324,0.036404,0.027337,0.020933,0.014661,0.009984,0.005255,
0.133343,0.088176,0.086304,0.092471,0.092057,0.078295,0.079522,0.082213,0.075574,0.073984,0.071749,0.066073,0.055881,0.048551,0.042947,0.034422,0.032569,0.023420,0.014674,0.011639,0.009516,
0.101086,0.083715,0.070079,0.080354,0.092998,0.088561,0.096633,0.068510,0.072397,0.082538,0.066652,0.075828,0.058590,0.051704,0.043640,0.040553,0.027318,0.024539,0.021400,0.013547,0.005449,
0.128871,0.066771,0.075304,0.087098,0.089164,0.088816,0.088437,0.068956,0.071068,0.082485,0.061032,0.066872,0.056145,0.055718,0.046707,0.037963,0.045158,0.026946,0.021098,0.014758,0.007606,
0.030881,0.071340,0.077876,0.080131,0.087511,0.074378,0.072039,0.077417,0.067725,0.066804,0.075816,0.059651,0.063504,0.052793,0.054955,0.044380,0.035749,0.026727,0.020305,0.013045,0.010225,
0.031298,0.068395,0.074780,0.071371,0.085824,0.081220,0.065823,0.079463,0.058736,0.071698,0.078739,0.058189,0.064998,0.068065,0.049044,0.050097,0.045825,0.035014,0.022651,0.017656,0.009522,
nan,0.087208,0.078678,0.090839,0.071406,0.082939,0.061579,0.082919,0.086015,0.085236,0.087490,0.074979,0.064162,0.058823,0.051435,0.043366,0.045173,0.032818,0.041081,0.016866,0.013918,
0.063893,0.064616,0.140740,0.100878,0.090030,0.067756,0.070685,0.062207,0.063164,0.099520,0.067105,0.071550,0.056850,0.061355,0.062079,0.056913,0.044238,0.038013,0.035302,0.032094,0.013048,
0.046947,0.045556,0.065543,0.083918,0.112955,0.077348,0.086200,0.086161,0.090682,0.073434,0.097656,0.074259,0.088280,0.053926,0.054675,0.056809,0.039914,0.064819,0.039409,0.025792,0.018742,
nan,0.122218,nan,0.060037,nan,0.068097,0.151435,0.063105,0.049747,0.061763,0.062859,0.079250,0.071666,0.102711,0.035546,0.091341,0.051325,0.261603,0.056311,0.028289,0.025098,
nan,0.125231,0.195247,0.086158,0.174295,0.157825,0.116061,0.164004,0.109955,0.074476,0.133453,0.091526,0.075549,0.109656,0.070539,0.026043,0.032259,0.020997,0.005665,0.004377,nan,
0.178256,0.194307,0.199904,0.173141,0.137551,0.139203,0.196797,0.118659,0.140302,0.124753,0.095582,0.069718,0.068018,0.065659,0.052046,0.033866,0.033627,0.027919,0.018156,0.008644,0.004503,
0.192169,0.153241,0.166019,0.162611,0.181793,0.157339,0.146076,0.138829,0.142643,0.108607,0.111738,0.102008,0.082145,0.066873,0.048043,0.040089,0.030351,0.020746,0.015381,0.011548,0.005831,
0.132233,0.186584,0.163878,0.164025,0.141916,0.152812,0.131891,0.127542,0.123618,0.112295,0.096579,0.086047,0.080344,0.066888,0.049033,0.042653,0.034665,0.023531,0.014806,0.007404,0.008782,
0.158585,0.150192,0.165517,0.162028,0.196490,0.160362,0.141680,0.122877,0.121221,0.115807,0.096969,0.098697,0.066147,0.055217,0.053985,0.039150,0.032018,0.021069,0.014134,0.008537,0.006071,
0.118422,0.123068,0.139308,0.140927,0.130214,0.135494,0.129742,0.122267,0.099255,0.094863,0.098040,0.077025,0.063994,0.060043,0.050956,0.034930,0.029767,0.018240,0.011322,0.007920,0.003498,
0.098760,0.120089,0.129752,0.129848,0.125022,0.123366,0.143278,0.101225,0.099204,0.095418,0.084087,0.074400,0.062773,0.053978,0.052695,0.034209,0.028964,0.019426,0.015357,0.009987,0.005241,
0.091206,0.123199,0.119230,0.127181,0.120942,0.104272,0.103492,0.105943,0.086897,0.088076,0.070748,0.074891,0.071330,0.054876,0.043191,0.033618,0.027984,0.018837,0.012361,0.007169,0.005624,
0.099914,0.110731,0.104871,0.113192,0.108860,0.096080,0.102577,0.087830,0.111161,0.076610,0.073365,0.065135,0.063644,0.054375,0.043621,0.034810,0.025914,0.024225,0.017109,0.010100,0.006258,
0.085844,0.109065,0.100381,0.104269,0.100940,0.090294,0.090128,0.090614,0.082608,0.082990,0.073496,0.071591,0.063093,0.046379,0.042629,0.032092,0.028248,0.022236,0.014080,0.009082,0.006381,
0.071097,0.086044,0.085677,0.085639,0.091406,0.087919,0.092136,0.071276,0.074256,0.078981,0.067683,0.064119,0.056747,0.050496,0.050047,0.036967,0.030277,0.024696,0.017424,0.012569,0.005335,
0.086208,0.090881,0.086156,0.076214,0.085755,0.085651,0.082713,0.076268,0.072476,0.083149,0.064226,0.064726,0.059096,0.053883,0.042400,0.040262,0.033471,0.024299,0.017335,0.013935,0.007845,
0.062288,0.065595,0.078898,0.074731,0.085189,0.085075,0.071265,0.070247,0.077939,0.075790,0.068212,0.063482,0.060003,0.055012,0.045706,0.037631,0.036864,0.031220,0.021755,0.015314,0.006898,
0.108595,0.084061,0.069803,0.071796,0.104625,0.082896,0.066175,0.064512,0.072884,0.070897,0.062753,0.057837,0.065274,0.059117,0.051921,0.042894,0.037010,0.025581,0.021381,0.017324,0.010497,
0.077805,0.122277,0.083485,0.067165,0.084096,0.082272,0.074857,0.065594,0.079101,0.076473,0.084041,0.065109,0.067067,0.056202,0.051042,0.048219,0.045280,0.033999,0.025519,0.016452,0.012474,
0.037493,0.058121,0.070540,0.072101,0.090110,0.083625,0.079674,0.063907,0.077376,0.078943,0.065553,0.085768,0.066012,0.066548,0.055329,0.044077,0.042902,0.033210,0.031513,0.022257,0.014925,
nan,0.087744,0.094036,0.099370,0.079087,0.069613,0.081597,0.057413,0.067750,0.068621,0.083776,0.061392,0.077840,0.066099,0.058547,0.059100,0.044200,0.040681,0.041579,0.020874,0.013094,
0.074752,0.083753,0.076062,0.068338,0.103964,0.083306,0.089123,0.054751,0.074685,0.065433,0.069373,0.066335,0.059370,0.073677,0.055518,0.063575,0.057365,0.062652,0.045345,0.036241,0.058314,
nan,0.050593,0.104816,0.157462,0.069318,0.023220,0.071679,0.045908,0.055581,0.090782,0.058622,0.046479,0.042638,0.090469,0.052729,0.181746,0.073828,0.029595,0.056412,0.025327,0.099817,
nan,0.157941,0.117882,0.159699,0.111924,0.207892,0.273202,0.141280,0.103338,0.067570,0.069921,0.048021,0.041994,0.079512,0.051239,0.024393,0.025097,0.032787,0.007400,0.001456,nan,
0.110320,0.171145,0.188231,0.134119,0.174239,0.148047,0.154554,0.137545,0.135784,0.132783,0.104316,0.094582,0.093005,0.050273,0.055231,0.043764,0.026743,0.035765,0.011325,0.009800,0.006390,
0.129869,0.187114,0.170076,0.186548,0.169015,0.133345,0.146202,0.131911,0.138387,0.115067,0.106204,0.084407,0.083908,0.059748,0.051912,0.037589,0.037848,0.020036,0.011834,0.009457,0.003736,
0.138348,0.149746,0.171389,nan,0.155675,0.165361,0.140192,0.121628,0.122196,0.120665,0.097549,0.089431,0.075189,0.073457,0.046305,0.040791,0.023439,0.016867,0.017036,0.009933,0.003361,
0.139436,0.129387,0.150761,0.146626,0.154332,0.118979,0.134090,0.120265,0.114093,0.103141,0.091462,0.087243,0.072487,0.056115,0.058389,0.040738,0.026277,0.026889,0.018591,0.007052,0.004945,
0.147685,0.153736,0.148993,0.143830,0.137249,nan,0.121271,0.116156,0.111534,0.101987,0.088600,0.090004,0.071624,0.053525,0.057396,0.044782,0.027692,0.019393,0.014343,0.007492,0.005628,
0.129805,0.155597,0.138181,0.130900,0.130164,0.123393,0.117524,0.123738,0.107248,0.098373,0.091922,0.080911,0.073522,0.057386,0.049981,0.035601,0.031930,0.019257,0.011043,0.009011,0.004109,
0.105589,0.151418,0.109157,0.126185,0.118582,0.099126,0.108810,0.117060,0.085511,0.087361,0.082225,0.067627,0.062273,0.054147,0.050306,0.034044,0.027489,0.018500,0.015529,0.008711,0.006796,
0.108661,0.098778,0.109795,0.104728,0.103447,0.101298,0.093875,0.092115,0.089833,0.076886,0.076841,0.063898,0.061041,0.050172,0.041312,0.035918,0.028575,0.019729,0.013706,0.007862,0.005004,
0.065824,0.091702,0.107445,0.090729,0.087995,0.091572,0.088222,0.093256,0.081120,0.085653,0.074420,0.069143,0.055238,0.051871,0.041186,0.034052,0.027421,0.024349,0.018262,0.010163,0.006335,
0.056002,0.105564,0.096977,0.086516,0.082699,0.079809,0.077450,0.081132,0.077458,0.066419,0.075543,0.066391,0.059148,0.049656,0.045499,0.039796,0.031065,0.020955,0.014242,0.011065,0.006422,
0.104306,0.084794,0.115455,0.078007,0.080675,0.075381,0.079487,0.071862,0.077460,0.079147,0.069669,0.066249,0.058096,0.053615,0.047965,0.041651,0.031322,0.027393,0.018509,0.014677,0.007039,
0.167690,0.084812,0.112352,0.075850,0.073190,0.075812,0.086671,0.072578,0.075135,0.066357,0.066841,0.061226,0.061906,0.056525,0.049621,0.041483,0.036400,0.026940,0.023608,0.018728,0.008816,
0.076876,0.060470,0.091075,0.073548,0.069778,0.080330,0.089975,0.085532,0.072602,0.068983,0.073695,0.064654,0.066889,0.065410,0.047192,0.042122,0.037043,0.036235,0.022548,0.016240,0.008054,
0.035236,0.053924,0.062710,0.083735,0.074901,0.071685,0.087275,0.072974,0.088957,0.075892,0.061112,0.070567,0.064471,0.065500,0.047714,0.047663,0.044440,0.027158,0.025231,0.020347,0.013825,
0.107741,0.073367,0.071339,0.091002,0.076024,0.070978,0.080708,0.083905,0.073856,0.091433,0.068081,0.056547,0.070006,0.065026,0.060790,0.053543,0.046057,0.035898,0.029866,0.021188,0.018243,
0.026899,0.064033,0.076972,0.088326,0.069004,0.082197,0.072133,0.070409,0.075512,0.084899,0.078511,0.065811,0.071927,0.062973,0.061391,0.057558,0.051540,0.039697,0.036438,0.026311,0.017704,
0.100999,0.076337,0.090562,0.066415,0.083269,0.055749,0.085130,0.091011,0.068978,0.073796,0.097819,0.056966,0.073303,0.063475,0.061559,0.074685,0.058612,0.055620,0.044661,0.038177,0.031465,
nan,nan,nan,0.042596,0.052112,0.116710,0.071614,0.067893,0.055077,0.053967,0.045466,0.057390,0.066487,0.052321,0.053336,0.111365,0.063020,0.069331,0.073689,0.032606,0.020777,
nan,0.145430,0.182426,0.163193,0.183885,0.112288,0.089824,0.130187,0.099741,0.101103,0.129067,0.097108,0.068779,0.041776,0.098933,0.020900,0.028596,0.016741,0.013614,0.003571,nan,
0.184369,0.216123,0.169226,0.146388,0.183578,0.183207,0.147248,0.141350,0.125843,0.137565,0.123438,0.080810,0.066933,0.056473,0.049698,0.040301,0.028768,0.031943,0.011298,0.008570,0.004982,
0.142719,0.196076,0.171450,0.171762,0.159264,0.175612,0.148772,0.147602,0.148652,0.116555,0.106406,0.092777,0.065300,0.066256,0.060045,0.044669,0.025615,0.024426,0.017148,0.006918,0.005366,
0.116638,0.161536,0.169719,0.184042,0.162838,0.144891,0.139632,0.126152,0.122926,0.109128,0.113034,0.093922,0.088126,0.066229,0.048645,0.045445,0.034602,0.018184,0.012625,0.008192,0.009879,
0.104234,0.164625,0.169794,0.149569,0.152042,0.145322,0.139065,0.122476,0.115761,0.111459,0.092200,0.082091,0.083144,0.062286,0.048415,0.040456,0.028878,0.022456,0.015507,0.006997,0.005893,
0.114068,0.146884,0.139614,0.141578,0.136677,0.138865,0.116314,0.116444,0.115266,0.110403,0.086906,0.084187,0.062250,0.056582,0.048041,0.036899,0.030725,0.022150,0.014641,0.012381,0.005525,
0.111312,0.134733,0.123453,0.136515,0.123812,0.103489,nan,0.104791,0.094474,0.096491,0.092532,0.077083,0.065376,0.052847,0.053658,0.038962,0.027719,0.019031,0.014454,0.008229,0.004969,
0.082572,0.114841,0.108575,0.126749,0.109220,0.114344,0.101140,0.101929,0.088429,0.092476,0.081390,0.076952,0.064986,0.058290,0.047428,0.035496,0.028217,0.019289,0.012465,0.009559,0.004830,
0.096501,0.164691,0.097926,0.112691,0.101504,0.102377,0.098495,0.100770,0.087892,0.081735,0.071838,0.071517,0.071307,0.050856,0.046747,0.034968,0.027603,0.018575,0.015915,0.007012,0.006338,
0.105112,0.089260,0.112668,0.094867,0.100798,0.087220,0.089154,0.080074,0.077254,0.103043,0.071296,0.065382,0.062409,0.055791,0.041538,0.037841,0.031136,0.020939,0.014747,0.008110,0.004956,
0.072511,0.085350,0.077161,0.084337,0.089293,0.089503,0.091529,0.095916,0.075005,0.077815,0.072577,0.070251,0.059151,0.050187,0.040171,0.037089,0.036838,0.022900,0.021068,0.010527,0.006836,
0.092619,0.089209,0.090533,0.087271,0.077383,0.088266,0.082495,0.079980,0.070882,0.068797,0.072430,0.066680,0.063756,0.050424,0.049649,0.038756,0.034956,0.023562,0.020694,0.011965,0.007348,
0.077549,0.073236,0.070114,0.080674,0.079106,0.078769,0.070117,0.077383,0.072907,0.068573,0.070686,0.059226,0.059075,0.052328,0.052998,0.045392,0.038052,0.026973,0.022146,0.013656,0.011165,
0.059670,0.072183,0.091334,0.078230,0.081351,0.075989,0.071438,0.071413,0.082790,0.075879,0.077784,0.066632,0.066923,0.058392,0.050468,0.038826,0.038504,0.033936,0.025523,0.016293,0.015004,
0.076461,0.090865,0.077459,0.073293,0.098561,0.069552,0.072374,0.077401,0.070279,0.081137,0.069373,0.064007,0.072952,0.070064,0.050126,0.048815,0.041450,0.033408,0.025859,0.019736,0.015560,
0.051081,0.099263,0.059780,0.070387,0.071603,0.069825,0.070505,0.077926,0.075483,0.073730,0.072915,0.062914,0.069274,0.068895,0.060501,0.056300,0.046855,0.045154,0.029157,0.024524,0.014868,
0.076256,0.098917,0.091140,0.062586,0.068710,0.091644,0.083142,0.082380,0.084003,0.082261,0.067648,0.070689,0.077774,0.069725,0.063492,0.061277,0.056607,0.043350,0.028427,0.030132,0.028110,
0.070236,0.060849,0.066183,0.061242,0.055483,0.071817,0.073037,0.087606,0.085480,0.076781,0.072172,0.053106,0.068985,0.079527,0.059902,0.059429,0.055285,0.052461,0.042071,0.031003,0.019842,
nan,nan,nan,0.055918,0.041084,0.050936,0.044341,0.153969,0.061801,0.073231,0.095093,0.090024,0.075048,0.139635,0.048578,0.062992,0.039558,0.049566,0.063094,0.053979,0.022378,
nan,0.152417,0.149102,0.161943,0.252819,0.181897,0.137554,0.108583,0.131655,0.084332,0.097134,0.070853,0.046126,0.043126,0.029397,0.021891,0.026568,0.018986,0.017350,0.002395,nan,
0.110131,0.169701,0.178647,0.173978,0.161634,0.145895,0.186354,0.139845,0.117660,0.100262,0.095346,0.107998,0.064756,0.080923,0.039311,0.056368,0.038723,0.017451,0.010458,0.007402,0.006118,
0.102200,0.148386,0.180844,0.174224,0.173519,0.150436,0.145797,0.146983,0.120313,0.108137,0.110310,0.093354,0.081157,0.060573,0.042164,0.042624,0.028767,0.028645,0.009928,0.005855,0.007735,
0.161868,0.153991,0.164612,0.168256,0.140576,0.159853,0.141362,0.139714,0.134984,0.107991,0.107485,0.093207,0.081830,0.056814,0.051163,0.034884,0.037403,0.019264,0.013015,0.008970,0.005495,
0.130439,0.127525,0.156907,0.158081,nan,0.151150,0.138114,0.116919,0.114514,0.105882,0.091518,0.085467,0.075278,0.064199,0.047066,0.041192,0.030020,0.016701,0.015336,0.008497,0.007070,
0.138825,0.122510,0.142745,0.146414,0.135354,0.134258,0.125492,0.118792,0.112135,0.094426,0.091795,0.081920,0.080099,0.059999,0.054938,0.036081,0.027805,0.022570,0.018028,0.007158,0.004577,
0.090537,0.114294,0.129499,0.136001,0.127659,0.120752,0.117678,0.117205,0.105281,0.093765,0.083685,0.084696,0.061249,0.054062,0.053402,0.034938,0.030299,0.022166,0.013759,0.012106,0.005273,
0.076501,0.103976,0.121323,0.114268,0.113276,0.110336,0.107753,0.108992,0.090391,0.087766,0.086168,0.069576,0.067353,0.056516,0.044715,0.038457,0.027840,0.018687,0.013934,0.008668,0.005853,
0.084007,0.106555,0.104316,0.097821,0.104373,0.098111,0.101449,0.084906,0.074308,0.080568,0.072790,0.072208,0.065424,0.054230,0.047333,0.036022,0.027905,0.020243,0.012694,0.010183,0.005650,
0.086919,0.076663,0.089835,0.091006,0.096198,0.092284,0.093427,0.093007,0.080503,0.084204,0.070941,0.066188,0.069252,0.051644,0.047291,0.035468,0.026595,0.020323,0.017013,0.008895,0.005987,
0.091653,0.073185,0.083338,0.088582,0.088102,0.090036,0.078243,0.079077,0.074562,0.073358,0.075151,0.065741,0.058575,0.054241,0.043086,0.042968,0.030895,0.021153,0.015763,0.008530,0.005767,
0.046094,0.070079,0.067404,0.102936,0.074337,0.090875,0.075137,0.076288,0.073628,0.066931,0.072408,0.064572,0.058432,0.053152,0.046279,0.040220,0.037875,0.025176,0.019307,0.011995,0.008754,
0.075347,0.078402,0.080830,0.077703,0.080338,0.081666,0.074880,0.073146,0.072837,0.071189,0.073821,0.070394,0.052587,0.056417,0.053039,0.044058,0.038109,0.026295,0.023838,0.014025,0.010286,
0.118006,0.072232,0.081124,0.085965,0.074905,0.101101,0.074055,0.073791,0.075341,0.075155,0.065542,0.067802,0.066050,0.061693,0.049478,0.043797,0.039561,0.031943,0.026441,0.015506,0.011775,
0.049359,0.095320,0.087276,0.076853,0.073506,0.085701,0.082317,0.079388,0.080495,0.070804,0.070276,0.067760,0.070694,0.070261,0.051311,0.049130,0.043881,0.038562,0.032034,0.021193,0.014852,
0.072742,0.090816,0.075076,0.099956,0.088863,0.064258,0.075209,0.074660,0.071896,0.073817,0.080244,0.069162,0.065824,0.057645,0.064977,0.053252,0.051013,0.033356,0.031254,0.022569,0.014093,
0.113173,0.099325,0.056617,0.101566,0.066107,0.064182,0.088760,0.083532,0.061491,0.077529,0.075634,0.069236,0.072255,0.053885,0.059256,0.062269,0.054394,0.051373,0.037890,0.029130,0.030556,
nan,0.081243,0.065278,0.072189,0.060509,0.073250,0.080913,0.063504,0.063985,0.088957,0.091988,0.072839,0.076850,0.081844,0.070573,0.061108,0.053148,0.048793,0.044681,0.027605,0.037944,
nan,nan,0.273383,nan,0.056597,0.062531,0.046484,0.061748,0.141614,0.045563,0.069015,0.027757,0.048020,0.095297,0.055241,0.054321,0.065387,0.037513,0.036541,0.026233,0.019666,
nan,0.190081,0.152996,0.226795,0.174397,0.131578,0.180296,0.158276,0.091805,0.177411,0.118679,0.032843,0.047206,0.102867,0.020501,0.044275,0.016990,0.015495,0.003287,0.006604,nan,
0.172430,0.192584,0.180151,0.156836,0.142505,0.159881,0.145548,0.152439,0.129085,0.109226,0.101631,0.116971,0.077760,0.060894,0.057518,0.049678,0.029637,0.020265,0.011984,0.006770,0.004514,
0.109504,0.182875,0.170293,0.184024,0.156222,0.139156,0.165307,0.129129,0.137360,0.138484,0.105885,0.081453,0.082029,0.061634,0.049332,0.037119,0.023094,0.028937,0.013745,0.009706,0.007433,
0.114321,0.192177,0.176666,0.159955,0.158639,0.153435,0.143877,0.137387,0.124596,0.108038,0.106411,0.090906,0.070284,0.054616,0.054312,0.046164,0.029699,0.024636,0.012521,0.005875,0.005861,
0.087452,0.163686,0.162462,0.152462,0.151881,0.144212,0.136667,0.118194,0.117362,0.102408,0.100906,0.092636,0.075331,0.069152,0.052690,0.036908,0.041206,0.019781,0.013643,0.007648,0.006810,
0.126905,0.126915,0.152091,0.151843,0.129530,0.154192,0.127699,0.113566,0.114410,0.103030,0.088723,0.078533,0.076728,0.059970,0.043807,0.042646,0.027250,0.016732,0.013370,0.007523,0.005992,
0.110943,0.109051,0.151125,0.126128,0.126913,0.117042,nan,0.109697,0.105835,0.099835,0.082731,0.079297,0.077694,0.062896,0.051382,0.037792,0.026454,0.020257,0.018766,0.007132,0.004605,
0.063110,0.102518,0.142448,0.119568,0.117747,0.114694,0.106118,0.101467,0.093000,0.089798,0.081269,0.076601,0.060844,0.057657,0.056252,0.037610,0.029918,0.021623,0.015326,0.015015,0.004781,
0.063788,0.089412,0.122268,0.115338,0.099202,0.099846,0.098648,0.099610,0.084847,0.082581,0.076349,0.067215,0.062457,0.060383,0.047203,0.037542,0.029276,0.020426,0.014349,0.009664,0.005877,
0.059129,0.113452,0.104201,0.100842,0.093878,0.087967,0.083043,0.079604,0.081105,0.080465,0.072128,0.064889,0.062914,0.055872,0.042439,0.039177,0.029379,0.023217,0.013395,0.009443,0.006030,
0.065563,0.089481,0.083133,0.092131,0.095801,0.083057,0.083481,0.087137,0.075342,0.071308,0.076755,0.072087,0.064904,0.052666,0.051641,0.037075,0.028651,0.024340,0.017280,0.012758,0.007026,
0.104343,0.075743,0.088669,0.086130,0.085781,0.086757,0.071935,0.085388,0.074314,0.073196,0.071274,0.064210,0.060948,0.053990,0.044135,0.043025,0.034221,0.023669,0.018293,0.014268,0.007245,
0.101355,0.071255,0.068406,0.087486,0.092912,0.080745,0.069497,0.078844,0.067645,0.072489,0.068153,0.062640,0.063139,0.054904,0.050666,0.043446,0.041899,0.028431,0.019388,0.012589,0.009128,
0.077888,0.061346,0.056504,0.075039,0.084914,0.083873,0.074600,0.089346,0.068460,0.073682,0.062191,0.064105,0.069441,0.062317,0.051183,0.050824,0.043939,0.032293,0.024306,0.017494,0.009489,
nan,0.064950,0.053577,0.074392,0.082438,0.078691,0.073608,0.089999,0.074590,0.072614,0.063628,0.065850,0.063260,0.064519,0.056557,0.048103,0.046699,0.034753,0.032037,0.020447,0.013310,
0.044519,0.082588,0.084154,0.076898,0.101878,0.090907,0.073747,0.094090,0.083003,0.082057,0.071507,0.073058,0.060211,0.066464,0.056758,0.055520,0.054301,0.046447,0.035976,0.025445,0.016048,
nan,0.059814,0.090783,0.091303,0.104396,0.072935,0.095215,0.066765,0.077053,0.072907,0.070830,0.067615,0.072571,0.059029,0.060806,0.066095,0.052249,0.045849,0.037609,0.037711,0.027784,
0.489953,0.065027,0.057120,0.063728,0.103578,0.091895,0.062837,0.090843,0.064503,0.074448,0.068409,0.055987,0.068853,0.067002,0.076591,0.069585,0.050973,0.049655,0.049056,0.032271,0.023927,
nan,nan,nan,0.090010,0.054133,0.104466,0.065366,0.065476,0.050634,0.070837,0.050631,0.131413,0.124043,0.042745,0.041288,0.046248,0.035785,0.033460,0.048190,0.046035,0.030451,
nan,0.175374,0.114861,0.107062,0.112300,0.180335,0.147894,0.134169,0.072970,0.129340,0.077138,0.078682,0.055136,0.066039,0.075897,0.028249,0.034060,0.021732,0.019104,0.003625,nan,
0.136306,0.099560,0.188388,0.167468,0.182643,0.147737,0.150004,0.154418,0.130396,0.122410,0.121637,0.070719,0.080343,0.061620,0.058730,0.032829,0.033119,0.016244,0.018631,0.006849,0.004401,
0.158055,0.202668,0.167297,0.158396,0.150306,0.154600,0.152897,0.140516,0.137491,0.110465,0.103795,0.104411,0.070919,0.068455,0.046604,0.046639,0.029937,0.023510,0.011312,0.009076,0.006737,
0.128556,0.174120,0.162203,0.169690,0.165226,0.153880,0.143150,0.127906,0.124549,0.116865,0.094257,0.085131,0.084529,0.057280,0.045434,0.038951,0.023659,0.025504,0.013504,0.007954,0.007001,
0.245009,0.171028,0.156805,0.162224,0.141589,0.142993,0.137732,0.127179,0.128683,0.102287,0.100822,0.089777,0.069511,0.052827,0.048760,0.042273,0.026330,0.023868,0.012238,0.006795,0.005005,
0.202085,0.146494,0.148094,0.152557,0.145075,0.136470,0.130691,0.115447,0.109629,0.097923,0.090886,0.085103,0.074381,0.064278,0.052571,0.037245,0.038176,0.020491,0.013578,0.007744,0.007154,
0.100683,0.116367,0.126090,0.138980,0.131365,0.124007,0.117180,0.112893,0.107682,0.096423,0.088180,0.070825,0.075209,0.058402,0.046266,0.037110,0.033723,0.021157,0.013743,0.007041,0.007892,
0.120873,0.103006,0.110780,0.120050,0.119746,0.116700,0.109314,0.105690,0.095334,0.090967,0.079874,0.071709,0.077167,0.058206,0.049858,0.034473,0.024486,0.020677,0.013591,0.007899,0.005124,
0.070741,0.089096,0.098908,0.107829,0.120206,0.106586,0.102097,0.092097,0.087320,0.080682,0.075119,0.067825,0.062629,0.058378,0.051704,0.039532,0.025473,0.019410,0.018141,0.012126,0.005726,
0.054840,0.078418,0.090163,0.093679,0.109141,0.113735,0.091849,0.089676,0.078451,0.082450,0.072461,0.066885,0.058613,0.061947,0.048821,0.040722,0.027100,0.020817,0.017123,0.013058,0.005772,
0.069345,0.076382,0.079703,0.095827,0.087396,0.102384,0.085795,0.085013,0.076719,0.073090,0.068022,0.066122,0.065394,0.053604,0.048490,0.040754,0.029832,0.023712,0.018375,0.011554,0.005326,
0.068439,0.070517,0.072747,0.096322,0.080741,0.088616,0.088343,0.075110,0.075320,0.071136,0.069509,0.065558,0.059764,0.053562,0.051102,0.040846,0.029637,0.028032,0.017850,0.011822,0.007604,
0.097598,0.080950,0.083442,0.101688,0.079104,0.088835,0.091846,0.086725,0.072071,0.069388,0.068133,0.061915,0.064268,0.056190,0.049625,0.045304,0.035912,0.029937,0.020020,0.014281,0.010430,
0.043941,0.093828,0.070629,0.085136,0.075350,0.084313,0.094972,0.086254,0.077302,0.071849,0.070605,0.066947,0.061691,0.064136,0.050782,0.046287,0.041555,0.033120,0.021039,0.015508,0.013400,
0.073575,0.067439,0.068005,0.098838,0.078075,0.095506,0.070701,0.085300,0.075476,0.071093,0.076242,0.069724,0.057381,0.066842,0.057353,0.051390,0.044392,0.037862,0.025437,0.018656,0.012316,
0.129218,0.120166,0.047702,0.063366,0.105704,0.098122,0.086397,0.081706,0.082315,0.065072,0.069450,0.074215,0.067282,0.068749,0.059194,0.055995,0.052986,0.041147,0.032259,0.021791,0.019587,
0.048123,0.092050,0.063496,0.051369,0.064813,0.070380,0.083477,0.094564,0.082183,0.070804,0.075740,0.078470,0.076956,0.083496,0.066620,0.056203,0.055378,0.046510,0.043019,0.033980,0.021882,
0.046406,0.177702,0.102217,0.118240,0.090155,0.077322,0.051620,0.107321,0.077479,0.076379,0.063027,0.060656,0.080914,0.069878,0.071249,0.064097,0.050029,0.062093,0.039105,0.035021,0.026868,
nan,nan,nan,0.025233,0.061356,0.082644,0.089913,0.292935,0.074147,0.077382,0.057856,0.069789,0.126887,0.058507,0.090730,0.053669,0.076293,0.048194,0.061849,0.076059,0.053236,
nan,0.274800,0.177995,0.113669,0.120802,0.221824,0.116957,0.052546,0.081952,0.073840,0.090948,0.040211,0.054834,0.030683,0.040902,0.018047,0.022056,0.009055,0.011671,0.006203,nan,
0.177608,nan,0.188623,0.138300,0.171438,0.143036,0.139299,0.133361,0.103402,0.120175,0.094466,0.092012,0.060144,0.062379,0.064755,0.032104,0.029832,0.022038,0.011560,0.005247,0.007543,
0.161268,0.167684,0.180392,0.160299,0.156328,0.156312,0.142929,0.148289,0.126019,0.112226,0.098883,0.093215,0.071363,0.063165,0.056986,0.042933,0.033370,0.019185,0.016213,0.005793,0.005097,
0.162214,0.165464,0.167835,0.157715,0.152102,0.152388,0.147630,0.143147,0.123609,0.110146,0.094797,0.099285,0.073535,0.064654,0.048742,0.043635,0.031746,0.021633,0.013819,0.007953,0.004862,
0.125170,0.160630,0.156592,0.153611,0.155457,0.143710,0.139751,0.131845,0.113578,0.108116,0.092014,0.087143,0.077485,0.060750,0.046909,0.038390,0.026317,0.022378,0.012776,0.007960,0.005511,
0.109099,0.130478,0.145530,0.134111,0.139199,0.145644,0.128944,0.120445,0.116653,0.101239,0.092197,0.081028,0.073372,0.055189,0.048167,0.038968,0.025841,0.023605,0.012908,0.007496,0.005067,
0.177420,0.113735,0.135027,0.121897,0.126367,0.122056,0.127976,0.110251,0.103905,0.091410,0.086305,0.079667,0.068912,0.050850,0.045764,0.035475,0.026089,0.022236,0.014645,0.008026,0.005430,
0.118454,0.103016,0.128684,0.118685,0.114687,0.114116,0.112364,0.103211,0.097040,0.088549,0.080891,0.073167,0.062925,0.050336,0.042649,0.034896,0.031692,0.022535,0.017616,0.008410,0.005101,
0.074458,0.092789,0.116750,0.111464,0.105489,0.101867,0.098104,0.094882,0.085516,0.080069,0.077491,0.070036,0.069926,0.050712,0.041842,0.037615,0.030639,0.022327,0.016368,0.008615,0.005168,
0.036736,0.084689,0.103789,0.102184,0.094670,0.089371,0.094536,0.086260,0.082199,0.079205,0.073996,0.064006,0.065285,0.055543,0.046338,0.037909,0.029729,0.021452,0.017183,0.008803,0.005593,
0.037331,0.076571,0.091154,0.093208,0.089065,0.082965,0.092950,0.082941,0.080202,0.072185,0.074402,0.064181,0.062779,0.057093,0.049461,0.038715,0.029728,0.023034,0.017911,0.012821,0.006756,
0.042436,0.074425,0.076079,0.084252,0.091080,0.087034,0.088061,0.080493,0.078075,0.072669,0.070865,0.064736,0.062350,0.056482,0.050510,0.040496,0.029798,0.024931,0.021846,0.011796,0.007887,
0.063260,0.065231,0.071591,0.076531,0.088773,0.073230,0.094610,0.081003,0.077526,0.080546,0.066749,0.063595,0.062495,0.058925,0.055490,0.044021,0.032609,0.028203,0.020436,0.013864,0.016113,
0.092225,0.065773,0.088615,0.080789,0.090021,0.074507,0.108318,0.074314,0.078682,0.080061,0.072304,0.068285,0.061158,0.063319,0.053215,0.047008,0.036086,0.032088,0.024573,0.019323,0.009931,
0.067251,0.094406,0.080643,0.066769,0.074720,0.077913,0.101396,0.073145,0.074519,0.087298,0.065912,0.072182,0.067410,0.066112,0.056561,0.051395,0.043127,0.036784,0.026906,0.019472,0.015209,
0.055862,0.055485,0.081184,0.080669,0.078112,0.082761,0.069708,0.078902,0.074656,0.091486,0.080714,0.068913,0.066299,0.062882,0.063485,0.055402,0.049137,0.042307,0.034311,0.026243,0.015357,
0.110877,0.062946,0.088352,0.089352,0.075322,0.068597,0.070186,0.076946,0.084067,0.064993,0.088853,0.063589,0.074045,0.065875,0.065323,0.063515,0.053845,0.052604,0.038575,0.027130,0.020775,
nan,0.063718,0.166109,0.087693,0.120131,0.061664,0.072152,0.069266,0.072719,0.103667,0.087605,0.077673,0.077711,0.066715,0.059236,0.065506,0.059332,0.057761,0.044082,0.038257,0.026394,
nan,nan,nan,nan,nan,0.051370,0.057935,0.113269,0.068941,0.073795,0.098624,0.062127,0.110419,0.054798,0.075179,0.053548,0.051690,0.047239,0.042850,0.054215,0.038537,
0.175213,0.197227,0.155548,0.181717,0.191377,0.116554,0.149210,0.079705,0.149291,0.098674,0.183983,0.100177,0.044887,0.053693,0.059782,0.055990,0.015436,0.006849,0.020204,0.001605,nan,
0.177762,0.183701,0.162478,0.151639,0.168533,0.163479,0.155940,0.109569,0.155858,0.111606,0.102839,0.076123,0.089086,0.056318,0.055076,0.032211,0.021697,0.022011,0.011879,0.003705,0.002811,
0.169259,0.151367,0.176755,0.148067,0.166141,0.135996,0.145586,0.133806,0.127936,0.134782,0.094379,0.084083,0.076103,0.055982,0.072474,0.032141,0.024447,0.022640,0.009400,0.005421,0.005475,
0.184921,0.136082,0.177977,0.163425,0.150669,0.149343,0.139419,0.142493,0.125809,0.120534,0.091200,0.083378,0.070825,0.056913,0.066428,0.033832,0.024917,0.023463,0.010953,0.005432,0.006840,
0.143022,0.130702,0.174647,0.149546,0.148652,0.147986,0.129214,0.139709,0.113792,0.113072,0.079919,0.085894,0.064794,0.048585,0.063620,0.038633,0.026513,0.021957,0.012682,0.006226,0.005407,
0.127140,0.172119,0.162727,0.140914,0.132533,0.136594,0.125196,0.132000,0.108062,0.101624,0.080105,0.085265,0.064313,0.051590,0.054447,0.039327,0.028329,0.024137,0.012379,0.007214,0.003821,
0.131239,0.166524,0.153966,0.127473,0.119922,0.131003,0.118857,0.115780,0.102692,0.103522,0.077649,0.079434,0.063353,0.053683,0.049449,0.042184,0.027952,0.021603,0.012043,0.007566,0.003624,
0.118327,0.133839,0.135841,0.105634,0.117709,0.119451,0.107413,0.105542,0.097846,0.089999,0.074844,0.070162,0.063663,0.052079,0.048846,0.044496,0.027763,0.023046,0.011070,0.008664,0.003907,
0.102324,0.101837,0.115854,0.089802,0.114702,0.108214,0.101718,0.098837,0.088852,0.082596,0.074966,0.071797,0.062184,0.052321,0.047625,0.040968,0.028364,0.024218,0.015690,0.010204,0.004499,
0.081947,0.079389,0.089784,0.085528,0.106606,0.099651,0.096596,0.093143,0.085827,0.076524,0.074655,0.068539,0.058526,0.050983,0.043169,0.038543,0.027678,0.023012,0.013689,0.010644,0.005392,
0.166116,0.070976,0.086126,0.091384,0.095623,0.096086,0.089569,0.088684,0.078510,0.074474,0.071741,0.065572,0.058813,0.056156,0.042478,0.038754,0.030594,0.026478,0.019758,0.013819,0.005289,
0.121796,0.065115,0.064904,0.089110,0.091415,0.081887,0.082970,0.079974,0.076535,0.076422,0.067888,0.064421,0.064549,0.054965,0.045068,0.041884,0.034436,0.028416,0.023409,0.013440,0.006977,
0.049727,0.059660,0.064542,0.099821,0.079249,0.072561,0.070739,0.077015,0.079856,0.073762,0.068036,0.064876,0.062547,0.057679,0.047333,0.043191,0.036100,0.030906,0.025299,0.014117,0.008309,
0.060093,0.058907,0.071962,0.091053,0.061109,0.074879,0.074536,0.081012,0.077321,0.072078,0.070901,0.065948,0.063594,0.061235,0.055711,0.045457,0.036789,0.031580,0.021253,0.014880,0.009640,
0.074909,0.057445,0.067761,0.066746,0.073246,0.086356,0.079854,0.076585,0.076777,0.067083,0.074221,0.064784,0.065446,0.062444,0.057890,0.049091,0.044560,0.035035,0.027164,0.022621,0.012595,
0.056553,0.078895,0.061467,0.066640,0.079007,0.071971,0.068554,0.065863,0.077852,0.065852,0.067952,0.070095,0.063841,0.072283,0.062473,0.054770,0.052565,0.037623,0.034578,0.025448,0.014747,
0.083846,0.061408,0.057802,0.072282,0.063232,0.074658,0.083107,0.102777,0.069024,0.071639,0.081631,0.085026,0.066941,0.080267,0.062318,0.061840,0.054408,0.045688,0.033197,0.024077,0.017279,
0.129613,0.037981,0.048275,0.046731,0.088452,0.082626,0.089276,0.066633,0.066220,0.082070,0.054864,0.074783,0.057886,0.056570,0.066063,0.060320,0.054861,0.055675,0.043603,0.032876,0.023082,
nan,nan,nan,nan,nan,nan,nan,nan,nan,nan,0.112461,0.052601,0.051477,0.222125,0.043399,0.255392,0.042909,0.048763,0.054350,0.030335,0.033457,
