0.222444,0.720546,0.312186,0.673745,0.310185,0.477099,0.252483,0.240805,0.193639,0.194762,0.180001,0.224216,0.227512,0.192473,0.133238,0.066370,0.079425,0.149394,0.034600,0.024666,0.009749,
0.339210,0.518681,0.385369,0.409090,0.311512,0.366803,0.300432,0.301410,0.325451,0.265912,0.164814,0.219822,0.180548,0.237318,0.137814,0.083465,0.092167,0.075122,0.063924,0.018596,0.008905,
0.303191,0.416460,0.410461,0.358737,0.335786,0.336697,0.267475,0.299466,0.262758,0.215386,0.171132,0.254423,0.161469,0.204731,0.173572,0.120472,0.132558,0.056688,0.059155,0.027165,0.009299,
0.339189,0.418883,0.335922,0.363226,0.378804,0.345114,0.261926,0.273940,0.280522,0.204076,0.200278,0.212577,0.174095,0.178805,0.167979,0.116152,0.101457,0.053626,0.048714,0.027309,0.010466,
0.338380,0.329025,0.269392,0.368542,0.369671,0.295449,0.297300,0.229516,0.250746,0.221700,0.205886,0.176006,0.158092,0.161219,0.132822,0.121582,0.100938,0.057577,0.040472,0.028575,0.014893,
0.469385,0.280791,0.244155,0.393985,0.428608,0.280837,0.266217,0.229561,0.242686,0.205710,0.188455,0.178309,0.143356,0.166511,0.110059,0.110287,0.112160,0.068244,0.049975,0.043081,0.015836,
0.299077,0.253926,0.196463,0.296165,0.353920,0.251938,0.212109,0.208911,0.228758,0.183262,0.199049,0.149126,0.138588,0.153206,0.109853,0.113858,0.108242,0.081739,0.062126,0.054050,0.017277,
0.207829,0.209123,0.244168,0.262566,0.259402,0.232361,0.165590,0.176931,0.251341,0.159278,0.208694,0.159916,0.137867,0.148429,0.109037,0.128482,0.102313,0.086436,0.067450,0.048796,0.017231,
0.154828,0.163115,0.188062,0.188039,0.228127,0.216056,0.166940,0.153869,0.209656,0.157102,0.169783,0.155178,0.131246,0.142001,0.125173,0.147007,0.122025,0.102500,0.087197,0.052197,0.019809,
0.118666,0.133378,0.171631,0.147150,0.182241,0.187099,0.175769,0.152278,0.220679,0.158673,0.156187,0.165398,0.138164,0.162665,0.149212,0.161074,0.160002,0.116327,0.100263,0.054962,0.021138,
0.104321,0.151145,0.207280,0.126626,0.140294,0.177394,0.215644,0.155237,0.186739,0.172572,0.166696,0.187316,0.146076,0.188579,0.175135,0.192578,0.206265,0.151283,0.138439,0.058047,0.050307,
0.083880,0.154247,0.271701,0.141569,0.130421,0.172203,0.188639,0.148965,0.161630,0.194264,0.170983,0.223308,0.168546,0.202495,0.213489,0.247665,0.268209,0.188308,0.151469,0.061875,0.045237,
0.268226,0.132706,0.470686,0.170158,0.134123,0.165012,0.171232,0.171451,0.208175,0.234982,0.196743,0.225409,0.269976,0.263932,0.278669,0.342738,0.321454,0.253839,0.180284,0.071835,0.032535,
0.776172,0.106932,0.116829,0.190233,0.167439,0.139509,0.149432,0.221503,0.237552,0.293657,0.297183,0.310909,0.314630,0.340821,0.360940,0.462428,0.385179,0.335512,0.209115,0.098559,0.037489,
0.089757,0.714665,0.110168,0.333587,0.273286,0.159474,0.141192,0.216120,0.251588,0.241978,0.307385,0.406670,0.345972,0.456046,0.492915,0.531802,0.513952,0.410983,0.212848,0.093373,0.063138,
0.121634,0.218681,0.133718,0.228096,0.173881,0.151251,0.244356,0.297882,0.406337,0.284265,0.416545,0.474074,0.398953,0.572305,0.720627,0.690922,0.626380,0.455714,0.233621,0.075940,0.064676,
0.127312,0.087819,0.384935,0.277501,0.234031,0.153249,0.209588,0.272433,0.278963,0.442599,0.614514,0.465531,0.645547,0.690878,0.880945,0.831324,0.748583,0.473350,0.185976,0.083034,0.034382,
0.076818,0.215641,0.303804,0.166811,0.133111,0.605698,0.290439,0.401843,0.400586,0.560646,0.618111,0.565426,0.626577,0.831670,0.958282,0.909620,0.720640,0.287091,0.120120,0.053440,0.031021,
nan,nan,nan,nan,nan,nan,nan,nan,nan,nan,0.270788,0.478531,0.808713,0.913011,0.869003,0.460032,0.422174,0.209104,0.080430,0.031893,nan,
nan,nan,0.346331,0.187424,0.371558,0.191139,0.293794,0.411821,0.263162,0.345329,0.149945,0.181576,0.234384,0.190213,0.156806,0.074847,0.049176,0.046250,0.093821,0.015814,0.042665,
nan,0.412021,0.422487,0.335356,0.330456,0.345740,0.299058,0.361294,0.326525,0.287792,0.227492,0.246215,0.139095,0.155747,0.171989,0.121224,0.134159,0.039484,0.048648,0.020154,0.010699,
0.941591,0.426349,0.377704,0.340245,0.332203,0.319994,0.303868,0.303814,0.367841,0.336022,0.236709,0.182540,0.174005,0.136940,0.154895,0.136378,0.078289,0.054325,0.041291,0.031954,0.016479,
0.514888,0.462965,0.419115,0.368325,0.330732,0.290718,0.302375,0.289289,0.323086,0.291437,0.242376,0.179706,0.162974,0.143413,0.129957,0.107536,0.084815,0.055032,0.045162,0.032862,0.015032,
0.429219,0.318223,0.347429,0.320776,0.354266,0.249702,0.287770,0.319422,0.264837,0.241439,0.215590,0.196797,0.175344,0.166742,0.129721,0.110866,0.095718,0.062818,0.065163,0.032386,0.013076,
0.391422,0.281034,0.269526,0.282854,0.356659,0.242278,0.279826,0.322793,0.220764,0.206585,0.195946,0.208002,0.171469,0.140184,0.113332,0.116436,0.118392,0.072649,0.073452,0.030464,0.014816,
0.219948,0.243529,0.232602,0.265339,0.272194,0.236371,0.223664,0.223435,0.209294,0.185070,0.179956,0.211534,0.184242,0.141548,0.110166,0.115986,0.107440,0.069616,0.077885,0.029333,0.020910,
0.178805,0.225757,0.226027,0.238907,0.238116,0.237104,0.195509,0.189673,0.183161,0.177186,0.154535,0.172574,0.169662,0.136564,0.115832,0.117200,0.110851,0.079462,0.072509,0.034928,0.031621,
0.250047,0.218155,0.186044,0.208280,0.218667,0.191298,0.172628,0.178058,0.175659,0.192119,0.157900,0.161378,0.179495,0.136690,0.131214,0.147555,0.131427,0.094402,0.078855,0.046668,0.030240,
0.139598,0.167226,0.184076,0.182668,0.194969,0.174360,0.164210,0.190702,0.153187,0.220917,0.177642,0.172778,0.178533,0.175771,0.151116,0.188398,0.157134,0.118413,0.086024,0.049281,0.029687,
0.195010,0.143610,0.161784,0.155839,0.166016,0.179422,0.166851,0.197385,0.157182,0.190262,0.180415,0.205475,0.158907,0.185795,0.166917,0.207288,0.204490,0.137555,0.114158,0.050274,0.032403,
0.164697,0.185003,0.169697,0.140972,0.182922,0.188056,0.180311,0.188083,0.161929,0.242492,0.195552,0.195421,0.192899,0.215899,0.201807,0.232130,0.213483,0.178592,0.135439,0.069745,0.032362,
0.125762,0.152463,0.217157,0.213424,0.207882,0.181508,0.202515,0.190055,0.178071,0.279211,0.187698,0.229102,0.271622,0.258812,0.260488,0.304918,0.281378,0.238580,0.166495,0.081452,0.031529,
0.102151,0.117770,0.255211,0.274310,0.181707,0.182632,0.196721,0.266967,0.237040,0.277854,0.229659,0.259672,0.346659,0.333834,0.376964,0.401113,0.393774,0.302282,0.193869,0.084935,0.047787,
0.220092,0.159676,0.207270,0.249859,0.184153,0.287368,0.240319,0.254655,0.307120,0.317244,0.299804,0.366486,0.493490,0.389457,0.450905,0.548192,0.523615,0.370226,0.225073,0.084877,0.053052,
0.068118,0.434486,0.147157,0.194739,0.191469,0.231902,0.295756,0.239206,0.290951,0.292697,0.337648,0.467779,0.559003,0.530889,0.562590,0.620236,0.603855,0.454893,0.206954,0.086601,0.042427,
0.065471,0.611223,0.150425,0.311756,0.297610,0.228980,0.374548,0.339318,0.347846,0.378025,0.383307,0.684255,0.658210,0.682977,0.937487,0.764099,0.698040,0.428986,0.156622,0.070277,0.033915,
nan,0.203260,0.289580,0.249145,0.296752,0.305490,0.279791,0.331353,0.252430,0.548693,0.428921,0.842817,0.839309,0.869078,0.828903,0.869625,0.626013,0.294674,0.098849,0.054434,0.025246,
nan,nan,nan,nan,0.194995,0.182685,0.193723,0.220098,0.451722,0.541628,0.804291,0.556073,1.001588,0.763722,0.705172,0.790806,0.666246,0.197612,0.144174,0.030445,0.004224,
nan,0.682413,0.433461,0.213883,0.475147,0.329769,0.378784,0.375233,0.268655,0.360535,0.324182,0.262080,0.206957,0.184715,0.101679,0.108260,0.089730,0.040000,0.102888,0.017435,0.031269,
0.333783,0.348048,0.410884,0.467232,0.359683,0.415227,0.357275,0.299820,0.305461,0.345301,0.263514,0.159679,0.198257,0.149058,0.166665,0.162042,0.087629,0.071440,0.032686,0.038661,0.023653,
0.296255,0.302719,0.408615,0.436067,0.388740,0.349153,0.292281,0.275228,0.277714,0.264560,0.226826,0.189342,0.186621,0.134651,0.111893,0.122791,0.080875,0.053735,0.046725,0.028376,0.021710,
0.261969,0.291683,0.353857,0.370092,0.327556,0.300938,0.256018,0.305376,0.221584,0.243896,0.201164,0.220348,0.199877,0.170131,0.118981,0.141557,0.094251,0.069305,0.054804,0.033337,0.011977,
0.253493,0.308880,0.329934,0.321728,0.292729,0.354202,0.262672,0.247102,0.218257,0.202393,0.184077,0.217484,0.209658,0.134412,0.142896,0.102354,0.096816,0.074759,0.045025,0.024471,0.015959,
0.261698,0.230209,0.325322,0.287032,0.274502,0.343472,0.256574,0.248532,0.226790,0.191140,0.206859,0.183324,0.187208,0.139649,0.124648,0.110013,0.091856,0.072367,0.049842,0.028784,0.017102,
0.181117,0.208191,0.290403,0.253839,0.237150,0.291397,0.239251,0.235799,0.224850,0.191934,0.192004,0.160554,0.158729,0.151313,0.121346,0.121719,0.104038,0.074048,0.061998,0.035348,0.016767,
0.165349,0.174578,0.262432,0.214462,0.200075,0.240978,0.220332,0.250101,0.200843,0.187572,0.188770,0.153262,0.175834,0.161686,0.128907,0.128485,0.114221,0.095826,0.061507,0.035937,0.019821,
0.115236,0.166615,0.286757,0.247505,0.171193,0.228952,0.193730,0.216190,0.167488,0.187906,0.183045,0.189017,0.150521,0.169293,0.136541,0.123931,0.128679,0.101956,0.076725,0.038420,0.028932,
0.141570,0.154219,0.223147,0.191993,0.154550,0.217039,0.145623,0.215723,0.154639,0.178019,0.156349,0.181810,0.164054,0.151542,0.158651,0.153731,0.147897,0.141951,0.085979,0.051369,0.032124,
0.133919,0.240585,0.156002,0.161382,0.157890,0.167681,0.122801,0.190853,0.155601,0.205178,0.151690,0.191385,0.216354,0.185013,0.198643,0.179169,0.194778,0.137704,0.101845,0.058611,0.027105,
0.113481,0.123283,0.138281,0.135273,0.159879,0.145648,0.151674,0.177469,0.154531,0.203452,0.180328,0.213276,0.277574,0.203104,0.243644,0.233198,0.232504,0.193569,0.131246,0.060322,0.043038,
0.089163,0.101018,0.147566,0.135929,0.195047,0.166519,0.188546,0.191690,0.218415,0.172501,0.227795,0.245273,0.299667,0.307000,0.296449,0.307431,0.310543,0.221167,0.178247,0.078542,0.041239,
0.084581,0.099617,0.170912,0.133407,0.266040,0.137306,0.186476,0.234091,0.205964,0.211605,0.290456,0.287054,0.328737,0.321575,0.370886,0.437554,0.373679,0.302117,0.176269,0.100044,0.048258,
0.114916,0.111150,0.167267,0.156028,0.253347,0.200796,0.225106,0.214084,0.252145,0.213407,0.284817,0.359509,0.422800,0.402009,0.556485,0.577125,0.445507,0.364148,0.201503,0.093067,0.037139,
0.098802,0.261657,0.145583,0.158223,0.169404,0.261996,0.280433,0.290157,0.243399,0.357927,0.358989,0.443428,0.432114,0.535763,0.612259,0.602834,0.557155,0.399560,0.225340,0.084312,0.039012,
nan,0.099332,0.187458,0.188350,0.201508,0.175870,0.248980,0.315325,0.345639,0.376048,0.375765,0.545540,0.613287,0.754549,0.783061,0.768799,0.592401,0.406127,0.178010,0.055235,0.032140,
0.093113,0.303879,0.181762,0.135602,0.311921,0.345918,0.252802,0.244017,0.585386,0.459465,0.575717,0.544508,0.665883,0.990821,0.795751,0.746619,0.643314,0.258978,0.095907,0.045484,0.024319,
nan,nan,nan,0.134571,0.393879,1.889757,1.146121,0.235238,0.254589,0.612461,0.518249,0.430651,0.503407,0.616734,0.794439,0.670531,0.303514,0.171452,0.052716,0.074984,0.027361,
nan,0.558775,0.352717,0.223953,0.263533,0.236571,0.387017,0.281015,0.476403,0.225572,0.209410,0.176385,0.246784,0.067803,0.126342,0.304863,0.188529,0.039491,0.040103,0.021999,0.011963,
0.370526,0.412677,0.430248,0.409885,0.395585,0.368033,0.360133,0.270033,0.273630,0.333055,0.244920,0.229184,0.186095,0.141280,0.128830,0.155995,0.084977,0.056864,0.033604,0.022586,0.046962,
0.298838,0.378749,0.347298,0.379137,0.320419,0.324392,0.251729,0.336671,0.262045,0.292671,0.215309,0.219900,0.185339,0.167449,0.140174,0.167269,0.101651,0.062440,0.044854,0.050539,0.012970,
0.399888,0.384075,0.312291,0.349634,0.297762,0.353856,0.367597,0.326965,0.296262,0.233609,0.204128,0.232555,0.187545,0.129286,0.151287,0.099124,0.084073,0.061527,0.050099,0.024599,0.016110,
0.368690,0.308925,0.412659,0.305328,0.313723,0.312686,0.273293,0.368203,0.271855,0.237519,0.260557,0.186432,0.174735,0.158179,0.119634,0.108641,0.089579,0.065470,0.055270,0.026519,0.013988,
0.498290,0.284948,0.368846,0.284518,0.250657,0.338340,0.270100,0.284881,0.225043,0.244134,0.232281,0.167770,0.213673,0.160798,0.123382,0.122563,0.091316,0.094797,0.055458,0.026336,0.013745,
0.384941,0.226541,0.338597,0.240628,0.253490,0.280960,0.264459,0.226832,0.218840,0.199735,0.199969,0.159908,0.184854,0.146810,0.130048,0.126801,0.110781,0.112922,0.062739,0.029845,0.021381,
0.201856,0.219526,0.285452,0.256713,0.229970,0.254376,0.221426,0.192382,0.207107,0.212817,0.165474,0.178695,0.154100,0.147440,0.144025,0.112249,0.121743,0.101340,0.062563,0.043309,0.022561,
0.162455,0.216763,0.217203,0.191320,0.236961,0.241097,0.208716,0.182580,0.213007,0.216155,0.173456,0.154064,0.208102,0.155089,0.138263,0.121016,0.136458,0.106158,0.069968,0.044453,0.020934,
0.104409,0.170719,0.180863,0.167926,0.219477,0.196585,0.161625,0.166298,0.205455,0.173199,0.190534,0.139469,0.240618,0.173064,0.150682,0.177501,0.151634,0.124011,0.075144,0.048976,0.024161,
0.105635,0.132870,0.139677,0.163158,0.204729,0.177373,0.139739,0.177272,0.192971,0.186671,0.193390,0.173328,0.233100,0.199862,0.205049,0.201658,0.198550,0.149439,0.120149,0.056711,0.023186,
0.260647,0.332938,0.131852,0.155932,0.183599,0.153307,0.155862,0.155880,0.204180,0.190341,0.212925,0.195067,0.242155,0.257042,0.230937,0.257874,0.226938,0.154332,0.138022,0.067374,0.049379,
0.103947,0.212805,0.128729,0.178525,0.166697,0.178276,0.131512,0.185418,0.205697,0.226527,0.245659,0.293251,0.295635,0.272941,0.298257,0.312987,0.281134,0.220869,0.138640,0.089617,0.037520,
0.100072,0.140296,0.177954,0.222635,0.233657,0.163621,0.172839,0.188395,0.248477,0.231357,0.272941,0.261382,0.320990,0.385557,0.372738,0.386816,0.312981,0.275897,0.163558,0.084188,0.034326,
0.215203,0.125622,0.218123,0.163368,0.186640,0.196993,0.217157,0.214065,0.211448,0.252143,0.296569,0.374318,0.435495,0.408494,0.458432,0.406618,0.440558,0.304987,0.221558,0.089389,0.033581,
0.168913,0.208064,0.214545,0.398372,0.163442,0.234674,0.253885,0.249772,0.259440,0.319887,0.362151,0.491997,0.565075,0.558772,0.587189,0.520482,0.497872,0.395340,0.155267,0.090084,0.040550,
0.070164,0.149460,0.160258,0.178490,0.408869,0.250846,0.206058,0.240726,0.288066,0.371287,0.440588,0.552650,0.580736,0.619858,0.599997,0.716816,0.594160,0.339594,0.229276,0.056824,0.028471,
nan,0.133460,0.186167,0.167800,0.283906,0.324724,0.376878,0.342000,0.534888,0.419530,0.843337,0.729358,0.792720,0.831893,0.746192,0.712847,0.520816,0.257018,0.105880,0.044752,0.030158,
nan,nan,0.227076,0.161980,1.022091,0.247115,0.255841,0.234668,0.190383,0.271158,0.932474,0.428102,0.717986,0.724847,0.640661,0.865984,0.395078,0.249603,0.172675,0.029516,0.000823,
nan,0.274813,0.365978,0.402443,0.227014,0.319987,0.205359,0.325042,0.405776,0.197103,0.227659,0.422847,0.105558,0.137701,0.074754,0.128800,0.142495,0.044617,0.029995,0.031203,0.008331,
0.371561,0.327911,0.431229,0.398051,0.333101,0.363760,0.273243,0.336338,0.255217,0.335276,0.233003,0.221311,0.196888,0.157020,0.106383,0.129052,0.114623,0.055642,0.038739,0.028519,0.009706,
0.376085,0.438713,0.353758,0.345790,0.320048,0.328977,0.357620,0.309854,0.306641,0.286969,0.207304,0.252816,0.209633,0.144749,0.136861,0.109338,0.068793,0.059932,0.051265,0.022486,0.019008,
0.290755,0.402937,0.452711,0.329860,0.417387,0.397624,0.295898,0.297366,0.302246,0.257913,0.268325,0.187053,0.157950,0.157278,0.137371,0.110065,0.101063,0.074377,0.060721,0.026609,0.011280,
0.284494,0.329899,0.350028,0.378812,0.299645,0.341180,0.323586,0.283767,0.223183,0.288438,0.226344,0.166495,0.224744,0.159154,0.126734,0.125945,0.103300,0.089047,0.047528,0.024886,0.015523,
0.316585,0.306537,0.249771,0.251667,0.286550,0.312079,0.294287,0.254588,0.228470,0.202800,0.197543,0.159215,0.167708,0.151332,0.146565,0.125192,0.103654,0.095708,0.069284,0.033760,0.021908,
0.316495,0.322619,0.260007,0.259825,0.246232,0.230638,0.271202,0.261306,0.223977,0.207879,0.172840,0.198142,0.188646,0.157912,0.160758,0.116728,0.113034,0.082304,0.050037,0.041288,0.019246,
0.246807,0.275175,0.222402,0.234754,0.219237,0.205355,0.225540,0.210671,0.250152,0.210075,0.170356,0.153603,0.172763,0.182133,0.141907,0.117385,0.103198,0.080326,0.061371,0.035199,0.022323,
0.152763,0.171953,0.227440,0.275044,0.181949,0.175403,0.193277,0.177141,0.208116,0.185786,0.177224,0.152564,0.159171,0.174132,0.151128,0.144524,0.129060,0.111120,0.072567,0.044886,0.021253,
0.120124,0.163972,0.160787,0.216772,0.156553,0.196604,0.190984,0.187676,0.172467,0.181949,0.174582,0.167228,0.172341,0.179905,0.164339,0.151733,0.131515,0.111689,0.090058,0.051286,0.022659,
0.102998,0.168422,0.162739,0.220095,0.139825,0.180380,0.188603,0.172130,0.180881,0.219541,0.174666,0.156457,0.162495,0.193595,0.164737,0.188113,0.162431,0.127681,0.119710,0.056815,0.039612,
0.116510,0.166991,0.151875,0.156460,0.144178,0.180929,0.187069,0.181202,0.233355,0.172777,0.179220,0.236296,0.202163,0.260037,0.247177,0.225714,0.203941,0.164913,0.120146,0.059815,0.065641,
0.116340,0.185167,0.121341,0.133736,0.153284,0.233283,0.233115,0.206026,0.219128,0.201180,0.251332,0.227979,0.266837,0.285324,0.326568,0.282043,0.258892,0.174234,0.146588,0.073276,0.035172,
0.116268,0.194094,0.160151,0.137163,0.208840,0.237668,0.283328,0.210355,0.207579,0.253946,0.302060,0.271986,0.326190,0.318333,0.404288,0.347888,0.328199,0.240508,0.169831,0.071945,0.036818,
0.086583,0.187066,0.235316,0.231021,0.205114,0.248643,0.239807,0.194026,0.271883,0.331748,0.255791,0.339060,0.420733,0.449830,0.457089,0.419516,0.411945,0.321469,0.175311,0.080972,0.032164,
0.155749,0.123154,0.230087,0.223806,0.207172,0.350802,0.192757,0.234709,0.337669,0.276085,0.408961,0.402340,0.475043,0.478900,0.468709,0.544273,0.436404,0.278551,0.181083,0.074783,0.035305,
0.059121,0.270639,0.236662,0.193518,0.199478,0.280004,0.274944,0.228794,0.504444,0.327144,0.453609,0.478471,0.585732,0.613002,0.690738,0.640522,0.418287,0.320053,0.138001,0.045566,0.026086,
0.491483,0.072748,0.270779,0.209386,0.192506,0.285681,0.273750,0.270968,0.466580,0.293624,0.501511,0.607545,0.744829,0.545770,0.839027,0.481731,0.355649,0.251138,0.095779,0.067156,0.010062,
nan,nan,0.179925,0.129847,1.077060,0.146818,0.180789,0.307125,0.306040,0.502081,0.533037,0.666657,0.647385,0.823371,0.675214,0.615485,0.533424,0.137609,0.061511,0.018843,0.004006,
nan,0.321365,0.243557,0.449789,0.295026,0.384439,0.239948,0.307422,0.537831,0.447645,0.258990,0.279448,0.427528,0.248481,0.094704,0.095883,0.076638,0.045889,0.038240,0.027815,0.005494,
0.458936,0.373253,0.428168,0.394466,0.361803,0.355864,0.257181,0.348038,0.340772,0.199237,0.255610,0.200491,0.147159,0.154035,0.146397,0.126185,0.078261,0.059489,0.042987,0.028937,0.008576,
0.348296,0.380779,0.413517,0.345351,0.436927,0.365311,0.341754,0.280668,0.293820,0.261171,0.274757,0.218808,0.174213,0.171051,0.117444,0.134009,0.091025,0.055001,0.042734,0.037034,0.014100,
0.614923,0.419692,0.362305,0.356621,0.341678,0.349201,0.351955,0.333275,0.241558,0.277834,0.242184,0.153705,0.239662,0.172956,0.139328,0.122740,0.083980,0.062647,0.050003,0.025776,0.013766,
0.606885,0.353361,0.296254,0.273420,0.321266,0.297797,0.286613,0.288735,0.228380,0.220785,0.212283,0.157533,0.159449,0.152754,0.149107,0.132001,0.102839,0.103090,0.047945,0.029277,0.019969,
0.263011,0.330334,0.230128,0.267554,0.278986,0.248574,0.261654,0.246390,0.234049,0.223334,0.167318,0.201432,0.182043,0.212908,0.139523,0.128990,0.097546,0.065885,0.055816,0.033243,0.018391,
0.311818,0.290210,0.256677,0.267865,0.232055,0.239111,0.241861,0.194159,0.222615,0.214010,0.187713,0.151384,0.167813,0.179056,0.162933,0.124231,0.087277,0.068281,0.052271,0.034061,0.020163,
0.229709,0.215967,0.205778,0.221468,0.213061,0.223852,0.226351,0.178395,0.192040,0.210682,0.186926,0.163657,0.150874,0.152848,0.135700,0.160675,0.097064,0.110872,0.054564,0.039985,0.019236,
0.274691,0.277240,0.173663,0.189605,0.186672,0.197297,0.200059,0.161625,0.172296,0.160928,0.171787,0.162179,0.142138,0.156966,0.141880,0.128544,0.099439,0.102459,0.071853,0.040477,0.025083,
0.116691,0.207653,0.180215,0.164719,0.207009,0.177225,0.172104,0.149687,0.173755,0.172956,0.160701,0.186856,0.161550,0.174947,0.175093,0.166057,0.139448,0.106139,0.100342,0.039909,0.051881,
0.165641,0.139427,0.147770,0.150438,0.243489,0.154534,0.177542,0.185280,0.145429,0.182734,0.163188,0.182605,0.167565,0.206318,0.229739,0.202777,0.165854,0.149478,0.087257,0.051195,0.028148,
0.104275,0.131902,0.143482,0.140612,0.201382,0.154803,0.200945,0.159788,0.154483,0.213226,0.216109,0.211787,0.185701,0.219956,0.263662,0.241616,0.179705,0.136264,0.095062,0.071298,0.026635,
0.110508,0.115081,0.133259,0.187804,0.253933,0.234761,0.154861,0.206914,0.172168,0.239696,0.214060,0.230936,0.220110,0.253986,0.329052,0.251268,0.245654,0.210879,0.133084,0.067321,0.040829,
0.114267,0.128223,0.150274,0.242772,0.201136,0.175107,0.174046,0.245916,0.183551,0.214682,0.235930,0.299506,0.300576,0.322028,0.306184,0.305686,0.281305,0.218960,0.156743,0.062617,0.064178,
0.046418,0.200654,0.149888,0.275176,0.181589,0.298337,0.180748,0.236827,0.215977,0.311558,0.282456,0.334194,0.379008,0.382683,0.386329,0.401529,0.331362,0.228826,0.146449,0.089369,0.029250,
0.083942,0.167841,0.118453,0.262944,0.213485,0.203272,0.238459,0.229289,0.269091,0.302196,0.321380,0.350985,0.441843,0.409809,0.432874,0.419362,0.396614,0.290126,0.167684,0.063999,0.039457,
0.280307,0.199384,0.286731,0.187223,0.247769,0.189601,0.302062,0.274844,0.344518,0.431548,0.434504,0.405221,0.413075,0.604446,0.501296,0.510582,0.385500,0.238438,0.115255,0.045142,0.018802,
nan,0.101132,0.261898,0.213590,0.473808,0.168854,0.186836,0.287075,0.286840,0.482930,0.384450,0.494274,0.590522,0.588986,0.490950,0.555582,0.356999,0.246384,0.129640,0.039466,0.020076,
nan,0.092784,nan,0.105846,0.342086,0.302028,0.158489,0.182731,0.279607,0.275649,0.255498,0.448243,0.862204,0.540879,0.894891,0.483146,0.288368,0.080113,0.023919,0.007029,0.000824,
nan,0.314444,0.559032,0.344112,0.281992,0.239923,0.350176,0.204668,0.241047,0.559112,0.297236,0.235862,0.186138,0.116435,0.143045,0.066416,0.082874,0.034954,0.072433,0.018597,0.009276,
0.220675,0.399825,0.373660,0.334950,0.351628,0.297488,0.357339,0.360280,0.318147,0.323131,0.235859,0.237289,0.193902,0.172076,0.169385,0.096485,0.088121,0.052355,0.043256,0.079478,0.014228,
0.305383,0.562738,0.378224,0.408849,0.352907,0.431688,0.314361,0.284997,0.329499,0.279119,0.273633,0.190533,0.155086,0.165965,0.186602,0.113923,0.098888,0.103088,0.060608,0.022039,0.009547,
0.253799,0.331538,0.342628,0.307534,0.337170,0.307218,0.326616,0.290069,0.274042,0.299394,0.232704,0.181535,0.148833,0.153591,0.127998,0.140444,0.112199,0.094347,0.050733,0.033053,0.009468,
0.396488,0.353399,0.313379,0.257807,0.299155,0.316101,0.267324,0.268142,0.267163,0.262789,0.183565,0.199851,0.169814,0.181541,0.153697,0.111634,0.081169,0.087620,0.045181,0.040777,0.015825,
0.200836,0.292063,0.287169,0.278720,0.255661,0.264637,0.255385,0.242899,0.252483,0.241683,0.212846,0.171784,0.148689,0.162673,0.140930,0.118238,0.099547,0.064211,0.049918,0.043164,0.027274,
0.274351,0.270937,0.242226,0.250604,0.271083,0.226044,0.219403,0.199671,0.229211,0.212707,0.211814,0.189439,0.163347,0.139823,0.127882,0.158535,0.088714,0.104280,0.045788,0.036696,0.018996,
0.297762,0.322816,0.244869,0.215444,0.261558,0.219665,0.207347,0.170060,0.208330,0.177097,0.196723,0.171871,0.150914,0.148750,0.136385,0.141010,0.093612,0.090794,0.066034,0.030451,0.023982,
0.314974,0.306934,0.234886,0.203154,0.233692,0.185357,0.232385,0.192496,0.176956,0.197156,0.144333,0.175351,0.155988,0.155264,0.161854,0.173680,0.123022,0.090514,0.069824,0.030309,0.049968,
0.200404,0.265343,0.251236,0.200103,0.209602,0.169031,0.197321,0.188856,0.151050,0.190432,0.154892,0.155934,0.159280,0.155668,0.180283,0.180765,0.124792,0.131736,0.069899,0.043832,0.023036,
0.116617,0.173518,0.186203,0.184442,0.191068,0.159297,0.184912,0.132332,0.143086,0.179634,0.163963,0.178114,0.173569,0.177383,0.198286,0.220161,0.147304,0.112241,0.082294,0.051448,0.023750,
0.123993,0.120416,0.173284,0.184655,0.179304,0.190325,0.192780,0.186208,0.146971,0.219122,0.159435,0.187549,0.186400,0.215545,0.230852,0.194477,0.180786,0.134225,0.113449,0.056975,0.023722,
0.128614,0.154737,0.195498,0.158869,0.142626,0.180600,0.201579,0.172199,0.216977,0.230619,0.233056,0.216417,0.242380,0.261772,0.226447,0.220925,0.209750,0.153047,0.117328,0.055368,0.040192,
0.087720,0.097551,0.123964,0.219592,0.223722,0.193711,0.235735,0.242077,0.215686,0.222210,0.323556,0.233881,0.264128,0.274655,0.273463,0.256384,0.248278,0.216260,0.127245,0.082398,0.067007,
0.199951,0.148600,0.192124,0.306130,0.182643,0.258543,0.210557,0.303225,0.313136,0.294155,0.263622,0.275067,0.284253,0.328544,0.401611,0.345403,0.289129,0.214279,0.144409,0.074013,0.036145,
0.060811,0.214310,0.260078,0.254569,0.306467,0.220064,0.208977,0.409222,0.395654,0.353393,0.328445,0.320142,0.334862,0.511709,0.399680,0.405373,0.324697,0.230401,0.110807,0.060731,0.023899,
0.162284,0.196067,0.274852,0.199998,0.212373,0.245084,0.242450,0.297374,0.354893,0.276392,0.452193,0.458424,0.397804,0.416729,0.454379,0.513154,0.372044,0.199236,0.145175,0.047082,0.021160,
0.064928,0.098463,0.246152,0.455098,0.219899,0.395498,0.263389,0.339400,0.595896,0.428185,0.464406,0.388554,0.633723,0.444001,0.492697,0.431436,0.362469,0.130305,0.052177,0.037357,0.014230,
nan,0.137341,nan,0.419982,0.230562,0.177964,0.169894,0.444685,0.167822,0.162330,0.789726,0.492022,0.425514,0.340889,0.362991,0.289898,0.162884,0.093027,0.079014,0.008814,0.080026,
nan,0.359647,0.506477,0.872702,0.311575,0.606091,0.291498,0.252070,0.249707,0.141182,0.236514,0.092748,0.263117,0.185543,0.161608,0.103990,0.240975,0.063555,0.040042,0.017494,0.007583,
0.517612,0.386752,0.368718,0.343415,0.308344,0.327944,0.349482,0.262571,0.319704,0.337495,0.200997,0.214545,0.163816,0.134161,0.126509,0.129693,0.061200,0.070723,0.041969,0.017227,0.009917,
0.225307,0.289109,0.367290,0.316477,0.337788,0.333283,0.328358,0.360774,0.251764,0.267796,0.242314,0.173926,0.193754,0.148061,0.129300,0.122806,0.106069,0.057536,0.039243,0.037944,0.009903,
0.326611,0.391421,0.370788,0.287130,0.311742,0.349899,0.305483,0.270412,0.274761,0.263526,0.227073,0.210288,0.182016,0.183980,0.134924,0.119414,0.107298,0.088326,0.040189,0.021149,0.016409,
0.254290,0.278888,0.343842,0.294629,0.335396,0.277825,0.268425,0.251032,0.304940,0.270837,0.224328,0.182329,0.178213,0.198608,0.134734,0.129505,0.114907,0.066154,0.048447,0.034023,0.018634,
0.347009,0.260835,0.293209,0.274905,0.335184,0.263179,0.254164,0.205975,0.288321,0.221471,0.214045,0.195237,0.177662,0.146823,0.123458,0.152204,0.100088,0.098301,0.041322,0.031812,0.015644,
0.387281,0.289340,0.250549,0.227883,0.260955,0.255073,0.243579,0.222627,0.224316,0.172051,0.212682,0.173750,0.174285,0.155427,0.123663,0.140150,0.104430,0.072782,0.062656,0.027581,0.019509,
0.289188,0.290994,0.236136,0.197647,0.227977,0.214313,0.229577,0.209124,0.228995,0.216221,0.162340,0.154529,0.143071,0.153827,0.142846,0.132239,0.113150,0.072294,0.051860,0.030760,0.038959,
0.229434,0.233924,0.223037,0.215417,0.222100,0.197912,0.181642,0.165223,0.182299,0.175541,0.183658,0.157781,0.165852,0.155577,0.141711,0.139564,0.109503,0.099300,0.064805,0.032337,0.036012,
0.213536,0.279121,0.152390,0.170910,0.175165,0.179860,0.164664,0.168555,0.160514,0.150843,0.169361,0.191529,0.193367,0.162935,0.153985,0.162035,0.135124,0.099060,0.074555,0.038732,0.021210,
0.159562,0.251829,0.134146,0.198107,0.151419,0.173046,0.148462,0.153505,0.192000,0.173725,0.161240,0.185653,0.173818,0.157563,0.165371,0.152943,0.141583,0.103638,0.100526,0.049658,0.023739,
0.323632,0.199704,0.142855,0.170895,0.171225,0.213118,0.142977,0.170087,0.205484,0.159408,0.215067,0.178752,0.187109,0.206229,0.223138,0.193382,0.142379,0.108392,0.099774,0.052802,0.034424,
0.116044,0.115632,0.223657,0.220424,0.195186,0.213926,0.152947,0.197709,0.167931,0.174670,0.205774,0.201744,0.165121,0.190764,0.220881,0.242637,0.198861,0.204671,0.098395,0.061427,0.030900,
0.094627,0.241836,0.225832,0.207941,0.169819,0.211147,0.198990,0.217748,0.163771,0.201705,0.261891,0.196058,0.240347,0.253330,0.300505,0.251759,0.261462,0.164608,0.113507,0.076838,0.037698,
0.299263,0.130886,0.191977,0.249139,0.270967,0.186045,0.193343,0.248199,0.233810,0.278225,0.249903,0.326511,0.291586,0.313769,0.333358,0.272564,0.237648,0.194681,0.121175,0.051501,0.026408,
0.158065,0.113771,0.221176,0.311511,0.173736,0.223914,0.239035,0.252982,0.315892,0.239839,0.303178,0.354095,0.313338,0.305776,0.335296,0.342515,0.345099,0.222881,0.125051,0.045268,0.059319,
0.147580,0.163727,0.282099,0.355841,0.301554,0.231432,0.259753,0.275028,0.324482,0.331834,0.460919,0.315633,0.449253,0.352295,0.520444,0.368613,0.331387,0.189502,0.072462,0.082297,0.032802,
nan,0.487722,0.113294,0.376568,0.175659,0.216244,0.239627,0.322680,0.336660,0.363089,0.507647,0.422120,0.427297,0.443939,0.461867,0.479865,0.272263,0.151795,0.067680,0.021962,0.016741,
nan,1.987604,nan,0.093182,0.365573,1.250213,0.202392,0.429459,0.169938,0.263765,0.318168,0.376067,0.631392,0.505682,0.564163,0.446570,0.278436,0.094631,0.180058,0.028167,0.000483,
nan,0.462493,0.329167,0.500031,0.357858,0.347836,0.243596,0.297233,0.280827,0.419402,0.132287,0.237085,0.092659,0.095067,0.078600,0.087936,0.140130,0.267772,0.020227,0.023313,0.008609,
0.194947,0.321428,0.383806,0.397154,0.326335,0.431201,0.318195,0.232930,0.314530,0.273667,0.239218,0.212476,0.205914,0.133880,0.127608,0.085260,0.122301,0.069460,0.058150,0.019645,0.008653,
0.273699,0.453090,0.342482,0.365941,0.339629,0.321527,0.340391,0.292369,0.356478,0.278679,0.256308,0.178817,0.182357,0.220416,0.148807,0.129728,0.085708,0.073063,0.065444,0.022188,0.013604,
0.530826,0.316014,0.364394,0.319601,0.366304,0.327752,0.314438,0.291055,0.282051,0.286104,0.228672,0.227894,0.194068,0.153282,0.171546,0.105917,0.079602,0.071392,0.042773,0.030937,0.022540,
0.200155,0.318293,0.320314,0.290194,0.345984,0.286904,0.288133,0.232280,0.255872,0.209109,0.251025,0.207433,0.189401,0.163876,0.124329,0.129523,0.089830,0.072116,0.043948,0.032677,0.067536,
0.212935,0.298248,0.268770,0.279520,0.275370,0.303123,0.280219,0.226864,0.270878,0.172385,0.213037,0.186364,0.191611,0.161316,0.123504,0.098494,0.102418,0.081515,0.041106,0.032575,0.017364,
0.284915,0.273134,0.239270,0.213408,0.259348,0.304677,0.246530,0.238645,0.245606,0.206806,0.180994,0.164053,0.137312,0.138771,0.147935,0.112138,0.085529,0.058365,0.066419,0.032180,0.021519,
0.501800,0.196731,0.214396,0.218052,0.221316,0.237937,0.187857,0.208900,0.187979,0.194688,0.185888,0.148145,0.149225,0.170851,0.127856,0.111106,0.100703,0.074802,0.052030,0.028370,0.027221,
0.294329,0.163151,0.214272,0.219253,0.188725,0.203212,0.188669,0.186062,0.160535,0.139958,0.177842,0.152946,0.173329,0.139348,0.131104,0.158341,0.100216,0.092216,0.066415,0.036480,0.026548,
0.087867,0.171474,0.183254,0.224933,0.170923,0.208393,0.155176,0.154403,0.165774,0.144722,0.163634,0.156593,0.176887,0.130133,0.128890,0.125503,0.137146,0.089717,0.059156,0.050354,0.020586,
0.109815,0.189294,0.159523,0.235601,0.207050,0.222865,0.130041,0.157854,0.159604,0.150213,0.206423,0.173483,0.177640,0.168534,0.166651,0.160007,0.109635,0.094496,0.104807,0.038410,0.045636,
0.103550,0.161071,0.172395,0.217888,0.180423,0.222933,0.122331,0.161682,0.168539,0.183408,0.171514,0.176711,0.168206,0.171939,0.171375,0.154881,0.188932,0.123214,0.080157,0.055342,0.037306,
0.176890,0.113224,0.129744,0.155664,0.177135,0.170813,0.147536,0.185836,0.179825,0.155973,0.235114,0.170027,0.195362,0.207078,0.232444,0.201850,0.190640,0.130073,0.098790,0.053165,0.033364,
0.146633,0.113105,0.155480,0.190875,0.200601,0.147177,0.229717,0.198488,0.207663,0.176017,0.269932,0.214207,0.215786,0.230705,0.251975,0.222336,0.176561,0.182698,0.091584,0.061970,0.027471,
0.110122,0.111593,0.313889,0.170478,0.159197,0.137704,0.236890,0.194866,0.198120,0.226789,0.228662,0.316247,0.267383,0.261955,0.299572,0.298160,0.272745,0.164945,0.100012,0.051278,0.048512,
0.130926,0.123582,0.198244,0.131646,0.322773,0.212940,0.212095,0.264159,0.195253,0.244349,0.372582,0.304683,0.308081,0.331152,0.394566,0.265682,0.306809,0.174594,0.096532,0.064430,0.038202,
1.305634,0.149668,0.389657,0.270420,0.206867,0.249881,0.214248,0.217670,0.231317,0.270086,0.322310,0.331193,0.379033,0.372522,0.347582,0.337367,0.287793,0.182218,0.071841,0.042627,0.039201,
0.056818,0.136910,0.307794,0.381285,0.273366,0.229101,0.346518,0.318463,0.247797,0.540942,0.403921,0.310173,0.345034,0.435333,0.425303,0.353067,0.186345,0.148086,0.092555,0.026076,0.019522,
nan,nan,0.268804,1.156405,0.125122,0.429726,1.107665,0.447243,0.320144,0.267306,0.263616,0.288309,0.542099,0.328492,0.708365,0.291270,0.203950,0.182367,0.040873,0.041681,0.008398,
nan,0.314007,0.496950,0.416159,0.333167,0.456511,0.314937,0.232351,0.241218,0.297730,0.200900,0.205593,0.174011,0.200197,0.077749,0.092532,0.054908,0.051648,0.081763,0.047754,0.020184,
0.301121,0.455970,0.430606,0.327526,0.410934,0.398914,0.332774,0.282402,0.299832,0.281610,0.255052,0.234283,0.134998,0.196219,0.105279,0.121102,0.075404,0.049845,0.042467,0.030778,0.010757,
0.296311,0.299674,0.448156,0.310282,0.387216,0.318136,0.341539,0.267166,0.262301,0.311506,0.239308,0.213651,0.146597,0.173956,0.145418,0.154138,0.130005,0.087716,0.047311,0.043234,0.011988,
0.264704,0.396106,0.306140,0.360311,0.318912,0.304916,0.257084,0.271017,0.257657,0.254140,0.232701,0.220796,0.176755,0.177750,0.124945,0.118043,0.082392,0.082021,0.044653,0.033069,0.013462,
0.348528,0.338369,0.281339,0.325993,0.293858,0.341631,0.292682,0.252516,0.270295,0.209445,0.205075,0.187354,0.168974,0.156130,0.114509,0.137796,0.089894,0.113610,0.037089,0.022617,0.013090,
0.303810,0.294890,0.286519,0.256627,0.291174,0.288784,0.260030,0.247020,0.231525,0.211406,0.193945,0.179706,0.154369,0.159354,0.126739,0.117487,0.078254,0.061731,0.073985,0.027873,0.014128,
0.187271,0.222609,0.244215,0.278086,0.260690,0.272257,0.228735,0.232475,0.222116,0.235706,0.181491,0.177949,0.142749,0.162630,0.125796,0.121830,0.097916,0.071621,0.054338,0.031300,0.022866,
0.300089,0.200018,0.216572,0.218831,0.219266,0.267795,0.226376,0.198527,0.187450,0.162034,0.179524,0.162039,0.164405,0.142183,0.114764,0.103804,0.105804,0.087565,0.052877,0.029816,0.017912,
0.232301,0.198480,0.197028,0.193483,0.176658,0.208325,0.177072,0.162552,0.177611,0.184084,0.160870,0.158654,0.183154,0.118674,0.111335,0.124355,0.116038,0.077573,0.055601,0.038239,0.020841,
0.245300,0.160382,0.163037,0.165409,0.172877,0.192029,0.144790,0.186152,0.159076,0.159784,0.189982,0.189192,0.172351,0.150886,0.141220,0.137029,0.097133,0.085755,0.069436,0.034924,0.019587,
0.134440,0.161260,0.148219,0.136499,0.154828,0.172495,0.152955,0.198720,0.137540,0.149385,0.186228,0.154279,0.183952,0.147324,0.150999,0.136887,0.135160,0.084721,0.068782,0.052114,0.032318,
0.092827,0.138931,0.178979,0.164044,0.130233,0.156752,0.123417,0.169153,0.165428,0.143753,0.212899,0.159787,0.172461,0.161699,0.163342,0.160790,0.179048,0.128402,0.067110,0.041906,0.024356,
0.120544,0.231527,0.238710,0.199803,0.164911,0.143306,0.149768,0.182221,0.179445,0.195558,0.190507,0.180675,0.181743,0.172279,0.172158,0.178113,0.141373,0.144783,0.072877,0.056467,0.026893,
0.149606,0.319120,0.185709,0.196052,0.212848,0.160051,0.166682,0.180921,0.213790,0.237250,0.211464,0.209411,0.212566,0.204400,0.255341,0.222651,0.197925,0.123356,0.082462,0.047039,0.024139,
0.093123,0.159599,0.196685,0.191324,0.216254,0.183338,0.145169,0.178836,0.273384,0.199134,0.221970,0.263757,0.225927,0.265617,0.253601,0.224629,0.198747,0.160495,0.099217,0.048450,0.030525,
0.118442,0.148396,0.204711,0.148828,0.154509,0.155956,0.233501,0.261364,0.260941,0.351302,0.305587,0.269604,0.277333,0.299302,0.283880,0.237825,0.252931,0.182229,0.081262,0.056878,0.044468,
0.188350,0.759127,0.299434,0.221794,0.173269,0.229012,0.194944,0.318101,0.253689,0.297546,0.276848,0.247746,0.295067,0.381770,0.264511,0.333696,0.232982,0.132774,0.102891,0.039133,0.027295,
0.373847,0.120562,0.544496,0.306948,0.190352,0.396499,0.252226,0.213761,0.490898,0.311008,0.351717,0.237864,0.397608,0.340775,0.362083,0.380136,0.439037,0.138402,0.066244,0.049793,0.013385,
nan,nan,0.484002,0.127903,nan,0.197524,0.209554,0.136479,0.307761,0.444298,0.258862,0.441011,0.529678,0.400195,0.586745,0.185641,0.210102,0.062627,0.047513,0.031415,0.020139,
nan,0.313971,0.445833,0.629852,0.615698,0.344305,0.323942,0.244735,0.324079,0.216371,0.228810,0.118188,0.138574,0.112735,0.075186,0.082064,0.067833,0.050822,0.039692,0.022577,0.012084,
0.316604,0.376504,0.283649,0.413544,0.289377,0.419577,0.294890,0.353875,0.303831,0.282541,0.261689,0.244251,0.206615,0.164727,0.096830,0.131568,0.085372,0.106358,0.034264,0.023309,0.013773,
0.496788,0.346738,0.325780,0.314684,0.373849,0.423365,0.365854,0.306171,0.298766,0.289534,0.240414,0.204263,0.182905,0.166736,0.156698,0.146870,0.092301,0.070845,0.066480,0.024223,0.010364,
0.217584,0.430549,0.319061,0.399193,0.325672,0.292493,0.300078,0.305003,0.290365,0.213748,0.289714,0.215836,0.173458,0.177028,0.123608,0.119190,0.095075,0.059318,0.034556,0.028674,0.134150,
0.364640,0.394511,0.323685,0.322441,0.301391,0.294886,0.314576,0.245875,0.238302,0.215829,0.202293,0.188247,0.161329,0.146964,0.131365,0.110254,0.080918,0.073049,0.040737,0.027179,0.020707,
0.362719,0.344114,0.305698,0.330041,0.288054,0.283499,0.259323,0.243007,0.240914,0.222994,0.197952,0.159688,0.151823,0.134075,0.130191,0.111917,0.089327,0.068413,0.044970,0.035679,0.016510,
0.175907,0.283599,0.296813,0.262669,0.242091,0.309039,0.231359,0.240001,0.245680,0.164276,0.169663,0.174222,0.177738,0.143936,0.128652,0.097701,0.085890,0.069836,0.061847,0.019986,0.019000,
0.164338,0.208275,0.255155,0.235820,0.199734,0.195474,0.182301,0.210786,0.196290,0.191683,0.175781,0.165635,0.185795,0.115548,0.108584,0.121651,0.095427,0.072932,0.052101,0.030845,0.029431,
0.227305,0.175241,0.193702,0.177304,0.173278,0.177691,0.169009,0.227414,0.193594,0.177420,0.169304,0.171092,0.163583,0.122568,0.121409,0.116679,0.109945,0.088725,0.056432,0.023955,0.014805,
0.138605,0.161985,0.190269,0.140799,0.170003,0.164989,0.172307,0.215607,0.146819,0.153583,0.196349,0.151823,0.146251,0.133705,0.119678,0.119165,0.101350,0.077308,0.081426,0.035215,0.048183,
0.143144,0.148868,0.162820,0.161942,0.170717,0.158291,0.148440,0.186087,0.156216,0.122688,0.183066,0.127562,0.162790,0.138668,0.143760,0.140823,0.151171,0.094619,0.069166,0.029238,0.016556,
0.106966,0.166094,0.168099,0.135493,0.178312,0.172403,0.160201,0.160575,0.168806,0.195049,0.169248,0.150830,0.151180,0.169262,0.145477,0.151386,0.138804,0.113088,0.067472,0.040615,0.022791,
0.091036,0.153110,0.160422,0.200565,0.196468,0.165996,0.129552,0.185619,0.176330,0.217977,0.195344,0.161878,0.153265,0.187982,0.185000,0.191517,0.162209,0.110298,0.062041,0.049267,0.026628,
0.102516,0.166674,0.203676,0.191204,0.179231,0.194863,0.154174,0.165332,0.186753,0.195420,0.162751,0.173405,0.169043,0.244097,0.243642,0.157748,0.170615,0.147766,0.092584,0.049976,0.022644,
0.094935,0.121290,0.207594,0.163616,0.205356,0.185148,0.205871,0.145285,0.186198,0.209719,0.231439,0.211443,0.236621,0.318291,0.251169,0.189042,0.209151,0.138337,0.083089,0.072816,0.030315,
0.112803,0.260441,0.166651,0.237413,0.182346,0.224151,0.208358,0.198466,0.238569,0.185345,0.259388,0.233090,0.270308,0.290216,0.234519,0.219187,0.253616,0.129149,0.077305,0.039252,0.021092,
0.190152,0.114452,0.284249,0.161904,0.220614,0.225018,0.201662,0.170207,0.246550,0.257848,0.339258,0.271811,0.274273,0.318953,0.279298,0.320814,0.175884,0.256933,0.088383,0.054232,0.029193,
0.114322,0.113529,0.460376,0.236347,0.252897,0.153508,0.200373,0.193653,0.299657,0.310905,0.363450,0.203329,0.314995,0.234497,0.340006,0.258456,0.190617,0.136491,0.060895,0.077009,0.016636,
nan,0.211154,0.211252,nan,0.130667,0.198720,0.252130,0.257431,0.217018,0.261411,1.034611,0.413051,0.196627,0.370669,0.390909,0.165349,0.216290,0.231192,0.038946,0.008564,0.000510,
nan,0.448265,0.367981,0.369424,0.239175,0.337472,0.265635,0.410276,0.257551,0.571386,0.337221,0.170271,0.200622,0.085931,0.081073,0.211894,0.083505,0.073692,0.048148,0.022739,0.025105,
0.346952,0.422039,0.371111,0.437512,0.369840,0.420184,0.326645,0.336672,0.202376,0.219335,0.285545,0.214583,0.177534,0.161404,0.161754,0.165847,0.098098,0.045480,0.049320,0.019326,0.022242,
0.286793,0.454434,0.320222,0.442055,0.340650,0.337874,0.313643,0.279815,0.257697,0.303143,0.226230,0.223840,0.169903,0.170845,0.154496,0.137396,0.098348,0.051855,0.041829,0.029493,0.017376,
0.507604,0.399739,0.348126,0.330065,0.335890,0.347607,0.312863,0.273716,0.255035,0.262487,0.234943,0.223496,0.197378,0.143649,0.137254,0.110306,0.075375,0.074140,0.035261,0.030541,0.055578,
0.272014,0.349355,0.349200,0.383007,0.287365,0.309183,0.301937,0.263667,0.211768,0.280500,0.202925,0.192298,0.170689,0.159699,0.111777,0.105020,0.085448,0.061346,0.054275,0.027832,0.011684,
0.238296,0.434641,0.327330,0.269827,0.281985,0.298576,0.235738,0.259879,0.266359,0.197899,0.179502,0.166022,0.168728,0.177985,0.140299,0.125236,0.101759,0.074227,0.048147,0.025838,0.017048,
0.205614,0.311605,0.263828,0.241474,0.240850,0.217356,0.187953,0.198850,0.227413,0.192306,0.203318,0.175938,0.158593,0.137872,0.115630,0.094342,0.097015,0.091089,0.055038,0.033942,0.035995,
0.101435,0.275540,0.194857,0.197723,0.214492,0.218814,0.187884,0.211108,0.218899,0.191800,0.172376,0.157808,0.159430,0.121633,0.101287,0.119558,0.093004,0.073994,0.055633,0.023045,0.019495,
0.184137,0.207090,0.170721,0.161859,0.198630,0.202291,0.188721,0.225748,0.160852,0.158373,0.170101,0.206247,0.153444,0.148810,0.118901,0.119202,0.075553,0.069585,0.050339,0.029602,0.026542,
0.147979,0.150686,0.159794,0.155772,0.195527,0.158482,0.146317,0.161799,0.145930,0.128974,0.163913,0.130324,0.142209,0.142414,0.125359,0.141939,0.104255,0.071713,0.070515,0.039073,0.025817,
0.323112,0.327542,0.139387,0.173905,0.222202,0.168186,0.157708,0.156309,0.163129,0.186840,0.194446,0.138811,0.120373,0.182106,0.119586,0.130532,0.143973,0.113364,0.060488,0.045478,0.014164,
0.115492,0.148680,0.148933,0.163465,0.215712,0.195527,0.174445,0.142224,0.133486,0.189016,0.156607,0.192238,0.147519,0.157046,0.155679,0.154413,0.115167,0.093814,0.068476,0.039858,0.018085,
0.215969,0.146862,0.204358,0.158463,0.172982,0.214930,0.178159,0.187665,0.180966,0.196175,0.146750,0.155949,0.152310,0.213660,0.182675,0.158219,0.152185,0.124603,0.065742,0.046664,0.023186,
0.207199,0.162665,0.220911,0.131193,0.251046,0.215470,0.195310,0.200175,0.199581,0.208926,0.182285,0.179372,0.197552,0.194404,0.218739,0.161030,0.138141,0.134751,0.088650,0.045496,0.025943,
0.110876,0.149490,0.217450,0.230461,0.210279,0.237453,0.192703,0.220226,0.234332,0.249339,0.178735,0.192073,0.192378,0.239218,0.244089,0.184024,0.214318,0.129789,0.065206,0.060620,0.028533,
0.122839,0.447295,0.139028,0.244365,0.159510,0.246595,0.180660,0.252163,0.304427,0.259292,0.224861,0.277767,0.235028,0.280035,0.234147,0.263571,0.191623,0.178782,0.089006,0.038656,0.018143,
nan,0.175259,0.186104,0.403252,0.297675,0.193855,0.230615,0.217954,0.381253,0.233200,0.223348,0.223326,0.322146,0.223972,0.321090,0.180349,0.286804,0.153262,0.096804,0.057049,0.022826,
nan,0.185578,0.237371,0.150392,0.389139,0.224880,0.268285,0.346256,0.240932,0.324868,0.319351,0.209152,0.262855,0.278701,0.264948,0.276211,0.242441,0.174093,0.067444,0.057391,0.046101,
nan,0.061908,0.505902,0.088178,0.210378,nan,0.374339,0.153464,0.587156,0.210092,0.260365,0.275387,0.474588,0.359894,0.132566,0.884632,0.156046,0.069355,0.074758,0.102651,0.023831,
nan,0.478747,0.570700,0.520710,0.450153,0.562793,0.233623,0.322995,0.278090,0.395435,0.302224,0.115271,0.144890,0.200619,0.273839,0.141586,0.049561,0.068321,0.015490,0.011991,0.009996,
0.205213,0.372006,0.310782,0.360705,0.364028,0.348603,0.313164,0.301121,0.296136,0.274836,0.290001,0.161932,0.200163,0.251603,0.167078,0.136200,0.079947,0.062344,0.027595,0.032718,0.013980,
0.518897,0.382105,0.434724,0.438491,0.339834,0.319219,0.269670,0.284783,0.293003,0.320926,0.257569,0.228895,0.207894,0.174361,0.130395,0.124498,0.079727,0.060724,0.042238,0.029343,0.012292,
0.286035,0.301227,0.366159,0.367259,0.307339,0.331575,0.302703,0.226618,0.277334,0.213254,0.220425,0.187028,0.157772,0.173893,0.124064,0.165183,0.074828,0.106359,0.035366,0.021615,0.013445,
0.228453,0.343760,0.360149,0.300599,0.324592,0.305708,0.296669,0.262290,0.283459,0.214917,0.241733,0.196342,0.167112,0.161637,0.146252,0.119308,0.073833,0.082181,0.037917,0.030797,0.009780,
0.259779,0.345045,0.306795,0.256650,0.266053,0.250330,0.230064,0.213394,0.222654,0.224833,0.200895,0.182914,0.155104,0.151628,0.123468,0.094522,0.079856,0.050676,0.076087,0.026075,0.017880,
0.232925,0.301574,0.274553,0.227774,0.247476,0.236035,0.208678,0.240457,0.228368,0.233158,0.207122,0.178023,0.163849,0.152536,0.106419,0.101568,0.099410,0.078989,0.049385,0.021739,0.013713,
0.213458,0.219133,0.232691,0.204852,0.240159,0.238021,0.235381,0.215740,0.198700,0.162668,0.163937,0.168024,0.181643,0.129582,0.122101,0.091180,0.088428,0.084727,0.044319,0.023752,0.022365,
0.109683,0.181312,0.219020,0.196421,0.198831,0.205768,0.206520,0.170578,0.151141,0.150386,0.143640,0.132066,0.129625,0.146444,0.113447,0.142056,0.074783,0.083316,0.049969,0.028528,0.017036,
0.085620,0.206123,0.223331,0.166024,0.208664,0.173488,0.174013,0.171163,0.150124,0.144881,0.156298,0.161242,0.114935,0.159467,0.140528,0.125943,0.119062,0.072484,0.066154,0.030393,0.019305,
0.119051,0.149391,0.163730,0.163054,0.183224,0.174942,0.166261,0.169500,0.137888,0.197490,0.161070,0.144286,0.153641,0.128769,0.122508,0.136670,0.109862,0.085620,0.046491,0.030297,0.020539,
0.095916,0.131464,0.131216,0.162341,0.200539,0.131529,0.163659,0.182874,0.163362,0.187742,0.172651,0.149332,0.146001,0.135045,0.147839,0.128367,0.162116,0.095288,0.059297,0.040342,0.017142,
0.073626,0.170205,0.119634,0.157004,0.192457,0.147012,0.191566,0.178994,0.143141,0.236620,0.178869,0.166796,0.174776,0.147660,0.159843,0.147061,0.121099,0.107475,0.065551,0.062802,0.024105,
0.088572,0.140850,0.154254,0.223410,0.192112,0.148833,0.124746,0.183738,0.184446,0.210741,0.183610,0.187715,0.166514,0.180135,0.246417,0.142926,0.144412,0.102726,0.069169,0.065096,0.025255,
0.513184,0.142641,0.174980,0.135287,0.215068,0.210801,0.194708,0.214511,0.175436,0.216439,0.218884,0.248053,0.197908,0.209804,0.241902,0.202866,0.198020,0.125389,0.064061,0.049954,0.024213,
0.180124,0.252942,0.112602,0.154546,0.327203,0.182003,0.156972,0.218952,0.262198,0.185945,0.214492,0.254977,0.220145,0.208544,0.214265,0.232247,0.191724,0.104565,0.114430,0.037997,0.016368,
0.059502,0.176640,0.152040,0.129786,0.229771,0.217404,0.250945,0.213266,0.280323,0.198427,0.253453,0.298451,0.219107,0.253549,0.259291,0.193507,0.203910,0.127303,0.082146,0.078631,0.022126,
0.291534,0.204369,0.174604,0.149609,0.252430,0.217499,0.274789,0.286339,0.216049,0.200754,0.409310,0.208419,0.291797,0.168181,0.223317,0.321988,0.159553,0.208122,0.066378,0.027726,0.060383,
nan,0.359380,nan,0.201534,0.091374,0.329043,nan,0.162440,nan,0.149221,0.209974,0.231831,0.277264,0.247737,0.178207,0.406499,0.068341,0.082953,0.485739,0.042270,0.031054,
nan,0.334542,0.471322,0.423378,0.341879,0.492104,0.272188,0.222261,0.280604,0.417881,0.611283,0.382676,0.194817,0.145633,0.059944,0.127701,0.618159,0.053947,0.026812,0.021203,0.009192,
0.876731,0.324234,0.413520,0.332964,0.392515,0.303040,0.383361,0.281277,0.358113,0.255302,0.236221,0.225659,0.256602,0.191950,0.148217,0.122547,0.154050,0.073244,0.049767,0.046544,0.010924,
0.427784,0.338330,0.337130,0.396947,0.324707,0.296495,0.280089,0.290188,0.279539,0.230232,0.214864,0.204094,0.161541,0.189321,0.129930,0.098399,0.078181,0.089325,0.078587,0.020890,0.007875,
0.401806,0.390479,0.336987,0.400806,0.289580,0.334934,0.290473,0.291207,0.211238,0.264597,0.233727,0.185318,0.156996,0.168739,0.117194,0.121070,0.087308,0.064831,0.042087,0.026483,0.017252,
0.407257,0.333865,0.327273,0.271586,0.308753,0.306649,0.257187,0.270756,0.268338,0.237325,0.193759,0.182940,0.221271,0.195137,0.122781,0.097401,0.113106,0.063757,0.035155,0.024364,0.011866,
0.192110,0.251032,0.373895,0.290532,0.261119,0.271422,0.238496,0.227163,0.265114,0.252681,0.204437,0.179885,0.162324,0.172750,0.136235,0.109176,0.090632,0.083340,0.058112,0.031544,0.031624,
0.268055,0.237271,0.233899,0.260808,0.224996,0.262053,0.243871,0.248943,0.230078,0.190933,0.183367,0.165883,0.171094,0.120774,0.113214,0.104378,0.078295,0.058786,0.040884,0.031894,0.029767,
0.132963,0.218227,0.197709,0.209453,0.259850,0.227087,0.222930,0.222399,0.168481,0.172683,0.155673,0.153914,0.129992,0.153675,0.122910,0.128609,0.088111,0.083673,0.049226,0.021695,0.019786,
0.236394,0.193878,0.184892,0.183416,0.214822,0.205837,0.156859,0.201753,0.169524,0.157998,0.160786,0.157306,0.133545,0.115970,0.120682,0.108010,0.082161,0.069318,0.067338,0.030987,0.024036,
0.130120,0.157320,0.196613,0.168505,0.187835,0.152656,0.172673,0.168220,0.155087,0.181484,0.177461,0.166179,0.141867,0.119431,0.129607,0.113874,0.079323,0.057764,0.065393,0.042671,0.022122,
0.156553,0.145142,0.176624,0.153840,0.167128,0.170372,0.157094,0.142930,0.162363,0.143759,0.176807,0.140350,0.169449,0.115680,0.121485,0.124349,0.110882,0.089945,0.048214,0.027978,0.024002,
0.115595,0.173809,0.196387,0.159961,0.174155,0.180980,0.132707,0.179405,0.147033,0.174013,0.209793,0.154276,0.150272,0.132385,0.145480,0.111438,0.117339,0.100331,0.064701,0.027268,0.019884,
0.138903,0.139268,0.159282,0.186601,0.152360,0.169280,0.143137,0.160240,0.162676,0.179340,0.199300,0.150000,0.166519,0.130938,0.196524,0.140762,0.100769,0.084495,0.059253,0.039392,0.030944,
0.125522,0.142490,0.132725,0.161525,0.217001,0.155394,0.187507,0.209109,0.195459,0.192551,0.188457,0.192002,0.195120,0.198925,0.173843,0.132711,0.145928,0.105448,0.060389,0.053317,0.040254,
0.275604,0.262818,0.153818,0.160052,0.262586,0.146957,0.185406,0.204652,0.218298,0.172645,0.211084,0.179023,0.213985,0.159298,0.202054,0.224133,0.192246,0.107274,0.055233,0.033170,0.034308,
0.234836,0.151778,0.304013,0.243033,0.202905,0.165335,0.209678,0.209267,0.196117,0.186904,0.195179,0.230217,0.219812,0.219772,0.169681,0.154395,0.154778,0.148087,0.127025,0.040985,0.022440,
0.102460,0.124582,0.170384,0.166118,0.214456,0.156348,0.351518,0.267100,0.195632,0.215545,0.254953,0.215541,0.209311,0.215977,0.266248,0.187518,0.227833,0.127851,0.082194,0.030440,0.048282,
0.119744,0.172289,0.174806,0.269748,0.212979,0.206763,0.220027,0.174231,0.246541,0.183312,0.203516,0.192177,0.281869,0.251191,0.144207,0.242111,0.184120,0.125048,0.095957,0.033155,0.014709,
nan,nan,nan,0.163546,0.071455,0.173029,0.257086,0.358215,0.224488,0.170772,0.504861,0.195107,0.150709,0.197167,0.209921,0.118268,0.315046,0.044485,0.385968,0.010681,0.017866,
nan,0.346766,0.550422,0.489045,0.275189,0.318823,0.349148,0.216842,0.257358,0.296595,0.224989,0.186305,0.229941,0.378802,0.073729,0.107416,0.082652,0.061037,0.019605,0.020764,0.006480,
0.804645,0.439878,0.449323,0.314931,0.318914,0.319241,0.351052,0.355031,0.378808,0.276474,0.216663,0.242447,0.212555,0.186450,0.159646,0.144005,0.109451,0.062236,0.043803,0.045944,0.010294,
0.360590,0.433734,0.443632,0.430173,0.350098,0.364085,0.319939,0.267543,0.278603,0.245405,0.286157,0.212366,0.146524,0.183224,0.123518,0.117930,0.096128,0.062294,0.034509,0.044214,0.031691,
0.336196,0.365787,0.355156,0.325323,0.336520,0.341060,0.327695,0.262684,0.287545,0.306470,0.225330,0.193532,0.200248,0.184267,0.120180,0.109904,0.081650,0.068863,0.037534,0.030198,0.011932,
0.226042,0.328492,0.378514,0.314974,0.270133,0.277454,0.264509,0.255526,0.281648,0.233322,0.212759,0.193473,0.142463,0.143658,0.143577,0.110126,0.083579,0.072528,0.054814,0.030148,0.014288,
0.299190,0.288564,0.240892,0.308836,0.277227,0.281991,0.268840,0.265157,0.249301,0.230612,0.191585,0.187479,0.179127,0.170552,0.103276,0.092853,0.080327,0.072306,0.049596,0.025887,0.036106,
0.147834,0.228299,0.249726,0.270393,0.261428,0.237465,0.224679,0.262341,0.229623,0.194186,0.176567,0.179336,0.136890,0.122363,0.116903,0.123359,0.091297,0.062985,0.043259,0.020332,0.012829,
0.245903,0.203617,0.241311,0.227538,0.208018,0.227359,0.205504,0.253335,0.201094,0.176872,0.174629,0.174888,0.147895,0.125854,0.108434,0.122661,0.080617,0.063834,0.059709,0.022685,0.015326,
0.128750,0.160359,0.202959,0.244463,0.206571,0.164614,0.175526,0.175653,0.171876,0.163677,0.180469,0.145140,0.138804,0.127013,0.111336,0.115783,0.073980,0.056752,0.040335,0.043714,0.031519,
0.126781,0.151003,0.187124,0.217544,0.190028,0.143403,0.156813,0.139730,0.133575,0.146976,0.161930,0.136039,0.126580,0.117852,0.136949,0.108617,0.096221,0.068450,0.047676,0.025032,0.013109,
0.142269,0.139732,0.227063,0.183128,0.183193,0.181013,0.141825,0.144943,0.179924,0.156431,0.192831,0.144937,0.140659,0.145838,0.104079,0.119260,0.090253,0.091752,0.050020,0.022960,0.023777,
0.084812,0.240329,0.182609,0.156366,0.186054,0.137916,0.192883,0.166806,0.133111,0.135207,0.151265,0.131349,0.165093,0.107151,0.149523,0.120478,0.090780,0.076949,0.052575,0.037162,0.034899,
0.097700,0.150363,0.254408,0.188141,0.186681,0.184657,0.198569,0.202434,0.157777,0.175295,0.193206,0.135162,0.164416,0.133772,0.145810,0.125584,0.094600,0.086193,0.052887,0.035857,0.016640,
0.445825,0.105478,0.207655,0.275371,0.160445,0.175992,0.187755,0.163579,0.166057,0.182167,0.208374,0.165584,0.222015,0.151749,0.153584,0.157643,0.153435,0.117210,0.054971,0.051178,0.041558,
0.056940,0.170199,0.199168,0.181996,0.219934,0.224785,0.164825,0.208276,0.166722,0.187302,0.145600,0.176831,0.182623,0.207293,0.181848,0.156728,0.123306,0.107904,0.072505,0.044239,0.039025,
0.130972,0.143516,0.154543,0.176029,0.169510,0.172595,0.225989,0.239966,0.177792,0.212162,0.263845,0.208555,0.238135,0.191815,0.181220,0.199381,0.149547,0.140283,0.089277,0.040255,0.027542,
0.578357,0.594915,0.197501,0.220966,0.169413,0.144179,0.210860,0.253119,0.188300,0.213536,0.280513,0.256777,0.225241,0.189523,0.168074,0.134513,0.160112,0.137080,0.163860,0.027373,0.029043,
0.065454,0.178442,0.338068,0.305200,0.242678,0.155131,0.167957,0.191041,0.323862,0.250564,0.277909,0.197781,0.263305,0.152916,0.262096,0.201120,0.197513,0.071742,0.091372,0.041591,0.021619,
nan,0.160898,0.154047,nan,0.377237,nan,0.364314,0.262450,0.222412,0.138502,0.158643,0.327620,1.223636,0.162311,0.132142,0.169037,0.184941,0.059626,0.109531,0.043163,0.021546,
nan,0.340786,0.739659,0.352979,0.365887,0.161975,0.375476,0.263008,0.298717,0.229535,0.160845,0.227737,0.143676,0.325703,0.078907,0.278908,0.096885,0.048096,0.038699,0.014178,0.007362,
0.713501,0.313199,0.373875,0.365038,0.445681,0.319719,0.418797,0.290461,0.271480,0.264693,0.322520,0.222476,0.164485,0.258938,0.147716,0.116708,0.101089,0.067595,0.065304,0.028171,0.012605,
0.607854,0.302541,0.404194,0.393066,0.332366,0.384273,0.305004,0.300064,0.297423,0.280448,0.245935,0.259896,0.157725,0.135955,0.134548,0.083068,0.098088,0.070678,0.043691,0.035174,0.011147,
0.441233,0.335843,0.388560,0.365218,0.365157,0.304623,0.293815,0.305921,0.285720,0.243518,0.207815,0.200929,0.192182,0.159286,0.135137,0.101669,0.074399,0.063544,0.031811,0.022266,nan,
0.387581,0.284192,0.250644,0.375054,0.277924,0.311160,0.281147,0.255475,0.271818,0.240197,0.204094,0.215630,0.213941,0.184421,0.125808,0.118059,0.075793,0.079406,0.040777,0.027060,0.008047,
0.240394,0.320988,0.316803,0.289568,0.313985,0.266397,0.295320,0.252951,0.287839,0.254294,0.219247,0.174942,0.194795,0.115388,0.117999,0.087693,0.084029,0.069509,0.064978,0.030331,0.028560,
0.323795,0.283668,0.297962,0.300929,0.236025,0.260352,0.257233,0.236760,0.245576,0.193203,0.166814,0.175869,0.158306,0.130536,0.125619,0.091531,0.082124,0.068958,0.038310,0.028607,0.019791,
0.283660,0.229961,0.246951,0.263329,0.248812,0.192509,0.193794,0.191343,0.188421,0.212084,0.164826,0.147207,0.136580,0.115122,0.124515,0.127371,0.071992,0.059369,0.047025,0.018581,0.014830,
0.157838,0.283941,0.275717,0.209612,0.198946,0.164544,0.173529,0.170430,0.162970,0.168030,0.164963,0.173771,0.134651,0.148704,0.138242,0.100304,0.109054,0.053155,0.059914,0.020777,0.016326,
0.216299,0.247383,0.190436,0.172312,0.208995,0.179939,0.157104,0.165286,0.193449,0.166884,0.146969,0.165776,0.130195,0.170961,0.106008,0.104372,0.072076,0.066676,0.053394,0.025529,0.018085,
0.080041,0.163251,0.164182,0.139470,0.188756,0.192772,0.197169,0.196566,0.127115,0.132972,0.158699,0.131019,0.140616,0.105113,0.125113,0.100667,0.074409,0.077022,0.043358,0.035184,0.017152,
0.092568,0.133733,0.165078,0.144135,0.186779,0.211727,0.147134,0.153807,0.165625,0.158984,0.165581,0.141047,0.127437,0.115597,0.115937,0.105071,0.087439,0.107461,0.049772,0.027714,0.016809,
0.146903,0.134351,0.164367,0.141923,0.167340,0.155834,0.191619,0.144124,0.142583,0.165457,0.150871,0.147558,0.153985,0.136359,0.111912,0.116173,0.082570,0.073518,0.059139,0.043001,0.019869,
0.152289,0.267720,0.283033,0.139242,0.162110,0.166923,0.158137,0.210313,0.174939,0.172663,0.138786,0.195664,0.160037,0.175477,0.165289,0.135821,0.134176,0.117470,0.050559,0.038774,0.019077,
0.082149,0.129329,0.121557,0.280584,0.144893,0.149488,0.177619,0.174846,0.209712,0.203330,0.183130,0.187979,0.194647,0.188982,0.134277,0.157061,0.112052,0.078430,0.070651,0.040510,0.036105,
0.086539,0.150952,0.146809,0.175352,0.176811,0.195069,0.170702,0.193149,0.152741,0.203536,0.200736,0.276503,0.163465,0.172413,0.163714,0.160331,0.171535,0.114059,0.107424,0.046173,0.023741,
0.180337,0.249457,0.188589,0.195561,0.254067,0.238975,0.326794,0.249997,0.256042,0.163048,0.268808,0.220220,0.161169,0.233943,0.159734,0.183839,0.150173,0.125397,0.157951,0.061522,0.027994,
nan,0.201835,0.273182,0.163699,0.217089,0.207197,0.413676,0.167683,0.233345,0.291895,0.171728,0.250445,0.128948,0.204377,0.129813,0.240701,0.242401,0.115412,0.066301,0.033985,0.014051,
nan,0.119931,0.108818,nan,nan,0.136728,0.255722,nan,0.259948,0.149064,0.216574,0.224400,0.264584,0.232620,0.193944,0.080944,0.189448,0.092657,0.053937,0.203618,0.017102,
nan,0.580251,0.257450,0.268971,0.501761,0.784406,0.196672,0.262465,0.529183,0.226606,0.529372,0.140662,0.381978,0.148760,0.189068,0.217510,0.096204,0.048626,0.025183,0.021279,0.008241,
0.400798,0.298447,0.406092,0.356370,0.376022,0.327924,0.422946,0.328568,0.323279,0.285035,0.286134,0.192658,0.187238,0.174832,0.192710,0.123943,0.064311,0.061020,0.056322,0.034200,0.009933,
0.560569,0.407223,0.322726,0.399276,0.335105,0.301825,0.304717,0.264107,0.291501,0.298128,0.213280,0.237983,0.183881,0.179333,0.138967,0.196878,0.078404,0.064227,0.064449,0.022281,0.035105,
0.322451,0.381868,0.329551,0.343043,0.300612,0.321477,0.282364,0.268716,0.264228,0.293795,0.219737,0.202406,0.211282,0.181849,0.131460,0.120986,0.100086,0.082802,0.045127,0.024780,0.015387,
0.341788,0.368865,0.331161,0.310725,0.286918,0.303772,0.282941,0.265440,0.300805,0.236579,0.192762,0.201115,0.170691,0.185790,0.138724,0.102253,0.085991,0.062559,0.029607,0.021291,0.016787,
0.299642,0.341586,0.298054,0.309105,0.273961,0.256583,0.262302,0.248611,0.228897,0.212968,0.196597,0.204630,0.158079,0.151686,0.106557,0.108955,0.086739,0.072529,0.043284,0.030395,0.012947,
0.230016,0.249834,0.288123,0.265049,0.293042,0.230135,0.224992,0.263783,0.204133,0.187816,0.179752,0.164804,0.128938,0.143074,0.116148,0.097443,0.086512,0.055703,0.040072,0.018696,nan,
0.204119,0.226854,0.265347,0.250612,0.211582,0.194557,0.194973,0.195698,0.184372,0.211566,0.201906,0.149732,0.156875,0.134021,0.108170,0.097161,0.081393,0.075064,0.041618,0.020273,0.011922,
0.246772,0.192971,0.227471,0.219028,0.207498,0.185156,0.161987,0.174668,0.191475,0.157018,0.159542,0.170063,0.119477,0.122442,0.114950,0.097403,0.066676,0.048639,0.062647,0.031319,0.057485,
0.235794,0.151058,0.224702,0.191421,0.243777,0.172785,0.174023,0.187907,0.144881,0.187199,0.153166,0.143211,0.141779,0.105896,0.095712,0.101622,0.071503,0.074667,0.042065,0.032645,0.013019,
0.131347,0.230185,0.198079,0.183357,0.239118,0.147516,0.162344,0.170562,0.146006,0.165459,0.173617,0.117660,0.122149,0.111067,0.109861,0.093990,0.081281,0.083909,0.054598,0.035137,0.042539,
0.107617,0.185991,0.160289,0.254419,0.229137,0.148461,0.135852,0.135890,0.146164,0.142553,0.143247,0.149820,0.147153,0.142943,0.100989,0.127049,0.076471,0.107401,0.041028,0.027419,0.029588,
0.103240,0.157606,0.141378,0.330044,0.149569,0.136434,0.144536,0.149210,0.191001,0.156128,0.143060,0.218261,0.142526,0.145302,0.124882,0.123204,0.095076,0.086565,0.074009,0.034714,0.014878,
0.179085,0.149129,0.144650,0.136182,0.154658,0.179585,0.186704,0.156971,0.134362,0.162434,0.207930,0.154669,0.133101,0.173819,0.160441,0.157968,0.131921,0.080325,0.065766,0.039374,0.036480,
2.466915,0.141406,0.203203,0.217497,0.198287,0.204411,0.193581,0.181910,0.178978,0.169233,0.199792,0.188386,0.142950,0.144377,0.148379,0.151054,0.128009,0.082719,0.062070,0.037724,0.033775,
0.103411,0.187245,0.277496,0.196256,0.183508,0.182179,0.270003,0.194413,0.194363,0.224810,0.204255,0.187205,0.167945,0.190245,0.186369,0.136263,0.127384,0.124280,0.094712,0.057495,0.034728,
0.150098,0.196520,0.174037,0.409138,0.174883,0.206769,0.318008,0.163186,0.201815,0.359507,0.195470,0.289058,0.178276,0.163349,0.165439,0.138750,0.128834,0.149523,0.116021,0.042895,0.040911,
nan,0.204878,0.221630,0.150175,0.154952,0.158214,0.157694,0.195952,0.292139,0.204349,0.197323,0.259968,0.460617,0.288741,0.126886,0.154766,0.135898,0.102127,0.055254,0.124174,0.023751,
nan,nan,0.166745,0.120474,nan,nan,0.085306,0.178240,0.522595,0.128373,0.167494,0.171035,0.124192,0.152389,0.106525,0.186218,0.162820,0.131580,0.377090,0.040751,0.008948,
nan,0.377110,0.233985,0.512334,0.445578,0.328322,0.271732,0.370474,0.292870,0.375762,0.247618,0.205684,0.136255,0.193059,0.229499,0.087447,0.037349,0.045672,0.017485,0.014131,0.008361,
0.367003,0.428526,0.425852,0.369267,0.408534,0.382360,0.349216,0.372201,0.288689,0.252081,0.266270,0.202423,0.170734,0.159278,0.112278,0.105523,0.104859,0.085710,0.025418,0.036846,0.006983,
0.200570,0.327502,0.397346,0.385818,0.340038,0.355604,0.313900,0.277614,0.243507,0.316274,0.267388,0.211821,0.195022,0.176936,0.167187,0.131691,0.076403,0.071014,0.030629,0.032197,0.013712,
0.731277,0.387661,0.291062,0.358942,0.341769,0.319317,0.271933,0.288626,0.248343,0.254498,0.217516,0.189095,0.174236,0.150695,0.141374,0.116555,0.130698,0.062161,0.047203,0.028630,0.015017,
0.399241,0.420915,0.346060,0.339478,0.352011,0.281929,0.295522,0.251322,0.263464,0.247840,0.220040,0.184158,0.188538,0.169513,0.155808,0.100094,0.076239,0.052197,0.051448,0.025238,0.034987,
0.448224,0.374418,0.310447,0.305953,0.289731,0.276028,0.266045,0.261873,0.300542,0.250473,0.169222,0.173556,0.170544,0.119928,0.122219,0.096056,0.083501,0.062467,0.050668,0.030208,0.012204,
0.278793,0.348926,0.233240,0.242605,0.247824,0.212893,0.226377,0.219460,0.216640,0.214225,0.198821,0.146902,0.146190,0.126576,0.151796,0.102960,0.087259,0.055657,0.037530,0.027255,0.015713,
0.135457,0.255744,0.194101,0.202474,0.266663,0.208221,0.186521,0.196082,0.176216,0.189260,0.164140,0.138261,0.136197,0.140923,0.106209,0.098313,0.070674,0.054138,0.043833,0.024481,0.012116,
0.211246,0.264979,0.217001,0.181000,0.222911,0.209305,0.181152,0.190395,0.172025,0.176547,0.160883,0.170852,0.138211,0.123714,0.137850,0.116330,0.081642,0.061122,0.044640,0.026808,0.018160,
0.199590,0.233132,0.198475,0.160498,0.177794,0.193967,0.193502,0.169756,0.135926,0.153017,0.156215,0.120215,0.121739,0.123238,0.102546,0.091929,0.083356,0.067361,0.034575,0.024446,0.021305,
0.135113,0.193374,0.171400,0.165302,0.146774,0.145708,0.142313,0.160901,0.142029,0.141797,0.153090,0.172798,0.115355,0.102868,0.100847,0.097619,0.071621,0.075509,0.048109,0.065628,0.014425,
0.242238,0.159732,0.218019,0.132221,0.129109,0.142607,0.168046,0.144597,0.193634,0.147839,0.142331,0.176142,0.187286,0.127227,0.104800,0.104079,0.075514,0.081744,0.054095,0.032447,0.016293,
0.529372,0.135449,0.185831,0.160031,0.130792,0.177210,0.165547,0.152287,0.153323,0.157584,0.181256,0.147717,0.114972,0.132486,0.130845,0.119913,0.094132,0.074775,0.064048,0.034000,0.025753,
0.155718,0.193752,0.133677,0.291507,0.186369,0.163671,0.262253,0.129306,0.188691,0.181019,0.215071,0.170177,0.142823,0.139936,0.126354,0.172783,0.144447,0.096935,0.065882,0.049442,0.024765,
nan,0.139811,0.206693,0.190257,0.177595,0.179918,0.224906,0.163339,0.164357,0.171978,0.216654,0.169012,0.140001,0.134136,0.152468,0.174435,0.119266,0.095616,0.062638,0.025292,0.015490,
nan,0.109154,0.303708,0.186907,0.283680,0.198974,0.204984,0.159894,0.156782,0.211423,0.240735,0.150948,0.233872,0.207588,0.162360,0.153405,0.094589,0.125111,0.110794,0.062423,0.034573,
nan,0.142322,0.128340,0.267822,0.268868,0.239404,0.186352,0.178173,0.203373,0.227705,0.183367,0.238026,0.282898,0.216377,0.175200,0.166193,0.131262,0.163076,0.126798,0.068816,0.094097,
nan,0.211455,0.102077,0.159169,0.235494,0.123130,0.156452,0.166060,0.160613,0.257530,0.175953,0.273135,0.124256,0.228665,0.139353,0.116713,0.210201,0.103869,0.065469,0.053564,0.022084,
nan,0.152126,0.119633,0.172757,0.320962,1.236642,0.248753,0.196145,0.070195,0.098047,0.113921,0.109219,0.162908,0.400629,0.103283,0.121506,0.146173,0.051188,0.047785,0.036621,0.013822,
nan,0.421320,0.313506,0.341479,0.318532,0.278424,0.389557,0.320215,0.348952,0.272120,0.232858,0.222046,0.121789,0.118840,0.103816,0.073006,0.067819,0.038827,0.058656,0.074903,0.028006,
0.245431,0.324751,0.410247,0.431850,0.333659,0.358837,0.345214,0.355447,0.239664,0.230070,0.179035,0.223128,0.172084,0.136591,0.117710,0.127886,0.053990,0.047844,0.068435,0.019943,0.010243,
0.442267,0.358637,0.357240,0.481631,0.320519,0.319516,0.280504,0.309760,0.273506,0.298565,0.251618,0.177127,0.191231,0.143364,0.113471,0.115349,0.080639,0.056177,0.038469,0.026087,0.008015,
0.321359,0.416087,0.395563,0.332173,0.306835,0.331496,0.294005,0.267964,0.274850,0.304152,0.211162,0.201918,0.188488,0.141012,0.120201,0.100046,0.075833,0.061217,0.039150,0.026611,0.007899,
0.406172,0.349587,0.330121,0.311700,0.261846,0.288666,0.276125,0.261917,0.257467,0.274207,0.211514,0.248195,0.200874,0.197535,0.122415,0.090865,0.077378,0.068770,0.037113,0.026005,0.007842,
0.341978,0.283513,0.315196,0.276600,0.313390,0.289515,0.228791,0.275305,0.218801,0.204818,0.203267,0.181344,0.161515,0.148849,0.099773,0.098845,0.092106,0.060618,0.046872,0.031350,0.016962,
0.165036,0.251860,0.279204,0.292823,0.293498,0.235122,0.209667,0.239852,0.209661,0.224519,0.183894,0.169159,0.129834,0.135704,0.123120,0.084461,0.106477,0.049729,0.034783,0.020081,nan,
0.186537,0.207228,0.248167,0.267136,0.238739,0.222807,0.188399,0.188782,0.189697,0.192803,0.159564,0.184705,0.137150,0.125695,0.129476,0.093456,0.075710,0.075360,0.050209,0.017418,0.009510,
0.145449,0.182183,0.195254,0.274240,0.178410,0.210299,0.185995,0.174933,0.155256,0.215588,0.162815,0.137112,0.123478,0.113529,0.108181,0.083601,0.066705,0.061176,0.043697,0.030009,0.015095,
0.157862,0.376434,0.175614,0.180443,0.198320,0.164508,0.152451,0.183572,0.162621,0.149219,0.142955,0.152638,0.124698,0.110041,0.100910,0.076045,0.067724,0.074153,0.033944,0.034905,0.030678,
0.144627,0.172418,0.179656,0.163784,0.185771,0.186435,0.196739,0.142607,0.170051,0.144326,0.127153,0.138202,0.116862,0.111224,0.091772,0.097767,0.061667,0.077285,0.043429,0.022457,0.013246,
nan,0.173586,0.163382,0.183026,0.153039,0.203962,0.167253,0.163871,0.137424,0.190167,0.202331,0.150284,0.116197,0.110921,0.105064,0.086533,0.065838,0.062183,0.056278,0.024018,0.015288,
0.094572,0.233706,0.214235,0.137008,0.144017,0.180704,0.185917,0.134249,0.155020,0.162944,0.153226,0.164668,0.127708,0.114418,0.129374,0.122751,0.092799,0.089094,0.051350,0.036262,0.023949,
0.252160,0.170386,0.251473,0.142596,0.127540,0.167643,0.171811,0.166266,0.157888,0.201648,0.171971,0.139987,0.166339,0.117270,0.137417,0.162298,0.138786,0.101189,0.071787,0.033661,0.023877,
nan,0.340795,0.147159,0.135259,0.161819,0.196477,0.158506,0.152157,0.166980,0.145436,0.159465,0.161943,0.152448,0.132096,0.124739,0.144051,0.093969,0.074482,0.059329,0.034209,0.019228,
nan,0.134160,0.224442,0.187035,0.159246,0.264210,0.143521,0.209497,0.201261,0.141037,0.182885,0.161623,0.161342,0.173303,0.138580,0.122385,0.110074,0.112793,0.108474,0.065567,0.027971,
nan,0.131458,0.119594,0.195673,0.180246,0.169265,0.173342,0.181819,0.146862,0.154355,0.191470,0.196251,0.223403,0.202729,0.143577,0.151700,0.129583,0.144947,0.106256,0.062654,0.041884,
nan,0.141687,0.219989,0.140410,0.291505,0.143042,0.306244,0.204707,0.193347,0.162258,0.219662,0.187256,0.225812,0.160452,0.140692,0.134717,0.250797,0.073263,0.072879,0.110372,0.014641,
nan,nan,nan,nan,nan,0.104211,0.294227,0.364777,0.305816,0.107590,0.799011,0.173393,0.162026,0.362827,0.113760,0.101783,0.051588,0.267306,nan,0.031660,0.106242,
nan,0.455173,0.271312,0.555855,0.705333,0.578702,0.354985,0.907296,0.118572,nan,1.602635,0.500571,0.182874,0.091341,0.132311,0.296028,0.072488,0.032088,0.016830,0.020483,nan,
0.314188,0.425993,0.354584,0.503411,0.348098,0.428819,0.374484,0.292491,0.333756,0.296995,0.272466,0.268824,0.157169,0.153360,0.112855,0.091205,0.097579,0.091544,0.065045,0.022455,nan,
0.158513,0.452798,0.298394,0.420826,0.352411,0.340613,0.343009,0.296889,0.263079,0.237749,0.198028,0.216101,0.175139,0.229034,0.137604,0.101427,0.079407,0.059264,0.065576,0.033316,nan,
0.240219,0.371317,0.336099,0.337835,0.313805,0.340022,0.303357,0.331468,0.309082,0.262694,0.225138,0.230531,0.184396,0.156275,0.125783,0.099845,0.069640,0.053902,0.045114,0.025074,nan,
0.424202,0.271537,0.342847,0.341918,0.309216,0.279187,0.293848,0.242100,0.266618,0.282189,0.190329,0.190918,0.175117,0.169870,0.125029,0.094039,0.091210,0.057110,0.030227,0.017714,0.016545,
0.212695,0.350668,0.272591,0.316829,0.323305,0.247749,0.258954,0.263119,0.278513,0.217499,0.197069,0.189076,0.159794,0.116528,0.121559,0.097518,0.078889,0.083422,0.045008,0.027058,0.011524,
0.396654,0.321280,0.274648,0.263933,0.287396,0.252275,0.218225,0.224998,0.217700,0.205512,0.188589,0.159159,0.137794,0.122742,0.162001,0.102281,0.096744,0.046674,0.032475,0.025477,0.017878,
0.184311,0.223065,0.300647,0.240634,0.181185,0.240991,0.229725,0.193984,0.177885,0.208678,0.169285,0.153992,0.154017,0.117714,0.123962,0.098548,0.070262,0.053427,0.045252,0.022306,0.012873,
0.174089,0.230728,0.243161,0.211352,0.201908,0.197190,0.182572,0.192375,0.161120,0.162912,0.167216,0.145705,0.132630,0.115774,0.084491,0.108970,0.079276,0.073221,0.032092,0.025434,0.021392,
0.097463,0.167710,0.173955,0.178833,0.171044,0.182423,0.193781,0.168460,0.179311,0.165449,0.141204,0.138194,0.126085,0.106635,0.084520,0.081949,0.068940,0.051348,0.033629,0.026279,0.012436,
nan,0.220500,0.171117,0.153820,0.154681,0.184076,0.166773,0.162495,0.144922,0.161160,0.141012,0.146978,0.116878,0.112138,0.097849,0.090080,0.067836,0.049828,0.043275,0.054184,0.014253,
0.170316,0.306054,0.174885,0.170486,0.155613,0.191377,0.167837,0.140781,0.161140,0.192415,0.146893,0.167417,0.103413,0.124180,0.111073,0.084252,0.064209,0.073465,0.067038,0.030976,0.016964,
0.630547,0.150690,0.161809,0.163018,0.211928,0.181943,0.141803,0.190567,0.159292,0.163229,0.181276,0.154608,0.159225,0.119601,0.122742,0.128344,0.097135,0.070418,0.055266,0.029142,0.018600,
nan,0.180447,0.192501,0.141367,0.218460,0.188637,0.143726,0.164574,0.155779,0.144250,0.153327,0.176983,0.133920,0.117238,0.124428,0.138817,0.102978,0.101507,0.052557,0.033960,0.020619,
0.107113,0.132403,0.134756,0.127469,0.144102,0.183346,0.189863,0.216880,0.229667,0.154978,0.167701,0.143069,0.175876,0.116508,0.113305,0.131385,0.123668,0.141255,0.055201,0.034163,0.017135,
nan,0.121624,0.448756,0.173760,0.174206,0.228391,0.192646,0.248671,0.243776,0.138567,0.168540,0.143487,0.221008,0.177742,0.154178,0.126786,0.103621,0.094341,0.105881,0.083866,0.022335,
nan,0.287239,0.140903,0.158385,0.190053,0.199659,0.172418,0.163826,0.287936,0.137586,0.176472,0.142717,0.193103,0.123761,0.144103,0.156408,0.135301,0.076833,0.078949,0.057962,0.035789,
nan,0.252500,0.137662,0.169719,0.151088,0.159043,0.355827,0.200020,0.357226,0.118936,0.179293,0.283415,0.132306,0.154810,0.256220,0.095653,0.117933,0.074885,0.060932,0.126207,0.019481,
nan,nan,nan,nan,nan,0.214105,0.245705,0.131111,0.112575,0.126485,0.308269,0.185772,0.154945,0.073851,0.119560,0.149128,0.089529,0.064436,0.022768,0.039798,0.011558,
nan,0.379159,0.681627,0.215519,0.235126,0.428347,0.377076,0.484152,0.139349,0.282028,0.220460,0.258324,0.097146,0.287689,0.077061,0.189282,0.113080,0.047637,0.030285,0.056487,nan,
0.484788,0.419696,0.343952,0.341027,0.329803,0.324950,0.301166,0.291738,0.310922,0.293131,0.226709,0.219961,0.186390,0.164433,0.152585,0.117801,0.062920,0.036135,0.036221,0.024334,nan,
0.419412,0.405403,0.356579,0.326436,0.317171,0.376516,0.273652,0.289789,0.279518,0.278650,0.245826,0.193039,0.180537,0.160899,0.104944,0.121664,0.105407,0.067757,0.040290,0.015512,0.013619,
0.335427,0.359757,0.392052,0.353882,0.344404,0.303205,0.270549,0.277326,0.268568,0.245788,0.224028,0.230147,0.190764,0.164627,0.126042,0.109312,0.123723,0.105771,0.035350,0.027964,0.017287,
0.191017,0.358272,0.325712,0.291946,0.330804,0.267704,0.275825,0.269807,0.268719,0.276016,0.221597,0.186646,0.179279,0.174926,0.140948,0.142556,0.082688,0.055873,0.046840,0.025955,0.014203,
0.231368,0.286137,0.294494,0.307667,0.291631,0.277880,0.230975,0.245422,0.236859,0.222184,0.192459,0.183539,0.174964,0.125476,0.113502,0.102589,0.088903,0.069600,0.046367,0.027650,0.028378,
0.139727,0.229243,0.286840,0.250255,0.252236,0.251114,0.212688,0.219338,0.210936,0.205270,0.204847,0.170226,0.132766,0.129520,0.142252,0.080599,0.092805,0.052877,0.038946,0.019902,0.010423,
0.633872,0.237785,0.249521,0.234808,0.216918,0.232843,0.204220,0.177147,0.203768,0.195537,0.170376,0.168179,0.122227,0.134437,0.113586,0.088433,0.077086,0.062651,0.037087,0.025745,0.012035,
0.116543,0.179974,0.171796,0.234025,0.223876,0.186324,0.196661,0.182084,0.213904,0.156772,0.145771,0.152850,0.140559,0.131227,0.100177,0.080452,0.081776,0.066575,0.039657,0.030156,0.031669,
0.116887,0.239373,0.182909,0.200938,0.183772,0.179016,0.166549,0.184927,0.171776,0.165171,0.153114,0.147458,0.106208,0.100419,0.099354,0.090586,0.064877,0.072210,0.032925,0.020976,0.019078,
0.125942,0.165121,0.145918,0.152328,0.183336,0.151220,0.139302,0.129983,0.166234,0.130842,0.145458,0.145832,0.115717,0.127125,0.089733,0.085510,0.071752,0.063090,0.036281,0.055338,0.011020,
nan,0.200419,0.152738,0.138428,0.183720,0.144442,0.138848,0.139704,0.162148,0.138175,0.173682,0.175480,0.121812,0.120501,0.100173,0.095049,0.066528,0.071298,0.043979,0.028136,0.018899,
nan,0.204934,0.158200,0.149803,0.194629,0.195428,0.119159,0.139054,0.137990,0.161910,0.147732,0.145156,0.162474,0.126510,0.118294,0.109524,0.087088,0.079125,0.049224,0.040127,0.015816,
0.159209,0.248372,0.142791,0.169516,0.217839,0.229987,0.116393,0.145459,0.196333,0.150307,0.151147,0.157980,0.142251,0.125080,0.102029,0.125305,0.097609,0.087882,0.052533,0.036436,0.017020,
nan,0.282177,0.216867,0.156712,0.166216,0.175995,0.143495,0.179898,0.229572,0.160614,0.162476,0.151849,0.145139,0.117903,0.122938,0.150451,0.117950,0.116400,0.050681,0.030514,0.015749,
0.111402,0.175781,0.193257,0.123772,0.131615,0.236397,0.224589,0.126329,0.182348,0.165000,0.149544,0.160770,0.156365,0.159247,0.133122,0.165415,0.113215,0.099497,0.086743,0.084442,0.018810,
nan,0.314515,0.189825,0.171430,0.139879,0.180946,0.108911,0.269163,0.178415,0.151423,0.215138,0.176003,0.168088,0.138494,0.132504,0.094358,0.114719,0.079820,0.086377,0.073353,0.044591,
nan,0.152596,0.092658,0.224255,0.215607,0.137000,0.193002,0.177878,0.258292,0.211581,0.227147,0.238279,0.121646,0.172621,0.148044,0.106804,0.092978,0.122144,0.055109,0.059094,0.041145,
nan,nan,nan,0.111262,0.144100,0.176287,0.137991,0.146379,0.448414,0.151008,0.153532,0.124073,0.366435,0.152261,0.131559,0.080577,0.059465,0.059850,0.023766,0.034964,0.032661,
nan,0.515193,0.440243,0.362229,0.203218,0.238849,0.274179,0.197263,0.198132,0.166415,0.146879,0.135499,0.123660,0.138000,0.128374,0.090071,0.067253,0.077935,0.043020,0.014449,nan,
0.506081,0.285142,0.389694,0.370135,0.331841,0.315734,0.295026,0.335482,0.331503,0.223415,0.244911,0.296988,0.189711,0.148192,0.143383,0.101835,0.094467,0.054932,0.045159,0.018468,nan,
0.377772,0.373022,0.408145,0.377121,0.413746,0.352300,0.305417,0.285516,0.314482,0.288462,0.234311,0.221856,0.155363,0.133421,0.135253,0.105728,0.071813,0.058835,0.051782,0.025177,0.097473,
0.372293,0.309321,0.358208,0.383568,0.310844,0.318240,0.312507,0.290548,0.259723,0.269914,0.212570,0.209341,0.177897,0.153158,0.142604,0.107850,0.144784,0.071505,0.053649,0.021027,0.018477,
0.247679,0.295321,0.282670,0.382023,0.313989,0.371579,0.331886,0.259369,0.243157,0.267088,0.212229,0.236391,0.192305,0.167085,0.125217,0.103198,0.084074,0.052800,0.035070,0.021643,0.006492,
0.260614,0.299996,0.258887,0.291914,0.346437,0.281309,0.264408,0.260649,0.246174,0.219367,0.175879,0.189372,0.199629,0.135312,0.114256,0.102112,0.083558,0.068516,0.052987,0.026290,0.015081,
0.365936,0.340523,0.266739,0.278718,0.250084,0.223824,0.210482,0.198031,0.244270,0.189309,0.181256,0.203172,0.136526,0.128594,0.141317,0.112783,0.090476,0.067350,0.032329,0.023475,0.025186,
0.264347,0.290123,0.222119,0.238208,0.240420,0.251534,0.237831,0.201296,0.211836,0.179514,0.168446,0.157380,0.146396,0.104631,0.116422,0.096531,0.073522,0.072246,0.041476,0.019815,0.016070,
0.459723,0.177755,0.191356,0.205256,0.194970,0.203409,0.203382,0.199894,0.206373,0.184108,0.172663,0.164883,0.154261,0.147672,0.090990,0.124346,0.060887,0.067492,0.038260,0.020875,0.011698,
0.126712,0.147297,0.144322,0.213748,0.175244,0.167295,0.167849,0.164779,0.154412,0.156539,0.142881,0.132147,0.119038,0.129168,0.094845,0.077478,0.072910,0.089487,0.033008,0.026620,0.014386,
0.126011,0.167718,0.157914,0.285356,0.187041,0.174572,0.132641,0.150549,0.161593,0.133499,0.173545,0.143792,0.114069,0.106622,0.096292,0.093812,0.061205,0.056338,0.034974,0.051740,0.015267,
0.099859,0.151965,0.128358,0.145270,0.178698,0.154751,0.104762,0.136683,0.138568,0.136726,0.161071,0.176884,0.163714,0.122380,0.096960,0.101121,0.070739,0.076151,0.063035,0.023484,0.013754,
0.077879,0.216048,0.193440,0.326795,0.241183,0.169851,0.126982,0.132324,0.191666,0.142741,0.160661,0.120409,0.123930,0.145478,0.090168,0.097698,0.075987,0.083706,0.046976,0.039614,0.016220,
0.057497,0.134027,0.187692,0.309496,0.170832,0.172255,0.142751,0.141941,0.220883,0.138890,0.180311,0.141886,0.123868,0.123582,0.106637,0.124553,0.116952,0.078662,0.065610,0.034183,0.017233,
nan,0.250535,0.428067,0.205850,0.223223,0.188861,0.160689,0.183807,0.203503,0.145284,0.142883,0.177736,0.105602,0.146747,0.132516,0.146001,0.083556,0.113039,0.041663,0.035407,0.017556,
0.087506,0.153294,0.110240,0.129533,0.414237,0.184967,0.155945,0.172061,0.211369,0.140646,0.147119,0.156599,0.183318,0.129074,0.111243,0.138406,0.099849,0.079715,0.073836,0.047872,0.016284,
nan,0.094547,0.236646,0.166620,0.211625,0.270101,0.235506,0.192642,0.145859,0.184643,0.138388,0.216096,0.136593,0.150509,0.192764,0.103741,0.079015,0.111405,0.045947,0.091551,0.036989,
nan,0.297211,0.096268,0.277147,0.107818,0.300686,0.319972,0.279967,0.191871,0.125732,0.144522,0.232226,0.177134,0.136431,0.113606,0.089204,0.120410,0.081115,0.053160,0.036486,0.028559,
nan,nan,0.211197,0.373383,0.098751,nan,0.228674,0.189327,0.209129,0.124989,0.044762,0.171477,0.156014,0.155041,0.235826,0.134096,0.078205,0.051415,0.047489,0.042922,0.017453,
nan,0.213682,0.258817,0.287402,0.293399,0.307143,0.290810,0.361920,0.369172,0.140168,0.163268,0.095837,0.123362,0.201014,0.169341,0.222466,0.057264,0.037837,0.029197,0.008292,nan,
0.434782,0.350699,0.263511,0.310642,0.448845,0.352303,0.337748,0.269909,0.359238,0.217401,0.187044,0.139629,0.135084,0.214850,0.133630,0.104477,0.163619,0.055170,0.033514,0.021926,0.036316,
0.588473,0.380284,0.420046,0.342911,0.337504,0.318317,0.324371,0.289894,0.237130,0.236848,0.254793,0.217166,0.160506,0.194508,0.138007,0.098032,0.076311,0.057867,0.048470,0.032039,0.014307,
0.564768,0.314484,0.339286,0.313730,0.341979,0.331333,0.289731,0.237901,0.280284,0.275534,0.217526,0.201715,0.185129,0.153312,0.133624,0.111509,0.072550,0.062875,0.032057,0.031893,0.009685,
0.269771,0.329829,0.293488,0.329379,0.310009,0.277336,0.302882,0.247131,0.252786,0.261522,0.196298,0.201688,0.187765,0.157588,0.122744,0.088445,0.093858,0.057733,0.044175,0.022111,0.010525,
0.530783,0.321778,0.329273,0.318574,0.302855,0.263764,0.243922,0.244485,0.255128,0.207946,0.200308,0.185739,0.176881,0.122639,0.101530,0.086122,0.081989,0.066374,0.046698,0.024768,0.013328,
0.166636,0.313995,0.336448,0.248263,0.260861,0.233124,0.245419,0.214081,0.194140,0.197892,0.192397,0.172329,0.138005,0.124845,0.124328,0.079320,0.079431,0.052933,0.040915,0.020606,0.013489,
0.482917,0.315786,0.226655,0.196826,0.253282,0.216657,0.255404,0.178934,0.199887,0.203108,0.184249,0.177253,0.128829,0.127380,0.116345,0.096129,0.075145,0.055737,0.034478,0.022304,0.023680,
0.191173,0.260474,0.245852,0.185870,0.207007,0.183363,0.183287,0.202633,0.183621,0.186124,0.150527,0.167000,0.161317,0.098447,0.090214,0.104744,0.069328,0.045860,0.033480,0.021959,0.024119,
0.200382,0.164096,0.230736,0.159944,0.171982,0.223745,0.145632,0.157330,0.173004,0.140486,0.135922,0.162592,0.116746,0.103958,0.083566,0.092617,0.066951,0.057276,0.033929,0.025987,0.048792,
0.230056,0.195086,0.165988,0.145842,0.167227,0.165673,0.148762,0.124106,0.129829,0.144174,0.192475,0.169983,0.102703,0.118037,0.105629,0.098703,0.066895,0.042715,0.033635,0.018932,0.013520,
0.140542,0.104624,0.152025,0.147809,0.170978,0.158818,0.156179,0.124815,0.217881,0.122865,0.129636,0.167341,0.136998,0.133246,0.102522,0.100057,0.064003,0.082069,0.044158,0.031485,0.014613,
0.106507,0.511231,0.126282,0.149779,0.174969,0.152171,0.179101,0.157278,0.171083,0.137356,0.150981,0.168430,0.114141,0.137953,0.120007,0.096520,0.082669,0.092454,0.034517,0.036269,0.017615,
0.094543,0.218205,0.124180,0.164181,0.206767,0.177330,0.165554,0.231642,0.149329,0.154220,0.144447,0.169676,0.112620,0.121839,0.129997,0.120733,0.112698,0.069261,0.063659,0.038697,0.017212,
0.222281,0.130592,0.161260,0.189565,0.186498,0.164952,0.145565,0.196814,0.241824,0.209005,0.164870,0.150547,0.150067,0.157881,0.116959,0.136638,0.072838,0.100864,0.040114,0.035345,0.020215,
0.102057,0.220963,0.196653,0.209236,0.216688,0.213722,0.149148,0.198470,0.206649,0.200050,0.192631,0.204194,0.127953,0.129710,0.130157,0.111105,0.079042,0.079026,0.061007,0.034742,0.017305,
0.077088,0.173573,0.104552,0.127615,0.186753,0.272061,0.193647,0.218735,0.209460,0.211134,0.211382,0.188443,0.138896,0.197921,0.133368,0.100526,0.082943,0.090241,0.059589,0.045612,0.082385,
nan,0.461844,0.138917,0.297179,0.223471,0.224458,0.166151,0.158739,0.193798,0.251609,0.183151,0.172165,0.139081,0.110793,0.122482,0.153273,0.127004,0.095187,0.051376,0.034465,0.033213,
nan,nan,0.258389,nan,0.051409,0.125843,0.072710,0.121179,0.281060,0.130630,0.243273,0.113425,0.126597,0.082396,0.088120,0.182093,0.052703,0.080451,0.042663,0.088942,0.034361,
nan,0.387614,0.448830,0.388094,0.529310,0.368340,0.230714,0.227642,0.226466,0.178106,0.206877,0.290721,0.121288,0.269146,0.210173,0.138305,0.070001,0.117223,0.030491,0.018080,nan,
0.459131,0.372549,0.402343,0.410995,0.339295,0.359608,0.390001,0.307876,0.270664,0.271392,0.351443,0.152171,0.161205,0.138142,0.125120,0.120297,0.083054,0.096089,0.050453,0.018110,0.013038,
0.378976,0.374296,0.410898,0.367738,0.328486,0.357604,0.295751,0.312646,0.292351,0.298465,0.233195,0.181374,0.216574,0.146140,0.122818,0.107686,0.078391,0.066122,0.039744,0.022548,0.011219,
0.448487,0.381544,0.299439,0.368030,0.316319,0.312322,0.329553,0.291336,0.314951,0.282397,0.227023,0.231407,0.181511,0.173435,0.121761,0.087284,0.077165,0.051941,0.032918,0.021859,0.059088,
0.499131,0.350517,0.342200,0.342744,0.325385,0.292179,0.282163,0.273131,0.268151,0.301028,0.231751,0.188295,0.189248,0.160281,0.127692,0.120194,0.099217,0.052118,0.043106,0.029264,0.014562,
0.258962,0.313197,0.348651,0.260366,0.271895,0.271544,0.229794,0.238606,0.265696,0.199363,0.202401,0.167921,0.153823,0.139343,0.126608,0.112549,0.073424,0.065123,0.045158,0.021699,0.018988,
0.246477,0.285271,0.225246,0.254931,0.275783,0.252152,0.249861,0.218913,0.262625,0.202375,0.174974,0.173384,0.144939,0.121849,0.127320,0.105034,0.090825,0.062031,0.050098,0.023939,0.032175,
0.190845,0.207754,0.207645,0.223215,0.282279,0.223062,0.191168,0.207291,0.210893,0.226411,0.167491,0.187788,0.135195,0.117672,0.108657,0.095969,0.085448,0.070797,0.047723,0.016968,0.016682,
0.297338,0.181962,0.192806,0.198458,0.204760,0.228365,0.180117,0.190312,0.186207,0.160890,0.178734,0.146729,0.135609,0.115467,0.085581,0.079827,0.087311,0.060278,0.038778,0.017386,0.018619,
0.263496,0.163987,0.157748,0.153363,0.167377,0.170035,0.185322,0.146726,0.174695,0.149025,0.146399,0.173215,0.134044,0.110269,0.077639,0.101345,0.077759,0.079396,0.039051,0.025936,0.015648,
0.133166,0.151256,0.150465,0.148449,0.145293,0.147747,0.166669,0.146078,0.152390,0.146007,0.138692,0.161902,0.144053,0.138900,0.097899,0.093679,0.072164,0.057615,0.032979,0.026546,0.012531,
0.248287,0.190648,0.179147,0.150139,0.139358,0.127451,0.147807,0.158801,0.157047,0.138024,0.138720,0.159926,0.135142,0.137897,0.106799,0.102141,0.064597,0.058104,0.051203,0.042161,0.015362,
0.121323,0.293344,0.172742,0.169447,0.139680,0.134691,0.156080,0.131062,0.177131,0.128092,0.189416,0.158539,0.116997,0.102579,0.097202,0.108306,0.071982,0.082830,0.038926,0.046225,0.019860,
0.090196,0.404094,0.174929,0.147506,0.124695,0.119917,0.212690,0.130773,0.183951,0.163066,0.141107,0.149866,0.126750,0.141285,0.121176,0.100945,0.085283,0.076678,0.064539,0.039088,0.021160,
0.076585,0.111149,0.288027,0.220346,0.155543,0.134983,0.242038,0.155936,0.198267,0.139973,0.126463,0.179830,0.112098,0.135119,0.114047,0.134515,0.077857,0.077442,0.061331,0.032700,0.029627,
nan,0.122427,0.213366,0.213613,0.163735,0.136113,0.217556,0.167555,0.172780,0.213502,0.154887,0.161841,0.140555,0.156487,0.125004,0.118849,0.082967,0.078445,0.052805,0.030216,0.022200,
0.174305,0.315587,0.196480,0.131910,0.237515,0.158212,0.170497,0.138582,0.211082,0.201328,0.173915,0.130712,0.211276,0.109460,0.144208,0.136554,0.133127,0.067981,0.083312,0.044069,0.032463,
nan,0.147535,0.191202,0.156105,0.165417,0.143741,0.247082,0.218626,0.225783,0.127257,0.164235,0.305283,0.140667,0.283031,0.100704,0.176658,0.122108,0.073743,0.069334,0.043774,0.043451,
nan,1.239148,0.428003,nan,0.161301,0.110435,0.087349,0.110135,0.049844,0.120925,0.114912,0.092996,0.154005,0.105135,0.083625,0.100639,0.118110,0.078317,0.040668,0.031175,0.033939,
nan,0.384247,0.430089,0.485799,0.353667,0.470712,0.197541,0.700688,0.327485,0.194516,0.169665,0.246354,0.426772,0.290911,0.166493,0.086999,0.039905,0.045341,0.070391,0.037101,nan,
0.372631,0.484456,0.424708,0.331650,0.346834,0.305675,0.278910,0.288495,0.286301,0.272314,0.196150,0.200131,0.186972,0.348384,0.153939,0.122732,0.138768,0.062675,0.039159,0.022250,0.009277,
0.387719,0.370618,0.349752,0.383352,0.290612,0.366200,0.324845,0.313110,0.250942,0.282729,0.233602,0.187645,0.210187,0.179613,0.166979,0.150531,0.067860,0.061398,0.067348,0.038541,0.012863,
0.364029,0.352616,0.387789,0.371398,0.306249,0.311295,0.287863,0.344313,0.262160,0.268515,0.238798,0.233987,0.215356,0.138454,0.147342,0.093411,0.105903,0.098168,0.071609,0.025938,0.024138,
0.350039,0.290616,0.341540,0.314732,0.319632,0.331634,0.282071,0.254563,0.231761,0.249814,0.241386,0.206326,0.197919,0.168377,0.111919,0.106635,0.102250,0.051481,0.042821,0.024055,0.013285,
0.233287,0.297062,0.258523,0.308775,0.419935,0.268480,0.229623,0.262719,0.248487,0.217754,0.234318,0.214129,0.171265,0.126038,0.117942,0.091638,0.072257,0.048918,0.036548,0.024129,0.011828,
0.272549,0.273694,0.258620,0.260276,0.276705,0.269194,0.254095,0.252806,0.199144,0.219778,0.189351,0.183743,0.159906,0.142188,0.114408,0.090030,0.076637,0.060535,0.040439,0.028897,0.010315,
0.391907,0.268810,0.230077,0.205252,0.251592,0.236918,0.210623,0.224399,0.220086,0.178543,0.169150,0.165108,0.130571,0.126339,0.120193,0.095702,0.070632,0.040524,0.045528,0.019018,0.017569,
0.282839,0.247900,0.182577,0.184437,0.189050,0.173792,0.203207,0.171993,0.150452,0.163661,0.152542,0.140360,0.136130,0.108279,0.092388,0.087221,0.061176,0.063125,0.037020,0.019525,0.009780,
0.288538,0.170458,0.167815,0.156522,0.161027,0.175997,0.163135,0.157635,0.184277,0.148816,0.161885,0.162632,0.111203,0.109439,0.081948,0.081534,0.087998,0.053786,0.032731,0.020325,0.017093,
0.111769,0.159059,0.142159,0.134256,0.147436,0.169850,0.159515,0.150578,0.138660,0.135764,0.142511,0.139436,0.123198,0.115180,0.095805,0.089962,0.071620,0.063954,0.029600,0.022528,0.012507,
0.065169,0.140092,0.137877,0.153186,0.141239,0.171270,0.180042,0.152307,0.166303,0.148141,0.134015,0.156054,0.134227,0.106101,0.097414,0.099370,0.066596,0.056788,0.041963,0.045316,0.016463,
0.145614,0.149653,0.170406,0.191309,0.132144,0.142082,0.173683,0.155161,0.129912,0.163118,0.157519,0.137021,0.125442,0.130078,0.095565,0.100493,0.077545,0.071200,0.057375,0.035599,0.022240,
0.075468,0.157783,0.117431,0.184348,0.130128,0.162146,0.157944,0.180160,0.168127,0.158305,0.132082,0.176772,0.112657,0.134389,0.096308,0.096296,0.091236,0.087557,0.062282,0.028892,0.025029,
0.106978,0.233007,0.116381,0.200432,0.118896,0.190115,0.146339,0.181063,0.184078,0.169821,0.149288,0.177502,0.118786,0.141404,0.124803,0.101200,0.097902,0.076551,0.054680,0.034677,0.078449,
0.072846,0.220792,0.171258,0.233708,0.144193,0.176226,0.191986,0.190069,0.212250,0.155873,0.238502,0.200752,0.159211,0.168018,0.137446,0.141566,0.084472,0.088524,0.058038,0.043965,0.028230,
0.094850,0.177543,0.250984,0.193428,0.204391,0.132208,0.226306,0.171161,0.175381,0.152675,0.189072,0.204601,0.157711,0.236753,0.110718,0.146710,0.135143,0.081055,0.090423,0.051023,0.022546,
nan,nan,0.102911,0.154899,0.405934,0.324164,0.189412,0.154560,0.135227,0.195242,0.138776,0.137092,0.197334,0.263174,0.146000,0.147124,0.115430,0.067846,0.072494,0.043712,0.044602,
nan,0.101924,nan,0.134110,0.420925,0.372417,nan,0.124782,0.110318,0.147053,0.132318,0.480883,0.173578,0.265586,0.156772,0.171276,0.064419,0.105192,0.050657,0.046532,0.044272,
nan,0.412144,0.262822,0.274254,0.524021,0.402929,0.309340,0.279403,0.254632,0.342567,0.508233,0.160990,0.219458,0.340077,0.103798,0.058973,0.062787,0.185453,0.027323,0.020037,nan,
0.422338,0.419081,0.370818,0.361582,0.383584,0.340087,0.442142,0.316635,0.310149,0.216618,0.227376,0.329417,0.206122,0.150714,0.145854,0.136168,0.075698,0.049260,0.061311,0.027677,0.010434,
0.532557,0.389433,0.336429,0.434654,0.340282,0.306233,0.256801,0.288384,0.281733,0.260562,0.272704,0.223951,0.198385,0.234094,0.104196,0.110995,0.091810,0.046463,0.032911,0.022500,0.005121,
0.418013,0.359796,0.497019,0.384389,0.333909,0.298533,0.315950,0.249010,0.263473,0.268709,0.202902,0.218698,0.215009,0.141455,0.134864,0.092526,0.109058,0.062617,0.042221,0.021592,0.065463,
0.309852,0.339181,0.300495,0.371300,0.284495,0.277321,0.292258,0.238977,0.265988,0.261321,0.207302,0.193465,0.200119,0.133923,0.135336,0.096254,0.101117,0.048629,0.034550,0.028018,0.016901,
0.267308,0.277329,0.309995,0.274122,0.302235,0.282777,0.247561,0.223027,0.272476,0.203219,0.199355,0.165336,0.152984,0.153274,0.110127,0.103513,0.081646,0.064511,0.043416,0.027050,0.011539,
0.174679,0.284903,0.252946,0.232223,0.266207,0.287575,0.316162,0.226347,0.205796,0.215324,0.180201,0.167469,0.140435,0.135816,0.126254,0.081271,0.080306,0.049376,0.048370,0.027205,0.039908,
0.217535,0.227864,0.217246,0.212157,0.215477,0.216912,0.197461,0.210294,0.240256,0.192502,0.177463,0.163926,0.136119,0.121388,0.133561,0.102358,0.090524,0.059119,0.042979,0.020358,0.019808,
0.128862,0.185537,0.183208,0.191951,0.193156,0.200579,0.213771,0.166057,0.176882,0.192287,0.149054,0.143036,0.142156,0.117388,0.109181,0.096463,0.084130,0.054914,0.047488,0.020877,0.014181,
0.150329,0.187546,0.142222,0.210293,0.167062,0.177890,0.185079,0.150813,0.186021,0.126199,0.160254,0.169056,0.121738,0.105006,0.120161,0.075097,0.060654,0.047165,0.042872,0.022309,0.016414,
0.119043,0.176019,0.140684,0.139515,0.163357,0.167424,0.224130,0.160986,0.167429,0.150846,0.133258,0.159790,0.120581,0.161133,0.086648,0.106320,0.086742,0.062938,0.032691,0.028538,0.014231,
0.216543,0.166300,0.129076,0.144452,0.131906,0.164000,0.168488,0.173794,0.121772,0.142232,0.147136,0.151260,0.134580,0.119579,0.089666,0.094088,0.068132,0.059602,0.042998,0.034892,0.014627,
0.098395,0.128759,0.145147,0.174174,0.127101,0.188509,0.149484,0.150592,0.152308,0.158261,0.145350,0.162286,0.138234,0.123989,0.094974,0.126760,0.073876,0.057879,0.062365,0.027836,0.020239,
0.083206,0.276771,0.159365,0.217645,0.134794,0.214042,0.187029,0.166202,0.166210,0.179273,0.157314,0.163925,0.115144,0.132108,0.090981,0.096112,0.102586,0.078900,0.059659,0.032354,0.020133,
0.142237,0.183555,0.190527,0.163806,0.161189,0.188222,0.205112,0.183548,0.184763,0.149849,0.185211,0.166665,0.131217,0.147783,0.156297,0.121373,0.122019,0.072047,0.048905,0.033193,0.029130,
0.272421,0.349194,0.146152,0.209424,0.163105,0.135788,0.169881,0.206884,0.167978,0.144470,0.170247,0.143899,0.171316,0.156053,0.121475,0.149560,0.115179,0.120491,0.082248,0.038425,0.026912,
0.097037,0.274381,0.340196,0.428646,0.123352,0.167290,0.149402,0.186705,0.171594,0.162524,0.202230,0.182864,0.167234,0.173490,0.142730,0.135849,0.165288,0.071893,0.057360,0.054235,0.029093,
nan,nan,0.174996,0.303755,0.231463,0.108346,0.251618,0.179346,0.199676,0.210985,0.205685,0.141263,0.131296,0.139407,0.219810,0.116597,0.117057,0.089564,0.128301,0.062446,0.034899,
nan,nan,nan,0.077924,nan,0.248954,0.161894,0.150415,0.153090,1.450763,0.173619,0.075124,0.126849,0.211821,0.153917,0.116973,0.075910,0.122640,0.067673,0.062680,0.069115,
nan,0.416855,0.517970,0.262666,0.545045,0.446504,0.326513,0.312885,0.188586,0.176545,0.220573,0.204671,0.119636,0.125967,0.100083,0.171016,0.082326,0.030379,0.025972,0.016036,nan,
0.369299,0.417008,0.356686,0.419848,0.404746,0.344781,0.361315,0.395445,0.295709,0.264207,0.256399,0.189440,0.182088,0.125414,0.142203,0.117438,0.110679,0.058374,0.041626,0.029257,0.011552,
0.306615,0.468514,0.334385,0.326957,0.372650,0.358263,0.317092,0.311200,0.311297,0.275927,0.194795,0.208612,0.201003,0.132841,0.116799,0.120130,0.077150,0.074850,0.038928,0.021060,0.028009,
0.216371,0.391627,0.362823,0.310263,0.349685,0.337860,0.278168,0.282991,0.290528,0.229345,0.241605,0.186227,0.192273,0.153423,0.114790,0.106193,0.068837,0.060435,0.034231,0.025102,0.029549,
0.377906,0.313603,0.356820,0.313571,0.319998,0.324359,0.295405,0.270073,0.265445,0.291380,0.201557,0.220296,0.169261,0.147976,0.127265,0.087536,0.075419,0.056147,0.038997,0.036373,0.035662,
0.156673,0.319784,0.281021,0.275728,0.286559,0.254669,0.243716,0.245210,0.237904,0.206539,0.215586,0.211486,0.175169,0.153403,0.131273,0.094624,0.075732,0.048550,0.034562,0.021132,0.012473,
0.160877,0.266245,0.252199,0.267021,0.289772,0.255958,0.234730,0.236591,0.212379,0.220705,0.193740,0.205320,0.162819,0.137358,0.115372,0.107796,0.070163,0.059408,0.044136,0.027644,0.010880,
0.107999,0.257068,0.208754,0.262971,0.241461,0.240104,0.208863,0.192969,0.205097,0.160808,0.179112,0.161431,0.134507,0.105796,0.129627,0.086730,0.076243,0.045292,0.031255,0.028810,0.016931,
0.129505,0.215926,0.184504,0.242386,0.225763,0.173772,0.215201,0.169806,0.212126,0.165081,0.156614,0.128565,0.124209,0.119210,0.087933,0.087038,0.080878,0.057217,0.048640,0.018669,0.010808,
0.154092,0.155944,0.172966,0.235275,0.190731,0.169138,0.216053,0.170408,0.213044,0.144777,0.160515,0.145002,0.132050,0.112280,0.080195,0.101597,0.081437,0.054948,0.033904,0.027515,0.013381,
0.151607,0.133254,0.144916,0.238477,0.165171,0.169478,0.163243,0.160642,0.161628,0.160985,0.135987,0.149039,0.129021,0.144851,0.102001,0.092252,0.072889,0.079885,0.041123,0.034889,0.019326,
0.075364,0.133657,0.183929,0.191950,0.164448,0.199333,0.155761,0.153937,0.170423,0.145978,0.137934,0.155847,0.152518,0.100997,0.093412,0.100921,0.068637,0.053174,0.037989,0.023094,0.012823,
0.126568,0.149646,0.135329,0.206641,0.156578,0.146201,0.152336,0.165474,0.146352,0.206835,0.129888,0.160744,0.141597,0.116022,0.097401,0.092152,0.081917,0.067997,0.046108,0.035495,0.028645,
0.076901,0.252740,0.119027,0.183508,0.160100,0.150117,0.186258,0.190254,0.172575,0.163229,0.149527,0.165977,0.124123,0.153227,0.107422,0.085030,0.102741,0.100191,0.071500,0.036079,0.020117,
0.157370,0.345184,0.158868,0.223802,0.213386,0.153372,0.181023,0.196648,0.168534,0.147681,0.158569,0.132910,0.155823,0.155778,0.160912,0.124616,0.119038,0.089647,0.053592,0.038040,0.034621,
0.126381,0.142495,0.416864,0.273358,0.174690,0.172556,0.208351,0.226170,0.164212,0.153788,0.160555,0.138058,0.157301,0.122697,0.121743,0.122191,0.109802,0.117529,0.093531,0.040308,0.029215,
0.084375,0.196518,0.317433,0.127208,0.126144,0.236645,0.214717,0.139743,0.258152,0.158306,0.157634,0.208217,0.163902,0.184745,0.178683,0.113135,0.167508,0.080627,0.069085,0.042554,0.051388,
nan,0.227869,0.223052,0.215188,0.128892,0.199718,0.161710,0.144352,0.236135,0.166903,0.207829,0.229729,0.117913,0.137441,0.162004,0.158189,0.114579,0.115326,0.108357,0.127693,0.035358,
nan,nan,0.389539,0.657472,0.094443,nan,0.210445,0.736483,0.149299,0.076746,0.161943,0.079237,0.178424,0.205052,0.101956,0.069740,0.128776,0.069300,0.046699,0.049983,0.079299,
nan,0.325973,0.475699,0.307715,0.274957,0.405606,0.269332,0.470167,0.326618,0.263814,0.208731,0.197143,0.179459,0.180962,0.182567,0.079574,0.044017,0.025226,0.030569,0.014546,nan,
0.314569,0.365925,0.504422,0.349893,0.411053,0.345039,0.328236,0.280002,0.284617,0.278634,0.261717,0.207367,0.156249,0.151063,0.134359,0.093690,0.076282,0.074086,0.056291,0.026708,0.012289,
0.285267,0.373825,nan,0.377288,0.363686,0.347647,0.331773,0.300350,0.268735,0.269291,0.254318,0.178671,0.204562,0.169716,0.141000,0.105627,0.078668,0.076430,0.044604,0.020018,0.014334,
0.402743,0.375066,0.356691,0.368034,0.329868,0.287993,0.287097,0.308420,0.258160,0.283753,0.231606,0.202891,0.189985,0.198247,0.115128,0.105702,0.074776,0.043818,0.036071,0.027255,0.010937,
0.357128,0.395853,0.293557,0.293529,0.324591,0.227487,0.289823,0.278900,0.233089,0.225832,0.242805,0.211804,0.225887,0.159645,0.121912,0.107226,0.102199,0.055029,0.075568,0.018519,0.013126,
0.328501,0.342808,0.312924,0.291159,0.143263,0.282523,0.267377,0.250728,0.260756,0.225538,0.217090,0.179047,0.152147,0.142415,0.118942,0.093841,0.081278,0.051424,0.036680,0.028308,0.012783,
0.203767,0.277718,0.285682,0.285182,0.278893,0.280134,0.270401,0.235031,0.199437,0.210884,0.183245,0.161272,0.153041,0.132569,0.137379,0.088127,0.073200,0.046644,0.048138,0.017661,0.060464,
0.162092,0.212877,0.226347,0.254330,0.259921,0.183242,0.217885,0.206753,0.202981,0.184094,0.176157,0.168776,0.153251,0.120181,0.100945,0.100815,0.069440,0.048964,0.041477,0.037598,0.013150,
0.327136,0.175626,0.172077,0.233719,0.202056,0.189436,0.202976,0.155284,0.178523,0.167628,0.147775,0.131886,0.131001,0.107875,0.113310,0.095755,0.085457,0.044276,0.050359,0.022015,0.014232,
0.132460,0.153139,0.141134,0.226431,0.183383,0.197092,0.206082,0.180975,0.186368,0.171210,0.127811,0.136340,0.111805,0.106281,0.099321,0.084653,0.081652,0.070712,0.041357,0.019171,0.013289,
0.164516,0.157665,0.157602,0.222921,0.191865,0.173562,0.188621,0.160886,0.161541,0.170292,0.148479,0.145672,0.151500,0.137384,0.089102,0.106792,0.069471,0.042746,0.039774,0.035626,0.016150,
0.114658,0.165946,0.136938,0.208432,0.169715,0.144432,0.174235,0.158781,0.153551,0.168429,0.123161,0.161982,0.144103,0.117286,0.094538,0.092869,0.078857,0.062009,0.043732,0.029139,0.020986,
0.231376,0.261597,0.188631,0.161488,0.215285,0.136360,0.163478,0.191269,0.169715,0.167733,0.169565,0.141856,0.141969,0.109178,0.107353,0.105254,0.070862,0.067266,0.051936,0.030256,0.018324,
0.113320,0.119560,0.125566,0.216100,0.193519,0.153085,0.131243,0.169753,0.185941,0.154341,0.152729,0.171642,0.137706,0.187819,0.138867,0.097353,0.095800,0.070985,0.064061,0.038696,0.052669,
0.086559,0.134523,0.117905,0.157355,0.240053,0.136870,0.125395,0.190578,0.184685,0.139903,0.136661,0.182072,0.139146,0.138339,0.131857,0.101513,0.101387,0.088854,0.058593,0.038936,0.022804,
0.448236,0.404385,0.198427,0.251177,0.161147,0.165159,0.128713,0.177629,0.148488,0.157389,0.143113,0.192423,0.164150,0.190743,0.129792,0.110119,0.131015,0.101342,0.069432,0.051694,0.026467,
nan,0.120419,0.192725,0.172218,0.234351,0.186289,0.175009,0.235852,0.141266,0.143608,0.134489,0.142352,0.128449,0.200220,0.171756,0.110295,0.113202,0.082358,0.102380,0.054106,0.041001,
nan,0.130637,0.137398,0.176433,0.183679,0.119445,0.151205,0.168876,0.334380,0.119482,0.136950,0.234061,0.223283,0.179841,0.142241,0.162145,0.089657,0.141341,0.069618,0.074527,0.038460,
nan,0.301988,0.244123,2.716879,0.205476,0.130332,0.136870,0.108808,0.239741,0.098225,0.119167,0.211819,0.152039,0.105295,0.103772,0.172890,0.062093,0.149029,0.542511,0.111289,0.037805,
nan,0.327097,0.294764,0.478853,0.480289,0.312749,0.186888,0.500035,0.307082,0.346439,0.127790,0.171273,0.214459,0.164873,0.164568,0.066515,0.036967,0.043508,0.030162,0.016908,nan,
0.437599,0.395108,0.400550,0.461471,0.354939,0.349919,0.422020,0.341393,0.261492,0.269834,0.225413,0.266339,0.176863,0.166759,0.141655,0.130823,0.076744,0.069105,0.048669,0.022619,0.014253,
0.295911,0.360551,0.301182,0.361564,0.315169,0.319393,0.295537,0.341985,0.333416,0.248246,0.255361,0.197120,0.171078,0.153155,0.141754,0.096911,0.086548,0.098328,0.065370,0.020252,0.013296,
0.245574,0.390957,0.332457,0.350419,0.312255,0.300924,0.293838,0.293616,0.310252,0.247008,0.209006,0.186721,0.199718,0.148902,0.135729,0.107746,0.083761,0.048684,0.048345,0.047289,0.012535,
0.200255,0.307761,0.308875,0.345802,0.300868,0.288845,0.295914,0.231896,0.255666,0.253126,0.208132,0.202126,0.187452,0.145794,0.128630,0.083838,0.078325,0.056130,0.031703,0.026526,0.056984,
0.205265,0.330142,0.287963,0.290707,0.300767,0.274360,0.268963,0.232239,0.249144,0.225202,0.204052,0.190941,0.162835,0.141304,0.116267,0.106245,0.080938,0.049435,0.037016,0.036384,0.032657,
0.162105,0.271456,0.227125,0.285743,0.298403,0.236351,0.237456,0.261365,0.229219,0.197638,0.186727,0.177014,0.173336,0.134262,0.128748,0.089122,0.070565,0.051883,0.032261,0.029300,0.012728,
0.129524,0.232087,0.219470,0.212773,0.269234,0.192823,0.238915,0.186112,0.193371,0.190942,0.178677,0.170212,0.155540,0.132381,0.116038,0.094985,0.070811,0.057299,0.036965,0.020166,0.025490,
0.167543,0.201658,0.199580,0.232125,0.223343,0.237641,0.221428,0.206618,0.195916,0.173356,0.166495,0.148835,0.127000,0.118209,0.102821,0.087959,0.092813,0.046152,0.039304,0.028352,0.011405,
0.092907,0.211187,0.174228,0.214756,0.208256,0.186563,0.185950,0.169680,0.148533,0.199101,0.140526,0.137367,0.128552,0.126339,0.103918,0.087826,0.079917,0.056496,0.049499,0.026347,0.013670,
0.197615,0.152824,0.168287,0.186574,0.177222,0.165507,0.162229,0.162956,0.153579,0.151059,0.158119,0.153571,0.134059,0.132236,0.100360,0.087655,0.083819,0.076036,0.042270,0.035646,0.012364,
0.195931,0.192292,0.160247,0.195032,0.190468,0.171796,0.156264,0.169026,0.206764,0.182268,0.140370,0.145260,0.127947,0.137174,0.111775,0.080710,0.085052,0.053140,0.051641,0.025759,0.015215,
0.080564,0.143530,0.117095,0.252949,0.146263,0.167365,0.145796,0.146103,0.183138,0.157474,0.166217,0.138958,0.151345,0.111765,0.108434,0.114626,0.076622,0.057370,0.044513,0.036622,0.030313,
0.311239,0.127144,0.152225,0.184237,0.144902,0.176318,0.150368,0.160572,0.153521,0.136589,0.162079,0.155794,0.132252,0.162905,0.124714,0.083858,0.097701,0.084177,0.057851,0.034748,0.035438,
0.076649,0.153845,0.135302,0.256308,0.157829,0.162060,0.167460,0.164895,0.166306,0.174944,0.178741,0.156421,0.177420,0.148430,0.138871,0.114049,0.091936,0.067939,0.068412,0.044159,0.047005,
nan,0.390148,0.154710,0.173581,0.226995,0.189749,0.138029,0.144519,0.178988,0.154669,0.155195,0.147163,0.164591,0.184723,0.120504,0.108209,0.130762,0.088879,0.086649,0.045659,0.050321,
0.079047,0.122594,0.189657,0.167331,0.165960,0.161797,0.271937,0.151129,0.149676,0.232242,0.141454,0.176938,0.141248,0.175199,0.184284,0.154415,0.095007,0.094708,0.134770,0.047415,0.035640,
0.112523,0.099173,0.126775,0.311710,0.227258,0.244765,0.145642,0.172572,0.227302,0.186114,0.176976,0.171674,0.191951,0.128240,0.192682,0.107841,0.156165,0.151276,0.106561,0.073917,0.048964,
nan,0.074932,nan,0.119878,nan,0.168638,0.080252,0.080245,0.522311,0.277188,0.110662,0.153986,0.099038,0.075799,0.063812,0.087003,0.170962,0.174920,0.084118,0.095336,0.037314,
nan,0.508298,0.684322,0.560110,0.303946,0.237250,0.320299,0.211167,0.244779,0.389378,0.244284,0.226927,0.156902,0.096255,0.099504,0.052343,0.046997,0.034512,0.022013,0.014998,nan,
0.347581,0.486129,0.351301,0.373953,0.401705,0.338519,0.387387,0.293970,0.302403,0.323813,0.322723,0.218147,0.166309,0.201777,0.093684,0.088002,0.091767,0.062213,0.049925,0.045619,0.006444,
0.497115,0.397968,0.380006,0.374881,0.363403,0.355411,0.317635,0.294190,0.288058,0.271539,0.249046,0.193239,0.183533,0.177082,0.128040,0.110464,0.076107,0.040707,0.036496,0.023277,0.010603,
0.618102,0.358544,0.326102,0.364284,0.354534,0.311742,0.277787,0.300865,0.283077,0.225690,0.225844,0.216211,0.214614,0.190998,0.106297,0.119928,0.071647,0.065562,0.038145,0.021714,0.014334,
0.451137,0.329298,0.304920,0.300151,0.319214,0.302360,0.356011,0.274484,0.271482,0.236629,0.237693,0.190561,0.185449,0.157729,0.118594,0.091879,0.070230,0.049521,0.030362,0.028355,0.017030,
0.366227,0.317439,0.268236,0.305034,0.308390,0.275862,0.258642,0.258254,0.248824,0.234429,0.207286,0.194105,0.191597,0.158846,0.131154,0.128324,0.087692,0.056928,0.060789,0.018157,0.011532,
0.198082,0.294809,0.287561,0.258847,0.292127,0.249383,0.376379,0.249551,0.205095,0.212854,0.190258,0.161957,0.132544,0.119765,0.112844,0.088116,0.075060,0.046751,0.036699,0.031281,0.019840,
0.278605,0.215911,0.241916,0.255270,0.230234,0.247590,0.215302,0.210221,0.208583,0.180885,0.201421,0.161582,0.144865,0.139170,0.114022,0.078077,0.065353,0.045105,0.039201,0.025390,0.012799,
0.117933,0.170995,0.199916,0.212563,0.240286,0.182969,0.218550,0.215033,0.251922,0.166154,0.162639,0.146953,0.133131,0.123752,0.125111,0.107146,0.062408,0.051632,0.039915,0.021612,0.022848,
0.111409,0.155489,0.187193,0.190279,0.223297,0.170585,0.171842,0.183194,0.184805,0.174014,0.158013,0.151868,0.127010,0.122955,0.105445,0.078788,0.070612,0.049517,0.033770,0.024138,0.014986,
0.134524,0.228249,0.143486,0.165076,0.180855,0.160847,0.169408,0.157130,0.144252,0.148372,0.159119,0.164142,0.128423,0.115156,0.099021,0.102467,0.085318,0.074606,0.044126,0.023391,0.016039,
0.077939,0.136713,0.168915,0.159131,0.158345,0.141282,0.168848,0.189071,0.177749,0.157209,0.142552,0.157804,0.130569,0.113336,0.115007,0.095434,0.085436,0.064622,0.049482,0.043646,0.016000,
0.160410,0.230041,0.190401,0.178537,0.156471,0.153355,0.172545,0.164122,0.165570,0.182672,0.156780,0.154315,0.141258,0.123409,0.114073,0.108536,0.083118,0.071823,0.048207,0.033136,0.023946,
0.086886,0.165453,0.169036,0.188988,0.147905,0.164101,0.209843,0.165350,0.174970,0.171446,0.133372,0.152556,0.155281,0.170251,0.135662,0.091173,0.093883,0.065253,0.053329,0.045131,0.020481,
0.157678,0.244954,0.143705,0.187479,0.148121,0.214418,0.124691,0.182979,0.155623,0.202336,0.164839,0.152618,0.144536,0.157755,0.126199,0.103975,0.109223,0.089810,0.072984,0.040257,0.037956,
0.066851,0.166607,0.125244,0.214772,0.136517,0.192737,0.171439,0.200002,0.147005,0.181160,0.231326,0.203896,0.172555,0.183266,0.142248,0.146651,0.112092,0.081850,0.084206,0.049729,0.055347,
nan,0.148992,0.205816,0.127767,0.193758,0.175199,0.137566,0.159835,0.218137,0.198430,0.179965,0.248402,0.139621,0.197260,0.132052,0.116791,0.117318,0.137244,0.094981,0.062220,0.039775,
0.080692,0.143695,0.140745,0.332738,0.262628,0.130064,0.207601,0.141800,0.188084,0.171498,0.250877,0.158453,0.324278,0.215891,0.198630,0.161479,0.119625,0.114393,0.100124,0.093565,0.050953,
nan,0.161459,0.132446,0.103827,0.239923,0.079459,0.144579,0.316659,0.119413,0.303002,0.193069,0.155419,0.260309,0.298267,0.200652,0.213299,0.213146,0.181589,0.412990,0.038519,0.047762,
nan,0.241116,0.299844,0.301301,0.221176,0.265080,0.549880,0.355675,0.264288,0.194136,0.298883,0.158181,0.304433,0.255689,0.492190,0.075222,0.031608,0.020178,0.026828,0.008321,nan,
0.278058,0.383761,0.365841,0.347541,0.368150,0.345701,0.377639,0.362328,0.327806,0.228950,0.221410,0.260671,0.186471,0.150297,0.114166,0.155833,0.085851,0.052337,0.031445,0.028409,0.010009,
0.398466,0.414911,0.367922,0.429295,0.402811,0.324321,0.336921,0.280244,0.318420,0.252002,0.232866,0.198920,0.165658,0.184244,0.146907,0.119194,0.097526,0.067899,0.042173,0.023282,0.009287,
0.467589,0.372816,0.329958,nan,0.348836,0.357714,0.322138,0.288715,0.293241,0.252120,0.220787,0.194277,0.230735,0.169221,0.128959,0.114552,0.080087,0.064248,0.040465,0.027860,0.016213,
0.318248,0.384169,0.327574,0.315351,0.327144,0.267487,0.305373,0.259419,0.256537,0.245418,0.213204,0.195481,0.171496,0.151343,0.108622,0.103338,0.074863,0.047305,0.044316,0.033050,0.022502,
0.273378,0.376196,0.326528,0.275180,0.316124,nan,0.276114,0.232832,0.236153,0.232946,0.202561,0.184891,0.165234,0.136067,0.104033,0.089382,0.075785,0.049466,0.037966,0.035452,0.020975,
0.411817,0.385222,0.276316,0.258004,0.239929,0.249239,0.236774,0.294093,0.213490,0.212304,0.187854,0.168723,0.160809,0.145275,0.127602,0.081821,0.071158,0.045780,0.036365,0.018744,0.026693,
0.172647,0.314426,0.257438,0.261110,0.266378,0.201440,0.234489,0.189467,0.186171,0.186538,0.187112,0.180888,0.151779,0.122464,0.102749,0.092452,0.060318,0.054573,0.036745,0.028574,0.012236,
0.124644,0.221583,0.209946,0.229995,0.227878,0.190590,0.194544,0.204159,0.187290,0.175754,0.186817,0.147374,0.142808,0.123480,0.100317,0.098500,0.071372,0.045982,0.044303,0.028119,0.012404,
0.131866,0.175281,0.241324,0.188786,0.189368,0.175279,0.160418,0.179578,0.165964,0.155482,0.148488,0.148098,0.115411,0.135724,0.105560,0.096267,0.069886,0.049848,0.045737,0.019153,0.017153,
0.146624,0.156614,0.199854,0.273193,0.154980,0.161149,0.146382,0.177707,0.165183,0.176059,0.136285,0.164221,0.135555,0.118227,0.088385,0.080392,0.076271,0.054286,0.045997,0.026389,0.015300,
0.155510,0.133829,0.295356,0.215718,0.206847,0.170016,0.138723,0.159131,0.178261,0.159983,0.149535,0.159771,0.127548,0.155595,0.117165,0.103618,0.105952,0.068767,0.045865,0.022981,0.015136,
0.140215,0.227226,0.156824,0.141633,0.200697,0.172815,0.168265,0.148980,0.169074,0.138255,0.145205,0.152677,0.140555,0.115681,0.117083,0.104812,0.080379,0.066767,0.060372,0.042723,0.019663,
0.072011,0.123176,0.280124,0.156723,0.165746,0.186908,0.175531,0.152099,0.164667,0.174951,0.174547,0.148862,0.157640,0.144511,0.145347,0.108959,0.087236,0.064462,0.051020,0.045824,0.024127,
0.121994,0.242192,0.125726,0.164476,0.192094,0.140100,0.222070,0.162531,0.161504,0.170816,0.204483,0.177634,0.151650,0.151350,0.124683,0.098962,0.103879,0.103115,0.065451,0.055799,0.026758,
0.418163,0.248172,0.218456,0.210834,0.194149,0.291745,0.206226,0.225309,0.189242,0.158018,0.187489,0.207361,0.184882,0.141005,0.134619,0.137050,0.112515,0.083941,0.069335,0.065961,0.052985,
0.090209,0.176954,0.131831,0.176875,0.302954,0.190372,0.162216,0.208898,0.243382,0.286835,0.144872,0.183899,0.178884,0.167301,0.169582,0.155928,0.149655,0.135078,0.095708,0.053319,0.046723,
0.103307,0.103853,0.186587,0.189727,0.136093,0.111553,0.249878,0.184783,0.250077,0.171290,0.112760,0.147098,0.158789,0.150926,0.121023,0.127087,0.195938,0.121885,0.108874,0.112664,0.066514,
nan,nan,nan,0.098342,0.192492,0.070555,0.110244,0.219167,0.071505,1.514112,0.122594,0.208803,0.180233,0.154584,0.133862,0.095720,0.096678,0.135856,0.067820,0.109607,0.036805,
nan,0.489773,0.331446,0.206152,0.490805,0.339584,0.265085,0.310138,0.268563,0.254453,0.346687,0.283282,0.117638,0.111323,0.133300,0.053413,0.288314,0.086221,0.036977,0.019848,nan,
0.493498,0.443221,0.352738,0.405098,0.387237,0.371600,0.300728,0.297878,0.393868,0.290832,0.206013,0.193447,0.208139,0.227744,0.165694,0.134141,0.165440,0.044781,0.054225,0.022390,0.010451,
0.344075,0.336700,0.355137,0.355256,0.344643,0.400098,0.374672,0.322266,0.272640,0.262823,0.235006,0.205957,0.161781,0.141515,0.145363,0.089517,0.073196,0.059990,0.057679,0.025639,0.010993,
0.279347,0.423979,0.348095,0.356498,0.332790,0.319209,0.296227,0.325350,0.289606,0.287670,0.256412,0.215201,0.180690,0.141633,0.156440,0.131191,0.070772,0.061110,0.054101,0.023657,0.011142,
0.277461,0.384431,0.363101,0.319378,0.277615,0.292957,0.301760,0.265863,0.274480,0.232099,0.220138,0.179783,0.212485,0.170666,0.105539,0.094281,0.070811,0.055047,0.050177,0.028025,0.014768,
0.286539,0.293119,0.382207,0.280053,0.308019,0.272734,0.236290,0.260255,0.228514,0.234292,0.203705,0.192921,0.176707,0.173437,0.113289,0.099797,0.074163,0.064076,0.040101,0.026571,0.021761,
0.197771,0.272373,0.326865,0.289838,0.288608,0.237246,nan,0.248170,0.219451,0.207436,0.203028,0.189813,0.148573,0.131086,0.121054,0.086430,0.083673,0.050530,0.037790,0.026177,0.021994,
0.380886,0.209020,0.247906,0.260189,0.233499,0.229194,0.210897,0.213733,0.211770,0.179736,0.202329,0.173466,0.155308,0.125234,0.129615,0.083316,0.070343,0.045824,0.033157,0.021274,0.018117,
0.115838,0.171874,0.189662,0.258269,0.219401,0.194602,0.198013,0.208668,0.181813,0.185844,0.171957,0.167360,0.148084,0.120386,0.123652,0.082629,0.059542,0.054547,0.035156,0.022521,0.014334,
0.140383,0.179550,0.159584,0.270853,0.192607,0.178404,0.169906,0.187487,0.170943,0.155216,0.153784,0.144045,0.127435,0.117358,0.099501,0.096780,0.080975,0.049003,0.041475,0.028961,0.012590,
0.090497,0.133331,0.139351,0.180656,0.160238,0.161689,0.174984,0.159798,0.172029,0.162722,0.152188,0.158623,0.138247,0.122242,0.106968,0.099625,0.072988,0.057940,0.047080,0.022505,0.015520,
0.105310,0.128101,0.160583,0.188576,0.150356,0.171235,0.174362,0.167524,0.158878,0.151625,0.156567,0.160635,0.137326,0.131170,0.108746,0.096469,0.074548,0.060000,0.043949,0.035957,0.017159,
0.138091,0.096587,0.161067,0.130611,0.166868,0.160057,0.157090,0.150908,0.166447,0.154891,0.159111,0.147838,0.136766,0.120016,0.131951,0.114551,0.110362,0.067746,0.047831,0.034075,0.017645,
0.121938,0.308233,0.241204,0.134979,0.169470,0.179679,0.152402,0.165206,0.159660,0.139423,0.181761,0.152427,0.151893,0.185862,0.156342,0.104278,0.089729,0.071452,0.049417,0.053671,0.022205,
0.179733,0.248774,0.163249,0.195878,0.153638,0.192541,0.147214,0.171612,0.177856,0.131831,0.165074,0.167896,0.168455,0.146680,0.133511,0.109507,0.115575,0.077947,0.062229,0.047643,0.031170,
0.062345,0.139174,0.130169,0.189567,0.145492,0.210486,0.167128,0.142781,0.192325,0.160983,0.153965,0.154774,0.141798,0.154788,0.161384,0.137121,0.119770,0.096529,0.080208,0.058187,0.041272,
0.102654,0.234505,0.185744,0.139278,0.173144,0.203473,0.139232,0.174045,0.253847,0.198352,0.136382,0.206363,0.170375,0.185058,0.156124,0.154258,0.158303,0.097043,0.091341,0.074255,0.055215,
0.218898,0.077771,0.271171,0.156606,0.158682,0.209542,0.144972,0.187523,0.144687,0.166981,0.134412,0.182182,0.159602,0.240010,0.153530,0.212435,0.192285,0.134597,0.125408,0.087098,0.047913,
nan,nan,nan,0.152543,0.175592,0.196952,0.088438,0.179371,0.363949,0.151596,0.171981,0.173490,0.248347,0.212962,0.115606,0.164551,0.257272,0.115202,0.163122,0.066279,0.252347,
nan,0.227451,0.303205,0.365753,0.224727,0.237045,0.309072,0.185511,0.286362,0.447088,0.293034,0.142190,0.308753,0.100222,0.133141,0.080474,0.097563,0.036131,0.042623,0.010454,nan,
0.399821,0.335694,0.389917,0.373580,0.372691,0.344310,0.324211,0.316943,0.289625,0.252083,0.329884,0.203088,0.192356,0.148405,0.160769,0.136307,0.091300,0.118032,0.044365,0.024465,0.012980,
0.238651,0.389027,0.375810,0.354033,0.372486,0.315722,0.341852,0.291827,0.285230,0.266628,0.252586,0.212573,0.157537,0.160014,0.116917,0.110324,0.083424,0.065465,0.053251,0.027588,0.019748,
0.272126,0.364685,0.342083,0.351629,0.325399,0.338510,0.294333,0.313512,0.282131,0.243068,0.213235,0.184849,0.169629,0.164107,0.129384,0.110688,0.086303,0.052301,0.036458,0.023929,0.009911,
0.153940,0.330816,0.364615,0.292626,nan,0.300892,0.293841,0.260395,0.262079,0.234429,0.217606,0.194255,0.181370,0.166324,0.135827,0.119096,0.075068,0.063377,0.043225,0.032373,0.013882,
0.174101,0.329259,0.311512,0.308631,0.289449,0.256464,0.289456,0.247168,0.269335,0.221153,0.208447,0.182199,0.200283,0.144707,0.111313,0.095187,0.082769,0.046467,0.044438,0.022833,0.013786,
0.176140,0.265754,0.280409,0.272557,0.241748,0.256973,0.241956,0.243059,0.212504,0.207455,0.191015,0.171865,0.169032,0.156249,0.109640,0.090916,0.072740,0.068304,0.034061,0.025047,0.020669,
0.199242,0.227834,0.266385,0.255158,0.249676,0.211149,0.243599,0.220057,0.201329,0.185781,0.177127,0.172206,0.131616,0.118675,0.115405,0.080816,0.072840,0.059117,0.048809,0.022500,0.026702,
0.375626,0.191311,0.228292,0.238607,0.201304,0.195615,0.194453,0.188447,0.156011,0.183759,0.184152,0.159530,0.136170,0.120723,0.122430,0.088473,0.070513,0.047269,0.032688,0.023862,0.018374,
0.118365,0.156378,0.196901,0.188144,0.174195,0.192429,0.187049,0.162454,0.183878,0.158473,0.169490,0.137816,0.144820,0.123801,0.114057,0.085262,0.065567,0.054077,0.035623,0.025046,0.022377,
0.101706,0.155782,0.224686,0.180720,0.199313,0.153131,0.191082,0.169638,0.161914,0.163103,0.149025,0.156785,0.137183,0.110932,0.108514,0.091463,0.072959,0.053130,0.040499,0.035063,0.015600,
0.087779,0.131036,0.214857,0.180484,0.156603,0.143164,0.167642,0.164108,0.157916,0.160827,0.148975,0.156446,0.116737,0.136067,0.098223,0.112357,0.082526,0.060471,0.043657,0.036236,0.018703,
0.089888,0.129176,0.153705,0.229927,0.226816,0.141506,0.157149,0.190741,0.152853,0.152454,0.169285,0.163652,0.113913,0.123178,0.119894,0.132747,0.091149,0.067578,0.045088,0.036371,0.035028,
0.170021,0.105684,0.197081,0.195475,0.174047,0.130703,0.134167,0.170153,0.160363,0.148763,0.159503,0.148247,0.159771,0.154109,0.155944,0.110983,0.113453,0.069673,0.057458,0.042580,0.030419,
0.086316,0.107531,0.191727,0.162185,0.269373,0.159472,0.120088,0.221394,0.149694,0.168647,0.169020,0.166852,0.157961,0.156167,0.149121,0.115875,0.113521,0.070969,0.057601,0.055069,0.032394,
0.089041,0.242680,0.213019,0.178487,0.170373,0.244073,0.161829,0.143093,0.180548,0.149654,0.172373,0.178709,0.181915,0.141995,0.173745,0.141702,0.128100,0.105711,0.076197,0.060016,0.051173,
0.094510,0.179471,0.150657,0.202684,0.135741,0.177504,0.143761,0.220946,0.215330,0.142622,0.229205,0.198105,0.141926,0.150531,0.132459,0.153912,0.133322,0.127578,0.110038,0.057653,0.053984,
nan,0.155163,0.257985,0.179522,0.131189,0.136803,0.163250,0.279749,0.148965,0.184992,0.174206,0.193338,0.161515,0.119830,0.145216,0.147233,0.181300,0.158528,0.097998,0.106936,0.066740,
nan,nan,0.224957,nan,0.100138,0.221033,0.166602,0.102915,0.213207,0.467032,0.134519,0.111762,0.131612,0.121516,0.152868,0.119428,0.182142,0.124410,0.061940,0.065844,0.036316,
nan,0.404655,0.302336,0.266195,0.293756,0.181157,0.264649,0.171306,0.315369,0.208574,0.170884,0.218228,0.130158,0.119163,0.473192,0.103457,0.054564,0.037846,0.019971,0.012501,nan,
0.219416,0.287777,0.367017,0.406294,0.350687,0.331500,0.290720,0.314705,0.255057,0.242643,0.213659,0.207797,0.180291,0.228524,0.167213,0.122617,0.097056,0.055242,0.050793,0.019270,0.066233,
0.208689,0.398961,0.394114,0.367743,0.358499,0.358863,0.387438,0.294327,0.291436,0.243597,0.270423,0.231211,0.188073,0.168955,0.135091,0.153736,0.074456,0.070650,0.037685,0.030300,0.009110,
0.167223,0.317721,0.362651,0.350052,0.353245,0.330588,0.318420,0.312183,0.284611,0.279751,0.226385,0.200179,0.161935,0.140143,0.139911,0.081014,0.079949,0.051314,0.048986,0.030417,0.010531,
0.557850,0.283481,0.284590,0.304953,0.328962,0.313790,0.311341,0.294726,0.253235,0.263593,0.229305,0.213292,0.168691,0.136642,0.143765,0.087921,0.093257,0.047737,0.039674,0.019823,0.012283,
0.226246,0.268504,0.264293,0.298574,0.288116,0.274196,0.276877,0.253893,0.242539,0.220069,0.206933,0.194132,0.176087,0.163721,0.147461,0.102265,0.078310,0.058277,0.036145,0.041285,0.013256,
0.161785,0.284158,0.283931,0.289680,0.275489,0.237603,nan,0.247122,0.215015,0.208038,0.194945,0.187466,0.180156,0.125433,0.122695,0.093332,0.082530,0.044846,0.039825,0.026102,0.013626,
0.129172,0.259925,0.236843,0.275134,0.220797,0.240133,0.216047,0.226043,0.209523,0.197044,0.193748,0.160747,0.138955,0.138397,0.124755,0.085154,0.075261,0.058809,0.038200,0.024100,0.014359,
0.126597,0.241635,0.213039,0.238134,0.215517,0.216186,0.197541,0.191274,0.183592,0.185119,0.166220,0.166780,0.124698,0.107206,0.115376,0.076173,0.075542,0.054738,0.036327,0.033877,0.020143,
0.113387,0.165406,0.171658,0.226033,0.187495,0.180566,0.178251,0.178853,0.176649,0.171731,0.164511,0.138549,0.128212,0.112459,0.101947,0.091186,0.064269,0.056281,0.038149,0.029007,0.015577,
0.105326,0.180874,0.154640,0.222222,0.176211,0.170462,0.152121,0.163806,0.160272,0.163060,0.144172,0.150800,0.132673,0.120280,0.114168,0.093290,0.070892,0.058433,0.039600,0.030213,0.017461,
0.108392,0.131882,0.143002,0.182636,0.172461,0.162044,0.166915,0.160498,0.161884,0.145401,0.185853,0.205212,0.147045,0.139188,0.115909,0.097176,0.076034,0.064804,0.045232,0.038201,0.018299,
0.078165,0.138044,0.162594,0.166836,0.171661,0.170572,0.163918,0.142244,0.156211,0.159857,0.147656,0.159790,0.143378,0.132468,0.116802,0.122612,0.094171,0.070888,0.047416,0.033659,0.027874,
0.125629,0.144018,0.160727,0.142297,0.159782,0.185021,0.194409,0.164964,0.150606,0.181298,0.193995,0.157996,0.162623,0.143882,0.157210,0.137426,0.121955,0.082296,0.051362,0.047653,0.027315,
nan,0.112793,0.223480,0.164375,0.214490,0.208542,0.165643,0.237378,0.186229,0.169829,0.224974,0.150952,0.145424,0.161479,0.152654,0.135809,0.125403,0.087151,0.068419,0.052046,0.038566,
0.142237,0.168145,0.212837,0.185452,0.201290,0.145195,0.170500,0.189877,0.150754,0.190682,0.169612,0.209306,0.175881,0.140451,0.148513,0.154600,0.111510,0.093621,0.081306,0.066543,0.041257,
nan,0.120035,0.110096,0.166435,0.176678,0.149667,0.235390,0.131464,0.243535,0.173525,0.159378,0.175892,0.175329,0.169736,0.186887,0.164680,0.123417,0.108825,0.080187,0.067881,0.062134,
0.202995,0.166348,0.206236,0.132527,0.216927,0.352391,0.165690,0.254171,0.206256,0.198084,0.169428,0.268707,0.208344,0.216742,0.177456,0.228341,0.138037,0.151764,0.147363,0.108383,0.055959,
nan,nan,nan,0.139028,0.120627,0.128915,0.113026,0.143067,0.343359,0.192879,0.135373,0.145398,0.107303,0.100324,0.437673,0.197949,0.151430,0.274719,0.121207,0.089409,0.066975,
nan,0.335672,0.529793,0.286462,0.446250,0.432800,0.307106,0.224728,0.253655,0.302145,0.160153,0.176858,0.144095,0.080685,0.102395,0.081367,0.065482,0.034785,0.047046,0.012043,nan,
0.365434,0.290534,0.402359,0.383200,0.436217,0.367291,0.276391,0.340879,0.324897,0.300624,0.276832,0.236983,0.224590,0.171281,0.091403,0.141749,0.056205,0.068091,0.029195,0.038292,0.029355,
0.389252,0.380839,0.427637,0.388798,0.359304,0.345382,0.346166,0.327633,0.283587,0.267370,0.232576,0.212576,0.195299,0.203370,0.183234,0.103310,0.103464,0.084747,0.038353,0.024959,0.013926,
0.371312,0.363024,0.341781,0.392870,0.339637,0.340892,0.364019,0.283977,0.262150,0.248846,0.254836,0.233008,0.186891,0.155993,0.146206,0.133449,0.072911,0.073833,0.036219,0.030844,0.017849,
0.217231,0.350554,0.321448,0.345416,0.319831,0.302129,0.295434,0.268793,0.281340,0.252111,0.234913,0.220299,0.166802,0.141017,0.124904,0.077528,0.066257,0.056213,0.042546,0.030655,0.014543,
0.332207,0.322092,0.280419,0.323372,0.295321,0.273777,0.284325,0.267508,0.241502,0.262352,0.208447,0.196878,0.162978,0.136466,0.105150,0.090851,0.083182,0.052545,0.035296,0.030370,0.011104,
0.254214,0.293751,0.244315,0.263648,0.276856,0.259803,0.253545,0.249719,0.227557,0.200070,0.193630,0.183363,0.163916,0.157895,0.140107,0.086847,0.079627,0.060305,0.037717,0.034117,0.011043,
0.171025,0.263658,0.221555,0.231470,0.266697,0.237003,0.240970,0.225698,0.200397,0.201286,0.177673,0.170007,0.157734,0.124038,0.129170,0.086148,0.083685,0.057782,0.038532,0.030278,0.012143,
0.130945,0.215699,0.214141,0.196859,0.213353,0.206777,0.190837,0.196458,0.196460,0.172348,0.180307,0.159675,0.130901,0.147996,0.118672,0.096027,0.074740,0.068141,0.043636,0.025382,0.016257,
0.117536,0.176828,0.180940,0.216286,0.174004,0.172109,0.198541,0.187427,0.167686,0.251830,0.165749,0.154324,0.128586,0.114442,0.111289,0.080003,0.071207,0.071090,0.054838,0.023706,0.016816,
0.122126,0.143432,0.175294,0.229349,0.158128,0.159841,0.177986,0.172107,0.172785,0.150728,0.168095,0.145903,0.121956,0.116472,0.111444,0.082582,0.069111,0.065689,0.035823,0.033110,0.017647,
0.135910,0.250455,0.175142,0.180373,0.158559,0.148253,0.173276,0.163309,0.155326,0.142440,0.157597,0.152017,0.149219,0.119943,0.128164,0.096046,0.078999,0.061126,0.055594,0.031983,0.022191,
0.086906,0.251941,0.130069,0.141583,0.158751,0.155236,0.180012,0.165149,0.155941,0.142704,0.171441,0.149595,0.143567,0.143488,0.123248,0.107686,0.090002,0.090210,0.058518,0.041277,0.019655,
0.155517,0.124636,0.149125,0.142841,0.173662,0.151619,0.158522,0.200976,0.162144,0.132482,0.164876,0.159332,0.156300,0.157000,0.139263,0.126917,0.103344,0.083139,0.056222,0.036962,0.021115,
0.068313,0.130782,0.137717,0.128959,0.152416,0.126798,0.184423,0.192511,0.168008,0.179748,0.194869,0.159510,0.179523,0.160844,0.144630,0.154472,0.139457,0.093004,0.065403,0.045336,0.044702,
0.102217,0.102086,0.150152,0.148291,0.172905,0.163231,0.144944,0.233655,0.174765,0.194722,0.196096,0.213484,0.150498,0.182066,0.145359,0.151998,0.128495,0.103779,0.074313,0.046640,0.037104,
0.116544,0.112793,0.161190,0.163606,0.157778,0.201943,0.202065,0.165952,0.278402,0.209338,0.150459,0.243626,0.173396,0.185688,0.182910,0.168805,0.130477,0.118128,0.076353,0.053496,0.057584,
0.427660,0.139640,0.146841,0.308465,0.146921,0.379993,0.157199,0.200406,0.191541,0.159789,0.181997,0.146303,0.160207,0.186256,0.155185,0.180087,0.144181,0.119065,0.098893,0.079234,0.117886,
nan,nan,nan,1.512210,0.214314,0.122239,0.294735,0.141540,0.086462,0.114936,0.375222,0.100943,0.697438,0.109773,0.223493,0.145672,0.230811,0.129791,0.151149,0.076233,0.055953,
nan,0.308119,0.367254,0.275792,0.385485,0.196644,0.347092,0.416072,0.251762,0.185102,0.258529,0.202308,0.101089,0.132135,0.131419,0.097427,0.263717,0.045145,0.034365,0.017666,nan,
0.718891,nan,0.377091,0.326841,0.349038,0.351838,0.290060,0.295344,0.295697,0.284971,0.246670,0.193274,0.168716,0.151378,0.212531,0.102400,0.161109,0.046814,0.042234,0.016088,0.013395,
0.339802,0.410690,0.303662,0.352672,0.373333,0.336207,0.288406,0.285289,0.274589,0.255772,0.282531,0.205516,0.198976,0.154594,0.143691,0.129072,0.077327,0.061977,0.035710,0.023914,0.048968,
0.239757,0.402717,0.346387,0.279127,0.345211,0.345822,0.340051,0.294343,0.276161,0.233685,0.230970,0.209389,0.196692,0.148277,0.128763,0.122840,0.070984,0.090174,0.032245,0.026028,0.016860,
0.174731,0.299193,0.311945,0.335455,0.284849,0.307642,0.323019,0.277487,0.256970,0.230300,0.213246,0.207731,0.185440,0.133996,0.129639,0.142752,0.071586,0.062901,0.030193,0.028449,0.011160,
0.158769,0.292822,0.267621,0.293950,0.306242,0.276714,0.289347,0.270849,0.236980,0.231275,0.210794,0.226072,0.188031,0.142772,0.134634,0.103948,0.073315,0.067155,0.037755,0.031879,0.012976,
0.155181,0.336493,0.244733,0.247607,0.262998,0.264497,0.254378,0.244001,0.220849,0.224914,0.191981,0.202608,0.163817,0.133276,0.091942,0.096838,0.074666,0.061500,0.035187,0.027151,0.012521,
0.181899,0.250724,0.243678,0.219215,0.228436,0.240723,0.232241,0.212168,0.209557,0.182021,0.180905,0.169215,0.154790,0.138704,0.087180,0.086955,0.077627,0.063170,0.043985,0.025666,0.013687,
0.202586,0.218960,0.214907,0.190570,0.191923,0.207879,0.213797,0.208393,0.186383,0.174159,0.179737,0.154522,0.146544,0.119445,0.096035,0.075774,0.074257,0.073814,0.044467,0.030145,0.025349,
0.247837,0.199711,0.150579,0.168894,0.169107,0.210058,0.189820,0.171666,0.170325,0.172550,0.166163,0.154179,0.145291,0.115193,0.102095,0.080954,0.080646,0.061063,0.040558,0.022694,0.031645,
0.094345,0.220600,0.135372,0.178117,0.159069,0.171627,0.177325,0.171018,0.157483,0.156151,0.158946,0.153266,0.138627,0.112947,0.111705,0.087235,0.076183,0.072611,0.060556,0.023453,0.037893,
0.076554,0.221314,0.158464,0.184151,0.170957,0.163259,0.183656,0.152932,0.182161,0.152175,0.165742,0.152865,0.139999,0.128259,0.107515,0.090610,0.086143,0.062582,0.056200,0.029023,0.030203,
0.102275,0.138549,0.176567,0.161941,0.203643,0.135958,0.170461,0.157204,0.182645,0.161205,0.169312,0.162959,0.157282,0.130401,0.133189,0.110073,0.088930,0.069530,0.057679,0.035219,0.023857,
0.070090,0.186764,0.292215,0.180501,0.239936,0.152924,0.163389,0.164826,0.174270,0.190180,0.164142,0.172704,0.159948,0.153988,0.138856,0.111824,0.108441,0.090147,0.070567,0.039584,0.025393,
0.104052,0.151530,0.314360,0.185564,0.259117,0.224911,0.146815,0.209367,0.188719,0.211176,0.171424,0.177334,0.169422,0.163689,0.155687,0.132194,0.115076,0.089487,0.079294,0.048776,0.029255,
0.172917,0.150083,0.130497,0.155356,0.175485,0.224386,0.160536,0.197508,0.161049,0.176310,0.218505,0.170572,0.196964,0.171425,0.171183,0.153794,0.130805,0.129780,0.089803,0.067701,0.049247,
0.220928,0.167359,0.198075,0.228594,0.195631,0.322232,0.206528,0.163294,0.214071,0.194808,0.203479,0.151488,0.164887,0.163399,0.201367,0.143854,0.132476,0.128184,0.105614,0.106275,0.052676,
nan,0.086507,0.140566,0.172630,0.130710,0.170436,0.159769,0.150336,0.158287,0.149380,0.149054,0.222489,0.188631,0.182476,0.220088,0.206474,0.178994,0.132126,0.118555,0.088295,0.063371,
nan,nan,nan,nan,nan,0.466161,0.119649,0.144542,0.161139,0.205418,0.077347,0.146027,0.140320,0.108334,0.130211,0.239425,0.239004,0.114097,0.093045,0.114163,0.085015,
0.417527,0.379681,0.428695,0.258524,0.278353,0.256284,0.295861,0.506799,0.299067,0.341294,0.201017,0.171318,0.127487,0.460309,0.069147,0.071581,0.105701,0.036160,0.023096,0.011886,nan,
0.392743,0.391822,0.382946,0.361601,0.369532,0.311297,0.311528,0.273618,0.304094,0.305322,0.238055,0.257443,0.140325,0.183729,0.100673,0.069160,0.130310,0.060706,0.042364,0.017369,0.009131,
0.296242,0.358234,0.371957,0.348757,0.405786,0.334443,0.288155,0.269064,0.279175,0.250821,0.188145,0.232416,0.177852,0.143886,0.097213,0.086178,0.084001,0.043125,0.042524,0.021497,0.013698,
0.331676,0.319794,0.360228,0.351383,0.374547,0.313125,0.263290,0.266247,0.245721,0.254172,0.193802,0.227319,0.146646,0.142518,0.114887,0.090463,0.085246,0.045985,0.035901,0.021201,0.022869,
0.316058,0.339058,0.345803,0.335000,0.327709,0.330215,0.258824,0.281291,0.241437,0.232613,0.208681,0.226851,0.140371,0.148284,0.104418,0.102438,0.096695,0.060287,0.034029,0.019936,0.018410,
0.244754,0.422112,0.326857,0.287927,0.312811,0.283175,0.259798,0.265020,0.237221,0.208620,0.206828,0.199101,0.154030,0.157736,0.095224,0.129257,0.098932,0.045037,0.028670,0.020132,0.025594,
0.169022,0.522791,0.274045,0.240903,0.292474,0.277855,0.253969,0.252731,0.212318,0.197636,0.172027,0.189018,0.143221,0.140296,0.109040,0.126598,0.087850,0.048461,0.030966,0.023072,0.041436,
0.130516,0.544301,0.210115,0.197585,0.238225,0.245143,0.207262,0.229290,0.201488,0.202543,0.180009,0.159670,0.143993,0.133267,0.117606,0.090647,0.081918,0.055782,0.032077,0.023598,0.041907,
0.129941,0.418253,0.182540,0.220447,0.215646,0.206867,0.181853,0.205654,0.192427,0.176245,0.164230,0.148377,0.135923,0.136979,0.100921,0.088416,0.107826,0.061461,0.034603,0.023306,0.019998,
0.141234,0.368347,0.172856,0.190201,0.163444,0.180655,0.168557,0.193465,0.171674,0.170194,0.164482,0.157512,0.138924,0.143218,0.091532,0.098548,0.081697,0.063933,0.037460,0.024038,0.014987,
0.116172,0.289114,0.170815,0.150851,0.144805,0.176327,0.141004,0.180262,0.184176,0.165770,0.166976,0.154388,0.140331,0.120189,0.091591,0.110768,0.075637,0.073244,0.040813,0.025416,0.015254,
0.120239,0.172176,0.161029,0.152517,0.150430,0.181467,0.146602,0.173860,0.149624,0.156913,0.169773,0.161964,0.146205,0.120353,0.118009,0.098253,0.076155,0.080530,0.053211,0.029118,0.016992,
0.124972,0.204228,0.181245,0.159363,0.212066,0.167383,0.167246,0.167366,0.179104,0.154302,0.182334,0.164205,0.154120,0.150819,0.115176,0.095423,0.088501,0.099229,0.060172,0.032600,0.021088,
0.070786,0.184088,0.153299,0.123739,0.137755,0.144706,0.199440,0.208114,0.172356,0.150417,0.169408,0.162041,0.162751,0.153832,0.132707,0.118621,0.126331,0.107661,0.059907,0.042883,0.031575,
0.764450,0.275396,0.170509,0.187407,0.132747,0.270436,0.199442,0.215149,0.150181,0.159736,0.150899,0.187427,0.146916,0.178534,0.156319,0.130020,0.141209,0.101984,0.076998,0.057247,0.024640,
0.087237,0.130466,0.194402,0.266793,0.181317,0.224852,0.161051,0.210507,0.175097,0.216392,0.164564,0.156066,0.157211,0.202240,0.167362,0.149818,0.127520,0.107772,0.093073,0.086448,0.050961,
0.119722,0.175349,0.434451,0.348353,0.169763,0.124580,0.243363,0.208458,0.228771,0.176753,0.141381,0.196861,0.210655,0.172459,0.165308,0.150256,0.157032,0.135200,0.130150,0.101593,0.042773,
1.532486,0.077111,0.108682,0.179110,0.185997,0.124071,0.207011,0.137202,0.193689,0.163222,0.168091,0.204174,0.125000,0.207142,0.157521,0.175188,0.141652,0.148030,0.132064,0.107112,0.079443,
nan,nan,nan,nan,nan,nan,nan,nan,nan,nan,0.141169,0.449059,0.133438,0.153521,0.073817,0.235789,0.124155,0.124271,0.173182,0.071635,0.063135,
