TA,1477229290_1,
TA,1477235195_1,
TA,1477241480_1,
TA,1477248375_1,
TA,1477254708_1,
TA,1477259641_1,
TA,1477264974_1,
TA,1477342011_1,
TA,1477350966_1,
TA,1477359966_1,
TA,1477370646_1,
TA,1477377936_1,
TA,1477417363_1,
TA,1477417742_1,
TA,1477434729_1,
TA,1477435094_1,
TA,1477435193_1,
TA,1477435558_1,
TA,1477435657_1,
TA,1477436022_1,
TA,1477437155_1,
TA,1477437654_1,
TA,1477438138_1,
TA,1477438603_1,
TA,1477439079_1,
TA,1477439563_1,
TA,1477440033_1,
TA,1477440509_1,
TA,1477441016_1,
TA,1477442865_1,
TA,1477443288_1,
TA,1477444950_1,
TA,1477445372_1,
TA,1477449731_1,
TA,1477452574_1,
TA,1477453407_1,
TA,1477456632_1,
TA,1477456872_1,
TA,1477457253_1,
TA,1477457906_1,
TA,1477461989_1,
TA,1477467367_1,
TA,1477468808_1,
TA,1477472030_1,
TA,1477473027_6,
TA,1477473988_1,
TA,1477474917_1,
TA,1477475933_1,
TA,1477476864_1,
TA,1477477826_1,
TA,1477482027_1,
TA,1477516539_1,
TA,1477516605_1,
TA,1477516820_1,
TB,1481359112_1,
TB,1481362750_1,
TB,1481366336_1,
TB,1481368131_1,
TB,1481369939_1,
TB,1481371721_1,
TB,1481373528_1,
TB,1481375335_1,
TB,1481377142_1,
TB,1481378937_1,
TB,1481380734_1,
TB,1481382539_1,
TB,1481384335_1,
TB,1481386134_1,
TB,1481387940_1,
TB,1481389716_1,
TB,1481391536_1,
TB,1481393306_1,
TB,1481395126_1,
TB,1481396382_1,
TB,1481399993_1,
TB,1481445527_1,
TB,1481447344_1,
TB,1481449151_1,
TB,1481450954_1,
TB,1481452737_1,
TB,1481454532_1,
TB,1481456340_1,
TB,1481458122_1,
TB,1481459929_1,
TB,1481461736_1,
TB,1481463543_1,
TB,1481465338_1,
TB,1481467095_1,
TB,1481468940_1,
TB,1481470710_1,
TB,1481474313_1,
TB,1481476117_1,
TB,1481477937_1,
TB,1481479707_1,
TB,1481481527_1,
TB,1481483323_1,
TB,1481485131_1,
TB,1481486939_1,
TB,1481488712_1,
TB,1481490532_3,
TB,1481492325_1,
TB,1481494125_1,
TB,1481495928_1,
TB,1481497738_1,
TB,1481499531_1,
TB,1481501331_1,
TB,1481588586_1,
TB,1481589008_1,
TB,1481589402_1,
TB,1481589788_1,
TB,1481590186_1,
TB,1481591044_1,
TB,1481591986_1,
TB,1481592213_1,
TB,1481592733_1,
TB,1481593155_1,
TB,1481593382_1,
TB,1481594324_1,
TB,1481595491_1,
TB,1481595913_1,
TB,1481596335_1,
TB,1481598962_1,
TB,1481599286_1,
TB,1481599708_1,
TB,1481600032_1,
TB,1481607233_1,
TB,1481608199_1,
TB,1481611895_1,
TB,1481612621_1,
TB,1481614387_1,
TB,1481617473_1,
TB,1481617709_1,
TB,1481634623_1,
TB,1481637048_1,
TB,1481649617_1,
TB,1481650950_4,
TB,1481652413_1,
TB,1481653806_1,
TB,1481656091_1,
TB,1481657933_1,
TB,1481660004_1,
TB,1481660766_1,
TB,1481665187_1,
TB,1481665926_1,
TB,1481667390_1,
T3,1487068173_1,
T3,1487068240_1,
T3,1487068362_1,
T3,1487068595_1,
T3,1487069051_1,
T3,1487070016_1,
T3,1487081497_1,
T3,1487088092_1,
T3,1487094753_1,
T3,1487096932_1,
T3,1487100600_1,
T3,1487100682_1,
T3,1487100789_1,
T3,1487100871_1,
T3,1487101060_1,
T3,1487101339_1,
T3,1487101418_1,
T3,1487101903_1,
T3,1487101982_1,
T3,1487102078_1,
T3,1487102155_1,
T3,1487102642_1,
T3,1487102719_1,
T3,1487102817_1,
T3,1487102894_1,
T3,1487103003_1,
T3,1487103080_1,
T3,1487105849_1,
T3,1487106401_1,
T3,1487106683_1,
T3,1487107010_1,
T3,1487108850_1,
T3,1487109402_1,
T3,1487109684_1,
T3,1487110011_1,
T3,1487110845_1,
T3,1487111864_1,
T3,1487112416_1,
T3,1487112698_1,
T3,1487112957_1,
T3,1487113509_1,
T3,1487113791_1,
T3,1487114858_1,
T3,1487115410_1,
T3,1487115692_1,
T3,1487115951_1,
T3,1487116503_1,
T3,1487116785_1,
T3,1487117013_1,
T3,1487122005_1,
T3,1487122032_1,
T3,1487161588_1,
T3,1487165887_1,
T3,1487166916_1,
T3,1487171215_1,
T4,1490948671_2,
T4,1490951542_2,
T4,1490952268_2,
T4,1490955139_2,
T4,1490958010_1,
T4,1490958736_2,
T4,1490962193_1,
T4,1490962387_1,
T4,1490962537_1,
T4,1490962731_1,
T4,1490962872_1,
T4,1490963066_1,
T4,1490963216_1,
T4,1490963410_1,
T4,1490963561_1,
T4,1490963755_1,
T4,1490963919_1,
T4,1490964113_1,
T4,1491002149_1,
T4,1491005430_1,
T4,1491009137_1,
T4,1491009733_1,
T4,1491009935_1,
T4,1491010336_1,
T4,1491010536_1,
T4,1491010937_2,
T4,1491011132_2,
T4,1491011534_1,
T4,1491011730_1,
T4,1491012139_1,
T4,1491012333_1,
T4,1491012739_1,
T4,1491012936_1,
T4,1491013335_1,
T4,1491013532_1,
T4,1491013936_1,
T4,1491014133_1,
T4,1491014534_1,
T4,1491014732_1,
T4,1491015737_1,
T4,1491016933_1,
T4,1491018137_1,
T4,1491019337_1,
T4,1491019524_2,
T4,1491024210_1,
T4,1491025304_1,
T4,1491027482_2,
T4,1491031827_2,
T4,1491040105_1,
T4,1491043433_2,
T4,1491049243_4,
T5,1492329711_1,
T5,1492332582_1,
T5,1492334026_1,
T5,1492334397_1,
T5,1492336501_1,
T5,1492339372_1,
T5,1492340963_1,
T5,1492342411_1,
T5,1492345550_1,
T5,1492346729_1,
T5,1492347902_1,
T5,1492350257_1,
T5,1492351434_1,
T5,1492352613_1,
T5,1492353782_1,
T5,1492354945_1,
T6,1503358311_1,
T6,1503358974_1,
T6,1503359646_1,
T6,1503360736_1,
T6,1503362922_1,
T6,1503363587_1,
T6,1503364252_1,
T6,1503364917_1,
T6,1503377587_1,
T6,1503377858_1,
T6,1503378129_1,
T6,1503380297_1,
T6,1503380839_1,
T6,1503381110_1,
T6,1503381381_1,
T6,1503381652_1,
T6,1503381923_1,
T6,1503382194_1,
T6,1503413447_1,
T6,1503413552_1,
T6,1503413732_3,
T6,1503422282_1,
T6,1503422377_1,
T6,1503422472_1,
T6,1503422567_1,
T6,1503422662_1,
T6,1503422757_1,
T6,1503422852_1,
T6,1503422947_1,
T6,1503423042_1,
T6,1503423137_1,
T6,1503423232_1,
T6,1503423327_1,
T6,1503423422_1,
T6,1503423517_1,
T6,1503423612_1,
T6,1503423707_1,
T6,1503423802_1,
T6,1503423897_1,
T6,1503423992_1,
T6,1503424087_1,
T6,1503424182_1,
T6,1503424277_1,
T6,1503424372_1,
T6,1503424467_1,
T6,1503424562_1,
T6,1503424657_1,
T6,1503424752_1,
T6,1503424847_1,
T6,1503424942_1,
T6,1503425037_1,
T6,1503425132_1,
T6,1503425227_1,
T6,1503425322_1,
T6,1503425417_1,
T6,1503425512_1,
T6,1503425607_1,
T6,1503425702_1,
T6,1503425797_1,
T6,1503425892_1,
T6,1503425987_1,
T6,1503426082_1,
T6,1503426177_1,
T6,1503426272_1,
T6,1503426367_1,
T6,1503426462_1,
T6,1503426557_1,
T6,1503426652_1,
T6,1503426747_1,
T6,1503426842_1,
T6,1503426937_1,
T6,1503427032_1,
T6,1503427127_1,
T6,1503428552_1,
T6,1503428647_1,
T6,1503428742_1,
T6,1503428837_1,
T6,1503428932_1,
T6,1503429027_1,
T6,1503429122_1,
T6,1503429217_1,
T6,1503429312_1,
T6,1503429407_1,
T6,1503429502_1,
T6,1503429597_1,
T6,1503429692_1,
T6,1503429787_1,
T6,1503429882_1,
T6,1503429977_1,
T6,1503430072_1,
T6,1503430167_1,
T6,1503430262_1,
T6,1503430357_1,
T6,1503430452_1,
T6,1503430547_1,
T6,1503430642_1,
T6,1503430737_1,
T6,1503430832_1,
T6,1503430927_1,
T6,1503431022_1,
T6,1503431117_1,
T6,1503431212_1,
T6,1503431307_1,
T6,1503431402_1,
T6,1503431497_1,
T6,1503431592_1,
T6,1503431687_1,
T6,1503431782_1,
T6,1503431877_1,
T6,1503431972_1,
T6,1503432067_1,
T6,1503432162_1,
T6,1503432257_1,
T6,1503432352_1,
T6,1503432447_1,
T6,1503432542_1,
T6,1503432637_1,
T6,1503432732_1,
T6,1503432827_1,
T6,1503432922_1,
T6,1503433017_1,
T6,1503433112_1,
T6,1503433207_1,
T6,1503433302_1,
T6,1503433397_1,
T6,1503433492_1,
T6,1503433587_1,
T6,1503433682_1,
T6,1503433777_1,
T6,1503433872_1,
T6,1503433967_1,
T6,1503434062_1,
T6,1503434157_1,
T6,1503434252_3,
T7,1504738294_1,
T7,1504738596_1,
T7,1504738910_1,
T7,1504745107_1,
T7,1504745467_1,
T7,1504745827_1,
T7,1504746385_1,
T7,1504746745_1,
T7,1504747105_1,
T7,1504747465_1,
T7,1504747825_1,
T7,1504748185_1,
T7,1504748638_1,
T7,1504748998_1,
T7,1504749358_1,
T7,1504749718_1,
T7,1504750078_1,
T7,1504750868_1,
T7,1504751228_1,
T7,1504751588_1,
T7,1504751948_1,
T7,1504752309_1,
T7,1504752656_1,
T7,1504753137_1,
T7,1504753497_1,
T7,1504753857_1,
T7,1504754217_1,
T7,1504754577_1,
T8,1509087106_1,
T8,1509087265_1,
T8,1509087424_1,
T8,1509087583_1,
T8,1509087742_1,
T8,1509087901_1,
T8,1509088060_1,
T8,1509088219_1,
T8,1509088378_1,
T8,1509088537_1,
T8,1509133941_1,
T8,1509134411_1,
T8,1509134841_1,
T8,1509135301_1,
T8,1509135761_1,
T8,1509136241_1,
T8,1509136601_1,
T8,1509137850_1,
T8,1509138210_1,
T8,1509138570_1,
T8,1509139442_1,
T8,1509140160_1,
T8,1509141057_1,
T8,1509141417_1,
T8,1509141777_1,
T8,1509142691_1,
T8,1509143409_1,
T8,1509143769_1,
T8,1509144509_1,
T8,1509144870_1,
T8,1509145283_1,
T8,1509145619_1,
T8,1509146053_1,
T8,1509146871_1,
T8,1509147231_1,
T8,1509149626_1,
T8,1509186251_1,
T8,1509187624_1,
T8,1509187814_1,
T8,1509188213_1,
T8,1509188416_1,
T8,1509188820_1,
T8,1509189013_1,
T8,1509189424_1,
T8,1509189617_1,
T8,1509190019_1,
T8,1509190212_1,
T8,1509190626_1,
T8,1509190816_1,
T8,1509191230_1,
T8,1509191423_1,
T9,1514277541_1,
T9,1514277901_1,
T9,1514278619_1,
T9,1514280052_1,
T9,1514280412_1,
T9,1514281143_1,
T9,1514282576_1,
T9,1514284191_1,
T9,1514285449_1,
T9,1514286776_1,
T9,1514287583_1,
T9,1514288301_1,
T9,1514288801_1,
T9,1514289161_1,
T9,1514289521_1,
T9,1514290240_1,
T9,1514290513_1,
T9,1514290765_1,
T9,1514291125_1,
T9,1514291485_1,
T9,1514291845_1,
T9,1514292205_1,
T9,1514292566_1,
T9,1514292783_1,
T9,1514293143_1,
T9,1514293503_1,
T9,1514293863_1,
T9,1514294223_1,
T9,1514295146_1,
T9,1514296206_1,
T9,1514296879_1,
T9,1514296910_1,
T9,1514296981_1,
T9,1514297262_1,
T9,1514297292_1,
T9,1514297322_1,
T9,1514297351_1,
T9,1514297420_1,
T9,1514297489_1,
T9,1514297653_1,
T9,1514297682_1,
T9,1514297751_1,
T9,1514298165_1,
T9,1514298234_1,
T9,1514298378_1,
T9,1514298407_1,
T9,1514298476_1,
T9,1514309549_1,
T9,1514310267_1,
T9,1514319121_1,
T9,1514320339_1,
T9,1514320699_1,
T9,1514321059_1,
T9,1514321419_1,
T9,1514321779_1,
T9,1514322139_1,
T9,1514322629_1,
T9,1514322989_1,
T9,1514323349_1,
T9,1514323849_1,
T9,1514332405_1,
T9,1514335268_1,
T9,1514336805_1,
T9,1514340426_1,
T9,1514341922_1,
T9,1514342640_1,
T9,1514345503_1,
T9,1514385870_1,
T9,1514386434_1,
T9,1514390782_1,
T9,1514395066_1,
T9,1514399344_1,
T9,1514407963_1,
T9,1514411673_1,
T10,1515942737_1,
T10,1515943131_1,
T10,1515943525_1,
T10,1515945709_1,
T10,1515946425_1,
T10,1515946819_1,
T10,1515947213_1,
T10,1515947607_1,
T10,1515950191_1,
T10,1515950585_1,
T10,1515953795_1,
T10,1515954189_1,
T10,1515954583_1,
T10,1515957533_1,
T10,1515957927_1,
T10,1515958321_1,
T10,1515961219_1,
T10,1515961613_1,
T10,1515962007_1,
T10,1515964233_1,
T10,1515965207_1,
T10,1515965601_1,
T10,1515967797_1,
T10,1515968621_1,
T10,1515970855_1,
T10,1515971269_1,
T10,1515971683_1,
T10,1515976013_1,
T10,1515976407_1,
T10,1515978910_1,
T10,1515979592_1,
T10,1515980488_1,
T10,1515981170_1,
T10,1515982370_1,
T10,1515982775_1,
T10,1515983150_1,
T10,1515983560_1,
T10,1515983965_1,
T10,1515984745_1,
T10,1515985140_1,
T10,1515985535_1,
T10,1515987677_1,
T10,1515989034_1,
T10,1515989934_1,
T10,1515991291_1,
T10,1515991971_1,
T10,1515993999_1,
T10,1515995356_1,
T10,1515996336_1,
T10,1515997693_1,
T10,1516002494_1,
T10,1516027693_1,
T10,1516037347_1,
T10,1516038250_1,
T10,1516039153_1,
T11,1519655864_1,
T11,1519656212_1,
T11,1519656559_1,
T11,1519656906_1,
T11,1519657253_1,
T11,1519657601_1,
T11,1519657948_1,
T11,1519658295_1,
T11,1519658643_1,
T11,1519658990_1,
T11,1519659337_1,
T11,1519659684_1,
T11,1519660032_1,
T11,1519660379_1,
T11,1519660726_1,
T11,1519661073_1,
T11,1519661421_1,
T11,1519661768_1,
T11,1519662115_1,
T11,1519662462_1,
T11,1519662810_1,
T11,1519663157_1,
T11,1519663504_1,
T11,1519663852_1,
T11,1519664199_1,
T11,1519664546_1,
T11,1519664893_1,
T11,1519665241_1,
T11,1519665588_1,
T11,1519665935_1,
T11,1519666282_1,
T11,1519666630_1,
T11,1519666977_1,
T11,1519667324_1,
T11,1519667671_1,
T11,1519668019_1,
T11,1519668366_1,
T11,1519668713_1,
T11,1519669061_1,
T11,1519669408_1,
T11,1519669755_1,
T11,1519670102_1,
T11,1519670450_1,
T11,1519670797_1,
T11,1519671144_1,
T11,1519671491_1,
T11,1519671839_1,
T11,1519672186_1,
T11,1519672533_1,
T11,1519672881_1,
T11,1519673228_1,
T11,1519673575_1,
T11,1519673922_1,
T11,1519674270_1,
T11,1519674617_1,
T11,1519674964_1,
T11,1519675311_1,
T11,1519675659_1,
T11,1519676006_1,
T11,1519676353_1,
T11,1519676700_1,
T11,1519677048_1,
T11,1519677395_1,
T11,1519677742_1,
T11,1519678090_1,
T11,1519678437_1,
T11,1519678784_1,
T11,1519679131_1,
T11,1519679479_1,
T11,1519679826_1,
T11,1519680173_1,
T11,1519680520_1,
T11,1519680868_1,
T11,1519681215_1,
T11,1519681562_1,
T11,1519681910_1,
T11,1519682257_1,
T11,1519682604_1,
T11,1519682951_1,
T11,1519683299_1,
T11,1519683646_1,
T11,1519683993_1,
T11,1519684340_1,
T11,1519684688_1,
T11,1519713017_1,
T11,1519713507_1,
T11,1519750624_1,
T11,1519750984_1,
T11,1519751344_1,
T11,1519751704_1,
T11,1519754344_1,
T11,1519754692_1,
T11,1519755039_1,
T11,1519755386_1,
T12,1521276815_1,
T12,1521277569_1,
T12,1521278322_1,
T12,1521279075_1,
T12,1521279829_1,
T12,1521282583_1,
T12,1521282967_1,
T12,1521283351_1,
T12,1521283735_1,
T12,1521284119_1,
T12,1521284504_1,
T12,1521284888_1,
T12,1521285272_1,
T12,1521285656_1,
T12,1521287510_1,
T12,1521287737_1,
T12,1521287963_1,
T12,1521288189_1,
T12,1521288415_1,
T12,1521288642_1,
T12,1521288868_1,
T12,1521289094_1,
T12,1521289321_1,
T12,1521289547_1,
T12,1521289773_1,
T12,1521289999_1,
T12,1521290226_1,
T12,1521290452_1,
T12,1521290678_1,
T12,1521292354_1,
T12,1521292543_1,
T12,1521292732_1,
T12,1521292920_1,
T12,1521293109_1,
T12,1521293297_1,
T12,1521293486_1,
T12,1521293675_1,
T12,1521293863_1,
T12,1521294052_1,
T12,1521294240_1,
T12,1521294429_1,
T12,1521294618_1,
T12,1521294806_1,
T12,1521294995_1,
T12,1521295183_1,
T12,1521295372_1,
T12,1521295560_1,
T12,1521297112_1,
T12,1521297496_1,
T12,1521297880_1,
T12,1521298264_1,
T12,1521298648_1,
T12,1521299033_1,
T12,1521299417_1,
T12,1521299801_1,
T12,1521300185_1,
T12,1521301898_1,
T12,1521302087_1,
T12,1521302276_1,
T12,1521303030_1,
T12,1521303219_1,
T12,1521303407_1,
T12,1521303596_1,
T12,1521303784_1,
T12,1521303973_1,
T12,1521304162_1,
T12,1521304350_1,
T12,1521304539_1,
T12,1521304727_1,
T12,1521304916_1,
T12,1521305104_1,
T12,1521305490_1,
T12,1521305698_1,
T12,1521305906_1,
T12,1521306340_1,
T12,1521306444_1,
T12,1521306778_1,
T12,1521307195_1,
T12,1521307403_1,
T12,1521307611_1,
T12,1521307819_1,
T12,1521308027_1,
T12,1521308235_1,
T12,1521308443_1,
T12,1521308651_1,
T12,1521308860_1,
T12,1521309068_1,
T12,1521309276_1,
T12,1521309484_1,
T12,1521309692_1,
T12,1521309900_1,
T12,1521311486_1,
T12,1521311690_1,
T12,1521311893_1,
T12,1521312096_1,
T12,1521312300_1,
T12,1521312503_1,
T12,1521312706_1,
T12,1521312910_1,
T12,1521313113_1,
T12,1521313316_1,
T12,1521313520_1,
T12,1521313723_1,
T12,1521313926_1,
T12,1521314130_1,
T12,1521314333_1,
T12,1521314536_1,
T12,1521314740_1,
T12,1521315105_1,
T12,1521315313_1,
T12,1521315521_1,
T12,1521315729_1,
T12,1521315936_1,
T12,1521316302_1,
T12,1521316506_1,
T12,1521316709_1,
T12,1521316912_1,
T12,1521317116_1,
T12,1521317319_1,
T12,1521317522_1,
T12,1521317726_1,
T12,1521317929_1,
T12,1521318132_1,
T12,1521318336_1,
T12,1521318539_1,
T12,1521318742_1,
T12,1521318946_1,
T12,1521319149_1,
T12,1521319352_1,
T12,1521319556_1,
T12,1521321143_1,
T12,1521321250_1,
T12,1521321356_1,
T12,1521321463_1,
T12,1521321569_1,
T12,1521321675_1,
T12,1521321782_1,
T12,1521321888_1,
T12,1521321995_1,
T12,1521322101_1,
T12,1521322207_1,
T12,1521322314_1,
T12,1521322420_1,
T12,1521322527_1,
T12,1521322633_1,
T12,1521322740_1,
T12,1521322846_1,
T12,1521322952_1,
T12,1521323059_1,
T12,1521323165_1,
T12,1521323272_1,
T12,1521323378_1,
T12,1521365353_1,
T12,1521366047_1,
T12,1521366741_1,
T12,1521367435_1,
T12,1521368129_1,
T12,1521373593_1,
T12,1521374384_1,
T12,1521375174_1,
T12,1521375965_1,
T12,1521376755_1,
T12,1521384335_1,
T12,1521385029_1,
T12,1521385723_1,
T12,1521386417_1,
T12,1521387134_1,
T12,1521388438_1,
T12,1521389742_1,
T12,1521391046_1,
T12,1521394654_1,
T12,1521398470_1,
T12,1521400631_1,
T12,1521405896_1,
T12,1521406684_1,
T12,1521407494_1,
T12,1521407900_1,
T12,1521441801_1,
T12,1521445856_1,
T12,1521447846_1,
T12,1521448955_1,
T12,1521450064_1,
T12,1521451172_1,
T12,1521452336_1,
T12,1521452697_1,
T12,1521453058_1,
T12,1521453418_1,
T12,1521453779_1,
T12,1521454140_1,
T12,1521454500_1,
T12,1521454861_1,
T12,1521455222_1,
T12,1521455582_1,
T12,1521456254_1,
T12,1521456384_1,
T12,1521456514_1,
T12,1521456644_1,
T12,1521456774_1,
T12,1521456904_1,
T12,1521457034_1,
T12,1521457164_1,
T12,1521457294_1,
T12,1521457424_1,
T12,1521457554_1,
T12,1521457684_1,
T12,1521457814_1,
T12,1521457944_1,
T12,1521458074_1,
T12,1521458212_1,
T12,1521458342_1,
T12,1521458472_1,
T12,1521458602_1,
T12,1521458732_1,
T12,1521458862_1,
T12,1521458992_1,
T12,1521459122_1,
T12,1521459252_1,
T12,1521459382_1,
T12,1521459512_1,
T12,1521459642_1,
T12,1521459772_1,
T12,1521459902_1,
T12,1521460032_1,
T12,1521465200_1,
T12,1521466000_1,
T12,1521466800_1,
T14,1526768265_1,
T14,1526770900_1,
T14,1526772598_1,
T14,1526775174_1,
T14,1526775280_1,
T14,1526775386_1,
T14,1526777109_1,
T14,1526777627_1,
T14,1526779691_1,
T14,1526780209_1,
T14,1526780727_1,
T14,1526781763_1,
T14,1526782397_1,
T14,1526783031_1,
T14,1526784296_1,
T14,1526784930_1,
T14,1526785648_1,
T14,1526788856_1,
T14,1526789032_1,
T14,1526790886_1,
T14,1526796393_1,
T14,1526797726_1,
T14,1526798454_1,
T14,1526810443_1,
T14,1526810578_1,
T14,1526810712_1,
T14,1526810847_1,
T14,1526810981_1,
T14,1526811116_3,
T14,1526843421_1,
T14,1526843665_1,
T14,1526844013_1,
T14,1526844257_1,
T14,1526844502_1,
T14,1526844746_1,
T14,1526844990_1,
T14,1526845234_1,
T14,1526845478_1,
T14,1526845722_1,
T14,1526845966_1,
T14,1526846210_1,
T14,1526846454_1,
T14,1526846699_1,
T14,1526846943_1,
T14,1526849522_1,
T14,1526849766_1,
T14,1526850011_1,
T14,1526850255_1,
T14,1526850499_1,
T14,1526850743_1,
T14,1526850987_1,
T14,1526851231_1,
T14,1526851475_1,
T14,1526852139_1,
T14,1526852383_1,
T14,1526852628_1,
T14,1526852872_1,
T14,1526853116_1,
T14,1526853360_1,
T14,1526853604_1,
T14,1526853848_1,
T14,1526854092_1,
T14,1526870137_1,
T14,1526870365_1,
T14,1526870593_1,
T14,1526870822_1,
T14,1526871050_1,
T14,1526871278_1,
T14,1526871506_1,
T14,1526871734_1,
T14,1526871962_1,
T14,1526872190_1,
T15,1530471051_1,
T15,1530473913_1,
T15,1530475346_1,
T15,1530475714_1,
T15,1530476074_1,
T15,1530477781_1,
T15,1530479951_1,
T15,1530480619_1,
T15,1530481705_1,
T15,1530483351_1,
T15,1530485520_1,
T15,1530486606_1,
T15,1530487324_1,
T15,1530487775_1,
T15,1530489213_1,
T15,1530489797_1,
T15,1530490377_1,
T15,1530490964_1,
T15,1530491557_1,
T15,1530492054_1,
T15,1530492150_1,
T15,1530492713_1,
T15,1530493197_1,
T15,1530493309_1,
T15,1530493793_1,
T15,1530495646_1,
T15,1530496006_1,
T15,1530497617_1,
T15,1530499395_1,
T15,1530501191_1,
T15,1530502667_1,
T15,1530502987_1,
T15,1530504463_1,
T15,1530504651_1,
T15,1530544644_1,
T15,1530552076_1,
T15,1530553980_1,
T15,1530556852_1,
T15,1530559217_1,
T15,1530563767_1,
T15,1530568151_1,
T15,1530572681_1,
T15,1530602681_1,
T16,1532135499_1,
T16,1532135915_1,
T16,1532136330_1,
T16,1532136745_1,
T16,1532137160_1,
T16,1532137575_1,
T16,1532137991_1,
T16,1532138406_1,
T16,1532138821_1,
T16,1532139236_1,
T16,1532139683_1,
T16,1532140377_1,
T16,1532141071_1,
T16,1532141764_1,
T16,1532142458_1,
T16,1532143151_1,
T16,1532143845_1,
T16,1532144539_1,
T16,1532145232_1,
T16,1532145926_1,
T16,1532146620_1,
T16,1532147313_1,
T16,1532148007_1,
T16,1532148700_1,
T16,1532149394_1,
T16,1532150088_1,
T16,1532150781_1,
T16,1532151475_1,
T16,1532152168_1,
T16,1532152862_1,
T16,1532153597_1,
T16,1532154378_1,
T16,1532155158_1,
T16,1532155938_1,
T16,1532156719_1,
T16,1532157543_1,
T16,1532159710_1,
T16,1532162013_1,
T16,1532163594_1,
T16,1532165174_1,
T16,1532166754_1,
T16,1532169915_1,
T16,1532171495_1,
T16,1532173076_1,
T16,1532174656_1,
T16,1532176237_1,
T16,1532177877_1,
T16,1532180017_1,
T16,1532182157_1,
T16,1532184373_1,
T16,1532185674_1,
T16,1532186974_1,
T16,1532189959_1,
T16,1532190653_1,
T16,1532191347_1,
T16,1532192239_1,
T16,1532192704_3,
T16,1532193168_1,
T16,1532193632_1,
T16,1532194096_1,
T16,1532196039_1,
T16,1532196560_1,
T16,1532197099_1,
T16,1532197164_1,
T16,1532197383_1,
T16,1532197904_1,
T16,1532198443_1,
T16,1532198524_1,
T16,1532198715_1,
T16,1532199236_1,
T16,1532199775_1,
T16,1532199859_1,
T16,1532200090_1,
T16,1532200611_1,
T16,1532201150_1,
T16,1532201242_1,
T16,1532201338_1,
T16,1532201430_1,
T16,1532226217_1,
T16,1532226860_1,
T16,1532227513_1,
T16,1532247399_1,
T16,1532248121_1,
T16,1532248784_1,
T16,1532249470_1,
T16,1532250174_1,
T17,1536273784_1,
T17,1536304132_1,
T17,1536306995_1,
T17,1536309858_1,
T17,1536314141_1,
T17,1536317004_1,
T17,1536319867_1,
T17,1536324682_1,
T17,1536326115_1,
T17,1536328241_1,
T17,1536330050_1,
T17,1536330428_1,
T17,1536331878_1,
T17,1536333694_1,
T17,1536335524_1,
T17,1536337343_1,
T17,1536345838_1,
T17,1536346448_1,
T17,1536347028_1,
T17,1536366145_1,
T17,1536366941_1,
T17,1536367327_1,
T17,1536367827_1,
T17,1536368313_1,
T17,1536368775_1,
T17,1536369220_1,
T17,1536369631_1,
T17,1536370886_1,
T17,1536371309_1,
T17,1536371754_1,
T17,1536372584_1,
T17,1536373016_1,
T17,1536373427_1,
T17,1536375128_1,
T17,1536376417_1,
T17,1536377289_1,
T17,1536378611_1,
T17,1536380418_1,
T17,1536383536_1,
T17,1536387990_1,
T17,1536389457_1,
T17,1536393927_1,
T17,1536394555_1,
T17,1536397418_1,
T17,1536401888_1,
T18,1537670339_1,
T18,1537671130_1,
T18,1537677208_1,
T18,1537678136_1,
T18,1537679064_1,
T18,1537687245_1,
T18,1537688633_1,
T18,1537691434_1,
T18,1537692822_1,
T18,1537695623_1,
T18,1537697011_1,
T18,1537700668_1,
T18,1537702101_1,
T18,1537747009_1,
T18,1537747041_1,
T18,1537751148_1,
T18,1537751180_1,
T18,1537751927_1,
T18,1537752281_1,
T18,1537752677_1,
T18,1537753239_1,
T18,1537753635_1,
T18,1537754197_1,
T18,1537754593_1,
T18,1537756221_1,
T18,1537756617_1,
T18,1537757155_1,
T18,1537757551_1,
T18,1537758089_1,
T18,1537758485_1,
T18,1537759023_1,
T18,1537759419_1,
T18,1537759832_1,
T18,1537760228_1,
T18,1537760885_1,
T18,1537761579_1,
T18,1537762340_1,
T18,1537762688_1,
T18,1537763048_1,
T18,1537763223_1,
T18,1537763665_1,
T18,1537764013_1,
T18,1537764373_1,
T18,1537764548_1,
T18,1537764887_1,
T18,1537765235_1,
T18,1537765599_1,
T18,1537765781_1,
T18,1537765846_1,
T18,1537765915_1,
T19,1539054265_1,
T19,1539056412_1,
T19,1539063395_1,
T19,1539067318_1,
T19,1539068751_1,
T19,1539071526_1,
T19,1539077173_1,
T19,1539077999_1,
T19,1539079146_1,
T19,1539080796_1,
T19,1539082882_1,
T19,1539083708_1,
T19,1539084854_1,
T19,1539086452_1,
T19,1539128966_1,
T19,1539130396_1,
T19,1539133117_1,
T19,1539134243_1,
T19,1539134452_1,
T19,1539134866_1,
T19,1539135075_1,
T19,1539135284_1,
T19,1539136970_1,
T19,1539138466_1,
T19,1539141850_1,
T19,1539142230_1,
T19,1539142609_1,
T19,1539142987_1,
T19,1539143352_1,
T19,1539143713_1,
T19,1539145566_1,
T19,1539147736_1,
T19,1539149905_1,
T19,1539155284_1,
T19,1539202639_1,
T19,1539202806_1,
T19,1539202973_1,
T19,1539203289_1,
T19,1539204245_1,
T19,1539205201_1,
T19,1539206157_1,
T19,1539206467_1,
T19,1539206589_1,
T19,1539206711_1,
T19,1539206833_1,
T19,1539207052_1,
T19,1539208008_1,
T19,1539208964_1,
T19,1539209920_1,
T19,1539210204_1,
T19,1539210404_1,
T19,1539210809_1,
T19,1539211765_1,
T19,1539212721_1,
T19,1539213677_1,
T19,1539213762_1,
T19,1539213972_1,
T19,1539214057_1,
T19,1539214142_1,
T19,1539214227_1,
T19,1539214312_1,
T19,1539214397_1,
T19,1539214482_1,
T20,1540314894_1,
T20,1540315403_1,
T20,1540315912_1,
T20,1540316421_1,
T20,1540316930_1,
T20,1540317439_1,
T20,1540317948_1,
T20,1540318457_1,
T20,1540318966_1,
T20,1540319475_1,
T20,1540319984_1,
T20,1540320493_1,
T20,1540321002_1,
T20,1540321511_1,
T20,1540322020_1,
T20,1540322529_1,
T20,1540323038_1,
T20,1540323547_1,
T20,1540324056_1,
T20,1540324565_1,
T20,1540325074_1,
T20,1540325582_1,
T20,1540326091_1,
T20,1540326600_1,
T20,1540327556_1,
T20,1540328351_1,
T20,1540329949_1,
T20,1540330458_1,
T20,1540330967_1,
T20,1540331476_1,
T20,1540331985_1,
T20,1540332494_1,
T20,1540333003_1,
T20,1540333512_1,
T20,1540334021_1,
T20,1540334530_1,
T20,1540335039_1,
T20,1540335548_1,
T20,1540336057_1,
T20,1540336566_1,
T20,1540337075_1,
T20,1540337584_1,
T20,1540338093_1,
T20,1540338602_1,
T20,1540339111_1,
T20,1540339620_1,
T20,1540340129_1,
T20,1540341146_1,
T20,1540341655_1,
T20,1540410855_1,
T20,1540412178_1,
T20,1540413471_1,
T20,1540414794_1,
T20,1540416117_1,
T20,1540417440_1,
T20,1540418734_1,
T20,1540422703_1,
T20,1540424026_1,
T20,1540425349_1,
T20,1540426643_1,
T20,1540427995_1,
T20,1540429318_1,
T20,1540430660_1,
T20,1540431979_1,
T20,1540433271_1,
T20,1540434593_1,
T20,1540435899_1,
T20,1540437219_1,
T20,1540438538_1,
T20,1540441182_1,
T20,1540442512_1,
T20,1540443841_1,
T20,1540445139_1,
T20,1540446479_1,
T20,1540447743_1,
T20,1540449076_1,
T20,1540450468_1,
T20,1540451786_1,
T20,1540453068_1,
T20,1540454401_1,
T20,1540455714_1,
T20,1540458254_1,
T20,1540459988_1,
T20,1540461684_1,
T20,1540463418_1,
T20,1540502043_1,
T20,1540502357_1,
T20,1540502777_1,
T20,1540502976_1,
T20,1540503376_1,
T20,1540503575_1,
T20,1540503976_1,
T20,1540504175_1,
T20,1540504576_1,
T20,1540504773_1,
T20,1540505175_1,
T20,1540505374_1,
T20,1540505776_1,
T20,1540505974_1,
T20,1540506382_1,
T20,1540506575_1,
T20,1540506975_1,
T20,1540507176_1,
T20,1540507576_1,
T20,1540507775_1,
T20,1540508176_1,
T20,1540508373_1,
T20,1540508776_1,
T20,1540508974_1,
T20,1540509407_1,
T20,1540509605_1,
T20,1540510244_1,
T20,1540512254_1,
T20,1540514055_1,
T20,1540518525_1,
T20,1540521387_1,
T20,1540521747_1,
T21,1544547474_1,
T21,1544549207_1,
T21,1544561184_1,
T21,1544563167_1,
T21,1544566065_1,
T21,1544567652_1,
T21,1544569239_1,
T21,1544572413_1,
T21,1544575184_1,
T21,1544577185_1,
T21,1544579259_1,
T21,1544581154_1,
T21,1544585838_1,
T21,1544586392_1,
T21,1544587302_1,
T21,1544588507_1,
T21,1544595739_1,
T21,1544606517_1,
T21,1544643486_1,
T21,1544644666_1,
T21,1544645846_1,
T21,1544647026_1,
T21,1544649395_1,
T21,1544649787_1,
T21,1544650179_1,
T21,1544650571_1,
T21,1544650963_1,
T21,1544651355_1,
T21,1544651747_1,
T21,1544652139_1,
T21,1544652531_1,
T21,1544652923_1,
T21,1544653315_1,
T21,1544653707_1,
T21,1544654099_1,
T22,1545944465_1,
T22,1545945183_1,
T22,1545948045_1,
T22,1545949478_1,
T22,1545950196_1,
T22,1545951629_1,
T22,1545953642_1,
T22,1545955075_1,
T22,1545957937_1,
T22,1545958655_1,
T22,1545960088_1,
T22,1546024845_1,
T22,1546027708_1,
T22,1546028868_1,
T22,1546031731_1,
T23,1547313171_1,
T23,1547313962_1,
T23,1547314752_1,
T23,1547315543_1,
T23,1547325047_1,
T23,1547326088_1,
T23,1547327128_1,
T23,1547329843_1,
T23,1547330884_1,
T23,1547331924_3,
T23,1547334761_1,
T23,1547336202_1,
T23,1547340020_1,
T23,1547340846_1,
T23,1547341977_1,
T23,1547343647_1,
T23,1547344493_1,
T23,1547346754_1,
T23,1547348576_1,
T23,1547349422_1,
T23,1547352129_1,
T23,1547393287_1,
T23,1547393572_1,
T23,1547393840_1,
T23,1547394125_1,
T23,1547399923_1,
T23,1547400208_1,
T23,1547400476_1,
T23,1547400761_1,
T23,1547402135_1,
T23,1547403918_1,
T23,1547404179_1,
T23,1547404439_1,
T23,1547404700_1,
T23,1547404960_1,
T23,1547405221_1,
T23,1547405481_1,
T23,1547405742_1,
T23,1547406002_1,
T23,1547407034_1,
T23,1547407295_1,
T23,1547407555_3,
T23,1547407816_1,
T23,1547408076_1,
T23,1547408337_1,
T23,1547408597_1,
T23,1547408858_1,
T23,1547409118_1,
T23,1547412169_1,
T23,1547412578_1,
T23,1547412761_1,
T23,1547413170_1,
T23,1547413353_1,
T23,1547413945_1,
T23,1547414354_1,
T23,1547414537_1,
T23,1547414946_1,
T23,1547415129_1,
T23,1547415538_1,
T23,1547415721_1,
T23,1547416130_1,
T23,1547416905_1,
T23,1547417314_1,
T23,1547417803_1,
T23,1547418001_1,
T23,1547418199_1,
T23,1547418397_1,
T23,1547418595_1,
T23,1547418793_1,
T23,1547418991_1,
T23,1547419189_1,
T23,1547419387_1,
T23,1547419783_1,
T23,1547419981_1,
T23,1547420179_1,
T23,1547420377_1,
T23,1547420575_1,
T24,1548688903_1,
T24,1548688984_1,
T24,1548689065_1,
T24,1548689145_1,
T24,1548689226_1,
T24,1548689387_1,
T24,1548689468_1,
T24,1548689548_1,
T24,1548689629_1,
T24,1548690545_1,
T24,1548690704_1,
T24,1548691332_1,
T24,1548691491_1,
T24,1548692119_1,
T24,1548692747_1,
T24,1548693375_1,
T24,1548693534_1,
T24,1548693693_1,
T24,1548693852_1,
T24,1548696195_1,
T24,1548697151_1,
T24,1548698107_1,
T24,1548700019_1,
T24,1548700975_1,
T24,1548701395_1,
T24,1548701680_1,
T24,1548701964_1,
T24,1548702248_1,
T24,1548703867_1,
T24,1548704625_1,
T24,1548705382_1,
T24,1548706140_1,
T24,1548706897_1,
T24,1548707655_1,
T24,1548708412_1,
T24,1548709170_1,
T24,1548712205_1,
T24,1548713246_1,
T24,1548714286_1,
T24,1548715361_1,
T24,1548716764_1,
T24,1548716941_1,
T24,1548717118_1,
T24,1548718700_1,
T24,1548718877_1,
T24,1548719054_1,
T24,1548767917_1,
T24,1548768161_1,
T24,1548768406_1,
T24,1548768650_1,
T24,1548768894_1,
T24,1548769138_1,
T24,1548769382_1,
T24,1548769836_1,
T24,1548770080_1,
T24,1548770325_1,
T24,1548770569_1,
T24,1548770813_1,
T24,1548771057_1,
T24,1548771301_1,
T24,1548771545_1,
T24,1548771789_1,
T24,1548772033_1,
T24,1548772277_1,
T24,1548772522_1,
T24,1548772766_1,
T24,1548773793_1,
T24,1548774037_1,
T24,1548774282_1,
T24,1548774770_1,
T24,1548775014_1,
T24,1548775258_1,
T24,1548775502_1,
T24,1548775746_1,
T24,1548775990_1,
T24,1548776393_1,
T24,1548776637_1,
T24,1548776882_1,
T24,1548777126_1,
T24,1548777370_1,
T24,1548777614_1,
T24,1548777858_1,
T24,1548778102_1,
T24,1548778346_1,
T24,1548778590_1,
T24,1548782506_1,
T24,1548784595_1,
T24,1548786685_1,
T24,1548790279_1,
T24,1548792187_1,
T24,1548794094_1,
T24,1548814513_1,
T24,1548815000_1,
T24,1548815241_1,
T24,1548815298_1,
T24,1548815355_1,
T24,1548815412_1,
T24,1548815469_1,
T24,1548815526_1,
T24,1548815583_1,
T24,1548815639_1,
T24,1548815696_1,
T24,1548815753_1,
T24,1548815810_1,
T24,1548815867_1,
T24,1548815924_1,
T24,1548815981_1,
T24,1548816094_1,
T24,1548816151_1,
T24,1548816208_1,
T24,1548816265_1,
T24,1548816322_1,
T24,1548816379_1,
T25,1550825925_1,
T25,1550826414_1,
T25,1550826918_1,
T25,1550828878_1,
T25,1550829361_1,
T25,1550829841_1,
T25,1550830371_1,
T25,1550832351_1,
T25,1550832901_1,
T25,1550833381_1,
T25,1550833871_1,
T25,1550834856_1,
T25,1550835375_1,
T25,1550835865_1,
T25,1550836360_1,
T25,1550836862_1,
T25,1550837357_1,
T25,1550837381_1,
T25,1550837405_1,
T25,1550837429_1,
T25,1550837453_1,
T25,1550837477_1,
T25,1550837501_1,
T25,1550837525_1,
T25,1550837549_1,
T25,1550837573_1,
T25,1550837596_1,
T25,1550837620_1,
T25,1550837644_1,
T25,1550837668_1,
T25,1550837692_1,
T25,1550837716_1,
T25,1550837740_1,
T25,1550837764_1,
T25,1550837788_1,
T25,1550837812_1,
T26,1552128082_1,
T26,1552129112_1,
T26,1552138728_1,
T26,1552140382_1,
T26,1552143478_1,
T26,1552145692_1,
T26,1552148542_1,
T26,1552150255_1,
T26,1552159892_1,
T26,1552160262_1,
T26,1552160472_1,
T26,1552160872_1,
T26,1552161082_1,
T26,1552161692_1,
T26,1552165312_1,
T26,1552206029_1,
T26,1552206334_1,
T26,1552206639_1,
T26,1552206944_1,
T26,1552207249_1,
T26,1552207554_1,
T26,1552209394_1,
T26,1552213652_1,
T26,1552214137_1,
T26,1552215087_1,
T26,1552217993_1,
T26,1552218815_1,
T26,1552221069_1,
T26,1552224414_1,
T26,1552226427_1,
T26,1552226971_1,
T26,1552227455_1,
T26,1552228309_1,
T26,1552228481_1,
T26,1552228956_1,
T26,1552229457_1,
T26,1552229826_1,
T26,1552229979_1,
T26,1552231702_1,
T26,1552233773_1,
T26,1552235672_1,
T26,1552236173_1,
T26,1552236423_1,
T26,1552236674_1,
T26,1552236924_1,
T27,1553516168_1,
T27,1553519031_1,
T27,1553520931_1,
T27,1553523794_1,
T27,1553526038_1,
T27,1553526597_1,
T27,1553527156_1,
T27,1553527437_1,
T27,1553528837_1,
T27,1553529045_1,
T27,1553531038_1,
T27,1553532514_1,
T27,1553533055_1,
T27,1553535359_1,
T27,1553536098_1,
T27,1553537055_1,
T27,1553537794_1,
T27,1553538533_1,
T27,1553539272_1,
T27,1553539659_1,
T27,1553540398_1,
T27,1553541137_1,
T27,1553541508_1,
T27,1553542066_1,
T27,1553580088_1,
T27,1553587530_1,
T27,1553587676_1,
T27,1553587822_1,
T27,1553587968_1,
T27,1553588114_1,
T27,1553588260_1,
T27,1553588406_1,
T27,1553588478_1,
T27,1553588553_1,
T27,1553588625_1,
T27,1553588700_1,
T27,1553589565_1,
T27,1553590708_1,
T27,1553591079_1,
T27,1553591440_1,
T27,1553591811_1,
T27,1553592189_1,
T27,1553592580_1,
T27,1553593017_1,
T27,1553595038_1,
T27,1553596471_1,
T27,1553597189_1,
T27,1553598109_1,
T27,1553598469_1,
T27,1553599187_1,
T27,1553601509_1,
T27,1553601831_1,
T27,1553602041_1,
T27,1553602365_1,
T27,1553602586_1,
T27,1553602907_1,
T27,1553603115_1,
T27,1553603436_1,
T27,1553603667_1,
T27,1553603988_1,
T27,1553604216_1,
T27,1553604537_1,
T27,1553605084_1,
T27,1553605632_1,
T27,1553605865_1,
T27,1553606186_1,
T27,1553606735_1,
T27,1553606966_1,
T27,1553607287_1,
T27,1553607513_1,
T27,1553607834_1,
T27,1553608387_1,
T27,1553608858_1,
T27,1553610291_1,
T27,1553610639_1,
T27,1553610999_1,
T27,1553611347_1,
T27,1553611707_1,
T27,1553613238_1,
T27,1553617708_1,
T27,1553619096_1,
T27,1553620483_1,
T27,1553621870_1,
T27,1553623257_1,
T27,1553624644_1,
T27,1553626031_1,
T27,1553627461_1,
T27,1553629628_1,
T27,1553631864_1,
T27,1553634031_1,
T28,1554884559_1,
T28,1554886359_1,
T28,1554886804_1,
T28,1554887249_1,
T28,1554887694_1,
T28,1554888139_1,
T28,1554888583_1,
T28,1554889028_1,
T28,1554889473_1,
T28,1554889918_1,
T28,1554890362_1,
T28,1554899587_1,
T28,1554900298_1,
T28,1554901098_1,
T28,1554901898_1,
T28,1554902698_1,
T28,1554903497_1,
T28,1554904483_1,
T28,1554905469_1,
T28,1554906819_1,
T28,1554908117_1,
T28,1554909415_1,
T28,1554913249_1,
T28,1554914553_1,
T28,1554915827_1,
T28,1554918405_1,
T28,1554953950_1,
T28,1554954689_1,
T28,1554956801_1,
T28,1554961541_1,
T28,1554961810_1,
T28,1554964131_1,
T28,1554964400_1,
T28,1554965241_1,
T28,1554965510_1,
T28,1554965611_1,
T28,1554965880_1,
T28,1554965981_1,
T28,1554966250_1,
T28,1554966351_1,
T28,1554966620_1,
T28,1554966721_1,
T28,1554966990_1,
T28,1554967091_1,
T28,1554967360_1,
T28,1554967430_1,
T28,1554967724_1,
T28,1554967784_1,
T28,1554968082_1,
T28,1554968128_1,
T28,1554968422_1,
T28,1554968463_1,
T28,1554968568_1,
T28,1554968866_1,
T28,1554968913_1,
T28,1554969212_3,
T28,1554969270_1,
T28,1554969567_1,
T28,1554969620_1,
T28,1554969908_1,
T28,1554969949_1,
T28,1554969990_1,
T28,1554970060_1,
T28,1554970778_1,
T28,1554973020_1,
T28,1554975535_1,
T28,1554976706_1,
T28,1554977921_1,
T28,1554978214_1,
T28,1554978520_1,
T28,1554978794_1,
T28,1554979068_1,
T28,1554979342_1,
T28,1554981042_1,
T28,1554984429_1,
T29,1556264567_1,
T29,1556266206_1,
T29,1556269609_1,
T29,1556272348_1,
T29,1556273926_1,
T29,1556275577_1,
T29,1556277192_1,
T29,1556282813_1,
T29,1556284246_1,
T29,1556284421_1,
T29,1556284596_1,
T29,1556284770_1,
T29,1556284945_1,
T29,1556285119_1,
T29,1556285294_1,
T29,1556285469_1,
T29,1556285650_1,
T29,1556285742_1,
T29,1556285833_1,
T29,1556285924_1,
T29,1556286015_1,
T29,1556286107_1,
T29,1556286198_1,
T29,1556286289_1,
T29,1556286385_1,
T29,1556286477_1,
T29,1556286568_1,
T29,1556286659_1,
T29,1556286750_1,
T29,1556286842_1,
T29,1556286933_1,
T29,1556287024_1,
T29,1556287120_1,
T29,1556288508_1,
T29,1556289895_1,
T29,1556292669_1,
T29,1556294056_1,
T29,1556295443_1,
T29,1556296831_1,
T29,1556335256_1,
T29,1556335734_1,
T29,1556336211_1,
T29,1556336688_1,
T29,1556337647_1,
T29,1556337919_1,
T29,1556338191_1,
T29,1556338463_1,
T29,1556338735_1,
T29,1556339007_1,
T29,1556339279_1,
T29,1556339551_1,
T29,1556340057_1,
T29,1556340329_1,
T29,1556340601_1,
T29,1556340873_1,
T29,1556341145_1,
T29,1556341417_1,
T29,1556341689_1,
T29,1556341961_1,
T29,1556342477_1,
T29,1556342774_1,
T29,1556343071_1,
T29,1556343367_1,
T29,1556343664_1,
T29,1556343961_1,
T29,1556344554_1,
T29,1556345608_1,
T29,1556345646_1,
T29,1556345789_1,
T29,1556345946_1,
T29,1556345973_1,
T29,1556346028_1,
T29,1556346171_1,
T29,1556349500_1,
T29,1556351945_1,
T29,1556352585_1,
T29,1556354808_1,
T29,1556356057_1,
T29,1556357101_1,
T29,1556357463_1,
T29,1556357827_1,
T29,1556358204_1,
T29,1556358570_1,
T29,1556358937_1,
T29,1556359295_1,
T29,1556359661_1,
T29,1556360043_1,
T29,1556360413_1,
T29,1556360786_1,
T29,1556361164_1,
T29,1556361534_1,
T29,1556361967_1,
T29,1556362331_1,
T29,1556362703_1,
T29,1556363447_1,
T29,1556364272_1,
T29,1556365097_1,
T29,1556365738_1,
T29,1556365936_1,
T29,1556366134_1,
T29,1556366332_1,
T29,1556367184_1,
T29,1556368274_1,
T29,1556368862_1,
T29,1556368903_1,
T29,1556368944_1,
T29,1556368985_1,
T29,1556369026_1,
T30,1557647101_1,
T30,1557648998_1,
T30,1557649385_1,
T30,1557651539_1,
T30,1557651987_1,
T30,1557654205_1,
T30,1557654761_1,
T30,1557657624_1,
T30,1557658342_1,
T30,1557659775_1,
T30,1557660493_1,
T30,1557660675_1,
T30,1557660857_1,
T30,1557661039_1,
T30,1557661221_1,
T30,1557661517_1,
T30,1557661709_1,
T30,1557661919_1,
T30,1557661956_1,
T30,1557664503_1,
T30,1557664711_1,
T30,1557664938_1,
T30,1557713495_1,
T30,1557713605_1,
T30,1557713993_1,
T30,1557714097_1,
T30,1557714479_1,
T30,1557714579_1,
T30,1557714961_1,
T30,1557715583_1,
T30,1557716085_1,
T30,1557716587_1,
T30,1557716969_1,
T30,1557717079_1,
T30,1557717467_1,
T30,1557717561_1,
T30,1557717943_1,
T30,1557717995_1,
T30,1557718093_1,
T30,1557718480_1,
T30,1557718595_1,
T30,1557718977_1,
T30,1557719087_1,
T30,1557719469_1,
T30,1557719569_1,
T30,1557719951_1,
T30,1557720061_1,
T30,1557720443_1,
T30,1557720553_1,
T30,1557720935_1,
T30,1557721065_1,
T30,1557721447_1,
T30,1557721567_1,
T30,1557721949_1,
T30,1557722079_1,
T30,1557722461_1,
T30,1557722561_1,
T30,1557722963_1,
T30,1557723053_1,
T30,1557723455_1,
T30,1557723555_1,
T30,1557723957_1,
T30,1557724037_1,
T30,1557724439_1,
T30,1557724484_1,
T30,1557724529_1,
T30,1557724574_1,
T30,1557724657_1,
T30,1557724855_1,
T30,1557726154_1,
T30,1557727105_1,
T30,1557727879_1,
T30,1557728691_1,
T30,1557728743_1,
T30,1557728798_1,
T30,1557728850_1,
T30,1557728938_1,
T30,1557729835_1,
T30,1557730286_1,
T30,1557730736_1,
T30,1557733435_1,
T30,1557733796_1,
T30,1557734167_1,
T30,1557734558_1,
T30,1557734920_1,
T30,1557735282_1,
T30,1557735664_1,
T30,1557736046_1,
T30,1557736398_1,
T30,1557736760_1,
T30,1557737132_1,
T30,1557737514_1,
T30,1557737886_1,
T30,1557738258_1,
T30,1557738640_1,
T30,1557739012_1,
T30,1557739454_1,
T30,1557739816_1,
T30,1557740188_1,
T30,1557740701_1,
T30,1557742689_1,
T30,1557743065_1,
T30,1557743780_1,
T30,1557744355_1,
T30,1557744760_1,
T30,1557744895_1,
T30,1557745570_1,
T30,1557745705_1,
T30,1557745840_1,
T30,1557746650_1,
T30,1557746785_1,
T30,1557746920_1,
T30,1557747055_1,
T30,1557747190_1,
T30,1557747325_1,
T30,1557747460_1,
T30,1557747595_1,
T31,1559021751_1,
T31,1559022666_1,
T31,1559023580_1,
T31,1559024538_1,
T31,1559024608_1,
T31,1559024678_1,
T31,1559024761_1,
T31,1559025648_1,
T31,1559026535_1,
T31,1559028487_1,
T31,1559029611_1,
T31,1559030734_1,
T31,1559031857_1,
T31,1559033240_1,
T31,1559033454_1,
T31,1559035622_1,
T31,1559036162_1,
T31,1559039025_1,
T31,1559039560_1,
T31,1559041320_1,
T31,1559042200_1,
T31,1559043080_1,
T31,1559043960_1,
T31,1559044840_1,
T31,1559045720_1,
T31,1559046600_1,
T31,1559047480_1,
T31,1559048360_1,
T31,1559049240_1,
T31,1559050120_1,
T31,1559051000_1,
T31,1559051880_1,
T31,1559052760_1,
T31,1559053590_1,
T31,1559077842_1,
T31,1559080178_1,
T31,1559081148_1,
T31,1559081653_1,
T31,1559082151_1,
T31,1559083148_1,
T31,1559084150_1,
T31,1559085140_1,
T31,1559085500_1,
T31,1559089941_1,
T31,1559090660_1,
T31,1559091379_1,
T31,1559092048_1,
T31,1559092587_1,
T31,1559093543_1,
T31,1559100372_1,
T31,1559100738_1,
T31,1559101179_1,
T31,1559101620_1,
T31,1559102061_1,
T31,1559103132_1,
T31,1559103492_1,
T32,1560403744_1,
T32,1560408214_1,
T32,1560411077_1,
T32,1560412510_1,
T32,1560413943_1,
T32,1560415376_1,
T32,1560416094_1,
T32,1560416812_1,
T32,1560469931_1,
T32,1560470761_1,
T32,1560472328_1,
T32,1560478840_1,
T32,1560479246_1,
T32,1560479790_1,
T32,1560480315_1,
T32,1560480852_1,
T32,1560481335_1,
T32,1560481871_1,
T32,1560489660_1,
T32,1560490087_1,
T32,1560490501_1,
T32,1560490864_1,
T32,1560491273_1,
T32,1560491635_1,
T32,1560492039_1,
T32,1560492415_1,
T32,1560492819_1,
T32,1560493186_1,
T32,1560493557_1,
T32,1560493956_1,
T32,1560494325_1,
T32,1560494730_1,
T32,1560495116_1,
T32,1560495540_1,
T32,1560495950_1,
T32,1560496376_1,
T32,1560497005_1,
T32,1560498393_1,
T33,1561780452_1,
T33,1561784922_1,
T33,1561789763_1,
T33,1561791196_2,
T33,1561794268_1,
T33,1561794986_1,
T33,1561835855_1,
T33,1561836888_1,
T33,1561837008_1,
T33,1561837119_1,
T33,1561837604_1,
T33,1561838139_1,
T33,1561838614_1,
T33,1561839079_1,
T33,1561839498_1,
T33,1561839614_1,
T33,1561840129_1,
T33,1561840514_1,
T33,1561840624_1,
T33,1561841028_1,
T33,1561842018_1,
T33,1561842518_1,
T33,1561843068_1,
T33,1561843179_1,
T33,1561864449_1,
T33,1561870175_1,
T33,1561870535_1,
T33,1561872125_1,
T33,1561874988_1,
T33,1561877851_1,
T33,1561880529_1,
T33,1561884999_1,
T33,1561885717_1,
T33,1561886435_1,
T33,1561887153_1,
T33,1561887871_1,
T33,1561888589_1,
T33,1561889307_1,
T33,1561890025_1,
T33,1561890743_1,
T33,1561891461_1,
T33,1561892179_1,
T33,1561892897_1,
T33,1561893615_1,
T33,1561894333_1,
T33,1561895051_1,
T33,1561895769_1,
T33,1561896487_1,
T34,1563443213_1,
T34,1563443976_1,
T34,1563444819_1,
T34,1563445723_1,
T34,1563449254_1,
T34,1563450535_1,
T34,1563451816_1,
T34,1563454553_1,
T34,1563456134_1,
T34,1563457714_1,
T34,1563459381_1,
T34,1563460565_1,
T34,1563462232_1,
T34,1563464147_1,
T34,1563465919_1,
T34,1563474599_1,
T34,1563475397_1,
T34,1563475663_1,
T34,1563475929_1,
T34,1563477259_1,
T34,1563477525_1,
T34,1563478057_1,
T34,1563507496_1,
T34,1563516948_1,
T34,1563519268_1,
T34,1563520248_1,
T34,1563520739_1,
T34,1563522698_1,
T34,1563525638_1,
T34,1563526798_1,
T34,1563527287_1,
T34,1563527778_1,
T34,1563528268_1,
T34,1563530717_1,
T34,1563531783_1,
T34,1563536520_1,
T34,1563537805_1,
T34,1563539371_1,
T34,1563542603_1,
T34,1563544037_1,
T34,1563545413_1,
T34,1563546728_1,
T34,1563547105_1,
T34,1563547482_1,
T34,1563547883_1,
T34,1563547978_1,
T34,1563548072_1,
T34,1563548262_1,
T34,1563548356_1,
T34,1563548451_1,
T34,1563548545_1,
T34,1563548640_1,
T34,1563548734_1,
T34,1563548829_1,
T34,1563548923_1,
T35,1567204341_1,
T35,1567204602_1,
T35,1567204862_1,
T35,1567205122_1,
T35,1567205383_1,
T35,1567205903_1,
T35,1567206164_1,
T35,1567206424_1,
T35,1567206684_1,
T35,1567207172_1,
T35,1567207346_1,
T35,1567207520_1,
T35,1567207693_1,
T35,1567207867_1,
T35,1567208041_1,
T35,1567208214_1,
T35,1567208388_1,
T35,1567208562_1,
T35,1567208735_1,
T35,1567238865_1,
T35,1567252834_1,
T35,1567256382_1,
T35,1567257949_1,
T35,1567260982_1,
T35,1567261481_1,
T35,1567262569_1,
T35,1567263068_1,
T35,1567263557_1,
T35,1567264076_1,
T35,1567264565_1,
T35,1567266292_1,
T35,1567269485_1,
T35,1567272347_1,
T35,1567275209_1,
T35,1567276642_1,
T35,1567279214_1,
T36,1569964263_1,
T36,1569965128_1,
T36,1569966002_1,
T36,1569966844_1,
T36,1569967704_1,
T36,1569968564_1,
T36,1570012317_1,
T36,1570016613_1,
T36,1570018046_1,
T36,1570018764_1,
T36,1570019482_1,
T36,1570020200_1,
T36,1570020918_1,
T36,1570021278_1,
T36,1570021638_1,
T36,1570021820_1,
T36,1570022002_1,
T36,1570024289_1,
T36,1570024750_1,
T36,1570025581_1,
T36,1570025763_1,
T36,1570026779_1,
T36,1570029804_1,
T36,1570030522_1,
T36,1570031240_1,
T36,1570031958_1,
T36,1570033080_1,
T36,1570033140_1,
T36,1570033461_1,
T36,1570033591_1,
T36,1570033651_1,
T36,1570033972_1,
T36,1570034105_1,
T36,1570034156_1,
T36,1570034477_1,
T36,1570034600_1,
T36,1570035102_1,
T36,1570035602_1,
T36,1570036102_1,
T36,1570036153_1,
T36,1570036474_1,
T36,1570036604_1,
T36,1570037100_1,
T36,1570037618_1,
T36,1570037669_1,
T36,1570037990_1,
T36,1570038119_1,
T36,1570038170_1,
T36,1570038491_1,
T36,1570038615_1,
T36,1570038666_1,
T36,1570038987_1,
T36,1570039116_1,
T36,1570039167_1,
T36,1570039488_1,
T36,1570039669_1,
T36,1570039990_1,
T36,1570040078_1,
T36,1570040130_1,
T36,1570040181_1,
T37,1574084113_1,
T37,1574085164_1,
T37,1574086214_1,
T37,1574087881_1,
T37,1574089607_1,
T37,1574091861_1,
T37,1574094825_1,
T37,1574095016_1,
T37,1574095396_1,
T37,1574095595_1,
T37,1574095997_1,
T37,1574096186_1,
T37,1574096598_1,
T37,1574096792_1,
T37,1574097197_1,
T37,1574097394_1,
T37,1574097794_1,
T37,1574097988_1,
T37,1574098395_1,
T37,1574098599_1,
T37,1574098994_1,
T37,1574099189_1,
T37,1574099784_1,
T37,1574100196_1,
T37,1574100389_1,
T37,1574100796_1,
T37,1574100987_1,
T37,1574101397_1,
T37,1574101538_1,
T37,1574102004_1,
T37,1574102197_1,
T37,1574102599_1,
T37,1574102791_1,
T37,1574103194_1,
T37,1574103389_1,
T37,1574103794_1,
T37,1574103996_1,
T37,1574104396_1,
T37,1574104596_1,
T37,1574104991_1,
T37,1574105190_1,
T37,1574105591_1,
T37,1574105790_1,
T37,1574106195_1,
T37,1574127168_1,
T37,1574157912_1,
T37,1574160608_1,
T37,1574163471_1,
T37,1574166334_1,
T37,1574166873_1,
T37,1574168645_1,
T37,1574171508_1,
T37,1574174371_1,
T37,1574174910_1,
T37,1574199890_1,
T37,1574199993_1,
T37,1574200097_1,
T37,1574200200_1,
T37,1574200303_1,
T37,1574200406_1,
T37,1574200509_1,
T37,1574200612_1,
T37,1574200715_1,
T37,1574200818_1,
T37,1574200921_1,
T37,1574201024_1,
T37,1574201127_1,
T37,1574201230_1,
T37,1574201334_1,
T37,1574201437_1,
T37,1574201540_1,
T37,1574201643_1,
T37,1574203791_1,
T37,1574204074_1,
T37,1574204357_1,
T37,1574204640_1,
T37,1574204922_1,
T37,1574205205_1,
T37,1574205488_1,
T37,1574205771_1,
T37,1574206053_1,
T37,1574206336_3,
T37,1574206619_1,
T37,1574208033_1,
T37,1574208315_1,
T37,1574208598_1,
T38,1575457303_1,
T38,1575457951_1,
T38,1575458599_1,
T38,1575459246_1,
T38,1575459894_1,
T38,1575460574_1,
T38,1575461688_1,
T38,1575463987_1,
T38,1575464901_1,
T38,1575465815_1,
T38,1575466729_1,
T38,1575467643_1,
T38,1575468557_1,
T38,1575470611_1,
T38,1575471597_1,
T38,1575473256_1,
T38,1575474693_1,
T38,1575474971_1,
T38,1575476166_1,
T38,1575477113_1,
T38,1575477391_1,
T38,1575478308_1,
T38,1575478586_1,
T38,1575479523_1,
T38,1575479801_1,
T38,1575480718_1,
T38,1575480996_1,
T38,1575489371_1,
T38,1575497412_1,
T38,1575497612_1,
T38,1575498725_1,
T38,1575499818_1,
T38,1575500901_1,
T38,1575528930_1,
T38,1575529063_1,
T38,1575529196_1,
T38,1575529392_1,
T38,1575530188_1,
T38,1575531286_1,
T38,1575531442_1,
T38,1575531575_1,
T38,1575535843_1,
T38,1575539752_1,
T38,1575542892_1,
T38,1575546166_1,
T38,1575546756_1,
T38,1575547580_1,
T38,1575548167_1,
T38,1575548218_1,
T38,1575548648_1,
T38,1575548969_1,
T38,1575549126_1,
T38,1575549447_1,
T38,1575549580_1,
T38,1575549901_1,
T38,1575550068_1,
T38,1575550531_1,
T38,1575550582_1,
T38,1575550664_1,
T38,1575550715_1,
T38,1575550797_1,
T38,1575551033_1,
T38,1575551511_1,
T38,1575551839_1,
T38,1575551980_1,
T38,1575552301_1,
T38,1575552447_1,
T38,1575552768_1,
T38,1575552937_1,
T38,1575552988_1,
T38,1575553073_1,
T38,1575553206_1,
T38,1575553534_1,
T38,1575555182_1,
T38,1575557414_1,
T38,1575558541_1,
T39,1576834978_1,
T39,1576836637_1,
T39,1576836830_1,
T39,1576838809_1,
T39,1576840463_1,
T39,1576840791_1,
T39,1576842766_1,
T39,1576844420_1,
T39,1576844752_1,
T39,1576846406_1,
T39,1576846731_1,
T39,1576848747_1,
T39,1576850700_1,
T39,1576852084_1,
T39,1576852988_1,
T39,1576853187_1,
T39,1576853583_1,
T39,1576853781_1,
T39,1576854187_1,
T39,1576854387_1,
T39,1576854784_1,
T39,1576854982_1,
T39,1576855390_1,
T39,1576855581_1,
T39,1576855988_1,
T39,1576856182_1,
T39,1576856588_1,
T39,1576856783_1,
T39,1576857185_1,
T39,1576857987_1,
T39,1576858383_1,
T39,1576858585_1,
T39,1576859185_1,
T39,1576859594_1,
T39,1576860190_1,
T39,1576860376_1,
T39,1576860789_1,
T39,1576860972_1,
T39,1576861387_1,
T39,1576861590_1,
T39,1576861987_1,
T39,1576862217_1,
T39,1576862594_1,
T39,1576862789_1,
T39,1576863185_1,
T39,1576863379_1,
T39,1576863788_1,
T39,1576863981_1,
T39,1576864386_1,
T39,1576864583_1,
T39,1576864984_1,
T39,1576865184_1,
T39,1576905125_1,
T39,1576906512_1,
T39,1576908107_1,
T39,1576909494_1,
T39,1576911089_1,
T39,1576912476_1,
T39,1576914071_1,
T39,1576915458_1,
T39,1576920377_1,
T39,1576925017_1,
T39,1576925958_1,
T39,1576928843_1,
T39,1576929336_1,
T39,1576929797_1,
T39,1576930287_1,
T39,1576931191_1,
T39,1576931880_1,
T39,1576933400_1,
T39,1576940878_1,
T39,1576942698_1,
T39,1576943253_1,
T39,1576943807_1,
T39,1576944362_1,
T39,1576944916_1,
T39,1576945471_1,
T39,1576946026_1,
T39,1576946607_1,
T39,1576947474_1,
T39,1576948384_1,
T39,1576949251_1,
T39,1576950161_1,
T39,1576951981_1,
T39,1576952536_1,
T39,1576953090_1,
T39,1576953645_1,
T39,1576954199_1,
T39,1576954754_1,
T39,1576955309_1,
T39,1576955890_1,
T39,1576956757_1,
T39,1576957667_1,
T39,1576958534_1,
T39,1576959444_1,
T39,1576961264_1,
T39,1576961819_1,
T39,1576962373_1,
T39,1576962928_1,
T39,1576963482_1,
T39,1576964037_1,
T39,1576964592_1,
T39,1576965173_1,
T39,1576966040_1,
T39,1576966950_1,
T39,1576967817_1,
T39,1576968727_1,
T39,1576969594_1,
T39,1576970504_1,
T39,1576971122_1,
T40,1578215310_1,
T40,1578216697_1,
T40,1578218084_1,
T40,1578220858_1,
T40,1578222245_1,
T40,1578223633_1,
T40,1578225992_1,
T40,1578227638_1,
T40,1578229771_1,
T40,1578230562_1,
T40,1578232498_1,
T40,1578233583_1,
T40,1578234371_1,
T40,1578235460_1,
T40,1578236274_1,
T40,1578237398_1,
T40,1578238177_1,
T40,1578239277_1,
T40,1578240129_1,
T40,1578254992_1,
T40,1578255565_1,
T40,1578256318_1,
T40,1578256891_1,
T40,1578257470_1,
T40,1578275924_1,
T40,1578280237_1,
T40,1578281883_1,
T40,1578283552_1,
T40,1578285227_1,
T40,1578290814_1,
T40,1578291419_1,
T40,1578292004_1,
T40,1578293252_1,
T40,1578295834_1,
T40,1578298250_1,
T40,1578300664_1,
T40,1578301122_1,
T40,1578301579_1,
T40,1578304111_1,
T40,1578306527_1,
T40,1578308941_1,
T40,1578309399_1,
T40,1578309856_1,
T40,1578339582_1,
T40,1578340729_1,
T40,1578343592_1,
T40,1578346661_1,
T41,1582291619_1,
T41,1582292347_1,
T41,1582293557_1,
T41,1582294285_1,
T41,1582296435_1,
T41,1582297163_1,
T41,1582298188_1,
T41,1582298916_1,
T41,1582300836_1,
T41,1582301564_1,
T41,1582302654_1,
T41,1582303382_1,
T41,1582305437_1,
T41,1582306165_1,
T41,1582349045_1,
T41,1582349836_1,
T41,1582350626_1,
T41,1582351417_1,
T41,1582352207_1,
T41,1582353090_1,
T41,1582353574_1,
T41,1582354315_1,
T41,1582355056_1,
T41,1582355797_1,
T41,1582356538_1,
T41,1582359428_1,
T41,1582360861_1,
T41,1582362841_1,
T41,1582364216_1,
T41,1582365591_1,
T41,1582366966_1,
T41,1582368455_1,
T41,1582369063_1,
T41,1582369893_1,
T41,1582371310_1,
T41,1582372578_1,
T41,1582412552_1,
T41,1582413430_1,
T41,1582413916_1,
T41,1582414402_1,
T41,1582415374_1,
T41,1582415860_1,
T41,1582416346_1,
T41,1582416832_1,
T41,1582417318_1,
T41,1582417804_1,
T41,1582418247_1,
T41,1582418732_1,
T41,1582419217_1,
T41,1582419702_1,
T41,1582420187_1,
T41,1582420672_1,
T41,1582421157_1,
T41,1582422127_1,
T41,1582422612_1,
T41,1582423081_1,
T41,1582423566_1,
T41,1582424051_1,
T41,1582424536_1,
T41,1582425021_1,
T41,1582425506_1,
T41,1582426383_1,
T41,1582428578_1,
T41,1582431088_1,
T41,1582436049_1,
T41,1582436530_1,
T41,1582437012_1,
T41,1582437498_1,
T41,1582437979_1,
T41,1582439427_1,
T41,1582440378_1,
T41,1582441282_1,
T41,1582442140_1,
T41,1582442492_1,
T41,1582442973_1,
T41,1582444145_1,
T42,1585104805_1,
T42,1585106459_1,
T42,1585108387_1,
T42,1585110041_1,
T42,1585110370_1,
T42,1585110681_1,
T42,1585112593_1,
T42,1585114657_1,
T42,1585115691_1,
T42,1585117933_1,
T42,1585121136_1,
T42,1585124219_1,
T42,1585125820_1,
T42,1585127422_1,
T42,1585131449_1,
T42,1585131908_1,
T42,1585169183_1,
T42,1585169809_1,
T42,1585170242_1,
T42,1585170869_1,
T42,1585171301_1,
T42,1585171929_1,
T42,1585172360_1,
T42,1585172984_1,
T42,1585173423_1,
T42,1585174064_1,
T42,1585174480_1,
T42,1585175106_1,
T42,1585175542_1,
T42,1585176175_1,
T42,1585176604_1,
T42,1585177235_1,
T42,1585177689_1,
T42,1585181818_1,
T42,1585182689_1,
T42,1585183559_1,
T42,1585184948_1,
T42,1585185819_1,
T42,1585186689_1,
T42,1585190326_1,
T42,1585191792_1,
T42,1585194305_1,
T42,1585194626_1,
T42,1585194947_1,
T42,1585195639_1,
T42,1585195902_1,
T42,1585196165_1,
T42,1585196428_1,
T42,1585196691_1,
T42,1585196955_1,
T42,1585197837_1,
T42,1585199229_1,
T42,1585201049_1,
T42,1585201604_1,
T42,1585202158_1,
T42,1585202713_1,
T42,1585203267_1,
T42,1585203822_1,
T42,1585204377_1,
T42,1585204958_1,
T42,1585205825_1,
T42,1585206735_1,
T42,1585207602_1,
T42,1585208512_1,
T42,1585210332_1,
T42,1585210887_1,
T42,1585211441_1,
T42,1585211996_1,
T42,1585212550_1,
T42,1585213105_1,
T42,1585213660_1,
T42,1585214241_1,
T42,1585215108_1,
T42,1585216018_1,
T42,1585216885_1,
T42,1585217795_1,
T42,1585219615_1,
T42,1585220170_1,
T42,1585221279_1,
T42,1585221833_1,
T42,1585222388_1,
T42,1585222943_1,
T42,1585223524_1,
T42,1585224391_1,
T42,1585225301_1,
T42,1585226168_1,
T42,1585227078_1,
T42,1585227945_1,
T42,1585228855_1,
T42,1585229722_1,
T42,1585230632_1,
T42,1585231499_1,
T42,1585232409_1,
T42,1585233276_1,
T42,1585234186_1,
T42,1585235053_1,
T42,1585235963_1,
T42,1585236581_1,
T43,1589241288_1,
T43,1589242399_1,
T43,1589244118_1,
T43,1589245790_1,
T43,1589246705_1,
T43,1589247195_1,
T43,1589248458_1,
T43,1589251143_1,
T43,1589252235_1,
T43,1589252557_1,
T43,1589259395_1,
T43,1589299348_1,
T43,1589299843_1,
T43,1589300664_1,
T43,1589303855_1,
T43,1589304684_1,
T43,1589305285_1,
T43,1589306862_1,
T43,1589307721_1,
T43,1589308240_1,
T43,1589309895_1,
T43,1589310727_1,
T43,1589312529_1,
T43,1589313442_1,
T43,1589313803_1,
T43,1589316689_1,
T43,1589318141_1,
T43,1589318874_1,
T43,1589319249_1,
T43,1589320953_1,
T43,1589321712_1,
T43,1589322036_1,
T43,1589323146_1,
T43,1589323706_1,
T43,1589323991_1,
T43,1589326183_1,
T43,1589327348_1,
T43,1589328501_1,
T44,1590599073_1,
T44,1590600246_1,
T44,1590600542_1,
T44,1590600815_1,
T44,1590601988_1,
T44,1590610692_1,
T44,1590613853_1,
T44,1590615520_1,
T44,1590616570_1,
T44,1590618237_1,
T44,1590619963_1,
T44,1590621482_1,
T44,1590689081_1,
T44,1590689557_1,
T44,1590692461_1,
T44,1590692971_1,
T44,1590695208_1,
T44,1590696197_1,
T44,1590698069_1,
T44,1590698539_1,
T44,1590699047_1,
T44,1590699969_1,
T44,1590700938_1,
T44,1590704626_1,
T44,1590704890_1,
T44,1590707892_1,
T44,1590709712_1,
T44,1590710267_1,
T44,1590710821_1,
T44,1590711376_1,
T44,1590711930_1,
T44,1590712485_1,
T44,1590713040_1,
T44,1590726460_1,
T44,1590728280_1,
T44,1590729389_1,
T44,1590729944_1,
T44,1590731053_1,
T44,1590731608_1,
T44,1590732189_1,
T44,1590733056_1,
T44,1590733966_1,
T44,1590734833_1,
T44,1590735743_1,
T44,1590737563_1,
T44,1590738118_1,
T44,1590738672_1,
T44,1590739227_1,
T44,1590739781_1,
T44,1590740336_1,
T44,1590740891_1,
T44,1590741472_1,
T44,1590742339_1,
T44,1590743249_1,
T44,1590744116_1,
T44,1590745026_1,
T44,1590746846_1,
T44,1590747401_1,
T44,1590747955_1,
T44,1590748510_1,
T44,1590749619_1,
T44,1590750174_1,
T44,1590750755_1,
T44,1590752532_1,
T44,1590753399_1,
T46,1604374743_1,
T46,1604375102_1,
T46,1604375466_1,
T46,1604376575_1,
T46,1604377740_1,
T46,1604378295_1,
T46,1604383050_1,
T46,1604383660_1,
T46,1604384417_1,
T46,1604385748_1,
T46,1604393413_1,
T46,1604393836_1,
T46,1604394976_1,
T46,1604396202_1,
T46,1604396814_1,
T46,1604397426_1,
T46,1604398038_1,
T46,1604398650_1,
T46,1604401110_1,
T46,1604401722_1,
T46,1604402334_1,
T46,1604402946_1,
T46,1604403558_1,
T46,1604404170_1,
T46,1604404782_1,
T46,1604405394_1,
T46,1604406006_1,
T46,1604406618_1,
T46,1604407161_1,
T46,1604408422_1,
T46,1604413373_1,
T46,1604414186_1,
T46,1604459790_1,
T46,1604461178_1,
T46,1604464750_1,
T46,1604465265_1,
T46,1604465781_1,
T46,1604466296_1,
T46,1604466811_1,
T46,1604467326_1,
T46,1604467989_1,
T46,1604468842_1,
T46,1604469695_1,
T46,1604470548_1,
T46,1604474080_1,
T46,1604474475_1,
T46,1604475871_1,
T46,1604480080_1,
T46,1604480392_1,
T46,1604480705_1,
T46,1604481065_1,
T46,1604482274_1,
T47,1605729686_1,
T47,1605729832_1,
T47,1605731599_1,
T47,1605731745_1,
T47,1605733512_1,
T47,1605733658_1,
T47,1605735425_1,
T47,1605735571_1,
T47,1605737338_1,
T47,1605737484_1,
T47,1605739251_1,
T47,1605739397_1,
T47,1605741164_1,
T47,1605741310_1,
T47,1605743077_1,
T47,1605743223_1,
T47,1605748870_1,
T47,1605749181_1,
T47,1605751829_1,
T47,1605754788_1,
T47,1605755099_1,
T47,1605760816_1,
T47,1605761127_1,
T47,1605764459_1,
T47,1605764772_1,
T47,1605766840_1,
T47,1605767300_1,
T47,1605769138_1,
T47,1605771444_1,
T47,1605771934_1,
T47,1605772424_1,
T47,1605772914_1,
T47,1605773404_1,
T47,1605773894_1,
T47,1605774384_1,
T47,1605774995_1,
T47,1605775535_1,
T47,1605778890_3,
T47,1605779430_3,
T47,1605782785_1,
T47,1605783325_1,
T47,1605785873_1,
T47,1605786675_1,
T47,1605788221_1,
T47,1605789262_1,
T47,1605808125_1,
T47,1605809088_1,
T47,1605810051_1,
T47,1605823095_1,
T47,1605824008_1,
T47,1605824920_1,
T47,1605826070_1,
T47,1605826983_1,
T47,1605827895_1,
T47,1605829045_1,
T47,1605829958_1,
T47,1605830870_1,
T47,1605832020_1,
T47,1605832933_1,
T47,1605833845_1,
T47,1605836285_1,
T47,1605841226_1,
T47,1605842159_1,
T47,1605844026_1,
T47,1605844960_1,
T47,1605845893_1,
T47,1605846827_1,
T47,1605847760_1,
T47,1605850665_1,
T47,1605852059_1,
T47,1605854385_1,
T47,1605854499_1,
T47,1605854612_1,
T47,1605854725_1,
T47,1605860377_1,
T47,1605860491_1,
T47,1605860604_1,
T47,1605860717_1,
T48,1607109817_1,
T48,1607110396_1,
T48,1607113263_1,
T48,1607113842_1,
T48,1607116709_1,
T48,1607117288_1,
T48,1607122045_1,
T48,1607122928_1,
T48,1607126201_1,
T48,1607127084_1,
T48,1607131765_1,
T48,1607132180_1,
T48,1607135533_1,
T48,1607135957_1,
T48,1607136513_1,
T48,1607137621_1,
T48,1607139836_1,
T48,1607140260_1,
T48,1607140816_1,
T48,1607141924_1,
T48,1607144139_1,
T48,1607144568_1,
T48,1607148709_1,
T48,1607149191_1,
T48,1607149673_1,
T48,1607150155_1,
T48,1607150637_1,
T48,1607151119_1,
T48,1607151601_1,
T48,1607153047_1,
T48,1607153529_1,
T48,1607154011_1,
T48,1607155944_1,
T48,1607156426_1,
T48,1607156908_1,
T48,1607157390_1,
T48,1607157872_1,
T48,1607158354_1,
T48,1607158836_1,
T48,1607167450_1,
T48,1607170413_1,
T48,1607171122_1,
T48,1607171831_1,
T48,1607172540_1,
T48,1607184472_1,
T48,1607185501_1,
T48,1607186550_1,
T48,1607187589_1,
T49,1608488953_1,
T49,1608489187_1,
T49,1608489421_1,
T49,1608489655_1,
T49,1608489890_1,
T49,1608490124_1,
T49,1608490358_1,
T49,1608490593_1,
T49,1608491081_1,
T49,1608491345_1,
T49,1608491609_1,
T49,1608491872_1,
T49,1608492136_1,
T49,1608492399_1,
T49,1608492663_1,
T49,1608492927_1,
T49,1608493190_1,
T49,1608495483_1,
T49,1608495718_1,
T49,1608495952_1,
T49,1608496186_1,
T49,1608496420_1,
T49,1608496655_1,
T49,1608496889_1,
T49,1608497123_1,
T49,1608497642_1,
T49,1608497906_1,
T49,1608498170_1,
T49,1608498433_1,
T49,1608498697_1,
T49,1608498960_1,
T49,1608499224_1,
T49,1608499488_1,
T49,1608499751_1,
T49,1608502015_1,
T49,1608502278_1,
T49,1608502542_1,
T49,1608502806_1,
T49,1608503069_1,
T49,1608503333_1,
T49,1608503596_1,
T49,1608504167_1,
T49,1608504431_1,
T49,1608504695_1,
T49,1608504958_1,
T49,1608505222_1,
T49,1608505485_1,
T49,1608505749_1,
T49,1608506013_1,
T49,1608506276_1,
T49,1608506540_1,
T49,1608506803_1,
T49,1608508269_1,
T49,1608508533_1,
T49,1608508796_1,
T49,1608509060_1,
T49,1608509324_1,
T49,1608509587_1,
T49,1608509851_1,
T49,1608510114_1,
T49,1608513034_1,
T49,1608513448_1,
T49,1608514273_1,
T49,1608516059_1,
T49,1608516620_1,
T49,1608517736_1,
T49,1608520011_1,
T49,1608520735_1,
T49,1608522175_1,
T49,1608525964_1,
T49,1608526446_1,
T49,1608526928_1,
T49,1608527410_1,
T49,1608527892_1,
T49,1608528374_1,
T49,1608528856_1,
T49,1608529338_1,
T49,1608529820_1,
T49,1608530302_1,
T49,1608534177_1,
T49,1608534659_1,
T49,1608535623_1,
T49,1608536105_1,
T49,1608536587_1,
T49,1608537069_1,
T49,1608541325_1,
T49,1608547514_1,
T49,1608548283_1,
T49,1608549052_1,
T49,1608549821_1,
T50,1612624343_1,
T50,1612624537_1,
T50,1612627104_1,
T50,1612627298_1,
T50,1612631090_1,
T50,1612631377_1,
T50,1612634465_1,
T50,1612634787_1,
T50,1612637858_1,
T50,1612638180_1,
T50,1612641617_1,
T50,1612644927_1,
T50,1612645342_1,
T50,1612646996_1,
T50,1612647411_1,
T50,1612649065_1,
T50,1612649480_1,
T50,1612651134_1,
T50,1612651616_1,
T50,1612653547_1,
T50,1612658324_1,
T50,1612658738_1,
T50,1612661038_1,
T50,1612661452_1,
T50,1612663752_1,
T50,1612664166_1,
T50,1612666466_1,
T50,1612666880_1,
T50,1612723424_1,
T50,1612723838_1,
T50,1612725134_1,
T50,1612737077_1,
T50,1612737492_1,
T50,1612738218_1,
T51,1616773308_1,
T51,1616773806_1,
T51,1616774289_1,
T51,1616774785_1,
T51,1616775264_1,
T51,1616775760_1,
T51,1616776240_1,
T51,1616776725_1,
T51,1616777220_1,
T51,1616777715_1,
T51,1616781512_1,
T51,1616781927_1,
T51,1616784251_1,
T51,1616784807_1,
T51,1616787365_1,
T51,1616787921_1,
T51,1616790342_1,
T51,1616790805_1,
T51,1616791282_1,
T51,1616791783_1,
T51,1616792272_1,
T51,1616792753_1,
T51,1616793238_1,
T51,1616793738_1,
T51,1616794731_1,
T51,1616795204_1,
T51,1616795691_1,
T51,1616796190_1,
T51,1616796679_1,
T51,1616797173_1,
T51,1616800551_1,
T51,1616802017_1,
T52,1617560417_1,
T52,1617560556_1,
T52,1617560625_1,
T52,1617560695_1,
T52,1617560764_1,
T52,1617560833_1,
T52,1617560903_1,
T52,1617560972_1,
T52,1617561041_1,
T52,1617561111_1,
T52,1617561180_1,
T52,1617561249_1,
T52,1617561319_1,
T52,1617561388_1,
T52,1617561457_1,
T52,1617561527_1,
T52,1617561596_1,
T52,1617561665_1,
T52,1617561734_1,
T52,1617561804_1,
T52,1617561873_1,
T52,1617561942_1,
T52,1617562012_1,
T52,1617562081_1,
T52,1617562150_1,
T52,1617562220_1,
T52,1617562289_1,
T52,1617562428_1,
T52,1617562497_1,
T52,1617562566_1,
T52,1617562636_1,
T52,1617562705_1,
T52,1617562774_1,
T52,1617562844_1,
T52,1617563276_1,
T52,1617563346_1,
T52,1617563415_1,
T52,1617563484_1,
T52,1617563554_1,
T52,1617563623_1,
T52,1617563692_1,
T52,1617563762_1,
T52,1617563831_1,
T52,1617563900_1,
T52,1617564039_1,
T52,1617564108_1,
T52,1617564178_1,
T52,1617564247_1,
T52,1617564316_1,
T52,1617564386_1,
T52,1617564455_1,
T52,1617564524_1,
T52,1617564593_1,
T52,1617564663_1,
T52,1617564732_1,
T52,1617564801_1,
T52,1617564871_1,
T52,1617564940_1,
T52,1617565009_1,
T52,1617565079_1,
T52,1617565148_1,
T52,1617565217_1,
T52,1617565287_1,
T52,1617565356_1,
T52,1617565425_1,
T52,1617565495_1,
T52,1617565564_1,
T52,1617565633_1,
T52,1617565703_1,
T52,1617566075_1,
T52,1617566144_1,
T52,1617566213_1,
T52,1617566352_1,
T52,1617566421_1,
T52,1617566491_1,
T52,1617566560_1,
T52,1617566629_1,
T52,1617566699_1,
T52,1617566768_1,
T52,1617566837_1,
T52,1617566907_1,
T52,1617566976_1,
T52,1617567045_1,
T52,1617567115_1,
T52,1617567184_1,
T52,1617567253_1,
T52,1617567322_1,
T52,1617567392_1,
T52,1617567461_1,
T52,1617567530_1,
T52,1617567600_1,
T52,1617567738_1,
T52,1617567877_1,
T52,1617567946_1,
T52,1617568016_1,
T52,1617568085_1,
T52,1617568154_1,
T52,1617568224_1,
T52,1617568293_1,
T52,1617568362_1,
T52,1617568432_1,
T52,1617568764_1,
T52,1617568834_1,
T52,1617568903_1,
T52,1617568972_1,
T52,1617569042_1,
T52,1617569111_1,
T52,1617569180_1,
T52,1617569250_1,
T52,1617569319_1,
T52,1617569388_1,
T52,1617569458_1,
T52,1617569527_1,
T52,1617569596_1,
T52,1617569666_1,
T52,1617569735_1,
T52,1617569804_1,
T52,1617569874_1,
T52,1617569943_1,
T52,1617570012_1,
T52,1617570081_1,
T52,1617570151_1,
T52,1617570220_1,
T52,1617570289_1,
T52,1617570359_1,
T52,1617570428_1,
T52,1617570497_1,
T52,1617570567_1,
T52,1617570636_1,
T52,1617570705_1,
T52,1617570775_1,
T52,1617570844_1,
T52,1617570913_1,
T52,1617570983_1,
T52,1617571052_1,
T52,1617571121_1,
T53,1618902286_1,
T53,1618903004_1,
T53,1618905967_1,
T53,1618909548_1,
T53,1618910266_1,
T53,1618911186_1,
T53,1618911656_1,
T53,1618912074_1,
T53,1618912496_1,
T53,1618913086_1,
T53,1618913804_1,
T53,1618918057_1,
T53,1618918613_1,
T53,1618922031_1,
T53,1618922587_1,
T53,1618926205_1,
T53,1618926630_1,
T53,1618935645_1,
T53,1618935729_1,
T53,1618935813_1,
T53,1618935896_1,
T53,1618935980_1,
T53,1618936064_1,
T54,1620205127_1,
T54,1620205217_1,
T54,1620205306_1,
T54,1620205396_1,
T54,1620205485_1,
T54,1620205575_1,
T54,1620205664_1,
T54,1620205754_1,
T54,1620205843_1,
T54,1620208756_1,
T54,1620208879_1,
T54,1620209002_1,
T54,1620209125_1,
T54,1620209248_1,
T54,1620209371_1,
T54,1620209494_1,
T54,1620209617_1,
T54,1620211195_1,
T54,1620211329_1,
T54,1620211463_1,
T54,1620211597_1,
T54,1620211731_1,
T54,1620211865_1,
T54,1620212000_1,
T54,1620212134_3,
T54,1620212369_1,
T54,1620212504_1,
T54,1620212638_1,
T54,1620212772_1,
T54,1620212906_1,
T54,1620213040_1,
T54,1620213174_1,
T54,1620213308_1,
T54,1620215999_1,
T54,1620216134_1,
T54,1620216268_1,
T54,1620216402_1,
T54,1620216536_1,
T54,1620216670_1,
T54,1620216804_1,
T54,1620216938_1,
T54,1620217073_1,
T54,1620220372_1,
T54,1620220489_1,
T54,1620220607_1,
T54,1620221838_1,
T54,1620223271_1,
T54,1620224704_1,
T54,1620225669_1,
T54,1620226824_1,
T54,1620227972_1,
T54,1620229121_1,
T54,1620230271_1,
T54,1620232574_1,
T54,1620233719_1,
T54,1620240489_1,
T54,1620240624_1,
T54,1620246533_3,
T54,1620246667_3,
T54,1620246801_1,
T54,1620246935_1,
T54,1620247070_1,
T54,1620247204_1,
T54,1620247473_1,
T54,1620247607_1,
T54,1620247741_1,
T54,1620247876_1,
T54,1620249688_1,
T54,1620250504_1,
T54,1620251313_1,
T54,1620253547_1,
T54,1620253580_1,
T54,1620253612_1,
T54,1620253645_1,
T54,1620255270_1,
T54,1620255303_1,
T54,1620255335_1,
T54,1620256112_1,
T54,1620256145_1,
T54,1620284285_1,
T54,1620284464_1,
T54,1620284643_1,
T54,1620284822_1,
T54,1620285001_1,
T54,1620285179_1,
T54,1620285358_1,
T54,1620285537_1,
T54,1620285716_1,
T54,1620285895_1,
T54,1620286074_1,
T54,1620286252_1,
T54,1620286431_1,
T54,1620286756_1,
T54,1620292167_1,
T54,1620292711_1,
T54,1620295181_1,
T54,1620295725_1,
T54,1620298305_1,
T54,1620298784_1,
T54,1620300996_1,
T54,1620301475_1,
T54,1620303717_1,
T54,1620304132_1,
T54,1620308397_1,
T54,1620308812_1,
T54,1620311466_1,
T54,1620311881_1,
T54,1620314655_1,
T54,1620314977_1,
T54,1620317258_1,
T54,1620317580_1,
T54,1620319861_1,
T54,1620320183_1,
T54,1620322514_1,
T54,1620322755_1,
T54,1620324711_1,
T54,1620324952_1,
T54,1620326908_1,
T54,1620327149_1,
T54,1620329105_1,
T54,1620329346_1,
T54,1620331302_1,
T54,1620331543_1,
T54,1620333509_1,
T54,1620333703_1,
T54,1620335470_1,
T54,1620335664_1,
T55,1621584319_1,
T55,1621584588_1,
T55,1621584722_1,
T55,1621584856_1,
T55,1621584990_1,
T55,1621585124_1,
T55,1621585258_1,
T55,1621585393_1,
T55,1621585527_1,
T55,1621585661_1,
T55,1621585795_1,
T55,1621585929_1,
T55,1621586063_1,
T55,1621586198_1,
T55,1621586332_1,
T55,1621586466_1,
T55,1621586600_1,
T55,1621586734_1,
T55,1621586868_1,
T55,1621587003_1,
T55,1621588541_1,
T55,1621588956_1,
T55,1621591360_1,
T55,1621591775_1,
T55,1621594289_1,
T55,1621594845_1,
T55,1621597813_1,
T55,1621598369_1,
T55,1621605186_1,
T55,1621605364_1,
T55,1621605543_1,
T55,1621605722_1,
T55,1621605901_1,
T55,1621606080_1,
T55,1621606259_1,
T55,1621606437_1,
T55,1621606616_1,
T55,1621606795_1,
T55,1621606974_1,
T55,1621607153_1,
T55,1621607332_1,
T55,1621607511_1,
T55,1621607689_1,
T55,1621607868_1,
T55,1621608047_1,
T55,1621608226_1,
T55,1621612876_1,
T55,1621613055_1,
T55,1621613234_1,
T55,1621613412_1,
T55,1621613591_1,
T55,1621613770_1,
T55,1621613949_1,
T55,1621614128_1,
T55,1621614307_1,
T55,1621614485_1,
T55,1621614664_1,
T55,1621614843_1,
T55,1621615022_1,
T55,1621615201_1,
T55,1621615380_1,
T55,1621615558_1,
T55,1621615737_1,
T55,1621615916_1,
T55,1621617647_1,
T55,1621618201_1,
T55,1621618755_1,
T55,1621624336_1,
T55,1621624614_1,
T55,1621624891_1,
T55,1621625168_1,
T55,1621625445_1,
T55,1621644061_1,
T55,1621644262_1,
T55,1621644464_1,
T55,1621644665_1,
T55,1621644866_1,
T55,1621645067_1,
T55,1621645268_1,
T55,1621645469_1,
T55,1621645670_1,
T55,1621645871_1,
T55,1621646072_1,
T55,1621646274_1,
T55,1621646475_1,
T55,1621654521_1,
T55,1621654959_1,
T55,1621657053_1,
T55,1621657491_1,
T55,1621659585_1,
T55,1621660023_1,
T55,1621662117_1,
T55,1621662555_1,
T55,1621664649_1,
T55,1621665087_1,
T55,1621669401_1,
T55,1621672634_3,
T55,1621673113_4,
T55,1621675495_1,
T55,1621675974_1,
T55,1621679095_1,
T55,1621679589_1,
T55,1621680090_1,
T55,1621680545_1,
T55,1621681009_1,
T55,1621681483_1,
T55,1621681989_1,
T55,1621682471_1,
T55,1621682945_1,
T55,1621683427_1,
T55,1621683904_1,
T55,1621690232_1,
T55,1621690333_1,
T55,1621690434_1,
T55,1621690534_1,
T55,1621690635_1,
T55,1621690736_1,
T55,1621690836_1,
T55,1621690937_1,
T55,1621691037_1,
T55,1621691138_1,
T55,1621691239_1,
T55,1621691339_1,
T55,1621691440_1,
T55,1621691541_1,
T55,1621691641_1,
T55,1621691742_1,
T55,1621691842_1,
T55,1621691943_1,
T55,1621692044_1,
T55,1621692144_1,
T55,1621692245_1,
T55,1621692346_1,
T55,1621692446_1,
T55,1621692547_1,
T55,1621692648_1,
T55,1621692945_1,
T55,1621693046_1,
T55,1621693147_1,
T55,1621693247_1,
T55,1621693348_1,
T55,1621693449_1,
T55,1621693549_1,
T55,1621693650_1,
T55,1621693750_1,
T55,1621693851_1,
T55,1621693952_1,
T55,1621694052_1,
T55,1621694153_1,
T55,1621694254_1,
T55,1621694354_1,
T55,1621694455_1,
T55,1621694555_1,
T55,1621694656_1,
T55,1621694757_1,
T55,1621694857_1,
T55,1621694958_1,
T55,1621695059_1,
T55,1621695159_1,
T55,1621695260_1,
T55,1621695361_1,
T55,1621695685_1,
T55,1621695786_1,
T55,1621695887_1,
T55,1621695987_1,
T55,1621696088_1,
T55,1621696189_1,
T55,1621696289_1,
T55,1621696390_1,
T55,1621696490_1,
T55,1621696591_1,
T55,1621696692_1,
T55,1621696792_1,
T55,1621696893_1,
T55,1621696994_1,
T55,1621697094_1,
T55,1621697195_1,
T55,1621697295_1,
T55,1621697396_1,
T55,1621697497_1,
T55,1621697597_1,
T55,1621697698_1,
T55,1621697799_1,
T55,1621697899_1,
T55,1621698000_1,
T55,1621698101_1,
T55,1621698378_1,
T55,1621698479_1,
T55,1621698580_1,
T55,1621698680_1,
T55,1621698781_1,
T55,1621698882_1,
T55,1621698982_1,
T55,1621699083_1,
T55,1621699183_1,
T55,1621699284_1,
T55,1621699385_1,
T55,1621699485_1,
T55,1621699586_1,
T55,1621699687_1,
T55,1621699787_1,
T55,1621699888_1,
T55,1621699988_1,
T55,1621700089_1,
T55,1621700190_1,
T55,1621700290_1,
T55,1621700391_1,
T55,1621700492_1,
T55,1621700592_1,
T55,1621700693_1,
T55,1621700794_1,
T55,1621701108_1,
T55,1621701310_1,
T55,1621701410_1,
T55,1621701511_1,
T55,1621701612_1,
T55,1621701712_1,
T55,1621701813_1,
T55,1621701913_1,
T55,1621702014_1,
T55,1621702115_1,
T55,1621702215_1,
T55,1621702316_1,
T55,1621702417_1,
T55,1621702517_1,
T55,1621702618_1,
T55,1621702718_1,
T55,1621702819_1,
T55,1621702920_1,
T55,1621703020_1,
T55,1621703121_1,
T55,1621703222_1,
T55,1621703322_1,
T55,1621703423_1,
T55,1621703524_1,
T55,1621703851_1,
T55,1621703952_1,
T55,1621704053_1,
T55,1621704153_1,
T55,1621704254_1,
T55,1621704355_1,
T55,1621704455_1,
T55,1621704556_1,
T55,1621704656_1,
T55,1621704757_1,
T55,1621704858_1,
T55,1621704958_1,
T55,1621705059_1,
T55,1621705160_1,
T55,1621705260_1,
T55,1621705361_1,
T55,1621705461_1,
T55,1621705562_1,
T55,1621705663_1,
T55,1621705763_1,
T55,1621705864_1,
T55,1621705965_1,
T55,1621706065_1,
T55,1621706166_1,
T55,1621706267_1,
T55,1621706672_1,
T55,1621706773_1,
T55,1621706873_1,
T55,1621706974_1,
T55,1621707075_1,
T55,1621707175_1,
T55,1621707276_1,
T55,1621707477_1,
T55,1621707578_1,
T55,1621707678_1,
T55,1621707779_1,
T55,1621707880_1,
T55,1621707980_1,
T55,1621708081_1,
T55,1621708181_1,
T55,1621708282_1,
T55,1621708383_1,
T55,1621708483_1,
T55,1621708584_1,
T55,1621708685_1,
T55,1621708785_1,
T55,1621708886_1,
T55,1621708987_1,
T56,1622964829_1,
T56,1622966410_1,
T56,1622967990_1,
T56,1622969570_1,
T56,1622971151_1,
T56,1622972731_1,
T56,1622977124_1,
T56,1622979872_3,
T56,1622981260_1,
T56,1622982691_1,
T56,1622986725_1,
T56,1622988062_1,
T56,1622989432_1,
T56,1622990810_1,
T56,1622991998_1,
T56,1623029365_1,
T56,1623042016_1,
T56,1623042178_1,
T56,1623042339_1,
T56,1623042500_1,
T56,1623042661_1,
T56,1623042822_1,
T56,1623042983_1,
T56,1623043145_1,
T56,1623043467_1,
T56,1623043628_1,
T56,1623043789_1,
T56,1623043951_1,
T56,1623044112_2,
T56,1623048522_1,
T56,1623050429_1,
T56,1623051240_1,
T56,1623052089_1,
T56,1623052399_1,
T56,1623052724_1,
T56,1623053640_1,
T56,1623054555_1,
T56,1623055471_1,
T56,1623056386_1,
T56,1623057301_1,
T56,1623058217_1,
T56,1623059743_1,
T56,1623062861_1,
T56,1623063652_1,
T56,1623064442_1,
T56,1623065233_1,
T56,1623066023_1,
T56,1623066846_1,
T56,1623068427_1,
T56,1623070091_1,
T56,1623070882_1,
T56,1623071672_1,
T56,1623072463_1,
T56,1623073253_1,
T56,1623074043_1,
T56,1623074834_1,
T56,1623075624_1,
T56,1623076415_1,
T56,1623077205_1,
T56,1623078029_1,
T56,1623079610_1,
T56,1623081256_1,
T56,1623082047_1,
T56,1623082837_1,
T56,1623083628_1,
T56,1623084418_1,
T56,1623085249_1,
T56,1623086153_1,
T56,1623087057_1,
T56,1623087961_1,
T56,1623088865_1,
T56,1623089770_1,
T57,1624342875_1,
T57,1624343241_1,
T57,1624345365_1,
T57,1624345764_1,
T57,1624348028_1,
T57,1624348457_1,
T57,1624350734_1,
T57,1624351210_1,
T57,1624353619_1,
T57,1624355052_1,
T57,1624359356_1,
T57,1624359535_1,
T57,1624359714_1,
T57,1624359893_1,
T57,1624360071_1,
T57,1624360250_1,
T57,1624360429_1,
T57,1624360608_1,
T57,1624360787_1,
T57,1624360966_1,
T57,1624361145_1,
T57,1624361323_1,
T57,1624361502_1,
T57,1624362039_1,
T57,1624362218_1,
T57,1624362396_1,
T57,1624362575_1,
T57,1624362754_1,
T57,1624362933_1,
T57,1624363112_1,
T57,1624363291_1,
T57,1624363470_1,
T57,1624363648_1,
T57,1624363827_1,
T57,1624364006_1,
T57,1624364185_1,
T57,1624366841_1,
T57,1624367020_1,
T57,1624367198_1,
T57,1624367377_1,
T57,1624367556_1,
T57,1624367735_1,
T57,1624381505_1,
T57,1624382334_1,
T57,1624383138_1,
T57,1624383945_1,
T57,1624413313_1,
T57,1624413491_1,
T57,1624413670_1,
T57,1624413849_1,
T57,1624414028_1,
T57,1624414207_1,
T57,1624414386_1,
T57,1624414565_1,
T57,1624416353_1,
T57,1624416532_1,
T57,1624416711_1,
T57,1624416889_1,
T57,1624417068_1,
T57,1624417247_1,
T57,1624417426_1,
T57,1624417605_1,
T57,1624417784_1,
T57,1624417963_1,
T57,1624418141_1,
T57,1624418320_1,
T57,1624419028_1,
T57,1624420216_1,
T57,1624422495_1,
T57,1624423213_1,
T57,1624426226_1,
T57,1624426944_1,
T57,1624430027_1,
T57,1624430509_1,
T57,1624432679_1,
T57,1624433161_1,
T57,1624435290_1,
T57,1624435705_1,
T57,1624437564_1,
T57,1624437979_1,
T57,1624442635_1,
T57,1624442736_1,
T57,1624442837_1,
T57,1624442937_1,
T57,1624443038_1,
T57,1624443139_1,
T57,1624443239_1,
T57,1624443340_1,
T57,1624443440_1,
T57,1624443541_1,
T57,1624443642_1,
T57,1624443742_1,
T57,1624443843_1,
T57,1624443944_1,
T57,1624444044_1,
T57,1624444145_1,
T57,1624444245_1,
T57,1624444346_1,
T57,1624444447_1,
T57,1624444547_1,
T57,1624444648_1,
T57,1624444749_1,
T57,1624444849_1,
T57,1624444950_1,
T57,1624445151_1,
T57,1624446573_1,
T57,1624446673_1,
T57,1624446774_1,
T57,1624446875_1,
T57,1624446975_1,
T57,1624447076_1,
T57,1624447177_1,
T57,1624447277_1,
T57,1624447378_1,
T57,1624447478_1,
T57,1624447579_1,
T57,1624447680_1,
T57,1624447780_1,
T57,1624447881_1,
T57,1624447982_1,
T57,1624448082_1,
T57,1624448183_1,
T57,1624448284_1,
T57,1624448384_1,
T57,1624448485_1,
T57,1624448585_1,
T57,1624448686_1,
T57,1624448787_1,
T57,1624449131_1,
T57,1624449232_1,
T57,1624449333_1,
T57,1624449433_1,
T57,1624449534_1,
T57,1624449635_1,
T57,1624449735_1,
T57,1624449836_1,
T57,1624449936_1,
T57,1624450037_1,
T57,1624450138_1,
T57,1624450238_1,
T57,1624450339_1,
T57,1624450440_1,
T57,1624450540_1,
T57,1624450641_1,
T57,1624450741_1,
T57,1624450842_1,
T57,1624450943_1,
T57,1624451043_1,
T57,1624451144_1,
T57,1624451245_1,
T57,1624451345_1,
T57,1624451446_1,
T57,1624451547_1,
T57,1624452898_1,
T57,1624452998_1,
T57,1624453099_1,
T57,1624453199_1,
T57,1624453300_1,
T57,1624453401_1,
T57,1624453501_1,
T57,1624453602_1,
T57,1624453703_1,
T57,1624453803_1,
T57,1624453904_1,
T57,1624454004_1,
T57,1624454105_1,
T57,1624454206_1,
T57,1624454306_1,
T57,1624454407_1,
T57,1624454508_1,
T57,1624454608_1,
T57,1624454709_1,
T57,1624454810_1,
T57,1624454910_1,
T57,1624455011_1,
T57,1624455111_1,
T57,1624455637_1,
T57,1624455738_1,
T57,1624455839_1,
T57,1624455939_1,
T57,1624456040_1,
T57,1624456141_1,
T57,1624456241_1,
T57,1624456342_1,
T57,1624456442_1,
T57,1624456543_1,
T57,1624456644_1,
T57,1624456744_1,
T57,1624456845_1,
T57,1624456946_1,
T57,1624457046_1,
T57,1624457147_1,
T57,1624457247_1,
T57,1624457348_1,
T57,1624457449_1,
T57,1624457549_1,
T57,1624457650_1,
T57,1624457751_1,
T57,1624457851_1,
T57,1624457952_1,
T57,1624459335_1,
T57,1624459424_1,
T57,1624459514_1,
T57,1624459603_1,
T57,1624459692_1,
T57,1624459782_1,
T57,1624459871_1,
T57,1624459961_1,
T57,1624460050_1,
T57,1624460140_1,
T57,1624460229_1,
T57,1624460319_1,
T57,1624460408_1,
T57,1624460498_1,
T57,1624460587_1,
T57,1624460676_1,
T57,1624460766_1,
T57,1624460855_1,
T57,1624460945_1,
T57,1624461034_1,
T57,1624461124_1,
T57,1624461213_1,
T57,1624461303_1,
T57,1624462148_1,
T57,1624462238_1,
T57,1624462327_1,
T57,1624462417_1,
T57,1624462506_1,
T57,1624462596_1,
T57,1624462685_1,
T57,1624462775_1,
T57,1624462864_1,
T57,1624462953_1,
T57,1624463043_1,
T57,1624463132_1,
T57,1624463222_1,
T57,1624463311_1,
T57,1624463401_1,
T57,1624463490_1,
T57,1624463580_1,
T57,1624463669_1,
T57,1624463759_1,
T57,1624463848_1,
T57,1624463937_1,
T57,1624464027_1,
T57,1624464116_1,
T57,1624464206_1,
T58,1625724038_1,
T58,1625724520_1,
T58,1625730355_1,
T58,1625731073_1,
T58,1625738412_1,
T58,1625739698_1,
T58,1625760170_1,
T58,1625774181_1,
T58,1625774248_1,
T58,1625774315_1,
T58,1625774383_1,
T58,1625774450_1,
T58,1625774518_1,
T58,1625774585_1,
T58,1625774653_1,
T58,1625774720_1,
T58,1625774788_1,
T58,1625774855_1,
T58,1625774922_1,
T58,1625774990_1,
T58,1625786407_1,
T58,1625788845_1,
T58,1625789806_1,
T58,1625790319_1,
T58,1625790808_1,
T58,1625791772_1,
T58,1625792237_1,
T58,1625794696_1,
T58,1625795161_1,
T58,1625795676_1,
T58,1625796191_1,
T58,1625796666_1,
T58,1625797156_1,
T58,1625797651_1,
T58,1625798126_1,
T58,1625798853_1,
T58,1625799485_1,
T58,1625803618_1,
T58,1625804154_1,
T58,1625809619_1,
T58,1625810596_1,
T58,1625811598_1,
T58,1625812578_1,
T58,1625813564_1,
T58,1625814559_1,
T58,1625815571_1,
T58,1625817233_1,
T58,1625817555_1,
T58,1625820836_1,
T58,1625824439_1,
T58,1625824761_1,
T58,1625828002_1,
T58,1625828243_1,
T58,1625831199_1,
T58,1625831440_1,
T58,1625834396_1,
T58,1625834637_1,
T58,1625837593_1,
T58,1625837834_1,
T58,1625841170_1,
T58,1625841364_1,
T58,1625844631_1,
T58,1625844825_1,
T59,1627083069_1,
T59,1627084350_1,
T59,1627089093_1,
T59,1627089166_1,
T59,1627089239_1,
T59,1627089312_1,
T59,1627089385_1,
T59,1627089458_1,
T59,1627089532_1,
T59,1627089605_1,
T59,1627089678_1,
T59,1627089751_1,
T59,1627089824_1,
T59,1627091911_1,
T59,1627091992_1,
T59,1627092073_1,
T59,1627092154_1,
T59,1627092234_1,
T59,1627092315_1,
T59,1627092396_1,
T59,1627092477_1,
T59,1627092558_1,
T59,1627092639_1,
T59,1627092720_1,
T59,1627092800_1,
T59,1627092881_1,
T59,1627092962_1,
T59,1627095048_1,
T59,1627095129_1,
T59,1627095210_1,
T59,1627095291_1,
T59,1627095372_1,
T59,1627095453_1,
T59,1627095534_1,
T59,1627095614_1,
T59,1627095695_1,
T59,1627095776_1,
T59,1627097152_1,
T59,1627097567_1,
T59,1627099821_1,
T59,1627100236_1,
T59,1627102490_1,
T59,1627102905_1,
T59,1627107424_1,
T59,1627108018_1,
T59,1627111150_1,
T59,1627111519_1,
T59,1627112946_1,
T59,1627113320_1,
T59,1627114752_1,
T59,1627115120_1,
T59,1627116546_1,
T59,1627116914_1,
T59,1627118354_1,
T59,1627118718_1,
T59,1627120156_1,
T59,1627120534_1,
T59,1627122005_1,
T59,1627122380_1,
T59,1627126488_1,
T59,1627127873_1,
T59,1627129834_1,
T59,1627130993_1,
T59,1627131543_1,
T59,1627131641_1,
T59,1627132123_1,
T59,1627132693_1,
T59,1627132968_1,
T59,1627133731_1,
T59,1627162483_1,
T59,1627163775_1,
T59,1627165072_1,
T59,1627166343_1,
T61,1629872611_1,
T61,1629872982_1,
T61,1629875783_1,
T61,1629876154_1,
T61,1629880567_1,
T61,1629881123_1,
T61,1629885756_1,
T61,1629904536_1,
T61,1629906107_1,
T61,1629907051_1,
T61,1629908052_1,
T61,1629909140_1,
T61,1629910079_1,
T61,1629910780_1,
T61,1629911074_1,
T61,1629912119_1,
T61,1629912413_1,
T61,1629913485_1,
T61,1629914314_1,
T61,1629915665_1,
T61,1629915961_1,
T61,1629916783_1,
T61,1629918394_1,
T61,1629929393_1,
T61,1629929753_1,
T61,1629931147_1,
T61,1629931865_1,
T61,1629935228_1,
T61,1629935946_1,
T61,1629939309_1,
T61,1629940027_1,
T61,1629943530_1,
T61,1629943945_1,
T61,1629946099_1,
T61,1629946514_1,
T61,1629949147_1,
T61,1629949469_1,
T61,1629951950_1,
T61,1629952272_1,
T61,1629954753_1,
T61,1629955075_1,
T61,1629957856_1,
T61,1629958097_1,
T61,1629960553_1,
T61,1629963250_1,
T61,1629963491_1,
T61,1629965947_1,
T61,1629966188_1,
T61,1629968824_1,
T61,1629969018_1,
T61,1629971585_1,
T61,1629971779_1,
T61,1629974346_1,
T61,1629974540_1,
T62,1633967509_1,
T62,1633976427_1,
T62,1633976487_1,
T62,1633976547_1,
T62,1633976607_1,
T62,1633976667_1,
T62,1633976727_1,
T62,1633976787_1,
T62,1633976847_1,
T62,1633976907_1,
T62,1633976967_1,
T62,1633977027_1,
T62,1633977087_1,
T62,1633984863_1,
T62,1633985278_1,
T62,1633987422_1,
T62,1633987904_1,
T62,1633990436_1,
T62,1633990965_1,
T62,1633994354_1,
T62,1633999403_1,
T62,1634000523_1,
T62,1634001644_1,
T62,1634002787_1,
T62,1634048862_1,
T62,1634049954_1,
T62,1634051046_1,
T62,1634052138_1,
T62,1634064034_1,
T62,1634064513_1,
T62,1634066925_1,
T62,1634067404_1,
T62,1634069816_1,
T62,1634070295_1,
T62,1634082284_1,
T62,1634082606_1,
T62,1634084887_1,
T63,1639226374_1,
T63,1639228419_1,
T63,1639228915_1,
T63,1639234388_1,
T63,1639234884_1,
T63,1639238459_1,
T63,1639241343_1,
T63,1639244219_1,
T63,1639247103_1,
T63,1639249989_1,
T63,1639294191_1,
T63,1639294673_1,
T63,1639295651_1,
T63,1639297501_1,
T63,1639298960_1,
T63,1639299431_1,
T63,1639299895_1,
T63,1639300372_1,
T63,1639300856_1,
T63,1639301333_1,
T63,1639301818_1,
T63,1639302289_1,
T63,1639302760_1,
T63,1639303231_1,
T63,1639303722_1,
T63,1639304974_1,
T63,1639306060_1,
T63,1639306778_1,
T63,1639311641_1,
T63,1639312359_1,
T63,1639317222_1,
T63,1639326703_1,
T63,1639326806_1,
T63,1639326909_1,
T63,1639327011_1,
T63,1639327114_1,
T63,1639327217_1,
T63,1639327320_1,
T63,1639327423_1,
T63,1639327525_1,
T63,1639327628_1,
T63,1639327731_1,
T63,1639327834_1,
T63,1639327936_1,
T63,1639328039_1,
T63,1639328142_1,
T63,1639328245_1,
T63,1639328347_1,
T63,1639330699_1,
T63,1639330802_1,
T63,1639330905_1,
T63,1639331008_1,
T63,1639331110_1,
T63,1639331213_1,
T63,1639331316_1,
T63,1639331419_1,
T63,1639331522_1,
T63,1639331624_1,
T63,1639331727_1,
T63,1639331830_1,
T63,1639331933_1,
T63,1639332035_1,
T63,1639332138_1,
T63,1639332241_1,
T63,1639332344_1,
T63,1639332446_1,
T63,1639334820_1,
T63,1639334923_1,
T63,1639335026_1,
T63,1639335129_1,
T63,1639335231_1,
T63,1639335334_1,
T63,1639335437_1,
T63,1639335540_1,
T63,1639335643_1,
T63,1639335745_1,
T63,1639335848_1,
T63,1639335951_1,
T63,1639336054_1,
T63,1639336156_1,
T63,1639336259_1,
T63,1639336362_1,
T63,1639336465_1,
T63,1639396537_1,
T63,1639396963_1,
T63,1639397380_1,
T63,1639397802_1,
T63,1639408197_1,
T63,1639408312_1,
T63,1639409654_1,
T63,1639409769_1,
T63,1639411721_1,
T63,1639411836_1,
T63,1639413788_1,
T63,1639413903_1,
T63,1639415855_1,
T63,1639415970_1,
T63,1639417922_1,
T63,1639418037_1,
T64,1640604697_1,
T64,1640604744_1,
T64,1640604791_1,
T64,1640604838_1,
T64,1640604885_1,
T64,1640604932_1,
T64,1640604979_1,
T64,1640605026_1,
T64,1640605120_1,
T64,1640605167_1,
T64,1640605214_1,
T64,1640605261_1,
T64,1640605308_1,
T64,1640605355_1,
T64,1640605402_1,
T64,1640605449_1,
T64,1640605496_1,
T64,1640605542_1,
T64,1640605589_1,
T64,1640605636_1,
T64,1640605683_1,
T64,1640605730_1,
T64,1640605777_1,
T64,1640605824_1,
T64,1640605871_1,
T64,1640605918_1,
T64,1640605965_1,
T64,1640606012_1,
T64,1640606059_1,
T64,1640608062_1,
T64,1640608115_1,
T64,1640608169_1,
T64,1640608223_1,
T64,1640608276_1,
T64,1640608330_1,
T64,1640608384_1,
T64,1640608437_1,
T64,1640608491_1,
T64,1640608545_1,
T64,1640608598_1,
T64,1640608652_1,
T64,1640608706_1,
T64,1640608759_1,
T64,1640608813_1,
T64,1640608867_1,
T64,1640608920_1,
T64,1640608974_1,
T64,1640609028_1,
T64,1640609081_1,
T64,1640609135_1,
T64,1640609188_1,
T64,1640609242_1,
T64,1640609296_1,
T64,1640609349_1,
T64,1640609403_1,
T64,1640609457_1,
T64,1640617668_1,
T64,1640623024_1,
T64,1640623462_1,
T64,1640630206_1,
T64,1640630644_1,
T64,1640636309_1,
T64,1640636533_1,
T64,1640645644_1,
T64,1640663699_1,
T64,1640664319_1,
T64,1640664879_1,
T64,1640665444_1,
T64,1640665986_1,
T64,1640667320_1,
T64,1640670042_1,
T64,1640673614_1,
T64,1640673986_1,
T64,1640676595_1,
T64,1640676966_1,
T64,1640679482_1,
T64,1640679853_1,
T64,1640682419_1,
T64,1640682790_1,
T64,1640686174_1,
T64,1640686806_1,
T64,1640692300_1,
T64,1640692856_1,
T64,1640697415_1,
T64,1640698363_1,
T64,1640700264_1,
T64,1640701217_1,
T64,1640702195_1,
T64,1640703945_1,
T64,1640704267_1,
T64,1640708548_1,
T64,1640708870_1,
T64,1640713151_1,
T64,1640713473_1,
T64,1640717854_1,
T64,1640718121_1,
T64,1640722179_1,
T64,1640722446_1,
T64,1640726711_1,
T64,1640726905_1,
T64,1640730672_1,
T64,1640730866_1,
T64,1640734633_1,
T64,1640734827_1,
T64,1640775118_1,
T64,1640775217_1,
T64,1640776053_1,
T64,1640776152_1,
T64,1640776988_1,
T64,1640777087_1,
T64,1640777923_1,
T64,1640778022_1,
T64,1640778858_1,
T64,1640778957_1,
T64,1640779793_1,
T64,1640779892_1,
T64,1640789512_1,
T64,1640789595_1,
T64,1640790423_1,
T64,1640790506_1,
T64,1640791334_1,
T64,1640791417_1,
T64,1640792245_1,
T64,1640792328_1,
T64,1640793156_1,
T64,1640793239_1,
T64,1640795026_1,
T64,1640795097_1,
T64,1640797371_1,
T64,1640797442_1,
T64,1640799981_1,
T64,1640800052_1,
T64,1640802326_1,
T64,1640802397_1,
T64,1640804671_1,
T64,1640804742_1,
T64,1640807446_1,
T64,1640807517_1,
T64,1640809791_1,
T64,1640809862_1,
T64,1640812136_1,
T64,1640812207_1,
T64,1640814296_1,
T64,1640814367_1,
T64,1640816641_1,
T64,1640816712_1,
T64,1640818986_1,
T64,1640819057_1,
T65,1641982665_1,
T65,1641983080_1,
T65,1641995314_1,
T65,1641995674_1,
T65,1642001731_1,
T65,1642002102_1,
T65,1642007538_1,
T65,1642007910_1,
T65,1642010449_1,
T65,1642010820_1,
T65,1642019307_1,
T65,1642019379_1,
T65,1642019450_1,
T65,1642019522_1,
T65,1642019593_1,
T65,1642019665_1,
T65,1642019736_1,
T65,1642019808_1,
T65,1642019879_1,
T65,1642019951_1,
T65,1642020022_1,
T65,1642020094_1,
T65,1642022239_1,
T65,1642022310_1,
T65,1642022382_1,
T65,1642022453_1,
T65,1642022525_1,
T65,1642022596_1,
T65,1642022668_1,
T65,1642022739_1,
T65,1642022859_1,
T65,1642040090_1,
T65,1642040159_1,
T65,1642040228_1,
T65,1642040297_1,
T65,1642040366_1,
T65,1642040435_1,
T65,1642040503_1,
T65,1642040572_1,
T65,1642040641_1,
T65,1642040710_1,
T65,1642040779_1,
T65,1642040848_1,
T65,1642040917_1,
T65,1642040986_1,
T65,1642041054_1,
T65,1642041123_1,
T65,1642041192_1,
T65,1642041261_1,
T65,1642041330_1,
T65,1642041399_1,
T65,1642041468_1,
T65,1642041537_1,
T65,1642041605_1,
T65,1642041674_1,
T65,1642041743_1,
T65,1642041812_1,
T65,1642041881_1,
T65,1642041950_1,
T65,1642042019_1,
T65,1642042087_1,
T65,1642042156_1,
T65,1642042225_1,
T65,1642042294_1,
T65,1642042363_1,
T65,1642042432_1,
T65,1642042501_1,
T65,1642042570_1,
T65,1642042638_1,
T65,1642042707_1,
T65,1642042776_1,
T65,1642042845_1,
T65,1642042914_1,
T65,1642042983_1,
T65,1642043052_1,
T65,1642043121_1,
T65,1642043189_1,
T65,1642043258_1,
T65,1642043327_1,
T65,1642043396_1,
T65,1642043465_1,
T65,1642043534_1,
T65,1642043603_1,
T65,1642043671_1,
T65,1642043740_1,
T65,1642043809_1,
T65,1642043878_1,
T65,1642043947_1,
T65,1642044016_1,
T65,1642044085_1,
T65,1642044154_1,
T65,1642044222_1,
T65,1642044291_1,
T65,1642044360_1,
T65,1642044429_1,
T65,1642044498_1,
T65,1642044567_1,
T65,1642044636_1,
T65,1642044705_1,
T65,1642044773_1,
T65,1642044842_1,
T65,1642044911_1,
T65,1642044980_1,
T65,1642045049_1,
T65,1642045118_1,
T65,1642045187_1,
T65,1642045255_1,
T65,1642045324_1,
T65,1642045436_1,
T65,1642045505_1,
T65,1642045574_1,
T65,1642045643_1,
T65,1642045712_1,
T65,1642045781_1,
T65,1642045850_1,
T65,1642045918_1,
T65,1642045987_1,
T65,1642046056_1,
T65,1642046125_1,
T65,1642046194_1,
T65,1642046263_1,
T65,1642046332_1,
T65,1642046401_1,
T65,1642046469_1,
T65,1642046538_1,
T65,1642046607_1,
T65,1642046676_1,
T65,1642046745_1,
T65,1642046814_1,
T65,1642046883_1,
T65,1642046952_1,
T65,1642047020_1,
T65,1642047089_1,
T65,1642047158_1,
T65,1642047227_1,
T65,1642047296_1,
T65,1642047365_1,
T65,1642047434_1,
T65,1642047571_1,
T65,1642047640_1,
T65,1642047709_1,
T65,1642047778_1,
T65,1642049272_1,
T65,1642049878_1,
T65,1642052090_1,
T65,1642054271_1,
T65,1642056452_1,
T65,1642058656_1,
T65,1642060837_1,
T65,1642062630_1,
T65,1642064551_1,
T65,1642065107_1,
T65,1642068825_1,
T65,1642069381_1,
T65,1642072824_1,
T65,1642073308_1,
T65,1642076368_1,
T65,1642076783_1,
T65,1642095840_1,
T65,1642095879_1,
T65,1642095918_1,
T65,1642095957_1,
T65,1642095995_1,
T65,1642096034_1,
T65,1642096073_1,
T65,1642096112_1,
T65,1642096150_1,
T65,1642096189_1,
T65,1642096228_1,
T65,1642096267_1,
T65,1642096306_1,
T65,1642096344_1,
T65,1642096383_1,
T65,1642096422_1,
T65,1642096461_1,
T65,1642096499_1,
T65,1642096538_1,
T65,1642096577_1,
T65,1642096616_1,
T65,1642096654_1,
T65,1642096693_1,
T65,1642096732_1,
T65,1642096771_1,
T65,1642096810_1,
T65,1642096848_1,
T65,1642096887_1,
T65,1642096926_1,
T65,1642096965_1,
T65,1642097003_1,
T65,1642097042_1,
T65,1642097081_1,
T65,1642097120_1,
T65,1642097159_1,
T65,1642097197_1,
T65,1642097236_1,
T65,1642097275_1,
T65,1642097314_1,
T65,1642097352_1,
T65,1642097391_1,
T65,1642097430_1,
T65,1642097469_1,
T65,1642097507_1,
T65,1642097546_1,
T65,1642097585_1,
T65,1642097624_1,
T65,1642097663_1,
T65,1642097701_1,
T65,1642097740_1,
T65,1642097779_1,
T65,1642097818_1,
T65,1642097856_1,
T65,1642097895_1,
T65,1642097934_1,
T65,1642097973_1,
T65,1642098012_1,
T65,1642101816_1,
T65,1642102010_1,
T65,1642154428_1,
T65,1642154546_1,
T65,1642156998_1,
T65,1642157116_1,
T65,1642159568_1,
T65,1642159686_1,
T65,1642162138_1,
T65,1642162256_1,
T65,1642164578_1,
T65,1642164649_1,
T65,1642166923_1,
T65,1642166994_1,
T65,1642169268_1,
T65,1642169339_1,
T65,1642179976_1,
T65,1642180047_1,
T65,1642182321_1,
T65,1642182392_1,
T65,1642184666_1,
T65,1642184737_1,
T65,1642187011_1,
T65,1642187082_1,
T65,1642189356_1,
T65,1642189427_1,
T65,1642191701_1,
T65,1642191772_1,
T65,1642194046_1,
T65,1642194117_1,
T65,1642196391_1,
T65,1642196462_1,
T66,1643360115_1,
T66,1643363016_1,
T66,1643363366_1,
T66,1643365175_1,
T66,1643365557_1,
T66,1643370317_1,
T66,1643370728_1,
T66,1643375984_1,
T66,1643382503_1,
T66,1643385736_1,
T66,1643387351_1,
T66,1643388989_1,
T66,1643390606_1,
T66,1643392231_1,
T66,1643393850_1,
T66,1643394164_1,
T66,1643394305_1,
T66,1643394457_1,
T66,1643394609_1,
T66,1643394761_1,
T66,1643394913_1,
T66,1643395064_1,
T66,1643414779_1,
T66,1643415259_1,
T66,1643417142_1,
T66,1643417608_1,
T66,1643434029_1,
T66,1643436171_1,
T66,1643437808_1,
T66,1643437903_1,
T66,1643437997_1,
T66,1643438092_1,
T66,1643438315_1,
T66,1643438725_1,
T66,1643438820_1,
T66,1643438914_1,
T66,1643439009_1,
T66,1643439103_1,
T66,1643439198_1,
T66,1643439293_1,
T66,1643439387_1,
T66,1643439482_1,
T66,1643439576_1,
T66,1643439671_1,
T66,1643439765_1,
T66,1643439860_1,
T66,1643439954_1,
T66,1643440049_1,
T66,1643440453_1,
T66,1643444524_1,
T66,1643445039_1,
T66,1643450361_1,
T66,1643450825_1,
T66,1643456163_1,
T66,1643456579_1,
T66,1643462526_1,
T66,1643465307_1,
T66,1643465629_1,
T66,1643468410_1,
T66,1643468732_1,
T66,1643471513_1,
T66,1643471835_1,
T66,1643474466_1,
T66,1643474707_1,
T66,1643477163_1,
T66,1643477404_1,
T66,1643479860_1,
T66,1643480101_1,
T66,1643482557_1,
T66,1643482798_1,
T66,1643485174_1,
T66,1643485368_1,
T66,1643487635_1,
T66,1643487829_1,
T66,1643490096_1,
T66,1643490290_1,
T66,1643533096_1,
T66,1643533211_1,
T66,1643534163_1,
T66,1643534278_1,
T66,1643535230_1,
T66,1643535345_1,
T66,1643536297_1,
T66,1643536412_1,
T66,1643537364_1,
T66,1643537479_1,
T66,1643538431_1,
T66,1643538546_1,
T66,1643539498_1,
T66,1643539613_1,
T66,1643540565_1,
T66,1643540680_1,
T66,1643541632_1,
T66,1643541747_1,
T66,1643542699_1,
T66,1643542814_1,
T66,1643543766_1,
T66,1643543881_1,
T66,1643544833_1,
T66,1643544948_1,
T66,1643555126_1,
T66,1643555209_1,
T66,1643556287_1,
T66,1643556370_1,
T66,1643557448_1,
T66,1643557531_1,
T66,1643558609_1,
T66,1643558692_1,
T66,1643559770_1,
T66,1643559853_1,
T66,1643560931_1,
T66,1643561014_1,
T66,1643562092_1,
T66,1643562175_1,
T66,1643563253_1,
T66,1643563336_1,
T66,1643564414_1,
T66,1643564497_1,
T66,1643565575_1,
T66,1643565658_1,
T66,1643566736_1,
T66,1643566819_1,
T66,1643567897_1,
T66,1643567980_1,
T66,1643569058_1,
T66,1643569141_1,
T66,1643570219_1,
T66,1643570302_1,
T66,1643571380_1,
T66,1643571463_1,
T66,1643572541_1,
T66,1643572624_1,
T66,1643573702_1,
T66,1643573785_1,
T66,1643574863_1,
T66,1643574946_1,
T66,1643576024_1,
T66,1643576107_1,
T66,1643577185_1,
T66,1643577268_1,
T66,1643578346_1,
T66,1643578429_1,
T67,1649134544_1,
T67,1649134937_1,
T67,1649137987_1,
T67,1649138428_1,
T67,1649141591_1,
T67,1649141929_1,
T67,1649142034_1,
T67,1649142139_1,
T67,1649142857_1,
T67,1649142966_1,
T67,1649146415_1,
T67,1649146786_1,
T67,1649149392_1,
T67,1649149764_1,
T67,1649152373_1,
T67,1649152744_1,
T67,1649155340_1,
T67,1649155711_1,
T67,1649158815_1,
T67,1649158967_1,
T67,1649159271_1,
T67,1649159423_1,
T67,1649159574_1,
T67,1649159726_1,
T67,1649159878_1,
T67,1649160030_1,
T67,1649160182_1,
T67,1649160333_1,
T67,1649160485_1,
T67,1649160637_1,
T67,1649160789_1,
T67,1649160941_1,
T67,1649165495_1,
T67,1649165646_1,
T67,1649165798_1,
T67,1649165950_1,
T67,1649166102_1,
T67,1649180144_1,
T67,1649181615_1,
T67,1649182126_1,
T67,1649184439_1,
T67,1649184933_1,
T67,1649185398_1,
T67,1649185874_1,
T67,1649186357_1,
T67,1649186817_1,
T67,1649187281_1,
T67,1649187755_1,
T67,1649188240_1,
T67,1649188716_1,
T67,1649189176_1,
T67,1649189656_1,
T67,1649192610_1,
T67,1649192710_1,
T67,1649192809_1,
T67,1649192909_1,
T67,1649193008_1,
T67,1649193108_1,
T67,1649193208_1,
T67,1649193307_1,
T67,1649193407_1,
T67,1649193506_1,
T67,1649193606_1,
T67,1649195512_1,
T67,1649195998_1,
T67,1649196957_1,
T67,1649197441_1,
T67,1649197917_1,
T67,1649198400_1,
T67,1649198883_1,
T67,1649199363_1,
T67,1649199842_1,
T67,1649200321_1,
T67,1649200801_1,
T67,1649201765_1,
T67,1649202251_1,
T67,1649202736_1,
T67,1649203203_1,
T67,1649203683_1,
T67,1649204162_1,
T67,1649204642_1,
T67,1649205121_1,
T67,1649205606_1,
T67,1649206079_1,
T67,1649206553_1,
T67,1649207021_1,
T67,1649207488_1,
T67,1649210035_1,
T67,1649210753_1,
T67,1649215526_1,
T67,1649216049_1,
T67,1649219994_1,
T67,1649220408_1,
T67,1649223839_1,
T67,1649224228_1,
T67,1649227156_1,
T67,1649227483_1,
T67,1649228915_1,
T67,1649229239_1,
T68,1652950815_1,
T68,1652953505_1,
T68,1652953616_1,
T68,1652953726_1,
T68,1652953836_1,
T68,1652953947_1,
T68,1652954057_1,
T68,1652954167_1,
T68,1652954277_1,
T68,1652954388_1,
T68,1652954498_1,
T68,1652954608_1,
T68,1652954719_1,
T68,1652954829_1,
T68,1652954939_1,
T68,1652955049_1,
T68,1652955160_1,
T68,1652955270_1,
T68,1652955380_1,
T68,1652955491_1,
T68,1652955601_5,
T68,1652956107_1,
T68,1652961393_1,
T68,1652971261_1,
T68,1652971309_1,
T68,1652971359_1,
T68,1652971713_1,
T68,1652972168_1,
T68,1652973385_1,
T68,1652973479_1,
T68,1652973573_1,
T68,1652973667_1,
T68,1652977713_1,
T68,1652978195_1,
T68,1652983781_1,
T68,1652983907_1,
T68,1652984033_1,
T68,1652984159_1,
T68,1652984293_1,
T68,1653054304_1,
T68,1653054752_1,
T68,1653061743_1,
T68,1653062141_1,
T68,1653070943_1,
T68,1653071008_1,
T68,1653071073_1,
T68,1653071138_1,
T68,1653071203_1,
T68,1653071268_1,
T68,1653071333_1,
T68,1653071398_1,
T68,1653071463_1,
T68,1653071593_1,
T68,1653071659_1,
T68,1653071724_1,
T68,1653071789_1,
T68,1653071854_1,
T68,1653071919_1,
T68,1653071984_1,
T68,1653072049_1,
T68,1653072114_1,
T68,1653072179_1,
T68,1653072244_1,
T68,1653072309_1,
T68,1653072374_1,
T68,1653074858_1,
T68,1653074920_1,
T68,1653074982_1,
T68,1653075045_1,
T68,1653075107_1,
T68,1653075169_1,
T68,1653075231_1,
T68,1653075293_1,
T68,1653075355_1,
T68,1653075417_1,
T68,1653075479_1,
T68,1653075541_1,
T68,1653075603_1,
T68,1653075665_1,
T68,1653075727_1,
T68,1653075789_1,
T68,1653075851_1,
T68,1653075913_1,
T68,1653075975_1,
T68,1653076099_1,
T68,1653076162_1,
T68,1653076224_1,
T68,1653076286_1,
T68,1653076348_1,
T68,1653122704_1,
T68,1653122939_1,
T68,1653123953_1,
T68,1653124068_1,
T68,1653124183_1,
T68,1653125150_1,
T68,1653125265_1,
T68,1653125380_1,
T68,1653126347_1,
T68,1653126462_1,
T68,1653129044_1,
T68,1653129159_1,
T68,1653129274_1,
T68,1653129726_1,
T68,1653135449_1,
T68,1653135564_1,
T68,1653135679_1,
T68,1653136131_1,
T68,1653141713_1,
T69,1654351048_1,
T69,1654351110_1,
T69,1654351324_1,
T69,1654351398_1,
T69,1654355045_1,
T69,1654355460_1,
T69,1654365428_1,
T69,1654366211_1,
T69,1654366966_1,
T69,1654367703_1,
T69,1654368455_1,
T69,1654369208_1,
T69,1654370011_1,
T69,1654370326_1,
T69,1654370823_1,
T69,1654415460_1,
T69,1654415584_1,
T69,1654415707_1,
T69,1654415830_1,
T69,1654415953_1,
T69,1654416076_1,
T69,1654416199_1,
T69,1654416322_1,
T69,1654416446_1,
T69,1654416700_1,
T69,1654416824_1,
T69,1654416947_1,
T69,1654417070_1,
T69,1654417193_1,
T69,1654417316_1,
T69,1654417439_1,
T69,1654417562_1,
T69,1654417686_1,
T69,1654417809_1,
T69,1654417932_1,
T69,1654418055_1,
T69,1654418178_1,
T69,1654418301_1,
T69,1654418548_1,
T69,1654418671_1,
T69,1654423966_1,
T69,1654424089_1,
T69,1654424213_1,
T69,1654424336_1,
T69,1654424459_1,
T69,1654424582_1,
T69,1654424705_1,
T69,1654424828_1,
T69,1654424952_1,
T69,1654425075_1,
T69,1654425198_1,
T69,1654425321_1,
T69,1654425444_1,
T69,1654431622_1,
T69,1654432101_1,
T69,1654438313_1,
T69,1654442241_1,
T69,1654444643_1,
T69,1654448409_1,
T69,1654449711_1,
T69,1654452358_4,
T69,1654504364_1,
T69,1654504550_1,
T69,1654508112_1,
T69,1654508282_1,
T69,1654511820_1,
T69,1654511990_1,
T69,1654515537_1,
T69,1654515707_1,
T69,1654526974_1,
T69,1654527119_1,
T69,1654530700_1,
T69,1654589874_1,
T69,1654589963_1,
T69,1654592311_1,
T69,1654592400_1,
T69,1654594748_1,
T69,1654594837_1,
T69,1654596769_1,
T69,1654596849_1,
T69,1654599163_1,
T69,1654599243_1,
T69,1654601557_1,
T69,1654601637_1,
T69,1654603951_1,
T69,1654604031_1,
T69,1654618784_1,
T69,1654618866_1,
T69,1654621395_1,
T69,1654621477_1,
T69,1654624006_1,
T69,1654624088_1,
T69,1654626617_1,
T69,1654626699_1,
T69,1654629228_1,
T69,1654629310_1,
T69,1654631839_1,
T69,1654631921_1,
T69,1654634450_1,
T69,1654634532_1,
T70,1655126898_1,
T70,1655126970_1,
T70,1655127712_1,
T70,1655127784_1,
T70,1655128526_1,
T70,1655128598_1,
T70,1655129340_1,
T70,1655129412_1,
T70,1655729513_1,
T70,1655729568_1,
T70,1655729625_1,
T70,1655731624_1,
T70,1655731697_1,
T70,1655731770_1,
T70,1655731843_1,
T70,1655731891_1,
T70,1655732555_1,
T70,1655738404_1,
T70,1655738893_1,
T70,1655742053_1,
T70,1655742226_1,
T70,1655742399_1,
T70,1655742558_1,
T70,1655743316_1,
T70,1655746476_1,
T70,1655747235_1,
T70,1655747551_1,
T70,1655749514_1,
T70,1655749820_1,
T70,1655756351_1,
T70,1655756663_1,
T70,1655761276_1,
T70,1655761400_1,
T70,1655761523_1,
T70,1655761646_1,
T70,1655761769_1,
T70,1655761892_1,
T70,1655762015_1,
T70,1655762138_1,
T70,1655762262_1,
T70,1655762385_1,
T70,1655762508_1,
T70,1655762631_1,
T70,1655762754_1,
T70,1655762877_1,
T70,1655763001_1,
T70,1655763124_1,
T70,1655763247_1,
T70,1655763370_1,
T70,1655763493_1,
T70,1655763616_1,
T70,1655763739_1,
T70,1655784956_1,
T70,1655785775_6,
T70,1655786549_1,
T70,1655786917_1,
T70,1655788743_1,
T70,1655793064_1,
T70,1655793323_1,
T70,1655794332_1,
T70,1655794644_1,
T70,1655796441_1,
T70,1655797190_1,
T70,1655798002_1,
T70,1655798627_1,
T70,1655799152_1,
T70,1655799764_1,
T70,1655800567_1,
T70,1655801169_1,
T70,1655801953_1,
T70,1655802775_1,
T70,1655805638_1,
T70,1655808269_1,
T70,1655810046_1,
T70,1655810764_1,
T70,1655817002_1,
T70,1655817564_1,
T70,1655823432_1,
T70,1655823847_1,
T70,1655886574_1,
T70,1655886758_1,
T70,1655890273_1,
T70,1655890437_1,
T70,1655893929_1,
T70,1655894090_1,
T70,1655897596_1,
T70,1655897749_1,
T70,1655901271_1,
T70,1655901412_1,
T70,1655904916_1,
T70,1655905057_1,
T70,1655908581_1,
T70,1655908722_1,
T70,1655912222_1,
T70,1655912363_1,
T70,1655915892_1,
T70,1655916033_1,
T70,1655919544_1,
T70,1655919685_1,
T70,1655996024_1,
T70,1655996113_1,
T70,1655997011_1,
T70,1655997100_1,
T70,1655997998_1,
T70,1655998087_1,
T70,1655998985_1,
T70,1655999074_1,
T70,1656072278_1,
T70,1656072332_1,
T70,1656072991_1,
T70,1656073045_1,
T70,1656073704_1,
T70,1656073758_1,
T71,1657111067_1,
T71,1657111482_1,
T71,1657113347_1,
T71,1657113556_1,
T71,1657113665_1,
T71,1657113764_1,
T71,1657115881_1,
T71,1657116345_1,
T71,1657125437_1,
T71,1657127658_1,
T71,1657129859_1,
T71,1657132070_1,
T71,1657177998_1,
T71,1657178597_1,
T71,1657179290_1,
T71,1657180617_1,
T71,1657181924_1,
T71,1657182928_1,
T71,1657183640_1,
T71,1657184416_1,
T71,1657185728_1,
T71,1657290467_1,
T71,1657290595_1,
T71,1657296490_1,
T71,1657300589_1,
T71,1657300717_1,
T71,1657305280_1,
T71,1657305408_1,
T71,1657320301_1,
T71,1657320416_1,
T71,1657367903_1,
T71,1657368422_1,
T71,1657368541_1,
T71,1657369060_1,
T71,1657369179_1,
T72,1663093918_1,
T72,1663094337_1,
T72,1663094400_1,
T72,1663094819_1,
T72,1663094882_1,
T72,1663095301_1,
T72,1663095364_1,
T72,1664005043_1,
T72,1664005525_1,
T72,1664009955_1,
T72,1664010474_1,
T72,1664016773_1,
T72,1664017190_1,
T72,1664017406_1,
T72,1664021095_1,
T72,1664021532_1,
T72,1664024902_1,
T72,1664053705_1,
T72,1664072149_1,
T72,1664072284_1,
T72,1664072418_1,
T72,1664072552_1,
T72,1664072687_1,
T72,1664072821_1,
T72,1664072955_1,
T72,1664073089_1,
T72,1664073224_1,
T72,1664073358_1,
T72,1664073492_1,
T72,1664073627_1,
T72,1664073761_1,
T72,1664073895_1,
T72,1664074164_1,
T72,1664074298_1,
T72,1664075641_1,
T72,1664075775_1,
T72,1664075910_1,
T72,1664076044_1,
T72,1664076178_1,
T72,1664076421_1,
T72,1664077618_1,
T72,1664078790_1,
T72,1664080693_1,
T72,1664081411_1,
T72,1664084844_1,
T72,1664085478_1,
T72,1664088475_1,
T72,1664089031_1,
T72,1664091639_1,
T72,1664092158_1,
T72,1664094633_1,
T72,1664095115_1,
T72,1664098123_1,
T72,1664098538_1,
T72,1664102616_1,
T72,1664102951_1,
T72,1664106680_1,
T72,1664107005_1,
T72,1664110586_1,
T72,1664110827_1,
T72,1664114225_1,
T72,1664114466_1,
T72,1664117782_1,
T72,1664118023_1,
T72,1664121277_1,
T72,1664121473_1,
T72,1664127044_1,
T72,1664127238_1,
T72,1664262628_1,
T72,1664263185_1,
T72,1664263289_1,
T72,1664263846_1,
T72,1664263950_1,
T74,1676688036_1,
T74,1676688087_1,
T74,1676688138_1,
T74,1676688189_1,
T74,1676688240_1,
T74,1676688291_1,
T74,1676688341_1,
T74,1676688392_1,
T74,1676688443_1,
T74,1676688494_1,
T74,1676688545_1,
T74,1676688596_1,
T74,1676688646_1,
T74,1676688697_1,
T74,1676688748_1,
T74,1676688799_1,
T74,1676688850_1,
T74,1676688901_1,
T74,1676688951_1,
T74,1676689002_1,
T74,1676689053_1,
T74,1676689155_1,
T74,1676689206_1,
T74,1676689256_1,
T74,1676689307_1,
T74,1676689358_1,
T74,1676689409_1,
T74,1676689460_1,
T74,1676689511_1,
T74,1676689561_1,
T74,1676689612_1,
T74,1676689663_1,
T74,1676689714_1,
T74,1676689765_1,
T74,1676689816_1,
T74,1676689866_1,
T74,1676689917_1,
T74,1676689968_1,
T74,1676690019_1,
T74,1676690070_1,
T74,1676690121_1,
T74,1676690171_1,
T74,1676690222_1,
T74,1676690273_1,
T74,1676783497_1,
T74,1676784040_1,
T74,1676789677_1,
T74,1676789723_1,
T74,1676789768_1,
T74,1676789813_1,
T74,1676789858_1,
T74,1676789903_1,
T74,1676789949_1,
T74,1676789994_1,
T74,1676790039_1,
T74,1676790084_1,
T74,1676790130_1,
T74,1676790175_1,
T74,1676790220_1,
T74,1676790265_1,
T74,1676790310_1,
T74,1676790356_1,
T74,1676790401_1,
T74,1676790446_1,
T74,1676790491_1,
T74,1676790536_1,
T74,1676790582_1,
T74,1676790627_1,
T74,1676790672_1,
T74,1676790717_1,
T74,1676790763_1,
T74,1676790808_1,
T74,1676790853_1,
T74,1676790943_1,
T74,1676790989_1,
T74,1676791034_1,
T74,1676791079_1,
T74,1676791124_1,
T74,1676795283_1,
T74,1676795328_1,
T74,1676795373_1,
T74,1676795418_1,
T74,1676795463_1,
T74,1676795509_1,
T74,1676795554_1,
T74,1676795599_1,
T74,1676795644_1,
T74,1676795690_1,
T74,1676795735_1,
T74,1676795780_1,
T74,1676795825_1,
T74,1676795870_1,
T74,1676795916_1,
T74,1676795961_1,
T74,1676796006_1,
T74,1676796051_1,
T74,1676796096_1,
T74,1676796142_1,
T74,1676796187_1,
T74,1676796232_1,
T74,1676796277_1,
T74,1676796323_1,
T74,1676796368_1,
T74,1676796413_1,
T74,1676796458_1,
T74,1676796503_1,
T74,1676796549_1,
T74,1676796594_1,
T74,1676796639_1,
T74,1676796684_1,
T74,1676802798_1,
T74,1676803273_1,
T74,1677312807_1,
T74,1677312847_1,
T74,1677313624_1,
T74,1677313664_1,
T74,1677314427_1,
T74,1677314467_1,
T74,1677484715_1,
T74,1677484746_1,
T74,1677485338_1,
T74,1677485369_1,
T74,1677485953_1,
T74,1677485984_1,
T74,1677486590_1,
T74,1677486621_1,
T74,1677856328_1,
T74,1677856398_1,
T74,1677856951_1,
T74,1677857021_1,
T74,1677857678_1,
T74,1677857748_1,
T74,1677858413_1,
T74,1677858483_1,
T74,1678029024_1,
T74,1678029640_1,
T74,1678030224_1,
T74,1678030255_1,
T74,1678030824_1,
T74,1678030855_1,
T74,1678031402_1,
T74,1678031447_1,
T75,1680806329_1,
T75,1680806389_1,
T75,1680807259_1,
T75,1680807334_1,
T75,1680808159_1,
T75,1680808219_1,
T75,1681300117_1,
T75,1681300172_1,
T75,1681300754_1,
T75,1681300809_1,
T75,1681301527_1,
T75,1681301582_1,
T75,1681302254_1,
T75,1681302329_1,
T75,1681903787_1,
T75,1681903910_1,
T75,1681904156_1,
T75,1681904279_1,
T75,1681904402_1,
T75,1681904526_1,
T75,1681904649_1,
T75,1681904772_1,
T75,1681904895_1,
T75,1681905018_1,
T75,1681905141_1,
T75,1681905265_1,
T75,1681905388_1,
T75,1681905511_1,
T75,1681905634_1,
T75,1681905757_1,
T75,1681905880_1,
T75,1681906003_1,
T75,1681906127_1,
T75,1681906250_1,
T75,1681906373_1,
T75,1681906496_1,
T75,1681906619_1,
T75,1681906742_1,
T75,1681906866_1,
T75,1681907974_1,
T75,1681908097_1,
T75,1681908220_1,
T75,1681908343_1,
T75,1681908466_1,
T75,1681908590_1,
T75,1681908713_1,
T75,1681908836_1,
T75,1681910191_1,
T75,1681910314_1,
T75,1681910437_1,
T75,1681910560_1,
T75,1681910683_1,
T75,1681910806_1,
T75,1681910930_1,
T75,1681911053_1,
T75,1681911176_1,
T75,1681911299_1,
T75,1681911422_1,
T75,1681911545_1,
T75,1681911668_1,
T75,1681911792_1,
T75,1681911915_1,
T75,1681912038_1,
T75,1681912161_1,
T75,1681912407_1,
T75,1681912608_1,
T75,1681913677_1,
T75,1681916816_1,
T75,1681921717_1,
T75,1681922436_1,
T75,1681926717_1,
T75,1681927200_1,
T75,1681931457_1,
T75,1681931940_1,
T75,1681936817_1,
T75,1681937300_1,
T75,1681943777_1,
T75,1681944357_1,
T75,1681991487_1,
T75,1681991682_1,
T75,1681998739_1,
T75,1681998934_1,
T75,1682003499_1,
T75,1682003695_1,
T75,1682005919_1,
T75,1682006159_1,
T75,1682016679_1,
T75,1682016875_1,
T75,1682023479_1,
T75,1682023675_1,
T75,1682031139_1,
T75,1682031360_1,
T76,1683543389_1,
T76,1683550070_1,
T76,1683550550_1,
T76,1683552463_1,
T76,1683552976_1,
T76,1683554209_1,
T76,1683554722_1,
T76,1683557021_1,
T76,1683557392_1,
T76,1683557774_1,
T76,1683558517_1,
T76,1683558869_1,
T76,1683559252_1,
T76,1683559984_1,
T76,1683560347_1,
T76,1683560744_1,
T76,1683561464_1,
T76,1683561832_1,
T76,1683562222_1,
T76,1683562949_1,
T76,1683563317_1,
T76,1683563692_1,
T76,1683564442_1,
T76,1683564794_1,
T76,1683565162_1,
T76,1683565904_1,
T76,1683566272_1,
T76,1683566654_1,
T76,1683567397_1,
T76,1683567757_1,
T76,1683568124_1,
T76,1683569234_1,
T76,1683569609_1,
T76,1683597937_1,
T76,1683597962_1,
T76,1683597986_1,
T76,1683598071_1,
T76,1683598147_1,
T76,1683598194_1,
T76,1683599107_1,
T76,1683599132_1,
T76,1683599375_1,
T76,1683599400_1,
T76,1683599424_1,
T76,1683599449_1,
T76,1683599473_1,
T76,1683599498_1,
T76,1683599580_1,
T76,1683599790_1,
T76,1683612465_1,
T76,1683612588_1,
T76,1683615913_1,
T76,1683616036_1,
T76,1683616159_1,
T76,1683616282_1,
T76,1683616406_1,
T76,1683616529_1,
T76,1683616652_1,
T76,1683616775_1,
T76,1683618342_1,
T76,1683618466_1,
T76,1683618589_1,
T76,1683618712_1,
T76,1683618958_1,
T76,1683619081_1,
T76,1683619204_1,
T76,1683619328_1,
T76,1683619451_1,
T76,1683619574_1,
T76,1683619697_1,
T76,1683619820_1,
T76,1683621234_1,
T76,1683621894_1,
T76,1683622613_1,
T76,1683629543_1,
T76,1683631464_1,
T76,1683631947_1,
T76,1683633868_1,
T76,1683634351_1,
T76,1683636272_1,
T76,1683636755_1,
T76,1683638676_1,
T76,1683639814_1,
T76,1683640174_1,
T76,1683640534_1,
T76,1683640894_1,
T76,1683641634_1,
T76,1683666634_1,
T76,1683666995_1,
T76,1683668257_1,
T76,1683668574_1,
T76,1683668891_1,
T76,1683887635_1,
T76,1683889164_1,
T76,1683889255_1,
T76,1684255436_1,
T76,1684256523_1,
T76,1684256569_1,
T76,1684257626_1,
T76,1684257686_1,
T76,1684428260_1,
T76,1684429407_1,
T76,1684429458_1,
T76,1684430404_1,
T76,1684430473_1,
T77,1685870340_1,
T77,1685870863_1,
T77,1685870895_1,
T77,1685871501_1,
T77,1685871546_1,
T77,1685872108_1,
T77,1685872153_1,
T77,1686496450_1,
T77,1686497012_1,
T77,1686497044_1,
T77,1686497560_1,
T77,1686497592_1,
T77,1686498062_1,
T77,1686498094_1,
T77,1686498715_1,
T77,1686498760_1,
T77,1686669551_1,
T77,1686670256_1,
T77,1686670307_1,
T77,1686670991_1,
T77,1687246052_1,
T77,1687250772_1,
T77,1687254432_1,
T77,1687254832_1,
T77,1687256553_1,
T77,1687256949_1,
T77,1687260373_1,
T77,1687260769_1,
T77,1687264273_1,
T77,1687264629_1,
T77,1687303579_1,
T77,1687303702_1,
T77,1687303826_1,
T77,1687304688_1,
T77,1687304811_1,
T77,1687304934_1,
T77,1687306981_1,
T77,1687307753_1,
T77,1687308466_1,
T77,1687310693_1,
T77,1687311421_1,
T77,1687312906_1,
T77,1687313653_1,
T77,1687315861_1,
T77,1687317338_1,
T77,1687318816_1,
T77,1687323133_1,
T77,1687323852_1,
T77,1687327833_1,
T77,1687328390_1,
T77,1687331753_1,
T77,1687332236_1,
T77,1687335013_1,
T77,1687335513_1,
T77,1687339594_1,
T77,1687339977_1,
T77,1687429523_1,
T77,1687434573_1,
T77,1687441754_1,
T77,1687509094_1,
T77,1687514474_1,
T77,1687519854_1,
T77,1687525294_1,
T77,1687530654_1,
T77,1687536094_1,
T77,1687541454_1,
T77,1687546834_1,
T77,1687557674_1,
T77,1687563074_1,
T77,1687568454_1,
T77,1687613654_1,
T77,1687616374_1,
T77,1687619074_1,
T77,1687621774_1,
T77,1687624454_1,
T77,1687627214_1,
T77,1687629854_1,
T77,1687632614_1,
T77,1687635254_1,
T77,1687637954_1,
T77,1687643394_1,
T77,1687646074_1,
T77,1687648694_1,
T77,1687651434_1,
T77,1687654194_1,
T77,1687656874_1,
T77,1687660449_1,
T78,1694437057_1,
T78,1694437138_1,
T78,1694437219_1,
T78,1694437300_1,
T78,1694437381_1,
T78,1694437462_1,
T78,1694437542_1,
T78,1694437623_1,
T78,1694437704_1,
T78,1694437785_1,
T78,1694437866_1,
T78,1694437947_1,
T78,1694438108_1,
T78,1694438189_1,
T78,1694438270_1,
T78,1694438351_1,
T78,1694438432_1,
T78,1694438513_1,
T78,1694438594_1,
T78,1694438674_1,
T78,1694438755_1,
T78,1694438836_1,
T78,1694438917_1,
T78,1694444983_1,
T78,1694445383_1,
T78,1694449063_1,
T78,1694449484_1,
T78,1694456883_1,
T78,1694460084_1,
T78,1694462404_1,
T78,1694465064_1,
T78,1694467804_1,
T78,1694470464_1,
T78,1694505816_1,
T78,1694506412_1,
T78,1694507399_1,
T78,1694509684_1,
T78,1694511604_1,
T78,1694513384_1,
T78,1694515244_1,
T78,1694517064_1,
T78,1694518844_1,
T78,1694522464_1,
T79,1701919705_1,
T79,1701920925_1,
T79,1701921985_1,
T79,1702129486_1,
T79,1702130626_1,
T79,1702237830_1,
T79,1702238047_1,
T79,1702238289_1,
T79,1702238506_1,
T79,1702238748_1,
T79,1702239182_1,
T79,1702239662_1,
T79,1702240096_1,
T79,1702240576_1,
T79,1702241010_1,
T79,1702241490_1,
T79,1702241924_1,
T79,1702242404_1,
T79,1702242838_1,
T79,1702243318_1,
T79,1702243752_1,
T79,1702244232_1,
T79,1702244666_1,
T79,1702245146_1,
T79,1702245580_1,
T79,1702246060_1,
T79,1702246293_1,
T79,1702246557_1,
T79,1702246790_1,
T79,1702247054_1,
T79,1702247287_1,
T79,1702247551_1,
T79,1702247784_2,
T79,1702248048_1,
T79,1702248281_1,
T79,1702248642_1,
T79,1702249227_1,
T79,1702249887_1,
T79,1702250525_1,
T79,1702511415_1,
T79,1702512150_1,
T79,1702512885_1,
T79,1702513552_1,
T79,1702514280_1,
T79,1702515000_1,
T79,1702515690_1,
T79,1702516410_1,
T79,1702517175_1,
T79,1702518015_1,
T79,1702518742_1,
T79,1702519447_1,
T79,1702520145_1,
T79,1702522635_1,
T79,1702523875_1,
T79,1702524602_1,
T79,1702524827_1,
T79,1702525591_1,
T79,1702526015_1,
T79,1702526259_1,
T79,1702526669_1,
T79,1702528150_1,
T79,1702534693_1,
T79,1702535370_1,
T79,1702538072_1,
T79,1702538283_1,
T79,1702539031_1,
T79,1702540065_1,
T79,1702540613_1,
T79,1702543693_1,
T79,1702544159_1,
T79,1702546353_1,
T79,1702546696_1,
T79,1702547904_1,
T79,1702548750_1,
T79,1702549166_1,
T79,1702554424_1,
T79,1702554496_1,
T79,1702554569_1,
T79,1702554641_1,
T79,1702554714_1,
T79,1702554787_1,
T79,1702554859_1,
T79,1702554932_1,
T79,1702555169_1,
T79,1702555242_1,
T79,1702555314_1,
T79,1702555387_1,
T79,1702555459_1,
T79,1702555532_1,
T79,1702555604_1,
T79,1702555677_1,
T79,1702555750_1,
T79,1702555822_1,
T79,1702555895_1,
T79,1702613954_1,
T79,1702614140_1,
T79,1702617349_1,
T79,1702617535_1,
T79,1702620529_1,
T79,1702620715_1,
T79,1702624869_1,
T79,1702625026_1,
T79,1702628289_1,
T79,1702628446_1,
T79,1702631369_1,
T79,1702631526_1,
T79,1702635709_1,
T79,1702635838_1,
T79,1702638169_1,
T79,1702638409_1,
T79,1702640749_1,
T79,1702643489_1,
T79,1702643618_1,
T79,1702646449_1,
T79,1702646565_1,
T79,1702649269_1,
T79,1702649385_1,
T79,1702652009_1,
T79,1702652125_1,
T79,1702654269_1,
T79,1702657329_1,
T79,1702657439_1,
T79,1702659889_1,
T79,1702659994_1,
T79,1702662489_1,
T79,1702662594_1,
T79,1702665229_1,
T79,1702665334_1,
T79,1702668170_1,
T79,1702668269_1,
T79,1702670770_1,
T79,1702670869_1,
T79,1702673530_1,
T79,1702673629_1,
T79,1702676070_1,
T79,1702676169_1,
T79,1702732230_1,
T79,1702735850_1,
T79,1702739430_1,
T79,1702743050_1,
T79,1702746630_1,
T79,1702750230_1,
T79,1702753810_1,
T79,1702757410_1,
T79,1702761030_1,
T79,1702764630_1,
T79,1702768210_1,
T79,1702771830_1,
T79,1702775430_1,
T79,1702779030_1,
T79,1703190713_1,
T79,1703191878_1,
T79,1703192928_1,
T80,1704163278_1,
T80,1704163661_1,
T80,1704164656_1,
T80,1704165072_1,
T80,1704169456_1,
T80,1704169904_1,
T80,1704174796_1,
T80,1704179411_1,
T80,1704180182_1,
T80,1704180921_1,
T80,1704181654_1,
T80,1704183131_1,
T80,1704184608_1,
T80,1704186084_1,
T80,1704213598_1,
T80,1704214198_1,
T80,1704214793_1,
T80,1704215393_1,
T80,1704256617_4,
T80,1704257066_4,
T81,1706576815_1,
T81,1706577198_1,
T81,1706578719_1,
T81,1706581035_1,
T81,1706581484_1,
T81,1706585335_1,
T81,1706585784_1,
T81,1706597424_1,
T81,1706598924_1,
T81,1706600404_1,
T81,1706601884_1,
T81,1706603384_1,
T81,1706635143_1,
T81,1706635385_1,
T81,1706637103_1,
T81,1706637627_1,
T81,1706637822_1,
T81,1706640023_1,
T81,1706640547_1,
T81,1706642623_1,
T81,1706642908_1,
T81,1706644693_1,
T81,1706644817_1,
T81,1706644940_1,
T81,1706645063_1,
T81,1706645186_1,
T81,1706645309_1,
T81,1706645432_1,
T81,1706645555_4,
T81,1706645706_1,
T81,1706645924_1,
T81,1706646048_1,
T81,1706646171_1,
T81,1706646958_1,
T81,1706647323_1,
T81,1706647447_1,
T81,1706647570_1,
T81,1706647693_1,
T81,1706647816_1,
T81,1706647939_1,
T81,1706648062_1,
T81,1706648185_1,
T81,1706648309_1,
T81,1706648432_1,
T81,1706648555_1,
T81,1706648678_1,
T81,1706648801_1,
T81,1706648924_1,
T81,1706649048_1,
T81,1706649171_1,
T81,1706649294_1,
T81,1706649417_1,
T81,1706649540_1,
T81,1706649663_1,
T81,1706652126_1,
T81,1706652249_1,
T81,1706652373_1,
T81,1706652496_1,
T81,1706652619_1,
T81,1706652742_1,
T81,1706652865_1,
T81,1706652988_1,
T81,1706653112_1,
T81,1706653235_1,
T81,1706653358_1,
T81,1706653481_1,
T81,1706653604_1,
T81,1706653727_1,
T81,1706653850_1,
T81,1706653974_1,
T81,1706654097_1,
T81,1706654220_1,
T81,1706657543_1,
T81,1706658099_1,
T81,1706660310_1,
T81,1706660559_1,
T81,1706660771_1,
T81,1706660877_1,
T81,1706661703_1,
T81,1706662259_1,
T81,1706666203_1,
T81,1706670283_1,
T81,1706670483_1,
T81,1706670589_1,
T81,1706671551_1,
T81,1706809356_1,
T81,1706809461_3,
T81,1706815096_1,
T81,1706815201_1,
T81,1706820456_1,
T81,1706825876_1,
T81,1706825981_1,
T81,1706831296_1,
T81,1706831401_1,
T81,1706842076_1,
T81,1706842181_1,
T81,1706847476_1,
T81,1706847581_1,
T81,1706852896_1,
T81,1706853001_1,
T81,1706858276_1,
T81,1706858381_1,
T81,1706863656_1,
T81,1706863761_1,
T81,1706869076_1,
T81,1706869181_1,
T81,1706874456_1,
T81,1706874561_1,
T81,1706879981_3,
T81,1706896076_1,
T81,1706896181_1,
T81,1706912361_1,
T81,1706955217_1,
T81,1706955322_1,
T81,1706961057_1,
T81,1706961140_1,
T81,1706966457_1,
T81,1706966540_1,
T81,1706971837_1,
T81,1706971920_1,
T81,1706977320_1,
T81,1706982657_1,
T81,1706982740_1,
T81,1706988057_1,
T81,1706993560_1,
T81,1707042037_1,
T81,1707042116_1,
T81,1707049257_1,
T81,1707049336_1,
T81,1707056457_1,
T81,1707056536_1,
T81,1707063657_1,
T81,1707063736_1,
T81,1707070857_1,
T81,1707070936_1,
T81,1707078057_1,
T81,1707078136_1,
T81,1707085257_1,
T81,1707099657_1,
T82,1708274865_1,
T82,1708284530_1,
T82,1708284611_1,
T82,1708284692_1,
T82,1708284773_1,
T82,1708284854_1,
T82,1708284935_1,
T82,1708285015_1,
T82,1708285096_1,
T82,1708285177_1,
T82,1708285258_1,
T82,1708285339_1,
T82,1708285420_1,
T82,1708285501_1,
T82,1708285581_1,
T82,1708285662_1,
T82,1708285743_1,
T82,1708285824_1,
T82,1708285905_1,
T82,1708285986_1,
T82,1708286067_1,
T82,1708290526_1,
T82,1708296345_1,
T82,1708296907_1,
T82,1708300402_1,
T82,1708300939_1,
T82,1708301260_1,
T82,1708304702_1,
T82,1708307663_1,
T82,1708317391_1,
T82,1708318029_1,
T82,1708351155_1,
T82,1708351256_1,
T82,1708351357_1,
T82,1708351458_1,
T82,1708367821_1,
T82,1708372732_1,
T82,1708373056_1,
T83,1716313487_1,
T83,1716316167_1,
T83,1716318847_1,
T83,1716321567_1,
T83,1716366247_1,
T83,1716366697_1,
T83,1716367125_1,
T83,1716367568_1,
T83,1716369091_1,
T83,1716370485_1,
T83,1716372270_1,
T83,1716372997_1,
T83,1716376007_1,
T83,1716376278_1,
T83,1716376804_1,
T83,1716379130_1,
T83,1716379624_1,
T83,1716381587_1,
T83,1716381847_1,
T83,1716381944_1,
T83,1716382387_1,
T83,1716384148_1,
T83,1716384569_1,
T83,1716386209_1,
T83,1716386630_1,
T83,1716388270_1,
T83,1716388668_1,
T84,1717675586_1,
T84,1717675866_1,
T84,1717680626_1,
T84,1717680906_1,
T84,1717691247_1,
T84,1717694406_1,
T84,1717697627_1,
T84,1717700646_1,
T84,1717732797_1,
T84,1717733061_1,
T84,1717738777_1,
T84,1717739084_1,
T84,1717749217_1,
T84,1717749567_1,
T84,1717754446_1,
T84,1717754681_1,
T84,1717755608_1,
T84,1717756176_1,
T84,1717760006_1,
T84,1717760504_1,
T84,1717764186_1,
T84,1717764684_1,
T84,1717768006_1,
T84,1717768467_1,
T84,1717772426_1,
T84,1717781486_1,
T84,1717781556_1,
T84,1717781625_1,
T84,1717781694_1,
T84,1717781764_3,
T84,1717844106_1,
T84,1717844276_1,
T84,1717845989_1,
T84,1717847786_3,
T84,1717847956_1,
T84,1717849986_1,
T84,1717850156_1,
T84,1717852034_1,
T84,1717852204_1,
T84,1717853594_1,
T84,1717853743_1,
T84,1717854944_1,
T84,1717855086_1,
T84,1717855949_1,
T84,1717856174_1,
T84,1717856826_1,
T84,1717857471_1,
T84,1717859196_1,
T84,1717859338_1,
T84,1717861011_1,
T84,1717861153_1,
T84,1717862624_1,
T84,1717862766_1,
T84,1717865031_1,
T84,1717865173_1,
T84,1717866315_1,
T84,1717866438_1,
T84,1717866918_1,
T84,1717867041_1,
T84,1717867521_1,
T84,1717867644_1,
T84,1717868124_1,
T84,1717868248_1,
T84,1717877115_1,
T84,1717877238_1,
T84,1717877720_1,
T84,1717877843_1,
T84,1717878325_1,
T84,1717878448_1,
T84,1717878930_1,
T84,1717879053_1,
T85,1721171792_1,
T85,1721172426_1,
T85,1721172501_1,
T85,1721173086_1,
T85,1721173157_1,
T85,1721307637_1,
T85,1721307711_1,
T85,1721308432_1,
T85,1721308506_1,
T85,1721309287_1,
T85,1721309370_1,
T85,1721773576_1,
T85,1721799268_1,
T85,1721807221_1,
T85,1721870967_1,
T85,1721872202_1,
T85,1721872879_1,
T85,1721874414_1,
T85,1721875929_1,
T85,1721877459_1,
T85,1721878977_1,
T85,1721880512_1,
T85,1721882051_1,
T85,1721883609_4,
T85,1721885217_1,
T85,1721886828_1,
T85,1721887234_1,
T85,1721887953_1,
T85,1721890817_1,
T85,1721891412_1,
T85,1721893781_1,
T85,1721894338_1,
T85,1721896557_1,
T85,1721897040_1,
T85,1721898961_1,
T85,1721899444_1,
T85,1721901365_1,
T85,1721901781_1,
T85,1721903436_1,
T85,1721903851_1,
T85,1721905438_1,
T85,1721905878_1,
T85,1721907458_1,
T85,1721907902_1,
T85,1721909718_1,
T85,1721910162_1,
T85,1721911938_1,
T85,1721912402_1,
T85,1721914498_1,
T85,1721914827_1,
T85,1721916678_1,
T85,1721916987_1,
T85,1721918818_1,
T85,1721919127_1,
T85,1721920818_1,
T85,1721921127_1,
T85,1721922858_1,
T85,1721923167_1,
T85,1721924818_1,
T85,1721925147_1,
T85,1721926758_1,
T85,1721926994_1,
T85,1721928398_1,
T85,1721928654_1,
T85,1721929858_1,
T85,1721930094_1,
T85,1721931258_1,
T85,1721931494_1,
T86,1727355885_1,
T86,1727402425_1,
T86,1727402862_1,
T86,1727407725_1,
T86,1727408119_1,
T86,1727414957_1,
T86,1727442129_1,
T86,1727525048_1,
T86,1727525197_1,
T86,1727529048_1,
T86,1727529204_1,
T86,1727533148_1,
T86,1727533304_1,
T86,1727536388_1,
T86,1727539448_1,
T86,1727539584_1,
T86,1727542368_1,
T86,1727542504_1,
T86,1727545528_1,
T86,1727545664_1,
T86,1727549008_1,
T86,1727549168_1,
T86,1727550008_1,
T86,1727550113_1,
T86,1727551488_1,
T86,1727551593_1,
T86,1727552808_1,
T87,1730564353_1,
T87,1730564444_1,
T87,1730565186_1,
T87,1730565269_1,
T87,1731426652_1,
T87,1731449172_1,
T87,1731450341_1,
T87,1731450825_1,
T87,1731455841_1,
T87,1731456416_1,
T87,1731464741_1,
T87,1731464944_1,
T87,1731467541_1,
T87,1731467778_1,
T87,1731468253_1,
T87,1731515142_1,
T87,1731515861_1,
T87,1731519260_7,
T87,1731521224_1,
T87,1731521943_1,
T87,1731523862_1,
T87,1731524040_1,
T87,1731524392_1,
T87,1731525111_1,
T87,1731527763_1,
T87,1731529002_1,
T87,1731529678_1,
T87,1731532282_1,
T87,1731532858_1,
T87,1731535153_1,
T87,1731535729_1,
T87,1731538202_1,
T87,1731538778_1,
T87,1731541342_1,
T87,1731541844_1,
T87,1731543222_1,
T87,1731543724_1,
T88,1732080435_1,
T88,1732080514_1,
T88,1732081852_1,
T88,1732081931_1,
T88,1732144265_1,
T88,1732145753_1,
T88,1732145832_1,
T88,1732252598_1,
T88,1732252677_2,
T88,1732253791_1,
T88,1732254661_1,
T88,1732254740_1,
T88,1732339479_1,
T88,1732339558_1,
T88,1732341062_1,
T88,1732341145_1,
T88,1732833857_1,
T88,1732838726_1,
T88,1732838859_1,
T88,1732843579_1,
T88,1732845121_1,
T88,1732846669_1,
T88,1732848206_1,
T88,1732849744_1,
T88,1732850501_1,
T88,1732851263_1,
T88,1732851576_1,
T88,1732852033_1,
T88,1732852352_1,
T88,1732853119_1,
T88,1732856181_1,
T88,1732862216_1,
T88,1732862339_1,
T88,1732862462_1,
T88,1732862585_1,
T88,1732865471_1,
T88,1732881224_1,
T88,1732883824_1,
T88,1732884386_1,
T88,1732884919_1,
T88,1732887169_1,
T88,1732887716_1,
T88,1732889306_1,
T88,1732890918_1,
T88,1732891901_1,
T88,1732892620_1,
T88,1732895484_1,
T88,1732896203_1,
T88,1732899067_1,
T88,1732899721_1,
T88,1732902326_1,
T88,1732902960_1,
T88,1732906961_1,
T88,1732907573_1,
T88,1732910019_1,
T88,1732910631_1,
T88,1732913077_8,
T88,1732913631_1,
T88,1732915836_1,
T88,1732918595_1,
T88,1732919095_1,
T88,1732921083_1,
T88,1732923581_1,
T88,1732924296_1,
T88,1732933182_1,
T88,1732933277_1,
T88,1732933372_1,
T88,1732933467_1,
T88,1732933562_1,
T88,1732933657_1,
T88,1732933752_1,
T88,1732933847_1,
T88,1732933942_1,
T88,1732934037_1,
T88,1732934132_1,
T88,1732934226_1,
T88,1732934321_1,
T88,1732934416_1,
T88,1732934511_1,
T88,1732934606_1,
T88,1732934701_1,
T88,1732934796_1,
T88,1732934891_1,
T88,1732934986_1,
T88,1732935081_1,
T88,1732935176_1,
T88,1732935270_1,
T88,1732935365_1,
T88,1732935460_1,
T88,1732935555_1,
T88,1732935650_1,
T88,1732935745_1,
T88,1732935840_1,
T88,1732935935_1,
T88,1732936030_1,
T88,1732936125_1,
T88,1732936220_1,
T88,1732936315_1,
T88,1732936409_1,
T88,1732936504_1,
T88,1732936599_1,
T88,1732945382_1,
T88,1732945477_1,
T88,1732945572_1,
T88,1732945667_1,
T88,1732945762_1,
T88,1732945857_1,
T88,1732945952_1,
T88,1732946047_1,
T88,1732946142_1,
T88,1732946237_1,
T88,1732946332_1,
T88,1732946426_1,
T88,1732946521_1,
T88,1732946616_1,
T88,1732946711_1,
T88,1732946806_1,
T88,1732946901_1,
T88,1732946996_1,
T88,1732947091_1,
T88,1732947186_1,
T88,1732947281_1,
T88,1732947376_1,
T88,1732947470_1,
T88,1732947565_1,
T88,1732947660_1,
T88,1732947755_1,
T88,1732947850_1,
T88,1732947945_1,
T88,1732948040_1,
T88,1732948135_1,
T88,1732948230_1,
T88,1732948325_1,
T88,1732948420_1,
T88,1732948515_1,
T88,1732949428_1,
T88,1732955994_1,
T88,1732956070_1,
T88,1732956146_1,
T88,1732956222_1,
T88,1732956298_1,
T88,1732956374_1,
T88,1732956450_1,
T88,1732956526_1,
T88,1732956602_1,
T88,1732956678_1,
T88,1732956754_1,
T88,1732956830_1,
T88,1732956906_1,
T88,1732956982_1,
T88,1732957058_1,
T88,1732957134_1,
T88,1732957210_1,
T88,1732957286_1,
T88,1732957362_1,
T88,1732957438_1,
T88,1732957513_1,
T88,1732957589_1,
T88,1732957665_1,
T88,1732957741_1,
T88,1732957817_1,
T88,1732957893_1,
T88,1732957969_1,
T88,1732958045_1,
T88,1732958121_1,
T88,1732958197_1,
T88,1732958273_1,
T88,1732958349_1,
T88,1732965725_1,
T88,1733042180_1,
T88,1733042304_1,
T88,1733044168_1,
T88,1733044292_1,
T88,1733047341_1,
T88,1733047464_1,
T88,1733051421_1,
T88,1733051544_1,
T88,1733053003_1,
T88,1733053108_1,
T88,1733055663_1,
T88,1733055768_1,
T88,1733058483_1,
T88,1733058588_1,
T88,1733062743_1,
T88,1733062848_1,
T88,1733065923_1,
T88,1733066028_1,
T88,1733067073_1,
T88,1733067167_1,
T88,1733068596_1,
T88,1733068690_1,
T88,1733069983_1,
T88,1733070077_1,
T89,1739808478_1,
T89,1739808613_1,
T89,1739808748_1,
T89,1739808884_1,
T89,1739809019_1,
T89,1739809154_1,
T89,1739809290_1,
T89,1739809425_1,
T89,1739816949_1,
T89,1739817042_1,
T89,1739817134_1,
T89,1739817227_1,
T89,1739817319_1,
T89,1739817411_1,
T89,1739817504_1,
T89,1739817596_1,
T89,1739817689_1,
T89,1739817781_1,
T89,1739817873_1,
T89,1739817966_1,
T89,1739818058_1,
T89,1739818151_1,
T89,1739818243_1,
T89,1739818335_1,
T89,1739818428_1,
T89,1739818520_1,
T89,1739830134_1,
T89,1739831193_1,
T89,1739831435_1,
T89,1739878787_1,
T89,1739879006_1,
T89,1739889587_1,
T89,1739889806_1,
T89,1739894888_1,
T89,1739900347_1,
T89,1739900533_1,
T89,1739911227_1,
T89,1739911413_1,
T89,1739917547_1,
T89,1739922607_1,
T89,1739922793_1,
T89,1739932827_1,
T89,1739933013_1,
T89,1739943927_1,
T89,1739944084_1,
T89,1739954387_1,
T89,1739954544_1,
T89,1739964327_1,
T89,1739964484_1,
T89,1740007627_1,
T89,1740007721_1,
T89,1740010227_1,
T89,1740012727_1,
T89,1740012821_1,
T89,1740015367_1,
T89,1740018107_1,
T89,1740018201_1,
T89,1740023487_1,
T89,1740023581_1,
T89,1740028827_1,
T89,1740028921_1,
T89,1740034247_1,
T89,1740034341_1,
T89,1740039647_1,
T89,1740039741_1,
T89,1740045107_1,
T89,1740045201_1,
T89,1740050467_1,
T89,1740050561_1,
T89,1740055867_1,
T89,1740055961_1,
T89,1740061247_1,
T89,1740061341_1,
T89,1740066627_1,
T89,1740066721_1,
T89,1740072047_1,
T89,1740072141_1,
T89,1740077467_1,
T89,1740077561_1,
T89,1740082767_1,
T89,1740082861_1,
T89,1740087290_1,
T89,1740087384_1,
T90,1743836988_1,
T90,1743837080_1,
T90,1743837173_1,
T90,1743837265_1,
T90,1743837357_1,
T90,1743837450_1,
T90,1743837542_1,
T90,1743837635_1,
T90,1743845521_1,
T90,1743847923_1,
T90,1743848117_1,
T90,1743848501_1,
T90,1743860803_1,
T90,1743861189_1,
T90,1743861408_1,
T90,1743864442_1,
T90,1743867740_1,
T90,1743871078_1,
T90,1743884641_1,
T90,1743884712_1,
T90,1743884941_1,
T90,1743887258_1,
T90,1743889014_1,
T90,1743889057_1,
T90,1743889101_1,
T90,1743889144_1,
T90,1743889188_1,
T90,1743902746_1,
T90,1743903661_1,
T90,1743905016_1,
T90,1743906699_1,
T90,1743908756_1,
T90,1743909412_1,
T90,1743909981_1,
T90,1743910846_1,
T90,1743911656_1,
T90,1743912473_1,
T90,1743914501_1,
T90,1743915783_1,
T90,1743916891_1,
T90,1743917898_1,
T90,1743918473_1,
T90,1743920928_1,
T90,1743921647_1,
T90,1743926275_1,
T90,1743926865_1,
T90,1743930916_1,
T90,1743931506_1,
T90,1743937163_1,
T90,1743943164_1,
T90,1743950149_1,
T90,1743950230_1,
T90,1743950311_1,
T90,1743950392_1,
T90,1743950473_1,
T90,1743950554_1,
T90,1743950634_1,
T90,1743950715_1,
T90,1743950796_1,
T90,1743950877_1,
T90,1743950958_1,
T90,1743951039_1,
T90,1743951120_1,
T90,1743951200_1,
T90,1743951362_1,
T90,1743951443_1,
T90,1743951524_1,
T90,1743951605_1,
T90,1743951686_1,
T90,1743951766_1,
T90,1743951847_1,
T90,1743951928_1,
T90,1743952009_1,
T90,1743952090_1,
T90,1743963248_1,
T90,1744018973_1,
T90,1744019192_1,
T90,1744026953_1,
T90,1744027172_1,
T90,1744034473_1,
T90,1744034659_1,
T90,1744041573_1,
T90,1744041759_1,
T90,1744048753_1,
T90,1744048939_1,
T91,1747368629_1,
T91,1747369544_1,
T91,1747369623_1,
T91,1747370557_1,
T91,1747370636_1,
T91,1747481913_1,
T91,1747482007_1,
T91,1747483123_1,
T91,1747483884_1,
T91,1747483978_1,
T91,1747637071_1,
T91,1747637165_1,
T91,1747637836_1,
T91,1747637930_1,
T91,1747638564_1,
T91,1747638658_1,
T91,1747971417_1,
T91,1747975550_1,
T91,1747975643_1,
T91,1747975735_1,
T91,1747975828_1,
T91,1747975920_1,
T91,1747976012_1,
T91,1747976105_1,
T91,1747976197_1,
T91,1747979393_1,
T91,1747979876_1,
T91,1747982421_1,
T91,1747985053_1,
T91,1747985225_1,
T91,1747986742_1,
T91,1747986880_1,
T91,1747986906_1,
T91,1747987015_1,
T91,1747987035_1,
T91,1747987061_1,
T91,1747987108_1,
T91,1747987273_1,
T91,1747987364_1,
T91,1747987411_1,
T91,1747987437_1,
T91,1747988331_1,
T91,1747993078_1,
T91,1747993971_1,
T91,1748002678_1,
T91,1748048174_1,
T91,1748051766_1,
T91,1748053252_1,
T91,1748057414_1,
T91,1748058383_1,
T91,1748064954_1,
T91,1748065434_1,
T91,1748068774_1,
T91,1748069254_1,
T91,1748070994_1,
T91,1748084520_1,
T91,1748084601_1,
T91,1748084682_1,
T91,1748084763_1,
T91,1748084844_1,
T91,1748084925_1,
T91,1748085005_1,
T91,1748085086_1,
T91,1748085167_1,
T91,1748085248_1,
T91,1748085329_1,
T91,1748085410_1,
T91,1748085491_1,
T91,1748085571_1,
T91,1748085652_1,
T91,1748085733_1,
T91,1748085814_1,
T91,1748085895_1,
T91,1748085976_1,
T91,1748086057_1,
T91,1748086137_1,
T91,1748086218_1,
T91,1748086299_1,
T91,1748086380_1,
T91,1748086461_1,
T91,1748086542_1,
T91,1748086623_1,
T91,1748086703_1,
T91,1748086784_1,
T91,1748086865_1,
T91,1748086946_1,
T91,1748087027_1,
T91,1748087108_1,
T91,1748087189_1,
T91,1748087269_1,
T91,1748087350_1,
T91,1748087431_1,
T91,1748087512_1,
T91,1748092440_1,
T91,1748092521_1,
T91,1748092602_1,
T91,1748092683_1,
T91,1748092764_1,
T91,1748092845_1,
T91,1748092925_1,
T91,1748093006_1,
T91,1748093087_1,
T91,1748093168_1,
T91,1748093249_1,
T91,1748093330_1,
T91,1748093411_1,
T91,1748093491_1,
T91,1748093572_1,
T91,1748093653_1,
T91,1748093734_1,
T91,1748093815_1,
T91,1748093896_1,
T91,1748093977_1,
T91,1748094057_1,
T91,1748094138_1,
T91,1748094219_1,
T91,1748094300_1,
T91,1748094381_1,
T91,1748094462_1,
T91,1748094543_1,
T91,1748094623_1,
T91,1748094704_1,
T91,1748094785_1,
T91,1748094866_1,
T91,1748094947_1,
T91,1748095028_1,
T91,1748095109_1,
T91,1748095189_1,
T91,1748095270_1,
T91,1748095351_1,
T91,1748095432_1,
T91,1748152559_1,
T91,1748152764_1,
T91,1748157519_1,
T91,1748161679_1,
T91,1748161884_1,
T91,1748166599_1,
T91,1748166777_1,
T91,1748171817_1,
T91,1748176599_1,
T91,1748176777_1,
T91,1748180999_1,
T91,1748181156_1,
T91,1748186179_1,
T91,1748186336_1,
T91,1748191099_1,
T91,1748191256_1,
T91,1748197561_1,
T91,1748200600_1,
T91,1748210210_1,
T91,1748211200_1,
T91,1748211740_1,
T92,1752108524_1,
T92,1752109844_1,
T92,1752110511_1,
T92,1752111820_1,
T92,1752113601_1,
T92,1752115292_1,
T92,1752115431_1,
T92,1752115681_1,
T92,1752116166_1,
T92,1752116749_1,
T92,1752117896_1,
T92,1752118441_1,
T92,1752120652_1,
T92,1752121315_1,
T92,1752123769_1,
T92,1752124449_1,
T92,1752124508_1,
T92,1752166032_1,
T92,1752166720_1,
T92,1752168482_1,
T92,1752169202_1,
T92,1752169885_1,
T92,1752173200_1,
T92,1752173388_1,
T92,1752174068_1,
T92,1752175173_1,
T92,1752175996_1,
T92,1752178620_1,
T92,1752178977_1,
T92,1752179847_1,
T92,1752181573_1,
T92,1752184096_1,
T92,1752186528_1,
T92,1752187202_1,
T92,1752188838_1,
T92,1752191283_1,
T92,1752191766_1,
T92,1752193773_1,
T92,1752196128_1,
T92,1752196893_1,
T92,1752197673_1,
T92,1752198460_1,
T92,1752199240_1,
T92,1752200021_1,
T92,1752200598_1,
T92,1752202053_1,
T92,1752204034_1,
T92,1752259626_1,
T92,1752265445_1,
T92,1752269285_1,
T92,1752272785_1,
T92,1752276245_1,
T92,1752279325_1,
T92,1752283685_1,
T92,1752286846_1,
T92,1752290745_1,
T92,1752293889_1,
T92,1752296306_1,
T92,1752299626_1,
T92,1752302706_1,
T92,1752305606_1,
T92,1752308406_1,
T92,1752312486_1,
T92,1752312609_1,
T92,1752317726_1,
T92,1752317849_1,
T92,1752322726_1,
T92,1752322849_1,
T92,1752326846_1,
T92,1752329526_1,
T92,1752332906_1,
T92,1752336063_1,
T92,1752479228_1,
T92,1752480062_1,
T92,1752480150_1,
T92,1752480977_1,
T92,1752481065_1,
T93,1752737718_1,
T93,1752737823_1,
T93,1752739196_1,
T93,1752739301_1,
T93,1753453933_1,
T93,1753455464_1,
T93,1753455526_1,
T93,1753455588_1,
T93,1753455650_1,
T93,1753455712_1,
T93,1753455774_1,
T93,1753455836_1,
T93,1753455898_1,
T93,1753455960_1,
T93,1753456022_1,
T93,1753456084_1,
T93,1753456146_1,
T93,1753456208_1,
T93,1753456270_1,
T93,1753456332_1,
T93,1753456394_1,
T93,1753456457_1,
T93,1753456519_1,
T93,1753456581_1,
T93,1753456643_1,
T93,1753456705_1,
T93,1753456767_1,
T93,1753456829_1,
T93,1753456891_1,
T93,1753456953_1,
T93,1753457015_1,
T93,1753457077_1,
T93,1753457139_1,
T93,1753457201_1,
T93,1753457263_1,
T93,1753457325_1,
T93,1753457387_1,
T93,1753457449_1,
T93,1753457511_1,
T93,1753457574_1,
T93,1753457636_1,
T93,1753457698_1,
T93,1753457760_1,
T93,1753457822_1,
T93,1753457884_1,
T93,1753457946_1,
T93,1753459066_1,
T93,1753459128_1,
T93,1753459190_1,
T93,1753459252_1,
T93,1753459314_1,
T93,1753459376_1,
T93,1753459438_1,
T93,1753459500_1,
T93,1753459562_1,
T93,1753459624_1,
T93,1753459686_1,
T93,1753459748_1,
T93,1753459810_1,
T93,1753459872_1,
T93,1753459934_1,
T93,1753459997_1,
T93,1753460059_1,
T93,1753460121_1,
T93,1753460183_1,
T93,1753460245_1,
T93,1753460307_1,
T93,1753460369_1,
T93,1753460431_1,
T93,1753460493_1,
T93,1753460555_1,
T93,1753460617_1,
T93,1753460679_1,
T93,1753460741_1,
T93,1753460803_1,
T93,1753460865_1,
T93,1753460927_1,
T93,1753460989_1,
T93,1753461051_1,
T93,1753461114_1,
T93,1753461176_1,
T93,1753461238_1,
T93,1753461300_1,
T93,1753461362_1,
T93,1753461424_1,
T93,1753461486_1,
T93,1753461548_1,
T93,1753461610_1,
T93,1753461672_1,
T93,1753461734_1,
T93,1753462922_1,
T93,1753462984_1,
T93,1753463046_1,
T93,1753463108_1,
T93,1753463170_1,
T93,1753463232_1,
T93,1753463294_1,
T93,1753463356_1,
T93,1753463418_1,
T93,1753463480_1,
T93,1753463542_1,
T93,1753463604_1,
T93,1753463728_1,
T93,1753463790_1,
T93,1753463852_1,
T93,1753463914_1,
T93,1753463977_1,
T93,1753464039_1,
T93,1753464101_1,
T93,1753464163_1,
T93,1753464287_1,
T93,1753464349_1,
T93,1753464411_1,
T93,1753464473_1,
T93,1753464535_1,
T93,1753464597_1,
T93,1753464659_1,
T93,1753464721_1,
T93,1753464783_1,
T93,1753464845_1,
T93,1753464907_1,
T93,1753464969_1,
T93,1753465031_1,
T93,1753465094_1,
T93,1753465156_1,
T93,1753465218_1,
T93,1753465280_1,
T93,1753465342_1,
T93,1753465404_1,
T93,1753465466_1,
T93,1753465528_1,
T93,1753465590_1,
T93,1753465652_1,
T93,1753465714_1,
T93,1753465838_1,
T93,1753466417_1,
T93,1753466480_1,
T93,1753466542_1,
T93,1753466604_1,
T93,1753466666_1,
T93,1753466728_1,
T93,1753466790_1,
T93,1753466852_1,
T93,1753466914_1,
T93,1753466976_1,
T93,1753467038_1,
T93,1753467100_1,
T93,1753467162_1,
T93,1753467224_1,
T93,1753467286_1,
T93,1753467348_1,
T93,1753467410_1,
T93,1753467472_1,
T93,1753467534_1,
T93,1753467597_1,
T93,1753467659_1,
T93,1753467721_1,
T93,1753467783_1,
T93,1753467845_1,
T93,1753467907_1,
T93,1753467969_1,
T93,1753468031_1,
T93,1753468093_1,
T93,1753468155_1,
T93,1753468217_1,
T93,1753468279_1,
T93,1753468341_1,
T93,1753468403_1,
T93,1753468465_1,
T93,1753468527_1,
T93,1753468589_1,
T93,1753468651_1,
T93,1753468714_1,
T93,1753468776_1,
T93,1753468838_1,
T93,1753468900_1,
T93,1753468962_1,
T93,1753469024_1,
T93,1753469086_1,
T93,1753469148_1,
T93,1753469210_1,
T93,1753469272_1,
T93,1753469334_1,
T93,1753469396_1,
T93,1753469458_1,
T93,1753469520_1,
T93,1753469582_1,
T93,1753470333_1,
T93,1753470395_1,
T93,1753470457_1,
T93,1753470520_1,
T93,1753470582_1,
T93,1753470644_1,
T93,1753470706_1,
T93,1753470768_1,
T93,1753470830_1,
T93,1753470892_1,
T93,1753470954_1,
T93,1753471016_1,
T93,1753471078_1,
T93,1753471140_1,
T93,1753471202_1,
T93,1753471264_1,
T93,1753471326_1,
T93,1753471388_1,
T93,1753471450_1,
T93,1753471512_1,
T93,1753471574_1,
T93,1753471637_1,
T93,1753471699_1,
T93,1753471761_1,
T93,1753471823_1,
T93,1753471885_1,
T93,1753471947_1,
T93,1753472009_1,
T93,1753472071_1,
T93,1753472133_1,
T93,1753472195_1,
T93,1753472257_1,
T93,1753472319_1,
T93,1753472381_1,
T93,1753472443_1,
T93,1753472505_1,
T93,1753472567_1,
T93,1753472629_1,
T93,1753472691_1,
T93,1753472754_1,
T93,1753472816_1,
T93,1753472878_1,
T93,1753472940_1,
T93,1753473002_1,
T93,1753473064_1,
T93,1753473126_1,
T93,1753473188_1,
T93,1753474202_1,
T93,1753474264_1,
T93,1753474326_1,
T93,1753474388_1,
T93,1753474450_1,
T93,1753474512_1,
T93,1753474574_1,
T93,1753474636_1,
T93,1753474698_1,
T93,1753474760_1,
T93,1753474822_1,
T93,1753474884_1,
T93,1753474946_1,
T93,1753475008_1,
T93,1753475070_1,
T93,1753475132_1,
T93,1753475194_1,
T93,1753475257_1,
T93,1753475319_1,
T93,1753475381_1,
T93,1753475443_1,
T93,1753475505_1,
T93,1753475567_1,
T93,1753475629_1,
T93,1753475691_1,
T93,1753475753_1,
T93,1753475815_1,
T93,1753475877_1,
T93,1753475939_1,
T93,1753476001_1,
T93,1753476063_1,
T93,1753476125_1,
T93,1753476187_1,
T93,1753476249_1,
T93,1753476311_1,
T93,1753476374_1,
T93,1753476436_1,
T93,1753476498_1,
T93,1753476560_1,
T93,1753476622_1,
T93,1753476684_1,
T93,1753476746_1,
T93,1753476808_1,
T93,1753476870_1,
T93,1753476932_1,
T93,1753476994_1,
T93,1753477056_1,
T93,1753477118_1,
T93,1753477993_1,
T93,1753478055_1,
T93,1753478117_1,
T93,1753478180_1,
T93,1753478242_1,
T93,1753478304_1,
T93,1753478366_1,
T93,1753478428_1,
T93,1753478490_1,
T93,1753478552_1,
T93,1753478614_1,
T93,1753478676_1,
T93,1753478738_1,
T93,1753478800_1,
T93,1753478862_1,
T93,1753478924_1,
T93,1753478986_1,
T93,1753479048_1,
T93,1753479110_1,
T93,1753479172_1,
T93,1753479234_1,
T93,1753479297_1,
T93,1753479359_1,
T93,1753479421_1,
T93,1753479483_1,
T93,1753479545_1,
T93,1753479607_1,
T93,1753479669_1,
T93,1753479731_1,
T93,1753479793_1,
T93,1753479855_1,
T93,1753479917_1,
T93,1753479979_1,
T93,1753480041_1,
T93,1753480103_1,
T93,1753480165_1,
T93,1753480227_1,
T93,1753480289_1,
T93,1753480351_1,
T93,1753480414_1,
T93,1753480476_1,
T93,1753480538_1,
T93,1753480600_1,
T93,1753480662_1,
T93,1753480724_1,
T93,1753480786_1,
T93,1753480848_1,
T93,1753480910_1,
T93,1753480972_1,
T93,1753481034_1,
T93,1753481158_1,
T93,1753482732_1,
T93,1753484625_1,
T93,1753484973_1,
T93,1753485792_1,
T93,1753486003_1,
T93,1753486216_1,
T93,1753487379_1,
T93,1753487768_1,
T93,1753488122_1,
T93,1753488597_1,
T93,1753488946_1,
T93,1753489531_1,
T93,1753489886_1,
T93,1753490993_1,
T93,1753492553_1,
T93,1753493017_1,
T93,1753493292_1,
T93,1753493745_1,
T93,1753496029_1,
T93,1753496493_1,
T93,1753496712_1,
T93,1753497910_1,
T93,1753498989_1,
T93,1753499525_1,
T93,1753500612_1,
T93,1753503511_1,
T93,1753504716_1,
T93,1753506001_1,
T93,1753507298_1,
T93,1753511153_1,
T93,1753513741_1,
T93,1753515016_1,
T93,1753516321_1,
T93,1753517603_1,
T93,1753549196_1,
T93,1753550378_1,
T93,1753551713_1,
T93,1753552351_1,
T93,1753552816_1,
T93,1753554136_1,
T93,1753555253_1,
T93,1753555930_1,
T93,1753556596_1,
T93,1753557721_1,
T93,1753559063_1,
T93,1753560203_1,
T93,1753561538_1,
T93,1753562696_1,
T93,1753564056_1,
T93,1753566897_1,
T93,1753568014_1,
T93,1753570878_1,
T93,1753571216_1,
T93,1753571684_1,
T93,1753572617_1,
T93,1753573883_1,
T93,1753574184_1,
T93,1753575007_1,
T93,1753575841_1,
T93,1753576134_1,
T93,1753577400_1,
T93,1753577688_1,
T93,1753578272_1,
T93,1753635174_1,
T93,1753635417_1,
T93,1753640494_1,
T93,1753645239_1,
T93,1753645458_1,
T93,1753649594_1,
T93,1753652394_1,
T93,1753656034_1,
T93,1753658774_1,
T93,1753661132_1,
T93,1753880674_1,
T93,1753880768_1,
T93,1753882144_1,
T93,1753882238_1,
T94,1757018095_1,
T94,1757021315_1,
T94,1757025975_1,
T94,1757029135_1,
T94,1757032935_1,
T94,1757036235_1,
T94,1757040355_1,
T94,1757043455_1,
T94,1757154436_1,
T94,1757161656_1,
T94,1757164957_1,
T94,1757168836_1,
T94,1757172237_1,
T94,1757176056_1,
T94,1757183276_1,
T94,1757186556_1,
T94,1757190476_1,
T94,1757193736_1,
T94,1757196976_1,
T94,1757584598_1,
T94,1757591478_1,
T94,1757591563_1,
T94,1757591648_1,
T94,1757591732_1,
T94,1757591817_1,
T94,1757591902_1,
T94,1757591987_1,
T94,1757592071_1,
T94,1757592156_1,
T94,1757592241_1,
T94,1757592325_1,
T94,1757592410_1,
T94,1757592495_1,
T94,1757592579_1,
T94,1757592664_1,
T94,1757592749_1,
T94,1757592833_1,
T94,1757592918_1,
T94,1757593003_1,
T94,1757593088_1,
T94,1757593172_1,
T94,1757593257_1,
T94,1757593342_1,
T94,1757593426_1,
T94,1757593511_1,
T94,1757593596_1,
T94,1757593680_1,
T94,1757593765_1,
T94,1757593850_1,
T94,1757593934_1,
T94,1757594019_1,
T94,1757594104_1,
T94,1757594189_1,
T94,1757594273_1,
T94,1757594358_1,
T94,1757594443_1,
T94,1757599198_1,
T94,1757599302_1,
T94,1757599406_1,
T94,1757599510_1,
T94,1757599614_1,
T94,1757599718_1,
T94,1757599822_1,
T94,1757599926_1,
T94,1757600030_1,
T94,1757600134_1,
T94,1757600238_1,
T94,1757600342_1,
T94,1757600446_1,
T94,1757600550_1,
T94,1757600654_1,
T94,1757600757_1,
T94,1757600861_1,
T94,1757600965_1,
T94,1757601069_1,
T94,1757601173_1,
T94,1757601277_1,
T94,1757601381_1,
T94,1757601485_1,
T94,1757601589_1,
T94,1757601693_1,
T94,1757601797_1,
T94,1757601901_1,
T94,1757602005_1,
T94,1757602109_1,
T94,1757602213_1,
T94,1757603102_1,
T94,1757603206_1,
T94,1757603310_1,
T94,1757603414_1,
T94,1757603518_1,
T94,1757603622_1,
T94,1757603726_1,
T94,1757603830_1,
T94,1757603934_1,
T94,1757604038_1,
T94,1757604142_1,
T94,1757604246_1,
T94,1757604350_1,
T94,1757604454_1,
T94,1757604557_1,
T94,1757604661_1,
T94,1757604765_1,
T94,1757604869_1,
T94,1757604973_1,
T94,1757605077_1,
T94,1757605181_1,
T94,1757605285_1,
T94,1757605389_1,
T94,1757605493_1,
T94,1757605597_1,
T94,1757605701_1,
T94,1757605805_1,
T94,1757605909_1,
T94,1757606013_1,
T94,1757606117_1,
T94,1757606618_1,
T94,1757606707_1,
T94,1757614196_1,
T94,1757615258_1,
T94,1757617413_1,
T94,1757618273_1,
T94,1757619172_1,
T94,1757619771_1,
T94,1757620155_1,
T94,1757621001_1,
T94,1757621875_1,
T94,1757623665_1,
T94,1757624633_1,
T94,1757625495_1,
T94,1757626339_1,
T94,1757628093_1,
T94,1757628705_1,
T94,1757629188_1,
T94,1757630032_1,
T94,1757630244_1,
T94,1757631989_1,
T94,1757632432_1,
T94,1757633281_1,
T94,1757635575_1,
T94,1757637535_1,
T94,1757638290_1,
T94,1757638973_1,
T94,1757639475_1,
T94,1757643233_1,
T94,1757645078_1,
T94,1757646120_1,
T94,1757653224_1,
T94,1757670021_1,
T94,1757670070_1,
T94,1757670120_1,
T94,1757670169_1,
T94,1757670219_1,
T94,1757671180_1,
T94,1757671772_1,
T94,1757672350_1,
T94,1757674697_1,
T94,1757676097_1,
T94,1757677397_1,
T94,1757680077_1,
T94,1757681397_1,
T94,1757682717_1,
T94,1757684036_1,
T94,1757685376_1,
T94,1757686716_1,
T94,1757688136_1,
T94,1757689476_1,
T94,1757690736_1,
T94,1757692096_1,
T94,1757694796_1,
T94,1757697316_1,
T94,1757698876_1,
T94,1757699595_1,
T94,1757701184_1,
T94,1757701618_1,
T94,1757702337_1,
T94,1757703992_1,
T94,1757704711_1,
T94,1757705145_1,
T94,1757706460_1,
T94,1757706894_1,
T94,1757707346_1,
T94,1757773280_1,
T94,1757776020_1,
T94,1757779540_1,
T94,1757783020_1,
T94,1757786000_1,
T94,1757788180_1,
T94,1757791360_1,
T94,1757794560_1,
T94,1757797348_1,
T94,1758014565_1,
T94,1758014694_1,
T94,1758015622_1,
T94,1758015765_1,
T95,1759652590_1,
T95,1759653347_1,
T95,1759653715_1,
T95,1759802013_1,
T95,1759802433_1,
T95,1759803183_1,
T95,1760256376_1,
T95,1760259616_1,
T95,1760263496_1,
T95,1760266876_1,
T95,1760270916_1,
T95,1760272856_1,
T95,1760274976_1,
T95,1760276716_1,
T95,1760278936_1,
T95,1760281876_1,
T95,1760282236_1,
T95,1760283276_1,
T95,1760342857_1,
T95,1760354931_1,
T95,1760355020_1,
T95,1760355109_1,
T95,1760355197_1,
T95,1760355286_1,
T95,1760355374_1,
T95,1760355463_1,
T95,1760355551_1,
T95,1760355640_1,
T95,1760362491_1,
T95,1760370081_1,
T95,1760371704_1,
T95,1760372484_1,
T95,1760373204_1,
T95,1760373944_1,
T95,1760374684_1,
T95,1760375444_1,
T95,1760376225_1,
T95,1760379424_1,
T95,1760379742_1,
T95,1760381604_1,
T95,1760382884_1,
T95,1760383202_1,
T95,1760384464_1,
T95,1760384781_1,
T95,1760385371_1,
T95,1760389249_1,
T95,1760389710_1,
T95,1760390284_1,
T95,1760391389_1,
T95,1760392804_1,
T95,1760394385_1,
T95,1760396659_1,
T95,1760398882_1,
T95,1760398927_1,
T95,1760443124_1,
T95,1760445844_1,
T95,1760448464_1,
T95,1760451044_1,
T95,1760459344_1,
T95,1760460063_1,
T95,1760463484_1,
T95,1760465124_1,
T95,1760465681_1,
T95,1760468004_1,
T95,1760469440_1,
T95,1760470947_1,
T95,1760528318_1,
T95,1760529979_1,
T95,1760532878_1,
T95,1760537278_1,
T95,1760539578_1,
T95,1760542698_1,
T95,1760545018_1,
T95,1760547298_1,
T95,1760551678_1,
T95,1760554478_1,
T95,1760557918_1,
T95,1760560518_1,
T95,1760564538_1,
T95,1760568858_1,
T95,1760573358_1,
T95,1760577738_1,
T95,1760581278_1,
T95,1760581471_1,
T95,1760582183_1,
T95,1760592076_1,
T95,1760592886_1,
T95,1761006926_2,
T95,1761007043_2,
T95,1761007931_1,
T95,1761008048_1,
T95,1761008966_1,
T95,1761009083_1,
T95,1761009889_1,
T95,1761010006_1,
T96,1763788738_1,
T96,1763789796_1,
T96,1763789969_1,
T96,1763874884_2,
T96,1763875041_2,
T96,1763875994_1,
T96,1763876151_1,
T96,1763877104_1,
T96,1763877261_1,
T96,1764395402_1,
T96,1764401442_1,
T96,1764406742_1,
T96,1764409742_1,
T96,1764413782_1,
T96,1764418662_1,
T96,1764433796_1,
T96,1764436016_1,
T96,1764481053_1,
T96,1764488812_1,
T96,1764488874_1,
T96,1764488936_1,
T96,1764488998_1,
T96,1764489060_1,
T96,1764489122_1,
T96,1764489184_1,
T96,1764489246_1,
T96,1764489308_1,
T96,1764489370_1,
T96,1764489432_1,
T96,1764489494_1,
T96,1764489556_1,
T96,1764489618_1,
T96,1764489680_1,
T96,1764489742_1,
T96,1764489804_1,
T96,1764489867_1,
T96,1764489929_1,
T96,1764489991_1,
T96,1764490053_1,
T96,1764490115_1,
T96,1764490177_1,
T96,1764490239_1,
T96,1764490301_1,
T96,1764490363_1,
T96,1764490425_1,
T96,1764490487_1,
T96,1764490549_1,
T96,1764490611_1,
T96,1764490673_1,
T96,1764490735_1,
T96,1764490797_1,
T96,1764490859_1,
T96,1764490921_1,
T96,1764496443_1,
T96,1764496508_1,
T96,1764496573_1,
T96,1764496638_1,
T96,1764496703_1,
T96,1764496768_1,
T96,1764496833_1,
T96,1764496898_1,
T96,1764497028_1,
T96,1764497093_1,
T96,1764497159_1,
T96,1764497224_1,
T96,1764497289_1,
T96,1764497354_1,
T96,1764497419_1,
T96,1764497484_1,
T96,1764497549_1,
T96,1764497614_1,
T96,1764497679_1,
T96,1764497744_1,
T96,1764497809_1,
T96,1764497874_1,
T96,1764497939_1,
T96,1764498004_1,
T96,1764498069_1,
T96,1764498134_1,
T96,1764498199_1,
T96,1764498264_1,
T96,1764498329_1,
T96,1764498394_1,
T96,1764498459_1,
T96,1764498524_1,
T96,1764498589_1,
T96,1764498654_1,
T96,1764498719_1,
T96,1764498784_1,
T96,1764498849_1,
T96,1764498914_1,
T96,1764501753_1,
T96,1764504122_1,
T96,1764504841_1,
T96,1764507705_1,
T96,1764508033_1,
T96,1764509335_1,
T96,1764509849_1,
T96,1764510693_1,
T96,1764512822_1,
T96,1764514473_1,
T96,1764516182_1,
T96,1764517842_1,
T96,1764518669_1,
T96,1764519882_1,
T96,1764520785_1,
T96,1764521550_1,
T96,1764522330_1,
T96,1764523148_1,
T96,1764523936_1,
T96,1764524708_1,
T96,1764526262_1,
T96,1764527047_1,
T96,1764527767_1,
T96,1764528608_1,
T96,1764529387_1,
T96,1764530167_1,
T96,1764530910_1,
T96,1764531690_1,
T96,1764532501_1,
T96,1764533236_1,
T96,1764534076_1,
T96,1764557902_1,
T96,1764559402_1,
T96,1764578522_1,
T96,1764581562_1,
T96,1764585543_1,
T96,1764586262_1,
T96,1764587701_1,
T96,1764590565_1,
T96,1764590849_1,
T96,1764595623_1,
T96,1764595906_1,
T96,1764596501_1,
T96,1764598721_1,
T96,1764600143_1,
T96,1764600626_1,
T96,1764600928_1,
T96,1764602933_1,
T97,1767154880_1,
T97,1767157220_1,
T97,1767160280_1,
T97,1767162560_1,
T97,1767165520_1,
T97,1767167560_1,
T97,1767171640_1,
T97,1767176120_1,
T97,1767179780_1,
T97,1767181288_1,
T97,1767183358_1,
T97,1767191780_1,
T97,1767192898_1,
T97,1767194848_1,
T97,1767238939_1,
T97,1767257160_1,
T97,1767257891_1,
T97,1767258663_1,
T97,1767259451_1,
T97,1767260246_1,
T97,1767260995_1,
T97,1767261767_1,
T97,1767262601_1,
T97,1767263336_1,
T97,1767264123_1,
T97,1767265127_1,
T97,1767266442_1,
T97,1767266925_1,
T97,1767269534_1,
T97,1767270058_1,
T97,1767272775_1,
T97,1767273331_1,
T97,1767273842_1,
T97,1767276565_1,
T97,1767278942_1,
T97,1767281417_1,
T97,1767286402_1,
T97,1767288895_1,
T97,1767291460_1,
T97,1767312723_1,
T97,1767313307_1,
T97,1767313848_1,
T97,1767314425_1,
T97,1767326860_1,
T97,1767329342_3,
T97,1767334262_1,
T97,1767336782_1,
T97,1767339227_1,
T97,1767342032_1,
T97,1767342227_1,
T97,1767342995_1,
T97,1767343443_1,
T97,1767344118_1,
T97,1767346809_1,
T97,1767347702_1,
T97,1767348088_1,
T97,1767348856_1,
T97,1767349412_1,
T97,1767351623_1,
T97,1767351776_1,
T97,1767352377_1,
T97,1767352860_1,
T97,1767355045_1,
T98,1769285043_1,
T98,1769285131_1,
T98,1769286551_1,
T98,1769286639_1,
T98,1769457785_1,
T98,1769457914_1,
T98,1769459150_1,
T98,1769459279_1,
T98,1769909417_1,
T98,1769912677_1,
T98,1769916277_1,
T98,1769920017_1,
T98,1769922837_1,
T98,1769925318_1,
T98,1769928279_1,
T98,1769931358_1,
T98,1769934679_1,
T98,1769938358_1,
T98,1769938816_1,
T98,1769940181_1,
T98,1769941973_1,
T98,1769949608_1,
T98,1769950854_1,
T98,1769952743_1,
T98,1769996757_1,
T98,1770014076_1,
T98,1770014559_1,
T98,1770016487_1,
T98,1770016952_1,
T98,1770020684_1,
T98,1770021796_1,
T98,1770022238_1,
T98,1770023995_1,
T98,1770025836_1,
T98,1770026119_1,
T98,1770026804_1,
T98,1770027255_1,
T98,1770027887_1,
T98,1770031111_1,
T98,1770032656_1,
T98,1770034996_1,
T98,1770035724_1,
T98,1770038049_1,
T98,1770038916_1,
T98,1770039676_1,
T98,1770040476_1,
T98,1770085442_1,
T98,1770085847_1,
T98,1770087362_1,
T98,1770089402_1,
T98,1770091337_1,
T98,1770093347_1,
T98,1770100117_1,
T98,1770101697_1,
T98,1770102277_1,
T98,1770103057_1,
T98,1770104177_1,
T98,1770105417_1,
T98,1771029605_2,
T98,1771029710_3,
T98,1771030118_1,
T98,1771030223_1,
T99,1772755939_2,
T99,1772756734_1,
T99,1772757521_1,
T99,1772759884_1,
T99,1772760665_1,
T99,1772761414_1,
T99,1772762201_1,
T99,1772763004_1,
T99,1772763420_1,
T99,1772862163_1,
T99,1772884236_1,
T100,1774542870_1,
T100,1774543582_1,
T100,1774544497_1,
T100,1774651546_1,
T100,1774652303_1,
T100,1774653173_1,
T100,1774823327_1,
T100,1774823456_1,
T100,1774824639_1,
T100,1774945607_1,
T100,1774945724_1,
T100,1774947024_1,
T100,1774947141_1,
T100,1775059180_1,
T100,1775059297_1,
T100,1775060418_1,
T100,1775060535_1,
T100,1775145409_1,
T100,1775145526_1,
T100,1775146811_1,
T100,1775146942_1,
T100,1775511530_1,
T100,1775515466_1,
T100,1775515566_1,
T100,1775515666_1,
T100,1775515766_1,
T100,1775515866_1,
T100,1775515966_1,
T100,1775516066_1,
T100,1775516166_1,
T100,1775516266_1,
T100,1775518072_1,
T100,1775518173_1,
T100,1775518273_1,
T100,1775518373_1,
T100,1775518473_1,
T100,1775518573_1,
T100,1775518673_1,
T100,1775518773_1,
T100,1775518873_1,
T100,1775518973_1,
T100,1775519240_1,
T100,1775519333_1,
T100,1775519425_1,
T100,1775519518_1,
T100,1775519610_1,
T100,1775519702_1,
T100,1775519795_1,
T100,1775519887_1,
T100,1775519980_1,
T100,1775520072_1,
T100,1775520164_1,
T100,1775520257_1,
T100,1775520712_1,
T100,1775522450_1,
T100,1775523222_1,
T100,1775524011_1,
T100,1775524760_1,
T100,1775525562_1,
T100,1775526350_1,
T100,1775527107_1,
T100,1775527917_1,
T100,1775528682_1,
T100,1775530962_1,
T100,1775533469_1,
T100,1775534334_1,
T100,1775537036_1,
T100,1775537986_1,
T100,1775539365_1,
T100,1775540587_1,
T100,1775541574_1,
T100,1775542123_1,
T100,1775542818_1,
T100,1775543151_1,
T100,1775544209_1,
T100,1775546733_1,
T100,1775548135_1,
T100,1775549215_1,
T100,1775549860_1,
T100,1775551472_1,
T100,1775555147_1,
T100,1775557327_1,
T100,1775559547_1,
T100,1775564987_1,
T100,1775590128_1,
T100,1775591188_1,
T100,1775596568_1,
T100,1775597648_1,
T100,1775600888_1,
T100,1775601948_1,
T100,1775603028_1,
T100,1775604688_1,
T100,1775605248_1,
T100,1775605967_1,
T100,1775608831_1,
T100,1775609426_1,
T100,1775611795_1,
T100,1775612390_1,
T100,1775614759_1,
T100,1775615354_1,
T100,1775619648_1,
T100,1775620588_1,
T100,1775620677_1,
T100,1775620766_1,
T100,1775620854_1,
T100,1775620943_1,
T100,1775621031_1,
T100,1775621120_1,
T100,1775621208_1,
T100,1775621297_1,
T100,1775621385_1,
T100,1775621474_1,
T100,1775621563_1,
T100,1775621651_1,
T100,1775621740_1,
T100,1775621828_1,
T100,1775621917_1,
T100,1775627528_1,
T100,1775627640_1,
T100,1775627752_1,
T100,1775627863_1,
T100,1775627975_1,
T100,1775628086_1,
T100,1775628198_1,
T100,1775628310_1,
T100,1775628421_1,
T100,1775628533_1,
T100,1775628645_1,
T100,1775628756_1,
T100,1775628979_1,
T100,1775629091_1,
T100,1775629203_1,
T100,1775629314_1,
T100,1775629426_1,
T100,1775629538_1,
T100,1775629649_1,
T100,1775629761_1,
T100,1775629872_1,
T100,1775629984_1,
T100,1775630096_1,
T100,1775634600_1,
T100,1775634712_1,
T100,1775634823_1,
T100,1775634935_1,
T100,1775635046_1,
T100,1775635158_1,
T100,1775635270_1,
T100,1775635381_1,
T100,1775635493_1,
T100,1775635605_1,
T100,1775635716_1,
T100,1775635828_1,
T100,1775635939_1,
T100,1775636051_1,
T100,1775636163_1,
T100,1775636274_1,
T100,1775636386_1,
T100,1775636498_1,
T100,1775636609_1,
T100,1775636721_1,
T100,1775636832_1,
T100,1775636944_1,
T100,1775637056_1,
T100,1775637167_1,
T100,1775648413_1,
T100,1776175082_2,
T100,1776175218_2,
T100,1776176290_1,
T100,1776176426_1,
T100,1776177610_1,
T100,1776177746_1,
T100,1776178727_1,
T100,1776347216_2,
T100,1776347373_2,
T100,1776348423_1,
T100,1776349661_1,
T100,1776349802_1,
T100,1776350921_1,
T101,1777321582_1,
T101,1777323145_1,
T101,1777323262_1,
T101,1777493959_1,
T101,1777495586_1,
T101,1777495703_1,
T101,1777839291_1,
T101,1777839427_1,
T101,1777840566_1,
T101,1777840702_1,
T101,1777939469_1,
T101,1777940713_1,
T101,1777940849_1,
T101,1778966442_1,
T101,1778966523_1,
T101,1778966604_1,
T101,1778966685_1,
T101,1778966766_1,
T101,1778966847_1,
T101,1778966927_1,
T101,1778967008_1,
T101,1778967089_1,
T101,1778967170_1,
T101,1778967251_1,
T101,1778967332_1,
T101,1778967413_1,
T101,1778967493_1,
T101,1778967574_1,
T101,1778967655_1,
T101,1778967736_1,
T101,1778967817_1,
T101,1778967898_1,
T101,1778967979_1,
T101,1778971293_1,
T101,1778971963_1,
T101,1778972683_1,
T101,1778973410_1,
T101,1778987551_1,
T101,1778989970_1,
T101,1778990615_1,
T101,1778991283_1,
T101,1778995310_1,
T101,1778997930_1,
T101,1779071691_1,
T101,1779074711_1,
T101,1779084779_1,
T101,1779084860_1,
T101,1779084941_1,
T101,1779085022_1,
T101,1779085103_1,
T101,1779085184_1,
T101,1779085264_1,
T101,1779085345_1,
T101,1779085426_1,
T101,1779085507_1,
T101,1779085588_1,
T101,1779085669_1,
T101,1779085750_1,
T101,1779085830_1,
T101,1779085911_1,
T101,1779087561_1,
T101,1779087665_1,
T101,1779087769_1,
T101,1779087873_1,
T101,1779087977_1,
T101,1779088081_1,
T101,1779088185_1,
T101,1779088289_1,
T101,1779088393_1,
T101,1779088497_1,
T101,1779088601_1,
T101,1779088705_1,
T101,1779149736_1,
T101,1779153396_1,
T101,1779160576_1,
T101,1779164136_1,
T101,1779170296_1,
T101,1779276637_2,
T101,1779276794_2,
T101,1779277822_1,
T101,1779277979_1,
T101,1779278962_1,
T101,1779279119_1,
T102,1780224651_2,
T102,1780224739_2,
T102,1780225943_1,
T102,1780226044_1,
T102,1780226443_1,
T102,1780226531_1,
T102,1780226901_1,
T102,1780226989_1,
T102,1780311067_2,
T102,1780311146_2,
T102,1780312224_1,
T102,1780312325_1,
T102,1780312704_1,
T102,1780312805_1,
T102,1780313184_1,
T102,1780313285_1,
T102,1780313654_1,
T102,1780396034_2,
T102,1780396113_2,
T102,1780397504_1,
T102,1780397605_1,
T102,1780397964_1,
T102,1780398065_1,
T102,1780398424_1,
T102,1780398525_1,
T102,1780398914_1,
T102,1780398993_1,
T102,1780482518_2,
T102,1780482623_2,
T102,1780483365_1,
T102,1780483470_1,
T102,1780484243_1,
T102,1780484348_1,
T102,1780485165_1,
T102,1780485270_1,
T102,1780568978_2,
T102,1780569083_2,
T102,1780569863_1,
T102,1780569968_1,
T102,1780570793_1,
T102,1780570898_1,
T102,1780571580_1,
T102,1780571685_1,
T102,1780793417_2,
T102,1780793522_2,
T102,1780794362_1,
T102,1780795075_1,
T102,1780795180_1,
T102,1780795900_1,
T102,1780936301_2,
T102,1780936412_2,
T102,1780937051_1,
T102,1780937171_1,
T102,1780937861_1,
T102,1780937981_1,
T102,1780938626_1,
T102,1780938746_1,
T102,1781715732_1,
T102,1781740292_1,
T102,1781743856_2,
T102,1781744726_1,
T102,1781745558_1,
T102,1781746421_1,
T102,1781747238_1,
T102,1781752983_1,
T102,1781753559_1,
T102,1781755036_1,
T102,1781756793_1,
T102,1781756904_1,
T102,1781758518_1,
T102,1781760478_1,
T102,1781760893_1,
T102,1781772358_1,
T102,1781772795_1,
T102,1781816021_1,
T102,1781825318_1,
T102,1781826497_1,
T102,1781827988_1,
T102,1781828671_1,
T102,1781831358_1,
T102,1781833727_1,
T102,1781836122_1,
T102,1781838199_1,
T102,1781839179_1,
T102,1781840138_1,
T102,1781841078_1,
T102,1781842039_1,
T102,1781846184_1,
T103,1782983859_1,
T103,1782983942_1,
T103,1782984639_1,
T103,1782984722_1,
T103,1782985321_1,
T103,1782985404_1,
T103,1782985981_1,
T103,1782986064_1,
T103,1783071151_1,
T103,1783071234_1,
T103,1783072374_1,
T103,1783072457_1,
T103,1784470889_1,
T103,1784495908_1,
T103,1784497246_1,
T103,1784502376_1,
T103,1784506168_1,
T103,1784508048_1,
T103,1784515288_1,
T103,1784518808_1,
T103,1784523662_1,
T103,1784525918_1,
T103,1784527637_1,
T103,1784529744_1,
T103,1784531102_1,
T103,1784532467_1,
T103,1784533847_1,
T103,1784539868_1,
T103,1784541448_1,
T103,1784568091_1,
T103,1784569247_1,
T103,1784572209_1,
T103,1784574747_1,
T103,1784575944_1,
T103,1784577732_1,
T103,1784580208_1,
T103,1784583260_1,
T103,1784584268_1,
T103,1784584782_1,
T103,1784585414_1,
T103,1784588428_1,
T103,1784590869_1,
T103,1784600150_1,
T103,1784661451_1,
T103,1784663731_1,
T103,1784667451_1,
T103,1784670351_1,
T103,1784673891_1,
T103,1784676712_1,
T103,1784679451_1,
T103,1784685671_1,
T103,1784693131_1,
T103,1784697432_1,
T103,1784703692_1,
T103,1784706931_1,
T103,1784709432_1,
T103,1784711812_1,
T103,1784714473_1,
T103,1784717812_1,
T103,1784720813_1,
T103,1784724012_1,
T103,1784726312_1,
T103,1784729552_1,
T103,1784732132_1,
T103,1784735192_1,
T104,1787228447_1,
T104,1787253922_1,
T104,1787256345_1,
T104,1787257170_1,
T104,1787258070_1,
T104,1787267657_1,
T104,1787268246_1,
T104,1787271237_1,
T104,1787271956_1,
T104,1787274820_1,
T104,1787276254_1,
T104,1787277697_1,
T104,1787278537_1,
T104,1787311929_1,
T104,1787314297_1,
T104,1787319057_1,
T104,1787319977_1,
T104,1787323709_1,
T104,1787324428_1,
T104,1787333298_1,
T104,1787335997_1,
T104,1787338657_1,
T104,1787343698_1,
T104,1787347522_1,
T104,1787349082_1,
T104,1787351657_1,
T104,1787352497_1,
T104,1787353995_1,
T104,1787361077_1,
T105,1788608136_1,
T105,1788608279_1,
T105,1788609350_1,
T105,1788609488_1,
T105,1789044399_1,
T105,1789044528_1,
T105,1789045854_1,
T105,1789045983_1,
T105,1789360227_1,
T105,1789360356_1,
T105,1789361695_1,
T105,1789361824_1,
T105,1789532930_1,
T105,1789533079_1,
T105,1789534385_1,
T105,1789534534_1,
T105,1789985584_1,
T105,1790006824_1,
T105,1790009224_1,
T105,1790009781_1,
T105,1790015644_1,
T105,1790016201_1,
T105,1790019664_1,
T105,1790022024_1,
T105,1790022761_1,
T105,1790063645_1,
T105,1790064525_1,
T105,1790065425_1,
T105,1790066425_1,
T105,1790075342_1,
T105,1790075401_1,
T105,1790075461_1,
T105,1790075521_1,
T105,1790075580_1,
T105,1790075640_1,
T105,1790075700_1,
T105,1790075759_1,
T105,1790075819_1,
T105,1790075879_1,
T105,1790075938_1,
T105,1790076058_1,
T105,1790076117_1,
T105,1790076177_1,
T105,1790076237_1,
T105,1790076296_1,
T105,1790076356_1,
T105,1790076416_1,
T105,1790079028_1,
T105,1790079400_1,
T105,1790080877_1,
T105,1790083283_1,
T105,1790083399_1,
T105,1790083627_1,
T105,1790084623_1,
T105,1790085125_1,
T105,1790085755_1,
T105,1790086865_1,
T105,1790089055_1,
T105,1790090143_1,
T105,1790092645_1,
T105,1790093147_1,
T105,1790096425_1,
T105,1790098865_1,
T105,1790099366_1,
T105,1790101408_1,
T105,1790105473_1,
T105,1790105556_1,
T105,1790105639_1,
T105,1790105722_1,
T105,1790105804_1,
T105,1790105887_1,
T105,1790105970_1,
T105,1790106052_1,
T105,1790106135_1,
T105,1790106218_1,
T105,1790106301_1,
T105,1790106383_1,
T105,1790106466_1,
T105,1790106549_1,
T105,1790106631_1,
T105,1790106714_1,
T105,1790106797_1,
T105,1790106880_1,
T105,1790106962_1,
T105,1790107145_1,
T105,1790107228_1,
T105,1790107311_1,
T105,1790107394_1,
T105,1790107476_1,
T105,1790107559_1,
T105,1790107642_1,
T105,1790107724_1,
T105,1790107807_1,
T105,1790107890_1,
T105,1790107973_1,
T105,1790108055_1,
T105,1790108138_1,
T105,1790108221_1,
T105,1790108303_1,
T105,1790108386_1,
T105,1790108469_1,
T105,1790108552_1,
T105,1790108634_1,
T105,1790172526_1,
T105,1790173712_1,
T105,1790177666_1,
T105,1790177965_1,
T105,1790183386_1,
T105,1790194366_1,
T105,1790194618_1,
T105,1790197846_1,
T105,1790202127_1,
T105,1790202346_1,
T105,1790209887_1,
T105,1790210106_1,
T105,1790216627_1,
T105,1790216813_1,
T105,1790225253_1,
T105,1790231007_1,
T105,1790231164_1,
T105,1790244748_1,
T105,1790245364_1,
T105,1790255088_1,
T105,1790257467_1,
T105,1790257972_1,
T105,1790269007_1,
T105,1790273607_1,
T105,1790329750_1,
T105,1790331077_1,
T105,1790331263_1,
T105,1790332465_1,
T106,1791365304_1,
T106,1791366782_1,
T106,1791366911_1,
T106,1791945793_1,
T106,1791945922_1,
T106,1791947233_1,
T106,1791947362_1,
T106,1792118684_1,
T106,1792118813_1,
T106,1792120034_1,
T106,1792120163_1,
T106,1792415192_1,
T106,1792416384_1,
T106,1792416520_1,
T106,1792743144_1,
T106,1792760418_1,
T106,1792762931_1,
T106,1792763681_1,
T106,1792764438_1,
T106,1792765256_1,
T106,1792765991_1,
T106,1792767596_1,
T106,1792771773_1,
T106,1792772329_1,
T106,1792775834_1,
T106,1792777019_1,
T106,1792779623_1,
T106,1792782153_1,
T106,1792782633_1,
T106,1792789773_1,
T106,1792790993_1,
T106,1792795376_1,
T106,1792797288_1,
T106,1792799088_1,
T106,1792823781_1,
T106,1792829109_1,
T106,1792831393_1,
T106,1792833649_1,
T106,1792835013_1,
T106,1792837877_1,
T106,1792838621_1,
T106,1792838839_1,
T106,1792839276_1,
T106,1792842400_1,
T106,1792843834_1,
T106,1792844910_1,
T106,1792846354_1,
T106,1792847473_1,
T106,1792851855_1,
T106,1792852412_1,
T106,1792853531_1,
T106,1792855743_1,
T106,1792856317_1,
T106,1792921864_1,
T106,1792924724_1,
T106,1792934264_1,
T106,1792936264_1,
T106,1792940104_1,
T106,1792944584_1,
T106,1792948264_1,
T106,1792952284_1,
T106,1792956224_1,
T106,1793064905_1,
T106,1793066360_1,
T106,1793066465_1,
T107,1796880353_1,
T107,1796896264_1,
T107,1796896730_1,
T107,1796901524_1,
T107,1796902119_1,
T107,1796908084_1,
T107,1796914212_1,
T107,1796915119_1,
T107,1796916927_1,
T107,1796917812_1,
T107,1796963385_1,
T107,1796967005_1,
T107,1796970645_1,
T107,1796972079_1,
T107,1796975278_1,
T107,1796976165_1,
T107,1796976745_1,
T107,1796977886_1,
T107,1796980605_1,
T107,1796984925_1,
T107,1796985022_1,
T107,1796986085_1,
T107,1796986680_1,
T107,1796989785_1,
T107,1796997005_1,
T107,1796997068_1,
T107,1796997131_1,
T108,1798257091_1,
T108,1798257220_1,
T108,1798258681_1,
T108,1798258810_1,
T108,1798260421_1,
T108,1798260550_1,
T108,1798261981_1,
T108,1798262110_1,
T108,1798346063_1,
T108,1798346199_1,
T108,1798347488_1,
T108,1798347624_1,
T108,1799639027_1,
T108,1799640347_1,
T108,1799641060_1,
T108,1799656802_1,
T108,1799661342_1,
T108,1799667362_1,
T108,1799669055_1,
T108,1799670067_1,
T108,1799686672_1,
T108,1799687272_1,
T108,1799687862_1,
T108,1799688522_1,
T108,1799689722_1,
T108,1799690402_1,
T108,1799691002_1,
T108,1799691622_1,
T108,1799722182_1,
T108,1799725262_1,
T108,1799726687_1,
T108,1799743222_1,
T108,1799743796_1,
T108,1799768462_1,
T108,1799828508_1,
T108,1799830089_1,
T108,1799833688_1,
T108,1799833907_1,
T108,1799837408_1,
T108,1799837906_1,
T108,1799843228_1,
T108,1799843414_1,
T108,1799848988_1,
T108,1799849174_1,
T108,1799850208_1,
T109,1802094452_1,
T109,1802094588_1,
T109,1802225996_1,
T109,1802226132_1,
T109,1802227413_1,
T109,1802227549_1,
T109,1802396903_1,
T109,1802397460_1,
T109,1802399679_1,
T109,1802400236_1,
T109,1802402503_1,
T109,1802403060_1,
T109,1802405428_1,
T109,1802406147_1,
T109,1802410188_1,
T109,1802410928_1,
T109,1802414988_1,
T109,1802415728_1,
T109,1802419648_1,
T109,1802420367_1,
T109,1802425388_1,
T109,1802426326_1,
T109,1802427256_1,
T109,1802428193_1,
T109,1802429128_1,
T109,1802430916_1,
T109,1802432288_1,
T109,1802482892_1,
T109,1802487827_1,
T109,1802489570_1,
T109,1802493449_1,
T109,1802494129_1,
T109,1802494809_1,
T109,1802495489_1,
T109,1802496169_1,
T109,1802496849_1,
T109,1802497406_1,
T109,1802499669_1,
T109,1802500230_1,
T109,1802530249_1,
T110,1804897055_1,
T110,1804897160_1,
T110,1804898315_1,
T110,1804898420_1,
T110,1804899440_1,
T110,1805154735_1,
T110,1805158762_1,
T110,1805158842_1,
T110,1805158922_1,
T110,1805159002_1,
T110,1805159081_1,
T110,1805159161_1,
T110,1805159241_1,
T110,1805159321_1,
T110,1805159401_1,
T110,1805159480_1,
T110,1805159560_1,
T110,1805159640_1,
T110,1805159720_1,
T110,1805159799_1,
T110,1805159879_1,
T110,1805159959_1,
T110,1805160039_1,
T110,1805160119_1,
T110,1805160198_1,
T110,1805160278_1,
T110,1805160358_1,
T110,1805160438_1,
T110,1805160517_1,
T110,1805160597_1,
T110,1805160677_1,
T110,1805161102_1,
T110,1805161182_1,
T110,1805161262_1,
T110,1805161341_1,
T110,1805161421_1,
T110,1805161501_1,
T110,1805161581_1,
T110,1805161661_1,
T110,1805161740_1,
T110,1805161820_1,
T110,1805161900_1,
T110,1805161980_1,
T110,1805162059_1,
T110,1805162139_1,
T110,1805162219_1,
T110,1805162379_1,
T110,1805162458_1,
T110,1805162538_1,
T110,1805162618_1,
T110,1805162698_1,
T110,1805162777_1,
T110,1805162857_1,
T110,1805162937_1,
T110,1805163017_1,
T110,1805163242_1,
T110,1805163322_1,
T110,1805163402_1,
T110,1805163482_1,
T110,1805163561_1,
T110,1805163641_1,
T110,1805163721_1,
T110,1805163801_1,
T110,1805163881_1,
T110,1805163960_1,
T110,1805164040_1,
T110,1805164120_1,
T110,1805164200_1,
T110,1805164279_1,
T110,1805164359_1,
T110,1805164439_1,
T110,1805164519_1,
T110,1805164599_1,
T110,1805164678_1,
T110,1805164758_1,
T110,1805164838_1,
T110,1805164918_1,
T110,1805164997_1,
T110,1805165077_1,
T110,1805165157_1,
T110,1805165237_1,
T110,1805169291_1,
T110,1805169926_1,
T110,1805172791_1,
T110,1805173671_1,
T110,1805174971_1,
T110,1805177835_1,
T110,1805180411_1,
T110,1805181251_1,
T110,1805182106_1,
T110,1805182931_1,
T110,1805183771_1,
T110,1805184596_1,
T110,1805185444_1,
T110,1805186291_1,
T110,1805187964_1,
T110,1805189636_1,
T110,1805191311_1,
T110,1805194611_1,
T110,1805196551_1,
T110,1805198491_1,
T110,1805226709_1,
T110,1805226769_1,
T110,1805232971_1,
T110,1805240611_1,
T110,1805243311_1,
T110,1805244891_1,
T110,1805245610_1,
T110,1805248651_1,
T110,1805249551_1,
T110,1805250270_1,
T110,1805253271_1,
T110,1805254171_1,
T110,1805254890_1,
T110,1805257991_1,
T110,1805258053_1,
T110,1805258115_1,
T110,1805258178_1,
T110,1805258240_1,
T110,1805258302_1,
T110,1805258364_1,
T110,1805258426_1,
T110,1805258488_1,
T110,1805258550_1,
T110,1805258612_1,
T110,1805258674_1,
T110,1805258736_1,
T110,1805258798_1,
T110,1805258860_1,
T110,1805258922_1,
T110,1805258984_1,
T110,1805259046_1,
T110,1805259108_1,
T110,1805259170_1,
T110,1805259232_1,
T110,1805259295_1,
T110,1805259357_1,
T110,1805259419_1,
T110,1805259481_1,
T110,1805259543_1,
T110,1805259605_1,
T110,1805259667_1,
T110,1805259729_1,
T110,1805259791_1,
T110,1805259853_1,
T110,1805259915_1,
T110,1805259977_1,
T110,1805260039_1,
T110,1805260101_1,
T110,1805260163_1,
T110,1805260225_1,
T110,1805260287_1,
T110,1805260349_1,
T110,1805260412_1,
T110,1805260474_1,
T110,1805260536_1,
T110,1805260598_1,
T110,1805260660_1,
T110,1805260722_1,
T110,1805260784_1,
T110,1805260846_1,
T110,1805260908_1,
T110,1805260970_1,
T110,1805261032_1,
T110,1805261094_1,
T110,1805261156_1,
T110,1805261218_1,
T110,1805261280_1,
T110,1805261342_1,
T110,1805261404_1,
T110,1805261466_1,
T110,1805261529_1,
T110,1805261591_1,
T110,1805261653_1,
T110,1805261715_1,
T110,1805261777_1,
T110,1805261839_1,
T110,1805261901_1,
T110,1805270191_1,
T110,1805270253_1,
T110,1805270315_1,
T110,1805270378_1,
T110,1805270440_1,
T110,1805270502_1,
T110,1805270564_1,
T110,1805270626_1,
T110,1805270688_1,
T110,1805270750_1,
T110,1805270812_1,
T110,1805270874_1,
T110,1805270936_1,
T110,1805270998_1,
T110,1805271060_1,
T110,1805271122_1,
T110,1805271184_1,
T110,1805271246_1,
T110,1805271308_1,
T110,1805271370_1,
T110,1805271432_1,
T110,1805271495_1,
T110,1805271557_1,
T110,1805271619_1,
T110,1805271681_1,
T110,1805271743_1,
T110,1805271805_1,
T110,1805271867_1,
T110,1805271929_1,
T110,1805271991_1,
T110,1805272053_1,
T110,1805272115_1,
T110,1805272177_1,
T110,1805272239_1,
T110,1805272301_1,
T110,1805272363_1,
T110,1805272425_1,
T110,1805272487_1,
T110,1805272549_1,
T110,1805272612_1,
T110,1805272674_1,
T110,1805272736_1,
T110,1805272798_1,
T110,1805272860_1,
T110,1805272922_1,
T110,1805272984_1,
T110,1805273046_1,
T110,1805273108_1,
T110,1805273170_1,
T110,1805273232_1,
T110,1805273294_1,
T110,1805273356_1,
T110,1805273418_1,
T110,1805273480_1,
T110,1805273542_1,
T110,1805273604_1,
T110,1805273666_1,
T110,1805273729_1,
T110,1805273791_1,
T110,1805273853_1,
T110,1805273915_1,
T110,1805273977_1,
T110,1805278399_1,
T110,1805278461_1,
T110,1805278523_1,
T110,1805278586_1,
T110,1805278648_1,
T110,1805278710_1,
T110,1805278772_1,
T110,1805278834_1,
T110,1805278896_1,
T110,1805278958_1,
T110,1805279020_1,
T110,1805279082_1,
T110,1805279144_1,
T110,1805279206_1,
T110,1805279268_1,
T110,1805279330_1,
T110,1805279392_1,
T110,1805279454_1,
T110,1805279516_1,
T110,1805279578_1,
T110,1805279640_1,
T110,1805279703_1,
T110,1805279765_1,
T110,1805279827_1,
T110,1805279889_1,
T110,1805279951_1,
T110,1805280013_1,
T110,1805280075_1,
T110,1805280137_1,
T110,1805280199_1,
T110,1805280261_1,
T110,1805280323_1,
T110,1805280385_1,
T110,1805280447_1,
T110,1805280509_1,
T110,1805280571_1,
T110,1805280633_1,
T110,1805280695_1,
T110,1805280757_1,
T110,1805280820_1,
T110,1805280882_1,
T110,1805280944_1,
T110,1805281006_1,
T110,1805281068_1,
T110,1805281130_1,
T110,1805281192_1,
T110,1805281254_1,
T110,1805281316_1,
T110,1805281378_1,
T110,1805281440_1,
T110,1805281502_1,
T110,1805281564_1,
T110,1805281626_1,
T110,1805281688_1,
T110,1805281750_1,
T110,1805281812_1,
T110,1805281874_1,
T110,1805287871_1,
T111,1809377465_1,
T111,1809378799_1,
T111,1809378935_1,
T111,1809463954_1,
T111,1809464071_1,
T111,1809464989_1,
T111,1809465106_1,
T111,1809549657_1,
T111,1809550498_1,
T111,1809551195_1,
T111,1809551352_1,
T111,1809552133_1,
T111,1809686510_1,
T111,1809688955_1,
T111,1809689567_1,
T111,1809692013_1,
T111,1809692625_1,
T111,1809696023_1,
T111,1809696635_1,
T111,1809699614_1,
T111,1809701610_1,
T111,1809703295_1,
T111,1809704035_1,
T111,1809706166_1,
T111,1809707639_1,
T111,1809710558_1,
T111,1809712415_1,
T111,1809716003_1,
T111,1809717999_1,
T111,1809719215_1,
T111,1809719895_1,
T111,1809720608_1,
T111,1809721365_1,
T111,1809722805_1,
T111,1809723563_1,
T111,1809724283_1,
T111,1809725025_1,
T111,1809753218_1,
T111,1809753713_1,
T111,1809754193_1,
T111,1809754613_1,
T111,1809755093_1,
T111,1809755513_1,
T111,1809756015_1,
T111,1809756405_1,
T111,1809756878_1,
T111,1809757305_1,
T111,1809757778_1,
T111,1809758700_1,
T111,1809759600_1,
T111,1809760500_1,
T111,1809761406_1,
T111,1809761798_1,
T111,1809762300_1,
T111,1809766193_1,
T111,1809766455_1,
T111,1809767109_1,
T111,1809769713_1,
T111,1809770367_1,
T111,1809772971_1,
T111,1809773625_1,
T111,1809776229_1,
T111,1809776783_1,
T111,1809784188_1,
T111,1809784253_1,
T111,1809784318_1,
T111,1809784384_1,
T111,1809784449_1,
T111,1809784514_1,
T111,1809784579_1,
T111,1809784644_1,
T111,1809784709_1,
T111,1809784774_1,
T111,1809784839_1,
T111,1809784904_1,
T111,1809784969_1,
T111,1809785034_1,
T111,1809785099_1,
T111,1809785164_1,
T111,1809785229_1,
T111,1809785294_1,
T111,1809785359_1,
T111,1809785424_1,
T111,1809785489_1,
T111,1809785554_1,
T111,1809785619_1,
T111,1809785684_1,
T111,1809785749_1,
T111,1809785814_1,
T111,1809785879_1,
T111,1809792480_1,
T111,1809792545_1,
T111,1809792610_1,
T111,1809792675_1,
T111,1809792740_1,
T111,1809792805_1,
T111,1809792871_1,
T111,1809792936_1,
T111,1809793001_1,
T111,1809793066_1,
T111,1809793131_1,
T111,1809793196_1,
T111,1809793261_1,
T111,1809793326_1,
T111,1809793391_1,
T111,1809793456_1,
T111,1809793521_1,
T111,1809793586_1,
T111,1809793651_1,
T111,1809793716_1,
T111,1809793781_1,
T111,1809793846_1,
T111,1809793911_1,
T111,1809793976_1,
T111,1809795380_1,
T111,1809795445_1,
T111,1809795511_1,
T111,1809795576_1,
T111,1809795641_1,
T111,1809795706_1,
T111,1809795771_1,
T111,1809795836_1,
T111,1809795901_1,
T111,1809795966_1,
T111,1809796031_1,
T111,1809796096_1,
T111,1809796161_1,
T111,1809796226_1,
T111,1809796291_1,
T111,1809796356_1,
T111,1809796421_1,
T111,1809796486_1,
T111,1809796551_1,
T111,1809796616_1,
T111,1809796681_1,
T111,1809796746_1,
T111,1809796811_1,
T111,1809798120_1,
T111,1809798185_1,
T111,1809798251_1,
T111,1809798316_1,
T111,1809798381_1,
T111,1809798446_1,
T111,1809798511_1,
T111,1809798576_1,
T111,1809798641_1,
T111,1809798706_1,
T111,1809798771_1,
T111,1809798836_1,
T111,1809798901_1,
T111,1809798966_1,
T111,1809799031_1,
T111,1809799096_1,
T111,1809799161_1,
T111,1809799226_1,
T111,1809799291_1,
T111,1809799356_1,
T111,1809799421_1,
T111,1809799486_1,
T112,1814628218_1,
T112,1814629531_1,
T112,1814629660_1,
T112,1814630491_1,
T112,1814630903_1,
T112,1814631257_1,
T112,1814903445_1,
T112,1814906506_1,
T112,1814909834_1,
T112,1814912856_1,
T112,1814914489_1,
T112,1814915416_1,
T112,1814916430_1,
T112,1814920764_1,
T112,1814923096_1,
T112,1814923876_1,
T112,1814927784_1,
T112,1814928564_1,
T112,1814970829_1,
T112,1814972436_1,
T112,1814978056_1,
T112,1814979544_1,
T112,1814979919_1,
T112,1814981536_1,
T112,1814983024_1,
T112,1814984702_1,
T112,1814986135_1,
T112,1814986968_1,
T112,1814990109_1,
T112,1814990482_1,
T112,1814991036_1,
T112,1814991593_1,
T112,1814993815_1,
T112,1814994372_1,
T112,1815011514_1,
T112,1815235197_1,
T112,1815235326_1,
T112,1815236555_1,
T112,1815236684_1,
T113,1821760516_1,
T113,1821760621_1,
T113,1821761416_1,
T113,1821761521_1,
T113,1821954100_1,
T113,1821954229_1,
T113,1821955525_1,
T113,1821955654_1,
T113,1822041850_1,
T113,1822041966_1,
T113,1822052490_1,
T113,1822052671_1,
T113,1822058170_1,
T113,1822058343_1,
T113,1822063790_1,
T113,1822063974_1,
T113,1822071410_1,
T113,1822071594_1,
T113,1822079816_1,
T113,1822082621_1,
T113,1822082839_1,
T113,1822128886_1,
T113,1822129252_1,
T113,1822133108_1,
T113,1822133506_1,
T113,1822135283_1,
T113,1822136008_1,
T113,1822136746_1,
T113,1822137369_1,
T113,1822138044_1,
T113,1822139161_1,
T113,1822140121_1,
T113,1822140541_1,
T113,1822141051_1,
T113,1822141981_1,
T113,1822142408_1,
T113,1822143841_1,
T113,1822145701_1,
T113,1822146631_1,
T113,1822147561_1,
T113,1822177261_1,
T113,1822179143_1,
T113,1822195343_1,
T113,1822195863_1,
T113,1822198563_1,
T113,1822200583_1,
T113,1822203643_1,
T113,1822204179_1,
T113,1822206311_1,
T113,1822209743_1,
T113,1822210208_1,
T113,1822213983_1,
T113,1822214431_1,
T113,1822223999_1,
T113,1822224070_1,
T113,1822224141_1,
T113,1822224212_1,
T113,1822224282_1,
T113,1822224353_1,
T113,1822224424_1,
T113,1822224495_1,
T113,1822224566_1,
T113,1822224637_1,
T113,1822224708_1,
T113,1822224779_1,
T113,1822224850_1,
T113,1822224921_1,
T113,1822224992_1,
T113,1822225063_1,
T113,1822225134_1,
T113,1822225205_1,
T113,1822225275_1,
T113,1822225346_1,
T113,1822225417_1,
T114,1826006415_1,
T114,1826028553_1,
T114,1826028633_1,
T114,1826028714_1,
T114,1826028794_1,
T114,1826028875_1,
T114,1826028955_1,
T114,1826029036_1,
T114,1826029116_1,
T114,1826029197_1,
T114,1826029277_1,
T114,1826029358_1,
T114,1826029438_1,
T114,1826029519_1,
T114,1826029599_1,
T114,1826029680_1,
T114,1826029760_1,
T114,1826029841_1,
T114,1826029921_1,
T114,1826030002_1,
T114,1826030082_1,
T114,1826030163_1,
T114,1826030243_1,
T114,1826030324_1,
T114,1826030405_1,
T114,1826030485_1,
T114,1826030566_1,
T114,1826030646_1,
T114,1826030727_1,
T114,1826030807_1,
T114,1826030888_1,
T114,1826030968_1,
T114,1826031049_1,
T114,1826031129_1,
T114,1826031210_1,
T114,1826031290_1,
T114,1826031371_1,
T114,1826031451_1,
T114,1826031532_1,
T114,1826031612_1,
T114,1826031693_1,
T114,1826031773_1,
T114,1826037515_1,
T114,1826038287_1,
T114,1826039006_1,
T114,1826041869_1,
T114,1826042588_1,
T114,1826045451_1,
T114,1826046170_1,
T114,1826049033_1,
T114,1826049752_1,
T114,1826052615_1,
T114,1826053334_1,
T114,1826057212_1,
T114,1826057610_1,
T114,1826058510_1,
T114,1826059012_1,
T114,1826059405_1,
T114,1826060310_1,
T114,1826060805_1,
T114,1826063017_1,
T114,1826064802_1,
T114,1826065717_1,
T114,1826066610_1,
T114,1826068419_1,
T114,1826069305_1,
T114,1826070735_1,
T114,1826072370_1,
T114,1826073975_1,
T114,1826075655_1,
T114,1826078910_1,
T114,1826112927_1,
T114,1826113259_1,
T114,1826117927_1,
T114,1826118095_1,
T114,1826118427_1,
T114,1826119087_1,
T114,1826121052_1,
T114,1826121771_1,
T114,1826124636_1,
T114,1826125459_1,
T114,1826436443_1,
T114,1826436600_1,
T114,1826437711_1,
T114,1826437868_1,
T115,1831559282_1,
T115,1831559699_1,
T115,1831560524_1,
T115,1831562170_1,
T115,1831562668_1,
T115,1831563667_1,
T115,1831565641_1,
T115,1831566186_1,
T115,1831567273_1,
T115,1831569444_1,
T115,1831569989_1,
T115,1831571076_1,
T115,1831574712_1,
T115,1831575787_1,
T115,1831576863_1,
T115,1831577943_1,
T115,1831579290_1,
T115,1831635230_1,
T115,1831636567_1,
T115,1831638387_1,
T115,1831639610_1,
T115,1831642295_1,
T115,1831644895_1,
T115,1831645595_1,
T115,1831867611_1,
T115,1831867740_1,
T115,1831869141_1,
T115,1831869270_1,
T116,1832532902_1,
T116,1832533018_1,
T116,1832534522_1,
T116,1832534638_1,
T116,1832643933_1,
T116,1832644062_1,
T116,1832729591_1,
T116,1832729720_1,
T116,1832731113_1,
T116,1832731242_1,
T116,1832816599_1,
T116,1832936554_1,
T116,1832936791_1,
T116,1832938598_1,
T116,1832943559_1,
T116,1832943992_1,
T116,1832948739_1,
T116,1832949172_1,
T116,1832956625_1,
T116,1832957062_1,
T116,1832961685_1,
T116,1832962520_1,
T116,1833008133_1,
T116,1833009070_1,
T116,1833010000_1,
T116,1833016188_1,
T116,1833020685_1,
T116,1833020947_1,
T117,1833850189_1,
T117,1833850272_1,
T117,1833851966_1,
T117,1833852049_1,
T117,1833913121_1,
T117,1833913226_1,
T117,1833914861_1,
T117,1833914966_1,
T117,1833999732_1,
T117,1833999845_1,
T117,1834001255_1,
T117,1834001360_1,
T117,1834154301_1,
T117,1834154430_1,
T117,1834155576_1,
T117,1834155705_1,
T117,1834316826_1,
T117,1834317383_1,
T117,1834325846_1,
T117,1834326500_1,
T117,1834331830_1,
T117,1834332245_1,
T117,1834334550_1,
T117,1834337210_1,
T117,1834337604_1,
T117,1834339890_1,
T117,1834343970_1,
T117,1834344640_1,
T117,1834345556_1,
T117,1834346396_1,
T117,1834348189_1,
T117,1834380730_1,
T117,1834381699_1,
T117,1834382664_1,
T117,1834383618_1,
T117,1834384585_1,
T117,1834385539_1,
T117,1834397350_1,
T117,1834399039_1,
T117,1834401296_1,
T117,1834412704_1,
T117,1834455110_1,
T117,1834456590_1,
T117,1834456871_1,
T117,1834466110_1,
T117,1834466391_1,
T117,1834469470_1,
T117,1834469623_1,
T117,1834480838_1,
T118,1837446994_1,
T118,1837447099_1,
T118,1837448577_1,
T118,1837448682_1,
T118,1838408756_1,
T118,1838432258_1,
T118,1838432329_1,
T118,1838432400_1,
T118,1838432471_1,
T118,1838432542_1,
T118,1838432613_1,
T118,1838432684_1,
T118,1838432755_1,
T118,1838432826_1,
T118,1838432897_1,
T118,1838432968_1,
T118,1838433039_1,
T118,1838433110_1,
T118,1838433180_1,
T118,1838433251_1,
T118,1838433322_1,
T118,1838433393_1,
T118,1838433464_1,
T118,1838433535_1,
T118,1838433606_1,
T118,1838433677_1,
T118,1838433748_1,
T118,1838433819_1,
T118,1838433890_1,
T118,1838433961_1,
T118,1838434032_1,
T118,1838434102_1,
T118,1838434173_1,
T118,1838434244_1,
T118,1838434315_1,
T118,1838434386_1,
T118,1838434457_1,
T118,1838434528_1,
T118,1838434599_1,
T118,1838434670_1,
T118,1838434741_1,
T118,1838434812_1,
T118,1838434883_1,
T118,1838434954_1,
T118,1838435025_1,
T118,1838435095_1,
T118,1838435166_1,
T118,1838435237_1,
T118,1838435308_1,
T118,1838435379_1,
T118,1838435450_1,
T118,1838435521_1,
T118,1838435592_1,
T118,1838435663_1,
T118,1838435734_1,
T118,1838435805_1,
T118,1838435876_1,
T118,1838442636_1,
T118,1838445617_1,
T118,1838448598_1,
T118,1838449037_1,
T118,1838451898_1,
T118,1838452337_1,
T118,1838455178_1,
T118,1838455660_1,
T118,1838459038_1,
T118,1838459520_1,
T118,1838465386_1,
T118,1838466218_1,
T118,1838467891_1,
T118,1838468731_1,
T118,1838469563_1,
T118,1838471235_1,
T118,1838472915_1,
T118,1838473741_1,
T118,1838474586_1,
T118,1838475418_1,
T118,1838476252_1,
T118,1838521072_1,
T118,1838524401_1,
T118,1838525454_1,
T118,1838526518_1,
T118,1838527237_1,
T118,1838530418_1,
T118,1838530943_1,
T118,1838533598_1,
T118,1838534317_1,
T118,1838537758_1,
T118,1838538353_1,
T118,1838540942_1,
T118,1838541499_1,
T118,1838545779_1,
T118,1838546336_1,
T118,1838549879_1,
T118,1838550320_1,
T118,1838553219_1,
T118,1838553411_6,
T118,1838761701_1,
T118,1838761830_1,
T118,1838763111_1,
T118,1838763240_1,
T118,1839515756_1,
T119,1841174144_1,
T119,1841197624_1,
T119,1841198473_1,
T119,1841199058_1,
T119,1841199605_1,
T119,1841200144_1,
T119,1841201418_1,
T119,1841202118_1,
T119,1841202650_1,
T119,1841203333_1,
T119,1841204045_1,
T119,1841204765_1,
T119,1841205650_1,
T119,1841206189_1,
T119,1841208339_1,
T119,1841208960_1,
T119,1841211434_1,
T119,1841211971_1,
T119,1841212964_1,
T119,1841216916_1,
T119,1841218781_1,
T119,1841220622_1,
T119,1841222464_1,
T119,1841224301_1,
T119,1841226138_1,
T119,1841227970_1,
T119,1841228908_1,
T119,1841266890_1,
T119,1841269234_1,
T119,1841274509_1,
T119,1841275013_1,
T119,1841276017_1,
T119,1841279980_1,
T119,1841281273_1,
T119,1841281547_1,
T119,1841282090_1,
T119,1841283690_1,
T119,1841283964_1,
T119,1841284507_1,
T119,1841286170_1,
T119,1841286444_1,
T119,1841286987_1,
T119,1841288670_1,
T119,1841290630_1,
T119,1841290892_1,
T119,1841292710_1,
T119,1841292972_1,
T119,1841346547_1,
T119,1841346809_1,
T119,1841351414_1,
T119,1841351567_1,
T119,1841355994_1,
T119,1841356068_1,
T119,1841367934_1,
T119,1841368069_1,
T119,1841376779_1,
T119,1841376895_1,
T119,1841387557_1,
T120,1843966311_1,
T120,1843967679_1,
T120,1843968333_1,
T120,1843972068_1,
T120,1843982864_1,
T120,1844022476_1,
T120,1844024868_1,
T120,1844025813_1,
T120,1844026758_1,
T120,1844028630_1,
T120,1844029562_1,
T120,1844030097_1,
T120,1844031020_1,
T120,1844031957_1,
T120,1844035988_1,
T120,1844036384_1,
T120,1844037474_1,
T120,1844041608_1,
T120,1844041940_1,
T120,1844050338_1,
T120,1844063921_1,
T120,1844103316_1,
T120,1844103586_1,
T120,1844108031_1,
T120,1844112234_1,
T120,1844112387_1,
T120,1844113291_1,
T120,1844113426_1,
T120,1844120476_1,
T120,1844252072_1,
T120,1844252177_1,
T120,1844253587_1,
T120,1844253692_1,
T121,1848104160_1,
T121,1848104554_1,
T121,1848108209_1,
T121,1848109090_1,
T121,1848111660_1,
T121,1848112054_1,
T121,1848115440_1,
T121,1848115650_1,
T121,1848159952_1,
T121,1848161180_1,
T121,1848161619_1,
T121,1848162494_1,
T121,1848170145_1,
T121,1848174920_1,
T121,1848175205_1,
T121,1848180180_1,
T121,1848197040_1,
T122,1848929477_1,
T122,1848929560_1,
T122,1848931067_1,
T122,1848931150_1,
T122,1849015008_1,
T122,1849015096_1,
T122,1849016553_1,
T122,1849016641_1,
T122,1849101641_1,
T122,1849101746_1,
T122,1849102976_1,
T122,1849557494_1,
T122,1849557622_1,
T122,1849558627_1,
T122,1849558906_1,
T122,1849559684_1,
T122,1849560434_1,
T122,1849561304_1,
T122,1849561448_1,
T122,1849562227_1,
T122,1849562496_1,
T122,1849563824_1,
T122,1849564020_1,
T122,1849564939_1,
T122,1849565199_1,
T122,1849565711_1,
T122,1849569839_1,
T122,1849570048_1,
T122,1849574659_1,
T122,1849574867_1,
T123,1853150069_1,
T123,1853150152_1,
T123,1853151689_1,
T123,1853151772_1,
T123,1853323545_1,
T123,1853323674_1,
T123,1853579723_1,
T123,1853594691_1,
T123,1853595174_1,
T123,1853602731_1,
T123,1853604070_1,
T123,1853605334_1,
T123,1853607337_1,
T123,1853608357_1,
T123,1853609076_1,
T123,1853614331_1,
T123,1853615131_1,
T123,1853617491_1,
T123,1853618271_1,
T123,1853619071_1,
T123,1853621431_1,
T123,1853625371_1,
T123,1853626151_1,
T123,1853663811_1,
T123,1853665391_1,
T123,1853666971_1,
T123,1853668551_1,
T123,1853670131_1,
T123,1853671711_1,
T123,1853674071_1,
T123,1853677492_1,
T123,1853678211_1,
T123,1853688352_1,
T123,1853688853_1,
T123,1853690845_1,
T123,1853703972_1,
T124,1857722503_1,
T124,1857722561_1,
T124,1857722620_1,
T124,1857722678_1,
T124,1857722736_1,
T124,1857722794_1,
T124,1857722852_1,
T124,1857722910_1,
T124,1857722968_1,
T124,1857723026_1,
T124,1857723084_1,
T124,1857723142_1,
T124,1857723200_1,
T124,1857723258_1,
T124,1857723316_1,
T124,1857723553_1,
T124,1857723611_1,
T124,1857723670_1,
T124,1857723728_1,
T124,1857723786_1,
T124,1857723844_1,
T124,1857723902_1,
T124,1857723960_1,
T124,1857724018_1,
T124,1857724076_1,
T124,1857724134_1,
T124,1857724192_1,
T124,1857724250_1,
T124,1857724366_1,
T124,1857726250_1,
T124,1857726355_1,
T124,1857727030_1,
T124,1857727135_1,
T124,1857727803_1,
T124,1857727908_1,
T124,1857728560_1,
T124,1857728676_1,
T124,1857730143_1,
T124,1857730248_1,
T124,1857732490_1,
T124,1857732606_1,
T124,1857735443_1,
T124,1857738334_1,
T124,1857739664_1,
T124,1857740547_1,
T124,1857741137_1,
T124,1857744614_1,
T124,1857746395_1,
T124,1857747122_1,
T124,1857750534_1,
T124,1857751210_1,
T124,1857752493_1,
T124,1857753212_1,
T124,1857756899_1,
T124,1857757351_1,
T124,1857757737_1,
T124,1857758650_1,
T124,1857759895_1,
T124,1857761103_1,
T124,1857762393_1,
T124,1857807610_1,
T124,1857810582_1,
T124,1857810968_1,
T124,1857811392_1,
T124,1857813435_1,
T124,1857813828_1,
T124,1857815715_1,
T124,1857816108_1,
T124,1857818058_1,
T124,1857818383_1,
T124,1857819850_1,
T124,1857820158_1,
T124,1857821658_1,
T124,1857822484_1,
T124,1857823398_1,
T124,1857825139_1,
T124,1857825978_1,
T124,1857893273_8,
T125,1859095534_1,
T125,1859095950_1,
T125,1859098384_1,
T125,1859100049_1,
T125,1859102599_1,
T125,1859105079_1,
T125,1859105528_1,
T125,1859110079_1,
T125,1859110636_1,
T125,1859116739_1,
T125,1859117458_1,
T125,1859120521_1,
T125,1859123279_1,
T125,1859123959_1,
T125,1859125240_1,
T125,1859128959_1,
T125,1859132686_1,
T125,1859134990_1,
T125,1859141380_1,
T125,1859142812_1,
T125,1859143562_1,
T125,1859171580_1,
T125,1859180770_1,
T125,1859182421_1,
T125,1859182836_1,
T125,1859185980_1,
T125,1859186411_1,
T125,1859189080_1,
T125,1859189197_1,
T125,1859189455_1,
T125,1859190660_1,
T125,1859191745_1,
T125,1859192169_1,
T125,1859193119_1,
T125,1859195320_1,
T125,1859195735_1,
T125,1859197412_1,
T125,1859197557_1,
T126,1871476436_1,
T126,1871485609_1,
T126,1871486263_1,
T126,1871487043_1,
T126,1871487830_1,
T126,1871488625_1,
T126,1871489390_1,
T126,1871490935_1,
T126,1871491723_1,
T126,1871492503_1,
T126,1871493455_1,
T126,1871493994_1,
T126,1871496144_1,
T126,1871498578_1,
T126,1871499172_1,
T126,1871501544_1,
T126,1871504429_1,
T126,1871504545_1,
T126,1871505043_1,
T126,1871505202_1,
T126,1871505823_1,
T126,1871506610_1,
T126,1871506885_1,
T126,1871507375_1,
T126,1871507603_1,
T126,1871508185_1,
T126,1871512529_1,
T126,1871558831_1,
T126,1871559391_1,
T126,1871561193_1,
T126,1871562035_1,
T126,1871564899_1,
T126,1871565397_1,
T126,1871566925_1,
T126,1871567366_1,
T126,1871568206_1,
T126,1871569055_1,
T126,1871569774_1,
T126,1871574355_1,
T126,1871575074_1,
T126,1871580095_1,
T126,1871580730_1,
T126,1871583455_1,
T126,1871617675_1,
